[0. 0. 0. 0. 0. 0. 0. 0. 0. 0. 0. 0. 0. 0. 0. 0.]
[0. 0. 0. 0. 0. 0. 0. 0. 0. 0. 0. 0. 0. 0. 0. 0.]
[0. 0. 0. 0. 0. 0. 0. 0. 0. 0. 0. 0. 0. 0. 0. 0.]
[0. 0. 0. 0. 0. 0. 0. 0. 0. 0. 0. 0. 0. 0. 0. 0.]
[0. 0. 0. 0. 0. 0. 0. 0. 0. 0. 0. 0. 0. 0. 0. 0.]
[0. 0. 0. 0. 0. 0. 0. 0. 0. 0. 0. 0. 0. 0. 0. 0.]
[0. 0. 0. 0. 0. 0. 0. 0. 0. 0. 0. 0. 0. 0. 0. 0.]
[0. 0. 0. 0. 0. 0. 0. 0. 0. 0. 0. 0. 0. 0. 0. 0.]
[0. 0. 0. 0. 0. 0. 0. 0. 0. 0. 0. 0. 0. 0. 0. 0.]
[0. 0. 0. 0. 0. 0. 0. 0. 0. 0. 0. 0. 0. 0. 0. 0.]
[ 0.01956325  0.18698056  0.6612647   0.3675267   2.2156396   0.11262429
 -0.51814604 -0.25085106 -0.490616   -1.7256361   0.686643   -0.5959006
  0.3963174   0.24929926 -1.7157495   0.35320553]
[ 0.02549129  0.16787508  0.695971    0.37889594  2.2198396   0.11066587
 -0.50242484 -0.26194316 -0.5254312  -1.7342594   0.6621966  -0.61319476
  0.42519706  0.24281497 -1.6854651   0.34580624]
[ 0.02945906  0.17582181  0.6691829   0.3456427   2.2253938   0.08454055
 -0.4994926  -0.2641874  -0.5230297  -1.716959    0.68725634 -0.6202362
  0.39930177  0.2624718  -1.6968839   0.39528164]
[-0.03302485  0.182543    0.7261129   0.3325345   2.1912122   0.18609557
 -0.54488534 -0.2363294  -0.5097776  -1.7349603   0.59424794 -0.56018704
  0.47632188  0.19969274 -1.608894    0.2910134 ]
[ 0.01326979  0.16955206  0.6478524   0.36923328  2.2254717   0.10501952
 -0.5193361  -0.25152096 -0.5343173  -1.7068886   0.65382135 -0.5951276
  0.45323333  0.25888652 -1.6871744   0.3509079 ]
[-0.00746082  0.16849568  0.7239138   0.32757467  2.2121582   0.15509234
 -0.5407953  -0.22462925 -0.51757085 -1.7320116   0.60853076 -0.56980526
  0.47723716  0.21254513 -1.6264048   0.28411168]
[ 0.01857309  0.18164581  0.6488079   0.3452909   2.2343285   0.07529704
 -0.501606   -0.25002414 -0.5299901  -1.7039515   0.70389277 -0.60395956
  0.39948353  0.28643104 -1.7076797   0.3556527 ]
[-0.03824246  0.15842783  0.74022806  0.3159772   2.2081993   0.18335035
 -0.56360483 -0.18955313 -0.46597987 -1.7109785   0.5879862  -0.53842366
  0.46228606  0.19913636 -1.651577    0.25208038]
[ 0.02408214  0.12681785  0.6724256   0.38594863  2.249242    0.10705719
 -0.5123112  -0.25771484 -0.54950106 -1.6798565   0.6357592  -0.6140747
  0.464819    0.25264797 -1.6937306   0.3401676 ]
[ 0.05795174  0.11270187  0.6781458   0.38469496  2.2344017   0.07255463
 -0.45792645 -0.25841683 -0.56468004 -1.6624157   0.6110071  -0.60946727
  0.45180735  0.2700586  -1.7027626   0.33421835]
[ 0.01449277  0.13805799  0.70289576  0.34155306  2.1895607   0.13521253
 -0.4964396  -0.2228292  -0.51844627 -1.6941869   0.60057765 -0.5718811
  0.46097445  0.23195493 -1.6622448   0.3016011 ]
[ 0.01043319  0.12222473  0.77315134  0.3199427   2.1504278   0.20182133
 -0.49902415 -0.21507058 -0.52648956 -1.6778256   0.51606566 -0.5449983
  0.5018352   0.20926669 -1.6180484   0.2252626 ]
[ 0.04281851  0.10856961  0.7003155   0.3320588   2.2022552   0.12142853
 -0.5014832  -0.22768903 -0.53846204 -1.6611525   0.58757627 -0.58738095
  0.48404622  0.24534497 -1.6573814   0.29993016]
[-8.1022980e-04  1.2335992e-01  7.6305878e-01  3.1185418e-01
  2.1637836e+00  2.0557597e-01 -5.3479081e-01 -1.8600938e-01
 -4.9859303e-01 -1.6868393e+00  5.2464205e-01 -5.3704894e-01
  5.1070696e-01  1.8099296e-01 -1.6192982e+00  2.2826171e-01]
[ 0.03059648  0.14227118  0.6827868   0.3520103   2.2034154   0.10606901
 -0.48581666 -0.2172415  -0.518529   -1.6732252   0.61130667 -0.5713995
  0.44710368  0.23733309 -1.7060512   0.310249  ]
[ 0.01919096  0.14539438  0.7189096   0.33966103  2.1789212   0.15625748
 -0.49379724 -0.20155597 -0.5065328  -1.6709934   0.57005477 -0.5355866
  0.45309597  0.21111031 -1.6882277   0.2533688 ]
[ 0.0410173   0.1287426   0.6529458   0.3654937   2.2449327   0.09103636
 -0.48499632 -0.2604254  -0.5555588  -1.6675072   0.6409887  -0.6056304
  0.4470541   0.26265854 -1.6893486   0.34073156]
[ 0.07105213  0.10979258  0.7063993   0.35409796  2.206717    0.09235223
 -0.4700305  -0.24449544 -0.55841166 -1.6774222   0.58471245 -0.60037035
  0.45858645  0.25117236 -1.6728604   0.3409894 ]
[ 0.03961164  0.1423022   0.70466393  0.3424619   2.1573462   0.13649616
 -0.4950326  -0.21479893 -0.51215184 -1.6955684   0.58941627 -0.5740706
  0.4401397   0.22799666 -1.6696427   0.33279464]
[ 0.01686872  0.11455508  0.7730695   0.32711306  2.1346421   0.19903013
 -0.5009759  -0.19280097 -0.5139783  -1.6829965   0.49442586 -0.5375436
  0.50533605  0.19241536 -1.6158898   0.23623979]
[ 0.04139133  0.11699674  0.68172294  0.35423928  2.2072911   0.10627528
 -0.49832693 -0.22654895 -0.53195864 -1.6704028   0.6043827  -0.5852071
  0.45113286  0.25982657 -1.6862316   0.3269476 ]
[ 0.0365976   0.111462    0.74291813  0.3163146   2.1604388   0.19628415
 -0.5352411  -0.18180825 -0.49768394 -1.6681535   0.50380075 -0.51261437
  0.50279784  0.18219563 -1.6484407   0.24050605]
[ 0.07760336  0.12184069  0.6360307   0.3610913   2.2399502   0.07841852
 -0.50781745 -0.21528046 -0.51610756 -1.6482178   0.6165871  -0.578483
  0.42132163  0.23769145 -1.7421672   0.37045813]
[ 0.0121301   0.13658844  0.6844616   0.34063512  2.225933    0.10908592
 -0.5200626  -0.19721206 -0.5145798  -1.6786644   0.5854509  -0.5456437
  0.47662312  0.22395857 -1.6930358   0.30550635]
[ 0.02187195  0.09501944  0.65049475  0.36985892  2.2861319   0.04123624
 -0.49796692 -0.25234416 -0.56570923 -1.6695627   0.65025413 -0.6174885
  0.4932043   0.2866605  -1.6955105   0.3557361 ]
[ 0.02159492  0.0643964   0.71716267  0.37454122  2.2471218   0.12269956
 -0.5083521  -0.23632605 -0.58508235 -1.6626508   0.5610491  -0.594899
  0.53525364  0.2590429  -1.6375382   0.27174097]
[ 0.04176938  0.05309193  0.74553525  0.36671638  2.1818905   0.17385575
 -0.51779246 -0.21390851 -0.57710665 -1.6292938   0.5109995  -0.5734269
  0.52803195  0.22627036 -1.6272144   0.25979576]
[ 0.05154149  0.05104955  0.7802235   0.28888997  2.136147    0.20024323
 -0.51192653 -0.1651505  -0.54440147 -1.6142912   0.42571753 -0.5336135
  0.5427952   0.17080553 -1.5868458   0.2591529 ]
[ 0.08571053  0.05224212  0.69741774  0.3624397   2.1658437   0.10156234
 -0.45514816 -0.19310811 -0.56771934 -1.5892458   0.48340017 -0.5523072
  0.47439152  0.23573978 -1.6904618   0.3416859 ]
[ 0.05813251  0.02477849  0.7427813   0.36205274  2.145042    0.1641759
 -0.46557465 -0.18600638 -0.5544263  -1.5676143   0.4096419  -0.5233809
  0.5384834   0.21556845 -1.6544361   0.24041691]
[ 0.08902291  0.02773724  0.7014825   0.38151032  2.2321389   0.08456238
 -0.45448238 -0.2510882  -0.6045083  -1.6000321   0.5363471  -0.60875815
  0.5313004   0.27997354 -1.6882937   0.2931184 ]
[ 0.04848872  0.08599253  0.7314183   0.34007066  2.1763237   0.14496538
 -0.49801975 -0.207473   -0.54888564 -1.66452     0.5272127  -0.55323446
  0.5334781   0.23008351 -1.6586596   0.26217765]
[-0.02570052  0.14058971  0.7315006   0.30545947  2.1696973   0.18564509
 -0.57277    -0.14176469 -0.45916763 -1.6918043   0.5221345  -0.50314426
  0.47747454  0.1792622  -1.645777    0.27922815]
[-0.00498007  0.10141855  0.66477245  0.37786603  2.2347445   0.09401616
 -0.51250803 -0.17583647 -0.50699055 -1.6521761   0.56403315 -0.5489263
  0.48121348  0.21223041 -1.7019968   0.32475394]
[ 0.04302934  0.09084411  0.61635196  0.42840615  2.269159    0.00811592
 -0.4365019  -0.25398844 -0.56953365 -1.6376431   0.63688993 -0.63025653
  0.45733905  0.30596787 -1.7570875   0.38180625]
[ 0.03776019  0.08373371  0.66649985  0.39364654  2.220037    0.06053808
 -0.44082594 -0.24709186 -0.5581878  -1.6249717   0.59953403 -0.6085664
  0.48359662  0.3043734  -1.7157034   0.29581484]
[ 0.0093501   0.10135037  0.7299474   0.3535288   2.1573448   0.14980146
 -0.48402947 -0.21022554 -0.5165459  -1.664798    0.5472608  -0.56438273
  0.51234335  0.2536227  -1.652574    0.22644743]
[ 0.00386608  0.14469194  0.7602087   0.3326408   2.1201828   0.18162522
 -0.47138238 -0.19599253 -0.47328147 -1.7071855   0.531522   -0.5416296
  0.47406015  0.24612339 -1.6660353   0.20897666]
[-0.0279066   0.20823915  0.8045583   0.30231935  2.0637414   0.2623867
 -0.4769861  -0.18368194 -0.40971407 -1.7433093   0.53157485 -0.48520866
  0.4230528   0.21960516 -1.6869495   0.14431159]
[-0.06520102  0.19388583  0.7577261   0.31243503  2.1167772   0.24548969
 -0.5244555  -0.19172399 -0.4110422  -1.7538898   0.5939027  -0.5030036
  0.4658484   0.21485896 -1.674453    0.16880392]
[-0.05380794  0.17391825  0.7236668   0.34181908  2.1677575   0.20505503
 -0.5192672  -0.2101305  -0.45321316 -1.7651981   0.58860844 -0.5277575
  0.5175604   0.21681967 -1.6670706   0.20919347]
[-0.04018577  0.15245433  0.70013607  0.34480202  2.1805382   0.17803493
 -0.5138859  -0.20341845 -0.48439732 -1.715881    0.5900292  -0.54047966
  0.4928587   0.246876   -1.6745831   0.23588343]
[-0.07089968  0.12650982  0.7658772   0.32292452  2.1610599   0.23342112
 -0.5406269  -0.16203877 -0.47111326 -1.720787    0.49916092 -0.50062203
  0.5377804   0.19504918 -1.6060352   0.17803498]
[-0.02057359  0.13146769  0.6805361   0.37879467  2.1792657   0.14062925
 -0.47365752 -0.19825658 -0.5031398  -1.6910301   0.565203   -0.5380753
  0.4846569   0.28273004 -1.7133324   0.24399419]
[-0.07708508  0.09427457  0.77353334  0.32541734  2.118054    0.23718698
 -0.5221616  -0.13181278 -0.46507692 -1.6757044   0.4612879  -0.47192392
  0.5595789   0.22965057 -1.645305    0.13543594]
[-0.04758819  0.07726     0.73660976  0.362418    2.1546168   0.1976006
 -0.510496   -0.1614809  -0.4903443  -1.6869415   0.4616224  -0.5129577
  0.58141625  0.2434772  -1.6363167   0.1789191 ]
[ 0.00484354  0.08734632  0.76073635  0.37701032  2.0906496   0.20596497
 -0.44333202 -0.1438442  -0.46940857 -1.6578686   0.40235215 -0.48350176
  0.51963156  0.2507872  -1.7039464   0.14972416]
[-0.00711976  0.10464118  0.8031982   0.3043816   2.0070624   0.2598967
 -0.47570172 -0.08539084 -0.3948235  -1.6295536   0.38112095 -0.42282462
  0.47680324  0.21037205 -1.7033207   0.11642367]
[-0.03808513  0.08025883  0.8087574   0.27654734  2.0589483   0.27281123
 -0.51218545 -0.0804399  -0.3888909  -1.6402584   0.37885422 -0.42814246
  0.5466511   0.18895608 -1.6673639   0.08771622]
[ 0.0160255   0.0656867   0.7352561   0.3854969   2.1037216   0.17632055
 -0.43390274 -0.15656936 -0.45096427 -1.5950558   0.43819857 -0.47868052
  0.49378052  0.2764038  -1.7882736   0.1580825 ]
[-0.02866882  0.07201272  0.82064265  0.30052805  2.0838275   0.2861014
 -0.49805218 -0.12590754 -0.4501381  -1.6513609   0.37835306 -0.453798
  0.5776694   0.21383074 -1.6320416   0.05049494]
[ 0.01349085  0.1242286   0.7482898   0.3729076   2.1132476   0.18073545
 -0.4549695  -0.15861873 -0.44124708 -1.7174486   0.5138718  -0.4916737
  0.4911793   0.25155658 -1.770397    0.17035846]
[-0.04813863  0.16567838  0.7916014   0.28337067  2.0589333   0.2669633
 -0.5283026  -0.10039213 -0.37069827 -1.7193098   0.4523131  -0.4298591
  0.464707    0.1800245  -1.6800903   0.16012014]
[-0.0355302   0.10159653  0.7741126   0.30742854  2.1276717   0.22019081
 -0.5525343  -0.10233678 -0.4059453  -1.6722012   0.4350964  -0.46449432
  0.49018097  0.17028062 -1.6446213   0.19967435]
[ 0.05950006 -0.00875657  0.7048257   0.40105087  2.1661735   0.09606352
 -0.43111238 -0.1667567  -0.50645286 -1.5864187   0.45341125 -0.54450387
  0.5274142   0.26982322 -1.7282181   0.24224572]
[ 0.03291419  0.05469949  0.74433744  0.35125175  2.118032    0.15120658
 -0.4470726  -0.16121708 -0.5024008  -1.6311224   0.4445618  -0.5178671
  0.5468366   0.26778615 -1.6925377   0.18796697]
[-0.04339654  0.11135056  0.7783941   0.319056    2.030577    0.26351294
 -0.4929975  -0.10530742 -0.40666062 -1.636618    0.4023192  -0.43044806
  0.52036226  0.22449426 -1.6926086   0.10288738]
[-0.05718808  0.13409568  0.8027822   0.31553894  2.094836    0.26938516
 -0.5250994  -0.10214214 -0.37994835 -1.7157679   0.4318246  -0.43493453
  0.5364054   0.19188067 -1.6907465   0.07297023]
[-0.01253927  0.14852957  0.6970211   0.42424116  2.156931    0.14419663
 -0.4512585  -0.1748559  -0.42488226 -1.7264202   0.5767155  -0.5040001
  0.4379603   0.27358276 -1.8186672   0.19975266]
[-0.06218375  0.15233356  0.76842225  0.3059902   2.0929344   0.24698868
 -0.52240556 -0.12118602 -0.3766169  -1.7121998   0.5046944  -0.44235665
  0.48442927  0.20617898 -1.7139854   0.13369326]
[-0.05007448  0.09439437  0.7280167   0.34233582  2.153233    0.17697321
 -0.5325359  -0.13473368 -0.41865382 -1.6949656   0.52870363 -0.5021717
  0.5553719   0.21788725 -1.7043705   0.18650159]
[-0.05404379  0.03314031  0.7285544   0.39443088  2.1632366   0.15002632
 -0.47269583 -0.14657477 -0.47509107 -1.653573    0.45802337 -0.5195131
  0.59688854  0.27033666 -1.6756184   0.14833546]
[-0.03713201  0.11574671  0.7815525   0.36464489  2.0900104   0.20508143
 -0.43824467 -0.14186676 -0.45739594 -1.6969302   0.45525193 -0.49062213
  0.53922397  0.27777088 -1.6973183   0.0741789 ]
[-0.10291082  0.18961065  0.8231012   0.2857341   1.9810743   0.30357507
 -0.4873054  -0.08477819 -0.34509343 -1.7480291   0.46497902 -0.42398018
  0.50273716  0.24113195 -1.6685814   0.01038346]
[-0.12573154  0.18227501  0.82827264  0.25184688  1.9875227   0.33635464
 -0.5201145  -0.06969249 -0.29743874 -1.7619152   0.43180734 -0.39485362
  0.51653636  0.20924458 -1.6437038   0.011882  ]
[-0.04456324  0.16374087  0.78266776  0.310893    2.0101204   0.2741205
 -0.46907872 -0.10451342 -0.33281508 -1.7122978   0.4430307  -0.4166519
  0.45393348  0.2411546  -1.7475154   0.09205674]
[-0.07113762  0.12073021  0.8366116   0.27479634  1.9668534   0.3165552
 -0.48767996 -0.06186444 -0.30542797 -1.6860838   0.36877605 -0.39332134
  0.5140737   0.19516346 -1.6851242   0.03961949]
[-0.07401735  0.13961914  0.7927426   0.36472926  2.0477874   0.25532678
 -0.45792046 -0.12465773 -0.36724836 -1.739514    0.45002532 -0.44117564
  0.51039875  0.2512196  -1.7446086   0.08064727]
[-1.3178894e-01  1.8716817e-01  8.3015221e-01  2.9860911e-01
  1.9744880e+00  3.6538795e-01 -4.9351057e-01 -8.4900901e-02
 -3.4016842e-01 -1.7528026e+00  3.8021731e-01 -3.5993543e-01
  4.8095065e-01  2.3484197e-01 -1.6471083e+00  1.5129030e-03]
[-0.11321007  0.16133821  0.8357955   0.2727279   1.9745544   0.36588502
 -0.530162   -0.06214011 -0.32302552 -1.7440239   0.37449414 -0.37123042
  0.51611894  0.20016229 -1.6323665   0.01817744]
[-0.08805948  0.14775164  0.7655335   0.34708858  2.0395455   0.26933384
 -0.5286649  -0.07105104 -0.3550388  -1.7579876   0.44005266 -0.42536998
  0.54786813  0.21058092 -1.7070391   0.11039212]
[-0.10712774  0.15384845  0.773327    0.32499012  2.0001206   0.30291632
 -0.51701176 -0.02654984 -0.3127924  -1.6867081   0.354444   -0.35029566
  0.49411362  0.20464782 -1.7273219   0.06407136]
[-0.08145946  0.10885081  0.7571128   0.36894357  2.0399208   0.25325626
 -0.5118562  -0.03488521 -0.32217667 -1.639035    0.35285226 -0.35754257
  0.48045048  0.20609613 -1.7585675   0.08277456]
[-0.01736378  0.06344616  0.7174568   0.43322334  2.1062324   0.14098874
 -0.43795386 -0.08590873 -0.35790578 -1.6532848   0.4354542  -0.44959217
  0.4806045   0.28462642 -1.8385603   0.12285254]
[-0.02289268  0.10802899  0.7280234   0.39907485  2.0585892   0.18197854
 -0.41277757 -0.11163263 -0.3679645  -1.6902565   0.46654925 -0.44596267
  0.44386888  0.29949588 -1.8206265   0.13100156]
[-0.08256771  0.16126323  0.8056982   0.28335676  1.9781351   0.3336495
 -0.4803607  -0.07663654 -0.29059777 -1.6931541   0.393075   -0.36855918
  0.44877237  0.22709616 -1.7188663   0.02233071]
[-0.0886033   0.16359988  0.76260734  0.32639366  2.0708618   0.28134188
 -0.5157418  -0.09952521 -0.30192614 -1.7488381   0.47156549 -0.41713762
  0.51425856  0.19207361 -1.7381613   0.07056773]
[-0.05623735  0.17691576  0.75515205  0.37879032  2.076978    0.23092923
 -0.44215178 -0.14626119 -0.35849226 -1.7311268   0.50951046 -0.4385686
  0.4881193   0.26429105 -1.8217268   0.05580754]
[-0.1130993   0.21127446  0.8081635   0.24258092  2.0312016   0.32067776
 -0.5266763  -0.0616605  -0.29901278 -1.776891    0.4711598  -0.38057813
  0.51318145  0.2024109  -1.6959255  -0.00562696]
[-0.1210139   0.18094015  0.79102945  0.27205878  2.069051    0.281634
 -0.571717   -0.0605165  -0.30559158 -1.7700663   0.47090292 -0.40910697
  0.51356965  0.19809914 -1.6886727   0.09381603]
[-0.03367554  0.07435045  0.7333914   0.3701326   2.111367    0.20647666
 -0.47095782 -0.1036608  -0.4025929  -1.6629864   0.4452731  -0.45643592
  0.5411924   0.26473713 -1.7791115   0.10610723]
[-0.02723921  0.05847885  0.75077564  0.41681877  2.0424523   0.184412
 -0.42378035 -0.09065191 -0.38455456 -1.6197602   0.4111828  -0.43187204
  0.4955833   0.27716365 -1.8410652   0.12528984]
[-0.09120743  0.02819026  0.84061354  0.30755514  1.9919437   0.32291025
 -0.47016707 -0.04499394 -0.38981432 -1.6144689   0.2661736  -0.36883035
  0.58319247  0.21094815 -1.6351677   0.00515159]
[-0.03036336  0.03532285  0.80457944  0.38000792  2.0058727   0.2331909
 -0.4050866  -0.09908207 -0.4267737  -1.6210349   0.342885   -0.43820053
  0.5382512   0.29224548 -1.7365936   0.06761519]
[-0.0976354   0.09655476  0.85666436  0.2874701   1.9228058   0.37567848
 -0.4547966  -0.06705483 -0.40687066 -1.6819727   0.27856237 -0.38422427
  0.58416545  0.21813273 -1.5616596  -0.0230696 ]
[-0.09212001  0.16310114  0.86401194  0.23356152  1.9135323   0.40005207
 -0.4721989  -0.0548544  -0.33361483 -1.7093557   0.2998017  -0.36292022
  0.5318314   0.19880426 -1.606267   -0.03057226]
[-0.07961879  0.17713158  0.8679401   0.22139351  1.9194549   0.39425698
 -0.51332384 -0.02879538 -0.28455058 -1.684742    0.3171286  -0.3350627
  0.47331136  0.1611702  -1.6470705  -0.01610861]
[-0.04770669  0.12897924  0.8427764   0.2245806   1.9760387   0.33292174
 -0.5179101  -0.01718495 -0.27497894 -1.6710413   0.32848674 -0.34916896
  0.50963634  0.16212948 -1.6926458   0.00730401]
[ 0.0227551   0.11038808  0.7677702   0.33019137  2.0612915   0.20675674
 -0.451754   -0.08266661 -0.34899008 -1.6554266   0.42510563 -0.43159732
  0.4523817   0.24809782 -1.8336197   0.12352335]
[-0.02369455  0.08924852  0.7876889   0.2897213   2.048964    0.25621042
 -0.50629365 -0.05682755 -0.32723486 -1.6507276   0.3926984  -0.39212817
  0.5013963   0.206651   -1.7558349   0.08329128]
[-0.01045612  0.05548885  0.7486767   0.39194405  2.14549     0.17497241
 -0.47545654 -0.11228703 -0.39243427 -1.6613556   0.45999613 -0.4609209
  0.53326905  0.24500766 -1.8261702   0.1272654 ]
[-0.01342033  0.05716007  0.7167987   0.42687187  2.1466928   0.1550521
 -0.45142046 -0.1354568  -0.431506   -1.6467775   0.4684352  -0.46991915
  0.5168989   0.25943038 -1.8183752   0.16426896]
[-0.06791608  0.06414319  0.7768896   0.32240573  2.105118    0.2405816
 -0.517766   -0.07182927 -0.425793   -1.6506132   0.3800909  -0.42273626
  0.59053504  0.19075713 -1.652149    0.08263256]
[-0.06292404  0.00744129  0.7223918   0.37222436  2.1565313   0.1378874
 -0.49461722 -0.08093244 -0.47097716 -1.6489227   0.44000155 -0.493335
  0.61042917  0.25948957 -1.6623806   0.15328954]
[-0.09552745  0.03555443  0.8083561   0.3343181   2.0342648   0.272231
 -0.4767271  -0.04582924 -0.43934146 -1.6392963   0.30946955 -0.4044959
  0.616742    0.25585347 -1.6144089  -0.0090412 ]
[-0.06140147  0.06968833  0.77320635  0.38698703  2.0060372   0.2223691
 -0.42286333 -0.05390386 -0.414071   -1.664156    0.34389183 -0.41290832
  0.5252526   0.30714476 -1.7111971   0.04973934]
[-1.2862614e-01  1.4469561e-01  8.3022928e-01  2.9298782e-01
  1.8824120e+00  3.7178642e-01 -4.7835785e-01  6.3047407e-04
 -2.8208104e-01 -1.7084339e+00  2.8187034e-01 -3.1418812e-01
  5.0460404e-01  2.0802224e-01 -1.6412132e+00 -2.1506775e-02]
[-0.09324903  0.13046043  0.7763208   0.36584347  1.9256471   0.29461524
 -0.43495774 -0.03316642 -0.29273456 -1.722076    0.35776475 -0.3425747
  0.47400126  0.25153583 -1.7570883   0.04252281]
[-0.14276128  0.1708856   0.81828785  0.30768776  1.8663056   0.3629648
 -0.47875786  0.02253301 -0.18358877 -1.7282419   0.30414647 -0.26758736
  0.43573436  0.20740359 -1.730394   -0.02271343]
[-0.17875044  0.1446998   0.780002    0.36420718  1.9727501   0.32410043
 -0.5027586  -0.01657403 -0.2392976  -1.7453274   0.36483774 -0.31394476
  0.5041558   0.24299923 -1.7271569  -0.03291107]
[-0.13221669  0.20865114  0.73731214  0.44440967  2.0117583   0.26571324
 -0.44954014 -0.08032749 -0.2733398  -1.7939243   0.4509894  -0.36198717
  0.44847387  0.2887667  -1.8354638   0.01299645]
[-0.18816093  0.30909634  0.7830334   0.30309683  1.9456255   0.38199085
 -0.523465   -0.02986492 -0.17591439 -1.8383116   0.4501094  -0.3077497
  0.3957154   0.20381507 -1.7310216  -0.03551727]
[-1.5121195e-01  2.7694920e-01  7.6602411e-01  2.8529948e-01
  1.9515938e+00  3.4867644e-01 -5.3614187e-01  1.2081414e-03
 -1.2687743e-01 -1.7733005e+00  4.5233956e-01 -2.8737977e-01
  3.7871349e-01  1.7827216e-01 -1.8007977e+00 -2.1958351e-02]
[-0.08166502  0.20851907  0.7413486   0.31694826  2.0594873   0.25063482
 -0.49623555 -0.05468015 -0.21722493 -1.7575266   0.5052233  -0.3704247
  0.4039827   0.21965063 -1.8264949   0.04059153]
[-0.0081508   0.20008984  0.7628691   0.34618825  1.9906356   0.22931293
 -0.400481   -0.08603029 -0.24482009 -1.7044573   0.47661906 -0.3717439
  0.36094165  0.2920856  -1.9263954   0.02399828]
[-0.02990069  0.2454236   0.7852329   0.3019178   1.9652017   0.2805407
 -0.44019493 -0.0958589  -0.2503878  -1.7781693   0.4963716  -0.40233192
  0.37473008  0.24070735 -1.8271062   0.07719976]
[-0.03854221  0.27774885  0.80116445  0.2817884   1.9728558   0.3213436
 -0.46188015 -0.12533596 -0.25605446 -1.7992613   0.51166666 -0.39099586
  0.4054908   0.18681684 -1.8169804   0.07316174]
[-0.01145465  0.24428606  0.79393536  0.31643575  1.9776207   0.284226
 -0.4450844  -0.1292383  -0.30738214 -1.7481031   0.50052726 -0.37773252
  0.4095648   0.19004992 -1.8472774   0.09231349]
[-0.05615991  0.18559189  0.8124218   0.25121313  2.0087056   0.3150996
 -0.54218525 -0.10424523 -0.31044188 -1.7426662   0.43922108 -0.38804895
  0.4911801   0.13024253 -1.6668558   0.12252063]
[-0.01982029  0.12862067  0.7530881   0.3393017   2.1433425   0.20529675
 -0.5212941  -0.17429796 -0.4648273  -1.715484    0.5075351  -0.5119627
  0.5333999   0.20724893 -1.6719862   0.20990777]
[-0.01914017  0.08528532  0.7055336   0.3818908   2.1773677   0.13366431
 -0.48975548 -0.17498173 -0.5063035  -1.692445    0.5361683  -0.53119195
  0.52511024  0.27968648 -1.7010062   0.2384059 ]
[-0.1367425   0.11812605  0.7587991   0.33701795  2.1551895   0.26023966
 -0.5559994  -0.1277639  -0.44686538 -1.7270218   0.44694304 -0.45280856
  0.580372    0.22976844 -1.6124697   0.11970463]
[-0.06898072  0.08379264  0.6860182   0.40242305  2.2000031   0.150098
 -0.5154314  -0.1433229  -0.44718724 -1.6890495   0.4985231  -0.4954435
  0.54582596  0.27451682 -1.7226655   0.18842706]
[-0.12732422  0.12150816  0.7344498   0.3677135   2.1595292   0.22224621
 -0.56723577 -0.09535544 -0.4106001  -1.7484801   0.45863515 -0.45381838
  0.59606045  0.21563943 -1.6455126   0.11890658]
[-0.0424272   0.08965869  0.69467634  0.40689975  2.1577172   0.12016352
 -0.44488078 -0.12963371 -0.44672865 -1.6638445   0.49215522 -0.48730904
  0.5053476   0.32296205 -1.7833494   0.154514  ]
[-0.13614058  0.07749886  0.8415204   0.28782493  2.0394235   0.31007943
 -0.5464427  -0.02114286 -0.33940643 -1.6573406   0.32880798 -0.3756468
  0.5426853   0.21920535 -1.6546923   0.02628582]
[-0.05321628  0.05892406  0.7822641   0.36568844  2.0560424   0.21992679
 -0.4432559  -0.07981791 -0.4002123  -1.6467298   0.35220605 -0.4372046
  0.5656379   0.2738491  -1.7284706   0.05792144]
[-0.04076587  0.0679393   0.80500567  0.37710238  1.9823517   0.25198534
 -0.3947001  -0.07767504 -0.40268978 -1.6728222   0.3615933  -0.41232806
  0.5654532   0.29565686 -1.7614855  -0.00452416]
[-0.12865742  0.1866261   0.8712698   0.27579692  1.8790172   0.38708532
 -0.46754235 -0.03711256 -0.28688312 -1.7464545   0.36105543 -0.32898515
  0.54482913  0.23901772 -1.6985201  -0.11294553]
[-0.14481199  0.22103651  0.83016664  0.27556714  1.9360987   0.35794732
 -0.51657265 -0.01832028 -0.2049603  -1.8028793   0.39619258 -0.31775326
  0.52747405  0.17761913 -1.7213748  -0.05536864]
[-0.10487103  0.23731856  0.7894276   0.32898942  2.0107746   0.2684938
 -0.51617044 -0.08315954 -0.26497293 -1.7878748   0.49538368 -0.41338953
  0.45146435  0.22179142 -1.7559913   0.06652351]
[-0.12402496  0.18094781  0.8099672   0.28129324  1.9935585   0.32117218
 -0.5097208  -0.05074508 -0.26349592 -1.7183765   0.42197686 -0.38287023
  0.49505466  0.20674165 -1.6836122  -0.03689687]
[-0.09228501  0.17590888  0.8116419   0.27798885  2.0396786   0.24660742
 -0.48352838 -0.07666191 -0.26103196 -1.730691    0.4904035  -0.4224642
  0.45303655  0.23279333 -1.7383642   0.01818267]
[-0.12989691  0.1692504   0.89912045  0.20257643  1.9673328   0.38150933
 -0.46952957 -0.07448409 -0.30204576 -1.7323202   0.3889425  -0.39382848
  0.5263943   0.23917446 -1.6216065  -0.11227083]
[-0.0690665   0.23246136  0.81641996  0.29446957  1.9395396   0.298108
 -0.410278   -0.12118111 -0.28394476 -1.7987779   0.51291025 -0.42438918
  0.47261876  0.29282063 -1.7808176  -0.03172855]
[-0.15226455  0.31392562  0.8658923   0.22392662  1.908556    0.42400235
 -0.5106386  -0.09100551 -0.22321114 -1.9001961   0.49260992 -0.36082262
  0.46814448  0.17043243 -1.649814   -0.03869804]
[-0.09709012  0.2846655   0.8485386   0.21462658  1.9586827   0.37240168
 -0.52559125 -0.08357415 -0.19991672 -1.8242664   0.49329576 -0.34936082
  0.42311946  0.12229852 -1.7234344   0.02750382]
[-0.07589439  0.16868857  0.8069466   0.25177374  2.0107715   0.2997252
 -0.5433734  -0.06633358 -0.2750122  -1.7295831   0.45733085 -0.3873961
  0.52307564  0.11199608 -1.6906608   0.08092497]
[-0.09119645  0.05953286  0.75044584  0.32780114  2.142446    0.19653805
 -0.5397002  -0.11466958 -0.44431463 -1.6960814   0.47710672 -0.49707165
  0.6532177   0.2285357  -1.6167481   0.10844745]
[-0.07145026  0.05235715  0.7703498   0.36319837  2.1428308   0.17457356
 -0.46957144 -0.13199414 -0.49650446 -1.6808497   0.42701665 -0.49203834
  0.60476196  0.3144998  -1.6389866   0.07627271]
[-0.09850131  0.16728231  0.8421156   0.29052293  1.974464    0.3239599
 -0.4703022  -0.08490016 -0.37990013 -1.726259    0.3767712  -0.406215
  0.5253208   0.2535686  -1.6388769  -0.00632102]
[-0.10819489  0.1806382   0.83852446  0.2599004   1.9643929   0.3577208
 -0.49953932 -0.06440669 -0.3035991  -1.73997     0.39487228 -0.40080476
  0.5151219   0.20863073 -1.648703   -0.01252536]
[-0.06241748  0.13878632  0.80501306  0.29964274  1.9848789   0.29503006
 -0.4736061  -0.07213551 -0.30115905 -1.682037    0.41272992 -0.4018828
  0.46501344  0.20619169 -1.731419    0.06016501]
[-0.04206399  0.05369562  0.90352976  0.19494413  1.9351358   0.36706966
 -0.48305255 -0.0222607  -0.29434365 -1.5824277   0.25789118 -0.342276
  0.5271762   0.1663002  -1.6568092  -0.04278992]
[ 0.00277235  0.04863409  0.80922735  0.36922723  2.004442    0.22878051
 -0.4121104  -0.11012671 -0.42245808 -1.6335449   0.35845628 -0.45140877
  0.53128815  0.2816486  -1.7597164   0.09836319]
[-0.03545624  0.12454176  0.85317594  0.2849478   1.939539    0.3719089
 -0.4293564  -0.10989869 -0.40807742 -1.6960595   0.31229156 -0.39359403
  0.530429    0.21502456 -1.6288443   0.01279433]
[-0.02764141  0.17453547  0.84707403  0.30332658  1.9543871   0.36100474
 -0.4684063  -0.10139017 -0.3463837  -1.7175862   0.37595087 -0.37887144
  0.4285253   0.18016413 -1.712641    0.07201102]
[-0.02992843  0.14033195  0.81824285  0.25918627  1.9865973   0.30430412
 -0.54467577 -0.03967489 -0.26527604 -1.7068555   0.36473462 -0.36910135
  0.47494212  0.10229498 -1.6770117   0.12809975]
[-0.00394063  0.05476701  0.736673    0.3566504   2.1176734   0.17425501
 -0.5140498  -0.09857702 -0.429099   -1.6569545   0.42069596 -0.47874197
  0.5577593   0.20682938 -1.7040169   0.20798513]
[-0.00874006  0.01976161  0.70065135  0.4006002   2.124553    0.13264742
 -0.4785947  -0.11483584 -0.4903637  -1.6054157   0.4070459  -0.4845558
  0.53315365  0.29180467 -1.7223451   0.24391825]
[-0.03543951  0.04503727  0.7317056   0.37831166  2.08347     0.21413632
 -0.49425286 -0.07406463 -0.42104697 -1.6333714   0.3492021  -0.4163676
  0.5754352   0.24884832 -1.7371237   0.13154599]
[-0.01889417  0.07013331  0.64175683  0.49964294  2.1457863   0.10584227
 -0.44790998 -0.1187732  -0.40262285 -1.6580118   0.48544043 -0.457251
  0.44417435  0.30333677 -1.9052852   0.26066583]
[-0.08367061  0.09171539  0.7081863   0.45697325  2.1220508   0.20500095
 -0.47616607 -0.11187138 -0.39422792 -1.6646608   0.4237163  -0.4004849
  0.4687217   0.26207113 -1.8112342   0.14970864]
[-0.04724308  0.06590986  0.63589555  0.53830415  2.116127    0.11211105
 -0.41473633 -0.1545931  -0.43642083 -1.6491627   0.48564655 -0.46624574
  0.45302266  0.35982308 -1.8822529   0.2312719 ]
[-0.1145937   0.05112975  0.7124244   0.40438026  2.1059422   0.20584719
 -0.49645025 -0.11203606 -0.44483566 -1.6991667   0.40190712 -0.4640656
  0.5765707   0.28454828 -1.6276314   0.1642558 ]
[-0.12834622  0.07558453  0.7462705   0.39893538  2.027924    0.27065915
 -0.4816815  -0.07295446 -0.414145   -1.7090628   0.35281956 -0.40402812
  0.6011905   0.29863635 -1.6669956   0.049454  ]
[-0.16371164  0.15285261  0.7894383   0.35212222  1.9226973   0.36966953
 -0.49789602  0.00544793 -0.2791997  -1.7042863   0.28380677 -0.28889868
  0.5291177   0.2634744  -1.7162308  -0.077323  ]
[-0.16560248  0.1930621   0.8132677   0.30758062  1.9590347   0.3764044
 -0.5476219   0.02787565 -0.19102366 -1.7448814   0.31376138 -0.26790753
  0.475107    0.19279549 -1.7654877  -0.03469332]
[-0.04745268  0.20298728  0.70188123  0.45924234  1.9981182   0.18845198
 -0.439782   -0.05238602 -0.22290781 -1.7065496   0.454602   -0.3653921
  0.33262834  0.2892994  -1.9782673   0.13047078]
[-0.10371888  0.17460595  0.7887063   0.32576203  1.9703709   0.29728708
 -0.50816983  0.01777377 -0.17134055 -1.6848968   0.35983273 -0.30815312
  0.37534142  0.18728781 -1.8112736   0.0336512 ]
[-1.97887421e-04  1.23337165e-01  7.47853577e-01  4.15353477e-01
  2.00311995e+00  1.83567613e-01 -4.01026338e-01 -7.55890459e-02
 -2.68490404e-01 -1.61928344e+00  4.47478384e-01 -4.05583203e-01
  3.63217682e-01  3.02436054e-01 -1.95284104e+00  7.81652406e-02]
[-0.02823534  0.12690668  0.7984247   0.34184462  1.9800789   0.23332267
 -0.4223652  -0.08087827 -0.30296126 -1.6810421   0.44208866 -0.4109365
  0.4661583   0.28696153 -1.8302959   0.02097101]
[-0.0666939   0.22854242  0.8288811   0.31295744  1.9136994   0.3078981
 -0.4414943  -0.09408259 -0.25597337 -1.800803    0.45752162 -0.38439003
  0.44386888  0.25695944 -1.791673    0.02626724]
[-0.07608234  0.30076125  0.83584803  0.2691125   1.9297268   0.38633108
 -0.4711697  -0.11656797 -0.23246834 -1.8139502   0.48925844 -0.3512342
  0.36594063  0.19037935 -1.7610569  -0.0033474 ]
[-0.09695514  0.30893433  0.77434456  0.25959235  2.0207648   0.30998734
 -0.54616976 -0.10510139 -0.19497177 -1.839495    0.5797243  -0.3675305
  0.381967    0.10916277 -1.7625637   0.11265621]
[-0.08339213  0.21015172  0.71267337  0.32328603  2.176107    0.19013691
 -0.54417086 -0.1685773  -0.3657024  -1.7775419   0.61620176 -0.49370965
  0.4758944   0.19254008 -1.7073987   0.19067396]
[-0.08013106  0.13266745  0.7434947   0.34634894  2.1611905   0.21357238
 -0.53188616 -0.17540935 -0.4586765  -1.7270954   0.51899433 -0.50842583
  0.5433607   0.25027964 -1.6407791   0.15957491]
[-0.02603353  0.09495111  0.74813473  0.32919562  2.1342463   0.1742144
 -0.4735531  -0.16809936 -0.4891808  -1.7032673   0.49081796 -0.53808296
  0.541306    0.31273842 -1.6464136   0.16642861]
[-0.05915944  0.12595335  0.7764378   0.31839117  2.0402179   0.25934225
 -0.49371272 -0.10422547 -0.40850797 -1.7469082   0.45342278 -0.45346132
  0.55633104  0.2648242  -1.6872301   0.10260157]
[-0.13054672  0.1515224   0.7838732   0.33714408  2.0194943   0.31781164
 -0.5407292  -0.05176092 -0.3130591  -1.7244047   0.38042742 -0.36904004
  0.5085191   0.21123235 -1.7251728   0.08948773]
[-0.09479798  0.05412775  0.78273034  0.3893725   2.0576115   0.26953453
 -0.524909   -0.03826101 -0.33323634 -1.6423264   0.3123574  -0.3390097
  0.5494825   0.17918816 -1.7548487   0.07650988]
[-0.02085024  0.00807261  0.6897256   0.5058497   2.1261888   0.10207067
 -0.41272792 -0.13661551 -0.45867348 -1.611586    0.44745407 -0.49171066
  0.5296419   0.33794314 -1.8578647   0.1882062 ]
[-0.09854935  0.04511125  0.73510754  0.39843592  2.0999036   0.19027115
 -0.47522694 -0.09556598 -0.46924073 -1.6878773   0.3922309  -0.46489295
  0.5911032   0.28946012 -1.634153    0.13063005]
[-0.13004848  0.11716297  0.7922539   0.33195084  1.9974854   0.311552
 -0.4925723  -0.05130481 -0.37056473 -1.6597755   0.31422266 -0.3786568
  0.50177044  0.260126   -1.6328596   0.03452569]
[-0.10729643  0.10792551  0.81969863  0.32994017  1.9477781   0.3617788
 -0.47292155 -0.04009105 -0.33710814 -1.6454766   0.26870528 -0.34641132
  0.52613926  0.22417645 -1.6467648  -0.04773713]
[-2.8287720e-02  1.6939434e-01  7.9148161e-01  3.3715567e-01
  1.9427204e+00  2.7804622e-01 -3.9669099e-01 -7.2459295e-02
 -2.8704172e-01 -1.6914501e+00  3.8006476e-01 -3.6986873e-01
  4.4635981e-01  2.7320790e-01 -1.8294758e+00 -1.7001688e-03]
[-0.09009653  0.21368723  0.8558321   0.20440955  1.8930876   0.39045915
 -0.4818894  -0.00825843 -0.19438319 -1.7264439   0.36187845 -0.30919176
  0.44933325  0.19157659 -1.7398245  -0.07067487]
[-0.12978248  0.1960644   0.8558      0.22979788  1.9759763   0.34714597
 -0.55913496 -0.01588143 -0.19620486 -1.7763952   0.42245165 -0.33558378
  0.50817     0.17879538 -1.7441114  -0.01741731]
[-0.0437288   0.14807498  0.75832766  0.43223602  2.0805535   0.21347585
 -0.4552091  -0.12118883 -0.33174497 -1.7264637   0.4937094  -0.41299844
  0.45581517  0.2830675  -1.9159086   0.08331959]
[-0.03044075  0.19724767  0.76488733  0.3754335   2.0586808   0.22888045
 -0.46745586 -0.12404929 -0.33140862 -1.7351395   0.51117337 -0.4202059
  0.40506262  0.22144088 -1.8533337   0.14357823]
[-0.06367182  0.11692841  0.7723784   0.3090073   2.0485177   0.2440937
 -0.52035034 -0.06359868 -0.34371543 -1.6766666   0.44155756 -0.4043126
  0.50850976  0.18026364 -1.7122681   0.10723162]
[-0.08118989  0.07555796  0.73286414  0.36745292  2.1217458   0.17236997
 -0.5037761  -0.10539939 -0.41165274 -1.6811345   0.46026325 -0.47231635
  0.5521606   0.24955639 -1.6816304   0.15126835]
[-0.06267079  0.0620212   0.7777895   0.36270756  2.0971665   0.19836725
 -0.43776006 -0.134958   -0.48156267 -1.6565075   0.3915103  -0.48482648
  0.57267034  0.3092068  -1.6353344   0.06718108]
[-0.10220428  0.1920801   0.8182003   0.32343715  1.9883814   0.2803077
 -0.4499007  -0.1300453  -0.40130296 -1.7780683   0.45176736 -0.4499088
  0.54757154  0.2962023  -1.6526749   0.00891346]
[-0.18002932  0.26197347  0.85344934  0.24560973  1.8871495   0.42636126
 -0.50716317 -0.06732231 -0.2533986  -1.8412145   0.41601723 -0.34598333
  0.51280963  0.20061398 -1.6142067  -0.05335696]
[-0.13530275  0.23343983  0.8430649   0.24342239  1.943998    0.34746364
 -0.5491425  -0.02774618 -0.18688357 -1.8102691   0.46493897 -0.33689642
  0.43942374  0.20176396 -1.7260926  -0.00461981]
[-0.14993866  0.16579199  0.7978053   0.31763402  2.0075042   0.2972049
 -0.5572613  -0.02750895 -0.21551016 -1.7690699   0.43268505 -0.34396678
  0.48611027  0.18605486 -1.7427603   0.05770892]
[-0.13129821  0.11134292  0.70558816  0.4672401   2.129312    0.18357775
 -0.4638001  -0.13478737 -0.3686314  -1.7392013   0.49533185 -0.44578433
  0.5310087   0.31718668 -1.8154644   0.10189049]
[-0.19533306  0.19479129  0.70729744  0.45028695  2.0940166   0.25297034
 -0.5016316  -0.1349117  -0.37170523 -1.7975088   0.51601404 -0.41050473
  0.5044872   0.3131108  -1.7205673   0.04290212]
[-0.20308253  0.22834936  0.8145641   0.30467737  1.947748    0.3850584
 -0.5175765  -0.04512158 -0.2454863  -1.7996438   0.3931573  -0.32144403
  0.50178444  0.21089216 -1.6342859  -0.07838193]
[-0.14167204  0.2190804   0.7799221   0.28451827  1.9747856   0.31749216
 -0.5014106  -0.03776051 -0.2339389  -1.7840221   0.4382949  -0.38025266
  0.48316127  0.23866181 -1.7072083  -0.00711717]
[-0.18713106  0.18830079  0.81957567  0.26183513  1.9290339   0.3615672
 -0.5159213   0.01948266 -0.20682275 -1.7466805   0.36121055 -0.3222425
  0.46687156  0.24311748 -1.6714108  -0.05965858]
[-0.1518171   0.16852728  0.87727624  0.23854856  1.8879421   0.4263844
 -0.4781424   0.0174814  -0.18369964 -1.70171     0.27999124 -0.26657683
  0.44575515  0.21867594 -1.7257662  -0.11419495]
[-0.02237266  0.19230154  0.7550795   0.421066    1.9036207   0.25981665
 -0.3523342  -0.07701567 -0.21886031 -1.6839492   0.43103066 -0.33992866
  0.35879925  0.31041914 -1.9948037  -0.00371403]
[-0.1300781   0.2324088   0.8411039   0.23317322  1.875679    0.39436218
 -0.4907066   0.00934843 -0.12235527 -1.8090255   0.40067726 -0.27268064
  0.4812464   0.13620603 -1.7561926  -0.08522093]
[-0.09308678  0.20421311  0.7850355   0.34053713  2.0023308   0.28893775
 -0.48329234 -0.06852283 -0.24259679 -1.7773939   0.47304258 -0.36229032
  0.44947457  0.2304792  -1.8324726   0.0264956 ]
[-0.1447339   0.1632888   0.79082185  0.30527565  1.9873832   0.31908935
 -0.5408408  -0.01007856 -0.22129372 -1.7495577   0.36551756 -0.31449342
  0.5108986   0.16556281 -1.7162832   0.03268535]
[-0.11970844  0.11643469  0.7420481   0.38648695  2.0973618   0.22688088
 -0.5111033  -0.06746109 -0.34245512 -1.7544159   0.43291888 -0.414277
  0.54930097  0.23634723 -1.7250843   0.09129725]
[-0.11442866  0.10438216  0.73816526  0.41617084  2.0586777   0.21937151
 -0.44515133 -0.06662305 -0.36717203 -1.7261587   0.43266377 -0.3959121
  0.5322677   0.30386546 -1.77071     0.02207775]
[-0.1857105   0.16496773  0.81939375  0.30817354  1.9264772   0.36881113
 -0.5012684   0.00882416 -0.25101084 -1.7494953   0.3174947  -0.27890116
  0.5283415   0.2324826  -1.6849025  -0.08353705]
[-0.1560634   0.1708354   0.7820916   0.33398855  1.9849482   0.32354423
 -0.50616    -0.02670783 -0.27692688 -1.768323    0.3570812  -0.3413964
  0.52312857  0.23511605 -1.6966846   0.00500507]
[-0.09805411  0.15139957  0.7990916   0.34604478  1.9147294   0.3086654
 -0.43025225 -0.02067683 -0.26244557 -1.7119324   0.33460373 -0.34024268
  0.47905725  0.2703181  -1.7963274  -0.00232958]
[-0.11733691  0.17975032  0.83038825  0.268646    1.833328    0.39649922
 -0.43822822  0.02429757 -0.18075028 -1.6819137   0.27626044 -0.26051292
  0.43545598  0.20983306 -1.7654703  -0.07001431]
[-0.10706872  0.18425985  0.84771883  0.26394832  1.8805768   0.38866645
 -0.46786088 -0.01039572 -0.17377624 -1.6776215   0.3039803  -0.26123148
  0.416644    0.18815419 -1.7865416  -0.04922999]
[-0.05743966  0.17205217  0.79999864  0.37870178  1.9559319   0.2708714
 -0.42054826 -0.09011216 -0.2975896  -1.6940047   0.40720358 -0.3746083
  0.4466571   0.2839557  -1.866073    0.02612814]
[-0.10148575  0.22542164  0.8181201   0.3441781   1.9239985   0.3198467
 -0.44953242 -0.09107541 -0.27915454 -1.7883003   0.41275388 -0.36962184
  0.46075135  0.2537334  -1.7811291   0.0446044 ]
[-1.3668177e-01  2.5848031e-01  8.3174860e-01  2.8566149e-01
  1.8916099e+00  3.9700308e-01 -5.0050914e-01 -5.5776723e-02
 -2.1498957e-01 -1.7854141e+00  4.0209752e-01 -3.1076348e-01
  4.0171251e-01  2.1492958e-01 -1.7379729e+00  1.2659073e-03]
[-0.10063022  0.22474809  0.8273001   0.28398857  1.9670948   0.33040097
 -0.5629724  -0.05226228 -0.19962373 -1.7632889   0.43674034 -0.34253007
  0.3968796   0.1459816  -1.7447853   0.09743272]
[-0.06340473  0.169677    0.71099347  0.41057643  2.0997646   0.1856608
 -0.5028469  -0.13308012 -0.31670824 -1.714791    0.5104324  -0.44872278
  0.44356543  0.24003729 -1.8334663   0.18918996]
[-0.10972504  0.14785817  0.6945447   0.41392595  2.1450744   0.16456622
 -0.49049288 -0.1398957  -0.3914946  -1.7251425   0.54249775 -0.45952648
  0.50116533  0.28854007 -1.7732792   0.13648891]
[-0.18295297  0.18781313  0.7634611   0.37166888  2.0737865   0.27963763
 -0.5359476  -0.10062268 -0.33854547 -1.7816226   0.4817969  -0.39116156
  0.5222825   0.28493273 -1.7048591   0.01265472]
[-0.14341561  0.23016241  0.7166697   0.4131309   2.0924997   0.22034378
 -0.5016025  -0.12820145 -0.311088   -1.8323116   0.5571077  -0.42982483
  0.46082172  0.3011825  -1.8008251   0.09990565]
[-0.1263051   0.25876293  0.69595283  0.4314049   2.0609314   0.24479635
 -0.49213618 -0.13470729 -0.29477367 -1.8200891   0.5795036  -0.4258696
  0.37349552  0.27592593 -1.8182446   0.13713634]
[-0.19083455  0.22462478  0.79784214  0.31181064  2.0292513   0.33962005
 -0.55022305 -0.07068045 -0.22815776 -1.7642866   0.47811523 -0.35450777
  0.4154609   0.20716467 -1.7296183   0.02667686]
[-0.08895104  0.12984431  0.733713    0.4002749   2.033977    0.20855577
 -0.45609894 -0.08379908 -0.30069828 -1.6879501   0.48554915 -0.40005893
  0.485492    0.29128736 -1.8464962   0.03576669]
[-0.173302    0.20063317  0.782595    0.33622152  2.0022388   0.30158734
 -0.49814495 -0.09503512 -0.3358866  -1.8233263   0.44266516 -0.40056485
  0.56546724  0.2630871  -1.6529272   0.02846787]
[-0.15324357  0.23184696  0.79688436  0.3703598   1.9569228   0.3172771
 -0.4447023  -0.10796056 -0.32738507 -1.8342024   0.436769   -0.37685284
  0.4780116   0.30768663 -1.7147436   0.00639455]
[-0.22406092  0.32519633  0.8442522   0.285902    1.8789823   0.41848856
 -0.5333932  -0.04392235 -0.1531965  -1.8850415   0.466722   -0.29929093
  0.40723857  0.20988993 -1.7157656  -0.04111927]
[-0.21369763  0.27633643  0.80957794  0.27198708  1.9348614   0.3702215
 -0.5490452  -0.03039794 -0.1269962  -1.842021    0.49311614 -0.29780644
  0.42391118  0.18091664 -1.7529339  -0.00761676]
[-0.1590181   0.2134507   0.7347745   0.3974834   2.0191426   0.2598142
 -0.5252299  -0.0878834  -0.24723864 -1.7761205   0.48988438 -0.37010145
  0.44851342  0.2761767  -1.8111727   0.08136555]
[-0.20487538  0.18181656  0.72823375  0.37440193  2.020155    0.28092352
 -0.53012407 -0.05303654 -0.2708471  -1.79129     0.44079486 -0.37560898
  0.5541276   0.27994528 -1.7178446   0.02665401]
[-0.16880551  0.20551948  0.7076317   0.46975866  1.9904283   0.25965166
 -0.4370931  -0.08361032 -0.26725873 -1.7945833   0.45122442 -0.36630633
  0.46221274  0.3297445  -1.836524    0.02082755]
[-0.21559627  0.30922216  0.78934324  0.34308058  1.8872089   0.40486735
 -0.48776904 -0.02991686 -0.11783107 -1.8184655   0.42880934 -0.2673347
  0.3356595   0.24101973 -1.7943131  -0.06710979]
[-0.20427129  0.2653256   0.827728    0.27415055  1.9038452   0.4001034
 -0.53873616 -0.00218093 -0.07694004 -1.7772583   0.43640774 -0.2668931
  0.37323675  0.19997062 -1.7979091  -0.07810324]
[-0.1451942   0.18751559  0.75737363  0.4123984   1.9839809   0.2599958
 -0.46857223 -0.06443278 -0.19909517 -1.7419827   0.5110879  -0.37322474
  0.4074689   0.3442878  -1.9214478  -0.01192375]
[-0.13924809  0.22381708  0.8347689   0.26912412  1.89436     0.34151897
 -0.46420297 -0.00321777 -0.17053206 -1.8196491   0.43025112 -0.32453495
  0.4695465   0.28528762 -1.8010538  -0.08867551]
[-0.1846708   0.2792552   0.839472    0.2875075   1.8246475   0.39972836
 -0.51070356  0.03291195 -0.09838012 -1.850559    0.38158762 -0.24592695
  0.43741626  0.2288831  -1.7910637  -0.09118847]
[-0.17852882  0.25328234  0.8274986   0.2767537   1.9313511   0.3833203
 -0.5324197   0.00552923 -0.09513571 -1.8055347   0.42376533 -0.26534694
  0.42731452  0.16217078 -1.807451   -0.06799746]
[-0.1040421   0.20716703  0.71951646  0.4265879   2.000691    0.22139831
 -0.44096184 -0.05845903 -0.21746545 -1.7471449   0.51645017 -0.34780198
  0.3975232   0.2763418  -1.9397347   0.02990832]
[-0.20259038  0.16055317  0.8414261   0.2539096   1.9511557   0.3512148
 -0.53724533  0.03087072 -0.17273752 -1.7753279   0.3725192  -0.28195834
  0.5314172   0.18924494 -1.6708406  -0.10349516]
[-0.1810905   0.12962365  0.82183266  0.35654175  1.9943333   0.32857355
 -0.48684534 -0.05234608 -0.3180216  -1.7767189   0.36940047 -0.36833864
  0.56993484  0.27584347 -1.6618973  -0.0605621 ]
[-0.12561129  0.14479403  0.8060936   0.3698818   1.8891351   0.3108244
 -0.38742378 -0.03577552 -0.2932139  -1.7727159   0.33871555 -0.3407592
  0.5281536   0.3308115  -1.7426065  -0.0807008 ]
[-0.20891795  0.22135401  0.8631512   0.22378151  1.7779105   0.48276782
 -0.4871208   0.0663258  -0.10728794 -1.8029553   0.28499445 -0.2136265
  0.49663457  0.18696275 -1.6708333  -0.17583339]
[-0.2178274   0.21773013  0.8528177   0.2795778   1.8228662   0.43465462
 -0.5106634   0.06268503 -0.09728321 -1.7740701   0.27970654 -0.20786056
  0.47006202  0.1644169  -1.7259877  -0.11161371]
[-0.16826457  0.17786323  0.8579135   0.26701277  1.8608955   0.41902715
 -0.50345314  0.05583362 -0.1267877  -1.699269    0.25548548 -0.21076207
  0.47889853  0.15062425 -1.7389212  -0.1379787 ]
[-0.07252593  0.17369592  0.7753168   0.41087812  1.9326643   0.27234808
 -0.39458913 -0.06167358 -0.259248   -1.6781744   0.38880357 -0.35161483
  0.42782646  0.27759925 -1.8827503  -0.01833696]
[-0.09201027  0.19027235  0.8697604   0.20435032  1.8455168   0.41657895
 -0.41496128 -0.02330024 -0.22878833 -1.7011325   0.31327567 -0.3102721
  0.4556903   0.23036651 -1.6788174  -0.13801675]
[-0.07518061  0.23034124  0.8321203   0.22790806  1.8880612   0.3469201
 -0.44350967 -0.02907079 -0.18592277 -1.7391768   0.41505417 -0.33973828
  0.419984    0.22414441 -1.7929571  -0.03922589]
[-0.12841809  0.23118146  0.8955924   0.17770939  1.8412206   0.42195004
 -0.4817334  -0.00229667 -0.15226021 -1.7699537   0.35704896 -0.27292642
  0.49988365  0.17369445 -1.733537   -0.12008357]
[-0.08172367  0.21360716  0.79352015  0.38638186  1.9728247   0.28691074
 -0.4371943  -0.10275023 -0.26199436 -1.7812016   0.47756958 -0.36496168
  0.4515608   0.28422534 -1.9077561   0.01039653]
[-0.10851226  0.23693931  0.8091509   0.32877883  1.9512215   0.32187027
 -0.52272224 -0.05652597 -0.20637603 -1.8305858   0.4460724  -0.3261737
  0.4461301   0.17493036 -1.7836412   0.06243234]
[-0.15880115  0.12166379  0.7729651   0.3408081   2.074503    0.2550752
 -0.5981139  -0.02043387 -0.26194263 -1.7856252   0.45148405 -0.37366667
  0.53027207  0.17075549 -1.6910537   0.11639051]
[-0.1353615   0.0078877   0.6817223   0.46601027  2.142762    0.13108364
 -0.51308155 -0.04654812 -0.37796435 -1.6720616   0.44563228 -0.4349574
  0.5637654   0.3074607  -1.7689254   0.14704318]
[-0.20494065 -0.00464314  0.7473697   0.43588406  2.0939393   0.2518639
 -0.51647127 -0.02312984 -0.42208418 -1.6611811   0.26101655 -0.36814156
  0.6495002   0.29815868 -1.5869625  -0.00604305]
[-0.1418027   0.04883569  0.74146307  0.47302565  2.018067    0.21730256
 -0.43093032 -0.04451053 -0.39847675 -1.6947485   0.28851733 -0.37307006
  0.56880987  0.36375588 -1.7029705   0.01093532]
[-0.15643963  0.16911072  0.8303286   0.3084138   1.8095402   0.39925373
 -0.42553434  0.04153707 -0.2110807  -1.7443987   0.24142003 -0.25522843
  0.46960467  0.26504058 -1.6894957  -0.11149473]
[-0.15513954  0.19081798  0.8485419   0.21394393  1.7801533   0.43685108
 -0.44518694  0.09508937 -0.06994258 -1.6942679   0.24271676 -0.20490563
  0.3768864   0.20393372 -1.7706232  -0.10970251]
[-0.14770755  0.1738644   0.8297127   0.24492069  1.8216852   0.41705498
 -0.4590984   0.08425917 -0.07176735 -1.6622622   0.261541   -0.20133357
  0.40436992  0.21182585 -1.8412288  -0.12853792]
[-5.1950116e-02  1.1333839e-01  7.7087581e-01  4.1004816e-01
  1.8928970e+00  2.9677594e-01 -3.7524438e-01  1.4307499e-03
 -1.8663649e-01 -1.6002041e+00  3.2092607e-01 -2.6464325e-01
  4.3787345e-01  3.0922294e-01 -2.0338540e+00 -1.0587151e-01]
[-0.0237321   0.17384759  0.7759825   0.42317113  1.8607082   0.2847198
 -0.35471192 -0.02621234 -0.19945034 -1.6819922   0.33442003 -0.26909453
  0.41351947  0.3007028  -2.032299   -0.04151538]
[-0.12948182  0.221669    0.8185686   0.24240062  1.8767271   0.38888204
 -0.49868703  0.0555573  -0.07089021 -1.7514929   0.31988668 -0.22771487
  0.4495543   0.1201544  -1.809584   -0.06576601]
[-0.12513754  0.10761344  0.79543763  0.31048894  1.9817603   0.29565787
 -0.5244384   0.04903916 -0.16527188 -1.6802174   0.34917444 -0.29589766
  0.5072162   0.16698965 -1.8149214  -0.0182307 ]
[-0.08579843  0.01837212  0.77870363  0.41335624  2.0814514   0.20301859
 -0.4551846  -0.05526679 -0.34969044 -1.6276535   0.37831917 -0.41364297
  0.5531757   0.28985372 -1.8112816   0.02222291]
[-0.02876901  0.06574733  0.805344    0.40368533  1.9472843   0.25360355
 -0.3591848  -0.07987677 -0.37401778 -1.5934744   0.3034236  -0.3977789
  0.48504448  0.32321924 -1.7943197  -0.01901477]
[-0.10645471  0.14233735  0.89187765  0.22683966  1.8222001   0.4093287
 -0.43372363 -0.02220804 -0.31557685 -1.7004257   0.26244208 -0.35272518
  0.55194366  0.23058665 -1.5657375  -0.10008541]
[-0.09682499  0.1722797   0.88596165  0.16991422  1.7706636   0.44219428
 -0.43034372  0.03372022 -0.18767206 -1.7052176   0.27109325 -0.27309963
  0.5058525   0.18417063 -1.6648493  -0.14014947]
[-1.21098876e-01  2.04434723e-01  8.59350502e-01  2.27862239e-01
  1.84521461e+00  4.15654659e-01 -4.68462616e-01  4.34798014e-04
 -1.72592953e-01 -1.73124659e+00  3.24396431e-01 -2.67467976e-01
  4.59632218e-01  1.79551631e-01 -1.73189473e+00 -8.46622810e-02]
[-0.13159391  0.19142708  0.86494553  0.24495324  1.922232    0.39292568
 -0.5271875  -0.01316076 -0.18223372 -1.7330679   0.34669632 -0.29324466
  0.494656    0.14723356 -1.7274597  -0.05752493]
[-0.07189461  0.16802986  0.7719037   0.40290672  2.0525713   0.2355583
 -0.46247396 -0.10905552 -0.32277095 -1.745916    0.50195664 -0.42494574
  0.49851957  0.25945717 -1.846212    0.03267516]
[-1.2604825e-01  2.0265663e-01  8.0731201e-01  2.8854328e-01
  1.9971859e+00  3.1714097e-01 -4.9512115e-01 -6.8478331e-02
 -3.1425291e-01 -1.7734314e+00  4.5282769e-01 -3.6728090e-01
  4.9506122e-01  2.1760397e-01 -1.6920065e+00 -2.2063256e-04]
[-0.1440742   0.169659    0.8395313   0.2442071   2.0086532   0.34228307
 -0.5487093  -0.04861646 -0.29393062 -1.7307966   0.3857954  -0.3653951
  0.48782262  0.19941442 -1.6301113   0.02786824]
[-0.08238824  0.11589272  0.7787305   0.33033657  2.0393128   0.2543805
 -0.48429608 -0.08586128 -0.37074256 -1.7257292   0.40675703 -0.43624958
  0.5623438   0.22978894 -1.6786835   0.09124695]
[-0.05455687  0.08435924  0.7815363   0.4005134   2.0082803   0.23247436
 -0.3946483  -0.12335177 -0.4240561  -1.7162125   0.39907134 -0.43966427
  0.5251334   0.321785   -1.7323631   0.07519026]
[-0.13788226  0.1839507   0.8591272   0.27648807  1.8705009   0.41955057
 -0.47658882 -0.05037736 -0.26709777 -1.7372961   0.30034298 -0.28952208
  0.4607784   0.20854339 -1.6541563  -0.02385166]
[-0.15342724  0.1437442   0.84264326  0.27989024  1.935797    0.37164053
 -0.54369867 -0.00521382 -0.2532851  -1.7642109   0.31566644 -0.31983975
  0.53662574  0.17996728 -1.6527874   0.02986382]
[-0.12960854  0.1499997   0.74295837  0.40612048  2.0319214   0.26369214
 -0.50567067 -0.07640925 -0.32862735 -1.7755079   0.40910262 -0.39440545
  0.52717054  0.26020482 -1.7487949   0.11367232]
[-0.15312983  0.14744897  0.74873513  0.39270058  1.9841645   0.31490943
 -0.50191116 -0.02669268 -0.3040526  -1.7133825   0.32222247 -0.30726725
  0.49529848  0.26312968 -1.7527611   0.03494794]
[-0.17710546  0.12094045  0.7696579   0.35167488  2.0343888   0.28918925
 -0.5792524   0.02386298 -0.22650504 -1.7209257   0.34164158 -0.30649304
  0.514873    0.21684866 -1.7452228   0.03575248]
[-0.12610254  0.07064047  0.67299074  0.48289338  2.101051    0.16299626
 -0.47022954 -0.03116085 -0.29854998 -1.6927811   0.41626248 -0.38799363
  0.53851783  0.33130273 -1.8955361   0.06812552]
[-0.14865327  0.09312122  0.67731404  0.4738117   2.0471973   0.20798704
 -0.45182142  0.00466709 -0.2682164  -1.7045238   0.36716837 -0.3447463
  0.4981123   0.34801847 -1.8843046   0.02730619]
[-0.19015978  0.12669747  0.78688604  0.39737758  1.9586203   0.34933767
 -0.49856845  0.03311866 -0.20026341 -1.6882153   0.2812227  -0.24466646
  0.45489     0.25546345 -1.8217567  -0.05995896]
[-0.09163739  0.06867233  0.70730084  0.5147385   1.9577343   0.21356265
 -0.38154912 -0.00380878 -0.21546769 -1.642573    0.36136758 -0.3085475
  0.4212598   0.35444778 -2.0145712  -0.002369  ]
[-0.14476554  0.12009673  0.78278756  0.40439883  1.9241962   0.3046258
 -0.43256107  0.02778588 -0.19065504 -1.7324247   0.32979804 -0.28594166
  0.4421796   0.28748584 -1.8570331  -0.04066476]
[-0.19773379  0.18070138  0.8397602   0.28693095  1.809324    0.4263514
 -0.47118297  0.0826968  -0.10640465 -1.7422438   0.22512956 -0.17222646
  0.44115123  0.2056988  -1.7219441  -0.14704117]
[-0.1491451   0.22295654  0.803411    0.3398884   1.8577306   0.36490172
 -0.46291655  0.02178022 -0.15720694 -1.7567562   0.31049475 -0.26051491
  0.41315293  0.2320315  -1.7750175  -0.06319816]
[-0.09540719  0.21137175  0.8093316   0.32417363  1.8123493   0.34197322
 -0.4024493   0.03579853 -0.14052334 -1.7216613   0.31366593 -0.26425052
  0.37847856  0.24924648 -1.8498919  -0.0620802 ]
[-0.09088229  0.23666504  0.83558875  0.18741518  1.7344391   0.41451317
 -0.41912284  0.09794501 -0.02370456 -1.6774919   0.28424555 -0.19905797
  0.34282008  0.18109068 -1.8358719  -0.13076612]
[-0.11733057  0.23496509  0.80507505  0.25578386  1.8431637   0.3601361
 -0.46164307  0.04473475 -0.05979471 -1.7133319   0.3576867  -0.21991012
  0.36972255  0.18392189 -1.874696   -0.06977753]
[-0.01368778  0.20311578  0.7503255   0.4157949   1.9546067   0.25137514
 -0.38163972 -0.08943335 -0.2030122  -1.6767334   0.45583096 -0.32683268
  0.34290245  0.27942014 -2.036352    0.01341324]
[-0.00445095  0.25817245  0.7325425   0.42654496  1.9830287   0.23788098
 -0.36579823 -0.1511728  -0.251221   -1.7363945   0.56499887 -0.40107402
  0.32374457  0.28052014 -2.0213788   0.06442835]
[-0.12255184  0.30011111  0.80367434  0.24262485  1.9893745   0.3456429
 -0.51208574 -0.10101007 -0.20507455 -1.8351519   0.5357863  -0.356008
  0.43421406  0.12388779 -1.7287931   0.02741091]
[-0.08311269  0.20083973  0.7549928   0.29894608  2.0988083   0.2469093
 -0.5231627  -0.13865967 -0.34754726 -1.785573    0.5391077  -0.45765743
  0.4810353   0.2160796  -1.6936581   0.13867608]
[-0.06562902  0.15484568  0.7651186   0.2990413   2.0799632   0.25045022
 -0.51283395 -0.13757722 -0.39157242 -1.7537091   0.48590952 -0.47408304
  0.52843195  0.22099705 -1.648526    0.1458966 ]
[-0.07296445  0.11808158  0.7582258   0.36602467  2.083765    0.22981358
 -0.47797886 -0.14625901 -0.45023975 -1.7426074   0.45212585 -0.48092866
  0.55231994  0.26991522 -1.6583235   0.1458611 ]
[-0.10521571  0.18393151  0.8288177   0.28619707  1.9939026   0.3558096
 -0.5036918  -0.08960128 -0.3368185  -1.7370342   0.39316657 -0.3814576
  0.5015553   0.20638661 -1.6794384   0.0266372 ]
[-0.11013682  0.11673898  0.8158701   0.29508033  2.0356781   0.3075003
 -0.5495221  -0.05366244 -0.3444928  -1.7190895   0.40979114 -0.38148245
  0.56915635  0.19280466 -1.672261    0.0295761 ]
[-0.08495963  0.13248058  0.74818563  0.36323577  2.1163564   0.20792802
 -0.52917844 -0.09353121 -0.37080574 -1.7433529   0.46187443 -0.44956392
  0.5408225   0.24483971 -1.7338097   0.13530478]
[-0.06083243  0.1426969   0.74030477  0.37686527  2.071813    0.22280578
 -0.48602486 -0.08784783 -0.37974045 -1.7080599   0.42553455 -0.4320888
  0.4854226   0.25123632 -1.7548895   0.13947146]
[-0.06627411  0.11290648  0.755571    0.35258532  2.034837    0.2320737
 -0.5052587  -0.05326837 -0.32633954 -1.654712    0.40349293 -0.40218115
  0.47243205  0.2374624  -1.7472551   0.09868181]
[-0.06882568  0.04397874  0.7476858   0.39399996  2.0884044   0.18338786
 -0.47254744 -0.06724437 -0.35027814 -1.6844976   0.40899944 -0.43490696
  0.521658    0.2648021  -1.7646866   0.1347365 ]
[-0.01481186  0.06707686  0.7584984   0.4224693   2.0015757   0.20818448
 -0.39524376 -0.10449433 -0.36697942 -1.6256148   0.36340863 -0.41001034
  0.4314211   0.320999   -1.8396171   0.1279711 ]
[-0.09874469  0.07664852  0.82117903  0.3391816   1.9582472   0.3431437
 -0.48920947 -0.04140646 -0.32223338 -1.681003    0.2919618  -0.3630119
  0.52695334  0.22761516 -1.6798397   0.03381036]
[-0.09278616  0.13373277  0.7680504   0.40728378  2.024881    0.26366606
 -0.4749592  -0.08320261 -0.31094143 -1.7591083   0.4336083  -0.39299574
  0.49968433  0.2662046  -1.8129867   0.07234847]
[-0.15329328  0.17923284  0.77997303  0.36130843  1.9825764   0.34930295
 -0.5180022  -0.02040251 -0.2678961  -1.7603042   0.36245996 -0.28858593
  0.49137935  0.23316824 -1.7490921  -0.04068846]
[-0.14746714  0.16777162  0.787285    0.30629903  1.9938071   0.31411448
 -0.58228433  0.03145025 -0.19167724 -1.736038    0.3516682  -0.2916937
  0.50807726  0.15799847 -1.7499994   0.02357   ]
[-0.13188723  0.08914891  0.6962143   0.4195587   2.1174889   0.19311215
 -0.5492264  -0.01454003 -0.32565075 -1.7121055   0.42345247 -0.40596542
  0.597408    0.25036564 -1.7747189   0.07084171]
[-0.08082126  0.01700079  0.6732408   0.46216312  2.0685515   0.13726142
 -0.41497827  0.01109749 -0.31040463 -1.6154051   0.38242975 -0.37829423
  0.533109    0.36548313 -1.9221041   0.01142927]
[-0.11061279  0.08449773  0.81057453  0.3759655   1.9291894   0.30294883
 -0.44014296  0.04796305 -0.22981592 -1.611851    0.2939468  -0.27607685
  0.47187728  0.29083496 -1.8768094  -0.12675086]
[-0.04304234  0.13072872  0.7594118   0.45610207  1.9347264   0.21538694
 -0.35345015 -0.0491047  -0.23083234 -1.6402165   0.3999265  -0.36476737
  0.42877096  0.33126146 -1.9956808  -0.04167768]
[-0.10529771  0.16851088  0.8230318   0.34146196  1.8983834   0.3203152
 -0.39363298 -0.04557791 -0.22558172 -1.727191    0.41502866 -0.3627711
  0.4952988   0.26541936 -1.8048961  -0.12665293]
[-0.16284886  0.20986268  0.91278476  0.17135185  1.8080794   0.43413344
 -0.43662757  0.01082909 -0.12855561 -1.771239    0.39646208 -0.28427905
  0.5003889   0.19909167 -1.6759456  -0.25143713]
[-0.17155968  0.26049498  0.9255781   0.12756705  1.7960994   0.4577219
 -0.47863778  0.02273904 -0.08888139 -1.83498     0.36264607 -0.250631
  0.513424    0.15474477 -1.6507801  -0.21051192]
[-0.15842393  0.28336903  0.84379417  0.26552066  1.8822339   0.3498487
 -0.4776302  -0.05153819 -0.1871883  -1.8996389   0.48789105 -0.3652928
  0.517147    0.23814702 -1.7219073  -0.06734835]
[-0.21595171  0.27564907  0.87037504  0.27667737  1.8424839   0.45266327
 -0.48236203 -0.03123041 -0.176658   -1.8732246   0.40731978 -0.2989631
  0.4975707   0.20749669 -1.6547096  -0.15976246]
[-0.21704105  0.26350465  0.8683628   0.25810778  1.8609613   0.41432047
 -0.5081002  -0.01492393 -0.11847488 -1.8553646   0.41137105 -0.2614279
  0.4238341   0.16787954 -1.6697948  -0.0838262 ]
[-0.18397345  0.1767951   0.8654436   0.25316706  1.8338411   0.41351658
 -0.5114543   0.01427302 -0.16833131 -1.7806547   0.3003009  -0.25931686
  0.47762537  0.15600643 -1.6138551  -0.03139611]
[-0.14950712  0.14151645  0.79996717  0.34063876  1.9351795   0.34700483
 -0.48433644 -0.06196283 -0.30992088 -1.7668011   0.34826955 -0.37438715
  0.52546674  0.21834831 -1.6146393   0.05015595]
[-0.1407568   0.11359171  0.84537876  0.29459196  1.8388035   0.42493993
 -0.42368078 -0.00712341 -0.29253    -1.7042812   0.22744481 -0.28045917
  0.54613113  0.23764658 -1.6202519  -0.11959431]
[-0.1755155   0.21535721  0.84303606  0.27157408  1.8367268   0.45493278
 -0.46499395  0.0033047  -0.19107763 -1.776459    0.26857954 -0.23519023
  0.47241583  0.21227488 -1.6699693  -0.1246082 ]
[-0.15786734  0.22757253  0.82222766  0.23880228  1.8514007   0.42291623
 -0.51029223  0.04527969 -0.11408998 -1.7948586   0.27127832 -0.20490178
  0.44381252  0.15806185 -1.7134987  -0.04300335]
[-0.0645421   0.18797207  0.74089223  0.37039644  1.9707744   0.26638037
 -0.48607588 -0.0106141  -0.21075518 -1.7506682   0.38846523 -0.32416457
  0.36724448  0.24392089 -1.8848658   0.14175403]
[-0.10310221  0.11047314  0.7659472   0.33325154  1.9630358   0.31195727
 -0.5095924   0.05551535 -0.15590975 -1.6654392   0.29179502 -0.26733482
  0.4277276   0.17890938 -1.8612133   0.0671796 ]
[-1.5239954e-03  3.2456666e-02  6.7495120e-01  5.0745833e-01
  2.0347466e+00  1.7376092e-01 -4.0304017e-01 -4.3465417e-02
 -2.9898915e-01 -1.5358193e+00  3.4488451e-01 -3.5418552e-01
  4.1549700e-01  3.1534797e-01 -2.0237572e+00  1.0417098e-01]
[ 0.0053728   0.01141323  0.730491    0.45149407  2.039951    0.18830743
 -0.4134632  -0.04859278 -0.336878   -1.5505099   0.32515568 -0.3910198
  0.48788327  0.30099106 -1.93816     0.07949744]
[-0.02273334  0.06961766  0.71942145  0.4567744   2.0051215   0.1721771
 -0.40347022 -0.06009086 -0.32728434 -1.6284434   0.38694513 -0.39728892
  0.5067827   0.3370567  -1.9393148   0.06615141]
[-1.2412082e-01  1.2806408e-01  7.4553406e-01  4.0171212e-01
  1.9578741e+00  2.8503582e-01 -4.6232232e-01  5.4362775e-03
 -2.5693086e-01 -1.6967428e+00  3.3419034e-01 -3.1698027e-01
  4.9116978e-01  2.7698138e-01 -1.8267237e+00 -4.7473906e-04]
[-0.12239037  0.11178036  0.78639954  0.3904411   1.9976622   0.2964805
 -0.49856862 -0.00542658 -0.2176787  -1.6765248   0.32938737 -0.2866891
  0.45661086  0.21388268 -1.8453114   0.01096343]
[-0.04726952  0.0483424   0.69913983  0.5069211   2.0666592   0.15508257
 -0.4095188  -0.10191562 -0.34059668 -1.6253229   0.4471019  -0.43009
  0.45435363  0.333322   -1.929684    0.11572218]
[-0.12568809  0.0620647   0.7997149   0.38999397  2.0265117   0.2563295
 -0.46764547 -0.05313166 -0.33798018 -1.7201679   0.38526455 -0.40386266
  0.56877214  0.27715194 -1.7196808   0.0028114 ]
[-0.16424207  0.09621468  0.8531743   0.2979911   1.9002609   0.37654147
 -0.46487308  0.0134252  -0.3021068  -1.7050552   0.27622622 -0.30277735
  0.5705764   0.30039495 -1.6472343  -0.16129091]
[-0.17429197  0.16466267  0.8468994   0.27296713  1.8489816   0.4088378
 -0.4864749   0.04219974 -0.22080164 -1.7664814   0.24680686 -0.25361368
  0.5568522   0.22699893 -1.6505692  -0.12302803]
[-0.15442702  0.20283881  0.7724975   0.30998367  1.9226002   0.33688563
 -0.48853198  0.01574618 -0.20140891 -1.7910635   0.35223395 -0.2989546
  0.51265687  0.22916493 -1.7552999  -0.02276681]
[-0.17878433  0.12912695  0.8065966   0.3278907   1.8673427   0.37597394
 -0.4799448   0.11059606 -0.12290138 -1.704763    0.26778957 -0.21883611
  0.47699767  0.22895439 -1.8193029  -0.12982284]
[-0.16254203  0.09106033  0.8419062   0.30930215  1.8951584   0.34738582
 -0.48732138  0.1086152  -0.09301205 -1.6675692   0.27441818 -0.20480081
  0.48685473  0.20766096 -1.8494335  -0.16355272]
[-0.09263922  0.0549692   0.7499549   0.48175693  1.9648622   0.24564028
 -0.38078028 -0.01221968 -0.25747317 -1.6108983   0.31748435 -0.31668586
  0.48944926  0.3453718  -1.9547584  -0.0874548 ]
[-0.14662324  0.1750186   0.82226276  0.3606783   1.8632953   0.3299949
 -0.42959318 -0.00822847 -0.25595292 -1.7525173   0.3189977  -0.32146877
  0.50433046  0.27317744 -1.7567991  -0.03547214]
[-0.14649354  0.20618539  0.86805356  0.24645302  1.7290252   0.45692268
 -0.4000178   0.03377121 -0.17063108 -1.7155783   0.26271367 -0.23631139
  0.45080337  0.19463548 -1.684633   -0.1570367 ]
[-0.13823658  0.21721229  0.88069516  0.18572246  1.7250172   0.41710335
 -0.4124899   0.07748379 -0.04088158 -1.6995844   0.2898696  -0.22323008
  0.39803413  0.16582072 -1.7574756  -0.14820841]
[-0.13431695  0.17355993  0.8909241   0.17474537  1.7916458   0.4039755
 -0.45136252  0.05684643 -0.09844984 -1.7012726   0.32099622 -0.24473628
  0.4742033   0.20083669 -1.7448828  -0.17817268]
[-0.08920307  0.16873579  0.79902995  0.35218114  1.8635721   0.29614544
 -0.40100566 -0.04887088 -0.20779808 -1.7279055   0.43727016 -0.32755074
  0.44705638  0.37245953 -1.9033092  -0.09525958]
[-0.18270507  0.34678218  0.8431075   0.23238058  1.778134    0.45670256
 -0.523455   -0.00506633 -0.05963095 -1.875156    0.41792482 -0.25363708
  0.3987762   0.19701692 -1.7536867  -0.07730834]
[-0.1956147   0.30602902  0.76740116  0.3355029   1.9135727   0.34638375
 -0.5237815  -0.00232877 -0.052774   -1.8514649   0.49283028 -0.26847783
  0.41111666  0.17464001 -1.8532025  -0.06095973]
[-0.2241878   0.19221279  0.77030104  0.35031313  2.0059521   0.28577685
 -0.57225794  0.03589385 -0.11486648 -1.8117466   0.5118526  -0.30807084
  0.47738308  0.23659813 -1.7987121  -0.10040206]
[-0.18845394  0.08844949  0.8049051   0.40302148  2.0190804   0.2567007
 -0.52355736 -0.0021657  -0.24548325 -1.7507048   0.41836992 -0.35262376
  0.50113773  0.31673974 -1.7646446  -0.04247976]
[-1.8102810e-01  9.2916489e-02  8.1286907e-01  4.3905973e-01
  1.8765697e+00  3.4585157e-01 -4.5496655e-01 -9.5775130e-04
 -2.7590942e-01 -1.6824232e+00  3.1137022e-01 -3.1784341e-01
  5.1988012e-01  3.5946640e-01 -1.7792135e+00 -1.2902725e-01]
[-0.23002045  0.18095997  0.8522156   0.3507898   1.7120113   0.42484742
 -0.41698447  0.06162582 -0.18649709 -1.8081706   0.2550032  -0.23393932
  0.5189599   0.24441008 -1.6333729  -0.15342021]
[-0.2417502   0.27028388  0.8903574   0.25293112  1.6649544   0.4734742
 -0.40387982  0.05089379 -0.05113137 -1.8279346   0.29164603 -0.1708144
  0.38462156  0.19754834 -1.6737267  -0.16980167]
[-0.30091304  0.39080796  0.84881556  0.2472227   1.6325386   0.43134442
 -0.4694686   0.03859473  0.0321076  -1.8845974   0.39634496 -0.14299503
  0.3229326   0.18946467 -1.6989975  -0.09267553]
[-0.33110014  0.3870025   0.79637873  0.31359166  1.6361275   0.3935033
 -0.48258924  0.00540536 -0.00654788 -1.9420067   0.43414527 -0.20074816
  0.34483346  0.20545249 -1.6715069   0.06386127]
[-0.27270254  0.3494338   0.75368357  0.42688006  1.6721766   0.3795511
 -0.45594764 -0.06416784 -0.08791102 -1.8757709   0.43756637 -0.24449988
  0.22141103  0.30859083 -1.7661381   0.16669378]
[-0.26462573  0.42648092  0.711103    0.38869902  1.5806015   0.39723116
 -0.46650654 -0.03206075  0.07502154 -1.8361206   0.4171938  -0.15715654
  0.0631192   0.2524268  -1.8323075   0.22921643]
[-0.31057262  0.36174506  0.63557494  0.43719268  1.760382    0.3754295
 -0.52125585 -0.06391703  0.07715414 -1.7883667   0.47244102 -0.18518755
  0.09048901  0.26459876 -1.8995082   0.24524713]
[-0.2370064   0.3719907   0.49240598  0.6876997   1.8167927   0.26319373
 -0.41259915 -0.19463134 -0.08203758 -1.7215134   0.58642447 -0.2965266
 -0.00750524  0.48454696 -2.174858    0.3773959 ]
[-0.3322874   0.4554379   0.60182345  0.53233904  1.788052    0.44615245
 -0.56322545 -0.1156415   0.04720704 -1.8064692   0.4998053  -0.1879551
  0.00759256  0.32982218 -1.9867626   0.23667541]
[-0.21682087  0.39924484  0.47936815  0.6992005   1.9004698   0.33566588
 -0.49593076 -0.1740189  -0.08893383 -1.6990935   0.54833907 -0.2612788
 -0.06222878  0.4500781  -2.2051296   0.34544954]
[-2.2290659e-01  3.7759668e-01  5.3193152e-01  5.6114638e-01
  1.8867261e+00  3.7002307e-01 -5.7051831e-01 -2.8753465e-02
 -1.0559276e-03 -1.6770573e+00  4.5295516e-01 -1.7328885e-01
 -5.9467696e-02  3.6025086e-01 -2.1561553e+00  3.0204186e-01]
[-0.1627254   0.20755403  0.44039837  0.6604156   1.9603293   0.28668457
 -0.54318756 -0.00313744 -0.04301988 -1.5251226   0.4007432  -0.19480684
  0.02896586  0.41893917 -2.2807114   0.29983777]
[ 0.02175207  0.07129896  0.36300027  0.80991364  1.9754877   0.13976929
 -0.34257218 -0.05808917 -0.1598255  -1.4073786   0.3821282  -0.29951173
  0.10867503  0.5487174  -2.4666655   0.26101375]
[ 0.04290387  0.07177238  0.39928836  0.8256323   2.006215    0.11448717
 -0.2686931  -0.10872018 -0.2457852  -1.4565027   0.39505854 -0.32179102
  0.17809331  0.5328201  -2.4201384   0.20118833]
[-0.02442048  0.12443938  0.51190555  0.65824986  2.0114026   0.15149076
 -0.33878976 -0.03502795 -0.20984907 -1.5712736   0.44533554 -0.28868946
  0.22277255  0.42313227 -2.2492785   0.11105794]
[-0.07449944  0.10560028  0.6605273   0.42246205  1.996398    0.25318593
 -0.49739283  0.07687232 -0.12752597 -1.6560881   0.35809097 -0.23723969
  0.36429602  0.22017857 -1.9675283   0.04433034]
[-0.00278955  0.0170832   0.58181053  0.6084267   2.0061045   0.15793154
 -0.34338564 -0.01578947 -0.25241846 -1.5206249   0.33327064 -0.32849616
  0.3436628   0.38097537 -2.132461    0.10953311]
[-0.03566921  0.03388213  0.69279647  0.3884508   2.0082736   0.18923648
 -0.40103483  0.05430498 -0.2731369  -1.6331844   0.29093257 -0.31456453
  0.45635787  0.29122788 -1.8458405   0.04128085]
[-0.03173143  0.03513877  0.7526397   0.4302453   1.8533691   0.25490028
 -0.32173294  0.08148357 -0.22145458 -1.6235275   0.19326136 -0.23641351
  0.45458     0.2771506  -1.9322792  -0.025725  ]
[-0.04592572  0.10405381  0.75863224  0.35548693  1.7997806   0.33199507
 -0.3396658   0.0973444  -0.15609711 -1.6293061   0.18441153 -0.1910319
  0.40476122  0.2523058  -1.9263237  -0.06058004]
[-0.07995545  0.1193249   0.74524033  0.35021558  1.7957243   0.33874124
 -0.4033049   0.13805847 -0.11454742 -1.6645559   0.18175587 -0.16591129
  0.3908057   0.20838228 -1.8832684  -0.01458797]
[-0.04729602  0.06686069  0.752216    0.34982383  1.8651348   0.30474815
 -0.41935286  0.12021692 -0.14433496 -1.6209494   0.18735209 -0.17325191
  0.4150238   0.20674935 -1.9036624  -0.01843045]
[ 0.00540005  0.05673835  0.63714635  0.502389    1.904088    0.18818805
 -0.3212192   0.05245493 -0.1907274  -1.5473468   0.28923613 -0.24683695
  0.35910407  0.3403564  -2.1266718   0.03799825]
[-0.10165508  0.0616514   0.7233739   0.37105817  1.9107888   0.25499448
 -0.44831792  0.16373932 -0.12955156 -1.6533753   0.21238196 -0.20038736
  0.4848083   0.23273098 -1.8931198  -0.04899404]
[-0.06447429  0.04053453  0.67865384  0.44858232  1.9740074   0.2035776
 -0.38928026  0.10079427 -0.1940561  -1.6334946   0.25043187 -0.24841373
  0.48212975  0.28362074 -1.9747673  -0.01749719]
[-0.06472779  0.04271252  0.66341746  0.5147222   1.9097697   0.18532562
 -0.3408138   0.10761531 -0.14207509 -1.5771817   0.26537567 -0.23168156
  0.36207768  0.35424754 -2.0975099  -0.01223661]
[-0.14353889  0.06586268  0.75250006  0.38407636  1.8692795   0.29824865
 -0.43918443  0.1511713  -0.09466918 -1.6298635   0.23333883 -0.18105257
  0.42791644  0.25278527 -1.9363829  -0.07292301]
[-0.06203226  0.04119291  0.67883676  0.52524316  1.8580605   0.19539979
 -0.2852028   0.06427109 -0.16635723 -1.5554198   0.2945709  -0.2378057
  0.33625025  0.38641578 -2.1180348  -0.01803697]
[-0.15535812  0.11456673  0.8030343   0.3916363   1.7341629   0.36148095
 -0.39301172  0.09840412 -0.1451733  -1.6665081   0.17269412 -0.15716866
  0.40269202  0.25470078 -1.8273033  -0.04822729]
[-0.0954377   0.11724822  0.74395126  0.46395844  1.7338463   0.27548134
 -0.32493323  0.06164268 -0.14806546 -1.6656711   0.25054908 -0.19544165
  0.3501166   0.33094308 -1.9457794  -0.01203767]
[-0.16679206  0.19863608  0.77807164  0.31903565  1.6371601   0.40078807
 -0.39503878  0.13191077 -0.03028113 -1.7288452   0.20220089 -0.11635108
  0.30819646  0.21703406 -1.8041439  -0.00853695]
[-0.16526696  0.22983423  0.71223277  0.3584482   1.6970968   0.36569938
 -0.41439104  0.1003352   0.01836643 -1.7031711   0.2532252  -0.14840326
  0.2523072   0.23930886 -1.8799461   0.02923949]
[-0.17248283  0.20253177  0.73679763  0.3969061   1.730422    0.36868265
 -0.42824155  0.08154367  0.02300422 -1.6630001   0.23697849 -0.13220632
  0.253686    0.24179773 -1.9502237   0.01695121]
[-0.04317386  0.16601281  0.6380211   0.5844125   1.7942269   0.2569991
 -0.28637773 -0.02688618 -0.1079522  -1.5716556   0.29778686 -0.23064724
  0.14329675  0.40383798 -2.2069843   0.1339091 ]
[-0.13137743  0.21261454  0.6836066   0.4093167   1.809655    0.37269053
 -0.45019358  0.04662078 -0.01965366 -1.6636407   0.2936338  -0.1645633
  0.2147886   0.2661505  -2.0161254   0.08114898]
[-0.08810699  0.21083574  0.5880432   0.58528745  1.824117    0.2762999
 -0.39895588  0.01285672 -0.06807111 -1.5980299   0.31858987 -0.17711492
  0.12419005  0.3692941  -2.2223098   0.19024767]
[-0.07360959  0.15278763  0.5734991   0.6483222   1.9259961   0.26007387
 -0.4018031  -0.01981296 -0.12044672 -1.5563902   0.32656577 -0.2100636
  0.18474059  0.35107547 -2.2464576   0.15051425]
[ 0.01381941  0.09118751  0.49635783  0.76247966  1.9365543   0.15431643
 -0.29028136 -0.08391249 -0.22109881 -1.4880378   0.3968266  -0.30765074
  0.2023555   0.48367685 -2.3477163   0.1440718 ]
[-0.10680695  0.08615685  0.6796401   0.45992675  1.9955645   0.26499373
 -0.49176353  0.05732259 -0.16654663 -1.6675152   0.29097372 -0.24142873
  0.4339548   0.2083066  -1.9192566   0.05989837]
[-0.02789534  0.05079036  0.5762316   0.5949378   2.0003924   0.16719398
 -0.36953837  0.00222575 -0.2272081  -1.5513577   0.3409845  -0.30345738
  0.33854827  0.36925083 -2.1346395   0.1169266 ]
[-0.09169999  0.01748661  0.67988306  0.51048315  1.9534689   0.22427025
 -0.39615953  0.06814822 -0.24454835 -1.5881995   0.24818726 -0.2639947
  0.41021404  0.31868282 -1.948206    0.04420531]
[-0.03918198  0.03306084  0.6552273   0.5304044   1.9510281   0.21000135
 -0.31268948  0.03156427 -0.20500007 -1.5699637   0.28791898 -0.26913184
  0.36695254  0.34730443 -2.0915966   0.01373426]
[-0.07059531  0.05507057  0.6809342   0.49685532  1.8923957   0.24240129
 -0.320843    0.0698849  -0.17739391 -1.5974401   0.26629984 -0.23976295
  0.3768685   0.34071738 -2.0275524  -0.04935498]
[-0.11455441  0.13019058  0.77111065  0.3520357   1.8073864   0.35622972
 -0.4074626   0.10411688 -0.12826401 -1.7003006   0.20048025 -0.16928643
  0.43089223  0.20846649 -1.8455944  -0.05470248]
[-0.05007366  0.1125038   0.6956386   0.45225376  1.817107    0.28696936
 -0.33039087  0.06172954 -0.14987868 -1.6025114   0.24700055 -0.20763321
  0.35445178  0.31530982 -2.0395484  -0.02303269]
[-0.09586781  0.11982983  0.7520397   0.34802112  1.7574517   0.3235532
 -0.38837606  0.15887313 -0.08390148 -1.6637294   0.17168662 -0.16245885
  0.38132876  0.22574899 -1.8953612  -0.00662279]
[-0.07155336  0.08493115  0.72883904  0.34458178  1.8363403   0.31800234
 -0.3886749   0.11961848 -0.10097356 -1.5937147   0.19266461 -0.171105
  0.37558764  0.23168126 -1.9482384  -0.01714974]
[-0.029928    0.08176176  0.6507093   0.5086351   1.8381033   0.20750825
 -0.3022371   0.06696331 -0.14666058 -1.5648359   0.2593457  -0.22490947
  0.29895303  0.35957676 -2.1141307   0.05292013]
[-0.08403658  0.11381626  0.74770916  0.38484812  1.829603    0.31345704
 -0.40442783  0.10811532 -0.12700394 -1.6543291   0.20136908 -0.181593
  0.3950668   0.25172406 -1.9188286  -0.03442206]
[-0.02573612  0.12836634  0.63140756  0.5362195   1.8460906   0.22269396
 -0.30622548  0.02594705 -0.17341033 -1.5989661   0.29629555 -0.24259806
  0.31148666  0.34823844 -2.123843    0.06658556]
[-0.10907672  0.1265279   0.6964735   0.38979685  1.8318335   0.29014885
 -0.4192528   0.14950138 -0.07367168 -1.6597668   0.22480378 -0.17709847
  0.35051364  0.25424102 -1.93834     0.00605286]
[-0.09037557  0.07963325  0.70211685  0.4264678   1.8488684   0.28872606
 -0.43280783  0.12930235 -0.09638692 -1.5894992   0.21400014 -0.16264558
  0.36086833  0.24600263 -2.0011017   0.01800015]
[ 0.00621645  0.01739954  0.57824343  0.6285043   1.8889663   0.1454282
 -0.25071478  0.03336658 -0.17089526 -1.4678087   0.292989   -0.26502237
  0.25232306  0.4490029  -2.264203    0.06647229]
[-0.11065944  0.10325646  0.74809694  0.3941227   1.8937542   0.31148225
 -0.43327555  0.09391924 -0.13116364 -1.684634    0.23184872 -0.18384087
  0.41134796  0.21326783 -1.8883317  -0.02828231]
[-0.06581231  0.1147534   0.6398979   0.52354705  1.931701    0.17999098
 -0.32979327  0.02073381 -0.1918657  -1.6509867   0.35265914 -0.27196798
  0.3170769   0.3771616  -2.0575325   0.0526261 ]
[-0.15642641  0.14259498  0.73077995  0.37239337  1.8604978   0.35640603
 -0.4617335   0.10013402 -0.11192372 -1.7005268   0.2492665  -0.174641
  0.39002714  0.22603905 -1.8613193  -0.01977615]
[-0.06562586  0.07262577  0.6676611   0.46786642  1.8953846   0.23746374
 -0.36819702  0.08335961 -0.14735368 -1.6167463   0.2687443  -0.23392586
  0.34875575  0.3188508  -2.026118    0.03904333]
[-0.09542538  0.06283583  0.7439349   0.3814892   1.8210869   0.3423515
 -0.4152214   0.13704774 -0.10138319 -1.5922458   0.14182568 -0.1411744
  0.3947452   0.22325878 -1.9248508  -0.03763949]
[-0.00469465  0.03020468  0.63901603  0.56693166  1.8581498   0.20394854
 -0.26726207  0.05805757 -0.1736429  -1.5114326   0.2201174  -0.23263514
  0.30574936  0.40026078 -2.179314    0.02696947]
[-0.10374508  0.09286396  0.73560506  0.37432694  1.8283933   0.34571546
 -0.41773844  0.13153423 -0.11606829 -1.6453911   0.16834156 -0.15307078
  0.4152194   0.2053723  -1.9044994  -0.01523519]
[-0.02663732  0.03369993  0.66004074  0.5386648   1.8601267   0.21021378
 -0.29468125  0.07919333 -0.17037705 -1.547891    0.19800545 -0.22088344
  0.3092789   0.33673507 -2.1055942   0.08313379]
[-0.07672963  0.02948881  0.7315384   0.39192212  1.844507    0.3231844
 -0.41866073  0.1316966  -0.13067035 -1.5654933   0.14406386 -0.15698671
  0.39097494  0.22419485 -1.9259354   0.00442044]
[ 0.01236845 -0.03295844  0.636537    0.5722639   1.8871301   0.17991097
 -0.27444357  0.0563118  -0.21739116 -1.4606107   0.2136657  -0.25011033
  0.3272871   0.3874344  -2.161975    0.06521942]
[-0.07482071  0.04761089  0.7330326   0.38049123  1.8419987   0.32810697
 -0.40450305  0.12264423 -0.16567346 -1.5794519   0.11915205 -0.16643855
  0.44505224  0.23673955 -1.8977289  -0.02430716]
[-0.0311286   0.0558519   0.6516427   0.5102695   1.8900366   0.21598229
 -0.3290313   0.08162497 -0.18678363 -1.5536889   0.19797926 -0.22422758
  0.37220937  0.33817935 -2.0718763   0.02532153]
[-0.08795448  0.1068949   0.71643126  0.3904299   1.8694346   0.3014838
 -0.4281516   0.14383678 -0.11930201 -1.6336663   0.18998146 -0.15660118
  0.40839583  0.2215066  -1.9592499  -0.02219491]
[-0.01729634  0.07856199  0.60998356  0.5369146   1.8869709   0.16708133
 -0.3017968   0.09115256 -0.14165965 -1.5614378   0.2764452  -0.23511437
  0.29421914  0.3749196  -2.174042    0.0568626 ]
[-0.074841    0.04565787  0.7396624   0.40138358  1.8628622   0.29390755
 -0.41628462  0.1447677  -0.10397921 -1.5484989   0.17746189 -0.17633215
  0.37400588  0.22973652 -1.9700333  -0.04001266]
[ 0.04376511 -0.00955835  0.6625454   0.5584705   1.9020145   0.16860858
 -0.25890297  0.02748135 -0.21295054 -1.4552934   0.2666241  -0.2746012
  0.32632095  0.41545638 -2.1935496  -0.02963741]
[-0.02173855  0.07447475  0.751575    0.40267044  1.8429925   0.26775154
 -0.34322777  0.06966756 -0.19352019 -1.610595    0.23547482 -0.2406812
  0.41378498  0.27383226 -1.9570382  -0.02589436]
[-0.07086438  0.16005725  0.7691532   0.3335145   1.8163736   0.32340685
 -0.38519093  0.07302429 -0.13001421 -1.6903261   0.23939538 -0.22531292
  0.37750998  0.22311547 -1.8631527  -0.00807788]
[-0.08427538  0.15362011  0.7705859   0.33911222  1.9134924   0.32665777
 -0.42020735  0.04091091 -0.15634891 -1.7059345   0.30727014 -0.22878572
  0.39162964  0.19880244 -1.86536    -0.04100509]
[-0.03725988  0.1348433   0.6975435   0.40783557  1.9421501   0.19760661
 -0.36878246  0.02113532 -0.17697759 -1.7130677   0.40788126 -0.29531005
  0.35026288  0.30565667 -1.9770718   0.04461293]
[-0.11702226  0.14482145  0.7702797   0.30474633  1.9134989   0.32947132
 -0.5008964   0.05805417 -0.16326389 -1.7576773   0.28245673 -0.25033328
  0.4454898   0.18875155 -1.7414395   0.03764199]
[-0.01543829  0.11051641  0.67288417  0.4501317   1.9182894   0.22503094
 -0.40440416  0.03466821 -0.2007875  -1.6443684   0.29039654 -0.26926693
  0.3754508   0.27207017 -1.9688419   0.0986401 ]
[-0.07971866  0.07447211  0.7095759   0.3870404   1.9125096   0.28614515
 -0.4537908   0.11227809 -0.15852977 -1.6400226   0.22155564 -0.200021
  0.41070318  0.20328009 -1.8908867   0.04888665]
[-3.8801430e-04  9.2569645e-03  5.9336823e-01  5.0208730e-01
  1.9468454e+00  1.3793404e-01 -3.2945117e-01  8.5656345e-02
 -1.9304112e-01 -1.5456711e+00  2.6076591e-01 -2.5742236e-01
  3.1760401e-01  3.2736483e-01 -2.0763350e+00  1.6715856e-01]
[-0.04567357 -0.01891151  0.686696    0.4515829   1.9322758   0.2454097
 -0.41684532  0.11141226 -0.17299601 -1.5129207   0.1618732  -0.20104906
  0.367554    0.23698935 -1.9670277   0.08544724]
[ 0.05116295 -0.05725281  0.58418995  0.65977395  1.9575437   0.1324354
 -0.24652453 -0.01361819 -0.2940821  -1.4380369   0.24016586 -0.3005666
  0.30955133  0.43057185 -2.1930747   0.12057672]
[-0.0053215   0.01160158  0.654111    0.50900066  1.9559648   0.22004004
 -0.33321327  0.02221173 -0.28703794 -1.5711514   0.24673077 -0.26199064
  0.40063205  0.32720104 -1.9895233   0.04291774]
[-0.07560971  0.08121334  0.6938183   0.42537537  1.8627352   0.29282504
 -0.42735767  0.13813242 -0.13621885 -1.6180989   0.18150488 -0.17329578
  0.40139395  0.2304912  -1.9475231   0.01328725]
[-0.06162781  0.03068644  0.69310266  0.44066158  1.927508    0.26890117
 -0.43757877  0.12827802 -0.1568412  -1.5699971   0.16689143 -0.17859185
  0.4237259   0.20921715 -1.9597542   0.01766539]
[ 0.01046982 -0.02129629  0.5941516   0.58275306  1.9611009   0.1518946
 -0.3100245   0.07255973 -0.19725564 -1.4770257   0.22982948 -0.24717069
  0.3274458   0.36383724 -2.1642432   0.06469928]
[-0.03589519 -0.00890062  0.6936941   0.43398327  1.9417375   0.21779247
 -0.39783624  0.14456724 -0.16000564 -1.551053    0.18704905 -0.2027593
  0.3985857   0.25512534 -1.9839013   0.0087087 ]
[ 1.5071792e-02 -3.5023302e-02  6.6390163e-01  5.1979899e-01
  1.9357383e+00  1.7837305e-01 -3.0164415e-01  8.7802246e-02
 -1.8712524e-01 -1.4898660e+00  2.2731547e-01 -2.4128585e-01
  3.4563866e-01  3.4686533e-01 -2.1268210e+00 -2.5494694e-04]
[-0.00680923  0.00463046  0.70701075  0.5019045   1.8943676   0.23599958
 -0.3096649   0.07371486 -0.20003545 -1.532568    0.20513621 -0.22891435
  0.3802627   0.31299597 -2.0566223  -0.04322963]
[-0.03188802  0.04605421  0.7697479   0.4110797   1.8655474   0.29943117
 -0.35836872  0.0912394  -0.18565579 -1.605098    0.17517821 -0.19564924
  0.42933694  0.25265777 -1.939563   -0.08580025]
[-0.03179886  0.10151909  0.7616857   0.3707315   1.8368515   0.31686303
 -0.37769544  0.08761182 -0.1790823  -1.6285206   0.22047862 -0.1929882
  0.40236774  0.21672937 -1.9313694  -0.03366024]
[-0.0375873   0.08765297  0.7720722   0.34908888  1.8001163   0.31933814
 -0.39544374  0.11859514 -0.16233832 -1.6251898   0.17848909 -0.18782632
  0.41210717  0.20226033 -1.8958023   0.00604066]
[-0.04169678  0.0809634   0.7612236   0.37619317  1.8496994   0.30013293
 -0.39564824  0.08058982 -0.18935563 -1.6082809   0.20723036 -0.20855768
  0.38794822  0.21603534 -1.8912827   0.01679563]
[-0.00417234  0.03291564  0.7244361   0.45423833  1.8945717   0.2068315
 -0.34678945  0.04459786 -0.23753747 -1.5894797   0.26081964 -0.274398
  0.3677059   0.30310935 -1.9701338   0.07558395]
[-0.02600611  0.09968416  0.7291995   0.37773418  1.873676    0.25253248
 -0.39177087  0.03745127 -0.20633534 -1.6593844   0.27105257 -0.25840098
  0.38358834  0.25376993 -1.8818357   0.08965801]
[-0.05119186  0.1014063   0.6654893   0.45076323  1.881691    0.2531004
 -0.3863995   0.03933481 -0.16022174 -1.5939057   0.27875924 -0.24217448
  0.33990222  0.26998553 -2.00395     0.10162771]
[-0.08837907  0.12134115  0.7041113   0.43430895  1.958585    0.2859693
 -0.46043795  0.03325558 -0.15610936 -1.644957    0.2908127  -0.22626801
  0.39188385  0.21838784 -1.955641    0.03560777]
[-0.05560711  0.12380944  0.6247412   0.55066854  2.0248895   0.17097305
 -0.37853223 -0.02425251 -0.21898249 -1.6282467   0.37965533 -0.31320944
  0.34917372  0.31926745 -2.0801945   0.09952211]
[-8.1122100e-02  1.4932862e-01  6.7121637e-01  5.0109553e-01
  1.9944366e+00  2.1835665e-01 -4.2381543e-01  1.3972014e-03
 -1.8755119e-01 -1.6651738e+00  3.8040695e-01 -2.9362351e-01
  3.2206321e-01  3.0182725e-01 -2.0134928e+00  6.7713514e-02]
[-0.08928519  0.12202603  0.6898302   0.4854687   1.9986556   0.25443557
 -0.436554    0.0050677  -0.20816343 -1.6374385   0.38757116 -0.30364388
  0.3157254   0.3237024  -1.9880186   0.02144955]
[ 4.9840211e-04  8.4340535e-02  6.8585825e-01  4.5211443e-01
  1.9408916e+00  2.0872352e-01 -3.5644668e-01  1.6892150e-02
 -1.9040410e-01 -1.5972022e+00  3.6460340e-01 -2.9346031e-01
  3.2331699e-01  3.2511002e-01 -2.0577216e+00  3.2656349e-02]
[-0.0564909   0.12521729  0.73384386  0.39754662  1.939524    0.30001774
 -0.43666458  0.01923211 -0.192774   -1.6396625   0.32719472 -0.2595861
  0.391608    0.2612638  -1.9317316  -0.0391137 ]
[-0.02734361  0.10822462  0.7527596   0.39681476  1.9260275   0.2709524
 -0.38851935  0.03761644 -0.20042852 -1.6725624   0.3029577  -0.2612092
  0.44763917  0.22676864 -1.9345671  -0.04633986]
[-0.06051082  0.17623073  0.7502897   0.3893136   1.9713228   0.26833454
 -0.4006763  -0.00641811 -0.211351   -1.7325857   0.37060994 -0.28313962
  0.41768152  0.24565227 -1.921284   -0.03352477]
[-0.10861413  0.16745383  0.7407536   0.33352876  1.9840057   0.28835934
 -0.48221746  0.05184378 -0.19186613 -1.7727242   0.38533387 -0.26768908
  0.43935546  0.21883185 -1.8086618  -0.03720247]
[-1.0687069e-01  1.1966555e-01  7.4451530e-01  3.4518471e-01
  2.0025656e+00  2.8495383e-01 -5.1208818e-01  4.5896724e-02
 -2.2576138e-01 -1.7689686e+00  3.4869736e-01 -2.9109681e-01
  5.0792176e-01  2.0344576e-01 -1.7565644e+00  5.9540273e-04]
[-0.05077367  0.06713849  0.73174906  0.3991197   1.9886774   0.27320713
 -0.4470802   0.03307224 -0.260997   -1.6542594   0.30481228 -0.27876687
  0.4950692   0.23769167 -1.8602574  -0.03884647]
[-0.05061664  0.04075263  0.76214206  0.36234444  1.9238303   0.25506493
 -0.4362542   0.1161988  -0.19872275 -1.6464765   0.24289918 -0.24357374
  0.5085075   0.23245795 -1.8689668  -0.06103675]
[-0.10090933  0.05244015  0.7819355   0.30567712  1.9725103   0.27515414
 -0.47742796  0.11883731 -0.19959839 -1.703501    0.23230895 -0.26170406
  0.54987586  0.19585931 -1.7445542  -0.05618735]
[-0.03596104  0.02007622  0.7344014   0.40937653  1.93114     0.22842392
 -0.37506327  0.09743098 -0.20342508 -1.6078537   0.21122566 -0.2512762
  0.44522682  0.26579624 -1.915987   -0.01276918]
[-0.09326486  0.02108055  0.7837287   0.34157544  1.9224555   0.2905547
 -0.46124378  0.13656814 -0.18187892 -1.6569706   0.20054746 -0.22795323
  0.4929203   0.22287531 -1.8043302  -0.04676911]
[-0.03176953  0.00641887  0.73835886  0.44676727  1.8864906   0.24939284
 -0.34229708  0.09138906 -0.20068607 -1.5637728   0.2193046  -0.22326183
  0.43560904  0.29891667 -2.0088627  -0.06520253]
[-0.07756198  0.05816649  0.7648982   0.3957736   1.8340461   0.3079501
 -0.3780512   0.12436493 -0.15721975 -1.6008079   0.18141812 -0.18779746
  0.46364576  0.26313725 -1.9351425  -0.11993287]
[-0.1119947   0.12691015  0.8028699   0.32755435  1.8196338   0.35890195
 -0.44928652  0.14167456 -0.12319805 -1.6886212   0.18889758 -0.16017081
  0.48185286  0.19573405 -1.8191872  -0.15392962]
[-0.0447244   0.11936088  0.76005757  0.4235797   1.8349196   0.26154798
 -0.35185704  0.08694132 -0.15761697 -1.6470741   0.25807333 -0.22271247
  0.4063286   0.2845632  -1.9854765  -0.08827311]
[-0.09456851  0.1577352   0.77187693  0.312699    1.7812932   0.31835964
 -0.413095    0.14553504 -0.06434242 -1.6738962   0.25612646 -0.1927683
  0.36814222  0.2363183  -1.8955517  -0.07470463]
[-0.12223114  0.1119416   0.7860624   0.32844895  1.8437179   0.30327842
 -0.4197235   0.12613592 -0.07416381 -1.6641115   0.28669077 -0.19202977
  0.38857928  0.24702919 -1.9085993  -0.10461716]
[-5.30411713e-02  1.12746835e-01  7.53607035e-01  4.66354698e-01
  1.86596203e+00  2.67291725e-01 -3.19304764e-01  6.96259725e-04
 -1.77757367e-01 -1.63506222e+00  3.21820438e-01 -2.45937303e-01
  3.82684082e-01  3.30829561e-01 -2.03677988e+00 -9.84269157e-02]
[-0.10449354  0.21686096  0.75818586  0.4251662   1.840987    0.30546314
 -0.35312212 -0.01147839 -0.15508643 -1.7679665   0.39771563 -0.2580592
  0.4129365   0.307589   -1.9697374  -0.10866997]
[-0.19808814  0.29438242  0.81279945  0.27639276  1.838528    0.41293555
 -0.482658    0.02290527 -0.0756099  -1.8842407   0.38401854 -0.20825966
  0.4448123   0.15931734 -1.7316834  -0.12652396]
[-0.24094288  0.28433827  0.8082899   0.27530524  1.9249475   0.3628996
 -0.54270566  0.03561962 -0.08366501 -1.9065281   0.43750352 -0.23742247
  0.43852672  0.19064136 -1.711943   -0.09515896]
[-0.22215374  0.21006012  0.80511034  0.2846188   1.8810867   0.37134933
 -0.5174637   0.08671437 -0.08068674 -1.8260128   0.3631864  -0.20567656
  0.49055958  0.20709741 -1.7643013  -0.14673764]
[-0.21776004  0.18579963  0.7486877   0.41116682  1.968487    0.29936045
 -0.5022995   0.01299055 -0.19868484 -1.8429458   0.4178497  -0.29960394
  0.51603425  0.29248342 -1.7931483  -0.05885562]
[-0.18985102  0.18138996  0.7851116   0.375711    1.8881185   0.35644418
 -0.45281172  0.05192945 -0.133127   -1.7553489   0.31417185 -0.22702606
  0.44107175  0.27276796 -1.8610481  -0.10940228]
[-0.16018096  0.21243748  0.7647431   0.4068448   1.8023669   0.31924924
 -0.4051136   0.05196322 -0.11639414 -1.74023     0.32367986 -0.21902856
  0.4104824   0.27459154 -1.9173462  -0.06905719]
[-0.22314274  0.2066265   0.8272163   0.2961223   1.7719109   0.41280374
 -0.4440325   0.08474772 -0.06199513 -1.7434857   0.26649925 -0.15525946
  0.41707626  0.19295715 -1.7796227  -0.130388  ]
[-0.15211456  0.17266634  0.7752489   0.40595692  1.8180122   0.31303898
 -0.3678526   0.0261779  -0.13420503 -1.7027603   0.34517398 -0.23806545
  0.38471556  0.3443148  -1.9494674  -0.10437532]
[-0.22747913  0.2628204   0.84574336  0.27654803  1.7620611   0.4365868
 -0.45685378  0.04886027 -0.0579445  -1.8099334   0.3062777  -0.16993234
  0.4313674   0.22107756 -1.7642977  -0.1675447 ]
[-0.16584161  0.2635522   0.763775    0.38722518  1.7971985   0.35449293
 -0.39499435 -0.02088078 -0.11571199 -1.7949063   0.38730475 -0.23580484
  0.3672889   0.31137055 -1.9062898  -0.05823405]
[-0.26640648  0.3121526   0.82398576  0.25497344  1.7991184   0.4553916
 -0.50411713  0.03482303  0.00917355 -1.8606756   0.3849494  -0.20416471
  0.391253    0.20251484 -1.7708746  -0.12342974]
[-0.23914523  0.27463192  0.79859644  0.34803048  1.8535395   0.38429824
 -0.4688131   0.01567423 -0.0495927  -1.8338068   0.37558085 -0.20804563
  0.38275656  0.20574133 -1.856447   -0.04271929]
[-0.17474988  0.22003928  0.7485448   0.44271737  1.905563    0.32164177
 -0.43258324 -0.03968346 -0.17298281 -1.7615938   0.39233467 -0.27564338
  0.34811687  0.3092632  -1.9189104   0.03006882]
[-0.20277567  0.1948038   0.7639449   0.37878013  1.8938824   0.36399618
 -0.49706966  0.00266684 -0.17198184 -1.7731597   0.37553632 -0.27334914
  0.4150579   0.2864712  -1.8184326   0.00315485]
[-0.20839386  0.1847156   0.7970897   0.39293727  1.8034375   0.4122951
 -0.4670845   0.03978539 -0.1194372  -1.7118635   0.2762646  -0.19024186
  0.37882066  0.28699532 -1.879579   -0.05622219]
[-0.16046694  0.1842742   0.7534336   0.40618595  1.8836349   0.33069545
 -0.44616908  0.01962674 -0.14164846 -1.7394282   0.32350117 -0.2394158
  0.4021171   0.3002115  -1.9051716  -0.03066054]
[-0.24120465  0.23593071  0.7551055   0.34716636  1.8359451   0.36919317
 -0.52552587  0.08882746 -0.05071718 -1.7834556   0.29859546 -0.17626476
  0.43629807  0.20955725 -1.8204361  -0.0369502 ]
[-0.23003554  0.17416647  0.69010806  0.46425337  1.9855907   0.27032262
 -0.49219757  0.02100045 -0.15051176 -1.7636639   0.39284623 -0.2720216
  0.4535219   0.3211144  -1.927502    0.00423018]
[-0.18128937  0.18120113  0.6534467   0.5480305   1.8881868   0.24865368
 -0.40808207  0.04161385 -0.11594455 -1.6974987   0.36233675 -0.22920224
  0.33061963  0.36216015 -2.0723562   0.02945267]
[-0.23649132  0.18877275  0.7808728   0.41141304  1.8269793   0.35310072
 -0.49062997  0.0844494  -0.04000651 -1.7133766   0.2715223  -0.15870488
  0.35089833  0.25434074 -1.9130646  -0.02943243]
[-0.14506125  0.13118781  0.6575402   0.6004187   1.8784176   0.23854265
 -0.35478836 -0.04701927 -0.17422335 -1.6203493   0.3755276  -0.28291216
  0.31157774  0.42613643 -2.1033664   0.04908493]
[-2.0774405e-01  2.0757227e-01  7.5584018e-01  4.4468635e-01
  1.7891346e+00  3.2241181e-01 -3.9319938e-01  2.6111901e-04
 -1.2768459e-01 -1.7698132e+00  3.4649825e-01 -2.5274450e-01
  3.4337491e-01  3.1918254e-01 -1.8919958e+00  5.7368856e-02]
[-2.63636589e-01  2.29239732e-01  8.35915864e-01  2.88428545e-01
  1.69721293e+00  4.68000472e-01 -4.64510143e-01  8.50425959e-02
 -3.07640439e-04 -1.76834273e+00  2.25624844e-01 -1.17752194e-01
  3.63160223e-01  2.30393887e-01 -1.76578426e+00 -1.02582291e-01]
[-0.20028353  0.20654103  0.7353692   0.452031    1.8073418   0.33177143
 -0.43470564  0.03545492 -0.08294372 -1.7586339   0.34946802 -0.21338157
  0.36036307  0.34640795 -1.9683659  -0.0266715 ]
[-0.25774527  0.29038423  0.7653345   0.36525545  1.7403405   0.42743254
 -0.4832785   0.07891998  0.00931027 -1.802831    0.30105194 -0.14355636
  0.3173601   0.26000914 -1.8908085  -0.03529391]
[-2.1995518e-01  2.7609426e-01  6.7097890e-01  5.0524557e-01
  1.7872932e+00  3.4313065e-01 -4.3596858e-01  3.9842375e-02
  1.9451141e-03 -1.7178379e+00  3.8089222e-01 -1.7720422e-01
  2.4223141e-01  3.4836298e-01 -2.0967638e+00 -7.7961446e-03]
[-0.24414475  0.20786686  0.732508    0.42383838  1.8408836   0.31670308
 -0.49701557  0.12983632  0.071023   -1.7300842   0.36078984 -0.17265312
  0.33183563  0.28040785 -2.03789    -0.07689802]
[-1.6866812e-01  1.7156033e-01  6.2819546e-01  6.0742652e-01
  1.9036341e+00  2.3730731e-01 -3.7944159e-01  1.9337834e-04
 -8.9860715e-02 -1.6481518e+00  4.2928666e-01 -2.5986615e-01
  2.4961610e-01  4.3928313e-01 -2.2037137e+00  2.2039041e-02]
[-0.1730994   0.19790034  0.6833904   0.5138134   1.808659    0.27846938
 -0.38692915  0.03094975 -0.05176678 -1.666812    0.39735988 -0.21730642
  0.24526119  0.41990405 -2.1080449  -0.03373666]
[-0.2332797   0.2599518   0.7738861   0.42060867  1.719733    0.42135686
 -0.4488492   0.06217377  0.02316171 -1.6917553   0.3455554  -0.14121923
  0.279593    0.32267618 -2.0379252  -0.14072318]
[-0.17767306  0.22891411  0.69376403  0.54976904  1.8132629   0.3140823
 -0.3261199  -0.03696143 -0.09100563 -1.6914803   0.41958648 -0.23686533
  0.27814215  0.40675488 -2.1274433  -0.08053216]
[-0.2543699   0.36196595  0.8266653   0.26020372  1.6727092   0.45472687
 -0.45003033  0.0620052   0.07265882 -1.8729233   0.34029573 -0.09855213
  0.3068003   0.2165893  -1.7770281  -0.18349722]
[-0.2636817   0.30635786  0.80689394  0.2776999   1.7255051   0.4554903
 -0.49580136  0.07286669  0.04462187 -1.8671182   0.33906496 -0.13524082
  0.39162025  0.18578617 -1.7563846  -0.14914915]
[-0.22348435  0.2166296   0.7532252   0.41802114  1.8229662   0.4172762
 -0.4414553   0.03685399 -0.07279626 -1.7656044   0.35121006 -0.20413196
  0.38933647  0.2927104  -1.9204565  -0.13385841]
[-0.23807736  0.23541932  0.78002775  0.3225503   1.7291343   0.44401255
 -0.44443387  0.14434472  0.04528434 -1.7503808   0.21110432 -0.08128926
  0.3832076   0.20692801 -1.8498358  -0.20066318]
[-0.22095323  0.19651553  0.8226118   0.30624118  1.7599981   0.4281664
 -0.48891777  0.14857125  0.02468695 -1.7153084   0.21479301 -0.09724753
  0.42971158  0.18998815 -1.8689629  -0.19426672]
[-0.09880065  0.12595405  0.7025453   0.5428141   1.8312738   0.2770834
 -0.32665044  0.02802972 -0.14303274 -1.614925    0.2930979  -0.23114952
  0.35471493  0.3824226  -2.121411   -0.06480709]
[-0.17970566  0.15623897  0.83904237  0.261015    1.7226067   0.40693408
 -0.4230205   0.18525806  0.00934229 -1.7193941   0.18412103 -0.12299748
  0.41139498  0.2156527  -1.8210402  -0.18932983]
[-0.19391167  0.13211828  0.82940274  0.3272627   1.7662547   0.40384674
 -0.44792932  0.14698245 -0.04079969 -1.6882788   0.18067575 -0.11367079
  0.4259979   0.23234311 -1.852775   -0.1714226 ]
[-0.10004246  0.09392536  0.73989797  0.50025296  1.8421228   0.28080112
 -0.32175857  0.03536341 -0.16892369 -1.6382005   0.2847989  -0.22590192
  0.41276747  0.36624932 -2.0470853  -0.11913325]
[-0.16813637  0.1776044   0.7953614   0.3362866   1.7730172   0.40242863
 -0.41210532  0.09933832 -0.08594181 -1.7235672   0.25898594 -0.1597484
  0.47278756  0.24282157 -1.8659389  -0.20863652]
[-0.23311539  0.23796526  0.8383471   0.28491813  1.7347336   0.42839184
 -0.4540225   0.13917463 -0.01197116 -1.7945335   0.23576018 -0.12181239
  0.45368892  0.1784747  -1.7797232  -0.19960561]
[-0.22045581  0.21168342  0.8458649   0.27021474  1.7589495   0.41841307
 -0.46453086  0.13268566 -0.01099208 -1.7573881   0.26922292 -0.14167522
  0.43756     0.21313891 -1.8172209  -0.21074621]
[-0.1619613   0.20290823  0.7541121   0.43381548  1.8421032   0.28509858
 -0.38823348  0.04126514 -0.10215058 -1.7420089   0.384334   -0.24928996
  0.3741792   0.33152112 -1.963768   -0.10518175]
[-0.22715406  0.20637576  0.8405384   0.24006133  1.7669111   0.42509794
 -0.45178375  0.11036875 -0.0041314  -1.7744148   0.31836337 -0.18295151
  0.4206183   0.23284432 -1.7875448  -0.19854467]
[-0.14715679  0.2778981   0.77170444  0.40317553  1.7370064   0.35633525
 -0.34897807 -0.00797094 -0.07056439 -1.7460611   0.40728816 -0.22068086
  0.3139104   0.31283695 -1.9896358  -0.11295042]
[-0.25152275  0.3448531   0.8201419   0.26537034  1.7073536   0.441358
 -0.448009    0.02966986  0.03462456 -1.8587399   0.41289982 -0.1780855
  0.39046633  0.18446296 -1.7992264  -0.15905607]
[-2.2535840e-01  3.0077213e-01  7.8688931e-01  3.7747830e-01
  1.8066521e+00  3.8028732e-01 -4.1583338e-01  5.7437120e-04
 -4.3839734e-02 -1.8339332e+00  4.6804041e-01 -2.4018344e-01
  3.7609380e-01  2.9449496e-01 -1.9260418e+00 -1.7191845e-01]
[-0.28066483  0.3738674   0.79286367  0.302741    1.7548271   0.4181796
 -0.46876115  0.0228149   0.01144294 -1.9167417   0.4662315  -0.18438944
  0.3458836   0.21785335 -1.7835805  -0.13458677]
[-0.27796638  0.35677174  0.83736265  0.24427462  1.744436    0.49126205
 -0.51434076 -0.00408538 -0.0101906  -1.8465141   0.43025675 -0.19432582
  0.33536258  0.19980983 -1.7590526  -0.09417669]
[-2.1656437e-01  3.1921977e-01  7.1779096e-01  4.3709317e-01
  1.8426902e+00  3.3821291e-01 -4.5730963e-01 -8.4136546e-02
 -1.2500691e-01 -1.8303525e+00  5.4755884e-01 -3.0862847e-01
  3.6224756e-01  3.1023890e-01 -1.9146370e+00  1.5022993e-03]
[-0.2921906   0.34421974  0.8085047   0.29316518  1.7770741   0.41556826
 -0.4523716  -0.00718217 -0.03216379 -1.8919036   0.4441317  -0.2165201
  0.35353008  0.21714012 -1.7399794  -0.08099421]
[-0.2510202   0.360943    0.7781451   0.34095225  1.7960476   0.361355
 -0.46542525 -0.05033454 -0.08888202 -1.881576    0.5204345  -0.27289122
  0.3088596   0.32131755 -1.8164723  -0.02045387]
[-0.26638556  0.40049878  0.77678865  0.31119752  1.6830047   0.4402624
 -0.50098664 -0.01809387 -0.00559607 -1.8898814   0.45116052 -0.1955696
  0.32091177  0.2594355  -1.7849544  -0.03988203]
[-0.2517128   0.34724167  0.6605238   0.47246408  1.8292706   0.36658517
 -0.46731615 -0.0762205  -0.06963196 -1.8282108   0.5389252  -0.27041095
  0.28885597  0.33689865 -1.9648693   0.02943164]
[-0.29186723  0.34119725  0.7446109   0.37955552  1.8272253   0.41434035
 -0.5071723  -0.0048889   0.05289355 -1.8353193   0.47938734 -0.20185602
  0.31786442  0.24099605 -1.914944   -0.10434926]
[-0.28992364  0.3087721   0.7482797   0.416578    1.8991625   0.359724
 -0.5319513  -0.01473788 -0.00698228 -1.844642    0.48988527 -0.22958808
  0.39126658  0.2558793  -1.9234371  -0.09083234]
[-0.25898844  0.27242202  0.6724493   0.56534266  1.9852397   0.3056834
 -0.43677992 -0.12861328 -0.16313921 -1.7740961   0.57456297 -0.34224817
  0.34129685  0.43161553 -2.054161   -0.05352791]
[-0.33198127  0.35831496  0.7859966   0.4248549   1.8506895   0.4527278
 -0.47907528 -0.06476842 -0.11787826 -1.8718812   0.5180257  -0.25161308
  0.35414284  0.35940272 -1.8579556  -0.19428512]
[-0.31465557  0.33284423  0.8335821   0.25081033  1.7949482   0.47226888
 -0.51583976  0.0413258   0.01204956 -1.8939502   0.40051275 -0.1771152
  0.40786496  0.18501882 -1.7244656  -0.16778418]
[-0.19721833  0.25500655  0.7809712   0.3938833   1.7986586   0.4019247
 -0.41311842 -0.00742276 -0.11484814 -1.7829202   0.39191377 -0.23116505
  0.37094948  0.30258936 -1.8850696  -0.12734322]
[-0.22004935  0.23726797  0.8667067   0.22751848  1.7348524   0.45569524
 -0.43235168  0.07242484 -0.05028424 -1.8287392   0.27817273 -0.17236571
  0.4514928   0.19345772 -1.6852423  -0.19144827]
[-0.19173364  0.19985992  0.8430829   0.2583563   1.7883396   0.42035705
 -0.424779    0.07630475 -0.07351274 -1.8090012   0.29654798 -0.21030717
  0.4734115   0.23722026 -1.7639046  -0.18424359]
[-0.22553897  0.2471393   0.8566538   0.23835461  1.739233    0.4824558
 -0.45445213  0.10873806 -0.00932867 -1.804095    0.24971382 -0.12657651
  0.48553547  0.18210356 -1.7585747  -0.27729264]
[-0.22601268  0.24774668  0.83771914  0.2466298   1.799412    0.45704246
 -0.48884955  0.11270304 -0.00339551 -1.826786    0.2840394  -0.13577528
  0.4956852   0.1666665  -1.7687607  -0.26378357]
[-0.17004733  0.23296282  0.7964364   0.3459478   1.881264    0.3422121
 -0.44659463  0.06084261 -0.07264517 -1.8055391   0.3677564  -0.2326395
  0.42097384  0.24327414 -1.9091955  -0.11798372]
[-0.17970173  0.17043164  0.83322966  0.2536566   1.8237244   0.3716045
 -0.464598    0.1404759  -0.01100158 -1.761659    0.2927071  -0.17967089
  0.42896324  0.20574209 -1.8195648  -0.16878915]
[-0.14473851  0.0966285   0.8066082   0.32867596  1.9085121   0.31693715
 -0.43259835  0.08677391 -0.12329201 -1.7136395   0.33238772 -0.2581808
  0.46466812  0.27446428 -1.8735974  -0.1348978 ]
[-0.11327545  0.12175424  0.7997309   0.3921852   1.831069    0.3471703
 -0.34596175  0.0366563  -0.16939619 -1.6551262   0.27158007 -0.22158757
  0.45616847  0.3036625  -1.9343109  -0.18642202]
[-0.16217919  0.20110722  0.81924325  0.33541527  1.7504003   0.4155138
 -0.3944987   0.05975238 -0.13598591 -1.7577913   0.2457734  -0.17299327
  0.4937056   0.23480967 -1.800122   -0.19594017]
[-0.16679247  0.20700654  0.8635864   0.23887596  1.7165756   0.4367625
 -0.42058372  0.11709984 -0.04747186 -1.8004671   0.23791805 -0.1561837
  0.4781487   0.18460082 -1.7372977  -0.21605185]
[-0.2024146   0.21830258  0.86379766  0.22312944  1.7483772   0.43865973
 -0.4416725   0.12949114 -0.00737191 -1.7950176   0.25527942 -0.14108698
  0.43636933  0.16553983 -1.7497206  -0.20584953]
[-0.22606091  0.21065578  0.81637156  0.28057045  1.8080966   0.4013924
 -0.47474837  0.11348829 -0.05153611 -1.7878193   0.2911108  -0.17144339
  0.48293367  0.21151991 -1.7753646  -0.19308251]
[-0.23483784  0.20263839  0.7901147   0.38645023  1.8726456   0.36644086
 -0.46942058  0.03216634 -0.16449533 -1.8063587   0.33940125 -0.240379
  0.48689136  0.2735303  -1.7853988  -0.11082149]
[-0.15489444  0.22012258  0.8019169   0.4098611   1.7419102   0.3497241
 -0.3703456   0.0344657  -0.13068298 -1.7633636   0.29939756 -0.20905244
  0.3804217   0.29840282 -1.8963673  -0.07239243]
[-0.20305654  0.25061268  0.8433258   0.24538067  1.6947771   0.4404211
 -0.4428367   0.10405944  0.00207341 -1.7842213   0.27299276 -0.15377273
  0.36894888  0.18533199 -1.762187   -0.12299223]
[-0.2559887   0.23195629  0.8120328   0.2917012   1.7691338   0.40510264
 -0.47348338  0.08294837 -0.01669102 -1.7999789   0.3322153  -0.16994277
  0.3940076   0.22214258 -1.7710842  -0.11589676]
[-2.23974138e-01  2.33710200e-01  7.95267940e-01  3.64582300e-01
  1.84757650e+00  3.76983702e-01 -4.47751999e-01  3.49280250e-04
 -1.04362786e-01 -1.78879201e+00  3.96041334e-01 -2.32725382e-01
  4.15404707e-01  3.18714142e-01 -1.87622142e+00 -1.38738006e-01]
[-0.1969543   0.34610716  0.74535304  0.44249472  1.7633374   0.3561551
 -0.40102085 -0.03869768 -0.09173334 -1.8443549   0.43314877 -0.21751292
  0.35209924  0.3284245  -1.966614   -0.07100528]
[-0.2957506   0.3857249   0.74810904  0.32358184  1.782727    0.43354607
 -0.50927114  0.01657596  0.00924291 -1.9140297   0.43004218 -0.18614794
  0.3542715   0.21258347 -1.7933767  -0.05564777]
[-0.29882774  0.34891468  0.70872355  0.40246043  1.9059236   0.35359347
 -0.54754895  0.00788461 -0.01579591 -1.8851707   0.49784762 -0.23165782
  0.2955172   0.24185538 -1.8574517   0.01695867]
[-0.2554261   0.28918     0.73512936  0.4346834   1.877536    0.32019642
 -0.48914728  0.01257857 -0.01827573 -1.7917747   0.44789138 -0.20675735
  0.28226975  0.2698365  -1.9608968  -0.00652577]
[-0.17326902  0.23878422  0.64846516  0.6000673   1.8924513   0.278359
 -0.36802825 -0.11517241 -0.17388386 -1.6796566   0.47993213 -0.29512343
  0.26179996  0.44293386 -2.0943823  -0.00359185]
[-0.24141654  0.3561762   0.7353961   0.43262178  1.8164603   0.38097602
 -0.43515602 -0.08586524 -0.13635994 -1.8613459   0.4960143  -0.29092607
  0.3410309   0.34251904 -1.8750283  -0.03400801]
[-2.8092909e-01  3.7462518e-01  7.9677039e-01  2.7755633e-01
  1.7893975e+00  4.6422428e-01 -5.0212991e-01  5.6657789e-04
 -1.3996047e-02 -1.9189049e+00  4.1950074e-01 -1.9941042e-01
  3.6607224e-01  1.9474742e-01 -1.7201878e+00 -1.0701148e-01]
[-0.27073482  0.3483445   0.7659767   0.31200162  1.8660297   0.40110278
 -0.5309868   0.01577028  0.00624532 -1.8913059   0.46741405 -0.21323302
  0.35273346  0.20309961 -1.8197628  -0.07260834]
[-0.2545815   0.28690186  0.78176534  0.3314829   1.9083624   0.3835824
 -0.53348505  0.03332594 -0.01981959 -1.8396683   0.4383574  -0.20245767
  0.41746488  0.21531348 -1.8794549  -0.13056019]
[-0.2193074   0.25747597  0.6715987   0.52068067  2.020147    0.2660261
 -0.4752656  -0.06717142 -0.14895344 -1.8185015   0.5452849  -0.3123142
  0.37928078  0.35974362 -2.014352   -0.02566658]
[-0.2243649   0.28774184  0.7303649   0.40554586  1.9720703   0.30931532
 -0.501763   -0.03368021 -0.13175066 -1.8840535   0.49972123 -0.2853108
  0.39075306  0.2685721  -1.8562424  -0.00550341]
[-2.0647189e-01  2.3635301e-01  7.3943132e-01  3.5789430e-01
  1.9603475e+00  3.0044001e-01 -5.1969498e-01  1.4571202e-02
 -1.1568494e-01 -1.8670565e+00  4.6783844e-01 -2.8765681e-01
  4.2352253e-01  2.4153936e-01 -1.8031127e+00 -7.9621671e-04]
[-0.18585524  0.15857661  0.7767867   0.363915    1.9237286   0.3080538
 -0.46811947  0.0425668  -0.13100168 -1.7846549   0.36165103 -0.26839298
  0.4153486   0.2552735  -1.8132921  -0.01375781]
[-0.18169068  0.1477304   0.7903166   0.34704962  1.868953    0.34471005
 -0.44512695  0.05145845 -0.14135191 -1.7393525   0.29896593 -0.23159333
  0.42519766  0.29056096 -1.8159802  -0.07035127]
[-0.17028756  0.17641854  0.7974602   0.3572442   1.7967522   0.37933263
 -0.42016822  0.06309973 -0.11712043 -1.737562    0.27125156 -0.19492206
  0.4503892   0.2864892  -1.8627603  -0.13847318]
[-0.16817427  0.23993877  0.7692419   0.38205707  1.7433592   0.37772632
 -0.39204165  0.06973984 -0.0792276  -1.7754853   0.2784056  -0.170575
  0.4006588   0.27740446 -1.9165398  -0.09741108]
[-0.2301772   0.27802348  0.7809602   0.3307061   1.7620903   0.43447804
 -0.4645366   0.09778725  0.020276   -1.7756846   0.26955864 -0.127516
  0.34321564  0.20201962 -1.8831272  -0.09796791]
[-0.20234802  0.22074275  0.7483175   0.40513554  1.8322254   0.32109174
 -0.4686838   0.07765679 -0.02676669 -1.7662089   0.32327324 -0.16734526
  0.3348536   0.22979692 -1.9318686   0.01198219]
[-0.11705843  0.10745213  0.69426763  0.5072679   1.901796    0.2510483
 -0.37037244 -0.00719694 -0.1638191  -1.6400076   0.3610404  -0.27087155
  0.33659524  0.35988227 -2.0505795   0.04058795]
[-0.14992252  0.17391565  0.7117453   0.5326648   1.8205582   0.29705387
 -0.36963776 -0.02734157 -0.17843091 -1.6607885   0.34400493 -0.25977656
  0.3073962   0.3835855  -2.0205812   0.03701121]
[-0.26401404  0.27053106  0.7948971   0.35121462  1.7642053   0.42762238
 -0.48945743  0.04768074 -0.07643634 -1.823999    0.30842388 -0.17690063
  0.42777976  0.23814717 -1.7642677  -0.09489509]
[-0.22113101  0.2581725   0.7158259   0.4739859   1.8350141   0.32581535
 -0.445078    0.0101702  -0.09888446 -1.8041121   0.38270766 -0.22578597
  0.3592587   0.3300378  -1.9310913  -0.02356427]
[-0.2737961   0.28135237  0.78244877  0.324323    1.8077215   0.3854649
 -0.5298432   0.10447983  0.04145074 -1.8487837   0.371836   -0.18035892
  0.3348211   0.2451175  -1.8369465  -0.06912014]
[-0.22945943  0.25836462  0.73177195  0.37486073  1.8234764   0.3544336
 -0.5149809   0.07702698  0.03808348 -1.7624441   0.35851592 -0.15694056
  0.310356    0.23593338 -1.9440178  -0.01385546]
[-0.18332544  0.21768036  0.6305526   0.57449245  1.9355406   0.2290729
 -0.42995423 -0.03735534 -0.09136429 -1.6979301   0.48811477 -0.28668314
  0.2585634   0.40312767 -2.1354318   0.06593308]
[-2.41083413e-01  2.58639187e-01  6.89235985e-01  5.28625429e-01
  1.93153858e+00  2.93860614e-01 -4.38351870e-01 -4.29721624e-02
 -1.04552016e-01 -1.75773752e+00  4.59476620e-01 -2.55474985e-01
  3.11260462e-01  3.30612361e-01 -2.02209616e+00 -6.59966492e-04]
[-0.17636332  0.30606025  0.67050457  0.53099835  1.8322105   0.26602092
 -0.3480485  -0.06280099 -0.10294344 -1.7833185   0.51479757 -0.25736058
  0.22675201  0.40798706 -2.0890956   0.00434049]
[-0.278281    0.3350857   0.78677624  0.28350005  1.7106339   0.46447015
 -0.48687726  0.05718089  0.04300088 -1.837698    0.40435815 -0.15481535
  0.31532317  0.24381347 -1.8265531  -0.12198289]
[-0.22235537  0.3129712   0.68337077  0.47932777  1.8027103   0.34363818
 -0.43684226 -0.03560288 -0.0581523  -1.8161271   0.48404163 -0.24149957
  0.2872874   0.35151297 -1.9962498   0.00265103]
[-0.290448    0.31755275  0.7846608   0.3363529   1.8074611   0.43440038
 -0.48385715  0.03587125  0.03095337 -1.8428981   0.38477126 -0.15188071
  0.3454146   0.22431287 -1.8578151  -0.1369619 ]
[-0.20072646  0.3404687   0.68204147  0.5006502   1.8365047   0.30807552
 -0.3949577  -0.06075532 -0.08029149 -1.8055027   0.49657935 -0.24829945
  0.30138955  0.33987373 -2.0522208  -0.02302127]
[-0.3281505   0.35733682  0.76940376  0.33293933  1.801902    0.4522068
 -0.52023387  0.0210462   0.00968589 -1.8587567   0.4080175  -0.16142783
  0.3390791   0.20271178 -1.8067383  -0.07838812]
[-2.2858492e-01  2.7355656e-01  7.2232157e-01  4.4920301e-01
  1.8654026e+00  3.3983907e-01 -4.5421752e-01 -2.8470158e-05
 -7.5470485e-02 -1.7887993e+00  4.6006292e-01 -2.3926397e-01
  3.0353391e-01  3.3015832e-01 -1.9846237e+00 -3.4209453e-02]
[-0.23750527  0.26152086  0.80450857  0.32742503  1.8196056   0.37551007
 -0.48526055  0.05438618 -0.01183573 -1.8194119   0.3942214  -0.19508585
  0.3797354   0.25983685 -1.8742908  -0.11643413]
[-0.2109181   0.25709882  0.72494924  0.45824283  1.8575037   0.3405792
 -0.42105564 -0.03721583 -0.09624536 -1.7603805   0.43759203 -0.24490103
  0.32279786  0.3364981  -1.9987475  -0.02673766]
[-0.24310914  0.3104368   0.73069036  0.4069376   1.812138    0.36466825
 -0.45985836 -0.0090273  -0.06866711 -1.8514783   0.42280602 -0.23465168
  0.35478655  0.27800903 -1.8665087  -0.00481628]
[-2.6707643e-01  2.9044318e-01  7.8893030e-01  3.7378731e-01
  1.7642653e+00  3.9118394e-01 -4.6186441e-01  4.0772673e-02
 -8.2219543e-04 -1.8361731e+00  3.5235754e-01 -1.6529992e-01
  3.2191825e-01  2.1229951e-01 -1.8545778e+00 -8.2898019e-03]
[-0.18377852  0.23618793  0.71859235  0.5148357   1.7989361   0.29038984
 -0.35997826 -0.03689264 -0.13280654 -1.7611978   0.39833874 -0.25656644
  0.22311012  0.36184376 -2.0017033   0.13550396]
[-0.28756484  0.2783542   0.77393305  0.37225387  1.7602955   0.41952038
 -0.49587315  0.00465637 -0.08324971 -1.8011758   0.3459893  -0.19454293
  0.26666108  0.28099567 -1.7796189   0.08545649]
[-0.23333326  0.29567307  0.7110869   0.5035295   1.7136409   0.38008556
 -0.4415764  -0.03956504 -0.11577977 -1.7289326   0.3568451  -0.18749468
  0.21263933  0.35145614 -1.9672581   0.13537933]
[-0.24511099  0.29661113  0.656       0.53634536  1.776275    0.3372432
 -0.45420504 -0.03298697 -0.07890604 -1.76148     0.40747333 -0.20441787
  0.2638648   0.36056063 -2.0096931   0.09737276]
[-0.30475506  0.35428315  0.68126357  0.44039696  1.7957208   0.34850946
 -0.5324342   0.05473342  0.08030828 -1.8459953   0.3872115  -0.13879499
  0.22786248  0.23699537 -1.9321804   0.09388174]
[-0.3018861   0.2945631   0.6385817   0.49595752  1.9142246   0.29880327
 -0.5463309   0.02038249  0.02566304 -1.799041    0.454256   -0.19025019
  0.20602262  0.31271997 -2.0150418   0.13762037]
[-0.22259565  0.24649985  0.48503107  0.7149805   1.980753    0.18028769
 -0.41652808 -0.1147033  -0.10601681 -1.6854061   0.5665494  -0.3076188
  0.13223977  0.4841388  -2.243361    0.25324613]
[-0.22692361  0.25074396  0.5656832   0.6352473   1.9678802   0.2423137
 -0.44710404 -0.09117896 -0.07175377 -1.6888794   0.5557285  -0.29898155
  0.14757802  0.44567972 -2.208922    0.16681   ]
[-0.21452951  0.26728827  0.58023804  0.6646492   1.9161612   0.26877084
 -0.40083885 -0.10285221 -0.093464   -1.6720695   0.5081375  -0.26174384
  0.18178801  0.45364934 -2.2308383   0.07721309]
[-0.2076303   0.3233109   0.6210349   0.6050935   1.8452011   0.29272276
 -0.394531   -0.0988178  -0.11149247 -1.7549722   0.506588   -0.25030604
  0.1796225   0.4563272  -2.151548    0.08230229]
[-3.0287915e-01  3.7944502e-01  7.0302635e-01  4.3847203e-01
  1.7383115e+00  4.5284748e-01 -4.9445415e-01  2.4521351e-04
  1.7147363e-04 -1.7997534e+00  3.9503843e-01 -1.3111429e-01
  2.1825513e-01  3.1254286e-01 -1.9532772e+00 -1.4178437e-02]
[-0.2377793   0.30393118  0.6224903   0.5711328   1.8518776   0.31520545
 -0.45109147 -0.03768944 -0.09150992 -1.7772968   0.430818   -0.21988118
  0.2438033   0.35408834 -2.0239754   0.09135433]
[-0.28897178  0.2402061   0.76300114  0.3805855   1.8008864   0.4294775
 -0.49774423  0.09521755  0.03399801 -1.7459013   0.2734788  -0.11032905
  0.34188858  0.21672797 -1.902962   -0.09004007]
[-0.18734954  0.1988744   0.6376811   0.614584    1.8971717   0.27321497
 -0.3706034  -0.05073382 -0.14876899 -1.6620533   0.42107692 -0.25219774
  0.29882026  0.4391254  -2.1441386  -0.02622322]
[-0.29548344  0.24320431  0.8251942   0.27780357  1.7880882   0.4733656
 -0.53668416  0.12315623  0.00591589 -1.8145542   0.2848069  -0.1350948
  0.46175152  0.23692827 -1.7904742  -0.21229923]
[-0.18818419  0.23637553  0.732989    0.46320516  1.8577814   0.3303029
 -0.4395873   0.04720453 -0.06424393 -1.7608856   0.36320975 -0.20610812
  0.36948982  0.33390206 -2.0485616  -0.08949237]
[-0.23467343  0.22181185  0.7829045   0.31168956  1.8326223   0.37094036
 -0.48776764  0.14425066  0.03525969 -1.7801977   0.3046044  -0.14388849
  0.4130369   0.22750492 -1.9149224  -0.14666443]
[-0.1815323   0.16305113  0.7261798   0.43673468  1.9354467   0.28827834
 -0.44415855  0.06976245 -0.0534411  -1.7205585   0.38571107 -0.23275068
  0.39102587  0.31234473 -2.0431485  -0.09728788]
[-0.13858104  0.1473836   0.72500974  0.49739677  1.8783537   0.26535964
 -0.3415436   0.02758481 -0.10879855 -1.6693513   0.3744211  -0.23008946
  0.37273088  0.3582068  -2.102262   -0.12185881]
[-0.15206346  0.17643608  0.79207265  0.41932255  1.8049082   0.34412187
 -0.35797656  0.02047867 -0.11539587 -1.6936954   0.30468023 -0.20892625
  0.3883641   0.3196816  -1.9567416  -0.14974177]
[-0.18977562  0.21948123  0.825395    0.35217133  1.7722921   0.39538136
 -0.39693558  0.02799903 -0.1152643  -1.7860092   0.31284642 -0.22167917
  0.43936428  0.27681315 -1.8272318  -0.14794931]
[-0.24700598  0.22952178  0.86134464  0.21220958  1.6609955   0.50819004
 -0.4151752   0.13137908  0.02375643 -1.8015152   0.18139955 -0.0960698
  0.44008392  0.16237058 -1.684417   -0.23001853]
[-0.23647967  0.2568277   0.86402285  0.25144258  1.7199513   0.4698183
 -0.43697327  0.08975874 -0.0142618  -1.8089825   0.25993782 -0.13613829
  0.42551693  0.21941905 -1.769075   -0.21890366]
[-0.22476383  0.25814253  0.85361445  0.26942942  1.704189    0.44920462
 -0.45862475  0.10159667 -0.02039694 -1.8112053   0.24300113 -0.13885446
  0.43910503  0.1933767  -1.7817109  -0.13754465]
[-0.18139307  0.21065831  0.7904755   0.38451508  1.8018249   0.35124746
 -0.42479768  0.04958221 -0.11313307 -1.7714465   0.32536784 -0.22735116
  0.4148636   0.30615318 -1.9052393  -0.07273375]
[-2.40745574e-01  2.36984730e-01  8.23620200e-01  3.06932300e-01
  1.70538020e+00  4.41615283e-01 -4.65573698e-01  1.28266409e-01
  5.69725060e-04 -1.76725769e+00  2.22017050e-01 -1.16834842e-01
  3.71464878e-01  2.07906961e-01 -1.81339967e+00 -1.01092145e-01]
[-0.19231932  0.19219142  0.7792588   0.38725656  1.8206842   0.33967838
 -0.44194108  0.05267869 -0.07958822 -1.7529862   0.3263162  -0.19974752
  0.3888529   0.27496502 -1.900778   -0.05555145]
[-0.18070723  0.19071333  0.72882986  0.4817869   1.8393505   0.31097713
 -0.39984655 -0.00514086 -0.1291599  -1.7170818   0.35581857 -0.2316782
  0.35490388  0.33474153 -1.9811459  -0.01241964]
[-0.22836046  0.27581757  0.7405079   0.45850658  1.8052683   0.32256886
 -0.43481213 -0.0156252  -0.11906775 -1.8177862   0.39085066 -0.25725037
  0.32395193  0.33485204 -1.8995659   0.06448647]
[-0.30602375  0.30375093  0.799338    0.32539394  1.7470042   0.45535007
 -0.5125474   0.05910863  0.00852133 -1.8257236   0.3222223  -0.14397554
  0.32803667  0.24425872 -1.7923988  -0.07104105]
[-0.2227705   0.27380627  0.6980059   0.48148504  1.8287433   0.2918011
 -0.43167728  0.00779236 -0.05786548 -1.7980016   0.4444244  -0.23796372
  0.2956695   0.3690737  -2.012855    0.01121231]
[-0.3182639   0.3268897   0.74442786  0.37867028  1.7722769   0.43520004
 -0.5183425   0.05130484  0.03122283 -1.805658    0.36671552 -0.14263141
  0.3061901   0.26420504 -1.9032633  -0.04793018]
[-0.21881425  0.31087238  0.60701424  0.6005375   1.8533008   0.27146232
 -0.42737776 -0.05501359 -0.07532312 -1.7366836   0.49505275 -0.23625684
  0.22446302  0.42261577 -2.1493042   0.0555319 ]
[-0.33663553  0.3118797   0.7496706   0.39828226  1.8413532   0.3957168
 -0.5424853   0.05723614  0.052703   -1.8224834   0.43756184 -0.17820342
  0.34910977  0.2584775  -1.9420904  -0.09252056]
[-0.23687267  0.27516368  0.6010364   0.63317955  1.9120858   0.24553552
 -0.36373454 -0.08250582 -0.09299933 -1.7335991   0.56751764 -0.29036683
  0.25441557  0.4644668  -2.2011395  -0.01477879]
[-3.4252992e-01  4.1649222e-01  7.6097882e-01  3.6111403e-01
  1.7560428e+00  4.0159136e-01 -4.9787435e-01  5.3020718e-04
  3.0658966e-02 -1.8837564e+00  5.1622301e-01 -1.8227831e-01
  2.8765076e-01  2.6705262e-01 -1.8854344e+00 -6.7396842e-02]
[-0.26241016  0.38171655  0.7233945   0.46244946  1.8005781   0.3588913
 -0.467836   -0.08660612 -0.0490367  -1.8135622   0.5627621  -0.28660515
  0.22573695  0.3482356  -1.9652512   0.00828636]
[-0.23800588  0.3431291   0.7418328   0.4238667   1.7710453   0.36601362
 -0.41996616 -0.0486842  -0.02999323 -1.8107636   0.50793517 -0.25936675
  0.23382175  0.30569196 -1.9122918  -0.03440102]
[-0.23459733  0.36209348  0.7971844   0.253337    1.66926     0.40661725
 -0.42539746  0.04258852  0.11316363 -1.8441559   0.45820293 -0.18141788
  0.21909842  0.25418958 -1.826746   -0.12548807]
[-0.26876396  0.38136476  0.7817887   0.2574485   1.7285755   0.44543067
 -0.4833812  -0.00936274  0.09588735 -1.8658339   0.48778605 -0.19581187
  0.2465618   0.24364333 -1.8242363  -0.08170144]
[-0.2057329   0.36749882  0.6692871   0.46934357  1.817214    0.37064692
 -0.42448777 -0.11054764 -0.04200823 -1.8345668   0.57018894 -0.27803996
  0.23757544  0.382801   -2.0215714  -0.02803654]
[-0.28408593  0.41184345  0.7174982   0.36017767  1.8417575   0.4598518
 -0.5156163  -0.03056433  0.04357437 -1.9449694   0.5199774  -0.19367638
  0.30212763  0.19347826 -1.8474042  -0.0941094 ]
[-0.22952516  0.35147107  0.72328675  0.36854637  1.8728931   0.39399615
 -0.52731836  0.02568421  0.03365345 -1.846987    0.4550487  -0.15843365
  0.25732884  0.17592825 -1.9156948  -0.03893823]
[-0.18112467  0.23439476  0.7196785   0.41266745  1.9003979   0.37300164
 -0.52590096  0.02832311 -0.07823627 -1.6987791   0.37740225 -0.20366505
  0.2963609   0.245155   -1.9671444   0.00868399]
[-0.11433496  0.08191539  0.6310022   0.5658991   1.9690195   0.23907807
 -0.41977888 -0.01279387 -0.24509867 -1.6371377   0.3571047  -0.29829592
  0.38754386  0.35907194 -1.9966644   0.076152  ]
[-7.8908369e-02  5.3255729e-02  7.2110736e-01  4.1864806e-01
  1.9182861e+00  2.5852209e-01 -3.8159212e-01  3.7010081e-02
 -2.6345310e-01 -1.6864004e+00  2.6503670e-01 -2.6126817e-01
  4.3760616e-01  3.0993849e-01 -1.8067408e+00  1.3232410e-03]
[-0.06816673  0.11864486  0.764971    0.40655574  1.7677984   0.31630808
 -0.3647438   0.08310234 -0.14360902 -1.6950108   0.19916224 -0.15977044
  0.39284998  0.26325256 -1.9089196  -0.0316012 ]
[-0.12035555  0.1321002   0.7592073   0.32273713  1.7725246   0.33825332
 -0.43101805  0.15223852 -0.06557061 -1.7518467   0.19283918 -0.14862269
  0.42910767  0.2145956  -1.8203491  -0.03379464]
[-0.16189317  0.09864593  0.7019732   0.39908323  1.8558728   0.2965935
 -0.45156136  0.16430028 -0.07023325 -1.716657    0.21587169 -0.17698452
  0.43168387  0.2687481  -1.8994156  -0.01406706]
[-0.16032226  0.09289183  0.71159065  0.45656276  1.8728409   0.31709152
 -0.4430348   0.17431982 -0.03332549 -1.6505607   0.16592298 -0.10778244
  0.3873748   0.24680293 -1.9941177  -0.09728403]
[-0.0902857   0.05629043  0.650942    0.58021134  1.9178032   0.22986977
 -0.35776335  0.11246328 -0.09925827 -1.5704343   0.23901024 -0.16713949
  0.35641736  0.3442078  -2.1790013  -0.08688464]
[-0.08513626  0.0594059   0.6543752   0.5541456   1.8583431   0.21863785
 -0.3304866   0.13664863 -0.07717602 -1.5656723   0.2509347  -0.16800836
  0.325956    0.38022137 -2.1867096  -0.08968081]
[-0.12828669  0.1052089   0.7436353   0.43696707  1.7908043   0.3235413
 -0.37340635  0.17633066 -0.01874974 -1.5900986   0.21439639 -0.10949403
  0.33787766  0.3235667  -2.1160464  -0.18327045]
[-0.08374035  0.09591845  0.71168435  0.50410354  1.8368143   0.2532838
 -0.30578008  0.11363168 -0.06454457 -1.6035273   0.26496473 -0.165082
  0.33802265  0.34652933 -2.133376   -0.1756281 ]
[-0.13138849  0.13113767  0.76863825  0.43370467  1.8202963   0.3137812
 -0.3350396   0.10289494 -0.07824904 -1.6918446   0.28454292 -0.16947687
  0.41831416  0.2938201  -1.9860357  -0.24324241]
[-0.10704478  0.18843815  0.79415065  0.39035982  1.7121837   0.34211993
 -0.30255616  0.10972735 -0.02656618 -1.7146232   0.2794851  -0.12496366
  0.3798429   0.29052696 -2.0077574  -0.27239707]
[-0.1746955   0.2755023   0.83831567  0.23217921  1.6854315   0.42105928
 -0.37626556  0.11885903  0.04837592 -1.8376766   0.27582645 -0.09844334
  0.36945182  0.15353015 -1.7921779  -0.20285249]
[-0.15836947  0.2699249   0.8271591   0.21721017  1.6798456   0.43814397
 -0.3870396   0.08497415  0.01006014 -1.786135    0.27625504 -0.13623428
  0.3654688   0.14405632 -1.7751795  -0.13133281]
[-0.15056877  0.21730673  0.7793755   0.30973932  1.7821066   0.34850568
 -0.4022405   0.04098805 -0.09557452 -1.8038422   0.3487473  -0.22161087
  0.42861137  0.18917608 -1.7879454  -0.04244841]
[-0.1520773   0.24183163  0.8564307   0.25960833  1.6783237   0.41290373
 -0.38921165  0.07311622 -0.02937784 -1.7842033   0.25411654 -0.13565473
  0.3575623   0.17164633 -1.8038857  -0.07126673]
[-0.12948465  0.2737414   0.79326236  0.34250557  1.7360901   0.33208627
 -0.3981592   0.00672632 -0.08524524 -1.7883307   0.3578155  -0.20348974
  0.3014502   0.2587332  -1.8961833   0.04125638]
[-0.16729286  0.3085453   0.73659724  0.36343032  1.6977946   0.324508
 -0.4540988   0.01273858 -0.05381327 -1.8421745   0.37320924 -0.19867162
  0.27940202  0.22917755 -1.8471264   0.18663609]
[-0.13997693  0.26368016  0.63583696  0.48696384  1.8158926   0.24231246
 -0.44554776 -0.0365117  -0.12829521 -1.7926134   0.4258929  -0.29205364
  0.22532411  0.2746296  -1.9236724   0.3417832 ]
[-0.18995056  0.20781489  0.6443288   0.5015718   1.825434    0.23614457
 -0.47545987  0.02364551 -0.02388331 -1.7047431   0.39219117 -0.23505254
  0.21517225  0.2846832  -2.0042346   0.2514102 ]
[-0.14517109  0.09797334  0.6044691   0.6169148   1.9193771   0.17538531
 -0.42686963 -0.01731117 -0.11140148 -1.6132501   0.38833523 -0.28837663
  0.24040453  0.40759254 -2.1307952   0.22908524]
[-0.13891712  0.15848324  0.51204574  0.7451664   1.9269669   0.18672979
 -0.35800785 -0.10981892 -0.16095948 -1.5940888   0.45543486 -0.31031123
  0.15867975  0.5650913  -2.266899    0.17562036]
[-0.23709054  0.28883398  0.59245175  0.6736945   1.8326252   0.3496489
 -0.43972093 -0.0649672  -0.06610209 -1.6555367   0.44272915 -0.19582865
  0.09903618  0.50967896 -2.2307043   0.04301984]
[-0.24328311  0.33119386  0.6142556   0.5687169   1.8772895   0.33155286
 -0.5194995   0.00997603  0.04173168 -1.7334063   0.4861714  -0.16972026
  0.16015883  0.36897588 -2.2310605   0.04783471]
[-0.21594897  0.28605658  0.48603186  0.70603275  1.9804468   0.2087624
 -0.4505     -0.06362713 -0.07723296 -1.6841434   0.5755738  -0.26112252
  0.16270176  0.47139397 -2.2762313   0.09416717]
[-0.25252602  0.306799    0.6658001   0.49880347  1.8856604   0.31698704
 -0.49487543  0.01818681 -0.02711206 -1.7218082   0.49897355 -0.18910411
  0.23517188  0.37043363 -2.0921123  -0.08235662]
[-0.20957574  0.19479401  0.67738724  0.5808286   1.8894308   0.28725916
 -0.41429996 -0.02478005 -0.13454917 -1.6875331   0.45516658 -0.25703162
  0.31692284  0.41524595 -2.0587242  -0.09473766]
[-0.19609465  0.19242088  0.8456594   0.4098298   1.7223717   0.43128338
 -0.38346642  0.00522621 -0.1305163  -1.7651596   0.31230798 -0.21659061
  0.3817301   0.32369047 -1.8304173  -0.16694887]
[-0.15735988  0.27900952  0.8650066   0.17559633  1.582588    0.47436166
 -0.37009245  0.11616795  0.09180667 -1.7978998   0.22597277 -0.07428356
  0.34022155  0.14431006 -1.7481375  -0.2103039 ]
[-0.17038289  0.26057777  0.78724945  0.28482962  1.6963508   0.4099373
 -0.38794616  0.08712728  0.02231691 -1.8360806   0.31602335 -0.14779243
  0.39341536  0.19087699 -1.8234802  -0.14543061]
[-0.21058455  0.22923496  0.79466677  0.3028003   1.7890507   0.41829777
 -0.43297276  0.10631516  0.01950653 -1.8398237   0.29413778 -0.13810644
  0.43350333  0.19945589 -1.8177011  -0.212001  ]
[-0.20048288  0.26809052  0.7374401   0.39201564  1.8039253   0.36570644
 -0.42583442  0.09286439  0.01187676 -1.8225254   0.34275454 -0.14104001
  0.39724562  0.24355897 -1.9551932  -0.1742597 ]
[-0.23981397  0.21536426  0.76329297  0.32346827  1.8280022   0.381774
 -0.50538284  0.17277265  0.06496873 -1.8113832   0.31542358 -0.11263134
  0.44896618  0.19300248 -1.8911626  -0.21235347]
[-0.17770055  0.1610217   0.69334537  0.47788787  1.9074962   0.2695809
 -0.418437    0.10330603 -0.04712481 -1.720631    0.3668666  -0.20518024
  0.3799192   0.3186443  -2.0652952  -0.10800018]
[-0.21999641  0.1553311   0.7738998   0.40390483  1.8102748   0.3294565
 -0.42425054  0.15167186 -0.01366622 -1.7020922   0.26216957 -0.13833994
  0.37235576  0.2691508  -1.9378052  -0.15629318]
[-0.14630716  0.13751528  0.751207    0.49106398  1.8027096   0.30623597
 -0.33602148  0.0702474  -0.08165228 -1.6459808   0.29722902 -0.18662316
  0.32009864  0.33771604 -2.028463   -0.15437198]
[-0.11272623  0.16649523  0.7905392   0.40820426  1.6555636   0.3295239
 -0.2696883   0.09360967 -0.05625627 -1.6926537   0.2642115  -0.14715211
  0.32085684  0.33023235 -1.9597896  -0.18675622]
[-0.1540828   0.26279128  0.8150587   0.240158    1.5664772   0.4322587
 -0.33047086  0.12798595  0.07158105 -1.783542    0.25055787 -0.08394898
  0.3011467   0.22262652 -1.8082005  -0.19357564]
[-0.19252035  0.31126687  0.79030734  0.2629308   1.6101946   0.46008086
 -0.3618843   0.11323698  0.11368044 -1.8253208   0.26654103 -0.06520808
  0.30786023  0.18797126 -1.8401932  -0.20165913]
[-0.20820963  0.3017694   0.77451754  0.32943815  1.6976414   0.44651693
 -0.38464817  0.0954088   0.07378072 -1.8413231   0.30685094 -0.09571768
  0.36559352  0.20312361 -1.9019676  -0.22756664]
[-0.20807664  0.30022177  0.73595995  0.41645736  1.7774296   0.39209685
 -0.3838666   0.07603759  0.03100211 -1.8341415   0.3483784  -0.11290243
  0.33471814  0.24088459 -1.9950573  -0.18337817]
[-0.21230514  0.29390794  0.7621426   0.35188383  1.8090111   0.3862916
 -0.4476595   0.10733023  0.05224561 -1.8349463   0.36333725 -0.1126071
  0.33519286  0.21268094 -1.9543755  -0.17644992]
[-0.17514606  0.25316232  0.7175043   0.43007803  1.8298897   0.35083175
 -0.43139634  0.07560609 -0.03348771 -1.7412789   0.3611553  -0.14576276
  0.31966725  0.27157483 -2.0375519  -0.10793982]
[-0.15027268  0.15558271  0.7059241   0.4392237   1.8951061   0.28709856
 -0.40066758  0.06415618 -0.11158018 -1.7260864   0.37374645 -0.2143801
  0.382029    0.3125533  -1.9742765  -0.1016442 ]
[-0.14959216  0.15368271  0.76402485  0.36966866  1.8178889   0.32921118
 -0.3897558   0.09812715 -0.08544227 -1.7626896   0.29107422 -0.17941901
  0.4352507   0.2649482  -1.8692958  -0.15119949]
[-0.11218834  0.18448155  0.7887571   0.36936194  1.7560828   0.32018
 -0.34263802  0.10066657 -0.04625559 -1.7636242   0.29975566 -0.16287352
  0.38817993  0.2867071  -1.9626439  -0.16926472]
[-1.6829257e-01  1.9792178e-01  7.8076404e-01  3.0827802e-01
  1.7656395e+00  3.7248117e-01 -4.0546083e-01  1.3879426e-01
 -5.9271755e-04 -1.8044542e+00  2.8569236e-01 -1.4485689e-01
  4.3107900e-01  2.3997402e-01 -1.8606455e+00 -2.0102429e-01]
[-0.20219871  0.23022589  0.75312775  0.35508618  1.8073288   0.3524037
 -0.44188014  0.12202696  0.01051059 -1.8391998   0.3121171  -0.15029055
  0.42661434  0.22885808 -1.8711628  -0.15608306]
[-0.21254818  0.20798603  0.7712345   0.35526502  1.7748623   0.38931414
 -0.43738326  0.1551458   0.057986   -1.7561896   0.24113551 -0.06808607
  0.39162487  0.1960739  -1.9270375  -0.20405522]
[-0.12353522  0.13703515  0.7195358   0.4949947   1.8285897   0.25883916
 -0.32714105  0.09918491 -0.06201882 -1.7056888   0.31804416 -0.18575568
  0.35290992  0.35609037 -2.0852816  -0.14129315]
[-0.21883588  0.16537622  0.81305087  0.30751485  1.7753267   0.38744572
 -0.43795767  0.16405079  0.0145062  -1.7617137   0.23222116 -0.1269499
  0.4206299   0.21462798 -1.8351943  -0.17798239]
[-0.15780234  0.17538576  0.73956394  0.47085637  1.7607441   0.33487183
 -0.33543473  0.08263779 -0.07243618 -1.6763375   0.26049486 -0.15955094
  0.3233899   0.326951   -2.0230184  -0.11311295]
[-0.18868162  0.21177205  0.81206846  0.31194887  1.6834574   0.4256123
 -0.41446978  0.14854912  0.00879637 -1.7459424   0.20520921 -0.06276096
  0.39549455  0.20663127 -1.834609   -0.22763519]
[-0.09125876  0.20079775  0.77545935  0.41296038  1.6507561   0.31896314
 -0.29995817  0.10502543 -0.03017136 -1.7048473   0.26159596 -0.12788382
  0.30178195  0.3060946  -2.0300012  -0.11284851]
[-0.1643146   0.2653702   0.80529165  0.25512302  1.6129515   0.40452996
 -0.39521438  0.1519716   0.09378574 -1.7732614   0.24078937 -0.07897417
  0.281025    0.19470318 -1.8563671  -0.09760993]
[-0.19053179  0.22076964  0.7495182   0.354339    1.7268753   0.36440298
 -0.41045642  0.11877911  0.04505912 -1.770148    0.28410852 -0.12639572
  0.3200541   0.25432545 -1.9209816  -0.08034906]
[-0.1631736   0.19254418  0.7035068   0.4862462   1.8266157   0.3056755
 -0.3710399   0.03211809 -0.06214149 -1.7438717   0.33615774 -0.18813905
  0.31366327  0.3129774  -2.0306752  -0.01029889]
[-1.4955147e-01  2.3087950e-01  6.7137206e-01  5.5601525e-01
  1.7961309e+00  3.2366800e-01 -3.2982263e-01 -7.5472891e-04
 -7.3455751e-02 -1.7016404e+00  3.3073962e-01 -1.5619591e-01
  2.5164500e-01  3.3336106e-01 -2.1138420e+00 -2.8674204e-02]
[-0.22981377  0.2629592   0.7242651   0.39455703  1.8053967   0.38508874
 -0.47070122  0.08652742  0.01205656 -1.809235    0.32770053 -0.12695453
  0.33780172  0.23187797 -1.9179233  -0.07349112]
[-0.20433888  0.23447287  0.69962734  0.47439042  1.8272938   0.35890087
 -0.42878747  0.0447197  -0.07182847 -1.722594    0.3210567  -0.15721309
  0.28376094  0.30112082 -2.0277877   0.00877014]
[-0.173503    0.18922457  0.6439462   0.5123976   1.8563309   0.28138873
 -0.4103938   0.04622983 -0.10183724 -1.6919231   0.3330372  -0.21351197
  0.2769787   0.35586184 -2.0214965   0.06114598]
[-0.2021397   0.16829735  0.73345405  0.41692728  1.8070875   0.31908876
 -0.4817597   0.11930321 -0.03437417 -1.732268    0.2571372  -0.16139548
  0.34217626  0.24954851 -1.905896    0.04855875]
[-0.08926471  0.10918826  0.622435    0.60885197  1.7968403   0.22153835
 -0.29544914  0.02852284 -0.10277662 -1.5620759   0.30202013 -0.20546846
  0.20753391  0.42694086 -2.2295804   0.10260401]
[-0.13792658  0.19412038  0.67715234  0.4976678   1.7412112   0.26360422
 -0.38187534  0.06868414 -0.0390495  -1.6750126   0.28068542 -0.16444764
  0.20935409  0.32394904 -2.0567923   0.14482841]
[-0.16620412  0.22310314  0.69129896  0.48676664  1.7255375   0.2982606
 -0.4429625   0.05977981 -0.01537438 -1.6910502   0.25186235 -0.12801479
  0.19789413  0.25835922 -2.0060139   0.20607844]
[-0.11206752  0.17156036  0.5457079   0.6849803   1.8276508   0.20381269
 -0.32784778 -0.05059671 -0.11921827 -1.5823127   0.36346933 -0.22649603
  0.12078787  0.43847957 -2.2266142   0.23672421]
[-0.18604934  0.2242674   0.5895866   0.58713007  1.8451922   0.22321033
 -0.3952871   0.0030972  -0.06361055 -1.6950796   0.38839644 -0.22713754
  0.14961997  0.37359804 -2.0959287   0.22808337]
[-0.24823418  0.21985695  0.635359    0.5081788   1.826676    0.32327852
 -0.47910365  0.05464261  0.02069597 -1.6777356   0.3319146  -0.15664072
  0.19274513  0.32887074 -2.053389    0.1185766 ]
[-0.12736094  0.23846789  0.49572402  0.7831434   1.8193893   0.2339238
 -0.30941206 -0.10083282 -0.11021817 -1.5581625   0.40887707 -0.25016922
  0.03945043  0.532099   -2.3746638   0.22732377]
[-0.15266745  0.34218067  0.61233646  0.57672364  1.8027363   0.35156816
 -0.43731594 -0.03658978 -0.03129993 -1.6786693   0.40066838 -0.158708
  0.05937898  0.34345466 -2.197755    0.15060899]
[-0.12610862  0.23858884  0.51469547  0.63532525  1.9100498   0.22593705
 -0.40644473 -0.02870749 -0.05969668 -1.6255178   0.48796272 -0.22342077
  0.09886428  0.39755505 -2.2707107   0.17640598]
[-0.15171656  0.20834725  0.5710052   0.5913301   1.9428066   0.23533377
 -0.43885818 -0.00347309 -0.05043287 -1.6108243   0.4388062  -0.22852567
  0.13528033  0.35910398 -2.216864    0.16335991]
[-0.05320747  0.1347218   0.5146316   0.71982545  1.9819012   0.17432806
 -0.32188967 -0.12259127 -0.19681966 -1.5513275   0.45563823 -0.3208111
  0.16289301  0.4960199  -2.2850251   0.1557194 ]
[-0.11072931  0.19728315  0.5730849   0.61868155  1.9686222   0.2059735
 -0.37707794 -0.10811498 -0.20765159 -1.7125858   0.5168194  -0.32850686
  0.26713258  0.44147605 -2.1013775   0.0999703 ]
[-0.17962995  0.2533488   0.62651116  0.48379478  1.9765018   0.29738876
 -0.46806908 -0.04993674 -0.16230246 -1.8665979   0.48737377 -0.26858622
  0.3372387   0.27452594 -1.8965183   0.10033722]
[-0.18333332  0.24532446  0.6619082   0.4750398   1.9045136   0.33990148
 -0.5067378   0.02834229 -0.08792994 -1.7468914   0.38341385 -0.19669613
  0.29651836  0.26722112 -1.969281    0.03187442]
[-0.18530068  0.1543689   0.6848629   0.43832207  1.8916919   0.2914817
 -0.5351385   0.12608492 -0.05303114 -1.7145964   0.28081766 -0.16357124
  0.40502262  0.19461313 -1.9019501   0.02961937]
[-0.11518711  0.081073    0.57693106  0.6609243   1.9812387   0.18475097
 -0.38165647 -0.01199188 -0.21676922 -1.6084683   0.34230015 -0.28404528
  0.3409616   0.40044507 -2.1094837   0.10278113]
[-0.09272311  0.08714831  0.62570864  0.5237346   1.9144137   0.1744487
 -0.36671805  0.07066964 -0.15354562 -1.6347109   0.34024948 -0.24759026
  0.31314883  0.38842905 -2.026667    0.02549738]
[-0.18590118  0.13627134  0.75416434  0.36593318  1.7950894   0.3009457
 -0.45226312  0.17012069  0.04619575 -1.6973213   0.25354642 -0.12589227
  0.35934722  0.23317435 -1.9531813  -0.06170633]
[-0.11676739  0.13950074  0.6356951   0.6050114   1.8557619   0.23122454
 -0.31686544 -0.00392691 -0.10575664 -1.6068064   0.35098916 -0.22593382
  0.2760362   0.42732134 -2.1999397  -0.00690036]
[-0.1922401   0.26211947  0.6595626   0.5221254   1.8080753   0.2755007
 -0.37917075  0.01800515 -0.06021278 -1.7722924   0.3889173  -0.201475
  0.29245678  0.3265471  -2.031271    0.0257437 ]
[-0.24538457  0.28881735  0.74263847  0.42742333  1.7836952   0.3544574
 -0.44658083  0.06001044  0.02158301 -1.8101345   0.3508197  -0.12019013
  0.26821297  0.22576404 -1.9455726  -0.01409187]
[-0.14717732  0.22715661  0.6590065   0.5323617   1.8033974   0.2799693
 -0.35158673 -0.00289275 -0.06266706 -1.6881888   0.42262334 -0.20585933
  0.19351794  0.37657753 -2.13079     0.03466989]
[-0.25217932  0.2567659   0.72036743  0.33222827  1.7434009   0.37514263
 -0.4726739   0.09402013  0.05608535 -1.7816044   0.34805512 -0.14352918
  0.3225189   0.23181462 -1.870672   -0.01822582]
[-0.22492714  0.24200869  0.6645486   0.51794153  1.8074446   0.31695598
 -0.40518624  0.00882136 -0.07401399 -1.7351204   0.3722888  -0.20122413
  0.28131104  0.3564463  -2.0154054   0.03057538]
[-0.1729545   0.28631482  0.7163248   0.51072615  1.7321094   0.3176799
 -0.35583174 -0.00479199 -0.042485   -1.7248881   0.35725978 -0.192042
  0.21665947  0.34730226 -2.0721333   0.02273552]
[-0.23803706  0.32682818  0.7433852   0.38045797  1.7036731   0.3803138
 -0.44414312  0.0560508   0.07300901 -1.7714602   0.37835434 -0.15368491
  0.23492551  0.25209716 -1.9955323   0.0153441 ]
[-0.21593969  0.31978118  0.69036925  0.48321098  1.7184204   0.3305777
 -0.4189368   0.03469062  0.03648294 -1.7023033   0.4107973  -0.16690163
  0.11384312  0.34008533 -2.136395    0.10541655]
[-0.17131816  0.31512335  0.68495166  0.5132275   1.7503649   0.29094046
 -0.4153757  -0.04379792  0.00352031 -1.6629417   0.4423867  -0.20238201
  0.06432974  0.3586236  -2.145113    0.1626399 ]
[-0.11486814  0.2772925   0.60760266  0.6086029   1.792929    0.21981628
 -0.34219274 -0.13251719 -0.08836181 -1.6484368   0.518093   -0.295001
  0.07930273  0.44372877 -2.194933    0.21492215]
[-0.2220337   0.36553594  0.6217637   0.5407768   1.8341488   0.28898925
 -0.42605385 -0.12650017 -0.06869765 -1.8025665   0.57825595 -0.29953593
  0.1475976   0.35575932 -2.0590432   0.2191149 ]
[-2.9568636e-01  4.1696286e-01  6.5728313e-01  4.8112661e-01
  1.7943280e+00  3.5714707e-01 -4.9706221e-01 -8.8306144e-02
  1.1762678e-04 -1.8285465e+00  5.2260059e-01 -2.2639449e-01
  1.3088448e-01  2.8572917e-01 -1.9717655e+00  2.1092498e-01]
[-0.23273167  0.36023134  0.64655626  0.55138755  1.8080317   0.35522777
 -0.51131904 -0.10525255 -0.04973965 -1.752258    0.46862373 -0.21825676
  0.1209653   0.32368222 -2.0504346   0.23482604]
[-0.18151271  0.28612033  0.52592516  0.7094508   1.9139583   0.26177758
 -0.42400074 -0.18345845 -0.19257133 -1.7054977   0.52872974 -0.3114381
  0.08775999  0.43175024 -2.141842    0.3471318 ]
[-0.2577036   0.32879156  0.57825035  0.6520064   1.8621643   0.3379193
 -0.425047   -0.15945812 -0.17557395 -1.7045658   0.5069212  -0.26970428
  0.07062087  0.45143136 -2.095179    0.24876098]
[-0.28242546  0.3464576   0.5787498   0.58499795  1.8767302   0.3338832
 -0.51559365 -0.09876148 -0.08947667 -1.7448841   0.47607833 -0.21818323
  0.15531507  0.32287055 -2.042501    0.26794335]
[-0.19984242  0.2313127   0.5190284   0.70758533  1.9599388   0.26151162
 -0.45255655 -0.14934357 -0.21837883 -1.6695331   0.4495922  -0.28673798
  0.18770735  0.4340207  -2.1003063   0.27728373]
[-0.17658564  0.21287756  0.53639823  0.68582016  1.9428638   0.2458373
 -0.40895686 -0.11546166 -0.22459081 -1.6950115   0.43306932 -0.2734562
  0.18309896  0.45179462 -2.0866597   0.23892173]
[-0.201116    0.27510396  0.597264    0.5464157   1.8426199   0.31519127
 -0.48648325  0.0113733  -0.04498983 -1.7056767   0.36150712 -0.15824038
  0.11861046  0.37384084 -2.1029801   0.20698452]
[-0.23987524  0.20344886  0.55690795  0.59707695  1.9588816   0.27423555
 -0.53549796  0.01276815 -0.05249406 -1.6628187   0.36456686 -0.20726824
  0.22305536  0.3450262  -2.1173494   0.22870724]
[-0.12226553  0.1173474   0.4319539   0.83237904  2.0114977   0.15512699
 -0.3501131  -0.08728427 -0.16587092 -1.5266306   0.40905863 -0.2883786
  0.17487334  0.521772   -2.366984    0.19975206]
[-0.13791756  0.1616073   0.55202615  0.70274407  1.9851497   0.18998346
 -0.3660674  -0.04397566 -0.14630482 -1.6222633   0.400119   -0.24592046
  0.23891203  0.39591956 -2.2445016   0.12413903]
[-0.14068565  0.17084341  0.5703654   0.645656    1.9339201   0.19916287
 -0.37385798 -0.01030764 -0.11848688 -1.6187527   0.43042207 -0.2512052
  0.1995197   0.443798   -2.2279587   0.08945271]
[-0.19744043  0.18446887  0.7140859   0.4425428   1.8874977   0.31740007
 -0.4872148   0.07385661 -0.05569378 -1.6859188   0.33651537 -0.21063438
  0.27842623  0.31817454 -2.0107517   0.03655481]
[-0.09057553  0.12879133  0.6481704   0.57260895  1.867884    0.21208414
 -0.31861767  0.00656058 -0.12465181 -1.6101301   0.34102744 -0.2576832
  0.2232292   0.4065267  -2.1582723   0.09557258]
[-0.11438017  0.16295397  0.68432635  0.5389802   1.8302991   0.2875775
 -0.33415192 -0.00507308 -0.10806932 -1.637448    0.33592573 -0.2106786
  0.2515813   0.34632605 -2.083969   -0.00436168]
[-0.08232058  0.24274032  0.6990163   0.51900804  1.7759167   0.28672495
 -0.31262618 -0.02478705 -0.09591339 -1.7037855   0.38256034 -0.21305859
  0.2153929   0.33467242 -2.115491    0.03277607]
[-0.1694973   0.3051668   0.7434154   0.37421387  1.7951752   0.38648692
 -0.43457136  0.00461565 -0.02487463 -1.7742662   0.4021752  -0.18242751
  0.25935048  0.23087268 -1.9542669  -0.02094198]
[-2.1153983e-01  3.1422102e-01  6.8790197e-01  4.4616979e-01
  1.8262589e+00  3.3867487e-01 -4.6493164e-01 -8.0722274e-04
 -4.9149167e-02 -1.7846057e+00  4.1849145e-01 -2.0148054e-01
  2.7132690e-01  2.7917963e-01 -1.9642874e+00  3.8069695e-02]
[-0.21597715  0.2510025   0.70408916  0.4169148   1.9538914   0.30371296
 -0.5255644   0.00492651 -0.09661124 -1.8499858   0.43159962 -0.2534695
  0.35287523  0.26081276 -1.858063    0.0645287 ]
[-0.13721791  0.21046814  0.58869016  0.5866143   1.955776    0.21547607
 -0.39881378 -0.04091991 -0.1261522  -1.7269796   0.49126488 -0.27450457
  0.23915806  0.38822657 -2.1370008   0.10874225]
[-0.24022982  0.22993167  0.6695651   0.43006524  1.969012    0.27292067
 -0.52861965  0.04578885 -0.03424423 -1.8275316   0.45136184 -0.23586576
  0.3525376   0.24774635 -1.9265827   0.06744692]
[-0.16550824  0.2019701   0.6011367   0.6230594   1.9877676   0.22866583
 -0.4203309  -0.05929648 -0.1660043  -1.7028252   0.44319662 -0.26724166
  0.2748226   0.34059134 -2.1092906   0.13377984]
[-0.15420344  0.1773191   0.57379234  0.65688974  1.9277213   0.19310452
 -0.3679859  -0.05599388 -0.19084826 -1.6642425   0.43336433 -0.27392194
  0.25339684  0.4063174  -2.1009054   0.13088237]
[-0.18765536  0.16900447  0.6978231   0.42854905  1.9054744   0.26909995
 -0.46870413  0.03195076 -0.1259081  -1.7798296   0.3712847  -0.24821238
  0.3550223   0.2746362  -1.8441601   0.09682792]
[-0.13456973  0.17012215  0.6549209   0.5017232   1.813441    0.26785603
 -0.3763413   0.02656306 -0.10022713 -1.6633766   0.34051827 -0.22971888
  0.21490332  0.35811073 -2.0361938   0.13760209]
[-0.207032    0.2111226   0.7144085   0.41882247  1.7296698   0.34704268
 -0.44344053  0.08472309  0.01281302 -1.7071049   0.23178044 -0.12794626
  0.23711152  0.28388095 -1.9225605   0.08316252]
[-0.13550712  0.18640704  0.62057793  0.60582787  1.8352892   0.26047224
 -0.37796876 -0.0120736  -0.08842101 -1.6417176   0.32542464 -0.19416693
  0.18461257  0.38899392 -2.1395504   0.12719198]
[-0.11526866  0.20453322  0.59059983  0.60185134  1.8013433   0.25603688
 -0.3397638   0.01663576 -0.06008108 -1.6712402   0.338082   -0.16188648
  0.17699325  0.38541037 -2.206408    0.12770948]
[-0.23210673  0.24399176  0.58999723  0.51581496  1.82733     0.31676486
 -0.47854656  0.10492544  0.06030054 -1.7157103   0.3156376  -0.11485187
  0.21843214  0.29292357 -2.0858955   0.08653621]
[-0.20784505  0.17472082  0.5730211   0.655841    1.8731029   0.29255575
 -0.45144883  0.07886793 -0.00743931 -1.5720022   0.27724904 -0.1257966
  0.18960257  0.36525494 -2.2571592   0.08489025]
[-0.0917535   0.06619351  0.47222748  0.8398153   1.9611263   0.15681064
 -0.26855502 -0.05283904 -0.1946595  -1.4965817   0.3777899  -0.26876497
  0.22295749  0.5627132  -2.3985004   0.05168754]
[-0.17664002  0.17505892  0.61457235  0.5902578   1.9141953   0.23800859
 -0.36907777  0.0356774  -0.11482351 -1.6705147   0.39203987 -0.20474604
  0.32338738  0.39568028 -2.1601276  -0.04521012]
[-0.2466485   0.24191809  0.693496    0.4874274   1.8054708   0.34852102
 -0.42267704  0.07132255 -0.04626425 -1.7089312   0.34254184 -0.14342691
  0.32496333  0.34342557 -2.0586262  -0.09510168]
[-0.20044856  0.20459504  0.6843082   0.5170639   1.836853    0.3028432
 -0.38804382  0.03145757 -0.1020299  -1.7031319   0.3625623  -0.1891829
  0.33640394  0.3428624  -2.040636   -0.05716264]
[-0.17422794  0.21575084  0.7329777   0.49150103  1.7547115   0.2807843
 -0.3384778   0.04410796 -0.05740457 -1.7401571   0.3526649  -0.17190298
  0.30793262  0.35736308 -2.0443187  -0.07392277]
[-0.2370563   0.2627106   0.79400116  0.34580976  1.7089714   0.38332433
 -0.42475757  0.07807688  0.0078204  -1.8087561   0.31524125 -0.14263202
  0.3221766   0.27133626 -1.8664964  -0.06997593]
[-2.0272669e-01  2.7071017e-01  7.4860305e-01  4.1054273e-01
  1.6878134e+00  3.6401391e-01 -3.5447779e-01  3.7340604e-02
  1.1369705e-03 -1.7881368e+00  3.5608545e-01 -1.6837697e-01
  2.9271945e-01  3.3705890e-01 -1.9839684e+00 -6.9778457e-02]
[-0.31742483  0.33535224  0.78477925  0.33177128  1.6911888   0.46243256
 -0.44284874  0.04240725  0.06435114 -1.8393328   0.33499393 -0.11833255
  0.33524624  0.25229126 -1.8493513  -0.12855278]
[-0.25606793  0.34626228  0.7288774   0.48485774  1.7508507   0.3910148
 -0.39523244 -0.01785719 -0.02169205 -1.8190329   0.39927667 -0.17561956
  0.2974263   0.34670812 -2.0437427  -0.07717924]
[-0.32069996  0.38891822  0.768826    0.36517742  1.7199433   0.47250122
 -0.4804383   0.0567912   0.08875368 -1.8505102   0.36484346 -0.09333158
  0.29388466  0.2318044  -1.9384315  -0.12955222]
[-0.29094428  0.3309312   0.73113346  0.44694716  1.7914699   0.3887049
 -0.4673992   0.05034925  0.03521352 -1.779171    0.42407736 -0.14862405
  0.25126594  0.33435884 -2.078977   -0.08218605]
[-0.26534027  0.31874484  0.75487506  0.4418292   1.7940445   0.39224285
 -0.46225291  0.01457641  0.00348543 -1.7677011   0.41213888 -0.16641602
  0.25545198  0.33389792 -2.0507393  -0.07106662]
[-0.2085149   0.28153166  0.65851086  0.5747746   1.8363965   0.27484974
 -0.3709312  -0.05738962 -0.10564311 -1.753982    0.4681913  -0.26465702
  0.2716547   0.40458807 -2.1023564   0.03398304]
[-0.2803335   0.3156821   0.767735    0.3973181   1.8225187   0.3782812
 -0.467968   -0.02539382 -0.07073595 -1.8482815   0.44794527 -0.2457772
  0.34621316  0.2838636  -1.8538253  -0.02640005]
[-0.22909626  0.26518744  0.78839105  0.4075316   1.7708324   0.3616901
 -0.4089138   0.00488665 -0.0605365  -1.8044479   0.41905165 -0.21714401
  0.33679995  0.31772888 -1.9382341  -0.07663497]
[-0.28135353  0.36416596  0.84359884  0.28930393  1.6445401   0.46982592
 -0.4498426   0.03586096  0.03904676 -1.8443817   0.34653193 -0.13677344
  0.28462908  0.23974855 -1.8419708  -0.062576  ]
[-0.29736558  0.37605733  0.7683201   0.4011394   1.7389457   0.43849906
 -0.4825067  -0.04206039 -0.03955637 -1.8377655   0.45869857 -0.19348802
  0.26640838  0.3261122  -1.898729   -0.04246503]
[-0.28173727  0.3705299   0.7127751   0.42077017  1.8417889   0.34999737
 -0.49719444 -0.05942933 -0.04296806 -1.9271657   0.51195943 -0.25770772
  0.3035958   0.29796734 -1.8672037   0.06888351]
[-0.2950167   0.34611237  0.65984434  0.45333394  1.8823478   0.31945848
 -0.48112735 -0.03924951 -0.00866161 -1.8880584   0.5450455  -0.27212942
  0.26834774  0.31922844 -1.9482816   0.08293112]
[-0.3298273   0.35393584  0.71214753  0.41713756  1.7812262   0.38822833
 -0.5172414   0.02882789  0.0831524  -1.8302883   0.4189995  -0.1508435
  0.22052129  0.2745326  -1.9428692   0.03608904]
[-0.23428464  0.26375458  0.6439244   0.5791091   1.9042187   0.308912
 -0.46766156 -0.08105097 -0.10891829 -1.7328827   0.47596407 -0.26684636
  0.21336818  0.41145277 -2.0786526   0.11357731]
[-0.22921649  0.2992196   0.60745513  0.6181828   1.8122301   0.31824577
 -0.42376623 -0.07584946 -0.10216387 -1.7123454   0.43896824 -0.23014462
  0.20304784  0.43408504 -2.124679    0.11154771]
[-0.31346416  0.3502906   0.6707154   0.5014467   1.77847     0.40121722
 -0.4929033   0.00935173 -0.01697399 -1.7688917   0.40509757 -0.15809795
  0.17528847  0.357413   -1.9878107   0.03294451]
[-0.31785923  0.273822    0.75033075  0.41621113  1.7916353   0.4233152
 -0.5321796   0.07711502  0.05464336 -1.7515535   0.32133776 -0.12038976
  0.27192634  0.27132916 -1.9439903  -0.0450597 ]
[-0.16924162  0.2346249   0.58039194  0.70452887  1.8631098   0.2413812
 -0.3456306  -0.08823389 -0.13991222 -1.6586298   0.44463342 -0.2611975
  0.18842646  0.50697374 -2.2316868   0.07270189]
[-0.31046867  0.33137578  0.72161204  0.37075293  1.7844608   0.43169984
 -0.5107837   0.06565179  0.04127349 -1.8350807   0.36934558 -0.12007658
  0.34673125  0.2438291  -1.8845146  -0.1060858 ]
[-0.24695794  0.33260775  0.64771605  0.55716884  1.8558489   0.30635598
 -0.45980328 -0.01715505 -0.05882053 -1.7934862   0.46085262 -0.21887402
  0.26975453  0.35940245 -2.078577    0.02619609]
[-0.29117507  0.29807612  0.7297967   0.42853433  1.806813    0.36733547
 -0.501188    0.07806431  0.04060575 -1.7947286   0.36335674 -0.13206491
  0.32906547  0.2467144  -1.9689715  -0.06051511]
[-0.20059605  0.26051468  0.6100848   0.6467739   1.8837445   0.24316192
 -0.36192888 -0.05592952 -0.10864189 -1.6969448   0.48463836 -0.26127097
  0.2183458   0.4445201  -2.177609    0.01105433]
[-0.2863149   0.33911148  0.771685    0.37266824  1.8107507   0.38345107
 -0.48669967  0.02329057 -0.00266974 -1.8566096   0.45092326 -0.18387888
  0.31725764  0.2644506  -1.8804798  -0.09858883]
[-0.21941984  0.34264696  0.6904581   0.5041107   1.8103068   0.32921258
 -0.3959788  -0.06802459 -0.06971598 -1.7925386   0.50570905 -0.23300123
  0.25134844  0.3641713  -2.0394359  -0.04075338]
[-0.27235374  0.39680666  0.72804683  0.3566826   1.8153276   0.36551183
 -0.47748986 -0.04081227 -0.02149513 -1.9494593   0.54569924 -0.2444048
  0.32729226  0.26059985 -1.8163086  -0.03215746]
[-0.2849688   0.37014982  0.7792498   0.33219376  1.8011019   0.39140418
 -0.48062912  0.01536636  0.03880488 -1.947756    0.47979403 -0.20467532
  0.32054776  0.25566858 -1.8447573  -0.08202966]
[-0.2500072   0.3525966   0.70070827  0.42311367  1.8791403   0.32286614
 -0.46550888 -0.03112832 -0.01911152 -1.9052207   0.54538167 -0.23737867
  0.28414375  0.30619738 -1.949111   -0.01627007]
[-0.31562003  0.35454082  0.7581718   0.35339165  1.8537966   0.41981936
 -0.53545034  0.02952657  0.04098383 -1.9052198   0.46834415 -0.1704979
  0.36060733  0.22813916 -1.8804306  -0.12251489]
[-0.26735944  0.34526348  0.66638595  0.51226294  1.931782    0.322256
 -0.47266084 -0.04838267 -0.07059018 -1.8662727   0.53937805 -0.23590866
  0.32646114  0.323853   -2.0173562  -0.05007911]
[-0.2507144   0.31808788  0.7164941   0.43127123  1.8914826   0.32363015
 -0.44299182  0.00881248 -0.03915159 -1.8721129   0.49282342 -0.22031686
  0.35328764  0.28856355 -1.967502   -0.09415789]
[-0.27008852  0.31156272  0.7265366   0.37822336  1.8803097   0.33711076
 -0.5022149   0.03669092 -0.04751337 -1.8914204   0.4750773  -0.23397999
  0.36530215  0.2751959  -1.847719   -0.05273615]
[-0.24352989  0.24504466  0.7762943   0.35547397  1.8308275   0.34948185
 -0.4723935   0.07181446 -0.03552873 -1.8187487   0.38820916 -0.20144835
  0.36248845  0.27825117 -1.8706286  -0.07704817]
[-0.17850965  0.2627448   0.7574024   0.43577433  1.7386411   0.3581894
 -0.36841947  0.0064013  -0.0674177  -1.7105658   0.3784738  -0.18939823
  0.28608316  0.35121655 -2.0274534  -0.09650479]
[-0.19289103  0.33980155  0.7454562   0.40238953  1.706342    0.35263395
 -0.36385977 -0.00945904 -0.02948301 -1.8260771   0.43385124 -0.18872401
  0.3069625   0.2920055  -1.9730995  -0.05701156]
[-0.23716947  0.33829957  0.75888366  0.36016816  1.7326021   0.39779928
 -0.41198206  0.01198976  0.01963681 -1.8640896   0.41130343 -0.16247809
  0.31805533  0.25963455 -1.90068    -0.09308219]
[-0.2603135   0.39976504  0.72443485  0.39296246  1.8141062   0.36882392
 -0.46315247 -0.04347564 -0.00936722 -1.9115242   0.5114877  -0.2224838
  0.28738624  0.26055345 -1.8917701  -0.0154555 ]
[-0.29951948  0.37700996  0.7584722   0.3436331   1.7822981   0.4297275
 -0.50649476  0.0224276   0.05661447 -1.8829237   0.44163173 -0.15718843
  0.32783523  0.21450786 -1.871978   -0.09682932]
[-0.28703874  0.36810082  0.670006    0.506956    1.8800061   0.332776
 -0.4684209  -0.05756724 -0.05833299 -1.8624805   0.5425111  -0.25651717
  0.28406864  0.34669417 -1.9914249  -0.00830134]
[-0.3018767   0.34279394  0.7769202   0.36501467  1.8175205   0.40240923
 -0.49602428  0.02334332  0.01116256 -1.8692653   0.43748298 -0.18851995
  0.3049928   0.2612762  -1.873677   -0.0739735 ]
[-0.21226892  0.26765287  0.72535026  0.44863635  1.8652103   0.32376298
 -0.45510158 -0.00285938 -0.06534251 -1.7994115   0.46477622 -0.25294328
  0.282926    0.35699424 -1.9926201  -0.01523478]
[-0.21932706  0.26712114  0.75155354  0.38029468  1.8198891   0.34909433
 -0.463973    0.03352282 -0.033393   -1.8177383   0.39825225 -0.21530604
  0.30194518  0.27466697 -1.9061997   0.02165238]
[-1.9915411e-01  2.8056806e-01  7.7836770e-01  4.2829418e-01
  1.7631524e+00  4.2444077e-01 -4.1768068e-01  2.1712780e-04
 -5.6332178e-02 -1.7057087e+00  3.3032846e-01 -1.4699376e-01
  2.3845091e-01  3.0173135e-01 -2.0110221e+00 -6.9982588e-02]
[-0.16892022  0.30228454  0.6751433   0.49080905  1.85764     0.29088905
 -0.38406065 -0.06308142 -0.12149857 -1.7870035   0.4695863  -0.24770947
  0.299999    0.31662345 -2.010929    0.02194252]
[-0.24068435  0.28495902  0.7289936   0.38088107  1.8613102   0.34588337
 -0.4619998   0.01519835 -0.05911455 -1.8770466   0.43171    -0.21586147
  0.38300997  0.25694972 -1.8577627  -0.03559259]
[-0.22263138  0.30296975  0.71410245  0.41615304  1.8703569   0.34440407
 -0.48187298 -0.00541597 -0.08885313 -1.8614023   0.42935872 -0.22641483
  0.32560655  0.27767348 -1.8824146   0.03208179]
[-0.23709401  0.29455575  0.7318526   0.38460782  1.811389    0.35737684
 -0.5195882   0.06960803  0.02249624 -1.8134922   0.35109887 -0.1503742
  0.31128675  0.21570297 -1.9098215   0.02398045]
[-0.21038155  0.2050231   0.6531649   0.5443279   1.9363749   0.2693164
 -0.47350335 -0.00445862 -0.10058813 -1.7383932   0.44672108 -0.25611818
  0.32404733  0.35134333 -2.0584564   0.05275432]
[-0.19745359  0.20055397  0.6392972   0.5574673   1.9048036   0.22257385
 -0.38989946  0.00913325 -0.08539762 -1.7244253   0.43872556 -0.24634495
  0.27256495  0.37292913 -2.0816348   0.04834585]
[-0.23966284  0.22416866  0.7446333   0.42933136  1.8430519   0.34866866
 -0.4731036   0.05563437 -0.01285667 -1.7464176   0.33080852 -0.17311978
  0.31343475  0.26919612 -1.9478734  -0.0251455 ]
[-0.17343314  0.20625961  0.64017755  0.62027323  1.8574679   0.2443935
 -0.37235242 -0.04455972 -0.15107922 -1.6951854   0.4119358  -0.26615652
  0.2385511   0.42874074 -2.0892646   0.08749517]
[-0.2282894   0.23612289  0.7190071   0.44743165  1.8143132   0.3427375
 -0.41406757  0.01668494 -0.06627324 -1.7871315   0.3915786  -0.21243727
  0.29423502  0.33506197 -1.9520565   0.00404363]
[-0.2181805   0.32075423  0.7199699   0.4859156   1.7363682   0.39232457
 -0.3884259  -0.00739919 -0.03594012 -1.7551374   0.37590155 -0.1515763
  0.192246    0.33423465 -2.0411422  -0.01910182]
[-0.26945955  0.33950597  0.7279797   0.38085863  1.7987461   0.40437087
 -0.48401624  0.01247084  0.0189951  -1.8401575   0.416887   -0.15228124
  0.2988451   0.23506229 -1.9065777  -0.0402427 ]
[-0.22684464  0.288719    0.6337162   0.5711039   1.8696142   0.30517608
 -0.42306644 -0.06198237 -0.10054523 -1.7767426   0.4658881  -0.23622525
  0.2657426   0.37444592 -2.0635343   0.05727857]
[-0.23470113  0.29555005  0.69188446  0.41836134  1.8799736   0.320258
 -0.4924469   0.02486397 -0.03246847 -1.8695618   0.44881225 -0.22386463
  0.3084965   0.28001696 -1.9147441   0.04310395]
[-0.27188838  0.2613507   0.7349762   0.3681968   1.8180959   0.37035465
 -0.5290994   0.10765405  0.07457973 -1.7847573   0.33666572 -0.13160565
  0.31371197  0.22804542 -1.9402246  -0.01470723]
[-0.22772622  0.20122056  0.6128217   0.5971147   1.957839    0.22734275
 -0.4461848  -0.02586618 -0.1074906  -1.7075996   0.46433035 -0.26722425
  0.27762097  0.41034254 -2.1199045   0.09580232]
[-0.2240326   0.23604259  0.632111    0.60719323  1.8665224   0.26873097
 -0.40908998 -0.02817101 -0.10505043 -1.7039194   0.40452996 -0.21683261
  0.27790314  0.3672892  -2.1074815   0.07710215]
[-0.16896829  0.2920434   0.66418153  0.60136783  1.7629774   0.24646573
 -0.3746391  -0.02895809 -0.09931584 -1.7157614   0.4177638  -0.2330451
  0.16684112  0.37768444 -2.1184375   0.1554261 ]
[-2.4114290e-01  2.7272028e-01  7.8357804e-01  3.4531361e-01
  1.6940635e+00  3.6102477e-01 -4.7478452e-01  9.4660476e-02
  4.9889885e-02 -1.7650791e+00  3.4991196e-01 -1.5497528e-01
  2.6263735e-01  2.4825509e-01 -1.8841823e+00 -5.5847166e-04]
[-0.18378751  0.20933151  0.6588241   0.527432    1.7773211   0.23854509
 -0.35434982 -0.01523546 -0.0512745  -1.6723051   0.46596932 -0.2845114
  0.17554191  0.45545703 -2.0999303   0.09462744]
[-0.2402298   0.32566214  0.7714225   0.32084975  1.6665599   0.39212233
 -0.46537536  0.04589587  0.10493596 -1.765324    0.37562197 -0.15102325
  0.17451918  0.29395667 -1.9270309   0.02006448]
[-0.150898    0.3282196   0.6524554   0.54074794  1.7372202   0.29922783
 -0.39262813 -0.07016666 -0.00792641 -1.7198356   0.49369115 -0.225583
  0.10132146  0.4456156  -2.1915894   0.10274956]
[-0.2372561   0.4352053   0.68424505  0.4306694   1.7337595   0.3791402
 -0.5230335  -0.01942708  0.0807413  -1.8676897   0.46862927 -0.1550686
  0.11052351  0.25865397 -2.009314    0.17882052]
[-0.22913909  0.41674694  0.5643093   0.5345751   1.848723    0.30462742
 -0.5300461  -0.07041541  0.01002091 -1.7607304   0.56252784 -0.18993726
  0.04403095  0.3468984  -2.1222966   0.21903034]
[-0.2651032   0.32699835  0.613923    0.5182346   1.8819004   0.30109933
 -0.56985795 -0.02302408 -0.0194161  -1.7157145   0.49641562 -0.20864797
  0.148194    0.34100097 -2.063013    0.18416682]
[-0.18309449  0.12428375  0.589318    0.6727742   2.0015283   0.22546001
 -0.4633603  -0.0917279  -0.18758146 -1.6261845   0.46909317 -0.34004235
  0.23115286  0.47777742 -2.1178558   0.1627461 ]
[-1.9049624e-01  1.5017185e-01  7.1395952e-01  6.0181266e-01
  1.8732460e+00  3.6747020e-01 -4.4791240e-01 -6.7695260e-02
 -1.8854114e-01 -1.6558129e+00  3.5228205e-01 -2.6653695e-01
  3.0516803e-01  4.1068125e-01 -2.0169976e+00 -7.9820154e-04]
[-0.19687366  0.28588733  0.72262794  0.3879324   1.7691824   0.38820952
 -0.47318822  0.07730222 -0.00521113 -1.7509248   0.27364394 -0.13452587
  0.2980845   0.21265852 -1.9291964   0.01889643]
[-0.16741279  0.23311615  0.6406275   0.52430797  1.8412708   0.3494916
 -0.45046893  0.02375987 -0.09545578 -1.6533455   0.3205548  -0.16218045
  0.27958748  0.32094747 -2.0834546   0.02103093]
[-0.13141438  0.17419198  0.5820751   0.61462533  1.9082702   0.21638414
 -0.38045752  0.00674768 -0.13410279 -1.618496    0.39287585 -0.24695902
  0.26352254  0.41453344 -2.17704     0.05702848]
[-0.18913186  0.20038863  0.74031687  0.39895374  1.8453548   0.34525234
 -0.5041703   0.1109967  -0.00501922 -1.6786194   0.28167313 -0.14816955
  0.35021934  0.20560113 -1.9791796  -0.03432266]
[-0.06579226  0.12362444  0.59369934  0.68451834  1.8862512   0.17841321
 -0.30294198 -0.05412816 -0.18690015 -1.5519427   0.40230927 -0.2939689
  0.26651043  0.48970062 -2.2492342   0.01871786]
[-0.19573466  0.19904956  0.77299803  0.3742478   1.8460197   0.3538727
 -0.4645744   0.04474707 -0.10336909 -1.7478027   0.34818056 -0.22299676
  0.41355506  0.22930185 -1.838548   -0.06993028]
[-0.13059117  0.18415776  0.7262831   0.48323956  1.891416    0.26380655
 -0.37647247 -0.01872962 -0.12706026 -1.7140768   0.44255596 -0.2923295
  0.3151339   0.36225656 -2.0439444  -0.02807188]
[-0.20441155  0.22907348  0.7837528   0.3023043   1.8235271   0.37402952
 -0.47240502  0.06426241 -0.04634999 -1.8276942   0.36200398 -0.19497335
  0.3956818   0.21797422 -1.7785075  -0.08898644]
[-0.17683809  0.21025833  0.7185554   0.40893945  1.898127    0.30297518
 -0.44135618 -0.01785282 -0.11718013 -1.814106    0.42553362 -0.28212655
  0.36698332  0.30132785 -1.863683    0.02270765]
[-0.2267961   0.22796173  0.7558549   0.41475782  1.8733631   0.3977427
 -0.46875468  0.01576334 -0.09285121 -1.7816808   0.3622356  -0.20692778
  0.3545132   0.2909148  -1.8927485  -0.08445003]
[-0.1987571   0.2313221   0.7132559   0.4216227   1.8759964   0.29745254
 -0.43943173  0.06070008 -0.07393479 -1.8510792   0.38973343 -0.22744672
  0.4094158   0.2946393  -1.9054115  -0.05810513]
[-0.2604981   0.21246712  0.74204767  0.38287002  1.838382    0.40648365
 -0.49967232  0.1137927  -0.0285937  -1.7946064   0.26739058 -0.13058457
  0.41040397  0.2383539  -1.8371693  -0.12147238]
[-0.18641077  0.20387025  0.6778477   0.5185025   1.8449612   0.31417292
 -0.435778    0.07502572 -0.09231378 -1.7143996   0.3057116  -0.17343894
  0.3341375   0.312918   -2.0106797  -0.03325189]
[-0.18261118  0.12341211  0.77285963  0.3808599   1.7710314   0.37628862
 -0.45480627  0.18378724 -0.01273563 -1.6558176   0.1777796  -0.08650512
  0.37507105  0.22546227 -1.9247957  -0.13216582]
[-0.07564177  0.08927245  0.6721587   0.5528455   1.7681478   0.24816108
 -0.27993476  0.10032184 -0.0831497  -1.5534431   0.24823451 -0.16965255
  0.2661264   0.40108076 -2.191999   -0.05568321]
[-0.15556204  0.1308082   0.79551446  0.33037144  1.737944    0.34839442
 -0.40279135  0.18381537  0.00252485 -1.6881777   0.19093178 -0.09653363
  0.38155657  0.2565617  -1.9062233  -0.17329755]
[-0.08042703  0.1645976   0.7501641   0.47837862  1.7520199   0.2942839
 -0.30472797  0.05866704 -0.0853577  -1.6767353   0.25960857 -0.16310744
  0.325204    0.33631226 -2.0716195  -0.10028183]
[-0.14719573  0.21732816  0.70797074  0.446994    1.7624748   0.34017286
 -0.33083054  0.05227483 -0.05470266 -1.7230084   0.32873136 -0.17178772
  0.33411676  0.3122875  -2.0229213  -0.11493494]
[-0.1987531   0.2601743   0.7518903   0.36938208  1.7644756   0.38519016
 -0.41284418  0.10387717  0.04695066 -1.8013651   0.30846423 -0.11331366
  0.34636125  0.20871672 -1.9439961  -0.13777448]
[-0.1938802   0.2157002   0.78499323  0.3374557   1.8281647   0.36187917
 -0.44519013  0.10661815  0.01015709 -1.7877986   0.3293574  -0.12674534
  0.36760634  0.22297129 -1.922699   -0.1529394 ]
[-0.12829168  0.19818902  0.7107419   0.48611268  1.8141708   0.30475238
 -0.35848865  0.02047398 -0.10764518 -1.704868    0.33822483 -0.19625242
  0.30832657  0.33516958 -2.0521283  -0.0292514 ]
[-0.2128808   0.24146208  0.7439082   0.41128713  1.8257859   0.3783725
 -0.45979816  0.03796665 -0.09794796 -1.7966087   0.34178516 -0.20461722
  0.36543718  0.27378374 -1.8704716  -0.03621615]
[-0.19039229  0.18578589  0.7445486   0.37481546  1.8173218   0.34043732
 -0.4236074   0.09163189 -0.06838551 -1.7634327   0.30607432 -0.1868984
  0.39972195  0.25061125 -1.8852654  -0.05318593]
[-0.16584401  0.18422218  0.7179359   0.41714197  1.7957146   0.2879397
 -0.39747825  0.08861453 -0.05338239 -1.7260278   0.30662856 -0.19519037
  0.34854904  0.3010448  -1.9651558  -0.00357348]
[-0.20397897  0.23384175  0.76429784  0.3658321   1.6782392   0.3799519
 -0.45077103  0.10964141  0.01231143 -1.7017307   0.2287558  -0.09561099
  0.2953218   0.22935984 -1.9124607   0.00988067]
[-0.09366412  0.20455103  0.6358849   0.60154736  1.7550453   0.24850686
 -0.32725465 -0.01379106 -0.10431302 -1.6055473   0.32644778 -0.21271122
  0.17452306  0.39772335 -2.151214    0.10876067]
[-0.20093235  0.2711636   0.7162062   0.3991529   1.7463316   0.3480172
 -0.45125753  0.06106562  0.01514818 -1.7361686   0.31502783 -0.14584534
  0.23556694  0.2284832  -1.923034    0.06625934]
[-0.13843134  0.20760965  0.6124958   0.5269426   1.8087404   0.22145018
 -0.36181277  0.01060539 -0.04158213 -1.6560123   0.4100836  -0.23583288
  0.15609846  0.4012517  -2.11455     0.13774708]
[-0.2404708   0.2178576   0.72426665  0.42991695  1.7912624   0.3646183
 -0.47574013  0.03400154  0.00777273 -1.6974561   0.31446588 -0.17505047
  0.2210029   0.28977078 -1.9632858   0.10204804]
[-0.09735923  0.18524666  0.5752471   0.71016395  1.8314234   0.25845248
 -0.30992955 -0.11426971 -0.15179388 -1.581239    0.39308578 -0.26785737
  0.11399864  0.513329   -2.2698417   0.15601173]
[-0.20731945  0.28931534  0.6712469   0.4962685   1.8279812   0.4018081
 -0.47604808 -0.00431869 -0.04290722 -1.770467    0.3678587  -0.15336996
  0.21385153  0.266558   -2.0122988   0.07646449]
[-1.6973111e-01  2.5501961e-01  5.9653175e-01  5.6422698e-01
  1.9127131e+00  3.0677110e-01 -4.8002887e-01 -1.1187166e-03
 -6.2088333e-02 -1.6820389e+00  4.0194911e-01 -1.7081560e-01
  1.6401860e-01  3.1399846e-01 -2.1405063e+00  1.3657495e-01]
[-0.19573967  0.1674212   0.60079396  0.55649936  1.9783503   0.29597932
 -0.52229184  0.03808073 -0.09600873 -1.6425955   0.35379288 -0.19998279
  0.32249758  0.31769702 -2.096726    0.06511502]
[-0.14987433  0.10844364  0.5134209   0.7161164   2.0404317   0.16193566
 -0.39913243 -0.04237468 -0.21703133 -1.6007817   0.40202513 -0.30692813
  0.3348509   0.45570892 -2.1792233   0.10629143]
[-0.15488403  0.12137949  0.5905344   0.58239824  2.0084286   0.19844322
 -0.4126727   0.00663632 -0.22550587 -1.683636    0.36436304 -0.2812389
  0.38970217  0.37541336 -2.0189023   0.08382431]
[-0.11797853  0.15700488  0.618567    0.6220061   1.7999527   0.21697032
 -0.3187495   0.04011844 -0.09488701 -1.5817406   0.33206204 -0.20798223
  0.20649195  0.42347082 -2.212616    0.05851942]
[-0.17989053  0.12965417  0.78486097  0.36702213  1.7668587   0.35744125
 -0.44811344  0.13458125 -0.0061872  -1.6346375   0.21564417 -0.12908939
  0.30788687  0.22551373 -1.9267728  -0.02481625]
[-4.8161976e-02  6.9705240e-02  6.4365196e-01  5.9049749e-01
  1.7786058e+00  2.3049311e-01 -2.4761763e-01 -8.3935558e-04
 -1.3819218e-01 -1.4973888e+00  3.0573329e-01 -2.2814064e-01
  2.2519343e-01  4.5727459e-01 -2.2126274e+00  9.8671075e-03]
[-0.18407522  0.22854695  0.749523    0.38842866  1.7639608   0.3751215
 -0.41187334  0.02520693 -0.06221051 -1.7587074   0.30239123 -0.15670982
  0.36097258  0.26776642 -1.8875799  -0.06034235]
[-0.13230747  0.25100306  0.7019485   0.49768782  1.7792345   0.3005734
 -0.35376284 -0.01391889 -0.08231721 -1.7852945   0.34123573 -0.19412653
  0.29104662  0.3466106  -2.0192869   0.01426147]
[-0.2568713   0.2811865   0.69861394  0.38615495  1.8479536   0.37495512
 -0.49549365  0.06349604  0.01477839 -1.8641678   0.35582286 -0.17570367
  0.32887867  0.22620341 -1.8560541   0.01471462]
[-0.25499535  0.19692929  0.6815297   0.43814868  1.876117    0.35737163
 -0.50569886  0.13241509  0.03953416 -1.7419907   0.29340538 -0.13894503
  0.30222487  0.24456222 -1.9728807  -0.00566186]
[-0.17863646  0.09986103  0.6517765   0.5602558   1.9321226   0.31360453
 -0.46630996  0.07983594 -0.08982474 -1.592712    0.24934211 -0.17156641
  0.3114391   0.32194555 -2.1038196   0.02400186]
[-0.05678573  0.03708471  0.5791335   0.72510827  1.8780159   0.18889625
 -0.27372155  0.00839076 -0.19007392 -1.4635897   0.24637373 -0.22896552
  0.26185438  0.47359425 -2.2732832   0.02822792]
[-0.14634451  0.11272585  0.75082433  0.46551198  1.7903074   0.35112604
 -0.40455094  0.12196462 -0.11331834 -1.6164423   0.1807472  -0.1354563
  0.35621783  0.31689897 -2.012347   -0.07952385]
[-0.10451982  0.08272697  0.7134818   0.46227115  1.7984731   0.25352448
 -0.33058777  0.14737739 -0.08027907 -1.6298367   0.22578149 -0.17188302
  0.3485783   0.3591389  -2.065453   -0.0712477 ]
[-0.15030989  0.12992866  0.7609253   0.37521586  1.7444658   0.3424875
 -0.40579683  0.17314601 -0.01521821 -1.6710827   0.18134367 -0.0936014
  0.35827678  0.25753704 -1.9538927  -0.09508909]
[-0.0507696   0.10695513  0.72241575  0.51280046  1.7766918   0.26712292
 -0.3024611   0.05637611 -0.09487827 -1.5854404   0.2548581  -0.17205688
  0.31035513  0.36372763 -2.1529021  -0.07660927]
[-0.12060799  0.16241427  0.6908871   0.49754757  1.771802    0.29487824
 -0.33789796  0.05771172 -0.07976903 -1.6440334   0.29175916 -0.1754878
  0.33825922  0.31271535 -2.0792382  -0.04249229]
[-0.16692226  0.1887376   0.77259004  0.38893694  1.7761669   0.35319185
 -0.3961158   0.09709096 -0.0220178  -1.7373158   0.25524467 -0.15674737
  0.3365714   0.25380746 -1.9433033  -0.06021937]
[-0.18645361  0.17565534  0.772297    0.3640242   1.795974    0.3721618
 -0.43205804  0.10345737 -0.03086471 -1.723128    0.27351582 -0.14146361
  0.334831    0.27831942 -1.9130676  -0.10524474]
[-0.14018814  0.16597983  0.69525677  0.48620263  1.8273989   0.2631712
 -0.3690252   0.04187078 -0.08080018 -1.7074801   0.34666094 -0.22266868
  0.33122662  0.36758626 -2.0620787  -0.0034891 ]
[-0.2518547   0.274412    0.7251413   0.43857583  1.7826449   0.3913507
 -0.46660987  0.06009173 -0.04312479 -1.7657534   0.31942064 -0.15968582
  0.31064314  0.2855384  -1.9379879  -0.02084178]
[-0.17152216  0.23143616  0.6841981   0.5176199   1.7603519   0.27006352
 -0.39073643  0.08049335 -0.02463296 -1.7224947   0.30915612 -0.16780521
  0.26269037  0.31654885 -2.0472338   0.03483261]
[-0.21559513  0.18699577  0.7535052   0.39223075  1.7378819   0.35379827
 -0.46905303  0.1578163   0.06486522 -1.6939747   0.23083898 -0.08158864
  0.2724176   0.22744489 -1.9434277  -0.03337202]
[-0.0878001   0.10070554  0.61704075  0.5827658   1.8009418   0.22105432
 -0.29565993  0.05324053 -0.06191205 -1.5520704   0.32696387 -0.20899983
  0.17766845  0.4394331  -2.2278333   0.05442294]
[-0.1912094   0.18964526  0.72900826  0.40292674  1.742075    0.36027202
 -0.42875758  0.0942034   0.01174466 -1.6927353   0.24544711 -0.12263167
  0.28277373  0.27729806 -1.9528885  -0.00514935]
[-0.12788706  0.20372137  0.62503517  0.6052496   1.8095798   0.2951564
 -0.3298912  -0.01969183 -0.08577827 -1.6408231   0.34956655 -0.19806822
  0.23226663  0.41791788 -2.1936638  -0.00263608]
[-0.18906485  0.26991323  0.66660655  0.5109194   1.831475    0.34327322
 -0.37688932  0.02633649 -0.04012956 -1.7688767   0.38779277 -0.16238427
  0.28699607  0.32751584 -2.0954876  -0.07993516]
[-0.22146761  0.33002174  0.70834845  0.39846     1.7893248   0.38144702
 -0.46321097  0.07454786  0.03483815 -1.8139521   0.36939436 -0.12247328
  0.2661485   0.24314407 -2.005405   -0.02799449]
[-0.19914672  0.23849717  0.6846837   0.44185567  1.788512    0.39656848
 -0.4832472   0.09086315  0.0028412  -1.6638225   0.3113255  -0.12603232
  0.27024713  0.2897504  -2.061336   -0.04196778]
[-0.12041881  0.11737633  0.6474945   0.5842856   1.8612903   0.26877758
 -0.3957777   0.0356769  -0.13077056 -1.6062714   0.3169431  -0.22484073
  0.318287    0.36105013 -2.1230934   0.03023442]
[-0.1027662   0.07695756  0.7004638   0.51494706  1.8414081   0.25414348
 -0.31804463  0.0592356  -0.1297026  -1.612262    0.25949478 -0.20558648
  0.33035538  0.3623581  -2.0649738  -0.02721737]
[-0.16023675  0.14286384  0.73477125  0.44227004  1.7850521   0.31289884
 -0.37735087  0.09879406 -0.06010918 -1.69972     0.26526132 -0.16981214
  0.34206414  0.33429113 -1.9800179  -0.07245858]
[-0.20202236  0.16675165  0.75997293  0.38546357  1.759773    0.37845048
 -0.4321378   0.13019864 -0.01702139 -1.7564249   0.2433106  -0.12463125
  0.4032894   0.27918184 -1.9034045  -0.1333716 ]
[-0.18607447  0.18014206  0.694773    0.49836475  1.8038731   0.34412134
 -0.3810575   0.08918472 -0.02605863 -1.6941296   0.29940128 -0.15289171
  0.36329418  0.35379523 -2.0937524  -0.15806265]
[-0.24696259  0.2506339   0.7411695   0.3915639   1.7539686   0.36691862
 -0.46125823  0.18043914  0.08237192 -1.7949715   0.26210865 -0.09903887
  0.37269148  0.24116595 -1.942868   -0.16021682]
[-0.23282656  0.19533287  0.76056546  0.39323387  1.7890832   0.37479216
 -0.46809053  0.16929342  0.06384101 -1.7094164   0.24487117 -0.09329595
  0.332101    0.23244861 -1.9765545  -0.13846013]
[-0.11676674  0.11129045  0.6354226   0.5810481   1.7884773   0.23359588
 -0.29143727  0.10767665 -0.02985954 -1.5667057   0.3208756  -0.18673585
  0.22729656  0.43440658 -2.2329774  -0.08022408]
[-0.16160342  0.11761995  0.7981131   0.336375    1.7394979   0.35386834
 -0.376421    0.17803904  0.04355045 -1.6694238   0.24048492 -0.10940261
  0.3470066   0.27393776 -1.9649862  -0.21418104]
[-0.09875999  0.15895101  0.72672737  0.49823198  1.7404587   0.3294903
 -0.27592432  0.06098639 -0.04616991 -1.5988257   0.30380026 -0.14178939
  0.2955934   0.3937946  -2.178782   -0.23746045]
[-0.18803114  0.29528347  0.7569302   0.3893078   1.7141911   0.39548257
 -0.35205203  0.05532939  0.00264487 -1.8249191   0.3488329  -0.12857299
  0.4048439   0.2511682  -1.9444978  -0.24223919]
[-0.23301418  0.33527964  0.79943424  0.29374254  1.6854095   0.4370945
 -0.39833707  0.11200877  0.09226628 -1.896718    0.31639418 -0.07567193
  0.36614898  0.14409652 -1.8293091  -0.21239915]
[-0.20901947  0.28773984  0.7858039   0.3142057   1.7147601   0.3779592
 -0.4087161   0.12391059  0.07382972 -1.8296652   0.3197475  -0.10492764
  0.30458435  0.19362296 -1.8794311  -0.12613899]
[-0.21754095  0.22498474  0.7737647   0.31690902  1.7411358   0.37453654
 -0.44271535  0.10931081  0.02332261 -1.7668473   0.29593816 -0.11759681
  0.33312756  0.19708917 -1.8337681  -0.07180583]
[-0.15788274  0.18700342  0.72164214  0.4478829   1.7763317   0.34920627
 -0.37346914  0.01963496 -0.11629065 -1.683563    0.3213181  -0.18107475
  0.3006888   0.30869895 -1.9559485  -0.02420446]
[-0.1354424   0.24544223  0.73568     0.46218014  1.6497551   0.3517953
 -0.29857934  0.00981736 -0.08960158 -1.7192615   0.2783381  -0.16501042
  0.27367863  0.3247225  -1.96035    -0.02143649]
[-0.19604     0.3048568   0.78922397  0.29773253  1.6406206   0.42521882
 -0.41325942  0.0796916   0.05780353 -1.8274778   0.25506434 -0.10241015
  0.27202827  0.17664528 -1.7836921  -0.03198769]
[-0.18381406  0.25054017  0.7541664   0.338095    1.7165804   0.38574243
 -0.43198413  0.08835545  0.02766067 -1.783397    0.2588126  -0.13357644
  0.24131778  0.23217924 -1.8711426   0.05607479]
[-0.19393978  0.19471256  0.6741563   0.42246428  1.8020242   0.33711025
 -0.46321258  0.0914595   0.02596222 -1.7289293   0.288564   -0.15553541
  0.22910407  0.28638268 -1.9748894   0.11061321]
[-0.13859108  0.18674405  0.6203169   0.5892019   1.8540386   0.31946635
 -0.41494852  0.01857605 -0.03260855 -1.59506     0.2971438  -0.1470471
  0.17444214  0.33555382 -2.211216    0.08727846]
[-0.09050722  0.15363006  0.53785676  0.7345343   1.9551108   0.20484853
 -0.3315402  -0.05906927 -0.15403703 -1.5829808   0.3726195  -0.2417512
  0.20380816  0.42046562 -2.303845    0.12449627]
[-0.1594673   0.19092236  0.5995122   0.56524485  1.97964     0.2373744
 -0.43509632  0.02178192 -0.10928988 -1.6926334   0.39821002 -0.221705
  0.27852583  0.33365482 -2.114068    0.07035355]
[-0.16042432  0.13747205  0.60760707  0.5433454   1.9178234   0.26947087
 -0.43986696  0.09263863 -0.07907413 -1.6090934   0.34120592 -0.18169689
  0.26420295  0.3622226  -2.1491594   0.02355488]
[-0.09314762  0.04359064  0.5966536   0.56704634  1.9862486   0.20404701
 -0.38714013  0.0800973  -0.12672216 -1.5731456   0.32169622 -0.23747297
  0.3533123   0.3807202  -2.168831   -0.00853722]
[-0.08825716  0.04607989  0.6112222   0.64604867  1.9318264   0.21303387
 -0.3019184   0.05034746 -0.13707824 -1.5239614   0.27642196 -0.21079762
  0.32754964  0.41017252 -2.2250857  -0.08962831]
[-0.10431506  0.09164075  0.7473198   0.4867673   1.8628881   0.26980072
 -0.33614153  0.09501403 -0.09735598 -1.6540302   0.2877013  -0.18381055
  0.4037962   0.33722475 -2.0790129  -0.19538234]
[-0.07579824  0.15593486  0.7488101   0.41823012  1.8112257   0.30809084
 -0.31740665  0.08112212 -0.05559667 -1.6661875   0.30864292 -0.17547294
  0.34107286  0.27904096 -2.0545163  -0.17355762]
[-0.14964923  0.15424278  0.8213957   0.25892508  1.7599586   0.3790196
 -0.40452367  0.15734243  0.00612465 -1.7351332   0.23873849 -0.14309439
  0.41881895  0.195152   -1.8257984  -0.19630972]
[-0.16347969  0.11796252  0.8119494   0.29707652  1.8116109   0.37906244
 -0.4368233   0.13337263 -0.06507178 -1.7334316   0.21566093 -0.1572469
  0.4604539   0.22805712 -1.7825582  -0.1800539 ]
[-0.05795975  0.09169274  0.79114854  0.40967774  1.7614139   0.31579927
 -0.29763722  0.10518637 -0.10516572 -1.6643975   0.2183392  -0.15227613
  0.40393537  0.31009525 -2.0055356  -0.19109556]
[-0.13154581  0.18998976  0.8084863   0.30784887  1.6955426   0.42236286
 -0.37484688  0.15381353 -0.0369617  -1.7465807   0.1646564  -0.0874869
  0.42713776  0.19626771 -1.8476852  -0.20444055]
[-0.17263769  0.20072782  0.8015173   0.32493     1.7595367   0.3982852
 -0.42672673  0.13723564 -0.01828985 -1.7702515   0.21717004 -0.10991397
  0.44022736  0.14940175 -1.840921   -0.15260768]
[-0.17680663  0.19227561  0.79889977  0.3394446   1.7275655   0.38871387
 -0.43833867  0.1421225  -0.05026499 -1.713444    0.20911868 -0.09133208
  0.41651034  0.16951679 -1.8634971  -0.11226175]
[-0.08293843  0.11783006  0.72687995  0.4842271   1.7809093   0.24500899
 -0.31958896  0.07102989 -0.16590634 -1.6377592   0.25868124 -0.20645848
  0.35594374  0.3338458  -2.0089698  -0.0128553 ]
[-0.16919646  0.18267575  0.8164318   0.290651    1.7031133   0.37669292
 -0.42664152  0.11496206 -0.04586812 -1.7032902   0.21586993 -0.13221237
  0.3743948   0.19933781 -1.7949717  -0.06133189]
[-0.10224459  0.16447584  0.70177716  0.4920303   1.7622874   0.25815016
 -0.30371758 -0.017508   -0.17929009 -1.675808    0.3340214  -0.24892306
  0.30357224  0.37714124 -1.9772415   0.05379345]
[-2.1214119e-01  2.9710287e-01  7.7316177e-01  3.3247659e-01
  1.7104056e+00  4.1689390e-01 -4.2706957e-01  1.6789805e-02
 -3.1808377e-03 -1.7816708e+00  3.1687695e-01 -1.4866301e-01
  2.9139215e-01  2.2239247e-01 -1.8618122e+00  5.4997206e-05]
[-0.17333248  0.30740023  0.6994541   0.4826939   1.8133672   0.31973886
 -0.39166313 -0.06965933 -0.08390108 -1.7733204   0.44963306 -0.23204453
  0.25463048  0.32620552 -2.0298448   0.04280985]
[-0.2902726   0.3599425   0.7574126   0.37551394  1.8484856   0.39916253
 -0.52263165 -0.02002328 -0.01107665 -1.8960953   0.44217482 -0.20604996
  0.3096159   0.23535171 -1.8585608   0.02062104]
[-0.24723497  0.35152248  0.65351593  0.497032    1.9253467   0.31918722
 -0.4836955  -0.08568634 -0.09275794 -1.8258308   0.51666933 -0.27353105
  0.23977216  0.3353603  -1.9999464   0.11606716]
[-0.26237616  0.31555247  0.6892909   0.48552054  1.8666283   0.38073626
 -0.51687104 -0.01484462 -0.05660754 -1.7525679   0.41629338 -0.20076719
  0.24484952  0.31673223 -2.0239933   0.05584853]
[-0.2127933   0.21561353  0.6188256   0.5714964   2.0153267   0.24952643
 -0.47853136 -0.0601595  -0.15911417 -1.7498486   0.50280035 -0.30461353
  0.3233071   0.3821934  -2.062619    0.09120603]
[-0.19222625  0.21396025  0.6186625   0.58550817  1.966972    0.25086042
 -0.4289628  -0.0310236  -0.13486788 -1.7142748   0.4519829  -0.25876543
  0.31282842  0.37786695 -2.1046016   0.02688619]
[-0.2565735   0.25036246  0.72640693  0.48824447  1.9064274   0.36509332
 -0.48903418  0.01725016 -0.08262459 -1.7400916   0.4027287  -0.19554302
  0.37249723  0.32408154 -2.025518   -0.12782393]
[-0.23443921  0.21938443  0.6707245   0.5632562   1.9961288   0.2695999
 -0.44203812 -0.03302262 -0.14555062 -1.7778238   0.49546462 -0.27754417
  0.39368024  0.3843518  -2.031934   -0.11447848]
[-0.24432671  0.2902282   0.7693798   0.39337382  1.9043057   0.31612355
 -0.4550171   0.00393701 -0.0853821  -1.876783    0.48068944 -0.26738724
  0.39798087  0.2928911  -1.8779885  -0.10450648]
[-0.28497788  0.30253154  0.8112645   0.2686447   1.847504    0.38672227
 -0.5169276   0.06887476 -0.0124115  -1.8970238   0.440823   -0.2245017
  0.42366856  0.22785655 -1.7521877  -0.15273339]
[-0.24436903  0.2690783   0.77924764  0.36660987  1.8535554   0.33348098
 -0.45653492  0.03765253 -0.05762694 -1.8592497   0.42523536 -0.23561291
  0.40203294  0.27381152 -1.8452082  -0.10404558]
[-0.22504286  0.24160671  0.8089329   0.3362622   1.7750146   0.3797436
 -0.40708727  0.05798923 -0.03478587 -1.8171666   0.38351712 -0.19204454
  0.38590282  0.3055209  -1.880518   -0.18355736]
[-0.18737236  0.3524943   0.7780655   0.38229072  1.6982981   0.3917105
 -0.36522645  0.00198057 -0.00614534 -1.8510649   0.41783676 -0.15640974
  0.32401246  0.26132265 -1.9534992  -0.15226975]
[-0.26989257  0.36882654  0.8024993   0.2755764   1.7227424   0.45476985
 -0.44210792  0.01970437  0.05059409 -1.9132652   0.39577356 -0.14876191
  0.35104668  0.1700336  -1.7698494  -0.12839073]
[-0.23944047  0.32953912  0.76773536  0.3723641   1.834227    0.38454324
 -0.43857965 -0.03398196 -0.05035961 -1.880681    0.46456814 -0.23382573
  0.32414678  0.2522245  -1.844383   -0.06826779]
[-0.25676346  0.30719495  0.80236185  0.2862699   1.776857    0.4088409
 -0.45943308  0.04722161  0.01416429 -1.8921292   0.39543983 -0.16937113
  0.37330753  0.21315446 -1.7844776  -0.12424258]
[-0.23220308  0.30897897  0.7645711   0.35384527  1.8269675   0.39917725
 -0.45629436 -0.01210429 -0.08220693 -1.8617455   0.40255767 -0.22086135
  0.33665997  0.27821454 -1.8436285  -0.0198317 ]
[-0.22615957  0.33761257  0.7220418   0.4459551   1.7775135   0.4043619
 -0.44627088 -0.01720462 -0.07658293 -1.811547    0.38455543 -0.1806672
  0.29749322  0.3013813  -1.9427792  -0.02777199]
[-0.28252196  0.30952102  0.7587818   0.34571368  1.8628719   0.4022929
 -0.5432376   0.0332035  -0.03186964 -1.877034    0.3957611  -0.19654053
  0.38409528  0.1871817  -1.7946827  -0.01070222]
[-0.17918342  0.2158883   0.71103585  0.45705634  1.8988203   0.28249103
 -0.42900229  0.01262351 -0.09234103 -1.7528534   0.41783875 -0.23641908
  0.31832713  0.31245607 -2.018343    0.02193288]
[-0.22141263  0.2495424   0.7721742   0.35250387  1.8026321   0.36235237
 -0.49456102  0.07457376 -0.00764378 -1.7409347   0.3146863  -0.1696908
  0.3245456   0.22584715 -1.9049565   0.00242529]
[-0.1678696   0.22552328  0.6687466   0.55347335  1.9001604   0.25069836
 -0.43666047 -0.04994198 -0.16333392 -1.7011868   0.4210601  -0.28556594
  0.28001785  0.36110213 -2.0324962   0.1210235 ]
[-0.1698248   0.2500052   0.67994016  0.51254404  1.8317581   0.2595335
 -0.4062315  -0.0304193  -0.10742567 -1.7455374   0.4318623  -0.24861665
  0.27356014  0.34832686 -2.0240955   0.08796266]
[-0.20303504  0.2798305   0.66177773  0.4855543   1.8253498   0.25682837
 -0.40371776 -0.01110688 -0.04029461 -1.7807095   0.46764582 -0.2446678
  0.21452928  0.33889    -2.0034919   0.10090091]
[-0.2508304   0.2650718   0.73341715  0.4038381   1.8217319   0.3519585
 -0.4772188   0.01035945  0.02693903 -1.7848974   0.42690873 -0.19440112
  0.2567105   0.28535542 -1.9529063   0.01906253]
[-0.20586982  0.2559197   0.6018425   0.6260585   1.9150364   0.26734477
 -0.4258891  -0.11983852 -0.12561063 -1.7436771   0.5204074  -0.284798
  0.23361453  0.43217897 -2.09707     0.09338053]
[-0.32324034  0.34948903  0.6638466   0.4876148   1.9345633   0.37270164
 -0.52391475 -0.0654275  -0.06120602 -1.8779829   0.5215798  -0.2466451
  0.32379618  0.31440908 -1.9347904   0.00754888]
[-0.3460196   0.37764233  0.68050224  0.5148565   1.8911632   0.4046467
 -0.5000185  -0.03845827 -0.04665108 -1.8292267   0.49282122 -0.18712255
  0.27298445  0.32538816 -2.0054297  -0.06761323]
[-0.32507044  0.3432518   0.6999744   0.43354493  1.8796928   0.36585343
 -0.5250127   0.01991192 -0.03883686 -1.8589233   0.4561607  -0.19072625
  0.3260896   0.27613974 -1.9057999  -0.01431727]
[-0.22939785  0.25436798  0.6446971   0.52826345  1.8782823   0.3298516
 -0.44865388 -0.02094912 -0.11398691 -1.7191784   0.43077272 -0.23962586
  0.26977167  0.36971623 -2.0294523   0.0377363 ]
[-1.82098299e-01  1.94316790e-01  7.00198233e-01  4.93325859e-01
  1.82818758e+00  2.93977797e-01 -4.00663674e-01  2.18973700e-02
 -9.53513607e-02 -1.70933843e+00  3.88230115e-01 -2.27546126e-01
  2.81676680e-01  3.80185902e-01 -2.02712798e+00 -1.00749734e-04]
[-0.14967257  0.19590211  0.75579846  0.39778858  1.7350123   0.33762398
 -0.36413634  0.06210853 -0.02560838 -1.7099425   0.33512753 -0.16682877
  0.3073638   0.33116093 -2.0218453  -0.08333659]
[-0.17749116  0.24205112  0.6984271   0.48101646  1.7719806   0.33041266
 -0.35233518  0.00529093 -0.02682628 -1.7471939   0.38796228 -0.19103923
  0.3327002   0.35811374 -2.075747   -0.10083473]
[-0.31958616  0.3356298   0.75611895  0.3741448   1.7737277   0.45242286
 -0.48947716  0.05405404  0.06241958 -1.8718935   0.36405224 -0.11106153
  0.40674552  0.22410354 -1.8773577  -0.19757697]
[-0.27748555  0.279473    0.72558534  0.48866254  1.893882    0.35438848
 -0.454921    0.01864252 -0.04069325 -1.840729    0.43740416 -0.20257339
  0.38480383  0.3211656  -2.0124156  -0.13953869]
[-0.3040221   0.29232678  0.78030473  0.36719787  1.8311999   0.40370607
 -0.49608785  0.0973212   0.04635261 -1.8422184   0.37464124 -0.15418836
  0.33917505  0.25617382 -1.9099125  -0.14503261]
[-0.26223293  0.22654757  0.7862329   0.40585035  1.7881263   0.41587514
 -0.4538695   0.09099717 -0.02305834 -1.7021751   0.29555196 -0.13996352
  0.3045222   0.3186168  -1.9692045  -0.14564113]
[-0.17639759  0.1647666   0.74259996  0.47564393  1.8382181   0.33969256
 -0.37141395  0.02116289 -0.1266061  -1.6777462   0.31923503 -0.22180939
  0.35116345  0.36006293 -1.9925731  -0.10914129]
[-0.1467973   0.18706678  0.7922877   0.39494818  1.7223545   0.37334338
 -0.31490272  0.05704001 -0.10938531 -1.7359416   0.2859467  -0.16816609
  0.39592153  0.32751232 -1.9334013  -0.19362889]
[-0.176156    0.25972363  0.82930404  0.27529615  1.6315715   0.45894876
 -0.35581082  0.11714128  0.02811743 -1.8054405   0.24257056 -0.09126312
  0.41961378  0.22545798 -1.85409    -0.27144307]
[-0.22601692  0.33868495  0.8374697   0.25612766  1.6694126   0.47387734
 -0.42989302  0.10282908  0.06799486 -1.8661795   0.28165987 -0.08589591
  0.3954617   0.15655717 -1.8076264  -0.22812963]
[-0.24052453  0.30931085  0.8183233   0.27453497  1.7459885   0.44521934
 -0.4794566   0.08639403  0.03372198 -1.83601     0.31557688 -0.13161974
  0.3878891   0.17113613 -1.8139044  -0.14835373]
[-0.20356417  0.21785116  0.76467735  0.37845346  1.8752018   0.3138655
 -0.47109118  0.0663291  -0.05319854 -1.8097893   0.39941606 -0.23460737
  0.39046535  0.2770648  -1.8956951  -0.07725547]
[-2.1226998e-01  1.8557021e-01  8.2426107e-01  3.1030726e-01
  1.8147932e+00  3.5733134e-01 -4.6102270e-01  1.1182042e-01
  1.8280059e-03 -1.7901285e+00  3.1019935e-01 -1.6886525e-01
  3.8322487e-01  2.3362681e-01 -1.8490511e+00 -1.1446860e-01]
[-0.15027985  0.17207089  0.7346305   0.44879717  1.8648266   0.29125896
 -0.37920457  0.01328907 -0.11833672 -1.7376744   0.38307464 -0.23920262
  0.3610041   0.36322346 -1.9853957  -0.08510928]
[-2.4379191e-01  2.8394252e-01  7.3485333e-01  4.1474977e-01
  1.8432443e+00  3.7472248e-01 -4.6282762e-01  1.1890292e-03
 -8.3294764e-02 -1.8522899e+00  3.9510116e-01 -2.2267762e-01
  3.9857262e-01  2.7210674e-01 -1.8512194e+00 -6.1577696e-02]
[-0.24761376  0.27736053  0.7537664   0.42565912  1.8324465   0.37913084
 -0.445182    0.03083519 -0.06272887 -1.8547932   0.3671553  -0.18797146
  0.36922738  0.25882927 -1.8706185  -0.08568422]
[-0.24315369  0.2973477   0.7816119   0.33378258  1.7384388   0.4009213
 -0.4557522   0.11317295  0.06583877 -1.821777    0.30278116 -0.10307796
  0.31069046  0.19413522 -1.8640305  -0.11125984]
[-2.2625630e-01  2.1267566e-01  7.7198273e-01  3.6355966e-01
  1.7878010e+00  3.3772045e-01 -4.6169701e-01  1.1001460e-01
  1.3018728e-03 -1.7903421e+00  3.0415934e-01 -1.5622018e-01
  3.3164948e-01  2.6117831e-01 -1.8744789e+00 -3.2079332e-02]
[-0.17705378  0.18969452  0.7013985   0.487315    1.8434036   0.31856856
 -0.40078178 -0.0037851  -0.12585594 -1.6986406   0.3478817  -0.22770937
  0.29830688  0.3614187  -1.9884694   0.01590539]
[-1.6904201e-01  2.5761634e-01  6.7150086e-01  5.1853544e-01
  1.7899281e+00  3.0893698e-01 -3.7035373e-01 -1.4020086e-03
 -8.9323185e-02 -1.7445682e+00  3.5899988e-01 -1.9257383e-01
  3.0609903e-01  3.3382079e-01 -2.0426362e+00  6.2346878e-03]
[-0.28943795  0.34091026  0.7499735   0.36889097  1.7848974   0.42235598
 -0.4875428   0.04449584  0.02612585 -1.8228897   0.3426763  -0.10079992
  0.347147    0.17370883 -1.8800819  -0.07969489]
[-0.19855991  0.30278987  0.6924712   0.49784517  1.857021    0.27224213
 -0.40530047 -0.02791326 -0.08229169 -1.7881596   0.47033614 -0.2242938
  0.29328316  0.33276182 -2.062973    0.01106829]
[-0.2590602   0.30579954  0.7716707   0.31756273  1.7970207   0.3567517
 -0.50813997  0.06425084  0.03696681 -1.8436244   0.41634044 -0.18486437
  0.353023    0.24946746 -1.897691   -0.03554917]
[-0.2298285   0.23707347  0.6569785   0.51554704  1.9205393   0.25560656
 -0.44991255 -0.02849333 -0.08725274 -1.7573729   0.48235026 -0.28387704
  0.30339956  0.38437495 -2.0424104   0.06519375]
[-2.3549721e-01  2.4247292e-01  7.1686965e-01  4.5190969e-01
  1.9066674e+00  2.9991803e-01 -4.7405833e-01 -8.3504263e-03
 -4.0933542e-02 -1.7902473e+00  4.5750752e-01 -2.4217167e-01
  3.3089417e-01  3.3189964e-01 -2.0058727e+00 -1.4410794e-03]
[-2.0137310e-01  2.6020533e-01  6.6200376e-01  5.7620859e-01
  1.8527315e+00  2.7444348e-01 -3.7873992e-01 -5.0540008e-02
 -6.6799387e-02 -1.7454172e+00  4.5744762e-01 -2.2685352e-01
  2.8100628e-01  3.7856719e-01 -2.1350284e+00  1.3422609e-03]
[-0.2678908   0.30093962  0.7128302   0.52176714  1.8311144   0.33422673
 -0.3954553  -0.04004271 -0.04748023 -1.8014494   0.452133   -0.23204403
  0.2792687   0.3486169  -2.045732   -0.01103361]
[-3.1342882e-01  3.0493703e-01  7.9200637e-01  4.4361028e-01
  1.7684962e+00  4.4995919e-01 -4.4736275e-01 -1.5233665e-03
 -4.8555803e-02 -1.7670301e+00  3.6615562e-01 -1.7316468e-01
  2.5155336e-01  3.4354162e-01 -1.9257164e+00 -1.0515513e-01]
[-0.25164855  0.23326597  0.78782266  0.38800675  1.8041573   0.37936974
 -0.45114335  0.03154341 -0.08018172 -1.8172076   0.36579803 -0.22532173
  0.34178182  0.33839715 -1.8565657  -0.04815836]
[-0.25843465  0.2585174   0.8107869   0.34419394  1.6492412   0.5069359
 -0.42691484  0.09268608 -0.00730529 -1.7123111   0.25381842 -0.11195461
  0.30129558  0.34442657 -1.9294323  -0.17981406]
[-0.2420115   0.30819434  0.7572833   0.41625905  1.671266    0.44913492
 -0.4149542   0.08248957  0.01768077 -1.7586514   0.2657563  -0.0844589
  0.30919987  0.30505615 -1.9841511  -0.16050395]
[-0.26454455  0.2634373   0.76775295  0.3682858   1.7760731   0.41235536
 -0.46283022  0.12732174  0.07556659 -1.8067296   0.29835242 -0.09166649
  0.3733932   0.2339458  -1.9470536  -0.18796347]
[-0.18752624  0.24861875  0.6680747   0.53893447  1.8537582   0.2795103
 -0.3747487   0.03601997 -0.03929507 -1.7644918   0.40533447 -0.18287048
  0.29666615  0.33772653 -2.12345    -0.0542407 ]
[-0.25536987  0.22340126  0.78480464  0.33523485  1.8050454   0.38829452
 -0.48209518  0.13895035  0.06611833 -1.7733698   0.3112723  -0.12744
  0.35516524  0.2207314  -1.9215893  -0.13257186]
[-0.2040576   0.17660147  0.7318874   0.47592098  1.8862823   0.32408744
 -0.4270056   0.04210595 -0.07855894 -1.6957527   0.3796116  -0.21759355
  0.35887462  0.3459174  -2.0287967  -0.13474992]
[-0.16750209  0.19133312  0.7765039   0.42283902  1.8025558   0.32841897
 -0.35095733  0.05208892 -0.078246   -1.7267088   0.3437653  -0.2018445
  0.39596608  0.33296734 -1.99517    -0.19274858]
[-0.21334386  0.27525568  0.8178747   0.3134844   1.6962795   0.41115612
 -0.3860351   0.07711863 -0.01149136 -1.7840488   0.33189836 -0.17027275
  0.38531026  0.29950356 -1.9005512  -0.20774344]
[-0.2807876   0.36745495  0.8167248   0.26381683  1.6612113   0.42774814
 -0.43623358  0.09052452  0.10104401 -1.8611145   0.3629382  -0.13083012
  0.37513453  0.2019105  -1.8417971  -0.18103333]
[-0.28356445  0.37790242  0.8113387   0.30842003  1.6549352   0.41663474
 -0.44015923  0.07418507  0.08536258 -1.8365467   0.3876715  -0.12200104
  0.300076    0.20077018 -1.8996166  -0.09720764]
[-0.1839616   0.36349136  0.732818    0.46845865  1.7300478   0.32222396
 -0.35686707 -0.06457522 -0.04038448 -1.775143    0.505064   -0.22869086
  0.20036504  0.31649205 -2.039948   -0.00999619]
[-0.25227565  0.3383925   0.83109415  0.26762626  1.6922029   0.43691802
 -0.46861738  0.0168288   0.05203436 -1.8146839   0.43115133 -0.1713995
  0.3105176   0.20206699 -1.8001839  -0.13482817]
[-0.21928605  0.32639176  0.7507323   0.415905    1.7626073   0.34585533
 -0.39921436 -0.06291303 -0.04587798 -1.8133469   0.5313139  -0.28062034
  0.2607636   0.37795007 -1.9633653  -0.04898809]
[-0.29578742  0.4065245   0.7827795   0.26875478  1.6928318   0.4549964
 -0.46801266 -0.01920977  0.05013894 -1.9456208   0.4823254  -0.20370658
  0.32845676  0.26201    -1.7463312  -0.11034591]
[-0.31460983  0.46007806  0.7280895   0.3715577   1.7525707   0.43903548
 -0.52429974 -0.07577656  0.00934103 -1.9705951   0.5602048  -0.23813884
  0.28423327  0.30468696 -1.8235168  -0.02028083]
[-0.3097425   0.47847882  0.7132896   0.4323687   1.8035915   0.44592628
 -0.5254391  -0.07771752  0.00713955 -1.9170816   0.5496753  -0.19973935
  0.18353648  0.25015324 -1.9240973   0.03348749]
[-0.24354371  0.44704762  0.6874033   0.4661521   1.7940495   0.37682962
 -0.5183482  -0.06021298 -0.01600484 -1.7994782   0.54498166 -0.20050006
  0.13514861  0.276742   -2.0379338   0.09179133]
[-0.26901758  0.31663698  0.73030585  0.43016005  1.8444996   0.39406672
 -0.56441474 -0.01220853 -0.05776475 -1.7492516   0.44184542 -0.2152652
  0.27610597  0.25784403 -1.915797    0.0348261 ]
[-2.0361421e-01  2.1673298e-01  6.8961990e-01  5.1900405e-01
  1.9106982e+00  3.0878776e-01 -4.5151496e-01 -6.0138505e-02
 -1.7300965e-01 -1.7236145e+00  4.5346513e-01 -2.8041703e-01
  3.3652937e-01  3.6948019e-01 -1.9709117e+00 -9.6214411e-04]
[-0.15111758  0.30692244  0.73652446  0.4358893   1.8532493   0.26993194
 -0.3956794  -0.09405841 -0.18224247 -1.8550714   0.49668175 -0.30920976
  0.31307614  0.35987347 -1.8772881   0.03570299]
[-0.2354708   0.41821653  0.751486    0.3033628   1.7082262   0.40047795
 -0.48033828 -0.01227194  0.04699006 -1.9312317   0.46695918 -0.19567783
  0.2560473   0.22842655 -1.8326648   0.05257418]
[-0.24022833  0.36575174  0.65983474  0.4277516   1.9084994   0.29853603
 -0.49749246 -0.06926195 -0.04309841 -1.9020627   0.58294344 -0.29774588
  0.26512337  0.28762084 -1.9301202   0.12964597]
[-0.29076862  0.33369127  0.69375116  0.42779368  1.9433639   0.32907698
 -0.5319513  -0.03557477 -0.00808419 -1.8829978   0.5486999  -0.23290947
  0.30653495  0.27340204 -1.9433178   0.01026558]
[-0.22628734  0.27418548  0.6367198   0.5778038   1.9554924   0.29520765
 -0.46671706 -0.09394997 -0.11988948 -1.7746605   0.5158001  -0.25819948
  0.30335385  0.3693915  -2.070726    0.02312076]
[-0.27965397  0.302177    0.6909324   0.51881427  1.934089    0.35984233
 -0.5373707  -0.07580692 -0.13377677 -1.8132302   0.5135932  -0.27252865
  0.35195094  0.3426211  -1.9513947  -0.00988135]
[-0.31152394  0.30201378  0.74557793  0.4391374   1.9121754   0.37641495
 -0.5172631  -0.00274057 -0.07379229 -1.8197763   0.45175797 -0.23116942
  0.35084656  0.29831877 -1.9167852  -0.06403763]
[-0.2503981   0.22930594  0.7148707   0.41861796  1.9492188   0.27792794
 -0.47845668  0.04347884 -0.08150175 -1.8156755   0.45953292 -0.27423018
  0.37866753  0.32393432 -1.9139265  -0.04201663]
[-0.2788589   0.23971455  0.7739881   0.34419787  1.8600245   0.36435047
 -0.5139217   0.07700069 -0.022991   -1.789706    0.3808604  -0.19250196
  0.3945382   0.2732965  -1.8572271  -0.11518481]
[-0.1732825   0.20762475  0.71166116  0.5499109   1.8051075   0.2870958
 -0.34853524 -0.01622952 -0.10598899 -1.6938143   0.38454494 -0.2286578
  0.30503255  0.4066953  -2.0985122  -0.05527768]
[-0.17874189  0.2888721   0.73963326  0.4426259   1.7091202   0.3382804
 -0.34614795  0.01345033 -0.02661552 -1.7792212   0.38769627 -0.18779674
  0.3029752   0.32214624 -2.0229702  -0.06511738]
[-0.27773637  0.2983647   0.8073638   0.32483777  1.7047682   0.4081784
 -0.44124126  0.08235733  0.08132472 -1.8433657   0.33617845 -0.12426686
  0.32188755  0.20947659 -1.8432217  -0.1060922 ]
[-0.26712778  0.2542774   0.8161295   0.33709165  1.7461666   0.4141448
 -0.44895357  0.05910384  0.01173775 -1.8168478   0.34493327 -0.15440488
  0.33933687  0.2738306  -1.8635467  -0.10835804]
[-0.22292498  0.2407445   0.70970434  0.50221217  1.7985102   0.34299582
 -0.37126726 -0.01268015 -0.0781415  -1.7610356   0.40186086 -0.21490686
  0.33934662  0.3914079  -2.0281022  -0.10094337]
[-0.3244203   0.33479834  0.75603783  0.42691717  1.7161705   0.4716343
 -0.45215145  0.03686972 -0.00788602 -1.8355417   0.3329897  -0.12644026
  0.35774225  0.3139676  -1.890576   -0.17237017]
[-0.3296641   0.3013438   0.76849544  0.37136576  1.8183696   0.44904214
 -0.50366545  0.07759468  0.01180059 -1.872523    0.35968927 -0.1427295
  0.39609632  0.2587938  -1.8375969  -0.18960266]
[-0.30118942  0.29746583  0.7665274   0.38635334  1.7717965   0.40844473
 -0.47499982  0.12647995  0.07920303 -1.8255236   0.31953132 -0.09976463
  0.3268198   0.25088158 -1.9482895  -0.1463464 ]
[-0.2568927   0.2638962   0.7737099   0.43500954  1.7696816   0.40772414
 -0.42583132  0.07446597 -0.00507043 -1.7240947   0.3359842  -0.13781042
  0.27619493  0.33123446 -2.0405166  -0.14225647]
[-0.19692874  0.23206624  0.7385652   0.4818666   1.7970726   0.33801848
 -0.37855485  0.02975949 -0.06504954 -1.7106915   0.364116   -0.19718365
  0.2962795   0.36337292 -2.044508   -0.11176397]
[-0.19393513  0.24680047  0.7997185   0.35639808  1.7282826   0.37125438
 -0.3841876   0.06942052 -0.03735191 -1.8052944   0.34143537 -0.18015409
  0.35770133  0.30466175 -1.903223   -0.13497064]
[-0.15355206  0.27267867  0.7893082   0.32834452  1.6498795   0.40300956
 -0.34703168  0.08172955  0.01938344 -1.7574198   0.30939004 -0.12199278
  0.3309327   0.28396294 -1.962678   -0.19118012]
[-0.23665603  0.3751939   0.7728651   0.318292    1.6907203   0.43111676
 -0.4137314   0.0438858   0.0603223  -1.8417928   0.36928093 -0.13224484
  0.34871894  0.20381555 -1.9084768  -0.14331278]
[-0.2926044   0.39681822  0.7742777   0.34472466  1.7657048   0.43613872
 -0.4685219   0.01835266  0.04301568 -1.8639109   0.41155028 -0.12797818
  0.33861083  0.18108983 -1.8971233  -0.12162797]
[-0.21315041  0.337688    0.71796846  0.45830885  1.851157    0.30825296
 -0.40248618 -0.04657075 -0.06348535 -1.8343258   0.54683703 -0.2551341
  0.3041966   0.32762128 -2.02821    -0.0718713 ]
[-0.26034105  0.34253877  0.82633847  0.26683545  1.7910545   0.40317458
 -0.5033815   0.02566711  0.02860395 -1.8883139   0.46780473 -0.21438023
  0.33322397  0.22426248 -1.8148232  -0.09004723]
[-0.1916321   0.28256145  0.7507649   0.39129838  1.8457079   0.32968858
 -0.4491241  -0.046847   -0.09492351 -1.8099926   0.48812222 -0.2792626
  0.2962659   0.33507892 -1.9208603   0.01383812]
[-0.25987068  0.28921872  0.7564503   0.33853015  1.8358915   0.38934413
 -0.50277245 -0.01383383 -0.06031734 -1.8744133   0.44608468 -0.24944958
  0.38660038  0.26581424 -1.7878555  -0.01784277]
[-0.24415985  0.27800918  0.72499484  0.45504624  1.8873911   0.36035427
 -0.44409436 -0.05050383 -0.1034868  -1.8473761   0.44411522 -0.25593346
  0.3684674   0.3041876  -1.9060133  -0.03041173]
[-0.2439028   0.3021385   0.7493837   0.40756574  1.8569542   0.4077093
 -0.43861836 -0.00512356 -0.0426564  -1.8318056   0.40073308 -0.18711005
  0.35891527  0.24884605 -1.9297273  -0.1153214 ]
[-0.28914565  0.3123077   0.75548637  0.3680198   1.8777401   0.4179871
 -0.52953684  0.02132208 -0.05656848 -1.8429104   0.40975434 -0.1960675
  0.38343862  0.24273305 -1.833746   -0.10131983]
[-0.27667835  0.24675527  0.763541    0.404401    1.8873389   0.40892094
 -0.5226654   0.03274044 -0.10789373 -1.7678343   0.35205325 -0.21185145
  0.3869523   0.28768513 -1.8772293  -0.06637107]
[-0.15869646  0.16657424  0.7292985   0.4585746   1.8720205   0.3126053
 -0.4114781   0.04994879 -0.12990724 -1.6998345   0.3130702  -0.23271617
  0.34937486  0.3390024  -1.9823987  -0.03553094]
[-0.18337922  0.14817119  0.8029434   0.3280825   1.7858706   0.36683205
 -0.43175182  0.14515875 -0.03955137 -1.7365717   0.22756676 -0.14261734
  0.42431346  0.24668093 -1.868631   -0.13605113]
[-0.11779668  0.1238906   0.73427707  0.47341385  1.8400304   0.29944134
 -0.35496932  0.04656377 -0.13436814 -1.6734989   0.28779492 -0.209407
  0.38640422  0.33956918 -2.0210319  -0.08316522]
[-0.16383219  0.17564587  0.76289254  0.42928433  1.8187742   0.34242553
 -0.40820542  0.0682968  -0.0927645  -1.7366114   0.28745073 -0.18163641
  0.41789943  0.29334757 -1.9573252  -0.11865015]
[-0.20404622  0.19749662  0.7913401   0.34742635  1.7906044   0.399582
 -0.46046907  0.12165917 -0.02921677 -1.768554    0.23643899 -0.126102
  0.45075312  0.20378742 -1.8511661  -0.16222642]
[-0.17803432  0.16979614  0.76401186  0.41741943  1.8628337   0.328262
 -0.4160611   0.08659211 -0.09390871 -1.7537079   0.2889313  -0.18096413
  0.42420262  0.28237996 -1.9342686  -0.13049674]
[-0.23524776  0.21691266  0.80552596  0.3217561   1.806382    0.40442973
 -0.47378898  0.12696257 -0.01873368 -1.7703396   0.26027092 -0.13915487
  0.40733615  0.23423171 -1.8358257  -0.17353898]
[-0.18257117  0.18209293  0.7689311   0.40311414  1.8805975   0.31600314
 -0.42248255  0.05927242 -0.11376132 -1.7607548   0.339428   -0.23262998
  0.40645498  0.30917677 -1.910566   -0.10464301]
[-0.141383    0.21778612  0.7824917   0.37676445  1.7769314   0.36115852
 -0.37096807  0.06595014 -0.06914232 -1.7189476   0.3009639  -0.17946386
  0.34869218  0.29602107 -1.9674842  -0.14299235]
[-0.14920679  0.24661207  0.76396483  0.37022385  1.762735    0.36071888
 -0.37350312  0.07080326 -0.05424193 -1.7513697   0.32436234 -0.17164837
  0.37501287  0.27438024 -1.9596258  -0.15300322]
[-0.19783312  0.28630906  0.81558514  0.28573817  1.7372338   0.43020183
 -0.44406882  0.09127509  0.02664233 -1.7922218   0.3001368  -0.11067186
  0.38374856  0.17724976 -1.8733566  -0.17969802]
[-0.1356987   0.22825599  0.7518708   0.4263742   1.8485498   0.3045454
 -0.37601957  0.01412099 -0.09237043 -1.7705063   0.4253517  -0.22418936
  0.3838494   0.3093597  -2.019547   -0.13964471]
[-0.19436994  0.2994109   0.82151735  0.29104218  1.821014    0.38787273
 -0.4585533   0.04800467 -0.02162165 -1.8695529   0.40204817 -0.20747629
  0.41000158  0.20556915 -1.8424724  -0.15598486]
[-0.19537279  0.27106684  0.7707919   0.35200733  1.9262787   0.3193367
 -0.47533655 -0.00715018 -0.11246467 -1.8680958   0.48115128 -0.29628032
  0.4009425   0.25881648 -1.8244511  -0.06193084]
[-0.22036183  0.2855931   0.8058225   0.2872463   1.8701289   0.3826831
 -0.5121736   0.04282609 -0.05003121 -1.8651549   0.42500496 -0.23838334
  0.4093948   0.20641708 -1.7696196  -0.12108575]
[-0.19323117  0.25265488  0.7659538   0.35233364  1.9136013   0.31092945
 -0.46358013  0.01931183 -0.11315344 -1.8627831   0.44839483 -0.2672537
  0.42178297  0.2583396  -1.8194993  -0.08500829]
[-0.16175592  0.26639763  0.797095    0.31396395  1.7991245   0.36273974
 -0.41082144  0.04649316 -0.0621183  -1.8229761   0.38096645 -0.21160385
  0.3767674   0.26361316 -1.8729699  -0.12768507]
[-0.18873551  0.2712032   0.75391126  0.35786828  1.8876768   0.327847
 -0.46726856  0.01274139 -0.08062737 -1.8676637   0.46752387 -0.26449057
  0.40381917  0.2587354  -1.8646829  -0.06920273]
[-0.22827765  0.27524078  0.8173475   0.2976824   1.8582785   0.4100794
 -0.4962929   0.05111435 -0.02369687 -1.8456573   0.36646044 -0.18388551
  0.42638883  0.16730087 -1.8119701  -0.14271148]
[-0.15362439  0.23251095  0.71932834  0.44743213  1.9103048   0.2803498
 -0.4053174  -0.00899444 -0.14053686 -1.7911422   0.43882245 -0.24987702
  0.38453048  0.30163544 -1.9557564  -0.07156855]
[-0.22981668  0.25843817  0.80755883  0.2791723   1.8522022   0.38811332
 -0.506357    0.06694287 -0.04212509 -1.863395    0.35905316 -0.18044026
  0.4488421   0.16930076 -1.745672   -0.12305862]
[-0.20313375  0.2136034   0.75252885  0.3895285   1.9472138   0.3235352
 -0.47011954  0.0024547  -0.18730476 -1.8394661   0.39579767 -0.27937952
  0.45655164  0.26197952 -1.7869953  -0.0354936 ]
[-0.18733063  0.19431993  0.7770651   0.34369963  1.8421433   0.36033472
 -0.43651095  0.06603303 -0.1187344  -1.7879864   0.30973843 -0.20387113
  0.45402902  0.2639956  -1.8207588  -0.11775422]
[-0.19656448  0.19917944  0.7731401   0.36759782  1.8759047   0.35125273
 -0.46506214  0.04734782 -0.13951054 -1.8132101   0.32712668 -0.23142402
  0.45797524  0.26033527 -1.800437   -0.07343689]
[-0.16489843  0.18173458  0.8072891   0.32425332  1.8077866   0.3790714
 -0.43286523  0.09815816 -0.08389672 -1.7497513   0.25547272 -0.18862678
  0.44877023  0.24776661 -1.87662    -0.11578927]
[-0.15435879  0.19333258  0.75556105  0.37446707  1.808348    0.35851318
 -0.4203577   0.09553953 -0.07972543 -1.7127421   0.2543047  -0.1654131
  0.411573    0.2442408  -1.9122865  -0.11230203]
[-0.20259783  0.1703059   0.8056439   0.33521253  1.8363926   0.39266616
 -0.4645856   0.10338262 -0.06722999 -1.7250373   0.2431283  -0.15335628
  0.43383986  0.22239764 -1.854821   -0.13790144]
[-0.11394115  0.16196425  0.7466832   0.4427631   1.8812412   0.288928
 -0.3771974   0.01493191 -0.14683405 -1.680788    0.34330148 -0.24096608
  0.3806466   0.3094112  -2.0115902  -0.06091189]
[-0.13976948  0.21032321  0.7710802   0.38151082  1.8532562   0.31633535
 -0.40392256  0.01832738 -0.12532398 -1.7520157   0.341688   -0.23764014
  0.39868656  0.25442243 -1.9123179  -0.0345762 ]
[-0.19781919  0.19694833  0.8091122   0.31731567  1.838555    0.3899656
 -0.46290454  0.04894656 -0.12254322 -1.7632122   0.288359   -0.22389846
  0.4352831   0.24208196 -1.7904832  -0.06524639]
[-0.15171559  0.18257347  0.767602    0.40685162  1.8656538   0.30842733
 -0.43018112  0.02666024 -0.14257266 -1.7516838   0.3535642  -0.24340335
  0.41399804  0.30036283 -1.9168676  -0.05042403]
[-0.18254955  0.21080384  0.8004257   0.32513914  1.8006996   0.37972322
 -0.45886207  0.06775256 -0.06102936 -1.7772684   0.283092   -0.17626515
  0.42051297  0.21764901 -1.845104   -0.06475848]
[-0.17644069  0.19123606  0.72253156  0.450314    1.8954189   0.29942435
 -0.43884706  0.01680176 -0.13288505 -1.7531704   0.35851187 -0.25402325
  0.40550604  0.31441966 -1.9392827  -0.01883127]
[-0.2577373   0.1635718   0.76791096  0.37058195  1.890701    0.37538868
 -0.5166685   0.10659226 -0.05396968 -1.7741969   0.3084554  -0.17669474
  0.48242155  0.23116975 -1.8339266  -0.1469691 ]
[-0.21164139  0.13911271  0.7402035   0.46957144  1.9710906   0.29207492
 -0.4566887   0.04534531 -0.13934027 -1.7439864   0.3688439  -0.24424934
  0.45174676  0.33873266 -1.969199   -0.11579831]
[-0.21441582  0.18477942  0.7586455   0.43685383  1.8874708   0.3495774
 -0.45304775  0.07849552 -0.09274632 -1.7373632   0.31031647 -0.18953188
  0.43514705  0.30874738 -1.9547046  -0.17277518]
[-0.2444113   0.20847864  0.7884946   0.42211327  1.8133482   0.39860678
 -0.4464573   0.08226062 -0.07096231 -1.7345088   0.28522736 -0.15257494
  0.40806237  0.29122    -1.9191185  -0.19469106]
[-0.18951201  0.1420916   0.80005807  0.3776239   1.8536447   0.3467999
 -0.3942075   0.07570008 -0.10184084 -1.7389657   0.3228499  -0.22421017
  0.42878586  0.31230766 -1.889795   -0.1873544 ]
[-0.15665343  0.20874372  0.82383555  0.32547128  1.7437439   0.37804908
 -0.3627639   0.09020664 -0.02990429 -1.7493317   0.2862869  -0.16950382
  0.37693533  0.26079684 -1.9032958  -0.18769115]
[-0.20961547  0.23195891  0.856005    0.24255009  1.7042726   0.4605588
 -0.39684075  0.09998278  0.00768469 -1.7643831   0.2394319  -0.12386385
  0.4190569   0.19031978 -1.7880313  -0.23406029]
[-0.14970641  0.25506538  0.7932855   0.3797439   1.7450011   0.39004487
 -0.3514244   0.0163713  -0.09677572 -1.7714399   0.32900172 -0.17937696
  0.38493162  0.28307492 -1.8993692  -0.1929836 ]
[-0.1806584   0.30268747  0.845034    0.22570233  1.709245    0.45245475
 -0.41200408  0.08093434  0.02708828 -1.8604246   0.31257576 -0.14429682
  0.41684347  0.15605345 -1.7858391  -0.209313  ]
[-0.19424684  0.28904262  0.84272367  0.21426645  1.7399085   0.44427475
 -0.4458221   0.10106872  0.05693744 -1.8344606   0.32940358 -0.14850995
  0.41068786  0.15451881 -1.8193891  -0.2051707 ]
[-0.22566874  0.2520136   0.8037087   0.2860396   1.868095    0.38890886
 -0.50664365  0.06374124 -0.03270967 -1.8355057   0.36487347 -0.20059057
  0.4473021   0.17938018 -1.7969282  -0.11781158]
[-0.17702213  0.18429717  0.7913316   0.37114048  1.9273659   0.3327812
 -0.47224838  0.02670687 -0.14363995 -1.7884271   0.34931287 -0.2578127
  0.45773482  0.2530933  -1.8415813  -0.07396241]
[-0.12600377  0.15268278  0.7518566   0.4295333   1.8887428   0.28895286
 -0.39122492  0.02286509 -0.16922916 -1.7300885   0.3542284  -0.26061743
  0.39955282  0.30545518 -1.9284124  -0.04967607]
[-0.20391183  0.18154547  0.8209263   0.28518647  1.8162533   0.40768805
 -0.4676105   0.09475978 -0.08199558 -1.7854674   0.25882298 -0.18210004
  0.43641225  0.20322776 -1.7438252  -0.10023655]
[-0.17088377  0.15905921  0.7612391   0.3600431   1.9076875   0.34723496
 -0.455226    0.04311101 -0.16165653 -1.7570537   0.2996053  -0.23810259
  0.4564641   0.24820308 -1.8015499  -0.05737201]
[-0.16286132  0.17049006  0.77918553  0.37399462  1.8280113   0.36910862
 -0.43189484  0.06307602 -0.1459486  -1.7396796   0.23849134 -0.18501796
  0.46150127  0.23997664 -1.8236644  -0.09482527]
[-0.15884158  0.16569647  0.78013396  0.38125226  1.8480797   0.34372753
 -0.43521968  0.0687639  -0.15072954 -1.7524605   0.24449901 -0.2158221
  0.44063893  0.26571178 -1.8474951  -0.03626624]
[-0.14115438  0.1684956   0.7741578   0.34556058  1.790904    0.37036118
 -0.42661706  0.12662056 -0.06851317 -1.7112999   0.19232278 -0.14730874
  0.37944347  0.21959051 -1.8725659  -0.05865788]
[-0.17072749  0.14605984  0.770229    0.38122064  1.827928    0.35966665
 -0.45130295  0.11138147 -0.09648038 -1.690041    0.20467465 -0.15724313
  0.37900358  0.22599712 -1.8858926  -0.01250535]
[-0.07314401  0.09220052  0.70958483  0.49292874  1.900127    0.26488915
 -0.37241903  0.01996335 -0.18270728 -1.6122357   0.2906785  -0.23767567
  0.35922575  0.32386175 -2.0420206   0.00659597]
[-0.09544913  0.11807593  0.7372395   0.44476634  1.8696715   0.2771383
 -0.3926804   0.05052511 -0.14475933 -1.6458728   0.301863   -0.22681043
  0.40848756  0.29654387 -2.0145447  -0.04631749]
[-0.1369697   0.18867607  0.77192706  0.35240817  1.865592    0.3291425
 -0.45269546  0.06775402 -0.10500662 -1.7346802   0.3051526  -0.21385238
  0.42361498  0.24929014 -1.9015728  -0.06946564]
[-0.13841537  0.21389174  0.74017006  0.3921594   1.9223912   0.29321536
 -0.46416503  0.04002454 -0.10348368 -1.7430363   0.37812847 -0.24198118
  0.39486235  0.2702245  -1.9653327  -0.04944526]
[-0.17149292  0.23134403  0.7210878   0.42848253  1.9017597   0.2712668
 -0.4574771   0.0357508  -0.08808799 -1.770747    0.40471917 -0.25426006
  0.3698035   0.27923194 -1.9687874   0.00846478]
[-0.16563007  0.17602536  0.72030437  0.45674676  1.9669335   0.25579676
 -0.43495584 -0.00735089 -0.1323655  -1.7346039   0.4622302  -0.29950434
  0.36392784  0.32789823 -2.0085268  -0.00877988]
[-0.13724156  0.20347545  0.72849005  0.4879077   1.8686968   0.26335636
 -0.3845827  -0.0290992  -0.14666621 -1.7285143   0.44382644 -0.2830675
  0.32598272  0.3413059  -2.0239785   0.00905129]
[-0.22233567  0.20837906  0.7579999   0.41621512  1.8740244   0.33696896
 -0.46776876 -0.02294359 -0.15528128 -1.793346    0.3955029  -0.28220177
  0.4063522   0.28464222 -1.8170693   0.02311751]
[-0.21416411  0.23754208  0.7545532   0.48761493  1.8099788   0.3741729
 -0.41324383 -0.04037588 -0.16129868 -1.7659708   0.36606023 -0.22623141
  0.34020823  0.33049244 -1.8987278  -0.04033806]
[-0.27400702  0.32259887  0.7676094   0.36348248  1.7783165   0.41573778
 -0.45869103 -0.0027022  -0.08437219 -1.8831717   0.36658823 -0.18923923
  0.3613174   0.23538129 -1.73135    -0.04421749]
[-0.28522184  0.30186123  0.7487278   0.32734886  1.8082402   0.4301166
 -0.49257582  0.0391636  -0.0237565  -1.8590657   0.36112207 -0.17002067
  0.37089285  0.23109214 -1.7656147  -0.08071207]
[-0.26185244  0.30166736  0.6645866   0.4474396   1.9048302   0.3310985
 -0.5039139  -0.00798602 -0.10381236 -1.8549083   0.45566615 -0.2533873
  0.36456546  0.31544727 -1.8700498   0.01434767]
[-0.30318087  0.26019886  0.7701513   0.36860356  1.8564438   0.41898307
 -0.53939736  0.09363213  0.00341792 -1.8084505   0.33911303 -0.16966915
  0.40176898  0.25913638 -1.8875027  -0.1252443 ]
[-0.19402666  0.28109732  0.6335785   0.58683074  1.8716364   0.2719667
 -0.39784747 -0.005741   -0.06582113 -1.7254362   0.44762206 -0.21852621
  0.25119597  0.382507   -2.1718762  -0.00751186]
[-0.24126069  0.28125125  0.75887144  0.38523972  1.8194463   0.35146183
 -0.4923026   0.0892341   0.03268211 -1.8038086   0.37373793 -0.15345474
  0.31680652  0.23811837 -1.950032   -0.06692551]
[-0.15368573  0.21128488  0.6834663   0.512435    1.9050506   0.26623344
 -0.4096508  -0.00576094 -0.07021748 -1.7015146   0.47946057 -0.2683925
  0.27090096  0.3618753  -2.1170278  -0.0274009 ]
[-0.1597033   0.22270985  0.7126355   0.4558742   1.8632177   0.2595203
 -0.38290212 -0.00312101 -0.08587734 -1.7513736   0.4701051  -0.26130903
  0.30206692  0.32447344 -2.0161042  -0.01186166]
[-0.189238    0.28896713  0.7942172   0.33350983  1.8089893   0.3740374
 -0.4430589  -0.00211097 -0.07485694 -1.8339285   0.40679574 -0.2344615
  0.3209135   0.2569582  -1.8318493  -0.03391629]
[-0.1628597   0.33353633  0.7087903   0.44793463  1.7750963   0.3230392
 -0.36568946 -0.05604557 -0.08124383 -1.8271765   0.4993103  -0.26335198
  0.28222507  0.33251253 -1.9667135  -0.03971163]
[-0.2567191   0.37224618  0.76541555  0.29058343  1.7769184   0.40987888
 -0.45746428  0.02745415  0.05483353 -1.9357927   0.4865803  -0.19395086
  0.3319086   0.2126647  -1.8009179  -0.14585619]
[-2.1104288e-01  3.5979706e-01  7.2311795e-01  3.3987141e-01
  1.8544670e+00  3.5895139e-01 -4.8351082e-01 -7.5301528e-03
 -1.6099394e-03 -1.8984114e+00  5.3080833e-01 -2.3315144e-01
  2.9794735e-01  2.5961953e-01 -1.9018654e+00 -4.7676209e-02]
[-0.24837962  0.35915947  0.7391636   0.32151473  1.8023411   0.40000477
 -0.5368077   0.04314732  0.05087296 -1.8608551   0.43609792 -0.15889516
  0.33247623  0.20235892 -1.8885982  -0.05305191]
[-0.19999881  0.25105414  0.6698613   0.5027253   1.9709886   0.30153042
 -0.4802149  -0.03430407 -0.10963066 -1.7893234   0.49334732 -0.267721
  0.341649    0.31016168 -2.0286288   0.0084234 ]
[-0.15340655  0.2506346   0.6901482   0.5032984   1.9510956   0.2476805
 -0.38657224 -0.04432664 -0.13619292 -1.7774937   0.48990503 -0.2808308
  0.30598593  0.32560927 -2.0388925  -0.00714759]
[-0.23149319  0.26154035  0.7842728   0.3162215   1.882659    0.36789423
 -0.49331492  0.02711918 -0.06602216 -1.8217703   0.40326977 -0.2040982
  0.3881388   0.22424631 -1.8041475  -0.09561362]
[-0.20025225  0.21308546  0.74235594  0.45076552  1.9234288   0.32788962
 -0.45485884 -0.04615473 -0.19947597 -1.783638    0.41897172 -0.30061918
  0.41908592  0.3252686  -1.8632988  -0.0322484 ]
[-0.19182818  0.20334077  0.8014827   0.3221158   1.8680818   0.38777015
 -0.46297127  0.02610629 -0.17308947 -1.8326927   0.32150143 -0.245574
  0.5003317   0.22824514 -1.7148018  -0.09796295]
[-0.17569971  0.2554124   0.8400303   0.25032434  1.723664    0.456271
 -0.44218245  0.11838198 -0.01275707 -1.7696655   0.21440339 -0.12789962
  0.396212    0.16324732 -1.7921689  -0.15875341]
[-0.16791259  0.24832967  0.8252457   0.28916115  1.7985452   0.3750068
 -0.4687991   0.07824418 -0.06065015 -1.7962713   0.31476212 -0.1954762
  0.42335638  0.19280349 -1.8181584  -0.0991789 ]
[-0.13175607  0.20141609  0.76535     0.39719516  1.8764851   0.28393385
 -0.44899058  0.03325381 -0.12169914 -1.7487665   0.3717721  -0.26739076
  0.38528872  0.2831557  -1.9362571  -0.00251896]
[-0.14132816  0.17977439  0.7522627   0.37617406  1.8902916   0.2672349
 -0.46291104  0.04935734 -0.11216191 -1.7517687   0.37184447 -0.27073136
  0.36217323  0.2900157  -1.8969548   0.03896106]
[-0.14468065  0.18143806  0.78090894  0.3493665   1.8608339   0.32985705
 -0.47334233  0.06178756 -0.07600728 -1.7296495   0.3205729  -0.19573241
  0.38364562  0.22843973 -1.9028467  -0.03494715]
[-0.12450161  0.1939749   0.6987013   0.51483315  1.9255186   0.22422965
 -0.40441966 -0.03307786 -0.15149991 -1.751263    0.43352833 -0.2791164
  0.36821535  0.33020908 -2.0371346   0.03224564]
[-0.21997754  0.26515967  0.7444883   0.40832496  1.9394974   0.31383482
 -0.46588254 -0.02339148 -0.11980484 -1.8318903   0.44236213 -0.2643289
  0.40956077  0.2699106  -1.88401    -0.04370392]
[-0.22479403  0.2652591   0.7198858   0.4462799   1.9658521   0.27692103
 -0.47228083 -0.03661422 -0.14649926 -1.8480991   0.49515122 -0.30411068
  0.37916607  0.32944876 -1.8920349  -0.01261265]
[-0.2593981   0.25753412  0.787519    0.32728958  1.8740476   0.39204803
 -0.51385146  0.03747726 -0.08990784 -1.8471591   0.35834223 -0.22691345
  0.41441917  0.24366859 -1.7544876  -0.05906167]
[-0.18417005  0.19819942  0.7439348   0.41193706  1.8950884   0.3537609
 -0.46219692  0.00769228 -0.1493946  -1.7531786   0.3586634  -0.25378302
  0.38496312  0.29056683 -1.8800701  -0.02106795]
[-0.1953479   0.21887311  0.79642135  0.3959887   1.7874715   0.42314997
 -0.43768963  0.05253    -0.0810916  -1.6797631   0.25303477 -0.1381094
  0.3333345   0.2615983  -1.946954   -0.10528226]
[-0.11008932  0.15198794  0.74743414  0.4490474   1.8704748   0.3054987
 -0.3663302   0.01790102 -0.14893031 -1.6937115   0.30471286 -0.21979022
  0.36745778  0.3115295  -1.9892628  -0.0593066 ]
[-0.13930385  0.19920924  0.7738061   0.3679079   1.8412002   0.34734115
 -0.42070216  0.04585008 -0.12661809 -1.7625488   0.31029218 -0.220469
  0.39913577  0.2699616  -1.8803933  -0.0648341 ]
[-0.20671141  0.21048102  0.80534124  0.29929775  1.850405    0.40378803
 -0.5122711   0.08217092 -0.08572427 -1.7930489   0.27401796 -0.19614074
  0.43430114  0.19224393 -1.7632008  -0.053273  ]
[-0.1309796   0.15900245  0.74471754  0.40007672  1.9074043   0.31475797
 -0.45317164  0.05934194 -0.12620452 -1.706392    0.28848633 -0.22064216
  0.3938879   0.25533447 -1.9335057  -0.01083819]
[-0.12086315  0.11048999  0.7284468   0.42118782  1.8878444   0.28506428
 -0.43556228  0.10833184 -0.12079819 -1.6797295   0.27276364 -0.19364965
  0.42227665  0.2709389  -1.9648583  -0.05316825]
[-0.11372057  0.10238309  0.71809554  0.46623212  1.9308583   0.25645727
 -0.41215235  0.06167777 -0.150372   -1.6811241   0.2894208  -0.22233912
  0.42154774  0.30075753 -2.0040202  -0.02430541]
[-0.12768435  0.11011207  0.69094825  0.4960286   1.9458377   0.24980485
 -0.40525395  0.04980301 -0.14955217 -1.6631696   0.32070112 -0.23545995
  0.40102124  0.3260715  -2.0270135  -0.04352319]
[-0.18311515  0.11105025  0.75361586  0.40099972  1.9267117   0.31286237
 -0.47692364  0.1087471  -0.10546987 -1.7188337   0.30389306 -0.20643803
  0.48450223  0.26414165 -1.9082241  -0.13160053]
[-0.15175715  0.10955012  0.74200165  0.4552765   1.9172382   0.2687467
 -0.3901102   0.06641869 -0.133128   -1.6834196   0.32669023 -0.2316037
  0.45056257  0.32904944 -2.013023   -0.12768534]
[-0.17849135  0.17968212  0.7718658   0.40260655  1.810557    0.3222816
 -0.40956408  0.090746   -0.09612898 -1.729709    0.28064135 -0.188909
  0.4024569   0.28858018 -1.918396   -0.08973999]
[-0.22475591  0.19243793  0.8166944   0.35008097  1.7896875   0.3752285
 -0.45979095  0.09945112 -0.0674747  -1.7706623   0.2637693  -0.17688607
  0.40460673  0.24362488 -1.8042634  -0.0922632 ]
[-0.14085945  0.15601566  0.774732    0.41605836  1.7469505   0.31997934
 -0.33281702  0.05755246 -0.10351165 -1.6768806   0.29663914 -0.20755748
  0.34363037  0.32092333 -1.965266   -0.0680648 ]
[-0.17642435  0.22327451  0.80303603  0.31088454  1.667751    0.3906427
 -0.3732301   0.08769198 -0.00879071 -1.7260936   0.3026034  -0.16237128
  0.33569002  0.2782852  -1.8923371  -0.12387631]
[-0.26060182  0.2879859   0.8158264   0.30372643  1.6578375   0.44464722
 -0.44806853  0.07629217  0.03029454 -1.7965895   0.27469546 -0.11703125
  0.3643043   0.2348822  -1.8200514  -0.10863052]
[-0.14209448  0.29156741  0.7573248   0.44371042  1.702338    0.3432807
 -0.36551952  0.01085131 -0.05967417 -1.7595364   0.3283427  -0.18596531
  0.27847663  0.32503745 -2.0087903  -0.0181198 ]
[-0.23369297  0.36029094  0.75465155  0.34406605  1.6936302   0.42073137
 -0.4503582   0.04927466  0.05387845 -1.8334703   0.34842306 -0.14248118
  0.25586897  0.2161077  -1.8776379  -0.01597157]
[-2.6324394e-01  3.0918133e-01  7.1002662e-01  4.0906844e-01
  1.8159872e+00  3.5986179e-01 -4.6994343e-01  4.8443567e-02
  3.7877560e-02 -1.7949053e+00  4.1657859e-01 -1.8543501e-01
  2.4337450e-01  2.6573816e-01 -1.9599793e+00 -8.8895560e-04]
[-0.21739843  0.29230556  0.7138493   0.48493916  1.835734    0.34600496
 -0.4463312  -0.01241656 -0.02917143 -1.7127526   0.41964808 -0.19275336
  0.20470758  0.3379123  -2.0987484   0.01486889]
[-0.14712572  0.23262453  0.63118494  0.6201636   1.8865292   0.24373794
 -0.37175837 -0.10911896 -0.1862483  -1.6989828   0.4555273  -0.2961765
  0.24163207  0.45477232 -2.1063771   0.09308326]
[-0.21128973  0.28422728  0.7276334   0.40347067  1.8606983   0.37270182
 -0.49026984 -0.00829508 -0.0917687  -1.8468511   0.42621168 -0.24356838
  0.34400302  0.2829449  -1.8849922   0.01767758]
[-0.24005266  0.29178524  0.7514659   0.41658774  1.8487431   0.39392844
 -0.48473373  0.0305315  -0.02365877 -1.7854397   0.39613244 -0.17631364
  0.30121118  0.27150497 -1.9844916  -0.06860532]
[-0.2480326   0.2629013   0.7380015   0.3902061   1.93208     0.33586866
 -0.5372502   0.0454436  -0.03912539 -1.8302324   0.40493876 -0.17733593
  0.38153946  0.23701043 -1.8913734  -0.06487398]
[-0.20333736  0.21682124  0.66148204  0.5586508   1.9885429   0.24829087
 -0.46842304 -0.04197878 -0.16515467 -1.781283    0.46329427 -0.2784518
  0.37093532  0.3686361  -2.008791    0.01169956]
[-0.226544    0.20585112  0.7023181   0.44941306  1.9814943   0.2900555
 -0.50066614  0.00994588 -0.1652815  -1.8413508   0.4129397  -0.28481883
  0.43741426  0.2874851  -1.8351152   0.01992886]
[-0.16999215  0.18859553  0.71611655  0.45730352  1.882366    0.29091662
 -0.4183882   0.04940426 -0.09669367 -1.7327096   0.33858374 -0.22388515
  0.30844074  0.307293   -1.9708462   0.01541058]
[-0.21081619  0.1764369   0.7999222   0.33840427  1.8131958   0.3740992
 -0.47681865  0.12015557 -0.02844289 -1.716016    0.2521471  -0.15708546
  0.37670887  0.22739203 -1.8647388  -0.08543762]
[-0.10398618  0.12981638  0.69985545  0.5411147   1.8458599   0.24802378
 -0.32508078  0.02000668 -0.15494642 -1.6287191   0.3086736  -0.22864981
  0.34369653  0.38761705 -2.0814385  -0.0640458 ]
[-0.14504412  0.22936425  0.75381994  0.40540084  1.7744023   0.35580903
 -0.37524804  0.04264697 -0.10082203 -1.7289623   0.3027466  -0.18455994
  0.3523953   0.3082492  -1.955426   -0.09609638]
[-0.19444385  0.28040785  0.81213987  0.28362328  1.735115    0.42721224
 -0.45629692  0.10321446  0.0321707  -1.798034    0.2921796  -0.13381846
  0.35178974  0.2142303  -1.8775148  -0.1338405 ]
[-0.20156845  0.25247878  0.7672845   0.3361517   1.8424816   0.34962377
 -0.46808833  0.07967483  0.01892864 -1.78834     0.38339132 -0.17351656
  0.38658935  0.21031737 -1.9633319  -0.09524846]
[-0.15035945  0.20667681  0.6928623   0.4918417   1.9786167   0.25045028
 -0.41289273 -0.01565056 -0.11840449 -1.7444592   0.47672635 -0.26932853
  0.38496146  0.33163851 -2.0841877  -0.08286906]
[-0.23506358  0.29064226  0.7444254   0.42657036  1.9600738   0.30526313
 -0.48514017 -0.026006   -0.13596062 -1.8500332   0.49566895 -0.27985373
  0.41774622  0.28412136 -1.9108818  -0.06298178]
[-0.21458718  0.25349796  0.7353145   0.44833407  1.8924567   0.2956007
 -0.44280714 -0.01326355 -0.1342804  -1.821983    0.46859854 -0.27676335
  0.4075079   0.3226282  -1.9065979  -0.07561022]
[-0.2236721   0.25784397  0.7747363   0.33812404  1.8561752   0.35141042
 -0.47859368  0.03412309 -0.07128122 -1.8513092   0.45442915 -0.26280138
  0.40140396  0.2675932  -1.8038019  -0.10668202]
[-0.23307733  0.2742694   0.83805144  0.26017836  1.7485104   0.3961944
 -0.44825238  0.07132301  0.00418629 -1.8182037   0.37855315 -0.19620402
  0.34996942  0.21570352 -1.7880828  -0.11546445]
[-0.20334513  0.28945524  0.8055607   0.33269566  1.7844197   0.36425668
 -0.44544506 -0.00681475 -0.07626349 -1.8349712   0.4066221  -0.25001952
  0.3428107   0.2732587  -1.8106495  -0.03040481]
[-0.20310457  0.29547554  0.75547695  0.3850132   1.7498186   0.36499363
 -0.41131288 -0.00520318 -0.05570175 -1.8446766   0.440528   -0.24772295
  0.33800957  0.32292554 -1.8722658  -0.07317434]
[-0.24374342  0.36454275  0.77860767  0.3210635   1.7491051   0.42560974
 -0.43845996  0.02290267  0.04497843 -1.901103    0.43287563 -0.17187473
  0.29110605  0.22864366 -1.8415312  -0.12401479]
[-0.26727486  0.37603712  0.7791621   0.27940592  1.7553804   0.4433921
 -0.49510336  0.04354965  0.09140477 -1.8824844   0.43624973 -0.14604203
  0.28853622  0.20637283 -1.8572022  -0.11272075]
[-0.24128166  0.35298342  0.72746074  0.36883676  1.7986476   0.40240854
 -0.51512855  0.00340422  0.01065328 -1.8473079   0.45108104 -0.19431028
  0.31356087  0.23447733 -1.9167416  -0.00721254]
[-0.2327493   0.30416223  0.6749301   0.5129453   1.9367088   0.31567004
 -0.47403008 -0.07327239 -0.1412147  -1.8014141   0.50263083 -0.2760227
  0.3056972   0.30829364 -1.9805294   0.06109528]
[-0.14740159  0.31840095  0.7332986   0.4148225   1.8448477   0.32371074
 -0.41436213 -0.0335593  -0.10917052 -1.7771527   0.4532277  -0.2501855
  0.24716708  0.27640808 -1.9540669   0.01607461]
[-0.2218546   0.28543958  0.77840394  0.32030985  1.8266331   0.3999992
 -0.4984358   0.00624644 -0.07509191 -1.7858588   0.41196674 -0.22265574
  0.3352874   0.22726183 -1.8091381  -0.03776752]
[-0.17168391  0.22976327  0.7526353   0.41071814  1.8655964   0.3741393
 -0.4657072  -0.03580021 -0.15568802 -1.7392528   0.40574652 -0.2567295
  0.35745162  0.30886585 -1.9034169  -0.03709985]
[-0.09971283  0.24673605  0.7375268   0.40817446  1.8304336   0.29920107
 -0.3938204  -0.03411081 -0.12625167 -1.7591639   0.42049462 -0.25909197
  0.3428156   0.32235807 -1.9850143  -0.01067927]
[-2.4310414e-01  3.1512102e-01  7.5451529e-01  3.1830168e-01
  1.8277775e+00  3.9685932e-01 -5.1654160e-01  2.2536259e-02
  1.2908906e-03 -1.8568811e+00  3.9356574e-01 -1.8226768e-01
  3.8828820e-01  1.7461720e-01 -1.8297211e+00 -2.2286719e-02]
[-0.19114582  0.26822877  0.66735524  0.5090662   2.0123513   0.26596385
 -0.47902966 -0.07654662 -0.16451323 -1.8156363   0.5009136  -0.3074897
  0.32454774  0.29828635 -1.9675474   0.09971415]
[-0.18000907  0.22301066  0.70798045  0.45176235  1.97736     0.31227082
 -0.49503946 -0.03241749 -0.14829314 -1.7434409   0.42832598 -0.25213447
  0.34561554  0.23768762 -1.9342315   0.04378817]
[-0.14985283  0.12794058  0.65648246  0.5458252   2.017389    0.2237262
 -0.44749156 -0.06972052 -0.24436173 -1.6711609   0.44865552 -0.34460682
  0.388126    0.37930626 -1.9888417   0.07039972]
[-0.23835142  0.17618567  0.77625364  0.39034945  1.9425156   0.36886463
 -0.5137752   0.01145776 -0.1946863  -1.7759526   0.3137614  -0.25312573
  0.4928314   0.26254267 -1.7610611  -0.05654205]
[-0.14817435  0.16148534  0.72682995  0.4636044   1.9553158   0.26361594
 -0.41091552 -0.02697259 -0.25566357 -1.7592213   0.36293763 -0.30192217
  0.44430366  0.36127186 -1.8554842  -0.03982564]
[-0.21553402  0.2425551   0.8127842   0.28637704  1.8092988   0.41896978
 -0.49242473  0.09486724 -0.04569149 -1.809034    0.29332376 -0.18222824
  0.43501225  0.20888984 -1.799867   -0.11828592]
[-0.16815364  0.21235982  0.7495409   0.39142448  1.8857409   0.3148508
 -0.45328212  0.05579439 -0.08526103 -1.7647479   0.3509794  -0.23559698
  0.3748331   0.27333724 -1.9373719  -0.02390665]
[-0.18896213  0.18458024  0.77696     0.35276583  1.8709227   0.36814603
 -0.4768173   0.0858594  -0.06420883 -1.7084324   0.2700389  -0.16683204
  0.3874692   0.2189999  -1.8879843  -0.08313753]
[-0.10045338  0.15052755  0.7231034   0.48456472  1.9194038   0.25822172
 -0.37677056 -0.00406895 -0.1712769  -1.6725514   0.35757244 -0.25730306
  0.39677086  0.32657894 -2.0429664  -0.05364551]
[-0.15249638  0.19559422  0.7521905   0.4392345   1.8894713   0.31397304
 -0.39403054 -0.01094774 -0.18377146 -1.7389809   0.35565063 -0.25996146
  0.4122259   0.29591292 -1.9251282  -0.04952307]
[-0.16902809  0.23460415  0.80949867  0.3331682   1.8328712   0.3690309
 -0.43967754  0.03102674 -0.11978946 -1.8055502   0.3446012  -0.24286433
  0.4046738   0.2627762  -1.833369   -0.07235958]
[-0.19455175  0.21274014  0.8273401   0.288087    1.8171695   0.39594766
 -0.4830574   0.08085023 -0.06834871 -1.7971494   0.3280577  -0.20221034
  0.43499607  0.22469464 -1.8072466  -0.11994715]
[-0.16187634  0.16427955  0.7552595   0.39103085  1.9118122   0.29400128
 -0.45479187  0.03622032 -0.12159912 -1.7656984   0.38995948 -0.26126635
  0.4387831   0.30330044 -1.9251446  -0.05649508]
[-0.22354057  0.20149212  0.7650641   0.3665964   1.9258732   0.35765967
 -0.5181824   0.0604382  -0.10128702 -1.8061024   0.36775398 -0.21803327
  0.48649806  0.25554872 -1.8479283  -0.13491555]
[-0.21650541  0.22933623  0.7299944   0.44868025  1.8922853   0.31802005
 -0.46415502  0.04049303 -0.10932293 -1.8021383   0.37264344 -0.20887098
  0.459385    0.2663997  -1.926116   -0.09188457]
[-0.24025111  0.20391575  0.7484354   0.43632817  1.9309356   0.30857018
 -0.46736956  0.02341004 -0.125139   -1.8021158   0.38703778 -0.25430238
  0.4180656   0.28765726 -1.8685116  -0.04670132]
[-0.206567    0.14904808  0.7629086   0.3985596   1.8839573   0.3018188
 -0.43942696  0.06764158 -0.10959534 -1.7479343   0.35935426 -0.26025575
  0.36358005  0.3198093  -1.8612659  -0.04223179]
[-0.21992914  0.13676597  0.8273228   0.29687876  1.787282    0.41637802
 -0.44568786  0.10206268 -0.05691607 -1.711818    0.24583259 -0.17491452
  0.39873767  0.2584811  -1.7884629  -0.1347927 ]
[-0.16416992  0.15394203  0.7524127   0.46291256  1.7541403   0.3716385
 -0.34064162  0.0326065  -0.11930676 -1.6480964   0.2646814  -0.18031439
  0.38150892  0.38807613 -2.0018818  -0.17265983]
[-0.20350023  0.31529117  0.7892888   0.33899444  1.6489922   0.4441274
 -0.3940385   0.07253098 -0.00938128 -1.8347309   0.27273136 -0.10364375
  0.4278737   0.24181421 -1.8498211  -0.21989127]
[-0.27017766  0.35436547  0.78423584  0.29834226  1.6923097   0.449511
 -0.46001753  0.11710501  0.10005845 -1.8693298   0.3037049  -0.07962766
  0.36002818  0.15244119 -1.8486679  -0.14519005]
[-0.2696494   0.30453992  0.76275223  0.3550248   1.7689726   0.37670332
 -0.49060875  0.11957119  0.07881802 -1.812145    0.35009545 -0.13733773
  0.30821997  0.21831167 -1.9165567  -0.07701665]
[-0.26403138  0.19947141  0.79611486  0.3592065   1.8308872   0.35286063
 -0.5090624   0.11190163  0.02189342 -1.725322    0.35240883 -0.17245452
  0.35920075  0.2446485  -1.916332   -0.10514605]
[-0.14358589  0.18245357  0.6945769   0.5672177   1.8196802   0.25506
 -0.3174789  -0.04864058 -0.13727388 -1.6181129   0.4252861  -0.27654538
  0.2728725   0.439619   -2.1349485  -0.04361643]
[-0.21831946  0.3423485   0.7710487   0.4239064   1.6984171   0.36260575
 -0.35619894 -0.05218967 -0.10285497 -1.8191383   0.42927122 -0.24669722
  0.3013285   0.33100715 -1.8996046  -0.02397215]
[-0.26731595  0.4360048   0.8083522   0.32044774  1.6134698   0.45734215
 -0.42165685 -0.02668444  0.00292775 -1.9250877   0.4367512  -0.20587797
  0.24587612  0.2400999  -1.7580416  -0.01301353]
[-0.27763817  0.43525305  0.8095002   0.2949577   1.6925434   0.4594335
 -0.46318665 -0.04122989  0.03933183 -1.8873507   0.49299073 -0.2115819
  0.1651474   0.20515403 -1.782452    0.01243861]
[-0.23327081  0.44285756  0.7634608   0.30774498  1.6970911   0.42348805
 -0.45606533 -0.05988133  0.04951023 -1.8455131   0.51566714 -0.20252371
  0.12794086  0.22467002 -1.8712002   0.06027795]
[-0.22982058  0.4318977   0.7154298   0.3854904   1.7766596   0.39182487
 -0.5073372  -0.10824261 -0.0254663  -1.8283325   0.5629864  -0.24772775
  0.13671255  0.3227784  -1.9511869   0.11975829]
[-0.21967962  0.39237547  0.6338269   0.48599952  1.9244535   0.30663583
 -0.50024825 -0.17069271 -0.12407118 -1.8701      0.64051634 -0.34274492
  0.21441248  0.36264792 -1.973106    0.18705407]
[-0.27337623  0.44156376  0.61344     0.4409027   1.9641774   0.32138982
 -0.57786626 -0.11899503 -0.06285348 -1.9559284   0.6333584  -0.2858071
  0.24021468  0.26102358 -1.8869667   0.195494  ]
[-0.27266008  0.41038767  0.56917506  0.524385    1.9937273   0.30624303
 -0.591572   -0.09246786 -0.04831164 -1.862278    0.58583087 -0.24663815
  0.18493207  0.24364857 -1.9884989   0.23486531]
[-0.18478921  0.26693043  0.51317173  0.64020884  2.0885987   0.1992429
 -0.5514948  -0.14117503 -0.19774008 -1.7233957   0.63660324 -0.36189792
  0.2184732   0.3699238  -2.1038551   0.2798093 ]
[-0.16889274  0.16893052  0.54053843  0.6881106   2.0701065   0.14937072
 -0.4659083  -0.13469262 -0.2379438  -1.6542788   0.5608119  -0.40007797
  0.29486495  0.45112458 -2.1266465   0.21034133]
[-0.21282724  0.19312637  0.6575422   0.5279344   1.9959595   0.23134561
 -0.4915561  -0.0599242  -0.23708074 -1.7365115   0.47748876 -0.3372016
  0.35635006  0.3609615  -1.9190161   0.13867235]
[-0.1356695   0.15419993  0.68511134  0.5048388   1.9406593   0.21579342
 -0.44066516 -0.0604774  -0.23824807 -1.7190545   0.40684706 -0.32416096
  0.35272378  0.36895457 -1.8961325   0.1311189 ]
[-0.15609275  0.21754177  0.70174426  0.48945552  1.8484265   0.28781596
 -0.42307162 -0.03378733 -0.11737975 -1.7337488   0.4206306  -0.27375045
  0.27181813  0.3643385  -2.0224566   0.1016978 ]
[-0.16213515  0.31702113  0.70200723  0.4275043   1.8155918   0.32586458
 -0.41400138 -0.03520725 -0.05258685 -1.779101    0.4327752  -0.22954857
  0.23032899  0.27652532 -1.9877529   0.07698987]
[-0.24415722  0.3458253   0.7105103   0.40330368  1.8657423   0.34759027
 -0.48894024 -0.03984927 -0.04233185 -1.8253984   0.4834045  -0.23075075
  0.28908965  0.28095502 -1.919046    0.00640112]
[-0.18743007  0.3008314   0.67047924  0.51350254  1.8984321   0.30008912
 -0.45422345 -0.07845934 -0.11482383 -1.7672293   0.48483974 -0.28465432
  0.28653833  0.35430682 -2.029161    0.04968043]
[-0.23397927  0.280003    0.70734286  0.4637459   1.9129568   0.3559993
 -0.5055549  -0.03823721 -0.11770365 -1.7994893   0.47501382 -0.27510992
  0.318905    0.33836442 -1.9580104   0.01702168]
[-0.23202722  0.26761726  0.75938195  0.356364    1.863383    0.39563745
 -0.5299891   0.06923378 -0.00567246 -1.7754825   0.35578606 -0.1744652
  0.29803807  0.24783376 -1.920854   -0.03390541]
[-0.14721379  0.19379315  0.7414077   0.45993057  1.8964107   0.32037252
 -0.47181416  0.03092271 -0.07834345 -1.6773933   0.368524   -0.21291599
  0.3040401   0.31033534 -2.087113   -0.01255097]
[-0.13493976  0.14468022  0.67575437  0.5494407   2.0078864   0.22331515
 -0.4317264  -0.03098317 -0.17501883 -1.6806968   0.463226   -0.30982384
  0.38481918  0.3762279  -2.096666   -0.02859075]
[-0.19927327  0.22462507  0.73785084  0.4373793   1.9623861   0.2579136
 -0.46578065  0.00765662 -0.17369115 -1.8213837   0.44882172 -0.28176272
  0.4416685   0.31075788 -1.8993775  -0.04870936]
[-0.22750862  0.22204538  0.8044605   0.32677233  1.8628994   0.36863622
 -0.49586087  0.06616952 -0.10711918 -1.8198979   0.34017903 -0.2147477
  0.46739632  0.23027161 -1.7748533  -0.11014078]
[-0.20686206  0.1677119   0.75543934  0.4169476   1.9064131   0.3115397
 -0.4802595   0.02757837 -0.17239861 -1.786451    0.3851235  -0.286428
  0.45151606  0.28810048 -1.7980053  -0.03989384]
[-0.20024423  0.14440635  0.8463273   0.27863747  1.7838469   0.4071738
 -0.44148874  0.11410852 -0.0499878  -1.7179092   0.24494803 -0.15624426
  0.42777148  0.21735081 -1.7931658  -0.16986978]
[-0.12831739  0.21446952  0.77530193  0.41254058  1.8029798   0.32956496
 -0.35628372  0.00723667 -0.13344197 -1.7128575   0.3340347  -0.2313108
  0.3622027   0.31006265 -1.9533348  -0.09499195]
[-0.23202574  0.2955986   0.80747974  0.2943303   1.7614123   0.4262092
 -0.43962646  0.03826012 -0.05767024 -1.8451433   0.3515386  -0.20351863
  0.44126233  0.22696039 -1.7581635  -0.16905043]
[-0.2177761   0.27315354  0.7969845   0.33660603  1.8108723   0.3837823
 -0.44568673  0.05864472 -0.03819344 -1.8561016   0.4096412  -0.228846
  0.41248345  0.28714103 -1.8637902  -0.1837744 ]
[-0.22246993  0.33360302  0.8139795   0.25196558  1.751474    0.40876874
 -0.4557047   0.08467288  0.06455068 -1.8594635   0.40496024 -0.16306157
  0.35843486  0.2074401  -1.8674629  -0.17599176]
[-0.22235516  0.3315798   0.8127099   0.28268048  1.76912     0.39499608
 -0.49863973  0.05624567  0.0339656  -1.8271904   0.41054267 -0.17465433
  0.34841838  0.18346909 -1.884936   -0.07759938]
[-1.7330092e-01  2.7390039e-01  7.4773276e-01  4.5115510e-01
  1.8864734e+00  2.9335386e-01 -4.5117408e-01 -4.9681146e-02
 -1.0451311e-01 -1.7745945e+00  5.0901908e-01 -3.0223924e-01
  3.1709608e-01  2.9406592e-01 -1.9783224e+00  1.5346408e-04]
[-0.16192873  0.27594277  0.8060541   0.3617854   1.8416172   0.3237872
 -0.40176424 -0.03243057 -0.10860425 -1.7925924   0.46940008 -0.2696131
  0.3267498   0.26162103 -1.8858988  -0.07669543]
[-0.1689616   0.3175754   0.79112196  0.29232034  1.8015928   0.32309064
 -0.41693765 -0.03269911 -0.08970121 -1.844669    0.52455986 -0.28700718
  0.31784743  0.30429226 -1.8402765  -0.05355782]
[-0.28487706  0.35458446  0.79169065  0.26078445  1.777813    0.4380521
 -0.50905573 -0.0315052  -0.04091417 -1.9322212   0.46478924 -0.2505495
  0.38807422  0.22952303 -1.6670879  -0.04682396]
[-2.2528739e-01  3.4765992e-01  7.2848129e-01  3.9966106e-01
  1.8393812e+00  3.9238438e-01 -4.6420461e-01 -9.1382638e-02
 -1.1174476e-01 -1.9037415e+00  4.9631208e-01 -2.8373003e-01
  3.5276100e-01  2.8619659e-01 -1.8205420e+00  6.3117745e-04]
[-0.2528142   0.35926172  0.75834835  0.36778635  1.8337578   0.44255358
 -0.47806916 -0.02492099 -0.01159512 -1.8677886   0.44345874 -0.19583471
  0.32596725  0.18940854 -1.8714834  -0.07823738]
[-0.25002488  0.32747108  0.7490798   0.3765883   1.9045861   0.37991634
 -0.52416307 -0.01928827 -0.04524121 -1.8466289   0.47230864 -0.22463925
  0.32546306  0.2123503  -1.8769814  -0.01977384]
[-0.23194702  0.22452816  0.7621187   0.40504113  1.9355913   0.39136782
 -0.53145087 -0.00824286 -0.14340523 -1.7333416   0.40859765 -0.24569137
  0.37852743  0.29559106 -1.8963789  -0.07268041]
[-0.18775281  0.19008152  0.7069999   0.47949678  1.97943     0.2932281
 -0.48382586 -0.0301124  -0.22387826 -1.7718346   0.41759795 -0.31048924
  0.45470032  0.32034886 -1.8784088  -0.01455431]
[-0.20551233  0.16873841  0.75421846  0.38114944  1.9479443   0.3256844
 -0.46606475  0.02069886 -0.20069727 -1.7930797   0.34885985 -0.27645293
  0.50076675  0.27390906 -1.7694149  -0.07038049]
[-0.19147241  0.20711866  0.7641579   0.3836003   1.8814785   0.3368015
 -0.47089893  0.05728137 -0.10889778 -1.7888066   0.34018147 -0.2272038
  0.41835985  0.25218135 -1.8667667  -0.04684718]
[-0.19364753  0.17980012  0.80281794  0.34087446  1.8152637   0.36167628
 -0.45855728  0.0992441  -0.05686628 -1.7601995   0.25985163 -0.15411171
  0.41910204  0.21032667 -1.8429428  -0.08343557]
[-0.12367237  0.11187866  0.7403927   0.44562063  1.8692791   0.26377255
 -0.3931683   0.05286778 -0.1347243  -1.6894478   0.32552224 -0.228663
  0.38411206  0.33300692 -1.9794991  -0.03914136]
[-0.18981168  0.14983289  0.7586713   0.39677924  1.8605465   0.30352083
 -0.45530444  0.08111911 -0.11944874 -1.7888638   0.32380775 -0.23545542
  0.45274645  0.320431   -1.866889   -0.05228177]
[-0.21910608  0.17238772  0.7395478   0.39811984  1.8229477   0.36778256
 -0.43016544  0.11042771 -0.05387623 -1.7452122   0.26852843 -0.161643
  0.46266046  0.29026192 -1.9195588  -0.16680837]
[-0.22728427  0.2050536   0.72394514  0.47645497  1.8286346   0.35525948
 -0.41696605  0.08410181 -0.0483322  -1.7316955   0.29116315 -0.15424128
  0.40708885  0.30373663 -2.0003836  -0.16034043]
[-0.2513707   0.19736299  0.80292434  0.3687823   1.7906214   0.4089272
 -0.46281695  0.13902593  0.01228173 -1.7504212   0.2488025  -0.10378978
  0.40653104  0.23738885 -1.9021724  -0.20728007]
[-0.14427848  0.16159675  0.7367782   0.48851395  1.8113863   0.30181736
 -0.34399897  0.06505394 -0.07451455 -1.6729109   0.30686042 -0.19387206
  0.31984824  0.3563552  -2.0849335  -0.09748032]
[-0.24094228  0.24623498  0.82829475  0.3620686   1.7012612   0.42934626
 -0.39884302  0.08770725 -0.0372097  -1.7165674   0.2568935  -0.12368
  0.30151185  0.3008515  -1.9150217  -0.1449655 ]
[-0.17885868  0.24627897  0.7889112   0.40605846  1.7451788   0.37739903
 -0.3553987   0.02033228 -0.11203352 -1.7486817   0.31426796 -0.18977104
  0.32900697  0.30013442 -1.9048046  -0.09942134]
[-0.12199958  0.30764002  0.7885995   0.3852234   1.6297052   0.38492316
 -0.32097048  0.02368849 -0.05233098 -1.7835827   0.3372965  -0.165364
  0.3040678   0.29027992 -1.9409376  -0.12873581]
[-0.19009307  0.34410468  0.82907736  0.19886181  1.6195034   0.46702307
 -0.4321393   0.10634138  0.11442129 -1.8358173   0.31638375 -0.10136795
  0.32008487  0.1431753  -1.7763221  -0.18563786]
[-0.20239648  0.33313376  0.8095921   0.23777887  1.7417959   0.40874237
 -0.47823113  0.08145796  0.08512629 -1.8501358   0.38358742 -0.1562585
  0.34457302  0.18082872 -1.8515441  -0.13012196]
[-0.23900366  0.32022905  0.7597181   0.32292536  1.8778788   0.3618923
 -0.5079895   0.01579607  0.01630893 -1.8569053   0.4808349  -0.22231853
  0.3791843   0.22728884 -1.9134369  -0.08458382]
[-0.18040118  0.32264978  0.6720153   0.50781345  1.9679371   0.26105195
 -0.41635847 -0.10189937 -0.11111131 -1.8309324   0.5891875  -0.31198138
  0.30771208  0.3309428  -2.0759044   0.00856543]
[-0.22514483  0.34981325  0.7381203   0.3957525   1.9863069   0.31337318
 -0.49963588 -0.08637301 -0.11504398 -1.8966839   0.59615195 -0.31928438
  0.3294814   0.2665233  -1.909991    0.01743796]
[-0.18669808  0.2852299   0.7483489   0.380026    1.9320704   0.30160198
 -0.4716243  -0.05843843 -0.13237873 -1.8312813   0.5557492  -0.31950903
  0.34231266  0.3118549  -1.9134505  -0.00465551]
[-0.2486517   0.26978344  0.78335845  0.33780086  1.8700714   0.39824802
 -0.5077758  -0.02620276 -0.13593002 -1.8397896   0.44931483 -0.26646873
  0.40167505  0.2723659  -1.7778835  -0.03981467]
[-0.21958208  0.2243217   0.7797183   0.36300516  1.8781517   0.37474224
 -0.4760233  -0.01876039 -0.18705752 -1.8418955   0.38403487 -0.26940125
  0.4696185   0.2788126  -1.7412742  -0.05769559]
[-0.21545453  0.24938042  0.77171326  0.35780126  1.822088    0.38008568
 -0.4557371   0.02570643 -0.1113198  -1.8444755   0.36234683 -0.23092866
  0.46792722  0.26331878 -1.8014838  -0.10175832]
[-0.25320995  0.25872934  0.7607092   0.3706011   1.8709217   0.3767821
 -0.49055213  0.0369387  -0.09299298 -1.8592074   0.35404626 -0.21606275
  0.4508807   0.23266712 -1.7908823  -0.06822356]
[-0.2790287   0.22421691  0.776045    0.33572152  1.8868968   0.38976103
 -0.537923    0.10476215 -0.03137791 -1.8111957   0.32988697 -0.18532634
  0.42064628  0.23536482 -1.7943741  -0.12520166]
[-0.24651137  0.14171723  0.7838048   0.3752971   1.9012913   0.36056432
 -0.511584    0.11956545 -0.06079564 -1.7454875   0.30314308 -0.18582268
  0.47376108  0.26542565 -1.8715668  -0.16763711]
[-0.17850195  0.1095234   0.7105735   0.53536355  1.9214866   0.26895756
 -0.38565966  0.04305986 -0.14264837 -1.6922493   0.33125538 -0.24635634
  0.41200805  0.3989971  -2.0417519  -0.10804617]
[-0.19153547  0.17810234  0.7845536   0.376932    1.8179821   0.35892263
 -0.4191362   0.10346357 -0.05763553 -1.7547853   0.2664783  -0.18166427
  0.39229056  0.28920305 -1.8949947  -0.13041167]
[-0.19682261  0.18467513  0.8170536   0.31693125  1.7348979   0.40170836
 -0.42866296  0.14397092  0.00635411 -1.7479503   0.21077266 -0.11345055
  0.38956755  0.22067574 -1.8461778  -0.156149  ]
[-0.14121042  0.11072908  0.7845192   0.39106604  1.7979654   0.34416297
 -0.3612724   0.10211594 -0.07513839 -1.6695068   0.25763118 -0.17176932
  0.38095462  0.30152702 -1.9738194  -0.14320466]
[-0.14289261  0.15037024  0.79829276  0.3661007   1.71366     0.36821443
 -0.35305533  0.1399065  -0.03356794 -1.6998558   0.20705743 -0.12513237
  0.40856495  0.2979764  -1.9656214  -0.19571277]
[-0.22109568  0.23129788  0.82926786  0.32018512  1.6831753   0.4555264
 -0.43330345  0.13749352 -0.01521367 -1.7842605   0.1716815  -0.06760592
  0.4367978   0.20211196 -1.8066763  -0.20207827]
[-0.13889082  0.19533995  0.7537639   0.4414087   1.7311767   0.35190347
 -0.35670155  0.09145088 -0.06363346 -1.7136341   0.25047392 -0.14325444
  0.3600887   0.29390097 -2.0028954  -0.11306478]
[-0.20071968  0.19373149  0.8104151   0.2848677   1.7088093   0.41308245
 -0.43838558  0.1824662   0.0638119  -1.7425005   0.21602455 -0.10128067
  0.37346345  0.19950059 -1.8620001  -0.16453743]
[-0.19234177  0.1450319   0.8009068   0.311564    1.7925705   0.36148083
 -0.44023928  0.16137183  0.03677487 -1.7022297   0.25432307 -0.12526335
  0.3897696   0.2170453  -1.9218695  -0.15377627]
[-0.15426703  0.1615867   0.7243725   0.48866934  1.8410156   0.28847948
 -0.36040154  0.02806502 -0.10581795 -1.6591209   0.32157382 -0.20080864
  0.38470218  0.36221963 -2.0665567  -0.11795391]
[-0.2209337   0.2736587   0.72790945  0.48674893  1.78353     0.32864052
 -0.38545248  0.00765299 -0.10983402 -1.7859886   0.37207362 -0.2010483
  0.37819353  0.34217224 -1.964016   -0.09477081]
[-0.23254248  0.3017068   0.7645289   0.38832968  1.7278576   0.37956265
 -0.40593353  0.06341051  0.00475009 -1.8275988   0.38239688 -0.17057976
  0.3463541   0.28499103 -1.935368   -0.13506798]
[-0.28313404  0.30631715  0.80733854  0.3001272   1.7071844   0.41514024
 -0.4766694   0.12207453  0.12714389 -1.821201    0.35208625 -0.11516283
  0.3040957   0.21511316 -1.868047   -0.15564732]
[-0.25457162  0.27097028  0.79460573  0.34631985  1.726731    0.38596284
 -0.4615985   0.0747489   0.03254562 -1.7688434   0.34235683 -0.13907224
  0.30507693  0.23812242 -1.8965687  -0.05759015]
[-0.21086076  0.23470123  0.70333755  0.55657476  1.7956922   0.30305383
 -0.3655864  -0.06770696 -0.12335396 -1.7213624   0.42008215 -0.26684266
  0.28204638  0.41887528 -2.0369468   0.01888776]
[-0.24639563  0.34215346  0.7487332   0.42699176  1.7079165   0.39666316
 -0.36609915 -0.04796729 -0.06746431 -1.8626869   0.4085928  -0.20841649
  0.29224277  0.30729157 -1.8668855  -0.02256739]
[-0.31351942  0.38038749  0.7803873   0.33084157  1.6863343   0.4718594
 -0.43513107  0.01323394  0.04888246 -1.8906723   0.36247632 -0.12853836
  0.250511    0.23294601 -1.7875202  -0.05979791]
[-0.309381    0.40052477  0.76269525  0.34656915  1.7563121   0.44280177
 -0.5271651  -0.01008255  0.02394171 -1.8894069   0.4093082  -0.14504161
  0.22970481  0.23877995 -1.8113639   0.02713178]
[-0.23855813  0.32308805  0.69841087  0.4262801   1.7635784   0.41749477
 -0.49225956  0.009598   -0.01365444 -1.7585796   0.3554414  -0.14678118
  0.23826376  0.29955244 -1.981349    0.0436359 ]
[-0.22229812  0.26839605  0.6076981   0.55399466  1.9021193   0.3029347
 -0.45916    -0.03355607 -0.08210157 -1.7657459   0.41357905 -0.23201099
  0.28446877  0.3441028  -2.0506053   0.11410706]
[-2.6949555e-01  2.5289142e-01  6.8364924e-01  4.5406157e-01
  1.9038899e+00  3.5123760e-01 -5.0790596e-01  6.8007424e-02
  1.1660760e-02 -1.7758213e+00  3.3452287e-01 -1.4057323e-01
  2.8308871e-01  2.6096117e-01 -1.9655632e+00 -1.5741825e-03]
[-0.14907983  0.18307576  0.6288468   0.5714976   1.9729767   0.25197044
 -0.43910947 -0.00569553 -0.09829178 -1.680199    0.39839658 -0.23371902
  0.2538733   0.35282907 -2.1485417   0.08372327]
[-0.12816775  0.14577198  0.601325    0.6308857   1.955362    0.23110977
 -0.39168233 -0.02188728 -0.14101857 -1.6216977   0.37888157 -0.26176107
  0.24823144  0.41006598 -2.1986403   0.10608526]
[-0.16198702  0.17105873  0.70858395  0.46080804  1.8888857   0.3333818
 -0.44968852  0.07086828 -0.08323769 -1.6499294   0.27862483 -0.17162624
  0.31671998  0.2911138  -2.0469453  -0.01616368]
[-0.10568224  0.12887517  0.6761014   0.54546916  1.9204886   0.22034855
 -0.36802015  0.01583572 -0.17587538 -1.63722     0.33762705 -0.2465786
  0.3507432   0.34860545 -2.0876713   0.01712324]
[-0.10796472  0.14536205  0.73206115  0.469158    1.8669716   0.2732451
 -0.36917403  0.03386626 -0.14417955 -1.6684787   0.32479343 -0.23227537
  0.38860574  0.3356646  -2.059507   -0.0506294 ]
[-0.14206453  0.17692395  0.7300271   0.45126027  1.8363616   0.29643625
 -0.39280957  0.05732613 -0.10470851 -1.6956699   0.3388816  -0.21991396
  0.38747996  0.3315731  -2.02434    -0.08990166]
[-0.20675421  0.21947582  0.7963104   0.32509655  1.8184761   0.37838262
 -0.48831525  0.10022004 -0.01660443 -1.7611685   0.31240734 -0.14511779
  0.42264986  0.21198127 -1.8797166  -0.15104887]
[-0.12094393  0.19144082  0.7299395   0.46235576  1.8934653   0.27323824
 -0.39668304 -0.00935593 -0.11150034 -1.7112087   0.39899355 -0.23998237
  0.3672542   0.31619972 -2.0497     -0.05628755]
[-0.19710436  0.21237417  0.72970355  0.40987772  1.9106777   0.2907055
 -0.43112406  0.00281313 -0.0990392  -1.7766063   0.44517964 -0.27435082
  0.41065472  0.30197564 -1.9239696  -0.07414035]
[-0.25902572  0.22022024  0.7998518   0.3666586   1.9151974   0.36536694
 -0.4578858   0.01170531 -0.10438261 -1.8244969   0.3929786  -0.25101775
  0.43284822  0.27548727 -1.8209336  -0.12529495]
[-0.21290746  0.22071576  0.78937066  0.38834077  1.8686256   0.346698
 -0.41311988  0.01230166 -0.12853597 -1.8070004   0.40035725 -0.2562255
  0.41027498  0.34079987 -1.887299   -0.13628703]
[-0.2382669   0.25138775  0.814484    0.29566914  1.795029    0.44215316
 -0.47149044  0.06430962 -0.06267836 -1.8371809   0.34701675 -0.19043532
  0.461874    0.2499986  -1.7798309  -0.20667076]
[-0.26895002  0.27880138  0.8326726   0.31199688  1.7466303   0.48280352
 -0.47270697  0.08088098 -0.0297831  -1.8100201   0.31100458 -0.15459253
  0.4259047   0.23428777 -1.8245575  -0.20917955]
[-0.23193455  0.276299    0.85083264  0.26720247  1.68778     0.4605464
 -0.44268674  0.11182545  0.00729887 -1.790066    0.24420449 -0.11063721
  0.39880055  0.16008505 -1.7817122  -0.1701313 ]
[-0.2267969   0.25691274  0.8384123   0.32214674  1.7300209   0.36112157
 -0.44542593  0.08265436 -0.04029298 -1.8193703   0.33018428 -0.1927405
  0.38959688  0.23337822 -1.8102432  -0.07020521]
[-0.17173971  0.21785823  0.8254878   0.31389427  1.761392    0.35488588
 -0.40653044  0.03186057 -0.0955385  -1.7450125   0.36214143 -0.2534575
  0.3332662   0.28258127 -1.837991   -0.03358996]
[-0.1591023   0.2854662   0.7891143   0.32245153  1.6591499   0.3832481
 -0.36197367 -0.00531444 -0.05968733 -1.7146889   0.38133106 -0.22831325
  0.28821725  0.28938013 -1.8910385  -0.03861564]
[-0.25052994  0.38708833  0.79493076  0.2947402   1.6308334   0.45578116
 -0.44386807 -0.03835433 -0.01284132 -1.8290062   0.40035972 -0.17009674
  0.2937978   0.233304   -1.7968603  -0.00649266]
[-0.18260787  0.41799664  0.7300104   0.47490615  1.7034652   0.34640852
 -0.3991894  -0.13176264 -0.09707459 -1.8463535   0.5016874  -0.24809524
  0.19733663  0.3301174  -1.9982529   0.14752035]
[-2.6204842e-01  4.9972501e-01  7.1504813e-01  3.7810719e-01
  1.7418019e+00  3.8599223e-01 -4.9402294e-01 -1.1065928e-01
 -1.7126501e-04 -1.9249169e+00  5.5041146e-01 -2.3432121e-01
  1.3280192e-01  2.0491953e-01 -1.8497467e+00  2.1814089e-01]
[-0.29709432  0.4175411   0.6486599   0.44348127  1.8625017   0.3489763
 -0.5559901  -0.10652176 -0.0367891  -1.8558792   0.59844345 -0.28681841
  0.15166268  0.27406257 -1.8889889   0.23280695]
[-0.26170602  0.3162057   0.6491177   0.5056898   1.9478668   0.30950353
 -0.56734025 -0.13808784 -0.11453845 -1.7591093   0.5934694  -0.3426917
  0.2096816   0.3651637  -1.9882053   0.22220571]
[-0.18585207  0.2543608   0.5839002   0.67182523  1.9819946   0.21021986
 -0.46766847 -0.19134751 -0.2116416  -1.7035434   0.58078873 -0.37564808
  0.23231474  0.52369756 -2.1367786   0.17872529]
[-0.34352022  0.43206578  0.6715413   0.4933076   1.9202496   0.3570527
 -0.6166581  -0.09235166 -0.07133044 -1.9215043   0.56779397 -0.2763394
  0.28092197  0.3201595  -1.9160538   0.14234011]
[-0.3029419   0.40131563  0.61208737  0.5869856   1.9585564   0.2981769
 -0.55898184 -0.10132219 -0.10830258 -1.8509395   0.59038365 -0.2848659
  0.16952737  0.36000997 -2.0119483   0.19072495]
[-0.3146922   0.37344494  0.59315073  0.5892106   1.9606012   0.2552115
 -0.5712271  -0.08361672 -0.05934537 -1.7483841   0.6387285  -0.28674906
  0.12213962  0.36627167 -2.091127    0.20274329]
[-0.17711727  0.25695348  0.6012528   0.61629564  1.965642    0.19906254
 -0.45423222 -0.14694431 -0.15373337 -1.6583402   0.6287972  -0.37728062
  0.14146239  0.46472397 -2.1382632   0.17541608]
[-0.20629318  0.27119794  0.7075275   0.5027628   1.8504236   0.30231148
 -0.42939854 -0.11202176 -0.14928058 -1.722133    0.51293635 -0.3058657
  0.25672168  0.3946624  -1.9743246   0.04198006]
[-0.22149947  0.32695612  0.73010176  0.44162956  1.8258317   0.34697214
 -0.4347679  -0.15685183 -0.16749632 -1.8823128   0.5517011  -0.33713618
  0.30262065  0.36504498 -1.7870128   0.03981013]
[-0.27696615  0.469024    0.74488604  0.31330633  1.7744226   0.44847035
 -0.48346657 -0.09193166  0.02796332 -1.9651998   0.55658233 -0.22185358
  0.21356168  0.22057939 -1.7957087   0.01033423]
[-0.278081    0.4749298   0.6845968   0.38018447  1.8696587   0.39139253
 -0.48709115 -0.11466573  0.01784435 -1.9522464   0.60170585 -0.23506546
  0.20179227  0.20660909 -1.8871717   0.07097882]
[-0.30603865  0.41112036  0.65886956  0.42274198  1.9692942   0.37361386
 -0.58359176 -0.10007878 -0.0667953  -1.9218105   0.61226207 -0.27122903
  0.2803703   0.23755065 -1.8643715   0.09350485]
[-0.21411625  0.28329596  0.63358635  0.5292418   2.0142336   0.3069861
 -0.5290051  -0.10039195 -0.18083854 -1.7721325   0.5514431  -0.3090807
  0.30525148  0.33293897 -1.9969124   0.08875046]
[-0.1611254   0.22864172  0.6392356   0.53680056  2.002622    0.27214083
 -0.48246422 -0.06794735 -0.21781492 -1.735356    0.4671979  -0.30956453
  0.3515793   0.33828247 -2.0004468   0.08187033]
[-0.2131516   0.24123117  0.72537094  0.42639604  1.904838    0.34869274
 -0.5028365   0.02102649 -0.13079455 -1.7250459   0.34583655 -0.22160324
  0.36632714  0.26972812 -1.92355     0.01017814]
[-0.1375356   0.16158375  0.6524316   0.50355417  2.0494766   0.23329306
 -0.45079964 -0.06140891 -0.24973759 -1.7033501   0.45403546 -0.3341308
  0.37791947  0.30747488 -1.9295536   0.06994475]
[-0.10157814  0.19052374  0.71769404  0.47586846  1.9520162   0.24016531
 -0.3813595  -0.05007171 -0.1810747  -1.7061046   0.43168116 -0.29433572
  0.34164214  0.3111698  -2.019964    0.01365834]
[-0.12692623  0.22628272  0.7320982   0.40537196  1.9344507   0.26983064
 -0.41245905 -0.04322625 -0.17912608 -1.7720995   0.45550436 -0.29966924
  0.34927174  0.31925422 -1.9120973  -0.00581507]
[-0.18867692  0.3167894   0.76669794  0.33546254  1.8715057   0.34738722
 -0.48471832 -0.04340914 -0.15595779 -1.8829682   0.45098144 -0.29986975
  0.38315624  0.2521277  -1.7761576   0.05248954]
[-0.1833806   0.3098127   0.74184203  0.35989517  1.8838949   0.3435359
 -0.48460883 -0.04084284 -0.13625404 -1.8542678   0.44996023 -0.29524446
  0.36069167  0.24843661 -1.8206415   0.06210915]
[-0.17368072  0.2592196   0.7348236   0.4051907   1.9149847   0.3193875
 -0.48688036 -0.00230632 -0.1030905  -1.8088146   0.44505078 -0.2749835
  0.37050244  0.23443627 -1.923743    0.03157268]
[-1.94864303e-01  2.60926574e-01  7.60671020e-01  3.87805164e-01
  1.91532826e+00  3.36289942e-01 -5.09321451e-01 -3.10707081e-04
 -1.02199934e-01 -1.78979230e+00  4.17223066e-01 -2.34942794e-01
  3.58962446e-01  2.24879429e-01 -1.90021455e+00  1.09538259e-02]
[-0.11544698  0.23290582  0.6782724   0.5005624   1.9895589   0.22165659
 -0.45525393 -0.07365386 -0.19218916 -1.7443253   0.49883714 -0.3282524
  0.3178734   0.32400984 -2.0063863   0.09503405]
[-0.17730972  0.2817469   0.71109265  0.4657312   1.9587924   0.27125293
 -0.4993117  -0.06728519 -0.16692014 -1.8081328   0.51479965 -0.32997435
  0.33735177  0.29723495 -1.9146124   0.06887732]
[-0.1962292   0.23948963  0.6718425   0.45379725  2.0570908   0.22191837
 -0.46936727 -0.08444045 -0.19788618 -1.8417737   0.57990974 -0.37776434
  0.3661793   0.32281065 -1.8669621   0.06424554]
[-0.20251796  0.2906954   0.719028    0.3763556   1.9546611   0.30208522
 -0.4853974  -0.04505576 -0.10452783 -1.8461596   0.56118023 -0.3034737
  0.3598413   0.29256627 -1.898249   -0.0320715 ]
[-0.25643808  0.3470013   0.72667956  0.37173098  1.9552612   0.33916146
 -0.55439013 -0.0675291  -0.12102418 -1.9217247   0.5675283  -0.31051764
  0.41778904  0.2538916  -1.8145764   0.00906683]
[-0.2514569   0.30743626  0.69234073  0.5095771   1.9566807   0.287965
 -0.471793   -0.08618308 -0.14412436 -1.8546689   0.55808175 -0.3202961
  0.36796913  0.341036   -1.9670038   0.01501042]
[-0.272839    0.38441384  0.7326497   0.4115874   1.9056038   0.32063293
 -0.5088224  -0.05514516 -0.09831879 -1.9454758   0.563309   -0.28569943
  0.32947713  0.25838572 -1.8415382   0.04523467]
[-0.2731074   0.30188835  0.77783     0.32463542  1.8450133   0.35873032
 -0.52420425  0.01737252 -0.03100711 -1.874696    0.4612488  -0.21212964
  0.3300342   0.22391295 -1.7861941   0.00240974]
[-0.20885143  0.21270707  0.7154752   0.44321316  1.9098294   0.30448395
 -0.48108608 -0.04911836 -0.14704946 -1.7768984   0.4927555  -0.30130637
  0.35598803  0.34468162 -1.8975788   0.02314897]
[-0.262459    0.2524776   0.7256073   0.37946963  1.8901742   0.3482804
 -0.502373   -0.02419873 -0.12514947 -1.8662115   0.46542835 -0.28000644
  0.46223512  0.28904933 -1.7742007  -0.03745269]
[-0.27416164  0.29740033  0.7353049   0.42926374  1.8346889   0.38732776
 -0.4467267  -0.00776163 -0.06088074 -1.8342768   0.3791979  -0.20506342
  0.38631797  0.30301017 -1.8885508  -0.09513114]
[-0.28985953  0.35872197  0.7428564   0.3929601   1.8232219   0.40744704
 -0.47187108  0.01049571 -0.00598146 -1.873848    0.42222762 -0.18721318
  0.3254456   0.27922016 -1.8916607  -0.10232818]
[-0.28688017  0.3036095   0.755152    0.36038393  1.8203758   0.42420015
 -0.49207005  0.05660964  0.0338542  -1.8176931   0.38042182 -0.16159327
  0.31445378  0.2468951  -1.9107825  -0.08780824]
[-2.0667867e-01  2.2438371e-01  6.8375605e-01  4.9491778e-01
  1.8956162e+00  3.2196942e-01 -4.3847889e-01  7.2388351e-04
 -8.1259966e-02 -1.7165344e+00  4.3172795e-01 -2.4170797e-01
  2.6148623e-01  3.7483424e-01 -2.0627308e+00 -2.4980784e-03]
[-0.19463417  0.21776633  0.7803391   0.42610145  1.771178    0.4084316
 -0.42969647  0.04890468 -0.05167275 -1.6594839   0.2676001  -0.14327277
  0.2999161   0.29459396 -1.9996436  -0.09859528]
[-0.14261895  0.15492307  0.7335605   0.524594    1.8508775   0.32174268
 -0.366718   -0.00359831 -0.15906891 -1.6697109   0.30680105 -0.22983697
  0.37526026  0.36208487 -2.028476   -0.09247249]
[-0.18227313  0.2321845   0.7944379   0.31769222  1.7638547   0.4125785
 -0.4201463   0.09530497 -0.0642437  -1.784086    0.2811025  -0.15138945
  0.46213946  0.21421862 -1.8397274  -0.19575444]
[-0.23799932  0.25624853  0.82921296  0.2789479   1.7650076   0.42099595
 -0.4803876   0.13003168  0.00323379 -1.8326209   0.2729369  -0.12872204
  0.4318982   0.18883592 -1.786054   -0.17408293]
[-0.24294436  0.25223178  0.82781905  0.31516495  1.8058474   0.3919268
 -0.5093054   0.10248331 -0.03600219 -1.8210773   0.2956741  -0.16833724
  0.40473765  0.20551817 -1.807711   -0.07582402]
[-0.12917593  0.17886822  0.72371995  0.47100133  1.8538191   0.25725174
 -0.3895095   0.02294408 -0.13991958 -1.7144789   0.3700497  -0.25793964
  0.3290742   0.32855487 -1.9770536   0.0135909 ]
[-0.1705933   0.17877811  0.77851796  0.34464002  1.8152697   0.339662
 -0.4215459   0.06023873 -0.08354539 -1.7380215   0.35302344 -0.23219685
  0.35752648  0.28042644 -1.8758112  -0.04758946]
[-0.13745254  0.22391815  0.7533866   0.39135593  1.7765383   0.33653995
 -0.37870446  0.02284793 -0.07021686 -1.7159164   0.36283094 -0.20356438
  0.3215819   0.30792397 -1.9735645  -0.07980378]
[-2.1283169e-01  2.9627761e-01  7.5213706e-01  3.8734514e-01
  1.8029244e+00  3.6933333e-01 -4.3915591e-01  1.7754674e-03
 -4.9113698e-02 -1.8163195e+00  4.0632167e-01 -2.0051694e-01
  3.9875793e-01  2.7235535e-01 -1.9229877e+00 -1.0850634e-01]
[-0.23588578  0.34690672  0.7036921   0.48257336  1.8574575   0.34302586
 -0.42052746 -0.06557427 -0.09390181 -1.8662126   0.4902402  -0.25306278
  0.3317418   0.32902777 -1.9704626  -0.03869674]
[-3.0799031e-01  3.7778455e-01  7.5261128e-01  3.5973975e-01
  1.8845663e+00  4.0096134e-01 -5.2095318e-01 -7.0671709e-03
 -9.1677903e-05 -1.9278097e+00  5.0395548e-01 -2.1259503e-01
  3.2055718e-01  2.2744627e-01 -1.8400831e+00 -7.0888139e-02]
[-0.2722401   0.30832097  0.76653016  0.32128248  1.8706061   0.3925036
 -0.53980124  0.04221366  0.02703669 -1.8337988   0.4736597  -0.2023315
  0.33859193  0.21460958 -1.8815162  -0.0880626 ]
[-0.2152863   0.1842182   0.7238949   0.4395792   1.9681364   0.30206847
 -0.490771   -0.00812212 -0.12322573 -1.7436692   0.4892191  -0.29522866
  0.3981573   0.33663282 -1.96488    -0.06458168]
[-0.20861396  0.18069637  0.7777854   0.4291175   1.9025093   0.3476603
 -0.44585052  0.01828838 -0.12529664 -1.7524893   0.389592   -0.24610762
  0.44700557  0.34944874 -1.945163   -0.18514359]
[-0.22237396  0.27799216  0.7523309   0.41364583  1.8274552   0.35573608
 -0.4151283   0.0266305  -0.09473783 -1.8515542   0.3939221  -0.21033695
  0.4513967   0.29513952 -1.8941233  -0.16973369]
[-0.29053992  0.3098495   0.7840272   0.3094346   1.7860781   0.44204202
 -0.4681763   0.06321575  0.01247649 -1.8683593   0.35644644 -0.14258328
  0.39740577  0.17765221 -1.7780428  -0.15259658]
[-0.23452607  0.24443571  0.77127206  0.3673127   1.8677223   0.35371503
 -0.45771194  0.03431677 -0.06906663 -1.8274755   0.414254   -0.23204963
  0.3868354   0.25140578 -1.8373642  -0.09490191]
[-0.23950386  0.17590025  0.8691246   0.27651545  1.7355856   0.42688522
 -0.42648664  0.11960329 -0.01298211 -1.750338    0.2677031  -0.15447327
  0.44080025  0.23493257 -1.812948   -0.21698026]
[-0.19956969  0.20351943  0.78966177  0.44012412  1.7610476   0.3733124
 -0.35536343  0.00835402 -0.14796422 -1.7324883   0.3259127  -0.21741755
  0.38941884  0.37609538 -1.9226902  -0.15636754]
[-2.5832412e-01  3.1472039e-01  8.6469316e-01  2.3125732e-01
  1.6577399e+00  5.0583708e-01 -4.4792899e-01  7.0614733e-02
 -1.7208681e-03 -1.8807142e+00  2.8587532e-01 -1.3756213e-01
  4.3438283e-01  2.0425276e-01 -1.6851221e+00 -2.2083178e-01]
[-0.2529841   0.3580218   0.8171064   0.27441496  1.6427727   0.47567958
 -0.4488626   0.08301732  0.05579511 -1.869744    0.32801467 -0.12364141
  0.36241108  0.19115353 -1.7893236  -0.1655803 ]
[-0.23755267  0.34685516  0.800879    0.28839305  1.7257378   0.407619
 -0.46165866  0.08148538  0.08798895 -1.846883    0.3702031  -0.14542863
  0.2807621   0.16759361 -1.8517265  -0.07392295]
[-0.24447723  0.32021475  0.7912842   0.32898703  1.7900877   0.36868432
 -0.4875335   0.04831814  0.02415266 -1.8193731   0.43202105 -0.2040488
  0.29862067  0.24197264 -1.8741776  -0.07575981]
[-0.20547143  0.2999919   0.72791636  0.44489875  1.8476031   0.28916705
 -0.42956966 -0.04350542 -0.08200047 -1.7858536   0.5044948  -0.29017952
  0.31185853  0.33145967 -1.9753208  -0.00566436]
[-0.23818953  0.3470772   0.72786725  0.47233385  1.7812252   0.34030896
 -0.39504403 -0.07703497 -0.0950491  -1.8180946   0.5141109  -0.26743075
  0.25792974  0.3844547  -1.9908111  -0.00358402]
[-0.2930344   0.46530014  0.7828156   0.33288836  1.705179    0.4166482
 -0.4863131  -0.04660108  0.01675644 -1.9640716   0.52251863 -0.21117887
  0.24949162  0.25584108 -1.8125753   0.00965769]
[-0.3028329   0.45497647  0.7841369   0.3276227   1.7456077   0.3936633
 -0.5234314  -0.03758093  0.04907419 -1.94856     0.5328919  -0.19341652
  0.2454162   0.19356878 -1.8470768   0.07005276]
[-0.25905868  0.44188634  0.6943072   0.499261    1.8600537   0.2942374
 -0.4671916  -0.17118306 -0.12562886 -1.8891795   0.6572288  -0.32324108
  0.17155342  0.33146372 -1.978606    0.21112815]
[-0.34269983  0.48389053  0.7077666   0.38715658  1.8270886   0.3669963
 -0.54653066 -0.1300443  -0.04645153 -1.9436153   0.64382505 -0.26356518
  0.23218122  0.26883084 -1.8116233   0.11301009]
[-0.3200955   0.43249688  0.6559389   0.4736402   1.9151208   0.32465973
 -0.5345936  -0.16263983 -0.11115317 -1.9222705   0.68831956 -0.34205967
  0.27242577  0.35113066 -1.8793341   0.10326912]
[-0.32348105  0.43413132  0.6793871   0.43938017  1.9209213   0.3180328
 -0.5403464  -0.14603178 -0.09731755 -1.9807825   0.6822237  -0.35190386
  0.27670088  0.34117785 -1.8321934   0.12629132]
[-0.3929092   0.46713024  0.673896    0.41159248  1.8853458   0.37037632
 -0.6008482  -0.08154486  0.02705081 -1.9509554   0.6425079  -0.2628253
  0.2005723   0.3076443  -1.8723961   0.12183081]
[-0.332198    0.4419829   0.6140245   0.55802363  1.9540234   0.32887796
 -0.5576619  -0.14415778 -0.0275094  -1.8493582   0.6600534  -0.28569844
  0.13228843  0.35783443 -2.070203    0.1659066 ]
[-0.2886991   0.38256872  0.5774993   0.64135444  1.9974676   0.2660473
 -0.47001666 -0.20009406 -0.12521161 -1.7986901   0.6731287  -0.34752768
  0.15570338  0.4036429  -2.1137366   0.1927624 ]
[-0.24943332  0.3699699   0.664965    0.5206054   1.9268162   0.32930547
 -0.4611988  -0.15645583 -0.12446477 -1.7834752   0.6178488  -0.31141037
  0.15863699  0.37483692 -2.0277848   0.09429117]
[-0.2794064   0.35512     0.76827306  0.3697181   1.8299522   0.43638682
 -0.52130497 -0.07308403 -0.08818291 -1.8162625   0.51189214 -0.26668602
  0.25754327  0.32741264 -1.8662179  -0.00412387]
[-0.20545706  0.30440834  0.68536353  0.42763647  1.8706284   0.3439182
 -0.45041734 -0.07885164 -0.13145323 -1.8100355   0.48767987 -0.28669018
  0.31643164  0.3332407  -1.9138176   0.05082702]
[-0.23339486  0.33904064  0.73938143  0.3645491   1.8762133   0.3824064
 -0.5042178  -0.03362783 -0.07728813 -1.8761803   0.44085908 -0.2363451
  0.31591266  0.25666183 -1.8375152   0.02791711]
[-2.1079464e-01  3.0888811e-01  7.4067062e-01  3.9427820e-01
  1.8886200e+00  3.7833348e-01 -4.9870500e-01 -1.2501990e-02
 -5.3169072e-02 -1.8214735e+00  4.1752690e-01 -1.9255924e-01
  3.0439076e-01  2.3905118e-01 -1.9415493e+00  7.5412093e-04]
[-0.14042887  0.24604058  0.6363072   0.54108894  1.975414    0.25551975
 -0.4353973  -0.08190925 -0.14681914 -1.7531245   0.4910685  -0.28237343
  0.2934714   0.31228524 -2.0843978   0.11671778]
[-0.20568219  0.22460397  0.69627297  0.45093378  1.996369    0.3212777
 -0.5431703  -0.01364351 -0.15018395 -1.7510229   0.4006272  -0.25661582
  0.34052405  0.2525175  -1.9052185   0.08742439]
[-0.13763842  0.07642765  0.68882114  0.48633748  2.040442    0.22777656
 -0.4906066   0.01042122 -0.23678514 -1.6657162   0.3436032  -0.3099555
  0.43819007  0.30390653 -1.9067901   0.07499102]
[-0.11716201  0.08934854  0.66939044  0.5702113   1.9705528   0.22331348
 -0.39044464 -0.02153753 -0.25182298 -1.6508499   0.33370537 -0.29860026
  0.41446486  0.3871841  -2.0223453   0.03604766]
[-0.14649177  0.1445137   0.71560067  0.45127916  1.8949505   0.29727167
 -0.41430956  0.05484953 -0.17404245 -1.7096342   0.2998292  -0.23395422
  0.42954832  0.3242468  -1.9313221  -0.06271296]
[-0.20060527  0.21805897  0.76805973  0.3852454   1.8577791   0.36111063
 -0.48765096  0.08626771 -0.05559576 -1.7533834   0.3067889  -0.1619421
  0.40087524  0.2340302  -1.915226   -0.10554528]
[-0.12597755  0.16605721  0.70652044  0.48663363  1.939883    0.25068042
 -0.39932042  0.00934029 -0.13793728 -1.6944649   0.38778782 -0.25356033
  0.39943877  0.32035547 -2.0636482  -0.05445129]
[-0.16067936  0.19540691  0.70792025  0.4727169   1.9245726   0.26096955
 -0.42401212  0.0161141  -0.13425446 -1.736716    0.40674764 -0.26018357
  0.40110826  0.31978434 -1.9930241  -0.05821308]
[-0.2530903   0.19128478  0.81305087  0.33491564  1.9114794   0.35763088
 -0.5074204   0.07456444 -0.08427192 -1.807016    0.359988   -0.20964809
  0.4743084   0.24392614 -1.800114   -0.16383147]
[-0.17332545  0.16737488  0.77350205  0.42909655  1.9083916   0.29696828
 -0.40212685  0.03039495 -0.13592662 -1.7650871   0.39480746 -0.25225118
  0.45462427  0.34528524 -1.9593223  -0.1791136 ]
[-0.24025294  0.25035438  0.7882476   0.37656122  1.8802894   0.34673214
 -0.44048995  0.02595359 -0.09986431 -1.868617    0.4432149  -0.24689789
  0.48062474  0.3063131  -1.8678942  -0.2005554 ]
[-3.1036979e-01  3.1629243e-01  8.4192526e-01  2.6350695e-01
  1.7789959e+00  4.6187195e-01 -4.9342424e-01  7.6106235e-02
 -1.2752234e-03 -1.9025631e+00  3.7393209e-01 -1.6456468e-01
  4.6796685e-01  2.0006442e-01 -1.7312508e+00 -2.4238272e-01]
[-0.25858864  0.3209564   0.8032876   0.34190175  1.8200371   0.37849468
 -0.4700861   0.02131811 -0.05016084 -1.8948405   0.44315547 -0.22559567
  0.41989875  0.23034182 -1.8044145  -0.1383967 ]
[-0.23106726  0.26846018  0.8409066   0.26191896  1.7228136   0.41865748
 -0.42706442  0.08652955  0.0153596  -1.8086936   0.32642972 -0.16802351
  0.38186634  0.19917436 -1.77314    -0.17753443]
[-0.19087096  0.2417243   0.81663877  0.29909265  1.7584368   0.37060606
 -0.3919635   0.02694066 -0.06357437 -1.7952669   0.37171462 -0.24241714
  0.32799265  0.28312832 -1.7947136  -0.07817043]
[-0.1959885   0.28023523  0.8501929   0.21796806  1.6514508   0.4723579
 -0.39147657  0.04064886  0.00941439 -1.7889974   0.31352395 -0.15288031
  0.32615024  0.23679462 -1.7743219  -0.15775836]
[-0.1777397   0.3353458   0.7568594   0.3812334   1.7101343   0.41190106
 -0.3717944  -0.05613822 -0.06873282 -1.8414558   0.41237682 -0.21497504
  0.31082675  0.28951663 -1.8983505  -0.03822159]
[-0.27442402  0.38481304  0.7853986   0.3138972   1.7615879   0.48660126
 -0.4567996  -0.00756215  0.02249086 -1.9232582   0.37619853 -0.14541206
  0.3240502   0.16309226 -1.7710495  -0.0980458 ]
[-2.3640625e-01  3.5968918e-01  7.4656618e-01  3.4567297e-01
  1.8200665e+00  4.2426521e-01 -5.0000709e-01  8.7824939e-03
  1.1823357e-03 -1.8808677e+00  4.1312486e-01 -1.6451223e-01
  2.9984707e-01  1.7510000e-01 -1.8525286e+00 -1.7268460e-02]
[-0.2210722   0.26041153  0.7500781   0.32792443  1.8835233   0.38166684
 -0.5538623   0.04176702 -0.03202388 -1.8091614   0.38289887 -0.19688727
  0.3543931   0.18113014 -1.8394821   0.0318518 ]
[-0.15345481  0.17266424  0.65282655  0.4834301   2.0058682   0.27296144
 -0.5061333  -0.01636981 -0.18252507 -1.6988064   0.41358614 -0.28521436
  0.38286096  0.30562025 -1.978585    0.07442398]
[-0.19487296  0.17648354  0.67689466  0.4910346   2.0013232   0.23366538
 -0.48427954 -0.00666013 -0.205115   -1.731692    0.3862578  -0.2964694
  0.44663134  0.3138872  -1.9226007   0.05929654]
[-0.19364433  0.21120021  0.686879    0.5474499   1.9200621   0.24847285
 -0.41965008 -0.02752537 -0.20757821 -1.7409214   0.3955954  -0.28063542
  0.3909077   0.34717214 -1.9893663   0.05433482]
[-0.18921952  0.2844823   0.7034475   0.53750134  1.7861814   0.2510232
 -0.39521444 -0.00494222 -0.12233962 -1.7701004   0.42486483 -0.25369626
  0.23961616  0.3510251  -2.0289147   0.13115034]
[-2.2142418e-01  2.7433258e-01  7.8652805e-01  3.6326310e-01
  1.7286098e+00  3.6297318e-01 -4.9300051e-01  5.8105975e-02
 -1.1286170e-03 -1.7543457e+00  3.5718989e-01 -1.7487863e-01
  2.3191842e-01  2.2890644e-01 -1.8739378e+00  7.0685491e-02]
[-0.13804944  0.21343282  0.6621472   0.54953206  1.8299296   0.23237176
 -0.383964   -0.07902107 -0.13428882 -1.6620426   0.48939687 -0.30331385
  0.18769899  0.40271148 -2.0777302   0.15470758]
[-0.21494803  0.2754677   0.6918993   0.43439102  1.8244044   0.31627882
 -0.45001656 -0.0904172  -0.09159772 -1.7791626   0.5154853  -0.2941204
  0.29554218  0.3458263  -1.9064543   0.07016523]
[-0.23265691  0.39641348  0.6418416   0.5164124   1.8223642   0.32684574
 -0.43934602 -0.15700836 -0.07435928 -1.8559997   0.58546853 -0.2877467
  0.23430681  0.39412743 -1.9986137   0.07193276]
[-0.33750805  0.52404785  0.66066027  0.42501146  1.8576097   0.4221887
 -0.5490764  -0.14249834 -0.004039   -1.968838    0.6260953  -0.24815325
  0.19522405  0.28856623 -1.8843362   0.08184499]
[-0.35340574  0.49112326  0.61637944  0.44190747  1.9508612   0.38065702
 -0.6230916  -0.10774042 -0.00707927 -1.9367756   0.65308267 -0.25260645
  0.16907135  0.27740645 -1.8994637   0.14814812]
[-0.30558956  0.35075474  0.57489777  0.5339707   1.9988762   0.35949045
 -0.59651524 -0.08371057 -0.06184667 -1.785236    0.59478295 -0.26329195
  0.19671288  0.34563923 -2.0308466   0.1168293 ]
[-0.21216297  0.19506569  0.6125492   0.58773404  1.9928048   0.32486454
 -0.51276237 -0.044748   -0.12399159 -1.6641731   0.47154444 -0.2656049
  0.30882996  0.389042   -2.1174824  -0.00265363]
[-0.18292584  0.16491394  0.66463953  0.58166486  1.9787524   0.25471246
 -0.43418962 -0.04515879 -0.18295863 -1.6932642   0.43419105 -0.30699652
  0.38797277  0.41102347 -2.0665252  -0.02733337]
[-0.22242995  0.23497796  0.7660965   0.35407084  1.9092491   0.34104902
 -0.49828213  0.05500633 -0.11068685 -1.8319056   0.37124977 -0.24623463
  0.46642238  0.24940109 -1.8173596  -0.08079968]
[-0.18913688  0.22785512  0.7706132   0.360535    1.838073    0.33296117
 -0.46522084  0.09817335 -0.04642166 -1.7744452   0.3311676  -0.20752087
  0.38232642  0.24337144 -1.8921463  -0.07061358]
[-0.18030515  0.16614664  0.81720227  0.30150118  1.7922938   0.3496006
 -0.44522628  0.14778721  0.01054769 -1.6965363   0.285394   -0.14950332
  0.36159435  0.22490783 -1.9047617  -0.14527915]
[-0.09622177  0.1565107   0.74445844  0.44638294  1.8336719   0.26507074
 -0.3406354   0.01317608 -0.11267002 -1.6449566   0.36900848 -0.23912004
  0.31791416  0.34785926 -2.0560946  -0.06803532]
[-0.14218552  0.19957611  0.75092316  0.42236996  1.8118172   0.32751948
 -0.344107   -0.01948786 -0.1349362  -1.7158954   0.36763233 -0.25352445
  0.3679388   0.3384828  -1.954457   -0.08402253]
[-0.18325835  0.2784152   0.77727735  0.37363157  1.7597883   0.41251636
 -0.3764939  -0.01169677 -0.08259699 -1.7958819   0.37211826 -0.20963955
  0.37561795  0.26389933 -1.8805262  -0.13592401]
[-0.22907348  0.31896594  0.84060097  0.28102797  1.7596681   0.4713584
 -0.4294048   0.02042688 -0.02163276 -1.8536994   0.34465486 -0.164287
  0.385356    0.1689519  -1.7881664  -0.16736917]
[-0.225872    0.31194535  0.8224061   0.2928364   1.8051045   0.43751946
 -0.4629182   0.02023201 -0.03465041 -1.838185    0.37121063 -0.18428673
  0.3566441   0.19904825 -1.8192469  -0.11303874]
[-0.2104111   0.2878704   0.7628262   0.3746677   1.8622684   0.39595094
 -0.47365126 -0.02589957 -0.1418011  -1.7931049   0.40707645 -0.23440668
  0.36717892  0.26558036 -1.8523731  -0.05132581]
[-0.20069349  0.20603168  0.7426218   0.35483852  1.9497163   0.3305203
 -0.5045556   0.01684019 -0.17426376 -1.8403032   0.405662   -0.28422996
  0.48824543  0.25975055 -1.7661139  -0.04310237]
[-0.19058672  0.20381431  0.75436515  0.391883    1.9245424   0.32627612
 -0.48545092  0.04333171 -0.13635282 -1.8099152   0.35441762 -0.23985907
  0.4567669   0.25278115 -1.8431947  -0.06267646]
[-0.21766324  0.18700808  0.8033242   0.32680714  1.8735002   0.38192144
 -0.49958324  0.10527663 -0.06134887 -1.7855356   0.27670902 -0.16743293
  0.47274312  0.2015233  -1.814331   -0.14532468]
[-0.16578345  0.17021413  0.7303131   0.44964904  1.9647872   0.2777867
 -0.45425862  0.02172454 -0.16321509 -1.756414    0.3789044  -0.26718327
  0.42039347  0.29437327 -1.9209627  -0.0407254 ]
[-0.16818526  0.15166274  0.7659449   0.3748713   1.9182034   0.30656534
 -0.4487156   0.06240884 -0.13434193 -1.7420623   0.3306624  -0.23918727
  0.4364482   0.27003697 -1.8696501  -0.07601126]
[-0.18502718  0.20131877  0.78697413  0.3554173   1.8440006   0.34902674
 -0.45025334  0.07140001 -0.12044386 -1.7586403   0.3059953  -0.22097535
  0.40596446  0.2511781  -1.8405163  -0.05507669]
[-0.1464581   0.20995493  0.77361345  0.41711068  1.8032392   0.3256101
 -0.38608968  0.03530162 -0.13617136 -1.7386296   0.30770072 -0.20747729
  0.37225336  0.2849974  -1.9099057  -0.06543751]
[-0.14896959  0.19920051  0.7908163   0.35238868  1.763773    0.3646853
 -0.40171942  0.07211364 -0.07757272 -1.7467444   0.30718523 -0.1923561
  0.368866    0.2870839  -1.8857839  -0.1154719 ]
[-0.13200033  0.24763969  0.78383577  0.35159594  1.7525841   0.34642488
 -0.39963952  0.04195276 -0.05674888 -1.7818015   0.3562137  -0.21898568
  0.3190531   0.26674727 -1.9124911  -0.02409594]
[-0.173166    0.25496447  0.7949198   0.27326173  1.7500776   0.40972042
 -0.47756466  0.07079373  0.02261555 -1.7798307   0.31403103 -0.15474759
  0.3288919   0.18217695 -1.8349946  -0.04011517]
[-0.16741279  0.23183933  0.7005338   0.4369234   1.9029671   0.2955048
 -0.46564674 -0.0103564  -0.09149232 -1.768891    0.4452669  -0.26927203
  0.34895048  0.2976853  -1.9778919   0.03250385]
[-0.2168773   0.25142556  0.7088822   0.45221344  1.9454492   0.30748865
 -0.44878364 -0.03345691 -0.11543834 -1.7886919   0.4467651  -0.24833564
  0.38040447  0.27832282 -1.9604114  -0.01897137]
[-0.2041802   0.3154797   0.6689488   0.5043433   1.907213    0.28614065
 -0.43541774 -0.06905539 -0.13739495 -1.80963     0.5067317  -0.27056688
  0.29086486  0.34589458 -2.009866    0.05315758]
[-0.26531577  0.34571043  0.74911577  0.36805683  1.8232296   0.38847077
 -0.55208147  0.01761531 -0.03728703 -1.8359883   0.4320628  -0.21717195
  0.30214962  0.22717682 -1.8425003   0.04091043]
[-0.18938066  0.23630647  0.6914194   0.4832488   1.8970705   0.29598147
 -0.4697885  -0.02068982 -0.12357263 -1.7337192   0.45672265 -0.27827108
  0.30768132  0.31699342 -1.9796966   0.05147867]
[-0.1399636   0.20743868  0.6952159   0.4595669   1.8315274   0.24061818
 -0.38373378  0.01794383 -0.08674259 -1.7010117   0.43306008 -0.26066092
  0.26921383  0.36377978 -2.0260205   0.01991687]
[-0.22639632  0.26589647  0.7627456   0.35232392  1.7701786   0.36211437
 -0.47296348  0.04460885 -0.00394582 -1.7738333   0.36204404 -0.1839616
  0.32796317  0.26850116 -1.8806565  -0.03378069]
[-0.1778492   0.257701    0.67672825  0.56571734  1.8512068   0.28258958
 -0.38878345 -0.08173511 -0.11841693 -1.749452    0.44610724 -0.2693988
  0.26281896  0.40561113 -2.0615172   0.04060027]
[-0.22526589  0.3289085   0.73044336  0.43966824  1.841375    0.36247072
 -0.43361536 -0.02812542 -0.03459357 -1.8727162   0.46797663 -0.22302279
  0.29079434  0.28335685 -1.9616919  -0.02566219]
[-0.29696095  0.38280135  0.746159    0.40243658  1.8573555   0.4145821
 -0.51433706 -0.02541122 -0.01257655 -1.8723576   0.47390002 -0.18193121
  0.26179993  0.22726569 -1.9011326  -0.02004209]
[-2.9027501e-01  3.6284691e-01  7.2115499e-01  4.4157237e-01
  1.8950818e+00  3.7716481e-01 -5.3980345e-01 -4.1704658e-02
 -8.6942032e-02 -1.8293831e+00  4.9511728e-01 -2.1477774e-01
  2.8768846e-01  2.8827408e-01 -1.9231201e+00 -1.1701703e-03]
[-0.23419401  0.2649446   0.70896566  0.47340474  1.9313526   0.31035873
 -0.50031316 -0.03840009 -0.16398044 -1.8345919   0.4728561  -0.2924735
  0.3821815   0.32782587 -1.8683952   0.00238305]
[-2.0479202e-01  2.5262293e-01  7.5490350e-01  3.9602700e-01
  1.8703938e+00  3.3177608e-01 -4.5668894e-01 -3.0777990e-03
 -1.4498530e-01 -1.8452972e+00  4.1819781e-01 -2.8586087e-01
  3.6944658e-01  3.0509043e-01 -1.8162333e+00  8.9203118e-04]
[-0.19565573  0.26849183  0.76929575  0.3006639   1.7724231   0.39062396
 -0.46882886  0.07878624  0.01091242 -1.7764975   0.32043374 -0.16184178
  0.29353496  0.239639   -1.8609073  -0.03931383]
[-1.5899722e-01  2.3770078e-01  6.9597691e-01  4.2008552e-01
  1.9054163e+00  2.9412657e-01 -4.6761426e-01  1.3018996e-03
 -8.7884061e-02 -1.7746191e+00  4.2164880e-01 -2.5506341e-01
  3.3539951e-01  2.9127288e-01 -1.9696957e+00  5.3690296e-02]
[-0.14584336  0.20431173  0.658963    0.51839423  1.9303087   0.27442902
 -0.39496443 -0.0254633  -0.10059984 -1.6991701   0.42258286 -0.23863928
  0.3445262   0.32547802 -2.117794   -0.01801758]
[-0.16909978  0.25413457  0.6768054   0.49858445  1.9539907   0.29123384
 -0.41844434 -0.02044013 -0.09613387 -1.7601616   0.46468797 -0.24112634
  0.35980773  0.31197178 -2.0831432  -0.08589379]
[-0.26039898  0.2736895   0.7795896   0.3164788   1.9198301   0.3833498
 -0.54780644  0.05783111 -0.02290112 -1.8349386   0.42647982 -0.20155998
  0.4456895   0.20064369 -1.8577354  -0.14193454]
[-0.19153742  0.22353795  0.6957714   0.49257034  1.990983    0.2504639
 -0.46639162 -0.03224116 -0.16014363 -1.7692264   0.48968497 -0.31766114
  0.38367563  0.33122638 -2.000954    0.02036543]
[-0.19578578  0.21440473  0.7610594   0.35260576  1.9117148   0.29427984
 -0.49394503  0.04624512 -0.12917997 -1.8064      0.40441594 -0.28086188
  0.39434004  0.24112037 -1.8050877   0.03386585]
[-0.15411885  0.15051916  0.7975135   0.38165644  1.8284016   0.30267778
 -0.416382    0.04361618 -0.14161465 -1.7142489   0.32489616 -0.25515112
  0.35719913  0.27809983 -1.8535025   0.01141588]
[-1.1843588e-01  1.5134804e-01  7.7441627e-01  4.2172974e-01
  1.7439455e+00  3.1065041e-01 -3.3748636e-01  1.6745328e-04
 -1.6405287e-01 -1.6714777e+00  3.2122865e-01 -2.4600939e-01
  3.0888718e-01  3.4363624e-01 -1.9181502e+00  2.0237874e-02]
[-0.17594662  0.2333904   0.7679167   0.36173946  1.6931633   0.38579592
 -0.3798712   0.00941513 -0.10242362 -1.7577242   0.3240059  -0.20778663
  0.34515566  0.30215245 -1.834178   -0.02344859]
[-0.236161    0.30013475  0.768531    0.35366803  1.7000072   0.4552915
 -0.4386719   0.01417254 -0.04468802 -1.8276491   0.30916768 -0.16302636
  0.37336856  0.23875888 -1.794481   -0.06657236]
[-2.8276017e-01  3.4719604e-01  7.2665441e-01  3.8424811e-01
  1.7877048e+00  4.5447579e-01 -4.9469534e-01  9.4659328e-03
 -1.3808757e-03 -1.8402214e+00  3.5747319e-01 -1.5584490e-01
  3.4348008e-01  2.1510346e-01 -1.8567082e+00 -5.1656820e-02]
[-3.0809596e-01  3.3963427e-01  6.8315727e-01  4.5431018e-01
  1.9230568e+00  3.8160115e-01 -5.3058732e-01 -1.0273019e-02
 -3.5989951e-02 -1.8393444e+00  4.5400271e-01 -1.9532807e-01
  3.0859500e-01  2.5306338e-01 -1.9359335e+00  7.2690251e-04]
[-0.26623112  0.28862157  0.65393317  0.52837646  1.9555079   0.32299408
 -0.49669257 -0.03226003 -0.10575259 -1.7608484   0.46733165 -0.22910006
  0.277288    0.34418744 -2.042551    0.03730215]
[-0.19775131  0.19890943  0.62717307  0.56851673  2.004563    0.26952845
 -0.45320678 -0.06091283 -0.17548405 -1.708875    0.46696544 -0.3028035
  0.3385183   0.3936525  -2.0568078   0.02906061]
[-0.21708438  0.2072697   0.6893014   0.49072352  1.9455636   0.32166788
 -0.4639803  -0.00692187 -0.15091677 -1.7399971   0.42954078 -0.25874954
  0.41705537  0.34660667 -1.985055   -0.0878018 ]
[-0.21881875  0.21115413  0.7694776   0.43869504  1.8909214   0.3341963
 -0.44580546  0.02714878 -0.12938584 -1.7933142   0.36557397 -0.22737864
  0.449349    0.310559   -1.9142959  -0.13145348]
[-0.18798716  0.2517922   0.79128504  0.39606556  1.819668    0.34859055
 -0.41949058  0.03200916 -0.08391155 -1.7966683   0.36443692 -0.21239266
  0.3739276   0.28411645 -1.9286625  -0.09494303]
[-0.23943965  0.2601451   0.8260609   0.28193027  1.7882309   0.40632415
 -0.48369464  0.08382481 -0.01717158 -1.8299875   0.33431965 -0.1783267
  0.40223408  0.2243391  -1.779198   -0.14163472]
[-0.20210724  0.22129509  0.7858664   0.3469579   1.868407    0.34585994
 -0.44635844  0.02557878 -0.09335782 -1.8065916   0.38658562 -0.24656901
  0.38703796  0.2610528  -1.8379662  -0.05625982]
[-0.19538966  0.26059484  0.8025236   0.34593296  1.777187    0.378934
 -0.40515107  0.00677984 -0.09217234 -1.7778839   0.3586727  -0.2143943
  0.36999005  0.29129007 -1.8751214  -0.09338962]
[-0.23695931  0.33830103  0.78273934  0.36141202  1.7728856   0.39572626
 -0.44955832 -0.01731606 -0.09060572 -1.8704422   0.3955949  -0.22370395
  0.38855156  0.25183    -1.8280493  -0.02843055]
[-0.21548529  0.3174625   0.7742286   0.37709165  1.7800573   0.37457415
 -0.4353649  -0.00256157 -0.06550628 -1.8582242   0.38615698 -0.2144243
  0.33589688  0.26869914 -1.8732262  -0.00703563]
[-0.24484608  0.33305278  0.776016    0.33944803  1.7976606   0.41025847
 -0.49514088  0.01951433 -0.0187826  -1.8379438   0.39237738 -0.18439807
  0.2926775   0.22004052 -1.8444328  -0.01302587]
[-0.22256108  0.29315662  0.75752246  0.35297558  1.8385637   0.36076188
 -0.5046433   0.00989022 -0.02151022 -1.800545    0.41031975 -0.19554694
  0.33872062  0.22247498 -1.9047092   0.00664213]
[-0.19841115  0.25642863  0.6645834   0.54773206  1.9404457   0.27173677
 -0.4360507  -0.10199153 -0.16106805 -1.7431221   0.48151332 -0.3048207
  0.31735787  0.37430975 -2.0437422   0.07793258]
[-0.20607221  0.28280896  0.6767321   0.4970684   1.9350846   0.28043348
 -0.43769327 -0.08618497 -0.15734775 -1.803516    0.49811044 -0.30879164
  0.34991425  0.3610652  -1.969167    0.02977924]
[-0.31568485  0.29393396  0.758295    0.3623044   1.9403747   0.39867312
 -0.56924474  0.00839258 -0.07651478 -1.8806674   0.45737964 -0.25330862
  0.43390375  0.25762895 -1.8096727  -0.06594908]
[-0.25363937  0.2736405   0.6877398   0.4970892   1.9557511   0.2974345
 -0.48394164 -0.04627577 -0.12124177 -1.7974564   0.5065157  -0.28039333
  0.3522049   0.36177006 -2.0072885  -0.00208646]
[-0.306938    0.29602128  0.77818394  0.40817362  1.8604774   0.4161892
 -0.538604    0.01478119 -0.04854495 -1.7617028   0.4077796  -0.18626383
  0.3664427   0.28170478 -1.9530445  -0.09753059]
[-0.23263922  0.24554038  0.7160901   0.5394362   1.9272053   0.2526563
 -0.45213622 -0.05725729 -0.16268128 -1.7910506   0.4806961  -0.30854505
  0.3747297   0.36399087 -1.9872787   0.03207917]
[-0.26204047  0.2551994   0.79364604  0.37290284  1.8483324   0.33473068
 -0.4670477   0.00327334 -0.11863679 -1.8420559   0.39962673 -0.25704986
  0.37811634  0.2779578  -1.7805884   0.00604846]
[-0.22871749  0.23822784  0.7915218   0.35956863  1.7725258   0.33773193
 -0.44246072  0.02132453 -0.08226224 -1.7967904   0.39120305 -0.25090927
  0.3287236   0.32935596 -1.834953    0.0073388 ]
[-0.2996387   0.2549654   0.7969128   0.30342737  1.7360672   0.4356112
 -0.47672614  0.04693455 -0.01230705 -1.8156551   0.354562   -0.18888265
  0.38083747  0.27786714 -1.7648958  -0.08979978]
[-0.23960268  0.280212    0.72257733  0.46843848  1.7423378   0.36713868
 -0.37092906 -0.01252009 -0.02972427 -1.7743225   0.38481018 -0.18837176
  0.31416076  0.37742096 -2.008141   -0.09557545]
[-0.3136224   0.39955276  0.79240274  0.35818547  1.6948302   0.49783126
 -0.47008544  0.01891939  0.06081688 -1.872002    0.3632849  -0.12743454
  0.2943733   0.26747715 -1.8847313  -0.14073086]
[-0.29726776  0.36602497  0.75186247  0.3807622   1.7695125   0.43513098
 -0.4855624   0.03910463  0.09207181 -1.8409662   0.4164239  -0.14953674
  0.25479826  0.25701076 -1.9745204  -0.07564278]
[-0.27584964  0.31740916  0.70284426  0.47935143  1.8493633   0.3942067
 -0.4751231   0.0142256   0.01286452 -1.7444073   0.4231268  -0.17542881
  0.20000665  0.32220024 -2.07687    -0.02817212]
[-0.236285    0.25044867  0.74038     0.4555978   1.8662632   0.38556743
 -0.46749586  0.01569191 -0.05523209 -1.6890262   0.37498957 -0.19290505
  0.26375228  0.32442242 -2.0363355  -0.061538  ]
[-0.16771156  0.1560274   0.6943404   0.54021573  1.9033422   0.30844975
 -0.39010918 -0.02439408 -0.15529418 -1.6459844   0.38040027 -0.26270875
  0.3574698   0.39421558 -2.0654488  -0.08633955]
[-0.14428373  0.2512334   0.79224414  0.40334907  1.7639717   0.3907157
 -0.36662996  0.02262512 -0.1103696  -1.7612717   0.33149633 -0.1976283
  0.3656591   0.30338377 -1.9505783  -0.15799406]
[-0.1793193   0.33313358  0.85054207  0.21922341  1.709083    0.45765638
 -0.42749882  0.08796259  0.02737513 -1.8351812   0.31954643 -0.14528042
  0.36559778  0.15807717 -1.8077586  -0.19645421]
[-0.19575904  0.29529092  0.8052807   0.25578612  1.7989843   0.37993678
 -0.49225584  0.09697084  0.01398996 -1.8355665   0.3950413  -0.20492876
  0.41626745  0.18173102 -1.8327678  -0.14102402]
[-0.17644201  0.20217736  0.79138076  0.29893166  1.9249023   0.31895256
 -0.49834204  0.05846371 -0.07799415 -1.8099003   0.44999638 -0.27478695
  0.45296556  0.2454932  -1.8468239  -0.12350776]
[-0.1089011   0.17508586  0.78400356  0.37608585  1.8787228   0.28234002
 -0.3993579   0.04985527 -0.08955783 -1.7374265   0.42860025 -0.25746956
  0.4291114   0.31855154 -2.0119317  -0.1862133 ]
[-0.19952752  0.25150955  0.793288    0.32933593  1.8685602   0.34199837
 -0.47779074  0.0486978  -0.03892403 -1.8658588   0.4453997  -0.23336455
  0.47302753  0.23839092 -1.8664843  -0.17396307]
[-0.2274197   0.2489618   0.783099    0.384449    1.9663025   0.32196975
 -0.4719444  -0.02573272 -0.11593554 -1.8683697   0.48574805 -0.290101
  0.42841595  0.24968407 -1.832749   -0.09903038]
[-0.22229052  0.25860006  0.7893362   0.3655265   1.9077625   0.33536515
 -0.43925    -0.01105209 -0.1161072  -1.8680435   0.4525537  -0.26275498
  0.39409024  0.24278954 -1.7850752  -0.10312362]
[-0.2394929   0.24062881  0.8292338   0.26489297  1.8036225   0.4165446
 -0.43278474  0.02992057 -0.08446489 -1.866568    0.33579573 -0.19855066
  0.4223833   0.19265862 -1.6519417  -0.12210996]
[-0.20494516  0.18990272  0.80635184  0.30954462  1.8118637   0.3965156
 -0.42523462  0.01141732 -0.1710752  -1.8508036   0.3066343  -0.2427398
  0.46457815  0.25721163 -1.6356872  -0.0819703 ]
[-0.19592166  0.24719433  0.829744    0.26403773  1.7164707   0.47189322
 -0.42743006  0.06352091 -0.08450308 -1.8556553   0.22174227 -0.15282786
  0.4343234   0.18486302 -1.6412445  -0.13466696]
[-0.1698039   0.2316382   0.8210904   0.23969969  1.658345    0.49089617
 -0.42413735  0.15026423  0.01475282 -1.7652464   0.12828173 -0.0706333
  0.4147272   0.13197581 -1.7339932  -0.17788145]
[-0.16557601  0.23278943  0.7894837   0.2930617   1.7324644   0.41887993
 -0.44819364  0.15503165  0.03108926 -1.741429    0.18941978 -0.09464419
  0.35405967  0.1631908  -1.8640225  -0.10505877]
[-0.15316068  0.16292675  0.7673389   0.32012686  1.8406048   0.34908414
 -0.48128414  0.15875249  0.01624486 -1.6980665   0.2209622  -0.11494951
  0.36318904  0.16561891 -1.9227539  -0.05445153]
[-0.05109184  0.06982947  0.6702131   0.51716965  1.9542084   0.20417547
 -0.36743408  0.04737671 -0.15000963 -1.5989219   0.32706648 -0.25013074
  0.3574521   0.33774227 -2.132335    0.00311968]
[-0.09968138  0.05131859  0.6915227   0.49791974  1.9793342   0.22497372
 -0.3895066   0.05579219 -0.17203504 -1.6212723   0.32944334 -0.25375134
  0.43351597  0.33885255 -2.0596952  -0.07067543]
[-0.12653808  0.09901351  0.73792106  0.46779704  1.9453697   0.2793157
 -0.4065043   0.06703293 -0.15133901 -1.6755841   0.31616038 -0.21901795
  0.47203508  0.3185053  -2.0218415  -0.16877148]
[-0.15798517  0.1746727   0.7588123   0.4170578   1.9116157   0.30738458
 -0.43052703  0.07947041 -0.11632992 -1.7525333   0.3337703  -0.19990952
  0.47077864  0.26690325 -1.958103   -0.1703196 ]
[-0.18312505  0.17047176  0.7744112   0.36621627  1.8761114   0.32248333
 -0.44412088  0.10023205 -0.09775237 -1.7671868   0.31309578 -0.19665654
  0.4696339   0.24904811 -1.8778156  -0.13848267]
[-0.1767418   0.12271627  0.7788132   0.3643552   1.8870367   0.3020128
 -0.4385264   0.10266508 -0.1151637  -1.7442558   0.3071589  -0.23643556
  0.43123645  0.27669114 -1.828796   -0.09456602]
[-0.13381036  0.10465461  0.82372844  0.3520941   1.7750505   0.3523815
 -0.3525198   0.08685064 -0.13011424 -1.6881987   0.21289799 -0.1837918
  0.40831977  0.27207878 -1.8388373  -0.12348604]
[-0.11967383  0.11853611  0.80311966  0.38155937  1.7462168   0.36004537
 -0.32024515  0.06223192 -0.15147018 -1.6872749   0.2255379  -0.1932286
  0.42185038  0.31991798 -1.8811665  -0.14973684]
[-0.18419626  0.24592464  0.8158124   0.31429932  1.677099    0.45268813
 -0.3833993   0.08341651 -0.05929573 -1.8171108   0.21261403 -0.11553897
  0.42902932  0.21120481 -1.7455833  -0.19868813]
[-0.21229732  0.31200436  0.8386019   0.23937953  1.6522297   0.49485636
 -0.4347728   0.12248717  0.05259435 -1.8393385   0.23318627 -0.0815251
  0.38665032  0.14806303 -1.7575312  -0.21690314]
[-0.20086047  0.30158597  0.8055784   0.26830754  1.722781    0.42622513
 -0.46885028  0.12930322  0.07641403 -1.815712    0.29200727 -0.1177512
  0.3572394   0.15294477 -1.8411143  -0.14966561]
[-0.2000108   0.22026305  0.786765    0.31228635  1.8281828   0.342652
 -0.48757213  0.1207936   0.02179345 -1.784085    0.3262287  -0.17354496
  0.351778    0.21075825 -1.8679335  -0.06885994]
[-0.1238019   0.15645948  0.7335904   0.41653973  1.9103491   0.27111614
 -0.4299243   0.04850984 -0.09727879 -1.7143596   0.378583   -0.25137907
  0.3418991   0.31014982 -1.9984955  -0.01295344]
[-1.13671303e-01  1.88339189e-01  6.90876484e-01  4.91147131e-01
  1.88948083e+00  2.47497410e-01 -3.59777838e-01  2.94819474e-04
 -1.03561364e-01 -1.70366979e+00  4.15499598e-01 -2.45092779e-01
  3.32535416e-01  3.45039874e-01 -2.09265137e+00 -4.48969416e-02]
[-0.19857726  0.26576895  0.743873    0.42961797  1.9016768   0.34660196
 -0.4127368  -0.03081839 -0.12012997 -1.7812656   0.42246246 -0.22332999
  0.4106168   0.25858325 -1.9529445  -0.12280643]
[-0.19511323  0.3240412   0.7256062   0.4562253   1.8795712   0.31692868
 -0.4023993  -0.06008511 -0.12543735 -1.8452247   0.5026043  -0.25376156
  0.3771462   0.30094752 -1.9702749  -0.09336758]
[-0.26114613  0.33634755  0.80240935  0.25043207  1.8248533   0.3994281
 -0.5097208   0.03246759 -0.00844128 -1.9008137   0.44530496 -0.20441166
  0.41741872  0.1638715  -1.7522068  -0.09662928]
[-0.21544513  0.26796207  0.7608525   0.3529808   1.8799614   0.30829185
 -0.50646687  0.00283846 -0.12016227 -1.8574402   0.45091993 -0.28265646
  0.38381606  0.26252764 -1.8077453   0.06346779]
[-0.23250577  0.23515947  0.78830886  0.33597106  1.8449491   0.35874528
 -0.49303454  0.00278271 -0.12003212 -1.8003986   0.37630135 -0.2473425
  0.3954974   0.25142884 -1.7775745   0.02460096]
[-0.21593627  0.21945326  0.7174939   0.48014355  1.8340664   0.2869702
 -0.4041234  -0.04764669 -0.14761147 -1.7495267   0.42176366 -0.2689972
  0.36690155  0.3478667  -1.9410985   0.04180248]
[-0.27031428  0.29873767  0.7723006   0.41309214  1.7821738   0.36773127
 -0.45703197 -0.03530378 -0.10309275 -1.8511353   0.40107164 -0.23463202
  0.3631373   0.29792345 -1.8381277   0.03684251]
[-2.7442634e-01  3.4548187e-01  7.6056606e-01  4.0503898e-01
  1.7021729e+00  3.8484624e-01 -4.5299610e-01 -1.3199449e-03
 -2.4609348e-02 -1.8284582e+00  3.7249604e-01 -1.8721989e-01
  2.7364913e-01  2.8068408e-01 -1.8866327e+00  7.6027147e-02]
[-0.29423073  0.346802    0.7636427   0.40472755  1.7457407   0.3903812
 -0.517533   -0.00832953 -0.0247274  -1.806426    0.38472158 -0.20176196
  0.21326873  0.290075   -1.8552828   0.11622999]
[-0.27985042  0.32665023  0.7167495   0.4832267   1.7507836   0.40610638
 -0.45516697 -0.0503609  -0.05762568 -1.7082646   0.36440456 -0.1922653
  0.14889319  0.33465463 -1.983083    0.14238665]
[-0.18623975  0.2851655   0.6264402   0.5507982   1.8466303   0.27870744
 -0.37821037 -0.11026027 -0.11758415 -1.6714855   0.4715631  -0.28597048
  0.13332216  0.42218438 -2.0970318   0.17871471]
[-0.2466882   0.3215332   0.7494558   0.43575153  1.771826    0.44557732
 -0.47409183 -0.05507033 -0.04064246 -1.6899621   0.39880913 -0.19446136
  0.18141282  0.35076588 -2.042247    0.02956413]
[-0.17303826  0.33618435  0.6464084   0.5671792   1.8742669   0.32376736
 -0.41660708 -0.15854871 -0.13448992 -1.7208319   0.5278646  -0.28740707
  0.18904822  0.43385202 -2.1771502   0.11256659]
[-0.27564305  0.41689262  0.71006954  0.45764366  1.8772408   0.42213187
 -0.5409368  -0.09336656 -0.05918194 -1.8173726   0.51673377 -0.20889072
  0.19890727  0.29831615 -2.034199    0.07517146]
[-0.20358157  0.35477734  0.6748334   0.48895016  1.9797165   0.31356996
 -0.5553602  -0.11386806 -0.12005881 -1.7875679   0.5452149  -0.2764377
  0.21342218  0.28316444 -2.0406365   0.19066486]
[-0.15397882  0.20487097  0.5824653   0.58250105  2.0879583   0.18297341
 -0.50004685 -0.12835729 -0.24077375 -1.7148125   0.5559402  -0.37692666
  0.3101706   0.35319048 -2.041844    0.2442965 ]
[-0.15698178  0.13219172  0.61027324  0.56109136  2.0762062   0.18543169
 -0.492258   -0.10005834 -0.2769997  -1.6795447   0.4796854  -0.37910742
  0.36790708  0.35767016 -1.949131    0.21096523]
[-0.16841903  0.03528298  0.64408505  0.5663655   2.092561    0.19471094
 -0.44691095 -0.08590706 -0.34217632 -1.6420879   0.36358663 -0.38709074
  0.48323035  0.36145124 -1.8400112   0.11715851]
[-0.15145202  0.09387831  0.6803463   0.60472983  1.9641727   0.25606945
 -0.37481263 -0.09199436 -0.288428   -1.642987    0.35894898 -0.33950648
  0.42438874  0.4366305  -1.9846026  -0.00500782]
[-0.2438612   0.22883251  0.8260652   0.33068368  1.8338286   0.46517292
 -0.48448247  0.03012337 -0.15649718 -1.790988    0.26790518 -0.2165347
  0.46508175  0.24796608 -1.7232641  -0.14040448]
[-0.21421525  0.23854558  0.787814    0.31914866  1.8418086   0.41040224
 -0.5138896   0.08042465 -0.04690352 -1.7656384   0.28295755 -0.16989037
  0.38167402  0.1979945  -1.8264096  -0.062565  ]
[-0.20792535  0.16761181  0.7727793   0.40011653  1.9292974   0.37450978
 -0.52003306  0.05116605 -0.12570128 -1.7032734   0.3044383  -0.21901159
  0.37728208  0.2636169  -1.8919586  -0.03252204]
[-0.10450333  0.06871188  0.7143586   0.47356272  1.9727252   0.22103468
 -0.39503402  0.0374146  -0.1937394  -1.6719484   0.3519402  -0.27972025
  0.42096433  0.34406525 -1.9980034  -0.02379742]
[-0.15565398  0.13019553  0.7545082   0.41544276  1.9199011   0.2894107
 -0.43690133  0.05068212 -0.16172831 -1.7211182   0.3276305  -0.25368193
  0.44700527  0.30663833 -1.918156   -0.05561229]
[-0.19580562  0.19605152  0.7604834   0.42528337  1.859168    0.33209237
 -0.45332217  0.04598566 -0.16013685 -1.7699165   0.29826802 -0.2222869
  0.4494699   0.2701035  -1.8706753  -0.02333783]
[-0.17391369  0.18619941  0.74480855  0.4525655   1.8063452   0.3217861
 -0.42631394  0.05206513 -0.14129853 -1.7262024   0.2861301  -0.19497256
  0.38720062  0.2752659  -1.9157091   0.00790625]
[-0.1271886   0.17242467  0.75571823  0.42036453  1.801848    0.305438
 -0.4090879   0.05656351 -0.10390384 -1.6877807   0.28975886 -0.20261157
  0.2957112   0.2585741  -1.9226944   0.03958253]
[-0.15742782  0.14326897  0.79532164  0.31524673  1.7758992   0.36002725
 -0.4411522   0.09484275 -0.04712924 -1.6715529   0.25759992 -0.1733861
  0.329001    0.23409681 -1.850372   -0.02379855]
[-0.14091076  0.19206437  0.68869305  0.48450145  1.8562895   0.25912294
 -0.3704007  -0.0433676  -0.15421072 -1.6890901   0.37802917 -0.27425626
  0.3000601   0.37165007 -1.9844452   0.06978887]
[-0.21000504  0.29723963  0.74268126  0.45622692  1.779007    0.34728378
 -0.42387637 -0.03781048 -0.13250135 -1.8094994   0.36206582 -0.24045356
  0.28035808  0.34426433 -1.9017212   0.09301579]
[-0.17234063  0.34674203  0.71787924  0.44846863  1.7380669   0.36042887
 -0.4346126  -0.02263238 -0.05444732 -1.8162285   0.3857349  -0.20468852
  0.19072887  0.29834765 -1.9613369   0.12716496]
[-0.22151592  0.29393598  0.69887435  0.39247438  1.7993807   0.37363094
 -0.5193308   0.07622044  0.07050309 -1.772013    0.3792099  -0.15367249
  0.18818226  0.1945004  -1.974776    0.1199585 ]
[-0.1764844   0.2275997   0.6361556   0.53855693  1.9006999   0.28491038
 -0.5264349  -0.00362152 -0.04919808 -1.6388447   0.39310187 -0.19315137
  0.1758732   0.30867067 -2.1277463   0.19642948]
[-0.06562489  0.16165061  0.5434784   0.7254508   1.9650383   0.13232473
 -0.3806042  -0.15687886 -0.24800548 -1.6024997   0.46497783 -0.36297554
  0.20837346  0.48430285 -2.2171426   0.2973938 ]
[-0.1505641   0.2890209   0.59817636  0.6409725   1.9645889   0.20319879
 -0.4386353  -0.1667257  -0.23528591 -1.7515724   0.51177776 -0.36217743
  0.23389427  0.3703925  -2.0419178   0.28626102]
[-0.17830558  0.31986237  0.57893604  0.5391607   1.9870287   0.20008108
 -0.458402   -0.1371098  -0.22841568 -1.8281155   0.5891365  -0.3764406
  0.2158839   0.36847293 -1.9194028   0.279701  ]
[-0.22396715  0.31644195  0.64296544  0.40945688  1.8570236   0.32959267
 -0.54142934  0.00373216 -0.00816153 -1.7641242   0.4676835  -0.22482781
  0.17503428  0.2663688  -1.9281244   0.17052218]
[-0.14363372  0.22971539  0.5866691   0.56176347  1.9723737   0.24094076
 -0.5217875  -0.08826266 -0.1342115  -1.6648668   0.48208866 -0.29751214
  0.19475253  0.38374615 -2.0866814   0.23336025]
[-0.09548078  0.23808923  0.56445366  0.69569016  1.9572499   0.20153551
 -0.39814824 -0.17490903 -0.21388984 -1.6343124   0.47541326 -0.33529484
  0.18925503  0.46524143 -2.221384    0.23458567]
[-0.16896808  0.369685    0.6243745   0.52481306  1.968605    0.26209763
 -0.49008188 -0.11666334 -0.14796185 -1.8445914   0.55348206 -0.29700398
  0.24252108  0.2993045  -2.0224674   0.19119135]
[-0.24227095  0.36166817  0.6416236   0.4463008   1.9995823   0.28849715
 -0.5937743  -0.05278812 -0.07359067 -1.8250294   0.5576387  -0.26768813
  0.24024455  0.22213693 -1.9302851   0.17578413]
[-0.14490612  0.2136667   0.6209875   0.50988424  2.088251    0.16974582
 -0.5447682  -0.09009267 -0.19629292 -1.7190691   0.58665013 -0.3821929
  0.2533897   0.36131477 -2.0175984   0.23803839]
[-0.09388272  0.14376152  0.60978585  0.60463583  2.0465353   0.14731303
 -0.44208464 -0.12931351 -0.2626323  -1.667263    0.51313525 -0.40094438
  0.28192514  0.4382967  -2.0696998   0.22706123]
[-0.14698678  0.17314443  0.6659675   0.50343734  2.0275168   0.25912386
 -0.48522288 -0.11958104 -0.27434307 -1.7519716   0.45777884 -0.3725762
  0.39916247  0.32270256 -1.8692138   0.15787303]
[-0.17552213  0.18116792  0.66249514  0.4883814   2.0284722   0.2746704
 -0.49900785 -0.05291026 -0.18341208 -1.7383897   0.46058998 -0.30900973
  0.40055242  0.27301913 -1.9481713   0.07982982]
[-0.14576098  0.17887464  0.6908072   0.50951165  2.0444334   0.23519425
 -0.45697537 -0.04945539 -0.19953963 -1.7432382   0.4358592  -0.30087334
  0.40244064  0.27330828 -1.9838133   0.05107382]
[-0.16421664  0.16128883  0.6825289   0.4701591   2.0488684   0.25159377
 -0.47505528 -0.02819651 -0.2283678  -1.7305439   0.42611346 -0.31438953
  0.4151464   0.3235121  -1.9181144   0.02149207]
[-0.20013192  0.12144643  0.69701177  0.50076413  1.99604     0.3129692
 -0.4859158  -0.00337593 -0.23378983 -1.6822304   0.38863647 -0.30450156
  0.42910773  0.3657475  -1.9120445  -0.05095914]
[-0.17351604  0.13592091  0.72620803  0.4079176   1.9966484   0.3076497
 -0.4814008   0.03785119 -0.18560828 -1.7393799   0.35286453 -0.2670537
  0.4818724   0.2671841  -1.8655565  -0.0623991 ]
[-0.10096226  0.11248372  0.72673255  0.4583741   1.8959404   0.27584094
 -0.3778468   0.0630106  -0.14569232 -1.6363697   0.28312898 -0.22389022
  0.39498544  0.3060345  -2.0181859  -0.07589319]
[-0.15212277  0.14893126  0.79238164  0.36581415  1.8530216   0.33852178
 -0.4289233   0.08494893 -0.1187079  -1.7137892   0.25526994 -0.19132647
  0.44216648  0.22723298 -1.8599209  -0.10515587]
[-0.1068441   0.10788981  0.77163315  0.4058264   1.8710222   0.30534035
 -0.36385247  0.04129756 -0.17501405 -1.6682928   0.2996678  -0.24605516
  0.41888666  0.309657   -1.9431461  -0.09126811]
[-0.13982642  0.17569293  0.7969715   0.3664284   1.7888721   0.3519909
 -0.38923624  0.06602365 -0.1412417  -1.7345498   0.2633692  -0.21330956
  0.42663842  0.27256805 -1.8654543  -0.08590426]
[-0.20549937  0.19583546  0.82488155  0.29527065  1.7648617   0.43090066
 -0.45836884  0.09848204 -0.08269308 -1.7693917   0.22636986 -0.13653477
  0.47513366  0.19653527 -1.7447513  -0.17335072]
[-0.13475665  0.18567698  0.7720381   0.4408431   1.8022343   0.329809
 -0.38926813  0.04322066 -0.14721462 -1.7462565   0.29560024 -0.21239951
  0.41786122  0.29824457 -1.9336205  -0.0836221 ]
[-0.22875485  0.25211394  0.81343013  0.2965533   1.7882869   0.40981978
 -0.48284683  0.09711657 -0.02876349 -1.8243363   0.29555866 -0.15336345
  0.42791986  0.18827799 -1.7687266  -0.14367484]
[-0.2347765   0.24831095  0.7760955   0.3427712   1.8569686   0.3666966
 -0.4950841   0.06061323 -0.07400423 -1.7980881   0.3551348  -0.20465986
  0.4271689   0.22381595 -1.8292027  -0.0822621 ]
[-2.3130736e-01  2.4178919e-01  7.4855936e-01  4.2713055e-01
  1.8984756e+00  2.9066083e-01 -4.7191453e-01  1.2362808e-03
 -1.4432421e-01 -1.8279400e+00  4.2249125e-01 -2.7958554e-01
  4.1185156e-01  3.0366439e-01 -1.8576530e+00  8.7129772e-03]
[-1.9086784e-01  2.6952535e-01  7.6889050e-01  4.0841302e-01
  1.7971752e+00  3.2614091e-01 -4.1399765e-01  7.2854222e-03
 -1.0801854e-01 -1.7786796e+00  3.8054413e-01 -2.3016885e-01
  3.2241005e-01  2.9123148e-01 -1.9066985e+00 -1.6972423e-03]
[-0.17203777  0.2965248   0.7704591   0.41395396  1.7810299   0.30294397
 -0.41535187 -0.02066551 -0.08826063 -1.812041    0.43241376 -0.26374325
  0.2539873   0.31888944 -1.9158268   0.06108959]
[-0.22847983  0.33672327  0.78739184  0.30885726  1.7541678   0.41396007
 -0.4633062  -0.00595293 -0.01115536 -1.8240372   0.43036443 -0.19919446
  0.2619103   0.24052462 -1.8428514  -0.01759694]
[-0.19203249  0.34034133  0.67569304  0.45092487  1.8295622   0.29790068
 -0.40635976 -0.07069653 -0.05285601 -1.8070791   0.5487266  -0.27021998
  0.26261255  0.34787712 -2.0336185   0.0197097 ]
[-0.3082108   0.42122594  0.74698615  0.37515718  1.8388875   0.3954492
 -0.53302705 -0.06655638 -0.02075692 -1.9631706   0.53240687 -0.24506867
  0.3121461   0.26063773 -1.8378389   0.03569413]
[-0.18872721  0.3678526   0.65667886  0.51817894  1.8764155   0.2844358
 -0.4407212  -0.10317703 -0.08506931 -1.8501141   0.56003433 -0.27966458
  0.20471716  0.358961   -2.065927    0.13097234]
[-0.2942522   0.36200133  0.6912676   0.41787234  1.9540592   0.34860507
 -0.5920202  -0.04030374 -0.03141585 -1.8916471   0.5608054  -0.27317742
  0.24171904  0.2613276  -1.8901608   0.12112641]
[-0.24048753  0.2949219   0.64543426  0.5142702   1.9775884   0.31752387
 -0.52525014 -0.07706077 -0.1047971  -1.7365675   0.515997   -0.2604584
  0.21010368  0.33032352 -2.037616    0.12051866]
[-0.15910733  0.19541444  0.61699617  0.5864848   1.984425    0.25689048
 -0.4461947  -0.09788587 -0.18701892 -1.6680939   0.46988803 -0.29742473
  0.2996848   0.40124446 -2.0808132   0.06762138]
[-2.2290397e-01  2.3338619e-01  6.8976796e-01  5.0848973e-01
  1.9548295e+00  3.3593696e-01 -4.9083853e-01 -6.2204611e-02
 -2.0617568e-01 -1.7909740e+00  4.1941351e-01 -2.8946894e-01
  4.1993594e-01  3.2626513e-01 -1.8845701e+00  1.5574455e-03]
[-0.1773643   0.22289506  0.6909679   0.4741974   1.9266933   0.29819483
 -0.41406718 -0.02656153 -0.1755637  -1.7923138   0.38265324 -0.2697597
  0.37232384  0.32900476 -1.9170887   0.0190652 ]
[-0.23928669  0.24510089  0.75127393  0.3515556   1.86919     0.3847416
 -0.52806807  0.08625202 -0.03879833 -1.8073308   0.3193609  -0.18211249
  0.3459026   0.22756195 -1.822356   -0.01996494]
[-0.20053606  0.14397211  0.76331186  0.3884061   1.8954818   0.35138127
 -0.515807    0.10090125 -0.06496666 -1.705957    0.25984868 -0.17340744
  0.3862304   0.21693511 -1.8979298  -0.00659292]
[-0.06667967  0.0902869   0.6369828   0.6239036   1.9257977   0.22617371
 -0.33527267 -0.02599889 -0.20481744 -1.5670149   0.31324804 -0.26051825
  0.3193142   0.40241903 -2.169621    0.03217851]
[-0.12751737  0.16854385  0.74010074  0.4266506   1.8777746   0.29705125
 -0.42142826  0.05836572 -0.14633074 -1.7082411   0.30445716 -0.22317092
  0.43112072  0.27483806 -1.9465868  -0.06655913]
[-0.15202796  0.18315817  0.759425    0.3770844   1.8793377   0.32810757
 -0.45438915  0.06833489 -0.11445136 -1.7312893   0.3054142  -0.21377668
  0.42513466  0.24528308 -1.892601   -0.07333688]
[-0.13076127  0.16234879  0.7321115   0.40508825  1.9200977   0.27662244
 -0.43794027  0.0613331  -0.11454693 -1.702046    0.3545782  -0.24865589
  0.38808468  0.3002517  -1.9863136  -0.04149126]
[-0.1566626   0.14056525  0.756413    0.36235267  1.8993816   0.30385506
 -0.4648367   0.11358383 -0.05739299 -1.7215637   0.3326614  -0.20058575
  0.44001064  0.26245198 -1.9491361  -0.12554908]
[-0.14675581  0.1409734   0.706603    0.49802977  1.9764578   0.24565816
 -0.3956608   0.01206064 -0.13211384 -1.7130808   0.4186347  -0.2633585
  0.4125852   0.33894745 -2.0541582  -0.11002145]
[-0.17147568  0.22713442  0.7554431   0.4423996   1.9277909   0.29777744
 -0.40860575 -0.01593795 -0.12552306 -1.7745682   0.44880944 -0.26255125
  0.41077408  0.29530543 -1.9804147  -0.13134329]
[-0.24823162  0.28664476  0.782819    0.3581689   1.899085    0.3374164
 -0.47953612  0.00604113 -0.0993948  -1.8809242   0.4658788  -0.27202627
  0.44685134  0.24252279 -1.8053392  -0.10181936]
[-0.22509626  0.23522067  0.81953746  0.29487258  1.8346665   0.36381048
 -0.4419891   0.03596982 -0.1077828  -1.8275652   0.38680238 -0.25698173
  0.43799645  0.24572828 -1.7546219  -0.10221232]
[-0.211544    0.25402316  0.82586163  0.27353472  1.7696342   0.38527337
 -0.44676274  0.05171382 -0.06903911 -1.8042927   0.37020266 -0.21748991
  0.39941424  0.2486711  -1.776103   -0.11520257]
[-0.23651919  0.26589122  0.83749235  0.2608482   1.7223256   0.44754678
 -0.43749017  0.05750354 -0.02806148 -1.7932198   0.3164778  -0.14977196
  0.43611687  0.2013978  -1.767903   -0.19686791]
[-2.0115352e-01  2.7169013e-01  7.7800828e-01  3.8701257e-01
  1.7784910e+00  3.6388844e-01 -3.7449995e-01 -1.8068105e-03
 -7.8337632e-02 -1.8065847e+00  4.1931310e-01 -2.2827764e-01
  4.2294222e-01  3.2414073e-01 -1.9385197e+00 -1.8223208e-01]
[-0.29777402  0.38788182  0.82434785  0.26693648  1.7290329   0.46209636
 -0.4623959   0.02321129  0.04454744 -1.9151653   0.43908882 -0.16147488
  0.408125    0.20709601 -1.801582   -0.21899197]
[-0.31787497  0.39483586  0.79772055  0.29961485  1.756798    0.42124167
 -0.48750386  0.01368955  0.03175097 -1.9168543   0.47331828 -0.19959474
  0.37463838  0.20834474 -1.8231573  -0.08809517]
[-0.28722033  0.348239    0.7761776   0.40543112  1.8265305   0.36611706
 -0.48843354 -0.0514719  -0.0902025  -1.8799238   0.50072736 -0.27683133
  0.32338923  0.28151035 -1.8406518   0.02891618]
[-0.2662561   0.31343967  0.82871515  0.38597834  1.7157313   0.43317145
 -0.43890563 -0.02616881 -0.07073013 -1.7634913   0.40587744 -0.20519349
  0.234588    0.29431903 -1.8474357  -0.05424383]
[-0.22673416  0.31049845  0.8250638   0.31986478  1.7121378   0.38909942
 -0.42273623 -0.03683084 -0.09048632 -1.8018501   0.43739587 -0.2728281
  0.27825046  0.31147796 -1.7998993   0.00922399]
[-0.26888317  0.39470154  0.79582405  0.31193614  1.627074    0.48022085
 -0.43192405 -0.04949204 -0.02536125 -1.8217671   0.4214294  -0.19775434
  0.23262152  0.29078117 -1.7914736  -0.02555775]
[-0.3021596   0.3991553   0.77670985  0.29133493  1.7209295   0.46415338
 -0.49751943 -0.03889602  0.02106678 -1.9133667   0.45429063 -0.20434375
  0.29688329  0.25200847 -1.7372868  -0.04008467]
[-0.29513642  0.42748198  0.7654907   0.34640795  1.805968    0.43953735
 -0.5080806  -0.04758314  0.0228559  -1.9390465   0.5176646  -0.21466175
  0.2744059   0.26473808 -1.8818092  -0.03723053]
[-0.27962652  0.4250493   0.669819    0.41682664  1.8880529   0.3829217
 -0.5324124  -0.05660567  0.03722825 -1.8945853   0.552682   -0.20163724
  0.23121305  0.23986459 -1.9919212   0.05672621]
[-0.28109163  0.3450689   0.6126092   0.5216721   1.9832824   0.3379968
 -0.5586401  -0.06455354 -0.06135594 -1.779247    0.55144215 -0.25532
  0.24207807  0.31796116 -2.057246    0.08908697]
[-0.2148101   0.2043931   0.6020863   0.5667611   2.084718    0.2539303
 -0.5089977  -0.07568216 -0.17195612 -1.7194672   0.54673564 -0.33060294
  0.35824776  0.35578674 -2.0621483   0.05162494]
[-0.16858211  0.11079893  0.6394044   0.60128087  2.020099    0.21553235
 -0.38852286 -0.05284677 -0.22037642 -1.6578289   0.46037278 -0.33792514
  0.4073028   0.4572267  -2.1016414  -0.04785671]
[-0.20169206  0.1685973   0.7692236   0.38601345  1.9158814   0.3557436
 -0.46153444  0.02763926 -0.17961252 -1.7539736   0.3573694  -0.26732555
  0.46793222  0.31700283 -1.8403618  -0.1237226 ]
[-0.21867947  0.19368802  0.825206    0.38297293  1.7785828   0.42859334
 -0.44708166  0.06372181 -0.10565086 -1.7098662   0.25939125 -0.17243265
  0.41736293  0.28679827 -1.8783547  -0.16839607]
[-0.16712692  0.13282666  0.81222856  0.3696261   1.8212703   0.35432485
 -0.40455356  0.07096829 -0.13041015 -1.732353    0.26890603 -0.22380944
  0.43501034  0.27819437 -1.8339965  -0.11354375]
[-0.18350436  0.16151027  0.8517707   0.28504962  1.7403202   0.41789323
 -0.39701027  0.11412184 -0.05986128 -1.7486088   0.20813736 -0.14899239
  0.42446154  0.21538243 -1.7650173  -0.17888686]
[-0.20997839  0.20018975  0.84868544  0.26414502  1.7169037   0.46651593
 -0.43234634  0.09968717 -0.06020107 -1.7539301   0.17978145 -0.1254708
  0.44449997  0.18279567 -1.7147677  -0.16775122]
[-0.18079723  0.19670856  0.8038123   0.36353847  1.7850552   0.3867209
 -0.41058245  0.04981572 -0.13795789 -1.7710243   0.2637873  -0.20169957
  0.4402148   0.28384587 -1.8067335  -0.12582299]
[-0.16901252  0.23645881  0.8237755   0.2643507   1.6982086   0.4431393
 -0.4215211   0.12078591 -0.02646759 -1.7790852   0.20873924 -0.13348731
  0.4012228   0.19719629 -1.7830893  -0.14178495]
[-0.16076687  0.21430083  0.8134881   0.26061755  1.7466023   0.41177613
 -0.43612784  0.13908167  0.01617291 -1.7414955   0.2223355  -0.12955143
  0.38309163  0.18681982 -1.8627039  -0.12506375]
[-0.19259231  0.19972265  0.776264    0.34568688  1.8435555   0.36123246
 -0.47094375  0.11490867 -0.01562463 -1.7303642   0.28968817 -0.15552711
  0.41852474  0.21001208 -1.9363028  -0.1212099 ]
[-0.14871487  0.20558575  0.7083929   0.52311224  1.9293848   0.25789997
 -0.3894657  -0.0198997  -0.16706537 -1.7172937   0.41091642 -0.25430745
  0.3824838   0.3308391  -2.0607169  -0.05347764]
[-0.163927    0.26928815  0.7490977   0.47605357  1.8434757   0.29642916
 -0.39958695 -0.01760371 -0.13825785 -1.7800195   0.42023692 -0.24348883
  0.33690828  0.30440384 -1.9955838  -0.01782079]
[-0.18478721  0.29341742  0.7655439   0.39975405  1.783791    0.3072056
 -0.44060564  0.00640656 -0.11038029 -1.8293934   0.42971268 -0.2686656
  0.30800614  0.27605414 -1.8534024   0.06109601]
[-0.2185427   0.24187216  0.8171748   0.27579463  1.8034961   0.36130658
 -0.51619023  0.04281173 -0.05553535 -1.8235533   0.4197998  -0.26490325
  0.33318946  0.22326478 -1.7308381   0.03329649]
[-0.17234588  0.25892553  0.74967575  0.40157086  1.8172159   0.30633083
 -0.43042836 -0.05351752 -0.11213048 -1.7553202   0.46364316 -0.2882847
  0.28667742  0.31154948 -1.9027475   0.06151377]
[-0.24137434  0.36738226  0.73280895  0.3940481   1.7667576   0.36699882
 -0.46020728 -0.07301432 -0.07486804 -1.8658762   0.47678334 -0.24824461
  0.30610627  0.2943772  -1.8500191   0.05274558]
[-0.2437683   0.44022888  0.70417315  0.4569803   1.8207762   0.33561626
 -0.45405716 -0.12774202 -0.07097138 -1.9255956   0.5794111  -0.28716293
  0.18530545  0.33703104 -1.9310195   0.12741034]
[-0.26993546  0.47635227  0.6786398   0.38243932  1.8275316   0.35331333
 -0.51889944 -0.07177061  0.03099416 -1.948714    0.6210122  -0.25290617
  0.16313747  0.25660196 -1.920913    0.13991304]
[-0.31561497  0.44633323  0.64197433  0.42294517  1.9165356   0.33195397
 -0.60116327 -0.08328712  0.03022852 -1.9017258   0.64185166 -0.26915222
  0.15506735  0.24755172 -1.9169853   0.2022771 ]
[-0.238356    0.37639162  0.55999327  0.60192424  1.9501511   0.25348645
 -0.51984906 -0.16847815 -0.14318141 -1.7779272   0.63062894 -0.33015805
  0.1481426   0.38284427 -2.0725029   0.29753745]
[-0.19484192  0.32699555  0.58438545  0.68235195  1.8994749   0.21051507
 -0.4338649  -0.19276255 -0.19887857 -1.7471565   0.59275657 -0.3611754
  0.15212089  0.45779237 -2.1213715   0.29333943]
[-0.28224322  0.35129672  0.6539139   0.53099525  1.9098631   0.30114105
 -0.52365166 -0.13073945 -0.15409383 -1.8529876   0.60705423 -0.3381527
  0.223842    0.33824947 -1.9211699   0.23505993]
[-0.2846357   0.34943956  0.6841919   0.43231726  1.8628633   0.35197902
 -0.53977764 -0.06079549 -0.05018573 -1.8150266   0.5142223  -0.25039425
  0.18217328  0.2948045  -1.8845417   0.16097815]
[-0.2884736   0.3396383   0.6285498   0.5278133   1.9459444   0.31560546
 -0.55959976 -0.13031626 -0.11035664 -1.7816513   0.5720371  -0.28439173
  0.18987608  0.37247187 -1.9827408   0.19314924]
[-0.19645615  0.33102855  0.52968824  0.6627723   1.967762    0.21174946
 -0.42765635 -0.2101635  -0.18962039 -1.7543694   0.60499585 -0.34196156
  0.1740767   0.46227035 -2.135682    0.2610429 ]
[-0.2833781   0.40836334  0.52873814  0.5319031   1.9964206   0.27939668
 -0.53443563 -0.16203561 -0.12672777 -1.8996513   0.6533109  -0.33216748
  0.24336037  0.35667387 -1.9371675   0.22835127]
[-3.5206765e-01  3.6529303e-01  5.4600400e-01  5.2585751e-01
  1.9732635e+00  3.5077572e-01 -5.7289600e-01 -4.9944907e-02
  5.9171917e-04 -1.8106492e+00  5.4755944e-01 -2.3111877e-01
  2.4515970e-01  3.0007404e-01 -1.9976600e+00  1.0613985e-01]
[-0.23727886  0.23531452  0.53725517  0.66445196  2.049762    0.29402766
 -0.50671923 -0.1182737  -0.15732779 -1.669471    0.5433594  -0.30587298
  0.24019918  0.4232052  -2.1511922   0.10152396]
[-0.15128374  0.18154839  0.58440864  0.702795    1.9679064   0.2603588
 -0.39925545 -0.1196956  -0.19162616 -1.5984803   0.45514622 -0.3040267
  0.24388006  0.48902565 -2.2261157   0.04592933]
[-0.22126646  0.20689979  0.76506364  0.44670177  1.8684094   0.39384878
 -0.47210264  0.02329245 -0.10486312 -1.7031066   0.35025105 -0.22095957
  0.36180905  0.33263415 -1.985789   -0.10412733]
[-0.2102128   0.18275702  0.79379     0.33379745  1.9197544   0.375858
 -0.49153894  0.06207137 -0.12966321 -1.7752959   0.32530242 -0.23517442
  0.4508392   0.24126022 -1.7976214  -0.10730155]
[-0.13671735  0.13576344  0.77215934  0.38741332  1.9184306   0.30820733
 -0.41499034  0.04357671 -0.15088212 -1.706366    0.3348674  -0.26192945
  0.4306732   0.29719973 -1.928355   -0.09201299]
[-0.14912613  0.13548711  0.821348    0.308757    1.8532448   0.37158003
 -0.44175214  0.08951448 -0.12013177 -1.7100298   0.2733212  -0.22208472
  0.48844784  0.23670468 -1.8452555  -0.15437484]
[-0.10578056  0.11718593  0.79856473  0.36479253  1.8269516   0.32496947
 -0.3697249   0.07653685 -0.14879552 -1.6701883   0.27309978 -0.22412494
  0.47287878  0.2976881  -1.9361641  -0.16353294]
[-0.17507091  0.18322477  0.85388136  0.24034254  1.7489086   0.44152588
 -0.44777212  0.14144358 -0.03323171 -1.733537    0.19664903 -0.12617911
  0.47993144  0.17482163 -1.7949921  -0.21452269]
[-0.16298732  0.18746777  0.7882349   0.37767243  1.8518959   0.3323821
 -0.42390594  0.06659837 -0.13377377 -1.7564102   0.29555804 -0.20503578
  0.47661114  0.25267532 -1.8809488  -0.1287148 ]
[-0.18322313  0.14224741  0.81462795  0.33584264  1.8633724   0.36124873
 -0.44119865  0.08164991 -0.13075413 -1.7527742   0.30028528 -0.22214575
  0.49679977  0.25108692 -1.8270028  -0.15449283]
[-0.17690094  0.14207254  0.8124086   0.37898868  1.8532336   0.33361712
 -0.41590804  0.06538744 -0.14702633 -1.7500336   0.32562393 -0.24681897
  0.48305893  0.3048247  -1.866279   -0.16155235]
[-0.24937811  0.1860148   0.86151963  0.24662578  1.7415388   0.44847265
 -0.4658988   0.12379539 -0.05646564 -1.7734897   0.2167739  -0.1409075
  0.5355762   0.20131175 -1.7015301  -0.23873234]
[-0.22190113  0.20563391  0.82302415  0.3804347   1.7750957   0.37233394
 -0.41787377  0.04569625 -0.15442304 -1.7882134   0.28513396 -0.22383924
  0.47875795  0.2942114  -1.8028872  -0.11266068]
[-0.24749044  0.2406548   0.85453475  0.27205428  1.681475    0.4714137
 -0.44367084  0.1009239  -0.04614878 -1.7920835   0.22279742 -0.12675802
  0.4198614   0.20544955 -1.7000185  -0.17458794]
[-0.22444418  0.22976355  0.8421542   0.29070175  1.7264637   0.4192633
 -0.42256165  0.08770455 -0.01804822 -1.7798189   0.28395888 -0.15522817
  0.38217944  0.23304181 -1.8077503  -0.15033594]
[-0.25562635  0.29325077  0.83240795  0.2718793   1.730221    0.43703452
 -0.4439364   0.03495612 -0.0240801  -1.8042161   0.3570115  -0.1767881
  0.37355688  0.238264   -1.8032372  -0.12291384]
[-0.26444724  0.31751484  0.7703248   0.38520882  1.7759479   0.36732912
 -0.43226743 -0.0402659  -0.086896   -1.8351345   0.43458837 -0.239669
  0.39281937  0.32495564 -1.8693724  -0.06103321]
[-0.2731959   0.373314    0.78698826  0.36615384  1.7222456   0.40576845
 -0.4588448  -0.01264455 -0.05226489 -1.9052508   0.40354222 -0.2209522
  0.36413082  0.28598836 -1.8324617  -0.0096017 ]
[-0.2762704   0.40240222  0.78924876  0.33345848  1.665551    0.43249884
 -0.47050542  0.02829466  0.04595017 -1.8642237   0.3740592  -0.14702739
  0.24109504  0.2170138  -1.8524433   0.0253268 ]
[-0.25098434  0.33566543  0.7441007   0.37717253  1.7752556   0.36955872
 -0.5137142   0.0123518   0.03848856 -1.7884157   0.43702126 -0.19452418
  0.1978045   0.24674387 -1.928105    0.08591279]
[-0.22893023  0.2839095   0.7195296   0.45998222  1.8235159   0.3287086
 -0.47349048 -0.05892421 -0.03891193 -1.6913397   0.46997038 -0.25909194
  0.21377921  0.34009475 -2.0427804   0.09643029]
[-0.20361328  0.27228945  0.64512813  0.5934945   1.8736298   0.23847094
 -0.37650728 -0.14813265 -0.15109642 -1.706258    0.5349084  -0.3412696
  0.21576989  0.47271457 -2.1011758   0.1251752 ]
[-0.22780688  0.40150604  0.772419    0.39047813  1.7948948   0.3663384
 -0.4865757  -0.10152439 -0.07598189 -1.8807291   0.5079846  -0.29566938
  0.22076228  0.3310865  -1.8684814   0.09734088]
[-0.25849578  0.4303368   0.77757585  0.3257996   1.7490594   0.43347222
 -0.5390182  -0.03496533  0.03200271 -1.8662485   0.49572507 -0.23300758
  0.1886304   0.25960508 -1.8944557   0.07875548]
[-0.2620317   0.42814866  0.6699662   0.47174478  1.8279343   0.35930675
 -0.5233951  -0.05882267  0.00851021 -1.7815654   0.5402201  -0.22243437
  0.08950697  0.32940623 -2.075324    0.14481309]
[-0.23033814  0.34797746  0.6783696   0.4947962   1.8907347   0.30278212
 -0.5423266  -0.0833606  -0.04360978 -1.7450969   0.5424758  -0.25792918
  0.15657453  0.34311026 -2.0716941   0.1627973 ]
[-0.1465682   0.26198405  0.5929266   0.66191995  1.9549955   0.20372622
 -0.4278845  -0.17719363 -0.19707492 -1.6919123   0.5816396  -0.37033993
  0.20385604  0.44763756 -2.1476598   0.19526374]
[-0.24480715  0.32850492  0.66701573  0.58115697  1.9493424   0.31670195
 -0.49274978 -0.15933973 -0.21302481 -1.823254    0.57049894 -0.34154934
  0.2735748   0.3188433  -1.9523554   0.16756967]
[-0.23498444  0.3524382   0.72627527  0.43392903  1.8688233   0.37128678
 -0.5061378  -0.09578241 -0.13648471 -1.8090738   0.4979821  -0.25275907
  0.23159572  0.27432457 -1.8635933   0.0873753 ]
[-0.22164235  0.30801162  0.6838262   0.4722708   1.8864387   0.3339971
 -0.5156404  -0.09371383 -0.1400367  -1.758359    0.496754   -0.27658185
  0.25627482  0.29529202 -1.9222965   0.14141771]
[-0.21981232  0.2540261   0.65793926  0.5132102   2.0044122   0.2846702
 -0.4896565  -0.14349309 -0.22913125 -1.8063465   0.5292582  -0.34832492
  0.34336096  0.343433   -1.8817059   0.13416466]
[-0.19262592  0.2962199   0.63543665  0.49260467  1.9858633   0.2780985
 -0.442593   -0.15816858 -0.23065571 -1.8135803   0.5519332  -0.3552259
  0.30919483  0.35532337 -1.8914592   0.12617919]
[-0.2920459   0.36767358  0.72696066  0.36364737  1.8772625   0.44346815
 -0.54098666 -0.04124352 -0.0419322  -1.8527886   0.4696784  -0.21700034
  0.3417688   0.23437515 -1.8694656  -0.02771466]
[-0.2277747   0.31118637  0.64410144  0.5003428   2.010396    0.32496375
 -0.51129425 -0.09440075 -0.14950038 -1.8054771   0.5441562  -0.29344898
  0.3246544   0.31117508 -2.0039613   0.05743758]
[-0.17640123  0.2463042   0.6746869   0.46041328  1.9926656   0.27530056
 -0.4763438  -0.04117619 -0.14365545 -1.7755544   0.48552972 -0.29040807
  0.32338956  0.31911674 -1.9895672   0.058111  ]
[-0.19641656  0.21140385  0.7167354   0.41336632  1.9923699   0.3325088
 -0.54260385 -0.00213752 -0.12906381 -1.737866    0.430235   -0.2790841
  0.36846563  0.2853362  -1.9445536   0.02247841]
[-0.14569673  0.12288821  0.6681902   0.5324012   2.0366201   0.22700074
 -0.44192418 -0.03809325 -0.20436177 -1.6613743   0.43170184 -0.32140762
  0.40175986  0.34599835 -2.0280287   0.01384013]
[-0.16717896  0.1680561   0.77022153  0.42161256  1.9661458   0.30165476
 -0.44693685 -0.01146276 -0.20050159 -1.7123169   0.37281424 -0.28470567
  0.4750069   0.2722718  -1.9099777  -0.07697601]
[-0.1282124   0.20690136  0.78108394  0.4066286   1.8922018   0.29912886
 -0.40359998 -0.01712966 -0.19275495 -1.7232403   0.38742262 -0.29018158
  0.42076987  0.2887451  -1.9098135  -0.07998876]
[-0.18974896  0.21160579  0.8694364   0.23622458  1.7966026   0.4116594
 -0.4658095   0.05922555 -0.11044659 -1.7746303   0.28997016 -0.23917642
  0.4509942   0.20387474 -1.6970704  -0.11346091]
[-0.10266428  0.16674611  0.8150091   0.31458437  1.8270664   0.31387773
 -0.39936802  0.02396459 -0.15380506 -1.7237027   0.3613451  -0.29720533
  0.3795642   0.30947524 -1.8541584  -0.04183808]
[-0.18406117  0.21065895  0.8458327   0.23723653  1.7617867   0.43125623
 -0.46495405  0.05997163 -0.0569118  -1.7557827   0.3228995  -0.19690247
  0.42259088  0.20724836 -1.7754343  -0.12864716]
[-0.17044392  0.20574215  0.77235425  0.38831967  1.8775342   0.35006395
 -0.42697135 -0.02339657 -0.14942965 -1.7659998   0.41488522 -0.26619658
  0.4802052   0.2894615  -1.9052465  -0.135766  ]
[-0.22888593  0.2958489   0.76941234  0.41692996  1.8976914   0.36749846
 -0.4709576  -0.03513048 -0.13149059 -1.8590618   0.46167642 -0.2576417
  0.4628605   0.2552659  -1.8727154  -0.13470465]
[-0.29114813  0.34465224  0.8336765   0.339236    1.8321365   0.40363154
 -0.5323745   0.00821936 -0.08765681 -1.9157917   0.4388507  -0.23749724
  0.40392178  0.19930777 -1.7507433  -0.04762352]
[-0.28948778  0.30199224  0.81733686  0.35513234  1.8317585   0.35229132
 -0.5534132   0.02367016 -0.11962595 -1.8645008   0.44912663 -0.27983055
  0.32464436  0.23823635 -1.7145443   0.07183049]
[-0.24956214  0.19608709  0.7983637   0.38448006  1.7996323   0.33515155
 -0.47701588  0.02538604 -0.11788569 -1.7510726   0.40384206 -0.2756055
  0.29981697  0.3084026  -1.7891089   0.05120843]
[-0.1844613   0.15310457  0.7552989   0.37247878  1.800757    0.3250774
 -0.40456885 -0.01215292 -0.15072936 -1.7138793   0.3954944  -0.29947758
  0.35933957  0.34149754 -1.7897074  -0.00758309]
[-0.2012603   0.3361207   0.71177     0.4287378   1.6670868   0.3645319
 -0.38850126 -0.0552866  -0.05805151 -1.8024718   0.44162408 -0.22790504
  0.28157377  0.3451895  -1.9130309   0.01221542]
[-0.29297403  0.45994085  0.718957    0.35004348  1.6579949   0.47085857
 -0.4776209  -0.03693746  0.07938912 -1.9227917   0.44963282 -0.14020818
  0.23227897  0.23512039 -1.815891   -0.02352529]
[-0.30208334  0.51052684  0.61486715  0.4388618   1.8005936   0.38644335
 -0.49470577 -0.10190457  0.05791152 -1.9294094   0.59133136 -0.1980232
  0.12926655  0.26612788 -1.9489313   0.1273562 ]
[-0.3239331   0.48424816  0.5699395   0.46529016  1.9026253   0.34939328
 -0.54977643 -0.10625032  0.04897989 -1.8907884   0.64010775 -0.22332862
  0.12233233  0.2578083  -1.9763119   0.17872515]
[-0.24698868  0.37562218  0.55615467  0.58416474  1.9605179   0.32449228
 -0.5291835  -0.16262832 -0.12257998 -1.7551781   0.6199     -0.3001325
  0.15122318  0.38459843 -2.0759842   0.18309629]
[-0.1874878   0.28020683  0.5982877   0.6320053   1.9100616   0.30608636
 -0.46515352 -0.1384857  -0.15907547 -1.6718857   0.50775254 -0.31064695
  0.20408921  0.4528451  -2.1225057   0.10803928]
[-0.22330387  0.315457    0.69743854  0.4794205   1.8409535   0.39627346
 -0.4783086  -0.05021268 -0.11568341 -1.7677536   0.42845082 -0.23845378
  0.3151305   0.31863654 -1.97953     0.00328462]
[-0.23763648  0.3277585   0.77771366  0.33973724  1.8204572   0.38404518
 -0.5030775   0.03279525 -0.04971951 -1.8404448   0.39330804 -0.20434634
  0.3540469   0.2364467  -1.850563   -0.03899252]
[-0.24842568  0.30432886  0.7570923   0.37256876  1.8915199   0.35887638
 -0.55611426  0.01837616 -0.03504672 -1.8085892   0.4238375  -0.21631646
  0.3453757   0.20706952 -1.896217    0.02404618]
[-0.17865829  0.2237082   0.66067356  0.5465251   2.0030577   0.21608672
 -0.45636183 -0.06624366 -0.15507793 -1.7400944   0.52568394 -0.31854025
  0.30293274  0.3535891  -2.06165     0.08600732]
[-0.17326804  0.21537602  0.709725    0.44608903  2.0024104   0.23409948
 -0.46399865 -0.05256031 -0.1537732  -1.7950113   0.5315671  -0.317825
  0.35069403  0.3298152  -1.9527754   0.02947493]
[-0.18106124  0.24835101  0.6645385   0.48873872  1.9460853   0.23544535
 -0.42604756 -0.08225444 -0.15293853 -1.810819    0.5241829  -0.3188131
  0.3525382   0.3536255  -1.9589856   0.05974732]
[-0.2829087   0.30013016  0.6851443   0.41622525  1.9720325   0.33872914
 -0.5266736  -0.07126422 -0.1316475  -1.884309    0.51079327 -0.29994336
  0.40030795  0.2704083  -1.7839701   0.03111327]
[-0.26919162  0.2601181   0.724707    0.45754528  1.9579529   0.34864905
 -0.47098932 -0.03634448 -0.13916056 -1.8388329   0.44763738 -0.27820292
  0.38671917  0.30292264 -1.8745905  -0.03828779]
[-2.1786745e-01  2.8227341e-01  7.6511240e-01  4.0387279e-01
  1.8405793e+00  3.8837790e-01 -4.2555538e-01 -1.5234023e-03
 -9.0419129e-02 -1.8000021e+00  3.8482624e-01 -2.1299636e-01
  3.1489569e-01  2.9810119e-01 -1.9211369e+00 -6.8996802e-02]
[-0.22126853  0.26023608  0.7812041   0.37305477  1.7790915   0.4333763
 -0.4584878   0.04072133 -0.06900116 -1.7336504   0.31618646 -0.16505715
  0.30173463  0.30998445 -1.9187071  -0.09042431]
[-0.21916762  0.21409178  0.78195554  0.3663208   1.841924    0.40866446
 -0.48634046  0.05526029 -0.10220508 -1.7618093   0.31436107 -0.2109139
  0.39616865  0.28717288 -1.8686676  -0.07749865]
[-0.16517793  0.15588768  0.7587376   0.4009431   1.8697178   0.3375721
 -0.42565233  0.07715376 -0.10710227 -1.7271729   0.30872017 -0.20224962
  0.4463877   0.28662685 -1.953886   -0.12440367]
[-0.18881674  0.23359445  0.77544     0.37566173  1.8114026   0.35611552
 -0.44302434  0.10863872 -0.03064988 -1.7741778   0.28904432 -0.14967546
  0.44111675  0.23422804 -1.9515026  -0.15080847]
[-0.20788388  0.23658195  0.76962346  0.4032591   1.8427223   0.33331743
 -0.46522823  0.07885166 -0.0716276  -1.7884877   0.33683723 -0.17344555
  0.42011243  0.23862974 -1.9265878  -0.08847471]
[-0.165377    0.24294333  0.72759897  0.47302622  1.8363335   0.25555718
 -0.40188065  0.01480206 -0.11296852 -1.7531582   0.41128355 -0.25235888
  0.31802878  0.31426126 -2.0016265   0.03480244]
[-0.18711697  0.22359249  0.7714661   0.3799831   1.8175246   0.30018392
 -0.43975672  0.03825598 -0.09116784 -1.7750835   0.39701247 -0.2575454
  0.3034864   0.28485352 -1.8545239   0.03096234]
[-0.14669648  0.24521795  0.7890779   0.3548295   1.7149584   0.35046384
 -0.37448257  0.01269937 -0.07146542 -1.717963    0.35863227 -0.21004577
  0.27471727  0.2934581  -1.9029922  -0.03052036]
[-1.7260012e-01  2.9162011e-01  7.2946739e-01  4.1792217e-01
  1.7667181e+00  3.2466978e-01 -3.7183315e-01 -5.8322269e-02
 -8.7357499e-02 -1.7680254e+00  4.5706025e-01 -2.5509280e-01
  2.5830570e-01  3.5264909e-01 -1.9441414e+00 -1.4274716e-04]
[-0.2233779   0.38831943  0.76469177  0.3476408   1.7406222   0.40748018
 -0.43247074 -0.0508441  -0.01357233 -1.9050729   0.45949182 -0.22288612
  0.27670988  0.2919452  -1.8616585  -0.02480843]
[-0.24821801  0.44853765  0.7417519   0.3441138   1.7666426   0.4488197
 -0.47713694 -0.04519283  0.04562313 -1.9102751   0.4992594  -0.18635963
  0.23443396  0.24362727 -1.9343042  -0.02980897]
[-0.3042275   0.42433843  0.68985856  0.37885666  1.9105017   0.3883439
 -0.57147855 -0.02154144  0.04682667 -1.9117553   0.57369024 -0.21209113
  0.29946566  0.21636513 -1.9572502  -0.00897746]
[-0.28926176  0.37666324  0.6598193   0.47079268  2.0123932   0.32563627
 -0.6001369  -0.06757656 -0.07793536 -1.8596483   0.61414874 -0.27128497
  0.3192461   0.28717726 -1.9956818   0.03703113]
[-0.21633439  0.2738853   0.6654711   0.56001645  2.0036457   0.23309717
 -0.5080393  -0.06662033 -0.1614494  -1.7853754   0.5571423  -0.32638457
  0.3285233   0.35316226 -2.0413609   0.07225171]
[-0.21703634  0.2543951   0.7221803   0.48175734  1.9449822   0.2806688
 -0.50991714 -0.04285089 -0.16383615 -1.788915    0.5178986  -0.33674806
  0.34852082  0.31703147 -1.8937464   0.02686104]
[-0.16523552  0.17664006  0.77505624  0.35383743  1.8933122   0.27325886
 -0.4429182   0.02574574 -0.12192766 -1.752867    0.44766942 -0.3207012
  0.3629127   0.29650825 -1.829359   -0.03299981]
[-0.17573968  0.2490116   0.8049493   0.31846982  1.7559588   0.34289107
 -0.41649795  0.00901557 -0.07333878 -1.7600391   0.43077177 -0.2654941
  0.31403008  0.30765003 -1.8617928  -0.04122501]
[-0.18002138  0.31668657  0.759144    0.3567149   1.7220745   0.37109444
 -0.38687423 -0.04510203 -0.0620622  -1.8029404   0.459938   -0.23926742
  0.30990905  0.3033416  -1.8897479  -0.05377467]
[-0.21317704  0.38599437  0.7584776   0.36113405  1.7310104   0.4170874
 -0.40778047 -0.0637391  -0.00902166 -1.9029669   0.51889485 -0.23091407
  0.30726996  0.28745586 -1.9006876  -0.10135648]
[-0.32598     0.47168574  0.73493874  0.36003512  1.8369274   0.4253393
 -0.48503464 -0.08997098  0.01956845 -1.9711864   0.60908103 -0.22933581
  0.2934661   0.22180638 -1.8692436  -0.06244205]
[-0.3455601   0.48625788  0.7409433   0.35815483  1.8277366   0.42637363
 -0.5499027  -0.06933659  0.00625277 -1.96679     0.58677006 -0.20621061
  0.2790371   0.19013393 -1.8352795   0.01422249]
[-0.32382426  0.4205475   0.7081955   0.4483686   1.8727232   0.37397796
 -0.5621283  -0.11036885 -0.12526628 -1.8936756   0.5941496  -0.30668116
  0.26034132  0.29497367 -1.8433743   0.13860755]
[-0.23484385  0.3020473   0.71737015  0.46505505  1.876125    0.31810656
 -0.48718014 -0.08234704 -0.16638386 -1.8172516   0.50867605 -0.32446718
  0.27773875  0.30918106 -1.8434633   0.12758832]
[-0.18761602  0.27298313  0.73025453  0.36025515  1.803203    0.32631686
 -0.4447317  -0.02397888 -0.12410869 -1.7871969   0.46592587 -0.30599433
  0.27804354  0.32413593 -1.8116032   0.06834416]
[-0.23556224  0.32275733  0.76859885  0.31932813  1.7186241   0.39994335
 -0.48739237 -0.00572621 -0.01118931 -1.7851435   0.39871773 -0.1986107
  0.263253    0.2837128  -1.8257606   0.01787893]
[-0.1962994   0.34791782  0.69244176  0.48416072  1.8240671   0.33540806
 -0.45722207 -0.10441928 -0.08477604 -1.7975338   0.4821337  -0.2538498
  0.21285443  0.36928052 -2.012116    0.10301764]
[-0.19936189  0.40441626  0.6553923   0.4600206   1.8339949   0.34801984
 -0.458263   -0.07994471 -0.03887696 -1.8720214   0.52482736 -0.23128013
  0.21091005  0.31259128 -2.0229914   0.09778298]
[-0.28400213  0.41180867  0.61794484  0.46292877  1.9534963   0.34659943
 -0.5705265  -0.06694944  0.00583327 -1.8760777   0.57753456 -0.22310904
  0.2014      0.23938784 -1.9717999   0.12204375]
[-0.25883165  0.32056436  0.62291056  0.5386221   2.0408936   0.314411
 -0.58739126 -0.09580584 -0.11708088 -1.770757    0.55115986 -0.27437848
  0.23476212  0.3056105  -2.0187879   0.13985136]
[-0.15814063  0.16309002  0.5766903   0.6638403   2.0531242   0.19794375
 -0.46848446 -0.11525551 -0.24447866 -1.6731083   0.52141947 -0.361245
  0.31744483  0.45319834 -2.1025848   0.11963896]
[-0.22694555  0.20571546  0.70307046  0.49321526  1.9978409   0.2989224
 -0.5074095  -0.03212445 -0.22595575 -1.8056167   0.4338541  -0.31029835
  0.4509314   0.32214588 -1.8610977   0.00568887]
[-0.1762219   0.18377307  0.71550107  0.42630583  1.9365342   0.2992316
 -0.45348167  0.03175764 -0.17734146 -1.7683121   0.35980225 -0.26656818
  0.4177513   0.31557554 -1.8674158  -0.03564275]
[-0.21437737  0.22194076  0.7682842   0.37424678  1.8636307   0.3664898
 -0.49832177  0.07453325 -0.07498177 -1.7617753   0.31719026 -0.1879901
  0.4061788   0.23139231 -1.8702061  -0.07657228]
[-0.1169337   0.15621832  0.7154645   0.4701396   1.9044889   0.26604488
 -0.38851136  0.01644299 -0.13892174 -1.6710603   0.35851175 -0.2370079
  0.38469154  0.31914455 -2.0494359  -0.05166777]
[-0.12698111  0.19365613  0.7226823   0.4587624   1.8746922   0.28713638
 -0.38310513  0.01185975 -0.133568   -1.7028759   0.3617775  -0.24316737
  0.36877134  0.3062764  -2.007846   -0.04932576]
[-0.21075273  0.22684821  0.80393344  0.3198406   1.8569641   0.38045412
 -0.46583182  0.05182404 -0.06674252 -1.7905409   0.3376904  -0.18485034
  0.43403214  0.21822032 -1.8272324  -0.1468192 ]
[-0.15724821  0.20478204  0.7483717   0.4267691   1.9324596   0.30827945
 -0.40775362 -0.02428556 -0.15686667 -1.7700846   0.43266058 -0.2738195
  0.4086361   0.31787854 -1.9473263  -0.10609853]
[-0.19308427  0.26443532  0.76918465  0.37967187  1.8885553   0.33511287
 -0.44308734 -0.01823745 -0.12838498 -1.8584764   0.4386211  -0.2700004
  0.411236    0.28730252 -1.8629694  -0.06055502]
[-0.24711108  0.25492266  0.8263773   0.24454288  1.8591236   0.42626557
 -0.534972    0.07140998 -0.03393327 -1.863711    0.35861754 -0.20398727
  0.46497732  0.1747138  -1.7264715  -0.13245662]
[-0.21686561  0.21733601  0.76731205  0.3718571   1.929385    0.32270163
 -0.5022932   0.03590821 -0.13447183 -1.8348496   0.39037138 -0.26393777
  0.49230042  0.23792505 -1.8185453  -0.05428629]
[-0.21981516  0.19279197  0.7994071   0.36337274  1.8550816   0.3683851
 -0.46559954  0.06303392 -0.14198811 -1.7822769   0.2856385  -0.2151936
  0.46778837  0.24223097 -1.8080639  -0.06455448]
[-0.20299318  0.19392006  0.7726908   0.42910957  1.8111658   0.306233
 -0.43976697  0.04449927 -0.14777343 -1.7510437   0.32321054 -0.24245043
  0.38149256  0.3127931  -1.8732914   0.024469  ]
[-0.23232087  0.18728068  0.8312248   0.3211195   1.7260287   0.37407804
 -0.47457418  0.09341296 -0.07862914 -1.7514193   0.25486928 -0.18018553
  0.39523187  0.2349524  -1.7652607   0.00649442]
[-0.16058128  0.16161011  0.74619675  0.4353412   1.7508141   0.27925625
 -0.37912458  0.02118831 -0.11741738 -1.6876199   0.34744486 -0.24146628
  0.32433277  0.3571005  -1.9649712   0.06943139]
[-0.2803325   0.2974545   0.73511857  0.4100954   1.7007926   0.35913366
 -0.46096024  0.01998175 -0.02676296 -1.7896836   0.3376832  -0.16330591
  0.30290088  0.2883619  -1.8617789   0.07694761]
[-0.28235948  0.36416563  0.72875327  0.49336562  1.702987    0.32082498
 -0.46685037 -0.03773028 -0.05714745 -1.8290617   0.4057067  -0.18443805
  0.22806461  0.32429224 -1.9297545   0.16736346]
[-0.24067864  0.42035547  0.64662427  0.58159745  1.6794589   0.26082313
 -0.4024941  -0.09182341 -0.04562561 -1.8359375   0.52360326 -0.24694228
  0.07368441  0.39128876 -2.0740862   0.31167656]
[-0.35721388  0.42833367  0.6698344   0.4440607   1.720536    0.3714574
 -0.5044451  -0.02879223  0.08927962 -1.8225094   0.5103203  -0.21610336
  0.04927199  0.30723935 -1.9365218   0.22560696]
[-0.32242152  0.36207977  0.6629149   0.50351363  1.809529    0.37860283
 -0.5217023  -0.05089884  0.05297698 -1.6890228   0.5004265  -0.2410527
  0.03436416  0.37523365 -2.0844173   0.17648475]
[-0.12927422  0.29080543  0.57696533  0.64266926  1.8090494   0.2765002
 -0.38398993 -0.13973507 -0.07346667 -1.5817938   0.5251764  -0.296855
  0.01320862  0.55379665 -2.3122985   0.17348132]
[-0.21596761  0.45389622  0.64401287  0.51039463  1.6964419   0.42379808
 -0.50223076 -0.10490562  0.0295521  -1.7181746   0.5395755  -0.18426867
  0.03907863  0.44923466 -2.217313    0.10006575]
[-0.23356855  0.5052259   0.5848877   0.5126941   1.8406277   0.3645185
 -0.5532855  -0.13631354  0.02171554 -1.8018951   0.65990454 -0.22961318
  0.04841946  0.38875034 -2.1943204   0.16811967]
[-0.28593493  0.50967276  0.561535    0.52629155  1.9405363   0.31661394
 -0.6125411  -0.12840919  0.01237901 -1.8328562   0.7233419  -0.24658553
  0.11155148  0.32586306 -2.1569986   0.1814693 ]
[-0.20826492  0.34606856  0.53448856  0.68162555  1.997071    0.23535368
 -0.53855574 -0.18790749 -0.18282534 -1.7283566   0.68889564 -0.3678909
  0.18598416  0.44623193 -2.1722183   0.21604893]
[-0.21818046  0.2727729   0.66707385  0.6484976   1.8787521   0.31444064
 -0.53159654 -0.14689043 -0.22595954 -1.7114767   0.534378   -0.3447584
  0.27372497  0.396027   -2.009568    0.14699319]
[-0.22100511  0.23223262  0.8573451   0.50689137  1.7438424   0.37107596
 -0.46043348 -0.10370149 -0.30973324 -1.7877308   0.40024847 -0.35482353
  0.35276613  0.29962024 -1.7347683   0.1538434 ]
[-0.17967977  0.2500069   0.91229504  0.23407786  1.6158768   0.44457835
 -0.41773653 -0.04246878 -0.21659008 -1.8116417   0.3275609  -0.3218394
  0.36476392  0.24173184 -1.5149224   0.05988036]
[-0.1940734   0.3532597   0.83900607  0.20990272  1.6573343   0.46708784
 -0.4927637  -0.05879316 -0.06250337 -1.8391136   0.40257183 -0.28559214
  0.27220854  0.18502927 -1.5678997   0.06189622]
[-0.11752915  0.3920875   0.7794989   0.22676833  1.6947714   0.4299662
 -0.498597   -0.06178175 -0.02101945 -1.8200848   0.4266836  -0.25362885
  0.21144028  0.20878777 -1.7183088   0.06868561]
[-0.14139342  0.44714183  0.7044268   0.28138775  1.8433268   0.3729517
 -0.5732187  -0.105618   -0.03402966 -1.8604577   0.5592831  -0.30678004
  0.15320896  0.23061891 -1.8281196   0.20851374]
[-0.12641132  0.43756714  0.55774134  0.40490237  1.9698918   0.29880455
 -0.6231655  -0.14184874 -0.05692979 -1.8091406   0.632981   -0.3063963
  0.11583763  0.25180665 -1.9899498   0.33868375]
[-0.13800302  0.3681681   0.47910404  0.5493364   2.0955405   0.25135285
 -0.65557307 -0.1974602  -0.1793438  -1.7285969   0.69010854 -0.3574148
  0.10621259  0.3351722  -2.095052    0.43159866]
[ 2.4538039e-04  1.5681319e-01  4.4410929e-01  7.0890409e-01
  2.1212966e+00  1.3989170e-01 -5.1672423e-01 -2.3226178e-01
 -3.4450912e-01 -1.5411648e+00  6.0492814e-01 -4.4252348e-01
  1.3932028e-01  4.9429139e-01 -2.2285202e+00  4.4907194e-01]
[ 0.02343311  0.0089864   0.5235917   0.7195322   2.139538    0.13243881
 -0.5064619  -0.19708215 -0.40946716 -1.4980954   0.50610083 -0.4698866
  0.29613513  0.4453194  -2.113074    0.34808588]
[-0.02390199 -0.08335223  0.57715863  0.74029684  2.1307943   0.1312429
 -0.43486944 -0.19830914 -0.5348555  -1.486161    0.41925183 -0.51188433
  0.46213055  0.48028702 -1.9669412   0.2457035 ]
[-0.03553161 -0.08928758  0.65207726  0.4936174   2.1380072   0.12320974
 -0.46010008 -0.0713445  -0.55597466 -1.5216944   0.30531818 -0.45267192
  0.60150784  0.32317096 -1.6856554   0.18362466]
[-0.02237204 -0.05553791  0.60220873  0.46701875  2.1632454   0.03768284
 -0.44174328 -0.02295328 -0.49162516 -1.5913608   0.32183087 -0.4803514
  0.5834516   0.3242988  -1.700989    0.2595924 ]
[-0.02053866  0.00559738  0.6898521   0.45039424  1.9679787   0.18632099
 -0.38380775  0.02203203 -0.35531536 -1.5645548   0.22337958 -0.3507143
  0.45890388  0.30140138 -1.7937384   0.10995314]
[-0.04404368  0.03910266  0.70960224  0.38689858  1.874924    0.25827628
 -0.3720555   0.10574366 -0.20673363 -1.5639131   0.21148188 -0.25386783
  0.3757494   0.30303484 -1.900642    0.01889392]
[-0.03945545  0.0574219   0.72677374  0.36947763  1.885452    0.26995128
 -0.3963403   0.10327945 -0.13751033 -1.5607222   0.22448663 -0.21300212
  0.36150703  0.22907838 -1.9459798   0.00662265]
[ 0.02172736  0.03868918  0.63999593  0.5568352   1.938072    0.15549558
 -0.27706602 -0.01959774 -0.25495702 -1.5460387   0.32947347 -0.3089043
  0.31085685  0.38684317 -2.1219532   0.09226684]
[-0.01935796  0.15023692  0.7209131   0.48927554  1.8521087   0.24875954
 -0.33216462 -0.01226379 -0.23275037 -1.6846212   0.30962172 -0.2589832
  0.31050164  0.29422006 -2.0058131   0.11463653]
[-0.07540144  0.18006337  0.6997587   0.42572707  1.8217487   0.26849517
 -0.43317056  0.062957   -0.15359479 -1.7532856   0.3112697  -0.21378446
  0.2703132   0.20859158 -1.900787    0.23047605]
[-0.06730195  0.10320024  0.6481334   0.4444615   1.8760248   0.22528544
 -0.46167287  0.0505815  -0.17644376 -1.6483243   0.3180627  -0.22853501
  0.2808432   0.22859421 -1.9113624   0.2682194 ]
[-0.03494773 -0.00918202  0.555048    0.5620873   1.9929144   0.11529244
 -0.3907371  -0.00436051 -0.25917113 -1.5325239   0.34976658 -0.32899043
  0.3403899   0.34697962 -2.0272782   0.2730225 ]
[-0.04371699  0.05264164  0.6106562   0.58156     1.9454      0.12635195
 -0.35761556 -0.02582141 -0.25250134 -1.5799661   0.29937497 -0.30905473
  0.3373003   0.38626617 -2.0531964   0.23082724]
[-0.07709007  0.1798512   0.5611043   0.64279085  1.8895432   0.14500014
 -0.35331467 -0.06635235 -0.27735484 -1.680598    0.37713912 -0.31967983
  0.26078972  0.4545884  -2.064838    0.28016677]
[-0.1707459   0.31070018  0.5928601   0.52680063  1.8018173   0.26415786
 -0.46038556  0.02851724 -0.02975776 -1.723052    0.35562798 -0.19927625
  0.11679725  0.3009119  -2.0624995   0.3013525 ]
[-0.1507437   0.23363099  0.4932397   0.6486594   1.8749985   0.21916668
 -0.38995624 -0.01808613 -0.06816055 -1.5657036   0.40069732 -0.22026634
  0.00882482  0.38472193 -2.245007    0.346501  ]
[ 2.1466399e-02  1.2168527e-01  4.4273862e-01  7.1584284e-01
  1.8796253e+00  1.0040458e-01 -2.6335484e-01 -8.0212027e-02
 -1.5010586e-01 -1.4539878e+00  4.2977411e-01 -3.1846288e-01
  7.2053971e-04  5.2077311e-01 -2.3884511e+00  3.7225717e-01]
[ 0.0343083   0.11143799  0.51373875  0.68823177  1.8993986   0.12646315
 -0.29125756 -0.13854624 -0.20641208 -1.4875371   0.4245561  -0.3582444
  0.08040901  0.51539505 -2.3084142   0.34649414]
[-0.06977381  0.259036    0.5039885   0.64597315  1.9384949   0.21258727
 -0.3620942  -0.19339108 -0.2013323  -1.6503986   0.4963668  -0.34425575
  0.14608495  0.43566695 -2.1618497   0.29657394]
[-0.19753769  0.36630955  0.55622536  0.4997384   2.013422    0.32831338
 -0.49732748 -0.11894806 -0.12413079 -1.8053951   0.5244607  -0.29466158
  0.17498924  0.2826782  -1.9470167   0.1901877 ]
[-0.09813104  0.34969106  0.5359911   0.4592847   1.996672    0.28143865
 -0.48795262 -0.07719662 -0.09715576 -1.7179292   0.54245365 -0.27237496
  0.14632563  0.24470071 -2.0704796   0.21421826]
[ 1.1914372e-03  2.1895759e-01  4.9971762e-01  5.6024498e-01
  1.9869560e+00  2.0395043e-01 -4.1228098e-01 -7.8166977e-02
 -1.8472084e-01 -1.5611771e+00  4.7712904e-01 -3.4668699e-01
  1.4511164e-01  3.5552463e-01 -2.2089596e+00  2.9335803e-01]
[ 0.07386892  0.13654675  0.5497205   0.5558375   1.947908    0.1833352
 -0.3434613  -0.02238669 -0.20738533 -1.4751899   0.34621996 -0.33098212
  0.13120681  0.3819807  -2.2331948   0.25515515]
[ 0.22984202  0.08531477  0.52346444  0.47517142  1.970995    0.03148985
 -0.21834882 -0.04486544 -0.30743057 -1.4916588   0.47622952 -0.3890577
  0.13222364  0.41956586 -2.1851525   0.23874561]
[ 0.17850897  0.10726555  0.6888429   0.4015937   1.8961884   0.13443473
 -0.30299282 -0.02081254 -0.25001907 -1.5647188   0.40185446 -0.34596616
  0.24725278  0.29109353 -2.104727    0.18611138]
[ 0.13982944  0.10669837  0.7244218   0.3657857   1.9549052   0.1566917
 -0.3924814  -0.0338681  -0.28210407 -1.6096516   0.37829816 -0.34791294
  0.33442205  0.24029985 -1.9839293   0.19429807]
[ 0.08394034  0.11923937  0.6756341   0.4119625   2.011499    0.0797905
 -0.4238743  -0.04658315 -0.31113774 -1.6953776   0.4356421  -0.4118167
  0.36055824  0.27322975 -1.9272991   0.31536022]
[ 1.7583519e-02  1.6698518e-01  5.8397591e-01  4.5657492e-01
  2.1003332e+00 -1.6504765e-03 -4.6292582e-01 -7.6045528e-02
 -3.5211635e-01 -1.8066816e+00  5.5332899e-01 -5.0127184e-01
  3.9754125e-01  2.5740826e-01 -1.8536564e+00  4.7789010e-01]
[-3.93954217e-02  2.32117504e-01  5.35686612e-01  4.88730818e-01
  2.09364247e+00 -6.56703138e-04 -4.89132732e-01 -1.02204286e-01
 -3.11241090e-01 -1.76288724e+00  6.29665196e-01 -4.92247015e-01
  2.40593940e-01  2.79826999e-01 -1.88478398e+00  5.41880250e-01]
[-0.04233104  0.14501172  0.541933    0.5205224   2.1012082   0.02070078
 -0.4612403  -0.10831962 -0.3184639  -1.6132923   0.55221635 -0.45329142
  0.21632275  0.32495314 -1.9305704   0.46096334]
[ 0.07356215  0.14353757  0.50728196  0.5669685   2.0371258  -0.02020399
 -0.33276495 -0.15377001 -0.3235871  -1.5676172   0.5712387  -0.4688057
  0.15959623  0.43715125 -2.0992227   0.4231999 ]
[ 0.00399574  0.19603786  0.6013969   0.44218808  2.1288579   0.06397031
 -0.4367167  -0.21389706 -0.37803093 -1.7109257   0.6078776  -0.5541783
  0.2502425   0.34773406 -1.8500887   0.45873293]
[-0.01142299  0.3153688   0.5958178   0.4408818   2.0067327   0.20020282
 -0.39911065 -0.21118316 -0.26503316 -1.7047558   0.5783279  -0.4295451
  0.12493366  0.34055677 -1.9740063   0.34645033]
[-0.03264409  0.384313    0.5265175   0.46625796  2.0620399   0.21483645
 -0.43096024 -0.23222275 -0.2068158  -1.7342694   0.6787486  -0.41488123
  0.04987548  0.30490083 -2.0764549   0.39551726]
[ 0.07851355  0.29886597  0.51410836  0.4697382   2.0805843   0.16259283
 -0.40660793 -0.22526076 -0.26802197 -1.6643574   0.6669063  -0.4416996
  0.08985688  0.2756857  -2.1125793   0.43581018]
[ 0.1612275   0.19126648  0.5272535   0.48157588  2.0798507   0.14005509
 -0.42284575 -0.1950815  -0.31281495 -1.5279856   0.5699463  -0.45203477
  0.10798576  0.27918345 -2.1328704   0.4596893 ]
[ 0.16556801  0.08985932  0.5286348   0.5166505   2.1020515   0.09344119
 -0.38676748 -0.1721255  -0.38855773 -1.4461454   0.46032053 -0.4848772
  0.17607474  0.31629175 -2.1045086   0.49036837]
[ 0.28563777  0.07531805  0.3825793   0.45869398  2.167874   -0.12562574
 -0.25517115 -0.23693483 -0.56900686 -1.4284518   0.6297921  -0.60574937
  0.1849041   0.43849176 -2.029962    0.58758986]
[ 0.22190002 -0.00360988  0.5047565   0.4788714   2.1733804  -0.03807068
 -0.31019953 -0.19979498 -0.5518033  -1.4423318   0.513516   -0.563894
  0.33688068  0.3518404  -1.9768791   0.4600934 ]
[ 0.18952587 -0.01078703  0.5142297   0.49564734  2.176831   -0.02829799
 -0.31939027 -0.17216375 -0.5361105  -1.4721565   0.5054827  -0.5452106
  0.33293542  0.36208636 -1.9855881   0.44683638]
[ 0.12859266 -0.02053129  0.51143014  0.52330244  2.174394   -0.02281112
 -0.34774068 -0.14669016 -0.5190093  -1.5227306   0.49621764 -0.5345653
  0.36151937  0.35706252 -1.9539484   0.47024328]
[ 0.15225968  0.02906193  0.4793324   0.5355049   2.1882222  -0.0547711
 -0.33832544 -0.18925132 -0.53641236 -1.5241228   0.5565814  -0.5743801
  0.3032062   0.35767812 -1.9611447   0.5340179 ]
[ 0.13558114  0.03367934  0.49229622  0.5101132   2.1765218  -0.04189846
 -0.33533955 -0.20596834 -0.5492183  -1.5305636   0.56979334 -0.57184076
  0.3698936   0.35795218 -1.9302746   0.47448272]
[ 0.09774627  0.01395295  0.4881584   0.50850004  2.1381302  -0.05326023
 -0.33398324 -0.16058728 -0.5456238  -1.5254959   0.52473    -0.5516979
  0.4051714   0.409549   -1.898625    0.43821245]
[ 0.09680298 -0.03875889  0.5672806   0.40359777  2.1929753  -0.01246646
 -0.41588444 -0.11453038 -0.51806176 -1.51529     0.42376167 -0.5550823
  0.461634    0.33497292 -1.782325    0.4275288 ]
[ 0.14944446  0.0467542   0.6073302   0.47384062  2.05582     0.05755
 -0.29792657 -0.16946092 -0.46672836 -1.5502527   0.43437058 -0.49538225
  0.33966753  0.4081276  -1.9569594   0.31494957]
[ 0.01532104  0.13020393  0.68884885  0.49080285  1.9785006   0.23318072
 -0.37613884 -0.128073   -0.37954193 -1.6336787   0.36539572 -0.38813955
  0.35387224  0.3428129  -1.9361134   0.19064362]
[-0.02574554  0.12901902  0.6364192   0.4805661   2.016994    0.20618066
 -0.4635431  -0.05566064 -0.26435116 -1.6591225   0.39182892 -0.3508677
  0.36388847  0.22085401 -1.9623153   0.28592053]
[ 0.03702704  0.03457122  0.62727755  0.576405    2.0464778   0.09700109
 -0.43309474 -0.10117237 -0.38118416 -1.6350683   0.4090808  -0.4481515
  0.40178514  0.2929525  -1.9616054   0.3898313 ]
[ 0.08565035  0.01229993  0.57345396  0.6269053   1.9931456   0.04480592
 -0.32198322 -0.11021302 -0.37856975 -1.5206165   0.38874123 -0.45593056
  0.2866273   0.41262168 -2.0829628   0.39838758]
[ 0.04354457  0.01656065  0.5918021   0.5764243   1.9873688   0.06785832
 -0.32279903 -0.10865881 -0.4171668  -1.5059392   0.3625795  -0.46418104
  0.27528685  0.405449   -1.9497902   0.39598152]
[ 0.0520022   0.01430225  0.5938858   0.51721287  1.9613835   0.10457341
 -0.3506224  -0.05788711 -0.31352624 -1.4650089   0.3166871  -0.3855111
  0.25621545  0.34011313 -1.9725721   0.34137946]
[ 0.12701288  0.10472102  0.5489315   0.5216602   1.9628547   0.06447116
 -0.2913621  -0.11748882 -0.291789   -1.5082599   0.4232238  -0.4091766
  0.20155323  0.4037792  -2.1316597   0.3431864 ]
[ 0.03985235  0.16195507  0.5862061   0.49381918  2.0316513   0.16778794
 -0.3672824  -0.13419095 -0.30949342 -1.6130661   0.41912228 -0.40957594
  0.27709463  0.32861772 -2.0119812   0.29150867]
[-0.04241352  0.2568069   0.55329335  0.4832616   2.035019    0.22976153
 -0.45057708 -0.11464527 -0.23762079 -1.6828318   0.47872537 -0.34499234
  0.25730476  0.2963982  -2.0237718   0.25756463]
[-0.01112896  0.23937353  0.5171382   0.5897151   1.9972      0.20251414
 -0.4385026  -0.1300307  -0.24913609 -1.6009991   0.5108452  -0.34631664
  0.14234924  0.38526192 -2.198119    0.34108096]
[ 0.06162932  0.1653759   0.538494    0.5971211   2.0252018   0.11992674
 -0.4243463  -0.15606572 -0.31478333 -1.6166422   0.5422045  -0.42297274
  0.21533963  0.34663412 -2.1696315   0.44504935]
[ 0.13281183  0.09177639  0.45094055  0.70654076  1.9348171   0.02180167
 -0.24113448 -0.17309375 -0.36704463 -1.464227    0.4948326  -0.4680941
  0.1201187   0.500597   -2.270385    0.4838559 ]
[ 0.01653876  0.02697444  0.55458844  0.47024322  2.0728023   0.01806785
 -0.39104167 -0.10586681 -0.41545734 -1.5606433   0.4510749  -0.515528
  0.32820413  0.27867454 -1.8139341   0.5446626 ]
[ 0.14962572  0.00430465  0.48522693  0.536276    1.972385   -0.05325072
 -0.18257631 -0.16833167 -0.45659775 -1.4445498   0.42942247 -0.5512591
  0.2382019   0.44514528 -1.9863567   0.5413606 ]
[ 0.12745753  0.04023524  0.5751808   0.47146758  1.9693482   0.03773401
 -0.2384531  -0.1768771  -0.46597117 -1.5016015   0.36257324 -0.53331774
  0.29467878  0.38564956 -1.885968    0.49729562]
[ 0.00625363  0.2078741   0.6048268   0.47257653  1.9347731   0.21385774
 -0.31565106 -0.18840218 -0.37896752 -1.6054866   0.37796718 -0.44112524
  0.25666255  0.34532848 -1.9098583   0.37643155]
[-0.01017764  0.2712215   0.5342306   0.47997317  2.0277638   0.2406151
 -0.38703972 -0.18987526 -0.30471888 -1.632307    0.48629913 -0.39536738
  0.18819445  0.31472966 -2.0233614   0.35490987]
[ 0.01636555  0.27257773  0.50708944  0.49636546  2.0121028   0.19400284
 -0.4018097  -0.18294021 -0.29924622 -1.5633719   0.5359548  -0.39629
  0.13672838  0.35623616 -2.1456916   0.416588  ]
[ 0.14213227  0.16974543  0.50719464  0.48907417  2.0156817   0.08566001
 -0.32582217 -0.18733664 -0.36660376 -1.5248492   0.530673   -0.49717426
  0.14100179  0.41919947 -2.19058     0.54908675]
[ 0.1313443   0.1589969   0.44389734  0.60942924  1.9058119   0.05969178
 -0.21641488 -0.20110449 -0.4230617  -1.4728324   0.48415247 -0.5119821
  0.06130562  0.549907   -2.262756    0.6444484 ]
[ 0.11295873  0.19930425  0.32322606  0.52711385  2.0041785  -0.11399826
 -0.26274928 -0.24145162 -0.53415346 -1.6080077   0.7387767  -0.6209049
  0.11564244  0.53235227 -2.0393758   0.83435404]
[ 0.09077309  0.10511525  0.39320868  0.53561425  2.0137186  -0.07706438
 -0.29717883 -0.20723724 -0.49267483 -1.5787598   0.63442725 -0.5639359
  0.2448436   0.46110597 -1.9937404   0.6939028 ]
[ 0.05298663  0.03422711  0.42228204  0.59580266  1.9767888  -0.05217867
 -0.23615253 -0.21942401 -0.5836631  -1.5101475   0.47966307 -0.58553755
  0.35879454  0.5397678  -1.9086882   0.59727526]
[ 0.06329878  0.01875564  0.5916574   0.5749892   1.9304136   0.07894308
 -0.25033396 -0.19089942 -0.5788057  -1.4637741   0.24392113 -0.5457778
  0.40112218  0.47507995 -1.835483    0.4471143 ]
[ 0.04321485  0.1715478   0.59515935  0.5258236   1.8608567   0.15619986
 -0.25849935 -0.1693052  -0.40892    -1.5174783   0.30770212 -0.45725107
  0.21734409  0.46845898 -1.9797341   0.40329033]
[-0.00914378  0.26507258  0.4409423   0.53309584  1.9161718   0.15895416
 -0.33456057 -0.11858205 -0.20938405 -1.5791872   0.44117832 -0.37545818
  0.10308816  0.4326242  -2.1446118   0.43844643]
[ 0.02315577  0.33244032  0.33092728  0.6031474   1.9329369   0.12397075
 -0.3551081  -0.13239686 -0.14402719 -1.5442133   0.55064404 -0.34399843
 -0.04970995  0.49396095 -2.36263     0.49984494]
[ 0.17280403  0.30958647  0.33021912  0.61101943  1.894813    0.02938169
 -0.27831554 -0.15022783 -0.20491834 -1.5028815   0.6126305  -0.39761105
 -0.1292828   0.5759721  -2.4618258   0.5467039 ]
[ 0.16654842  0.24754472  0.44908112  0.593383    1.899967    0.04984292
 -0.3595535  -0.1285741  -0.24507122 -1.5653185   0.56696826 -0.3982687
 -0.01597589  0.4809617  -2.3179843   0.5332298 ]
[ 0.03414049  0.18216221  0.4910675   0.6333848   2.0063279   0.05749615
 -0.41703328 -0.13170913 -0.2886769  -1.5799365   0.5389295  -0.46202573
  0.13163748  0.4055376  -2.16291     0.5185734 ]
[ 0.04611459  0.1403672   0.4862879   0.4644878   2.1367426  -0.06208418
 -0.4736218  -0.11397179 -0.3296612  -1.6177489   0.6349874  -0.526584
  0.24126986  0.34067684 -1.9436878   0.5345151 ]
[ 0.18767436  0.17344591  0.46253937  0.4304288   2.0850472  -0.12955484
 -0.37805158 -0.13527867 -0.3080244  -1.6090599   0.6800357  -0.53898776
  0.16589148  0.40574312 -2.0534878   0.5187227 ]
[ 0.22662146  0.17920414  0.5802712   0.4000566   2.1180816  -0.09398599
 -0.34471637 -0.25691876 -0.47299632 -1.6350029   0.6774173  -0.6612084
  0.23862286  0.46678248 -1.9560063   0.4906394 ]
[ 0.12628707  0.24400091  0.6728824   0.3713749   2.0158827   0.13043317
 -0.40054685 -0.1761946  -0.26122898 -1.6869091   0.59367496 -0.47762114
  0.17610769  0.32307598 -2.0162225   0.31510934]
[ 0.08270947  0.35441208  0.5899495   0.39514774  2.0365608   0.14826468
 -0.42906728 -0.23869006 -0.24314716 -1.7712286   0.72223884 -0.486574
  0.16232224  0.27847096 -2.060504    0.4120316 ]
[ 0.09008566  0.3016098   0.5274428   0.47947067  2.0767245   0.12108263
 -0.39656577 -0.32979855 -0.39814043 -1.7719504   0.79724735 -0.58272254
  0.20371854  0.37360758 -2.054397    0.5173911 ]
[ 0.11320724  0.20841484  0.54858243  0.5559381   2.038631    0.09937372
 -0.38681388 -0.32651883 -0.4656555  -1.7019056   0.7182867  -0.6014436
  0.22490755  0.3974904  -2.0478005   0.5814995 ]
[ 0.21487322  0.14262328  0.5596888   0.5890038   1.9703281   0.03213323
 -0.2936589  -0.32647142 -0.59922206 -1.6138489   0.61624444 -0.65076244
  0.2250617   0.44939655 -2.0027256   0.6472068 ]
[ 0.26872322  0.18325572  0.5236536   0.48845285  1.8559939  -0.11504461
 -0.11590745 -0.37015483 -0.77850103 -1.5751616   0.680085   -0.7741062
  0.19498748  0.674888   -1.861997    0.6846806 ]
[ 0.14066179 -0.02050788  0.4896949   0.5825144   2.0015464  -0.06360951
 -0.25075865 -0.2118924  -0.5847815  -1.4377998   0.40627337 -0.6299157
  0.34020016  0.46103406 -1.8548567   0.59492964]
[ 0.18734613  0.06901935  0.48214442  0.46026462  2.0632806  -0.10254163
 -0.29090664 -0.20740251 -0.53000444 -1.4894502   0.46189183 -0.6158679
  0.28521663  0.46066585 -1.891909    0.623043  ]
[ 0.09699599  0.12232146  0.5804821   0.5188217   1.9940192   0.1131572
 -0.33473274 -0.16712058 -0.4024214  -1.4917024   0.3462779  -0.47193736
  0.21374002  0.47868103 -2.0540257   0.4146893 ]
[ 0.06625021  0.2597813   0.44551367  0.5266177   2.029447    0.11655344
 -0.37732047 -0.14528254 -0.27303392 -1.602659    0.48770928 -0.41418153
  0.09546158  0.3920351  -2.1602092   0.51376486]
[ 0.11134879  0.30203915  0.3646105   0.52546555  2.0417666   0.08102082
 -0.3545863  -0.19485104 -0.27182978 -1.5461228   0.61475194 -0.4378543
 -0.0470337   0.42327738 -2.2750137   0.6251013 ]
[ 0.26579285  0.29479265  0.35501266  0.48151904  1.9906247  -0.01098922
 -0.28166845 -0.21418293 -0.32123175 -1.518819    0.67255056 -0.4929492
 -0.06114192  0.46763402 -2.308942    0.6434702 ]
[ 0.2506128   0.10812829  0.46902466  0.5246883   2.0736992  -0.04539276
 -0.2953491  -0.2165664  -0.47686464 -1.5131605   0.5768308  -0.5945341
  0.22556905  0.39017922 -2.0960984   0.57777214]
[ 0.21103287  0.07015024  0.42621365  0.44436008  2.1338468  -0.15452442
 -0.2590769  -0.2719493  -0.64917886 -1.5025895   0.646891   -0.7553654
  0.3178469   0.5010262  -1.866904    0.67207795]
[ 0.27037328  0.10688625  0.37773773  0.38399062  2.056488   -0.14362271
 -0.18717137 -0.20306472 -0.55426145 -1.4492348   0.56796867 -0.6309014
  0.23073335  0.45526394 -1.9270579   0.6095754 ]
[ 0.26911086  0.07324969  0.57486403  0.31404793  2.061307   -0.03880338
 -0.22398861 -0.19468121 -0.52937585 -1.4887826   0.45290375 -0.63872325
  0.28369927  0.3614753  -1.8749272   0.5600184 ]
[ 0.20848143  0.15664944  0.60115105  0.3485582   1.9767119   0.07529553
 -0.26763573 -0.15208697 -0.4156691  -1.522363    0.4880095  -0.5151079
  0.14937694  0.35520163 -2.019135    0.4890782 ]
[ 0.14617376  0.23008153  0.4440915   0.33750755  2.0870018  -0.00906771
 -0.37365764 -0.16370015 -0.37055314 -1.611141    0.6558816  -0.50585616
  0.18605134  0.28898355 -2.0021462   0.621445  ]
[ 0.1694313   0.20356417  0.33328098  0.37058085  2.1216195  -0.14860877
 -0.3262587  -0.22374241 -0.48578104 -1.5945269   0.7674974  -0.60549414
  0.18807313  0.4504521  -2.0105457   0.7554447 ]
[ 0.09607922  0.15400867  0.35823765  0.45369235  2.1234086  -0.16084087
 -0.30917662 -0.24361949 -0.60711306 -1.6224846   0.7123479  -0.67517346
  0.30309448  0.49166554 -1.8856999   0.7787501 ]
[ 0.07762459  0.15762717  0.42948633  0.4875849   2.0771973  -0.13127387
 -0.29888716 -0.24710314 -0.6435305  -1.6248087   0.6693369  -0.70840645
  0.2630814   0.5181735  -1.8474337   0.789439  ]
[ 0.1104966   0.09481172  0.38670596  0.6031728   1.9658072  -0.06639512
 -0.23477192 -0.13176104 -0.4685625  -1.4680872   0.5332769  -0.5149082
  0.11959348  0.5225388  -2.062156    0.570181  ]
[ 0.19247909  0.1480202   0.3140577   0.52237767  1.9835914  -0.12543486
 -0.2493625  -0.12350736 -0.3696223  -1.4866428   0.6143323  -0.50212216
  0.05660987  0.5067624  -2.0850682   0.5643036 ]
[ 0.20022413  0.15819268  0.48322025  0.47322702  1.9674143  -0.03825396
 -0.28382325 -0.10065247 -0.31137383 -1.5243858   0.4937531  -0.45254737
  0.07662386  0.45922628 -2.076585    0.4328606 ]
[ 0.11054768  0.22721276  0.5874811   0.44690195  1.9172857   0.13373455
 -0.3568651  -0.06567277 -0.19584362 -1.561755    0.39373046 -0.36310565
  0.07349461  0.36005378 -2.088518    0.33608842]
[ 0.09762634  0.31070927  0.50701874  0.448116    1.99385     0.13680753
 -0.40384078 -0.0774337  -0.1292549  -1.6161423   0.5092112  -0.34794387
 -0.00882558  0.30161807 -2.186501    0.42170182]
[ 0.16693139  0.30925652  0.48303634  0.45645905  2.0423162   0.0870003
 -0.40691528 -0.15943079 -0.23447216 -1.5678383   0.66395855 -0.40703782
 -0.05420152  0.34462014 -2.2444177   0.4756701 ]
[ 0.22842899  0.3006734   0.47865987  0.3715036   2.0692604   0.01278418
 -0.42995867 -0.18107775 -0.29483873 -1.6024811   0.73413026 -0.46538582
  0.01369845  0.34435207 -2.1479      0.5245893 ]
[ 0.1350191   0.12529755  0.59504354  0.49042073  2.1638103   0.06579478
 -0.45610842 -0.18495543 -0.42856282 -1.5681386   0.55708385 -0.51917744
  0.24058405  0.28333163 -1.9785084   0.43317246]
[ 0.16984336  0.05404851  0.5752881   0.3632934   2.2876139  -0.06704359
 -0.44652304 -0.2556407  -0.59693253 -1.6065781   0.66191226 -0.721579
  0.40763837  0.27816513 -1.7429492   0.5993682 ]
[ 0.18652602  0.05441322  0.5533673   0.3172149   2.2466006  -0.06341132
 -0.42338943 -0.21602336 -0.5668708  -1.5910099   0.6358844  -0.65860164
  0.42697877  0.23230915 -1.7651116   0.5903609 ]
[ 0.18924794  0.03201903  0.44312382  0.4496991   2.2266283  -0.09806134
 -0.29341307 -0.2810449  -0.65330434 -1.520046    0.62061137 -0.6880013
  0.3690918   0.4095809  -1.8718789   0.62709886]
[ 0.14473334  0.05365828  0.41460833  0.4422973   2.2125812  -0.14182912
 -0.33105868 -0.23205228 -0.6157056  -1.5539491   0.6477472  -0.6840234
  0.31115952  0.4459783  -1.8772075   0.72783417]
[ 0.20230165  0.0856788   0.38615677  0.52509224  2.1254697  -0.10501342
 -0.28434652 -0.22527838 -0.5764609  -1.5306227   0.63002884 -0.62514275
  0.18864962  0.434143   -1.9925804   0.72624266]
[ 0.15411505  0.11641981  0.38206565  0.55818194  2.087214   -0.08681319
 -0.2842361  -0.2248197  -0.5598421  -1.5407734   0.63387436 -0.5954228
  0.2146715   0.4399558  -1.984244    0.651941  ]
[ 0.09470873  0.02975319  0.42582044  0.599162    2.0783286  -0.06094458
 -0.28735426 -0.18723556 -0.53210837 -1.4736499   0.5176712  -0.57159555
  0.29392278  0.48484427 -1.9892085   0.53648216]
[ 0.15656546  0.02929769  0.43010956  0.5090991   2.0811877  -0.08316542
 -0.28283447 -0.14000909 -0.48226443 -1.4920698   0.49190417 -0.5368227
  0.26786715  0.48454762 -1.9982535   0.5237131 ]
[ 0.1713011   0.10854021  0.52059305  0.41467014  2.0825906  -0.03710746
 -0.31983143 -0.1671154  -0.45922747 -1.5901897   0.5231461  -0.5400121
  0.24020846  0.45153016 -1.9617373   0.5217217 ]
[ 0.03730108  0.17800188  0.61026335  0.4945465   2.0104675   0.16716045
 -0.3968491  -0.13913493 -0.32346302 -1.6382358   0.4485198  -0.41687164
  0.22725952  0.37917772 -2.0433667   0.35827285]
[-0.00239434  0.2731741   0.4694737   0.5151157   2.0627837   0.12236498
 -0.45318675 -0.14057069 -0.2548384  -1.6976849   0.59089327 -0.38228244
  0.23297083  0.3098402  -2.1102128   0.4192039 ]
[ 0.0385992   0.18981755  0.4425477   0.55515105  2.1023567   0.04212076
 -0.41300416 -0.19115862 -0.36645895 -1.6375004   0.61720693 -0.4704222
  0.273519    0.41418824 -2.1198916   0.47824502]
[ 0.06647518  0.08904509  0.53102016  0.63551044  2.0563838   0.03282999
 -0.36549884 -0.17382413 -0.44101724 -1.6063268   0.48134732 -0.5124363
  0.3113462   0.43065977 -2.0728407   0.49346432]
[ 0.04202502  0.07761128  0.56313705  0.63817245  2.0359273   0.04303666
 -0.33787194 -0.21945615 -0.5170032  -1.5928943   0.49319172 -0.57737947
  0.32516065  0.45638055 -1.9528141   0.47925204]
[ 0.09796354  0.0446249   0.6562502   0.51737076  1.915329    0.08765686
 -0.29012534 -0.12110531 -0.41234756 -1.4943765   0.3813246  -0.4626082
  0.28196955  0.42805895 -2.008213    0.32841823]
[ 0.09103601  0.0171378   0.5905991   0.5068964   1.93938     0.05690013
 -0.30988884 -0.06071212 -0.3136467  -1.4723755   0.35267982 -0.40066844
  0.28164124  0.3842137  -2.0615394   0.34934023]
[ 0.10600732  0.09664286  0.5956994   0.49584717  1.9177059   0.07971074
 -0.2848747  -0.13034613 -0.35035616 -1.5324299   0.36220616 -0.4263526
  0.24373293  0.45081273 -2.0440316   0.37412864]
[ 0.03326092  0.17684303  0.6707197   0.42165405  1.8995469   0.22246161
 -0.38629624 -0.11654131 -0.2993275  -1.6134479   0.34030154 -0.38649464
  0.23147061  0.33662158 -1.9447625   0.36922306]
[-0.01789     0.22540684  0.51405656  0.49156252  2.0065372   0.17900285
 -0.4601892  -0.10230422 -0.2013878  -1.6459583   0.48299688 -0.35330907
  0.1905182   0.29784146 -2.0848823   0.4337843 ]
[ 0.01085268  0.19628334  0.4818808   0.61774284  2.0516055   0.13774385
 -0.43996906 -0.1566046  -0.2842844  -1.5508119   0.5100443  -0.36707038
  0.16578983  0.3936522  -2.214685    0.40092954]
[ 0.05766786  0.11271551  0.47172388  0.65119976  2.0727115   0.05214112
 -0.39077735 -0.19505489 -0.40743932 -1.5565633   0.51547974 -0.48403603
  0.258121    0.4768847  -2.1357014   0.45601654]
[-1.1951209e-03  2.6123792e-02  5.3901446e-01  6.9823742e-01
  2.1138389e+00  9.9803768e-02 -4.0491349e-01 -2.0189042e-01
 -5.0614202e-01 -1.5670460e+00  4.2032290e-01 -5.4248470e-01
  3.7927881e-01  4.4739383e-01 -1.9664605e+00  4.2160481e-01]
[ 0.04410503  0.06835712  0.55866987  0.56997263  2.0215309   0.06348854
 -0.3023636  -0.13787955 -0.4653194  -1.5426242   0.41430122 -0.49529877
  0.3210054   0.43101716 -1.9807765   0.38595125]
[ 0.02260816  0.01449251  0.56784624  0.5551492   2.0036213   0.10407174
 -0.35422376 -0.06509084 -0.36599946 -1.4714348   0.35318133 -0.3878587
  0.30662137  0.37566268 -2.0301206   0.32204816]
[ 0.11297679  0.04934035  0.49050054  0.5955019   1.9760758   0.03769357
 -0.2373646  -0.12084472 -0.37675068 -1.4539667   0.4021089  -0.4065844
  0.24896598  0.46239948 -2.152502    0.32317787]
[ 0.0801305   0.13579075  0.5960578   0.39658904  1.9871533   0.0912209
 -0.31805816 -0.10362859 -0.37173015 -1.6238858   0.44760305 -0.41995034
  0.31762543  0.3532953  -1.9294598   0.3132041 ]
[-0.02741997  0.14037882  0.6452774   0.4426567   1.9639356   0.2162823
 -0.37586966 -0.07790982 -0.31619957 -1.6459315   0.36713645 -0.37361994
  0.3532313   0.32907143 -1.9304864   0.23936753]
[-0.06778691  0.17357096  0.56688565  0.5063787   2.018008    0.20193711
 -0.4259971  -0.06174188 -0.23311062 -1.6580597   0.41142708 -0.33540437
  0.32890195  0.2782067  -2.026914    0.27432808]
[ 0.02049242  0.07346141  0.4926168   0.6165096   2.0879045   0.08084361
 -0.34451827 -0.14182135 -0.36365882 -1.5734831   0.46448383 -0.4414242
  0.3358462   0.38990897 -2.1084013   0.362866  ]
[ 0.03831993  0.08866052  0.5296137   0.6366253   1.9658836   0.06462358
 -0.29210433 -0.12205629 -0.35833928 -1.5595838   0.41959634 -0.42897624
  0.26221803  0.47132844 -2.1586947   0.39548066]
[-0.02013918  0.08040494  0.59445906  0.57018286  1.9523938   0.08611916
 -0.36651203 -0.05333769 -0.35208827 -1.631403    0.35393077 -0.43215767
  0.30887246  0.34302178 -1.9600132   0.4837061 ]
[-0.01939701  0.02862303  0.6341573   0.5800209   1.909301    0.12275002
 -0.33583277 -0.06264123 -0.36662504 -1.5084953   0.32958484 -0.40576115
  0.25321496  0.43449396 -1.9894559   0.3477269 ]
[ 0.02118606  0.04300021  0.56960833  0.54468036  1.9110415   0.06920127
 -0.30908722 -0.03751352 -0.26577997 -1.4997649   0.35366946 -0.35787997
  0.24825522  0.38966393 -2.0608158   0.3315002 ]
[ 0.02554171  0.11480279  0.57501864  0.5402977   1.8733492   0.10051225
 -0.27243415 -0.08366655 -0.28415298 -1.5593714   0.34438854 -0.35742787
  0.21731524  0.4737142  -2.0653172   0.30980387]
[-0.01745938  0.20142487  0.6554643   0.44835114  1.8111658   0.27599865
 -0.3427468  -0.05204412 -0.215958   -1.6440824   0.30567563 -0.29435462
  0.17210886  0.39061463 -1.9843298   0.24178782]
[-0.00734163  0.3304714   0.5319853   0.46799263  1.8875008   0.24020469
 -0.41829604 -0.0786133  -0.09842785 -1.6627693   0.43872538 -0.26979902
  0.04995282  0.28770435 -2.1466713   0.403943  ]
[-0.01080389  0.31667125  0.41107535  0.5972772   1.9896377   0.18313594
 -0.45179716 -0.12924728 -0.15007937 -1.584132    0.5419234  -0.28865156
  0.05874536  0.35882276 -2.2881267   0.40007028]
[ 0.06016544  0.20828035  0.38184667  0.634491    2.0579703   0.06581017
 -0.3929537  -0.16239089 -0.28269023 -1.5396994   0.5811959  -0.4004507
  0.14574185  0.48866743 -2.2914872   0.3985334 ]
[ 0.04060217  0.07474046  0.5324048   0.6271161   2.0895348   0.08526678
 -0.4270459  -0.10993562 -0.33986452 -1.5747925   0.44904432 -0.44661292
  0.29195076  0.42425507 -2.1247344   0.35978156]
[ 0.06683387  0.07827564  0.5798958   0.65960073  2.0484269   0.09986936
 -0.38841742 -0.13565215 -0.38985834 -1.5860125   0.43622842 -0.49086466
  0.23774663  0.42452794 -2.0733762   0.3859074 ]
[ 0.06173433  0.07320321  0.6474658   0.488791    2.0230715   0.09727754
 -0.3922469  -0.03093243 -0.29409784 -1.5754738   0.4151656  -0.4128918
  0.2520302   0.3100658  -1.9815805   0.2673431 ]
[ 0.1280725   0.07429665  0.56598574  0.4719293   2.0068567   0.00345635
 -0.3377662  -0.03518221 -0.2546994  -1.538013    0.4885943  -0.39750564
  0.23008974  0.34215325 -2.100594    0.30044326]
[ 0.13114767  0.07870002  0.6116915   0.40638298  2.0424283  -0.00392623
 -0.3549039  -0.05640692 -0.30723453 -1.5836436   0.44112715 -0.4404954
  0.29247576  0.33411473 -1.973594    0.334004  ]
[ 0.13035443  0.12309189  0.64613795  0.34259886  2.089663    0.04067222
 -0.39755565 -0.10388879 -0.3840143  -1.6655786   0.4712851  -0.50316054
  0.3344856   0.32012156 -1.8734791   0.38398057]
[ 0.07280207  0.186499    0.6708506   0.42762476  1.9928474   0.1834479
 -0.3952034  -0.07764256 -0.27162388 -1.6736066   0.4487204  -0.37391824
  0.25859007  0.29063058 -2.0283046   0.23631406]
[ 0.00290041  0.22332315  0.57649267  0.431758    2.088794    0.13588628
 -0.47496286 -0.08115556 -0.22695902 -1.717713    0.57070285 -0.3650131
  0.2871618   0.23866367 -2.0301182   0.28937316]
[ 0.05104414  0.1539921   0.541293    0.5036004   2.1244292   0.0492049
 -0.44432002 -0.13288566 -0.3207969  -1.6683617   0.59430844 -0.44115534
  0.29989913  0.3478117  -2.0690517   0.36152813]
[ 0.00609968  0.07716061  0.57268095  0.58694685  2.1187625   0.06006263
 -0.45138964 -0.11618755 -0.39927238 -1.6789192   0.4787125  -0.47941345
  0.39040613  0.32111853 -1.9490455   0.41634685]
[-0.01361201  0.05114508  0.55317515  0.5719949   2.150206    0.00237865
 -0.41770816 -0.14837292 -0.46320686 -1.6218904   0.52148783 -0.5448649
  0.34885457  0.3693911  -1.8662847   0.46348962]
[ 3.6895752e-02 -1.8841088e-03  5.6614387e-01  5.3441751e-01
  2.0231545e+00  5.3376265e-02 -3.5980755e-01 -4.4895779e-02
 -3.5076553e-01 -1.4804392e+00  3.7756932e-01 -3.9739460e-01
  3.1464449e-01  3.4369391e-01 -1.9903717e+00  3.2626319e-01]
[ 0.06765866  0.00591345  0.5583221   0.52376324  1.9991233   0.03795509
 -0.3088375  -0.04328914 -0.32244837 -1.4849294   0.36483783 -0.405516
  0.32953364  0.3866982  -2.04679     0.28752562]
[ 0.08707536  0.05865353  0.59444016  0.5038337   1.9910043   0.10859896
 -0.2730071  -0.10608127 -0.3832056  -1.5456766   0.33964723 -0.4012676
  0.3329799   0.42927837 -1.9799722   0.19268444]
[-0.014201    0.15787253  0.71937585  0.42502633  1.9049847   0.27799392
 -0.34833625 -0.0444362  -0.25832987 -1.6673918   0.3096435  -0.32198435
  0.32015318  0.34228304 -1.9591625   0.10212346]
[-0.06208145  0.26212224  0.616367    0.45165935  1.9442517   0.2587903
 -0.41893855 -0.02874995 -0.14439777 -1.7370694   0.4126317  -0.26598296
  0.26230237  0.2538817  -2.062144    0.20595329]
[-0.05628218  0.21332848  0.54541886  0.6098715   1.9510266   0.20791379
 -0.3824907  -0.06274323 -0.2198824  -1.6350489   0.41384968 -0.30011153
  0.23490758  0.31815812 -2.1668296   0.27875128]
[-0.03853827  0.10982127  0.567217    0.6039336   2.0208669   0.11386903
 -0.409731   -0.09038496 -0.35134706 -1.6507345   0.44817314 -0.40957054
  0.37162137  0.32744157 -2.0079532   0.34666705]
[ 0.0284741   0.0836714   0.55317193  0.6322428   1.8909765   0.07513331
 -0.26500323 -0.09993508 -0.36863357 -1.5255499   0.39170155 -0.41580328
  0.26151264  0.4538489  -2.1096199   0.36554584]
[-0.01617366  0.07534273  0.67381734  0.3960425   1.893988    0.16002141
 -0.3768778  -0.00744565 -0.3184479  -1.589915    0.29461488 -0.39935598
  0.3260778   0.2968561  -1.7867501   0.3325486 ]
[ 0.01934433  0.11156237  0.6413914   0.41133785  1.8837849   0.16255486
 -0.33534575 -0.04632767 -0.26724726 -1.517133    0.32627115 -0.36159533
  0.21152134  0.32510787 -1.900816    0.28807503]
[ 0.07371785  0.22261941  0.56168807  0.429776    1.9147007   0.11040042
 -0.30489165 -0.1031345  -0.20052488 -1.5854976   0.46159726 -0.3616933
  0.10526741  0.35438186 -2.072955    0.34818524]
[ 0.03658478  0.33773804  0.49176818  0.43869558  1.9557588   0.14973024
 -0.34292725 -0.1648629  -0.20436144 -1.6782732   0.5408722  -0.38213748
  0.11363716  0.34208044 -2.0569472   0.37945405]
[-0.02879365  0.34432274  0.49055967  0.4504574   2.014592    0.2313439
 -0.43674344 -0.13196556 -0.15299888 -1.6794758   0.5330891  -0.35000008
  0.0749684   0.2871     -2.0700006   0.38024464]
[ 0.08910728  0.25454852  0.5134678   0.4831586   2.0719616   0.17570452
 -0.4530219  -0.14436415 -0.22012608 -1.5645355   0.5561536  -0.3780753
  0.01674531  0.30177572 -2.1869686   0.43931222]
[ 0.27563792  0.16026     0.43058783  0.5823451   2.0051541   0.064118
 -0.29280847 -0.17830811 -0.3144362  -1.386846    0.54545414 -0.42411643
 -0.0408215   0.45695764 -2.367663    0.43732888]
[ 0.2152886   0.08961309  0.5511151   0.49757147  2.11241     0.0890892
 -0.3985538  -0.15344258 -0.38593346 -1.4324975   0.46280527 -0.46975264
  0.16326807  0.29880935 -2.1131034   0.42728287]
[ 0.31261835  0.07126743  0.43232948  0.40860233  2.2132351  -0.12550065
 -0.29714122 -0.21418126 -0.5624031  -1.4668711   0.6437787  -0.6081589
  0.24475245  0.36057943 -1.9802427   0.52482   ]
[ 0.23954138  0.01321374  0.5160603   0.38841552  2.2368069  -0.08644326
 -0.35514396 -0.19020274 -0.58527154 -1.505738    0.5685251  -0.6245335
  0.3895566   0.29026327 -1.8655097   0.5279602 ]
[ 0.26584643 -0.03698968  0.532516    0.40745956  2.2364054  -0.07329122
 -0.32549006 -0.20601416 -0.61174655 -1.4430906   0.52403986 -0.62183523
  0.3541558   0.30648312 -1.8810695   0.52981967]
[ 0.25626254 -0.02590077  0.5206191   0.41270128  2.2107716  -0.04937068
 -0.32501307 -0.20834915 -0.60707635 -1.451327    0.549495   -0.6041568
  0.3579583   0.30919322 -1.8836644   0.49328285]
[ 0.22649005 -0.01394226  0.5416678   0.40020752  2.2384324  -0.05644798
 -0.34281543 -0.22922881 -0.64037216 -1.5070943   0.5757571  -0.6312505
  0.44100666  0.30646864 -1.8332646   0.47937003]
[ 0.14147648  0.01027206  0.5323354   0.376359    2.2798712  -0.05325591
 -0.36920002 -0.24487619 -0.6845449  -1.5476601   0.60060704 -0.6577919
  0.51553994  0.32308102 -1.7336601   0.4674274 ]
[ 0.05334144  0.01129047  0.5053497   0.3606351   2.3041773  -0.08999155
 -0.4329903  -0.18622454 -0.6535514  -1.5800558   0.5797373  -0.6769556
  0.5469161   0.33518618 -1.67005     0.55370885]
[ 0.13375959  0.00448912  0.49760556  0.39386997  2.273769   -0.0789829
 -0.36812893 -0.17725115 -0.62995577 -1.5286281   0.5025755  -0.6592038
  0.47350025  0.342671   -1.7732372   0.5544182 ]
[ 0.15617791  0.07689492  0.4558107   0.46372074  2.164475   -0.08302834
 -0.30079222 -0.17084055 -0.5723787  -1.5154104   0.5699377  -0.5919009
  0.32891035  0.4246168  -1.9137512   0.46469125]
[ 0.08325358 -0.00884186  0.6046837   0.47886324  2.0683515   0.05592523
 -0.34746283 -0.08962566 -0.4821724  -1.4709945   0.40259606 -0.47460842
  0.42473584  0.36623704 -1.9091418   0.24636336]
[ 0.12071688  0.02170646  0.5990504   0.40857425  2.0897834  -0.01157823
 -0.35836864 -0.06477932 -0.41742843 -1.5540425   0.45201525 -0.46760163
  0.41290513  0.3648561  -1.9259638   0.27933112]
[ 0.12372444  0.0654477   0.6584342   0.39908957  2.0509036   0.00309524
 -0.35978097 -0.07126403 -0.46330944 -1.6598282   0.4470284  -0.4873206
  0.38105503  0.39253062 -1.8273666   0.29910156]
[ 0.01512237  0.14318755  0.77030873  0.35888118  1.9022621   0.19119665
 -0.4675513   0.04551507 -0.24101715 -1.7564892   0.3385205  -0.35787088
  0.3473751   0.22625706 -1.7983719   0.23265168]
[ 8.1672966e-03  2.1236007e-01  6.4548463e-01  4.0555897e-01
  1.9486885e+00  1.1271729e-01 -4.6419373e-01  1.2678981e-03
 -1.8204118e-01 -1.7566859e+00  4.9614677e-01 -3.6729801e-01
  2.4822390e-01  2.2131732e-01 -1.9112545e+00  3.3363050e-01]
[-0.02126088  0.1582061   0.59949654  0.3994357   2.0770683   0.04711889
 -0.5012611  -0.03996303 -0.20282245 -1.7187942   0.5725564  -0.41895342
  0.3051623   0.24461357 -1.8912472   0.34204715]
[ 4.7212582e-02  1.3798836e-01  5.8324361e-01  4.4600987e-01
  2.0623369e+00  1.5450269e-05 -4.2850965e-01 -6.8684421e-02
 -2.2373824e-01 -1.6855917e+00  5.7716763e-01 -4.3187779e-01
  2.7223095e-01  3.4132794e-01 -2.0147774e+00  3.3565533e-01]
[ 0.0613495   0.14830816  0.60897315  0.45233575  2.1424532   0.03226196
 -0.4648469  -0.11194424 -0.29345638 -1.7235887   0.5685934  -0.50424814
  0.26054105  0.3539796  -1.9442647   0.36666176]
[ 0.07612965  0.24836549  0.6517602   0.43151683  1.9924145   0.14904538
 -0.41383147 -0.0794305  -0.1543901  -1.7348397   0.52982104 -0.40168816
  0.1489593   0.29819804 -2.0755928   0.2833252 ]
[ 0.0506518   0.32615334  0.59782827  0.48607826  2.0113354   0.15399058
 -0.41055202 -0.15792131 -0.16736302 -1.7230647   0.6477763  -0.42797366
  0.096411    0.32537392 -2.192161    0.33312953]
[ 0.06773916  0.2597144   0.55231744  0.52674836  2.0684314   0.08643339
 -0.42444342 -0.16540465 -0.24133721 -1.7571766   0.6917822  -0.45559216
  0.2062246   0.33496684 -2.153141    0.35191447]
[ 0.05925567  0.18401138  0.603003    0.5732705   2.0271792   0.08842266
 -0.44804755 -0.15344782 -0.31196156 -1.7260891   0.61697626 -0.47200865
  0.2751093   0.34537095 -2.1003876   0.38912764]
[ 0.08845899  0.1472471   0.6152668   0.5951702   2.0217426   0.04158697
 -0.38188475 -0.16828027 -0.3890897  -1.715799    0.57842153 -0.51392806
  0.26670897  0.34698582 -2.051707    0.47232327]
[ 0.11178543  0.2013131   0.59229124  0.5991775   1.9053018   0.01649912
 -0.1963829  -0.26073566 -0.5248078  -1.6937959   0.61404383 -0.5493808
  0.15913868  0.522964   -1.9935535   0.45063776]
[-0.1063688   0.09803823  0.5807579   0.5610506   2.0251637   0.08636322
 -0.41453975 -0.12064757 -0.37823296 -1.6947138   0.46959072 -0.44154978
  0.31929874  0.3418064  -1.8268049   0.45749816]
[-0.11575496  0.0958357   0.5154737   0.5917095   2.076941    0.0552252
 -0.40498933 -0.1438961  -0.36476284 -1.7355163   0.4721548  -0.48388624
  0.39045826  0.34612617 -1.8403      0.50467914]
[-0.170432    0.20075746  0.4731978   0.60048556  2.102468    0.10712691
 -0.41994295 -0.18019648 -0.3558256  -1.7625725   0.51753324 -0.4774835
  0.31893578  0.39811903 -1.8675464   0.47594708]
[-0.1854227   0.28925937  0.47464648  0.65227973  2.0099359   0.23965795
 -0.37399974 -0.174822   -0.25062436 -1.676416    0.4565898  -0.3522869
  0.14526948  0.4533121  -2.0576615   0.30585998]
[-0.15743944  0.38070014  0.44552073  0.5783651   1.9634783   0.27369246
 -0.40977126 -0.1059975  -0.09638937 -1.6632534   0.52760917 -0.27664533
  0.02489531  0.3879902  -2.1985233   0.27864778]
[-0.00512069  0.3280228   0.4028663   0.55519617  1.9382141   0.19852898
 -0.34235445 -0.06957643 -0.07490955 -1.5605177   0.51696104 -0.29533294
 -0.02211844  0.40322265 -2.3322842   0.31153077]
[ 0.04548891  0.2849133   0.44429755  0.52891004  1.9044853   0.17961726
 -0.29863212 -0.02348578 -0.06473206 -1.4753175   0.45425615 -0.28369015
 -0.04175347  0.42785233 -2.395987    0.26360014]
[ 0.20020568  0.28189045  0.4295787   0.44671124  1.8904852   0.03574952
 -0.1828856  -0.04448779 -0.12051187 -1.4838989   0.5733216  -0.33117527
 -0.03591784  0.45598945 -2.4197116   0.25186715]
[ 0.21048017  0.2515734   0.53284943  0.4191782   1.9189041   0.07918827
 -0.22745106 -0.08167473 -0.20206697 -1.5455389   0.5747883  -0.34945774
  0.05891339  0.39690715 -2.3123794   0.22077711]
[ 0.16738835  0.20034795  0.63798064  0.372782    1.9693302   0.11514213
 -0.32624876 -0.09295599 -0.25911424 -1.6303564   0.5492221  -0.36086866
  0.19939078  0.30156085 -2.123342    0.22467498]
[ 0.18211472  0.13427925  0.69398934  0.36923614  2.0256972   0.11333121
 -0.39429793 -0.08872734 -0.33346927 -1.6562916   0.49789205 -0.4256836
  0.27765316  0.18813607 -1.9606756   0.32600242]
[ 0.14925635  0.06524988  0.6510893   0.37477252  2.1486812   0.03979673
 -0.4467167  -0.12130453 -0.45522386 -1.6754061   0.5131559  -0.53564155
  0.4223559   0.1613856  -1.7522523   0.41519618]
[ 0.15056248 -0.00449159  0.5669991   0.45234042  2.1588738  -0.00905094
 -0.38646573 -0.16921303 -0.5209757  -1.5458406   0.48954448 -0.5604517
  0.42739812  0.25628453 -1.7782215   0.42804638]
[ 0.14386623 -0.05508201  0.60547316  0.34368485  2.2231457  -0.02660652
 -0.4665509  -0.12206997 -0.51453984 -1.5385962   0.46001896 -0.5868402
  0.4837938   0.23311952 -1.6966546   0.47078815]
[ 0.1955268  -0.0254261   0.5658103   0.4017304   2.2289686  -0.06860594
 -0.38559368 -0.16485414 -0.5439411  -1.5372627   0.4827845  -0.596954
  0.4338832   0.3445105  -1.829416    0.45526522]
[ 0.10572539  0.07633682  0.6112292   0.43953523  2.1616569   0.08007235
 -0.45010224 -0.1266427  -0.4390583  -1.6139625   0.46481553 -0.48808962
  0.37748846  0.30830753 -1.8947694   0.34006998]
[ 0.06393878  0.10079157  0.54966915  0.4913291   2.1679044   0.08400802
 -0.4444511  -0.13566153 -0.4135963  -1.6200583   0.53573215 -0.4535583
  0.32597375  0.31127748 -1.980483    0.36898428]
[ 0.09400148  0.08236475  0.47546178  0.53452635  2.1636002  -0.02312311
 -0.37219098 -0.15750165 -0.4280036  -1.6212498   0.5883337  -0.5059854
  0.31148943  0.36129117 -2.043736    0.49575835]
[ 0.13467446  0.02963981  0.49349412  0.5563327   2.1390586  -0.05790546
 -0.33674818 -0.15763375 -0.47115183 -1.5617399   0.5291066  -0.5410911
  0.31851336  0.36028665 -1.9905252   0.51220953]
[ 0.14768103  0.00658072  0.48057002  0.5420446   2.1402752  -0.08509833
 -0.29400256 -0.22504811 -0.6087113  -1.5118067   0.57298696 -0.64511466
  0.34199023  0.48400146 -1.8968216   0.50758916]
[ 0.11660564 -0.05695091  0.5451554   0.50333273  2.0649936  -0.01052898
 -0.33659884 -0.09632964 -0.48016715 -1.4636571   0.37926194 -0.48261863
  0.39441866  0.40184945 -1.8920864   0.3665227 ]
[ 0.03843709  0.00641228  0.64282197  0.48418146  1.9618504   0.13305576
 -0.3576054  -0.07316414 -0.41378722 -1.5312078   0.26765364 -0.3992009
  0.44607726  0.3635307  -1.8679082   0.24967203]
[-0.00728762  0.13002904  0.6570609   0.48226112  1.9001195   0.1925728
 -0.37801683 -0.04330157 -0.32616296 -1.6639602   0.30070835 -0.3486202
  0.35760766  0.35682863 -1.9154556   0.25727674]
[-0.04870475  0.22436602  0.56563234  0.54015607  1.8872406   0.17154011
 -0.42075866  0.00847737 -0.17693545 -1.7272307   0.39290845 -0.28718296
  0.19720319  0.31000125 -2.052407    0.3702404 ]
[-0.03183408  0.18258052  0.4846724   0.6052099   1.9641974   0.10064431
 -0.4254612  -0.03021756 -0.16157103 -1.5871494   0.4507641  -0.3028427
  0.0990357   0.30094355 -2.1571991   0.46418318]
[ 0.15560925  0.07857832  0.42588958  0.6945158   1.9206674  -0.00254735
 -0.22815832 -0.13221715 -0.2631691  -1.4251511   0.47706836 -0.41120306
  0.04244616  0.5212525  -2.3650544   0.46452633]
[ 0.11977204  0.07865343  0.48995417  0.6666029   1.944957   -0.00492213
 -0.24794853 -0.14999942 -0.3491413  -1.5045393   0.44708586 -0.46411896
  0.17209214  0.50082994 -2.1899266   0.44520584]
[ 0.09260075  0.15569834  0.5771987   0.45872307  2.0785992   0.00310304
 -0.3888804  -0.15230748 -0.3808753  -1.6560891   0.5109502  -0.5247845
  0.22304976  0.39481068 -1.9227641   0.49007946]
[-0.01542053  0.25427896  0.63172245  0.49417567  1.9526196   0.20639324
 -0.41726336 -0.11539688 -0.21208641 -1.6913551   0.47467536 -0.37275344
  0.18418261  0.3679244  -2.0576177   0.26639348]
[-0.06481971  0.32670364  0.55919087  0.525895    1.9996372   0.20671673
 -0.46103162 -0.09275814 -0.13091326 -1.7353032   0.5571953  -0.31884632
  0.08476317  0.37377134 -2.1842332   0.30489978]
[-0.01480482  0.25329792  0.55328315  0.55879265  1.9969835   0.14118066
 -0.45803824 -0.08126549 -0.18681987 -1.6960217   0.5567728  -0.34672365
  0.07505952  0.35139322 -2.1899295   0.4402408 ]
[ 0.0579646   0.19195887  0.51068294  0.64426094  2.00475     0.07600741
 -0.44427508 -0.10968719 -0.24177465 -1.6381118   0.55419326 -0.39981502
  0.08728606  0.34820175 -2.207388    0.5214011 ]
[ 0.05606432  0.16298132  0.46779618  0.70043385  1.9832621   0.04420636
 -0.35668683 -0.14205118 -0.31093752 -1.5487622   0.5525301  -0.4197865
  0.09513991  0.4630517  -2.2477844   0.45392552]
[ 0.08773147  0.15945497  0.4577365   0.5196241   2.087744   -0.0623772
 -0.37494168 -0.14615762 -0.36843777 -1.6217111   0.668624   -0.5089723
  0.19572471  0.42970985 -2.0035133   0.4342113 ]
[ 0.03375785  0.12868892  0.6307184   0.40282488  2.1211858   0.06804013
 -0.5202641  -0.1146724  -0.32377297 -1.694175    0.52006835 -0.48854333
  0.36850524  0.29509485 -1.7940137   0.3196985 ]
[ 0.04635877  0.16678844  0.6535907   0.4615415   2.028553    0.17393467
 -0.42877698 -0.15868768 -0.33506212 -1.6536306   0.4698402  -0.46187696
  0.3136508   0.38492298 -1.9603598   0.24901025]
[ 0.02702624  0.2789843   0.6803433   0.40551138  1.9788233   0.2306596
 -0.42472368 -0.13636006 -0.2318683  -1.6980121   0.49890932 -0.39262897
  0.20628643  0.35682938 -2.066307    0.23519802]
[ 0.03584484  0.3627962   0.5868743   0.4240674   2.0156848   0.204393
 -0.47901425 -0.1387725  -0.16383937 -1.7593473   0.63255215 -0.34374622
  0.15096268  0.25506037 -2.1413136   0.3075364 ]
[ 0.10306509  0.25158852  0.5233351   0.5632669   2.0369587   0.11281437
 -0.4441722  -0.19434866 -0.3297564  -1.669982    0.65534    -0.42785817
  0.16541275  0.3760071  -2.177405    0.40700763]
[ 0.02794256  0.10584144  0.6075635   0.6432584   2.0684729   0.12889378
 -0.51466656 -0.1658673  -0.41340107 -1.6450713   0.5178373  -0.47407326
  0.36912832  0.30587012 -1.9871029   0.37642634]
[ 0.01562378  0.01282324  0.61888504  0.61006695  2.087271    0.07759633
 -0.43769974 -0.18079422 -0.52235377 -1.5996572   0.45467043 -0.5514199
  0.43514055  0.30064908 -1.802385    0.43646723]
[ 0.0832129  -0.05164677  0.6587712   0.47345638  2.0662725   0.03474091
 -0.37278116 -0.13357472 -0.53550464 -1.5031431   0.36959836 -0.56350166
  0.4302167   0.3550327  -1.7379932   0.38127908]
[ 0.14473347  0.03602707  0.61383593  0.39720052  2.0979562  -0.02455145
 -0.37860876 -0.11616327 -0.43797493 -1.5821873   0.45286146 -0.5609597
  0.34988776  0.28306013 -1.7648487   0.44727206]
[ 0.08242487  0.20034409  0.6614362   0.36032376  2.023361    0.10943556
 -0.40694624 -0.14442381 -0.33579096 -1.678518    0.49713165 -0.49939793
  0.27900434  0.27610797 -1.8210112   0.35143986]
[-0.05401757  0.30760399  0.62455547  0.37897897  2.0389943   0.19481854
 -0.4746241  -0.1250495  -0.20962498 -1.7806895   0.5579571  -0.4147233
  0.25635868  0.28686455 -1.8860546   0.25055978]
[-0.03799594  0.34276485  0.5788511   0.4074339   2.0553806   0.19534673
 -0.4395998  -0.12909849 -0.16947916 -1.8076007   0.62837994 -0.39826384
  0.15876837  0.284285   -2.0199008   0.30236828]
[ 0.07999225  0.25790974  0.5360797   0.4478572   2.0588365   0.13092765
 -0.3788926  -0.16587435 -0.26064545 -1.6928724   0.6476691  -0.4632483
  0.09569304  0.31537318 -2.1234338   0.46882463]
[ 0.20869999  0.23836756  0.50723726  0.48556796  1.9869019   0.08065952
 -0.33289155 -0.16840021 -0.29570884 -1.5658672   0.5878402  -0.4724823
  0.00405967  0.3314942  -2.200236    0.5625567 ]
[ 0.16500592  0.18251032  0.5163091   0.43368268  2.068126    0.00946133
 -0.36943257 -0.18618594 -0.42215505 -1.6017004   0.64964026 -0.54811937
  0.1752573   0.3099138  -2.0012016   0.5769566 ]
[ 0.18443969  0.14366455  0.3901863   0.39883366  2.121575   -0.14328854
 -0.31583032 -0.22035134 -0.54019576 -1.5970902   0.73928726 -0.62861574
  0.29191354  0.4401272  -1.8937893   0.58908504]
[ 0.06829388  0.06141386  0.55680174  0.35330528  2.1845777  -0.0691283
 -0.4183589  -0.17462906 -0.54960823 -1.6717697   0.5379996  -0.67324483
  0.49367636  0.34635562 -1.6787474   0.5961367 ]
[ 0.10916457  0.12161934  0.5457759   0.44107658  2.0681624  -0.04185467
 -0.30558166 -0.22428492 -0.58526206 -1.6402531   0.5244454  -0.6561162
  0.30505186  0.5084071  -1.8445479   0.63851815]
[ 0.05625344  0.20198719  0.5716421   0.48738748  1.91628     0.10005762
 -0.32382983 -0.12817004 -0.38285357 -1.6228688   0.45150477 -0.4819642
  0.12051295  0.4250926  -2.031418    0.6020972 ]
[ 0.05514578  0.23079324  0.41516525  0.47751752  2.0069032   0.01735163
 -0.39442292 -0.11508671 -0.29925138 -1.6246153   0.6126308  -0.44060057
  0.10513587  0.3419652  -2.0997539   0.6733825 ]
[ 0.11238185  0.19437975  0.29022327  0.5337317   2.0062091  -0.10423581
 -0.27610385 -0.19575167 -0.4073326  -1.5418324   0.68154454 -0.5274806
  0.11645748  0.55276823 -2.1689744   0.69705355]
[ 0.06837349  0.13132755  0.37460357  0.53680456  2.0508845  -0.11292038
 -0.26222023 -0.20434074 -0.49183244 -1.5433611   0.5333199  -0.59913224
  0.28028172  0.53212136 -1.976271    0.6477573 ]
[ 0.05364678  0.17389508  0.4713126   0.5052983   2.0381455  -0.03807919
 -0.2535576  -0.2876839  -0.56424123 -1.586533    0.51656425 -0.67245406
  0.30567428  0.5636481  -1.8796375   0.6200743 ]
[-0.04622549  0.24466887  0.4693772   0.53672874  1.9124095   0.16456677
 -0.26683465 -0.15485658 -0.31974778 -1.5520601   0.40843996 -0.43028003
  0.1579951   0.5152465  -2.0858865   0.40481734]
[-0.05088123  0.32205397  0.3374073   0.5493083   1.9359306   0.13615823
 -0.31918088 -0.1085279  -0.15956071 -1.5985247   0.5248519  -0.3484593
  0.0578089   0.42233357 -2.2331228   0.492122  ]
[ 0.12605067  0.30397207  0.28232914  0.64041394  1.8568522   0.04328211
 -0.19799106 -0.17898194 -0.24685505 -1.4890447   0.602651   -0.41270986
 -0.10574184  0.6105846  -2.4277308   0.55199355]
[ 0.12594971  0.2588808   0.425273    0.60566914  1.8489892   0.08367551
 -0.23863539 -0.1550517  -0.27084914 -1.537301    0.52898514 -0.40047503
 -0.01738328  0.5292996  -2.3248444   0.49436012]
[-0.01801304  0.21425411  0.51150674  0.569792    1.9261122   0.11140992
 -0.35668543 -0.10082425 -0.2839231  -1.6288555   0.49892306 -0.44468468
  0.14185265  0.36613688 -2.0930152   0.54467595]
[ 0.01223382  0.17383686  0.43983182  0.50245494  2.0083542  -0.00333829
 -0.39154145 -0.09599742 -0.30705148 -1.582518    0.57014173 -0.46591258
  0.18131275  0.3805305  -2.0186207   0.5556844 ]
[ 0.15323928  0.22224477  0.37761927  0.46854147  1.9432898  -0.07809515
 -0.27270588 -0.12773195 -0.27233332 -1.5316566   0.6255244  -0.47232944
  0.05762895  0.47419864 -2.167721    0.5595545 ]
[ 0.21772365  0.24185708  0.43829226  0.43762174  1.9476894  -0.03932725
 -0.23059316 -0.18205664 -0.34510055 -1.5512419   0.6001628  -0.50135386
  0.06110462  0.48758182 -2.0978591   0.4737316 ]
[ 0.11516075  0.23861177  0.597237    0.40211764  1.9504551   0.12566313
 -0.30705482 -0.16514857 -0.26483184 -1.6023667   0.5144086  -0.48086077
  0.10551155  0.37983045 -2.071195    0.41769594]
[ 0.11617462  0.35119587  0.5061494   0.40649953  1.9888576   0.13233231
 -0.36047086 -0.2328557  -0.22503898 -1.6575187   0.65927756 -0.47138748
  0.06809554  0.32401127 -2.1561778   0.5081769 ]
[ 0.16458511  0.3844662   0.41358423  0.5161426   1.9834454   0.10897972
 -0.31872562 -0.34073633 -0.35302648 -1.6294876   0.76894474 -0.5308928
  0.03152462  0.4947342  -2.2571132   0.52044207]
[ 0.14057495  0.21174383  0.5121526   0.5372075   2.0667408   0.10839798
 -0.3716856  -0.32365617 -0.47215122 -1.6596692   0.7075596  -0.5997117
  0.22678337  0.42720693 -2.0697243   0.5132469 ]
[ 0.20667472  0.18706384  0.5420579   0.54539025  2.0326104   0.03312254
 -0.34426147 -0.3131555  -0.58374125 -1.6616113   0.65857786 -0.63942003
  0.2183185   0.42795467 -1.987888    0.63864267]
[ 0.2469405   0.2126877   0.5291134   0.5479781   1.8547382  -0.05988424
 -0.15210468 -0.34808838 -0.73771125 -1.5760889   0.6712534  -0.6793717
  0.14543262  0.70953625 -1.9978602   0.593     ]
[ 0.12062912  0.03124235  0.51604605  0.50262135  2.0714116  -0.04878782
 -0.3433965  -0.19831762 -0.5894972  -1.481798    0.5085814  -0.61871916
  0.3127867   0.45752326 -1.8857607   0.6063472 ]
[ 0.25112143  0.10794804  0.42377776  0.40795058  2.0876038  -0.13649458
 -0.31651458 -0.19540894 -0.5231337  -1.516978    0.6122243  -0.6063272
  0.23530717  0.45766672 -1.9348974   0.6082157 ]
[ 0.17264313  0.15061542  0.56858987  0.38167506  2.1384053  -0.05279638
 -0.41578802 -0.22996771 -0.5434521  -1.5918952   0.56831145 -0.61824656
  0.2743802   0.40417266 -1.8245331   0.5804057 ]
[ 0.08941301  0.2195044   0.63775843  0.4237678   2.069489    0.1282619
 -0.46587974 -0.18914996 -0.38054332 -1.6221645   0.4880859  -0.47092485
  0.22956705  0.3207851  -1.9393219   0.4180246 ]
[ 0.02814674  0.26583964  0.5073348   0.47552586  2.1027017   0.12579764
 -0.51381576 -0.1973298  -0.31557673 -1.670461    0.617507   -0.45345592
  0.23286209  0.2976459  -2.024838    0.47908753]
[ 0.08283938  0.15623827  0.4986816   0.5467099   2.1621022   0.06523625
 -0.48349467 -0.25485498 -0.43576542 -1.6079174   0.6661011  -0.54188615
  0.23289743  0.3940758  -2.0737526   0.54891884]
[ 0.11410226  0.09381827  0.48822936  0.6628122   2.0606205   0.01728158
 -0.37931994 -0.27111533 -0.5040466  -1.5320064   0.6023852  -0.56052494
  0.16869338  0.5387908  -2.1524665   0.6103012 ]
[ 0.0219099   0.0373712   0.5071288   0.7431984   2.0740697   0.01926141
 -0.36941278 -0.35177687 -0.6876374  -1.6008232   0.6038531  -0.6657801
  0.30267596  0.5765904  -1.9238625   0.67424625]
[ 0.02701063  0.00696065  0.5307126   0.62727964  2.0521111  -0.02887999
 -0.31870332 -0.29728752 -0.7127576  -1.5797327   0.5434661  -0.6597587
  0.40652442  0.4962309  -1.7997506   0.668488  ]
[ 0.0602124  -0.01115745  0.42525777  0.5685359   2.0700154  -0.11989488
 -0.29362756 -0.25560004 -0.6742035  -1.5244075   0.5287839  -0.68128127
  0.40717077  0.5408842  -1.7910612   0.7162374 ]
[ 0.0581037  -0.02569733  0.5012677   0.5683449   2.0393758  -0.01948809
 -0.30667934 -0.21523699 -0.59936744 -1.4713435   0.3338092  -0.6115023
  0.4128891   0.4810214  -1.7833622   0.6030513 ]
[ 0.07899646  0.09693564  0.55068636  0.5942992   1.8804181   0.14537892
 -0.24580054 -0.19583976 -0.44550544 -1.4114997   0.23671174 -0.44853243
  0.21847606  0.52543193 -2.0325294   0.41152772]
[ 0.01948876  0.18350637  0.46532565  0.57578325  1.969794    0.15728942
 -0.34798232 -0.12999168 -0.26870003 -1.5282412   0.36186478 -0.3798431
  0.13885526  0.44517994 -2.1498926   0.4464964 ]
[ 0.0220862   0.2772665   0.36133185  0.6514266   1.9788105   0.16967392
 -0.37034053 -0.1603684  -0.22377937 -1.5263964   0.4905177  -0.34933674
  0.0211783   0.47552532 -2.351109    0.4918542 ]
[ 0.1257654   0.23592624  0.31892744  0.67873734  1.9784558   0.06962738
 -0.3274592  -0.17785044 -0.2693174  -1.5070924   0.58405507 -0.40017375
 -0.01647428  0.5332309  -2.4144635   0.54565287]
[ 0.1612182   0.09671392  0.41400558  0.76697516  1.9416945   0.06815021
 -0.26644462 -0.18499297 -0.37019283 -1.450845    0.46796054 -0.4474739
  0.07926904  0.57047415 -2.387425    0.49541265]
[ 0.17092296  0.06442406  0.42988366  0.721145    1.9191608   0.01263665
 -0.19196357 -0.20206042 -0.43639597 -1.4307315   0.47078046 -0.51984864
  0.16886     0.54706067 -2.28603     0.5174638 ]
[ 0.10219534  0.08040194  0.48448473  0.54966295  2.0170984  -0.03493547
 -0.2888574  -0.19717948 -0.49216786 -1.501487    0.56325936 -0.5687176
  0.26164597  0.47152582 -2.003609    0.5131238 ]
[ 0.12962201  0.04375099  0.39755097  0.5086893   2.0709672  -0.11692154
 -0.28320366 -0.17476238 -0.476348   -1.508847    0.5772002  -0.56420463
  0.27825302  0.5135619  -1.9908348   0.5543699 ]
[ 0.11716908  0.12354732  0.4893338   0.5087582   2.0151196  -0.00329766
 -0.28977394 -0.206001   -0.43349785 -1.5931885   0.522653   -0.50396836
  0.24021599  0.5175832  -1.9852041   0.43730506]
[-0.01170341  0.18073978  0.67522633  0.4433697   1.9748619   0.2104431
 -0.38987827 -0.16214438 -0.30770886 -1.6979      0.4295258  -0.44751668
  0.26392227  0.3461783  -1.9098415   0.3564698 ]
[-2.0006597e-04  2.7098805e-01  5.5429399e-01  4.6091247e-01
  1.9891840e+00  1.9002607e-01 -4.2096862e-01 -1.5877779e-01
 -2.2371273e-01 -1.7380095e+00  5.3644782e-01 -4.1440472e-01
  2.0651130e-01  3.1217968e-01 -2.0453775e+00  4.3683821e-01]
[-0.01769662  0.23213372  0.45830363  0.60934347  2.0258899   0.16520779
 -0.40088147 -0.22263403 -0.31969    -1.6438358   0.5611037  -0.4553256
  0.20157203  0.42598057 -2.140861    0.47796863]
[ 0.12064108  0.10790126  0.4572555   0.66757756  1.9976375   0.0854575
 -0.31260747 -0.22530198 -0.39826894 -1.537524    0.49765834 -0.49635822
  0.24207798  0.479554   -2.2090712   0.47832927]
[ 2.58591056e-01  1.21254206e-01  4.66048062e-01  6.82019413e-01
  1.88146842e+00 -3.89158726e-04 -1.36877075e-01 -2.60042131e-01
 -5.02579093e-01 -1.47932839e+00  4.77305591e-01 -5.68863213e-01
  1.60528019e-01  6.09429717e-01 -2.28109026e+00  5.29520631e-01]
[ 3.0788317e-01  1.8496305e-01  5.4289693e-01  5.9041870e-01
  1.7817587e+00  1.6358346e-03 -5.5231452e-02 -2.9093239e-01
 -6.0320961e-01 -1.5338392e+00  5.4407907e-01 -5.9529793e-01
  1.4935024e-01  6.4473641e-01 -2.1208827e+00  4.0534505e-01]
[ 0.02109461 -0.01110059  0.5714609   0.54537326  2.0102532   0.09592432
 -0.38056502 -0.061349   -0.33827916 -1.4587688   0.35071486 -0.42425042
  0.31993234  0.36929363 -1.998484    0.34011114]
[ 1.5324180e-01 -8.2657934e-04  5.2596843e-01  5.8313501e-01
  1.9549446e+00  2.3358038e-02 -2.7087903e-01 -8.8858731e-02
 -3.3615035e-01 -1.4274647e+00  3.6719811e-01 -4.2036480e-01
  2.5853053e-01  4.7002333e-01 -2.1916497e+00  3.5015970e-01]
[ 0.13488695  0.08513488  0.55854845  0.4968552   1.9832957   0.03960292
 -0.3048833  -0.11530845 -0.35749847 -1.5715101   0.42256656 -0.44768327
  0.25279447  0.47098246 -2.0987864   0.40475172]
[ 0.07536925  0.1981106   0.58327496  0.500614    1.9793396   0.16503313
 -0.38836902 -0.157009   -0.33240983 -1.6329546   0.466119   -0.4120738
  0.1923969   0.3726259  -2.054355    0.39879456]
[ 0.04501634  0.23352718  0.4832464   0.47162953  2.0909245   0.09135434
 -0.47483858 -0.15395585 -0.2579847  -1.6661142   0.63264877 -0.39997286
  0.22779791  0.30738288 -2.099951    0.4225506 ]
[ 0.14004748  0.18244317  0.40748125  0.56501883  2.0727215  -0.01808499
 -0.3546943  -0.23052648 -0.3862039  -1.576526    0.6602611  -0.47665614
  0.23708987  0.52587336 -2.208184    0.41232356]
[ 0.14633968  0.09730889  0.53508085  0.5503652   2.0851529  -0.0424373
 -0.3456444  -0.21032012 -0.49680537 -1.6168216   0.5407618  -0.5589925
  0.38219184  0.5218067  -2.0367649   0.40242022]
[ 0.20927218  0.19615395  0.5630417   0.5187426   1.9862868  -0.12476613
 -0.21735314 -0.30589333 -0.655028   -1.6990426   0.6480864  -0.68617743
  0.3218991   0.69079745 -1.9599785   0.4711125 ]
[-0.04015536  0.10768598  0.7080507   0.49748564  1.9809635   0.21089418
 -0.4338718  -0.06618254 -0.3203811  -1.6280689   0.35547075 -0.3942147
  0.35216457  0.32486767 -1.919462    0.21298444]
[ 0.00908436  0.0740112   0.6944746   0.47426987  1.9690123   0.18008006
 -0.4658025  -0.01966176 -0.2243528  -1.5727165   0.3453544  -0.3190512
  0.3334244   0.25816965 -2.0122373   0.22244456]
[ 0.13718697  0.00501786  0.63118994  0.6309496   1.926713    0.08003221
 -0.3044106  -0.10203849 -0.32322517 -1.4879245   0.360741   -0.40107316
  0.27531838  0.42901903 -2.1842186   0.2731002 ]
[ 0.04150515  0.13581935  0.70302546  0.49138254  1.9477189   0.10654795
 -0.3979568  -0.13359803 -0.32927364 -1.710948    0.46175614 -0.45299655
  0.31822118  0.3235785  -1.944862    0.3924262 ]
[-0.09077308  0.21321464  0.7478968   0.49744654  1.9490618   0.21019009
 -0.42737454 -0.19387278 -0.34871808 -1.7392967   0.48492035 -0.43447047
  0.24969316  0.38673025 -1.8907912   0.33791775]
[-0.13352886  0.24431007  0.6448223   0.5087183   2.0165029   0.23890777
 -0.52880746 -0.15796693 -0.21692419 -1.7783616   0.54208183 -0.3587909
  0.27717894  0.23837733 -1.9252096   0.3402817 ]
[-0.08506548  0.14136645  0.59810895  0.6019582   2.0886314   0.1792772
 -0.5129882  -0.21072447 -0.3586554  -1.6855233   0.53050715 -0.4434452
  0.33567554  0.32749662 -1.9473778   0.39346763]
[-0.02075892  0.13709298  0.6115068   0.57475823  2.070148    0.14033447
 -0.4994462  -0.16791135 -0.3573339  -1.6590347   0.4395164  -0.4372509
  0.2869874   0.30483302 -1.9287288   0.4625848 ]
[-0.08898818  0.14960285  0.59001786  0.6510339   2.0123599   0.18823314
 -0.46496448 -0.16453041 -0.3543834  -1.5847594   0.38078365 -0.41019136
  0.2223552   0.43509626 -2.0003064   0.3948439 ]
[-0.03885627  0.13634802  0.55845124  0.65105355  2.0243292   0.20486447
 -0.39014873 -0.18109304 -0.35413226 -1.5417559   0.42145506 -0.42448148
  0.23947826  0.43730965 -2.072493    0.28062263]
[ 0.01713462  0.06739479  0.59441066  0.58175683  2.0860107   0.19179842
 -0.48065552 -0.12239476 -0.29669958 -1.5300415   0.44005924 -0.3892669
  0.28190085  0.36129135 -2.1095185   0.25372058]
[ 0.14984468  0.01017793  0.5975072   0.63074666  1.9823303   0.14807154
 -0.36129397 -0.11451876 -0.32385248 -1.3972096   0.32335898 -0.3803693
  0.20481463  0.48382324 -2.2752242   0.26880416]
[ 0.10000845  0.06074767  0.67434776  0.5025855   1.9967496   0.22082421
 -0.45190716 -0.0837215  -0.30532297 -1.4789346   0.29607815 -0.34772018
  0.26616526  0.3228936  -2.1121438   0.28847584]
[ 0.02467784  0.03706703  0.60888875  0.53505194  2.124788    0.10915463
 -0.46578854 -0.07765366 -0.3692144  -1.5424669   0.42241445 -0.41016278
  0.39002147  0.34490472 -2.018418    0.23371334]
[ 0.03955346 -0.04714631  0.59476626  0.5240174   2.182367    0.01934132
 -0.4532031  -0.06021289 -0.40396127 -1.5414562   0.4210295  -0.4401208
  0.50746393  0.31397477 -1.965332    0.25584903]
[ 0.06566384 -0.1109098   0.64792204  0.6387304   2.0821517   0.03978661
 -0.36856756 -0.10984775 -0.50105757 -1.5000981   0.33668184 -0.4792203
  0.4948218   0.44804364 -1.9790195   0.24123485]
[-0.01783155 -0.0470448   0.7027987   0.5883604   2.0360181   0.08463711
 -0.43182144 -0.10032083 -0.5572575  -1.6567745   0.33516628 -0.52502817
  0.5294269   0.39067024 -1.7103431   0.3320462 ]
[ 0.00900857  0.02867028  0.76495653  0.49532413  1.8530748   0.2442753
 -0.38147825 -0.03197281 -0.39328897 -1.5892123   0.21971115 -0.3675815
  0.38331872  0.28468126 -1.7623281   0.19187686]
[ 0.01869527  0.0656127   0.7413121   0.43916553  1.8545679   0.2549671
 -0.42135185 -0.00874614 -0.27203387 -1.5287364   0.25459725 -0.30712005
  0.29990834  0.23157251 -1.829469    0.1542943 ]
[ 0.09833241  0.07040445  0.6977473   0.39985546  1.9151614   0.13875918
 -0.3864196  -0.01424113 -0.23141775 -1.5622011   0.29201874 -0.3441304
  0.3258234   0.21536212 -1.8888123   0.22339773]
[ 0.10743139  0.13185522  0.66411245  0.39332652  1.9235084   0.13518628
 -0.37190703 -0.06628652 -0.27353367 -1.62386     0.35874826 -0.38400385
  0.3213389   0.29457742 -1.9267305   0.26752758]
[ 0.04654587  0.22933407  0.6723552   0.4346896   1.9239471   0.23386677
 -0.3928787  -0.11937928 -0.25158224 -1.6452305   0.4336564  -0.37008637
  0.1969483   0.34491497 -2.0221012   0.23434766]
[ 0.0294633   0.30656746  0.6128006   0.43231082  2.034596    0.2039609
 -0.47909218 -0.12516668 -0.17841735 -1.7239937   0.57480276 -0.3384834
  0.15275532  0.25712723 -2.1128433   0.3034667 ]
[ 0.09101472  0.20368683  0.4861118   0.60414624  2.1073527   0.10217761
 -0.4332818  -0.20382401 -0.31154075 -1.6057926   0.64407843 -0.4226212
  0.14383098  0.38932723 -2.2477348   0.40363842]
[ 0.07055879  0.14455904  0.55333966  0.5513429   2.1437554   0.08635302
 -0.52837026 -0.19364055 -0.369067   -1.6529267   0.59812534 -0.4723251
  0.29585862  0.2907142  -2.0385163   0.4742182 ]
[ 0.0119654   0.10285815  0.48645496  0.6379987   2.1645331  -0.00526431
 -0.4614157  -0.21085522 -0.464954   -1.6603111   0.6021446  -0.54591465
  0.3768888   0.3780106  -1.9785076   0.52324253]
[-0.04276055  0.06909103  0.48562375  0.5012474   2.261971   -0.12583312
 -0.44751245 -0.22948968 -0.55750954 -1.6444006   0.6808237  -0.66648465
  0.41633096  0.4723606  -1.7937994   0.5802938 ]
[-0.05955688  0.02876088  0.53887624  0.56743443  2.2034028  -0.04798827
 -0.44113666 -0.1867291  -0.4953534  -1.6256886   0.57451236 -0.5729311
  0.4293639   0.43996945 -1.818145    0.41979703]
[-0.06336044  0.061189    0.6663013   0.5428774   2.0793085   0.13574664
 -0.46054834 -0.12708268 -0.38941637 -1.6487229   0.41583806 -0.47121778
  0.40431255  0.38518554 -1.8182964   0.2379733 ]
[-0.06197939  0.18053916  0.7257515   0.46542516  1.94653     0.2636321
 -0.43570957 -0.06169911 -0.23927054 -1.6828712   0.37345982 -0.36036238
  0.2964072   0.32030034 -1.9231026   0.13973336]
[-0.08853567  0.25494272  0.66365063  0.46849775  1.9587295   0.26734185
 -0.4106554  -0.08441006 -0.1794121  -1.707316    0.47933513 -0.342541
  0.25175065  0.33990926 -2.0230775   0.09605633]
[-0.08968748  0.32480654  0.640817    0.47937614  1.9490572   0.29284495
 -0.43901354 -0.0833663  -0.10816753 -1.7214168   0.5453142  -0.2639558
  0.16461055  0.33143264 -2.1397476   0.05868188]
[ 0.01872271  0.26195344  0.66107064  0.48854098  1.9548229   0.19859019
 -0.43061525 -0.08641188 -0.19034633 -1.7527514   0.5447629  -0.3441642
  0.21197629  0.31394944 -2.099104    0.19426504]
[ 0.0307416   0.24036375  0.70740783  0.4838907   1.9123199   0.18562722
 -0.47641438 -0.03704698 -0.19298807 -1.7675167   0.48286182 -0.36253896
  0.2355098   0.24846664 -2.0203571   0.27845603]
[-0.03522401  0.18706843  0.71567595  0.42942625  1.9505974   0.16605426
 -0.5040718   0.00400311 -0.19145742 -1.7622659   0.4510177  -0.36319757
  0.25692126  0.23350982 -1.8892078   0.30185285]
[ 0.0032975   0.04029264  0.6989838   0.4244504   1.9973395   0.12230563
 -0.48915014  0.03254006 -0.22379279 -1.6468054   0.4000795  -0.3448376
  0.31502396  0.27940267 -1.8807752   0.21836062]
[ 0.04431179  0.06912338  0.6236253   0.51739395  2.0474694   0.05627082
 -0.42433733 -0.05596866 -0.23874304 -1.6514103   0.48528686 -0.40480882
  0.31829172  0.35963625 -2.0457635   0.2461032 ]
[-0.03455088  0.2131695   0.6603549   0.43752033  2.0645597   0.14188413
 -0.5141313  -0.09253774 -0.2516676  -1.8250246   0.53264874 -0.42180228
  0.4089232   0.29237217 -1.8932693   0.23055677]
[-0.12549612  0.3070592   0.6325243   0.4569561   2.0408905   0.20760791
 -0.5484437  -0.04658715 -0.16553496 -1.8296707   0.5451475  -0.34302458
  0.29484284  0.3007008  -1.9661239   0.18748589]
[-0.12307781  0.34350652  0.58227336  0.46048656  2.036118    0.1401916
 -0.5408093  -0.02973836 -0.10166319 -1.855273    0.6254786  -0.31469613
  0.21990654  0.26983726 -2.0155149   0.25242788]
[-0.08135874  0.278104    0.5545066   0.5723669   2.020853    0.08965518
 -0.5070961  -0.06528343 -0.17006372 -1.790054    0.63658285 -0.38463116
  0.18014184  0.3588267  -2.073303    0.33144623]
[-0.08803453  0.18095115  0.6302542   0.6070654   1.9795738   0.17802136
 -0.50614357 -0.07871488 -0.1952993  -1.6661692   0.5445927  -0.37491694
  0.19670728  0.3520019  -2.0426242   0.22890659]
[-0.06569184  0.11022415  0.7286399   0.5028785   1.9525      0.24432412
 -0.478129   -0.07419111 -0.21062747 -1.6372261   0.45758495 -0.37700257
  0.29920867  0.3009655  -1.9281292   0.11713056]
[ 0.06110737  0.16867663  0.6838922   0.42257985  1.8702873   0.16391334
 -0.34374696 -0.04992582 -0.14435022 -1.6333339   0.46435252 -0.33950886
  0.22327104  0.3442165  -2.053881    0.10495587]
[-0.03657792  0.29279083  0.7646131   0.25884882  1.8819233   0.30422625
 -0.47624016 -0.03114601 -0.08847706 -1.8192974   0.4628939  -0.30718333
  0.3192873   0.19489543 -1.8533041   0.07725213]
[-0.09853168  0.33314973  0.6988022   0.3466309   2.0235014   0.26154175
 -0.5136979  -0.09995975 -0.13413987 -1.8651965   0.58950436 -0.36695856
  0.28876096  0.24841607 -1.912337    0.14671764]
[-0.09728398  0.37420526  0.64019525  0.42457366  2.0328488   0.26480365
 -0.49040586 -0.14833423 -0.1607258  -1.825422    0.6518403  -0.35239804
  0.25072986  0.24667577 -2.0361063   0.1701546 ]
[-0.0504146   0.26731628  0.61903554  0.5115766   2.0600452   0.2077388
 -0.50296986 -0.16592851 -0.27971363 -1.7721115   0.6442393  -0.4077998
  0.2944305   0.29353845 -2.031818    0.2595485 ]
[-0.05341023  0.15798648  0.66195834  0.57909715  1.9928484   0.2113919
 -0.50603133 -0.13024779 -0.33206257 -1.6875451   0.4985405  -0.40491915
  0.34042293  0.2895103  -1.9756968   0.3067429 ]
[-0.06423949  0.07187003  0.68723     0.6173329   1.9216741   0.16676095
 -0.4528656  -0.08738907 -0.38338572 -1.643269    0.3934186  -0.401439
  0.35208595  0.30881053 -1.8925186   0.35692653]
[-0.05342362 -0.00403407  0.7034724   0.5517318   1.9004681   0.17628562
 -0.40300116 -0.07564209 -0.40850925 -1.5658557   0.32533878 -0.3988472
  0.36466345  0.34825173 -1.7834285   0.27208513]
[-0.06113841  0.07896774  0.6615079   0.48030886  1.9257135   0.18599819
 -0.4279677  -0.08594916 -0.30743334 -1.605541    0.37155613 -0.39253196
  0.39745793  0.29569548 -1.7946028   0.22753493]
[-0.09887804  0.18053024  0.6571883   0.4271759   1.9077797   0.2502264
 -0.47445226 -0.08921678 -0.2398903  -1.678454    0.38997704 -0.3551545
  0.38549584  0.3062432  -1.791002    0.17205136]
[-0.14692964  0.28235036  0.6777514   0.3731914   1.9562728   0.32113963
 -0.53671134 -0.09314315 -0.16652544 -1.7688938   0.45051163 -0.33101177
  0.30918774  0.2961966  -1.8318489   0.15784529]
[-0.11880638  0.36455172  0.57650477  0.4817041   1.975146    0.27122873
 -0.4911399  -0.14092025 -0.1407736  -1.7642415   0.5521137  -0.32265392
  0.16927612  0.32888955 -2.066106    0.2767685 ]
[-0.13567398  0.3685635   0.5103015   0.6197539   2.0020745   0.2661768
 -0.5003556  -0.19953895 -0.17821476 -1.70696     0.6125105  -0.3287963
  0.08829506  0.39251786 -2.2028232   0.34408614]
[-0.00634657  0.2732658   0.4854784   0.7094153   1.9489387   0.18678829
 -0.41383052 -0.22213897 -0.27373233 -1.6317307   0.6005918  -0.38989714
  0.07658409  0.4452477  -2.2627678   0.4268117 ]
[ 0.0461089   0.16111459  0.58484095  0.64544433  1.9296329   0.19459084
 -0.41776115 -0.20145711 -0.31595173 -1.563146    0.46828204 -0.41671386
  0.18357253  0.3471839  -2.100051    0.40722856]
[ 0.06922156  0.04703123  0.63837904  0.5663908   1.9341205   0.15814519
 -0.3825735  -0.14661784 -0.3805229  -1.5200346   0.35479456 -0.4479735
  0.30913925  0.27916217 -1.9373983   0.4128057 ]
[-0.01027097  0.01157182  0.67713153  0.40091625  1.9968674   0.14972755
 -0.44386306 -0.08792754 -0.4030044  -1.5302013   0.2945238  -0.45527372
  0.3855023   0.2534126  -1.6938223   0.4119571 ]
[ 0.04529528  0.03927878  0.65006363  0.46438757  2.005817    0.14715989
 -0.39381182 -0.12750188 -0.39593735 -1.5157125   0.2960946  -0.44484615
  0.34049922  0.31659338 -1.8407147   0.36904362]
[ 0.07326116  0.20474622  0.5608508   0.50324076  2.037183    0.13954814
 -0.36121792 -0.18396911 -0.33258802 -1.6027336   0.44013938 -0.4286169
  0.1985028   0.32488006 -2.016669    0.40023184]
[ 0.06288682  0.25176272  0.5319134   0.504012    2.0658467   0.2027793
 -0.39987883 -0.1863532  -0.3186502  -1.6249498   0.48791966 -0.4063758
  0.12051468  0.32845193 -2.0414665   0.37776738]
[ 0.08377041  0.2253977   0.47816196  0.49467754  2.1164966   0.15772465
 -0.46182126 -0.15809968 -0.26428056 -1.5587728   0.54817283 -0.40208
  0.09178062  0.28597105 -2.1441963   0.46339697]
[ 0.24299999  0.0789385   0.43652716  0.5716469   2.0852215   0.04605905
 -0.32608286 -0.17715509 -0.36646885 -1.4239745   0.49994844 -0.47409123
  0.14521194  0.38232332 -2.2719676   0.5059701 ]
[ 2.9273385e-01 -9.3663333e-04  4.1762725e-01  6.2459916e-01
  2.0906415e+00 -1.2420094e-02 -2.5047779e-01 -2.2003815e-01
 -4.9223962e-01 -1.3437549e+00  4.6829534e-01 -5.3645241e-01
  2.0213056e-01  4.8637590e-01 -2.2602463e+00  4.8889080e-01]
[ 0.27268973  0.03948518  0.40012106  0.44322     2.2012105  -0.11559552
 -0.2924395  -0.24132589 -0.62557226 -1.4338808   0.6500489  -0.61505187
  0.25334933  0.43216187 -1.9812692   0.57108724]
[ 0.19300523 -0.04218512  0.5116588   0.4966232   2.1894085  -0.05505847
 -0.3332247  -0.20488063 -0.62378395 -1.4637878   0.52855766 -0.5885325
  0.41639796  0.36454692 -1.91421     0.47998124]
[ 0.1340995  -0.05637496  0.513202    0.50831735  2.1700187  -0.04119571
 -0.3112806  -0.21042053 -0.6518211  -1.4860013   0.48697442 -0.5996585
  0.4690435   0.3962172  -1.8499197   0.4846882 ]
[ 0.17914583 -0.03983203  0.5482727   0.4910592   2.1283116  -0.05666437
 -0.31630346 -0.18949017 -0.6210289  -1.4973428   0.45961595 -0.60517794
  0.41046017  0.37281525 -1.8450882   0.53960407]
[ 0.16209583 -0.0430954   0.5593297   0.47072172  2.1647084  -0.04805253
 -0.34774405 -0.18567316 -0.582739   -1.5094142   0.4539609  -0.623592
  0.43793684  0.34449193 -1.8259662   0.53157866]
[ 0.12376448 -0.02453536  0.55489284  0.5319627   2.0732133  -0.01857244
 -0.3257772  -0.1428911  -0.502238   -1.5027626   0.4443384  -0.5221648
  0.39742616  0.40171504 -1.9448993   0.40955323]
[ 0.02983599 -0.02083977  0.6195658   0.5167673   2.0637343   0.06554139
 -0.39847878 -0.09582087 -0.44617432 -1.5232465   0.3509044  -0.4561886
  0.4516653   0.39918903 -1.906943    0.30124575]
[ 0.05032506  0.04564821  0.55197346  0.57822907  2.0368161   0.01233409
 -0.3153132  -0.12056515 -0.43068743 -1.5901108   0.39481518 -0.48263493
  0.36088228  0.4775773  -2.0139022   0.39930266]
[ 0.01124598  0.11099966  0.6039034   0.50865185  2.062047    0.0950946
 -0.42683882 -0.08105509 -0.38652867 -1.6570275   0.3853544  -0.45368972
  0.31139982  0.33804747 -1.9013913   0.43745142]
[-0.00377773  0.13425112  0.5723442   0.570701    1.9766753   0.14486668
 -0.3843529  -0.07959576 -0.30171072 -1.5641006   0.43115082 -0.3619661
  0.20151381  0.3876496  -2.0802193   0.3069421 ]
[ 0.02939949  0.14179909  0.5856648   0.49160752  1.9756616   0.1130481
 -0.42815357 -0.04363066 -0.22602348 -1.5465405   0.44059396 -0.3247437
  0.24366431  0.33214858 -2.1339915   0.29820764]
[ 0.03509688  0.07853225  0.571854    0.55101454  2.0320892   0.02804366
 -0.3616038  -0.11252967 -0.37024814 -1.5962288   0.43437964 -0.43792096
  0.3467886   0.4480257  -2.0275147   0.33187503]
[-0.06180008  0.12077162  0.6515269   0.52931947  2.0332582   0.10936902
 -0.40255094 -0.15360577 -0.43777543 -1.7456656   0.43156117 -0.5028809
  0.40565372  0.4195355  -1.8151808   0.37380165]
[-0.07197252  0.19200993  0.6578146   0.46280408  1.9220445   0.23334782
 -0.41169882 -0.02774088 -0.22003393 -1.7112707   0.35464114 -0.33003706
  0.24476306  0.31203628 -1.9528319   0.29872543]
[-0.04057181  0.16546421  0.5483395   0.5054344   1.9750271   0.18391462
 -0.43631    -0.02724987 -0.1569973  -1.6172479   0.42797154 -0.28722587
  0.22441652  0.2618442  -2.0954034   0.31922647]
[ 0.03607059  0.10180745  0.48488188  0.61621636  2.014707    0.07576512
 -0.35196298 -0.12413998 -0.3082289  -1.5404428   0.4564422  -0.3838342
  0.26177946  0.40777516 -2.1757388   0.38075218]
[-0.02523397  0.11977265  0.5316225   0.67456853  1.954644    0.08486241
 -0.33376232 -0.15409596 -0.40167522 -1.5802534   0.42117682 -0.42942953
  0.3163899   0.51668227 -2.1225102   0.3802496 ]
[-0.12156794  0.14698021  0.63970286  0.57038313  1.9796776   0.16657528
 -0.3967164  -0.12101507 -0.38669115 -1.6882541   0.36583984 -0.4501644
  0.35091567  0.37573823 -1.8674526   0.3925529 ]
[-0.09870806  0.14782819  0.53566223  0.57796556  1.9066038   0.18810792
 -0.3308267  -0.05417674 -0.2622516  -1.60906     0.3454819  -0.3660609
  0.20516708  0.3777052  -2.0087008   0.40162858]
[-1.0697603e-03  1.1135236e-01  5.1130688e-01  5.7829690e-01
  1.9089890e+00  1.4832309e-01 -3.2463264e-01 -6.9787867e-02
 -2.2426438e-01 -1.4735419e+00  3.5943413e-01 -3.4210539e-01
  8.5791767e-02  3.8659504e-01 -2.1438630e+00  4.4490585e-01]
[ 0.15863024  0.11280793  0.48927847  0.59352744  1.8447498   0.06395081
 -0.22271797 -0.12813266 -0.2654044  -1.4050791   0.3736289  -0.37379712
  0.04899427  0.47886333 -2.271232    0.4573005 ]
[ 0.09141898  0.18262441  0.5050298   0.56610245  1.9098237   0.14669535
 -0.28357783 -0.18568794 -0.31222895 -1.5047984   0.37684524 -0.39564818
  0.19126937  0.40529203 -2.1400905   0.40323544]
[-0.05064534  0.24542621  0.50453097  0.5340997   2.0297737   0.22760336
 -0.40294212 -0.16399786 -0.3029386  -1.6131178   0.44344473 -0.3802842
  0.23217984  0.3746816  -2.019429    0.29598874]
[-0.02241006  0.2546849   0.51571685  0.48202235  2.042928    0.19883843
 -0.4470702  -0.11436479 -0.23060623 -1.6379093   0.4970376  -0.35067874
  0.16880088  0.32474688 -2.100707    0.3732304 ]
[ 0.1842198   0.19222236  0.43564072  0.5647395   1.976373    0.09477794
 -0.30927178 -0.15485643 -0.29367632 -1.4499652   0.5150382  -0.4145072
 -0.01305043  0.46657887 -2.3291783   0.49060202]
[ 0.161611    0.11978021  0.54329646  0.5425096   2.0183182   0.10245498
 -0.389277   -0.09731363 -0.30702537 -1.4759334   0.4370715  -0.41569203
  0.09722424  0.3273682  -2.189855    0.48068365]
[ 0.28156346  0.03456954  0.39542037  0.5371243   2.0795906  -0.1081311
 -0.24331248 -0.13975263 -0.4523334  -1.4468379   0.5807876  -0.5175767
  0.177865    0.4327732  -2.1432872   0.4859921 ]
[ 0.22115247 -0.01411173  0.50609297  0.483985    2.07221    -0.08368028
 -0.285259   -0.10137836 -0.44577122 -1.4588585   0.4776926  -0.523322
  0.30940458  0.4144619  -2.0611944   0.44184223]
[ 0.2607857  -0.01651543  0.5580479   0.38954037  2.1228013  -0.09481563
 -0.33986574 -0.10178826 -0.5030108  -1.5010275   0.42885596 -0.5512949
  0.35022393  0.364383   -1.8944976   0.48585048]
[ 0.26328126  0.01706505  0.6428875   0.39564764  2.0910065   0.0094489
 -0.36784193 -0.12216063 -0.48794922 -1.5378059   0.39131528 -0.53421116
  0.35869533  0.30636406 -1.9096702   0.43964472]
[ 0.13331541  0.10727916  0.63843817  0.41670007  2.0569859   0.08330119
 -0.447223   -0.06387196 -0.3612568  -1.5948522   0.47176027 -0.43209475
  0.29468995  0.30637085 -1.9641947   0.3046282 ]
[ 0.06138791  0.12185428  0.58705664  0.37385088  2.1850448   0.01359198
 -0.531994   -0.0478106  -0.31498557 -1.6466472   0.55326116 -0.43075523
  0.37607175  0.24146204 -1.9350185   0.34471026]
[ 0.07490913  0.08648602  0.56370085  0.5000783   2.1739151  -0.07278501
 -0.42605084 -0.14957921 -0.4426148  -1.6615856   0.59344816 -0.5474877
  0.3780399   0.417602   -1.9949185   0.4607274 ]
[-0.02817849  0.08373003  0.57460546  0.5251123   2.2300515  -0.04187899
 -0.50342596 -0.19350192 -0.52461636 -1.7525835   0.62386644 -0.63906395
  0.43584862  0.37831154 -1.7592437   0.55011255]
[-0.04028284  0.1479272   0.5684608   0.50274086  2.1212122   0.00932045
 -0.4661359  -0.1399143  -0.4204058  -1.7028166   0.5939481  -0.54469985
  0.28290164  0.31602398 -1.8000762   0.5309123 ]
[-0.0279851   0.08255886  0.59343547  0.43483162  2.0703807   0.05229833
 -0.4723279  -0.06381862 -0.33859417 -1.6119995   0.4678963  -0.44601363
  0.29755756  0.27005947 -1.7903122   0.43852025]
[ 0.0687279   0.0765102   0.5294229   0.5131239   2.033957   -0.02324854
 -0.33280307 -0.13922255 -0.37955198 -1.5480835   0.48576155 -0.48644075
  0.26303202  0.39072493 -1.9450067   0.4493351 ]
[ 0.01974235  0.1395464   0.59404933  0.4411417   2.0710752   0.05788289
 -0.41514063 -0.20073862 -0.42561418 -1.643967    0.49162874 -0.53960407
  0.31480712  0.37516972 -1.7836826   0.46305138]
[ 0.01245028  0.2551207   0.6020937   0.43710548  1.9422385   0.23998189
 -0.37015802 -0.16049859 -0.28049436 -1.640795    0.42005292 -0.38374582
  0.20970304  0.3337635  -1.9555943   0.29284018]
[-0.0064372   0.3212066   0.48927903  0.44500238  2.0191913   0.20749874
 -0.41561761 -0.13251409 -0.18075779 -1.690601    0.53331196 -0.36891717
  0.10750945  0.29152283 -2.0796866   0.4171915 ]
[ 0.07923905  0.25154123  0.47244915  0.5037292   2.0904238   0.16603059
 -0.43789482 -0.16962013 -0.25561237 -1.5640143   0.55858195 -0.39263377
  0.03904065  0.31388137 -2.1759849   0.47760257]
[ 0.29113975  0.15461421  0.39166632  0.59149134  2.0049422   0.05954638
 -0.2653878  -0.20277295 -0.34705728 -1.3961664   0.54713094 -0.45070624
 -0.00343767  0.4570445  -2.3599687   0.48264295]
[ 0.28789702  0.05499216  0.46634835  0.5372158   2.106076    0.01991375
 -0.3217159  -0.1852024  -0.45485634 -1.4293371   0.49783525 -0.52240646
  0.22097723  0.33496347 -2.1501362   0.49287558]
[ 0.2738106   0.05535366  0.39169234  0.46006984  2.187637   -0.12050188
 -0.2775075  -0.23503835 -0.61429954 -1.4223108   0.63331044 -0.60736525
  0.2668118   0.43540207 -1.982639    0.5129305 ]
[ 0.24551249 -0.04745855  0.5259237   0.46851683  2.1706564  -0.05128913
 -0.31276384 -0.17777081 -0.5854588  -1.4143257   0.45678622 -0.5690141
  0.41823977  0.3601118  -1.9291239   0.39472136]
[ 0.27915472 -0.05856401  0.5889782   0.40725556  2.187268   -0.00665121
 -0.32734102 -0.1603825  -0.5709176  -1.4282515   0.42249745 -0.5634648
  0.41047755  0.32092786 -1.9045913   0.35559428]
[ 0.27189484  0.00744255  0.5961585   0.38488764  2.1596208  -0.00459537
 -0.33782727 -0.14516851 -0.5141961  -1.4827473   0.5002521  -0.5419164
  0.31754047  0.2961634  -1.9405864   0.38482055]
[ 0.15074904  0.02524162  0.6165244   0.39728972  2.1964498   0.02689769
 -0.41478    -0.15024307 -0.5250748  -1.5526456   0.5264243  -0.53329885
  0.4374569   0.26642796 -1.8450425   0.3276925 ]
[ 0.11245499  0.04567092  0.53967106  0.42322007  2.2296605  -0.04993605
 -0.38730687 -0.17863093 -0.54848236 -1.5904534   0.59291667 -0.5693171
  0.47426286  0.32894862 -1.8493048   0.37886298]
[ 0.0906582  -0.06707938  0.56659853  0.40782556  2.2709253  -0.09489554
 -0.43118626 -0.14953937 -0.6426072  -1.6167943   0.52935827 -0.672694
  0.57749987  0.34946033 -1.6649383   0.50511   ]
[ 0.05665819 -0.02323358  0.58572024  0.45130712  2.1980252  -0.04267507
 -0.45094436 -0.11202707 -0.5682213  -1.6514221   0.4867443  -0.60978067
  0.4939177   0.3157414  -1.6887878   0.51779836]
[ 0.04726787  0.00346456  0.639824    0.5096958   2.0502524   0.05979665
 -0.36511666 -0.12303579 -0.48978773 -1.5779768   0.41043606 -0.50400877
  0.39188272  0.32660073 -1.8143642   0.38857675]
[-0.01121773 -0.0218863   0.6348511   0.46665135  2.0833411   0.06846514
 -0.45579138 -0.05606844 -0.39841136 -1.5905434   0.41413268 -0.4586358
  0.43251705  0.31232762 -1.8038746   0.33528468]
[ 0.02907269  0.02410088  0.5586073   0.45538086  2.0674405   0.01328584
 -0.4076797  -0.04473715 -0.34514505 -1.6306288   0.43667102 -0.44472462
  0.42839938  0.32599074 -1.8672348   0.3540226 ]
[ 0.03156413  0.11083201  0.5636263   0.48534584  2.0805542   0.02291493
 -0.39021564 -0.11724339 -0.39542666 -1.691159    0.45664224 -0.4867452
  0.3546512   0.3965245  -1.8861586   0.42135662]
[-0.07916234  0.25785857  0.5674759   0.5685008   1.8779972   0.16294067
 -0.38117722 -0.05528078 -0.1998364  -1.7644145   0.43763867 -0.34158212
  0.16183127  0.39594087 -2.023505    0.37029734]
[-0.03944533  0.32268515  0.48998857  0.5822377   1.8914745   0.1549833
 -0.3798588  -0.06192003 -0.10688442 -1.7363479   0.5181571  -0.32674256
  0.02099264  0.31800795 -2.1574159   0.46774024]
[ 0.06222711  0.23120013  0.42812958  0.6494299   1.9441799   0.08407654
 -0.32733247 -0.1297205  -0.18326561 -1.5869272   0.5751774  -0.39670223
 -0.00618179  0.38043633 -2.2579901   0.48899335]
[ 0.22623467  0.14497454  0.43341     0.6570531   1.8522284   0.04087727
 -0.20272465 -0.14625114 -0.20639992 -1.3899233   0.49011287 -0.40183443
 -0.04390603  0.52519983 -2.4197934   0.39200535]
[ 0.21027914  0.1928906   0.54978913  0.4983743   1.959885    0.05757529
 -0.28247976 -0.16930184 -0.2854676  -1.5232847   0.5124401  -0.45931092
  0.12058116  0.42386895 -2.227098    0.37325794]
[ 0.1778802   0.31760466  0.588719    0.47034198  1.9183037   0.10279729
 -0.26886165 -0.25560057 -0.39888462 -1.6582658   0.6102041  -0.47250122
  0.13351849  0.50748205 -2.117828    0.29590607]
[-0.0237546   0.3014037   0.5437442   0.45374948  2.05752     0.16043602
 -0.4897542  -0.13501255 -0.21771343 -1.7616037   0.5929828  -0.38445085
  0.18342713  0.30393726 -2.0575836   0.42793816]
[ 0.04277884  0.26478073  0.4615675   0.55362797  2.1116078   0.08614241
 -0.46906623 -0.21075073 -0.31412667 -1.7003973   0.6839286  -0.45861763
  0.12240037  0.34168246 -2.138677    0.58136785]
[ 0.09135237  0.20098893  0.415006    0.68532073  1.9803903   0.02266257
 -0.34809324 -0.23004751 -0.37612894 -1.6010883   0.6420227  -0.48901048
  0.08238509  0.5353459  -2.2580297   0.6049425 ]
[ 0.07156991  0.05687088  0.4951777   0.67347586  2.0477734   0.03143721
 -0.38304502 -0.23419805 -0.4721964  -1.5665119   0.52153766 -0.5521299
  0.32899418  0.42853752 -2.0380688   0.54802334]
[ 0.06327505  0.01272403  0.48854446  0.59105825  2.115503   -0.07076655
 -0.3487647  -0.25867862 -0.6042319  -1.5452497   0.54274666 -0.67588985
  0.43191776  0.5170432  -1.8303034   0.53051955]
[ 0.13633716  0.0420612   0.5006931   0.5397836   2.0446732  -0.00808238
 -0.31165382 -0.18245348 -0.4842712  -1.476557    0.44551095 -0.52263194
  0.34964305  0.47666302 -1.9469292   0.351453  ]
[ 0.02236191  0.13345924  0.66133565  0.41777343  2.0081594   0.17703855
 -0.43484196 -0.10621326 -0.34131154 -1.5779867   0.35523626 -0.42990476
  0.3487254   0.3646413  -1.9039156   0.25743708]
[ 0.02386929  0.2303135   0.59047896  0.50889754  1.989003    0.2121838
 -0.38791627 -0.16136818 -0.26569018 -1.618591    0.489572   -0.40592274
  0.206917    0.42359605 -2.1379323   0.25162607]
[ 0.0257179   0.34200948  0.52871096  0.5705966   1.979599    0.2244143
 -0.4056899  -0.2056574  -0.22599931 -1.668091    0.62648463 -0.37690747
  0.08341469  0.42756504 -2.2738204   0.2965161 ]
[ 0.11813228  0.26888654  0.5024163   0.5896632   1.9782896   0.14806311
 -0.39735138 -0.20464222 -0.28296548 -1.6498026   0.6416307  -0.4015085
  0.12619002  0.39938945 -2.2438054   0.35709804]
[ 0.09851609  0.10608766  0.60027826  0.65721476  1.9743267   0.15419874
 -0.4526412  -0.15858944 -0.35719943 -1.6094414   0.4725906  -0.4322772
  0.3158752   0.31507435 -2.070125    0.33565754]
[ 0.11026499  0.04294431  0.59936094  0.63104105  1.9800923   0.05994623
 -0.36171222 -0.15068527 -0.43127936 -1.5757695   0.4228201  -0.4999113
  0.35491362  0.30922127 -1.94889     0.41136456]
[ 0.10113417  0.02212904  0.713867    0.40283903  1.9856392   0.01983899
 -0.37042382 -0.123298   -0.5279182  -1.5470351   0.3889081  -0.55904126
  0.42136535  0.3444813  -1.6908913   0.3731524 ]
[ 0.08529203  0.00243799  0.60885835  0.40318957  2.0720987   0.00800754
 -0.38307124 -0.08728976 -0.42480803 -1.5446554   0.39078516 -0.52969664
  0.38953835  0.2849976  -1.7442486   0.42572275]
[ 0.10315368  0.15160725  0.7050597   0.373075    1.9345019   0.17685811
 -0.3358224  -0.13764155 -0.33912814 -1.6068741   0.37564057 -0.43303236
  0.26176357  0.30725715 -1.8545036   0.2703179 ]
[ 0.03502612  0.31035978  0.67291224  0.36840725  1.9341547   0.24883218
 -0.36762837 -0.16270721 -0.25694662 -1.7175575   0.51426405 -0.4012273
  0.14330944  0.31559712 -1.9680521   0.28287506]
[ 0.03710322  0.37553573  0.5547434   0.38100785  2.0001884   0.22116773
 -0.41939157 -0.1678395  -0.16088931 -1.7592943   0.62572306 -0.3578573
  0.1207397   0.23312402 -2.0835357   0.35227504]
[ 0.07974656  0.27785957  0.48475486  0.49696103  2.0797598   0.14298503
 -0.40196362 -0.23507753 -0.33227625 -1.6818788   0.6598582  -0.45444974
  0.16119152  0.32454935 -2.111103    0.4641103 ]
[ 0.13130502  0.1372828   0.4583394   0.58437073  2.0498545   0.0858359
 -0.35646763 -0.22811241 -0.42742237 -1.5450294   0.56180006 -0.50542384
  0.1837013   0.42061147 -2.1656702   0.57252187]
[ 0.13038726  0.07223728  0.4797674   0.62460864  2.0397427   0.05273891
 -0.34937024 -0.25489387 -0.54761046 -1.537957    0.51027966 -0.5647852
  0.30587092  0.41222495 -2.0578134   0.644917  ]
[ 0.09263349  0.13173501  0.29086676  0.56545466  2.0486844  -0.08685988
 -0.2789436  -0.2804207  -0.6501994  -1.5051116   0.6857077  -0.608575
  0.23372746  0.566572   -1.950337    0.70969164]
[ 0.06951544 -0.0931208   0.5035455   0.6140286   2.0177033   0.01028586
 -0.2690364  -0.21735159 -0.6433133  -1.3987645   0.38490137 -0.57416415
  0.45200387  0.51269305 -1.9068978   0.49425   ]
[ 0.17660527 -0.03589708  0.49609017  0.5254803   2.0396743  -0.05113221
 -0.26989546 -0.20342049 -0.5796281  -1.4556972   0.41275734 -0.5832616
  0.39639658  0.48959246 -1.90133     0.50223315]
[ 0.13794796  0.06674177  0.5742129   0.44362798  2.0369093   0.02691049
 -0.30862743 -0.23423067 -0.5524953  -1.5242049   0.41237125 -0.6006523
  0.35802224  0.4628508  -1.8494036   0.51070756]
[ 0.03750049  0.21208663  0.5606884   0.4893135   1.9587158   0.17649755
 -0.3707293  -0.18273917 -0.35697207 -1.5820286   0.40423703 -0.45942178
  0.2517913   0.40335768 -2.0017467   0.41738445]
[ 0.04797494  0.26340055  0.45035863  0.529657    2.0186374   0.14280683
 -0.4069531  -0.19270197 -0.28431642 -1.5709205   0.5249591  -0.42024833
  0.19603279  0.37532195 -2.1649263   0.44777203]
[ 0.19696438  0.17979386  0.42924625  0.6204662   1.9605182   0.04076092
 -0.27945316 -0.22858934 -0.37962916 -1.4740648   0.58186907 -0.4876811
  0.10345465  0.5755423  -2.3544357   0.46858987]
[ 0.22006115  0.07855229  0.5127118   0.6333364   1.972069    0.0294656
 -0.26598117 -0.24174786 -0.4855226  -1.4939318   0.5331445  -0.5397914
  0.1571742   0.5775095  -2.2263598   0.49299592]
[ 0.17164743  0.11781316  0.59361714  0.6521177   1.9072139   0.03024203
 -0.2019463  -0.31241307 -0.6227244  -1.5402396   0.5318436  -0.58410865
  0.18119366  0.63244843 -2.0580056   0.45569128]
[ 0.02611691  0.00330331  0.5923314   0.5431651   2.1046405   0.032885
 -0.41917342 -0.19827488 -0.52080405 -1.5518181   0.4935935  -0.54121
  0.39446694  0.3502132  -1.8588467   0.50511944]
[ 0.06110837  0.00699671  0.5419632   0.582308    2.059922   -0.04123817
 -0.3239937  -0.20356198 -0.52999145 -1.5584778   0.4907381  -0.5594362
  0.41633853  0.4559422  -1.9431009   0.5003283 ]
[ 0.02102483  0.03028446  0.5551121   0.5376699   2.1178958  -0.03063546
 -0.39012757 -0.19952364 -0.5764089  -1.6049328   0.45827731 -0.6041173
  0.42722648  0.46356446 -1.7797451   0.5353825 ]
[-0.05997457  0.18012401  0.64467937  0.60713166  1.9391718   0.1525642
 -0.3718351  -0.19200045 -0.43526053 -1.6925427   0.41180834 -0.46814305
  0.26722965  0.44895568 -1.9221417   0.44791284]
[-0.10991778  0.31860745  0.54547036  0.60048497  1.9512699   0.18972467
 -0.4181431  -0.1827068  -0.27518088 -1.7391669   0.5157727  -0.39768466
  0.1051072   0.38132814 -2.0005558   0.475207  ]
[-0.10549829  0.30903625  0.46377453  0.63168144  1.9790518   0.20108826
 -0.43589965 -0.16983818 -0.18854454 -1.6191981   0.5389165  -0.36484504
  0.00638458  0.3384429  -2.1197395   0.49432176]
[ 0.10553634  0.2002429   0.4845604   0.60820395  1.9706278   0.12342129
 -0.3474343  -0.18976285 -0.260293   -1.4899174   0.5065898  -0.41611654
  0.01921881  0.36202842 -2.2141583   0.4939065 ]
[ 0.22214082  0.1657747   0.46316043  0.6233499   1.9073822   0.0606557
 -0.22809763 -0.23378229 -0.33661747 -1.393025    0.4700734  -0.45220485
 -0.01463743  0.51311606 -2.3119385   0.5015017 ]
[ 0.02530177  0.25670943  0.50213856  0.536198    2.0027056   0.15523547
 -0.37783322 -0.24259119 -0.3503038  -1.533802    0.5155686  -0.4731919
  0.0923139   0.43608817 -2.0753849   0.4902658 ]
[ 0.05838599  0.2907137   0.47064155  0.5067393   2.093483    0.151838
 -0.39561802 -0.27253768 -0.36378416 -1.5851443   0.6375392  -0.4627511
  0.09692283  0.376      -2.0963643   0.4503432 ]
[ 0.14603063  0.28179687  0.4100379   0.5075289   2.1054974   0.09367178
 -0.3832016  -0.2829948  -0.37342644 -1.5517597   0.7359261  -0.4755478
  0.0340169   0.41987967 -2.2042072   0.49193412]
[ 0.17366949  0.15685931  0.5242779   0.4867052   2.148003    0.12281092
 -0.44074997 -0.27452552 -0.4575839  -1.5072968   0.61054206 -0.53453434
  0.17430568  0.32548055 -2.0496364   0.49733537]
[ 0.17167115  0.08836053  0.49049664  0.52193916  2.1458762   0.05785839
 -0.3964088  -0.24957791 -0.52716476 -1.4302306   0.54732734 -0.5650453
  0.22336717  0.3820781  -2.0518913   0.5491142 ]
[ 0.21316934  0.08413038  0.3576506   0.40128827  2.2347655  -0.16222727
 -0.32719246 -0.28823808 -0.6936406  -1.4544982   0.73341125 -0.6914043
  0.30141896  0.4695894  -1.8763374   0.66056   ]
[ 0.21635866 -0.02810121  0.4564043   0.4784279   2.1852574  -0.09813355
 -0.29052234 -0.26636654 -0.7016056  -1.4216278   0.59242857 -0.65336764
  0.39463538  0.45945805 -1.877649    0.51077926]
[ 0.20841262 -0.09971575  0.571782    0.47601303  2.1550603  -0.04364648
 -0.30973572 -0.23167424 -0.6962884  -1.4665736   0.46522737 -0.6466876
  0.47080144  0.43708172 -1.7985417   0.46375075]
[ 0.16636536 -0.03449322  0.6476058   0.43472403  2.1067874   0.01168309
 -0.35217416 -0.22457342 -0.66524374 -1.5603813   0.45290413 -0.6332286
  0.46660608  0.35221657 -1.7373784   0.52628887]
[ 0.04172195  0.01165954  0.68378294  0.4487892   2.0655417   0.12010927
 -0.42159683 -0.19033232 -0.554095   -1.5811474   0.41431776 -0.5386789
  0.4691294   0.27890784 -1.7327378   0.43970194]
[ 0.04600891 -0.02939659  0.6128327   0.5000577   2.0862958   0.06912754
 -0.39480615 -0.18317612 -0.55378073 -1.5482377   0.44249    -0.54137975
  0.47706804  0.33984375 -1.8091707   0.44014326]
[ 0.09757298 -0.04550915  0.5655464   0.461145    2.1420922  -0.0152881
 -0.41713142 -0.1475404  -0.5105553  -1.5726478   0.46537226 -0.5625268
  0.47426683  0.3439625  -1.8139832   0.49154282]
[ 0.09704291  0.05542308  0.49788356  0.52583534  2.1112914  -0.02724983
 -0.35366577 -0.23508196 -0.55713147 -1.5759046   0.52386755 -0.6139813
  0.346847    0.4726201  -1.8669409   0.5599307 ]
[-0.00204771  0.15500781  0.5838264   0.53311515  2.0241978   0.13941804
 -0.40774193 -0.21194938 -0.41987857 -1.6362226   0.43004632 -0.50256723
  0.3656475   0.37169656 -1.899976    0.4352649 ]
[-0.00479791  0.15400305  0.48610935  0.6300044   2.0075126   0.13322362
 -0.35373443 -0.23533921 -0.39282703 -1.5983152   0.50729954 -0.48556083
  0.3085321   0.4470148  -2.053736    0.4051966 ]
[ 0.14080735  0.05102827  0.50832176  0.5826049   2.0585623   0.07415935
 -0.34846607 -0.17743714 -0.34396994 -1.5203354   0.5146562  -0.49429616
  0.2402987   0.43064624 -2.1575792   0.39194855]
[ 0.27732736  0.07489289  0.48500925  0.6089913   1.9636228   0.01767606
 -0.20919418 -0.23558602 -0.39555266 -1.4268425   0.5143766  -0.53995454
  0.12423609  0.5569604  -2.2980027   0.43423003]
[ 0.2762394   0.17136057  0.6116582   0.5448989   1.8994824   0.08366887
 -0.1528792  -0.33078983 -0.5182369  -1.526865    0.55179393 -0.59846056
  0.16495432  0.60616195 -2.1513028   0.3181335 ]
[ 0.0517543   0.17224762  0.60727376  0.46600777  2.099205    0.13360608
 -0.42962733 -0.22334957 -0.41618568 -1.641622    0.52742875 -0.51225597
  0.38088554  0.32799706 -1.9396607   0.34895223]
[ 0.1690937   0.10114708  0.54077417  0.52502424  2.0763307   0.01979954
 -0.32596716 -0.22785291 -0.44738454 -1.5893229   0.5779134  -0.5560884
  0.36555868  0.43602458 -2.0949173   0.38050175]
[ 0.18978111  0.09881572  0.60264003  0.5073552   2.053829   -0.00759102
 -0.30802432 -0.21106453 -0.4911375  -1.6492733   0.5481395  -0.59803545
  0.3376811   0.4401235  -2.0363457   0.47750086]
[ 0.23310864  0.21248011  0.5967001   0.61663103  1.8216702  -0.00672187
 -0.13351884 -0.2899789  -0.6062045  -1.6623455   0.60315335 -0.5907756
  0.13567288  0.6712735  -2.0868466   0.43962866]
[-0.0265954   0.08851601  0.62776154  0.6409202   2.0326946   0.09459444
 -0.43440074 -0.16053769 -0.39145368 -1.606879    0.47235364 -0.4648705
  0.2713977   0.379643   -1.9776008   0.4074108 ]
[ 0.05744288  0.09148769  0.5584936   0.6428069   1.9940827   0.04111481
 -0.35451663 -0.16251369 -0.35280728 -1.5423645   0.5130354  -0.46392018
  0.2663391   0.39690715 -2.0916972   0.35624212]
[ 0.06212018  0.09533085  0.63946676  0.4378845   2.08297     0.05016112
 -0.48623586 -0.11538229 -0.37836283 -1.6475344   0.4587863  -0.50094485
  0.3896787   0.27465162 -1.782706    0.37532428]
[ 0.07863982  0.18372445  0.71092564  0.4750575   1.9789044   0.16889438
 -0.3769117  -0.18194878 -0.37623817 -1.5930288   0.4268486  -0.46879834
  0.23395464  0.41337308 -1.970576    0.24757639]
[ 0.01921085  0.30359778  0.6388042   0.43847322  2.0094247   0.19605309
 -0.44636267 -0.1717238  -0.22667226 -1.712532    0.57857066 -0.41674978
  0.15781441  0.35122085 -2.0468552   0.2779743 ]
[-0.01614448  0.36113548  0.58698404  0.47916302  2.0563436   0.2249219
 -0.49033427 -0.19743356 -0.19789143 -1.763575    0.68095887 -0.39761227
  0.10570155  0.33038458 -2.1264808   0.3137594 ]
[ 0.06255613  0.2754731   0.5681323   0.5503214   2.0510705   0.14771906
 -0.48347846 -0.19150017 -0.26677746 -1.730675    0.67125064 -0.42864785
  0.14438853  0.32112733 -2.1521657   0.4124876 ]
[ 0.02596776  0.20798357  0.57982916  0.6366833   2.0392704   0.12709388
 -0.5313061  -0.1900367  -0.33267814 -1.690052    0.6102611  -0.45019644
  0.23897052  0.31215447 -2.0852737   0.4541936 ]
[ 0.02826015  0.11266176  0.58382344  0.62989455  2.0941951   0.05241016
 -0.46970892 -0.18694593 -0.42354187 -1.6553361   0.577272   -0.50943035
  0.2998291   0.31656033 -1.959845    0.46393904]
[-2.5709858e-02  5.3335428e-02  5.9790885e-01  5.4352969e-01
  2.1400380e+00  1.5521466e-03 -4.5168820e-01 -1.7511588e-01
 -5.2756274e-01 -1.6367843e+00  5.4779112e-01 -5.7114065e-01
  3.9857006e-01  3.7637553e-01 -1.7571881e+00  4.4168672e-01]
[ 0.0065838   0.0556433   0.5572218   0.45487732  2.224805   -0.03108893
 -0.5035564  -0.16780707 -0.4649778  -1.6471993   0.56933373 -0.58878356
  0.4109505   0.33676273 -1.7369702   0.4823615 ]
[ 0.0168889   0.15814881  0.6088483   0.4469142   2.140106    0.067036
 -0.4765451  -0.20171992 -0.40831438 -1.6699203   0.5585524  -0.5203398
  0.35350263  0.3444914  -1.8446373   0.38163623]
[-0.06978663  0.27202505  0.6150311   0.51027507  2.024304    0.22404346
 -0.45298395 -0.18573639 -0.29378685 -1.7115581   0.5389724  -0.3853596
  0.29392427  0.3991338  -1.986501    0.15525727]
[-0.11438642  0.34318453  0.58759075  0.4761662   2.0627434   0.2449748
 -0.4995595  -0.1565488  -0.18280968 -1.7937334   0.6520673  -0.3551383
  0.23080948  0.30836552 -2.058629    0.20151325]
[-0.05169789  0.24989097  0.57241833  0.54056203  2.099927    0.19092552
 -0.5028328  -0.19500957 -0.27060062 -1.7380034   0.658479   -0.41839752
  0.24096529  0.34154052 -2.0643418   0.29437804]
[-0.00363854  0.19894925  0.5863178   0.637442    1.984309    0.18156594
 -0.43972197 -0.17183277 -0.28355137 -1.6331285   0.52761936 -0.39904463
  0.19654652  0.39297482 -2.155068    0.32976255]
[-0.06627934  0.08758375  0.6833528   0.6069522   1.9767389   0.22356336
 -0.44156846 -0.14205961 -0.34017736 -1.5772293   0.38788873 -0.42823917
  0.33831415  0.31774879 -1.9742016   0.29687572]
[ 0.01784482 -0.02173081  0.65625465  0.44582057  2.0963175   0.06665419
 -0.45662794 -0.11882524 -0.45986587 -1.5792017   0.42951965 -0.5218161
  0.48601452  0.28870472 -1.734813    0.35810447]
[-0.0072904  -0.03499524  0.70053697  0.44827515  1.9428009   0.1607041
 -0.37680867 -0.04923592 -0.37041968 -1.5332171   0.26026136 -0.40871972
  0.48503453  0.2852912  -1.7956812   0.24268794]
[ 0.02747111  0.02148221  0.7717243   0.40670004  1.9273357   0.21197426
 -0.37427893 -0.06653266 -0.37819174 -1.5642707   0.22018576 -0.41982895
  0.40723005  0.3212055  -1.7598242   0.19778696]
[ 0.06661099  0.18634729  0.7206898   0.39436588  1.8743709   0.23460098
 -0.33462965 -0.09723379 -0.26635224 -1.6703537   0.38128346 -0.39341903
  0.24517746  0.32082462 -1.9347849   0.22179532]
[ 0.05426147  0.25131696  0.62116706  0.39276138  1.9397186   0.21569884
 -0.38421473 -0.09356548 -0.1664706  -1.6978642   0.4741788  -0.37564316
  0.19349596  0.27138418 -2.0562873   0.3115155 ]
[ 0.03706001  0.22793074  0.54297143  0.5002163   2.0580144   0.15718623
 -0.41943765 -0.15774873 -0.2575801  -1.6368399   0.5573513  -0.421153
  0.20662937  0.34067056 -2.1316984   0.34777698]
[ 0.15344217  0.1221927   0.5291376   0.54983795  2.0457191   0.05010844
 -0.34558672 -0.16360343 -0.35686597 -1.5713518   0.5240536  -0.47263154
  0.25896275  0.41323727 -2.1926885   0.4076512 ]
[ 0.15831372  0.11528399  0.5447424   0.61404127  2.0100856   0.01976609
 -0.3230515  -0.17893851 -0.44503707 -1.6116431   0.5030044  -0.5143479
  0.27102774  0.4535944  -2.1506538   0.48872536]
[ 0.10938164  0.20080404  0.5355077   0.6038431   1.9558464  -0.01155088
 -0.27850696 -0.2027986  -0.516857   -1.6357162   0.6081237  -0.5198866
  0.19619317  0.548414   -2.0396273   0.40024748]
[ 0.01074288  0.0864828   0.5617832   0.5407532   2.061007    0.04423071
 -0.45562387 -0.07365143 -0.34572643 -1.5643365   0.49202594 -0.41437227
  0.27065668  0.3485441  -1.9649483   0.35420364]
[ 0.09921633  0.12639968  0.54321414  0.5414821   2.039572   -0.01072962
 -0.37546867 -0.12084578 -0.33943027 -1.5723168   0.5296924  -0.4477458
  0.24279964  0.40081844 -2.0185921   0.31309083]
[ 0.05802175  0.13983138  0.6751876   0.41566715  2.1027572   0.07961421
 -0.45995674 -0.16993047 -0.39406487 -1.6721748   0.5176495  -0.5376047
  0.3817025   0.33257803 -1.7890415   0.27139062]
[ 0.03118399  0.23991749  0.7493969   0.32840985  2.0022616   0.24504778
 -0.43951637 -0.11565991 -0.25030097 -1.705278    0.46520028 -0.40567622
  0.29830977  0.2811155  -1.89552     0.11712909]
[-0.01783526  0.30325392  0.66549987  0.36366427  2.0241485   0.25824946
 -0.48178434 -0.12217815 -0.19815455 -1.770112    0.56959975 -0.362626
  0.26232976  0.2721936  -1.9898678   0.16981022]
[ 0.04100136  0.25458667  0.6723074   0.41108933  2.0346801   0.2221793
 -0.50015354 -0.15097709 -0.28447264 -1.7338269   0.5910086  -0.39613193
  0.22021027  0.28726596 -2.0309908   0.31077206]
[ 0.09495702  0.19955795  0.6166147   0.50489604  2.0360615   0.12250721
 -0.4420783  -0.2036109  -0.39053664 -1.6767658   0.60928607 -0.47160372
  0.26253575  0.30455622 -2.0530019   0.43845534]
[ 0.03101862  0.12168763  0.616367    0.58377725  2.0238345   0.06208224
 -0.430132   -0.20959334 -0.5076672  -1.7021539   0.5599786  -0.53190285
  0.3829133   0.33379626 -1.9066213   0.52846897]
[-0.08346426  0.03017818  0.60380304  0.45718735  2.132308    0.03549706
 -0.50844353 -0.17215963 -0.57554686 -1.701432    0.5037951  -0.5990981
  0.51429236  0.23977704 -1.5254977   0.61183393]
[-4.7447206e-03  1.0993064e-03  5.1638603e-01  4.9056521e-01
  2.1455834e+00 -7.9093054e-02 -3.9750013e-01 -2.2957118e-01
 -6.2010467e-01 -1.5916582e+00  5.0846702e-01 -6.8898743e-01
  4.6931720e-01  3.9806801e-01 -1.6261219e+00  6.7441332e-01]
[ 0.10629567  0.04014913  0.5163383   0.49646625  2.0857468  -0.08230154
 -0.2991295  -0.22974789 -0.56430405 -1.5289276   0.45618948 -0.63988703
  0.3509497   0.47522178 -1.8045614   0.58526164]
[ 0.01434418  0.22745481  0.64755887  0.46177053  1.9382641   0.17126964
 -0.35201365 -0.19123855 -0.37111562 -1.5824152   0.39310712 -0.4604374
  0.19101717  0.43857384 -1.9244869   0.35515147]
[-0.0290721   0.38319856  0.47346544  0.49355882  1.9951394   0.20330124
 -0.42022872 -0.18993375 -0.19209643 -1.6577494   0.57036674 -0.39481768
  0.04561487  0.3620298  -2.0638452   0.3788496 ]
[ 0.0272399   0.4095282   0.48479015  0.49362794  2.0593226   0.21811834
 -0.45493588 -0.21596214 -0.19737542 -1.6541535   0.6645721  -0.4051178
 -0.04621624  0.341749   -2.1732857   0.40387362]
[ 0.19872417  0.3629346   0.42687845  0.5059584   2.0183578   0.12895894
 -0.38494366 -0.2163631  -0.2550669  -1.5276549   0.6966709  -0.41509318
 -0.13774101  0.40268254 -2.3138201   0.46484423]
[ 0.20710345  0.22312602  0.5787612   0.48043165  2.0406277   0.17485917
 -0.4664752  -0.156803   -0.29027143 -1.4889996   0.54169494 -0.42331666
  0.03115615  0.2826446  -2.195374    0.41349092]
[ 3.40201795e-01  1.02329135e-01  5.29450178e-01  4.53789711e-01
  2.13180542e+00 -1.77706627e-03 -3.78185242e-01 -1.84793577e-01
 -4.40709889e-01 -1.46812153e+00  5.95747352e-01 -5.49950600e-01
  1.95613787e-01  2.80571640e-01 -2.11919522e+00  4.66442525e-01]
[ 0.34105307  0.08074687  0.4756936   0.34379712  2.2544758  -0.14334568
 -0.3463055  -0.25648093 -0.61720014 -1.5161878   0.76789385 -0.67730236
  0.26727015  0.33660668 -1.9021002   0.5475913 ]
[ 0.23957118  0.04816951  0.54319817  0.29771647  2.3048744  -0.11200561
 -0.41391578 -0.2751473  -0.6879052  -1.5830754   0.73485214 -0.715245
  0.42494592  0.28905064 -1.699879    0.5626809 ]
[ 0.16697547  0.03144275  0.56806815  0.24906659  2.3471787  -0.07630116
 -0.49111238 -0.281233   -0.70339    -1.6102546   0.72428733 -0.74660444
  0.48885506  0.24577506 -1.5738232   0.621702  ]
[ 0.13063681  0.0374103   0.5510729   0.27807266  2.3436828  -0.07670518
 -0.48159033 -0.29580408 -0.7172548  -1.6204722   0.7431477  -0.7596551
  0.48498636  0.27536884 -1.5848825   0.6533626 ]
[ 0.07629116  0.05126769  0.53246766  0.32368365  2.3228467  -0.08667181
 -0.46001616 -0.30937704 -0.7506734  -1.6304443   0.7284068  -0.7480645
  0.5205656   0.3427362  -1.5936172   0.6422673 ]
[ 0.00695646 -0.00893439  0.5028801   0.4174645   2.2833352  -0.09450848
 -0.45437017 -0.27318043 -0.76035184 -1.614784    0.6631218  -0.7304176
  0.5602629   0.415759   -1.5961869   0.64495885]
[-0.01998588 -0.06028762  0.5079962   0.51815116  2.2231636  -0.06515672
 -0.42038426 -0.23232873 -0.73441017 -1.5959799   0.5313104  -0.72075385
  0.56620187  0.44378638 -1.632816    0.65496147]
[ 0.04645609 -0.01610635  0.46389213  0.57143784  2.1077225  -0.08559094
 -0.29393566 -0.25976777 -0.7330027  -1.5400463   0.5204217  -0.6800056
  0.4401249   0.53170455 -1.7680241   0.65839136]
[ 0.00925775 -0.03519209  0.5855215   0.6113135   1.9776533   0.07876208
 -0.30411133 -0.19042215 -0.5646389  -1.4524018   0.36021733 -0.5197803
  0.37580782  0.490448   -1.8941164   0.42635798]
[ 0.00800615 -0.0655156   0.61162615  0.54275364  1.9925791   0.10320354
 -0.38412094 -0.11628266 -0.44346982 -1.4966897   0.32822835 -0.45829567
  0.42747647  0.38242367 -1.861984    0.382914  ]
[ 0.03828924  0.07415993  0.5278792   0.5771183   1.9550488   0.04756771
 -0.33565038 -0.1323607  -0.37058812 -1.5829287   0.41834974 -0.43442836
  0.2901113   0.476748   -2.0089085   0.414728  ]
[-0.12140218  0.17267591  0.59712887  0.538054    1.9476442   0.1589631
 -0.46648756 -0.0852653  -0.2909755  -1.7273352   0.37418833 -0.41112214
  0.2952584   0.36913264 -1.8673153   0.477002  ]
[-0.0703175   0.26449385  0.5009755   0.6138997   1.946578    0.1828607
 -0.43426043 -0.15996452 -0.24726832 -1.6761967   0.4603215  -0.37879553
  0.1471565   0.3891105  -2.0894794   0.51097006]
[-0.03065188  0.25407284  0.37193638  0.7385094   1.9262794   0.16212133
 -0.36602706 -0.21320955 -0.2464406  -1.5329267   0.54349726 -0.38408887
  0.05268553  0.5047263  -2.3287587   0.50517166]
[ 0.11059495  0.16662104  0.42208728  0.7262992   1.9186825   0.0765132
 -0.3077604  -0.19429314 -0.2683276  -1.4850922   0.5368216  -0.41321117
  0.04452096  0.55171186 -2.3912156   0.45906872]
[ 0.11842468  0.19409586  0.44869947  0.7445129   1.8604538   0.03824959
 -0.23815536 -0.24596682 -0.3732018  -1.530492    0.5665139  -0.45986953
  0.04105893  0.65935373 -2.347054    0.47739926]
[ 0.0643487   0.2949424   0.5589745   0.68576336  1.8411926   0.09825195
 -0.20702097 -0.32461393 -0.4310658  -1.6316059   0.581668   -0.50416195
  0.00930353  0.6459166  -2.159855    0.43365988]
[-0.14691105  0.25232667  0.5101706   0.6115081   2.04874     0.18167219
 -0.46408495 -0.18197611 -0.23788448 -1.710631    0.5540669  -0.40862274
  0.15007749  0.35491267 -1.9956108   0.4394099 ]
[-0.00669663  0.1751544   0.4524421   0.65896475  2.0331748   0.1316299
 -0.3739665  -0.21140599 -0.26466367 -1.5792617   0.55513424 -0.43172607
  0.12709346  0.40689784 -2.1829562   0.46520075]
[ 0.098763    0.12673545  0.50932634  0.66346157  1.9716587   0.15748504
 -0.35529292 -0.19346723 -0.27088594 -1.4639947   0.41010627 -0.4023654
  0.11404493  0.4113428  -2.2418814   0.4191603 ]
[ 0.02679595  0.18604875  0.49667597  0.7194797   1.9276524   0.21670501
 -0.33570868 -0.21214612 -0.31465107 -1.4732426   0.3748717  -0.38778013
  0.14540818  0.46144748 -2.2224877   0.34486523]
[-0.03107569  0.22800183  0.607911    0.5210235   2.0779614   0.22476164
 -0.41038427 -0.2205791  -0.34839898 -1.5915053   0.506187   -0.44872457
  0.1977535   0.40054026 -2.0209436   0.25818175]
[ 0.00580097  0.25851363  0.54761016  0.49737453  2.008812    0.21702158
 -0.40168682 -0.16902098 -0.2761585  -1.5831124   0.56261563 -0.39184365
  0.15564637  0.36986318 -2.1298013   0.27741975]
[ 0.13414845  0.1737595   0.60596067  0.43496123  2.0249355   0.18724856
 -0.3935819  -0.17896888 -0.34098968 -1.5307095   0.5068269  -0.45164156
  0.17254837  0.33831516 -2.06906     0.33712357]
[ 0.19068125  0.16421801  0.6590096   0.4082679   1.9672247   0.17916933
 -0.35911664 -0.1729792  -0.36701846 -1.5007321   0.45676127 -0.45421013
  0.17775163  0.3117534  -2.1000466   0.39099345]
[ 0.23375487  0.16334057  0.53151524  0.3691033   2.0824528  -0.01711762
 -0.31123745 -0.22806807 -0.5160088  -1.573674    0.66062385 -0.5557532
  0.2540273   0.34705514 -1.9538263   0.46838075]
[ 0.08888818  0.03680686  0.633134    0.31883997  2.1349852   0.08378935
 -0.4373811  -0.17102101 -0.4954067  -1.5816145   0.4772075  -0.5348731
  0.5122448   0.2059839  -1.7318691   0.4145759 ]
[ 0.16669038  0.00543105  0.5831462   0.3400526   2.16353    -0.04438
 -0.34995127 -0.23238477 -0.6092879  -1.5453962   0.5095068  -0.64907444
  0.48349652  0.3344602  -1.7214653   0.52464837]
[ 0.14791468 -0.01136724  0.5909704   0.37840492  2.2047908  -0.00911964
 -0.35952336 -0.27638826 -0.7211517  -1.519728    0.47814274 -0.7216723
  0.49949798  0.36765513 -1.659058    0.57264787]
[ 0.0995463   0.01915761  0.65224963  0.4102016   2.095945    0.08628435
 -0.34225148 -0.21132357 -0.61570215 -1.4777161   0.39547354 -0.58267045
  0.44495925  0.358373   -1.7796316   0.40237617]
[ 0.08040828 -0.01969862  0.5508074   0.44285983  2.159431    0.02774658
 -0.36897302 -0.16786957 -0.5734874  -1.4658812   0.4607838  -0.54916126
  0.4952491   0.35402146 -1.8487076   0.37503353]
[ 0.1278986  -0.00423618  0.52700543  0.43977314  2.1697083  -0.05548099
 -0.33066255 -0.16169067 -0.55797136 -1.5096734   0.4898178  -0.5762785
  0.45717353  0.41952318 -1.8964424   0.41587377]
[ 0.11324843  0.05631005  0.5366198   0.442461    2.1512914  -0.0728244
 -0.32634276 -0.17435992 -0.611879   -1.5975785   0.53454435 -0.62980974
  0.3775491   0.47393352 -1.8241755   0.51000464]
[ 0.06298545  0.13213855  0.6845517   0.49349427  1.9191658   0.11484106
 -0.34477085 -0.08774959 -0.43160534 -1.6222804   0.39557692 -0.46279716
  0.2746847   0.36750787 -1.9146984   0.37256646]
[ 0.05064898  0.10760395  0.58533907  0.4601318   1.9630785   0.0479814
 -0.40271896 -0.01012175 -0.27573043 -1.6018823   0.4674409  -0.3973845
  0.23791078  0.26137957 -1.9379524   0.39746255]
[ 0.15448582  0.08478366  0.53917474  0.4315928   1.9896034  -0.04643476
 -0.354968   -0.05437184 -0.30672058 -1.5592039   0.5360631  -0.45545954
  0.20469041  0.3439807  -1.9799198   0.4262391 ]
[ 0.21175615  0.06990355  0.569867    0.41127628  1.9987606  -0.04241752
 -0.34259644 -0.08493304 -0.36500165 -1.5384173   0.48413554 -0.46966824
  0.18464935  0.39843282 -1.9480108   0.417126  ]
[ 0.09833179  0.1403511   0.7310812   0.33966264  1.9564453   0.19537488
 -0.45808905 -0.07100264 -0.27520892 -1.6445286   0.34297866 -0.39748314
  0.28347188  0.25718218 -1.8585669   0.31331939]
[ 0.07166524  0.23936649  0.61828834  0.45595655  2.01214     0.18923289
 -0.46217188 -0.12995307 -0.2565153  -1.675679    0.48865503 -0.3762767
  0.20354097  0.29739922 -2.050816    0.32727677]
[ 0.00665222  0.28941408  0.5202669   0.46523362  2.0982733   0.14384247
 -0.5188081  -0.13410035 -0.22365041 -1.746631    0.61734664 -0.37708837
  0.1971517   0.2591805  -2.059309    0.4167447 ]
[ 0.05412078  0.164522    0.49269447  0.56710356  2.1448903   0.06064188
 -0.49188957 -0.15054922 -0.31214392 -1.6511223   0.6045939  -0.45205742
  0.2006445   0.33947736 -2.1146238   0.49905604]
[ 0.03852219  0.06993541  0.5034963   0.7236897   2.0974002   0.04633852
 -0.4598987  -0.15514587 -0.39960915 -1.6072801   0.5103239  -0.4805339
  0.24977168  0.3955916  -2.1020312   0.5256561 ]
[ 0.01094977 -0.02859119  0.5036745   0.7616396   2.1005344   0.00826522
 -0.34412616 -0.23518436 -0.5581423  -1.5419973   0.49793616 -0.60623336
  0.35458407  0.48519692 -1.9728062   0.5207077 ]
[ 0.0966483  -0.0200516   0.4736361   0.6060897   2.0502613  -0.02792661
 -0.3190363  -0.13986231 -0.45860234 -1.4695863   0.4531676  -0.51200277
  0.30639946  0.39661354 -1.9637613   0.48436403]
[ 0.14275873 -0.04827797  0.5280231   0.5345436   2.0269668  -0.01967379
 -0.307234   -0.10579462 -0.42387953 -1.4466587   0.37733752 -0.4939769
  0.3472332   0.3954858  -1.9563191   0.40370542]
[ 0.17169717  0.08161812  0.58335763  0.44459862  1.9962393   0.04638857
 -0.314223   -0.13628796 -0.3595819  -1.5162514   0.40958887 -0.4657305
  0.29043093  0.3770471  -2.0031095   0.34733632]
[ 0.07985003  0.24934967  0.59900075  0.42289925  1.9575174   0.1710856
 -0.36160365 -0.15396932 -0.2341465  -1.6116422   0.4914206  -0.42003807
  0.17654118  0.36272842 -2.0783417   0.30107588]
[ 0.0725854   0.34663355  0.544119    0.42452058  2.0071893   0.16418919
 -0.40910316 -0.2035172  -0.22169146 -1.6899974   0.6322615  -0.42168894
  0.14195259  0.32289776 -2.1570034   0.40007156]
[ 0.1524244   0.31242868  0.4556653   0.51932764  1.9948753   0.10587324
 -0.32888815 -0.2937444  -0.35303938 -1.6270278   0.7286173  -0.5009882
  0.07287405  0.47620067 -2.2689319   0.5088576 ]
[ 0.13073038  0.14562276  0.56536275  0.57459116  2.0327346   0.10459348
 -0.37104303 -0.28000745 -0.45430765 -1.6143782   0.629368   -0.5615393
  0.23867123  0.40119204 -2.0962775   0.50814915]
[ 0.27178985  0.07615063  0.56405914  0.6412129   1.9292555   0.0208583
 -0.23546211 -0.318259   -0.5907433  -1.5189672   0.54220337 -0.6301338
  0.22453018  0.5229138  -2.1257582   0.5829508 ]
[ 0.30767733  0.09982347  0.6018521   0.5403813   1.8662498  -0.06355337
 -0.12267158 -0.38084587 -0.79533833 -1.5433289   0.61255515 -0.7242361
  0.3087966   0.6463729  -1.8907608   0.49263707]
[ 0.12210467 -0.01971046  0.5570683   0.50383633  2.0686135  -0.04685483
 -0.35883766 -0.20076624 -0.6146677  -1.5081905   0.45867127 -0.61745477
  0.4433511   0.41930938 -1.748708    0.5009737 ]
[ 0.10214487 -0.0098835   0.65562475  0.4422106   2.060929    0.03868796
 -0.4311247  -0.1122372  -0.49552256 -1.5137882   0.29103333 -0.5324634
  0.4487831   0.35798165 -1.7467238   0.4023382 ]
[ 0.15157071  0.11894574  0.66196287  0.49067038  1.9795618   0.12840384
 -0.338625   -0.17477024 -0.41801867 -1.4860064   0.34415647 -0.4834206
  0.22309756  0.45724016 -2.0280929   0.32706115]
[ 0.07474944  0.21027017  0.59652716  0.45575714  2.057826    0.12528841
 -0.46023536 -0.10584968 -0.2734829  -1.6418622   0.5138497  -0.41828483
  0.18366762  0.35944575 -2.095757    0.37079558]
[ 0.0264738   0.252163    0.52587515  0.52065766  2.0897627   0.11445379
 -0.4992055  -0.13450171 -0.26071733 -1.6654785   0.6229875  -0.39459008
  0.13844875  0.365646   -2.163921    0.41447845]
[ 0.12458654  0.17134649  0.50428414  0.55578387  2.063602    0.01682406
 -0.42838058 -0.16135757 -0.3366769  -1.6233944   0.63403165 -0.45123595
  0.15666372  0.43427104 -2.1894352   0.4823115 ]
[ 0.01610071  0.07331928  0.57332754  0.6511275   2.1040897   0.02578002
 -0.4817006  -0.15945351 -0.43269444 -1.6797144   0.5362376  -0.5043828
  0.34559992  0.34790316 -1.9641778   0.5041418 ]
[-0.06364951  0.0431533   0.56028765  0.5888144   2.1761417  -0.03836377
 -0.46067506 -0.2173831  -0.58057475 -1.7081311   0.60085595 -0.62776464
  0.43794695  0.39497274 -1.7100168   0.5638666 ]
[-0.0621774   0.02957242  0.5797178   0.5044799   2.1177      0.01246679
 -0.47958264 -0.08704994 -0.45480686 -1.6079811   0.43170708 -0.50210166
  0.4183124   0.3153236  -1.7213701   0.46419445]
[ 0.03721536  0.05419776  0.51628935  0.49420223  2.1167521  -0.03210224
 -0.40623102 -0.13168104 -0.4515888  -1.5645664   0.44167334 -0.54593676
  0.35891336  0.38087934 -1.8059641   0.49881238]
[ 0.12573647  0.13011009  0.5601504   0.48397     1.961887    0.09727289
 -0.28606963 -0.13306198 -0.3483101  -1.5321991   0.36789393 -0.42004246
  0.23557389  0.41030282 -2.015585    0.31652156]
[ 0.01131656  0.2404376   0.5941956   0.48077926  1.9143245   0.2287914
 -0.34205368 -0.10335288 -0.21004555 -1.6106627   0.41209167 -0.3476246
  0.15948303  0.4080515  -2.1245627   0.23896797]
[-0.01683173  0.32224378  0.52095     0.48885888  1.9974848   0.20463336
 -0.4346231  -0.09488113 -0.09670267 -1.6770608   0.53213537 -0.29660133
  0.11603216  0.29391342 -2.2278123   0.31955513]
[ 0.1089465   0.24576855  0.43360192  0.64847046  1.990153    0.1119925
 -0.32573828 -0.19116946 -0.2670977  -1.5557497   0.60736024 -0.39239183
  0.04225234  0.4820374  -2.3807073   0.39311928]
[ 0.08712318  0.17839101  0.5389512   0.614069    2.0034983   0.11236988
 -0.40748128 -0.16268474 -0.33302337 -1.6257305   0.55477667 -0.42272538
  0.1882822   0.36582476 -2.1713843   0.43198004]
[ 0.04317174  0.09274349  0.5518015   0.60537195  2.0441482   0.07326593
 -0.43454528 -0.13257273 -0.38345927 -1.5848475   0.5045402  -0.46267858
  0.28979567  0.3309393  -2.0250747   0.44090766]
[-0.02850704 -0.00759596  0.5576546   0.52469975  2.1136334   0.01253239
 -0.45674032 -0.08364799 -0.42836285 -1.5527729   0.48045644 -0.49850398
  0.3936502   0.35927707 -1.857712    0.4256639 ]
[ 0.04883398  0.0143419   0.45640483  0.52740943  2.1276083  -0.09667654
 -0.35862035 -0.12148671 -0.4591928  -1.5713936   0.519992   -0.5358785
  0.36536556  0.46253577 -1.9125084   0.49073488]
[ 0.0265656   0.12479295  0.5319765   0.57927734  1.9932232   0.03980519
 -0.3117571  -0.15319002 -0.4050177  -1.649574    0.4673879  -0.4544862
  0.26726952  0.49264026 -1.9773264   0.38347337]
[-0.12969896  0.2400641   0.6592895   0.5075559   1.9598656   0.241401
 -0.44242638 -0.09996092 -0.24212508 -1.7699518   0.4274003  -0.36584726
  0.25812706  0.33157778 -1.9046795   0.28208876]
[-0.16591626  0.2638073   0.54561365  0.51873696  1.9861265   0.24885766
 -0.4691487  -0.0491833  -0.12890163 -1.7545875   0.48246294 -0.29306787
  0.21638408  0.29700285 -2.0100152   0.26298434]
[-0.15774103  0.21078864  0.52067345  0.5972716   1.9903641   0.25749308
 -0.4768424  -0.07260998 -0.17101046 -1.6368754   0.45582566 -0.29736552
  0.19677761  0.3735638  -2.0956445   0.2551747 ]
[-0.0462467   0.1601918   0.53905517  0.65040594  1.9350332   0.19116428
 -0.4083488  -0.07229595 -0.21240792 -1.6050059   0.38329795 -0.31058303
  0.21206298  0.39428625 -2.1554563   0.29574555]
[ 0.03873766  0.1804669   0.5089313   0.7345458   1.8013004   0.13744484
 -0.26178926 -0.09176239 -0.23430943 -1.5485265   0.34873205 -0.33860838
  0.10123736  0.48866987 -2.2989788   0.38773018]
[-0.10618778  0.23956633  0.56508124  0.5330721   1.8605818   0.21166542
 -0.415814    0.01956725 -0.14176635 -1.6895897   0.38330543 -0.28953618
  0.14967476  0.32775357 -2.0031695   0.30969158]
[-0.03094191  0.18088819  0.5133028   0.5111819   1.8640575   0.14854486
 -0.39815673  0.04865439 -0.06372881 -1.54299     0.3951793  -0.2422616
  0.06472454  0.33540788 -2.1574113   0.32531407]
[ 0.13850267  0.12690489  0.46556157  0.5960475   1.8820076   0.03330104
 -0.274152   -0.04291039 -0.1476732  -1.4472167   0.43999434 -0.3145605
 -0.0079027   0.5136793  -2.3685017   0.35745916]
[ 0.10895709  0.14242677  0.4885536   0.628663    1.8973786   0.09664369
 -0.27514556 -0.10416522 -0.20079598 -1.500184    0.42638054 -0.32912913
  0.0915832   0.5133535  -2.345304    0.31018543]
[-0.05472992  0.27794403  0.57339966  0.49947113  2.0058587   0.21735942
 -0.49333543 -0.07042333 -0.17292441 -1.7537752   0.4609192  -0.31192186
  0.21229525  0.29831156 -2.0349736   0.29964808]
[-0.05441333  0.31700435  0.4644803   0.5623811   2.0496223   0.14792293
 -0.51074535 -0.07185705 -0.13942368 -1.7501513   0.58287966 -0.28922623
  0.13671494  0.28161803 -2.1376007   0.36450762]
[ 1.6926884e-03  2.1658666e-01  4.3455666e-01  6.2958616e-01
  2.0532553e+00  5.5307396e-02 -4.6698895e-01 -8.5609414e-02
 -2.0521903e-01 -1.6452599e+00  6.0444117e-01 -3.6182347e-01
  1.2603876e-01  3.8473839e-01 -2.2085526e+00  4.2038336e-01]
[ 0.04873664  0.08373913  0.53017944  0.66442335  2.0437403   0.0605193
 -0.4384008  -0.07017815 -0.2674004  -1.5501444   0.4621869  -0.3993507
  0.17377456  0.37274998 -2.1537528   0.39126116]
[ 0.07938924  0.01848558  0.6269758   0.61139697  2.0306926   0.08031912
 -0.39789748 -0.11524059 -0.36705074 -1.5392354   0.42447448 -0.46721655
  0.28281432  0.38154465 -2.003865    0.30381826]
[ 0.13822863  0.05509917  0.62332356  0.46793884  1.9502964   0.06046494
 -0.32932955 -0.03728696 -0.26756197 -1.5346533   0.40539494 -0.37624693
  0.2190738   0.33792052 -2.0409935   0.27680573]
[ 0.11345856  0.15979013  0.6900053   0.38302755  1.9367155   0.15096799
 -0.37974742 -0.03208301 -0.15629967 -1.6250556   0.4187203  -0.31695563
  0.17901695  0.2843542  -2.0660717   0.20671844]
[ 0.07340515  0.22995122  0.62798524  0.40694356  2.0173402   0.12300609
 -0.39567512 -0.08138058 -0.1885459  -1.7042592   0.52764714 -0.38372937
  0.16474469  0.29243    -2.0703921   0.3109746 ]
[ 0.02735923  0.24201551  0.5969825   0.44022298  2.0783207   0.14964476
 -0.4872825  -0.09440381 -0.19107287 -1.7417952   0.56103593 -0.37690854
  0.21876986  0.23467667 -2.034492    0.32812542]
[ 0.03042593  0.17529051  0.51256645  0.5609576   2.159156    0.10215755
 -0.48294505 -0.17232497 -0.33159843 -1.6820867   0.6173799  -0.45579475
  0.28091818  0.31228253 -2.0695431   0.39517075]
[ 0.04691248  0.07957522  0.52708644  0.6002568   2.1206164   0.06545953
 -0.44248098 -0.15938771 -0.3960349  -1.5968395   0.51356673 -0.47366923
  0.32195443  0.38366193 -2.078547    0.44123992]
[ 0.09775291 -0.02240804  0.56866026  0.6343149   2.07657     0.05603081
 -0.3778832  -0.11189284 -0.4273774  -1.4986899   0.3748535  -0.46330357
  0.3233623   0.39076737 -2.0666015   0.39830694]
[ 0.09849846  0.01763787  0.5582925   0.5397477   2.1517496  -0.03193538
 -0.34193867 -0.19719768 -0.5551761  -1.5633128   0.52275914 -0.6034416
  0.36781698  0.44216686 -1.8857822   0.43507376]
[ 0.04465272 -0.00305193  0.65656716  0.482967    2.0403838   0.12527847
 -0.3887202  -0.06330977 -0.40303126 -1.4983041   0.33675522 -0.38722515
  0.39283785  0.34281486 -1.908506    0.17631687]
[ 0.03636485  0.07339296  0.5965045   0.4564387   2.0494583   0.07769636
 -0.36914578 -0.0562468  -0.3463207  -1.5820411   0.38336876 -0.40957183
  0.39358702  0.3450865  -1.9398388   0.24122706]
[ 0.02090093  0.11405003  0.64010364  0.37356955  2.0725245   0.11571636
 -0.3959275  -0.06277318 -0.3771539  -1.6680435   0.3635853  -0.45143872
  0.42815226  0.3028186  -1.8196589   0.29757527]
[ 0.04921905  0.11094742  0.60046834  0.4851996   1.9767902   0.17460592
 -0.33317393 -0.02378756 -0.27603388 -1.5969526   0.34124917 -0.34640127
  0.28756258  0.3337713  -2.0570276   0.22235274]
[ 0.00434955  0.11128018  0.57813966  0.4864378   2.0151417   0.15771823
 -0.40220967  0.01439836 -0.21448617 -1.5782421   0.37393278 -0.3018715
  0.29100507  0.2516554  -2.094121    0.25518194]
[ 0.10304953  0.04682919  0.5090009   0.6273261   1.9722036   0.04955104
 -0.2572955  -0.09562515 -0.34203762 -1.4921218   0.4065188  -0.4092761
  0.27866593  0.44877428 -2.239644    0.34347543]
[ 0.04060026  0.04829111  0.56756467  0.61619264  1.9618394   0.0329686
 -0.2607205  -0.11653979 -0.44240323 -1.5834038   0.40247512 -0.4638524
  0.3565177   0.44803864 -2.0292313   0.3739681 ]
[-0.05393443  0.12093706  0.61522233  0.4433735   1.9870793   0.04180372
 -0.39645347 -0.06828725 -0.44546205 -1.7440704   0.4640081  -0.5018429
  0.36313933  0.35440484 -1.7417772   0.52158964]
[-0.07964253  0.18691592  0.64755213  0.4458464   1.8125372   0.18195222
 -0.37901333 -0.02137874 -0.2630725  -1.6686913   0.37217084 -0.36272728
  0.19133906  0.326225   -1.8679552   0.4349347 ]
[-0.05759861  0.18947384  0.532377    0.4784228   1.845465    0.1381377
 -0.35656363 -0.03537663 -0.18528992 -1.5773596   0.4027695  -0.31186548
  0.12403534  0.30911678 -1.9826488   0.44412723]
[ 0.03367122  0.23920277  0.45502844  0.48430568  1.9230646   0.05139558
 -0.31041914 -0.12324762 -0.21637619 -1.5903821   0.51845187 -0.38253897
  0.06427266  0.39888147 -2.0723119   0.48593944]
[ 0.02931089  0.28773758  0.44680014  0.52159774  1.9533672   0.117802
 -0.33020234 -0.17530009 -0.24916029 -1.6057441   0.5175239  -0.3808487
  0.06376282  0.4271327  -2.1176934   0.45263773]
[-0.09766051  0.352674    0.4156231   0.50052035  1.9841477   0.20709881
 -0.48611665 -0.11015628 -0.11935975 -1.6764654   0.52279747 -0.318187
  0.09293921  0.35301954 -2.0985646   0.43709034]
[-0.07691731  0.3365693   0.3472857   0.6398255   2.0437057   0.1798177
 -0.4833272  -0.16044483 -0.17300174 -1.6141437   0.59854156 -0.34552422
 -0.00340144  0.45057973 -2.2753453   0.4945117 ]
[ 0.10723612  0.27681446  0.30929357  0.7460924   1.9146976   0.08302678
 -0.30143633 -0.19615354 -0.24879222 -1.5028998   0.6109247  -0.3789785
 -0.11822275  0.60851943 -2.492057    0.538762  ]
[ 0.13381031  0.16877782  0.4098645   0.7267373   1.9556872   0.08113457
 -0.33039126 -0.18306203 -0.2893569  -1.4606493   0.54764575 -0.42119956
 -0.0185858   0.52320486 -2.378355    0.48913187]
[ 0.05603811  0.08302759  0.49842018  0.6454897   2.014783    0.08397367
 -0.3701891  -0.12488148 -0.329307   -1.4769619   0.46884084 -0.44666094
  0.15621524  0.38837358 -2.1650012   0.4722128 ]
[ 0.17170462  0.06844092  0.3884078   0.5278432   2.051879   -0.11082642
 -0.24357624 -0.15016146 -0.4533615  -1.4718994   0.566553   -0.53759974
  0.15588363  0.48915753 -2.0426023   0.5492178 ]
[ 0.1716429   0.00318347  0.57103765  0.48471165  2.0180857   0.01240028
 -0.3057111  -0.10214639 -0.3924076  -1.4797168   0.3644493  -0.48549396
  0.28338397  0.32570863 -1.9494159   0.43635282]
[ 0.15462628  0.15418796  0.5513426   0.5074183   1.985603    0.0863525
 -0.25914365 -0.18553516 -0.3780364  -1.5834831   0.4383095  -0.48167276
  0.2003977   0.35718572 -1.994107    0.40312988]
[ 0.0271369   0.28198627  0.58422494  0.45826727  1.9918487   0.21192428
 -0.34399167 -0.16709869 -0.27357703 -1.6677697   0.4810017  -0.4249609
  0.1337856   0.29554978 -1.9813198   0.3485775 ]
[ 0.06815397  0.29270163  0.57346547  0.38002282  2.0045638   0.19734535
 -0.4105602  -0.13354076 -0.20677467 -1.6667999   0.5266026  -0.3883187
  0.12773994  0.21903706 -2.0243897   0.3960903 ]
[ 0.15000288  0.17707573  0.507263    0.47764927  2.050343    0.14553453
 -0.37787253 -0.16432166 -0.30372614 -1.5536987   0.5098426  -0.45324388
  0.17980628  0.28328675 -2.1433005   0.47083312]
[ 0.23766978  0.11799357  0.49312538  0.5059007   2.0315013   0.0512404
 -0.30205113 -0.14414701 -0.36298424 -1.471884    0.45876265 -0.48357645
  0.12404454  0.33048785 -2.1893604   0.56171644]
[ 0.22755209  0.09135562  0.43705863  0.46592253  2.1195297  -0.06199552
 -0.29367182 -0.16833982 -0.4579274  -1.4768221   0.5739074  -0.5367317
  0.16764556  0.36772138 -2.0751245   0.5787765 ]
[ 0.2555623   0.15554811  0.37734947  0.42897788  2.0844083  -0.11801989
 -0.26589972 -0.19114867 -0.45636997 -1.5307367   0.68703187 -0.5714666
  0.14208038  0.4297989  -2.118875    0.6522208 ]
[ 0.24183472  0.11999919  0.39886552  0.42623463  2.133684   -0.127074
 -0.28168383 -0.20574072 -0.54504365 -1.5243845   0.6506575  -0.61334944
  0.19958206  0.43494025 -1.982666    0.6361345 ]
[ 0.20613125  0.05697928  0.48712388  0.3968631   2.1997275  -0.10976277
 -0.39133537 -0.16719303 -0.53091705 -1.5277706   0.59826493 -0.64374936
  0.255628    0.36951414 -1.8906885   0.65363574]
[ 0.28862214  0.05823856  0.4491253   0.4483593   2.110808   -0.07636979
 -0.31100067 -0.14934206 -0.47715157 -1.4640555   0.540073   -0.5524546
  0.20195135  0.37819463 -2.0520167   0.56589234]
[ 0.20887351  0.11497901  0.45907044  0.42331332  2.159365   -0.08564518
 -0.39259124 -0.15013283 -0.46018434 -1.5417356   0.6139579  -0.5389892
  0.24795814  0.3976053  -1.9879456   0.48905545]
[ 0.10176341  0.07306581  0.55388457  0.45310277  2.1753614  -0.01005442
 -0.46433192 -0.12447641 -0.44612598 -1.5536716   0.52153194 -0.4971779
  0.37006503  0.3576901  -1.9546932   0.39743882]
[ 0.09349426  0.1110573   0.5447214   0.45444727  2.201939   -0.06306794
 -0.4606974  -0.12761989 -0.42458338 -1.6898487   0.62211233 -0.5243398
  0.36030778  0.35642225 -1.958012    0.4579772 ]
[-0.0279263   0.10322909  0.5311148   0.5780116   2.2099998  -0.03939361
 -0.47253102 -0.1858983  -0.50608987 -1.7109382   0.657199   -0.5983228
  0.34768683  0.40778393 -1.8624439   0.5256963 ]
[-0.06150576  0.06867458  0.57604265  0.51635695  2.1540992   0.02201008
 -0.4836773  -0.10812818 -0.44038954 -1.6539398   0.5278096  -0.49022165
  0.36745363  0.29322672 -1.8128464   0.4813583 ]
[ 0.07150473  0.0605341   0.5149851   0.5787906   2.0614974  -0.04585016
 -0.33173513 -0.20104893 -0.50015247 -1.5724938   0.5829504  -0.5396904
  0.33278298  0.46732634 -1.9938345   0.4682108 ]
[-0.05356862  0.02193626  0.6062564   0.4430399   2.160234    0.0188762
 -0.4603928  -0.18632124 -0.56562173 -1.6686668   0.49564052 -0.5930234
  0.51698846  0.36042973 -1.6216453   0.484581  ]
[-0.00647763  0.11544393  0.64334327  0.4136382   2.0518348   0.12725072
 -0.44314831 -0.1593295  -0.44298124 -1.6494033   0.4053119  -0.48315048
  0.39549237  0.34537444 -1.7316916   0.3754237 ]
[-0.01553638  0.20993683  0.67524326  0.45602974  1.9427112   0.24405484
 -0.38722187 -0.14448473 -0.32784063 -1.6781394   0.38659713 -0.39030814
  0.27416617  0.34187612 -1.905048    0.27040228]
[-0.062755    0.2763483   0.5581309   0.46307486  2.0128136   0.22356717
 -0.46949822 -0.11044534 -0.1941326  -1.7198522   0.47352538 -0.3626574
  0.23195057  0.29360527 -2.0059552   0.34720436]
[-0.05946697  0.2318466   0.46872455  0.61387783  2.0883794   0.20453429
 -0.49086064 -0.15371692 -0.25644547 -1.6210724   0.5067347  -0.37977472
  0.19221851  0.37732765 -2.1399932   0.37204164]
[ 0.12400339  0.11646082  0.47210628  0.68833053  2.015779    0.10156653
 -0.352562   -0.16360827 -0.33659148 -1.5065091   0.46501595 -0.42346126
  0.17917998  0.47267556 -2.295434    0.39502612]
[ 0.11191118  0.05482693  0.50761324  0.6831243   2.0112336   0.04627556
 -0.3496456  -0.13860454 -0.38019097 -1.5243006   0.44066867 -0.446496
  0.20792517  0.4838581  -2.1974423   0.44279233]
[-0.0478351   0.07244679  0.55643064  0.6792575   2.0303516   0.07194394
 -0.3878358  -0.13605726 -0.4258833  -1.567961    0.44101205 -0.46173295
  0.26401514  0.45739776 -1.999286    0.40798372]
[-0.05560549  0.00316214  0.60791045  0.5261231   2.0913987   0.04055136
 -0.46578783 -0.05704013 -0.37935916 -1.6059189   0.4514048  -0.4303173
  0.3822146   0.36532426 -1.8696121   0.34652787]
[-1.1563599e-03  6.8861142e-02  5.5042410e-01  5.6250745e-01
  2.0657792e+00  7.6575205e-03 -3.9527839e-01 -8.5935861e-02
 -3.2953975e-01 -1.6408854e+00  5.0596237e-01 -4.2770067e-01
  3.2429451e-01  4.0630522e-01 -1.9872048e+00  3.2641944e-01]
[-0.09151906  0.18225044  0.6033392   0.5052305   2.0850468   0.08050728
 -0.48507643 -0.11633699 -0.3388265  -1.7871606   0.51344043 -0.45394
  0.34301418  0.36274502 -1.8057995   0.35859838]
[-0.1565322   0.29890385  0.61821854  0.49624786  1.9408281   0.21073541
 -0.4794492  -0.06076073 -0.17292713 -1.8046205   0.4614532  -0.33029085
  0.2129884   0.3100447  -1.9183922   0.32845104]
[-0.13737276  0.31015876  0.5040471   0.52428997  1.9737613   0.19295196
 -0.46123153 -0.06675269 -0.102551   -1.7428423   0.5493762  -0.2954835
  0.14339724  0.2996058  -2.0825686   0.34433264]
[-0.05449517  0.19700806  0.41367182  0.6435798   2.0186899   0.12024125
 -0.3735979  -0.12475449 -0.17867215 -1.6115713   0.5728028  -0.3545351
  0.12102161  0.41840124 -2.2292125   0.3730455 ]
[ 0.04429121  0.16502719  0.51070803  0.6561199   1.9190954   0.13323404
 -0.3326482  -0.12090135 -0.19977295 -1.5507923   0.47743875 -0.3478437
  0.06553271  0.45946383 -2.3043132   0.37607002]
[ 4.3324798e-02  2.0870212e-01  4.7822675e-01  6.9160825e-01
  1.8489997e+00  9.6741319e-02 -2.6700822e-01 -1.8688720e-01
 -2.5606784e-01 -1.5557497e+00  5.3478104e-01 -3.9679724e-01
  1.3452142e-03  5.5555570e-01 -2.3101716e+00  4.6732837e-01]
[-0.12060352  0.28903493  0.5739584   0.5959729   1.9270521   0.23338528
 -0.45176667 -0.18313253 -0.25339714 -1.724885    0.5088762  -0.38003558
  0.13530976  0.3655563  -2.0312688   0.47345877]
[-0.12065744  0.2151384   0.50706106  0.61056     2.000167    0.19555104
 -0.4425314  -0.15473624 -0.24401863 -1.6840172   0.49545908 -0.37522674
  0.22678714  0.30395937 -2.0369892   0.46006203]
[ 0.00806996  0.08802189  0.49033254  0.6506321   2.0598896   0.11754479
 -0.4083578  -0.18157402 -0.32791954 -1.5700516   0.4835136  -0.43295392
  0.23719826  0.39446416 -2.1006544   0.44632545]
[ 0.08450329  0.08264706  0.47229543  0.714615    1.9607499   0.06573103
 -0.29856795 -0.18063489 -0.35568228 -1.5042403   0.40505582 -0.4367394
  0.17141378  0.53623044 -2.237845    0.47656316]
[ 0.03406887  0.16324723  0.5019235   0.73948914  1.9175268   0.13124797
 -0.25624433 -0.24035521 -0.3857909  -1.5134296   0.39643034 -0.45744187
  0.0972021   0.62399185 -2.2052834   0.4098908 ]
[-0.07292946  0.19138405  0.388833    0.710259    2.0304523   0.17587514
 -0.38202822 -0.1377261  -0.24766049 -1.5584373   0.44321567 -0.35521683
  0.1650242   0.44581103 -2.1970518   0.35503763]
[ 0.03959616  0.14677958  0.37684137  0.7341205   1.9838747   0.11878598
 -0.3070835  -0.13653904 -0.24913935 -1.4858282   0.4642426  -0.35943186
  0.10928825  0.49575362 -2.3652935   0.38647014]
[ 0.13466313  0.09137174  0.4568058   0.73683196  1.8374946   0.13005228
 -0.2351149  -0.10348327 -0.25589126 -1.3904426   0.3526096  -0.33232293
  0.06962036  0.56129456 -2.4284756   0.32435733]
[ 0.04009243  0.11074521  0.57343435  0.6989702   1.8030214   0.19479923
 -0.27653104 -0.06143129 -0.2533222  -1.4872727   0.29266876 -0.31625775
  0.13324948  0.45987615 -2.2790248   0.3169177 ]
[ 0.01435116  0.13666645  0.6457487   0.5718228   1.9325721   0.15533468
 -0.3284045  -0.10670595 -0.3274271  -1.6221664   0.43545756 -0.394301
  0.23345518  0.38152525 -2.0471654   0.26755995]
[ 0.02971064  0.1733264   0.5909892   0.5099956   1.9305859   0.12388126
 -0.38028795 -0.06967168 -0.22105908 -1.5941559   0.49008197 -0.33874732
  0.17869295  0.3219112  -2.0882576   0.29165787]
[ 0.05507962  0.12891935  0.6439335   0.4674274   1.9488297   0.10469701
 -0.42783037 -0.06252232 -0.2508551  -1.6515402   0.43587986 -0.37904006
  0.28500924  0.29180047 -1.9644697   0.3257956 ]
[ 0.07059417  0.22045164  0.60780513  0.5117218   1.867582    0.06625921
 -0.3593451  -0.09704027 -0.23511097 -1.6925424   0.48407426 -0.39944506
  0.15021892  0.37829894 -2.0749395   0.45705992]
[-0.0655555   0.30835003  0.56872284  0.5413223   1.9365736   0.14089149
 -0.44710502 -0.14458187 -0.2044667  -1.7418894   0.5570261  -0.40701288
  0.09452394  0.36745632 -2.0193844   0.47315654]
[-0.07005211  0.32578582  0.51678026  0.5519564   2.049317    0.14902902
 -0.501511   -0.16770676 -0.14072683 -1.719022    0.64429176 -0.38676947
  0.02618528  0.30139363 -2.098348    0.4761712 ]
[ 0.10019913  0.24136016  0.45360857  0.6561418   2.0070198   0.10872795
 -0.37594146 -0.2248734  -0.24958932 -1.5237093   0.6340586  -0.40771437
 -0.0220477   0.46133128 -2.338585    0.43218198]
[ 0.07791356  0.19335811  0.5887803   0.5218905   2.0919554   0.1576565
 -0.511984   -0.2061452  -0.31139418 -1.5891283   0.5673033  -0.45145616
  0.19941674  0.28717476 -2.0765839   0.41405073]
[ 0.00555359  0.1864858   0.57935554  0.58424944  2.108903    0.18309192
 -0.4831966  -0.2468297  -0.39222994 -1.550747    0.51737136 -0.47842097
  0.22530758  0.40425006 -2.0699503   0.38020152]
[ 0.02754585  0.19672255  0.56601596  0.5441428   2.1381228   0.14535148
 -0.4184939  -0.2933256  -0.47021684 -1.6004183   0.61417913 -0.5153571
  0.2853161   0.44001198 -2.0167103   0.30738553]
[ 0.07857065  0.17516318  0.58817375  0.4953269   2.1580424   0.1562803
 -0.48489553 -0.25349468 -0.41146573 -1.6637726   0.6637421  -0.5120064
  0.2866346   0.33065867 -2.00797     0.35042164]
[ 0.13241372  0.08698158  0.6288222   0.523691    2.1119332   0.16444752
 -0.48113552 -0.22251704 -0.43991795 -1.5742707   0.5460499  -0.51646507
  0.29433396  0.30905512 -1.9934038   0.38041446]
[ 0.19266164  0.04346279  0.60804886  0.5730454   2.0724304   0.09053747
 -0.4105293  -0.22320107 -0.49339956 -1.5054976   0.47309804 -0.5492913
  0.33623463  0.3356772  -2.0050597   0.4144619 ]
[ 0.08439378 -0.0543388   0.632912    0.476281    2.168138    0.02873688
 -0.42212123 -0.18486826 -0.5964778  -1.526627    0.44571504 -0.59433734
  0.55372036  0.32122213 -1.7368667   0.35682416]
[ 0.15800346 -0.0491558   0.5366209   0.48107615  2.1699023  -0.06565879
 -0.34270912 -0.18796743 -0.636284   -1.5133716   0.4912528  -0.6152276
  0.50239146  0.46349898 -1.8092159   0.3702662 ]
[ 0.12445972 -0.10623284  0.7315887   0.36777362  2.1604366   0.08900684
 -0.4498856  -0.06785494 -0.5349267  -1.5146157   0.27160436 -0.5507511
  0.56465787  0.2553617  -1.6684468   0.279769  ]
[ 0.17571394  0.00350819  0.79496133  0.37850136  2.055106    0.15101852
 -0.3609529  -0.09890028 -0.4807314  -1.5419052   0.3162369  -0.50147235
  0.4236247   0.29929575 -1.8442303   0.17679559]
[ 0.0462356   0.09505515  0.7652062   0.33914694  2.085315    0.16953824
 -0.4560221  -0.06100098 -0.38469982 -1.6602201   0.44157115 -0.43664756
  0.42962044  0.25603592 -1.8021244   0.11711885]
[ 0.03685426  0.08829849  0.73244315  0.3133169   2.082901    0.16491275
 -0.4929604  -0.02401013 -0.33092004 -1.6973203   0.42369327 -0.38455695
  0.49039358  0.19683757 -1.7756907   0.12052342]
[ 0.04198334  0.05355214  0.7014824   0.4278625   2.1126714   0.08809719
 -0.45311993 -0.0698856  -0.430399   -1.7427051   0.43977603 -0.4920381
  0.52742356  0.25738123 -1.7697732   0.25707734]
[-0.01940372  0.11278076  0.6864253   0.46716586  2.059567    0.06854498
 -0.4816994  -0.06545386 -0.43265647 -1.7967733   0.48478335 -0.5100136
  0.46413392  0.27198538 -1.7538719   0.39869   ]
[-0.01995071  0.12591812  0.65874827  0.46319836  1.9933994   0.12136451
 -0.46820107 -0.03109252 -0.33688605 -1.6828554   0.44010115 -0.4134129
  0.3108952   0.25735003 -1.8304844   0.3652308 ]
[ 4.7990493e-02  4.3392308e-02  6.1679775e-01  4.4167084e-01
  2.0061083e+00  8.3455428e-02 -4.4586754e-01 -1.6585529e-03
 -2.8913718e-01 -1.5484699e+00  4.0514880e-01 -3.7246019e-01
  3.2015592e-01  2.3329954e-01 -1.9010265e+00  3.1089863e-01]
[ 0.18278515  0.06749748  0.57810915  0.45035324  2.021692   -0.02478557
 -0.35160738 -0.06714977 -0.32193092 -1.519228    0.4682459  -0.44889736
  0.24417195  0.3341682  -2.0185955   0.35689923]
[ 0.19517668  0.18673477  0.60996616  0.40526253  2.0571826   0.01578508
 -0.3740514  -0.18368979 -0.3841892  -1.6144483   0.5333431  -0.50836205
  0.23735587  0.3444392  -1.9326226   0.36686397]
[ 0.06029186  0.33009568  0.6697227   0.39449704  1.9664295   0.21527603
 -0.42981654 -0.18345813 -0.26848873 -1.6955703   0.56249774 -0.42142096
  0.16243136  0.30907792 -1.9692844   0.24818714]
[ 0.07279897  0.3939337   0.6181137   0.38366136  2.029513    0.20717752
 -0.45176846 -0.20707068 -0.19445828 -1.7381226   0.677621   -0.40817523
  0.06529353  0.23723893 -2.0597513   0.32549542]
[ 0.16287309  0.28128308  0.6168238   0.41745654  2.0799127   0.18324387
 -0.46833724 -0.25757378 -0.33186436 -1.6474354   0.6930293  -0.4872426
  0.1259183   0.24766898 -2.0483212   0.38354596]
[ 0.2579743   0.17301425  0.6532887   0.41906205  2.057862    0.15620445
 -0.4790182  -0.2647186  -0.42657524 -1.518497    0.6094658  -0.52303964
  0.16252542  0.27470398 -2.052661    0.4524971 ]
[ 0.2131867   0.0972913   0.6846405   0.4164203   2.1328342   0.10177481
 -0.47288877 -0.29088417 -0.5653442  -1.5325012   0.5599407  -0.5971102
  0.309817    0.2589876  -1.8529116   0.49206343]
[ 0.22856125  0.07405729  0.5985239   0.30919275  2.2424006  -0.09068834
 -0.423168   -0.34828222 -0.7730793  -1.5846332   0.71986026 -0.7660003
  0.40335122  0.3167039  -1.6108704   0.6664269 ]
[ 0.18371037  0.01014014  0.62411493  0.37617296  2.2512176  -0.03112854
 -0.44221336 -0.32857662 -0.7672788  -1.5202153   0.60705644 -0.7401614
  0.4445336   0.3019964  -1.6137495   0.60529023]
[ 0.22175741  0.04286279  0.55000013  0.34401473  2.2879167  -0.08525951
 -0.44351706 -0.36251736 -0.7944509  -1.5400144   0.70394987 -0.8014658
  0.41049623  0.32766834 -1.6095636   0.7127911 ]
[ 0.25062615  0.0640015   0.49024516  0.40199313  2.232388   -0.09686366
 -0.3779217  -0.35860032 -0.80859536 -1.4529009   0.68768966 -0.75023943
  0.2949869   0.43053374 -1.7309961   0.68777716]
[ 0.27630895  0.00943481  0.5370047   0.41554514  2.2275672  -0.05882605
 -0.36362937 -0.3567051  -0.7991584  -1.3983927   0.62799275 -0.7196306
  0.3589635   0.4025724  -1.7931488   0.59341013]
[ 0.29700434  0.06358998  0.46921355  0.31516322  2.294697   -0.1467877
 -0.39367408 -0.37399393 -0.7923139  -1.5031068   0.8043683  -0.77336633
  0.36630902  0.38087955 -1.7284809   0.6821971 ]
[ 0.18458292  0.0029415   0.5217555   0.31956863  2.3459282  -0.11578963
 -0.46203336 -0.34944534 -0.8126646  -1.5216047   0.7600199  -0.78828764
  0.474685    0.36345023 -1.6133019   0.65100396]
[ 0.14871562  0.00986085  0.4980213   0.3955055   2.3076162  -0.09302871
 -0.41397208 -0.3607983  -0.8023073  -1.5329759   0.74261105 -0.7589005
  0.45470637  0.4312281  -1.6777585   0.61099   ]
[ 0.0895517  -0.00377513  0.520146    0.40178615  2.3210502  -0.09569429
 -0.43645206 -0.34545305 -0.800639   -1.586878    0.7218558  -0.7792729
  0.49099046  0.41831908 -1.6237051   0.6699959 ]
[ 0.00669599 -0.01867976  0.49682456  0.4724782   2.2973819  -0.08237171
 -0.43595213 -0.3130316  -0.7834056  -1.6151993   0.6701419  -0.76144546
  0.5338757   0.43374547 -1.6016312   0.66327834]
[ 0.05327604 -0.03382318  0.47889185  0.5289624   2.2309668  -0.09473564
 -0.37150595 -0.2957533  -0.7642682  -1.5352371   0.5920857  -0.71881235
  0.49862385  0.4618813  -1.6757072   0.60683525]
[ 0.08491001 -0.0582746   0.50485104  0.52768517  2.1588683  -0.09069634
 -0.32323557 -0.2354558  -0.7164935  -1.5026786   0.4629383  -0.6851064
  0.52711076  0.46961913 -1.6917305   0.5285612 ]
[ 0.10188165 -0.07504793  0.5857182   0.4742236   2.1141934  -0.03094486
 -0.32845646 -0.1707375  -0.63858587 -1.4615631   0.3491075  -0.6099402
  0.5215615   0.41437855 -1.6878874   0.39944977]
[ 0.08289634 -0.04345952  0.7751005   0.4108058   1.9794388   0.19014971
 -0.31510442 -0.11382072 -0.50367457 -1.4544897   0.22790332 -0.47860774
  0.44551522  0.3748232  -1.790107    0.1599843 ]
[ 0.05875607  0.08942543  0.749952    0.42004007  1.9447693   0.24412718
 -0.34455118 -0.0800676  -0.36123028 -1.5924562   0.3133278  -0.35938233
  0.3654462   0.34659845 -1.9216354   0.07035756]
[ 0.04492143  0.21033251  0.7000806   0.36496076  1.9618292   0.24904351
 -0.41948304 -0.04005025 -0.22336146 -1.6896931   0.40685034 -0.31231618
  0.296198    0.23163538 -2.0131176   0.17850399]
[ 0.06758263  0.14686821  0.5989607   0.51102746  2.0512671   0.15082791
 -0.40334192 -0.09331188 -0.28762308 -1.5983927   0.47559613 -0.36336404
  0.2480576   0.28490248 -2.1347094   0.29368138]
[ 0.07205431  0.09046284  0.55056983  0.53664446  2.1242077   0.01711537
 -0.38378105 -0.12194033 -0.37263173 -1.6478174   0.53361607 -0.47661215
  0.35854796  0.29691723 -2.0351353   0.40991792]
[ 0.03368033  0.04383337  0.48231053  0.56982166  2.1226888  -0.03612207
 -0.36011633 -0.10936961 -0.39945439 -1.5879177   0.5404541  -0.49672002
  0.34715414  0.38925937 -2.0115433   0.4252166 ]
[-0.0157686   0.00664797  0.47704706  0.5301089   2.2095408  -0.08246316
 -0.42957872 -0.137938   -0.5196018  -1.5817467   0.5486342  -0.57117724
  0.4363224   0.43842036 -1.8260548   0.4746379 ]
[-0.00984574  0.02236209  0.5291351   0.6200675   2.0175302   0.01897548
 -0.32941228 -0.0913922  -0.4305954  -1.5853779   0.41739473 -0.4304375
  0.38638148  0.46664983 -1.9486504   0.2982174 ]
[-0.1375067   0.13492203  0.73786056  0.5418633   1.8889347   0.22076109
 -0.41566285 -0.05050456 -0.34829322 -1.7353632   0.32302812 -0.35857296
  0.40286702  0.3574871  -1.8101717   0.19751471]
[-0.12193821  0.26440758  0.72515255  0.4914797   1.8200047   0.27401215
 -0.39670724 -0.04318113 -0.1865968  -1.7687871   0.42408356 -0.29571682
  0.19716644  0.32284075 -1.9185426   0.15943475]
[-0.12243732  0.31002536  0.6450318   0.4152341   1.8247869   0.26042292
 -0.42941505 -0.0121099  -0.05308463 -1.7650341   0.45946282 -0.25609472
  0.11691185  0.26194006 -1.9606392   0.2558747 ]
[-0.11247841  0.24111858  0.55321276  0.5137899   1.906174    0.19866402
 -0.40211302 -0.07792991 -0.12551808 -1.6687396   0.4744729  -0.31830722
  0.09906115  0.34652537 -2.0316396   0.35756832]
[-0.00286787  0.2261883   0.5492199   0.53464     1.9292138   0.18002816
 -0.37944135 -0.12888727 -0.16519609 -1.6346529   0.47944862 -0.33052653
  0.09044744  0.34145424 -2.1092649   0.37369275]
[ 0.02153041  0.29409343  0.46958914  0.62341326  1.9066517   0.19188172
 -0.33166304 -0.17221168 -0.18218854 -1.6001295   0.5002853  -0.3205384
  0.03527671  0.41851273 -2.2609277   0.35995403]
[-0.09675954  0.32249737  0.5113679   0.51350373  2.0322785   0.26232493
 -0.49615073 -0.12260967 -0.1384336  -1.7135208   0.5399054  -0.30862957
  0.14037883  0.2885317  -2.0672941   0.28501815]
[-0.05722294  0.25234184  0.50881577  0.5845633   2.0585933   0.23762207
 -0.4976543  -0.14608702 -0.23900387 -1.6077754   0.5277003  -0.3509032
  0.12491417  0.3613926  -2.152616    0.34770158]
[ 0.07607814  0.14159104  0.47699332  0.62350804  2.0338302   0.13405985
 -0.3930548  -0.14279166 -0.2863831  -1.5262034   0.48293734 -0.4067122
  0.14907444  0.44050795 -2.2586646   0.40791973]
[ 0.05551779  0.09659252  0.5502811   0.5677274   2.0527577   0.12496187
 -0.40918455 -0.08151583 -0.2779241  -1.5361702   0.42152166 -0.40736237
  0.20630285  0.36019886 -2.1679888   0.39676106]
[ 0.06800852  0.02020125  0.45436567  0.53478825  2.1956744  -0.05718692
 -0.3742796  -0.10610767 -0.41111684 -1.547787    0.57028395 -0.5206858
  0.31594238  0.36680222 -2.0231044   0.46827155]
[ 0.08976768  0.04732893  0.48279038  0.5874701   2.0442388  -0.03200252
 -0.29187384 -0.11960697 -0.39087605 -1.5271653   0.49005657 -0.45117918
  0.29769626  0.46022838 -2.128652    0.3935021 ]
[ 0.01030445  0.0694539   0.5690468   0.56107837  1.999089    0.00861729
 -0.3357178  -0.10918315 -0.42735147 -1.6294607   0.4535779  -0.47537675
  0.35046703  0.44263077 -1.9512237   0.4183879 ]
[-0.0111411   0.14080194  0.6222262   0.48783255  1.9855106   0.08353551
 -0.4057475  -0.09553476 -0.40841818 -1.7143914   0.42497176 -0.48357445
  0.30953798  0.33655968 -1.7966197   0.48401183]
[ 0.00669758  0.1874338   0.60512894  0.5351928   1.8469177   0.17748494
 -0.35971636 -0.05517673 -0.24636845 -1.6136885   0.41069832 -0.34921744
  0.12539817  0.32625532 -1.9951998   0.3514775 ]
[ 0.05517096  0.19410479  0.57484615  0.46031684  1.9138527   0.15107891
 -0.42596573 -0.04726172 -0.13718702 -1.5408914   0.44239253 -0.31537572
  0.08861597  0.2458463  -2.069049    0.3624733 ]
[ 0.1895878   0.19132568  0.49094176  0.55254793  1.9425485   0.03383896
 -0.3100686  -0.15566544 -0.25283915 -1.4707661   0.50900847 -0.40945452
  0.04224182  0.4466769  -2.2511384   0.40491334]
[ 0.1542947   0.19930187  0.5726869   0.45621496  2.0379503   0.08214951
 -0.40000018 -0.1480025  -0.27881896 -1.5894237   0.48118395 -0.44071817
  0.16007361  0.33008817 -2.094729    0.43382272]
[ 0.07754544  0.22338383  0.5643006   0.50416136  2.0546243   0.15141776
 -0.4605609  -0.16307753 -0.30426025 -1.6134136   0.52129674 -0.42132354
  0.12010732  0.3696285  -2.1084952   0.44012251]
[ 0.05033469  0.2728433   0.4973951   0.5477254   2.0966535   0.14272246
 -0.52190226 -0.20518097 -0.29580337 -1.5991511   0.6508311  -0.40579805
  0.07044224  0.37539175 -2.201697    0.4797237 ]
[ 0.13542943  0.17565274  0.46592575  0.6062087   2.0920925   0.03102603
 -0.4469987  -0.22114468 -0.37745458 -1.5745714   0.6597993  -0.48349857
  0.14813304  0.46035513 -2.228946    0.51210296]
[ 0.04478207  0.04414309  0.5433728   0.6929203   2.1416237   0.00545437
 -0.48095694 -0.19247717 -0.48250666 -1.6327312   0.54841167 -0.5391034
  0.36507696  0.38256663 -1.9898834   0.50457317]
[-0.0866024   0.05719721  0.5434834   0.66306037  2.1479716  -0.06180912
 -0.42225522 -0.28166372 -0.6749238  -1.7043877   0.6397895  -0.68051404
  0.45030218  0.4802669  -1.7404673   0.6314534 ]
[-0.04146937  0.05004903  0.5333038   0.61429185  2.058213   -0.01594872
 -0.35304797 -0.20908129 -0.57388055 -1.5562156   0.5504838  -0.5713273
  0.3351751   0.5025699  -1.8690121   0.5024378 ]
[-0.04111878  0.05472185  0.53589046  0.51135767  2.1163895  -0.03951606
 -0.42986432 -0.1738669  -0.50743914 -1.6360395   0.5515415  -0.57870483
  0.3726347   0.4154702  -1.7636585   0.5726836 ]
[ 0.02436417  0.12972328  0.56509364  0.57466984  1.9602734   0.08041829
 -0.3445255  -0.1671311  -0.36953095 -1.620045    0.47323313 -0.43517154
  0.20558584  0.4680907  -1.9790065   0.3883922 ]
[-0.074571    0.30191547  0.6377708   0.5149488   1.9011151   0.22711806
 -0.4229919  -0.17859797 -0.22925301 -1.7511146   0.51565504 -0.38016447
  0.13469997  0.35868686 -1.9647188   0.36398515]
[-0.14074507  0.42364302  0.50012285  0.5003073   1.9891713   0.21636257
 -0.5245527  -0.20819649 -0.11734936 -1.7977873   0.65980923 -0.36916703
  0.08444849  0.29458317 -2.011562    0.45954734]
[-0.13387392  0.36407328  0.43466836  0.61160564  2.0652523   0.2400063
 -0.52609116 -0.25037414 -0.17256577 -1.7137928   0.6883036  -0.3896158
  0.07530379  0.38221732 -2.1250682   0.405099  ]
[ 0.03379934  0.2564165   0.48981467  0.6105865   2.0571415   0.22862282
 -0.4908157  -0.22506325 -0.2321178  -1.5831635   0.6013531  -0.40929356
  0.07164755  0.38358474 -2.2043056   0.36372146]
[ 0.13402435  0.1356707   0.52870816  0.58664846  2.0414214   0.17299257
 -0.44285288 -0.17313096 -0.26001132 -1.4770713   0.48383826 -0.43107605
  0.11810242  0.4111657  -2.2401376   0.36288172]
[ 0.05397301  0.10400309  0.5792097   0.6230241   2.0103927   0.21666169
 -0.4082443  -0.14490458 -0.3068488  -1.4547526   0.3955762  -0.43010607
  0.17326559  0.47614565 -2.215814    0.27731276]
[ 0.10477996  0.09203278  0.573109    0.5343499   2.1214306   0.10882533
 -0.37136728 -0.1587491  -0.40383142 -1.546208    0.50110656 -0.4629112
  0.33277023  0.36961773 -2.0879302   0.23978293]
[ 0.18350971  0.04891714  0.5333745   0.5648752   2.095136    0.03006707
 -0.29026031 -0.17174947 -0.42486605 -1.5157242   0.5484675  -0.50929403
  0.31079146  0.4345317  -2.1689384   0.27718234]
[ 0.15760668  0.03305783  0.6594348   0.40248933  2.165419    0.05297818
 -0.4047803  -0.14881603 -0.49273723 -1.6264584   0.5160001  -0.5429454
  0.48093158  0.24959478 -1.8544157   0.30134362]
[ 0.16827822  0.05292438  0.6658714   0.42868954  2.093708    0.01669121
 -0.29803526 -0.20999332 -0.6421779  -1.5856521   0.54508454 -0.5703307
  0.46244246  0.4137414  -1.8257183   0.23128815]
[ 0.02651072 -0.05834914  0.69648093  0.3970359   2.1224499   0.1046735
 -0.447078   -0.02512558 -0.47901353 -1.5771887   0.34264088 -0.44745073
  0.5668322   0.265656   -1.7123274   0.17089984]
[ 0.03236015 -0.02745178  0.67501485  0.38634163  2.1235085   0.05112516
 -0.42452675 -0.03370764 -0.47631192 -1.6607656   0.3537774  -0.5087799
  0.5847203   0.26494676 -1.6762235   0.28806978]
[ 0.04114442  0.02479921  0.6226775   0.4687408   2.0601192   0.0166173
 -0.36406302 -0.05232716 -0.4617017  -1.6563257   0.39110523 -0.49936932
  0.43779248  0.3662334  -1.7826786   0.3412379 ]
[-0.06576999  0.09202497  0.7420918   0.3998372   1.8740778   0.24106376
 -0.4135211   0.02481929 -0.278565   -1.6744833   0.27387324 -0.35648152
  0.39869165  0.26653475 -1.7819221   0.20717147]
[-0.0411792   0.08473682  0.67244184  0.43936577  1.8214982   0.20775172
 -0.3943433   0.06701075 -0.17272109 -1.6192262   0.26799974 -0.28533646
  0.29080564  0.2663868  -1.9085222   0.25338736]
[ 0.0122257   0.0472887   0.6494433   0.44895905  1.8716551   0.16780052
 -0.35960492  0.02690121 -0.18146686 -1.5860293   0.27808675 -0.31247973
  0.29046258  0.27648053 -1.970097    0.29082817]
[ 0.08733012  0.14011443  0.54547703  0.48901263  1.9578388   0.06448516
 -0.29740515 -0.09266128 -0.24292676 -1.5973175   0.4606324  -0.39520794
  0.1846914   0.3818671  -2.1015205   0.36817765]
[-0.02899395  0.20306733  0.5778081   0.40625343  1.9926999   0.16072007
 -0.41752118 -0.06201845 -0.18751508 -1.7190044   0.4493915  -0.37996474
  0.27113816  0.3027023  -1.9425151   0.32768583]
[-0.01241589  0.28271627  0.51003504  0.49715915  2.0111053   0.17351338
 -0.39442027 -0.15139613 -0.20327497 -1.6902893   0.5395312  -0.3926142
  0.22816655  0.3098206  -2.1092248   0.35499203]
[ 0.04277551  0.24898744  0.4586261   0.579446    2.044351    0.11380048
 -0.33370262 -0.23915915 -0.33296832 -1.6611881   0.6248355  -0.49338976
  0.22158346  0.43178302 -2.1874945   0.43569985]
[ 0.13911755  0.19542386  0.442233    0.6381857   1.901461    0.05870787
 -0.18603167 -0.21674547 -0.3475278  -1.5435225   0.5759424  -0.4846863
  0.07561155  0.5705594  -2.3458095   0.48066816]
[ 0.16011441  0.2178665   0.5190855   0.6069592   1.8536438   0.04387658
 -0.22476545 -0.1910328  -0.40434226 -1.6414181   0.56458974 -0.5098549
  0.09268683  0.4796048  -2.208941    0.5999989 ]
[ 0.30260384  0.18755978  0.55125266  0.6173512   1.7449207  -0.0036551
 -0.06930215 -0.28190154 -0.5314766  -1.5333315   0.6045641  -0.5531403
  0.01974567  0.61261725 -2.2049642   0.490524  ]
[ 0.09988526  0.09132159  0.5330014   0.56720865  1.9205679   0.02232095
 -0.3027057  -0.13461323 -0.32297882 -1.4943826   0.46747637 -0.4319126
  0.16386075  0.38502812 -2.0845013   0.4753949 ]
[ 0.08168641  0.15108263  0.5475329   0.468674    1.9614557   0.03365566
 -0.3731643  -0.13617048 -0.33169657 -1.5675004   0.4411284  -0.44572482
  0.22295313  0.36520582 -1.9427608   0.4828276 ]
[ 0.03129018  0.19446284  0.6007274   0.53795207  1.9509985   0.19692843
 -0.39634508 -0.18260722 -0.3653467  -1.5706482   0.3640889  -0.41192636
  0.18819311  0.4073493  -1.9694637   0.38171333]
[-1.4820725e-03  3.3451095e-01  4.6962824e-01  5.2523035e-01
  2.0089104e+00  2.0009971e-01 -4.8982111e-01 -1.6573656e-01
 -2.1933076e-01 -1.6529989e+00  5.2582902e-01 -3.7066972e-01
  6.7710258e-02  3.5035768e-01 -2.0878406e+00  4.6549430e-01]
[-9.7990630e-04  3.4761608e-01  3.9965966e-01  5.6695282e-01
  2.0838842e+00  1.7770872e-01 -5.4846150e-01 -1.9484594e-01
 -2.0486435e-01 -1.5999820e+00  6.6071403e-01 -3.6672187e-01
 -2.0126361e-02  3.6867535e-01 -2.2156222e+00  5.0447589e-01]
[ 0.12264893  0.22457175  0.36625353  0.6363492   2.070846    0.07611759
 -0.44033855 -0.19867334 -0.29210916 -1.5120549   0.64010763 -0.41771626
  0.01980321  0.48665023 -2.3366003   0.50978154]
[ 0.16744979  0.05829386  0.4848238   0.6324271   2.1407287   0.08076609
 -0.45545268 -0.18786518 -0.38694787 -1.4577936   0.5132908  -0.4850751
  0.17225368  0.40336674 -2.1888351   0.4624033 ]
[ 0.18377648 -0.02082537  0.5131825   0.6538122   2.1843476   0.0332815
 -0.39543656 -0.24051647 -0.5379079  -1.4543447   0.5062711  -0.59668386
  0.30078235  0.4370184  -2.0650811   0.45210022]
[ 0.17483906 -0.0149708   0.48043442  0.44452578  2.257135   -0.1291636
 -0.3485033  -0.17042406 -0.5686956  -1.5239505   0.5927436  -0.6330675
  0.3874661   0.35202056 -1.8735279   0.5303793 ]
[ 0.17252712 -0.01483212  0.5365838   0.44143754  2.199334   -0.05577122
 -0.32107577 -0.17804316 -0.5570124  -1.4796486   0.48565897 -0.5868867
  0.38936904  0.3454889  -1.8702701   0.44900298]
[ 0.19042735 -0.01490285  0.5945408   0.41763943  2.1403344  -0.01135792
 -0.34106666 -0.16407523 -0.55218506 -1.5022496   0.43315345 -0.57049584
  0.4250554   0.31543404 -1.8162838   0.41119537]
[ 0.1424053   0.01005115  0.6467887   0.35506105  2.1587694   0.04221136
 -0.4171191  -0.12119825 -0.5111257  -1.5766315   0.42204818 -0.5593606
  0.46584025  0.25327593 -1.7606525   0.40479547]
[ 0.11475384  0.03221778  0.62767345  0.41109735  2.0870697   0.09429475
 -0.36837393 -0.10964026 -0.46309224 -1.5236971   0.39485535 -0.47088498
  0.41539985  0.2837341  -1.8782123   0.30378813]
[ 0.07060135  0.0162694   0.6278187   0.41024885  2.1155672   0.06773961
 -0.40041003 -0.09758876 -0.45287806 -1.5573524   0.4085866  -0.46520576
  0.43542847  0.28952992 -1.8644968   0.34802952]
[ 0.13351336  0.04340389  0.5688442   0.4749526   2.077781   -0.0089068
 -0.29990932 -0.15400188 -0.4841041  -1.5808856   0.47276482 -0.53355205
  0.35536155  0.398674   -1.9945047   0.48599786]
[ 0.06619139  0.08294215  0.5483594   0.45035225  2.1429813  -0.01185494
 -0.39378285 -0.18109897 -0.5465093  -1.6153389   0.5381028  -0.59781367
  0.34878048  0.33668777 -1.8202937   0.6138946 ]
[ 0.05968124  0.00955666  0.526919    0.52417713  2.0636055   0.04243319
 -0.35153288 -0.13060951 -0.48675627 -1.489178    0.43860784 -0.48621097
  0.3571841   0.33886304 -1.9294239   0.46802497]
[ 0.12434901 -0.00746999  0.4679517   0.5051966   2.0723553  -0.05769357
 -0.3077207  -0.13191056 -0.491342   -1.4776539   0.4621454  -0.5098394
  0.375389    0.4128898  -1.9763918   0.49616632]
[ 0.15917602 -0.0037452   0.48652238  0.48331165  2.0728927  -0.05871893
 -0.28057414 -0.17057255 -0.57828856 -1.4527905   0.3935673  -0.5482233
  0.3937441   0.4647171  -1.8730026   0.47117758]
[ 0.108216    0.01536166  0.6283191   0.47763127  1.9922631   0.12249824
 -0.29015547 -0.1490762  -0.503059   -1.4712471   0.25657183 -0.48584586
  0.4007388   0.3982957  -1.8917353   0.34638438]
[ 0.03470824  0.08391736  0.5854348   0.49285707  1.9773525   0.17715326
 -0.33979866 -0.0580341  -0.32761008 -1.538336    0.3007087  -0.37135655
  0.32640138  0.3626723  -2.0316563   0.276961  ]
[ 0.03539521  0.08824352  0.52033854  0.5487421   2.031959    0.12436239
 -0.37436408 -0.05203991 -0.26868495 -1.5019674   0.36718744 -0.35042158
  0.2769665   0.3357515  -2.1595888   0.32927686]
[ 0.14959373  0.07708394  0.49199757  0.6488961   1.9803421   0.03365091
 -0.25889254 -0.13764262 -0.36323974 -1.4618105   0.4395233  -0.43500218
  0.21131715  0.51220894 -2.3022609   0.36450005]
[ 0.09263398  0.06692538  0.5582379   0.6397251   1.9792938   0.03523323
 -0.28319317 -0.14180328 -0.42958087 -1.5599196   0.4346285  -0.47277838
  0.28772885  0.46777287 -2.1298168   0.40730906]
[ 0.0046204   0.09708389  0.59539306  0.560655    2.0083165   0.07030526
 -0.39373007 -0.08308277 -0.4073371  -1.6113936   0.4161768  -0.46666235
  0.28895518  0.32362825 -1.8858398   0.43955666]
[ 0.03417428  0.05157912  0.5610097   0.5543842   1.9592364   0.04343659
 -0.36367646 -0.03677275 -0.32098493 -1.5316609   0.40542895 -0.40280408
  0.22468817  0.353635   -1.9750185   0.39708132]
[ 0.12393699  0.0894715   0.5148989   0.5037433   1.975865   -0.03894806
 -0.3051711  -0.05337847 -0.27600232 -1.5391996   0.4692692  -0.4329219
  0.16789389  0.390984   -2.053934    0.41810742]
[ 0.15212877  0.14094198  0.58098733  0.45294994  2.0080838   0.02407198
 -0.3217113  -0.10850219 -0.30974713 -1.6148622   0.48142004 -0.44590273
  0.19116978  0.40745264 -2.0123148   0.32651752]
[-1.8334389e-03  2.7332094e-01  6.8413699e-01  4.2344561e-01
  1.9646059e+00  2.2550738e-01 -4.1852432e-01 -9.5767356e-02
 -2.0376091e-01 -1.7457988e+00  4.7361308e-01 -3.6857143e-01
  2.2750418e-01  3.3340162e-01 -1.9955965e+00  1.7227359e-01]
[-0.03739638  0.3812482   0.6012311   0.39605784  2.0200741   0.21332498
 -0.5059921  -0.06714897 -0.10744653 -1.833173    0.59491694 -0.31379965
  0.16682976  0.25578636 -2.0698104   0.25535876]
[-0.05741611  0.32865158  0.5456169   0.48543006  2.077907    0.15242231
 -0.5247037  -0.11209176 -0.2076784  -1.78906     0.6615783  -0.3699329
  0.16150506  0.31017503 -2.0959578   0.38590956]
[ 0.01785092  0.2585324   0.5412043   0.5447645   2.0487547   0.07394389
 -0.4788185  -0.12814155 -0.2830133  -1.7351252   0.64975035 -0.4297289
  0.19099498  0.33968455 -2.1276884   0.4706847 ]
[ 0.02920217  0.14759663  0.5347291   0.61347336  2.042862    0.01880649
 -0.38675272 -0.14329436 -0.35050696 -1.6276934   0.57851636 -0.48188704
  0.21882983  0.37934214 -2.090524    0.4712808 ]
[-0.03351485  0.09020872  0.5609449   0.47423592  2.1287606  -0.01760911
 -0.43445507 -0.18113457 -0.46249533 -1.6783268   0.60856116 -0.59884006
  0.33013937  0.3815115  -1.7606678   0.55190384]
[ 1.4896035e-03  1.3127741e-01  5.4064906e-01  4.3106875e-01
  2.0232320e+00  1.8558636e-02 -3.6973360e-01 -1.3000572e-01
 -3.6006683e-01 -1.6592048e+00  5.1699340e-01 -4.7033769e-01
  3.0677423e-01  3.6556521e-01 -1.8318275e+00  4.4275776e-01]
[-0.04705618  0.17127798  0.59511787  0.42795286  2.0767474   0.08870108
 -0.44147736 -0.20215121 -0.4225014  -1.7117764   0.51849866 -0.537212
  0.3473427   0.35475165 -1.7294592   0.47114238]
[-0.13722077  0.32558846  0.58156145  0.43971762  1.978294    0.25577122
 -0.474651   -0.15776585 -0.27065554 -1.7522869   0.47270632 -0.39074886
  0.28642613  0.31386107 -1.840119    0.32641426]
[-0.09053938  0.38472015  0.47598782  0.48859793  2.005817    0.2540577
 -0.4785021  -0.1431665  -0.15769686 -1.7029778   0.55166197 -0.32521963
  0.11570813  0.29919893 -2.0571566   0.3352465 ]
[ 0.01762373  0.2978981   0.5090771   0.5042399   2.041201    0.21150112
 -0.45976344 -0.14886898 -0.23368606 -1.5707076   0.56811947 -0.37155372
  0.02610454  0.34531727 -2.1660504   0.3832754 ]
[ 0.24177861  0.22420172  0.43845767  0.5613706   1.9546185   0.09078581
 -0.2909461  -0.17865023 -0.2625017  -1.405729    0.56790304 -0.41968837
 -0.08679895  0.46740478 -2.3734632   0.4242093 ]
[ 0.2210973   0.18048462  0.57278395  0.49351984  2.0120149   0.12419751
 -0.3707602  -0.17459846 -0.3205183  -1.4564817   0.50811636 -0.45990437
  0.08118922  0.34634212 -2.2028925   0.39771777]
[ 0.26268607  0.11489771  0.47386163  0.46015987  2.1582043  -0.04494667
 -0.31464383 -0.23895225 -0.49106464 -1.5142238   0.66930234 -0.5562893
  0.23664561  0.40624467 -2.062965    0.3927018 ]
[ 0.13927633  0.05947725  0.59424627  0.43812424  2.1717508   0.02575905
 -0.40174037 -0.18557951 -0.49999714 -1.6065998   0.5762131  -0.5385927
  0.4083894   0.32235926 -1.914005    0.36128944]
[ 0.10415424  0.00465812  0.6322799   0.38075334  2.2385712   0.01817785
 -0.46440476 -0.17236552 -0.58480483 -1.6638237   0.55707014 -0.6001898
  0.47728747  0.25647718 -1.711916    0.48354977]
[ 0.08602986  0.00462921  0.615269    0.46635637  2.184924    0.05181957
 -0.41580257 -0.22498795 -0.6289493  -1.5439379   0.5176248  -0.58964455
  0.38325256  0.347382   -1.7738273   0.47554713]
[ 0.00272896 -0.00903116  0.5951168   0.43229723  2.2365575   0.03046617
 -0.47835523 -0.18254218 -0.59916615 -1.6153085   0.5419016  -0.58744115
  0.53605616  0.2675793  -1.6711327   0.455475  ]
[ 0.04544978 -0.05677618  0.5410341   0.42211294  2.2464435  -0.12786251
 -0.41466618 -0.17542829 -0.6842581  -1.6117738   0.54400766 -0.6653677
  0.58932436  0.42424816 -1.661594    0.54419404]
[-0.02755083  0.00814243  0.5717468   0.45236653  2.1633148  -0.05473281
 -0.45003948 -0.15599659 -0.6375131  -1.6780784   0.46547905 -0.63653547
  0.60467553  0.42441115 -1.6294746   0.5413168 ]
[-0.0168298   0.12526181  0.5791677   0.49381262  2.0519238   0.02330238
 -0.38271466 -0.16025779 -0.5218112  -1.6745201   0.4150682  -0.567769
  0.41831803  0.4147145  -1.7648475   0.5300007 ]
[-0.04737674  0.15863235  0.57622665  0.5757487   1.8486767   0.19371042
 -0.27880707 -0.07523335 -0.31258443 -1.5696498   0.28674394 -0.4011081
  0.22271815  0.40792823 -1.9951448   0.36608544]
[ 0.01444582  0.13837777  0.53572106  0.48738647  1.9068348   0.12553638
 -0.34013134 -0.00355447 -0.16558132 -1.5089955   0.3449321  -0.33466527
  0.10576401  0.31202972 -2.0927958   0.43105116]
[ 0.22591963  0.12457701  0.46740466  0.60166794  1.8449414   0.0196543
 -0.16631013 -0.12436523 -0.23730929 -1.4001389   0.41959447 -0.41565982
 -0.01156828  0.49640194 -2.3492944   0.45920873]
[ 0.13919017  0.25782686  0.47685328  0.54167867  1.9198087   0.07442893
 -0.23401308 -0.20975108 -0.28195438 -1.5506603   0.5055903  -0.4561595
  0.06845488  0.44056433 -2.18266     0.44834518]
[ 0.03623017  0.28523368  0.56713116  0.46920958  2.0386167   0.19365433
 -0.3401776  -0.20919165 -0.3049948  -1.6430607   0.5021555  -0.4508223
  0.12657498  0.35070553 -1.9950149   0.32926506]
[ 0.04408659  0.32483375  0.530444    0.35640714  2.0713344   0.16291511
 -0.4149378  -0.13455938 -0.20469828 -1.6886656   0.5870271  -0.42775744
  0.09431581  0.2396003  -2.012036    0.42898172]
[ 0.22150485  0.25943786  0.48043257  0.43399113  2.0238855   0.08804926
 -0.33129075 -0.16523275 -0.25793833 -1.5242469   0.5773492  -0.4694038
 -0.01190675  0.32845336 -2.228899    0.53384316]
[ 0.2208211   0.21826418  0.43922338  0.46526518  2.0552351   0.04477111
 -0.3261949  -0.16177318 -0.33098903 -1.4641577   0.5752591  -0.48758507
 -0.00693326  0.3741494  -2.220653    0.5644033 ]
[ 0.3463364   0.21930678  0.33845606  0.3277771   2.1267617  -0.14809594
 -0.26699075 -0.20336707 -0.45803195 -1.5269142   0.79587954 -0.5947604
  0.05025499  0.40604115 -2.0920444   0.64012504]
[ 0.24103355  0.1830608   0.43861094  0.33472267  2.159269   -0.12683296
 -0.35649782 -0.16981857 -0.4547507  -1.6033032   0.7416178  -0.57585406
  0.18612851  0.32621104 -1.968428    0.6043166 ]
[ 0.19011912  0.06254677  0.46941757  0.3764616   2.2893443  -0.13942452
 -0.42807308 -0.20195809 -0.57304454 -1.5798222   0.67617714 -0.68637526
  0.32141683  0.3323723  -1.8145611   0.66832083]
[ 0.2622584   0.09503935  0.41691488  0.42143226  2.2075768  -0.12341715
 -0.33131427 -0.1984571  -0.53769314 -1.5424393   0.66695845 -0.6228175
  0.2325265   0.37527868 -1.9695556   0.6081176 ]
[ 0.23975131  0.09445085  0.4152093   0.40253252  2.249026   -0.14195326
 -0.37215847 -0.18014728 -0.5008136  -1.5534067   0.69937605 -0.6242844
  0.2369161   0.35389322 -1.9722455   0.6138419 ]
[ 0.16451421  0.09164529  0.4200417   0.39724874  2.2709994  -0.14106706
 -0.4021236  -0.16925511 -0.49428067 -1.5508026   0.6862395  -0.6183866
  0.269982    0.35972512 -1.9376627   0.6136311 ]
[ 0.18630627  0.06560252  0.41648483  0.47095186  2.1759377  -0.0943442
 -0.3031641  -0.17321439 -0.4919499  -1.5055485   0.6037365  -0.563455
  0.24624129  0.41832465 -2.0307937   0.53649795]
[ 0.17451128  0.06647901  0.49676663  0.43497497  2.1832154  -0.06014542
 -0.3371417  -0.1726526  -0.49918765 -1.574685    0.58374393 -0.57721984
  0.31422648  0.35306382 -1.9338171   0.5047885 ]
[ 0.06277475  0.07655527  0.57804215  0.42301258  2.2232113  -0.01318814
 -0.43084383 -0.1771394  -0.51368296 -1.6656183   0.59376764 -0.59965914
  0.41454822  0.31343096 -1.8041407   0.4750498 ]
[ 0.00698218  0.0186343   0.5977861   0.521368    2.1380184   0.09972015
 -0.39655098 -0.13510993 -0.47623554 -1.5951089   0.4369847  -0.4741415
  0.44713727  0.32036433 -1.8658928   0.3066471 ]
[-1.6901850e-03  3.5230040e-03  5.7629806e-01  5.3181541e-01
  2.1281860e+00  6.5683052e-02 -4.1380367e-01 -1.1999861e-01
 -4.7947735e-01 -1.6240591e+00  4.2350888e-01 -5.1248497e-01
  4.9462318e-01  3.0689496e-01 -1.8333229e+00  4.0876895e-01]
[-0.00541691  0.0438225   0.56421584  0.5711601   2.037272    0.02188822
 -0.38596267 -0.06807472 -0.4456628  -1.6596915   0.387605   -0.5005563
  0.42190275  0.33679637 -1.8641351   0.5036373 ]
[ 0.02302562  0.09053333  0.5476862   0.5884918   1.9444084   0.06492357
 -0.30228192 -0.09439158 -0.40194792 -1.5593874   0.3978362  -0.4582227
  0.24530026  0.4065779  -1.9791466   0.44304442]
[ 0.01645551  0.12389255  0.4931551   0.5638166   1.9233601   0.07775934
 -0.3318662  -0.04450212 -0.2626825  -1.4881874   0.44322854 -0.36631912
  0.12248971  0.38944006 -2.0769105   0.37000108]
[ 0.14027545  0.16735265  0.47438413  0.4605297   1.9417824   0.00482494
 -0.32423165 -0.06775412 -0.21097767 -1.5100108   0.5097364  -0.3626749
  0.09323017  0.3938539  -2.1248682   0.3676805 ]
[ 0.13743854  0.24284963  0.5223676   0.44690713  1.9129431   0.07906585
 -0.31316838 -0.1426268  -0.2640725  -1.5609332   0.5242016  -0.38090295
  0.10958524  0.42899847 -2.135761    0.3457927 ]
[ 0.02937715  0.23997359  0.60152113  0.46905312  1.9690746   0.22576186
 -0.406138   -0.14315663 -0.25315946 -1.6350319   0.446068   -0.35779455
  0.19301245  0.35605592 -2.0542424   0.27097136]
[ 1.1743337e-03  3.0528459e-01  5.2111512e-01  5.0588983e-01
  2.0376914e+00  2.1435602e-01 -4.5732492e-01 -1.5502349e-01
 -1.9036222e-01 -1.6841199e+00  5.6753105e-01 -3.3286014e-01
  1.4018923e-01  2.9299203e-01 -2.1566615e+00  3.4213987e-01]
[ 0.09496992  0.1910733   0.46118253  0.6297001   2.0481808   0.12144546
 -0.3941742  -0.20461285 -0.32251132 -1.5782559   0.5788509  -0.41620046
  0.13134515  0.39563966 -2.2498136   0.46684784]
[ 0.10713606  0.04587191  0.5112763   0.7428333   1.9727237   0.11635832
 -0.33376145 -0.22102275 -0.43833485 -1.5071427   0.4451298  -0.4831144
  0.25364685  0.4503448  -2.1815794   0.4732946 ]
[ 0.0950308  -0.0086277   0.5291499   0.6799255   1.9706186   0.06720279
 -0.28075317 -0.19561802 -0.51225495 -1.4819872   0.37511447 -0.5397594
  0.32720414  0.37115943 -1.9910679   0.55312663]
[ 0.08839804 -0.07417859  0.5286187   0.58555365  1.9580934   0.0154164
 -0.20083252 -0.17983022 -0.593843   -1.3880991   0.32474715 -0.58229506
  0.3276433   0.48205584 -1.8670712   0.53539336]
[ 0.12377757 -0.02351094  0.4843873   0.48332748  1.9583223  -0.03116191
 -0.2324698  -0.12663555 -0.49006414 -1.4424803   0.343831   -0.5506238
  0.31393287  0.39569908 -1.8291298   0.5859977 ]
[ 0.09080566  0.04648406  0.55287486  0.480518    1.9099995   0.08632796
 -0.2424223  -0.1291028  -0.41499797 -1.4739428   0.25894225 -0.4804426
  0.32021976  0.37236777 -1.8828306   0.46576032]
[-0.00606948  0.22263089  0.4904313   0.49702573  1.957201    0.1475049
 -0.30517507 -0.13189052 -0.30798957 -1.5979469   0.3772781  -0.40725833
  0.22580108  0.3965378  -1.9985214   0.39961475]
[-0.01422138  0.32207334  0.36664897  0.4946025   2.010923    0.13526371
 -0.36600113 -0.080649   -0.15985617 -1.6626354   0.4964308  -0.3634916
  0.08085486  0.37743866 -2.1409268   0.46465406]
[ 0.06487326  0.31072494  0.3116795   0.55091995  1.9914997   0.06530228
 -0.3509113  -0.08343236 -0.15149513 -1.5757064   0.58580697 -0.36712098
 -0.08011393  0.43777633 -2.3321843   0.5836333 ]
[ 0.2249269   0.2970686   0.24388596  0.64042324  1.8103129  -0.01925993
 -0.18321016 -0.09473126 -0.17229137 -1.4685322   0.6036151  -0.38045985
 -0.22691801  0.6183081  -2.5601535   0.6272794 ]
[ 0.20419915  0.20209245  0.31725436  0.6632978   1.8807266  -0.03437272
 -0.17844959 -0.11896088 -0.24236783 -1.4835633   0.5966654  -0.44796953
 -0.08194118  0.56183803 -2.4567194   0.5753781 ]
[ 0.16341755  0.21539383  0.3020574   0.50665873  2.007225   -0.13665181
 -0.27543342 -0.11752596 -0.2952761  -1.5555441   0.7547171  -0.49483514
  0.01338817  0.4992752  -2.1921687   0.5629343 ]
[ 0.15263924  0.13252465  0.49079657  0.42786303  2.037917   -0.05908936
 -0.35273972 -0.08084729 -0.27724972 -1.591171    0.5998414  -0.4893612
  0.1843582   0.34089047 -2.0345144   0.47328776]
[ 0.21432476  0.18855193  0.51094323  0.42437297  2.027019   -0.02747256
 -0.3018257  -0.17878641 -0.34542596 -1.577965    0.6124479  -0.50061035
  0.14430268  0.41416568 -2.0586677   0.40879878]
[ 0.11390283  0.21701594  0.6419995   0.38279518  2.008037    0.11888982
 -0.37056613 -0.16988875 -0.29051262 -1.6670244   0.5737527  -0.47146297
  0.19620885  0.3429728  -2.0120437   0.3367973 ]
[ 0.08853727  0.31441274  0.578641    0.3966512   2.0614483   0.14374523
 -0.4078931  -0.23072891 -0.2596485  -1.7428573   0.67863595 -0.49238962
  0.19556488  0.2851312  -2.0582998   0.4020877 ]
[ 0.11482336  0.28339893  0.5140405   0.48785987  2.1071858   0.11219916
 -0.3868349  -0.33102453 -0.40431944 -1.7372738   0.77554655 -0.58986694
  0.2302891   0.38745737 -2.0711722   0.4612751 ]
[ 0.14909147  0.22623233  0.531338    0.53843856  2.047715    0.09138729
 -0.3682815  -0.32291344 -0.4489625  -1.6893374   0.71159065 -0.5986898
  0.2315586   0.42916816 -2.0969787   0.5236    ]
[ 0.21123561  0.20503736  0.5529572   0.55547696  1.9910123   0.04719724
 -0.29079437 -0.33648205 -0.5731956  -1.6284783   0.6420071  -0.6446449
  0.2624107   0.48779517 -2.0644786   0.53975856]
[ 0.2292935   0.22636151  0.528577    0.47476205  1.8828379  -0.07196345
 -0.12577537 -0.36601102 -0.77660984 -1.5955523   0.7117473  -0.74120426
  0.23906732  0.7122078  -1.9136002   0.544493  ]
[ 0.0743596  -0.02134583  0.57960534  0.5198256   2.057563    0.04215325
 -0.3155415  -0.18315771 -0.5721617  -1.451768    0.3660012  -0.5734557
  0.4034829   0.40527993 -1.8275144   0.45407423]
[ 0.20629601  0.05736231  0.5018177   0.45606145  2.0034547  -0.03016092
 -0.2580595  -0.18415673 -0.51517713 -1.4668318   0.45823866 -0.5522884
  0.2862801   0.42017412 -1.9078449   0.48339072]
[ 0.06483436  0.08048912  0.6763848   0.4456513   2.0072317   0.15547042
 -0.3289065  -0.18175748 -0.46832237 -1.5511813   0.33556753 -0.5121707
  0.38129747  0.35898075 -1.838073    0.3288843 ]
[-0.01315059  0.21235044  0.5479116   0.50261354  2.05369     0.17244744
 -0.36757666 -0.17957893 -0.37855828 -1.6559842   0.4766663  -0.44018975
  0.30379927  0.33999503 -1.9473604   0.3271623 ]
[-0.01555421  0.20307808  0.54511946  0.45837554  2.0775094   0.14319961
 -0.44599256 -0.13158984 -0.29960674 -1.6889021   0.5274072  -0.42905003
  0.26471353  0.29429778 -1.9701717   0.42269427]
[ 0.08128748  0.18476884  0.51668227  0.57099134  1.9934235   0.12249919
 -0.36772257 -0.18110923 -0.34161633 -1.6089052   0.5346754  -0.4531054
  0.1936446   0.37069458 -2.1638417   0.5029967 ]
[ 0.14443046  0.18226916  0.45377094  0.63466436  1.9272016   0.04438193
 -0.2681921  -0.1828753  -0.36069268 -1.5189607   0.53997946 -0.47175795
  0.06285863  0.4721108  -2.256343    0.55442685]
[ 0.02164323  0.167932    0.44222674  0.5432027   2.0061665  -0.00530895
 -0.31831232 -0.1477071  -0.39831337 -1.5563973   0.5729814  -0.50134945
  0.13260418  0.4258232  -2.0057766   0.58106834]
[ 0.14034708  0.18956578  0.38090536  0.47636232  1.9932922  -0.09995168
 -0.29857272 -0.12914605 -0.34401807 -1.5567514   0.6219108  -0.4948334
  0.0808709   0.43100172 -2.0656288   0.6370366 ]
[ 0.16147408  0.19178948  0.41211113  0.52739835  1.9751365  -0.06272008
 -0.25748056 -0.20098405 -0.4149076  -1.5548044   0.5906342  -0.5150019
  0.08495165  0.5039978  -2.047995    0.5677316 ]
[ 0.02588023  0.20167573  0.5748869   0.5663761   1.9400833   0.1605005
 -0.30960137 -0.18873206 -0.35225084 -1.5855951   0.41025305 -0.43675858
  0.14542374  0.40501943 -1.996289    0.39625525]
[ 0.00832694  0.28437674  0.5379893   0.47603178  2.0165086   0.18218777
 -0.39538804 -0.14374132 -0.2149351  -1.6502272   0.51066476 -0.38378948
  0.06227815  0.28407207 -2.0494175   0.43247232]
[ 0.0784127   0.25430784  0.51743543  0.49895892  2.0530095   0.14775482
 -0.39963526 -0.179892   -0.2603634  -1.5706437   0.56615794 -0.4217945
  0.01322266  0.31654936 -2.1394515   0.48273277]
[ 0.1860971   0.21673003  0.49686584  0.47591668  2.056231    0.07563039
 -0.36289003 -0.19372341 -0.29457983 -1.5512888   0.56507224 -0.48419768
  0.06441455  0.32099137 -2.1689053   0.5563489 ]
[ 0.12787786  0.22220469  0.46541962  0.51163214  2.0917978   0.06343348
 -0.36405188 -0.20496011 -0.33324352 -1.5257235   0.55485594 -0.51854694
  0.06471557  0.3517304  -2.1340384   0.5883008 ]
[ 0.22642139  0.18921527  0.4005232   0.3700912   2.2116797  -0.10409415
 -0.34179398 -0.2609703  -0.47874776 -1.5473382   0.7131734  -0.65936065
  0.16104445  0.3673289  -1.9963703   0.714234  ]
[ 0.23353617  0.17823793  0.3837176   0.44069108  2.0962548  -0.07763699
 -0.24852967 -0.21674344 -0.4424468  -1.5145082   0.6604376  -0.57555664
  0.11229962  0.42931247 -2.1344419   0.63639474]
[ 0.18929088  0.10208913  0.45235476  0.46354777  2.171298   -0.04858641
 -0.3071333  -0.24821214 -0.5553232  -1.5317285   0.6137601  -0.6519064
  0.22215584  0.3882038  -1.9648921   0.6678891 ]
[ 0.25036088  0.14095299  0.36625892  0.43313503  2.1088126  -0.11084559
 -0.2559183  -0.21605411 -0.52459925 -1.4926164   0.6796473  -0.6041275
  0.12526032  0.41948372 -2.0382512   0.681145  ]
[ 0.21512541  0.13213857  0.39238155  0.430049    2.1501887  -0.09511251
 -0.28908184 -0.23565502 -0.55156213 -1.5314232   0.69587207 -0.6213462
  0.21394011  0.41017017 -1.9880728   0.63319266]
[ 0.13218462  0.15481725  0.37764454  0.4372142   2.1229577  -0.11115298
 -0.28283405 -0.23078954 -0.5747702  -1.5832856   0.68751234 -0.63694537
  0.2817241   0.46558228 -1.9330082   0.65601635]
[ 0.06946492  0.10039163  0.4149972   0.40478668  2.1544473  -0.15635207
 -0.34679094 -0.19603413 -0.5825601  -1.6067994   0.6585627  -0.6988132
  0.32165363  0.47763482 -1.842647    0.79569775]
[ 0.13608396  0.14655276  0.35738444  0.5228014   2.0377145  -0.10726962
 -0.25150448 -0.21173196 -0.53611785 -1.6001898   0.62163633 -0.6204981
  0.18806037  0.51476306 -1.9960474   0.76550025]
[ 0.05701748  0.22474866  0.37587774  0.52676076  2.027036   -0.05222707
 -0.32121378 -0.20152743 -0.4776782  -1.6576643   0.6770531  -0.56870663
  0.13605088  0.49040955 -1.964679    0.6938447 ]
[-0.03086618  0.13995549  0.51644146  0.5370526   2.0477474   0.06456097
 -0.42335135 -0.13454585 -0.38575733 -1.5804017   0.5100236  -0.46454462
  0.22598901  0.39586034 -1.9385273   0.4779811 ]
[ 6.8755731e-02  2.0186916e-01  4.3641630e-01  4.6543956e-01
  2.0429339e+00 -1.0807246e-03 -4.2340794e-01 -1.2039642e-01
 -2.9415441e-01 -1.6052297e+00  5.4358828e-01 -4.3577513e-01
  2.0639189e-01  3.7420473e-01 -1.9752090e+00  4.7516698e-01]
[ 0.04533283  0.15413634  0.5280701   0.54913664  2.033603    0.09251616
 -0.3782988  -0.18111469 -0.40284663 -1.5721666   0.42459685 -0.5018775
  0.30640703  0.43405193 -1.9606049   0.38639864]
[ 0.02552808  0.2569912   0.5030824   0.5033196   1.9513118   0.14547579
 -0.34962708 -0.09920857 -0.23650964 -1.5769632   0.42944056 -0.38500324
  0.14564715  0.44850403 -2.1354046   0.32837304]
[ 0.01645781  0.34546113  0.3780384   0.53539526  1.9742641   0.11199274
 -0.39108434 -0.10026555 -0.13042036 -1.6285183   0.5908268  -0.3444269
  0.04052813  0.42259794 -2.2979941   0.43323755]
[ 0.14164695  0.32762522  0.33146572  0.60319376  1.8972492   0.04765975
 -0.29046398 -0.15097801 -0.2061212  -1.5499674   0.6747313  -0.36715883
 -0.10522374  0.5511679  -2.4523723   0.5026243 ]
[ 0.1308608   0.18394652  0.44909984  0.64936346  1.9313462   0.04840884
 -0.3171034  -0.14635116 -0.31530976 -1.5588514   0.5754046  -0.40473714
  0.08341588  0.47072798 -2.2853565   0.45794478]
[ 0.04534196  0.01453665  0.55114925  0.6587213   2.01677     0.02209726
 -0.37983808 -0.11549161 -0.4194321  -1.5884393   0.45095116 -0.48041362
  0.33569202  0.34109837 -1.9909465   0.49322996]
[-0.02979085  0.00723934  0.5795606   0.544721    2.076294   -0.01785237
 -0.40816694 -0.12851958 -0.5228195  -1.6290718   0.4604765  -0.5457673
  0.41892272  0.35888964 -1.7379036   0.5329513 ]
[ 0.00529569  0.05658784  0.4915076   0.5244442   2.0797458  -0.06261007
 -0.3569016  -0.14368215 -0.475424   -1.5954964   0.4930938  -0.55603755
  0.3571836   0.40272155 -1.8049663   0.5457002 ]
[-0.01499072  0.16699521  0.555073    0.44396764  2.0158696   0.03925564
 -0.3852421  -0.13111398 -0.35710436 -1.6313759   0.45448437 -0.4753477
  0.2825618   0.39789113 -1.8342607   0.4326176 ]
[ 0.00304223  0.26819777  0.60522485  0.44867557  1.8351914   0.23360102
 -0.3250398  -0.10921191 -0.19412133 -1.5987221   0.41261825 -0.3293027
  0.11236185  0.40817732 -2.0643535   0.24483398]
[-0.03587802  0.42972833  0.50092065  0.44361538  1.8845383   0.21967545
 -0.40595755 -0.1382711  -0.08798806 -1.6907675   0.5678702  -0.32419905
  0.00403976  0.36064297 -2.1930842   0.4218831 ]
[ 0.00331279  0.46459398  0.41623825  0.561062    1.9138639   0.192978
 -0.42229265 -0.21187921 -0.1470596  -1.6799177   0.65938866 -0.3316414
 -0.06946737  0.41910282 -2.3270633   0.5172409 ]
[ 0.07223417  0.39207318  0.3705601   0.60532504  1.9302928   0.1029039
 -0.38561726 -0.24321845 -0.26616296 -1.666089    0.73768055 -0.40247613
 -0.08626251  0.49536818 -2.3133185   0.6164247 ]
[ 0.03927382  0.16175082  0.51221883  0.71645325  1.9879246   0.1222831
 -0.42074212 -0.21654058 -0.35637584 -1.6150211   0.5482804  -0.45545825
  0.14957353  0.38679463 -2.153764    0.5499214 ]
[ 0.05608944  0.04360803  0.4857669   0.722175    2.022245    0.04928766
 -0.37491164 -0.20620295 -0.4247245  -1.5539199   0.5035863  -0.50632346
  0.23102908  0.43140975 -2.0762906   0.5543031 ]
[-0.04891675 -0.03395888  0.5358756   0.6709725   2.09149     0.03242205
 -0.37068143 -0.18000755 -0.5071873  -1.5007985   0.41725397 -0.5475037
  0.36979938  0.5138398  -1.9250572   0.43786907]
[ 0.03954374  0.06980862  0.4054598   0.5971304   2.121685   -0.05173047
 -0.36638802 -0.137427   -0.43218064 -1.565489    0.50125015 -0.50663626
  0.31358972  0.4772933  -1.9796665   0.47236046]
[-0.06089507  0.17230539  0.5219624   0.6341272   2.0157933   0.1339566
 -0.3818205  -0.10933454 -0.3078328  -1.6433303   0.38526908 -0.37669683
  0.27623397  0.44010824 -2.0299594   0.2839904 ]
[-0.10747502  0.26614717  0.4527151   0.6277915   2.0064056   0.16404802
 -0.40436214 -0.08198867 -0.16811542 -1.6950636   0.5034079  -0.32925183
  0.14222078  0.45041838 -2.146641    0.27201405]
[-0.15290563  0.3315074   0.36243668  0.64494133  1.9963017   0.17259808
 -0.42820463 -0.06421369 -0.06767642 -1.692509    0.58950055 -0.28310412
  0.04929116  0.43796486 -2.2761254   0.3329602 ]
[ 0.00513867  0.2491295   0.35905188  0.6816109   1.9529438   0.14181976
 -0.34225303 -0.0581289  -0.09245781 -1.5683283   0.5525791  -0.27221465
  0.00663485  0.46684533 -2.4050646   0.2711543 ]
[ 0.10559835  0.22757831  0.39243194  0.67315435  1.8443701   0.11561694
 -0.2507849  -0.04606918 -0.11312582 -1.5052011   0.4964097  -0.26468
  0.01036068  0.52077174 -2.4440575   0.18302022]
[ 0.00295479  0.15582292  0.6273853   0.48936898  1.9493513   0.1826766
 -0.36870676  0.02941461 -0.15113842 -1.6633575   0.40369955 -0.30134344
  0.3086252   0.30477113 -2.0877957   0.0604131 ]
[-0.07683816  0.18524005  0.6786202   0.32186     1.9690536   0.17125764
 -0.42105722  0.11311655 -0.11408351 -1.7950541   0.36286706 -0.28378195
  0.36279067  0.24240604 -1.8459682   0.07594468]
[-0.08465873  0.1699166   0.68515015  0.35235417  1.927372    0.20597425
 -0.3813104   0.11401007 -0.09544321 -1.75289     0.31764323 -0.2525231
  0.35709634  0.2519024  -1.92208     0.05214579]
[ 0.01330441  0.13274743  0.65425766  0.41279355  1.910763    0.20333056
 -0.3208446   0.08203832 -0.13285686 -1.6834354   0.3693128  -0.26194817
  0.30080754  0.2956203  -2.0912862   0.056407  ]
[ 0.03469732  0.16686282  0.6478793   0.4011162   1.8344297   0.18744859
 -0.27080995  0.09348267 -0.10926823 -1.6530164   0.35498753 -0.2326471
  0.21745591  0.30552885 -2.1447277   0.10934074]
[ 3.8938521e-04  2.0934065e-01  6.8141884e-01  3.4250480e-01
  1.8765110e+00  2.4938926e-01 -3.4971127e-01  3.3271663e-02
 -1.6518793e-01 -1.6589203e+00  3.3650124e-01 -2.3581770e-01
  3.0498156e-01  2.0926562e-01 -1.9673939e+00  7.8109294e-02]
[ 0.00855448  0.2500992   0.59383094  0.3822909   1.914291    0.15459813
 -0.30047303 -0.01487279 -0.21952493 -1.6697063   0.4316916  -0.31851396
  0.29383105  0.27429327 -1.9816341   0.14906082]
[ 0.02934626  0.20947342  0.7070521   0.22813001  1.9371393   0.18596557
 -0.35192284  0.00386982 -0.24993296 -1.7092521   0.37149388 -0.3673634
  0.4039313   0.2061874  -1.7906971   0.13516101]
[ 0.0748432   0.20686078  0.6897286   0.22013414  1.8826687   0.18093395
 -0.34466952  0.01537955 -0.1887825  -1.6233181   0.40748167 -0.3535512
  0.28294307  0.25365847 -1.931826    0.1748313 ]
[ 0.11223396  0.18058297  0.6829091   0.27221742  1.834322    0.18156391
 -0.3259485  -0.00658736 -0.17339543 -1.5654026   0.36695585 -0.30564445
  0.22884533  0.2669639  -2.0370488   0.23542276]
[ 0.18505046  0.20372276  0.58121026  0.38990316  1.8960979   0.08204101
 -0.24897811 -0.13976827 -0.29614204 -1.5521566   0.530064   -0.40709448
  0.15628847  0.4085887  -2.1854656   0.34612525]
[ 0.08928511  0.14725283  0.62183726  0.44404212  1.9659342   0.09314905
 -0.35628074 -0.11745115 -0.33200875 -1.6366011   0.49132594 -0.4307638
  0.24940212  0.2936189  -2.0329945   0.46402782]
[ 0.01092101  0.09845673  0.6151546   0.5175929   2.0286527   0.06571397
 -0.42357177 -0.14711313 -0.4171049  -1.6682141   0.49715433 -0.48172182
  0.37195724  0.26638347 -1.8991092   0.521117  ]
[ 0.01154052  0.1164972   0.4836789   0.6289012   1.9921856  -0.01833311
 -0.3202787  -0.21211581 -0.48798102 -1.6178281   0.5614707  -0.5309664
  0.2685082   0.44935304 -1.9887593   0.6243777 ]
[-0.03131418  0.01248539  0.4768828   0.6741859   1.9792897   0.00491154
 -0.26012045 -0.21977642 -0.59893006 -1.5130926   0.43747944 -0.57636434
  0.33072954  0.5397788  -1.8823982   0.58755195]
[-0.00508555  0.08778372  0.39568537  0.5919868   2.0078938  -0.04640356
 -0.25828627 -0.19091997 -0.50680643 -1.573915    0.5014387  -0.54972184
  0.23397946  0.5283704  -1.8864893   0.6353694 ]
[-0.06589619  0.09574299  0.5456003   0.6364485   1.9123623   0.15747686
 -0.28225428 -0.15130323 -0.37663484 -1.5533578   0.30048603 -0.41776094
  0.22199365  0.4797741  -1.9682413   0.42400187]
[-0.14865969  0.2309213   0.4479056   0.63680255  1.9697602   0.22172508
 -0.34658152 -0.13898487 -0.23892394 -1.6589247   0.39030585 -0.33909273
  0.17897679  0.40309754 -2.044559    0.394729  ]
[-0.19224802  0.3304847   0.35118228  0.6833827   1.9826603   0.22255197
 -0.36332926 -0.1334699  -0.14903417 -1.6686914   0.49002504 -0.30567515
  0.04970511  0.46036425 -2.2040215   0.4045299 ]
[-0.13935542  0.32950312  0.38039795  0.59887797  2.0029216   0.2346907
 -0.40760025 -0.09202891 -0.11320072 -1.6527011   0.49271965 -0.29906183
  0.04087181  0.38013354 -2.2026165   0.40411472]
[ 0.04217341  0.24593922  0.32692295  0.6603657   1.9298241   0.1679895
 -0.26743016 -0.07873521 -0.13173038 -1.4477638   0.4435274  -0.31039125
 -0.05891729  0.46799046 -2.4253452   0.3905297 ]
[ 0.09589182  0.23598745  0.39882857  0.5718771   1.8624179   0.13846365
 -0.22162211 -0.02437465 -0.10962526 -1.3954175   0.40934968 -0.2930107
 -0.07015891  0.47176036 -2.4412873   0.32266378]
[ 0.1995301   0.26612678  0.36781564  0.43582073  1.8852545  -0.01748992
 -0.16981903 -0.02094527 -0.11447974 -1.4597169   0.55586606 -0.33020467
 -0.03711175  0.47339338 -2.4121852   0.32891417]
[ 0.17831098  0.24410255  0.46328154  0.38813752  1.8927147   0.01358184
 -0.17703448 -0.02878402 -0.18116426 -1.5490763   0.5444135  -0.35062444
  0.05087327  0.46088582 -2.2943926   0.29397318]
[ 0.21522579  0.28074586  0.55871457  0.31559664  1.9188162   0.06419378
 -0.23500195 -0.05355497 -0.21464756 -1.6290305   0.54407007 -0.3729087
  0.06752963  0.323447   -2.1601672   0.32818395]
[ 0.2247769   0.156389    0.64572275  0.35787553  1.9871953   0.10334625
 -0.31087676 -0.08451074 -0.31489876 -1.5899589   0.48544317 -0.4214615
  0.24624202  0.19609085 -2.055097    0.32285437]
[ 0.2176001   0.07860447  0.6146098   0.36822367  2.0180416   0.0645829
 -0.33838972 -0.10754937 -0.35988927 -1.498913    0.48398557 -0.44256926
  0.32151437  0.21530175 -2.0158803   0.32946607]
[ 0.19954959 -0.02031875  0.60120326  0.3447159   2.0945027  -0.00298924
 -0.3578128  -0.12965459 -0.49349785 -1.4759194   0.43059105 -0.5281863
  0.47470346  0.2747483  -1.8582182   0.39955878]
[ 0.22732529 -0.06649221  0.5663031   0.33330196  2.1753435  -0.10090265
 -0.3128795  -0.17842777 -0.6470569  -1.4653566   0.45019785 -0.64576006
  0.5049878   0.39154658 -1.7651478   0.4907424 ]
[ 0.20187017 -0.01155001  0.63890123  0.3313231   2.1702302  -0.01671374
 -0.3542811  -0.18687199 -0.5944619  -1.5426574   0.46358937 -0.6304003
  0.43981457  0.35327673 -1.8093894   0.5044578 ]
[ 0.06458884  0.09905111  0.5791788   0.45671016  2.1000423   0.07941462
 -0.39610887 -0.18068472 -0.50075734 -1.5959775   0.5001998  -0.5134994
  0.39939886  0.34281546 -1.8950487   0.4149858 ]
[ 0.03522481  0.06028266  0.50559175  0.452962    2.172808    0.00870267
 -0.44906965 -0.1598854  -0.47176224 -1.5981474   0.52816474 -0.5227537
  0.48086604  0.31632018 -1.8703053   0.4671305 ]
[ 0.06155569  0.07265662  0.4605438   0.5028956   2.1206214  -0.11323895
 -0.35718456 -0.15957434 -0.52597785 -1.6405094   0.5636364  -0.5879737
  0.43532944  0.46203008 -1.8749983   0.5397825 ]
[ 0.04937939  0.02189116  0.49922127  0.5209282   2.068985   -0.13896084
 -0.24932627 -0.19331637 -0.666826   -1.6054342   0.50069463 -0.70317525
  0.43821597  0.6078184  -1.7767851   0.58962184]
[ 0.01033601  0.01483532  0.6922626   0.47046852  1.9212198   0.10207826
 -0.3033746  -0.05216129 -0.40556914 -1.5106539   0.26593733 -0.46219817
  0.31310052  0.42801666 -1.8669183   0.33630434]
[ 0.02055034  0.04004135  0.62615955  0.4793625   1.8940601   0.16318367
 -0.31856748 -0.02379433 -0.29617348 -1.5013984   0.3042942  -0.3495644
  0.28694496  0.3367797  -1.9516227   0.23873219]
[ 0.05276924  0.16092539  0.58857644  0.4106905   1.8902887   0.14545628
 -0.3303083  -0.03021214 -0.2049352  -1.586037    0.3955322  -0.306529
  0.23971716  0.35537177 -2.0572982   0.22451873]
[-0.01596296  0.15747528  0.6610185   0.39288706  1.9290822   0.22241041
 -0.39726347  0.00375917 -0.18932703 -1.6577944   0.30220523 -0.30194587
  0.32238883  0.28880304 -1.9565384   0.18821684]
[-0.01635321  0.21167684  0.58004844  0.45174837  1.9881579   0.17930648
 -0.40415925 -0.02122544 -0.1585495  -1.6785629   0.40167165 -0.3144678
  0.21321206  0.32323    -2.0906446   0.28663316]
[ 2.8182863e-04  2.2760014e-01  4.8535782e-01  6.0762364e-01
  1.9888890e+00  1.4733894e-01 -3.6114019e-01 -8.0613539e-02
 -1.7214279e-01 -1.6107690e+00  4.9827108e-01 -3.3678326e-01
  1.3091740e-01  3.9774877e-01 -2.2926090e+00  3.2016325e-01]
[ 0.02884697  0.13708954  0.4028508   0.650324    2.0809631   0.05843831
 -0.36971396 -0.09256149 -0.23306017 -1.575872    0.55924904 -0.38940486
  0.19854891  0.40478358 -2.2698624   0.35959405]
[ 0.08407668  0.09427924  0.42484608  0.69271386  1.9736054   0.02197982
 -0.30196294 -0.0827202  -0.28655726 -1.5208877   0.48036045 -0.37914237
  0.18362543  0.49591923 -2.284961    0.35517675]
[ 0.03491161  0.05569717  0.5108099   0.6776681   1.9213339   0.00852249
 -0.3013698  -0.05348097 -0.3620875  -1.5595217   0.43195042 -0.4007349
  0.26267847  0.49563807 -2.1118374   0.34037992]
[-0.02977681  0.03619154  0.74636966  0.54729545  1.8768489   0.18428823
 -0.34645918 -0.03342308 -0.3764094  -1.6255268   0.2810865  -0.3722913
  0.34984016  0.3729629  -1.8390543   0.17530671]
[-0.06721774  0.14153282  0.7141393   0.4577853   1.7947676   0.217912
 -0.36575437  0.03932935 -0.19113761 -1.6851727   0.32282114 -0.29210708
  0.22058555  0.31691504 -1.8586721   0.18261097]
[-0.05845969  0.19919367  0.6709334   0.39545718  1.7946056   0.2400308
 -0.37706968  0.02141307 -0.09353135 -1.6850984   0.3499407  -0.25205016
  0.1818815   0.26390818 -1.9127934   0.21125889]
[ 0.00268571  0.26280403  0.6070709   0.436309    1.8538864   0.19050142
 -0.33729804 -0.06546129 -0.10990292 -1.7070389   0.4542981  -0.31879643
  0.13079539  0.3062366  -2.0608544   0.30658847]
[-0.06629797  0.37216085  0.5177636   0.4520212   1.884663    0.2395136
 -0.38094148 -0.08796342 -0.06070935 -1.7234936   0.48882937 -0.29849476
  0.0767788   0.28488863 -2.0973496   0.35437202]
[-0.06927852  0.37373218  0.4559389   0.50061655  1.9828999   0.19955733
 -0.38983625 -0.1250496  -0.07262333 -1.7248894   0.5565869  -0.31605697
  0.05635474  0.29350764 -2.1655178   0.4005546 ]
[ 0.08024521  0.28080326  0.3990802   0.5457325   2.0585763   0.11396931
 -0.33488464 -0.17599335 -0.19742437 -1.5941753   0.6218723  -0.4195083
  0.00342959  0.37197596 -2.2531314   0.45534462]
[ 0.15703276  0.25145036  0.4466811   0.536091    1.9946306   0.12084446
 -0.29630333 -0.17420141 -0.22222519 -1.5241718   0.571443   -0.4485169
 -0.03141998  0.39711335 -2.2950351   0.47227678]
[ 0.18848684  0.24049127  0.51612777  0.5095649   1.946203    0.13056603
 -0.28332072 -0.1771614  -0.2893879  -1.4914837   0.51112854 -0.4658948
  0.04289452  0.3712452  -2.2217548   0.42713222]
[ 0.22428389  0.17054304  0.48896852  0.41456446  2.1084301   0.00886782
 -0.31291682 -0.20556685 -0.4153677  -1.5407689   0.6290598  -0.5684349
  0.23214245  0.30438    -2.0335345   0.4502531 ]
[ 0.28074503  0.18719745  0.45650974  0.33735532  2.0460448  -0.0656855
 -0.22720687 -0.16645555 -0.4015297  -1.5216043   0.6413816  -0.5503417
  0.16500929  0.3900733  -2.097011    0.481205  ]
[ 0.29677215  0.13431573  0.52659184  0.3002666   2.0896156  -0.0713047
 -0.24063706 -0.18786143 -0.47995225 -1.5276959   0.6156818  -0.6109656
  0.22185247  0.34247226 -1.9939106   0.5422257 ]
[ 0.3164426   0.19021854  0.55971164  0.3213406   2.0705166  -0.04890677
 -0.25216085 -0.29131547 -0.6079278  -1.5340856   0.7232889  -0.64866906
  0.16876571  0.40239087 -1.963012    0.5499123 ]
[ 0.21494599  0.14452696  0.4519866   0.36808333  2.1602192  -0.08931144
 -0.31686133 -0.26861623 -0.5789093  -1.5475538   0.7490475  -0.61207324
  0.27993435  0.38830295 -1.956125    0.56934375]
[ 0.1337679   0.07190011  0.49257708  0.34968966  2.1960342  -0.1077759
 -0.36327845 -0.2407749  -0.6210424  -1.5794103   0.6830338  -0.65726596
  0.42680487  0.38267487 -1.7968216   0.5887728 ]
[ 0.08311606 -0.01169525  0.48481312  0.40675887  2.214003   -0.15975633
 -0.36829296 -0.23214324 -0.70701253 -1.5781686   0.6179364  -0.7687752
  0.47147068  0.48606533 -1.6978573   0.7247113 ]
[ 0.11361925  0.07789957  0.4441909   0.5077941   2.1128643  -0.10273609
 -0.29617453 -0.25541806 -0.6669171  -1.5835671   0.5961777  -0.68918306
  0.2870334   0.51922333 -1.8073521   0.7087942 ]
[ 0.02738686  0.08047947  0.5828792   0.6312785   1.9483688   0.05379577
 -0.2919238  -0.2306972  -0.556179   -1.5631671   0.4500956  -0.5759219
  0.29843536  0.49103394 -1.9231479   0.5360697 ]
[ 0.06498787  0.03332955  0.5777234   0.55423534  2.0040655   0.03586762
 -0.37977973 -0.16584225 -0.4530755  -1.556263    0.48131505 -0.5359808
  0.34706435  0.364365   -1.8935966   0.4770116 ]
[ 0.15515535  0.10895269  0.51941055  0.43395457  2.014702   -0.03566227
 -0.38331258 -0.12676248 -0.36482254 -1.5765226   0.5463809  -0.51356965
  0.24988694  0.3575119  -1.9218779   0.49404725]
[ 0.15081611  0.10038052  0.6761685   0.43878397  2.0006568   0.08665908
 -0.382137   -0.18795748 -0.43547067 -1.5451857   0.41559106 -0.5254559
  0.2939816   0.38948184 -1.8869226   0.3650819 ]
[ 0.10525892  0.22594377  0.6490885   0.41411328  1.9745331   0.1504677
 -0.39475802 -0.17286482 -0.3043998  -1.61076     0.5043294  -0.466005
  0.14928463  0.38233033 -2.0189176   0.3658382 ]
[ 0.0758141   0.33756208  0.4960057   0.43851972  2.0342155   0.11746557
 -0.44827676 -0.21110907 -0.22925559 -1.6921419   0.6852019  -0.47057447
  0.1271201   0.32849976 -2.1245418   0.4920928 ]
[ 0.14106369  0.29949412  0.45336446  0.5146968   2.087834    0.09193756
 -0.42482406 -0.304641   -0.34714073 -1.6653335   0.7847821  -0.54224586
  0.10661414  0.43466586 -2.2005415   0.5254283 ]
[ 0.16878071  0.2199026   0.41920823  0.6386619   1.9925722   0.0360992
 -0.3265801  -0.29491615 -0.4236173  -1.5728692   0.73316467 -0.53132653
  0.0605283   0.5866905  -2.282138    0.53002906]
[ 0.10414567  0.07553897  0.50451434  0.654058    2.1074512   0.00987451
 -0.36387053 -0.31762087 -0.6041623  -1.6200037   0.6472883  -0.6555995
  0.29951534  0.47092652 -1.9378955   0.58393985]
[ 0.1858149   0.08148976  0.5409857   0.5979644   1.9509487  -0.06760389
 -0.14389731 -0.3565401  -0.76791966 -1.5267842   0.597242   -0.7018141
  0.2877214   0.7005997  -1.917557    0.49602684]
[ 0.04643669 -0.09502003  0.5411156   0.53731394  2.121269   -0.03095471
 -0.3316707  -0.17982657 -0.64570296 -1.4485325   0.3990104  -0.61616266
  0.5061069   0.4704648  -1.778134    0.46115822]
[ 0.0610753  -0.0703338   0.5662055   0.46956688  2.133017   -0.0151079
 -0.3639354  -0.1202295  -0.5748693  -1.5152314   0.345719   -0.5798912
  0.5129257   0.39855748 -1.7511098   0.46217576]
[ 0.06675875  0.06915861  0.64581007  0.48448712  1.9520433   0.16667393
 -0.27747285 -0.15247011 -0.45556659 -1.4900403   0.2672085  -0.45092487
  0.3626457   0.39893836 -1.9142418   0.28010815]
[-0.0190303   0.19155827  0.57874537  0.4660345   1.9847972   0.16983941
 -0.34160286 -0.08584359 -0.29223529 -1.6398017   0.4061072  -0.38306445
  0.2815708   0.36935562 -2.0088222   0.27434963]
[-0.03751325  0.2513842   0.5081972   0.48804504  1.9840418   0.16594453
 -0.37316522 -0.06396376 -0.1887168  -1.6640446   0.47751993 -0.3397149
  0.22177413  0.32847613 -2.134348    0.3284168 ]
[ 0.05652545  0.15229613  0.4364726   0.595233    2.0010943   0.08575301
 -0.32402086 -0.14542148 -0.31873453 -1.5603688   0.52155936 -0.44295186
  0.21559851  0.40962848 -2.187638    0.45955056]
[ 0.13411519  0.17353597  0.4121523   0.6876016   1.8173517   0.02126306
 -0.1760541  -0.17088819 -0.37012833 -1.4855704   0.5018704  -0.43444425
  0.0974998   0.60191584 -2.3331845   0.47761282]
[ 0.05575742  0.16671707  0.5335148   0.5559797   1.8664354   0.07125614
 -0.2383308  -0.15992828 -0.41152674 -1.5603027   0.45504165 -0.47023025
  0.20454569  0.4346567  -2.0407536   0.49459592]
[-0.04841881  0.10783391  0.5933548   0.48969373  1.8895283   0.09813039
 -0.30375034 -0.10354997 -0.39687216 -1.5741607   0.3766807  -0.48929805
  0.25945646  0.38723513 -1.8412912   0.5154996 ]
[-0.00368822  0.11202419  0.53494483  0.4713509   1.8842767   0.10440497
 -0.26843426 -0.10292844 -0.32900184 -1.5220505   0.3689601  -0.44241038
  0.2033238   0.34430334 -1.892018    0.4968966 ]
[ 0.08756809  0.28463355  0.45527405  0.4314519   1.8568321   0.04974001
 -0.23450169 -0.17218861 -0.28721473 -1.5873032   0.52746737 -0.44645247
  0.02757335  0.42680568 -2.0275674   0.57089126]
[-0.02323999  0.29059732  0.5230554   0.4717823   1.9043795   0.21880245
 -0.30093664 -0.20718583 -0.32506818 -1.6071208   0.42458582 -0.42897385
  0.14067937  0.37925842 -1.9281365   0.4282341 ]
[-0.04110395  0.398799    0.37405974  0.46574578  1.9727386   0.20562641
 -0.36005914 -0.17410335 -0.17030805 -1.6338856   0.5435624  -0.38250867
  0.00673622  0.32259846 -2.0810716   0.5168079 ]
[ 0.07794667  0.36599615  0.37530464  0.4892779   2.001197    0.14914939
 -0.34508052 -0.20776644 -0.2508858  -1.5279642   0.5772912  -0.4260513
 -0.0779101   0.37312233 -2.203816    0.59392947]
[ 0.31504688  0.32751042  0.2964883   0.5303041   1.8662403   0.04727317
 -0.19019757 -0.21601716 -0.28952792 -1.3837682   0.6164131  -0.4435231
 -0.23076987  0.5301665  -2.4295182   0.6154765 ]
[ 0.2561855   0.22135787  0.42475334  0.45491657  2.0097883   0.04955014
 -0.3007549  -0.16100328 -0.32596752 -1.4295526   0.58261806 -0.48673135
 -0.07043786  0.40119678 -2.2665899   0.60028493]
[ 0.36595938  0.23193678  0.2868417   0.36878616  2.0751789  -0.14283107
 -0.23581442 -0.22197899 -0.4543481  -1.4607191   0.7780767  -0.5798191
 -0.00577296  0.46332398 -2.1826432   0.67587936]
[ 0.31725428  0.13970017  0.3854939   0.39363974  2.1154504  -0.13959119
 -0.26746637 -0.23090132 -0.5143808  -1.4710872   0.6858076  -0.6126444
  0.16775815  0.44564238 -2.1125035   0.65867907]
[ 0.31562722  0.10183839  0.38011575  0.34332603  2.1895952  -0.14674428
 -0.2998144  -0.2610163  -0.6168834  -1.4700462   0.7061602  -0.66531557
  0.22499457  0.41535458 -1.9361748   0.6819831 ]
[ 0.26312992  0.08133227  0.4516284   0.31675178  2.2385275  -0.16138689
 -0.37874216 -0.24388032 -0.632308   -1.5246217   0.70690125 -0.71676
  0.27209818  0.3706653  -1.8230213   0.7448141 ]
[ 0.18020698  0.05361722  0.4795      0.44114247  2.195741   -0.08726589
 -0.35593235 -0.25580812 -0.64792144 -1.4879347   0.64593214 -0.64517105
  0.31729737  0.4179906  -1.8857988   0.59343475]
[ 0.15344682  0.08012207  0.42709845  0.4051506   2.1989923  -0.13849984
 -0.3471148  -0.28849658 -0.6811845  -1.596556    0.7227387  -0.6854407
  0.3957468   0.47926912 -1.7938042   0.6298107 ]
[ 0.08050778 -0.0405855   0.5563038   0.42397666  2.2552078  -0.06259052
 -0.4011291  -0.27846545 -0.732251   -1.5770962   0.5343035  -0.74746513
  0.5586655   0.3831515  -1.5993129   0.6096431 ]
[ 0.14914322 -0.02049045  0.53223026  0.3919658   2.2253454  -0.06689054
 -0.36453247 -0.23244707 -0.6783026  -1.5234227   0.5015051  -0.70804787
  0.47140598  0.3502233  -1.701833    0.63787776]
[ 0.08051242  0.0291239   0.54065233  0.45160064  2.1393905  -0.01770228
 -0.35777444 -0.17692198 -0.57860076 -1.5234592   0.47762632 -0.589374
  0.41298842  0.38074407 -1.8219993   0.5119086 ]
[ 8.4401622e-02  7.7025294e-03  5.0857931e-01  5.2468383e-01
  2.1137979e+00 -1.1349767e-03 -3.1949705e-01 -1.6361824e-01
 -5.3555369e-01 -1.4579487e+00  4.5759472e-01 -5.3116065e-01
  3.5605627e-01  4.6590573e-01 -1.9692581e+00  4.1371709e-01]
[ 0.11864449  0.06357817  0.47634324  0.5145727   2.0783434  -0.06862096
 -0.2998846  -0.14027975 -0.48145467 -1.5620409   0.50254333 -0.52997196
  0.32702628  0.4816366  -2.0093963   0.4859584 ]
[ 0.12278833  0.08980187  0.5343353   0.4820682   2.1173928  -0.02362002
 -0.33575508 -0.15676975 -0.49688727 -1.6079487   0.4879976  -0.56660765
  0.3089407   0.4118471  -1.9097388   0.5013915 ]
[ 0.05003141  0.08472884  0.60525805  0.53207403  1.9678223   0.14134958
 -0.3255507  -0.0887745  -0.3466712  -1.5210035   0.38096803 -0.41570273
  0.2584959   0.38757527 -2.057043    0.2964611 ]
[ 0.05981812  0.04583721  0.5331567   0.50158656  2.0208416   0.06950019
 -0.38052666 -0.0036717  -0.24318194 -1.505865    0.39486232 -0.34191337
  0.27098033  0.31330317 -2.112514    0.3276903 ]
[ 0.12912825  0.02448463  0.50667936  0.5762677   2.0444915  -0.02816465
 -0.30781555 -0.07667159 -0.35091442 -1.51664     0.43950224 -0.43032423
  0.2668504   0.44492197 -2.1489658   0.3786985 ]
[ 0.07713162  0.1641368   0.4964146   0.5959338   2.0049276   0.00637496
 -0.3012779  -0.1472157  -0.40376562 -1.6704496   0.5322609  -0.46069998
  0.19925651  0.4730962  -2.0303004   0.41987562]
[-0.07656966  0.18611073  0.627597    0.5960444   1.941575    0.20306218
 -0.39471683 -0.07535946 -0.28363985 -1.6931187   0.42261213 -0.3316378
  0.21773624  0.35855478 -1.9863698   0.23762426]
[-0.0706632   0.17748633  0.6126689   0.48900384  1.9616302   0.20772061
 -0.46794596 -0.01197604 -0.16078761 -1.6670763   0.45057893 -0.28651386
  0.22693777  0.2536859  -1.9997982   0.2329628 ]
[ 0.02233461  0.06130702  0.57134646  0.53015953  2.0428824   0.13386783
 -0.42962345 -0.06190696 -0.25063556 -1.576798    0.43460774 -0.36456123
  0.29874495  0.3012716  -2.0351253   0.27037305]
[ 0.10086381  0.15137541  0.5460037   0.56051624  1.9676135   0.11778952
 -0.3348979  -0.10802988 -0.2503181  -1.5318544   0.41809267 -0.359116
  0.17942628  0.3875232  -2.1795304   0.28471556]
[ 0.02928608  0.22806637  0.58534926  0.48433542  2.0212753   0.1615763
 -0.3949557  -0.10304686 -0.2552537  -1.6649892   0.458069   -0.37117606
  0.22681865  0.3184262  -2.024071    0.2515226 ]
[-0.06118885  0.2659896   0.5433998   0.50644755  2.0575128   0.18446957
 -0.44360432 -0.08524556 -0.17745693 -1.7112656   0.5241901  -0.34128383
  0.23453131  0.28101504 -2.074416    0.24677193]
[ 0.03485549  0.16982186  0.5092128   0.5703813   2.090955    0.13825934
 -0.4153492  -0.12097059 -0.25000665 -1.6260458   0.5530163  -0.3944823
  0.22681382  0.35471287 -2.16706     0.2739342 ]
[ 0.09245489  0.11809666  0.5768605   0.6056365   1.9807602   0.12064749
 -0.37559497 -0.10385164 -0.28820032 -1.5805709   0.46244723 -0.3932325
  0.1984514   0.39230722 -2.186582    0.3294829 ]
[ 0.07770847  0.10509596  0.6112356   0.6298834   1.9231552   0.08807628
 -0.36425    -0.08591259 -0.3123923  -1.6109912   0.42487127 -0.41615552
  0.20520051  0.379328   -2.1201632   0.4178545 ]
[-0.01273983  0.13739641  0.6899264   0.48239964  1.9460586   0.14647362
 -0.45766956 -0.06864239 -0.3191958  -1.6789001   0.4506395  -0.40524453
  0.27583385  0.25636587 -1.8550183   0.36467913]
[-0.02846052  0.12184739  0.6122823   0.4250428   2.0419743   0.09077989
 -0.4973569  -0.05012271 -0.28369048 -1.6502697   0.49907643 -0.39564025
  0.33445674  0.23947    -1.8452842   0.3376296 ]
[ 0.05499459  0.13650723  0.57978344  0.42205516  2.0989022   0.042393
 -0.465694   -0.10776453 -0.30780664 -1.649173    0.5255799  -0.44959134
  0.3432322   0.30448774 -1.8838984   0.30809945]
[ 0.03593471  0.2162685   0.62602913  0.41907415  2.1103954   0.10597422
 -0.47267604 -0.18468894 -0.3701528  -1.7016121   0.5643498  -0.5042262
  0.30066454  0.35984606 -1.8891156   0.33750176]
[-0.00889776  0.28535905  0.6084865   0.46178398  2.014936    0.19925478
 -0.46849054 -0.14747939 -0.25059706 -1.7167969   0.5535516  -0.39544845
  0.20499165  0.37512213 -2.0372207   0.27191725]
[-0.05828448  0.34101567  0.5269433   0.5267943   2.0668986   0.20179257
 -0.50918335 -0.17136014 -0.20003657 -1.7460184   0.65089464 -0.3839365
  0.15437356  0.34843776 -2.147491    0.3508235 ]
[ 0.01239759  0.2090408   0.5070432   0.644326    2.0743573   0.13872449
 -0.47829232 -0.18553422 -0.30501345 -1.6672653   0.612431   -0.41774908
  0.2237334   0.3624731  -2.166053    0.3863291 ]
[ 0.0842217   0.10798094  0.5113908   0.7901196   1.9346282   0.10186742
 -0.36772585 -0.19100784 -0.37008822 -1.5521266   0.49885812 -0.4205238
  0.21154766  0.48925057 -2.2485068   0.36979657]
[-0.02550376  0.02893305  0.633474    0.66480863  2.0040174   0.12364712
 -0.43980575 -0.15077862 -0.43712768 -1.6049778   0.4026143  -0.46714202
  0.40400928  0.294254   -1.8758428   0.39860284]
[-0.04264041  0.01177095  0.6566533   0.5295824   1.9933007   0.07705881
 -0.3630852  -0.14063059 -0.513936   -1.5801675   0.38756236 -0.5124469
  0.36946636  0.40481657 -1.7151419   0.39324608]
[-0.11000206  0.05494444  0.6200035   0.4271093   2.0143254   0.10611247
 -0.45014745 -0.06958224 -0.38277158 -1.6719631   0.34476566 -0.46331224
  0.41144687  0.28702727 -1.6245998   0.4674054 ]
[-0.04820805  0.14983948  0.5639459   0.46075875  2.0093899   0.12331827
 -0.40505606 -0.14229605 -0.348391   -1.6791817   0.43167    -0.44923887
  0.29384804  0.36629316 -1.8256843   0.4584735 ]
[-0.11455245  0.29012606  0.5642791   0.5409008   1.9159229   0.2915625
 -0.38244063 -0.15734425 -0.2358531  -1.7119372   0.42577237 -0.32823113
  0.20578769  0.36133718 -1.9935143   0.2819093 ]
[-0.16177116  0.3947029   0.4829487   0.5252434   1.9819351   0.26620376
 -0.46795732 -0.1263706  -0.1070945  -1.8005921   0.53699034 -0.28970128
  0.12410389  0.3126893  -2.0742028   0.35921425]
[-0.12711486  0.3486106   0.42854816  0.6238956   1.9688593   0.21647115
 -0.46120375 -0.12675057 -0.16593936 -1.7123191   0.5659542  -0.31572303
  0.03255742  0.39387754 -2.1947215   0.4830076 ]
[-0.02552707  0.27105084  0.36956462  0.726391    1.8957589   0.13304594
 -0.3690849  -0.12619911 -0.19297366 -1.5787116   0.5411409  -0.35260177
 -0.02478555  0.4763584  -2.3590481   0.5744102 ]
[ 0.05677437  0.17587492  0.39692983  0.71858674  1.8654104   0.07100085
 -0.2677021  -0.11673126 -0.22031374 -1.5141377   0.49318194 -0.37334388
 -0.01909347  0.4951291  -2.3733761   0.5691074 ]
[ 0.0641444   0.16799721  0.3244483   0.6997122   1.8608468  -0.02712632
 -0.19235139 -0.12704268 -0.25858927 -1.4678501   0.5590549  -0.40207905
 -0.05653112  0.5760884  -2.3331356   0.57036304]
[ 0.05389405  0.14858031  0.44279224  0.5573462   1.9698149  -0.00361407
 -0.3150192  -0.10589568 -0.22731681 -1.5379082   0.5253865  -0.3992215
  0.06316797  0.4178931  -2.1413152   0.5086631 ]
[ 0.04191478  0.21642764  0.44705606  0.61162555  1.990442    0.06758245
 -0.2936347  -0.18582264 -0.26028162 -1.5702333   0.52550477 -0.40596455
  0.06715743  0.46499452 -2.1903927   0.42963535]
[-0.09990446  0.3265082   0.4840861   0.57765543  2.0131648   0.23227946
 -0.41502404 -0.20143008 -0.20862603 -1.6713657   0.54349667 -0.37424403
  0.12017614  0.41603488 -2.0874867   0.29865575]
[-0.1381043   0.40283212  0.4335578   0.59678423  2.0173934   0.2661576
 -0.4597352  -0.18933357 -0.12844422 -1.7023897   0.6537725  -0.3300106
  0.04956122  0.44076434 -2.241958    0.2800179 ]
[-0.0443491   0.3195759   0.42196065  0.61264956  2.034371    0.20792441
 -0.42818862 -0.16248713 -0.18906808 -1.6829427   0.6464256  -0.35457724
  0.07786174  0.43004078 -2.2896411   0.3513916 ]
[ 0.06300057  0.21965094  0.49277487  0.61419964  1.9886227   0.17458172
 -0.41190848 -0.10501872 -0.20469427 -1.5490414   0.5199295  -0.34585223
  0.03232313  0.38642377 -2.3010018   0.3772593 ]
[ 0.05915271  0.11142443  0.55747974  0.58026385  1.9954736   0.13871774
 -0.40851307 -0.04125522 -0.23840599 -1.4800985   0.44398037 -0.3587721
  0.15360315  0.34686047 -2.2008011   0.28867882]
[ 0.13275498  0.0136407   0.50728595  0.52388155  2.025317   -0.03609947
 -0.30134946 -0.06047647 -0.36864504 -1.4765987   0.5036742  -0.4483551
  0.29919028  0.43560767 -2.097523    0.29509363]
[ 0.08476589  0.05543248  0.62049335  0.37150985  2.0288851  -0.01643926
 -0.3619187  -0.05948291 -0.3994399  -1.6431417   0.4573733  -0.45870098
  0.4026433   0.39257574 -1.8259976   0.30286592]
[ 0.00386355  0.08695742  0.69225633  0.3795045   2.0206923   0.06867816
 -0.42748895 -0.08187879 -0.4273923  -1.7472048   0.40798736 -0.4857169
  0.45126963  0.35321075 -1.7158842   0.3765959 ]
[-0.03105861  0.16943961  0.72737     0.3691998   1.8959763   0.25554496
 -0.4667612  -0.00399246 -0.23331328 -1.7402815   0.32055593 -0.31560308
  0.32271093  0.22763419 -1.8141903   0.26882616]
[-1.9631386e-04  1.6257361e-01  5.9657371e-01  4.6016288e-01
  1.9657425e+00  1.8032500e-01 -4.5072097e-01 -3.6920309e-03
 -1.6368149e-01 -1.6438935e+00  4.0696001e-01 -2.9291612e-01
  2.2126806e-01  2.2038960e-01 -2.0107899e+00  3.0296096e-01]
[-0.00845684  0.12021177  0.5819753   0.4780566   2.0401368   0.11907752
 -0.47325096 -0.03704549 -0.21272118 -1.5842263   0.38698503 -0.3198378
  0.3039607   0.25197962 -2.0151184   0.32024112]
[ 0.09168783  0.06116084  0.5174273   0.632347    2.0481079   0.03258557
 -0.31993657 -0.145582   -0.3771711  -1.4939263   0.41062552 -0.44959983
  0.2631858   0.47225565 -2.134667    0.34383297]
[ 0.01252097  0.08819062  0.5791892   0.5194612   2.1266422   0.07717124
 -0.41954383 -0.13943341 -0.41674605 -1.6296456   0.4389003  -0.49612632
  0.36166316  0.40704212 -1.9080608   0.35330892]
[ 0.02400848  0.09141159  0.58557546  0.5667806   1.9728247   0.22388534
 -0.36690265 -0.02513928 -0.25476527 -1.5335445   0.29824677 -0.32000834
  0.25015292  0.37399665 -2.1153445   0.17633465]
[ 5.3838469e-02  5.9186757e-02  5.7340330e-01  5.8528858e-01
  1.9995559e+00  1.6516379e-01 -3.8950863e-01  2.1441579e-03
 -1.9169189e-01 -1.4647748e+00  3.6302614e-01 -2.8791404e-01
  2.1603882e-01  3.4592766e-01 -2.2727895e+00  1.8670812e-01]
[ 0.12237573  0.01304462  0.54135936  0.64486295  2.0428994   0.05912621
 -0.29804212 -0.05958778 -0.30038276 -1.4706442   0.39747903 -0.3703429
  0.28180692  0.42383546 -2.2728932   0.18873234]
[ 0.05169921  0.06328736  0.6086422   0.57018685  2.029851    0.06964265
 -0.35362095 -0.0278434  -0.32242167 -1.6034275   0.39924166 -0.3810797
  0.33656895  0.32761025 -2.0796626   0.2589246 ]
[-0.04537202  0.09183809  0.61050165  0.5386512   2.054046    0.04798362
 -0.4124557  -0.03131406 -0.37291282 -1.6833928   0.48904338 -0.4217848
  0.35594675  0.3410915  -1.888993    0.2764152 ]
[-0.03041318  0.12251928  0.5897715   0.43609828  2.0362647   0.02937803
 -0.4055271  -0.01299891 -0.29965302 -1.7068157   0.5122512  -0.4290339
  0.31120223  0.29905504 -1.8413016   0.34169915]
[-0.01470426  0.11293693  0.6196084   0.4565751   1.9108175   0.09579032
 -0.31668562 -0.02188871 -0.24662788 -1.6120573   0.4069055  -0.36425853
  0.24764748  0.3394528  -1.916037    0.2524201 ]
[ 0.02324552  0.15412946  0.6405263   0.35941944  1.9220603   0.12259685
 -0.3402385  -0.06271303 -0.28086954 -1.6728821   0.42252603 -0.40291634
  0.27824742  0.34337318 -1.8387222   0.2846508 ]
[-0.02710388  0.28088444  0.67007303  0.32592094  1.7631814   0.33107907
 -0.34293744 -0.03824393 -0.11088266 -1.6946281   0.37214246 -0.26753157
  0.21081248  0.27372187 -1.9542805   0.15592793]
[-0.09080338  0.3761498   0.5699969   0.39585316  1.9034058   0.29005843
 -0.41037494 -0.09135961 -0.06591298 -1.7657303   0.5122754  -0.27933198
  0.17792922  0.27670234 -2.0485952   0.19957127]
[-0.07041389  0.37923735  0.5391332   0.43994123  2.0060372   0.2499644
 -0.44411182 -0.11782017 -0.09137489 -1.7691654   0.608914   -0.29780903
  0.15314448  0.2661336  -2.1416316   0.23856679]
[ 0.02329076  0.2758407   0.47097188  0.55426264  2.0312133   0.1554472
 -0.37755546 -0.16558416 -0.23536626 -1.6490138   0.61672246 -0.37988514
  0.12970781  0.37379593 -2.2451324   0.37233928]
[ 0.03513511  0.15132514  0.507073    0.61649734  1.9869993   0.15184124
 -0.3664978  -0.13104536 -0.30297598 -1.5683814   0.47906694 -0.4042798
  0.20779753  0.39677098 -2.199677    0.39217967]
[ 0.01812682  0.04654261  0.5527824   0.5519527   2.0361483   0.10486569
 -0.38516575 -0.07131977 -0.3423205  -1.5150623   0.41091084 -0.415485
  0.28855985  0.33741266 -2.0466423   0.38063475]
[ 0.10552342 -0.06737725  0.49045593  0.5326936   2.058495   -0.01211386
 -0.2928769  -0.07602985 -0.46333504 -1.4509997   0.41765147 -0.45031643
  0.38314724  0.4453625  -1.9811554   0.3105162 ]
[ 0.02837787 -0.05023523  0.6494754   0.50537175  1.9457226   0.1293145
 -0.33461285 -0.02005454 -0.41144195 -1.5076694   0.23437521 -0.3659491
  0.45935184  0.37637135 -1.883756    0.19317055]
[-0.06109849  0.05221329  0.7423481   0.45975214  1.8440129   0.24351797
 -0.38205847  0.01899976 -0.36315662 -1.6140045   0.17414424 -0.3234281
  0.44039956  0.3451451  -1.785408    0.15773828]
[-0.03514522  0.17793092  0.66484994  0.46733135  1.8251438   0.22743163
 -0.37766975  0.0307501  -0.19542404 -1.6646836   0.27607033 -0.28034195
  0.267782    0.28915024 -1.9338766   0.2114952 ]
[-0.03441819  0.19123521  0.590675    0.47877216  1.8466282   0.22153375
 -0.37948167  0.06132321 -0.08203717 -1.6010475   0.3174125  -0.24516778
  0.14324257  0.2609685  -2.0573795   0.23840308]
[ 7.2287239e-02  1.3315916e-01  5.7053518e-01  5.0592387e-01
  1.9056857e+00  1.5032901e-01 -3.6171967e-01 -2.1522879e-03
 -1.3512969e-01 -1.4643879e+00  3.5635000e-01 -2.7893502e-01
  8.6543344e-02  2.9706582e-01 -2.1600423e+00  2.7419519e-01]
[ 0.21205649  0.12024435  0.5407779   0.5556906   1.898572    0.07254304
 -0.27139512 -0.10692517 -0.23194885 -1.4102329   0.41697317 -0.36164665
  0.06260517  0.43622845 -2.294293    0.31000227]
[ 0.16149312  0.17257677  0.6103912   0.48981732  1.9671571   0.14360926
 -0.32589084 -0.15979084 -0.28847516 -1.5427406   0.43705544 -0.3990167
  0.20465577  0.3469544  -2.1472409   0.27893704]
[ 0.0623741   0.21119308  0.64405835  0.45012045  2.0530815   0.21932971
 -0.42933187 -0.15558212 -0.33284792 -1.6829611   0.5001247  -0.40317765
  0.2790919   0.29790795 -1.9815655   0.2164336 ]
[ 0.03922918  0.1803867   0.6080254   0.42575058  2.1398864   0.16778429
 -0.5296027  -0.13380799 -0.28408846 -1.7016957   0.5739294  -0.40235633
  0.30153385  0.20526199 -1.9671357   0.3269065 ]
[ 0.12053759  0.07617856  0.5355438   0.5658461   2.1274202   0.08939679
 -0.43205923 -0.19345005 -0.41023487 -1.56928     0.54272103 -0.48138624
  0.31205106  0.3386001  -2.1041312   0.4340675 ]
[ 0.08820907 -0.00703487  0.5052132   0.6510564   2.1001828   0.02253089
 -0.36052772 -0.2007596  -0.5336145  -1.5490284   0.4745666  -0.55301595
  0.3959655   0.403231   -2.0148168   0.5342185 ]
[ 0.04293216 -0.0334052   0.4380444   0.5552054   2.1791081  -0.13099805
 -0.32144806 -0.22842261 -0.6740053  -1.5287052   0.57493436 -0.66865003
  0.41674215  0.48507905 -1.8174183   0.6735257 ]
[ 0.06753148 -0.08020493  0.4989211   0.58165634  2.0741494  -0.04073234
 -0.30410242 -0.16956142 -0.58959234 -1.4626538   0.42250854 -0.5539022
  0.43399483  0.45070451 -1.87686     0.5049969 ]
[ 0.03600372 -0.06105285  0.5288076   0.5949997   2.0190537   0.02095983
 -0.3187622  -0.12814096 -0.5228215  -1.4672524   0.33784622 -0.48364434
  0.42140928  0.48011914 -1.8703346   0.36718172]
[-0.01841454  0.0493741   0.64840704  0.54378617  1.9246128   0.13692936
 -0.35439178 -0.07354863 -0.39651895 -1.5832503   0.24531284 -0.39868796
  0.38928908  0.42941874 -1.858601    0.26966903]
[-0.07821297  0.22377527  0.6350711   0.54252565  1.7822781   0.21078353
 -0.3755426  -0.0050768  -0.19631295 -1.6965777   0.30682233 -0.2942285
  0.18867218  0.3996119  -1.9988768   0.30949265]
[-0.12758031  0.3118322   0.5098445   0.57471323  1.8274599   0.19714285
 -0.42377225 -0.01728663 -0.06485557 -1.7065475   0.42828375 -0.26785985
  0.06474847  0.33876562 -2.1346455   0.44758925]
[-0.04426013  0.251805    0.45975533  0.6775527   1.8564255   0.15964258
 -0.378074   -0.08203838 -0.0917     -1.5298941   0.48267785 -0.28006482
 -0.03735279  0.4277658  -2.356545    0.4379856 ]
[ 0.10601602  0.15200403  0.44628707  0.68365     1.8868484   0.05602545
 -0.27618173 -0.13270238 -0.19277169 -1.4553001   0.5268213  -0.3689745
 -0.00955662  0.51637346 -2.4148033   0.4271205 ]
[ 0.1300766   0.1401383   0.50653565  0.63544655  1.9379876   0.06828776
 -0.2931302  -0.1721274  -0.27061075 -1.4931881   0.49625587 -0.41479295
  0.07207997  0.49096575 -2.2781293   0.3959507 ]
[ 3.4638346e-04  2.3605871e-01  6.2031156e-01  4.5497113e-01
  2.0176921e+00  1.6794486e-01 -4.6057767e-01 -1.6417357e-01
 -2.5690797e-01 -1.6947943e+00  5.2767295e-01 -4.5094857e-01
  1.8059662e-01  3.3708799e-01 -1.9747531e+00  4.1493589e-01]
[ 0.02623585  0.30206957  0.51324695  0.53821677  2.0485084   0.15264758
 -0.4013872  -0.26267317 -0.29731506 -1.7077205   0.63554454 -0.4865221
  0.16879033  0.38171187 -2.0830262   0.42724842]
[ 0.03203876  0.31451106  0.4491697   0.5689883   2.077857    0.1503716
 -0.41270837 -0.28371945 -0.30025205 -1.7256668   0.7162501  -0.5004786
  0.16667375  0.40712157 -2.1511283   0.44571143]
[ 0.06989899  0.19634609  0.4758545   0.6277724   2.0525155   0.1329018
 -0.4095385  -0.22310567 -0.3368126  -1.6130002   0.60520995 -0.48094773
  0.17288165  0.43699187 -2.1968303   0.4432351 ]
[ 0.19163331  0.10963847  0.5275055   0.63716704  2.0115614   0.08343259
 -0.35536888 -0.19473836 -0.4003543  -1.5361955   0.49741238 -0.49451798
  0.16726181  0.43017516 -2.187587    0.4672664 ]
[ 0.25924706  0.14500573  0.5344809   0.63536775  1.8880209  -0.00638327
 -0.1578873  -0.24329524 -0.52921534 -1.5044762   0.54863757 -0.54481447
  0.10738873  0.62393343 -2.1588922   0.35426646]
[ 0.06608502  0.02208593  0.5984514   0.48694164  2.0769565   0.0253632
 -0.40110168 -0.07348536 -0.3966477  -1.5247176   0.45958862 -0.44431573
  0.34829113  0.37400717 -1.9410942   0.27211002]
[ 0.10236476  0.06874808  0.58008015  0.43892598  2.0935273  -0.03513585
 -0.40782553 -0.0516571  -0.3307889  -1.6029679   0.49686846 -0.44641733
  0.3262013   0.38692373 -1.9792926   0.31085795]
[ 0.09429743  0.11401349  0.6480778   0.40823883  2.0994945   0.04925152
 -0.44135398 -0.07783959 -0.3690762  -1.68168     0.4581403  -0.48769784
  0.32952675  0.34313816 -1.8795397   0.34675005]
[ 0.11815919  0.20036757  0.6500999   0.4492454   1.9792095   0.15299587
 -0.39818496 -0.0349264  -0.22058277 -1.6570256   0.44281134 -0.358914
  0.17711726  0.2838182  -2.075828    0.2403957 ]
[ 0.06852593  0.20484754  0.58879936  0.40618291  2.0817103   0.09496871
 -0.45877212 -0.03251373 -0.18374208 -1.6615511   0.5807713  -0.36558852
  0.22032738  0.24957915 -2.0892358   0.24225816]
[ 0.137129    0.1514      0.5525916   0.45013824  2.0825708   0.02692817
 -0.4092638  -0.09741768 -0.30181703 -1.6169939   0.5920912  -0.43069816
  0.2594282   0.3708873  -2.1238234   0.3048069 ]
[ 0.1416038   0.03985295  0.67546666  0.45560616  2.1091218   0.05926425
 -0.45252448 -0.08172506 -0.4034141  -1.6428865   0.436546   -0.48187628
  0.40675917  0.28167215 -1.9095405   0.3163627 ]
[ 0.14849086  0.07600449  0.69281167  0.4182969   2.1335301   0.0406938
 -0.44211474 -0.14035173 -0.4916479  -1.6758763   0.51479864 -0.5804218
  0.38992414  0.2934413  -1.8120041   0.38758603]
[ 0.10022151  0.1226913   0.7382978   0.35012898  2.0149293   0.15798387
 -0.4495576  -0.06494538 -0.36951753 -1.6416591   0.45062667 -0.42378703
  0.35955605  0.23402219 -1.8334976   0.20135884]
[ 0.0929516   0.07684142  0.7169308   0.2802177   2.0750973   0.11745234
 -0.53188777 -0.03733113 -0.33397388 -1.6329666   0.4463992  -0.4007713
  0.45962557  0.19764888 -1.7880185   0.20882265]
[ 0.1204664   0.01622036  0.679886    0.38147423  2.1428578   0.02093469
 -0.46471396 -0.09977968 -0.44453734 -1.6568989   0.46422887 -0.52588004
  0.52215415  0.30765122 -1.816214    0.30214578]
[ 0.0575329   0.08495734  0.65901244  0.42575592  2.1614757   0.02627715
 -0.4920186  -0.12741493 -0.4674492  -1.7405742   0.52086174 -0.5661566
  0.44091073  0.33304232 -1.7931467   0.43226156]
[-0.04055738  0.16992638  0.62040746  0.50788915  2.0558476   0.08420238
 -0.5182353  -0.04496977 -0.32880875 -1.7350721   0.47459692 -0.43764454
  0.31214327  0.28732675 -1.8719158   0.42101878]
[-0.02836717  0.11433886  0.5817417   0.5325332   2.1108468   0.03108016
 -0.52693975 -0.06444673 -0.29817197 -1.6681345   0.52448905 -0.41430348
  0.32008085  0.262242   -1.9292881   0.40566435]
[ 0.05546755  0.0228619   0.5517033   0.63356847  2.083798   -0.03327718
 -0.39042014 -0.13315512 -0.40094838 -1.5662812   0.5300205  -0.49713105
  0.35648555  0.45131388 -2.0492058   0.33420023]
[-0.01490829 -0.01375235  0.63593304  0.4797551   2.1817007   0.01584604
 -0.518249   -0.11914842 -0.45207825 -1.6625364   0.5156826  -0.55997556
  0.5243381   0.37308583 -1.7374318   0.30211404]
[ 0.01739517  0.0713388   0.72705996  0.4390847   2.056881    0.15505831
 -0.43605623 -0.09733223 -0.3683012  -1.6399853   0.40390533 -0.44246873
  0.41953906  0.37740466 -1.8803008   0.14226876]
[-0.0612471   0.24995919  0.66896373  0.4584133   2.0527682   0.21574073
 -0.4684297  -0.09896106 -0.2160693  -1.7686269   0.51580715 -0.3718691
  0.30745     0.32277742 -1.985439    0.12420998]
[-0.11825254  0.34026963  0.59629744  0.49241552  2.0493977   0.23306704
 -0.47063294 -0.11483698 -0.15934993 -1.809248    0.6085137  -0.33811226
  0.2854871   0.2729671  -2.064937    0.14211895]
[-0.07903244  0.25308087  0.58175105  0.5380951   2.056549    0.20589285
 -0.4699524  -0.139528   -0.25898442 -1.7607979   0.6090639  -0.38931507
  0.32067934  0.30510917 -2.031683    0.20506136]
[-0.05671222  0.1258245   0.65760225  0.56874084  1.953762    0.2240603
 -0.45044726 -0.09514312 -0.3076373  -1.6612556   0.43778387 -0.377441
  0.3619309   0.32093644 -1.9805771   0.22503133]
[-0.0533499   0.07809447  0.7167674   0.5997324   1.8224605   0.24667926
 -0.39320394 -0.0600315  -0.34974962 -1.6360794   0.30332944 -0.3525049
  0.3621625   0.330926   -1.9131877   0.24615793]
[-0.05326376  0.08841556  0.8093985   0.44063744  1.7383158   0.3303112
 -0.38254127 -0.03848621 -0.35365754 -1.6159732   0.23918808 -0.3227275
  0.34067583  0.3018741  -1.7038548   0.12858951]
[-0.07184355  0.19157831  0.7307417   0.3500718   1.7343193   0.33187822
 -0.43431336 -0.00721019 -0.16500244 -1.6537174   0.28534526 -0.26832086
  0.31338876  0.20046604 -1.7268808   0.13859427]
[-0.04711343  0.23539129  0.6931888   0.31339008  1.8192753   0.28638452
 -0.47070068 -0.02428517 -0.12252793 -1.6712353   0.3475018  -0.28595957
  0.2967232   0.21675491 -1.7988065   0.16207737]
[-0.05216922  0.25886792  0.65514284  0.30247456  1.9175278   0.24473593
 -0.49357557 -0.04205118 -0.1415112  -1.7189499   0.42661753 -0.3337113
  0.28495917  0.26468468 -1.8615196   0.24033618]
[-0.04039205  0.2899825   0.5514469   0.42750874  2.0138767   0.2018985
 -0.49182302 -0.10879803 -0.1419774  -1.7055562   0.5322176  -0.35723123
  0.16897663  0.33019537 -2.0632548   0.3465708 ]
[-0.00797656  0.32194784  0.48875794  0.5814668   2.0024705   0.2084285
 -0.45155692 -0.18328218 -0.19940786 -1.612512    0.5884676  -0.33366674
  0.05537436  0.4098513  -2.2966797   0.38033614]
[ 0.08485584  0.22988911  0.43392283  0.68533474  1.992041    0.11518117
 -0.37896222 -0.2298996  -0.31494418 -1.557864    0.61996436 -0.40279636
  0.07321565  0.49468845 -2.3412025   0.44892105]
[ 0.04628434  0.10209493  0.5558345   0.735682    1.9782159   0.1500345
 -0.4243338  -0.2350781  -0.42681894 -1.5709528   0.4881195  -0.46245685
  0.32303134  0.4096136  -2.1322138   0.4144601 ]
[-0.00385507  0.00359182  0.5861978   0.7117917   1.9819119   0.10254729
 -0.37060255 -0.19893749 -0.51473004 -1.5520897   0.3964086  -0.5184921
  0.4195265   0.3728262  -1.9411083   0.4802534 ]
[-0.01716697 -0.0621352   0.6153792   0.5948354   1.9374998   0.05256753
 -0.2798038  -0.17089283 -0.602857   -1.4632287   0.33492243 -0.56455433
  0.39002672  0.49511862 -1.779876    0.47736996]
[ 0.05116535 -0.01964394  0.5812337   0.51693016  1.8799639   0.0444483
 -0.25323206 -0.1253678  -0.4604625  -1.5046177   0.3074422  -0.49887604
  0.33090276  0.40651864 -1.7967027   0.49984947]
[-0.03757837  0.10124831  0.64878523  0.48798436  1.82674     0.21089157
 -0.29133075 -0.14344344 -0.3665437  -1.5613126   0.25646907 -0.43070015
  0.27386573  0.3833139  -1.8143727   0.41470027]
[-0.1277933   0.297427    0.52002996  0.48507363  1.9381796   0.27089134
 -0.37163812 -0.1760045  -0.23587826 -1.6958942   0.4281991  -0.36949372
  0.19218516  0.34008035 -1.9159477   0.3794914 ]
[-0.14453188  0.41051632  0.44865775  0.48949027  1.9987476   0.2781718
 -0.42086917 -0.17415194 -0.14726952 -1.7255646   0.5264336  -0.34479475
  0.0857522   0.31890145 -2.0460324   0.40630913]
[-0.0668157   0.3884325   0.42566904  0.518771    2.020419    0.27034587
 -0.44097948 -0.17354862 -0.17572185 -1.6375431   0.54549986 -0.35095137
  0.01142997  0.34752345 -2.157221    0.43364272]
[ 0.12276566  0.28554845  0.35832286  0.57589483  1.968985    0.1611032
 -0.31058496 -0.16398987 -0.22504242 -1.4476019   0.5126692  -0.39784566
 -0.06961595  0.43980232 -2.3520036   0.50037366]
[ 0.19462624  0.22490256  0.40752155  0.5304659   1.9302543   0.11086227
 -0.25138724 -0.12043203 -0.24939254 -1.375602    0.46170837 -0.41205335
 -0.06189095  0.45991307 -2.3796115   0.48715162]
[ 3.0449587e-01  2.0645900e-01  3.1629959e-01  4.6686727e-01
  1.9689524e+00 -6.2524222e-02 -1.6751547e-01 -1.4643519e-01
 -3.2787743e-01 -1.4049038e+00  6.3159192e-01 -4.6344486e-01
 -7.7617168e-04  5.0944215e-01 -2.3468502e+00  4.7105914e-01]
[ 0.26517668  0.13470054  0.4574418   0.39588398  2.0524106  -0.05602173
 -0.26901793 -0.12527439 -0.3759603  -1.4868348   0.60764503 -0.48481447
  0.14159863  0.4056932  -2.1569774   0.44755864]
[ 0.19445613  0.11412885  0.5394224   0.3583672   2.1143203  -0.04065626
 -0.37100026 -0.13343947 -0.452703   -1.6278      0.6147153  -0.5244921
  0.29171887  0.31509095 -1.9258108   0.48897877]
[ 0.17630707  0.06972277  0.5175359   0.45591444  2.1394494  -0.05396991
 -0.35496122 -0.16315827 -0.509837   -1.5939004   0.581583   -0.57334536
  0.29187125  0.3120579  -1.9020889   0.56534517]
[ 0.06945296  0.03674595  0.54958594  0.41371077  2.207911   -0.01063548
 -0.46156836 -0.14490522 -0.4984528  -1.5982956   0.5454216  -0.5790212
  0.40605187  0.23595703 -1.7603798   0.54744047]
[ 0.1882951  -0.02617611  0.41337237  0.5102214   2.1845107  -0.13282122
 -0.30319294 -0.18454628 -0.54638094 -1.4788182   0.5920792  -0.613317
  0.35863823  0.4410205  -1.9752934   0.52892816]
[ 0.20253804 -0.08456753  0.48869818  0.4290142   2.242005   -0.13625275
 -0.35732377 -0.14086814 -0.5397371  -1.4835459   0.49498063 -0.6215067
  0.43579134  0.41265148 -1.8964838   0.511865  ]
[ 0.19609748  0.08046402  0.49502468  0.4571053   2.1770039  -0.06829755
 -0.3367742  -0.1997132  -0.5060764  -1.5658462   0.55277073 -0.58978295
  0.30967954  0.43415412 -1.9384035   0.4600485 ]
[ 0.07780788  0.15077548  0.60954416  0.5032358   2.0753212   0.13290773
 -0.3766501  -0.14454429 -0.37968457 -1.6275133   0.45785013 -0.4461977
  0.32414296  0.35999438 -2.0024014   0.23485884]
[ 5.7544111e-04  1.8705304e-01  5.3503394e-01  5.0684106e-01
  2.1280437e+00  1.1994247e-01 -4.4032019e-01 -1.0848162e-01
 -3.0748302e-01 -1.6799475e+00  5.5878127e-01 -4.1688651e-01
  3.6144480e-01  3.0184108e-01 -2.0264962e+00  2.2801045e-01]
[ 0.09475183  0.07993545  0.5677881   0.5168783   2.1503925   0.07081734
 -0.4295536  -0.12612215 -0.37011975 -1.6297646   0.5712769  -0.48337802
  0.37389892  0.34564638 -2.0484042   0.26230738]
[ 0.17231831  0.09952971  0.5767318   0.55623806  2.0293534   0.00732691
 -0.31319463 -0.12269305 -0.39166552 -1.6071081   0.533745   -0.4869164
  0.28195196  0.4395973  -2.1373043   0.31019187]
[ 0.16689229  0.17281814  0.65262884  0.5304049   1.9351145   0.01251597
 -0.2597406  -0.17751133 -0.5085643  -1.7277073   0.5841141  -0.5262162
  0.27976924  0.4636305  -1.9454114   0.29651266]
[-0.0357646   0.119482    0.71683407  0.41977268  2.0054364   0.13245378
 -0.50717676 -0.00916496 -0.28598046 -1.7303445   0.44684464 -0.40055203
  0.35385737  0.23880303 -1.7788732   0.26416865]
[ 3.5654902e-04  1.0915589e-01  6.5732813e-01  4.0297318e-01
  2.0388312e+00  7.7040918e-02 -4.6099299e-01 -2.4906293e-02
 -2.6089650e-01 -1.6995243e+00  4.7526160e-01 -4.2303324e-01
  3.9553985e-01  2.2007854e-01 -1.8336475e+00  2.7621502e-01]
[ 0.0423231   0.14666268  0.6693579   0.3966781   2.019177    0.10871194
 -0.42480794 -0.06639306 -0.2615591  -1.6804583   0.4758656  -0.41991806
  0.34245542  0.2655801  -1.8800339   0.21469434]
[ 0.02490918  0.23534007  0.7292264   0.37232596  1.9923136   0.21269627
 -0.42925873 -0.12921205 -0.25775123 -1.7174753   0.50299895 -0.40932384
  0.26969257  0.31341642 -1.9177406   0.15424037]
[-0.01919442  0.31982154  0.6717101   0.3527004   1.9912338   0.22389479
 -0.46132773 -0.11131679 -0.15617976 -1.7962366   0.5959641  -0.37059498
  0.2191318   0.27883196 -1.996769    0.20537063]
[-0.0665303   0.35351968  0.60339355  0.4532636   2.0748277   0.21749017
 -0.49277836 -0.19364503 -0.1968985  -1.8110498   0.68499523 -0.4042286
  0.20572618  0.28937054 -2.0639195   0.29565367]
[ 0.00321977  0.26696512  0.59652746  0.53316665  2.0752692   0.181108
 -0.4748253  -0.20760712 -0.2899917  -1.7625128   0.6579056  -0.43580246
  0.2513687   0.29474777 -2.0740817   0.33367193]
[ 0.01509969  0.17491274  0.6029131   0.61340564  2.037131    0.16005512
 -0.47864342 -0.20843616 -0.36939645 -1.6761215   0.567027   -0.46170837
  0.30905807  0.31262052 -2.0423703   0.39565134]
[ 0.04049547  0.05161614  0.6325286   0.61960554  2.024036    0.12741648
 -0.43890738 -0.16385019 -0.42743987 -1.5675323   0.44190583 -0.47403878
  0.354163    0.30253315 -1.9530586   0.3821506 ]
[ 0.01061925 -0.016971    0.6314775   0.5413548   2.034378    0.06783934
 -0.39239416 -0.13227992 -0.5024244  -1.5321337   0.38217935 -0.5136706
  0.38635612  0.34853616 -1.7725265   0.41490406]
[ 0.03615769 -0.03618283  0.6403903   0.5174666   1.9892228   0.0971216
 -0.3618135  -0.09120136 -0.4323717  -1.4746339   0.3086615  -0.44165444
  0.36721188  0.38321102 -1.8419244   0.29176068]
[ 0.07199373  0.10933004  0.61614734  0.48289362  2.0044901   0.10641332
 -0.356789   -0.14886725 -0.36614814 -1.596874    0.44228563 -0.43710274
  0.30331025  0.3759098  -1.9459398   0.28991634]
[-0.06779319  0.2621644   0.6541768   0.47794572  1.9787735   0.25947323
 -0.4326311  -0.1531727  -0.27899352 -1.7404331   0.4834965  -0.3678605
  0.3154872   0.3452876  -1.9423769   0.15396412]
[-0.11834395  0.3179385   0.58772457  0.46664208  2.0368145   0.2488848
 -0.50003254 -0.10749382 -0.17126402 -1.810119    0.56395745 -0.3315087
  0.24735388  0.28753015 -2.0020099   0.23346122]
[-0.09097715  0.24506521  0.58002913  0.49523363  2.092416    0.21238157
 -0.49830848 -0.13615595 -0.25609815 -1.7021942   0.56755847 -0.39266795
  0.20120382  0.304187   -2.010807    0.34093606]
[ 0.08101447  0.15625617  0.560974    0.53078574  2.0262127   0.12300198
 -0.40460348 -0.13513832 -0.31923863 -1.5922139   0.49231085 -0.43453184
  0.20115972  0.33094448 -2.0839446   0.42081428]
[ 0.06832986  0.08355596  0.59804803  0.6012858   1.955684    0.14311211
 -0.34396613 -0.1326404  -0.37237132 -1.4783777   0.39204982 -0.43691856
  0.23858324  0.3887502  -2.0941334   0.33986658]
[ 0.07964198  0.01464453  0.6258861   0.40549135  2.1245887   0.03131659
 -0.41981944 -0.1250414  -0.47606188 -1.5792326   0.4633991  -0.54252636
  0.4623507   0.32561427 -1.788018    0.35031244]
[ 0.11347444  0.03483086  0.63955796  0.42325577  2.013083    0.05561473
 -0.3496132  -0.05597705 -0.37312555 -1.5674798   0.36720175 -0.43530852
  0.39079547  0.371814   -1.9339176   0.25537452]
[ 0.08156024  0.10147257  0.7559966   0.28246376  1.9650097   0.16097477
 -0.44980183  0.01672281 -0.30843633 -1.7015196   0.2792186  -0.3970725
  0.39806876  0.24226198 -1.7745167   0.30133966]
[ 0.12516364  0.16332534  0.68792856  0.41489682  1.9339958   0.14880139
 -0.40774116 -0.05119089 -0.28222185 -1.6028433   0.38580045 -0.39386323
  0.190887    0.30605915 -2.040268    0.37421536]
[ 0.09186379  0.16954057  0.56247205  0.42499337  2.0306919   0.04596065
 -0.45146266 -0.0252901  -0.20511965 -1.5999477   0.52637607 -0.3738875
  0.22024032  0.26381725 -2.123669    0.3948405 ]
[ 0.14368638  0.07109506  0.4866094   0.5182454   2.1068244  -0.08087738
 -0.3753748  -0.08722101 -0.34370485 -1.5373528   0.57791805 -0.4676836
  0.24828942  0.46129996 -2.1708925   0.3998192 ]
[ 0.07695059  0.05721429  0.5534333   0.5267266   2.1269896  -0.0864713
 -0.43116754 -0.10043659 -0.41607857 -1.654742    0.54350024 -0.5112679
  0.33771363  0.4400948  -1.9548244   0.44706854]
[-0.02495319  0.11364834  0.61347973  0.62632245  2.0890818   0.02831483
 -0.46838894 -0.17514202 -0.45467076 -1.7598541   0.52714115 -0.5569063
  0.36771235  0.4042008  -1.8488925   0.4762195 ]
[-0.08528359  0.17351326  0.65846854  0.55851614  1.9767765   0.16501987
 -0.4485414  -0.11008509 -0.30313188 -1.7004507   0.46572432 -0.41126853
  0.25784296  0.3355972  -1.9189503   0.33852187]
[-0.0513472   0.1342422   0.63201815  0.47209173  2.0149338   0.1499412
 -0.49923912 -0.05872605 -0.21824923 -1.6672989   0.49612778 -0.3709796
  0.29963323  0.2609328  -1.9375927   0.29255044]
[ 0.04559571  0.06021862  0.62291944  0.50290656  2.0641809   0.1135916
 -0.4657585  -0.10144196 -0.28275612 -1.6161314   0.46122026 -0.43456563
  0.35145068  0.29346478 -1.954828    0.28906688]
[ 0.03408186  0.15009625  0.63841975  0.5224862   2.0451255   0.17740944
 -0.4474585  -0.19679423 -0.34841964 -1.6509094   0.47387022 -0.48589844
  0.3460163   0.36417937 -1.9238472   0.25204867]
[ 0.03631596  0.2825913   0.63168967  0.4315261   1.9937656   0.20112416
 -0.419521   -0.1574677  -0.24506822 -1.7044178   0.52827424 -0.42259517
  0.21012211  0.34246743 -2.0113664   0.25311556]
[ 0.03929558  0.35029694  0.551242    0.43689775  2.0232599   0.20275688
 -0.45635176 -0.16779897 -0.18956211 -1.7542034   0.63230413 -0.4056247
  0.18460251  0.30026087 -2.1094565   0.3132684 ]
[ 0.06861534  0.22086892  0.49038133  0.5615477   2.0641966   0.16105005
 -0.429736   -0.20752558 -0.31712514 -1.6572895   0.6306958  -0.47292107
  0.2439746   0.37918207 -2.1610076   0.37602025]
[ 0.19507901  0.05900808  0.55955875  0.62701863  1.9949272   0.10812888
 -0.35651556 -0.17093667 -0.3677264  -1.5090091   0.47948655 -0.4676029
  0.23109095  0.43431503 -2.238802    0.3708337 ]
[ 2.2241168e-01  7.5148962e-02  5.7492220e-01  6.7061865e-01
  1.9094832e+00 -1.4641226e-03 -2.2903387e-01 -2.2069521e-01
 -5.3924549e-01 -1.5631016e+00  5.0576657e-01 -5.5537146e-01
  2.6205465e-01  5.2164203e-01 -2.1501973e+00  4.6986443e-01]
[ 0.13925865  0.12547243  0.7777262   0.45025682  1.9160659   0.02233913
 -0.29177347 -0.23839371 -0.6691717  -1.6930269   0.5390661  -0.6135918
  0.37323272  0.42170936 -1.7084452   0.4025119 ]
[-1.3612747e-03  1.4399117e-02  7.4148071e-01  3.6854103e-01
  2.0388875e+00  1.0076685e-01 -5.1716626e-01 -9.7715966e-02
 -4.8506498e-01 -1.6269274e+00  3.6682731e-01 -5.1022846e-01
  5.1867735e-01  2.0496330e-01 -1.5573220e+00  3.9728317e-01]
[ 0.10312577  0.03611211  0.667713    0.38504186  2.0340648   0.01238155
 -0.44307488 -0.13998134 -0.5055586  -1.5699909   0.43562326 -0.56038344
  0.4133459   0.33767876 -1.7076674   0.45898452]
[ 0.11810622  0.08252759  0.7239176   0.37858444  1.9018507   0.19879042
 -0.40531856 -0.11972574 -0.3937367  -1.5408602   0.3041781  -0.43411702
  0.3524309   0.3319451  -1.836729    0.29041308]
[ 0.05201877  0.24325874  0.6092369   0.44024634  1.9841058   0.1759169
 -0.47575015 -0.15757914 -0.29712582 -1.6365435   0.50139207 -0.42941102
  0.20746529  0.34298804 -2.0081878   0.40299815]
[-1.5733003e-03  3.3784401e-01  4.9161774e-01  5.0321615e-01
  2.0995924e+00  1.3180286e-01 -5.5940652e-01 -2.1181245e-01
 -2.5896442e-01 -1.7085762e+00  6.7432535e-01 -4.1713446e-01
  1.5012565e-01  3.2848862e-01 -2.1068094e+00  5.0468194e-01]
[ 0.029842    0.27915007  0.41795373  0.64463943  2.0866275   0.06842656
 -0.46929702 -0.2899441  -0.38596478 -1.655592    0.7389099  -0.50582194
  0.14817142  0.5127696  -2.2249455   0.5618848 ]
[-0.0425502   0.15486622  0.52156496  0.64354485  2.1780434   0.04468001
 -0.5674519  -0.2736873  -0.4646024  -1.7057664   0.6894162  -0.58216053
  0.33304936  0.39128718 -1.9473953   0.58522826]
[-0.04315088  0.0410059   0.51474416  0.7329108   2.1334636   0.01256097
 -0.41803265 -0.3065773  -0.61666954 -1.5933225   0.60860837 -0.6556383
  0.33047712  0.58810717 -1.9122845   0.54123396]
[ 0.01015587  0.08850209  0.5887514   0.44255352  2.1047556  -0.08682479
 -0.3395309  -0.20627971 -0.59488803 -1.6456957   0.59542847 -0.69231546
  0.34216273  0.55850327 -1.7471282   0.5418579 ]
[-0.05351891 -0.00225977  0.6093334   0.53761786  2.022966    0.07766589
 -0.3786571  -0.08461642 -0.42635566 -1.5765876   0.32257074 -0.4688542
  0.4053054   0.38998547 -1.763428    0.34411   ]
[-0.09453239  0.14694968  0.56582785  0.50750804  2.0335815   0.07601981
 -0.41675353 -0.09909475 -0.32637656 -1.7312832   0.42374176 -0.4590311
  0.34680986  0.39782226 -1.82897     0.41643366]
[-0.14807169  0.25881788  0.5368799   0.5653549   1.8963969   0.22983637
 -0.36988562 -0.05230455 -0.18238029 -1.7342815   0.37916008 -0.29829338
  0.22796531  0.4058128  -2.024938    0.26340654]
[-0.17074129  0.29610795  0.453928    0.5478611   1.9587572   0.21369496
 -0.4251276   0.01796711 -0.0253554  -1.7425649   0.45898753 -0.24002385
  0.10746129  0.35560814 -2.1473248   0.29401338]
[-0.10532321  0.24880414  0.46874672  0.6017319   1.9723976   0.18304351
 -0.4076143  -0.01095721 -0.088667   -1.6298784   0.4699149  -0.26203012
  0.06868376  0.38044152 -2.249206    0.31112662]
[ 0.0370697   0.20896931  0.3730108   0.6742544   1.8908072   0.083362
 -0.23441568 -0.04309127 -0.13264139 -1.4920987   0.4707976  -0.2929415
 -0.00789567  0.54633677 -2.4303985   0.29884794]
[-0.05491611  0.22417068  0.52522326  0.55165255  1.895771    0.19029555
 -0.31278402  0.00293056 -0.11782642 -1.5688244   0.3864163  -0.27870548
  0.1316618   0.39197016 -2.2249603   0.20631528]
[-0.00656763  0.22812887  0.56407076  0.37414992  1.9615428   0.10434488
 -0.30581275  0.04185619 -0.15026417 -1.6710918   0.44148573 -0.3273076
  0.23667875  0.30571693 -2.0586567   0.21086892]
[ 0.05047701  0.24277547  0.5657162   0.36329705  1.8574417   0.1487366
 -0.23020291  0.03146064 -0.12533763 -1.6128668   0.4416427  -0.2860764
  0.15404925  0.33259305 -2.157681    0.1701229 ]
[ 0.13847356  0.28214556  0.5943826   0.3540046   1.8057575   0.14925909
 -0.1850242  -0.01109883 -0.13263452 -1.5546601   0.43183988 -0.29872966
  0.05824608  0.32003966 -2.2074466   0.20293815]
[ 0.16734163  0.25231734  0.68358266  0.28661376  1.8070663   0.18649045
 -0.24843371 -0.03297424 -0.16869935 -1.5890272   0.42913374 -0.31636944
  0.14301088  0.26029348 -2.102534    0.18825424]
[ 0.17230457  0.20803067  0.6594133   0.30881125  1.8688095   0.14823271
 -0.2771912  -0.05558444 -0.21770135 -1.6182451   0.43930572 -0.37859508
  0.23771866  0.25107902 -2.0615685   0.26372874]
[ 0.1423407   0.1348801   0.62090075  0.29618725  2.0308118   0.0794234
 -0.37205034 -0.08122354 -0.3018824  -1.6288908   0.51384574 -0.46532163
  0.35320097  0.23139969 -1.9530914   0.350247  ]
[ 0.15944129  0.08838908  0.5742886   0.36271995  2.0477452   0.0126639
 -0.33503214 -0.06324467 -0.31868902 -1.5531962   0.48399967 -0.46570793
  0.2842634   0.3119843  -2.0655742   0.42870322]
[ 0.17458701  0.08383266  0.53317577  0.3707441   2.1283767  -0.03549059
 -0.32899818 -0.13873418 -0.42643467 -1.594656    0.52225894 -0.5749601
  0.34531075  0.28782687 -1.94813     0.5602542 ]
[ 0.10943389  0.1630823   0.38353866  0.46267194  2.1290884  -0.06573595
 -0.32655054 -0.22128451 -0.51411545 -1.5872538   0.6704357  -0.5861503
  0.2731681   0.44750732 -1.9534588   0.5761482 ]
[ 0.01297385  0.09595381  0.44691572  0.45125246  2.151868   -0.04307754
 -0.35243586 -0.18915422 -0.52953905 -1.6030722   0.5983509  -0.59835607
  0.40293533  0.4351955  -1.8436798   0.522942  ]
[ 0.10663889  0.13816653  0.41469416  0.38421416  2.1070657  -0.12471676
 -0.26821703 -0.15776047 -0.48671657 -1.6119766   0.58736116 -0.60799855
  0.3569241   0.45517713 -1.8637936   0.5324255 ]
[ 0.20611799  0.14675829  0.53989     0.39666677  2.0003777  -0.10954937
 -0.1453627  -0.23149426 -0.6247989  -1.5820107   0.5188804  -0.69726676
  0.33926734  0.57266694 -1.8432181   0.47359046]
[ 0.07536219  0.10574305  0.7758911   0.3053752   1.8267475   0.23457304
 -0.21336356 -0.02684531 -0.32540196 -1.5383571   0.20792142 -0.41233754
  0.32698682  0.33931783 -1.8560259   0.12247696]
[ 0.06073044  0.21137449  0.64607793  0.25198632  1.8172247   0.24190684
 -0.27652246  0.04142083 -0.1400139  -1.5835017   0.30647117 -0.29186594
  0.23953421  0.24052186 -1.9930995   0.17659888]
[ 0.07877228  0.23284192  0.57238376  0.3392489   1.9245632   0.1454505
 -0.28994355 -0.01121907 -0.19796562 -1.6063646   0.41304237 -0.3298401
  0.21263866  0.29220498 -2.0746598   0.24936071]
[ 0.1580311   0.2468028   0.52674806  0.35344705  1.9256016   0.05017509
 -0.23274723 -0.06212045 -0.26200092 -1.6461642   0.5500933  -0.3971954
  0.14246325  0.3608094  -2.1560073   0.3945814 ]
[ 0.11412151  0.2571823   0.47762746  0.44891334  1.9057506   0.0225381
 -0.2662236  -0.06456057 -0.28764385 -1.6477978   0.5783649  -0.39991403
  0.06566817  0.3776728  -2.1570175   0.53239113]
[ 0.04293783  0.15173917  0.49824628  0.46673545  1.9736811   0.03337593
 -0.32663876 -0.05825411 -0.3266778  -1.6055298   0.5024563  -0.4271225
  0.19092253  0.28024137 -1.9973046   0.56001633]
[ 0.13767949  0.11372268  0.38649106  0.50875914  1.9473953  -0.10493036
 -0.20040171 -0.13513711 -0.414128   -1.5304117   0.5753962  -0.53260094
  0.13700101  0.47397852 -2.0764923   0.67588407]
[ 0.08200909  0.08482578  0.3940605   0.46406278  2.0118504  -0.10707533
 -0.24495499 -0.153191   -0.48464555 -1.561331    0.51850307 -0.58996016
  0.259404    0.4415334  -1.8626115   0.7146493 ]
[ 0.08571437  0.14940512  0.4393716   0.46414366  1.9843963  -0.03031636
 -0.24515113 -0.18868661 -0.46024242 -1.5726599   0.47021896 -0.5459481
  0.23697552  0.4545373  -1.9013548   0.62527627]
[-0.07053371  0.21265855  0.5216641   0.49441737  1.9407451   0.19606712
 -0.32411858 -0.12693474 -0.33341917 -1.631607    0.33327097 -0.41481668
  0.2370122   0.37406087 -1.9127858   0.46644077]
[-0.04592079  0.32985812  0.36942625  0.51390547  1.9534031   0.18393281
 -0.32512164 -0.10620324 -0.17949204 -1.6237612   0.42291856 -0.34930533
  0.05015259  0.3578543  -2.1203682   0.53338134]
[ 0.05677268  0.3235651   0.32224008  0.5495375   1.9455402   0.1295579
 -0.28308243 -0.1522185  -0.21853188 -1.4884821   0.5017629  -0.38885316
 -0.09768409  0.42046803 -2.2898812   0.6342927 ]
[ 0.30650908  0.32318074  0.23348346  0.55530083  1.8149691   0.02603484
 -0.11638709 -0.1719068  -0.22981974 -1.3713789   0.5530159  -0.41887075
 -0.24698162  0.5353131  -2.5038319   0.67580146]
[ 0.31712693  0.19441904  0.32742822  0.54114133  1.9222183  -0.00668922
 -0.15434463 -0.17613003 -0.31260055 -1.393934    0.5278276  -0.49256557
 -0.03492021  0.45765668 -2.3711042   0.61534107]
[ 0.28417316  0.21069865  0.2637085   0.44926053  1.9860699  -0.12800907
 -0.1869179  -0.16378567 -0.3555158  -1.4477537   0.6910674  -0.52395153
 -0.01637626  0.50664705 -2.2476163   0.63966143]
[ 0.26592612  0.15919672  0.40222448  0.4338529   2.0328372  -0.0803801
 -0.23638165 -0.15820265 -0.37776613 -1.489275    0.6036882  -0.5184521
  0.08249328  0.47063336 -2.2013276   0.5694356 ]
[ 0.21076012  0.17796554  0.38506863  0.4637987   2.0574672  -0.08244784
 -0.28072783 -0.16660449 -0.41389808 -1.5374647   0.629701   -0.5286149
  0.06730263  0.48841795 -2.1459875   0.6367923 ]
[ 0.14970037  0.11086977  0.43982974  0.49145168  2.1540666  -0.03783072
 -0.3828345  -0.15357211 -0.43530187 -1.5275795   0.5817546  -0.5213448
  0.16481197  0.35725662 -2.0514965   0.62082636]
[ 0.13991943  0.17062071  0.33919948  0.4650956   2.1624827  -0.11712186
 -0.38594857 -0.17627904 -0.43727905 -1.5485919   0.7283168  -0.5382391
  0.18186222  0.43789583 -2.1066463   0.6449892 ]
[ 0.10345272  0.07900032  0.32528168  0.5071016   2.2097852  -0.15451415
 -0.3705134  -0.17740794 -0.5279027  -1.5282558   0.6903189  -0.56999034
  0.29497966  0.5254719  -2.004948    0.55665964]
[ 0.05853279  0.0290743   0.4220826   0.52127993  2.2235608  -0.12283256
 -0.38027844 -0.15294352 -0.548993   -1.5828803   0.56313074 -0.58152276
  0.3959154   0.5125913  -1.8849335   0.4866783 ]
[ 0.03707239  0.08548643  0.59512955  0.5156954   2.1570811  -0.01287618
 -0.3804368  -0.1939085  -0.5290999  -1.6743317   0.5146977  -0.6074247
  0.41711998  0.46034655 -1.835005    0.4065054 ]
[-0.04834993  0.09301242  0.70360315  0.49821782  1.9798329   0.23073931
 -0.38160634 -0.0508121  -0.31036925 -1.6259193   0.34533316 -0.36257026
  0.37228733  0.358984   -1.9574425   0.09902064]
[-0.03524467  0.10702473  0.6695321   0.44593945  1.9468828   0.23051699
 -0.41088143  0.01206016 -0.22659945 -1.625597    0.325057   -0.29065013
  0.36253896  0.24579778 -1.969397    0.15885395]
[ 0.0508493   0.03814055  0.68824035  0.46975178  1.9836452   0.16273583
 -0.38770518 -0.03260157 -0.3122983  -1.5929838   0.3282027  -0.38106292
  0.38514555  0.26068693 -1.9550264   0.2420477 ]
[ 0.11349864  0.11179199  0.67159617  0.50863755  1.898967    0.13410446
 -0.2966285  -0.09235239 -0.31871158 -1.5613749   0.34997234 -0.38985077
  0.28355065  0.33854738 -2.0703516   0.26748955]
[-0.01744341  0.10636811  0.7134982   0.42350847  1.9296242   0.21871963
 -0.3929574  -0.03065233 -0.3119336  -1.6454967   0.33817154 -0.36066
  0.39218715  0.30643716 -1.8657806   0.14270626]
[-0.01900398  0.12075927  0.68358296  0.3848449   1.9618161   0.21528193
 -0.46775588  0.00832819 -0.1938847  -1.6514137   0.3546764  -0.31238857
  0.3425393   0.27253544 -1.9226866   0.16973767]
[ 0.05334365  0.09369002  0.6385827   0.49760643  1.9882282   0.10464027
 -0.41240972 -0.0603361  -0.28188458 -1.6496922   0.4022717  -0.39139026
  0.32310623  0.3300422  -2.0131187   0.32816324]
[ 0.05224679  0.18265352  0.5693294   0.60544926  1.9068857   0.07376035
 -0.3645579  -0.08509664 -0.25887498 -1.6562033   0.43943873 -0.37687144
  0.17413972  0.39253289 -2.1466517   0.44692177]
[-0.09247766  0.19255503  0.550146    0.6079159   1.981343    0.12534674
 -0.46286184 -0.06628702 -0.25414434 -1.6668707   0.47932267 -0.3739775
  0.19115728  0.34249768 -1.9946041   0.39579612]
[-0.00213523  0.14877833  0.54884636  0.53596556  2.015133    0.09354223
 -0.47578663 -0.04738335 -0.20143874 -1.5801075   0.49762234 -0.34807152
  0.17245165  0.2985731  -2.0540051   0.34951797]
[ 0.11593065  0.10833843  0.5126273   0.59295064  2.0010266   0.03242447
 -0.3493656  -0.12910518 -0.28583437 -1.4964848   0.49448395 -0.4125287
  0.14203793  0.44385308 -2.154747    0.3353002 ]
[ 0.05337281  0.15685244  0.65160197  0.48748273  2.0291412   0.16592328
 -0.41969413 -0.1934695  -0.3479991  -1.6347733   0.4669459  -0.4746336
  0.29290578  0.34178877 -1.9271244   0.3036039 ]
[ 0.03410336  0.2590095   0.6880454   0.43029565  1.9676411   0.23625226
 -0.38726056 -0.18224467 -0.26833636 -1.6791729   0.49463624 -0.40148944
  0.185616    0.3558355  -2.0247617   0.24090548]
[ 0.01338046  0.35581103  0.58401364  0.43386656  2.0066292   0.23806246
 -0.4529937  -0.16730584 -0.1575162  -1.7728188   0.6191225  -0.35222438
  0.12884691  0.25054803 -2.0897198   0.31320903]
[ 0.08256243  0.21324854  0.54360163  0.5396054   2.0621583   0.1595237
 -0.44242793 -0.208437   -0.31906247 -1.6739353   0.60984313 -0.4492765
  0.17773812  0.31677577 -2.1068745   0.44829884]
[ 0.1290597   0.10008941  0.5257093   0.6164299   2.0197117   0.1359249
 -0.39048052 -0.19929683 -0.37409443 -1.5299629   0.4721585  -0.47299868
  0.20777325  0.33833805 -2.1320996   0.5095449 ]
[ 0.15916952  0.00932127  0.5130247   0.61675924  2.0352159   0.05430614
 -0.30172604 -0.20561235 -0.47884077 -1.4706228   0.40809956 -0.53814036
  0.32772368  0.36450133 -2.064181    0.5282203 ]
[ 0.07176277 -0.02200749  0.46554852  0.59796953  2.077292   -0.03751693
 -0.26354915 -0.19742619 -0.599792   -1.4622498   0.4580136  -0.59054965
  0.39923143  0.49636546 -1.9394757   0.50378656]
[ 0.09082912 -0.02571897  0.45399266  0.5250011   2.1400723  -0.07797791
 -0.29489955 -0.1539859  -0.5647006  -1.5198929   0.4587469  -0.60205
  0.41533002  0.46973556 -1.9070183   0.55251133]
[ 0.02956629  0.13338408  0.45235673  0.57857114  1.9912136   0.0109247
 -0.27061123 -0.14985478 -0.46336707 -1.6052685   0.4651877  -0.4971806
  0.26975876  0.47268924 -1.9607475   0.5035155 ]
[-0.11744586  0.18073377  0.5542058   0.60749686  1.9367203   0.1173267
 -0.34520215 -0.06125573 -0.32394022 -1.6870298   0.38439447 -0.4063502
  0.21519299  0.44265136 -1.9642639   0.4248817 ]
[-0.04937482  0.22352211  0.47159338  0.57318085  1.8979839   0.12368586
 -0.33082512 -0.01990044 -0.15991743 -1.6337458   0.48188958 -0.3356606
  0.06833786  0.3744402  -2.1281292   0.39753744]
[ 0.06781145  0.21663232  0.38528976  0.6070641   1.9172084   0.06864029
 -0.29120216 -0.0970481  -0.1452913  -1.4862845   0.54513425 -0.3805734
 -0.01426342  0.39178962 -2.2600765   0.42993563]
[ 0.1602232   0.23762445  0.37281823  0.58588916  1.8534149   0.05341017
 -0.2102094  -0.11152086 -0.14401767 -1.4197929   0.52654195 -0.34877044
 -0.0538006   0.5275069  -2.3930373   0.3146897 ]
[ 0.12842648  0.35039502  0.4645175   0.36875063  1.895055    0.06046285
 -0.30637813 -0.11760072 -0.17766443 -1.6300482   0.64170825 -0.38662937
  0.0250621   0.4451507  -2.1715684   0.36383197]
[ 0.02070887  0.33782318  0.56298065  0.4044525   1.9918636   0.19160193
 -0.41818523 -0.1436514  -0.18234232 -1.6785723   0.5936729  -0.40046492
  0.10878271  0.37597656 -2.140284    0.327444  ]
[ 0.08119969  0.40892226  0.4873665   0.47725716  1.955761    0.19775215
 -0.39451575 -0.17258157 -0.15050605 -1.6513271   0.67375773 -0.32779813
 -0.00836479  0.3705624  -2.325615    0.3279931 ]
[ 0.1685656   0.30544305  0.44460076  0.48548913  2.0378811   0.11394671
 -0.3908283  -0.22058842 -0.2920166  -1.5997078   0.69979817 -0.42067885
  0.06856694  0.36367387 -2.2139678   0.40216607]
[ 0.17681257  0.06098759  0.58594984  0.5449275   2.0791748   0.15849848
 -0.4150806  -0.20956297 -0.43270618 -1.4943578   0.47006097 -0.4979899
  0.36911702  0.27355844 -2.0261283   0.305798  ]
[ 0.16719219 -0.04446214  0.59889096  0.50641096  2.0926633   0.05576071
 -0.34306484 -0.17953089 -0.55268043 -1.4729108   0.41440615 -0.56205815
  0.5420422   0.32307848 -1.9106705   0.31446424]
[ 0.09217978 -0.03995959  0.63646424  0.35737595  2.144148   -0.02246986
 -0.34237212 -0.15582313 -0.70948875 -1.4936931   0.4349699  -0.6153407
  0.5374854   0.44158515 -1.6679592   0.35665196]
[ 0.16546293 -0.12516323  0.6765687   0.41194144  2.0736613   0.07009587
 -0.31292358 -0.08472721 -0.57402307 -1.4615619   0.2659686  -0.518494
  0.52467066  0.30689436 -1.7465627   0.27897316]
[ 0.10455362  0.0032845   0.7743789   0.3358877   1.9723918   0.1991859
 -0.35576254 -0.06328359 -0.4639     -1.5577997   0.25736368 -0.46694446
  0.49767494  0.2178705  -1.710841    0.20510769]
[ 0.04117405  0.05947813  0.7095754   0.33813968  2.0073018   0.1718708
 -0.39254567 -0.03974084 -0.39385623 -1.6113755   0.36161703 -0.41503423
  0.469301    0.23487313 -1.7802988   0.18688984]
[-0.01279844  0.06643222  0.65060085  0.32840022  2.0660636   0.12304686
 -0.45920235 -0.00716856 -0.35401422 -1.652838    0.3526075  -0.40285444
  0.49819764  0.21447551 -1.7421585   0.28362927]
[ 0.0303115   0.01915538  0.57147413  0.41348544  2.1095529   0.01546237
 -0.3670177  -0.06278121 -0.4594771  -1.6290535   0.40419215 -0.5103963
  0.48256087  0.32584032 -1.8079916   0.42079014]
[ 0.0855415   0.11236787  0.52893656  0.47296375  2.0058622   0.02473543
 -0.27589467 -0.11295619 -0.45279703 -1.6236107   0.45480847 -0.4755273
  0.3175605   0.4078831  -1.9463215   0.4327182 ]
[-0.02525775  0.08676808  0.61750764  0.48923808  1.9391588   0.16264448
 -0.35523778 -0.04139829 -0.35101786 -1.6023924   0.35065797 -0.3931765
  0.32812765  0.3480603  -1.9347798   0.33336106]
[-0.00440782  0.06291317  0.593061    0.4638249   1.9077533   0.1633293
 -0.39923614  0.00317092 -0.27050358 -1.5311209   0.30354077 -0.29655755
  0.30971557  0.28233427 -1.9875488   0.35192615]
[ 0.08758226  0.05198687  0.48348752  0.5784345   1.9238825   0.00783812
 -0.25726628 -0.09287219 -0.381769   -1.4869471   0.3748849  -0.41232094
  0.26387268  0.48649278 -2.101606    0.4294897 ]
[ 3.3279060e-04  1.0060692e-01  5.6795084e-01  4.6387172e-01
  1.9358242e+00  6.3642494e-02 -3.4032357e-01 -5.5994499e-02
 -3.4122306e-01 -1.6416820e+00  3.4811488e-01 -4.1497144e-01
  3.5784334e-01  3.7320173e-01 -1.9150448e+00  4.5596185e-01]
[-0.10404065  0.13535978  0.52539     0.57219803  1.9373815   0.1707972
 -0.37005323 -0.05340479 -0.27346966 -1.5999492   0.3266329  -0.35769042
  0.26835892  0.41049218 -2.0077271   0.37583753]
[-0.10057525  0.1395669   0.46632472  0.6420581   1.9630104   0.15046921
 -0.39416558 -0.01986573 -0.15819731 -1.5536864   0.37455747 -0.2838234
  0.16761312  0.3708597  -2.1896229   0.37912607]
[ 0.05332524  0.1599708   0.4205516   0.7554271   1.875941    0.05441353
 -0.25864023 -0.11632539 -0.24371639 -1.4903097   0.4454039  -0.34538263
  0.0517074   0.56455183 -2.3898075   0.41598457]
[ 0.0489938   0.16164978  0.5210817   0.6807249   1.8586155   0.06638493
 -0.2922278  -0.10646453 -0.28455216 -1.5545522   0.419175   -0.39094698
  0.09627716  0.49786416 -2.226859    0.46032858]
[-0.05907397  0.17586862  0.5802833   0.5729336   1.8672394   0.1638886
 -0.38356408 -0.03268364 -0.18561578 -1.5855944   0.37987155 -0.34742516
  0.07818357  0.4026749  -2.068049    0.39626142]
[ 0.0487475   0.14754026  0.5369204   0.56122273  1.8899796   0.14171034
 -0.328069   -0.02560444 -0.1429722  -1.5195779   0.39983648 -0.3218091
  0.01772073  0.37708676 -2.1744878   0.34389818]
[ 0.19141847  0.21315923  0.4842083   0.59935576  1.8469194   0.06833186
 -0.27280778 -0.09788366 -0.1448962  -1.4556813   0.48369083 -0.33729944
 -0.08583751  0.46808472 -2.41019     0.40145922]
[ 0.14777592  0.2620079   0.54355985  0.52039546  1.9334987   0.10960376
 -0.38013166 -0.13920507 -0.17883296 -1.5556302   0.5240465  -0.35665268
  0.03638358  0.39820457 -2.28873     0.37569484]
[ 0.03658456  0.2809811   0.59756655  0.49648     2.0166907   0.17985947
 -0.5076281  -0.0981045  -0.19105801 -1.6989639   0.5047168  -0.3328604
  0.16672274  0.2924274  -2.1419196   0.3508793 ]
[-0.00473589  0.24514814  0.527978    0.557104    2.1245465   0.1325213
 -0.54165244 -0.15125403 -0.30221263 -1.7106094   0.63458526 -0.403778
  0.1951857   0.35053247 -2.0853305   0.38417953]
[ 0.05904457  0.18736936  0.5157204   0.5816865   2.1349392   0.05245592
 -0.5457908  -0.13360772 -0.27782455 -1.6665722   0.6424734  -0.4277605
  0.16976331  0.3370522  -2.1459553   0.47037786]
[ 0.03673448  0.09377222  0.50794667  0.70881057  2.1199806   0.0021847
 -0.4568329  -0.17254794 -0.3717541  -1.6041647   0.5630005  -0.49273533
  0.26240733  0.41875237 -2.1239953   0.4622437 ]
[-0.03911542  0.04252262  0.5560819   0.6653124   2.2059252   0.00282504
 -0.44578314 -0.26086372 -0.5248585  -1.6361115   0.6116644  -0.6107489
  0.41829005  0.43922052 -1.8778368   0.40631494]
[ 0.01918902  0.04438881  0.59238124  0.45757475  2.1992278  -0.03153697
 -0.44852728 -0.13780834 -0.45277628 -1.6330764   0.5640201  -0.54933274
  0.41310233  0.3691429  -1.8205194   0.36700037]
[ 0.05911072  0.12703533  0.67319405  0.40030146  2.0876937   0.08019476
 -0.46735317 -0.11029408 -0.36962405 -1.6732788   0.4886188  -0.4912827
  0.3464549   0.31998935 -1.8100668   0.29121977]
[ 0.03048493  0.19938307  0.7676161   0.4159166   1.9241896   0.26196614
 -0.42465752 -0.09391548 -0.24634266 -1.6512604   0.39277297 -0.39373034
  0.25769764  0.29352564 -1.9440024   0.15703177]
[ 0.00754381  0.27475977  0.6840566   0.4257148   1.975523    0.22391479
 -0.40757537 -0.12444387 -0.22759064 -1.7317547   0.5355982  -0.39292797
  0.24619946  0.3073945  -2.0041277   0.15338388]
[-0.00789165  0.26964396  0.6666011   0.40027362  2.0344741   0.23406899
 -0.48760056 -0.09080166 -0.17124538 -1.74888     0.57344097 -0.34842333
  0.24190612  0.23144443 -2.0249257   0.17282514]
[ 0.08890845  0.15813592  0.6599625   0.48927277  2.0355384   0.1561363
 -0.46572694 -0.12841246 -0.29184288 -1.6845535   0.5454827  -0.40899634
  0.26154345  0.30489007 -2.0711722   0.29800075]
[ 0.06919332  0.15178642  0.6833816   0.5023026   2.0329769   0.1333513
 -0.50159043 -0.1473566  -0.36782825 -1.7125123   0.5242828  -0.4562501
  0.32557833  0.2387693  -1.9347172   0.41084343]
[-0.04872632  0.13218355  0.6776594   0.4884759   2.0774026   0.12352852
 -0.5169981  -0.14785402 -0.42931432 -1.6839186   0.5245303  -0.47144803
  0.36332998  0.27785602 -1.8043556   0.39058235]
[-0.05092961  0.05491423  0.6400517   0.4295796   2.1624656   0.04381495
 -0.5298237  -0.10649278 -0.4507371  -1.6691418   0.5241162  -0.5074466
  0.4519778   0.2848867  -1.702357    0.37856442]
[ 0.03022378  0.02408723  0.6197752   0.40542334  2.1696036   0.02025167
 -0.47605118 -0.10991131 -0.4323024  -1.6281233   0.458754   -0.53384316
  0.4455309   0.27443165 -1.718993    0.40711302]
[ 0.05700367  0.09718426  0.6224456   0.45810503  2.1156242   0.06165911
 -0.41566196 -0.21003306 -0.47583285 -1.6128556   0.48319823 -0.565746
  0.36209804  0.36558488 -1.8074745   0.42143765]
[ 0.01457337  0.20695885  0.61221373  0.48834005  2.0004845   0.19508031
 -0.37476093 -0.17256388 -0.3342279  -1.6111234   0.43580952 -0.39808202
  0.2637525   0.36604637 -2.0018048   0.26053357]
[-0.04837198  0.21753702  0.54186517  0.51114637  2.0910199   0.19460246
 -0.4394675  -0.11903826 -0.23611148 -1.6700512   0.5135665  -0.37201995
  0.2566395   0.29970583 -2.0610414   0.27018923]
[ 0.07345845  0.145534    0.5344476   0.5723057   2.0731347   0.11778162
 -0.37734038 -0.16716026 -0.3467535  -1.6156082   0.55613154 -0.44788638
  0.21721752  0.39326692 -2.132245    0.35395783]
[ 0.12804213  0.11272577  0.58447564  0.575958    2.015057    0.11944418
 -0.38239637 -0.13871267 -0.3433274  -1.5706842   0.45996538 -0.44767007
  0.18760827  0.3616268  -2.1186874   0.4093612 ]
[ 0.05347661  0.0966628   0.622821    0.5697756   1.9918236   0.1501737
 -0.40293878 -0.12812114 -0.38346896 -1.529519    0.41472134 -0.4552415
  0.23987842  0.36663976 -2.025684    0.37134203]
[ 0.06093752  0.02371336  0.6069417   0.46146592  2.0737844   0.04465831
 -0.4247778  -0.05114074 -0.40193063 -1.5558176   0.43752545 -0.44864768
  0.40599933  0.31074506 -1.9015888   0.30805615]
[ 0.10911436  0.02981911  0.5609719   0.42102304  2.1327653  -0.03144045
 -0.42024988 -0.03756694 -0.3647922  -1.6045239   0.4705841  -0.47328544
  0.42329398  0.3231107  -1.923617    0.33640462]
[ 0.1242644   0.15285914  0.54363316  0.47185272  2.0680256  -0.02150787
 -0.3313678  -0.14091244 -0.42401257 -1.6827021   0.5524443  -0.5000444
  0.28643084  0.46336126 -1.9779441   0.36946502]
[-0.04246617  0.23935506  0.69016844  0.49993667  1.9786361   0.17145827
 -0.43039018 -0.09299584 -0.30158073 -1.7935803   0.47374552 -0.4041191
  0.2803145   0.34083682 -1.9405981   0.28238744]
[-0.09004984  0.25203538  0.62842906  0.46026468  2.0360856   0.15842187
 -0.49928308 -0.08264305 -0.20687297 -1.8088272   0.5884563  -0.38901165
  0.27023     0.24487595 -1.9479086   0.33669344]
[ 3.5999418e-04  1.6956568e-01  5.8657634e-01  5.2626735e-01
  2.0365102e+00  1.1586599e-01 -4.7254571e-01 -1.1061032e-01
 -2.6764128e-01 -1.6916443e+00  5.7456559e-01 -4.0491682e-01
  2.8226155e-01  3.1756756e-01 -2.0412292e+00  3.2806119e-01]
[ 0.04328714  0.09913278  0.5847167   0.59413135  1.9829363   0.07281552
 -0.4074703  -0.10355699 -0.29577708 -1.6139485   0.47365826 -0.40610915
  0.27620983  0.415058   -2.0846782   0.3190893 ]
[-0.03592869  0.18623725  0.65457433  0.5386771   1.9881408   0.09224401
 -0.46400207 -0.13169669 -0.31712276 -1.7930157   0.49619943 -0.47180945
  0.31121892  0.33249578 -1.862917    0.43307868]
[-0.12425701  0.285172    0.62900084  0.54469377  1.9568284   0.1718939
 -0.4730958  -0.12857309 -0.24300733 -1.7709271   0.49296245 -0.38713682
  0.19624513  0.36707562 -1.9260216   0.36479586]
[-0.13791764  0.30026788  0.54096985  0.5614909   1.9979887   0.1996917
 -0.48243386 -0.10806247 -0.12138088 -1.720187    0.5581223  -0.3470729
  0.12527418  0.28396407 -2.0424452   0.34511337]
[ 0.04277528  0.19867341  0.5742596   0.54039097  2.0276315   0.16168317
 -0.44699684 -0.1563092  -0.21090885 -1.5912699   0.5649127  -0.39819998
  0.13630511  0.32209495 -2.1413295   0.32561237]
[ 0.12205005  0.15585698  0.5578386   0.5932652   1.9649584   0.13519967
 -0.3477389  -0.17553414 -0.27322698 -1.466465    0.5003809  -0.4061171
  0.09480911  0.4655075  -2.281924    0.30928954]
[-0.04254345  0.2031835   0.6685444   0.52969116  2.0280242   0.2395483
 -0.45616302 -0.19827679 -0.30247268 -1.6214527   0.5050359  -0.43986392
  0.20844372  0.4188977  -2.067038    0.27521804]
[-0.02694913  0.26822996  0.6148347   0.5308983   2.0496233   0.20766553
 -0.424833   -0.24508949 -0.34928107 -1.7520956   0.6010643  -0.45121974
  0.24340329  0.36119667 -2.0189095   0.34280962]
[ 1.1850297e-03  2.2969353e-01  5.6220514e-01  5.6859958e-01
  2.0784926e+00  1.6901895e-01 -4.7206092e-01 -2.4799435e-01
 -3.5240477e-01 -1.7443726e+00  6.3405401e-01 -4.6240050e-01
  2.3347712e-01  3.0042371e-01 -2.0315938e+00  4.8851997e-01]
[ 0.05606595  0.09717672  0.579625    0.62490046  2.05199     0.14470787
 -0.464858   -0.22631553 -0.4212424  -1.5938237   0.5103285  -0.46729335
  0.3018425   0.31150317 -2.0314581   0.48089972]
[ 0.08048069 -0.02426076  0.53844213  0.6711549   2.0315764   0.09645452
 -0.389929   -0.21438524 -0.51732427 -1.4674339   0.40896764 -0.5101346
  0.4026628   0.39642975 -2.0102577   0.46165246]
[ 0.03114093 -0.09693736  0.61841     0.58057344  2.0170503   0.05489179
 -0.33817202 -0.16049476 -0.6343256  -1.417377    0.28240198 -0.53666466
  0.505369    0.5165959  -1.8288988   0.36003628]
[ 0.13635536  0.0226817   0.5393451   0.5778587   2.0124712   0.0083888
 -0.29698834 -0.16448471 -0.546034   -1.4939327   0.3542494  -0.4969166
  0.35822052  0.5171701  -1.9272051   0.3542745 ]
[ 0.03811752  0.10338829  0.6973053   0.52001154  1.9079958   0.21524234
 -0.37652096 -0.08333842 -0.36696938 -1.5707695   0.2504229  -0.37409174
  0.3282923   0.39310938 -1.9410881   0.20942089]
[-0.02243072  0.15268895  0.59119     0.51698     1.9757054   0.21013589
 -0.4400106  -0.00777023 -0.1842381  -1.6139269   0.35361642 -0.31323513
  0.2624789   0.32944608 -2.084907    0.22345713]
[ 0.02496287  0.1310713   0.5702725   0.6050223   1.9796264   0.17695299
 -0.43229598 -0.0235849  -0.16234642 -1.5266786   0.36163133 -0.274297
  0.17273967  0.3624019  -2.2742496   0.25645322]
[ 0.14571507  0.03261463  0.5540027   0.7016385   1.987986    0.05168328
 -0.3066538  -0.09525688 -0.30981034 -1.4849341   0.4033092  -0.40503654
  0.20766577  0.48754916 -2.3350348   0.31173912]
[ 0.04518596  0.0718721   0.6025733   0.67754465  2.01457     0.04733795
 -0.3766536  -0.10715698 -0.35585785 -1.6292579   0.45895752 -0.44601947
  0.2832395   0.4156286  -2.1237102   0.37212133]
[-0.10666163  0.15479226  0.6782735   0.5263185   2.0315082   0.14404598
 -0.48604336 -0.10454998 -0.36612564 -1.7468907   0.482665   -0.44141483
  0.34123048  0.29714423 -1.7897266   0.33830348]
[-0.08790344  0.12380984  0.70052826  0.46085683  2.008226    0.17221251
 -0.52436143 -0.09524415 -0.31800708 -1.6956775   0.48371702 -0.4039302
  0.34800258  0.28060743 -1.772611    0.26928467]
[-0.03869718  0.11981323  0.66979825  0.44790465  2.0307877   0.158167
 -0.505355   -0.13447368 -0.30762917 -1.7026215   0.50313824 -0.45600444
  0.42769766  0.27111635 -1.8126787   0.27860624]
[ 4.5734644e-04  1.7022233e-01  6.6274679e-01  3.8447633e-01
  2.0469997e+00  1.4812249e-01 -4.9495143e-01 -1.3861468e-01
 -2.8917640e-01 -1.7290087e+00  5.0384760e-01 -4.7236800e-01
  4.0006551e-01  2.9558402e-01 -1.8292549e+00  2.9251406e-01]
[-0.05986683  0.22324209  0.63000745  0.40250263  2.0360525   0.20908599
 -0.5072608  -0.11481532 -0.21447448 -1.7225479   0.5061765  -0.42446488
  0.31312558  0.32726568 -1.9309738   0.27814266]
[-0.03345035  0.28792045  0.57736385  0.49721676  2.0742095   0.21748333
 -0.47845325 -0.1814399  -0.21115527 -1.721082    0.5782452  -0.3927805
  0.23199765  0.33147612 -2.117248    0.28961873]
[ 0.05202058  0.24678262  0.46918088  0.6727306   2.0416927   0.16088465
 -0.3650673  -0.27592117 -0.33551282 -1.6208645   0.6594121  -0.46891275
  0.1633971   0.49125323 -2.2925427   0.35066313]
[ 0.03518231  0.18319324  0.58435047  0.6738974   2.000228    0.1851315
 -0.44930106 -0.20973067 -0.36626863 -1.6483481   0.5607635  -0.45163172
  0.28077114  0.36931914 -2.1235454   0.32457083]
[ 0.06537174  0.08092086  0.5752696   0.7399515   1.9384296   0.07460815
 -0.33019966 -0.191092   -0.450173   -1.5883547   0.48739028 -0.5054648
  0.31464642  0.4602736  -2.1005695   0.37954164]
[ 0.13723522  0.04845432  0.69970244  0.61267257  1.8161223   0.05470089
 -0.19930394 -0.2171257  -0.582466   -1.5339539   0.4564561  -0.5399022
  0.31216037  0.5573476  -1.9106026   0.2351962 ]
[-0.03061222  0.01413801  0.7326674   0.42308283  1.9491802   0.17897645
 -0.46520394 -0.05538232 -0.3805318  -1.5676104   0.31727266 -0.41706863
  0.43881673  0.28707054 -1.6751888   0.19957449]
[-0.02521924  0.12471588  0.6996216   0.41493893  1.8790016   0.21476814
 -0.42036128 -0.09548363 -0.30001834 -1.6431382   0.35736746 -0.391793
  0.38818017  0.33569112 -1.7727525   0.18389943]
[-0.06043012  0.3008141   0.6903531   0.37861687  1.8404167   0.3321622
 -0.40111962 -0.12921111 -0.18365376 -1.7486643   0.43236995 -0.32313895
  0.23964064  0.31193897 -1.8744828   0.14306346]
[-0.07703309  0.40628523  0.59840465  0.37994516  1.9396966   0.28091547
 -0.4625934  -0.15402944 -0.09160157 -1.8238156   0.59603125 -0.3369184
  0.11435872  0.25276226 -1.973938    0.30474415]
[-0.09465092  0.3744162   0.5537406   0.45830163  2.0388844   0.26502723
 -0.5210583  -0.19646542 -0.16209558 -1.7982147   0.6518114  -0.3796001
  0.16139731  0.25271043 -2.0158997   0.36524835]
[-2.6016234e-04  2.3573351e-01  4.7028255e-01  6.2836683e-01
  2.0578635e+00  2.1742766e-01 -4.8096114e-01 -2.1533605e-01
 -2.7904877e-01 -1.6105335e+00  5.8887398e-01 -3.9927912e-01
  1.8394858e-01  3.6536545e-01 -2.1750021e+00  3.6418194e-01]
[ 0.04522469  0.10841505  0.58160126  0.6341264   1.9904569   0.20076251
 -0.4642283  -0.1758953  -0.37054244 -1.5797689   0.42570344 -0.41866094
  0.3083466   0.35707426 -2.076331    0.38597623]
[ 0.06515043  0.07468738  0.5897612   0.6483216   1.9563987   0.09017044
 -0.3760689  -0.13593248 -0.39812246 -1.6085253   0.3866164  -0.46530232
  0.3201253   0.36519855 -2.0451546   0.48889542]
[-0.0125187   0.10456762  0.59695804  0.5655807   1.967242    0.06774768
 -0.36497465 -0.12299609 -0.41943735 -1.6028494   0.45509163 -0.47605047
  0.25193435  0.4302598  -1.9310185   0.44612688]
[-0.04977952  0.0512846   0.5537261   0.49619547  2.046268    0.05176069
 -0.47692284 -0.03088775 -0.27052283 -1.5696425   0.45001993 -0.40774527
  0.28061643  0.30452216 -1.9161717   0.44225115]
[ 0.10405823  0.05938297  0.48612732  0.5861655   2.030084    0.00268725
 -0.32565972 -0.1202168  -0.3070564  -1.4796951   0.4681235  -0.43595624
  0.2244571   0.46076316 -2.1619298   0.3601314 ]
[ 0.06010946  0.17789283  0.51444346  0.55058086  2.0386102   0.08332532
 -0.3528942  -0.17912987 -0.3461526  -1.5932953   0.53074664 -0.4297181
  0.2242877   0.46306783 -2.0895152   0.29872057]
[-0.08389304  0.30845106  0.58905613  0.5297317   1.9915333   0.24890272
 -0.47725755 -0.14095363 -0.20953861 -1.7364734   0.51219577 -0.3370018
  0.20226844  0.38214898 -2.0579138   0.228894  ]
[-0.11937205  0.3619834   0.5097567   0.6031957   1.9811096   0.25250846
 -0.48309797 -0.14831226 -0.14199495 -1.7289051   0.5947033  -0.3017195
  0.09564184  0.37356034 -2.1915395   0.29305083]
[-0.0333221   0.21888418  0.5326155   0.6314067   2.0557568   0.19174597
 -0.50033224 -0.15543468 -0.22369611 -1.6564976   0.56864756 -0.36917543
  0.15226375  0.33138314 -2.148315    0.35493517]
[ 0.07782384  0.03669024  0.5093528   0.74722487  1.9744126   0.14749601
 -0.34935877 -0.15797274 -0.31607753 -1.4514525   0.42214274 -0.39024025
  0.17605777  0.46256772 -2.2626815   0.32227236]
[ 0.05801744 -0.03624025  0.64577967  0.59206235  1.9733527   0.2088025
 -0.4209858  -0.08616523 -0.38114244 -1.4780353   0.28335765 -0.36227158
  0.4006241   0.3048758  -1.9879757   0.23281841]
[-0.03629885 -0.06641102  0.71250945  0.46238908  2.0023081   0.21982642
 -0.44640365 -0.02259135 -0.45983306 -1.5336428   0.19642742 -0.3734126
  0.58443725  0.25825635 -1.7050364   0.15518747]
[-0.02423845  0.06189386  0.67140704  0.5248227   2.0132985   0.17549002
 -0.38111866 -0.06717006 -0.42615756 -1.6460034   0.2928541  -0.38026673
  0.49237853  0.30686846 -1.839503    0.17418702]
[-1.1768588e-01  2.1805108e-01  6.8928766e-01  4.9755138e-01
  1.9112504e+00  2.2794385e-01 -4.4203323e-01 -5.8086810e-04
 -2.9511070e-01 -1.7754062e+00  3.7008268e-01 -3.2178897e-01
  3.2609072e-01  3.2247204e-01 -1.8595158e+00  1.9939955e-01]
[-0.05815163  0.23765163  0.64877176  0.47684366  1.8573892   0.19644706
 -0.45475727  0.0324423  -0.17059377 -1.7480615   0.3975305  -0.2802452
  0.19531652  0.24842222 -1.956089    0.3300625 ]
[ 0.05097819  0.15305369  0.57760364  0.5429758   1.9243206   0.10741355
 -0.40459433 -0.03683148 -0.19801196 -1.5917437   0.46729174 -0.341436
  0.11708084  0.2961695  -2.0952759   0.38289553]
[ 0.1127694   0.06697579  0.565383    0.5711174   1.9216541   0.04380766
 -0.32331008 -0.04308815 -0.17934102 -1.4634483   0.43313962 -0.36480194
  0.1251945   0.38513252 -2.2247543   0.32175976]
[ 0.09085338  0.11973574  0.595987    0.5144761   2.0147552   0.05312115
 -0.3626103  -0.11223514 -0.20818003 -1.5681446   0.50701755 -0.4085074
  0.18737185  0.41912198 -2.1640525   0.26861775]
[-0.00277198  0.25961158  0.60302037  0.4845491   2.0534186   0.15017757
 -0.45006713 -0.17345282 -0.22806719 -1.7412459   0.60961175 -0.4182259
  0.2077599   0.38890576 -2.0719187   0.27778986]
[-0.11286695  0.37307727  0.6013576   0.43724212  2.0810504   0.22476749
 -0.60603666 -0.15331197 -0.16634259 -1.8660967   0.6749091  -0.3832733
  0.18260646  0.28839412 -1.9678364   0.3452095 ]
[-0.05469642  0.36399493  0.520628    0.5201383   2.089445    0.21042833
 -0.6016525  -0.15070921 -0.17691262 -1.7612903   0.69135064 -0.35282278
  0.0803289   0.3047336  -2.097355    0.36703902]
[ 0.03897665  0.21482821  0.5035316   0.57363105  2.122506    0.12109564
 -0.5555423  -0.13073647 -0.25444466 -1.6259611   0.6328944  -0.41474715
  0.17745368  0.31215936 -2.107579    0.34256086]
[ 0.05087814  0.01744611  0.5833899   0.6013396   2.1312785   0.08078813
 -0.50287426 -0.08954489 -0.34428534 -1.541826    0.45038533 -0.45273238
  0.3686009   0.34412745 -2.0115783   0.2627253 ]
[ 0.05524087 -0.08287925  0.6810072   0.5509218   2.159474    0.07038148
 -0.4096001  -0.14403903 -0.51037    -1.5536213   0.38863543 -0.5393594
  0.5212434   0.42417616 -1.8420721   0.17676762]
[ 0.0963362   0.01471244  0.7592891   0.3438623   2.0595317   0.11357365
 -0.401968   -0.02067811 -0.40621954 -1.64726     0.35544977 -0.4430379
  0.47521535  0.32530874 -1.818828    0.13992138]
[ 0.05359333  0.10640442  0.79735917  0.30131903  1.9299419   0.26307768
 -0.4399671   0.07567467 -0.19799401 -1.7097181   0.26911366 -0.28541753
  0.44532213  0.15717113 -1.8675785   0.04439383]
[ 0.03227035  0.13639113  0.6995531   0.3735946   2.0216396   0.20646267
 -0.44845638  0.0421898  -0.2102774  -1.6727053   0.35473004 -0.2989673
  0.37530375  0.1851019  -1.9394903   0.08687896]
[ 0.01484002  0.07309134  0.6881731   0.36087608  2.0975952   0.13643546
 -0.48006505  0.04465852 -0.2533501  -1.6446393   0.3949757  -0.35550657
  0.44241172  0.19921538 -1.8768406   0.10209789]
[ 0.04471754  0.02295711  0.6482763   0.42991692  2.092607    0.05845403
 -0.3962018   0.00963273 -0.3363338  -1.6363598   0.3809971  -0.4372788
  0.49743718  0.27424353 -1.8895485   0.18331113]
[ 6.3830599e-02  2.6446724e-02  7.0585442e-01  3.6040500e-01
  2.1008236e+00  8.7186053e-02 -4.2234349e-01  1.2460828e-03
 -3.7977675e-01 -1.6363446e+00  3.7029755e-01 -4.4320470e-01
  4.4431466e-01  2.9757184e-01 -1.8054365e+00  1.7666861e-01]
[ 0.11655231  0.02094223  0.7836917   0.37238872  1.9137834   0.21576574
 -0.33404768  0.05170417 -0.296016   -1.5792888   0.23995833 -0.33514434
  0.3855559   0.28107703 -1.9113239   0.01555377]
[ 0.13411516  0.14009497  0.7395705   0.33490524  1.8569742   0.18218042
 -0.32180274  0.03812665 -0.20545971 -1.6445879   0.35799342 -0.3139743
  0.31149587  0.25128767 -2.0028014   0.08421247]
[ 0.078503    0.18203609  0.7768218   0.25407892  1.891917    0.24892351
 -0.44383615  0.06344902 -0.16958189 -1.7038481   0.32927138 -0.28814068
  0.35083932  0.16284545 -1.8572738   0.06843349]
[ 0.01716919  0.14036193  0.72439176  0.29211873  2.0177824   0.15774995
 -0.48555344  0.06769119 -0.20236807 -1.7633066   0.41567677 -0.35768777
  0.43596157  0.19478384 -1.8106174   0.1008067 ]
[ 0.04623844  0.15740421  0.64729005  0.36972255  2.0563133   0.07623364
 -0.43351632  0.01377796 -0.23273936 -1.7496712   0.49801582 -0.40539345
  0.4165431   0.24172843 -1.9477962   0.19221494]
[-0.00752181  0.17339289  0.6299815   0.41495246  2.091666    0.05835117
 -0.484085   -0.01127431 -0.25704563 -1.7689486   0.5479116  -0.4151792
  0.34392375  0.28670266 -1.936243    0.28275287]
[-0.06983612  0.13747063  0.63847     0.5242244   2.0255566   0.11682997
 -0.46677414 -0.00987104 -0.24805875 -1.7218037   0.4607467  -0.3418339
  0.326469    0.29796925 -1.9587758   0.23707655]
[-0.03810123  0.16836798  0.56387216  0.6438583   1.9637445   0.03505459
 -0.34288114 -0.08255398 -0.2827508  -1.7105896   0.56746185 -0.39613086
  0.20668888  0.42350632 -2.102589    0.33210418]
[-0.07839539  0.2330627   0.6919481   0.4095745   1.9947102   0.11769994
 -0.5076777  -0.08713015 -0.28795034 -1.8466609   0.5825179  -0.43669957
  0.28685108  0.25472784 -1.7465522   0.3736782 ]
[-0.12532775  0.21405475  0.6634054   0.3940754   1.9813597   0.1998318
 -0.532156   -0.05819405 -0.21443734 -1.75828     0.49930882 -0.36820427
  0.30625325  0.26700157 -1.7595291   0.24170461]
[-0.0996766   0.21958259  0.6608397   0.42582718  1.9514196   0.23946276
 -0.48934212 -0.08812965 -0.17213157 -1.716016    0.4735     -0.34046867
  0.30169967  0.32172945 -1.9011242   0.16006532]
[-0.06306957  0.25903025  0.62376904  0.4165546   2.0016944   0.17502499
 -0.4822495  -0.08833673 -0.1815767  -1.7943535   0.55525887 -0.37415606
  0.2867442   0.3522968  -1.9789686   0.2412693 ]
[-0.09905144  0.32923788  0.56900245  0.50296485  1.9566231   0.23671916
 -0.4848136  -0.07831399 -0.07551499 -1.7780135   0.5178777  -0.27978745
  0.14914349  0.34234777 -2.1312308   0.27356583]
[-0.05598212  0.33025116  0.4761188   0.63780874  2.0022733   0.22260559
 -0.4655568  -0.14480312 -0.1164801  -1.678011    0.57560194 -0.30883345
  0.01709249  0.3851221  -2.276725    0.35183963]
[ 0.07158919  0.20316532  0.45156232  0.7051648   2.022407    0.15290277
 -0.4055665  -0.16390082 -0.20519407 -1.5534899   0.5641796  -0.37313873
  0.09244581  0.38361087 -2.3196647   0.32308674]
[ 0.11880807  0.0255264   0.5323606   0.71205336  1.9783332   0.13529937
 -0.34385186 -0.12069708 -0.28497875 -1.428926    0.42085418 -0.3947686
  0.24950767  0.43175    -2.2717814   0.18374631]
[ 0.07338677 -0.03858086  0.7000966   0.5162965   2.0169315   0.16427954
 -0.4242848  -0.03308507 -0.33787233 -1.5164567   0.3114395  -0.39324385
  0.46006837  0.33342576 -1.9834934   0.09291917]
[ 0.0158842  -0.04279517  0.83706075  0.4248723   1.9760348   0.22422627
 -0.39311045 -0.00803849 -0.41805404 -1.5654788   0.2090431  -0.40575427
  0.5378555   0.34592342 -1.7880694  -0.00873894]
[ 0.0112489   0.12065013  0.799625    0.3745128   1.8950132   0.25816455
 -0.39261985  0.0354735  -0.26784867 -1.7399778   0.28441274 -0.30722013
  0.45467097  0.23359919 -1.8552825   0.03818122]
[-6.0498606e-02  1.9219331e-01  7.3570931e-01  4.2244673e-01
  1.9078515e+00  2.5120130e-01 -4.2452389e-01 -1.6939043e-04
 -2.2299473e-01 -1.7572773e+00  3.9961237e-01 -3.0240986e-01
  3.4035304e-01  2.3265103e-01 -1.8924907e+00  1.2315086e-01]
[-0.0526421   0.18204474  0.74092686  0.38729522  1.8970379   0.21064965
 -0.46386558  0.02293732 -0.19637811 -1.7549613   0.4055497  -0.30333757
  0.32520494  0.17411569 -1.8489664   0.22224145]
[-0.00266967  0.08995397  0.6780585   0.47460693  1.9734348   0.11590812
 -0.40491766 -0.04196572 -0.30782384 -1.690926    0.42360306 -0.41070232
  0.38094726  0.2825551  -1.8558792   0.24446246]
[-0.06629904  0.12102803  0.69721365  0.39529735  1.9643475   0.15627344
 -0.43281966 -0.05674179 -0.3222875  -1.7163826   0.3957696  -0.4276611
  0.4182194   0.29358116 -1.7302729   0.26243955]
[-0.0224586   0.16378853  0.7114824   0.40038007  1.8629017   0.2571574
 -0.3652896  -0.04207814 -0.22399072 -1.6201302   0.30877408 -0.31682116
  0.26024407  0.3326251  -1.8906962   0.13196339]
[ 0.00243915  0.2589944   0.6667087   0.3564441   1.8297638   0.26823634
 -0.37084395 -0.01404678 -0.09657513 -1.6861427   0.38491705 -0.26423866
  0.18093051  0.2864329  -2.0435956   0.18860771]
[-0.03998956  0.31796136  0.5789669   0.429123    1.9422233   0.20635673
 -0.43398696 -0.05643745 -0.11538355 -1.7301395   0.49906436 -0.3049441
  0.15138844  0.28266677 -2.1006043   0.3261699 ]
[-0.06450521  0.2949929   0.48807058  0.5365807   2.0620542   0.16137077
 -0.47627226 -0.121035   -0.1931914  -1.6892704   0.59816587 -0.33912373
  0.14797646  0.34910384 -2.154101    0.35130006]
[ 0.02809924  0.27576074  0.46956214  0.577829    2.0031972   0.06377272
 -0.39872247 -0.14256002 -0.2556905  -1.676357    0.6332046  -0.38711435
  0.11756063  0.43453842 -2.1946065   0.40447435]
[-0.04943837  0.165767    0.56930447  0.6181048   2.0356297   0.08460496
 -0.46794623 -0.09113433 -0.29061761 -1.7149866   0.5166234  -0.41248202
  0.25635085  0.33962116 -2.0169995   0.41139054]
[-0.07343786  0.13375512  0.6077405   0.61277384  2.0111132   0.10387205
 -0.4671318  -0.10874416 -0.32687122 -1.6692127   0.5128716  -0.4491559
  0.25386012  0.35611996 -1.9355453   0.3910067 ]
[-0.04749513  0.12193413  0.60804737  0.4367643   1.9993378   0.12062176
 -0.48365402  0.00828951 -0.20491037 -1.5936811   0.4346718  -0.352909
  0.23186192  0.25931194 -1.8867916   0.3001952 ]
[ 0.09612982  0.1476849   0.56367666  0.4896949   1.9901603   0.0589442
 -0.34976536 -0.07241221 -0.2110858  -1.5552514   0.48888335 -0.36867538
  0.16227598  0.37072808 -2.1217263   0.2592414 ]
[ 0.09660977  0.24810588  0.553469    0.45351642  2.0130875   0.10002317
 -0.35518947 -0.15309875 -0.25516135 -1.6490297   0.5968434  -0.4055423
  0.14701301  0.40743455 -2.0945938   0.24522272]
[-0.04356464  0.34222317  0.6191541   0.4092319   1.9828447   0.24037075
 -0.4795865  -0.13403967 -0.14186272 -1.7851912   0.5892409  -0.35089546
  0.19336733  0.30469057 -2.039308    0.24243271]
[-0.06814153  0.3554508   0.5629961   0.5108261   2.0484548   0.22067675
 -0.4878301  -0.18657106 -0.1886165  -1.7879353   0.66682774 -0.37727726
  0.13772188  0.32890317 -2.1212556   0.33657616]
[ 0.01402288  0.23541787  0.5355233   0.59958994  2.0517044   0.15916304
 -0.44644707 -0.19506124 -0.2803479  -1.6936913   0.61918014 -0.4140727
  0.15927842  0.32583123 -2.1424859   0.42470938]
[ 0.07094098  0.10638211  0.58099806  0.6373068   2.0081177   0.16731176
 -0.45131168 -0.1744553  -0.35575587 -1.5587314   0.47724152 -0.42915505
  0.23366542  0.291689   -2.070758    0.4188754 ]
[ 0.12471209 -0.0236265   0.6036073   0.61013114  2.000569    0.09719129
 -0.379255   -0.16065376 -0.45834842 -1.48847     0.3793388  -0.485063
  0.37643844  0.31510258 -1.9631584   0.40395468]
[ 0.07127304 -0.09933868  0.62485904  0.51124597  2.0309944   0.03225124
 -0.3517633  -0.13092928 -0.5513059  -1.4647909   0.31882328 -0.53239983
  0.5053728   0.3753124  -1.7509943   0.36512303]
[ 0.07165206 -0.0078007   0.6104919   0.45214748  2.0667343   0.01364855
 -0.3597566  -0.12355278 -0.48678643 -1.5509908   0.35089448 -0.51372224
  0.42496657  0.4022295  -1.8045717   0.41114745]
[ 0.0087785   0.10806696  0.672826    0.44080395  1.9349597   0.18556695
 -0.37539095 -0.06969972 -0.32295197 -1.612821    0.30754504 -0.3765184
  0.29753053  0.3761874  -1.9234428   0.3012918 ]
[ 0.01346496  0.17829783  0.56071335  0.48520556  1.9843829   0.17043838
 -0.41949248 -0.05475619 -0.2127738  -1.6459761   0.42476353 -0.32920265
  0.19700196  0.31985933 -2.0925825   0.37396857]
[ 1.90031526e-04  1.92457050e-01  4.21539396e-01  6.12774491e-01
  2.03382730e+00  1.13170102e-01 -3.98043692e-01 -1.17370114e-01
 -2.49674112e-01 -1.56866062e+00  5.25068998e-01 -3.46238673e-01
  1.35330290e-01  3.96966308e-01 -2.24311399e+00  4.46060658e-01]
[ 0.07514419  0.14460194  0.39946002  0.6344104   2.0489755   0.01286769
 -0.3258582  -0.17866251 -0.36082622 -1.5656874   0.54381484 -0.44753247
  0.20985098  0.4803413  -2.209037    0.49438986]
[ 0.08536125  0.06858046  0.47256026  0.6979542   2.0212746   0.01309381
 -0.2795691  -0.17496412 -0.44269896 -1.5172179   0.44137397 -0.49819747
  0.26601797  0.49601546 -2.130093    0.43578798]
[ 0.08337156  0.08853278  0.51475257  0.5578605   2.0470457  -0.00423923
 -0.27805048 -0.18726596 -0.5305031  -1.5705824   0.5005796  -0.5736367
  0.31261674  0.5092131  -1.9213645   0.40762743]
[-6.95490860e-04  3.43974009e-02  6.51437104e-01  4.59422261e-01
  1.90771997e+00  1.84154630e-01 -3.55791390e-01  1.43545745e-02
 -2.72809297e-01 -1.47260237e+00  2.58690536e-01 -3.31569493e-01
  2.92692602e-01  3.60388279e-01 -1.95986712e+00  1.77692965e-01]
[ 0.04957213  0.08380441  0.6185092   0.48318306  1.8848292   0.16214511
 -0.33991733  0.01009676 -0.20416793 -1.4860636   0.27660102 -0.27585414
  0.24002893  0.37502855 -2.109518    0.17869952]
[ 0.07207088  0.16388547  0.57473886  0.46016568  1.9195778   0.11157455
 -0.3007768  -0.03421853 -0.2073267  -1.6019316   0.42327318 -0.33260757
  0.21383853  0.42929402 -2.1720994   0.22807936]
[-0.01523609  0.23184171  0.59526926  0.44998232  1.9536244   0.18300407
 -0.4234249   0.01371045 -0.1410617  -1.7119007   0.421789   -0.2760357
  0.23336534  0.26964402 -2.084807    0.2498211 ]
[-0.03628258  0.19345984  0.5172898   0.5302912   2.0453434   0.10301256
 -0.43855387 -0.03004059 -0.18769169 -1.6600033   0.50051314 -0.3133617
  0.22728011  0.281526   -2.1249404   0.3433403 ]
[ 0.05012771  0.12493527  0.453029    0.6076997   2.017674    0.00662222
 -0.328478   -0.11657419 -0.31554028 -1.5724046   0.5478177  -0.4126482
  0.20820618  0.45500702 -2.192593    0.41934547]
[ 0.02408618  0.01646061  0.5747204   0.58189476  2.0432968   0.05050922
 -0.34701577 -0.11408363 -0.40422955 -1.541568    0.41672546 -0.4598586
  0.35950604  0.40432042 -1.9950699   0.34131536]
[-0.00680186  0.02226701  0.64015627  0.45958257  2.0789084   0.08088406
 -0.39894018 -0.11495428 -0.47091085 -1.6116874   0.38949877 -0.49655566
  0.4317197   0.38416547 -1.7639652   0.33023116]
[-0.06571884  0.0700904   0.6978635   0.45711368  1.8741611   0.27994114
 -0.36025685 -0.0357842  -0.29961312 -1.5760168   0.20844734 -0.3085239
  0.3638893   0.34323862 -1.8480682   0.14794679]
[-3.2223355e-02  1.3195011e-01  6.6548622e-01  4.2316103e-01
  1.8715603e+00  2.8587025e-01 -3.5924563e-01 -1.5728623e-03
 -1.9039534e-01 -1.5896702e+00  2.3400386e-01 -2.5609559e-01
  2.8605026e-01  2.6220772e-01 -1.9726696e+00  1.9086573e-01]
[ 0.00795202  0.12360136  0.59109396  0.49815312  1.9378649   0.18702103
 -0.33253318 -0.0181904  -0.20985556 -1.604158    0.29920188 -0.30133647
  0.26529652  0.31943518 -2.0799422   0.26728553]
[-0.0434378   0.1137832   0.54947037  0.5294288   1.9466703   0.22254422
 -0.37031275  0.02608193 -0.18795131 -1.5963304   0.27408445 -0.28276548
  0.25477767  0.29460847 -2.0779238   0.2996958 ]
[ 0.02484156  0.03212613  0.4811994   0.6761581   1.9731598   0.13642511
 -0.31124976 -0.04121623 -0.28690177 -1.4514996   0.2953456  -0.3248946
  0.19410002  0.40223867 -2.2210674   0.37388796]
[ 0.13432197  0.01446471  0.46677464  0.67675704  1.932937    0.05308241
 -0.21957521 -0.06046962 -0.31612548 -1.4223912   0.3220008  -0.36493874
  0.2087425   0.47075328 -2.2828455   0.33709878]
[ 0.06991     0.01434673  0.5262927   0.54247606  1.9771427   0.06646206
 -0.2882882  -0.00403703 -0.30004567 -1.505832    0.33372706 -0.3646857
  0.30551162  0.3812521  -2.124865    0.32091245]
[ 0.01518105  0.04894586  0.5669431   0.5323525   1.9712379   0.12183652
 -0.32243818  0.00474758 -0.29783207 -1.5131605   0.2993072  -0.32873186
  0.28818855  0.39518028 -2.0452762   0.21239868]
[ 0.04629556  0.08945008  0.49649167  0.53563553  1.9923127   0.04239001
 -0.29904836  0.00556131 -0.22808857 -1.5604805   0.37771696 -0.33593783
  0.24084802  0.36499193 -2.1268337   0.31019142]
[ 0.03485404  0.1739572   0.48241657  0.58122504  1.9288803   0.05740822
 -0.26743037 -0.04018859 -0.21302411 -1.5941454   0.43716487 -0.3461309
  0.16955718  0.43391514 -2.2184112   0.33169222]
[-0.02777126  0.13405252  0.4769725   0.52469915  1.9664755   0.08066245
 -0.32142523  0.02371472 -0.18002702 -1.6247877   0.45525447 -0.32803273
  0.20550439  0.40795317 -2.130439    0.2870391 ]
[-0.06842412  0.14251648  0.5711409   0.5094468   1.9111618   0.19281852
 -0.3778196   0.04985059 -0.10563917 -1.5986918   0.3545896  -0.2379088
  0.18972409  0.31678653 -2.1236656   0.2218821 ]
[ 0.0707351   0.15387514  0.49056762  0.62544006  1.9258531   0.10490396
 -0.26527435 -0.06293234 -0.16956685 -1.5081218   0.43348193 -0.3096777
  0.07671483  0.44586673 -2.3119662   0.24783702]
[ 0.03474459  0.25939953  0.5355306   0.5426084   1.9117682   0.12982419
 -0.28859395 -0.09047214 -0.1827036  -1.6243334   0.4928155  -0.3348768
  0.10859375  0.37826973 -2.1717114   0.24867523]
[-0.08218914  0.22082081  0.60410607  0.35913295  2.0030599   0.18066028
 -0.44188923  0.01963471 -0.14394228 -1.7539301   0.44542298 -0.33818966
  0.28755572  0.25651652 -1.8825655   0.21659999]
[-0.04912245  0.16085175  0.569163    0.4338469   1.9825741   0.20290005
 -0.39251846  0.03914881 -0.1171759  -1.6224505   0.3774093  -0.27867627
  0.22766487  0.27132657 -2.0481288   0.1914063 ]
[ 0.05653769  0.0675558   0.5388405   0.54573643  2.0505843   0.12496833
 -0.3154189  -0.0353306  -0.2424285  -1.5470889   0.37818056 -0.35472205
  0.23517069  0.34651637 -2.1444798   0.24372998]
[ 0.13965018  0.10451305  0.5240453   0.5806471   1.9352548   0.12503389
 -0.21598175 -0.06741496 -0.23887298 -1.46912     0.3933473  -0.34002277
  0.15027927  0.42705846 -2.3239884   0.2212785 ]
[ 0.04203741  0.12082608  0.6107258   0.47668618  1.9831164   0.18046525
 -0.34199148 -0.004725   -0.2518456  -1.5639993   0.37952608 -0.31625906
  0.27659923  0.2895691  -2.1105685   0.17505649]
[ 0.0038618   0.11316051  0.5999516   0.39090744  2.0581524   0.14168678
 -0.41558605  0.01652838 -0.2720252  -1.6233552   0.39500612 -0.31615427
  0.39522523  0.22317235 -1.9449326   0.18154548]
[ 0.04976447  0.07313558  0.5116871   0.4744462   2.0977378   0.02959473
 -0.33865333 -0.03533735 -0.3463932  -1.5720215   0.4746322  -0.39958638
  0.3648502   0.37867004 -2.0489028   0.23394144]
[ 0.01180258  0.05695955  0.62347275  0.37454423  2.1269786   0.05702696
 -0.44022864  0.01475303 -0.36078614 -1.6577847   0.43286276 -0.4240674
  0.4687075   0.3034532  -1.8601204   0.2206759 ]
[ 0.05686847  0.06821595  0.549193    0.4911797   1.9894936   0.08876839
 -0.29697376  0.00258884 -0.3057562  -1.5651294   0.3937073  -0.32769567
  0.32232985  0.38983208 -2.064961    0.15356179]
[-0.03849063  0.07329239  0.68350774  0.37930208  1.9512533   0.22342332
 -0.42726508  0.09584051 -0.18356732 -1.5955627   0.27005634 -0.2383751
  0.39203787  0.22810344 -1.9188917   0.0484568 ]
[ 0.0360563   0.02432883  0.643713    0.42991266  2.0054114   0.11684473
 -0.3519094   0.0427643  -0.26238117 -1.5620844   0.33196756 -0.31405392
  0.384041    0.29166648 -1.9606787   0.08763888]
[ 0.02919366  0.05503426  0.6994995   0.39723343  1.9201301   0.20296463
 -0.3289711   0.03408954 -0.24962106 -1.5605452   0.27249444 -0.2897753
  0.37452534  0.2997569  -1.9452336   0.03140802]
[-0.02479122  0.02419896  0.7661336   0.33641523  1.88125     0.31108516
 -0.38413012  0.09073491 -0.23392633 -1.5723624   0.17781726 -0.2492033
  0.45765203  0.25413984 -1.8193614  -0.07585818]
[-0.01910858  0.06592847  0.8084053   0.3254171   1.8859329   0.33058006
 -0.4019878   0.07795135 -0.21473916 -1.6184456   0.19488469 -0.23370941
  0.4610216   0.19761974 -1.8545688  -0.06597958]
[ 0.03678526  0.0945235   0.7416213   0.446361    1.8563864   0.25559148
 -0.32236996  0.02106002 -0.25534028 -1.6210496   0.25618184 -0.25991225
  0.3807432   0.27175698 -2.011533    0.05078823]
[-0.02687952  0.12523815  0.7691232   0.38269147  1.8111019   0.29153204
 -0.4332121   0.08768755 -0.19981769 -1.7023156   0.23841198 -0.2215189
  0.3705793   0.17331609 -1.8599743   0.14004959]
[-0.01017619  0.04497994  0.73953867  0.4115387   1.9025929   0.2200216
 -0.44247285  0.05193704 -0.24774805 -1.6284466   0.28780887 -0.26821336
  0.36684245  0.2021321  -1.8803899   0.19603387]
[ 0.01966525 -0.01051511  0.6394645   0.5105505   1.9303081   0.11225281
 -0.3659479  -0.00577807 -0.30298123 -1.5446436   0.3229315  -0.34268636
  0.34825692  0.31882834 -1.9731205   0.29192895]
[-0.05314215  0.02193059  0.6090091   0.4743498   1.9912964   0.12757254
 -0.4353509  -0.02144531 -0.3116321  -1.6290739   0.3161698  -0.3621243
  0.42209786  0.30900863 -1.8192205   0.3135041 ]
[-0.01250778  0.08236767  0.60323393  0.55577564  1.9592667   0.15946467
 -0.3907202  -0.06345947 -0.2863094  -1.6134074   0.30607703 -0.3379516
  0.31403264  0.3500977  -1.9553769   0.28176633]
[-0.05906568  0.20372315  0.5498565   0.57226574  1.9535058   0.17293973
 -0.41578713 -0.04470489 -0.18001634 -1.7003227   0.38140148 -0.30079347
  0.2556141   0.33811396 -2.0401661   0.26587108]
[-0.18323538  0.26120168  0.49667072  0.5503756   1.9891822   0.23456506
 -0.5128485   0.01572964 -0.07174172 -1.7031425   0.4187935  -0.23296149
  0.21898878  0.29361415 -2.052612    0.22900479]
[-0.11308108  0.19965568  0.50111264  0.6782426   1.9816253   0.19425333
 -0.47351456 -0.03150941 -0.14524528 -1.5835052   0.41840857 -0.26322794
  0.12607288  0.43125367 -2.2564933   0.28607568]
[ 0.03220295  0.12932679  0.4823285   0.78008467  1.8802954   0.10667758
 -0.29125518 -0.08891382 -0.22936077 -1.510596    0.41219538 -0.33070117
  0.07942618  0.5492802  -2.3952992   0.3439465 ]
[ 0.03823027  0.10650134  0.55752385  0.69946265  1.8922195   0.1309789
 -0.31067908 -0.07488365 -0.23258364 -1.523406    0.39678562 -0.33042988
  0.09201475  0.43973294 -2.2670827   0.3349635 ]
[-0.07205079  0.14135768  0.68910265  0.43810233  1.9655119   0.22865841
 -0.47818765 -0.03322368 -0.2187504  -1.6697509   0.39346713 -0.30316895
  0.24340911  0.26832643 -1.890003    0.24653521]
[-0.01569502  0.12456848  0.565883    0.5192466   2.0018835   0.12016602
 -0.39036977 -0.09377912 -0.23469634 -1.6111147   0.4685839  -0.34208658
  0.23896115  0.35733777 -2.0438867   0.28433856]
[-0.04947453  0.17467621  0.5954853   0.49991465  2.0544286   0.17628755
 -0.45403808 -0.1339697  -0.2556396  -1.6960291   0.46259254 -0.36723986
  0.33210105  0.3274441  -1.9518188   0.23535457]
[-0.103983    0.25645182  0.5665602   0.49858913  2.1060996   0.16782042
 -0.5194648  -0.14447762 -0.29073513 -1.8045124   0.53619707 -0.42120114
  0.36295432  0.32500032 -1.885842    0.30449945]
[-0.15702665  0.22354817  0.55345714  0.50204504  2.0741143   0.24641976
 -0.5780651  -0.00931542 -0.1556859  -1.7621748   0.42395607 -0.27798373
  0.28728184  0.26040286 -1.9472824   0.2690981 ]
[-0.07115251  0.14038944  0.51477605  0.60665274  2.0595112   0.18513593
 -0.52642524 -0.02362012 -0.21001935 -1.5805047   0.41006193 -0.29902193
  0.16909182  0.3249086  -2.1309848   0.38466865]
[ 0.16155657 -0.00928671  0.46201316  0.7415432   1.9602077   0.06262262
 -0.2843301  -0.0803429  -0.2816347  -1.3682736   0.37277958 -0.3754477
  0.11609901  0.4933454  -2.383728    0.36197338]
[ 0.19720213 -0.03327504  0.54192793  0.6717783   1.9451361   0.05959623
 -0.26564994 -0.08708636 -0.33127245 -1.354311    0.33457893 -0.4037686
  0.20491198  0.4322261  -2.263835    0.29944512]
[ 0.17842706 -0.00789002  0.60068953  0.4854946   2.023371    0.00925098
 -0.30374837 -0.07637794 -0.375641   -1.4661862   0.40728003 -0.43787974
  0.3092045   0.38986427 -2.0242028   0.23545584]
[ 0.08344534  0.06865652  0.7469231   0.33932406  1.9761661   0.15384407
 -0.4233497  -0.0111172  -0.27182    -1.6056812   0.3306833  -0.37654993
  0.41796428  0.25347573 -1.8939323   0.1578575 ]
[ 0.06562249  0.13945651  0.6668627   0.3879363   2.0523171   0.12536909
 -0.4417823  -0.05340602 -0.2922362  -1.6750015   0.4395501  -0.41320428
  0.3853044   0.3049461  -1.9612825   0.21755369]
[-0.04024383  0.1759698   0.64647514  0.44583187  2.0693192   0.20250478
 -0.51786315 -0.04478779 -0.26161134 -1.6951835   0.48996338 -0.35348693
  0.37523648  0.2980279  -1.9865735   0.14085855]
[-0.00745961  0.16303656  0.6521821   0.51869476  2.0860972   0.15351793
 -0.49522486 -0.08241172 -0.27467176 -1.6483986   0.5314429  -0.36051512
  0.30402353  0.31250897 -2.113168    0.20420408]
[ 0.01508579  0.08288909  0.63573945  0.5566052   2.1580048   0.06896682
 -0.4618578  -0.12345971 -0.38003123 -1.6443651   0.5337384  -0.46090674
  0.37978762  0.31315017 -1.9652784   0.23846932]
[-0.03267925  0.05747556  0.70431745  0.49048012  2.1371498   0.12035283
 -0.49543732 -0.14009634 -0.46203083 -1.6704537   0.53020906 -0.5416163
  0.46293274  0.30937928 -1.7327299   0.20969212]
[-0.02234826  0.03323249  0.8036275   0.2862966   2.084746    0.17098053
 -0.49377862 -0.06353489 -0.4290932  -1.690665    0.3914018  -0.49120754
  0.5693063   0.24235635 -1.5415192   0.0963231 ]
[ 0.00282806  0.05480181  0.82524383  0.2383695   2.010178    0.19044454
 -0.47491175 -0.04836814 -0.40339097 -1.6902943   0.36765304 -0.44347864
  0.5536828   0.29141065 -1.5947144   0.06515825]
[-0.06834169  0.12766461  0.8756145   0.19080421  1.849478    0.3400702
 -0.49531788  0.06379771 -0.24394298 -1.7692238   0.24829444 -0.30471095
  0.57061374  0.22574866 -1.6133353  -0.05535681]
[-0.02301813  0.1670733   0.77783346  0.3176132   1.8690121   0.29186267
 -0.45487747  0.05502024 -0.19822527 -1.7573702   0.31016427 -0.27434078
  0.46970382  0.22542997 -1.8475329   0.01381847]
[-0.09145223  0.21365042  0.6869661   0.43274015  1.9493119   0.20672818
 -0.5018659   0.03324138 -0.15154204 -1.7697465   0.41603917 -0.28201896
  0.35478643  0.1993295  -1.9307888   0.18172784]
[-0.15040198  0.13971213  0.69599944  0.49640408  1.9995238   0.13495795
 -0.55881405  0.02208828 -0.20352915 -1.7279541   0.4414546  -0.30261427
  0.37146172  0.22310531 -1.8794403   0.24586757]
[-0.09776207  0.01935869  0.63499314  0.68189096  1.9441242   0.03658279
 -0.37929192 -0.08291152 -0.362006   -1.6179069   0.43912572 -0.41980857
  0.36670947  0.43618387 -1.9669358   0.31606454]
[-0.17065993  0.02975686  0.71291816  0.5051648   1.9564526   0.1347959
 -0.4802119  -0.07610555 -0.36686695 -1.7184674   0.41634196 -0.4503042
  0.42925128  0.3605557  -1.6344182   0.30344978]
[-0.1705614   0.12448286  0.709782    0.45879298  1.7607734   0.2575524
 -0.41867208 -0.01986471 -0.22582152 -1.7082962   0.29426557 -0.31469297
  0.34546238  0.3665461  -1.722264    0.2135056 ]
[-0.23526391  0.2531126   0.66506433  0.4321329   1.7678912   0.33907896
 -0.4996272  -0.00586445 -0.06066101 -1.7960377   0.32870325 -0.22155567
  0.24565725  0.32359806 -1.7680538   0.18391922]
[-0.17441759  0.35641992  0.5408745   0.5134741   1.784326    0.3349998
 -0.4514873  -0.04954739  0.01525359 -1.7496281   0.4317112  -0.16577134
  0.07429703  0.34403867 -2.0693257   0.21603422]
[-0.24189654  0.43157902  0.43493527  0.5686362   1.9013592   0.3192975
 -0.51548123 -0.0806518   0.05592035 -1.7501945   0.52917385 -0.18799603
  0.05167026  0.3049417  -2.1592832   0.29197404]
[-0.2023037   0.3649129   0.38362992  0.7217175   1.9264157   0.27838165
 -0.4784836  -0.11813526 -0.05394543 -1.6192577   0.51998097 -0.2218417
  0.01431039  0.4418188  -2.3328257   0.3286946 ]
[-0.03406724  0.21946856  0.37656623  0.85011643  1.8673418   0.21031868
 -0.3047045  -0.18105936 -0.23339863 -1.4901073   0.4824873  -0.3229476
 -0.01093495  0.6207305  -2.44562     0.34680688]
[-0.02782729  0.1855057   0.5528518   0.6562364   1.841645    0.27401567
 -0.39344892 -0.08857502 -0.18480363 -1.5324973   0.38880652 -0.271561
  0.09246237  0.43019906 -2.2494493   0.2749903 ]
[-0.02977496  0.12368164  0.62177515  0.61644095  1.7682225   0.30008858
 -0.3470144  -0.02453595 -0.17797902 -1.4373231   0.26117796 -0.22421268
  0.14281134  0.4034976  -2.218048    0.16622901]
[-0.04556291  0.10128198  0.6931243   0.42281547  1.890873    0.2341773
 -0.43571132  0.02368053 -0.18429409 -1.5716015   0.2838145  -0.2590569
  0.34023303  0.24064119 -1.9486325   0.16054374]
[ 0.06884789  0.11702184  0.63827693  0.52926     1.9381707   0.11932751
 -0.33797243 -0.06327438 -0.24730726 -1.5729316   0.36242324 -0.34764284
  0.2681989   0.36552972 -2.0969586   0.20646188]
[ 0.03313673  0.20469424  0.6638521   0.42897606  1.9483573   0.15363273
 -0.39623284 -0.03802673 -0.20948346 -1.7094727   0.40512687 -0.36697108
  0.29980457  0.29532996 -1.9746478   0.21146092]
[-0.07339124  0.24595094  0.62898266  0.4414517   1.9890426   0.22357294
 -0.46776104 -0.0367176  -0.1650075  -1.7068218   0.4599963  -0.34770676
  0.25359967  0.29023802 -1.9958967   0.20947167]
[-0.06244202  0.20342019  0.63730747  0.5166607   2.0272644   0.20506378
 -0.49953538 -0.06274986 -0.1780113  -1.6528909   0.4765951  -0.31860298
  0.20709571  0.3375842  -2.1177056   0.22783585]
[ 0.07182894  0.13558759  0.5921826   0.62389743  1.967619    0.09425493
 -0.35329777 -0.1134874  -0.2766188  -1.5971375   0.48698634 -0.38914475
  0.1773849   0.4385026  -2.2371716   0.3267378 ]
[-0.00708751  0.20776686  0.6410745   0.58033735  1.9757239   0.10449928
 -0.4430007  -0.12416325 -0.30328822 -1.7551692   0.54052997 -0.41736317
  0.23229043  0.3306789  -2.0393367   0.42948565]
[-0.14002731  0.2286034   0.65740037  0.5101063   2.0300708   0.15218988
 -0.53278416 -0.11791003 -0.32797852 -1.8101299   0.57016194 -0.41832963
  0.29053873  0.29730296 -1.7991211   0.36325246]
[-0.16388659  0.18406363  0.6451998   0.4267222   2.0656562   0.16564515
 -0.5984622  -0.08440981 -0.2625897  -1.7608364   0.5327406  -0.39593172
  0.35889944  0.23328464 -1.7136723   0.32057035]
[-0.09391787  0.13306117  0.6036766   0.5188104   2.098573    0.12896717
 -0.5321797  -0.15042348 -0.32439983 -1.6988935   0.5129536  -0.4411261
  0.3955925   0.32535726 -1.8271698   0.303091  ]
[-0.07047561  0.20337793  0.5823025   0.4773261   2.095794    0.1204679
 -0.5128042  -0.15645577 -0.31975755 -1.725537    0.5416234  -0.46790582
  0.33202472  0.376876   -1.8737872   0.3515475 ]
[-0.12044339  0.26174554  0.5775845   0.48812065  2.0316346   0.23416717
 -0.530001   -0.11656147 -0.20107198 -1.7087778   0.4830584  -0.37359565
  0.24461031  0.36062425 -1.9948425   0.31737798]
[-0.14745095  0.30478504  0.4987505   0.63137853  2.017067    0.25534493
 -0.5054605  -0.16004176 -0.17840919 -1.6695992   0.5453916  -0.31037012
  0.128709    0.39655438 -2.1801336   0.3253736 ]
[ 0.01713588  0.20009735  0.4691062   0.7124618   1.9865596   0.16155885
 -0.3867566  -0.18849353 -0.25503913 -1.558285    0.55356616 -0.35923526
  0.07624833  0.46940842 -2.318905    0.37079406]
[ 0.0509241   0.11414725  0.55780536  0.6596425   1.9842697   0.18316177
 -0.43628198 -0.1656779  -0.28401357 -1.5208638   0.471201   -0.3796453
  0.17713742  0.39070946 -2.1844118   0.33097583]
[ 0.02948186  0.00260245  0.61791444  0.5878029   2.0041862   0.17205767
 -0.44952926 -0.07874753 -0.3294593  -1.5290136   0.36769387 -0.39177617
  0.37000865  0.309326   -2.0050218   0.2701534 ]
[-1.05364546e-01 -3.79187874e-02  6.96168303e-01  4.52140033e-01
  2.03729677e+00  1.84212148e-01 -5.14792144e-01 -1.63099472e-03
 -3.68066132e-01 -1.57463479e+00  2.30477810e-01 -3.77715260e-01
  5.21798253e-01  2.73463786e-01 -1.71124959e+00  2.47103006e-01]
[ 0.04772509 -0.03901008  0.62019324  0.5562646   2.057792    0.10136624
 -0.3699934  -0.07793953 -0.42031318 -1.5106034   0.2759841  -0.4204792
  0.42512545  0.36139566 -1.9131565   0.2562375 ]
[ 0.02120933  0.06763911  0.6431041   0.5171762   1.9948219   0.17427632
 -0.3695132  -0.04899243 -0.30762982 -1.5790743   0.2916414  -0.35669726
  0.36241618  0.3041478  -1.9693334   0.20381081]
[-0.0255877   0.07604442  0.647555    0.5015664   1.9880453   0.239397
 -0.39638376 -0.00416788 -0.24452789 -1.5508268   0.31748196 -0.31947348
  0.3005272   0.3299281  -2.0345497   0.11956763]
[ 0.02587273  0.11630726  0.65935206  0.52150714  1.9414192   0.23881617
 -0.3997756  -0.01403162 -0.19775596 -1.4946716   0.31658632 -0.252512
  0.22367974  0.32396558 -2.1775336   0.11169665]
[ 0.12897572  0.06501543  0.6031143   0.61786425  1.9441535   0.11067881
 -0.2884518  -0.0947188  -0.32405233 -1.5156296   0.37228498 -0.38561434
  0.26154757  0.43699843 -2.2020714   0.21572962]
[ 0.02365382  0.16719824  0.67054975  0.5091506   1.9347111   0.15217574
 -0.4177614  -0.05605043 -0.31020007 -1.7386682   0.4264113  -0.38734335
  0.35649815  0.26563272 -1.961137    0.31581208]
[-0.0225532   0.11239772  0.64046687  0.5375556   1.9476683   0.13873994
 -0.42116222 -0.04598806 -0.3112984  -1.6525459   0.4245215  -0.3776372
  0.3092369   0.2895705  -1.9425713   0.32409486]
[ 0.00303886  0.04362214  0.6791116   0.45754448  1.9757922   0.1416644
 -0.49464545  0.00783121 -0.20693198 -1.5731043   0.36939913 -0.31728172
  0.31315997  0.21909718 -1.9531746   0.2830058 ]
[ 0.09812183 -0.01565548  0.5742997   0.6338067   1.9953473   0.01930324
 -0.3004726  -0.11881623 -0.35148844 -1.4917448   0.40681353 -0.44200858
  0.30188313  0.461057   -2.1381726   0.3160762 ]
[ 0.04553414  0.15892571  0.5942893   0.45465833  2.1018198   0.04346033
 -0.41196126 -0.17871158 -0.35834843 -1.6895924   0.54956627 -0.502614
  0.29560578  0.36327142 -1.8953918   0.38418585]
[-0.11419958  0.30551463  0.6107086   0.5016316   2.016444    0.21514478
 -0.47360682 -0.18015051 -0.24185129 -1.7680504   0.58125293 -0.3938961
  0.24712236  0.37666956 -1.9688507   0.23595996]
[-0.17852266  0.37786755  0.55190575  0.50783026  2.0504024   0.25933546
 -0.5241933  -0.15581915 -0.13970552 -1.840697    0.6376644  -0.33393535
  0.24791224  0.29127452 -2.0046306   0.20219032]
[-0.10762934  0.26520696  0.57802206  0.58838546  2.0491557   0.23390241
 -0.5110018  -0.17360812 -0.24522392 -1.7562466   0.6170316  -0.39433277
  0.22481208  0.35851797 -2.065532    0.2872605 ]
[-0.00730643  0.19144697  0.6556428   0.58638793  1.9716084   0.23523238
 -0.5030898  -0.12273888 -0.24901119 -1.6380488   0.47017574 -0.37470436
  0.17919639  0.3212882  -2.0625834   0.29595843]
[ 0.02189937  0.10712232  0.68046075  0.55599463  1.9177334   0.21869385
 -0.4204916  -0.05959308 -0.24130514 -1.5524689   0.37795705 -0.35314938
  0.20374545  0.34502107 -2.090297    0.23524955]
[ 0.03667725  0.02631206  0.75798297  0.43334118  1.9239311   0.19048096
 -0.40808448 -0.03151627 -0.3037334  -1.5553923   0.31013253 -0.37365335
  0.35533336  0.3112035  -1.8913234   0.16359235]
[ 0.05889506  0.06251381  0.70591545  0.34949765  2.0323014   0.13759193
 -0.4684066  -0.03981584 -0.28805357 -1.6505344   0.37710238 -0.40973824
  0.39710513  0.24931355 -1.8171742   0.25341856]
[ 0.10339618  0.10434928  0.69494134  0.42057472  1.993131    0.13833722
 -0.38794574 -0.07931575 -0.28208804 -1.629064    0.37396353 -0.37085986
  0.3239166   0.3055674  -2.0132833   0.25289768]
[-0.0123992   0.16373281  0.65221965  0.4649834   2.0517929   0.20129068
 -0.49670345 -0.0504551  -0.28418073 -1.7144102   0.4163931  -0.34036246
  0.34819224  0.2871484  -1.9520519   0.21345913]
[-0.07410242  0.16099283  0.566152    0.5231563   2.1177514   0.17366484
 -0.5364133  -0.04952008 -0.24402304 -1.6943386   0.46889806 -0.33235455
  0.343427    0.25087428 -1.9967712   0.27256852]
[-0.01301758  0.05643394  0.5779239   0.6019517   2.139468    0.09961128
 -0.5084077  -0.09863518 -0.3702914  -1.6348937   0.45518476 -0.4188614
  0.38246793  0.32128218 -2.001712    0.3628959 ]
[ 0.02554856 -0.04771022  0.5605998   0.7554207   2.0244794   0.0228408
 -0.34696743 -0.10732063 -0.44007993 -1.5388244   0.36708778 -0.45852423
  0.34426004  0.47957817 -2.102427    0.41411513]
[-0.03735587 -0.02920194  0.6226264   0.61627245  2.049399    0.0678477
 -0.41470498 -0.10820653 -0.48175064 -1.5988837   0.39010364 -0.48646235
  0.41559595  0.39430642 -1.831047    0.38464326]
[-0.028305   -0.03319592  0.678568    0.4833571   1.9216478   0.18703642
 -0.43490615  0.01959142 -0.31657726 -1.4830416   0.23641765 -0.32026553
  0.34697288  0.3016047  -1.8481224   0.23827676]
[ 0.0696901   0.0083682   0.62390375  0.49795794  1.9424961   0.11449812
 -0.36109775 -0.03827295 -0.28411704 -1.4971327   0.29447994 -0.34231624
  0.32920632  0.34982124 -1.9883932   0.229489  ]
[ 0.07786886  0.11873517  0.6167999   0.47433394  1.922899    0.17974879
 -0.36201566 -0.09244692 -0.2879686  -1.5467821   0.32419315 -0.3412041
  0.31877795  0.34917247 -2.0148706   0.21213567]
[-0.05139517  0.24750197  0.5786703   0.44063148  1.9434496   0.24830464
 -0.48016363 -0.03927491 -0.14978419 -1.6629814   0.38056275 -0.27943566
  0.27117488  0.2909137  -2.016212    0.22943974]
[-0.06384309  0.24385007  0.5088412   0.5536706   2.0395923   0.22017708
 -0.5010332  -0.07834058 -0.1422153  -1.6573498   0.47098237 -0.2826926
  0.21060784  0.30363292 -2.155049    0.27995005]
[ 0.09226354  0.13846393  0.45718497  0.7342297   1.9888699   0.12470891
 -0.35136023 -0.18068981 -0.2967573  -1.5087168   0.5015877  -0.38734436
  0.10230634  0.50436556 -2.3668675   0.39862922]
[ 0.13554332  0.06204976  0.52033985  0.76831675  1.9375618   0.1137414
 -0.3223857  -0.19486928 -0.37295833 -1.4854354   0.44865537 -0.44322118
  0.16951804  0.49309617 -2.2800708   0.40067872]
[ 0.0820036  -0.00276752  0.6257105   0.64365137  1.9685465   0.11355527
 -0.39881307 -0.14809665 -0.43326998 -1.5205529   0.38519642 -0.46201092
  0.34682992  0.3433382  -2.00666     0.4152813 ]
[-0.0185305  -0.13454895  0.73015326  0.5128063   2.005596    0.15234157
 -0.4793796  -0.06695738 -0.4851966  -1.5109289   0.22041848 -0.43932113
  0.54720324  0.29784453 -1.6847769   0.30453622]
[ 0.04458014 -0.1283803   0.6220165   0.5385231   2.0346193   0.06745152
 -0.3978141  -0.07239129 -0.4845892  -1.493848    0.26125804 -0.45144057
  0.49583834  0.36991197 -1.8020836   0.3492176 ]
[ 0.01161855  0.07080545  0.67798793  0.48028222  1.9962835   0.17624244
 -0.43347883 -0.1026183  -0.3993713  -1.6075528   0.28102458 -0.38852888
  0.41321716  0.32729948 -1.8403823   0.29044646]
[-0.03495986  0.211103    0.63327116  0.51293105  1.9865118   0.22715798
 -0.4493062  -0.10978355 -0.2901306  -1.6664884   0.38647652 -0.33832434
  0.3001513   0.344239   -1.9987652   0.2366879 ]
[-0.10220377  0.23360178  0.54290694  0.53799546  2.060063    0.22318634
 -0.50590783 -0.07359055 -0.18273774 -1.6809492   0.455077   -0.3011157
  0.2810425   0.28318563 -2.061844    0.24157615]
[ 0.01999016  0.1215205   0.5484012   0.58002555  2.0995204   0.16554536
 -0.4627455  -0.11821431 -0.2901314  -1.5789112   0.4829146  -0.38099203
  0.2612145   0.36489493 -2.1366165   0.27172306]
[ 0.14235261  0.06988927  0.57239836  0.64173037  2.000164    0.12901393
 -0.34930545 -0.15071733 -0.332007   -1.4525038   0.41191643 -0.41961035
  0.17118971  0.4460639  -2.2378805   0.30594835]
[ 0.11339869  0.06782787  0.68328     0.5194164   2.000742    0.20661898
 -0.4258378  -0.12321285 -0.34779245 -1.5159252   0.34821075 -0.4209113
  0.32302457  0.2945985  -2.0313678   0.25625402]
[ 0.07880131 -0.03709437  0.71969485  0.50087756  2.0245965   0.17908613
 -0.40266266 -0.08244803 -0.39043882 -1.4624949   0.2939958  -0.41073942
  0.44766015  0.30856207 -1.9712694   0.1475624 ]
[ 0.11094803 -0.0889255   0.7023255   0.43771118  2.1103072   0.08836353
 -0.40641826 -0.04978309 -0.40189058 -1.5115681   0.31433675 -0.44255695
  0.5267685   0.2444909  -1.8967912   0.20832315]
[ 0.1262025  -0.04152406  0.6767281   0.48410115  2.1160989   0.07449289
 -0.3766715  -0.10773907 -0.44436398 -1.5585572   0.36614105 -0.47362527
  0.46209478  0.3192647  -1.9284184   0.253486  ]
[ 0.04862382  0.01919329  0.7327978   0.4478106   2.1234307   0.16282062
 -0.42376977 -0.1156698  -0.47202888 -1.5926214   0.37979144 -0.47795326
  0.41235262  0.31150597 -1.8252388   0.2168251 ]
[-0.01371648  0.02192013  0.67064685  0.4484703   2.1199584   0.16235974
 -0.47390312 -0.07451301 -0.4150908  -1.616773    0.42108497 -0.4173399
  0.47626966  0.24265233 -1.8091805   0.20369677]
[ 0.02387148 -0.01998789  0.605456    0.50236875  2.0930583   0.08585068
 -0.43205333 -0.07005384 -0.435248   -1.574538    0.37562576 -0.4324018
  0.5059984   0.3010784  -1.8597809   0.28045854]
[-0.02400132 -0.03253658  0.6599166   0.46573153  2.0728374   0.07267371
 -0.44639397 -0.05186943 -0.47517663 -1.6511126   0.34071007 -0.48364177
  0.5864397   0.2770298  -1.7090153   0.35174665]
[ 0.07366625  0.02301269  0.6411315   0.552085    1.9651067   0.05869133
 -0.32518488 -0.10606535 -0.50891644 -1.619304    0.35818765 -0.46659026
  0.38513777  0.39430767 -1.8664156   0.39543632]
[-0.02746651  0.09237375  0.69670093  0.47833794  1.8213192   0.20833774
 -0.38654658  0.01809712 -0.263034   -1.613446    0.27069464 -0.3166336
  0.25068864  0.29458538 -1.868252    0.29630023]
[ 0.01887944  0.04949774  0.6886548   0.41074204  1.8439516   0.17939249
 -0.41689166  0.03575514 -0.15864003 -1.507857    0.25931877 -0.28231752
  0.2039719   0.22513023 -1.9269539   0.32925293]
[ 0.16468799  0.03682315  0.57004106  0.59337926  1.8927654   0.04425337
 -0.24035886 -0.12056726 -0.29598662 -1.4157045   0.34017915 -0.40480414
  0.1334177   0.46146742 -2.2012405   0.39429414]
[ 0.06793288  0.19284847  0.56136644  0.45956153  1.9528153   0.12273471
 -0.38531917 -0.11609349 -0.24868357 -1.6077459   0.3879446  -0.38653004
  0.19425473  0.32447296 -2.0113125   0.45049793]
[ 0.00399902  0.2556311   0.51753914  0.5150792   1.9932184   0.2125642
 -0.46813217 -0.11994407 -0.21244943 -1.5962044   0.4169979  -0.34221143
  0.09651244  0.32041192 -2.075497    0.44137192]
[ 0.05432207  0.28354496  0.475072    0.5701827   2.0582564   0.18526587
 -0.4824167  -0.16556005 -0.22805326 -1.5249029   0.53151137 -0.3397371
 -0.01522816  0.34752864 -2.2519171   0.45848283]
[ 0.18895988  0.1699206   0.450452    0.615638    2.0792303   0.0729946
 -0.37445822 -0.20546083 -0.32992658 -1.4418688   0.56135494 -0.4473095
  0.01373554  0.46293554 -2.320766    0.45864296]
[ 0.14346005  0.11559077  0.53717536  0.5844871   2.1213498   0.12118796
 -0.46593174 -0.17904429 -0.37992984 -1.4516618   0.5055288  -0.45849895
  0.12699905  0.36417887 -2.1499567   0.41828418]
[ 0.19200322  0.00543896  0.53335154  0.5364017   2.2581875   0.01521234
 -0.4294002  -0.23645708 -0.5617322  -1.4863329   0.5678538  -0.6119269
  0.33003238  0.333875   -1.9343411   0.44184655]
[ 0.2831695   0.03735394  0.45699683  0.4419272   2.2237444  -0.08721603
 -0.3246829  -0.1871342  -0.54664844 -1.4578965   0.6065227  -0.56207514
  0.2595108   0.33988008 -1.9883583   0.45957142]
[ 0.2770589  -0.03056436  0.5369853   0.41733748  2.280826   -0.06816267
 -0.3768247  -0.19665019 -0.614663   -1.447933    0.5483037  -0.60720986
  0.37750277  0.28312722 -1.8726803   0.44800425]
[ 0.28374678 -0.0097251   0.56130767  0.40734845  2.2454336  -0.03775274
 -0.36459678 -0.2157145  -0.6216091  -1.4603558   0.5559181  -0.59829247
  0.41503245  0.27452582 -1.8719952   0.38877925]
[ 2.2141831e-01 -5.4219959e-04  5.6332207e-01  3.8238302e-01
  2.2723641e+00 -4.4222422e-02 -3.9869624e-01 -2.1363425e-01
 -6.4429098e-01 -1.5242703e+00  5.9925848e-01 -6.1371678e-01
  4.9555784e-01  2.7899015e-01 -1.7872708e+00  3.6473840e-01]
[ 0.14102642  0.00623478  0.5947153   0.31424946  2.3191094  -0.05696576
 -0.46032065 -0.1964182  -0.6520696  -1.582667    0.62289256 -0.6562629
  0.5272924   0.26467434 -1.6840073   0.45317984]
[ 0.11462624 -0.00846689  0.5905858   0.3676997   2.2884254  -0.05976919
 -0.45600262 -0.1934909  -0.64275646 -1.6154706   0.6154512  -0.6535249
  0.50867826  0.29556602 -1.7044313   0.508832  ]
[ 0.08800412  0.02276072  0.55357295  0.49994874  2.189647   -0.04771333
 -0.383687   -0.2086334  -0.6335903  -1.6387227   0.5974982  -0.6187643
  0.44641647  0.34655637 -1.7754526   0.5187755 ]
[-0.02299839  0.02900853  0.5438811   0.5257077   2.1868498  -0.07487635
 -0.43664232 -0.19394282 -0.6114596  -1.7011846   0.5918183  -0.6407631
  0.47961035  0.3451507  -1.6710917   0.6122589 ]
[ 0.02205488  0.03460928  0.5642258   0.572991    2.077067   -0.06229163
 -0.3800766  -0.18807836 -0.58304816 -1.6715136   0.53411734 -0.6317135
  0.4224239   0.3907314  -1.7438619   0.6035222 ]
[-0.01093505  0.06365232  0.5850685   0.5010928   2.0738997  -0.02353098
 -0.4438432  -0.15463923 -0.48846012 -1.6632534   0.50931305 -0.5811483
  0.40189934  0.32601744 -1.6797434   0.5454897 ]
[ 0.00469474  0.12754148  0.6783822   0.45629066  1.9767876   0.10476991
 -0.43916768 -0.1577347  -0.37402332 -1.6455101   0.4598936  -0.4981824
  0.3263672   0.34564996 -1.7882128   0.37724584]
[-0.02335989  0.27102962  0.7054297   0.4070142   1.9456326   0.24907875
 -0.45626274 -0.17533731 -0.24231473 -1.691617    0.50961494 -0.4073615
  0.21332693  0.3505435  -1.9369786   0.23093024]
[-0.02522906  0.39064246  0.62020767  0.36079445  1.9904884   0.23302789
 -0.5149251  -0.15808186 -0.13101749 -1.7842255   0.63544595 -0.3727704
  0.12838976  0.29468796 -2.0363996   0.3209032 ]
[-0.02744416  0.3892992   0.5255898   0.4596242   2.0944161   0.21013527
 -0.56627905 -0.26502717 -0.22926322 -1.7622433   0.75355965 -0.4403387
  0.10185894  0.3366942  -2.0887406   0.4634096 ]
[ 0.04230327  0.3538645   0.43656063  0.5517434   2.117611    0.15442939
 -0.53171074 -0.33091903 -0.32385096 -1.6949852   0.8041371  -0.49118003
  0.11751334  0.4013227  -2.1778939   0.52706045]
[ 0.04042413  0.23912986  0.45978546  0.62037534  2.112224    0.1233625
 -0.5076562  -0.35065123 -0.45672792 -1.6524099   0.73059785 -0.5501787
  0.24650493  0.4647352  -2.09725     0.53388935]
[ 0.05791802  0.08091942  0.51122516  0.68290675  2.0818875   0.01873589
 -0.39719835 -0.33711082 -0.60523206 -1.6109216   0.6203068  -0.6303452
  0.39012045  0.5523755  -1.993239    0.5337956 ]
[ 0.08641805  0.01109597  0.52160054  0.71642846  1.9317882  -0.09267148
 -0.18618765 -0.3935759  -0.84029406 -1.5648081   0.60665613 -0.7530887
  0.42230064  0.824199   -1.8666573   0.533834  ]
[-0.0349641  -0.14546141  0.70775986  0.6208165   1.909674    0.1489334
 -0.33019996 -0.17863283 -0.6655361  -1.4643933   0.20812234 -0.5394761
  0.5322426   0.49282297 -1.6893644   0.38192883]
[-0.08061561 -0.06431521  0.67097634  0.6071657   1.8733972   0.15226078
 -0.35380954 -0.11696241 -0.5213255  -1.5322492   0.20576672 -0.44113308
  0.4393103   0.42242184 -1.7160431   0.41190973]
[-0.13305488  0.08027642  0.6804199   0.5708851   1.8530865   0.20961635
 -0.39232132 -0.11311457 -0.39003348 -1.636458    0.26031366 -0.3930934
  0.32960805  0.38560644 -1.7866297   0.43299946]
[-0.15280221  0.20817976  0.5631512   0.5424351   1.8889868   0.22765703
 -0.42415133 -0.09602654 -0.23789378 -1.6903183   0.3789842  -0.32751375
  0.2120738   0.33782554 -1.9059346   0.43380713]
[-0.13830024  0.2333537   0.47946897  0.5572529   1.9352096   0.22238462
 -0.43426275 -0.06724203 -0.12460425 -1.6351707   0.41057557 -0.30225
  0.10505484  0.34945947 -2.062018    0.42913   ]
[-0.02287123  0.22845264  0.44582623  0.64581263  1.9623811   0.20747164
 -0.3983108  -0.12778933 -0.16967475 -1.5176002   0.41040674 -0.3231242
 -0.01131653  0.42123318 -2.2477849   0.45490366]
[ 0.16859068  0.23915431  0.39560884  0.68491787  1.8681084   0.14893223
 -0.2770192  -0.19132468 -0.21138692 -1.376514    0.43096796 -0.35937443
 -0.12696761  0.5341494  -2.471143    0.5010728 ]
[ 0.13459203  0.24489732  0.42909694  0.63532674  1.9077969   0.18091258
 -0.35911566 -0.16053876 -0.2095213  -1.4128106   0.41452035 -0.35428488
 -0.04434867  0.46407133 -2.4117665   0.49909425]
[ 0.13557628  0.19431253  0.37488776  0.68650544  1.9661785   0.10804009
 -0.34910822 -0.17254975 -0.28211302 -1.4344683   0.4807002  -0.3997855
  0.02898232  0.5287523  -2.4208236   0.511784  ]
[ 0.21170664  0.09653576  0.3922011   0.6473458   2.0347044   0.00264281
 -0.31663775 -0.18559411 -0.36423588 -1.4367487   0.5765951  -0.4764412
  0.06376927  0.56636506 -2.3710914   0.5127946 ]
[ 0.22591333  0.01894485  0.48062462  0.65427405  2.0959377  -0.0056646
 -0.31271687 -0.21468742 -0.4534317  -1.4485056   0.54446715 -0.5255565
  0.18380558  0.5223968  -2.2522178   0.43759122]
[ 0.13830037  0.06535116  0.54193383  0.6076458   2.1315448  -0.01374921
 -0.3147915  -0.29274577 -0.63543904 -1.5764843   0.6211518  -0.6168564
  0.3302672   0.5313916  -1.955278    0.3897246 ]
[-2.0517707e-03  4.9418150e-03  5.7667053e-01  4.9827242e-01
  2.2295280e+00 -2.9754099e-02 -4.2724666e-01 -1.6919939e-01
 -5.8677578e-01 -1.6091263e+00  5.1664239e-01 -5.8589375e-01
  5.0511497e-01  3.8702077e-01 -1.7564625e+00  4.0295506e-01]
[ 4.1151680e-02  1.6857922e-03  5.6323260e-01  4.2709965e-01
  2.2445493e+00 -4.4358891e-02 -4.4721729e-01 -1.4541575e-01
 -5.4301292e-01 -1.6103531e+00  4.8795351e-01 -6.0321999e-01
  5.1225525e-01  3.1508148e-01 -1.7128661e+00  4.7176242e-01]
[ 0.0425413   0.03317422  0.5762418   0.4685901   2.1792827   0.02584521
 -0.4035347  -0.13554892 -0.5117817  -1.5855116   0.4326777  -0.5614696
  0.4661254   0.35045737 -1.7883593   0.36678615]
[ 0.02754963  0.07651121  0.64210427  0.50266063  1.9853607   0.19017556
 -0.30756968 -0.08626674 -0.3986237  -1.5267551   0.30679542 -0.39400733
  0.3507348   0.35031775 -1.9319041   0.16096644]
[ 0.05603281  0.09382684  0.6786995   0.3938276   1.9928856   0.21759944
 -0.3639713  -0.05731412 -0.31638172 -1.5344948   0.32888475 -0.35423046
  0.30947503  0.25867203 -1.9177303   0.161422  ]
[ 0.16927521  0.11612729  0.64945686  0.426193    1.9515991   0.14697704
 -0.2853241  -0.11971016 -0.3415353  -1.5132105   0.40032873 -0.40794373
  0.27593386  0.32896426 -2.0705702   0.22041464]
[ 0.17830746  0.12718967  0.7311039   0.29309282  1.9829445   0.17503981
 -0.37428084 -0.09400219 -0.3611669  -1.6332655   0.40606314 -0.43903023
  0.3803323   0.1936802  -1.8895515   0.2727824 ]
[ 0.08945894  0.06716701  0.69777197  0.30517423  2.0619686   0.16846125
 -0.44365868 -0.08588518 -0.3902233  -1.574309    0.3967688  -0.4421394
  0.43668643  0.21157274 -1.8213984   0.27218014]
[ 0.16455317  0.0118603   0.63172513  0.3814032   2.1114914   0.0394259
 -0.38027048 -0.11364107 -0.41946036 -1.5028138   0.4583807  -0.4740158
  0.41105002  0.30388784 -1.9974372   0.32221213]
[ 0.14072844  0.03675121  0.57709086  0.3993044   2.1910667  -0.02275832
 -0.38606757 -0.16558626 -0.50472605 -1.5788829   0.5389985  -0.5541673
  0.42861715  0.3294505  -1.9193609   0.44314116]
[ 0.06106814  0.05148223  0.47162786  0.5380786   2.1985898  -0.07616858
 -0.35995188 -0.22976299 -0.65356076 -1.5892035   0.59144837 -0.6258542
  0.4046182   0.46635395 -1.8488855   0.5597124 ]
[-0.04187123 -0.01457005  0.5151862   0.6236146   2.1186497   0.01165471
 -0.39569676 -0.15631552 -0.5646461  -1.5528096   0.47107753 -0.53592056
  0.46349138  0.40298128 -1.8446814   0.45526543]
[ 0.00472556 -0.05760231  0.475849    0.64580595  2.0645998  -0.06933592
 -0.30622533 -0.13982601 -0.55260545 -1.5460443   0.4615883  -0.54631364
  0.4438621   0.51021814 -1.9069843   0.47389048]
[ 1.8618524e-03 -1.0539017e-01  5.6109947e-01  5.8832872e-01
  2.0236466e+00 -2.9949885e-02 -3.2459357e-01 -1.0735373e-01
 -5.8626276e-01 -1.5574429e+00  3.4135228e-01 -5.3574848e-01
  4.5863515e-01  5.0100243e-01 -1.7433536e+00  4.7208977e-01]
[-0.06040788 -0.01693516  0.7462269   0.5460244   1.8106056   0.22654292
 -0.36338758 -0.03766613 -0.40728098 -1.5602701   0.14943048 -0.36551395
  0.35471308  0.38828635 -1.746365    0.28933924]
[-0.05996732  0.17545083  0.67637384  0.48239923  1.7608217   0.26981995
 -0.38525957 -0.00605359 -0.2045401  -1.6854521   0.27445242 -0.25833482
  0.22002423  0.31184348 -1.8643872   0.24504785]
[-0.11938302  0.2639529   0.55181944  0.43560213  1.8670452   0.23624912
 -0.43665203  0.03504431 -0.02704923 -1.697086    0.3771042  -0.2319531
  0.14599285  0.26991054 -1.9973005   0.28037012]
[-0.13211527  0.23938756  0.5037719   0.4930257   1.9736038   0.18115209
 -0.4432559   0.02759326 -0.01548718 -1.6726927   0.3948555  -0.24422805
  0.11947979  0.31836745 -2.1010776   0.31185433]
[ 6.4990036e-02  2.0021215e-01  4.2293245e-01  6.2439352e-01
  1.9766842e+00  1.3237563e-01 -3.2684898e-01 -8.6341299e-02
 -1.3850169e-01 -1.5025061e+00  4.2852718e-01 -3.1764117e-01
  6.6170690e-04  4.2847681e-01 -2.3681657e+00  4.1554266e-01]
[ 0.13911904  0.18828964  0.39395332  0.6941627   1.919685    0.14490288
 -0.278741   -0.1235523  -0.18700168 -1.3918284   0.42888856 -0.31311673
 -0.05992581  0.50962466 -2.5170429   0.40517282]
[ 0.05437381  0.17633893  0.41282496  0.6544659   1.9856707   0.13773187
 -0.3635425  -0.07911153 -0.19283226 -1.452146    0.46862411 -0.2972149
  0.07850617  0.45818916 -2.4137173   0.32107598]
[ 0.10230935  0.12632926  0.47598243  0.61191463  2.0143178   0.05325835
 -0.32056743 -0.12145829 -0.29832643 -1.4936609   0.50135106 -0.39862776
  0.20170517  0.47853604 -2.3137357   0.32934624]
[ 0.11229453  0.0712348   0.55217904  0.6347278   1.9968379   0.05878731
 -0.28264144 -0.1632009  -0.40982872 -1.5257127   0.46774593 -0.4618396
  0.2537015   0.51126397 -2.1895752   0.32282728]
[-0.00388759  0.072519    0.66039985  0.5410591   2.0394185   0.14231281
 -0.4039452  -0.16540281 -0.47673488 -1.6786127   0.4402202  -0.5433945
  0.45846647  0.31045097 -1.8156106   0.3760445 ]
[-0.01610807  0.04780792  0.6538328   0.4549183   2.00969     0.15765421
 -0.44632417 -0.08143122 -0.37748647 -1.606261    0.39519143 -0.45800084
  0.42429122  0.2449342  -1.794042    0.3436274 ]
[ 0.02682735 -0.06401427  0.655457    0.41354036  1.9914942   0.1345075
 -0.4293879  -0.04131589 -0.373017   -1.483567    0.28584763 -0.41234866
  0.48998052  0.2424502  -1.7915894   0.30586773]
[ 0.18192005 -0.016464    0.6020788   0.44273672  1.9709746  -0.00754241
 -0.3125469  -0.08828117 -0.40613437 -1.485213    0.33524567 -0.48500878
  0.36754528  0.39034897 -1.9362444   0.4012683 ]
[ 0.17832431  0.02674114  0.68823147  0.41448125  1.9375807   0.11497631
 -0.29554212 -0.1396583  -0.43129826 -1.5334243   0.31125665 -0.50971526
  0.36561668  0.37766057 -1.8857746   0.33372682]
[ 0.11727053  0.1996694   0.6287589   0.43160266  1.9480015   0.15563084
 -0.32961708 -0.15071604 -0.2980948  -1.6447914   0.46635088 -0.4741684
  0.24633703  0.35746422 -2.0407104   0.3393856 ]
[ 0.08422051  0.23149505  0.56303215  0.43323326  2.0458157   0.1228055
 -0.4137768  -0.13625844 -0.2200567  -1.668691    0.5610916  -0.4244833
  0.21323979  0.30211025 -2.1010382   0.3591943 ]
[ 0.21571603  0.14098659  0.48212036  0.57483244  1.989331    0.02688404
 -0.26387438 -0.20283933 -0.36746663 -1.5212375   0.5667141  -0.5097016
  0.15605001  0.51161253 -2.278705    0.43162233]
[ 0.24327429  0.11309016  0.5730726   0.50540036  2.0346134   0.02580467
 -0.323664   -0.20887525 -0.46468893 -1.6056747   0.5271584  -0.57625926
  0.3005975   0.35743123 -2.064737    0.5195911 ]
[ 0.30293626  0.18604323  0.5656629   0.48782808  1.9052197  -0.05407289
 -0.16501242 -0.29758477 -0.620435   -1.5658331   0.6477811  -0.6233184
  0.19960639  0.58541644 -2.0419073   0.44125518]
[ 0.09324416 -0.00910418  0.59687066  0.45386323  2.1256397   0.01767137
 -0.4399735  -0.11395715 -0.4419759  -1.5272855   0.47376746 -0.50516003
  0.40149742  0.3254861  -1.8689167   0.37011373]
[ 0.17386582 -0.00537089  0.5935547   0.40760666  2.1463125  -0.04530332
 -0.40725416 -0.1305444  -0.42853832 -1.5344467   0.49694628 -0.5394713
  0.4061668   0.33130085 -1.9015945   0.38915664]
[ 0.14763889  0.03552375  0.65135723  0.38321036  2.1772885  -0.01776153
 -0.43628994 -0.2073138  -0.5242331  -1.6171818   0.53643084 -0.6437154
  0.452938    0.35468152 -1.7638588   0.42644352]
[ 0.12955987  0.12436695  0.6796053   0.39392635  2.0450761   0.12371588
 -0.37405816 -0.18304016 -0.41934806 -1.6025846   0.45160705 -0.5141404
  0.36958393  0.35534143 -1.9320295   0.30343556]
[ 0.10905377  0.16135538  0.5709908   0.44747105  2.0851262   0.09834018
 -0.38891864 -0.17052394 -0.34726828 -1.638727    0.5611707  -0.48692188
  0.31241438  0.32853988 -2.046642    0.35553628]
[ 0.17254218  0.09124328  0.53702736  0.5386317   2.1188226  -0.00595784
 -0.3448114  -0.21839626 -0.43313852 -1.6250073   0.6480475  -0.5704486
  0.28327298  0.41251296 -2.1094613   0.4565544 ]
[ 0.23329978  0.14409348  0.53213817  0.572838    2.008717   -0.05398814
 -0.26079226 -0.24920444 -0.5178007  -1.5926526   0.63683325 -0.59375304
  0.19750199  0.49510035 -2.110054    0.51262695]
[ 0.26756686  0.13888708  0.6027559   0.5304326   1.9278046  -0.07502466
 -0.17828798 -0.30867547 -0.6908575  -1.5946429   0.6659347  -0.66891396
  0.2609166   0.5873539  -1.9179596   0.4050331 ]
[ 0.09897898 -0.08407451  0.6794932   0.48950538  2.0540757   0.0436797
 -0.38584894 -0.10564157 -0.5128457  -1.4949887   0.35148603 -0.5201348
  0.47678894  0.32833046 -1.7725017   0.30413517]
[ 1.4285445e-01 -7.2102128e-03  6.4362055e-01  3.7008497e-01
  2.0993259e+00 -5.5420992e-04 -4.0317822e-01 -9.1524050e-02
 -4.4734678e-01 -1.5558233e+00  3.8661855e-01 -5.3838599e-01
  4.0627861e-01  2.9827005e-01 -1.7696686e+00  4.2310318e-01]
[ 0.1229286   0.08885936  0.7188882   0.4170823   1.9587395   0.17854306
 -0.33929253 -0.14166708 -0.40350738 -1.5573021   0.32432792 -0.44231588
  0.32365447  0.34246176 -1.9008226   0.26029643]
[ 0.03692731  0.2116249   0.6370222   0.44782868  2.0387065   0.19044402
 -0.41897458 -0.12402557 -0.31004402 -1.7133591   0.4830149  -0.3888566
  0.28148967  0.29637536 -1.9779377   0.25973848]
[-0.00446037  0.25025958  0.54851407  0.44726467  2.115599    0.16708021
 -0.48826236 -0.12260492 -0.25993198 -1.7397153   0.58522797 -0.3951656
  0.28368595  0.23979788 -1.9854397   0.3095383 ]
[ 0.06353523  0.15269473  0.55175674  0.4847386   2.1615682   0.10204866
 -0.4953514  -0.152618   -0.35010287 -1.6808155   0.575706   -0.4768962
  0.33407524  0.28549796 -1.9805053   0.37719148]
[ 0.07831912  0.10469861  0.54163975  0.61481035  2.0695176   0.03678536
 -0.39416227 -0.14472082 -0.41482845 -1.6171749   0.49409455 -0.5094249
  0.33286896  0.3944981  -2.075521    0.44294316]
[ 0.02280536  0.12483518  0.5587078   0.5266752   2.1170902  -0.02120179
 -0.38423887 -0.17569235 -0.508339   -1.6677105   0.6014211  -0.57931435
  0.34955204  0.42821637 -1.8868856   0.44933844]
[ 0.01887286  0.09249302  0.5821179   0.4612291   2.0151865   0.06020526
 -0.40049428 -0.03200056 -0.32088262 -1.5544279   0.47106427 -0.4008484
  0.2936146   0.35908866 -1.9773957   0.28120694]
[ 0.09421282  0.11969864  0.5459787   0.4386715   2.0263278  -0.01362747
 -0.33833906 -0.05761371 -0.3081441  -1.6238878   0.5445991  -0.4392036
  0.27870154  0.38310346 -2.024094    0.3236665 ]
[ 0.08581037  0.19253781  0.5654929   0.46700725  1.9921436   0.03867935
 -0.29844585 -0.15936624 -0.37583905 -1.6899326   0.58327323 -0.45950204
  0.2136356   0.4465651  -1.9891999   0.33890104]
[-0.11232491  0.28678617  0.6798184   0.3912314   1.9833553   0.24811892
 -0.4732154  -0.13602966 -0.25465316 -1.7866414   0.52546924 -0.40136084
  0.25942418  0.28036946 -1.83045     0.2924616 ]
[-0.14636707  0.28584275  0.58593035  0.48164815  2.037723    0.23789044
 -0.47965688 -0.15508403 -0.22092037 -1.7784048   0.57736003 -0.3640269
  0.30552152  0.26457047 -1.931428    0.24912556]
[-0.09246246  0.19557968  0.5817763   0.53250647  2.0761924   0.21733782
 -0.476108   -0.19438057 -0.30831084 -1.7262404   0.57658947 -0.41925463
  0.3566625   0.3416775  -1.9361324   0.22228503]
[-0.06167461  0.13727286  0.6644674   0.4945374   2.0120735   0.21956435
 -0.49763075 -0.11527845 -0.30172098 -1.6853282   0.4357006  -0.40565553
  0.35347185  0.33559212 -1.9037025   0.26823682]
[-0.11635802  0.17485622  0.6700993   0.59234244  1.8900032   0.24181958
 -0.48254195 -0.06953191 -0.25926346 -1.6538353   0.32877964 -0.36321148
  0.28244677  0.36575848 -1.9928089   0.34501147]
[-0.11815314  0.1609439   0.5990516   0.56141955  1.9267988   0.18687709
 -0.4297719  -0.03393748 -0.2729788  -1.6787217   0.34899846 -0.37163264
  0.31796125  0.3301526  -1.93129     0.3593576 ]
[-0.04924781  0.08037544  0.5502035   0.6095914   1.927467    0.13910815
 -0.37991774 -0.05451307 -0.2424529  -1.5347255   0.37556288 -0.3409769
  0.23252587  0.36025757 -2.08952     0.3681599 ]
[ 0.14515764  0.06548148  0.5401263   0.594482    1.8964481   0.04913333
 -0.2683608  -0.08693559 -0.24245663 -1.4601574   0.40893856 -0.38472334
  0.10992087  0.43732777 -2.2411437   0.38782787]
[ 0.14398113  0.10841276  0.610516    0.52812445  1.919043    0.07891338
 -0.3097788  -0.12274383 -0.2632428  -1.5557063   0.4181901  -0.40919024
  0.18175273  0.40214825 -2.1313975   0.35223252]
[-0.01415285  0.20004766  0.65177506  0.4698046   1.9718975   0.19249187
 -0.4041155  -0.1509495  -0.25592065 -1.675914    0.47194323 -0.43831587
  0.2403439   0.41262722 -1.9938915   0.2729547 ]
[-0.05277659  0.3196829   0.51847196  0.508572    2.0306695   0.19524482
 -0.4489563  -0.15847448 -0.1633859  -1.7547252   0.59001637 -0.37180582
  0.18121575  0.32974887 -2.1105304   0.33978063]
[ 0.00860885  0.25185794  0.47917134  0.6049984   2.069893    0.1401438
 -0.41254887 -0.20726252 -0.28799278 -1.6912397   0.637975   -0.43796048
  0.1617568   0.42720652 -2.206059    0.41398782]
[ 0.07117468  0.14973944  0.5449683   0.6050632   2.0529354   0.13170016
 -0.44788614 -0.16081716 -0.31724566 -1.5976768   0.5462086  -0.4263669
  0.20333743  0.38620663 -2.1927547   0.40224352]
[ 0.05188977  0.11788426  0.5058162   0.65785974  2.0158126   0.09847908
 -0.36338258 -0.17033997 -0.38099056 -1.4784374   0.5265343  -0.45116615
  0.19971927  0.5001872  -2.222891    0.34210023]
[ 0.15636659  0.08241684  0.60006875  0.5280038   2.0113666  -0.00566902
 -0.27214733 -0.19979371 -0.5509108  -1.5267962   0.5267932  -0.490582
  0.34393957  0.5342788  -2.0132852   0.22228698]
[ 0.0504321   0.06899214  0.6271609   0.47841144  2.0649502   0.05005204
 -0.38678575 -0.12233739 -0.41614968 -1.5779624   0.43814301 -0.45219
  0.41242284  0.40092212 -1.9144083   0.2270215 ]
[-0.01149359  0.12307517  0.7107254   0.38794827  2.0728867   0.13998209
 -0.4509891  -0.14169592 -0.43878055 -1.6962687   0.44621533 -0.5039342
  0.4802839   0.34473374 -1.7371219   0.22475545]
[-0.06786574  0.15680522  0.75437564  0.38036767  1.9455316   0.3134125
 -0.4346939  -0.03896292 -0.25517645 -1.6705945   0.33278286 -0.33222023
  0.43034354  0.2566746  -1.8475161   0.019622  ]
[-0.06603763  0.14434572  0.7718622   0.3784334   1.9895475   0.31261688
 -0.4967672  -0.03581727 -0.20239592 -1.6549658   0.35845023 -0.29583707
  0.40566286  0.18509458 -1.912084    0.05985511]
[ 0.0472771   0.07151265  0.69844896  0.55498     2.0227978   0.15827958
 -0.39110786 -0.15359846 -0.37526557 -1.5872841   0.44218403 -0.43458143
  0.3634665   0.38119656 -2.056028    0.20196366]
[ 0.00691268  0.11786187  0.724836    0.4407448   2.0287404   0.18261363
 -0.4825384  -0.11096047 -0.3729005  -1.6839485   0.434578   -0.44311047
  0.41586584  0.2377439  -1.8421236   0.2956344 ]
[-0.06549478  0.04619284  0.72529846  0.41727844  2.064804    0.20005448
 -0.50188637 -0.08721514 -0.40538293 -1.6243026   0.39621812 -0.43706983
  0.46165186  0.23602884 -1.7192001   0.24195214]
[-3.5241079e-02 -1.2541652e-03  7.1913803e-01  4.1736770e-01
  2.0870388e+00  1.8825631e-01 -4.9115199e-01 -8.7660059e-02
 -4.3415260e-01 -1.5622065e+00  3.5250717e-01 -4.1396886e-01
  5.1076984e-01  2.5509885e-01 -1.7337090e+00  1.7597184e-01]
[ 3.9572358e-02  1.6488374e-03  6.7062557e-01  4.6098679e-01
  2.1082699e+00  1.0387926e-01 -4.0046829e-01 -1.3610426e-01
 -4.3442696e-01 -1.5511802e+00  3.8505834e-01 -4.8301250e-01
  5.0617349e-01  3.3135903e-01 -1.8492033e+00  1.9415340e-01]
[-0.01298906  0.11957628  0.6755087   0.3895938   2.1176572   0.1394386
 -0.4524645  -0.15483136 -0.44369525 -1.689998    0.4892037  -0.5019101
  0.49702817  0.3322588  -1.7602332   0.20471248]
[-0.10642825  0.18828294  0.7538966   0.40936494  2.011362    0.29498196
 -0.46935016 -0.09377581 -0.30069286 -1.7269838   0.41873986 -0.37801203
  0.44002762  0.29042408 -1.8452755   0.05686665]
[-0.12792999  0.20738693  0.7457873   0.4093004   1.9987484   0.28225878
 -0.5244476  -0.05168072 -0.21292548 -1.7461045   0.4531169  -0.32879284
  0.38323313  0.20979333 -1.9069115   0.15385683]
[-0.06588925  0.13402449  0.6623913   0.59619534  2.0099978   0.13638254
 -0.44755498 -0.1503844  -0.36023074 -1.6792562   0.53364694 -0.45140356
  0.36365557  0.34993947 -1.99184     0.30801192]
[-0.09189592  0.0874183   0.72213376  0.54437006  1.963183    0.16000418
 -0.44578832 -0.10943615 -0.3625742  -1.6842353   0.43270722 -0.42790633
  0.4025529   0.2952403  -1.8528454   0.31650683]
[-0.12613387  0.02038178  0.7311405   0.5431603   1.8886299   0.18841311
 -0.4020869  -0.09171996 -0.3871084  -1.5991008   0.354518   -0.41701564
  0.36293387  0.38089386 -1.7818629   0.28428486]
[-0.15896663  0.05467502  0.66758233  0.46912223  1.8677315   0.20761967
 -0.45428473 -0.04182142 -0.30610663 -1.6682961   0.32504493 -0.3668453
  0.41577014  0.34150094 -1.6926606   0.29254588]
[-0.17823589  0.15685695  0.56087404  0.5629325   1.9131371   0.19334933
 -0.43830395 -0.10990653 -0.2562686  -1.7346455   0.40311927 -0.35611835
  0.35928234  0.39327174 -1.8324152   0.31765366]
[-0.30374256  0.32763594  0.5308944   0.6047347   1.8971922   0.34758577
 -0.4832666  -0.12668669 -0.15129606 -1.7716277   0.43843    -0.25147614
  0.25117567  0.3967772  -1.907747    0.15268521]
[-0.3319518   0.4379829   0.5244199   0.56873095  1.9128253   0.37028748
 -0.5159604  -0.09399989 -0.0206077  -1.8127216   0.5272329  -0.20167048
  0.11691858  0.35795182 -2.0338657   0.14421262]
[-0.28322676  0.39910004  0.5230683   0.5779883   1.8741932   0.38123304
 -0.49586448 -0.06287047 -0.01157757 -1.7054489   0.5043652  -0.19176574
  0.04051534  0.39623764 -2.1657689   0.1680133 ]
[-0.14847186  0.25224033  0.5062734   0.6261116   1.8851702   0.31197104
 -0.40309533 -0.05295253 -0.07670514 -1.5598751   0.4137264  -0.25454623
  0.04135208  0.4334456  -2.2489262   0.22302385]
[-0.06084708  0.16383001  0.62676203  0.53375185  1.8213714   0.3188426
 -0.33048967  0.01651568 -0.07175106 -1.4899896   0.27551538 -0.22655427
  0.10280263  0.38384312 -2.238177    0.11887407]
[ 0.09454791  0.14183393  0.61438483  0.46094584  1.8296047   0.19033566
 -0.21684973  0.00294896 -0.14725745 -1.493295    0.34037787 -0.24698749
  0.14817128  0.36264864 -2.2348096   0.09556821]
[ 0.0719126   0.14566693  0.7279948   0.34939653  1.809864    0.2695045
 -0.30017668  0.04537909 -0.13686123 -1.5634245   0.26120004 -0.23345235
  0.25437215  0.24436335 -2.0660338   0.06280081]
[ 0.12811075  0.16714033  0.72253716  0.34637266  1.8466762   0.22784063
 -0.31780902  0.02646304 -0.14259267 -1.5963796   0.29828593 -0.26004842
  0.23324415  0.23425114 -2.0683773   0.09841565]
[ 0.12720957  0.14472124  0.6707317   0.36860418  1.9107735   0.15527698
 -0.3441905   0.04469658 -0.14051993 -1.6345819   0.3635816  -0.31814128
  0.25282878  0.24894552 -2.0880997   0.18420222]
[ 0.11808307  0.12151799  0.6047634   0.38229656  2.0236473   0.07135157
 -0.39178452  0.03281922 -0.16144472 -1.6537342   0.44113865 -0.37378484
  0.25792667  0.24774349 -2.0642388   0.29321966]
[ 1.2561114e-01  8.4669232e-02  5.4903835e-01  5.3514606e-01
  2.0210824e+00  3.2065708e-02 -3.4238794e-01  6.3062907e-04
 -1.9732618e-01 -1.5516081e+00  4.2448044e-01 -3.5637957e-01
  1.7914292e-01  3.3292359e-01 -2.2169991e+00  3.2943201e-01]
[ 0.11556444  0.07021265  0.5250286   0.5884181   2.0452216  -0.02372358
 -0.35561407 -0.02312209 -0.28158456 -1.6015408   0.48321253 -0.4161225
  0.24011531  0.36624607 -2.159408    0.37792844]
[ 0.11708485  0.08831545  0.54053366  0.5441901   2.0666103  -0.02338858
 -0.35740396 -0.06170822 -0.3358065  -1.6183357   0.55480933 -0.44027653
  0.23121707  0.36958998 -2.0627065   0.33686537]
[ 0.02338547  0.12234266  0.66788614  0.4476053   2.030191    0.10870425
 -0.4392376  -0.03261029 -0.28779322 -1.6735742   0.46568888 -0.37778753
  0.2993068   0.27775568 -1.8982961   0.21399155]
[ 0.01432052  0.14300445  0.66569555  0.43239674  2.045794    0.1510687
 -0.4400614  -0.06590581 -0.26915684 -1.6816816   0.48691955 -0.3685097
  0.2854278   0.2947958  -1.8990786   0.15078089]
[ 0.03468221  0.21894045  0.63904655  0.42641258  2.0624003   0.14625645
 -0.41732034 -0.12800512 -0.25833076 -1.7418034   0.5552635  -0.42812318
  0.27854365  0.25148746 -1.9335058   0.24312648]
[ 0.00457607  0.27852994  0.59921217  0.412114    2.0901337   0.12211905
 -0.4409152  -0.14631245 -0.23829374 -1.7865206   0.61167884 -0.448627
  0.25152183  0.27787358 -1.9421408   0.3071218 ]
[-0.04914692  0.25785     0.59193796  0.45415306  2.0653305   0.23591247
 -0.43177548 -0.10808854 -0.19724253 -1.7340307   0.5321777  -0.34842882
  0.24323943  0.23014644 -2.015258    0.22166112]
[ 0.04303881  0.13490489  0.5558633   0.5287873   2.1247017   0.15804791
 -0.41229123 -0.14266868 -0.32093123 -1.6427739   0.5276073  -0.41954714
  0.2844253   0.29167846 -2.0463078   0.2843452 ]
[ 0.1055992   0.05973335  0.60875493  0.50780374  2.075643    0.1615987
 -0.42154664 -0.08979072 -0.32832032 -1.5565647   0.42145896 -0.39672822
  0.32687464  0.2752647  -2.0630655   0.2606178 ]
[ 0.06543489  0.01271251  0.6115303   0.5209011   2.075449    0.13001138
 -0.39777765 -0.05978598 -0.36755586 -1.4918633   0.37942058 -0.40568122
  0.35519326  0.31150663 -2.0470722   0.254667  ]
[ 0.03446478  0.01859503  0.57805425  0.47450438  2.1410918   0.0484217
 -0.37821704 -0.06016945 -0.45416707 -1.5600188   0.42006135 -0.43626514
  0.44386426  0.35134372 -1.893417    0.2202024 ]
[ 0.03161011  0.04414161  0.5392664   0.4369455   2.124628    0.00306773
 -0.35436398 -0.01404398 -0.36752704 -1.614654    0.4392902  -0.42629123
  0.42434293  0.32745796 -1.9275675   0.2842308 ]
[ 0.02231118  0.05059161  0.5470467   0.43676367  2.1391406   0.00525794
 -0.37368962 -0.03231766 -0.40766057 -1.6379693   0.44318357 -0.46857014
  0.4171544   0.3383896  -1.8794752   0.3534116 ]
[ 0.01917229  0.06086337  0.5352849   0.504301    2.0091941   0.08615841
 -0.3042535  -0.01067261 -0.33704144 -1.5870869   0.39771837 -0.35288134
  0.3373126   0.39047533 -2.0085366   0.20766349]
[-0.06919166  0.05487784  0.6785711   0.4024188   1.9265292   0.24932638
 -0.4045523   0.09190186 -0.20326212 -1.6070068   0.2285997  -0.23778386
  0.39992896  0.24006665 -1.8788744   0.07321759]
[-0.01882085  0.00927568  0.6322245   0.4831652   1.9919189   0.18130901
 -0.31865495  0.02737538 -0.28801936 -1.545357    0.23478803 -0.29929796
  0.41391188  0.3086329  -1.9356706   0.06792744]
[ 0.01401511  0.12225908  0.6222205   0.428912    1.9130285   0.19395779
 -0.2859241   0.02586272 -0.23293003 -1.5867801   0.27094647 -0.29188192
  0.3255884   0.31032327 -1.9873337   0.10452561]
[-0.04293022  0.13670453  0.7198528   0.26206532  1.8827972   0.28817043
 -0.379455    0.11659548 -0.14557067 -1.6485865   0.20243487 -0.25291997
  0.37406972  0.21048017 -1.829653    0.05246338]
[ 0.02287245  0.12173893  0.67953265  0.3213213   1.8640438   0.2660506
 -0.32797787  0.11010822 -0.1091933  -1.5544851   0.23567994 -0.21871002
  0.2923227   0.22958076 -2.0390732   0.04928149]
[ 0.10945024  0.08975864  0.626083    0.43386412  1.922826    0.15131707
 -0.2559479   0.03449483 -0.19411705 -1.506846    0.32137892 -0.2789843
  0.23151152  0.30860415 -2.1782591   0.12816384]
[ 0.12094162  0.0825228   0.6633121   0.40524617  1.9257734   0.15639766
 -0.2782885   0.01802013 -0.24034798 -1.5399201   0.31582832 -0.29264563
  0.30865234  0.29322714 -2.1102383   0.11450087]
[ 0.1018095   0.08265941  0.63705504  0.4043711   1.929587    0.122971
 -0.31201726  0.042945   -0.2553864  -1.5912358   0.3407877  -0.31063345
  0.32076985  0.28316012 -2.0524685   0.20182562]
[ 0.02741397  0.05492147  0.65417564  0.35499638  1.9779879   0.15783286
 -0.4049154   0.08496816 -0.23972555 -1.6045812   0.29477125 -0.292504
  0.40686622  0.20099492 -1.9222504   0.19640367]
[ 0.04047403 -0.01175462  0.53815323  0.4550373   2.0893395   0.01182216
 -0.36090294  0.04298266 -0.30568606 -1.5476459   0.3919673  -0.37753877
  0.4211002   0.30389577 -1.9937245   0.25032455]
[ 0.01371152 -0.01090829  0.57013893  0.4854567   2.0550494   0.02263303
 -0.33996376  0.02825981 -0.33479944 -1.5827636   0.36673686 -0.37376526
  0.42928118  0.33883604 -1.9581143   0.2381843 ]
[-8.2193612e-04  4.2574275e-02  5.7260644e-01  4.8837462e-01
  1.9868488e+00  8.2930326e-02 -2.9431537e-01  4.9854429e-03
 -3.4005982e-01 -1.5797603e+00  3.2452452e-01 -3.5991579e-01
  3.7374923e-01  3.7972879e-01 -1.9467423e+00  2.1461852e-01]
[-0.07805993  0.0627281   0.6668905   0.4471147   1.8791548   0.20930786
 -0.34411353  0.07760561 -0.22178972 -1.5959362   0.2248712  -0.27567062
  0.36579475  0.3080328  -1.9110371   0.13204062]
[-0.0606673   0.07872204  0.6643921   0.4163108   1.8499647   0.2549796
 -0.31827152  0.07205034 -0.1866794  -1.5994264   0.2377061  -0.23893127
  0.31653896  0.2997004  -1.9574757   0.11656527]
[-0.02976205  0.11453764  0.60490084  0.47196198  1.833635    0.21717837
 -0.27195665  0.02852594 -0.17457065 -1.5687559   0.28745946 -0.24729629
  0.22643165  0.36782727 -2.0794294   0.16592084]
[-0.0848879   0.13330784  0.6540617   0.43904623  1.8309822   0.28279296
 -0.3610799   0.05517995 -0.16103695 -1.6293018   0.22220667 -0.20514707
  0.33419406  0.27747115 -1.9637158   0.12293015]
[-0.03809663  0.13496578  0.5864105   0.5074608   1.8834503   0.20760629
 -0.31040725  0.03481991 -0.16516294 -1.6076908   0.2945041  -0.23785456
  0.2835135   0.33967224 -2.1164489   0.14951746]
[-0.0938613   0.16148622  0.58872473  0.46931735  1.8563808   0.2503292
 -0.3636498   0.10033202 -0.11109905 -1.6203105   0.24900107 -0.2021482
  0.28181866  0.2894414  -2.0600579   0.15222314]
[-0.07167436  0.11171775  0.57646364  0.4839983   1.916651    0.20261118
 -0.37035474  0.09502678 -0.09638443 -1.5478481   0.27358118 -0.20542017
  0.24664381  0.29128945 -2.12106     0.16133794]
[ 0.04616264  0.08184755  0.49521074  0.60071313  1.9124027   0.10048717
 -0.24506018  0.01654984 -0.15533975 -1.4549648   0.36738262 -0.27127868
  0.17820632  0.44450837 -2.3464637   0.17341745]
[ 0.01809394  0.09386232  0.5442718   0.5003126   1.9376123   0.10821833
 -0.2832308   0.05240874 -0.15197168 -1.535097    0.3824983  -0.26423183
  0.21198495  0.411568   -2.2058303   0.12266816]
[-0.032888    0.08165005  0.66262853  0.45977488  1.9162201   0.23079629
 -0.3293322   0.06559964 -0.16042116 -1.5655761   0.253941   -0.22742812
  0.32210976  0.30066675 -2.0581863   0.02211239]
[-0.00242563  0.09772195  0.6490513   0.47690988  1.8984779   0.19575265
 -0.27998883  0.03232972 -0.18841127 -1.5791888   0.30900726 -0.2656018
  0.27361137  0.34185827 -2.088791    0.0722241 ]
[-0.01238992  0.11097268  0.70244163  0.41363305  1.8383223   0.278347
 -0.3003729   0.0512717  -0.16881391 -1.5886294   0.25505883 -0.23894882
  0.31902853  0.28411666 -2.0350177   0.03256764]
[ 0.00803711  0.09609848  0.72833943  0.38875836  1.8272817   0.29738432
 -0.32437795  0.0884323  -0.16647992 -1.5816195   0.2146676  -0.22626801
  0.31533244  0.24218774 -1.9783671   0.01230158]
[ 2.6652491e-02  9.7003855e-02  7.5020909e-01  3.4349668e-01
  1.8242385e+00  2.9261109e-01 -3.7136072e-01  9.0719424e-02
 -1.7575678e-01 -1.6154194e+00  2.1847443e-01 -2.1792622e-01
  3.6723644e-01  2.2546610e-01 -1.9144926e+00  4.9772859e-04]
[ 0.07284506  0.1122642   0.6818615   0.38430718  1.8616699   0.1955183
 -0.32328954  0.06884091 -0.18154356 -1.586486    0.28284255 -0.2641107
  0.31475955  0.2734545  -2.0091178   0.05945349]
[ 0.0155347   0.11311877  0.7188517   0.29110965  1.8811376   0.23071256
 -0.40686846  0.14657111 -0.10613655 -1.6368119   0.24037671 -0.23314199
  0.36416736  0.19785282 -1.9263932   0.05392532]
[-0.00832115  0.10449457  0.67365986  0.35718217  1.9604155   0.17473772
 -0.40453577  0.13241856 -0.12781261 -1.6646883   0.28894144 -0.26487315
  0.35253242  0.23591676 -1.9826038   0.11799701]
[ 0.08125059  0.06349035  0.63236463  0.4347337   2.013323    0.09255091
 -0.32489365  0.06758596 -0.18092723 -1.5999914   0.37030786 -0.31742293
  0.3054491   0.2701654  -2.1104665   0.14605364]
[ 0.04885439  0.12329809  0.60555875  0.4763926   1.9972906   0.10387496
 -0.32817388 -0.00611725 -0.23736958 -1.5886757   0.43633288 -0.3272068
  0.29085955  0.3088011  -2.1081655   0.14823878]
[ 0.0063732   0.15114231  0.6620872   0.43078247  1.9749434   0.12792376
 -0.35437772 -0.00704683 -0.26460594 -1.670819    0.43572584 -0.32717323
  0.33027706  0.32125762 -1.9816616   0.10898091]
[-0.04880746  0.15179738  0.75230086  0.33696264  1.9160507   0.2345196
 -0.40935406  0.01558298 -0.2578178  -1.7214632   0.36303926 -0.32605895
  0.42174545  0.23344322 -1.8025719   0.08505528]
[-0.04112827  0.18456301  0.71469325  0.3670872   1.937446    0.17192054
 -0.42388248 -0.02323721 -0.26314133 -1.766209    0.44652525 -0.3933965
  0.3605513   0.27803525 -1.8360914   0.23528461]
[-0.04549911  0.1890245   0.68794     0.38730028  1.8260403   0.25209132
 -0.376314    0.00221283 -0.18292172 -1.6938505   0.36213    -0.2738876
  0.27188697  0.25077227 -1.9339806   0.22546777]
[ 0.01865648  0.1705719   0.6009011   0.46036285  1.884895    0.13182198
 -0.33155864 -0.03516923 -0.19603236 -1.6658615   0.44794407 -0.33590087
  0.1836227   0.32484084 -2.019893    0.31149107]
[-0.06766413  0.1606472   0.6290332   0.4641193   1.950346    0.20319709
 -0.41926455 -0.04414687 -0.18296783 -1.6935894   0.42288575 -0.31636775
  0.26957116  0.2620813  -1.9464016   0.25807548]
[-0.07778133  0.1853468   0.53537     0.55074817  2.024062    0.11699452
 -0.37210897 -0.09595592 -0.22438355 -1.6963851   0.5020995  -0.37995198
  0.23188415  0.370022   -2.025404    0.30717126]
[-0.15441464  0.19601217  0.58949816  0.46654066  2.076755    0.1980042
 -0.4891514  -0.04728231 -0.21224137 -1.7541075   0.42366105 -0.34753397
  0.30356485  0.30830997 -1.8793774   0.2751797 ]
[-0.08580565  0.16224757  0.5512271   0.56946635  1.9955631   0.21045387
 -0.40947342 -0.02551297 -0.18958734 -1.6402947   0.37280035 -0.3030185
  0.22989471  0.37554455 -2.1183505   0.25504065]
[-0.058655    0.1275877   0.53009236  0.5673807   1.9820194   0.17023247
 -0.39159638  0.02800794 -0.17559472 -1.6285601   0.36320245 -0.29402104
  0.22970732  0.3563706  -2.1558132   0.30018115]
[-0.03444518  0.11125358  0.48045564  0.620072    1.9350523   0.14286447
 -0.3258492   0.03633273 -0.1701445  -1.4972537   0.31837296 -0.25394723
  0.1442199   0.40998372 -2.2563558   0.2897289 ]
[ 0.05877652  0.10712802  0.4618289   0.6394316   1.9327399   0.06635492
 -0.23245183 -0.04128296 -0.22473192 -1.4776651   0.3949188  -0.3268004
  0.12080783  0.46585035 -2.3018572   0.3067264 ]
[ 0.03978986  0.08253715  0.53580797  0.59152573  1.8931973   0.09716029
 -0.21208    -0.04022341 -0.26467276 -1.5314815   0.3550469  -0.33601624
  0.2210569   0.45359063 -2.194722    0.25770473]
[-0.01336706  0.11157429  0.6480524   0.3905788   1.9171679   0.17060132
 -0.35806474  0.01672573 -0.25297636 -1.6591552   0.31149882 -0.34347335
  0.3153692   0.30149207 -1.9092096   0.3057223 ]
[ 0.00689063  0.11194859  0.6207297   0.41720718  1.8650658   0.21499762
 -0.33374637  0.04483078 -0.18233736 -1.5476288   0.24166214 -0.2543543
  0.24564235  0.25997013 -2.0193229   0.25933534]
[ 0.04142167  0.10092936  0.55125344  0.50215167  1.9494743   0.1243646
 -0.2883657  -0.02212715 -0.23826656 -1.5496646   0.31983262 -0.30729598
  0.26762855  0.34244668 -2.129996    0.28682226]
[ 0.03574027  0.11541212  0.50568235  0.52261937  1.9649572   0.12804946
 -0.2986614  -0.00953662 -0.22710073 -1.5349426   0.32945174 -0.3043076
  0.21941936  0.37236673 -2.1523042   0.2845392 ]
[ 0.00703199  0.06583913  0.5581205   0.48293313  1.9798906   0.16879693
 -0.35666716  0.02878944 -0.22237968 -1.5151964   0.27863318 -0.28091732
  0.28031167  0.29094404 -2.092491    0.27669472]
[ 0.12549476  0.04913592  0.4539102   0.61435354  1.9662145   0.05570554
 -0.21503162 -0.04766437 -0.2584433  -1.419665    0.3477334  -0.3489152
  0.16295093  0.45214278 -2.3422997   0.35514826]
[ 0.07665958  0.04887038  0.47101107  0.57885873  2.0168147   0.05158114
 -0.27532488 -0.03547424 -0.2824019  -1.4866378   0.38162935 -0.3559601
  0.23669152  0.39928147 -2.2118688   0.33696002]
[ 0.05976143 -0.01777798  0.46399117  0.60828125  2.0372658   0.044585
 -0.2760164  -0.0287807  -0.33441234 -1.46718     0.36978993 -0.36074406
  0.27479255  0.41582948 -2.147891    0.3080257 ]
[ 0.05375747 -0.02353042  0.5670274   0.54291856  2.0124345   0.09603308
 -0.30122492 -0.00397174 -0.3293263  -1.4880419   0.2777995  -0.33919263
  0.35798728  0.3422332  -2.0634933   0.24702816]
[ 0.05461868  0.00710176  0.5998026   0.50077     1.9711726   0.11253345
 -0.3096556   0.0041628  -0.32003874 -1.4997802   0.26312715 -0.33674395
  0.3477307   0.32530308 -2.0091698   0.23824462]
[ 0.02696817 -0.01511997  0.6650065   0.44636774  1.9646499   0.19373192
 -0.3429256   0.02329098 -0.33733657 -1.4980133   0.20345607 -0.32040277
  0.4101595   0.3056518  -1.9217606   0.14289537]
[ 0.03290689  0.0391073   0.63073546  0.45252004  1.9294621   0.18057843
 -0.31908002  0.05593691 -0.23159361 -1.5082359   0.22362292 -0.2688669
  0.33534268  0.29365426 -2.0501149   0.15023012]
[ 0.02814632  0.00815855  0.6388312   0.44252998  1.9906168   0.16098991
 -0.33727625  0.04953394 -0.2566848  -1.5290736   0.24544749 -0.2978286
  0.37496004  0.29114634 -2.0069766   0.14318055]
[ 0.07705528  0.06339816  0.60890263  0.4840324   1.9515911   0.14610788
 -0.30061156  0.01139607 -0.22524527 -1.5289242   0.31076476 -0.28703204
  0.27195168  0.34544677 -2.1444526   0.16062236]
[ 0.05209253  0.06141625  0.6161566   0.48754358  1.9457344   0.16973956
 -0.32005256  0.02994466 -0.2183644  -1.5296615   0.27528304 -0.28576463
  0.29646403  0.28318542 -2.1032453   0.18603516]
[ 0.04656871  0.01194606  0.6180714   0.47730374  1.9860245   0.1439965
 -0.35618785  0.04176354 -0.2390353  -1.4989887   0.282871   -0.28786007
  0.34406862  0.27356243 -2.0728784   0.17401032]
[ 0.09102358 -0.01585659  0.59783185  0.48655277  2.0156095   0.07329424
 -0.32618108  0.02926286 -0.2772881  -1.4822519   0.32670054 -0.33683127
  0.33623782  0.32550657 -2.0746675   0.17595705]
[ 0.06365146  0.00260525  0.6472965   0.46298963  1.9921259   0.10870354
 -0.33332163  0.03099052 -0.30971345 -1.545768    0.28166154 -0.34889683
  0.3972252   0.31553343 -1.965308    0.14607416]
[ 0.04444929  0.01440161  0.68541276  0.44738922  1.981147    0.17218567
 -0.35516053  0.03021772 -0.31542563 -1.5695459   0.2468576  -0.343323
  0.39520103  0.27958885 -1.8967915   0.1298165 ]
[ 0.04679122  0.04355907  0.7154269   0.3951306   1.9071627   0.20192356
 -0.35735598  0.07835214 -0.21929836 -1.5926964   0.24354777 -0.28098875
  0.33407298  0.24673454 -1.9443363   0.12711066]
[ 0.09594397  0.08964432  0.6829373   0.42398563  1.8537486   0.1693949
 -0.33396298  0.07474871 -0.16471663 -1.590399    0.28569773 -0.2640041
  0.24877973  0.26952472 -2.0715418   0.17586005]
[ 0.09726141  0.10543084  0.6821662   0.4287141   1.8922201   0.14581409
 -0.34221846  0.06198703 -0.16508234 -1.6089172   0.30067533 -0.30004355
  0.22166607  0.23526016 -2.0315144   0.22493966]
[ 0.07025281  0.11822476  0.63387454  0.41245276  1.9939888   0.09109124
 -0.36444944 -0.0044477  -0.22103271 -1.6382195   0.41691637 -0.3725297
  0.25647622  0.2590577  -1.9735725   0.27178687]
[ 0.06530058  0.14591512  0.59245443  0.46217498  1.9739103   0.07532664
 -0.33153838 -0.02701772 -0.22500345 -1.6348823   0.44903713 -0.34195954
  0.18748912  0.35266533 -2.0848603   0.29064947]
[ 0.01644717  0.14707199  0.66617846  0.38341895  1.9664234   0.16018653
 -0.41903663  0.02976814 -0.17705476 -1.7113316   0.38772306 -0.31840104
  0.29010898  0.2551499  -1.995718    0.2683718 ]
[ 0.02122111  0.16162968  0.5722826   0.45316237  2.1038756   0.07838082
 -0.44796094 -0.05422881 -0.24388881 -1.7138958   0.5417238  -0.40197524
  0.28481737  0.2956482  -2.043324    0.3432298 ]
[-0.005137    0.16566424  0.5349871   0.57560134  2.0756645   0.11748551
 -0.38957277 -0.06254618 -0.2311674  -1.6193106   0.48791796 -0.31750292
  0.21367565  0.3505252  -2.19813     0.24915747]
[-0.04113804  0.16900723  0.48283124  0.56579626  2.1370094   0.06124813
 -0.4112773  -0.07558624 -0.26320165 -1.6654389   0.5589434  -0.35784334
  0.28673378  0.35127646 -2.1103468   0.26043305]
[-0.08754128  0.07989424  0.53617406  0.59149283  2.1639152   0.09741384
 -0.45845693 -0.06037374 -0.34836707 -1.6608235   0.4797067  -0.40416145
  0.42678896  0.3327183  -1.9741589   0.23390159]
[-0.06416406  0.06943537  0.5465569   0.5573257   2.079471    0.11209659
 -0.3985478  -0.00388657 -0.31751186 -1.6128079   0.3971472  -0.35473138
  0.39657092  0.34983107 -1.987189    0.17752269]
[ 0.0173047   0.04157218  0.5453806   0.5816966   1.9609178   0.11482386
 -0.283033   -0.00330718 -0.31205973 -1.5123469   0.3604104  -0.30677488
  0.27353695  0.4469985  -2.094947    0.11369054]
[-0.03946451  0.08285689  0.72352     0.45964098  1.8245659   0.2800616
 -0.35155424  0.06139661 -0.20492807 -1.5612123   0.2506253  -0.20968285
  0.3494571   0.35018605 -2.0213284  -0.05608574]
[-0.05381886  0.16175374  0.7013348   0.3942265   1.8329967   0.2635044
 -0.36570868  0.0540478  -0.16676684 -1.6647799   0.32472047 -0.21468568
  0.3653691   0.29782087 -1.9666103  -0.02332557]
[-0.11893924  0.18252997  0.7671484   0.33576378  1.8345922   0.3418444
 -0.4460551   0.08844231 -0.11013782 -1.7425299   0.25352898 -0.18684043
  0.43142104  0.20264184 -1.835989   -0.05615053]
[-0.10663     0.18159565  0.7255744   0.372754    1.9530659   0.2892236
 -0.44161457  0.02490537 -0.13909946 -1.7411972   0.36236006 -0.24316902
  0.38392958  0.19958465 -1.8843933   0.00496429]
[-0.08839856  0.13885334  0.7094497   0.4286019   1.983599    0.22303577
 -0.40362683  0.00816693 -0.16997965 -1.717541    0.40209928 -0.29194823
  0.390269    0.28253198 -1.9734147   0.01858258]
[-0.13295187  0.15530649  0.7289667   0.3851661   2.007449    0.28534955
 -0.4669424  -0.00261228 -0.20221591 -1.7520489   0.38254777 -0.29607147
  0.42189163  0.26107875 -1.8449415   0.01214556]
[-8.1919417e-02  1.4040774e-01  7.1935499e-01  4.2571840e-01
  1.9522110e+00  2.7657339e-01 -4.0456176e-01 -2.0095089e-02
 -2.1653163e-01 -1.6801558e+00  3.6040488e-01 -2.9019269e-01
  3.9553419e-01  3.0611339e-01 -1.9433219e+00  1.1678279e-03]
[-0.12313738  0.1603965   0.7575549   0.3313355   1.9316765   0.33174154
 -0.4901573   0.04998279 -0.17297211 -1.7468678   0.34622008 -0.27207318
  0.48174986  0.22942445 -1.8373477  -0.03753769]
[-0.07281154  0.11101391  0.7472712   0.37961617  1.9208695   0.27672708
 -0.42549554  0.08501557 -0.13241927 -1.6719673   0.30689317 -0.23354287
  0.4480494   0.25068766 -1.984518   -0.06815089]
[-0.13188656  0.10598464  0.77751     0.34018987  1.9413764   0.3159864
 -0.50231135  0.12514722 -0.0955996  -1.6685289   0.2536899  -0.18141434
  0.4760824   0.18274306 -1.9010296  -0.10049903]
[-0.07497977  0.05417452  0.68696386  0.5215156   2.033833    0.16382515
 -0.40064502  0.00488531 -0.24955682 -1.6342446   0.35107133 -0.317549
  0.45642787  0.33160472 -2.011189    0.02398998]
[-0.10566757  0.04221512  0.73665494  0.47234374  1.9792845   0.22663131
 -0.3971444   0.02264277 -0.24553147 -1.6573601   0.32093754 -0.30749395
  0.48632115  0.31597042 -1.9180481  -0.0332904 ]
[-0.10483561  0.01421475  0.7733092   0.42650372  1.9031355   0.25648683
 -0.36963385  0.05996487 -0.23209238 -1.6461112   0.2809674  -0.29123133
  0.48179483  0.3329262  -1.8575306  -0.0912112 ]
[-0.1867503   0.09871521  0.87019074  0.25420082  1.7541857   0.45092958
 -0.44794956  0.12544279 -0.09673087 -1.6868036   0.12749144 -0.13699001
  0.51561886  0.1736891  -1.6863556  -0.19186832]
[-0.13730434  0.12530294  0.79808104  0.40775657  1.8132458   0.35535794
 -0.37596753  0.02734011 -0.22313371 -1.6939386   0.21015938 -0.22286698
  0.4812221   0.29293284 -1.807523   -0.11133442]
[-0.17487419  0.16108112  0.84521484  0.2696218   1.719389    0.46792108
 -0.42616838  0.10845879 -0.11181442 -1.7512639   0.15484127 -0.14933029
  0.46959153  0.20285292 -1.663256   -0.18334046]
[-0.167339    0.18574327  0.8442589   0.23965187  1.7361208   0.4311337
 -0.4295806   0.14094569 -0.00790094 -1.7578914   0.19984612 -0.1333553
  0.4051798   0.175309   -1.781793   -0.14198205]
[-0.18804403  0.15358683  0.8165945   0.26719078  1.8029878   0.409585
 -0.47468966  0.14484291 -0.02342424 -1.722917    0.21825926 -0.1418974
  0.4395032   0.19060819 -1.8080984  -0.1466619 ]
[-0.1519511   0.13653581  0.7593679   0.40884012  1.9302686   0.31802487
 -0.46038193  0.05853657 -0.14285646 -1.7090868   0.30159956 -0.2297442
  0.47367567  0.27097565 -1.924168   -0.10216282]
[-0.11260934  0.13023758  0.7412251   0.44924697  1.8803831   0.30265507
 -0.39127082  0.06168712 -0.15086438 -1.6636345   0.27423537 -0.20858765
  0.43529502  0.28823698 -1.9991086  -0.10003348]
[-0.12457869  0.15010612  0.7717496   0.34669834  1.8370006   0.32306227
 -0.42271718  0.12921652 -0.0637915  -1.696549    0.26186267 -0.18121877
  0.4280409   0.2452583  -1.9463546  -0.12093385]
[-0.16694567  0.11038125  0.789853    0.33587968  1.8612134   0.33985987
 -0.45201588  0.14218096 -0.05379468 -1.6831281   0.23468277 -0.1679455
  0.42832977  0.21388483 -1.8803564  -0.11480828]
[-0.10318307  0.06241402  0.74070084  0.46298337  1.9248726   0.26589504
 -0.35673365  0.03172767 -0.18576238 -1.6157624   0.30850315 -0.2602588
  0.41712093  0.3423031  -2.0037029  -0.09539062]
[-0.1267479   0.11813369  0.7806715   0.42313948  1.8436644   0.3338089
 -0.36768994  0.02902287 -0.1855758  -1.6723922   0.27647108 -0.23177667
  0.44284123  0.30248922 -1.9066998  -0.12282509]
[-0.13310593  0.17293617  0.8287274   0.33252814  1.7495759   0.39230484
 -0.3753814   0.05285789 -0.1476109  -1.7535648   0.23273787 -0.1974775
  0.44386578  0.25237566 -1.7922411  -0.11980911]
[-0.1703212   0.19697712  0.85442793  0.23976168  1.6991947   0.47270417
 -0.43531615  0.10625442 -0.05393405 -1.7423027   0.1682652  -0.13752094
  0.39904717  0.1746043  -1.7143996  -0.1168745 ]
[-0.15188088  0.17927751  0.8226549   0.27447394  1.7679937   0.41138068
 -0.4413876   0.09903203 -0.0734279  -1.7298763   0.20564947 -0.16476509
  0.40289083  0.1722886  -1.7634103  -0.06964152]
[-0.15180211  0.1300458   0.79735076  0.31257886  1.8462982   0.39443898
 -0.45669612  0.07996319 -0.13095969 -1.6831653   0.22910888 -0.19892262
  0.44981185  0.20724821 -1.8095897  -0.0761134 ]
[-0.10174024  0.15618476  0.73108566  0.45324945  1.8778677   0.2790578
 -0.3927445   0.01277402 -0.18651494 -1.6732719   0.30877346 -0.24948208
  0.40603477  0.30499756 -1.9728794  -0.01285849]
[-0.16398665  0.18040976  0.81653136  0.27737886  1.8410689   0.3927797
 -0.49631196  0.09610983 -0.08306593 -1.7200066   0.25568134 -0.17568907
  0.46744388  0.17574504 -1.8322299  -0.09319342]
[-0.09765264  0.14658274  0.715661    0.44641867  1.9400122   0.22701228
 -0.42266577  0.0210636  -0.1557702  -1.6893966   0.39339012 -0.28731763
  0.41659433  0.31941646 -2.0375245   0.00302423]
[-0.1834664   0.1568421   0.7702013   0.36724222  1.9217106   0.3129507
 -0.5013617   0.07662428 -0.10665113 -1.7207206   0.32023013 -0.22514045
  0.43985802  0.22734627 -1.8948383  -0.02090416]
[-0.06472049  0.12490565  0.71402204  0.50314105  1.9496963   0.20439935
 -0.39230013 -0.03669197 -0.20770872 -1.6335866   0.3831471  -0.3161351
  0.34068042  0.33488357 -2.0380921   0.07601687]
[-0.09709735  0.12092583  0.7364802   0.4612584   1.9173448   0.22589688
 -0.38065535 -0.03734761 -0.21391101 -1.6604878   0.39814603 -0.3582372
  0.39771903  0.3272596  -1.9402882   0.04381891]
[-0.1308569   0.17318949  0.7966916   0.40421     1.8362389   0.31272012
 -0.36548498 -0.04611332 -0.2108283  -1.7058369   0.37498218 -0.33465466
  0.37296757  0.3097979  -1.853137    0.00685101]
[-0.1605163   0.2747701   0.8852566   0.24933179  1.6799606   0.4583971
 -0.43066835  0.01334812 -0.12672248 -1.773238    0.303509   -0.23706941
  0.32772216  0.272095   -1.7186228  -0.07673682]
[-0.1220592   0.3266419   0.8530922   0.2502829   1.6844809   0.41555294
 -0.45829162  0.01421722 -0.06058395 -1.8026927   0.36027202 -0.24596271
  0.31079307  0.22991769 -1.7983027  -0.01509396]
[-0.17012395  0.2993114   0.80337656  0.32147747  1.7791798   0.3905417
 -0.49249998  0.01879527 -0.04084195 -1.7892128   0.4294475  -0.25668782
  0.30165187  0.25870988 -1.895119   -0.01801683]
[-0.1677479   0.32901874  0.76563627  0.338975    1.8590298   0.33948237
 -0.51542366  0.00602871 -0.02223403 -1.8369963   0.47481376 -0.24767673
  0.2779599   0.23585883 -1.9056594   0.01069785]
[-0.15365727  0.334926    0.746764    0.3806066   1.9119217   0.2685822
 -0.5575074  -0.02082104 -0.02924091 -1.8405212   0.5340177  -0.26781496
  0.26621768  0.21785447 -1.9563259   0.10876367]
[-0.14467852  0.25365064  0.6266171   0.57072955  2.047362    0.15320674
 -0.47982305 -0.12271339 -0.18206397 -1.7861408   0.6521706  -0.42454404
  0.2941069   0.36356348 -2.0506046   0.17307386]
[-0.18450904  0.2579697   0.6767      0.44384307  2.0543156   0.1995962
 -0.52320135 -0.07289638 -0.18589899 -1.8799232   0.6713067  -0.40612555
  0.36097154  0.30968738 -1.8583555   0.07817998]
[-0.2277883   0.29588503  0.7549931   0.38149244  1.9210455   0.32802302
 -0.5405687  -0.04697294 -0.11883203 -1.8416739   0.53715175 -0.2767387
  0.3378264   0.28573257 -1.8341076  -0.01535282]
[-0.22152694  0.31254044  0.6963495   0.4904078   1.9362638   0.30716896
 -0.5225756  -0.11131813 -0.16812494 -1.8522202   0.57456315 -0.34930027
  0.3630389   0.31979352 -1.8812965   0.04873886]
[-0.22714248  0.28953308  0.73065025  0.42503795  1.9400162   0.2955346
 -0.48584405 -0.05345117 -0.14319329 -1.9211178   0.55516875 -0.35390136
  0.42035133  0.2706491  -1.7915748  -0.00963815]
[-0.22372463  0.33380288  0.78447884  0.34608462  1.8431885   0.37329262
 -0.4426139  -0.0173528  -0.05705676 -1.8665699   0.49406457 -0.23937035
  0.27896783  0.26131544 -1.831353   -0.09868076]
[-2.4084444e-01  3.5737211e-01  7.6849401e-01  2.8671262e-01
  1.8173176e+00  3.8993445e-01 -5.0481808e-01 -1.0768116e-03
 -7.5826945e-04 -1.8726085e+00  4.9141580e-01 -1.9528665e-01
  2.9117614e-01  2.2886172e-01 -1.8143222e+00 -6.1533011e-02]
[-0.20305917  0.328099    0.68281376  0.43648657  1.900811    0.34958375
 -0.47953194 -0.09808992 -0.14921609 -1.8468691   0.5303591  -0.29704785
  0.34408855  0.30022088 -1.8833313   0.02741737]
[-0.20984718  0.2679201   0.7485274   0.38054186  1.9204277   0.3510752
 -0.4705905  -0.03815746 -0.13703734 -1.8884729   0.47431248 -0.29423273
  0.42964178  0.24670956 -1.8020222  -0.03837095]
[-0.20696704  0.32043844  0.7881125   0.3284453   1.8637607   0.40445772
 -0.4665895   0.01059694 -0.03799343 -1.8443273   0.40374938 -0.19223584
  0.34551924  0.19073853 -1.8606396  -0.10814895]
[-0.21897316  0.2865395   0.77092755  0.31063658  1.9148363   0.3514662
 -0.5235029   0.02333897 -0.06904048 -1.8537687   0.44336432 -0.22878571
  0.4287447   0.19976078 -1.8305328  -0.06564492]
[-0.18102273  0.21394007  0.71445453  0.45838365  1.984629    0.30044422
 -0.48067355 -0.05092964 -0.20719028 -1.771484    0.45571733 -0.31686002
  0.42046642  0.31668925 -1.9098084  -0.00624847]
[-0.169601    0.19784479  0.75609004  0.37575203  1.9420016   0.32363588
 -0.49232635  0.00879613 -0.18523951 -1.7958145   0.38422054 -0.28231195
  0.45059568  0.24263468 -1.8032949  -0.01136646]
[-0.16098443  0.15221038  0.81573474  0.2993345   1.8699316   0.37014854
 -0.4805773   0.09263493 -0.09178706 -1.7216715   0.28500682 -0.19617459
  0.45958272  0.18928698 -1.8327217  -0.11275105]
[-0.13408403  0.14101908  0.72791445  0.47207054  1.9546913   0.23901448
 -0.40493336 -0.01964897 -0.230136   -1.7272403   0.38892502 -0.30761853
  0.43909788  0.31941336 -1.9259771   0.00784999]
[-0.18816265  0.17142913  0.79971075  0.35686842  1.8998665   0.3535458
 -0.4641036   0.01439385 -0.19323954 -1.7761701   0.30130258 -0.26236078
  0.46307898  0.2554558  -1.7523317  -0.03746079]
[-1.5530188e-01  1.7542417e-01  7.6141566e-01  4.2666087e-01
  1.8742832e+00  3.1708997e-01 -4.3145242e-01 -3.4042896e-04
 -2.0064101e-01 -1.7625322e+00  3.3363909e-01 -2.7938709e-01
  4.1028634e-01  2.9150981e-01 -1.8337638e+00  1.5737910e-02]
[-0.19869581  0.17624287  0.8122448   0.27173388  1.8075289   0.406989
 -0.48383838  0.09081568 -0.07416321 -1.7727607   0.2640335  -0.18254647
  0.43925595  0.18628636 -1.7389383  -0.06360237]
[-0.1618351   0.17346545  0.7493027   0.40485066  1.8865175   0.32329232
 -0.45868725  0.031435   -0.13683838 -1.7359902   0.3095149  -0.23988268
  0.38069886  0.28386924 -1.8791536   0.01204931]
[-0.19903132  0.19184753  0.7544857   0.3790126   1.8660214   0.36064297
 -0.48955613  0.06146098 -0.09665208 -1.745977    0.2728942  -0.1874772
  0.42057434  0.23799348 -1.8460944  -0.03827376]
[-0.14671351  0.16141377  0.6701814   0.5045932   1.9573967   0.26048762
 -0.4284131  -0.00256341 -0.164852   -1.7207592   0.3689877  -0.2644062
  0.3825205   0.32580367 -1.9942611   0.03267528]
[-0.18491024  0.19060783  0.6960848   0.44861     1.9556202   0.2844962
 -0.46516553  0.04209704 -0.11029144 -1.7496601   0.36268902 -0.2470263
  0.3658107   0.2943289  -1.9603138   0.0192863 ]
[-0.19814572  0.17677455  0.7494294   0.38538915  1.8786072   0.36853865
 -0.49743947  0.11110115 -0.02947632 -1.6799259   0.25141668 -0.14069833
  0.37404203  0.19881408 -1.9392595  -0.06954283]
[-0.10657032  0.10662462  0.6622671   0.576384    1.9694908   0.21641202
 -0.37702042 -0.00476521 -0.18245018 -1.6115808   0.3768905  -0.27955115
  0.36334255  0.38705626 -2.1319232  -0.02698553]
[-0.1335468   0.12576196  0.747776    0.43486303  1.927288    0.28025845
 -0.41016603  0.05176052 -0.1566529  -1.6934875   0.3516421  -0.24877596
  0.44973192  0.32300648 -1.9849104  -0.12962715]
[-0.14970616  0.18808886  0.7772326   0.40450603  1.8425691   0.3064049
 -0.4123679   0.06122905 -0.13061963 -1.751334    0.3273668  -0.23906943
  0.4177156   0.30830795 -1.9393085  -0.07274993]
[-0.20220597  0.20674443  0.80923367  0.32121176  1.7796125   0.401102
 -0.45870525  0.09276912 -0.05166901 -1.739507    0.26345837 -0.15373263
  0.40713868  0.20313373 -1.8252424  -0.11484666]
[-0.14247534  0.15237164  0.7420217   0.46971607  1.8648891   0.2875544
 -0.37648708  0.00535627 -0.1649361  -1.7032017   0.3591744  -0.25498003
  0.3827427   0.3205853  -1.9576256  -0.04644836]
[-0.1656564   0.21325889  0.8068879   0.33512244  1.7988799   0.3801078
 -0.398499    0.0197497  -0.11287375 -1.7640741   0.3365718  -0.21289673
  0.3685593   0.24887547 -1.829056   -0.08634637]
[-0.17056465  0.27131113  0.7884528   0.34892726  1.7993987   0.37375504
 -0.40996212 -0.01907154 -0.12514085 -1.7936332   0.37613255 -0.23855028
  0.3692645   0.26739526 -1.8284143  -0.06915703]
[-0.26957747  0.3109147   0.80494803  0.28242153  1.8054297   0.44872394
 -0.50662416  0.01178615 -0.07171623 -1.8835729   0.35741705 -0.22391316
  0.4282735   0.20091715 -1.6603267  -0.09299159]
[-0.20567226  0.31561714  0.76211077  0.35782176  1.8466103   0.36671138
 -0.45354444 -0.00798779 -0.09606341 -1.8489612   0.4094953  -0.25075448
  0.35429698  0.2628433  -1.8536078  -0.01651105]
[-0.18220757  0.32830766  0.7960874   0.27597046  1.7904847   0.4162342
 -0.4857605   0.04633019  0.01284482 -1.8008821   0.35892367 -0.17749812
  0.2773685   0.16431588 -1.8556693  -0.02254813]
[-0.1862467   0.25753123  0.756794    0.34830478  1.9051592   0.33829087
 -0.5230049   0.02331836 -0.04621919 -1.7617314   0.41166553 -0.23927212
  0.32977852  0.20346339 -1.9061524   0.03039155]
[-0.06880022  0.19954987  0.6718248   0.55334234  1.9679136   0.22190514
 -0.37851626 -0.09885873 -0.21286587 -1.6586918   0.47318593 -0.33111033
  0.2732925   0.35272193 -2.1197784   0.09664388]
[-0.09087542  0.21787111  0.7235753   0.4324256   1.9542679   0.22660208
 -0.42223015 -0.08802581 -0.21640706 -1.7602438   0.5182601  -0.34998843
  0.34098235  0.340728   -1.9592946   0.07383251]
[-0.1651335   0.24940476  0.7175552   0.39377064  1.9415419   0.28314045
 -0.488604   -0.05265744 -0.16886698 -1.8181579   0.516238   -0.33179957
  0.41570884  0.28498235 -1.8825359   0.04697565]
[-0.1909131   0.25914505  0.67962295  0.46220723  2.0001345   0.28078645
 -0.5121758  -0.07250699 -0.19240043 -1.8475177   0.53110594 -0.32781583
  0.39030626  0.2799306  -1.8880104   0.09184439]
[-0.19301824  0.240689    0.71554565  0.44857806  1.9891497   0.30136576
 -0.5159911  -0.05954206 -0.18085898 -1.7724317   0.46232432 -0.27416527
  0.3664539   0.24673729 -1.8832657   0.05125828]
[-0.17585449  0.16358837  0.6564542   0.51423055  2.039186    0.1998803
 -0.48088717 -0.07234763 -0.22116542 -1.7365423   0.51181984 -0.35913542
  0.3888306   0.3436786  -1.9272912   0.09855841]
[-0.27752852  0.18920612  0.74968636  0.4378528   2.0056267   0.3480652
 -0.5157959  -0.04798061 -0.21069328 -1.7822065   0.41313973 -0.3050092
  0.41726103  0.29127145 -1.7738879   0.00326833]
[-0.1778607   0.18755765  0.6891419   0.46556467  1.9779552   0.25242692
 -0.41579288 -0.07142347 -0.25548092 -1.7590535   0.43100342 -0.32678795
  0.37836498  0.381046   -1.8387315   0.02557507]
[-0.25622442  0.2774034   0.79624474  0.29512605  1.83507     0.44628936
 -0.51585907  0.01958039 -0.08699295 -1.829683    0.34104246 -0.21828747
  0.42310628  0.20707622 -1.7129759  -0.0792918 ]
[-0.17685437  0.23188856  0.74416846  0.43103743  1.837723    0.35523036
 -0.40841565  0.0052245  -0.1230335  -1.7439842   0.36203176 -0.24551065
  0.3717413   0.32576215 -1.9661773  -0.06185208]
[-0.19804701  0.27247894  0.79701084  0.27346355  1.7643259   0.4371051
 -0.45439523  0.11183237  0.02964133 -1.7599213   0.27007988 -0.1288403
  0.35660282  0.18795379 -1.868387   -0.15268938]
[-0.16261078  0.23673324  0.7890035   0.34152344  1.8355249   0.3560652
 -0.4778586   0.06925828 -0.03944898 -1.7325042   0.31098467 -0.17689255
  0.3664127   0.1987335  -1.9431032  -0.03171602]
[-0.08138476  0.15741484  0.6989377   0.5125507   1.927078    0.24342784
 -0.38767558 -0.04993085 -0.18752687 -1.6497043   0.41012225 -0.3043887
  0.34556806  0.35916737 -2.0951264   0.04125326]
[-0.11406179  0.17781487  0.735975    0.44736552  1.915293    0.2710868
 -0.40080184 -0.02537888 -0.17856951 -1.7089968   0.41307664 -0.30147088
  0.38684076  0.29234487 -1.9739075   0.00281709]
[-1.8514685e-01  2.2751255e-01  8.3069742e-01  3.2874092e-01
  1.8609502e+00  3.7359220e-01 -4.7976369e-01  4.2134820e-04
 -1.4845817e-01 -1.7737505e+00  3.4681624e-01 -2.4963450e-01
  4.2326498e-01  2.0534913e-01 -1.7897072e+00 -3.0104512e-02]
[-0.1489214   0.2023141   0.74641144  0.44379458  1.9314352   0.2696107
 -0.44640914 -0.07269062 -0.24347942 -1.763979    0.42627054 -0.33895952
  0.39746422  0.30586287 -1.8382442   0.07343992]
[-0.19801526  0.21105328  0.76991105  0.35349858  1.90033     0.31071493
 -0.4896133  -0.02332499 -0.19137251 -1.8463974   0.41974717 -0.33663824
  0.44487128  0.28213438 -1.7264588   0.06404142]
[-0.21452367  0.22086391  0.7897302   0.3565135   1.8579414   0.401568
 -0.48125452 -0.00805839 -0.14680013 -1.796333    0.35040027 -0.2576122
  0.381413    0.26339746 -1.7691164  -0.00560669]
[-2.4164219e-01  2.3810101e-01  7.2924817e-01  3.9899498e-01
  1.8960606e+00  3.6833590e-01 -5.2234238e-01 -1.6305506e-03
 -9.8003060e-02 -1.7910774e+00  3.6466327e-01 -2.2440872e-01
  3.6778289e-01  2.4428818e-01 -1.8151166e+00  3.0983936e-02]
[-0.20647323  0.19632018  0.69469917  0.47772026  2.009727    0.3020206
 -0.52001786 -0.04433522 -0.18426485 -1.7696651   0.42376128 -0.29832453
  0.40314922  0.29626042 -1.892807    0.055664  ]
[-0.19954686  0.23118913  0.6398872   0.5599617   1.9847753   0.2726773
 -0.44182086 -0.06063713 -0.18840246 -1.7550037   0.43640384 -0.28008032
  0.34502897  0.3447761  -2.0153131   0.06977783]
[-0.25084984  0.2284153   0.711531    0.38024232  1.9313484   0.36200756
 -0.52917373  0.07141354 -0.07902203 -1.7763783   0.3534046  -0.19445027
  0.38590258  0.25667232 -1.8510807  -0.05881331]
[-0.18150243  0.16839507  0.6786031   0.46835464  1.9989506   0.28189096
 -0.50723     0.01680798 -0.15765736 -1.7320111   0.39720663 -0.27126947
  0.4036683   0.29310808 -1.9390223   0.02350368]
[-0.10935001  0.11820843  0.6652163   0.5709213   1.9416792   0.24194558
 -0.37361735 -0.01749018 -0.1858233  -1.621506    0.3355075  -0.278153
  0.34467983  0.39120927 -2.1169944   0.03434278]
[-0.10738218  0.14963806  0.7107178   0.4605587   1.8631607   0.28038043
 -0.37903008  0.0506852  -0.13652961 -1.6526991   0.3080505  -0.22825913
  0.35677308  0.32071012 -2.0234516  -0.03396625]
[-0.1836923   0.1581574   0.81639224  0.33036247  1.8171009   0.38169438
 -0.4548232   0.10126071 -0.07246985 -1.700629    0.2343065  -0.15412053
  0.42229396  0.20048401 -1.8533074  -0.10492358]
[-0.07754962  0.13972935  0.7226628   0.49960536  1.882386    0.27209246
 -0.33121857 -0.0264736  -0.19906312 -1.6398236   0.3275838  -0.25717732
  0.35585138  0.34791833 -2.0468304  -0.03090321]
[-0.14405023  0.2075179   0.77123344  0.38433167  1.8535817   0.3449472
 -0.4262607   0.00277493 -0.17507222 -1.75947     0.32482275 -0.24468541
  0.40769774  0.25755465 -1.8443718  -0.01885182]
[-0.20485444  0.20437682  0.816726    0.30574605  1.8520024   0.40434527
 -0.5000331   0.04431069 -0.13041325 -1.8003142   0.27248535 -0.219304
  0.43607935  0.20078294 -1.7114432  -0.02737525]
[-0.12534574  0.18014896  0.7469449   0.41571802  1.9046993   0.31641874
 -0.42917356 -0.00487401 -0.189141   -1.7328634   0.32781732 -0.25912192
  0.3760517   0.26751247 -1.8926296   0.04102755]
[-0.18582729  0.19130903  0.7695214   0.33764094  1.8700364   0.3651782
 -0.49851078  0.07218678 -0.10832162 -1.7665529   0.2737436  -0.1944936
  0.42983118  0.20293057 -1.7991463  -0.01681196]
[-0.15669751  0.15969363  0.7168485   0.4465384   1.992992    0.29014644
 -0.48043284 -0.00811065 -0.20914893 -1.7295377   0.3401516  -0.27687222
  0.42457795  0.2698822  -1.8896134   0.05342724]
[-0.10094981  0.14495602  0.67786396  0.49169225  1.955919    0.24077258
 -0.42222723  0.00702896 -0.1829917  -1.6864784   0.33991203 -0.26517323
  0.362858    0.31482953 -2.0036583   0.06904201]
[-0.18402502  0.14111938  0.7402824   0.37336987  1.971029    0.31911767
 -0.5306659   0.08821566 -0.11329538 -1.7275512   0.31404203 -0.22519454
  0.44285244  0.22318235 -1.8766329  -0.01494815]
[-0.10641786  0.07638954  0.6539785   0.51319605  2.039146    0.19259012
 -0.421661    0.02817622 -0.17595133 -1.6434046   0.3748484  -0.28329828
  0.41668826  0.34024292 -2.0734074   0.00797525]
[-0.13747706  0.11905403  0.7022151   0.47815567  2.0339      0.25159124
 -0.45931906  0.02831189 -0.16589221 -1.6791286   0.36026543 -0.26569456
  0.4339952   0.29577485 -2.0002708  -0.05725541]
[-0.11055662  0.11506411  0.7092804   0.48909768  1.97787     0.23081127
 -0.40887958  0.02861112 -0.17359713 -1.6753471   0.355269   -0.26628447
  0.41616696  0.31296343 -2.0101311  -0.05230429]
[-0.13789308  0.1311106   0.77465403  0.38630468  1.9352375   0.28452405
 -0.43221933  0.05847583 -0.14020082 -1.7160985   0.3500925  -0.26966918
  0.42692566  0.292096   -1.9239464  -0.08226188]
[-0.0993368   0.1501171   0.80069417  0.3429165   1.8360049   0.31372556
 -0.38507575  0.08272457 -0.12162697 -1.701423    0.2993961  -0.24529743
  0.3692163   0.26258698 -1.8997257  -0.06644372]
[-0.12091164  0.2115115   0.83006203  0.3206975   1.7673517   0.36368972
 -0.395428    0.05319115 -0.12573156 -1.7381485   0.2900816  -0.22782716
  0.38283604  0.2417367  -1.8327477  -0.08101442]
[-0.07587149  0.24028115  0.7989913   0.3779904   1.7514184   0.3424798
 -0.36310682  0.00401707 -0.14025974 -1.7080065   0.3358121  -0.24748507
  0.3207205   0.2607981  -1.8954713  -0.06267525]
[-0.07932615  0.2652246   0.8459986   0.24240255  1.6945308   0.38090736
 -0.40124065  0.06519681 -0.05029216 -1.7784675   0.33949667 -0.2131191
  0.3518124   0.20625114 -1.8182538  -0.11315622]
[-0.11176777  0.28754377  0.83385086  0.2134101   1.7372487   0.38183632
 -0.45379823  0.07166375  0.00936719 -1.8181403   0.35425943 -0.18988095
  0.32437378  0.18218282 -1.8113865  -0.07078989]
[-0.12732388  0.27710435  0.7653488   0.31763297  1.8433554   0.31827813
 -0.5002058   0.01894893 -0.04087092 -1.8408543   0.41264826 -0.23144929
  0.32180792  0.2133249  -1.8694799   0.06570674]
[-0.14416784  0.2544591   0.6714307   0.4398958   2.0270138   0.23619738
 -0.51075613 -0.08580799 -0.16378963 -1.8281527   0.550506   -0.33897302
  0.33681872  0.27048185 -1.9166218   0.14685093]
[-0.14265224  0.26016068  0.6330718   0.539667    2.0552242   0.19123587
 -0.45082217 -0.11322632 -0.20496586 -1.8085006   0.578159   -0.3393033
  0.30342573  0.31272048 -2.0075974   0.13785665]
[-0.21638286  0.2737809   0.74302137  0.39113623  2.0206223   0.32975507
 -0.55973965 -0.05038791 -0.17117558 -1.8297514   0.46549922 -0.27172577
  0.37439984  0.19384529 -1.7888664   0.03993737]
[-0.18265548  0.20531261  0.7001079   0.46264583  2.0629444   0.26538366
 -0.5512249  -0.07651691 -0.28478992 -1.7901411   0.4834991  -0.38168398
  0.46888623  0.27425423 -1.7877926   0.07645351]
[-0.16926868  0.18594232  0.7260035   0.41077042  1.973624    0.2893293
 -0.49796715  0.00524933 -0.21494603 -1.7530072   0.3976952  -0.31063685
  0.4607827   0.28350443 -1.8421091  -0.00329036]
[-0.11248446  0.17480864  0.7252757   0.39840102  1.9490846   0.24764276
 -0.43150145  0.02343453 -0.19421652 -1.7323862   0.40183005 -0.3051391
  0.4135241   0.34026718 -1.9176788  -0.04124583]
[-0.1560913   0.2666117   0.7945869   0.31606188  1.8170741   0.35547405
 -0.4746855   0.07056816 -0.03763549 -1.7614384   0.34654477 -0.17789055
  0.36996743  0.20264137 -1.9216633  -0.07129622]
[-0.07600567  0.22539735  0.71023715  0.47982478  1.9190767   0.237992
 -0.39625806 -0.05298236 -0.14146796 -1.7120463   0.4641667  -0.28925022
  0.31122988  0.2972299  -2.0750034   0.03783062]
[-0.12078656  0.22134118  0.7244136   0.44615206  1.9632864   0.23604655
 -0.40634155 -0.06760119 -0.18046145 -1.7571007   0.52750766 -0.33727437
  0.3605983   0.30251914 -1.9844246   0.01083193]
[-0.18321416  0.27889928  0.7686242   0.33895618  1.9465764   0.2993455
 -0.4639942  -0.06492798 -0.15665074 -1.8505738   0.54793626 -0.31552225
  0.4039832   0.27149177 -1.8215023  -0.06121624]
[-0.23743811  0.32315192  0.77609503  0.3465396   1.94326     0.35245982
 -0.49365577 -0.10135398 -0.19556208 -1.8943008   0.54145885 -0.34701186
  0.4352067   0.2747875  -1.7369192  -0.04599556]
[-0.25808343  0.37488303  0.76150525  0.34727407  1.8855978   0.3915444
 -0.4937203  -0.11106668 -0.18588069 -1.9609883   0.5551177  -0.35743564
  0.44796118  0.26880717 -1.6825964  -0.04067422]
[-0.29942653  0.37905735  0.8188084   0.28069726  1.8546762   0.44379205
 -0.5396557  -0.02236562 -0.06099731 -1.9450108   0.48551545 -0.26512346
  0.3757434   0.19631366 -1.6824497  -0.07844559]
[-0.2103397   0.31454554  0.78428966  0.29715577  1.8704876   0.3661531
 -0.5040991  -0.00616339 -0.05286704 -1.8681946   0.47671634 -0.25282264
  0.315151    0.2152886  -1.7855284  -0.01825727]
[-0.20103332  0.25139633  0.76986897  0.32918102  1.9471594   0.342814
 -0.5432452  -0.03258575 -0.1358741  -1.8372278   0.47107726 -0.29873216
  0.38907036  0.22356434 -1.767232    0.03453739]
[-0.18740936  0.19466063  0.7078576   0.47965127  1.9943005   0.2961823
 -0.46080166 -0.07927833 -0.19983009 -1.7714688   0.48094684 -0.3285703
  0.42060137  0.32709333 -1.9116815  -0.02293156]
[-0.20498602  0.27954012  0.744518    0.4218347   1.9767439   0.3397267
 -0.46479034 -0.06981502 -0.18343398 -1.8630873   0.46580797 -0.29352593
  0.42975694  0.2590346  -1.8411481  -0.05580903]
[-0.2461634   0.3056268   0.7711916   0.28689522  1.9182446   0.3828006
 -0.5401834   0.03219385 -0.05872232 -1.9068524   0.43923602 -0.21852064
  0.44447976  0.1802681  -1.7444799  -0.10634308]
[-0.22988713  0.22890635  0.7544419   0.30752957  2.0041862   0.32553118
 -0.57907254  0.04583748 -0.11214431 -1.8665466   0.46288466 -0.28158122
  0.47961584  0.21115682 -1.7653034  -0.04554011]
[-0.17773578  0.16193871  0.7169115   0.39939776  2.0189695   0.2733702
 -0.4958473   0.03306254 -0.16921398 -1.7665317   0.41150013 -0.2950769
  0.44895515  0.27736038 -1.8678303  -0.02911395]
[-0.13585636  0.1342064   0.7589832   0.41088265  1.9291074   0.29198188
 -0.43881172  0.05248023 -0.15139166 -1.6876663   0.31487697 -0.2547032
  0.40988463  0.28013012 -1.9149892  -0.06009251]
[-0.10680576  0.13624069  0.7565497   0.4426872   1.8549484   0.27926096
 -0.37130865  0.03871905 -0.15571879 -1.6681302   0.32996756 -0.24712062
  0.38794807  0.319846   -1.9743068  -0.08589427]
[-0.11916316  0.17258506  0.8016578   0.33868146  1.769008    0.35878563
 -0.36737806  0.0632784  -0.11440834 -1.7008467   0.2915696  -0.20808288
  0.3854112   0.2606514  -1.893214   -0.10129707]
[-0.12387487  0.21107106  0.8148551   0.3035435   1.743213    0.39082173
 -0.37748894  0.0510988  -0.08176877 -1.7221199   0.2920781  -0.20028916
  0.3793754   0.2493685  -1.8650993  -0.12743214]
[-0.20003013  0.21858516  0.80896604  0.29828173  1.7827028   0.43428522
 -0.45844564  0.04594872 -0.07227806 -1.7629232   0.2934458  -0.17824693
  0.44239077  0.18310991 -1.7682793  -0.12921965]
[-0.12750933  0.19631766  0.7805413   0.40105963  1.8746132   0.32724738
 -0.3918386  -0.01671912 -0.16080257 -1.7592132   0.38380894 -0.26899552
  0.4162395   0.30195776 -1.926857   -0.09281392]
[-0.20661369  0.2727864   0.8112879   0.2837373   1.8562605   0.427462
 -0.48494935  0.03848612 -0.06729233 -1.8259699   0.3571152  -0.19287822
  0.40571737  0.17838264 -1.7862984  -0.12879255]
[-0.2164065   0.2513735   0.7694383   0.3371336   1.8926417   0.36698562
 -0.5011381   0.034875   -0.10549313 -1.8236063   0.36221233 -0.22914973
  0.4350593   0.2160429  -1.7963898  -0.05230801]
[-0.16650996  0.1874591   0.7241491   0.40007013  1.9733799   0.3170541
 -0.47845665 -0.01050138 -0.19823195 -1.7741963   0.38815683 -0.2886985
  0.42153096  0.2606513  -1.8238682   0.01061839]
[-0.10768116  0.12506416  0.73819375  0.4442741   1.9075552   0.25898495
 -0.3997037   0.0132016  -0.19344458 -1.701865    0.3559636  -0.288651
  0.39033237  0.31912953 -1.935264    0.01436696]
[-0.18620238  0.16403191  0.82586396  0.28713292  1.8628533   0.4176219
 -0.4923231   0.06750692 -0.13316332 -1.7292042   0.24967515 -0.21435983
  0.44749346  0.186604   -1.7417164  -0.07123445]
[-1.0985069e-01  1.5188432e-01  7.3105609e-01  4.4433179e-01
  1.9027843e+00  2.9342800e-01 -3.9491019e-01 -4.4759511e-04
 -2.1162274e-01 -1.6615953e+00  3.0938819e-01 -2.6169083e-01
  4.1996366e-01  2.9814157e-01 -1.9385036e+00 -3.1999487e-02]
[-0.16980311  0.20954928  0.8241771   0.29977983  1.8299059   0.42611843
 -0.47733536  0.05044661 -0.14884128 -1.7338043   0.25477225 -0.19334804
  0.4531818   0.1850405  -1.7631286  -0.10691893]
[-0.05492925  0.2174635   0.7539956   0.40003306  1.8935875   0.2815006
 -0.38158756 -0.03369302 -0.18977532 -1.7131456   0.38719705 -0.2915834
  0.33432     0.28104097 -1.9661939   0.02328405]
[-0.12010279  0.21293616  0.80532295  0.25369364  1.8602457   0.35288864
 -0.48270148  0.060132   -0.0949588  -1.7447907   0.33703297 -0.24099383
  0.38793114  0.18645261 -1.8173254  -0.01446856]
[-0.12107555  0.1406497   0.73319656  0.38570908  2.0042439   0.24637511
 -0.48223144 -0.01426091 -0.20855093 -1.7393929   0.44827205 -0.3409223
  0.4351411   0.2926351  -1.8874767   0.04862928]
[-8.7043077e-02  1.5353782e-01  7.2878826e-01  4.5928711e-01
  1.9890368e+00  2.6727724e-01 -4.2287141e-01 -7.3695801e-02
 -2.3231387e-01 -1.6906464e+00  4.2044210e-01 -3.0815673e-01
  4.1321117e-01  3.0626407e-01 -1.9820591e+00 -1.9125402e-03]
[-0.11063217  0.22052327  0.71133626  0.46950746  1.9798381   0.25306726
 -0.45259923 -0.07608927 -0.22428314 -1.7623794   0.45752865 -0.32230568
  0.4110252   0.2860549  -1.941095    0.04252587]
[-0.23793384  0.21763268  0.75417995  0.3474946   2.0092232   0.3268146
 -0.5745943   0.00534201 -0.14846389 -1.8318638   0.44528514 -0.29157764
  0.48914957  0.19311282 -1.7429106  -0.01958802]
[-0.18812406  0.14406112  0.69544685  0.45037928  2.082167    0.2052447
 -0.50264657 -0.02063675 -0.2462397  -1.7792377   0.46717763 -0.3550985
  0.4495662   0.297462   -1.8188957   0.06253386]
[-0.21527493  0.10944176  0.78371185  0.35416406  1.9936688   0.31894672
 -0.5239955   0.05470991 -0.19813153 -1.7288834   0.3228665  -0.2803247
  0.5049728   0.2655597  -1.7451586  -0.07674335]
[-0.17526211  0.09936713  0.70314074  0.5233718   2.0057309   0.27433804
 -0.42853865 -0.03434179 -0.2742164  -1.7017168   0.36037675 -0.31658605
  0.49432832  0.34654218 -1.8688343  -0.06857732]
[-0.1715604   0.1569865   0.78990173  0.3849373   1.8814478   0.3456647
 -0.40940323  0.02796151 -0.19433483 -1.7962834   0.31237105 -0.25763863
  0.4999926   0.28971368 -1.7822459  -0.13972554]
[-0.19598041  0.24067077  0.8441879   0.24158613  1.7573992   0.4486533
 -0.44633293  0.11042617 -0.00275044 -1.7877429   0.2715901  -0.14462249
  0.42489523  0.18146667 -1.7977536  -0.21005073]
[-0.20092073  0.21962571  0.8143611   0.28161588  1.8140014   0.37435633
 -0.46238488  0.10161088 -0.03595854 -1.8025568   0.2905222  -0.17698158
  0.44068518  0.1898787  -1.7948711  -0.11411545]
[-0.16518874  0.1577344   0.7822887   0.3620235   1.9008067   0.34879535
 -0.43502694  0.03098052 -0.16337253 -1.7331816   0.29202074 -0.24991277
  0.43519402  0.2679576  -1.8278329  -0.06298219]
[-0.11936983  0.1595397   0.75681686  0.4252143   1.8328114   0.32185537
 -0.3727812   0.03031559 -0.15289949 -1.7012867   0.3150069  -0.23702355
  0.40215653  0.31013906 -1.9539531  -0.07872508]
[-0.19705491  0.1894434   0.8387783   0.25413233  1.7952435   0.44159642
 -0.46924692  0.10294686 -0.051142   -1.7692086   0.2553398  -0.1502771
  0.4686428   0.17085785 -1.760709   -0.18308459]
[-0.13466898  0.19409886  0.78819335  0.38270944  1.8632295   0.34664905
 -0.41910633  0.03068987 -0.12861939 -1.7433571   0.31199113 -0.2229838
  0.4273557   0.2584589  -1.9163215  -0.10037367]
[-0.19807209  0.20217213  0.8162282   0.2760517   1.8392855   0.39885506
 -0.50302076  0.09635918 -0.06961782 -1.7905915   0.28247374 -0.1826599
  0.481345    0.19180748 -1.7608048  -0.14160208]
[-0.16381416  0.15037079  0.77538127  0.3601202   1.9457661   0.3028589
 -0.47599     0.0573997  -0.1480681  -1.7647533   0.35974923 -0.2790532
  0.47563186  0.26607156 -1.8615363  -0.06160791]
[-0.14936224  0.16758856  0.7687223   0.36494532  1.8985046   0.31861463
 -0.44350886  0.07117792 -0.11792228 -1.7278639   0.305353   -0.2340049
  0.4264298   0.25400227 -1.8983295  -0.065001  ]
[-0.18084244  0.16605313  0.77882564  0.3642801   1.885685    0.35404718
 -0.45804414  0.07369007 -0.11535369 -1.7023958   0.28112417 -0.19086869
  0.45065722  0.23571305 -1.8749492  -0.13021687]
[-0.13049403  0.14921501  0.7550887   0.4680615   1.9026172   0.28819376
 -0.3855872   0.00274697 -0.19300596 -1.6992531   0.3516113  -0.26434702
  0.43847448  0.31498104 -1.9580017  -0.10378391]
[-0.13533092  0.21495776  0.79447955  0.38296002  1.8098819   0.34629604
 -0.36363566  0.00802424 -0.15490119 -1.7392775   0.34141794 -0.2445682
  0.39438045  0.29362363 -1.9051783  -0.1056324 ]
[-0.19740637  0.24616352  0.8429983   0.23404083  1.7383989   0.43258685
 -0.45246887  0.0884906  -0.03370719 -1.7899891   0.28240114 -0.17908233
  0.41536242  0.19774821 -1.7412355  -0.14584102]
[-0.18997222  0.2492588   0.8461197   0.28622872  1.7918866   0.40583938
 -0.4683434   0.03648631 -0.12066297 -1.8097298   0.32506126 -0.23673546
  0.40956753  0.20590177 -1.7391974  -0.05065218]
[-0.13228975  0.25684276  0.7846283   0.40597028  1.8020338   0.31444508
 -0.39217526 -0.02882201 -0.16345331 -1.7753836   0.39585108 -0.27419245
  0.360357    0.28310227 -1.9009666   0.00514151]
[-0.20513849  0.33234134  0.8246519   0.29986298  1.7886055   0.39068684
 -0.49330658  0.00766324 -0.07418035 -1.8653454   0.41060624 -0.23955312
  0.38033327  0.19860585 -1.7663956  -0.04819611]
[-0.22432065  0.30809706  0.8125852   0.27992722  1.8462473   0.37021664
 -0.53213036  0.01646811 -0.04480394 -1.8679364   0.45725784 -0.24829392
  0.35552472  0.2165792  -1.7640064  -0.0407618 ]
[-0.14548215  0.27295583  0.74745077  0.36278668  1.9091005   0.26280248
 -0.4861661  -0.02594244 -0.09479667 -1.8409395   0.5242903  -0.31248802
  0.3262065   0.31653404 -1.9175218   0.04256117]
[-0.19352345  0.3310463   0.7339511   0.32698122  1.9057815   0.3109761
 -0.5704366  -0.01380981 -0.03886914 -1.892226    0.53526413 -0.28622264
  0.34775454  0.24535385 -1.8657267   0.06711452]
[-0.22388196  0.3561445   0.63918436  0.4696826   2.0108476   0.24163052
 -0.52391154 -0.09762033 -0.10663018 -1.8642681   0.61897117 -0.33470353
  0.324586    0.3056369  -1.9729      0.10160601]
[-0.23286855  0.36071745  0.65433913  0.5132548   1.9848557   0.24650161
 -0.48576936 -0.09521184 -0.10681337 -1.8540599   0.6254263  -0.32161814
  0.27748936  0.3423535  -2.0132842   0.04658325]
[-0.23480675  0.29712075  0.74997675  0.41437817  1.916703    0.3282812
 -0.5054654  -0.04136696 -0.08662912 -1.8336077   0.5585245  -0.29146248
  0.32264048  0.30941436 -1.9153427  -0.05067061]
[-0.22583084  0.23337844  0.7820245   0.44469112  1.8900276   0.37798813
 -0.50534534 -0.05677963 -0.14585742 -1.775883    0.48683986 -0.30594593
  0.3484119   0.33844405 -1.9020622  -0.04664942]
[-0.22348332  0.26333487  0.79027444  0.35527945  1.8250107   0.4151095
 -0.47651896 -0.00456425 -0.10212163 -1.7980694   0.3824283  -0.22874495
  0.35492173  0.26169077 -1.8182665  -0.05610648]
[-2.2159365e-01  2.2833367e-01  7.8248316e-01  3.6402702e-01
  1.8567545e+00  4.0095496e-01 -4.5617628e-01  5.8537425e-04
 -1.2892747e-01 -1.8208475e+00  3.7437069e-01 -2.2667627e-01
  4.4269603e-01  2.5144285e-01 -1.7827724e+00 -1.2671591e-01]
[-0.19234659  0.2776077   0.76849616  0.4069473   1.8549783   0.35059643
 -0.40561026 -0.01350261 -0.11861253 -1.8698342   0.41028032 -0.23067251
  0.4017625   0.26314086 -1.8706172  -0.09388326]
[-0.24345443  0.28893623  0.7888505   0.28344607  1.8311088   0.41218242
 -0.48137182  0.05486493 -0.02771967 -1.8843094   0.36246496 -0.17132318
  0.38778076  0.19530432 -1.7445333  -0.1121127 ]
[-0.2403183   0.25181025  0.7523594   0.32882798  1.9060638   0.3699708
 -0.5472449   0.05104605 -0.08848493 -1.8641933   0.3967772  -0.2338278
  0.43146926  0.22737737 -1.7627128  -0.03716508]
[-0.1898686   0.18216439  0.7189108   0.40205136  1.9413704   0.33152008
 -0.4883581   0.05168365 -0.133437   -1.7686503   0.32828853 -0.22734575
  0.443923    0.24519134 -1.865015   -0.03099119]
[-0.12294213  0.13340099  0.708998    0.46559134  1.8696268   0.29099712
 -0.37897032  0.07964315 -0.11068033 -1.6473265   0.273561   -0.19573885
  0.38501257  0.31939563 -2.0515504  -0.08129114]
[-0.17216335  0.16813216  0.79339445  0.3396479   1.8219316   0.36837226
 -0.44785362  0.12851128 -0.03773256 -1.700515    0.22955306 -0.13916054
  0.4102376   0.21288666 -1.9024048  -0.13546647]
[-0.08238561  0.09921846  0.744582    0.43821734  1.8848444   0.28069058
 -0.35435328  0.05663804 -0.1349325  -1.6253456   0.29361665 -0.22972886
  0.39679644  0.32947937 -2.0581036  -0.1037359 ]
[-0.09764211  0.15312064  0.75443506  0.41419855  1.8412869   0.30683407
 -0.3694442   0.06030538 -0.12203099 -1.6626711   0.30807638 -0.2281009
  0.3849534   0.31149858 -2.008627   -0.10986905]
[-0.17838919  0.19264643  0.835227    0.29491818  1.7951591   0.414112
 -0.4443698   0.08742885 -0.072339   -1.7288334   0.249559   -0.16204526
  0.43784952  0.19681755 -1.8294001  -0.15144628]
[-0.08422103  0.17220184  0.78255814  0.40771097  1.8257059   0.32286984
 -0.3640816   0.02526039 -0.13766778 -1.6739776   0.31055444 -0.21756306
  0.37512818  0.2800872  -1.983454   -0.10452018]
[-0.12686972  0.19006944  0.7997816   0.33514163  1.8278656   0.3448511
 -0.41603756  0.04676415 -0.13118453 -1.7706264   0.330308   -0.2299772
  0.43569246  0.22876067 -1.8375705  -0.08872144]
[-0.1679869   0.18964918  0.82479227  0.27803227  1.8409618   0.39286548
 -0.46100608  0.06126042 -0.10975298 -1.7750221   0.30335352 -0.22548172
  0.44712314  0.21111774 -1.7666671  -0.10448115]
[-0.16978326  0.20221627  0.75736845  0.3859019   1.9219606   0.3303411
 -0.4608268   0.00849411 -0.16984554 -1.761837    0.3513543  -0.262567
  0.4440015   0.2411203  -1.8352169  -0.04174194]
[-0.20981285  0.18988474  0.8214911   0.3002552   1.8545784   0.4087657
 -0.48738843  0.08733465 -0.10178473 -1.779673    0.27075452 -0.18264614
  0.517475    0.1820427  -1.7549738  -0.17944813]
[-0.15782216  0.17534794  0.7473144   0.42666307  1.9468219   0.29152778
 -0.422851    0.02491918 -0.17938593 -1.7621644   0.3965037  -0.27041486
  0.46166378  0.30831867 -1.9227864  -0.12765928]
[-0.21531656  0.2304533   0.81272286  0.27604616  1.8450779   0.39092445
 -0.49629202  0.10978085 -0.04158188 -1.8157047   0.31628528 -0.17850688
  0.46153745  0.20137258 -1.7913666  -0.1684705 ]
[-0.18578584  0.21875103  0.7859474   0.3384684   1.923674    0.35413402
 -0.49171382  0.04230975 -0.13395023 -1.7868656   0.374445   -0.2536642
  0.43975288  0.23772569 -1.8271477  -0.09753325]
[-0.12309714  0.18373792  0.76141363  0.42188358  1.8785896   0.2813051
 -0.3940871   0.02110416 -0.15332532 -1.7290211   0.38626522 -0.27137858
  0.40149903  0.3003747  -1.93568    -0.09252437]
[-0.15068987  0.20783827  0.8356646   0.30344188  1.8181232   0.3599773
 -0.4131421   0.05147047 -0.10786738 -1.7842114   0.34945065 -0.24600604
  0.40633956  0.25115767 -1.8132603  -0.13141295]
[-0.13889939  0.24540977  0.8149174   0.2895088   1.7868555   0.36337945
 -0.39258566  0.03221131 -0.09503384 -1.7913971   0.3713545  -0.22540033
  0.38583976  0.24988472 -1.8312095  -0.12768184]
[-0.18469766  0.26326054  0.81551826  0.27579665  1.826033    0.397487
 -0.46038666  0.02205456 -0.10251446 -1.8591602   0.3885498  -0.24147563
  0.46509084  0.22472346 -1.7557621  -0.13677587]
[-0.19094273  0.26971665  0.7873486   0.31718332  1.8677709   0.37294522
 -0.46928748  0.01891927 -0.07776777 -1.8742025   0.43391776 -0.25416702
  0.4674179   0.23236449 -1.8272171  -0.13728788]
[-0.22133544  0.31838575  0.8144461   0.278873    1.8705622   0.4159925
 -0.5000901   0.03422707 -0.01154053 -1.8773289   0.4026414  -0.1824344
  0.43795618  0.1403209  -1.807579   -0.17649126]
[-0.25221366  0.28091395  0.79249096  0.29810473  1.9634564   0.3472372
 -0.54578316  0.03129496 -0.06487833 -1.8968567   0.45451158 -0.24278529
  0.45553142  0.18476017 -1.7651618  -0.10185089]
[-0.18627806  0.19370875  0.762877    0.37837785  1.9888241   0.28321603
 -0.47986254 -0.0064173  -0.18756351 -1.8198233   0.4357391  -0.3183828
  0.43915564  0.27650535 -1.8031927  -0.01600583]
[-0.15872793  0.1606992   0.78510964  0.3435021   1.9002438   0.3270274
 -0.44372615  0.01565861 -0.19919635 -1.7871082   0.35600525 -0.29490405
  0.43449602  0.27396423 -1.7562416  -0.01532611]
[-0.1510271   0.15807357  0.806115    0.3231521   1.8134      0.3811792
 -0.41434306  0.04286306 -0.16379456 -1.739776    0.2607588  -0.23011939
  0.42479983  0.25450367 -1.775646   -0.0491614 ]
[-0.12365897  0.16613832  0.7911133   0.36784822  1.7749345   0.3874123
 -0.3809539   0.03531678 -0.17359136 -1.7117504   0.22724745 -0.1970333
  0.43244496  0.25359038 -1.83487    -0.07398178]
[-0.14611402  0.19763386  0.7908781   0.32489908  1.7647852   0.4211556
 -0.42315435  0.07030144 -0.11638188 -1.736467    0.21542788 -0.15956077
  0.44219962  0.20155127 -1.8076642  -0.09926219]
[-0.18580732  0.21165113  0.798938    0.3035868   1.8227079   0.4085784
 -0.49042097  0.10808669 -0.05078565 -1.7725117   0.23585656 -0.15077353
  0.43930107  0.16440801 -1.7963264  -0.1062744 ]
[-0.1843888   0.19359177  0.76894826  0.3538706   1.9294294   0.35525182
 -0.50899565  0.07725956 -0.09902575 -1.7512604   0.28872252 -0.19469854
  0.43123108  0.19399118 -1.8555458  -0.05758886]
[-0.12759013  0.14684418  0.696751    0.4635021   2.0023093   0.23543671
 -0.4523689   0.0230926  -0.17960536 -1.70834     0.36647633 -0.2834506
  0.39143062  0.29920807 -1.9645475   0.03298064]
[-0.12791215  0.1216661   0.72637045  0.4323737   1.9740012   0.264277
 -0.44887176  0.04271015 -0.17572542 -1.6939046   0.33151492 -0.2683098
  0.40234858  0.28820977 -1.930196    0.0024371 ]
[-0.07588328  0.0895221   0.7243352   0.4526174   1.9148684   0.25702125
 -0.37593216  0.04564903 -0.16994457 -1.6356446   0.3137732  -0.25140652
  0.39348102  0.32573667 -2.024982   -0.0455298 ]
[-0.11459181  0.16949293  0.7541307   0.4056867   1.8840325   0.3162283
 -0.4142695   0.03968097 -0.1434594  -1.6965628   0.31797147 -0.22500923
  0.41427213  0.25859854 -1.9472994  -0.08078185]
[-0.13737205  0.19496904  0.7626582   0.39839137  1.8893543   0.32158774
 -0.43142027  0.03006923 -0.14213797 -1.7384208   0.34073532 -0.23313375
  0.42984182  0.2501663  -1.907954   -0.08901016]
[-0.15267527  0.19823548  0.7803281   0.36625743  1.903788    0.31681058
 -0.45616156  0.04724979 -0.11471262 -1.7795722   0.38286322 -0.25112605
  0.42355928  0.26008093 -1.8845024  -0.10314149]
[-0.14832969  0.22572836  0.77999115  0.33081323  1.8986574   0.30982774
 -0.45187443  0.04325875 -0.09977718 -1.804594    0.40090394 -0.25274152
  0.39460677  0.23282018 -1.8540964  -0.06613605]
[-0.14448407  0.22389035  0.787227    0.30913037  1.8989496   0.3217434
 -0.46892208  0.0380458  -0.10268444 -1.7896986   0.4040355  -0.2797262
  0.40039763  0.24097534 -1.8442167  -0.0552628 ]
[-0.17372935  0.21390751  0.7411833   0.3778748   1.9215095   0.31219223
 -0.4654337   0.01407913 -0.12130673 -1.7756588   0.42817074 -0.28747654
  0.416231    0.25776282 -1.8662031  -0.05392754]
[-0.13275295  0.19965665  0.7914034   0.35825253  1.8801956   0.33071488
 -0.40466365  0.02166327 -0.12156089 -1.7553737   0.38556486 -0.23769584
  0.4044538   0.26261494 -1.9124253  -0.13451716]
[-0.11711057  0.25217873  0.7837119   0.3490061   1.8490231   0.33828273
 -0.3978394   0.00539138 -0.12053712 -1.7863569   0.39748892 -0.23980883
  0.36387885  0.25537556 -1.9132392  -0.08131845]
[-0.20812635  0.2601884   0.77417374  0.29417267  1.8460522   0.38020137
 -0.48059732  0.04094717 -0.07176827 -1.8349854   0.38645148 -0.21865423
  0.44300348  0.19533186 -1.7887281  -0.07808066]
[-0.17891899  0.20747402  0.7525252   0.3783551   1.9586017   0.34397593
 -0.47008985 -0.01208318 -0.18009643 -1.8077971   0.4261965  -0.28161362
  0.46194586  0.2438052  -1.8297306  -0.07399725]
[-0.15227306  0.2122114   0.7675856   0.39495188  1.8987305   0.32056707
 -0.41245365 -0.00597872 -0.17874534 -1.7800264   0.38139784 -0.25701648
  0.4323678   0.268655   -1.8685958  -0.08279545]
[-0.18241295  0.19479278  0.8041934   0.28165928  1.8569161   0.3846046
 -0.48294553  0.0613522  -0.12924975 -1.7831099   0.3079762  -0.21974869
  0.49043053  0.20683861 -1.7413962  -0.11081781]
[-0.18054385  0.16993141  0.755211    0.37537464  1.9015968   0.3372208
 -0.47346458  0.03667553 -0.19325125 -1.7787247   0.33208537 -0.26841217
  0.47945786  0.25765175 -1.7778645  -0.03149884]
[-0.18049112  0.15531759  0.8246832   0.30348885  1.8145243   0.41870284
 -0.44471025  0.08651479 -0.11567225 -1.7189      0.20690084 -0.16469401
  0.44175538  0.2090226  -1.7665707  -0.13099472]
[-0.13268273  0.15664655  0.77087784  0.39452183  1.865042    0.32627854
 -0.41318417  0.04213622 -0.16007982 -1.7172645   0.2953037  -0.23015139
  0.4172589   0.2724295  -1.887543   -0.06013765]
[-0.1708204   0.1702267   0.8020384   0.34274524  1.8476486   0.36863166
 -0.446832    0.05601212 -0.16025952 -1.7593343   0.26917967 -0.22998103
  0.4601775   0.23621047 -1.7859116  -0.05901849]
[-1.3941374e-01  2.1607813e-01  7.8383046e-01  3.8837725e-01
  1.8097422e+00  3.4972763e-01 -4.0316206e-01  2.4634924e-02
 -1.6050407e-01 -1.7291925e+00  2.9103580e-01 -2.3479435e-01
  3.5750437e-01  2.7608317e-01 -1.8887669e+00  1.1614859e-03]
[-0.17218238  0.24076219  0.8072321   0.32491115  1.7520746   0.38601208
 -0.4610381   0.08867665 -0.07267381 -1.7602457   0.26451653 -0.17296535
  0.37134844  0.21391425 -1.8250507  -0.04364556]
[-0.13125606  0.18786165  0.76212275  0.38070014  1.8368492   0.32264078
 -0.43338615  0.05134464 -0.11530449 -1.711538    0.33449948 -0.22591385
  0.3871043   0.2616121  -1.9288332  -0.03925583]
[-0.12147091  0.20708828  0.69645405  0.45592088  1.9064165   0.26470208
 -0.41724616 -0.00274915 -0.11924404 -1.7073984   0.4180525  -0.26653928
  0.3333322   0.31231433 -2.023785    0.00425822]
[-0.19850954  0.2502163   0.7681139   0.3556809   1.9028982   0.35607508
 -0.5151377   0.02025934 -0.06842066 -1.7871412   0.39544836 -0.21145959
  0.39524764  0.2265789  -1.8799282  -0.07083856]
[-0.14393103  0.24660417  0.6732661   0.4878846   1.997166    0.23409739
 -0.43671852 -0.07228477 -0.14941637 -1.7774988   0.5364082  -0.32260156
  0.34770274  0.33266687 -2.0267615   0.01324912]
[-0.20995948  0.29304138  0.69978875  0.44045076  2.0212874   0.26768818
 -0.47268486 -0.08640704 -0.14868876 -1.8480332   0.57071817 -0.3391768
  0.3570729   0.30080172 -1.925086    0.02032499]
[-0.23076549  0.29231304  0.7412522   0.35443822  1.9618403   0.33857268
 -0.51012075 -0.03850121 -0.13176312 -1.8611715   0.5003792  -0.28997204
  0.37519804  0.26564732 -1.8079236  -0.01796328]
[-0.20211796  0.23121265  0.7454337   0.38827577  1.9475981   0.34068155
 -0.49405855 -0.03887406 -0.17117572 -1.7986476   0.4561587  -0.30220947
  0.4200057   0.28501812 -1.8378174  -0.02936217]
[-0.19806038  0.24838719  0.7663136   0.41205496  1.8711262   0.39332098
 -0.46130222 -0.03242978 -0.18432617 -1.7900368   0.38863903 -0.2566571
  0.417735    0.26340634 -1.8429657  -0.05528595]
[-0.16913852  0.26953897  0.8273722   0.28915614  1.8291466   0.40757212
 -0.44994983  0.01542833 -0.12193909 -1.8156006   0.3377592  -0.22408216
  0.41331524  0.19072351 -1.7633759  -0.09589345]
[-0.19182697  0.24795099  0.83040744  0.24149068  1.8146079   0.40733796
 -0.49004668  0.06282985 -0.08088843 -1.8142889   0.33011812 -0.21564226
  0.44976497  0.18007752 -1.7245535  -0.10789813]
[-0.15352717  0.22055979  0.77615035  0.32207572  1.9227864   0.30690217
 -0.4821288   0.01033713 -0.15672937 -1.8143463   0.41771898 -0.30423042
  0.4213399   0.25980282 -1.8009942  -0.0041391 ]
[-0.12468506  0.23203337  0.78757757  0.29195172  1.8900197   0.34627149
 -0.47036067  0.01674572 -0.11920941 -1.7567581   0.3733225  -0.27111325
  0.38796225  0.23177214 -1.8523766  -0.02211533]
[-0.15272653  0.23003963  0.7470865   0.3568833   1.9099615   0.31217018
 -0.47758016  0.01079116 -0.12336037 -1.7509876   0.4126761  -0.2780063
  0.43369445  0.2478544  -1.9050362  -0.03382767]
[-0.15392724  0.20785041  0.7261564   0.44966537  1.9670227   0.29008612
 -0.4373927  -0.04299942 -0.18236963 -1.7495283   0.4310494  -0.2851897
  0.4285232   0.27392888 -1.9609178  -0.02279366]
[-0.12367867  0.22834423  0.72822034  0.45951238  1.9665654   0.2651343
 -0.42260188 -0.06730334 -0.20242886 -1.7528293   0.4785553  -0.31640688
  0.35517415  0.30660564 -1.9780735   0.01529332]
[-0.20703709  0.2312747   0.801458    0.3237616   1.9202435   0.35536894
 -0.5324663   0.00617272 -0.14307198 -1.8046051   0.4140962  -0.27805614
  0.45298404  0.2048922  -1.7750876  -0.02962382]
[-0.17969666  0.19938707  0.75399524  0.44674316  1.9756444   0.29366106
 -0.45810637 -0.08159551 -0.24996302 -1.7771543   0.47108477 -0.35749003
  0.42747077  0.30754682 -1.8386345   0.00781917]
[-0.1758779   0.2316688   0.8076525   0.35711318  1.8606853   0.3521703
 -0.44932088 -0.04063714 -0.21342883 -1.7971319   0.39227054 -0.3066311
  0.41846696  0.28611034 -1.7357562  -0.04617214]
[-0.1947199   0.26421577  0.8094139   0.26845613  1.8230873   0.38077745
 -0.4856418   0.00843702 -0.118928   -1.8178343   0.38214073 -0.28730687
  0.44385496  0.22048295 -1.7040781  -0.05068917]
[-0.19639595  0.2674152   0.761413    0.33213192  1.8895973   0.34110394
 -0.4834597  -0.02473285 -0.16599445 -1.8442844   0.42318106 -0.31186256
  0.4356265   0.24413665 -1.7509435   0.02699409]
[-2.05475420e-01  2.93657660e-01  7.92289555e-01  3.42277765e-01
  1.81972432e+00  4.11313236e-01 -4.67245966e-01 -1.07455254e-03
 -1.02450326e-01 -1.80313051e+00  3.64388943e-01 -2.22925588e-01
  3.37749749e-01  2.57091492e-01 -1.81912231e+00 -5.56988940e-02]
[-0.21217768  0.30983198  0.77468914  0.35799128  1.8721092   0.377276
 -0.5121498  -0.02331637 -0.05269136 -1.8228343   0.44578797 -0.2151246
  0.325003    0.20554599 -1.8728517  -0.0162313 ]
[-0.14446144  0.26899305  0.67589974  0.5314318   1.9792302   0.23767228
 -0.41408452 -0.12991494 -0.20894118 -1.7911317   0.55142957 -0.35253844
  0.28868222  0.3478005  -2.0145218   0.1179909 ]
[-0.18770109  0.29767627  0.71179265  0.38798276  1.9811926   0.29729852
 -0.5127038  -0.08625118 -0.1870074  -1.8739694   0.51368344 -0.3364485
  0.34030858  0.2658202  -1.7928448   0.12832814]
[-0.2511255   0.24648866  0.7395576   0.34935308  1.9511839   0.35310593
 -0.58040345 -0.01727997 -0.14781332 -1.8265873   0.43551278 -0.29087085
  0.4150476   0.2226983  -1.7337822   0.08037037]
[-0.20480327  0.1984566   0.6780308   0.4942155   2.0285852   0.2814725
 -0.5115077  -0.05908086 -0.24766378 -1.7949909   0.41983825 -0.32380685
  0.45281616  0.277772   -1.8474575   0.10399687]
[-0.15497959  0.22107537  0.65663034  0.5389466   1.9767716   0.25060266
 -0.42534104 -0.06253992 -0.21998306 -1.7467215   0.4255374  -0.290924
  0.3437837   0.33708245 -1.9945122   0.08898936]
[-0.20764391  0.21541405  0.7338773   0.40690786  1.9300337   0.3453908
 -0.52746904  0.02812718 -0.13610898 -1.7658374   0.38226137 -0.23195624
  0.3870439   0.26279724 -1.8744141  -0.00708158]
[-0.16302165  0.18826461  0.6655895   0.49206835  2.015489    0.23116334
 -0.47861385 -0.02621409 -0.15969795 -1.7521756   0.47990766 -0.30905926
  0.3561344   0.33503327 -2.0124855   0.07961971]
[-0.1363093   0.18648621  0.64361584  0.50977176  1.9877408   0.21621284
 -0.43371063 -0.02313341 -0.16735998 -1.7166169   0.42972898 -0.27954578
  0.35592687  0.34085155 -2.0239198   0.05266506]
[-0.19927952  0.20555905  0.67184645  0.4694147   1.9931648   0.26166573
 -0.49083772 -0.01137836 -0.15603778 -1.763881    0.41334748 -0.28652385
  0.40599665  0.29321414 -1.9169075   0.05445023]
[-1.7530215e-01  1.7205575e-01  6.7318988e-01  5.2972609e-01
  1.9727703e+00  2.5282925e-01 -4.0997386e-01 -2.9161256e-02
 -1.6652545e-01 -1.7159700e+00  4.0410954e-01 -2.7187151e-01
  3.7727541e-01  3.4667110e-01 -2.0179915e+00 -1.5267074e-03]
[-0.16372934  0.20459874  0.70869374  0.48999172  1.9109371   0.28779566
 -0.38516635 -0.01689946 -0.14494424 -1.7384598   0.40354317 -0.25945628
  0.3231011   0.33479482 -2.0001929  -0.0146853 ]
[-0.22975779  0.23658915  0.826783    0.30748454  1.8259573   0.4270185
 -0.49175557  0.04982371 -0.0633354  -1.782435    0.29932505 -0.18577734
  0.38098755  0.22724828 -1.7981977  -0.09013574]
[-0.159303    0.17276315  0.7302121   0.45480132  1.8995193   0.3280024
 -0.42833242 -0.00671436 -0.16694985 -1.7132852   0.34958643 -0.25959846
  0.37772143  0.3243002  -1.9396746  -0.02276624]
[-0.16943216  0.20694646  0.77815306  0.35041612  1.8598312   0.3676424
 -0.46054873  0.05192634 -0.12799034 -1.7999871   0.3058659  -0.22767392
  0.43635494  0.2442025  -1.8198006  -0.0548904 ]
[-0.17142063  0.22808926  0.7962025   0.31703502  1.818224    0.41356316
 -0.46588153  0.0851938  -0.05074723 -1.7474968   0.24220316 -0.1448941
  0.40249032  0.16888048 -1.8509967  -0.10046085]
[-0.13500634  0.17817247  0.7356104   0.39825433  1.897639    0.29453406
 -0.45323858  0.06867354 -0.10180537 -1.7318432   0.30758733 -0.21133077
  0.39376038  0.23553438 -1.929451   -0.00555542]
[-0.12629852  0.11677985  0.72486526  0.42986408  1.9791073   0.2627313
 -0.45697698  0.03801502 -0.1768696  -1.7046402   0.33350706 -0.2744836
  0.40544707  0.28126317 -1.9232342   0.03283866]
[-0.08392875  0.09420069  0.7064723   0.46249595  1.9312      0.23814556
 -0.38600832  0.04035103 -0.16772652 -1.6500871   0.32289612 -0.2605341
  0.38159925  0.3276983  -2.0220127   0.00495229]
[-0.1623002   0.13624236  0.7435216   0.4048725   1.9179595   0.32034335
 -0.46480036  0.06520746 -0.14322679 -1.7055824   0.27888137 -0.21062501
  0.45281243  0.24207325 -1.8890203  -0.04621376]
[-0.11674032  0.12589887  0.7182541   0.50188607  1.9277513   0.27042946
 -0.39113933  0.00842068 -0.19469154 -1.6798589   0.3109569  -0.2381039
  0.40834364  0.312728   -1.9907869  -0.03389835]
[-0.13119254  0.16250196  0.75208336  0.4091104   1.8947642   0.3095799
 -0.42624316  0.05247132 -0.14584923 -1.7305031   0.31725046 -0.2228586
  0.4062392   0.269269   -1.9302622  -0.04699145]
[-0.14887086  0.15073568  0.75197566  0.371674    1.8908838   0.302319
 -0.44784626  0.08260308 -0.12288582 -1.7430003   0.3058675  -0.23285338
  0.41964754  0.2615263  -1.8778832  -0.02311683]
[-0.17419302  0.14425042  0.75864506  0.37967816  1.9182078   0.3427752
 -0.4741094   0.06287128 -0.14317936 -1.7127278   0.2732121  -0.21648283
  0.42367506  0.24872486 -1.8483387  -0.04197908]
[-0.11310871  0.12915882  0.7164876   0.49372688  1.9025552   0.2826193
 -0.37987104  0.01224483 -0.19484428 -1.650059    0.28696945 -0.23188218
  0.3932033   0.32308912 -1.9929771  -0.03749233]
[-0.13054156  0.15829064  0.7683052   0.39870676  1.8384873   0.33992887
 -0.39984798  0.06228817 -0.14568004 -1.7087336   0.2643573  -0.2053521
  0.4232766   0.27372044 -1.9152263  -0.08318041]
[-0.11914797  0.1876317   0.76408654  0.38538077  1.8242073   0.3360169
 -0.39553553  0.06379402 -0.10904233 -1.7217716   0.28869718 -0.20491788
  0.37093228  0.27306747 -1.9413475  -0.06263624]
[-0.18509266  0.17657876  0.8110631   0.28785953  1.8295002   0.39386982
 -0.48733607  0.12289266 -0.03909981 -1.7255132   0.24646783 -0.1579977
  0.4227121   0.202948   -1.8395474  -0.12117641]
[-0.11201587  0.14232263  0.7392327   0.4479909   1.9320463   0.28349695
 -0.42717758  0.02302106 -0.15694365 -1.6845207   0.3268965  -0.24645409
  0.4231957   0.2771747  -1.985561   -0.04395614]
[-0.12791757  0.14897785  0.7315215   0.44699782  1.935861    0.28663862
 -0.41318637  0.02022261 -0.17352608 -1.6989692   0.3366925  -0.24704377
  0.4293521   0.2883339  -1.9654633  -0.05998834]
[-0.16684029  0.17542785  0.7901482   0.3383871   1.9108585   0.33592957
 -0.47240782  0.078591   -0.11507185 -1.7702839   0.3317242  -0.2301703
  0.4691349   0.2315952  -1.8561081  -0.11353638]
[-0.15859869  0.16441417  0.7782432   0.37357554  1.9211376   0.30109096
 -0.44153023  0.05128361 -0.14863206 -1.7687603   0.34203738 -0.24829945
  0.46199727  0.26296002 -1.864994   -0.08772877]
[-0.15241167  0.16664982  0.77077466  0.3876533   1.9173561   0.31218934
 -0.43455523  0.02777432 -0.16727822 -1.7377666   0.34400135 -0.262695
  0.4264443   0.29347628 -1.883289   -0.06945776]
[-0.18041527  0.17857139  0.77901775  0.358845    1.8848683   0.34036833
 -0.46002182  0.05729883 -0.149381   -1.7711163   0.3430321  -0.25327632
  0.4810919   0.26737243 -1.8430321  -0.09523205]
[-0.17151979  0.17063814  0.8027376   0.33640295  1.8158636   0.37309986
 -0.42438215  0.09323512 -0.10356238 -1.7436955   0.29055542 -0.18109731
  0.48932272  0.25212008 -1.868428   -0.19702694]
[-0.1659021   0.20413554  0.7923165   0.37193733  1.8362881   0.35644323
 -0.4105487   0.06002117 -0.10211132 -1.7555281   0.31264308 -0.19447187
  0.4477299   0.26646584 -1.9053984  -0.17864409]
[-0.22907285  0.23488231  0.83061075  0.29016674  1.821112    0.4107441
 -0.4778839   0.07324757 -0.05995001 -1.8115666   0.30247283 -0.17911541
  0.47079653  0.2007693  -1.7699957  -0.17005582]
[-0.18647487  0.18675923  0.7893548   0.37495917  1.8983338   0.3315924
 -0.4389053   0.02205475 -0.14352891 -1.7832472   0.36540306 -0.26506022
  0.43401116  0.28533977 -1.836819   -0.09557753]
[-0.18366978  0.20160158  0.8262838   0.3085459   1.823728    0.38030046
 -0.42158312  0.05411641 -0.10665435 -1.7956645   0.3154872  -0.22677572
  0.41515675  0.24794039 -1.791434   -0.10893355]
[-0.2053489   0.2358027   0.8511323   0.26655954  1.771128    0.44842547
 -0.43258923  0.05551441 -0.07418515 -1.7803419   0.27272996 -0.16475375
  0.4170795   0.20914745 -1.7674038  -0.16546868]
[-1.7269561e-01  2.4204898e-01  7.8882134e-01  3.7005672e-01
  1.8352811e+00  3.7640691e-01 -4.2038363e-01 -7.2652695e-04
 -1.5122265e-01 -1.7913005e+00  3.3549324e-01 -2.2891024e-01
  4.3524647e-01  2.5819951e-01 -1.8370163e+00 -1.0007529e-01]
[-0.18748923  0.27683634  0.81600094  0.2920895   1.7917147   0.41569263
 -0.44997945  0.0509772  -0.0968127  -1.8409903   0.32157272 -0.2117695
  0.4489747   0.21850821 -1.775288   -0.13090475]
[-0.18813947  0.2922175   0.8183317   0.2665705   1.7738597   0.42942247
 -0.47115812  0.08389565 -0.01283115 -1.8014586   0.3023849  -0.15497044
  0.3984086   0.15834531 -1.8148727  -0.14138648]
[-0.20335242  0.23109284  0.8059368   0.29510006  1.8701807   0.35960537
 -0.5030755   0.08633474 -0.04037649 -1.792753    0.35854384 -0.2105319
  0.43335247  0.20736766 -1.8514156  -0.10840604]
[-0.15092766  0.19004278  0.7410835   0.4335196   1.975572    0.27264538
 -0.45260078 -0.01119454 -0.16910322 -1.7552637   0.4367835  -0.29504994
  0.42607918  0.30374774 -1.9483795  -0.05914656]
[-0.1453832   0.20432083  0.7380985   0.43419343  1.941713    0.27487355
 -0.4216531  -0.03599528 -0.17524755 -1.770944    0.44259042 -0.293303
  0.40890375  0.31364712 -1.9346073  -0.04254478]
[-0.20541346  0.2573526   0.7890332   0.33924592  1.9324118   0.3558024
 -0.49284577 -0.01961176 -0.14286657 -1.8496618   0.44254398 -0.27858034
  0.44216242  0.23644722 -1.7915137  -0.07531594]
[-0.21084139  0.26866984  0.7816949   0.36745661  1.9376371   0.33270198
 -0.4614997  -0.03836019 -0.16554816 -1.8578942   0.47066888 -0.29096705
  0.45599356  0.25530142 -1.8144703  -0.0923581 ]
[-0.25852865  0.2865495   0.8054535   0.31220335  1.8983257   0.38103727
 -0.49018508 -0.00489457 -0.12963907 -1.9002215   0.42543298 -0.2678042
  0.4648877   0.24471435 -1.7245718  -0.10313697]
[-0.22235918  0.29247707  0.7822676   0.3402893   1.8938814   0.35651582
 -0.4861571  -0.03052734 -0.15661432 -1.8890874   0.43774843 -0.28487486
  0.41994184  0.26082388 -1.7394794  -0.03261935]
[-0.24026985  0.25416723  0.8133799   0.26559627  1.8564821   0.40083942
 -0.52976805  0.05103161 -0.0824793  -1.8751812   0.3640766  -0.2370778
  0.4594627   0.20694807 -1.6857626  -0.0805337 ]
[-0.17034824  0.22628367  0.7650944   0.37793028  1.8802776   0.33737287
 -0.44838157  0.01229368 -0.11815768 -1.7922539   0.36986262 -0.2540383
  0.3859679   0.2645742  -1.8766012  -0.01876069]
[-0.21468213  0.24458091  0.7909945   0.31531242  1.8434385   0.4017102
 -0.49191537  0.05689949 -0.04598534 -1.7882888   0.31479853 -0.16328219
  0.39090168  0.19360907 -1.8083481  -0.10000708]
[-0.16403124  0.21637174  0.75884455  0.42431694  1.932649    0.307514
 -0.4584929  -0.01384223 -0.15516917 -1.7825577   0.3849531  -0.27243048
  0.40085936  0.27347305 -1.8989117  -0.0124595 ]
[-0.14323738  0.19437222  0.7380609   0.42413273  1.9086277   0.28045973
 -0.40616235  0.00207683 -0.15337157 -1.76595     0.39920872 -0.27890807
  0.37838107  0.32936424 -1.9409794  -0.0263499 ]
[-0.18937628  0.24134612  0.7747205   0.32466894  1.8709462   0.3708383
 -0.49327296  0.0527984  -0.07905187 -1.7958221   0.35307235 -0.22382501
  0.38027546  0.23598626 -1.8386675  -0.04363736]
[-0.20316048  0.2120494   0.7678832   0.36799446  1.8924592   0.3532806
 -0.51348007  0.05654702 -0.0934162  -1.7819027   0.32667127 -0.2097862
  0.4154447   0.23398578 -1.855368   -0.02791649]
[-1.0763631e-01  1.4611372e-01  6.8705535e-01  5.0032389e-01
  1.9323292e+00  2.5479692e-01 -3.9668402e-01  7.1674585e-05
 -1.5596966e-01 -1.6697823e+00  3.6503917e-01 -2.4914019e-01
  3.6292958e-01  3.1514293e-01 -2.0502710e+00  5.4548620e-03]
[-1.18194066e-01  1.53350905e-01  7.07491696e-01  4.96501774e-01
  1.93440318e+00  2.47854948e-01 -3.95104110e-01 -5.39183617e-04
 -1.72370180e-01 -1.71807063e+00  3.68988872e-01 -2.72234321e-01
  3.60138953e-01  3.15179557e-01 -1.99567759e+00  2.95059383e-02]
[-0.189479    0.19126216  0.7748129   0.35528514  1.912667    0.36754528
 -0.4850921   0.04633792 -0.11599083 -1.7498337   0.29736042 -0.20435819
  0.39903718  0.21342099 -1.8259804  -0.0456679 ]
[-1.5156576e-01  1.4143091e-01  6.8699944e-01  4.7948202e-01
  1.9625725e+00  2.5809795e-01 -4.2907095e-01 -3.0447543e-04
 -2.0078894e-01 -1.7022318e+00  3.7586007e-01 -2.7766064e-01
  4.1259402e-01  3.2317650e-01 -1.9465497e+00  8.9029549e-03]
[-0.19950302  0.15211682  0.76401377  0.37783876  1.9249685   0.3400733
 -0.49436706  0.06365179 -0.157764   -1.7845608   0.30978963 -0.23908825
  0.4956978   0.26705033 -1.8055624  -0.07456677]
[-0.11949994  0.16378494  0.7283126   0.45815164  1.889061    0.29557765
 -0.39451295  0.04623716 -0.14177243 -1.7052215   0.29463443 -0.21162096
  0.39792004  0.3039617  -1.9942715  -0.07180803]
[-0.204635    0.193786    0.78053224  0.32631013  1.8299593   0.37738743
 -0.49899706  0.13500603 -0.02922061 -1.7509266   0.22928712 -0.13983813
  0.42218548  0.19116679 -1.8359722  -0.08551314]
[-0.14248943  0.12854496  0.72650975  0.44019842  1.9474642   0.27362597
 -0.44706908  0.04844133 -0.14667821 -1.6965392   0.31995815 -0.24507558
  0.3952456   0.2855489  -1.950654    0.00385906]
[-0.08371112  0.08402093  0.7192067   0.467806    1.8798434   0.25346056
 -0.35276756  0.06374544 -0.13924138 -1.6242603   0.28692967 -0.22735009
  0.35444805  0.32303637 -2.0438752  -0.022777  ]
[-0.12157105  0.12238858  0.77279353  0.3948638   1.8531462   0.3244297
 -0.39855105  0.06242358 -0.15029052 -1.6867908   0.23715153 -0.20890045
  0.40888906  0.26909548 -1.8896904  -0.04914132]
[-0.12384232  0.11177027  0.74264044  0.43802753  1.8790197   0.31706452
 -0.38816985  0.03707263 -0.1746988  -1.6681459   0.26990083 -0.22293511
  0.42915162  0.30933732 -1.9356534  -0.08221446]
[-0.15047781  0.18685462  0.7824696   0.3869609   1.7944158   0.37205714
 -0.41932526  0.07381348 -0.12040468 -1.756789    0.2420167  -0.18621454
  0.41366893  0.25035554 -1.8775246  -0.05110693]
[-0.1659925   0.19179478  0.80747545  0.31746677  1.8058214   0.39925078
 -0.46508965  0.10848508 -0.04617174 -1.7533786   0.23550689 -0.14521681
  0.3925779   0.1937098  -1.8490732  -0.08751936]
[-0.13570571  0.12663859  0.74625385  0.37968555  1.8811085   0.30344632
 -0.45353675  0.11090174 -0.08035595 -1.7003291   0.29138878 -0.20401435
  0.4086938   0.24668351 -1.949606   -0.03212405]
[-0.1362215   0.0719931   0.7200297   0.44979954  1.9610946   0.250444
 -0.44742814  0.06189096 -0.1641028  -1.6797985   0.30296713 -0.2601877
  0.42256135  0.30652946 -1.9366375   0.0179977 ]
[-0.09867854  0.11112776  0.6998955   0.49571162  1.8796523   0.2782082
 -0.37863693  0.02906927 -0.16553864 -1.6249088   0.25994697 -0.21437976
  0.36393803  0.3320946  -2.0225697  -0.00402666]
[-0.13432756  0.14120866  0.70188737  0.46140552  1.8601882   0.27916887
 -0.4154299   0.07499613 -0.12803736 -1.6837845   0.28555757 -0.20978487
  0.39845014  0.30943713 -1.9904842  -0.00977202]
[-0.18544328  0.14591683  0.71685565  0.42912817  1.8863456   0.3195898
 -0.4370268   0.08448392 -0.10663287 -1.7084904   0.29504958 -0.18364677
  0.44912273  0.2834648  -1.9557648  -0.09526189]
[-0.17859165  0.16111949  0.67965615  0.5188986   1.8879211   0.28294313
 -0.39381132  0.0634202  -0.11430782 -1.6764206   0.31684327 -0.19772784
  0.37378195  0.3631338  -2.0574539  -0.09172828]
[-0.23224862  0.2046866   0.80516946  0.36672348  1.7864182   0.4051238
 -0.48410282  0.11926375 -0.02345534 -1.721072    0.23204072 -0.12020054
  0.42102933  0.2303299  -1.8922389  -0.16058819]
[-0.12803598  0.15060918  0.6920432   0.5647496   1.8669045   0.2692493
 -0.3444282  -0.0051425  -0.15636115 -1.6416365   0.34059066 -0.24791753
  0.3387783   0.39210156 -2.0977786  -0.05591161]
[-0.17213054  0.191068    0.81851614  0.30350655  1.7732685   0.3826786
 -0.41416487  0.10975076 -0.04742063 -1.7486098   0.27753407 -0.18954107
  0.39885303  0.24633329 -1.853479   -0.13920797]
[-0.20397317  0.2167296   0.83033836  0.29145673  1.7694855   0.42262477
 -0.43185836  0.08571506 -0.03318776 -1.7458298   0.26343372 -0.13941465
  0.40506405  0.20501497 -1.8188502  -0.18036805]
[-0.15278447  0.1907576   0.7752677   0.40565944  1.8540093   0.34192497
 -0.38386726  0.00358491 -0.14263919 -1.7258441   0.3557142  -0.22778793
  0.4301392   0.31367785 -1.9445934  -0.15828873]
[-0.17469457  0.25400037  0.8114673   0.34338707  1.809335    0.39069206
 -0.42070657  0.02377652 -0.10671207 -1.8262136   0.35383517 -0.22577615
  0.44301796  0.26905838 -1.8483856  -0.15948644]
[-0.2096239   0.30140084  0.836507    0.23569255  1.7749755   0.44471374
 -0.4658711   0.06777325 -0.00300928 -1.8493874   0.32792133 -0.15864877
  0.40892705  0.15764542 -1.7722747  -0.15878317]
[-0.22174136  0.2546819   0.82651556  0.26300597  1.8572547   0.40660387
 -0.51779586  0.07107964 -0.02691556 -1.8236609   0.34567592 -0.19865492
  0.41541356  0.17410783 -1.7831644  -0.1034327 ]
[-1.7075644e-01  1.7958470e-01  7.6096565e-01  3.7823692e-01
  1.9699103e+00  2.9463214e-01 -4.6603256e-01 -8.2708895e-04
 -1.7714110e-01 -1.7883701e+00  4.0600643e-01 -3.0186978e-01
  4.4655505e-01  2.6633912e-01 -1.8404953e+00 -1.6295969e-02]
[-0.12508675  0.15534337  0.76083356  0.41655093  1.8937105   0.30937243
 -0.38793275 -0.00900747 -0.19782081 -1.7173065   0.33476052 -0.27010384
  0.40895256  0.30304593 -1.8938828  -0.04168397]
[-0.17138165  0.20181632  0.7845806   0.34174967  1.8815672   0.3536182
 -0.46532902  0.02546424 -0.16100657 -1.7883558   0.33463055 -0.2598525
  0.46393323  0.24853286 -1.7916752  -0.057661  ]
[-0.2080785   0.18014386  0.81848353  0.26800013  1.8255078   0.42640838
 -0.49725953  0.1109555  -0.06631462 -1.7637142   0.25359216 -0.16618152
  0.5013168   0.17191236 -1.7537544  -0.16378781]
[-0.16653883  0.14840277  0.77288294  0.39535096  1.9282627   0.30819085
 -0.45890945  0.06834795 -0.13005488 -1.752634    0.3462478  -0.24549179
  0.4820752   0.2889529  -1.9212538  -0.12803166]
[-0.21656649  0.16529882  0.8149427   0.30374998  1.8636687   0.3746036
 -0.5141367   0.14589652 -0.02771713 -1.7821045   0.26311725 -0.15626656
  0.49281937  0.20778489 -1.8157327  -0.18340306]
[-0.15859573  0.11299334  0.74564725  0.4328436   1.971933    0.2537728
 -0.45244622  0.0630095  -0.14086324 -1.7346163   0.35813183 -0.2723174
  0.44149742  0.30770785 -1.9275051  -0.06327678]
[-0.16553168  0.1210533   0.7605611   0.40485778  1.9131062   0.2997651
 -0.44103462  0.07676032 -0.12525223 -1.7216831   0.31024522 -0.24346045
  0.42087755  0.28128538 -1.8913355  -0.0613993 ]
[-0.15248959  0.09634916  0.78256536  0.38682517  1.8469073   0.3261807
 -0.3822062   0.09388013 -0.12177162 -1.6691697   0.24912119 -0.20251617
  0.4233845   0.28481752 -1.899464   -0.12590984]
[-0.15758054  0.13087204  0.8206498   0.34914201  1.7569153   0.39892
 -0.37629452  0.09397155 -0.11089729 -1.6786782   0.17962459 -0.14142123
  0.44792295  0.25350577 -1.8395126  -0.1911666 ]
[-0.13014853  0.16151598  0.813931    0.36834946  1.7472044   0.37097836
 -0.34272534  0.07088329 -0.13107009 -1.7227576   0.23966709 -0.18457082
  0.45078135  0.30502298 -1.888663   -0.19332568]
[-0.18498345  0.23625371  0.85867107  0.20011003  1.6454157   0.50108516
 -0.41566515  0.15677755  0.03502326 -1.7699995   0.16657902 -0.08035643
  0.43067622  0.16207683 -1.742519   -0.26337475]
[-0.17103362  0.25176793  0.8329622   0.26506105  1.7067888   0.43645477
 -0.4224054   0.12827143  0.00486006 -1.7639666   0.22278848 -0.1254963
  0.38519755  0.19152972 -1.8448938  -0.15992932]
[-0.15255669  0.21845074  0.8076876   0.29110718  1.7732594   0.40034637
 -0.4472382   0.10709745 -0.00655591 -1.7182785   0.2572726  -0.13500163
  0.36687073  0.17187515 -1.8836876  -0.11240824]
[-0.10003998  0.14630091  0.7308965   0.4588252   1.883721    0.26845866
 -0.36174545  0.01501146 -0.16065197 -1.6700674   0.35565472 -0.25355512
  0.37836894  0.3132084  -2.0267997  -0.03982249]
[-0.13932705  0.17560244  0.81215304  0.3400366   1.8431946   0.3691931
 -0.40885335  0.03644679 -0.14669439 -1.72314     0.3115057  -0.21910802
  0.4499875   0.24922577 -1.8691099  -0.14520833]
[-0.14897616  0.22924018  0.76016814  0.41891265  1.8834788   0.324377
 -0.40527982 -0.03376964 -0.18816136 -1.7728294   0.4000412  -0.271249
  0.42577237  0.29752192 -1.8973598  -0.08352839]
[-0.22057915  0.25853208  0.8324102   0.26252878  1.8365896   0.43125877
 -0.50653785  0.04316891 -0.09520914 -1.8478472   0.32678497 -0.21611252
  0.47213235  0.18896015 -1.7016563  -0.12481026]
[-0.173803    0.2434288   0.76947707  0.3435232   1.9323766   0.32902437
 -0.48630777  0.00205167 -0.15361029 -1.8265383   0.41508713 -0.28607073
  0.42922583  0.23699173 -1.8181887  -0.01524217]
[-0.21542914  0.2150505   0.7958312   0.29624102  1.8759987   0.37512508
 -0.5013426   0.07512099 -0.07117327 -1.7956778   0.32188576 -0.19764666
  0.43091875  0.1868413  -1.7720846  -0.07955799]
[-0.18148045  0.18816593  0.7551702   0.3903876   1.9942997   0.30597275
 -0.47695136 -0.01664079 -0.19561608 -1.7777443   0.40706477 -0.29398027
  0.455146    0.27756423 -1.8371089  -0.05456113]
[-0.15032716  0.205129    0.74454343  0.4389038   1.9265747   0.29639348
 -0.42158604 -0.02733675 -0.2013845  -1.762038    0.40011582 -0.29034537
  0.4390432   0.30551058 -1.9060128  -0.05804269]
[-0.19976683  0.24885431  0.7975334   0.3195758   1.890742    0.36352912
 -0.482791    0.01476588 -0.14781621 -1.8245083   0.3928389  -0.27609336
  0.46840468  0.25527182 -1.7990205  -0.08224358]
[-0.22711106  0.23386212  0.8270729   0.26072854  1.8627307   0.40590468
 -0.52684385  0.08820023 -0.05547244 -1.8059886   0.34836853 -0.2121937
  0.46700764  0.19894087 -1.7770323  -0.15129857]
[-0.18270707  0.20274372  0.798473    0.35776114  1.8876597   0.33437076
 -0.46216258  0.04377535 -0.11691536 -1.7819027   0.35009855 -0.23204446
  0.45412263  0.2472769  -1.8692856  -0.09337747]
[-0.14292592  0.19324239  0.743624    0.44339234  1.9322608   0.27660543
 -0.4134612  -0.03583915 -0.18871717 -1.7459635   0.41645384 -0.2956672
  0.39385054  0.31087267 -1.9315681  -0.01641707]
[-0.1996628   0.22484407  0.7796026   0.38050243  1.9077612   0.33108288
 -0.47273946 -0.02020132 -0.16580722 -1.8165509   0.41194096 -0.29228252
  0.40497556  0.27298775 -1.8007885  -0.00404394]
[-0.21457998  0.2121696   0.81757843  0.30644506  1.8582493   0.38968277
 -0.4666721   0.02221272 -0.1298095  -1.810447    0.3588505  -0.2519729
  0.4343899   0.23981586 -1.754235   -0.07217089]
[-0.17997774  0.2379373   0.78354996  0.3685744   1.8206518   0.36886945
 -0.42205596 -0.00911051 -0.13922022 -1.7878349   0.34888384 -0.2364105
  0.39780736  0.28239566 -1.830522   -0.06320771]
[-0.26502657  0.25457948  0.8130115   0.2804418   1.8299469   0.43210703
 -0.5237153   0.040649   -0.08796074 -1.8556665   0.33472934 -0.2229708
  0.47461635  0.22826405 -1.6864355  -0.1060914 ]
[-0.20246741  0.22322142  0.7497807   0.3965245   1.8866923   0.34050637
 -0.47461653  0.03757638 -0.11395063 -1.8173635   0.35822353 -0.25138277
  0.43466634  0.28975278 -1.8758703  -0.040512  ]
[-0.24263744  0.24343023  0.74672383  0.3812037   1.8651787   0.37254214
 -0.50345457  0.09786126 -0.01673926 -1.7953552   0.31522173 -0.16514495
  0.36719805  0.23562638 -1.8858197  -0.07534164]
[-0.21132895  0.17943051  0.7433986   0.40794545  1.9061711   0.34942284
 -0.5021396   0.1003143  -0.03146686 -1.710516    0.31492618 -0.17099705
  0.38430905  0.24013937 -1.9679193  -0.09408454]
[-0.1366506   0.14526829  0.66163284  0.58658695  1.9696331   0.21956101
 -0.38184956 -0.02335001 -0.16254535 -1.6567237   0.4143702  -0.27946267
  0.3502166   0.37731987 -2.1129255  -0.03331175]
[-0.15115589  0.14810696  0.75159174  0.4226845   1.90675     0.2950607
 -0.39662853  0.03200774 -0.15151764 -1.71749     0.34910232 -0.25030318
  0.41392288  0.3150013  -1.9338017  -0.09617335]
[-0.17544466  0.18012336  0.79169405  0.33570978  1.8546889   0.33321092
 -0.44408745  0.0803847  -0.10091455 -1.776912    0.33578378 -0.24719687
  0.43848452  0.2862062  -1.8435291  -0.11046501]
[-0.2018108   0.1737365   0.82795113  0.2991171   1.777866    0.41267863
 -0.4329799   0.11342518 -0.05152809 -1.7511231   0.231651   -0.14448234
  0.448671    0.21500497 -1.8033491  -0.17842886]
[-0.13474983  0.1942049   0.76916444  0.42016357  1.8119036   0.34462923
 -0.35215253  0.03560091 -0.11209273 -1.72325     0.30326068 -0.19516063
  0.38185412  0.3083089  -1.9773228  -0.13803324]
[-0.21587212  0.2683397   0.81650656  0.28460807  1.7879841   0.43315107
 -0.455046    0.07712056 -0.02986136 -1.8270944   0.327805   -0.1467166
  0.44453573  0.18702812 -1.812617   -0.20442519]
[-0.1629305   0.21200553  0.77906454  0.37133443  1.8284893   0.3383107
 -0.41152492  0.05663203 -0.09066539 -1.7965043   0.33882862 -0.20556664
  0.43655515  0.26234245 -1.9032303  -0.11596556]
[-0.17233104  0.2025137   0.79604495  0.31507647  1.8522431   0.3598104
 -0.46395475  0.07600789 -0.08772526 -1.7963951   0.31594756 -0.21489856
  0.43126875  0.23314805 -1.8088468  -0.09875914]
[-0.20602676  0.1926341   0.807593    0.31497595  1.8055433   0.39895627
 -0.47111407  0.10945752 -0.06291833 -1.7583797   0.24153772 -0.15495288
  0.44941562  0.20220008 -1.7972034  -0.13311382]
[-0.16907342  0.14838736  0.7741438   0.40379423  1.8864689   0.33789364
 -0.41375694  0.0424077  -0.15551487 -1.718977    0.29202658 -0.22836772
  0.434227    0.28586835 -1.8897129  -0.09149252]
[-0.14080007  0.20715432  0.79228956  0.36779684  1.7827008   0.37090904
 -0.38461113  0.06293099 -0.09894675 -1.7251383   0.26964632 -0.1761369
  0.38327113  0.2666956  -1.9093777  -0.1307201 ]
[-0.18576226  0.26266068  0.8369957   0.2805649   1.7680848   0.4141105
 -0.44467187  0.07286461 -0.05785244 -1.796702    0.28812522 -0.16832212
  0.4132424   0.19324827 -1.8012441  -0.13691817]
[-0.14318791  0.24166557  0.7808875   0.37824172  1.8325424   0.3414518
 -0.41077042  0.01800742 -0.12475573 -1.7569311   0.34365854 -0.24219182
  0.37528533  0.26904836 -1.9074738  -0.05549644]
[-0.15806791  0.24710934  0.77672625  0.34127194  1.8100561   0.3539784
 -0.44461975  0.04649675 -0.08999835 -1.7792547   0.3422529  -0.2258488
  0.3595057   0.2556406  -1.8543551  -0.03973744]
[-0.15189674  0.22520491  0.80467474  0.29860696  1.801994    0.3851377
 -0.46596867  0.06668289 -0.04083982 -1.7562664   0.31012756 -0.17226106
  0.3671256   0.19147742 -1.8541467  -0.07024076]
[-0.10807069  0.23094562  0.7110097   0.46760273  1.898391    0.2583027
 -0.39418912 -0.04638404 -0.14511755 -1.7483768   0.43291682 -0.2781237
  0.32561797  0.2937465  -2.0148406   0.05849108]
[-0.187884    0.29464096  0.75191724  0.38294038  1.9409287   0.33292028
 -0.498767   -0.04827417 -0.13853705 -1.8299481   0.4516592  -0.27842328
  0.36306158  0.20440122 -1.8294293   0.03235783]
[-0.19128446  0.27531442  0.7327339   0.4144048   1.991532    0.28696948
 -0.49616724 -0.05410848 -0.17149067 -1.8445766   0.5152554  -0.33495682
  0.39246145  0.27120456 -1.8557656   0.01016541]
[-0.18450369  0.26119882  0.73768514  0.35587344  1.9648079   0.28227615
 -0.4918993  -0.00491565 -0.12731828 -1.8356616   0.5199149  -0.3071951
  0.39164653  0.28451627 -1.8742949  -0.03290389]
[-1.8603282e-01  2.9712689e-01  7.3626596e-01  3.4537008e-01
  1.9160912e+00  2.9318413e-01 -5.2512306e-01  1.2853027e-03
 -1.0743053e-01 -1.8586273e+00  4.9958271e-01 -2.9325849e-01
  3.5804147e-01  2.7529207e-01 -1.8556859e+00  4.6896767e-02]
[-0.1943194   0.30490154  0.70412225  0.42564908  1.8896077   0.28316167
 -0.5077044  -0.0279877  -0.11129192 -1.8421183   0.49617848 -0.2872449
  0.31845507  0.27477092 -1.9062439   0.12547159]
[-0.14756171  0.25956577  0.66218686  0.5297011   1.9457066   0.231406
 -0.41087812 -0.09030522 -0.14659016 -1.7415804   0.5372946  -0.31957072
  0.26215667  0.31030124 -2.0522983   0.11319976]
[-0.15479907  0.260632    0.72175944  0.43261772  1.9167696   0.27774924
 -0.42213696 -0.08112405 -0.1516136  -1.7588158   0.53684187 -0.3151691
  0.27934796  0.28797764 -1.9510772   0.06210042]
[-0.15247722  0.26296985  0.72763103  0.3883291   1.8776747   0.3075489
 -0.45174298 -0.09383731 -0.17742333 -1.7790524   0.4943615  -0.30416673
  0.32352275  0.3315782  -1.872834    0.06072258]
[-0.21915658  0.31498858  0.7066757   0.43220082  1.860207    0.35870185
 -0.48878232 -0.11489922 -0.1815009  -1.8482087   0.47464818 -0.30378032
  0.343439    0.3340415  -1.8253187   0.10316366]
[-0.21448207  0.33608675  0.6811348   0.45903224  1.9052572   0.3318708
 -0.45453128 -0.13274117 -0.18249741 -1.8989305   0.5054891  -0.3212697
  0.35282987  0.33350128 -1.8378541   0.08350232]
[-0.30600923  0.4389727   0.68453103  0.41932622  1.8608936   0.4125801
 -0.530073   -0.05621018 -0.01500359 -1.9137554   0.50046927 -0.2064759
  0.27447048  0.20545964 -1.8806509   0.05734742]
[-0.2951415   0.3500873   0.68530726  0.4546779   1.9244688   0.37000325
 -0.6069775  -0.03668762 -0.05381184 -1.8260759   0.47842494 -0.23375401
  0.30737355  0.2185018  -1.8925877   0.1022898 ]
[-0.21016479  0.17395851  0.66371876  0.5484753   2.026851    0.2925898
 -0.5623894  -0.06444359 -0.20333311 -1.6873802   0.46226102 -0.3273396
  0.37634552  0.33136678 -1.9721019   0.09449971]
[-0.13265985  0.12394653  0.64630234  0.6201282   1.9777981   0.20704004
 -0.4041689  -0.07749625 -0.23339745 -1.6441189   0.42361635 -0.3461488
  0.33206743  0.43117318 -2.077804    0.09614722]
[-0.21452868  0.18145147  0.8010888   0.3588125   1.9204944   0.38697505
 -0.485205   -0.00588884 -0.16624959 -1.7293946   0.342643   -0.27287367
  0.42517892  0.30330098 -1.8157675  -0.09116735]
[-0.17888466  0.24073589  0.6945449   0.43430346  1.9622898   0.28260967
 -0.46856952 -0.04301903 -0.12643532 -1.7742014   0.49758777 -0.30843055
  0.39108548  0.31129095 -1.9653085  -0.00999126]
[-0.23585871  0.27329537  0.7359951   0.40235573  1.9953216   0.3320942
 -0.49175635 -0.03840399 -0.12342894 -1.8357785   0.48208666 -0.29064694
  0.4192205   0.26203382 -1.8894771  -0.05775606]
[-0.15121555  0.27711993  0.71157956  0.45757708  1.9098886   0.30104852
 -0.40087372 -0.04518967 -0.13133273 -1.769315    0.4685518  -0.27300888
  0.3177744   0.3194025  -2.0134254  -0.03950075]
[-0.22930726  0.28734654  0.80435103  0.2919513   1.834523    0.40503845
 -0.51423675  0.03662208 -0.04470483 -1.8170929   0.40582114 -0.21868882
  0.38569173  0.21325362 -1.8084252  -0.09346081]
[-0.16106401  0.19599223  0.7422893   0.42326292  1.9204922   0.3264201
 -0.4473795  -0.03010131 -0.16935149 -1.7421507   0.42237076 -0.29548782
  0.38146928  0.29471582 -1.9151299  -0.00651802]
[-0.1308358   0.18215735  0.80714494  0.35399276  1.8557447   0.34659594
 -0.40883812 -0.00212286 -0.15972933 -1.7320948   0.35609004 -0.27697614
  0.4113132   0.27850562 -1.8652899  -0.07765485]
[-0.21138878  0.19185428  0.83614624  0.25560245  1.8104632   0.43825817
 -0.491157    0.06894928 -0.08624856 -1.776408    0.29718956 -0.19928107
  0.5154594   0.1755117  -1.7135055  -0.17503834]
[-0.17807424  0.18854763  0.813144    0.35585248  1.9064054   0.34173787
 -0.45474392  0.02402683 -0.16253252 -1.8028078   0.38251162 -0.27638033
  0.5170167   0.2849188  -1.8413184  -0.16326359]
[-0.23323996  0.2781666   0.8245494   0.28642005  1.8472984   0.42075676
 -0.49648172  0.06269446 -0.08312763 -1.8482383   0.34952384 -0.18647727
  0.45985395  0.203788   -1.772982   -0.17550252]
[-0.24947894  0.25849536  0.7857211   0.3364476   1.8776495   0.3566839
 -0.5205158   0.0590071  -0.08279216 -1.8469375   0.38350052 -0.22678685
  0.44116336  0.22699685 -1.7943615  -0.06462575]
[-0.1895039   0.16289447  0.75027466  0.38741     1.9476855   0.3020054
 -0.47611174  0.02698318 -0.15727578 -1.7756996   0.40375438 -0.28778955
  0.4327024   0.27277142 -1.8279003  -0.0324926 ]
[-0.13013032  0.14224772  0.76351774  0.42476708  1.848291    0.28271192
 -0.36937815  0.01584777 -0.1548606  -1.6946493   0.3677568  -0.27256188
  0.35208982  0.3256916  -1.9307972  -0.03213561]
[-0.20784684  0.220961    0.8379256   0.2962293   1.7592399   0.43248066
 -0.44342837  0.03822041 -0.11122926 -1.7562565   0.25930032 -0.19770178
  0.40718326  0.22431174 -1.7270085  -0.09171664]
[-0.17616144  0.23282926  0.7618241   0.41410437  1.7738008   0.36092058
 -0.37950057 -0.00897202 -0.145802   -1.761329    0.33570248 -0.23640633
  0.39541692  0.31613788 -1.8554735  -0.08743821]
[-0.22680576  0.29380774  0.81237113  0.28983825  1.7226219   0.46001083
 -0.43869582  0.06507777 -0.0185546  -1.8526325   0.2911276  -0.14309995
  0.3811014   0.20388997 -1.749141   -0.15147611]
[-0.20826498  0.30847245  0.7892858   0.29938692  1.7769775   0.41929072
 -0.46687302  0.05687655  0.02577629 -1.8442472   0.35575503 -0.15523851
  0.31394362  0.20969048 -1.8516529  -0.0892289 ]
[-0.23745266  0.26710457  0.753033    0.3432049   1.8660183   0.38862357
 -0.54317266  0.05373226  0.00350204 -1.8031225   0.3745808  -0.17666988
  0.35101143  0.18926713 -1.8691423  -0.01913908]
[-0.16390762  0.18733115  0.6876632   0.517764    2.0141156   0.26819757
 -0.45837274 -0.04944745 -0.17591472 -1.7320986   0.43043637 -0.28842044
  0.3567011   0.30962345 -2.0043077   0.04224016]
[-1.3695952e-01  1.9402109e-01  6.9021010e-01  4.7415203e-01
  1.9804173e+00  2.6064903e-01 -4.1167307e-01 -2.5888106e-02
 -1.8854620e-01 -1.7300997e+00  4.1445270e-01 -2.7809483e-01
  3.6964816e-01  3.0299646e-01 -1.9746544e+00  1.9745827e-04]
[-0.18377261  0.21824674  0.74131745  0.37800142  1.9173367   0.32107076
 -0.47180963  0.02676992 -0.15595226 -1.7843964   0.35732144 -0.25289828
  0.42813215  0.2522725  -1.833942   -0.01548887]
[-0.16182765  0.16592577  0.74433506  0.36144787  1.9362828   0.3378165
 -0.46463758  0.04056283 -0.17659262 -1.7402642   0.3330801  -0.25875205
  0.4640022   0.27438813 -1.8490956  -0.06694598]
[-0.09417807  0.1587942   0.7398035   0.4428936   1.8555653   0.29290277
 -0.37344345  0.03959127 -0.1470278  -1.6723102   0.3050745  -0.23387775
  0.37684074  0.31514543 -2.0180123  -0.04905838]
[-0.15714884  0.21833834  0.81038797  0.31312174  1.8186086   0.40428287
 -0.46319336  0.0742406  -0.07092657 -1.7225463   0.26615933 -0.16548367
  0.3844647   0.19521463 -1.8714794  -0.09497123]
[-0.07370451  0.16659133  0.7306469   0.4592275   1.8952589   0.25990096
 -0.3882554   0.01157483 -0.1494411  -1.6843102   0.37938467 -0.26691478
  0.380215    0.2899732  -2.0427814  -0.02938306]
[-0.1417913   0.17925867  0.7813887   0.37025362  1.9017807   0.31189543
 -0.4489666   0.02143515 -0.14779279 -1.746561    0.36246017 -0.25854042
  0.4261949   0.24180177 -1.8593037  -0.05441767]
[-0.1350534   0.17045832  0.775578    0.37867862  1.9415858   0.29431823
 -0.4516322  -0.00856532 -0.18283871 -1.7461784   0.37963313 -0.2924717
  0.3993352   0.27879202 -1.8514236  -0.00938233]
[-0.14863096  0.19555286  0.7769575   0.3499725   1.9080375   0.3071075
 -0.47479716  0.01102561 -0.16481388 -1.802367    0.39439932 -0.29480663
  0.43859714  0.26707226 -1.8148849  -0.0073136 ]
[-0.16854912  0.21434319  0.7620659   0.3526122   1.8994652   0.34637278
 -0.46483213  0.01378926 -0.14267778 -1.7953764   0.37177464 -0.27342618
  0.40817222  0.23280701 -1.8021612  -0.01238006]
[-0.13517629  0.24642149  0.75368917  0.40370893  1.9158936   0.30698273
 -0.44958097 -0.00681068 -0.1359753  -1.7905931   0.39253443 -0.27772942
  0.34510225  0.2502659  -1.8903351   0.01435846]
[-0.18746665  0.2520712   0.77122414  0.33185863  1.8814926   0.35013884
 -0.5037805   0.05234384 -0.07211269 -1.8026559   0.3600091  -0.20081225
  0.36667985  0.1966078  -1.8074325  -0.0466548 ]
[-0.11293413  0.16523309  0.7064558   0.42993122  1.9549134   0.23233128
 -0.42807347  0.003541   -0.17026107 -1.7427304   0.43938136 -0.3040766
  0.36504254  0.3254109  -1.9610122   0.03763849]
[-0.12026559  0.22270027  0.73421013  0.37876523  1.9119368   0.30254441
 -0.47432366  0.02174158 -0.13771145 -1.777314    0.3921014  -0.2673629
  0.36445504  0.26542526 -1.8960009   0.02152745]
[-0.13904731  0.20787148  0.7625538   0.3833138   1.8740635   0.32630563
 -0.48023757  0.06764882 -0.08179798 -1.7435592   0.30628118 -0.19416796
  0.37546736  0.2106392  -1.9230711  -0.0108288 ]
[-0.0924537   0.16986957  0.69176275  0.49221778  1.9906982   0.21663734
 -0.4186539  -0.02884219 -0.18620393 -1.7038157   0.44082046 -0.2953491
  0.3564354   0.311215   -2.0358412   0.03170996]
[-0.12301192  0.20768872  0.6831757   0.46469274  1.9810711   0.2143552
 -0.42763263 -0.02182556 -0.1777938  -1.7589724   0.46689916 -0.29616565
  0.3547973   0.30366117 -1.9817467   0.05260441]
[-0.18999751  0.21048054  0.77299505  0.33912534  1.9173203   0.34095272
 -0.5104629   0.03788275 -0.1115453  -1.7940214   0.34627834 -0.2201827
  0.41119224  0.20333727 -1.7881886  -0.0231549 ]
[-0.15666607  0.17202158  0.70928526  0.45087624  2.0374017   0.2940914
 -0.4866926  -0.07749048 -0.26942447 -1.7560943   0.43258286 -0.34391838
  0.42522907  0.2609434  -1.8053793   0.05712545]
[-0.10027009  0.17020515  0.7463142   0.4259449   1.9465177   0.2856829
 -0.4069565  -0.04538853 -0.22549804 -1.7185295   0.37626266 -0.3004313
  0.40256152  0.27658865 -1.8967736   0.00503626]
[-0.13537309  0.23148525  0.7913501   0.30899012  1.915356    0.33512035
 -0.4664566  -0.01192416 -0.19589992 -1.7863705   0.37604594 -0.29944688
  0.4305535   0.22675101 -1.7928133   0.01553862]
[-0.1605571   0.22256486  0.7968229   0.2880444   1.857254    0.36265874
 -0.4976026   0.0466269  -0.13144933 -1.7740828   0.30448923 -0.22836801
  0.42730814  0.20857087 -1.7758518  -0.00328861]
[-0.11053602  0.16856289  0.7505844   0.3718373   1.9693205   0.28491867
 -0.49063262 -0.00336459 -0.21035092 -1.7449782   0.36621258 -0.29838485
  0.42263356  0.254942   -1.8625714   0.07568603]
[-0.04585267  0.15655923  0.68786716  0.49172148  1.9463949   0.20871429
 -0.4079019  -0.03447544 -0.21188283 -1.6805217   0.38875818 -0.2930263
  0.34221262  0.29822174 -2.0459094   0.1433256 ]
[-1.2666801e-01  1.5049373e-01  7.0425087e-01  4.2697459e-01
  1.9808823e+00  2.5469264e-01 -4.9336720e-01 -4.9026607e-04
 -1.7580406e-01 -1.6980423e+00  3.6165607e-01 -2.6774868e-01
  4.1609851e-01  2.2609544e-01 -1.9221121e+00  1.0743847e-01]
[-0.10051782  0.09675812  0.6380658   0.5548348   2.066123    0.15099847
 -0.42253846 -0.07425328 -0.2708934  -1.6407213   0.44094652 -0.36925933
  0.43031257  0.35237363 -2.015756    0.10634117]
[-0.16093913  0.09009045  0.6920589   0.5077397   2.0947835   0.19392094
 -0.4519055  -0.06573637 -0.29827252 -1.6926863   0.42586342 -0.3775696
  0.52903813  0.34801778 -1.9019276   0.00789498]
[-0.1874106   0.15851663  0.7119967   0.47640052  2.0404391   0.26211342
 -0.44886416 -0.06545512 -0.29409182 -1.7535807   0.41863045 -0.35289544
  0.4972752   0.35222292 -1.8356421  -0.0389332 ]
[-0.26056647  0.21750359  0.8280756   0.3381511   1.9041073   0.4306241
 -0.52332735  0.01660686 -0.16178408 -1.7786146   0.34790117 -0.25559202
  0.4513743   0.27289188 -1.7606127  -0.12870678]
[-0.18512186  0.2093894   0.82066137  0.35311893  1.844867    0.3970379
 -0.45621973  0.03613535 -0.11008732 -1.7277695   0.33233267 -0.2157546
  0.39150685  0.27311367 -1.9016088  -0.12522928]
[-0.151895    0.16884883  0.78442514  0.3857852   1.9237614   0.30294085
 -0.42088562 -0.0061172  -0.18683837 -1.7648255   0.38023117 -0.29539043
  0.4180656   0.28575668 -1.8501984  -0.03402244]
[-0.191739    0.19257532  0.8264306   0.29783487  1.8481537   0.3956532
 -0.45376724  0.02778533 -0.15159485 -1.7828087   0.29739118 -0.24213138
  0.4472788   0.24312058 -1.7364113  -0.0773661 ]
[-1.7315528e-01  2.0024557e-01  7.9851073e-01  3.6214262e-01
  1.8540590e+00  3.7881607e-01 -4.3682235e-01  1.2254507e-03
 -1.9435330e-01 -1.7778924e+00  3.0342960e-01 -2.5549737e-01
  4.4792300e-01  2.5239736e-01 -1.7744401e+00 -4.5067638e-02]
[-0.15956879  0.20525046  0.8053319   0.3084004   1.7923152   0.40745464
 -0.4312586   0.05407608 -0.13271049 -1.771998    0.25987616 -0.19385722
  0.4552043   0.2134529  -1.77917    -0.09273548]
[-0.20244467  0.23570772  0.8221804   0.28324345  1.8305728   0.43588272
 -0.49871388  0.06961811 -0.08761178 -1.7800472   0.2612496  -0.18564469
  0.42828068  0.17157395 -1.7508805  -0.09199037]
[-0.1760118   0.18011256  0.7960846   0.30714002  1.8747101   0.36614817
 -0.49707055  0.09247103 -0.09258816 -1.7517436   0.28221408 -0.19480798
  0.46577913  0.20114672 -1.8180557  -0.09650394]
[-0.12190796  0.16002908  0.73433405  0.42393655  1.9758503   0.27235368
 -0.45782986  0.00911552 -0.1831247  -1.7185761   0.37159264 -0.2853139
  0.4210311   0.28805274 -1.943544   -0.00559794]
[-0.12507161  0.14119366  0.73913276  0.40370017  1.9624869   0.26230758
 -0.44595957  0.03319994 -0.16344753 -1.7122071   0.36923537 -0.2861312
  0.42133656  0.30285484 -1.9519002  -0.01113114]
[-0.14148314  0.15639064  0.7560482   0.38492236  1.9361522   0.31406707
 -0.46900123  0.04690266 -0.1378549  -1.7171271   0.32803223 -0.23912477
  0.43333465  0.24269882 -1.9080226  -0.04654732]
[-1.16440117e-01  1.08798586e-01  7.20000625e-01  4.71511036e-01
  1.97519517e+00  2.43103266e-01 -3.98941845e-01 -9.35307122e-04
 -1.95394069e-01 -1.67939305e+00  3.86410624e-01 -2.89421946e-01
  4.32401955e-01  3.24485868e-01 -1.99357200e+00 -5.06235361e-02]
[-0.13759466  0.15111804  0.77718306  0.38973257  1.9217024   0.31711832
 -0.43485242  0.02166864 -0.16494212 -1.7234837   0.3450416  -0.25945565
  0.4463974   0.26186895 -1.8905666  -0.08323684]
[-0.15867682  0.15979962  0.77488387  0.3964513   1.9342678   0.29732174
 -0.44259912  0.00225964 -0.19739787 -1.7582939   0.353924   -0.2934123
  0.4445433   0.27859163 -1.829546   -0.02125865]
[-0.20672417  0.15134422  0.82996476  0.28026766  1.8520482   0.41134062
 -0.49472037  0.08159968 -0.12198402 -1.7627039   0.23547725 -0.20875719
  0.46768752  0.20216744 -1.6864399  -0.08977875]
[-0.15131073  0.13839233  0.76842654  0.41751528  1.8822199   0.3019322
 -0.41104636  0.01732123 -0.20986977 -1.7382473   0.30955395 -0.27887228
  0.4358706   0.28964823 -1.8353745   0.0056602 ]
[-0.18773556  0.17848645  0.8235534   0.28109854  1.7590935   0.4329729
 -0.45406199  0.09439003 -0.08528697 -1.736145    0.19309916 -0.14953853
  0.42677936  0.17830905 -1.7437413  -0.06990539]
[-0.14396739  0.1569873   0.7442531   0.4464202   1.8462366   0.29905078
 -0.4227039   0.03820432 -0.16965012 -1.7221797   0.28139    -0.23559129
  0.39020157  0.3029325  -1.9006675   0.03214845]
[-0.16862294  0.15953664  0.77802     0.33985108  1.7999036   0.37404162
 -0.47656298  0.10820454 -0.07160642 -1.7170385   0.21140519 -0.14040646
  0.3948074   0.19746158 -1.8254875  -0.02128264]
[-0.09677573  0.12447099  0.67482275  0.4957017   1.8937299   0.2359468
 -0.39549154  0.02962249 -0.14235654 -1.6619495   0.31973165 -0.23624739
  0.34710538  0.33438653 -2.0509114   0.07063879]
[-0.20548968  0.17483889  0.6977526   0.40975624  1.8992027   0.33142966
 -0.48790747  0.07798417 -0.05633248 -1.6917813   0.2755309  -0.1725819
  0.39420578  0.21635382 -1.9125541  -0.00792224]
[-0.13161376  0.11166042  0.6530706   0.5656694   2.0114455   0.22402081
 -0.39613134 -0.02255245 -0.19446322 -1.6380322   0.3638247  -0.27646685
  0.37304056  0.35435334 -2.0719876   0.01454744]
[-0.13144855  0.16069587  0.7035754   0.48891315  1.9517727   0.2607724
 -0.40503877  0.00977664 -0.16466783 -1.687479    0.37821138 -0.2667106
  0.3764809   0.3490533  -2.0462856  -0.03919597]
[-0.16092058  0.18054049  0.7525535   0.41767374  1.8916137   0.3164201
 -0.4311513   0.04334621 -0.12678078 -1.7113552   0.32984942 -0.23843297
  0.3790566   0.31488195 -1.9724452  -0.04564542]
[-0.18325688  0.2088097   0.791244    0.40768027  1.8154091   0.40819556
 -0.43737635  0.04558695 -0.10660176 -1.6640829   0.27491504 -0.17582051
  0.3351745   0.29862756 -1.9732666  -0.10766734]
[-0.10126643  0.14366972  0.73183846  0.47143406  1.888917    0.27907637
 -0.37529922  0.00754188 -0.17764781 -1.6827618   0.35606894 -0.25397182
  0.3961565   0.31205958 -2.009105   -0.04911756]
[-0.12894472  0.17862591  0.7945704   0.36007908  1.8410866   0.3419187
 -0.4113987   0.03890963 -0.13014734 -1.728883    0.32421196 -0.22508845
  0.44200763  0.25160378 -1.9071327  -0.10456207]
[-0.15572855  0.19371735  0.78798413  0.36125198  1.8714793   0.34510958
 -0.43188134  0.02266445 -0.15294735 -1.7491763   0.31948176 -0.23588908
  0.44552976  0.24247241 -1.837692   -0.0872242 ]
[-0.2252109   0.23269053  0.83108824  0.2854768   1.8362373   0.4181947
 -0.48992175  0.05562017 -0.09894341 -1.8067509   0.2903331  -0.194163
  0.48343927  0.19515142 -1.7259134  -0.14859279]
[-0.18145928  0.19635597  0.76916915  0.39681986  1.9297768   0.32388762
 -0.44442505 -0.00406731 -0.18971486 -1.7960198   0.37545457 -0.29150236
  0.4455309   0.2845894  -1.8246664  -0.04938926]
[-0.16426703  0.26935583  0.8128551   0.30471644  1.8263044   0.3892212
 -0.44230086  0.01368975 -0.10651545 -1.8053356   0.3393675  -0.24056077
  0.34196943  0.22109337 -1.7945826  -0.02242373]
[-1.3766237e-01  2.5460994e-01  8.3940583e-01  2.6066366e-01
  1.8270662e+00  4.1005588e-01 -4.7686654e-01  1.5114245e-02
 -1.1103667e-01 -1.7663994e+00  3.2367349e-01 -2.3795514e-01
  3.2920706e-01  1.6847897e-01 -1.7538140e+00 -1.3508856e-03]
[-0.0573831   0.21048923  0.7922618   0.36530593  1.8458945   0.28916374
 -0.40710473 -0.0290406  -0.18046613 -1.726759    0.37737697 -0.30600354
  0.3414604   0.26787996 -1.8967755   0.05640638]
[-0.09621199  0.22716722  0.8097147   0.28769955  1.8665358   0.33502346
 -0.4585926  -0.01438839 -0.16989405 -1.7471079   0.39364547 -0.30128026
  0.36905795  0.23705724 -1.8292576   0.03297834]
[-0.05263742  0.26137462  0.7868815   0.31920838  1.8395689   0.30925357
 -0.4521633  -0.01553857 -0.13806072 -1.7697327   0.3832171  -0.2665252
  0.333023    0.2414191  -1.8925207   0.05684292]
[-0.09997808  0.25262493  0.7535981   0.32882735  1.9545273   0.30532908
 -0.5465299  -0.01662274 -0.12975262 -1.7984911   0.4543861  -0.27225894
  0.34348693  0.20976238 -1.8912938   0.09624191]
[-0.06528777  0.20152044  0.6112505   0.48249665  2.1008801   0.13214329
 -0.50088465 -0.0855381  -0.22049654 -1.7465385   0.60955876 -0.38170582
  0.33540803  0.3006058  -2.0525482   0.22418585]
[-0.17842339  0.21353576  0.5979128   0.48472577  2.1755595   0.14218342
 -0.566721   -0.09991913 -0.26401788 -1.7914902   0.5966014  -0.40392932
  0.42168325  0.2717282  -1.8857082   0.23474851]
[-0.13657649  0.12222685  0.5846648   0.5947281   2.1580682   0.09597108
 -0.47329846 -0.12175061 -0.32971418 -1.6949384   0.53927845 -0.42592096
  0.4157638   0.3702696  -1.9467137   0.19456927]
[-0.13401297  0.07169797  0.6233037   0.5957674   2.1501791   0.09983325
 -0.4351418  -0.15158458 -0.3957766  -1.7142092   0.5560187  -0.5013301
  0.46276504  0.43740502 -1.8448986   0.12425234]
[-0.21534193  0.1765304   0.7739858   0.41934603  1.9513843   0.30037707
 -0.47664756 -0.05034512 -0.25407386 -1.8190384   0.44647375 -0.36701983
  0.44320408  0.340017   -1.7234476  -0.00373157]
[-0.2546331   0.23267987  0.83477706  0.27614123  1.7914698   0.4279887
 -0.5193256   0.06156701 -0.09064946 -1.7973974   0.3053252  -0.2168409
  0.3911044   0.2809635  -1.6958843  -0.08626904]
[-0.2200881   0.2159708   0.78101695  0.3235373   1.8447683   0.3961189
 -0.5082113   0.04614092 -0.11424847 -1.8126789   0.3413518  -0.23857424
  0.46778917  0.2507471  -1.7534788  -0.08001576]
[-0.15888777  0.25087914  0.70798147  0.4628787   1.8306259   0.30786735
 -0.39669222  0.00485542 -0.10498967 -1.76789     0.3733431  -0.22857407
  0.37148672  0.29714707 -1.9956195  -0.01360739]
[-0.25099623  0.32811815  0.76826346  0.3493263   1.8139546   0.39661685
 -0.4975585   0.08097669  0.0264181  -1.822479    0.35358763 -0.14734334
  0.3219206   0.18713295 -1.8662573  -0.10145213]
[-0.2395364   0.2879435   0.7829586   0.36536175  1.8709965   0.3416683
 -0.5081894   0.04674272 -0.02706899 -1.804745    0.4348337  -0.20632796
  0.3496775   0.23515871 -1.9041522  -0.08752111]
[-0.16127113  0.24645166  0.6759874   0.539083    1.8956497   0.24733105
 -0.37539726 -0.07675378 -0.16857219 -1.7323357   0.5083968  -0.32484704
  0.28953657  0.4058659  -2.0592816   0.03030317]
[-0.21042243  0.33197862  0.7880858   0.32069522  1.7743924   0.36480266
 -0.4795119  -0.01882747 -0.12102792 -1.8654382   0.46829423 -0.28325382
  0.35144925  0.26357156 -1.785482    0.04389571]
[-0.23190615  0.33457953  0.8282887   0.28961605  1.7305027   0.42829123
 -0.4897585  -0.01978456 -0.0483746  -1.800189    0.42775708 -0.2304337
  0.33443937  0.20873442 -1.8077443  -0.01329324]
[-0.18870637  0.32001662  0.7302672   0.44858354  1.8528111   0.29434997
 -0.40378395 -0.11137202 -0.13920063 -1.7866447   0.5421195  -0.31666687
  0.31538394  0.30385843 -1.9681507   0.0481314 ]
[-0.232579    0.43363824  0.7693745   0.3670358   1.8004528   0.35003155
 -0.45683032 -0.11812419 -0.12086791 -1.9035499   0.5862384  -0.29706004
  0.2667436   0.27148676 -1.8434302   0.07119457]
[-0.30732936  0.49658155  0.7569278   0.37744063  1.7510853   0.39311844
 -0.53649557 -0.15307873 -0.10072056 -1.9562409   0.6166746  -0.28928638
  0.20873848  0.27178422 -1.778533    0.19839579]
[-0.23877041  0.4708283   0.6419064   0.49518314  1.8610512   0.2862223
 -0.4954721  -0.23770079 -0.16098449 -1.9085853   0.7117412  -0.3928455
  0.10950474  0.32293588 -1.8830173   0.37215978]
[-0.24531814  0.42701015  0.6485192   0.4405858   1.91348     0.2925404
 -0.52016425 -0.21051863 -0.12699953 -1.8986543   0.72356546 -0.41102463
  0.14550018  0.28340352 -1.8300617   0.32021514]
[-0.26681593  0.37547317  0.69766825  0.3860252   1.903429    0.3489041
 -0.5962068  -0.15698297 -0.06304424 -1.8083025   0.6242999  -0.349323
  0.17368522  0.2724747  -1.838158    0.24638236]
[-0.1850483   0.32980525  0.6324073   0.5382051   2.0056992   0.28344744
 -0.5651811  -0.22638874 -0.1766139  -1.7441181   0.6298802  -0.39621815
  0.17727453  0.4068635  -2.015193    0.25417238]
[-0.29095107  0.43647566  0.669232    0.5190951   1.9605045   0.3883966
 -0.61250913 -0.18161373 -0.13352875 -1.8300836   0.6149143  -0.32450813
  0.18806203  0.366083   -1.9995916   0.17753394]
[-0.23396608  0.4474655   0.60383403  0.5355005   1.9956499   0.3127145
 -0.5686391  -0.18989703 -0.18400297 -1.8644199   0.67199105 -0.33248496
  0.16621266  0.3696866  -2.0079618   0.2276819 ]
[-0.25075924  0.43505654  0.5423614   0.5496104   2.0320523   0.25194514
 -0.64166445 -0.15307072 -0.12198339 -1.8185161   0.7205974  -0.34407535
  0.12086622  0.32243687 -2.038363    0.34589377]
[-0.14268622  0.25093657  0.54185045  0.653962    2.042405    0.15300372
 -0.5232307  -0.16470711 -0.22073272 -1.6872991   0.65254927 -0.4150509
  0.18310699  0.4292757  -2.120753    0.31632367]
[-0.14683513  0.14201374  0.6108113   0.6799413   2.0196004   0.16625032
 -0.42733955 -0.16728677 -0.2811935  -1.642567    0.55825603 -0.43012482
  0.27060035  0.46660885 -2.0634933   0.18912044]
[-0.18626504  0.19639124  0.7351435   0.480592    1.9735489   0.27333292
 -0.4834768  -0.14676733 -0.29964224 -1.7844028   0.5213562  -0.39684615
  0.39705867  0.33760372 -1.7700088   0.09632435]
[-0.24164581  0.30168945  0.737119    0.36693326  1.8656543   0.38781238
 -0.51355714 -0.07574999 -0.15227477 -1.8486036   0.45448416 -0.2896303
  0.4000649   0.26544482 -1.7209762   0.00729651]
[-0.26515198  0.34114283  0.67000204  0.42935944  1.9883821   0.334338
 -0.51917017 -0.11923621 -0.15748172 -1.9101111   0.56573117 -0.33535555
  0.3656559   0.2772844  -1.7948673   0.07520091]
[-0.24444075  0.38018546  0.6832347   0.43581095  1.9785875   0.36999595
 -0.48558912 -0.13027465 -0.15614021 -1.8572096   0.5476757  -0.30196634
  0.2691668   0.27301452 -1.8518881   0.03465305]
[-0.20458739  0.36573458  0.71776974  0.34624076  1.935373    0.38861632
 -0.53169525 -0.07155897 -0.10876383 -1.8269179   0.4962314  -0.2674005
  0.25609273  0.19238749 -1.8235095   0.08219365]
[-0.06824107  0.2593906   0.67457646  0.44931716  1.9434812   0.29447466
 -0.45517176 -0.10032507 -0.21119526 -1.7176975   0.4991316  -0.33683985
  0.26604897  0.31414783 -1.9698318   0.10299364]
[-0.040623    0.21583076  0.78413224  0.31399125  1.918058    0.32509428
 -0.46472463 -0.04437221 -0.2035499  -1.7041687   0.42759877 -0.3328094
  0.34021345  0.2447005  -1.8876979   0.05023311]
[ 0.02653381  0.19898754  0.8142966   0.26052994  1.9005346   0.28175148
 -0.4465123  -0.02255446 -0.20609026 -1.6915123   0.38707763 -0.31972614
  0.37084123  0.2380805  -1.8898461   0.03930086]
[ 0.03211446  0.20891118  0.80648804  0.25045857  1.9618409   0.28851542
 -0.5143899  -0.04799779 -0.23674595 -1.731192    0.4388562  -0.3410434
  0.38674006  0.20017266 -1.8662891   0.10692866]
[ 0.06370033  0.17604664  0.7501274   0.32812807  2.0180779   0.18577106
 -0.48769695 -0.08628666 -0.28810143 -1.6797196   0.4969109  -0.3879186
  0.40672898  0.21593288 -1.9647261   0.1972946 ]
[-0.01598595  0.17153725  0.6747316   0.3890066   2.1420448   0.10957064
 -0.5211711  -0.13435921 -0.36730042 -1.7105839   0.57706684 -0.4645856
  0.44918728  0.25922656 -1.8825455   0.27224153]
[-0.05086428  0.09914611  0.659433    0.46511468  2.178059    0.07722467
 -0.4946012  -0.16254163 -0.440233   -1.6754038   0.5513397  -0.50248736
  0.4831387   0.3147692  -1.841788    0.28860337]
[-0.08592658  0.0070487   0.64323413  0.54756224  2.246489    0.02307272
 -0.4677399  -0.23166546 -0.57132435 -1.6689914   0.57307345 -0.60200346
  0.5658501   0.4256274  -1.7381268   0.28289837]
[-0.1651545   0.04696961  0.73923576  0.5379944   2.140784    0.19888543
 -0.4984757  -0.22533408 -0.54377264 -1.7208256   0.4974037  -0.5386596
  0.61661464  0.37393346 -1.6337283   0.11896761]
[-0.24025059  0.0817417   0.8465618   0.32218257  2.0161347   0.36037296
 -0.55500865 -0.06113465 -0.41248053 -1.7350328   0.31211188 -0.39698738
  0.67390907  0.26342064 -1.4717617  -0.06153486]
[-2.37052649e-01  7.77886361e-02  8.40337396e-01  3.40886295e-01
  1.97277701e+00  3.47921073e-01 -5.35240948e-01 -1.48565765e-03
 -3.55811417e-01 -1.74346662e+00  3.01046431e-01 -3.67796242e-01
  6.68471515e-01  2.95312703e-01 -1.54377508e+00 -1.20412126e-01]
[-0.25735882  0.16563578  0.86292326  0.2910647   1.9318683   0.4142568
 -0.5324412   0.02778599 -0.24040003 -1.7962484   0.28409967 -0.29090747
  0.57237923  0.2422795  -1.5942819  -0.14100707]
[-0.21366164  0.15644245  0.81366813  0.31866217  1.8998821   0.3778127
 -0.48319474  0.05677665 -0.19072473 -1.752477    0.3045318  -0.26188135
  0.50980055  0.27874374 -1.72275    -0.15396671]
[-0.24446836  0.16482747  0.84152967  0.29798126  1.89296     0.4065345
 -0.5183183   0.07469712 -0.12164597 -1.7763106   0.29552132 -0.22387755
  0.49187452  0.21682711 -1.7202715  -0.14021553]
[-0.13233033  0.12449984  0.7890619   0.39406288  1.8825104   0.3122151
 -0.3830071   0.03052104 -0.17336082 -1.703463    0.31927428 -0.25702187
  0.44201392  0.3120766  -1.9027512  -0.11807168]
[-0.1735527   0.19564052  0.82046527  0.31742603  1.8100929   0.38802972
 -0.43445295  0.05605374 -0.1323478  -1.7695917   0.2836966  -0.22681744
  0.4447072   0.24354167 -1.7800611  -0.10361701]
[-0.20601377  0.2086883   0.8475564   0.27882692  1.7563442   0.44262427
 -0.45107588  0.07388979 -0.09668195 -1.7810261   0.23429795 -0.17553371
  0.44103917  0.20443133 -1.71204    -0.12568825]
[-0.13695255  0.16329813  0.806654    0.32421118  1.7825444   0.38778558
 -0.4074723   0.07186626 -0.12122948 -1.7162956   0.255366   -0.20255303
  0.41721216  0.25693378 -1.8436592  -0.09927861]
[-0.14730744  0.1927743   0.80094147  0.32835215  1.7711029   0.37839386
 -0.42275304  0.08436486 -0.08520718 -1.7539581   0.2444032  -0.18430904
  0.4070304   0.22306943 -1.8271465  -0.06921341]
[-0.17284873  0.18746881  0.79873264  0.3190477   1.8266687   0.42234412
 -0.46246523  0.05714026 -0.09691306 -1.707824    0.22775404 -0.16311471
  0.39778402  0.18450764 -1.8037361  -0.07358041]
[-1.0492450e-01  1.6198559e-01  7.1712106e-01  4.6806353e-01
  1.9053198e+00  2.7937955e-01 -3.9938009e-01  3.1118988e-04
 -1.8133990e-01 -1.6925625e+00  3.4351763e-01 -2.5619322e-01
  3.8059026e-01  3.0540615e-01 -1.9789460e+00 -7.8856740e-03]
[-0.1911248   0.19860795  0.7951201   0.3217725   1.8845749   0.38442284
 -0.48345327  0.06169581 -0.11050794 -1.7619377   0.29854497 -0.2012448
  0.4346912   0.19816479 -1.815377   -0.07408719]
[-0.11559073  0.16000855  0.71590674  0.43476668  1.9509459   0.26841554
 -0.42132768  0.01123382 -0.17268634 -1.7081158   0.36957747 -0.27181536
  0.39266402  0.31327325 -1.9737753  -0.01343002]
[-0.18519965  0.1847654   0.77572453  0.33826023  1.9325485   0.34736338
 -0.529135    0.06204607 -0.12877649 -1.7754158   0.32265818 -0.2356514
  0.4639516   0.20876417 -1.8074286  -0.03325843]
[-0.08840592  0.11851601  0.70335627  0.4861103   1.9614232   0.24192266
 -0.4003714  -0.00735709 -0.2077477  -1.6686156   0.3359966  -0.2744809
  0.3938517   0.3056662  -1.9945351   0.0362046 ]
[-0.10863294  0.13421239  0.7170164   0.44807252  1.9334996   0.26517835
 -0.43236598  0.02577196 -0.17939456 -1.6810315   0.32186776 -0.26298457
  0.3731163   0.273691   -1.949735    0.06476001]
[-0.13246438  0.0948835   0.7539774   0.39651838  1.9119568   0.2950687
 -0.44591412  0.06348705 -0.16288503 -1.6827666   0.2602205  -0.22517014
  0.41677934  0.24050847 -1.8594344   0.0173558 ]
[-0.09918804  0.0612241   0.71388227  0.48832116  1.9508636   0.25111407
 -0.38270718 -0.00355084 -0.24081664 -1.642417    0.28970835 -0.27992812
  0.40522704  0.32683164 -1.9299332   0.03326887]
[-0.12001996  0.11321171  0.7201885   0.4694535   1.9129932   0.2801066
 -0.4057614   0.00295125 -0.22577123 -1.7030027   0.29157084 -0.26875266
  0.41297045  0.31536013 -1.8823055   0.02988097]
[-0.19660191  0.17877193  0.7837801   0.3238694   1.851461    0.40253767
 -0.50894034  0.0936351  -0.103857   -1.7608525   0.2194992  -0.17892914
  0.44260103  0.19127385 -1.7598234  -0.03533933]
[-0.11201368  0.1439897   0.7045964   0.4383564   1.9132202   0.28845558
 -0.44214344  0.06581473 -0.13405924 -1.6793257   0.26531067 -0.21492739
  0.3657833   0.25159764 -1.956296    0.04535509]
[-0.14706263  0.10686459  0.7255107   0.39238247  1.9256649   0.31536204
 -0.48683208  0.1247705  -0.08713502 -1.6523968   0.22391891 -0.16940098
  0.40024933  0.21175718 -1.9316585  -0.010491  ]
[-0.06107212  0.08269451  0.6468294   0.55087113  1.9917076   0.19086862
 -0.3747086   0.01573152 -0.2022512  -1.5983627   0.31738025 -0.2684354
  0.34157377  0.32323152 -2.094626    0.08114477]
[-3.3585537e-02  1.1682286e-01  6.9933003e-01  5.0252688e-01
  1.9451296e+00  2.2850966e-01 -3.6912906e-01  9.9965336e-04
 -1.9847061e-01 -1.6040306e+00  3.1647652e-01 -2.7061671e-01
  3.1611222e-01  3.0191863e-01 -2.0574491e+00  4.7254838e-02]
[-0.0388402   0.1484906   0.7309898   0.45487386  1.8887154   0.24052711
 -0.3721262   0.01219104 -0.18249702 -1.6313766   0.33942685 -0.2739318
  0.3335703   0.29832295 -2.0260546   0.01821608]
[-0.05755612  0.17416401  0.77036655  0.37326995  1.8452828   0.27952042
 -0.38760287  0.0179331  -0.16470322 -1.6748383   0.3469158  -0.26639113
  0.33101273  0.26888964 -1.9532859   0.03824862]
[-0.04707692  0.18768397  0.76265043  0.37565058  1.8472786   0.28677797
 -0.40365332 -0.0253618  -0.17507347 -1.6806304   0.3619176  -0.27096707
  0.30165341  0.2793351  -1.9378555   0.08080218]
[-0.06369983  0.1848482   0.7225333   0.41749343  1.8952677   0.25355697
 -0.4332704  -0.04508577 -0.18841517 -1.7195584   0.42018467 -0.2992203
  0.33224484  0.28495193 -1.9457448   0.12796588]
[-0.12167406  0.2138798   0.6796168   0.47824535  1.9865673   0.26101637
 -0.45052633 -0.1083431  -0.21791872 -1.7637932   0.48298725 -0.32404828
  0.35289142  0.26421353 -1.9459937   0.15811116]
[-0.16097565  0.24488287  0.63778514  0.49490625  2.0709095   0.25045744
 -0.48804778 -0.13775247 -0.26106462 -1.7632675   0.5179621  -0.3433694
  0.35046002  0.27159148 -1.8891411   0.15167275]
[-0.18953009  0.2139159   0.68214524  0.4141907   2.0820594   0.27789813
 -0.5651784  -0.07495151 -0.2316504  -1.7677972   0.47406682 -0.3442258
  0.42885694  0.22324291 -1.7903105   0.11360204]
[-0.1706079   0.17923014  0.62060153  0.5283453   2.1265538   0.20529377
 -0.49055582 -0.14257428 -0.33763942 -1.7418888   0.5186456  -0.42104334
  0.4464075   0.35110036 -1.8599981   0.13454334]
[-0.14572778  0.1797696   0.65959823  0.43313876  2.0667036   0.23814325
 -0.47891173 -0.05862704 -0.28715166 -1.7346913   0.46468592 -0.3665831
  0.4188285   0.34961706 -1.8567591   0.0621426 ]
[-1.7375213e-01  1.8877879e-01  7.7887207e-01  3.6137950e-01
  1.9546607e+00  3.4485161e-01 -5.3235996e-01  2.2178361e-02
 -1.5968135e-01 -1.7300628e+00  3.5171467e-01 -2.6457435e-01
  4.0995598e-01  2.4920321e-01 -1.8615719e+00  1.8892527e-03]
[-0.06986079  0.13562322  0.6778897   0.55053     1.9857388   0.22904667
 -0.3900662  -0.07413436 -0.2462264  -1.6453483   0.3962694  -0.32078403
  0.35938525  0.35710168 -2.0648835   0.06121301]
[-0.0669465   0.1327056   0.72161084  0.46651787  1.9466038   0.24141102
 -0.4069608  -0.00528047 -0.20437518 -1.6842849   0.3909169  -0.30616385
  0.40201545  0.2891392  -2.005527    0.02837691]
[-0.16027205  0.13839188  0.8047355   0.33340955  1.9545491   0.3219688
 -0.51748645  0.04159364 -0.16233084 -1.7278817   0.3476942  -0.26182786
  0.49501652  0.19580653 -1.7995354  -0.0654313 ]
[-0.12850131  0.09108527  0.7377657   0.45158696  2.0398285   0.23133115
 -0.44962806 -0.02965314 -0.28627712 -1.6929306   0.36361814 -0.33649006
  0.5176137   0.29236278 -1.842112   -0.01919901]
[-0.16652516  0.15542392  0.76809376  0.39532185  1.9785328   0.2872346
 -0.47007307 -0.02235154 -0.27431256 -1.7772999   0.36387783 -0.34201533
  0.5221447   0.28710598 -1.7416661  -0.02138411]
[-0.17899463  0.19508782  0.8021921   0.34592062  1.8856223   0.3793704
 -0.45371908  0.00402893 -0.21462536 -1.784841    0.33148748 -0.2704545
  0.4533623   0.24718432 -1.7206281  -0.08046782]
[-0.16070941  0.22233686  0.7896549   0.34022236  1.8841015   0.32517415
 -0.46492845  0.02937078 -0.13143724 -1.8151579   0.3719601  -0.275466
  0.38246828  0.23905055 -1.7982178   0.0040584 ]
[-0.180865    0.22499721  0.807058    0.30416852  1.8706487   0.3968204
 -0.4775198   0.02300738 -0.12172945 -1.7647034   0.32136646 -0.22664328
  0.36668235  0.19849597 -1.7537076  -0.04621635]
[-0.11303677  0.21592262  0.74314386  0.41259208  1.8842583   0.29624477
 -0.40663615 -0.04627674 -0.20915179 -1.7298352   0.38932315 -0.291111
  0.3769918   0.2816779  -1.890816    0.02911679]
[-0.10017775  0.27680403  0.8049814   0.28374505  1.8415903   0.36551946
 -0.45514113 -0.01988533 -0.16726068 -1.7906786   0.36910418 -0.28270152
  0.3819357   0.20386358 -1.7918985   0.0239749 ]
[-0.10043397  0.24177544  0.7781998   0.2916966   1.8388304   0.3423575
 -0.45321888  0.03170448 -0.09386518 -1.7453747   0.36500978 -0.24746776
  0.36053628  0.20170355 -1.8726368   0.00281484]
[-0.11499818  0.21642336  0.78146106  0.32157812  1.9588315   0.2975591
 -0.5066053   0.0144528  -0.11851754 -1.7573507   0.41886806 -0.2712039
  0.36862093  0.22599606 -1.9029739   0.00845034]
[-0.05809539  0.17730267  0.6693018   0.46462163  2.0676956   0.17659637
 -0.43983525 -0.10101753 -0.23312679 -1.7226022   0.5566596  -0.36914116
  0.3553353   0.3324948  -2.0388093   0.10379419]
[-0.11004551  0.20723398  0.6508913   0.47403917  2.0717719   0.19722238
 -0.47985345 -0.10828334 -0.22701803 -1.7478796   0.5701713  -0.36555433
  0.41914296  0.30380446 -1.9981339   0.08377908]
[-0.1816399   0.19128975  0.665277    0.46731782  2.1495433   0.22772717
 -0.54974204 -0.0939975  -0.26104173 -1.7912534   0.5566976  -0.38698
  0.48967108  0.24782196 -1.8542668   0.06596252]
[-0.15226033  0.13145603  0.7219068   0.44346362  2.1029365   0.2093648
 -0.49271578 -0.0441208  -0.27188492 -1.7257122   0.4595189  -0.35313165
  0.47688842  0.271373   -1.8434706   0.00696848]
[-0.13674527  0.06058398  0.7299837   0.41926035  2.0834334   0.20626609
 -0.4647111  -0.03337582 -0.3151601  -1.6872612   0.4222476  -0.4095233
  0.49462909  0.3196582  -1.7577587   0.00975451]
[-0.20907798  0.09242457  0.85800666  0.33418363  1.8809398   0.40924367
 -0.44862184  0.01138483 -0.25650722 -1.675946    0.25715694 -0.30254608
  0.504147    0.28792843 -1.6712862  -0.1334432 ]
[-0.0975704   0.10879262  0.8267579   0.30826497  1.8295431   0.34919438
 -0.36130318  0.00675653 -0.26145628 -1.7132053   0.25591153 -0.28725812
  0.48421526  0.3052161  -1.7083561  -0.10606356]
[-0.13437419  0.2116822   0.87682354  0.20113413  1.667428    0.47871107
 -0.4087407   0.09515053 -0.05414059 -1.7707126   0.18021174 -0.1407702
  0.44312888  0.14689103 -1.6880884  -0.16552177]
[-0.1335395   0.20119865  0.8233773   0.26044464  1.7479122   0.42383623
 -0.4205359   0.08794525 -0.0779414  -1.7626625   0.23758101 -0.1752977
  0.44943357  0.17659578 -1.785929   -0.11339007]
[-0.17879853  0.19858089  0.80431795  0.304923    1.8292385   0.41800958
 -0.4818572   0.09268174 -0.06333463 -1.7562797   0.24479647 -0.16070223
  0.44961673  0.15376069 -1.7975738  -0.11819287]
[-0.18485236  0.19096078  0.7991141   0.34398282  1.9217722   0.3664164
 -0.5098938   0.03361695 -0.15106955 -1.7364731   0.3107722  -0.22633183
  0.47621852  0.17427453 -1.8047447  -0.06377628]
[-0.08821315  0.15783435  0.7372337   0.4234026   1.9679747   0.24261889
 -0.44083706 -0.01768583 -0.23713693 -1.6920006   0.3780511  -0.3242385
  0.4277265   0.26020414 -1.8944088   0.04186457]
[-0.08263621  0.15778568  0.79344654  0.29991743  1.9079758   0.2713769
 -0.455393    0.04209623 -0.18686493 -1.7159626   0.3464265  -0.32727197
  0.425979    0.24344683 -1.8035816   0.02579111]
[-0.07467972  0.12820853  0.8370323   0.2524344   1.8378624   0.3464603
 -0.4309755   0.06285356 -0.1534166  -1.6245188   0.28048855 -0.25812393
  0.40769058  0.24066691 -1.8299259  -0.08410443]
[-0.02357424  0.16507147  0.7687823   0.37941858  1.8874432   0.24819593
 -0.38118938 -0.05205817 -0.2043182  -1.6596763   0.3988752  -0.3138664
  0.35256985  0.3187785  -1.986507    0.04243703]
[-0.06637748  0.21328135  0.7711625   0.36387047  1.87131     0.31116542
 -0.41574064 -0.06544133 -0.18616013 -1.7330811   0.39149112 -0.29487523
  0.3721432   0.26669216 -1.9118725   0.05483231]
[-0.06821444  0.21257071  0.75187445  0.42641363  1.9328301   0.2875699
 -0.43764925 -0.08259664 -0.20883484 -1.7584116   0.43838286 -0.32295352
  0.3442269   0.24065605 -1.9451195   0.13329306]
[-0.16081342  0.17775592  0.75726306  0.37992218  2.0007071   0.30389047
 -0.53381586 -0.0453834  -0.21522327 -1.7728188   0.40987283 -0.30994934
  0.42186627  0.18898053 -1.7729181   0.11600137]
[-0.15769449  0.13458543  0.6947638   0.4763318   2.0791204   0.22610274
 -0.52051085 -0.09500121 -0.3407677  -1.7174962   0.4402744  -0.38615748
  0.42411494  0.30699882 -1.788488    0.1713405 ]
[-0.18502662  0.09715958  0.74117976  0.5078065   1.9694393   0.31810942
 -0.50905675 -0.05924957 -0.35072866 -1.6456394   0.29973194 -0.3315382
  0.48021942  0.31088313 -1.7520192   0.05343974]
[-0.15404856  0.1742234   0.69925296  0.47165886  2.0032089   0.25998533
 -0.49022692 -0.06159725 -0.32995775 -1.7550675   0.38715288 -0.36873662
  0.47210932  0.30833825 -1.7475386   0.07788612]
[-0.16537352  0.20523782  0.742623    0.35552514  1.8926704   0.32180738
 -0.5053355   0.07353793 -0.13762838 -1.732103    0.30531046 -0.23533478
  0.38399214  0.2340986  -1.802211    0.00734092]
[-0.16741188  0.1644194   0.7644123   0.3640538   1.9631863   0.3050258
 -0.52806175  0.06495012 -0.11272619 -1.7296312   0.3507739  -0.24914725
  0.39193317  0.24566624 -1.8738134  -0.01279234]
[-0.05678995  0.1414657   0.62885004  0.5463209   2.0366654   0.16535369
 -0.37752768 -0.06219773 -0.19245596 -1.6564242   0.47567192 -0.33166865
  0.30912378  0.3522107  -2.1137364   0.07622793]
[-0.10928772  0.20739543  0.7140491   0.44667476  2.0240471   0.25030515
 -0.4553748  -0.05404244 -0.18178126 -1.7634634   0.4747433  -0.31838608
  0.36509553  0.28221828 -1.9732769   0.03204371]
[-0.15465271  0.2478793   0.6952027   0.44209218  2.0229778   0.24255578
 -0.46609324 -0.06428127 -0.19181342 -1.7961375   0.53463894 -0.33559242
  0.3807673   0.27353305 -1.942593    0.05305052]
[-0.15970674  0.2593462   0.7306511   0.41377813  1.990619    0.26302135
 -0.4580739  -0.06215122 -0.20217618 -1.8293495   0.50590163 -0.31915528
  0.39726132  0.2575227  -1.8787282   0.033017  ]
[-0.18291512  0.2577187   0.7314975   0.36490455  1.9885632   0.2891857
 -0.5034642  -0.03724197 -0.19907734 -1.8516319   0.5076062  -0.336613
  0.4325823   0.25950754 -1.7854656   0.00684196]
[-0.1685565   0.22664289  0.72435546  0.41357318  1.9182049   0.27845016
 -0.45934042 -0.01910678 -0.18022123 -1.8055966   0.45971036 -0.29855046
  0.4150235   0.29147267 -1.8517967  -0.00333477]
[-0.1749038   0.24062689  0.74731964  0.35275608  1.9134948   0.32440263
 -0.50430167 -0.02052785 -0.15288898 -1.8308666   0.43196195 -0.28536147
  0.4067177   0.24818106 -1.7876555   0.03437888]
[-0.15815318  0.20406787  0.72359145  0.40773487  1.8901131   0.29229975
 -0.44669133  0.00730495 -0.11004436 -1.7572584   0.40935564 -0.26929343
  0.37784025  0.27922517 -1.9202505   0.01111214]
[-0.24376202  0.2103275   0.7568456   0.38976902  1.9361553   0.35388833
 -0.49155682  0.01527947 -0.0855912  -1.7985348   0.3716331  -0.22195227
  0.41909117  0.21355037 -1.8239416  -0.06111864]
[-0.1870606   0.18097639  0.7145404   0.47914782  2.0053124   0.28565973
 -0.4182005  -0.05514267 -0.2036118  -1.7618786   0.44975743 -0.30398506
  0.39422327  0.34569675 -1.9308408  -0.05612652]
[-0.21908398  0.26815927  0.76334965  0.37690347  1.9133593   0.36053342
 -0.48591924 -0.01778107 -0.14296165 -1.8416483   0.42634088 -0.27288914
  0.4003695   0.2811796  -1.8275158  -0.04152576]
[-0.2299352   0.24489374  0.7746192   0.36190772  1.8555748   0.4093255
 -0.4888834   0.02677112 -0.11863407 -1.7962309   0.332585   -0.22043256
  0.38080415  0.26495853 -1.8126767  -0.04295637]
[-0.13985237  0.17198053  0.74341667  0.36826077  1.8554871   0.34183925
 -0.44711334  0.07148726 -0.11407757 -1.7375427   0.28890124 -0.21835688
  0.36598384  0.2559735  -1.8658447   0.00200163]
[-0.15359418  0.13920519  0.7762267   0.35337856  1.8263153   0.35492545
 -0.4475093   0.11350203 -0.07038093 -1.699311    0.22606508 -0.15385076
  0.3932767   0.21671152 -1.8831383  -0.05175414]
[-8.0317095e-02  1.1275041e-01  7.0821565e-01  4.8875198e-01
  1.9005553e+00  2.8477079e-01 -3.6518747e-01  7.1675419e-03
 -1.7675737e-01 -1.6139281e+00  2.7826583e-01 -2.2641292e-01
  3.6467773e-01  2.9476979e-01 -2.0359321e+00 -1.1154413e-03]
[-0.08777541  0.14951196  0.7255038   0.45297736  1.8880866   0.29656607
 -0.3874858   0.00908466 -0.1834518  -1.6440777   0.28433692 -0.23690918
  0.38955045  0.2870776  -1.9769306  -0.02543585]
[-0.14861146  0.15482888  0.8130471   0.27539897  1.8379894   0.39519715
 -0.47958556  0.10972967 -0.09291452 -1.690967    0.23510604 -0.17725082
  0.47413674  0.17015332 -1.8222492  -0.11603232]
[-0.07268571  0.12066013  0.7293347   0.41688365  1.9371631   0.2432179
 -0.39795     0.03817932 -0.1740079  -1.6614279   0.3454178  -0.27679902
  0.41724753  0.32684463 -2.0195186  -0.03435653]
[-0.14083454  0.14297207  0.7988994   0.31824318  1.9139717   0.34739107
 -0.4863945   0.09014581 -0.1113347  -1.6870295   0.2663893  -0.2085335
  0.43977708  0.21455853 -1.8819774  -0.07752494]
[-0.0554885   0.09543383  0.71131974  0.49137878  1.9727787   0.21403125
 -0.38830113 -0.01794985 -0.2261533  -1.6433887   0.35436141 -0.2966678
  0.40930405  0.324851   -2.0290086   0.02340662]
[-0.09587577  0.08882368  0.7327065   0.45518526  1.9536622   0.250946
 -0.40278092  0.00479132 -0.21551414 -1.6581364   0.35762626 -0.29000616
  0.45336327  0.29692182 -1.9731913  -0.02053086]
[-0.11892872  0.07660697  0.78817225  0.38163942  1.9236358   0.28110594
 -0.43282318  0.05524939 -0.19044587 -1.6763895   0.3139567  -0.27879387
  0.49625     0.27200812 -1.8760732  -0.07828848]
[-0.18095565  0.09216912  0.83079636  0.3195736   1.9149666   0.36522657
 -0.4807578   0.0709336  -0.20080075 -1.7088835   0.2111418  -0.24591625
  0.56818575  0.21066877 -1.6995659  -0.12773912]
[-0.1499627   0.07218431  0.7794964   0.41142112  1.9214077   0.3048818
 -0.41564313  0.02981466 -0.26073205 -1.6916134   0.27232036 -0.29184565
  0.5430071   0.31777593 -1.7893503  -0.11517544]
[-0.22065237  0.13907689  0.8656853   0.2800036   1.7924023   0.4632
 -0.4642113   0.10834606 -0.13624652 -1.751696    0.18798235 -0.19411679
  0.5044006   0.23262694 -1.6700767  -0.1995111 ]
[-0.14032242  0.1471754   0.8309949   0.2901298   1.7801123   0.3885065
 -0.40949613  0.11766993 -0.06541346 -1.7219776   0.20174775 -0.1665059
  0.42178148  0.20757847 -1.8124317  -0.13133864]
[-0.17964423  0.12500209  0.8215197   0.29226047  1.8004185   0.40526032
 -0.45816946  0.12969306 -0.07077947 -1.701264    0.19578673 -0.15747589
  0.44135982  0.21726434 -1.7864758  -0.13674891]
[-0.12285757  0.10931341  0.7781907   0.4111125   1.870486    0.3316819
 -0.39546493  0.0419695  -0.18349326 -1.6854241   0.25594056 -0.23446746
  0.4359038   0.2746423  -1.8805069  -0.06797769]
[-0.09606653  0.15045828  0.79477644  0.33557373  1.7761915   0.39504838
 -0.37761813  0.07345615 -0.1319043  -1.6552279   0.18440013 -0.1672534
  0.40926337  0.2244685  -1.8679584  -0.10842779]
[-0.12310228  0.15408792  0.8016655   0.29446232  1.7803936   0.3811868
 -0.42910576  0.13274357 -0.07685475 -1.6965907   0.19771543 -0.16169491
  0.44238734  0.19457924 -1.8349922  -0.118122  ]
[-0.13571188  0.10119744  0.82457507  0.26847595  1.8252075   0.38354468
 -0.45280585  0.1558446  -0.06589818 -1.6799583   0.19868176 -0.155283
  0.47032204  0.19530192 -1.8444214  -0.15307522]
[-0.07059103  0.09532756  0.7323021   0.4571343   1.8989446   0.26611263
 -0.37113813  0.06414759 -0.16137221 -1.6358265   0.26768443 -0.23212476
  0.40693322  0.31310052 -2.0342097  -0.05840234]
[-0.12960418  0.1197999   0.77127886  0.36649984  1.8881395   0.32523215
 -0.46013945  0.10962977 -0.11014613 -1.6904042   0.25496095 -0.18644589
  0.46720305  0.22021064 -1.9034973  -0.1052263 ]
[-0.09824812  0.09022535  0.7237732   0.47734275  1.9368999   0.25302556
 -0.39961177  0.04248393 -0.18209437 -1.6513275   0.32066256 -0.24648805
  0.435464    0.2867381  -2.0083034  -0.04293647]
[-0.11412323  0.09392076  0.77412546  0.3867098   1.8979568   0.2899226
 -0.40900713  0.08308084 -0.15461768 -1.6610161   0.2767539  -0.22466461
  0.4538684   0.26155978 -1.9220183  -0.09557424]
[-0.16410862  0.10746181  0.81017417  0.3394441   1.8677294   0.34614778
 -0.44676918  0.09579311 -0.15028837 -1.6894299   0.2262793  -0.19418482
  0.49466825  0.22566292 -1.7970693  -0.13393238]
[-0.13863961  0.10489216  0.7748341   0.43064317  1.8887199   0.2961566
 -0.37107438  0.01405856 -0.25044551 -1.7060648   0.27745605 -0.27140284
  0.4932061   0.32688174 -1.831398   -0.09923419]
[-0.14988145  0.1784476   0.82264185  0.29892582  1.7576873   0.40788537
 -0.3851249   0.07611158 -0.1363382  -1.7370892   0.24148831 -0.20288906
  0.45481437  0.26874745 -1.7978799  -0.16026562]
[-0.17136326  0.25882038  0.8455051   0.24305327  1.7004074   0.46033853
 -0.4124596   0.08898771 -0.03087053 -1.7590458   0.2280099  -0.14102086
  0.38373858  0.17162547 -1.7755318  -0.15129814]
[-0.14054322  0.23326461  0.84658134  0.22620146  1.7649317   0.4656299
 -0.42996755  0.05336055 -0.06584276 -1.689745    0.24893984 -0.16566494
  0.39868203  0.15298362 -1.8057791  -0.15546712]
[-0.04102726  0.22731304  0.7856046   0.36454904  1.8496819   0.33192345
 -0.36981487 -0.03953988 -0.17272007 -1.6610556   0.36017948 -0.27986956
  0.36358088  0.24548754 -1.9623445  -0.06333485]
[-0.10835443  0.21383576  0.88515985  0.1662869   1.8388958   0.43305984
 -0.4645254   0.02122178 -0.12995562 -1.729044    0.31515098 -0.254983
  0.45086986  0.16161855 -1.7249721  -0.13669989]
[-0.01525519  0.20420137  0.8484231   0.24820325  1.917453    0.32747516
 -0.43047652 -0.04091235 -0.2059485  -1.7139122   0.4096033  -0.34572846
  0.40294975  0.23706827 -1.8641647  -0.04040592]
[-8.5736617e-02  2.1380058e-01  8.3630580e-01  2.2442110e-01
  1.9289449e+00  3.5469532e-01 -5.0770169e-01 -2.6947105e-02
 -1.9762988e-01 -1.7807407e+00  4.0163159e-01 -3.2385230e-01
  4.8423600e-01  1.6582356e-01 -1.7469219e+00  8.5802673e-04]
[-0.04815038  0.16084023  0.78623205  0.33307165  2.039883    0.26728442
 -0.49370965 -0.0908345  -0.29809803 -1.7532402   0.43962392 -0.38705403
  0.46895623  0.22190773 -1.8172181   0.1144639 ]
[-0.05009698  0.1073219   0.75495994  0.38537747  2.0790608   0.20790184
 -0.51496905 -0.06848042 -0.32141048 -1.7282066   0.4573369  -0.40731674
  0.4877163   0.2181735  -1.8238766   0.16094176]
[-0.08186633  0.06628115  0.75650907  0.3888509   2.0771945   0.21467249
 -0.52700305 -0.03345461 -0.347342   -1.6972482   0.36287552 -0.37260723
  0.5639433   0.16922048 -1.7271925   0.13262454]
[-0.07073209  0.04195637  0.66157687  0.51365244  2.1396344   0.09953146
 -0.44541544 -0.11383663 -0.4757889  -1.6548725   0.43632478 -0.48455182
  0.5223483   0.33082843 -1.7591095   0.20697728]
[-0.14076917  0.05056204  0.7716592   0.3908709   1.9997972   0.23477717
 -0.52406967  0.00815089 -0.36795893 -1.6732233   0.31905407 -0.3849717
  0.5831127   0.26533705 -1.6239243   0.03567499]
[-0.10168936  0.07490448  0.713758    0.42064428  2.0191426   0.16563274
 -0.46795616 -0.00640553 -0.3157206  -1.7069046   0.3683464  -0.39343062
  0.5073116   0.32839248 -1.7423823   0.08171357]
[-0.13714413  0.1974931   0.78697085  0.3285249   1.8531761   0.34412682
 -0.45511976  0.04169089 -0.15357988 -1.7290008   0.30907393 -0.24587491
  0.39734071  0.26251775 -1.8082697  -0.05070388]
[-0.16367486  0.21050009  0.74220294  0.425282    1.9105679   0.32157
 -0.46014088 -0.01790072 -0.15987043 -1.7572098   0.3976189  -0.27264398
  0.38058984  0.2821514  -1.8836632  -0.01448985]
[-0.14436114  0.23605487  0.72170436  0.46541363  1.9797388   0.2589124
 -0.42662913 -0.07205378 -0.14897572 -1.7950046   0.49852967 -0.30743772
  0.32816058  0.28738973 -1.9800104   0.03943164]
[-0.14282039  0.2674327   0.7044971   0.45626083  1.9813267   0.26477677
 -0.42181402 -0.08867334 -0.1932874  -1.8161306   0.52231383 -0.31651336
  0.31480476  0.29965374 -1.9341354   0.04439055]
[-0.2605696   0.29968542  0.7538325   0.31893504  1.9491136   0.3640682
 -0.559973   -0.01215652 -0.13024752 -1.9056705   0.46631345 -0.26760224
  0.43201408  0.21161616 -1.7065496  -0.0096484 ]
[-0.20307736  0.22926083  0.69996274  0.40805373  1.994577    0.3238283
 -0.5200738  -0.03210341 -0.21180864 -1.8395607   0.4277776  -0.29261917
  0.46337685  0.24931887 -1.7751604   0.02216768]
[-0.1664345   0.18277757  0.731362    0.39715296  1.959726    0.31035167
 -0.5072862   0.03404328 -0.17023699 -1.7857151   0.36334017 -0.26453963
  0.45194826  0.25157127 -1.8395741  -0.00656226]
[-0.16788833  0.14059488  0.7688452   0.33702207  1.9184828   0.33730096
 -0.4981598   0.12144911 -0.06744441 -1.7281777   0.28890726 -0.1824548
  0.45249137  0.20157452 -1.8869501  -0.09788148]
[-0.11640777  0.10768739  0.6779866   0.49185666  2.0169854   0.21341625
 -0.4154244   0.02611235 -0.17724165 -1.6740658   0.36695832 -0.27379996
  0.40830526  0.3211043  -2.0233302  -0.01065369]
[-0.15248597  0.11985555  0.7361236   0.4147841   1.9798647   0.292749
 -0.46685466  0.05563276 -0.16812679 -1.7022626   0.30519855 -0.25196376
  0.44350323  0.26834786 -1.8973439  -0.03672546]
[-0.08631296  0.08791362  0.72843087  0.47446698  1.9053961   0.24791567
 -0.37085906  0.04566707 -0.18151149 -1.6465095   0.30044106 -0.2484817
  0.39564767  0.32130647 -1.9975306  -0.0374882 ]
[-0.1048234   0.0955001   0.78747284  0.36265913  1.8403218   0.3239068
 -0.38046962  0.08517621 -0.13952324 -1.6747806   0.25738543 -0.21838038
  0.41628534  0.28067946 -1.9080311  -0.08599104]
[-0.11377633  0.12960806  0.77915394  0.37750083  1.8191894   0.33835712
 -0.38614982  0.07507008 -0.13979305 -1.6833338   0.23598143 -0.2112513
  0.40308324  0.27003545 -1.8923038  -0.06173372]
[-0.15787627  0.14971218  0.7935441   0.33898956  1.8144789   0.39959687
 -0.44200748  0.08109535 -0.12752672 -1.7026001   0.20491762 -0.15894413
  0.47160283  0.2086175  -1.8094883  -0.12531066]
[-0.11709728  0.13848014  0.7568656   0.43978414  1.8523773   0.32460067
 -0.39312577  0.04760048 -0.16701923 -1.69468     0.26663357 -0.20991416
  0.43354172  0.27717346 -1.9349102  -0.08188318]
[-0.14099066  0.1926643   0.8128824   0.28579727  1.8284862   0.39453542
 -0.4397924   0.09459718 -0.07495274 -1.7338167   0.24232125 -0.17620836
  0.43805757  0.1754933  -1.8364685  -0.12406864]
[-0.16705377  0.16805844  0.79751205  0.28479683  1.8566964   0.3747856
 -0.48493534  0.11397634 -0.07129514 -1.7124088   0.25143847 -0.18520007
  0.4418219   0.18432282 -1.8138546  -0.09940434]
[-0.09718244  0.14061356  0.76041806  0.38644958  1.9507784   0.28291136
 -0.43250877  0.02320847 -0.18973696 -1.680529    0.3261326  -0.28400248
  0.4037997   0.2704753  -1.9036325  -0.01650565]
[-0.05311595  0.17567177  0.77026665  0.40729713  1.8511679   0.28778464
 -0.3664261   0.00338437 -0.18960217 -1.6591173   0.33185047 -0.27417234
  0.3641202   0.2884481  -1.9865351  -0.01132744]
[-0.08728738  0.22359975  0.78629476  0.36957386  1.805987    0.29774064
 -0.39496884  0.02220477 -0.15406246 -1.7281574   0.34215087 -0.26337215
  0.37139767  0.26791674 -1.921717    0.00388652]
[-0.13581076  0.19319917  0.8051295   0.30668128  1.8405584   0.3537733
 -0.4582335   0.03935558 -0.11515498 -1.7385473   0.35259536 -0.2378509
  0.4174593   0.21639264 -1.8441789  -0.05676619]
[-0.07926337  0.1990722   0.76288277  0.42907453  1.9040153   0.2538589
 -0.42056555 -0.05478503 -0.18930818 -1.7299206   0.43883997 -0.30677867
  0.36887366  0.2957105  -1.9584402   0.02687471]
[-0.15171601  0.22765036  0.78029126  0.3354476   1.9102463   0.32464042
 -0.51501906 -0.0146806  -0.1313091  -1.8097992   0.40823072 -0.28678787
  0.4296895   0.21045999 -1.7998302   0.02504721]
[-0.1895845   0.2547458   0.7011877   0.42981142  2.0268455   0.24802384
 -0.50331867 -0.08740456 -0.20088732 -1.8208679   0.54319316 -0.36332956
  0.3960087   0.27648452 -1.8643076   0.09738614]
[-0.27636808  0.29705796  0.7275653   0.43009788  2.0152745   0.3118357
 -0.5233884  -0.07015319 -0.20924243 -1.8564911   0.50109786 -0.31053236
  0.396648    0.26686922 -1.7719545   0.01527281]
[-0.19370434  0.31048122  0.74562126  0.4111317   1.9416081   0.29965594
 -0.47729903 -0.07644841 -0.18987428 -1.8461103   0.5033305  -0.32933626
  0.33436376  0.2774025  -1.8168776   0.05025538]
[-0.14950508  0.27741784  0.7547948   0.36354998  1.9022968   0.31588453
 -0.4893511  -0.0671897  -0.19156283 -1.8171597   0.5144878  -0.37485686
  0.3483496   0.2926025  -1.7828438   0.04643128]
[-0.14960553  0.27473864  0.81919754  0.26199326  1.8036493   0.38554475
 -0.49503645  0.01422438 -0.07728483 -1.7647651   0.41716155 -0.2886533
  0.30692792  0.24938944 -1.8221651   0.00614932]
[-0.06567846  0.23175164  0.78031456  0.2918405   1.8463609   0.29534635
 -0.4573984   0.01243152 -0.08503547 -1.7531183   0.40548268 -0.27380818
  0.28600842  0.2640522  -1.889415    0.05371783]
[-0.12764469  0.27142173  0.7679275   0.34102967  1.8692383   0.3297449
 -0.49415618 -0.01133533 -0.06642207 -1.801264    0.43077183 -0.2354494
  0.3145701   0.23955151 -1.9292294   0.04326271]
[-0.11801009  0.32414955  0.65960866  0.52352744  2.0068874   0.21500316
 -0.43763503 -0.1496311  -0.18859182 -1.8265775   0.6061425  -0.3546145
  0.2816576   0.31145477 -2.0737731   0.16497585]
[-0.16702825  0.39202526  0.66056293  0.45926642  2.012384    0.24775681
 -0.5020884  -0.14903715 -0.18759413 -1.8677801   0.6565453  -0.36284792
  0.28328192  0.2531352  -1.9340547   0.15148997]
[-0.21612296  0.2924002   0.7245774   0.34717673  2.029406    0.25997338
 -0.62525845 -0.05449555 -0.17628317 -1.8533558   0.6053283  -0.37154117
  0.40165672  0.22707732 -1.7527786   0.10673602]
[-0.15936083  0.17668931  0.6976031   0.4612751   2.0621357   0.21924672
 -0.53837323 -0.07800322 -0.26284075 -1.7424555   0.51879185 -0.39679408
  0.42310786  0.3156075  -1.8471397   0.09402632]
[-0.13341789  0.1620793   0.7284018   0.45376343  2.0071795   0.23464379
 -0.47478294 -0.09627195 -0.29263774 -1.7257923   0.46660262 -0.38882405
  0.40412468  0.33874798 -1.8377717   0.09792735]
[-0.18837619  0.23002598  0.74751246  0.40746817  1.9205763   0.3432076
 -0.46405855 -0.07218917 -0.1905255  -1.7611914   0.43013367 -0.29618874
  0.38206303  0.2956912  -1.8304539  -0.01228812]
[-0.15745609  0.25969583  0.6756609   0.513788    2.0016217   0.26551157
 -0.4037947  -0.1405525  -0.20517325 -1.7937613   0.55615914 -0.34190223
  0.31805336  0.31444508 -1.9860592   0.0655083 ]
[-0.15794396  0.30443865  0.748966    0.38084644  1.9723498   0.33272338
 -0.45352024 -0.12216771 -0.19218032 -1.8173872   0.5301203  -0.32624462
  0.33502522  0.24719617 -1.8554512   0.01496758]
[-2.0322528e-01  2.7375388e-01  7.9234016e-01  2.5910288e-01
  1.9806617e+00  3.9419404e-01 -5.6976664e-01 -5.6767773e-02
 -1.9455491e-01 -1.8206695e+00  4.6722585e-01 -3.3472019e-01
  4.4501901e-01  1.6991529e-01 -1.6612806e+00  1.8979252e-03]
[-0.18905993  0.20111807  0.7966567   0.318613    1.9650837   0.38153604
 -0.533195   -0.03010883 -0.24294777 -1.7528293   0.39271438 -0.32787997
  0.50998634  0.2588262  -1.7406597  -0.06800231]
[-0.0884885   0.19016215  0.7546314   0.3468667   1.9984791   0.29261664
 -0.4574613  -0.04333438 -0.27028766 -1.7477394   0.42513075 -0.33845896
  0.4580401   0.278686   -1.8267605  -0.03165853]
[-0.11408272  0.25206512  0.83210105  0.24524193  1.8804934   0.33523232
 -0.501489    0.0356319  -0.10600642 -1.7899787   0.366548   -0.2624921
  0.4264264   0.16679995 -1.8149736  -0.01007422]
[-0.06752767  0.20737359  0.76630145  0.36935282  2.0024247   0.25162145
 -0.483258   -0.06556624 -0.22345498 -1.7440056   0.46785107 -0.3746714
  0.3926764   0.22136216 -1.8811665   0.10424523]
[-0.02919253  0.12463571  0.74836934  0.42867786  1.9735512   0.18872702
 -0.41798967 -0.0648372  -0.25869593 -1.6583163   0.46486473 -0.38800052
  0.39950737  0.28644514 -1.9513514   0.09456898]
[-0.07544686  0.09675193  0.83370036  0.31329745  1.9741399   0.24919248
 -0.4877138  -0.03359188 -0.26637894 -1.6847805   0.40594864 -0.38223127
  0.48873243  0.243205   -1.7730776   0.03865511]
[-0.08461037  0.10441518  0.7584664   0.40387908  1.9752859   0.20989065
 -0.4406526  -0.07946466 -0.29708806 -1.6860374   0.44162375 -0.4053383
  0.49359488  0.3209609  -1.8297993   0.05607561]
[-0.18561801  0.2371912   0.77957916  0.38427952  1.9417741   0.35514027
 -0.46323663 -0.10956369 -0.2865935  -1.8014015   0.44611564 -0.36354473
  0.49346286  0.27398378 -1.7199643  -0.04038645]
[-0.23034751  0.30196828  0.733412    0.42753893  1.9871509   0.34927884
 -0.4966565  -0.12239812 -0.22978964 -1.8432453   0.54912007 -0.35187995
  0.40507215  0.25938934 -1.7867918  -0.01044607]
[-0.22536941  0.2988761   0.78029525  0.34462625  1.9840047   0.3475712
 -0.54913795 -0.05817871 -0.15476756 -1.8459667   0.51931345 -0.31779522
  0.36408204  0.18851781 -1.7412221   0.00742107]
[-0.16495602  0.21627781  0.7512208   0.37198105  2.004387    0.2738265
 -0.4941519  -0.07202943 -0.2509261  -1.7942684   0.51068544 -0.38519517
  0.39771125  0.27726158 -1.7415708   0.04275209]
[-0.17943051  0.20080462  0.8388589   0.33762285  1.8449234   0.3924615
 -0.43932468 -0.02837381 -0.22834854 -1.7199196   0.38577574 -0.3238969
  0.419504    0.33189002 -1.7702305  -0.12530069]
[-0.16039672  0.25958258  0.7554283   0.33782476  1.8873272   0.338659
 -0.43993425 -0.06402231 -0.20927183 -1.8462341   0.4928407  -0.34117213
  0.43812522  0.30138808 -1.7469375  -0.06333284]
[-0.19931564  0.31971923  0.8616516   0.2163763   1.8216158   0.4441351
 -0.5068833   0.02391613 -0.04976483 -1.8979229   0.4211391  -0.23132059
  0.44370747  0.16731553 -1.7399801  -0.15759417]
[-0.15881522  0.32600403  0.77103114  0.3218256   1.8864954   0.34298167
 -0.48191652 -0.00878682 -0.06677934 -1.888274    0.49302188 -0.25405306
  0.38930935  0.19995746 -1.8750693  -0.05788509]
[-0.21115851  0.29246116  0.76238     0.3306379   1.978761    0.32749766
 -0.5302049  -0.02882023 -0.11423814 -1.8701509   0.49841326 -0.27569088
  0.41172752  0.17670079 -1.7975518  -0.00952578]
[-0.19094938  0.22588627  0.7069395   0.4073263   2.07312     0.2548634
 -0.52329826 -0.08446441 -0.2480361  -1.8360773   0.55011135 -0.37113345
  0.43956405  0.27616295 -1.7796911   0.04234637]
[-0.18839483  0.181989    0.75951517  0.39616308  2.005449    0.28824365
 -0.46604604 -0.06763213 -0.26817593 -1.8048996   0.44719607 -0.35556045
  0.47399282  0.28211266 -1.7398049  -0.0023505 ]
[-0.18372849  0.17594638  0.79810345  0.31562722  1.924237    0.35387772
 -0.46613368 -0.01895536 -0.25124186 -1.8278487   0.36439067 -0.3222031
  0.5222087   0.2657041  -1.6539351  -0.05455788]
[-0.20989814  0.24037759  0.8289443   0.28448927  1.8343489   0.43684083
 -0.4885138   0.02664588 -0.15751664 -1.8197689   0.29736024 -0.23342726
  0.4668576   0.2082142  -1.6731068  -0.10069303]
[-0.18925159  0.20737521  0.8176848   0.26698592  1.8276736   0.42275387
 -0.48999333  0.07868619 -0.08441142 -1.7783568   0.24590504 -0.17395587
  0.46282786  0.16340847 -1.7333272  -0.10349284]
[-0.14385474  0.17823341  0.75665945  0.39241338  1.9308927   0.31040907
 -0.46950418  0.03492855 -0.15973988 -1.7588899   0.33569497 -0.26328516
  0.419051    0.25223228 -1.8766695   0.00329631]
[-0.15881407  0.13944726  0.7887696   0.3169051   1.9009396   0.35132414
 -0.49050656  0.09943409 -0.08830919 -1.7275009   0.26608294 -0.19481096
  0.44165793  0.18700978 -1.8244032  -0.06752041]
[-0.10641937  0.10551967  0.73240364  0.4398921   1.9855417   0.26502132
 -0.44429684  0.01403103 -0.20408817 -1.6705002   0.32550374 -0.28331465
  0.41994548  0.2760684  -1.929816    0.01567942]
[-0.10343681  0.10479657  0.73587704  0.4312674   1.9588627   0.265814
 -0.4357346   0.02490439 -0.2150456  -1.6717314   0.2973562  -0.27794138
  0.4344925   0.28193948 -1.9034405   0.01386703]
[-0.11977563  0.10027516  0.7637467   0.38307878  1.915025    0.31475708
 -0.4398871   0.06814428 -0.18314047 -1.6810999   0.2654651  -0.23740995
  0.45890093  0.25644082 -1.8813162  -0.04357482]
[-0.10800723  0.08933791  0.7503708   0.4067595   1.9012716   0.282053
 -0.40937933  0.08968552 -0.16053216 -1.6757095   0.27122158 -0.23218703
  0.45163935  0.29269662 -1.9409691  -0.07023689]
[-0.13605222  0.12454871  0.77722204  0.36257437  1.8933899   0.347176
 -0.4508161   0.08960785 -0.11844122 -1.6878437   0.23715822 -0.1875159
  0.46410877  0.21268304 -1.8852723  -0.1043102 ]
[-0.10235892  0.11285188  0.7193033   0.4749263   1.9492403   0.25674957
 -0.41109872  0.02368399 -0.19749825 -1.6638031   0.31957108 -0.25882232
  0.41996247  0.29906422 -1.9718857  -0.03042507]
[-0.14646176  0.1111691   0.77633125  0.36086702  1.9212844   0.31550187
 -0.46577364  0.08901352 -0.15688436 -1.7096453   0.28935426 -0.24403286
  0.4772354   0.24649525 -1.8569641  -0.06888504]
[-0.10743883  0.0981788   0.7707692   0.39767504  1.8580382   0.2931686
 -0.38395172  0.09182495 -0.14684394 -1.6664171   0.2467678  -0.22265291
  0.41011566  0.2852286  -1.9239384  -0.0617233 ]
[-0.13279812  0.10989833  0.7953779   0.34636575  1.833122    0.36398378
 -0.41645068  0.08483408 -0.14594081 -1.6610849   0.20037544 -0.18521069
  0.4282523   0.25110534 -1.8314043  -0.10131631]
[-0.10206816  0.13834889  0.7503301   0.4492522   1.8642231   0.30216298
 -0.37818512  0.0159352  -0.18935618 -1.682275    0.300305   -0.24565402
  0.40445203  0.29991    -1.9353116  -0.05289533]
[-0.14254203  0.18251845  0.78838515  0.35375518  1.814913    0.370832
 -0.41246456  0.05905913 -0.1376104  -1.7363735   0.26863337 -0.20850353
  0.42616224  0.23062046 -1.8453926  -0.07219395]
[-0.15333667  0.19728503  0.80123836  0.3091094   1.7896235   0.38638538
 -0.4398667   0.10828961 -0.05467588 -1.7435335   0.24443352 -0.16244647
  0.40429816  0.20733897 -1.836601   -0.11860452]
[-0.1706511   0.19047865  0.7844752   0.3325218   1.8668617   0.3584508
 -0.47793475  0.08395887 -0.08198202 -1.7568794   0.28883523 -0.17766386
  0.43197387  0.19305521 -1.8376124  -0.08857707]
[-0.11178146  0.15214024  0.7210439   0.44162375  1.9470508   0.26295924
 -0.41391215  0.00975344 -0.17251787 -1.7127615   0.36640158 -0.27163717
  0.41485968  0.31170756 -1.9769548  -0.02865879]
[-0.16563536  0.188044    0.72780013  0.39928105  1.9373124   0.30236652
 -0.47289935  0.04373813 -0.13476448 -1.7592204   0.35974175 -0.25422516
  0.4194129   0.2512294  -1.8873924  -0.01353346]
[-0.15280728  0.15311965  0.7851823   0.36210233  1.9093899   0.33583298
 -0.4496627   0.06714569 -0.11475748 -1.7232983   0.2966056  -0.19865713
  0.44137597  0.22756477 -1.8928957  -0.10883782]
[-0.09434056  0.16837642  0.7294842   0.44925532  1.9474844   0.28082955
 -0.3843171  -0.01879862 -0.19374768 -1.6824812   0.37676093 -0.28069785
  0.37643552  0.29148218 -1.9827532  -0.04416763]
[-0.13263512  0.1893138   0.76495343  0.3625371   1.8906406   0.32793814
 -0.42004022  0.00560524 -0.18074052 -1.7337948   0.345361   -0.2609511
  0.4286627   0.26233453 -1.8545374  -0.05473062]
[-0.13825324  0.18832226  0.8103844   0.2897303   1.8739372   0.38933066
 -0.4617673   0.02482226 -0.16813251 -1.74772     0.3015564  -0.24952534
  0.42826176  0.22406697 -1.7672743  -0.05684011]
[-0.05107887  0.16407272  0.801901    0.3235175   1.8466434   0.33237737
 -0.38117984  0.01214701 -0.17198284 -1.686993    0.3027997  -0.25955904
  0.39491397  0.24317119 -1.891448   -0.03965343]
[-0.10740267  0.1896706   0.8207453   0.27499512  1.8402313   0.3913444
 -0.44126338  0.03061776 -0.16344397 -1.7223861   0.27146825 -0.23814484
  0.44678253  0.17710873 -1.7884998  -0.04068675]
[-0.09676845  0.16218746  0.7623045   0.38233203  1.9451678   0.3025987
 -0.4564634  -0.01746918 -0.22998306 -1.7319758   0.34149617 -0.29850703
  0.42630357  0.25030717 -1.8531187   0.0550393 ]
[-0.09774774  0.16572532  0.80137     0.3389415   1.9081628   0.34978738
 -0.47807723  0.01430643 -0.19418636 -1.7135626   0.29852018 -0.2476461
  0.41823643  0.18640172 -1.8346775   0.0268766 ]
[-0.04959719  0.1315855   0.70528615  0.47287685  1.9878972   0.18701397
 -0.43126258 -0.03309579 -0.2630668  -1.708992    0.4048972  -0.34652746
  0.40926582  0.2928633  -1.9485937   0.13381366]
[-0.1757677   0.17687377  0.7507189   0.38182935  1.9811456   0.29949826
 -0.5451562   0.02438107 -0.1928093  -1.755244    0.35076475 -0.28415272
  0.46116146  0.19915166 -1.7848972   0.05696214]
[-0.09521262  0.10092995  0.6471375   0.5269789   2.0624099   0.1480982
 -0.4540937  -0.053427   -0.29846686 -1.6709353   0.4330798  -0.36773652
  0.4272848   0.33196515 -1.9171183   0.12386191]
[-0.13372108  0.13081606  0.72175837  0.4336354   2.006436    0.22079656
 -0.49326715  0.01467277 -0.20086023 -1.7227112   0.38475865 -0.323609
  0.46682033  0.28408355 -1.8806015   0.03308318]
[-0.13119565  0.15292446  0.6657513   0.48841795  2.0253818   0.18627141
 -0.42655462 -0.03380447 -0.2096375  -1.724572    0.46682364 -0.34930757
  0.4164814   0.34376913 -1.974485    0.04500208]
[-0.19388002  0.23129363  0.75276434  0.41529799  1.9835949   0.3471449
 -0.4746918  -0.04245905 -0.17333695 -1.7599709   0.4288742  -0.27568913
  0.40722027  0.26648274 -1.8807943  -0.09358901]
[-0.17300463  0.26888674  0.70523417  0.45065635  2.0204108   0.27429962
 -0.45174494 -0.09549131 -0.16705386 -1.79298     0.5527379  -0.33372727
  0.37148136  0.294756   -1.960936   -0.0245556 ]
[-0.17292824  0.25028253  0.74580336  0.39926925  1.9686632   0.2942589
 -0.42452163 -0.05931849 -0.17848647 -1.8251148   0.5190158  -0.32888976
  0.42412454  0.307077   -1.8859257  -0.09637024]
[-0.1869426   0.28504986  0.7786654   0.2957746   1.9176872   0.35094136
 -0.47229195 -0.02856791 -0.15119402 -1.8931398   0.48373318 -0.30022052
  0.4192958   0.2508053  -1.7517449  -0.05760735]
[-0.21864203  0.2686916   0.84848833  0.21754591  1.839143    0.4386255
 -0.51113206  0.03631197 -0.08918326 -1.848785    0.36703992 -0.22995496
  0.4475166   0.18993655 -1.6986469  -0.11804204]
[-0.16903955  0.23149578  0.7778767   0.3245558   1.9086821   0.37987238
 -0.4982218  -0.00247528 -0.17451802 -1.8090355   0.39470357 -0.27790812
  0.475156    0.20235658 -1.7759206  -0.04723535]
[-0.12727006  0.17271654  0.8136051   0.34077677  1.8712997   0.35641497
 -0.43245277  0.02418244 -0.17308453 -1.7448151   0.31230703 -0.25141734
  0.4637379   0.22372794 -1.8248844  -0.08631344]
[-0.13430837  0.17033032  0.83455354  0.27388895  1.8591328   0.363229
 -0.47039524  0.07521375 -0.11927523 -1.749697    0.2966357  -0.22581795
  0.46297303  0.19694841 -1.7794914  -0.11595758]
[-0.16584042  0.16151062  0.7944373   0.32212746  1.9253699   0.32569042
 -0.4912168   0.04698269 -0.17447925 -1.7723242   0.32188904 -0.26756436
  0.4959232   0.21661845 -1.7541149  -0.04408197]
[-0.15214393  0.1454372   0.76432216  0.3770903   1.9659374   0.31661898
 -0.4524738   0.00244092 -0.23692194 -1.7443771   0.3262248  -0.29756576
  0.49195808  0.26694626 -1.791847   -0.04049803]
[-0.15476315  0.16239043  0.74825495  0.40203848  1.898311    0.32208198
 -0.444328    0.03717232 -0.17424753 -1.7373793   0.32562074 -0.24755926
  0.44439393  0.26199454 -1.853894   -0.05001501]
[-0.17545022  0.15116557  0.82957876  0.29456756  1.8590971   0.37970212
 -0.47255206  0.093832   -0.09317016 -1.7504333   0.27170333 -0.18811317
  0.47620955  0.19003308 -1.7969944  -0.13214383]
[-0.10420732  0.14388032  0.7393043   0.43924934  1.939613    0.268156
 -0.40352178  0.00466619 -0.19492011 -1.7081757   0.35268825 -0.28265053
  0.4193735   0.29424664 -1.9362066  -0.03192671]
[-0.21845698  0.19449136  0.7919132   0.31798893  1.9119524   0.37056383
 -0.51662266  0.06167737 -0.14074962 -1.7918402   0.3125835  -0.23370147
  0.4945446   0.2137185  -1.7383926  -0.0893636 ]
[-0.17173603  0.14643982  0.7627128   0.4042243   1.932139    0.32359883
 -0.45618206  0.03425523 -0.19276133 -1.7502915   0.32166338 -0.26841408
  0.4732674   0.27047762 -1.8260372  -0.06354584]
[-0.12523459  0.15400957  0.7894965   0.36787862  1.834927    0.32114446
 -0.40113243  0.07920542 -0.10964401 -1.7245356   0.29687443 -0.21620257
  0.41225472  0.2782708  -1.914294   -0.10587232]
[-0.17432766  0.14494368  0.82675076  0.26276746  1.8172855   0.39109784
 -0.47373217  0.13741855 -0.0338212  -1.7273538   0.25840077 -0.17002405
  0.45406604  0.2091014  -1.81572    -0.17127363]
[-0.14455393  0.14024918  0.75694066  0.4283107   1.9162722   0.28307897
 -0.42806435  0.03730129 -0.15343198 -1.7340412   0.34465814 -0.2631653
  0.4463173   0.31251088 -1.9332199  -0.07127649]
[-0.16291116  0.20294413  0.7721783   0.3822692   1.8661232   0.35664615
 -0.43301553  0.04228529 -0.11525854 -1.7374399   0.32094947 -0.20939524
  0.40422535  0.24692678 -1.8935509  -0.10476927]
[-0.12992649  0.21948774  0.76761     0.41002995  1.8306029   0.3186736
 -0.39653152  0.03801557 -0.10868038 -1.7524383   0.3394763  -0.22380273
  0.36258522  0.2538593  -1.9229336  -0.06676712]
[-0.1840209   0.19855276  0.8286502   0.27107674  1.8065622   0.39207804
 -0.44241223  0.09477228 -0.04136561 -1.7605054   0.3099256  -0.1860383
  0.3906545   0.2039657  -1.7998693  -0.14522675]
[-0.11847861  0.16995348  0.7512631   0.39747947  1.8562858   0.28914365
 -0.38247418  0.02075434 -0.14049989 -1.7154757   0.37042972 -0.26231188
  0.3533042   0.31990343 -1.9270931  -0.04326174]
[-0.18237975  0.22471483  0.8291955   0.27605265  1.8051277   0.4130525
 -0.47669673  0.04347109 -0.10393176 -1.8157942   0.29250422 -0.2117558
  0.41874552  0.21338539 -1.7238802  -0.06024147]
[-0.09412692  0.18419893  0.73841715  0.40521002  1.8234386   0.3298447
 -0.3806725   0.01893685 -0.12766704 -1.709989    0.33006573 -0.23102188
  0.36442727  0.28099698 -1.9619957  -0.03038791]
[-0.17510627  0.2284121   0.7894564   0.31507048  1.8400924   0.39438576
 -0.46374446  0.07514089 -0.03609875 -1.7827075   0.29953307 -0.1736449
  0.39225057  0.1560651  -1.8452091  -0.073942  ]
[-0.16832078  0.20611055  0.76415753  0.3337676   1.9363827   0.34888428
 -0.49544048  0.05326808 -0.08863458 -1.7584312   0.35155755 -0.19442189
  0.41207194  0.18995312 -1.8728215  -0.07922066]
[-0.10652731  0.14785805  0.67737484  0.49116954  1.9966223   0.2239598
 -0.4313221  -0.01925563 -0.20851079 -1.6975212   0.40676713 -0.2951704
  0.41141462  0.3051749  -1.993756    0.0327841 ]
[-0.16344514  0.1246688   0.72276545  0.39870733  2.0104358   0.28419048
 -0.49358445  0.0265692  -0.22276199 -1.7498748   0.36081475 -0.30328774
  0.50931984  0.2727304  -1.8176225  -0.01854516]
[-0.09757267  0.09530021  0.7042405   0.4720424   1.9238364   0.25145176
 -0.3930777   0.05180532 -0.1809968  -1.6576128   0.30601192 -0.26184872
  0.41407543  0.31210706 -1.9890168  -0.01091865]
[-0.16532016  0.11156895  0.7939032   0.34409398  1.863012    0.34904948
 -0.46483803  0.11376975 -0.09629335 -1.6851088   0.21788077 -0.17707977
  0.44583526  0.20995519 -1.8388284  -0.08242156]
[-0.09430589  0.07570362  0.7324799   0.4696122   1.9316418   0.27137646
 -0.38650888  0.01794202 -0.2066429  -1.6177158   0.28743058 -0.26402786
  0.40438882  0.30324593 -1.9537375  -0.03154225]
[-0.09257127  0.11693823  0.77163136  0.4207913   1.8615539   0.28894266
 -0.36995214  0.02936864 -0.19471972 -1.6707366   0.29048008 -0.26670107
  0.42410555  0.2986417  -1.917944   -0.05091823]
[-0.16088256  0.1890307   0.84012336  0.24682729  1.7679775   0.4506999
 -0.44069642  0.08507263 -0.10219514 -1.7015238   0.20830898 -0.17164055
  0.42477703  0.1850439  -1.7374296  -0.14452723]
[-0.11217809  0.1921706   0.78484595  0.34423795  1.84751     0.33260113
 -0.4234666   0.04502977 -0.14276806 -1.7206268   0.3153333  -0.2391456
  0.40389252  0.2628721  -1.8810806  -0.06989765]
[-0.13723397  0.20624018  0.83235866  0.27543876  1.8114426   0.40224212
 -0.46073747  0.08115892 -0.08604757 -1.7310597   0.27288586 -0.19046105
  0.40952006  0.19196662 -1.8387486  -0.10043828]
[-0.07956778  0.18251543  0.71795493  0.45541462  1.8975742   0.25758174
 -0.37610573 -0.00994722 -0.17035583 -1.7003975   0.37216294 -0.27908963
  0.34824008  0.29816294 -2.0041566   0.03137291]
[-0.14628537  0.189289    0.79873264  0.32484674  1.8855298   0.36119494
 -0.48111495  0.04839733 -0.10090443 -1.7418283   0.32518515 -0.210893
  0.41188708  0.18782035 -1.8482794  -0.06444224]
[-0.10356808  0.12993374  0.70748436  0.4712963   2.009501    0.22084191
 -0.42322105 -0.03768473 -0.22940695 -1.7129914   0.46270055 -0.33444336
  0.43356332  0.31527773 -1.9685322  -0.00244701]
[-0.1541967   0.1938035   0.7516974   0.38835338  1.9809881   0.3047623
 -0.46886748 -0.02551418 -0.21253145 -1.7631725   0.40100795 -0.29137653
  0.48437604  0.24745348 -1.8433714  -0.05379129]
[-0.20158903  0.20444009  0.7300677   0.393075    1.9968678   0.3094675
 -0.50444686 -0.01583077 -0.2315841  -1.7989721   0.4060977  -0.303086
  0.49455985  0.26282644 -1.7693418  -0.03070032]
[-0.21762165  0.18399161  0.8166882   0.3184216   1.9256032   0.36915538
 -0.51127356  0.05224425 -0.15091123 -1.8029426   0.3474854  -0.24532084
  0.50025254  0.23493104 -1.7428913  -0.14036798]
[-0.13533929  0.16027904  0.7389018   0.42337227  1.9695072   0.26182386
 -0.41165724 -0.01206474 -0.2000963  -1.7670914   0.4138562  -0.31382647
  0.4151779   0.3083542  -1.8893154  -0.02206101]
[-0.21009676  0.18826431  0.8094422   0.2673347   1.8862699   0.37931147
 -0.5125098   0.07694114 -0.10246291 -1.7984946   0.32301402 -0.2340847
  0.45935613  0.2156224  -1.7232262  -0.08471102]
[-0.1782104   0.14395568  0.76688814  0.3859135   1.9285167   0.34443575
 -0.46954995  0.02493564 -0.19314474 -1.7426821   0.31558877 -0.25969842
  0.48602208  0.25330192 -1.8040425  -0.06233885]
[-0.11553605  0.12879069  0.78167886  0.41822657  1.8407062   0.326008
 -0.37676898  0.03410787 -0.17878294 -1.6998144   0.2550648  -0.22249365
  0.43095818  0.28677458 -1.9027828  -0.06706558]
[-0.14928512  0.17995122  0.8220149   0.2885536   1.7849514   0.40372595
 -0.4389945   0.10335378 -0.07060896 -1.7405885   0.22728176 -0.17076488
  0.41677827  0.202638   -1.8043944  -0.11556834]
[-0.18796982  0.15989777  0.7982453   0.3146438   1.832539    0.37200594
 -0.47854838  0.11143737 -0.08118459 -1.7536892   0.23433276 -0.17492244
  0.4372293   0.19475822 -1.7757037  -0.06203952]
[-0.14599809  0.10527022  0.7586103   0.39375365  1.941465    0.31859708
 -0.4492712   0.04838628 -0.17692144 -1.6912782   0.28062493 -0.25195146
  0.447544    0.28038773 -1.8785207  -0.04067144]
[-0.10935625  0.1257244   0.7143795   0.47361058  1.8774292   0.285316
 -0.39346054  0.04871903 -0.16396682 -1.6572692   0.27746826 -0.22402187
  0.4009583   0.29958314 -1.9874947  -0.0276149 ]
[-0.16998947  0.13683662  0.79742855  0.32443327  1.8332899   0.38713065
 -0.47385263  0.12551299 -0.07567016 -1.7083857   0.19655967 -0.14571276
  0.45328006  0.18863405 -1.8275785  -0.10274197]
[-0.09292835  0.10555358  0.71292675  0.4605588   1.9205656   0.25803477
 -0.39462966  0.05449898 -0.15396252 -1.6553148   0.30963936 -0.2417345
  0.39019227  0.31270933 -2.0204751  -0.02670949]
[-0.15359968  0.12454891  0.76463807  0.37717772  1.8951042   0.31293803
 -0.45379347  0.096566   -0.115095   -1.7090454   0.25641304 -0.20737526
  0.43604952  0.23682773 -1.8773903  -0.04367286]
[-0.12670055  0.11574428  0.741135    0.43927884  1.9406319   0.29705432
 -0.4208207   0.03245527 -0.17972532 -1.661886    0.29174322 -0.24652901
  0.42284602  0.29204577 -1.9525383  -0.04541669]
[-0.12296431  0.12882976  0.72904646  0.46239868  1.8881855   0.27662855
 -0.3890489   0.05235522 -0.16460201 -1.6666845   0.31772876 -0.24021439
  0.43166146  0.3132783  -1.9986401  -0.08085479]
[-0.16876969  0.16285378  0.8133732   0.32724303  1.8275177   0.3824575
 -0.4379062   0.0968021  -0.09928408 -1.7252369   0.24795167 -0.1744683
  0.46550918  0.22121322 -1.8444124  -0.15831774]
[-0.10250916  0.18538086  0.7617704   0.41603675  1.8528687   0.3098124
 -0.37616977  0.03068922 -0.14086221 -1.6905231   0.32354683 -0.2360898
  0.3679704   0.2942848  -1.9816859  -0.07639827]
[-0.18220648  0.22810742  0.8231775   0.27763656  1.7967517   0.38472825
 -0.473816    0.09314521 -0.05717738 -1.7686752   0.31092018 -0.19643998
  0.4306476   0.19718634 -1.8049902  -0.12098734]
[-0.16248158  0.19137084  0.7879218   0.3750103   1.8922434   0.31693527
 -0.4264391   0.01766923 -0.13765767 -1.7421316   0.39836353 -0.27768242
  0.42444277  0.2855193  -1.9056911  -0.10097742]
[-0.15373532  0.264683    0.80184203  0.3401069   1.8173825   0.35564098
 -0.40241703  0.0106843  -0.09726113 -1.766901    0.40889645 -0.23821568
  0.38627487  0.26728112 -1.907299   -0.15153956]
[-0.18199505  0.3495527   0.8385971   0.28428835  1.7679732   0.39389855
 -0.44760242 -0.00304068 -0.0857568  -1.8657064   0.43211588 -0.25117677
  0.38282666  0.21556914 -1.8033565  -0.08708005]
[-0.18611169  0.31274524  0.78921324  0.34465498  1.8289311   0.31927747
 -0.46029672 -0.02692051 -0.08833527 -1.872097    0.53451544 -0.32927352
  0.36504838  0.28264955 -1.8528332  -0.02191224]
[-0.22956404  0.37962118  0.817754    0.29555175  1.8128513   0.36726785
 -0.50042105 -0.01998979 -0.03370243 -1.9118195   0.5366117  -0.27470952
  0.3160481   0.20504531 -1.7872286  -0.03307828]
[-0.23882799  0.36429685  0.79110175  0.30032688  1.818696    0.35908422
 -0.4970587  -0.03053022 -0.02573769 -1.9006962   0.5380206  -0.24763425
  0.30115563  0.22420867 -1.7912931  -0.02458113]
[-0.23216867  0.350052    0.71205354  0.4173273   1.8965266   0.30521023
 -0.49357945 -0.11477891 -0.11439022 -1.896038    0.6238935  -0.33968544
  0.32442802  0.3165775  -1.8494343   0.0358511 ]
[-0.2442197   0.40955615  0.7102631   0.39827806  1.8763449   0.3422794
 -0.4940136  -0.12942179 -0.11775863 -1.9678204   0.6257902  -0.34429863
  0.31495017  0.26945138 -1.7991476   0.09504985]
[-0.30635768  0.4722623   0.75999326  0.35245192  1.8304952   0.39125165
 -0.5249937  -0.10026604 -0.04152246 -1.9730418   0.5922666  -0.2683391
  0.22295108  0.23240915 -1.772068    0.07846699]
[-0.31774718  0.4612736   0.70636004  0.37022132  1.8523468   0.36109227
 -0.55741775 -0.09615546 -0.04060254 -1.9581745   0.63918525 -0.27700514
  0.23890388  0.2601107  -1.7910162   0.09445051]
[-0.28911716  0.39470816  0.6717036   0.4380156   1.947745    0.33051604
 -0.5462142  -0.13134632 -0.11746298 -1.9301987   0.65881664 -0.34620714
  0.30463257  0.3086213  -1.839154    0.08951292]
[-0.26762235  0.39758727  0.6984602   0.47401747  1.8612446   0.38456747
 -0.5001869  -0.1232059  -0.1145715  -1.8565671   0.5941736  -0.2954751
  0.23676372  0.32127836 -1.94438     0.07699299]
[-0.2610573   0.41251785  0.73454005  0.36076477  1.7811382   0.39196295
 -0.5405287  -0.03995372 -0.00716119 -1.8803749   0.50670606 -0.2178864
  0.23586278  0.24435362 -1.8629223   0.08747487]
[-0.18595466  0.3601451   0.6467098   0.48079538  1.9320011   0.2897681
 -0.49427605 -0.12947248 -0.11101238 -1.8214455   0.6119429  -0.32907072
  0.20793867  0.31376785 -2.0065484   0.180902  ]
[-0.19237904  0.34152287  0.612342    0.5111333   1.9836874   0.23139283
 -0.44471303 -0.15664501 -0.14455518 -1.8025271   0.6338529  -0.3705946
  0.21140842  0.33130866 -2.0012565   0.20333607]
[-0.25451696  0.3678719   0.7302557   0.34098452  1.9581978   0.37328535
 -0.5664886  -0.10317025 -0.09534466 -1.8472207   0.57535875 -0.29248002
  0.2542042   0.2449387  -1.8167995   0.075475  ]
[-0.12454741  0.31540126  0.64402425  0.5131756   1.9477135   0.2656555
 -0.45870352 -0.17807634 -0.20008227 -1.7519417   0.5978111  -0.35909504
  0.23340328  0.3991437  -2.0456686   0.14642192]
[-0.18754838  0.38543823  0.6671239   0.44386262  1.9259545   0.31788585
 -0.5061807  -0.14832126 -0.16391297 -1.865187    0.5867593  -0.3495244
  0.2944041   0.30592424 -1.9223111   0.16294813]
[-0.23097035  0.34234405  0.6902856   0.39515185  1.9908497   0.33147094
 -0.5580455  -0.08338241 -0.13023654 -1.8682182   0.5401545  -0.3232101
  0.2919852   0.24683091 -1.8341892   0.14695854]
[-0.15633816  0.24817228  0.73337317  0.3945933   2.001508    0.30763772
 -0.5636885  -0.0714461  -0.14750297 -1.7369667   0.4883195  -0.30140716
  0.29659203  0.2256929  -1.909161    0.13539255]
[-0.0564171   0.1542691   0.5882498   0.60855347  2.0558228   0.18414989
 -0.43659753 -0.17575231 -0.31149787 -1.6216793   0.5107608  -0.41028863
  0.33081293  0.38172254 -2.0878916   0.2324282 ]
[-0.1287243   0.1848035   0.67737997  0.49232745  2.0658078   0.26206273
 -0.50070894 -0.12629862 -0.3335905  -1.7062927   0.46207437 -0.38119873
  0.42196268  0.29083315 -1.8737313   0.1392891 ]
[-0.13886741  0.13967955  0.75533044  0.41048306  2.0568032   0.27828985
 -0.50788766 -0.06904039 -0.3357312  -1.7078003   0.394818   -0.3610426
  0.48013067  0.26219898 -1.7528626   0.03895768]
[-0.10342951  0.15912792  0.7091094   0.44620103  2.0630727   0.19232213
 -0.4656682  -0.09106042 -0.3060384  -1.7512242   0.4829762  -0.41887578
  0.46067506  0.32580528 -1.8617713   0.10284928]
[-0.12223868  0.19072536  0.69857246  0.40451264  2.0251336   0.25974587
 -0.4928503  -0.05447213 -0.27688795 -1.7599065   0.4533778  -0.3696764
  0.44059324  0.29357132 -1.8228848   0.07718076]
[-0.17364429  0.15799646  0.79133487  0.3418644   1.9853065   0.33009753
 -0.5620836   0.01636984 -0.19023506 -1.7204211   0.35889807 -0.29525402
  0.45089403  0.22541639 -1.7955545   0.02105029]
[-0.08726032  0.12480444  0.6874284   0.49992424  2.0488093   0.18486327
 -0.44006377 -0.06025629 -0.25538152 -1.6836971   0.42806068 -0.35775283
  0.4417503   0.30164582 -1.9675064   0.07699503]
[-0.1369637   0.18662293  0.7095713   0.50090164  2.02582     0.20378861
 -0.42281842 -0.08596753 -0.2855007  -1.7470413   0.47196883 -0.37025613
  0.44259205  0.30154374 -1.9213349   0.06948861]
[-0.21690278  0.23181872  0.8046073   0.39198765  1.9422699   0.34785694
 -0.48257238 -0.07183777 -0.28581026 -1.7960865   0.41541046 -0.32150054
  0.4566524   0.26452413 -1.7241434  -0.01440681]
[-0.18292443  0.22751865  0.75921977  0.40063733  1.9599813   0.28557962
 -0.484807   -0.07814892 -0.25208208 -1.8071944   0.4725973  -0.36655417
  0.42015332  0.28215513 -1.7644184   0.07241838]
[-0.1662352   0.2248896   0.7973298   0.30058908  1.879339    0.32281473
 -0.4943015  -0.01508376 -0.19230723 -1.8344631   0.43554053 -0.32743052
  0.44408116  0.26345077 -1.7149185   0.01915589]
[-0.19783933  0.28760156  0.7868412   0.33356243  1.8326137   0.3654756
 -0.47974092 -0.03970252 -0.15312345 -1.826738    0.43404883 -0.28436992
  0.37023214  0.26492336 -1.7716405   0.02083325]
[-0.23958024  0.3737536   0.73839116  0.3839325   1.8366607   0.3474738
 -0.49411362 -0.06923813 -0.08994687 -1.8718064   0.49257016 -0.2642732
  0.31934467  0.23862568 -1.8426297   0.08630271]
[-0.25967854  0.38479546  0.6817616   0.460632    1.9709047   0.2947053
 -0.52622336 -0.13053651 -0.13899603 -1.8964573   0.62071794 -0.35069185
  0.30400056  0.2917346  -1.8778389   0.1168796 ]
[-0.2502016   0.3290173   0.6877392   0.43928036  1.9591471   0.2852779
 -0.49524003 -0.08735541 -0.11137094 -1.8565276   0.6217786  -0.33978343
  0.31143337  0.3148346  -1.9231148   0.05672214]
[-0.24934542  0.3534692   0.7138259   0.3791592   1.9087654   0.31946224
 -0.5456282  -0.07579701 -0.08633821 -1.8544458   0.6158102  -0.32278004
  0.25323558  0.31905228 -1.8771557   0.09207451]
[-0.27712435  0.34961972  0.7424566   0.447215    1.82684     0.36830348
 -0.5551026  -0.07618292 -0.07583617 -1.7949989   0.5077161  -0.27670535
  0.2197177   0.32746813 -1.9239807   0.13598533]
[-0.1763362   0.33630067  0.658261    0.5762474   1.8873518   0.24772835
 -0.42408282 -0.16880016 -0.17759193 -1.81274     0.57938087 -0.38232416
  0.16680199  0.36346275 -1.9975036   0.27364203]
[-0.1753246   0.39026642  0.68102205  0.44580668  1.8521373   0.29564545
 -0.4088172  -0.1496987  -0.13183196 -1.8423216   0.6346394  -0.3527704
  0.14551054  0.29506773 -1.9254869   0.19312076]
[-0.17770769  0.37940496  0.74673116  0.26701328  1.7855448   0.4046765
 -0.5150943  -0.08854759 -0.01554759 -1.8026854   0.56636685 -0.27473482
  0.1775136   0.22201505 -1.827013    0.09638353]
[-0.1317261   0.3318829   0.67534184  0.38857186  1.8860285   0.3464241
 -0.5454845  -0.14036517 -0.12779617 -1.7648108   0.57019633 -0.33072472
  0.22650623  0.34237432 -1.9280447   0.14756265]
[-0.13506226  0.32981795  0.67752486  0.43115053  1.9185288   0.31823438
 -0.5317415  -0.11595689 -0.15368652 -1.8244221   0.53675723 -0.32249394
  0.26479483  0.3490409  -1.9535887   0.15786946]
[-0.17703633  0.3874724   0.67088926  0.4057992   1.9586773   0.3168692
 -0.6041497  -0.08391365 -0.09471376 -1.8703102   0.53868127 -0.28454265
  0.21204352  0.2648058  -1.9233036   0.23354042]
[-0.16557255  0.3160008   0.5276603   0.49932116  2.0613456   0.2435539
 -0.62007296 -0.06799376 -0.09238826 -1.7677721   0.5663398  -0.27663064
  0.21074095  0.23824151 -2.0083811   0.28737655]
[-0.04958034  0.13483247  0.52177066  0.6253797   2.1404366   0.158825
 -0.5586442  -0.11917827 -0.2673362  -1.5731599   0.53202486 -0.37823614
  0.23885636  0.34636572 -2.1062703   0.3031813 ]
[-3.1678082e-04 -6.1229456e-02  5.9189200e-01  7.0019990e-01
  2.1236370e+00  1.0052036e-01 -4.3769890e-01 -1.1796434e-01
 -3.8115841e-01 -1.4603704e+00  3.9884183e-01 -4.3662053e-01
  3.8183531e-01  4.5926085e-01 -2.0902729e+00  1.7312497e-01]
[-0.03309134 -0.08718979  0.7583247   0.56787765  2.050982    0.2275308
 -0.44440278 -0.0780245  -0.45996755 -1.543128    0.28549546 -0.42675203
  0.5675561   0.3934957  -1.8240286  -0.01553268]
[-0.06516045  0.0036218   0.84567225  0.32468894  1.9320492   0.32702017
 -0.44518763  0.07246187 -0.34507674 -1.6356659   0.18376023 -0.2991109
  0.60530514  0.2728035  -1.6944475  -0.14526585]
[-0.06327174  0.10015859  0.79567766  0.33040878  1.9046224   0.3416384
 -0.44897184  0.08266188 -0.2530544  -1.716555    0.23159762 -0.24064967
  0.5310006   0.21035425 -1.779022   -0.08713612]
[-0.0460121   0.11754151  0.7246521   0.41478348  1.9163682   0.22015867
 -0.45066246  0.08253054 -0.1955723  -1.7181501   0.32004628 -0.26607051
  0.40937582  0.20999375 -1.9066398   0.11188857]
[-0.0364902   0.06094062  0.75177     0.39001295  1.8837401   0.23113544
 -0.4703424   0.11145514 -0.1807532  -1.6265186   0.26612008 -0.23391719
  0.38634238  0.15654707 -1.8607184   0.11462277]
[ 0.016996   -0.04927005  0.6832442   0.4979682   1.9248441   0.10498554
 -0.34237787  0.04981924 -0.27216363 -1.508959    0.30212298 -0.33221897
  0.3670275   0.33223933 -1.9636681   0.13213849]
[-1.0988796e-02 -1.6921877e-03  7.4310267e-01  4.0086746e-01
  1.8979120e+00  1.7879339e-01 -3.7476522e-01  2.3171507e-02
 -2.7009502e-01 -1.5739667e+00  2.6069051e-01 -3.3823043e-01
  4.2043084e-01  3.1353483e-01 -1.8057587e+00  8.1163175e-02]
[ 0.01876042  0.137953    0.7066811   0.40619054  1.8498662   0.19880706
 -0.34101722 -0.04546698 -0.2561172  -1.6579525   0.34710187 -0.32352436
  0.35171705  0.37052208 -1.884203    0.06522287]
[-0.10227654  0.311829    0.7295249   0.28588393  1.745508    0.3725682
 -0.4412361   0.02704118 -0.02782592 -1.7831768   0.37219787 -0.21151587
  0.32776347  0.22169796 -1.8725986  -0.01247789]
[-0.15866318  0.33585596  0.6631962   0.39585513  1.8951883   0.32030392
 -0.50121456  0.01804352  0.01641318 -1.8159821   0.4519413  -0.20896392
  0.25683618  0.20725898 -2.003493    0.07207447]
[-0.17094578  0.3041297   0.6487998   0.4887607   1.9805801   0.24940117
 -0.5399808  -0.02699763 -0.06809956 -1.7726276   0.511464   -0.24089801
  0.22844294  0.22661749 -2.0503747   0.17787865]
[-0.06242533  0.20900121  0.5416381   0.70505935  1.9613796   0.12019557
 -0.3822998  -0.15626441 -0.26898283 -1.6571426   0.58527625 -0.39364332
  0.16683397  0.45515457 -2.1964068   0.3209439 ]
[-0.14526567  0.18447223  0.6834138   0.56619847  1.9576626   0.23554745
 -0.4780004  -0.15181544 -0.3170775  -1.7335749   0.5057547  -0.39853898
  0.33459815  0.31568485 -1.8892076   0.27889934]
[-0.12299027  0.12487473  0.7601739   0.4412399   1.931694    0.2690818
 -0.48299018 -0.13732989 -0.34708148 -1.7041454   0.4431246  -0.42177343
  0.40044466  0.3070425  -1.7100983   0.19610023]
[-0.12786928  0.1815309   0.76134574  0.2953092   1.8548536   0.34551755
 -0.5303939  -0.05342239 -0.21119872 -1.7440437   0.35765427 -0.3416434
  0.43646798  0.21759255 -1.6314762   0.13841158]
[-0.02463154  0.20953032  0.6874186   0.34716928  1.9248898   0.25612855
 -0.4803625  -0.09696771 -0.21396312 -1.735672    0.40971622 -0.35949725
  0.36613625  0.2803423  -1.8101832   0.18995376]
[-0.08959264  0.2806665   0.64562285  0.4138496   1.9288051   0.3082654
 -0.5010543  -0.11135142 -0.17459801 -1.736729    0.4523248  -0.33170962
  0.2844785   0.3120168  -1.9414108   0.21032019]
[-0.11668979  0.33763006  0.5544714   0.5363105   1.993372    0.2726145
 -0.52913773 -0.15441664 -0.14754842 -1.7647803   0.53589755 -0.33139712
  0.20214796  0.29591504 -2.0795062   0.34876814]
[-0.02432117  0.2472286   0.5158812   0.72054476  1.9817278   0.19247475
 -0.4473377  -0.23511934 -0.30937883 -1.6460702   0.56956744 -0.41755638
  0.14383456  0.4433701  -2.231106    0.44987193]
[ 0.0903738   0.08369455  0.5461894   0.7694476   1.9328715   0.1797393
 -0.39291582 -0.21174446 -0.35222894 -1.461879    0.45595747 -0.42424107
  0.18545745  0.44894475 -2.2447317   0.34372815]
[ 0.07593108 -0.04708147  0.6147718   0.6850512   1.9435833   0.16644272
 -0.37860918 -0.15448925 -0.41251826 -1.4220312   0.33747202 -0.44699273
  0.35306737  0.3707089  -2.0523963   0.3154239 ]
[ 0.12159164 -0.09339426  0.7124013   0.59211993  1.8588032   0.13438131
 -0.2573977  -0.17033367 -0.53907615 -1.3538314   0.22328945 -0.45361623
  0.3795202   0.5083585  -1.9139506   0.1981192 ]
[ 0.04762499  0.01845194  0.6762935   0.4555227   1.9681317   0.16946183
 -0.4051408  -0.13217066 -0.4295647  -1.5189164   0.30506098 -0.44412193
  0.40903816  0.32604805 -1.7701193   0.2766272 ]
[ 0.04138167  0.197268    0.60270983  0.49777785  2.0307937   0.19339705
 -0.38154572 -0.21258827 -0.36222178 -1.6578662   0.45321974 -0.43537194
  0.28999895  0.33461854 -1.9057529   0.2669954 ]
[-0.05301074  0.33864245  0.6127293   0.45667925  2.0043988   0.33807284
 -0.4569551  -0.1811157  -0.23765878 -1.7303013   0.5129436  -0.35372728
  0.19017783  0.2693967  -1.9339333   0.17370626]
[-0.00237567  0.30991584  0.65259445  0.38203648  2.009181    0.32303476
 -0.5524325  -0.12449256 -0.18199736 -1.688319    0.51329577 -0.33268702
  0.17867467  0.18371038 -1.9614204   0.2413557 ]
[ 0.16390988  0.15411815  0.58431494  0.48944002  2.0523126   0.21172257
 -0.48725358 -0.1544036  -0.30427083 -1.5221788   0.4816022  -0.41018695
  0.22758059  0.26842847 -2.1163416   0.31080383]
[ 0.23127043  0.02215016  0.58492947  0.5238787   2.0767117   0.11009745
 -0.40295234 -0.125785   -0.3885997  -1.428047    0.39714077 -0.44908556
  0.2803486   0.2952903  -2.1152442   0.33791423]
[ 0.20737314 -0.04849855  0.6737226   0.36656687  2.1715016   0.07640748
 -0.4521215  -0.10756607 -0.4840661  -1.4459069   0.4005793  -0.4792633
  0.42422646  0.2037111  -1.8617513   0.30412808]
[ 0.25719655 -0.07800636  0.5874454   0.4499422   2.2183595  -0.0494919
 -0.35746375 -0.16457264 -0.5137898  -1.4481242   0.5097552  -0.5604594
  0.43187767  0.3184078  -2.0086093   0.3557828 ]
[ 0.16663581 -0.03507279  0.5750182   0.44651794  2.2913673  -0.06812792
 -0.3755155  -0.22213288 -0.6372167  -1.5526791   0.57763207 -0.63392246
  0.4952859   0.33602753 -1.8145964   0.40311155]
[ 0.07407254  0.01091398  0.5984231   0.4271763   2.2687042  -0.04233962
 -0.44403967 -0.20116682 -0.63007456 -1.6609142   0.6056978  -0.65318143
  0.50170493  0.3308674  -1.7024876   0.47222844]
[-0.00550955  0.04296744  0.603799    0.47152156  2.215723   -0.01976359
 -0.49911657 -0.1748764  -0.596362   -1.7312502   0.5899302  -0.64154124
  0.52304184  0.2911762  -1.6473373   0.5361309 ]
[-0.00761038  0.04047777  0.65325886  0.4922246   2.117529    0.01715868
 -0.4693459  -0.16853462 -0.5761207  -1.7123808   0.51825434 -0.6071413
  0.49321714  0.25771368 -1.6399475   0.55034935]
[ 0.08064969  0.0192317   0.6515888   0.5282712   1.9937693   0.00257891
 -0.40276104 -0.12337242 -0.502483   -1.5770959   0.45149264 -0.5364267
  0.3519141   0.33398026 -1.7832943   0.4677909 ]
[ 1.2585011e-01 -1.2469053e-03  6.5649509e-01  4.5868239e-01
  1.9839952e+00  1.2750132e-02 -3.9139491e-01 -7.7130854e-02
 -3.9656916e-01 -1.5420876e+00  4.0254393e-01 -5.0155622e-01
  3.3700064e-01  2.9467148e-01 -1.8267246e+00  4.1908517e-01]
[ 0.16803329  0.1506988   0.6597899   0.4106021   1.9885471   0.02971382
 -0.36060828 -0.17150918 -0.34152544 -1.6208042   0.5276652  -0.5184041
  0.22283927  0.35115534 -1.9477298   0.40535775]
[ 0.00513441  0.3298939   0.67740315  0.39355236  1.9594988   0.20853555
 -0.47237834 -0.1874393  -0.23323536 -1.7544092   0.60764694 -0.42418844
  0.17244425  0.36409664 -1.9680662   0.2716546 ]
[-0.05368006  0.44362172  0.5576812   0.40270966  2.0384948   0.21781445
 -0.55347025 -0.23372284 -0.1702508  -1.8528322   0.75789386 -0.41393632
  0.12593459  0.2759744  -1.9961876   0.40877786]
[ 0.02017983  0.3889641   0.48830396  0.45729828  2.1452065   0.14425263
 -0.58587646 -0.30549836 -0.29530984 -1.7799717   0.8327554  -0.4990754
  0.08118285  0.29933563 -2.014421    0.58200926]
[ 0.0659017   0.2964164   0.4844753   0.51198334  2.1486378   0.10290778
 -0.576803   -0.31456563 -0.39233235 -1.6702257   0.79575264 -0.5422887
  0.1390257   0.35975593 -2.028565    0.57807124]
[ 0.0264053   0.14575824  0.53638184  0.56537485  2.1620698   0.04607464
 -0.51254475 -0.2787935  -0.5015093  -1.5987659   0.67200196 -0.57845694
  0.30870223  0.46192914 -1.9866734   0.4867092 ]
[ 0.16161187  0.05991905  0.53713006  0.5517775   2.1180828  -0.11889376
 -0.297623   -0.35259515 -0.7573358  -1.5943793   0.6706791  -0.74318326
  0.4459204   0.7046531  -1.8747511   0.44361216]
[ 0.01055417  0.00801396  0.6796478   0.45615706  2.1533563   0.01665993
 -0.46098042 -0.1988612  -0.6266334  -1.6609154   0.47057518 -0.6314422
  0.5630213   0.4155375  -1.6498638   0.41090432]
[ 0.01790034  0.08905227  0.7301222   0.47349605  1.9603752   0.13440032
 -0.42601013 -0.1224762  -0.48295125 -1.6536791   0.375219   -0.489542
  0.39789146  0.3538421  -1.7962401   0.39313716]
[-0.09189257  0.23046628  0.63727045  0.5628743   1.9021499   0.13178131
 -0.43942714 -0.12719086 -0.3810229  -1.7095287   0.51427543 -0.41799378
  0.26607728  0.3663738  -1.906312    0.41660762]
[-0.12381116  0.1891184   0.5915817   0.49752235  2.0075798   0.07158747
 -0.5405833  -0.0860648  -0.2711578  -1.7211021   0.5648572  -0.36908016
  0.27525944  0.26555005 -1.8546063   0.45873785]
[-0.08573873  0.13223629  0.5302113   0.60800445  2.046819   -0.01542663
 -0.4111291  -0.18059644 -0.37448412 -1.6899589   0.5811516  -0.4828855
  0.2573657   0.4358425  -1.8957561   0.5019081 ]
[-0.14056744  0.17648144  0.5824951   0.6100362   2.0497558   0.09670068
 -0.41745797 -0.27003157 -0.41085926 -1.7433605   0.5589635  -0.54241663
  0.2833378   0.45843953 -1.7854509   0.4525455 ]
[-0.18567815  0.2824974   0.61506176  0.5188958   1.9623245   0.25597158
 -0.43175736 -0.21140099 -0.26441666 -1.7621868   0.50603145 -0.40977377
  0.18767327  0.40513143 -1.8622841   0.34975588]
[-0.2207149   0.37049237  0.49744207  0.4843286   2.0243473   0.28916106
 -0.53490436 -0.16695412 -0.1109431  -1.8155372   0.5787747  -0.33785298
  0.12305464  0.30068654 -1.9111191   0.3879326 ]
[-0.16965888  0.36066586  0.4184906   0.6295487   2.047714    0.29812783
 -0.49684286 -0.20117983 -0.14943609 -1.6709524   0.5656399  -0.31428447
  0.02487795  0.38201505 -2.1521785   0.3840624 ]
[-0.04328501  0.29740474  0.37003672  0.71038175  1.9993222   0.2653237
 -0.41061202 -0.18239458 -0.19237648 -1.520566    0.5099757  -0.29099753
 -0.02450615  0.4436109  -2.3429627   0.3657312 ]
[ 0.05865286  0.18590526  0.42399168  0.6310009   2.036509    0.1918281
 -0.38223708 -0.1461552  -0.23441322 -1.4850147   0.4696939  -0.36045384
  0.07492178  0.40307888 -2.2895868   0.3754409 ]
[ 0.06422244  0.08968009  0.52691203  0.56121683  2.0160844   0.20154552
 -0.3689958  -0.05751969 -0.24958567 -1.4255371   0.326101   -0.34484968
  0.18355931  0.3591883  -2.2198122   0.28796488]
[ 0.18508485 -0.0225948   0.45641828  0.5515475   2.1065037   0.00831351
 -0.24698398 -0.06830032 -0.3630194  -1.4045101   0.41398388 -0.4210003
  0.28474984  0.38591266 -2.2054067   0.28731734]
[ 1.8611889e-01  2.1675820e-02  5.1077938e-01  5.0295419e-01
  2.0316918e+00  6.0362072e-04 -2.4229631e-01 -5.0500952e-02
 -3.6115605e-01 -1.4647565e+00  4.2269325e-01 -3.9916173e-01
  2.6366115e-01  4.0062293e-01 -2.1792662e+00  3.0467978e-01]
[ 0.14371914  0.0355133   0.5764332   0.42730278  2.0398548   0.03621399
 -0.3116857  -0.05139955 -0.38248548 -1.5530246   0.41299716 -0.40707296
  0.33088785  0.33973137 -2.0101304   0.3234201 ]
[ 0.11658458 -0.01390277  0.6146503   0.45615655  2.0697298   0.07360908
 -0.35380015 -0.04589966 -0.40799364 -1.5295795   0.34494025 -0.43854585
  0.40205652  0.25954512 -1.9399122   0.34381193]
[ 0.08260017 -0.04282029  0.58322805  0.46893302  2.084225    0.02651082
 -0.35860175 -0.06513946 -0.45836315 -1.5496783   0.3798443  -0.47461328
  0.45435134  0.29169315 -1.879142    0.41041207]
[ 0.11181679 -0.05052907  0.58476794  0.49738568  1.9973606   0.05153149
 -0.3436145  -0.03198545 -0.4125484  -1.4518843   0.27449566 -0.40970373
  0.3949322   0.3175964  -1.924818    0.34809846]
[ 0.13743842 -0.04864122  0.6146075   0.45675308  2.0296702   0.02591101
 -0.33189946 -0.04648411 -0.4200201  -1.4865881   0.2984758  -0.46966496
  0.42771402  0.3162341  -1.8762634   0.32539296]
[ 0.13880798  0.04630104  0.5812367   0.45558986  2.012017    0.03699638
 -0.30780122 -0.07866146 -0.39373064 -1.5686642   0.39750504 -0.45438632
  0.3454996   0.40767303 -1.9577799   0.29062852]
[ 5.4775475e-04  1.0771327e-01  6.5252739e-01  4.1374034e-01
  1.9926430e+00  1.9709943e-01 -4.1969299e-01  2.1917084e-02
 -2.1723029e-01 -1.6100744e+00  3.0668938e-01 -3.4298450e-01
  3.0328521e-01  3.0943444e-01 -1.9625371e+00  1.9619805e-01]
[ 0.11759564  0.12016235  0.6197221   0.42689306  1.9860704   0.15274386
 -0.39781636  0.00318797 -0.16719083 -1.5235784   0.3197009  -0.30775788
  0.18809286  0.2421566  -2.1324816   0.30348736]
[ 0.2324338   0.08783393  0.53568566  0.5257584   2.0258756   0.03923107
 -0.29394865 -0.10757448 -0.30628628 -1.4621508   0.43788958 -0.4184053
  0.18995218  0.36823663 -2.2627254   0.35843867]
[ 0.13378593  0.07093515  0.54521674  0.490343    2.0961444   0.00716227
 -0.35192347 -0.09304629 -0.37637264 -1.5362095   0.47754273 -0.46166056
  0.3341359   0.32007265 -2.0636058   0.35861638]
[ 0.08072756  0.01247754  0.6214162   0.46979505  2.105135    0.05020823
 -0.40895605 -0.08647381 -0.44030055 -1.5254126   0.42207128 -0.45005876
  0.38247094  0.3587296  -1.9363358   0.29395851]
[ 0.18463701  0.04377332  0.62088037  0.5180489   2.0323892   0.00774072
 -0.3106498  -0.12324321 -0.43773112 -1.5536648   0.46081847 -0.49543962
  0.28987253  0.41362318 -2.035193    0.3341427 ]
[ 0.13353388  0.10149954  0.7056223   0.3829976   2.0762787   0.06686882
 -0.43407688 -0.1362547  -0.45130977 -1.6893513   0.50688237 -0.5658081
  0.37345123  0.27337974 -1.7802718   0.39030346]
[ 0.12189259  0.13283904  0.699109    0.38984552  1.9497232   0.1498111
 -0.40117192 -0.07882498 -0.3396624  -1.608997    0.4208663  -0.4227839
  0.30438137  0.234846   -1.9037987   0.30231887]
[ 0.10497452  0.09662836  0.60090935  0.3805515   2.0885627   0.02389454
 -0.47194442 -0.02885428 -0.27259463 -1.6315676   0.48100218 -0.4258768
  0.3240474   0.2280657  -1.9291958   0.3844894 ]
[ 0.16330929  0.08672298  0.5453665   0.43545184  2.1695035  -0.06245606
 -0.41589347 -0.09896801 -0.36795068 -1.6416819   0.5616047  -0.53196895
  0.32690406  0.32279783 -1.9812107   0.44312987]
[ 0.14981353  0.12120207  0.5399046   0.47366017  2.2098618  -0.04332564
 -0.40794152 -0.16242638 -0.41886225 -1.6520622   0.63874364 -0.5564782
  0.26311588  0.39132494 -2.0095916   0.4162786 ]
[ 0.03024999  0.15392363  0.66512966  0.47856706  2.1283586   0.1154476
 -0.48198286 -0.1065862  -0.33614182 -1.7025048   0.5549097  -0.43015766
  0.3059607   0.3451932  -1.9750912   0.20062359]
[ 0.01108142  0.17003654  0.6419999   0.4767396   2.1252208   0.07849
 -0.51982576 -0.07144069 -0.27581635 -1.7580525   0.59522367 -0.42739716
  0.313931    0.29575056 -1.9909585   0.28274924]
[-1.5573979e-03  1.7223516e-01  6.4016539e-01  5.0897920e-01
  2.1440270e+00  5.1407736e-02 -5.1931059e-01 -1.0049659e-01
 -3.2456732e-01 -1.8047841e+00  5.9172612e-01 -4.8549423e-01
  3.8964635e-01  2.4027960e-01 -1.8869770e+00  3.3582520e-01]
[-0.05287694  0.14489976  0.6257699   0.5419328   2.1609364   0.05598712
 -0.4803834  -0.15827928 -0.39812303 -1.7627121   0.6026472  -0.52007353
  0.3609159   0.32777518 -1.8398755   0.3432817 ]
[-0.02781748  0.10540285  0.6846992   0.49349338  2.0115755   0.15898052
 -0.4460618  -0.05661604 -0.2956907  -1.6826122   0.454634   -0.37756482
  0.32634956  0.306074   -1.889396    0.18051966]
[ 0.05335515  0.11434686  0.67236733  0.45204553  2.0187123   0.13684401
 -0.43845993 -0.05546949 -0.26220527 -1.7177336   0.4608521  -0.41243386
  0.34535733  0.25088245 -1.8928831   0.22227821]
[ 0.06289077  0.20452967  0.67698276  0.4153832   1.9863987   0.16170229
 -0.4092412  -0.0746219  -0.23195012 -1.7506937   0.46315512 -0.40783304
  0.317377    0.23358433 -1.9151146   0.21663003]
[-0.03465341  0.25265655  0.666517    0.43121964  2.0275347   0.20277528
 -0.42634663 -0.07086426 -0.20973416 -1.7442459   0.48127756 -0.38118178
  0.25211275  0.29153928 -1.9431169   0.15237677]
[-0.02699554  0.3050235   0.6311484   0.43191853  2.0147195   0.19031107
 -0.44247803 -0.03931885 -0.11713399 -1.8070068   0.5521572  -0.31811133
  0.17845942  0.24825387 -2.0402913   0.18664537]
[ 0.07996229  0.24412706  0.622569    0.44653302  2.012319    0.14029232
 -0.43074283 -0.06125984 -0.1735441  -1.7522942   0.58560544 -0.38930765
  0.19579153  0.27203208 -2.103656    0.25869244]
[ 0.09844574  0.17812026  0.6085844   0.4749988   2.0359473   0.11137486
 -0.42801723 -0.04729764 -0.19674419 -1.6639264   0.57240856 -0.39344192
  0.19044295  0.30267358 -2.1587706   0.26088944]
[ 0.02952212  0.15388164  0.6560493   0.4586783   2.0690932   0.13258976
 -0.47160402 -0.03061027 -0.23485453 -1.6794078   0.5322424  -0.3659274
  0.24666825  0.3306599  -2.0572584   0.17420301]
[ 0.08901201  0.17733158  0.6020441   0.45826358  2.0479288   0.00998868
 -0.413143   -0.05585777 -0.27622548 -1.7640089   0.6027869  -0.41574866
  0.27362308  0.3275928  -2.0210266   0.30605942]
[-0.03807707  0.2529045   0.616017    0.50805146  2.0487392   0.0531509
 -0.49959955 -0.08857714 -0.2655245  -1.8759754   0.61413896 -0.4572149
  0.33263376  0.25728044 -1.8912423   0.38706332]
[-0.06186736  0.27989334  0.56062746  0.49024504  2.0932555   0.01883163
 -0.4760541  -0.1290682  -0.28938955 -1.8204817   0.6793033  -0.50085455
  0.19664052  0.29889703 -1.851516    0.46936998]
[-0.04038017  0.23612356  0.629809    0.4372514   1.9930146   0.13785696
 -0.47939405 -0.06070853 -0.18745014 -1.7134495   0.5470656  -0.39228994
  0.15110448  0.2466294  -1.8666353   0.31403226]
[ 0.06666077  0.19311272  0.60405654  0.457383    1.9554279   0.12833247
 -0.3912843  -0.11949046 -0.21257553 -1.6472523   0.5213965  -0.424918
  0.17541723  0.277657   -1.9680706   0.33630657]
[ 0.10455628  0.27256233  0.604399    0.435618    1.905194    0.1760204
 -0.34012577 -0.1665937  -0.21830265 -1.6334021   0.516176   -0.41985512
  0.10031273  0.30166483 -2.0428505   0.35824364]
[ 0.03341442  0.36348727  0.61614436  0.3819035   1.9337475   0.223954
 -0.35399812 -0.19363876 -0.21543352 -1.7082611   0.5603311  -0.42073083
  0.05887945  0.30945417 -1.9861654   0.3520121 ]
[ 0.06562329  0.46858087  0.5232835   0.3615418   1.9838244   0.20776673
 -0.3731819  -0.22109425 -0.16981885 -1.7606148   0.6944094  -0.41111574
 -0.02888861  0.22926816 -2.0706277   0.4590372 ]
[ 0.15565328  0.34273735  0.4774178   0.42180267  2.086456    0.14574108
 -0.39720345 -0.2606694  -0.30108398 -1.6418202   0.7240418  -0.4846115
  0.01918337  0.259408   -2.118539    0.5290466 ]
[ 0.2577209   0.22965667  0.45983332  0.47790518  2.0824761   0.11019667
 -0.375088   -0.27644888 -0.40289775 -1.4971642   0.64627343 -0.5266973
  0.07439561  0.30825981 -2.1634498   0.5525987 ]
[ 0.31175274  0.16614397  0.44225058  0.4344296   2.121889   -0.02250062
 -0.31460196 -0.29613715 -0.5384897  -1.4813503   0.6498067  -0.6211525
  0.18747     0.3721187  -2.077945    0.6269064 ]
[ 0.24321976  0.1968535   0.33249602  0.32042518  2.2249684  -0.16754594
 -0.3577425  -0.30119267 -0.65655214 -1.5222733   0.84330636 -0.7118548
  0.17836781  0.46733814 -1.873923    0.75014657]
[ 0.23022611  0.09669297  0.41012     0.38280854  2.2510467  -0.13680628
 -0.3603698  -0.2662075  -0.63740253 -1.5093825   0.72092974 -0.6933024
  0.24386773  0.42957753 -1.8988903   0.70058554]
[ 0.18449065  0.10104637  0.3707986   0.47607827  2.2015843  -0.10233412
 -0.3529437  -0.23875543 -0.5986357  -1.531696    0.7187809  -0.62711084
  0.19955051  0.46435022 -1.957897    0.65414596]
[ 0.15105845  0.09515394  0.37525567  0.520918    2.1888077  -0.12917465
 -0.3861732  -0.20422363 -0.5689063  -1.60018     0.72107756 -0.6261646
  0.22291648  0.44964123 -1.9461387   0.698758  ]
[ 0.1157447   0.07947184  0.40665883  0.4996646   2.211306   -0.12199821
 -0.39411196 -0.22039244 -0.57385075 -1.6259835   0.7120796  -0.6505958
  0.33117735  0.42177415 -1.8644356   0.6345378 ]
[ 0.11367061  0.06825592  0.45422333  0.46758485  2.2225556  -0.12728947
 -0.42315358 -0.16750357 -0.52276236 -1.6035326   0.66103375 -0.62731826
  0.34772137  0.40081364 -1.8379295   0.5322944 ]
[ 1.12732723e-01 -4.16237104e-04  5.85529447e-01  4.36656803e-01
  2.19815135e+00 -3.68157104e-02 -4.26346123e-01 -1.07576534e-01
 -4.64385450e-01 -1.55619884e+00  4.60781723e-01 -5.84093392e-01
  4.28462327e-01  3.19567949e-01 -1.80492556e+00  3.94188076e-01]
[ 0.16053675  0.12983167  0.6109618   0.3918919   2.1528068  -0.02212987
 -0.397377   -0.17869398 -0.4379603  -1.6302513   0.5649513  -0.6015736
  0.31775922  0.3665758  -1.8772522   0.4052753 ]
[ 0.16429129  0.21789896  0.69436866  0.4063793   1.986943    0.16532877
 -0.32924142 -0.16142881 -0.29703912 -1.6417491   0.5163449  -0.46474057
  0.15891376  0.3463462  -2.0412781   0.22650996]
[ 0.1415867   0.33763093  0.6061311   0.3868271   1.9980671   0.1720617
 -0.35446614 -0.1779943  -0.22307138 -1.7334095   0.62975633 -0.4540854
  0.13285255  0.24371462 -2.0792067   0.32481277]
[ 0.21473801  0.25662324  0.5701982   0.42359275  2.0553281   0.12408642
 -0.34504464 -0.24316463 -0.34370562 -1.6632459   0.66784304 -0.5426801
  0.18366408  0.25406533 -2.0571132   0.39708287]
[ 0.30992478  0.15957968  0.58905786  0.4046794   2.042092    0.08838809
 -0.32182539 -0.24437098 -0.41762105 -1.5645766   0.58625424 -0.5735162
  0.22376093  0.24668768 -2.0248299   0.450208  ]
[ 3.1470585e-01  1.3239558e-01  5.6896621e-01  4.0300092e-01
  2.0345802e+00  1.2085468e-03 -2.6579896e-01 -2.7065474e-01
 -5.5621827e-01 -1.5440592e+00  5.9371817e-01 -6.5365922e-01
  3.0477419e-01  3.2136634e-01 -1.9644886e+00  5.3724021e-01]
[ 0.24629386  0.14580114  0.6182709   0.21643734  2.1242363  -0.09019275
 -0.31805736 -0.27778092 -0.7071991  -1.5920813   0.70474046 -0.75202954
  0.3593513   0.35683388 -1.6701415   0.5958804 ]
[ 0.15730023  0.07670331  0.47972935  0.30396825  2.2462442  -0.11894008
 -0.3846615  -0.26458037 -0.6615038  -1.5770819   0.6970579  -0.74181354
  0.38567695  0.3424736  -1.6930403   0.7175144 ]
[ 0.20665929  0.13666055  0.43138903  0.3367699   2.1787815  -0.11574247
 -0.31489748 -0.2838394  -0.6374756  -1.5405196   0.700312   -0.678485
  0.24581547  0.4054427  -1.8001858   0.69437104]
[ 0.15412346  0.09631344  0.5125493   0.39217454  2.1733966  -0.04795339
 -0.3357517  -0.24966304 -0.59739053 -1.5248178   0.5911695  -0.66109663
  0.29202995  0.34912437 -1.830171    0.64903474]
[ 0.13569728  0.14122042  0.393703    0.38953912  2.2008183  -0.11759545
 -0.34227496 -0.2814308  -0.61908644 -1.558862    0.71847045 -0.7091986
  0.27570564  0.43448263 -1.864053    0.76961267]
[ 0.1675338   0.10084473  0.3128895   0.5008234   2.1112735  -0.1011766
 -0.24112916 -0.23646483 -0.5795918  -1.4597318   0.61745703 -0.6153555
  0.22414103  0.520012   -2.0121255   0.65407145]
[ 0.19709286  0.06987196  0.3655451   0.47320145  2.1508439  -0.1063313
 -0.28537908 -0.22899303 -0.60231143 -1.4597447   0.59649163 -0.62861335
  0.27626437  0.48283482 -1.934255    0.59551543]
[ 0.21591815  0.05023184  0.4695591   0.43811446  2.1321309  -0.05383461
 -0.29491952 -0.17952256 -0.5562664  -1.4917105   0.538296   -0.5757468
  0.29518417  0.4279643  -1.9345591   0.4762833 ]
[ 0.06616565  0.06835605  0.6003362   0.4415502   2.0606353   0.08322273
 -0.32910854 -0.11374164 -0.4597172  -1.5096099   0.377181   -0.4948193
  0.3494862   0.37468234 -1.915062    0.35461846]
[ 0.13927379  0.06245792  0.549821    0.42278147  2.0795007   0.01591218
 -0.32796985 -0.08085146 -0.4078942  -1.5023506   0.42690736 -0.47371593
  0.30147904  0.30094495 -1.9673984   0.41607442]
[ 0.23759642  0.11784053  0.5075346   0.40637484  2.0450928  -0.07073005
 -0.2571066  -0.11086513 -0.395566   -1.5379806   0.54866904 -0.5229205
  0.22514498  0.3808829  -2.0832868   0.46422553]
[ 0.1492631   0.08882853  0.56053704  0.40351033  2.0833504  -0.02091554
 -0.31493673 -0.1296503  -0.47512308 -1.5940232   0.52810967 -0.5622932
  0.31706613  0.35853624 -1.9107519   0.4747296 ]
[ 0.11848532  0.05179871  0.58400005  0.42967075  2.05806     0.06716023
 -0.32877916 -0.11052214 -0.42211038 -1.5018346   0.4131562  -0.46131706
  0.3003026   0.33896476 -1.9394652   0.3553656 ]
[ 0.17806645  0.08893424  0.5571418   0.38188028  2.0630863  -0.0080056
 -0.3260764  -0.1015612  -0.39281106 -1.5306675   0.48310137 -0.48472828
  0.28937873  0.33357954 -2.0009024   0.42380038]
[ 0.1534602   0.07402366  0.58264434  0.35567838  2.0988517   0.01100209
 -0.35845834 -0.10438039 -0.45979485 -1.5959224   0.47169894 -0.52906185
  0.38524532  0.27777347 -1.8687528   0.46240014]
[ 0.12158673  0.14387068  0.56283426  0.43295345  2.0410998   0.06202644
 -0.32415673 -0.14866512 -0.47638646 -1.5177103   0.44893265 -0.48343262
  0.2580792   0.36996013 -1.9366963   0.40183577]
[ 0.1424984   0.12708414  0.571533    0.34563792  2.0839634   0.01923272
 -0.41491628 -0.09451871 -0.39697596 -1.5768675   0.50514686 -0.46500474
  0.32542494  0.27242547 -1.9011819   0.41136456]
[ 0.17054234  0.13812232  0.5288202   0.35808906  2.1170514  -0.06532636
 -0.3932528  -0.13314259 -0.43610725 -1.6497233   0.60697234 -0.5334724
  0.34676453  0.35122275 -1.9092276   0.45846862]
[ 0.08177654  0.03186307  0.6190829   0.4072589   2.1861975  -0.01027293
 -0.41217613 -0.17546755 -0.5532447  -1.6012207   0.5207916  -0.61215484
  0.43421656  0.37038964 -1.791878    0.46077853]
[ 0.10016241 -0.00362412  0.66097975  0.34415713  2.1298447   0.0659221
 -0.4505527  -0.07089645 -0.41761827 -1.5157804   0.3778284  -0.48344818
  0.3945717   0.25051266 -1.8378388   0.41003728]
[ 0.22327809  0.05209661  0.5624438   0.40947062  2.1086335  -0.03255165
 -0.35348558 -0.14283326 -0.44056234 -1.515687    0.49802953 -0.52487266
  0.34418088  0.3065157  -2.0216393   0.4817707 ]
[ 0.1681952   0.06556825  0.49604616  0.41070104  2.1885314  -0.08047261
 -0.3785956  -0.1829764  -0.5433866  -1.5325135   0.59727275 -0.5817824
  0.3477436   0.37981728 -1.8908103   0.49345565]
[ 0.12901136  0.03219431  0.5849662   0.40295625  2.1493638   0.01252443
 -0.43447104 -0.12740383 -0.49917182 -1.5032218   0.4665574  -0.5173322
  0.3829226   0.3258128  -1.838303    0.38784677]
[ 0.21336755  0.06510938  0.5970905   0.3853768   2.1412868  -0.07195984
 -0.38914305 -0.14614776 -0.45763135 -1.5763056   0.53220975 -0.5741254
  0.35161477  0.34148282 -1.8908249   0.43376493]
[ 0.18431585  0.06313284  0.64391154  0.4459383   2.1143134  -0.0104756
 -0.3527757  -0.2358058  -0.57397556 -1.6051424   0.54004055 -0.637441
  0.41382942  0.4399026  -1.8585694   0.3819031 ]
[ 0.09785151  0.02551894  0.72419035  0.3991117   2.0282958   0.14142738
 -0.4033149  -0.05976283 -0.36667687 -1.5396315   0.35572642 -0.4430573
  0.35863942  0.29133475 -1.908905    0.24724317]
[ 0.1813256  -0.01064469  0.7066034   0.33878654  2.0823667   0.09530693
 -0.44029135 -0.04260868 -0.33738953 -1.5296705   0.3727216  -0.42455286
  0.38717967  0.18889938 -1.9280872   0.3087226 ]
[ 0.20091848  0.02946698  0.60854274  0.41065997  2.1441588  -0.02026217
 -0.3921727  -0.1382319  -0.4555951  -1.5533178   0.5315633  -0.5218355
  0.36927384  0.2947407  -1.9510082   0.3942429 ]
[ 0.0630552   0.04304992  0.6329199   0.4284846   2.1762729   0.03787826
 -0.41177487 -0.17682189 -0.578217   -1.5981405   0.50835246 -0.5474702
  0.46170598  0.3311035  -1.7457262   0.32731104]
[-0.00869378  0.01081602  0.63322556  0.4038537   2.1929069   0.04642692
 -0.4642443  -0.1194546  -0.5337942  -1.6066668   0.4724637  -0.52389896
  0.5292751   0.3001136  -1.7079394   0.3276065 ]
[ 0.027111   -0.00245763  0.6418648   0.37108588  2.2218423   0.01104202
 -0.47513476 -0.10668435 -0.5134269  -1.6598377   0.4618438  -0.58648336
  0.5609159   0.26255947 -1.6658223   0.40709418]
[ 0.0145032  -0.01122054  0.6468533   0.4723392   2.142113    0.05566858
 -0.39703307 -0.18189976 -0.5942256  -1.6036036   0.44171563 -0.57892466
  0.5363831   0.38932657 -1.7316147   0.352534  ]
[ 0.01133679  0.01407379  0.6982201   0.47110063  1.9188541   0.20668025
 -0.34563842 -0.06396049 -0.43093196 -1.5085466   0.25240183 -0.37921456
  0.42269868  0.35106725 -1.8633182   0.1930805 ]
[ 1.2767792e-03  1.6083430e-02  6.8102032e-01  3.9090461e-01
  1.9676994e+00  1.4844087e-01 -3.9990526e-01  5.0807325e-03
 -3.3500108e-01 -1.5834688e+00  2.9269642e-01 -3.7229455e-01
  4.5083150e-01  2.4782774e-01 -1.8311651e+00  2.6996550e-01]
[ 0.03342924  0.07164084  0.5864502   0.4299964   1.9883343   0.04905545
 -0.34956482 -0.03781179 -0.34296897 -1.629829    0.40893334 -0.4076864
  0.37791198  0.36122182 -1.9249058   0.337945  ]
[-0.06314489  0.05795063  0.6263634   0.52968943  1.9651397   0.17144176
 -0.3867608  -0.02605328 -0.31991896 -1.5951748   0.30880827 -0.35793266
  0.35857219  0.35177994 -1.9229233   0.2524596 ]
[-7.0108838e-02  5.5730056e-02  5.8706278e-01  5.4579198e-01
  1.9730856e+00  1.5962927e-01 -4.1537428e-01  1.0735393e-03
 -2.4683586e-01 -1.5769507e+00  3.0305165e-01 -2.9913276e-01
  3.3191419e-01  2.9328644e-01 -1.9744682e+00  2.8316545e-01]
[-0.01251503  0.09113071  0.5176488   0.6469728   1.9573944   0.04938115
 -0.30771294 -0.07404868 -0.2941166  -1.5793782   0.42101878 -0.3764634
  0.25275353  0.44498244 -2.1373935   0.3517698 ]
[-0.08671682  0.1119807   0.6009159   0.5526618   1.9266739   0.15061429
 -0.3604876  -0.01628299 -0.23657453 -1.6239153   0.36027154 -0.32423526
  0.29037336  0.37435398 -2.0418036   0.27174687]
[-0.11159164  0.11397348  0.6204799   0.57945573  1.8973887   0.24169531
 -0.3474974  -0.04779323 -0.25790557 -1.5722153   0.3213509  -0.3045831
  0.24082728  0.4017667  -2.022843    0.19538364]
[-0.01898879  0.17907754  0.62007093  0.56717753  1.8319829   0.22397503
 -0.3307559  -0.05139586 -0.19976354 -1.5675122   0.3700835  -0.27816653
  0.11465879  0.388676   -2.1513443   0.25046703]
[ 0.05089214  0.24954     0.6142708   0.49731192  1.8337415   0.16778573
 -0.33770484 -0.09146991 -0.19230811 -1.6343619   0.48185593 -0.2996034
  0.10981145  0.38465682 -2.1703408   0.2844564 ]
[-0.08161241  0.24436589  0.63067544  0.4760089   1.863455    0.23621316
 -0.42466807 -0.04614241 -0.13760558 -1.6780657   0.44206148 -0.29008558
  0.20960662  0.351159   -2.0807831   0.23346488]
[-0.11088397  0.2201483   0.590345    0.5045458   1.9884012   0.21777502
 -0.4775594  -0.0318728  -0.11428934 -1.716911    0.45814753 -0.2955841
  0.24561977  0.31698337 -2.0572047   0.2105314 ]
[-0.00607077  0.18491167  0.58571625  0.6035239   2.0091622   0.13711253
 -0.44927412 -0.106782   -0.21397395 -1.6592134   0.50134134 -0.36544278
  0.17683747  0.37818012 -2.1671243   0.34138697]
[ 0.04725058  0.19958691  0.5865743   0.64434797  1.9069893   0.09185303
 -0.4195438  -0.10977881 -0.2400691  -1.6181853   0.46854463 -0.37646547
  0.11882846  0.40519983 -2.217689    0.46695942]
[-0.11017402  0.21768327  0.5844869   0.58054185  1.9591831   0.13382927
 -0.5416869  -0.03948192 -0.19790058 -1.6611742   0.5015849  -0.35367924
  0.1679857   0.33563867 -2.0297656   0.40689045]
[-0.01167515  0.09860854  0.63390344  0.5085906   1.9721191   0.09215519
 -0.4723857  -0.02343267 -0.24097662 -1.5711974   0.4626635  -0.36260805
  0.21992436  0.3657176  -2.0113711   0.28834897]
[ 0.05097274  0.10025252  0.6205693   0.57059705  1.994694    0.06091017
 -0.40497503 -0.10078068 -0.2403405  -1.5581299   0.48849416 -0.4096468
  0.18478632  0.43808118 -2.1392124   0.29149094]
[-0.01131105  0.20999765  0.7108029   0.5012963   1.9577434   0.24607544
 -0.4812457  -0.18863398 -0.27629936 -1.7179569   0.5164442  -0.42496222
  0.23738928  0.390376   -1.948156    0.22630873]
[-0.03567964  0.34327736  0.6957365   0.3364233   1.9612402   0.29708198
 -0.53744066 -0.12616435 -0.15630224 -1.7863042   0.54573303 -0.35361427
  0.18625721  0.23664811 -1.9193509   0.2632409 ]
[-0.05103416  0.3628164   0.5321108   0.420937    2.0549169   0.20476258
 -0.5713595  -0.14935286 -0.14571461 -1.7962338   0.65143263 -0.3525174
  0.20615175  0.21346584 -1.9942509   0.36782905]
[ 0.0236115   0.22149166  0.5513816   0.51443696  2.1463144   0.17629236
 -0.56248933 -0.19584636 -0.30576748 -1.660352    0.6215328  -0.43998438
  0.226446    0.29834464 -2.0286806   0.36521763]
[ 0.06494063  0.08256704  0.6121438   0.5662602   2.1697936   0.1504772
 -0.56465286 -0.186409   -0.40225953 -1.566618    0.51674503 -0.48619032
  0.32669944  0.30529127 -1.9870389   0.34890708]
[ 0.1015416  -0.04680045  0.64372015  0.6504172   2.143433    0.1269261
 -0.44675222 -0.22949514 -0.5529685  -1.4777822   0.43069607 -0.56009674
  0.4280168   0.43233767 -1.9556154   0.2598831 ]
[ 0.05192133 -0.04423956  0.7322408   0.33787674  2.1465375   0.15181035
 -0.51634324 -0.06630071 -0.48944265 -1.5345699   0.3473206  -0.48126584
  0.5871347   0.21031065 -1.7063605   0.22118533]
[ 0.11698256 -0.12128218  0.70543396  0.41210413  2.1420293   0.08071649
 -0.42074984 -0.06338391 -0.5311032  -1.4462668   0.3151723  -0.47599307
  0.5591491   0.32202572 -1.8206003   0.170705  ]
[ 0.1516961  -0.0928645   0.6448429   0.45354223  2.1734736   0.00413747
 -0.35516888 -0.08564866 -0.49620804 -1.5132617   0.39077872 -0.512869
  0.5223036   0.33126873 -1.930748    0.2616604 ]
[ 0.07093743  0.00507585  0.63596237  0.4885761   2.1320922   0.02991989
 -0.3821605  -0.10589216 -0.5065781  -1.5964718   0.44611698 -0.5053359
  0.46292147  0.32050076 -1.8558185   0.3102308 ]
[-0.06785624  0.0131569   0.6778388   0.5017396   2.0651088   0.10365257
 -0.47128892 -0.05077245 -0.45171404 -1.6442373   0.41240525 -0.43702355
  0.5104202   0.28521317 -1.7547662   0.25670022]
[-0.01710193 -0.04509737  0.6741565   0.47781134  2.050916    0.04215559
 -0.4154702  -0.04702127 -0.4122045  -1.6093868   0.40054202 -0.46442547
  0.51824856  0.3244512  -1.7777478   0.24792168]
[-3.0878305e-02  5.7480333e-04  7.0996922e-01  4.1378623e-01
  2.0203428e+00  8.7744929e-02 -4.5404226e-01 -5.4595120e-02
 -4.3381900e-01 -1.6437260e+00  3.7413138e-01 -4.7535580e-01
  5.0207436e-01  3.2510370e-01 -1.6525719e+00  2.6215830e-01]
[-0.04147505  0.09319428  0.80519426  0.39896685  1.789348    0.26099378
 -0.40762538 -0.02269105 -0.3185072  -1.6590502   0.23740096 -0.3327585
  0.40238342  0.33237618 -1.718174    0.1281702 ]
[-0.12878132  0.24232137  0.7591602   0.3859443   1.7534006   0.3007884
 -0.45787153 -0.01023251 -0.16164564 -1.7909924   0.34128702 -0.29317397
  0.28451443  0.27708033 -1.7905174   0.24003422]
[-0.13171838  0.31777108  0.66723996  0.42437163  1.8308274   0.26675066
 -0.45481402 -0.06106789 -0.07915522 -1.7849264   0.46935567 -0.28489655
  0.15590471  0.26182455 -1.960482    0.3153623 ]
[-0.1347727   0.27762035  0.6161512   0.52609706  1.9370165   0.26011342
 -0.45792136 -0.11004015 -0.12185874 -1.728245    0.50613207 -0.29207107
  0.14436205  0.28994995 -2.0583777   0.29607874]
[-0.00545044  0.20940037  0.5792322   0.64371365  1.9009832   0.18773995
 -0.4126436  -0.16805947 -0.21466053 -1.619585    0.49920526 -0.34127825
  0.09713857  0.4064521  -2.199349    0.38856515]
[-0.0605532   0.23744564  0.61487305  0.6289667   1.8972702   0.19796
 -0.49130577 -0.16837013 -0.24462786 -1.6746689   0.4761153  -0.35692114
  0.12374072  0.3675688  -2.0798573   0.48880404]
[-0.12295955  0.27389985  0.532567    0.70396835  1.88832     0.19543974
 -0.45175624 -0.18365979 -0.25218898 -1.6541468   0.45907354 -0.3467969
  0.08259968  0.4262504  -2.1269548   0.53615475]
[-0.14654398  0.21418056  0.48793498  0.6949665   2.0347667   0.19018859
 -0.49066505 -0.21073377 -0.29478726 -1.655122    0.52461326 -0.41467953
  0.18459299  0.3880332  -2.0313573   0.48259348]
[ 3.8416387e-04  1.3211519e-01  5.0826520e-01  6.7570436e-01
  2.0633214e+00  1.8188684e-01 -4.9590644e-01 -2.2358814e-01
 -2.8016275e-01 -1.5411646e+00  5.1802289e-01 -4.2770481e-01
  1.7514732e-01  3.7103358e-01 -2.1408830e+00  4.3727988e-01]
[ 0.14843254  0.07111146  0.49927983  0.72909963  1.9858654   0.14423421
 -0.35829163 -0.23278913 -0.332017   -1.3879455   0.4112749  -0.4358519
  0.14000925  0.5147966  -2.3093905   0.3633993 ]
[ 0.02809517  0.13480514  0.55712426  0.6404409   2.0134206   0.2064105
 -0.447023   -0.1724451  -0.2908558  -1.5142314   0.39629054 -0.4172747
  0.21645479  0.4490493  -2.189645    0.34154558]
[ 0.02700726  0.1872905   0.5712449   0.60079515  2.0628228   0.17460606
 -0.40789443 -0.22533564 -0.3552282  -1.6131198   0.49284688 -0.47294816
  0.21877232  0.4709297  -2.1270213   0.34782046]
[ 0.05271073  0.2354643   0.5014173   0.6504499   2.0457323   0.13922936
 -0.42105836 -0.23101795 -0.3156361  -1.6610199   0.63038796 -0.47385797
  0.14715931  0.41605467 -2.22129     0.45864   ]
[ 0.13496163  0.11954496  0.475146    0.81410456  1.9199979   0.0732057
 -0.2908693  -0.22257908 -0.36224985 -1.5298547   0.5502705  -0.47864193
  0.10541768  0.5610542  -2.351225    0.43252754]
[ 0.09522503  0.08479365  0.5675017   0.6829278   2.0072129   0.07294662
 -0.3776608  -0.21384823 -0.43203884 -1.5658038   0.54578173 -0.5134112
  0.26419485  0.4111629  -2.0905647   0.4126342 ]
[ 2.1056037e-01  7.7104561e-02  6.2016249e-01  6.0525435e-01
  1.9009969e+00 -1.8875062e-03 -1.9207066e-01 -2.6782212e-01
 -6.0817325e-01 -1.5215607e+00  5.4756141e-01 -5.7373494e-01
  2.6792929e-01  5.7549918e-01 -1.9858999e+00  2.9445446e-01]
[ 0.04967512  0.01375774  0.64995575  0.45024055  2.0624511   0.09876273
 -0.44804758 -0.11649294 -0.44164252 -1.5494951   0.38231826 -0.47527894
  0.43250933  0.3174403  -1.7584381   0.28416753]
[ 0.03611499  0.19039908  0.6063014   0.42496395  2.09324     0.0910304
 -0.4455436  -0.20049067 -0.41707215 -1.6873963   0.5422677  -0.5030101
  0.34494156  0.3632813  -1.8511925   0.3670407 ]
[-0.0473709   0.31020555  0.6344808   0.4986453   1.9860458   0.2529003
 -0.43493652 -0.20091543 -0.27930132 -1.7438309   0.5299181  -0.37421805
  0.22027096  0.3600108  -1.991074    0.22920442]
[-0.06441049  0.36849967  0.58262134  0.4614463   2.0237734   0.27654234
 -0.49079365 -0.18794586 -0.18101642 -1.7919044   0.6170386  -0.34767723
  0.15311016  0.24401605 -2.0091019   0.29744017]
[ 0.05972905  0.22158948  0.56268543  0.5376061   2.080611    0.23960662
 -0.49841422 -0.22483659 -0.308182   -1.617184    0.58813095 -0.41698894
  0.18748634  0.2757792  -2.081619    0.3445317 ]
[ 0.15957218  0.099576    0.601032    0.5502087   2.0460913   0.22131343
 -0.47545776 -0.19599894 -0.36742863 -1.4690647   0.44408417 -0.41575947
  0.2822903   0.26821718 -2.1062312   0.30627033]
[ 1.8758266e-01 -1.0633171e-03  6.0523909e-01  5.3895307e-01
  2.0775895e+00  1.1907488e-01 -3.7707958e-01 -1.9740716e-01
 -4.8419118e-01 -1.4218069e+00  3.7096184e-01 -4.8573136e-01
  4.2504072e-01  3.1059107e-01 -2.0126410e+00  2.9441959e-01]
[ 0.08069404 -0.04754523  0.69915617  0.4303576   2.1675384   0.09984918
 -0.43755007 -0.1664583  -0.590521   -1.4974172   0.36852136 -0.5343277
  0.54153216  0.31013092 -1.7404264   0.2664284 ]
[ 1.2563100e-01  1.5280426e-03  6.6319054e-01  4.5310348e-01
  2.1657348e+00  5.6574155e-02 -3.7399679e-01 -2.0392141e-01
 -5.8529842e-01 -1.5742750e+00  4.6311694e-01 -5.6410307e-01
  4.5717135e-01  3.4203073e-01 -1.8445890e+00  3.6989823e-01]
[ 0.07102753  0.05053843  0.6579491   0.48957396  2.083579    0.07847875
 -0.40310794 -0.18158677 -0.53343296 -1.625754    0.4854657  -0.5209291
  0.37499005  0.3327095  -1.8455998   0.43996316]
[-0.06385289  0.04258764  0.67296875  0.5641839   2.0490258   0.12433617
 -0.5225486  -0.10143242 -0.44000822 -1.6494414   0.4292159  -0.46241373
  0.3635732   0.2794507  -1.8102852   0.4801808 ]
[ 0.0590877  -0.03318285  0.5792219   0.571989    2.0861506  -0.01357273
 -0.3792192  -0.15194711 -0.5017131  -1.5946054   0.46845308 -0.54927367
  0.42746788  0.33755302 -1.8518593   0.5012312 ]
[ 0.04028893  0.01222017  0.5527992   0.57574904  2.0784538  -0.01904728
 -0.36594927 -0.18656848 -0.5138726  -1.5511912   0.48560652 -0.5520941
  0.37879312  0.4052257  -1.837973    0.45363814]
[-1.5808225e-03  8.0653057e-02  6.2195313e-01  4.9055392e-01
  2.0625336e+00  9.2678443e-02 -4.5993242e-01 -1.5421063e-01
 -4.3521881e-01 -1.5839373e+00  4.0701157e-01 -4.8461944e-01
  4.1207591e-01  3.7512785e-01 -1.7962151e+00  3.2758766e-01]
[-0.00292816  0.21193627  0.5653466   0.4483889   2.0873978   0.11137874
 -0.47258416 -0.15467274 -0.3359173  -1.6741574   0.5150307  -0.46418953
  0.3068942   0.3777445  -1.9269205   0.36261827]
[-0.06480116  0.28723842  0.55896795  0.5216616   1.988678    0.23081465
 -0.4706447  -0.14792514 -0.20562625 -1.6892488   0.514829   -0.36167595
  0.18489592  0.39777222 -2.087001    0.2939487 ]
[-0.09844746  0.31027597  0.53230464  0.57823735  2.0430279   0.24861078
 -0.5136343  -0.17207476 -0.18105112 -1.6861296   0.5891565  -0.32870883
  0.10260789  0.38178173 -2.180797    0.32570925]
[ 0.05653683  0.18651256  0.46674332  0.68717116  2.0177617   0.1692227
 -0.3967711  -0.20371766 -0.2686728  -1.5396495   0.5881251  -0.37681705
  0.09233142  0.4783368  -2.3379521   0.3286846 ]
[ 0.00561699  0.08286097  0.58974206  0.64128476  2.043919    0.24097395
 -0.5207345  -0.15689011 -0.3402441  -1.5562726   0.4469684  -0.37358433
  0.35543305  0.3172862  -2.0796914   0.24974442]
[ 0.05111305 -0.05271611  0.6288287   0.59644353  2.062533    0.18563326
 -0.4408804  -0.10800324 -0.44070387 -1.4596183   0.29987058 -0.41174108
  0.49565333  0.29168916 -1.9653724   0.21376224]
[-0.01654626 -0.09667066  0.7014143   0.45939684  2.0997524   0.13608359
 -0.4648753  -0.05017933 -0.53680885 -1.5019072   0.2481473  -0.44177604
  0.6581558   0.26181933 -1.6830928   0.17483935]
[ 0.00754301 -0.05696818  0.6627965   0.47690266  2.0846467   0.06229905
 -0.38023356 -0.04545557 -0.51026106 -1.5768816   0.28370407 -0.4588564
  0.5924765   0.35904172 -1.7539976   0.20259485]
[-0.1066679   0.09371793  0.75460654  0.42107886  1.9124725   0.21436091
 -0.44642362  0.0301115  -0.34763026 -1.6949323   0.28068712 -0.368739
  0.44978553  0.33101013 -1.7627093   0.18829772]
[-0.02054685  0.12065488  0.7730935   0.4633574   1.8034035   0.2469862
 -0.37990037  0.01948762 -0.24936493 -1.6237999   0.27061385 -0.28986615
  0.27738124  0.2991604  -1.9141699   0.14958125]
[ 0.04146218  0.12339749  0.6862585   0.5124732   1.8112164   0.1681275
 -0.3236429  -0.0238794  -0.17293486 -1.5780039   0.37129426 -0.29932255
  0.20665498  0.3181559  -2.1023767   0.20622334]
[-0.00228065  0.12370287  0.65005124  0.4773395   1.8541565   0.13648438
 -0.37053183 -0.02382273 -0.15905723 -1.5837765   0.39572686 -0.320658
  0.2194027   0.3257915  -2.035797    0.26138607]
[-0.07374255  0.15379576  0.69286186  0.4133916   1.9357164   0.20168412
 -0.4935108  -0.02030437 -0.12833612 -1.6999938   0.37287354 -0.29410645
  0.30644208  0.25006506 -1.9017423   0.23443174]
[-0.07122509  0.25953376  0.56341046  0.57789767  2.021941    0.15490392
 -0.40433112 -0.17407537 -0.21486247 -1.7240686   0.55407554 -0.37684017
  0.21353802  0.3967709  -2.1014895   0.27486342]
[-0.16399932  0.33968082  0.58035487  0.54865444  2.035318    0.26242945
 -0.4795558  -0.16742797 -0.19735375 -1.7947502   0.59475505 -0.351101
  0.17730036  0.341754   -2.0192578   0.24319024]
[-0.19235535  0.32408613  0.5732542   0.5208765   2.0524719   0.25074086
 -0.5542159  -0.13137816 -0.1600757  -1.7644342   0.6169548  -0.34106225
  0.16675715  0.31686056 -2.0118477   0.2837444 ]
[-0.03788775  0.21177843  0.5765406   0.535022    2.0284376   0.19609272
 -0.47764522 -0.10702757 -0.20115118 -1.6360874   0.53259957 -0.36097556
  0.15569827  0.33665168 -2.084988    0.28220278]
[-0.04297598  0.12985429  0.65702647  0.5347743   1.9710426   0.2491012
 -0.3996     -0.06784914 -0.22973804 -1.5477275   0.3454975  -0.3541662
  0.20876905  0.318043   -2.035024    0.21131814]
[ 0.0679508   0.10958602  0.631444    0.4154268   2.0404325   0.12179297
 -0.36444238 -0.10264845 -0.34781417 -1.5648159   0.41145056 -0.44108742
  0.28946748  0.3081278  -1.9045813   0.28132972]
[ 0.10260241  0.09971148  0.67614114  0.38902137  1.8605096   0.20018816
 -0.28471    -0.0262646  -0.23255217 -1.5020882   0.29507616 -0.3198009
  0.24263287  0.27374616 -2.0372198   0.21043769]
[ 0.14142472  0.13023433  0.66210717  0.37500757  1.886047    0.18582556
 -0.27553162 -0.07109465 -0.2626809  -1.5344031   0.3247524  -0.34724563
  0.22627552  0.2814978  -2.0439887   0.27175236]
[ 0.15989348  0.14089017  0.6288776   0.39585394  1.9380386   0.16299178
 -0.2938761  -0.09167845 -0.30396125 -1.5433531   0.38993877 -0.38637686
  0.18947786  0.280757   -2.0682225   0.35259902]
[ 0.17849268  0.06339102  0.5991022   0.41173553  2.0482395   0.12418254
 -0.3678195  -0.10183601 -0.37214845 -1.5321747   0.41297778 -0.40603727
  0.27801576  0.22074148 -2.0038574   0.39958313]
[ 0.2752753   0.07805427  0.48744273  0.48829526  2.0580432   0.00671231
 -0.28342894 -0.18611573 -0.44864064 -1.455005    0.500685   -0.49287334
  0.21567169  0.361705   -2.1269405   0.47613257]
[ 0.20314038  0.01470201  0.5376331   0.482328    2.1115599  -0.0193058
 -0.3527126  -0.13553135 -0.4655436  -1.4883038   0.43607384 -0.53689164
  0.36596328  0.32954174 -2.0054646   0.47887015]
[ 0.19399652  0.00391894  0.42308345  0.44976968  2.2609992  -0.15876296
 -0.34204096 -0.19474053 -0.59006584 -1.5110639   0.56152153 -0.68699545
  0.3881286   0.4483692  -1.9135723   0.63017607]
[ 0.19986358  0.08744566  0.37903228  0.5087015   2.1315074  -0.11159835
 -0.25912628 -0.16609031 -0.51755697 -1.509506    0.5732803  -0.57049084
  0.2149302   0.5156264  -2.0621104   0.5457158 ]
[ 0.14254901 -0.03602032  0.57053417  0.5164893   2.1229882   0.02476849
 -0.35789147 -0.08677908 -0.4474639  -1.4642506   0.38743454 -0.48070797
  0.34331945  0.3598536  -2.0273602   0.3845547 ]
[ 0.18521655 -0.0312526   0.54050094  0.49635196  2.141221   -0.04358037
 -0.32630178 -0.07836472 -0.42056665 -1.4991962   0.47775942 -0.48368254
  0.3600979   0.36680788 -2.0902297   0.35417312]
[ 0.12105255  0.04916556  0.54861933  0.46697363  2.1580002  -0.02601176
 -0.3553669  -0.11127143 -0.4938612  -1.6004575   0.51629263 -0.49070653
  0.39294147  0.3820541  -1.8997577   0.2928447 ]
[ 0.04932169  0.08077325  0.7213179   0.41184846  2.068929    0.11137706
 -0.42099303 -0.06029167 -0.44920033 -1.6802725   0.4061815  -0.45261112
  0.43436703  0.3127938  -1.7828281   0.19769967]
[ 0.06698038  0.1389524   0.6960854   0.33438668  2.0649123   0.07357195
 -0.48041883 -0.02374485 -0.33263224 -1.7594188   0.4749003  -0.48493657
  0.4354148   0.21953008 -1.7738625   0.30218714]
[ 0.04614438  0.09398077  0.64948547  0.4048676   2.069217    0.06128122
 -0.45657262 -0.04015227 -0.3317636  -1.6616104   0.4807577  -0.47961187
  0.37870747  0.30282027 -1.8944416   0.32780138]
[ 0.07934118  0.04157661  0.64925635  0.37882662  1.9906887   0.10889854
 -0.41560727  0.05815809 -0.21484819 -1.5355366   0.3282397  -0.33242092
  0.31276938  0.2723109  -2.0015552   0.2275451 ]
[ 0.17577879  0.02842234  0.6208219   0.43414348  2.0246263   0.02667193
 -0.33508754 -0.0424394  -0.28315622 -1.5096203   0.39320904 -0.41468412
  0.26557437  0.33856145 -2.100531    0.32723564]
[ 0.15544876  0.13112223  0.602074    0.46283826  2.046101    0.05060228
 -0.34208184 -0.13778523 -0.3444437  -1.6016738   0.4926909  -0.45978755
  0.26482612  0.3270937  -2.049767    0.3543183 ]
[-0.01472157  0.14076582  0.6597633   0.43098634  2.103312    0.13995902
 -0.4660688  -0.10449046 -0.37068957 -1.6903728   0.48908812 -0.44351435
  0.3785004   0.2812654  -1.8345327   0.25052294]
[-0.01503233  0.13908473  0.6647495   0.36736336  2.1187975   0.16467568
 -0.5019733  -0.0808274  -0.3263001  -1.679446    0.4707067  -0.4131968
  0.3924522   0.20103073 -1.7994196   0.24732172]
[ 0.04816023  0.03741812  0.66231287  0.42545456  2.1476793   0.14030781
 -0.4775936  -0.12012436 -0.42336792 -1.6072801   0.42824903 -0.48943168
  0.47339958  0.22839682 -1.798324    0.27490795]
[ 0.06166228  0.011624    0.66744596  0.47871882  2.071518    0.13903758
 -0.38907406 -0.14095052 -0.4876875  -1.5704954   0.36525825 -0.51769936
  0.46878466  0.31527144 -1.8291016   0.3071731 ]
[ 0.11326828  0.05770672  0.65883046  0.3788701   2.0019252   0.1347005
 -0.3263833  -0.07441329 -0.3942472  -1.5193679   0.33643216 -0.42691168
  0.33190835  0.2861155  -1.9086224   0.3016667 ]
[ 0.12112262  0.04597359  0.6216418   0.35593638  2.0402324   0.10576518
 -0.37983388 -0.03989973 -0.33506078 -1.514415    0.37365583 -0.38868508
  0.31705683  0.22480845 -1.9339054   0.33713603]
[ 0.19366391  0.00245638  0.5366835   0.42152923  2.100289   -0.01459925
 -0.32111502 -0.09744952 -0.42476374 -1.4929984   0.46622616 -0.47281823
  0.3366856   0.32798892 -2.0134418   0.4037486 ]
[ 0.13811429 -0.02809278  0.5539032   0.49715528  2.099922    0.04581954
 -0.2981022  -0.14665997 -0.5125571  -1.4622457   0.38046074 -0.48753065
  0.41742864  0.35903862 -1.9545196   0.3498901 ]
[ 0.12564917 -0.02761561  0.5926716   0.48271918  2.1015987   0.07034768
 -0.34942192 -0.09771104 -0.48660707 -1.4574678   0.32243186 -0.46711898
  0.40451747  0.30514675 -1.907806    0.3416446 ]
[ 0.12320137 -0.01807882  0.60471374  0.4440431   2.101854    0.06048613
 -0.3778428  -0.03026227 -0.40221137 -1.5207275   0.3248303  -0.43860704
  0.44455552  0.25304285 -1.9261415   0.30846325]
[ 0.12428341  0.00553032  0.4743637   0.55642015  2.0820668  -0.03126768
 -0.27991822 -0.0883702  -0.46560192 -1.5056365   0.44903582 -0.48287073
  0.3277576   0.4284362  -2.017987    0.37669763]
[ 0.0455276  -0.06658398  0.6020812   0.5056744   2.0579772   0.08906685
 -0.3599715  -0.01838295 -0.41490084 -1.470968    0.28104088 -0.39803523
  0.39764547  0.33434272 -1.9249909   0.29084843]
[ 1.4577766e-01 -3.6906052e-02  5.6255281e-01  5.2757001e-01
  2.0250535e+00  5.7507009e-04 -2.7964100e-01 -4.1629326e-02
 -3.8428372e-01 -1.4731411e+00  3.4053010e-01 -4.2969966e-01
  3.4792516e-01  3.7876651e-01 -2.0511048e+00  3.1796736e-01]
[ 0.12693961 -0.04732836  0.63631606  0.43789667  2.0269697   0.05928397
 -0.3137685  -0.01916196 -0.4053711  -1.528088    0.30771655 -0.42837343
  0.4259748   0.30380744 -1.9186016   0.28543794]
[ 0.04066538  0.07224308  0.6441832   0.4130338   1.9838455   0.15025337
 -0.35373914 -0.03112686 -0.34184927 -1.5743303   0.3174119  -0.35465002
  0.35636207  0.2993891  -1.8993862   0.22748418]
[-0.00217321  0.12714759  0.609213    0.36815855  2.0173087   0.13161393
 -0.38612643 -0.01678508 -0.2819525  -1.6394596   0.375026   -0.35746187
  0.3430254   0.26349574 -1.8912214   0.29258156]
[ 0.03718767  0.13622098  0.5564518   0.42772013  2.04076     0.05685795
 -0.3428573  -0.05758721 -0.30747932 -1.6764572   0.4361598  -0.39958045
  0.350246    0.34043774 -1.9777775   0.33273277]
[-0.01574737  0.0968936   0.5304764   0.49829325  2.0710762   0.08438045
 -0.35847706 -0.05482274 -0.35109535 -1.6292909   0.40485367 -0.44129974
  0.338675    0.36278853 -1.9669132   0.3854057 ]
[ 0.02646407  0.06709316  0.58322734  0.45672673  1.9748669   0.18788067
 -0.3588305   0.02569231 -0.21450147 -1.4734097   0.25307053 -0.28772095
  0.26830593  0.23401046 -2.0684993   0.27638888]
[ 0.16440487  0.04280881  0.5218893   0.55883443  1.9727561   0.07053184
 -0.23630676 -0.07196973 -0.31347275 -1.4013652   0.32802826 -0.38653913
  0.26048154  0.38705844 -2.2351441   0.28722626]
[ 0.13576333  0.06924634  0.52576137  0.49301705  1.9817512   0.03814055
 -0.222163   -0.07088003 -0.35732815 -1.4754174   0.38218066 -0.42753196
  0.2699219   0.41344136 -2.1310475   0.32639652]
[ 0.07665849  0.08990711  0.62920165  0.40703154  1.9475062   0.14927325
 -0.29616162 -0.02892962 -0.3350461  -1.521518    0.31786302 -0.38121182
  0.29048365  0.3365376  -1.9771683   0.24566957]
[ 0.15482461  0.0987026   0.5855294   0.41066828  1.9750853   0.04295225
 -0.27442446 -0.03125567 -0.2691728  -1.5324914   0.43327817 -0.39974242
  0.19945346  0.33591345 -2.100274    0.32093364]
[ 0.15307315  0.10667364  0.6006671   0.4556579   1.9520468   0.08474451
 -0.2835073  -0.06833234 -0.2948938  -1.5590289   0.4374896  -0.40573016
  0.22896501  0.33519456 -2.1169007   0.32320613]
[ 0.10949221  0.11206881  0.54192376  0.50334066  1.972501    0.06157521
 -0.30470273 -0.08972491 -0.32952425 -1.574784    0.46241236 -0.42147893
  0.22143927  0.36031097 -2.0558028   0.38373044]
[ 0.04015458  0.08293817  0.62023133  0.43995255  1.9908354   0.07754768
 -0.42667037 -0.02371997 -0.296596   -1.6567194   0.38096628 -0.39396185
  0.33429596  0.24013801 -1.8911959   0.43765435]
[ 0.08114062  0.1165705   0.5169884   0.49052936  2.0532832  -0.00812092
 -0.36104968 -0.10075612 -0.36371958 -1.6416839   0.5087165  -0.47391447
  0.26775455  0.35326955 -1.9882149   0.5067927 ]
[-0.01342912  0.11230234  0.5103165   0.53916514  2.0853136   0.03938442
 -0.3901809  -0.11692109 -0.39954296 -1.6229222   0.48989573 -0.48416638
  0.279972    0.37507725 -1.9419854   0.49594116]
[ 0.00593613  0.12052701  0.5199437   0.5375242   2.0499933   0.10553318
 -0.38668442 -0.11767645 -0.33057854 -1.5484469   0.44299632 -0.39033478
  0.22525465  0.34833515 -2.0178967   0.39009053]
[ 0.07589354  0.1878554   0.4558155   0.54176617  2.050241    0.05514829
 -0.33315587 -0.17508677 -0.34043023 -1.5714741   0.5376852  -0.43344396
  0.19740088  0.40619308 -2.114445    0.41512284]
[-0.02415732  0.16841793  0.50914586  0.5501658   2.1059794   0.10529771
 -0.38392338 -0.17302325 -0.39310542 -1.6770588   0.478122   -0.4802578
  0.33681077  0.36695296 -1.9633964   0.43153533]
[-0.05524652  0.18439631  0.46797007  0.56140745  2.047351    0.18545434
 -0.36000532 -0.12741166 -0.3288316  -1.6315708   0.4047164  -0.39373022
  0.26327476  0.36210835 -2.012746    0.39019668]
[ 0.04509737  0.09927841  0.4455015   0.5876415   2.0583453   0.1233603
 -0.35693175 -0.12161529 -0.31355447 -1.5393572   0.4463691  -0.4129095
  0.2157958   0.39062735 -2.1540034   0.4414173 ]
[ 0.18068862  0.04890972  0.44446963  0.64401656  1.9354515   0.08263443
 -0.22483385 -0.13347693 -0.33969226 -1.4103739   0.38337314 -0.4073247
  0.15452845  0.49943596 -2.3417437   0.4367858 ]
[ 0.11948866  0.015095    0.43488544  0.6570794   1.9695263   0.05063686
 -0.21923539 -0.12550256 -0.40120912 -1.413523    0.3440407  -0.4283165
  0.2533207   0.47676867 -2.2201662   0.44188228]
[ 7.0122601e-03  2.7285219e-04  5.2906764e-01  5.1116657e-01
  2.0879898e+00  5.7470012e-02 -3.8373941e-01 -5.8001362e-02
 -4.2857280e-01 -1.4918399e+00  3.3023658e-01 -4.3416184e-01
  4.1184467e-01  3.3895752e-01 -1.9102821e+00  3.8791817e-01]
[ 0.08197744  0.03453722  0.4624826   0.48219046  2.1041946  -0.02903887
 -0.31442574 -0.05727726 -0.39482    -1.5257076   0.43218294 -0.4538365
  0.38815403  0.39322925 -2.0373485   0.38727587]
[ 0.06193069  0.04941307  0.4433877   0.5312617   2.0583115  -0.00611729
 -0.2632279  -0.06995812 -0.4085916  -1.518972    0.39498183 -0.44146156
  0.3333657   0.47469473 -2.0358167   0.3512115 ]
[-0.02321936  0.04509036  0.59217846  0.48439026  2.0108473   0.14616741
 -0.3328821  -0.00335364 -0.3002754  -1.506582    0.2885473  -0.3579952
  0.29754487  0.36684614 -2.0131392   0.2562578 ]
[ 0.13629088  0.1042003   0.5202694   0.5323718   1.9072378   0.07483269
 -0.19257508 -0.04998698 -0.24874692 -1.4715456   0.35478845 -0.3505239
  0.15626094  0.40366468 -2.248858    0.3229799 ]
[ 0.10438664  0.07537653  0.53076214  0.51784956  1.888963    0.09740706
 -0.20909233 -0.03731444 -0.27298146 -1.4966244   0.34950542 -0.3571342
  0.20853765  0.39760226 -2.1703248   0.3235515 ]
[ 0.04404994  0.05135238  0.65539753  0.38294512  1.9242351   0.21079361
 -0.3626247   0.03229083 -0.24639495 -1.5107919   0.2279408  -0.2913002
  0.30334568  0.22087038 -1.9345267   0.24264947]
[ 1.3192363e-01 -1.1184395e-03  6.0822892e-01  4.4827634e-01
  2.0045831e+00  9.1803655e-02 -3.0227631e-01 -3.8157579e-02
 -3.4519202e-01 -1.4610162e+00  3.0155593e-01 -3.8498884e-01
  3.2037073e-01  3.0663118e-01 -2.0146537e+00  2.8398153e-01]
[ 0.13023293  0.0638919   0.60315144  0.4501401   1.9708525   0.11666294
 -0.28568894 -0.05213793 -0.3424537  -1.5057402   0.2837893  -0.3806711
  0.34101358  0.31233382 -2.0183556   0.2640329 ]
[ 0.10043325  0.08276937  0.62678194  0.41109413  1.9636415   0.18438856
 -0.31028113 -0.02646114 -0.3185868  -1.4869667   0.25973037 -0.3649837
  0.28375697  0.28870606 -1.9911385   0.24831101]
[ 0.1591973   0.06649888  0.593296    0.38909468  2.0184815   0.0944942
 -0.3212118  -0.01544156 -0.26676184 -1.4723774   0.34840578 -0.36207533
  0.24354692  0.25115183 -2.0926147   0.3168568 ]
[ 0.2497377   0.04837223  0.49452433  0.47813982  2.0614142  -0.01121172
 -0.23621161 -0.09781629 -0.35501662 -1.4256418   0.46719727 -0.44449043
  0.20730324  0.38120738 -2.2366395   0.36921248]
[ 0.20193052  0.01676797  0.5364513   0.4533205   2.1156905   0.01403121
 -0.286996   -0.12220915 -0.44522834 -1.4461443   0.44615    -0.46961898
  0.31656072  0.3220842  -2.0430398   0.34092957]
[ 0.24238186 -0.01416122  0.5555867   0.42054042  2.140683    0.00443252
 -0.29211387 -0.16206655 -0.52257216 -1.4288013   0.4568972  -0.5188955
  0.3655065   0.33581015 -1.963031    0.33040407]
[ 0.19066368 -0.01857246  0.676099    0.35112524  2.1127567   0.06964038
 -0.36197826 -0.09567837 -0.47507668 -1.4939524   0.36271667 -0.4951296
  0.4951996   0.22910297 -1.88694     0.2893041 ]
[ 0.16026144  0.01174363  0.58055055  0.37983477  2.187455   -0.02734295
 -0.32588568 -0.1630962  -0.59092134 -1.5228404   0.4837838  -0.5853226
  0.4600822   0.34063783 -1.8300644   0.39514822]
[ 0.08768769 -0.01918488  0.6377523   0.40450224  2.1106791   0.09942459
 -0.36676636 -0.1074533  -0.5188254  -1.4869616   0.35607475 -0.48282513
  0.46231946  0.28771752 -1.8169527   0.30403328]
[ 0.14840913 -0.03834029  0.58954203  0.39303598  2.1336112  -0.00483643
 -0.34640694 -0.10189278 -0.513306   -1.5350853   0.4275124  -0.5333554
  0.48891625  0.2769837  -1.8340254   0.40251344]
[ 0.11283636 -0.04102731  0.56103235  0.46037737  2.1209736   0.00746048
 -0.29003662 -0.15952991 -0.6085645  -1.5330178   0.41969353 -0.5542006
  0.51087445  0.36725512 -1.7917439   0.3712269 ]
[ 0.00460434 -0.03911539  0.65871     0.3866369   2.1158116   0.1126143
 -0.44051585 -0.05693841 -0.514005   -1.5409962   0.30930766 -0.47536212
  0.52225804  0.26406726 -1.6761234   0.322657  ]
[ 0.04015068 -0.07693688  0.63956857  0.38837618  2.1024604   0.09853162
 -0.4242035   0.0051084  -0.4404199  -1.5154066   0.25069585 -0.4354604
  0.5607428   0.22792745 -1.7262619   0.2566119 ]
[ 0.10566805  0.0051128   0.5693234   0.4354238   2.0616145   0.02187065
 -0.30071506 -0.05257591 -0.4383234  -1.5250182   0.343193   -0.44857478
  0.43648377  0.3421505  -1.8929342   0.28931686]
[ 9.7609760e-04  6.1833702e-02  6.5416878e-01  3.9364487e-01
  1.9719681e+00  1.5659532e-01 -3.4507480e-01  1.7523196e-02
 -3.3702776e-01 -1.5776364e+00  2.6350754e-01 -3.6344367e-01
  3.8432097e-01  3.3169514e-01 -1.8871348e+00  2.2462401e-01]
[ 0.05404507  0.08822319  0.6067915   0.3934511   1.9827017   0.12832512
 -0.3504409   0.0478287  -0.23470259 -1.5935895   0.31152487 -0.31595844
  0.27899647  0.27550793 -1.9846913   0.26285744]
[ 0.14147767  0.08360701  0.5342416   0.4678668   1.984195    0.06500756
 -0.27517727 -0.01192253 -0.26508337 -1.5381676   0.41541514 -0.3468966
  0.20729098  0.33871675 -2.1391969   0.28752536]
[ 0.11459626  0.02639866  0.5756315   0.50837266  1.9732517   0.11557268
 -0.2881989  -0.03249484 -0.31957117 -1.4811649   0.3405476  -0.3477935
  0.2732468   0.3212767  -2.0867436   0.2549596 ]
[ 0.12824981  0.01022646  0.6580741   0.42236537  1.9856688   0.13754693
 -0.35989207  0.00260689 -0.3087727  -1.4707956   0.2605974  -0.33061606
  0.32414857  0.25079733 -1.9870062   0.22513771]
[ 0.15197924  0.00812248  0.67261386  0.40685144  1.9879215   0.11241629
 -0.34293687 -0.0030139  -0.33034882 -1.5099218   0.25823504 -0.3713447
  0.38789898  0.27485636 -1.9796722   0.2248522 ]
[ 0.1523045   0.03368822  0.5851985   0.45601043  2.0396037   0.0621096
 -0.3267508  -0.03950462 -0.36237654 -1.5380396   0.37793905 -0.40992445
  0.32260817  0.34688908 -2.0401692   0.2901302 ]
[ 0.05373855  0.06196084  0.63020164  0.43041563  2.0243385   0.13821779
 -0.4196354  -0.00572793 -0.29980573 -1.5951761   0.35177514 -0.33833706
  0.33360332  0.2705492  -1.9649551   0.27863336]
[ 0.09989899  0.07149221  0.5855261   0.5343068   2.0179605   0.03162085
 -0.3657344  -0.0944886  -0.3578146  -1.6084843   0.45870343 -0.40717095
  0.26089036  0.37845546 -2.0816896   0.42906642]
[ 0.05150815  0.07473027  0.56238     0.57319105  2.0504677   0.0287977
 -0.39094248 -0.12527013 -0.40429956 -1.6358557   0.48720676 -0.4459993
  0.3256704   0.36092767 -2.0125523   0.4540244 ]
[-2.4941182e-02 -2.0727753e-03  5.5894917e-01  5.2437222e-01
  2.1386328e+00  2.9298801e-02 -5.0992453e-01 -6.5679267e-02
 -4.2502069e-01 -1.6231169e+00  4.5920730e-01 -4.7531715e-01
  3.9021403e-01  2.9874390e-01 -1.8124027e+00  4.9601826e-01]
[-0.00579021 -0.10231695  0.5630751   0.5607914   2.0868564   0.07227423
 -0.46369067 -0.01702544 -0.36774746 -1.4718821   0.2659892  -0.38591006
  0.42308316  0.30682212 -1.8888981   0.3782683 ]
[ 0.11775961 -0.02897372  0.48343787  0.6999794   2.0494478  -0.0067597
 -0.2689579  -0.14881422 -0.41717967 -1.4295418   0.33460253 -0.46778804
  0.3383636   0.518884   -2.163793    0.3417636 ]
[-2.5344192e-04  1.1624656e-01  4.9127904e-01  6.0877419e-01
  2.1057293e+00  4.2401563e-02 -3.9252391e-01 -1.3747454e-01
 -3.8674235e-01 -1.6062615e+00  4.3444958e-01 -4.3927011e-01
  3.4512377e-01  4.6642366e-01 -2.0514252e+00  3.5828185e-01]
[-0.13857338  0.17654565  0.50803673  0.61616445  2.0160375   0.21054366
 -0.4769168   0.0073369  -0.16601221 -1.6662811   0.3678888  -0.26343477
  0.27658477  0.38160366 -2.1011956   0.2014031 ]
[-0.06288619  0.15274045  0.499789    0.7189351   1.9526713   0.15862122
 -0.41581053 -0.01806878 -0.143586   -1.5497236   0.41113058 -0.2615487
  0.1109632   0.4311002  -2.3250763   0.28914607]
[ 2.1049560e-03  1.0868420e-01  5.0437444e-01  7.7397728e-01
  1.9463307e+00  8.3094873e-02 -3.2117146e-01 -9.0554520e-02
 -2.2515437e-01 -1.5265604e+00  4.6250844e-01 -3.5036451e-01
  1.2986512e-01  5.1273859e-01 -2.3494115e+00  2.8632861e-01]
[-0.05703997  0.08281745  0.58908427  0.66595364  1.9446993   0.11719821
 -0.36735195 -0.07079826 -0.25060102 -1.5935991   0.47286797 -0.35423687
  0.26466298  0.4699772  -2.1836812   0.21369329]
[-0.20336096  0.17631692  0.7344147   0.42460996  1.9087629   0.26887172
 -0.52420086 -0.00218014 -0.20144574 -1.7658682   0.40169105 -0.30992445
  0.40486473  0.27224952 -1.7728493   0.13419718]
[-0.16829118  0.19539356  0.68548775  0.48869738  1.9292955   0.18997139
 -0.48454142 -0.01848555 -0.21745649 -1.7931626   0.4130419  -0.33345017
  0.38827395  0.29504174 -1.8351774   0.21489687]
[-0.15556817  0.2842137   0.6706284   0.5579382   1.8199555   0.18125191
 -0.40681678 -0.05878275 -0.17177776 -1.7967201   0.45760757 -0.3115887
  0.23119578  0.35468313 -1.9903265   0.2848975 ]
[-0.24073534  0.37581864  0.6362222   0.497614    1.8181565   0.28117472
 -0.44413272 -0.07756204 -0.10264695 -1.7923594   0.5402821  -0.2931248
  0.10924613  0.33902767 -1.9473149   0.25099927]
[-0.17496076  0.40625468  0.599676    0.53452075  1.7862908   0.2986268
 -0.40407166 -0.11355442 -0.03633229 -1.6868118   0.5673513  -0.25430635
 -0.03833654  0.36777592 -2.1258876   0.2221564 ]
[-0.06210222  0.3667087   0.60205877  0.49229735  1.8672361   0.2564016
 -0.42980647 -0.17647776 -0.0904579  -1.6907079   0.62104404 -0.3358413
  0.01417923  0.3548123  -2.1010528   0.2606603 ]
[-0.03565561  0.39396745  0.5620242   0.55877113  1.8553505   0.24269071
 -0.3896079  -0.22299843 -0.11705395 -1.6257607   0.61794925 -0.33369657
 -0.05671704  0.44727412 -2.2322266   0.28552526]
[-0.14317545  0.49546465  0.629289    0.3975854   1.9439207   0.3678537
 -0.5620798  -0.20644124 -0.08068012 -1.8075778   0.6714834  -0.3231457
  0.00849806  0.2880023  -1.9890444   0.26161075]
[-0.07882877  0.42489952  0.5901514   0.39839053  2.0433116   0.31330395
 -0.5771457  -0.18792678 -0.10785254 -1.7955215   0.68399173 -0.33620661
  0.06829653  0.20953651 -1.9983647   0.30164847]
[ 0.03990817  0.2513853   0.54543877  0.5257597   2.1746106   0.21267585
 -0.56578416 -0.23504642 -0.30324683 -1.6448524   0.6867212  -0.44174203
  0.10332172  0.2992819  -2.067361    0.3702387 ]
[ 0.14094976  0.12739101  0.5941316   0.5327841   2.1666665   0.14101657
 -0.51683927 -0.20058937 -0.37852517 -1.5500357   0.5647338  -0.4848619
  0.18898739  0.294029   -2.0551388   0.38688964]
[ 0.13672873  0.06471017  0.65808606  0.4990716   2.1520896   0.12897713
 -0.4949042  -0.18014565 -0.4649229  -1.5322939   0.47397786 -0.5051322
  0.33201542  0.26995924 -1.9361327   0.34901792]
[ 0.21731    -0.01472852  0.60109013  0.34943733  2.2932653  -0.05713139
 -0.46555042 -0.2127183  -0.64306307 -1.5615969   0.5925879  -0.6638885
  0.4853405   0.2743292  -1.7024437   0.46324605]
[ 0.18434754 -0.04160305  0.6764394   0.35453263  2.2325587   0.02783933
 -0.50028014 -0.15527533 -0.57786244 -1.5672324   0.4911653  -0.58665645
  0.51975757  0.21628645 -1.728858    0.40750504]
[ 0.22228071 -0.06341906  0.6190196   0.42623505  2.2033982  -0.03592023
 -0.40090093 -0.15893644 -0.58848655 -1.5313213   0.47078428 -0.5791173
  0.44794637  0.30833632 -1.8555815   0.46997982]
[ 0.17631707 -0.01963674  0.57627     0.45127696  2.224186   -0.05381793
 -0.43065286 -0.18183462 -0.5694588  -1.57059     0.5354058  -0.6072737
  0.42132655  0.27572948 -1.8396723   0.5703204 ]
[ 0.10173084  0.03632189  0.51812065  0.46447068  2.2698624  -0.08926193
 -0.4532199  -0.23601946 -0.6092626  -1.6030813   0.6386143  -0.6506715
  0.4485526   0.33629102 -1.7990757   0.5857762 ]
[ 0.06469242 -0.00583194  0.5053755   0.52100277  2.2299733  -0.09081828
 -0.40619916 -0.24421923 -0.6428925  -1.5810038   0.6072089  -0.6302695
  0.49239057  0.4337295  -1.8094826   0.5128757 ]
[ 0.01531431 -0.02399337  0.5692955   0.48616844  2.2455974  -0.07760716
 -0.47913632 -0.19658086 -0.6198888  -1.6443832   0.52664435 -0.6434199
  0.54075116  0.41519442 -1.679307    0.5247386 ]
[-0.00623687  0.06441281  0.6367021   0.5658351   2.133135    0.05161657
 -0.4367284  -0.24100347 -0.55809754 -1.7052387   0.50075525 -0.6249728
  0.47351918  0.39515048 -1.7488304   0.45727968]
[-0.03306396  0.14063148  0.69470197  0.5203701   2.0420487   0.17637017
 -0.4037536  -0.20139201 -0.41792154 -1.6634967   0.44948703 -0.49777666
  0.34088057  0.38977173 -1.8814033   0.29603475]
[-0.11267851  0.14324003  0.6429771   0.4635647   2.0802746   0.22194675
 -0.53190273 -0.11752947 -0.27006745 -1.6980219   0.491844   -0.41682807
  0.35550827  0.26418987 -1.855107    0.28896695]
[ 0.04168841  0.10123153  0.6020734   0.5509971   2.0212288   0.11638796
 -0.45710832 -0.1253517  -0.2901629  -1.639024    0.47211093 -0.4167965
  0.2905759   0.34157103 -2.0373745   0.37961867]
[ 0.00215911  0.16275643  0.6038798   0.59562093  1.953839    0.10305995
 -0.44062752 -0.12570968 -0.2737689  -1.6884962   0.4642372  -0.43926463
  0.25177824  0.35855097 -2.054527    0.48255476]
[-0.04012177  0.21700868  0.5928115   0.63336754  1.9550002   0.1405478
 -0.40480036 -0.17204694 -0.29891157 -1.6709735   0.48682585 -0.4525339
  0.15022193  0.39426702 -2.041179    0.467557  ]
[-0.03665296  0.21809146  0.5469874   0.57153034  2.0466201   0.13553618
 -0.44693127 -0.16174328 -0.24433002 -1.6554925   0.5710367  -0.43830568
  0.12805781  0.31647402 -2.0237782   0.4279481 ]
[ 0.15649907  0.149133    0.46302724  0.64692724  1.9942538   0.06380059
 -0.31421024 -0.21497102 -0.27835888 -1.4765915   0.58556616 -0.45501798
  0.06716033  0.4668088  -2.285981    0.3824951 ]
[ 0.1342602   0.20003219  0.5279573   0.56344455  2.0346966   0.1055694
 -0.38796368 -0.23380499 -0.33199063 -1.5772036   0.58777493 -0.4704004
  0.2027013   0.41672984 -2.1700482   0.34894392]
[ 0.22406444  0.30045238  0.52802813  0.6110808   1.9256239   0.11468378
 -0.20602024 -0.35336152 -0.47701755 -1.6011093   0.64687544 -0.4960348
  0.08743469  0.5986897  -2.2051282   0.25050646]
[ 0.03390569  0.32862693  0.5680567   0.50950474  2.0619206   0.2308298
 -0.4665982  -0.21225171 -0.28980336 -1.7345712   0.61949843 -0.4071365
  0.1319026   0.3166338  -2.0533705   0.31480342]
[ 0.09946847  0.25550717  0.5085348   0.5477685   2.0978036   0.14850923
 -0.48596257 -0.19502196 -0.26970077 -1.6538604   0.6738219  -0.43169603
  0.12424213  0.29544452 -2.1503036   0.38672692]
[ 0.11141132  0.08697137  0.5699848   0.5624942   2.0794156   0.1432724
 -0.5064853  -0.13458619 -0.31813255 -1.5373073   0.5294626  -0.4320754
  0.3004021   0.30867153 -2.1153572   0.29885334]
[ 0.13442689 -0.05599312  0.61294913  0.54370266  2.1149096   0.06920097
 -0.44315162 -0.09842829 -0.41756535 -1.5013252   0.4187335  -0.48709422
  0.45946464  0.3625528  -2.0289452   0.26272917]
[ 0.14109336 -0.10493388  0.6241797   0.45838356  2.2445946  -0.0351025
 -0.41450548 -0.11417103 -0.5499574  -1.5106134   0.44024438 -0.573323
  0.5085645   0.380809   -1.8533777   0.3075766 ]
[ 0.09977864  0.02511425  0.65817404  0.43119305  2.1755345   0.05091298
 -0.4430179  -0.09863802 -0.44339266 -1.6199424   0.45790273 -0.4844703
  0.45134458  0.27568164 -1.8523515   0.2651329 ]
[-0.05755235  0.135884    0.68056643  0.37647104  2.1499667   0.14114723
 -0.5400533  -0.04825542 -0.35993978 -1.6885116   0.4960095  -0.41168275
  0.42638367  0.2401046  -1.7570795   0.16373345]
[-0.03887628  0.09836408  0.7016027   0.33921474  2.1255672   0.1388398
 -0.531662   -0.0202862  -0.3407085  -1.6583891   0.45230597 -0.39781708
  0.4992187   0.21094528 -1.7384075   0.10508861]
[ 0.01513038  0.03151616  0.77069956  0.33632177  2.1499274   0.1515342
 -0.49192014 -0.08440889 -0.43706876 -1.6612289   0.41423988 -0.4834838
  0.5738823   0.22878523 -1.6425984   0.07308049]
[ 0.08857733  0.02113004  0.8274539   0.3356076   2.029512    0.23199236
 -0.40985674 -0.12584561 -0.47824115 -1.5890801   0.3471461  -0.47738528
  0.50377536  0.30463678 -1.6835194   0.01634752]
[ 0.10399397  0.09496313  0.929537    0.11255181  1.8307966   0.38912582
 -0.4185043   0.01534373 -0.28490204 -1.6045208   0.20338559 -0.3344664
  0.4651634   0.14986923 -1.6727555  -0.03840026]
[ 0.19518597  0.1089793   0.8303441   0.2201641   1.8570464   0.28739795
 -0.37372017 -0.00889162 -0.26205212 -1.5761955   0.26854572 -0.3359677
  0.37368092  0.11950902 -1.8625739   0.10258343]
[ 0.18499538  0.03760365  0.7956467   0.26901767  1.9954815   0.22371736
 -0.43629137 -0.04475504 -0.32581568 -1.5512164   0.29646856 -0.3865815
  0.43091297  0.09411539 -1.807835    0.17074345]
[ 0.24197331 -0.05205664  0.72546786  0.35661778  2.1353848   0.06667158
 -0.40694922 -0.12473079 -0.46400222 -1.5132345   0.4081657  -0.5218638
  0.48137826  0.18526123 -1.8450807   0.27443892]
[ 0.19877332 -0.08185158  0.6713717   0.34978557  2.1975255   0.01790761
 -0.4389463  -0.12988363 -0.54290605 -1.5367826   0.455002   -0.5631114
  0.56352305  0.20714715 -1.7588031   0.34103817]
[ 0.0790263  -0.05052123  0.65219945  0.3761875   2.256641    0.01864608
 -0.4915684  -0.16053207 -0.64551437 -1.5567858   0.4748845  -0.591688
  0.5819533   0.26550934 -1.6447055   0.3898228 ]
[ 0.0929338  -0.07750569  0.65277874  0.44792977  2.2011762   0.02028117
 -0.4472138  -0.13083915 -0.6119463  -1.5460914   0.4401917  -0.56034386
  0.54538727  0.3022041  -1.7499357   0.37258753]
[ 7.2235189e-02  2.2510886e-04  5.6751120e-01  5.1642227e-01
  2.1897883e+00 -8.1331566e-02 -3.9093816e-01 -1.6796488e-01
 -5.9644425e-01 -1.6524853e+00  5.6591356e-01 -6.1675751e-01
  4.6597171e-01  3.6506608e-01 -1.7839386e+00  5.0305504e-01]
[-0.01001482  0.06184952  0.58958614  0.46595556  2.179136   -0.03461001
 -0.4608713  -0.14597313 -0.53911275 -1.6787916   0.57200533 -0.5719501
  0.42370248  0.32823965 -1.7069616   0.48504367]
[-3.6148719e-02 -6.5018533e-04  6.5252441e-01  4.7138461e-01
  2.0771842e+00  8.8849925e-02 -4.8623306e-01 -7.2456144e-02
 -4.2367810e-01 -1.5870975e+00  4.1807199e-01 -4.5057964e-01
  4.2801523e-01  2.8454712e-01 -1.7414598e+00  3.2937378e-01]
[ 3.1986236e-04  8.8813426e-03  6.0110337e-01  4.8603806e-01
  2.1195521e+00  4.6144806e-02 -4.5520085e-01 -1.0774650e-01
 -4.1993865e-01 -1.6003309e+00  4.2763138e-01 -4.9888477e-01
  4.3584600e-01  3.5015985e-01 -1.7815195e+00  3.4151149e-01]
[ 0.08276006  0.10531501  0.62718946  0.5176185   1.995459    0.12744789
 -0.33735126 -0.15567167 -0.36791125 -1.5720145   0.39520448 -0.4434709
  0.33087194  0.3920933  -1.9674428   0.21942075]
[-0.06168032  0.2708991   0.7009756   0.44437522  1.9524845   0.29001454
 -0.44643718 -0.11588168 -0.23252392 -1.7331692   0.450563   -0.35371086
  0.31868038  0.31019425 -1.9401354   0.09087724]
[-0.0918415   0.34973246  0.6307306   0.41848594  1.9969631   0.30305824
 -0.5105069  -0.07686329 -0.12405926 -1.7963012   0.54127026 -0.29540503
  0.2342931   0.2842227  -2.0156505   0.09730583]
[-0.00380136  0.27864695  0.6615382   0.4595604   1.9971733   0.28228778
 -0.52141225 -0.09258324 -0.1878862  -1.6863244   0.5345118  -0.3325283
  0.15733315  0.27491134 -2.070047    0.19477415]
[ 0.13796197  0.17143352  0.6634051   0.4669465   2.0132394   0.16756076
 -0.48065615 -0.09680166 -0.24819681 -1.6269373   0.52046406 -0.4049738
  0.2560094   0.24809392 -2.0882351   0.24672472]
[ 0.16031459  0.0788971   0.6593626   0.4928781   2.0313091   0.08924177
 -0.38221556 -0.1163736  -0.337359   -1.5499663   0.49305525 -0.4647821
  0.31051275  0.33576146 -2.0921454   0.23647985]
[ 0.04200245  0.03978863  0.7922276   0.25669342  2.1294284   0.13282278
 -0.5459922  -0.03516456 -0.3835755  -1.6831354   0.4597393  -0.47587934
  0.52852273  0.21413758 -1.6864536   0.15982568]
[ 0.1146061   0.01159247  0.7125248   0.32443753  2.1528754   0.03542399
 -0.47265953 -0.04905038 -0.40675467 -1.7061641   0.48616678 -0.5156883
  0.56756556  0.2614961  -1.7834885   0.21326132]
[ 0.0397029   0.10877232  0.7330354   0.32979625  2.1366956   0.10540058
 -0.5325785  -0.08883902 -0.38373223 -1.7778918   0.5466932  -0.5063378
  0.51557356  0.21782725 -1.7551997   0.25895634]
[-0.11132739  0.17589664  0.7112255   0.45666552  2.090835    0.12979065
 -0.53270006 -0.08833508 -0.3671901  -1.7569088   0.53510326 -0.4336002
  0.41763297  0.3207223  -1.8075997   0.2072254 ]
[-0.14897397  0.15739581  0.6475431   0.46966147  2.0816987   0.08131629
 -0.5820713  -0.00398587 -0.26626575 -1.7941649   0.5344255  -0.3873053
  0.43880486  0.22462225 -1.7687771   0.2658242 ]
[-0.14530107  0.05193437  0.6706588   0.54707223  2.088899    0.02998129
 -0.5444659  -0.04888954 -0.37551567 -1.761338    0.49741453 -0.48301062
  0.45172793  0.31239247 -1.689513    0.35062063]
[-0.09431281  0.02689723  0.6965294   0.5892628   1.9449427   0.09044103
 -0.39114258 -0.11879605 -0.401865   -1.646669    0.41795093 -0.49854237
  0.37722632  0.4245146  -1.7515755   0.28584632]
[-0.11518023  0.1519343   0.78800166  0.38648754  1.7161545   0.3213179
 -0.4098711  -0.00437043 -0.16323133 -1.6451082   0.285829   -0.31765184
  0.29450086  0.2906814  -1.7303002   0.09744364]
[-0.05672517  0.27185756  0.7505764   0.34268522  1.6845719   0.35034108
 -0.35668868 -0.04723509 -0.08877888 -1.7182865   0.37050632 -0.3017799
  0.21285462  0.29144874 -1.8277342   0.06832975]
[-0.03739887  0.40835795  0.7094595   0.28542992  1.7585802   0.34510943
 -0.38737088 -0.08356266  0.0262654  -1.7757457   0.5084163  -0.2800477
  0.08592827  0.2299743  -1.9760559   0.12960973]
[-0.01837264  0.45487517  0.62720424  0.32680407  1.878918    0.27948096
 -0.43321958 -0.15237205 -0.0079269  -1.8076532   0.6566545  -0.33814278
  0.04060991  0.25975183 -2.0823886   0.26561302]
[ 0.01625729  0.45405802  0.5515259   0.44027168  1.9505551   0.25130916
 -0.43722057 -0.23677519 -0.14834376 -1.7679764   0.7170324  -0.3947329
  0.01550536  0.32485017 -2.182875    0.39961666]
[ 0.09893139  0.33495155  0.49458846  0.50680894  2.053061    0.19164586
 -0.40461332 -0.3010397  -0.31875065 -1.676514    0.72973764 -0.49866256
  0.06811332  0.36624628 -2.1672444   0.47744337]
[ 0.17620008  0.17810854  0.5589155   0.49164733  2.1025136   0.1401833
 -0.4130625  -0.28828686 -0.4230004  -1.5828106   0.6436818  -0.55529106
  0.22798574  0.30305517 -2.0706174   0.46391383]
[ 0.24703956  0.07740261  0.54221183  0.504163    2.0911      0.04168462
 -0.30489904 -0.318284   -0.60846674 -1.5198355   0.5917096  -0.6307603
  0.38118738  0.41337228 -2.0101683   0.455774  ]
[ 0.2144939   0.09334724  0.57835627  0.4030316   2.0562584  -0.06305055
 -0.19499719 -0.37128574 -0.85829437 -1.5325631   0.64753985 -0.7466968
  0.46738544  0.6091772  -1.7711474   0.42287165]
[ 0.08189011 -0.0420094   0.5762378   0.40623355  2.2108927  -0.03975036
 -0.39579743 -0.2110233  -0.7236245  -1.5563529   0.45859224 -0.6765121
  0.5858022   0.4045306  -1.6361431   0.51713836]
[ 0.11724561  0.03284912  0.6087372   0.50031877  2.056347    0.01452542
 -0.30017713 -0.20753507 -0.6496296  -1.5939322   0.43260163 -0.61868584
  0.41265517  0.44764885 -1.812183    0.518353  ]
[ 0.02356558  0.11187551  0.648651    0.5281994   1.9487549   0.14960799
 -0.34263563 -0.14579365 -0.47001034 -1.5712194   0.3867847  -0.4842949
  0.30011564  0.40103492 -1.9149411   0.38469103]
[ 0.06040997  0.05521128  0.5627672   0.4782718   2.0257256   0.07537056
 -0.41505474 -0.05670118 -0.33103207 -1.5239775   0.42191243 -0.41887552
  0.29868513  0.27071053 -1.9608195   0.41113147]
[ 0.1911639   0.06143353  0.51468384  0.53422344  2.0316968  -0.04020991
 -0.3055612  -0.15040085 -0.4093253  -1.4952991   0.48810536 -0.5048046
  0.2552307   0.42072955 -2.0670257   0.42962614]
[ 0.18660483  0.15852842  0.5493623   0.44874725  2.0657048  -0.0091058
 -0.34904975 -0.20020914 -0.44578376 -1.5939373   0.5440891  -0.5375331
  0.2821867   0.4159484  -1.9324318   0.37201265]
[ 0.01921453  0.21127042  0.7026197   0.3878328   2.071373    0.17343423
 -0.474878   -0.15983243 -0.3565927  -1.7068369   0.49822298 -0.48509273
  0.34195012  0.32497722 -1.8480787   0.25140086]
[-0.0349245   0.25002182  0.6160035   0.39060122  2.1037533   0.19895951
 -0.5343561  -0.09623776 -0.27010912 -1.762241    0.5395965  -0.4054729
  0.2875705   0.29575107 -1.8922968   0.26490927]
[ 0.08825628  0.18587258  0.6164041   0.44902748  2.0702653   0.1856114
 -0.51221025 -0.10593532 -0.27542558 -1.629504    0.51677936 -0.3923238
  0.1545559   0.28436843 -2.061371    0.3775769 ]
[ 0.21529599  0.09863491  0.60383284  0.5049151   2.087882    0.09633535
 -0.46947116 -0.15613082 -0.36359134 -1.5567086   0.5250288  -0.46314913
  0.24427898  0.2640551  -2.0820012   0.40187973]
[ 0.1905277   0.0594282   0.53066987  0.5726457   2.0640488  -0.0090142
 -0.34513232 -0.18138912 -0.47058734 -1.5152928   0.53543556 -0.5263689
  0.29584137  0.4219884  -2.0843587   0.41353315]
[ 5.0878752e-02 -1.1969402e-02  6.5348446e-01  3.0295247e-01
  2.2325177e+00 -2.0870417e-03 -5.3115761e-01 -1.1883900e-01
 -5.4852366e-01 -1.6197348e+00  4.7982913e-01 -5.8713150e-01
  5.3765488e-01  2.2968265e-01 -1.5842288e+00  4.7448158e-01]
[ 0.12297975 -0.05486228  0.62307614  0.33579233  2.2499075  -0.06711026
 -0.48569927 -0.16948734 -0.58873874 -1.5954001   0.49558848 -0.6608548
  0.5416779   0.30648908 -1.6475363   0.5539079 ]
[ 0.08879123 -0.01524918  0.62354213  0.4475134   2.2008848   0.01811725
 -0.45553035 -0.19759369 -0.5947743  -1.6059101   0.47251344 -0.6099351
  0.5042164   0.33481324 -1.7487996   0.494697  ]
[ 0.02961043  0.06525584  0.6133114   0.4901887   2.0954795   0.06183862
 -0.43512598 -0.12790585 -0.4897994  -1.5972178   0.42190152 -0.4858988
  0.39920053  0.35008016 -1.8556364   0.42035562]
[-0.0170796   0.06035344  0.54871374  0.54668164  2.1216753   0.00488873
 -0.46084967 -0.09331558 -0.43351316 -1.6373456   0.46964607 -0.466775
  0.39324594  0.33060303 -1.8927656   0.48268968]
[ 0.05409945  0.08260348  0.5353129   0.62119704  2.0504196  -0.07039682
 -0.3551351  -0.14286382 -0.46669084 -1.6526272   0.510281   -0.54056805
  0.30192715  0.4395135  -1.9842174   0.5765368 ]
[ 0.03913563  0.11335311  0.5725055   0.56326765  2.052069   -0.02320526
 -0.4047428  -0.17805266 -0.49181753 -1.6379706   0.561019   -0.5821973
  0.26134342  0.4089016  -1.8665102   0.5727557 ]
[ 0.0839152   0.10786624  0.6263746   0.53695846  1.9016702   0.09674343
 -0.34903312 -0.09731233 -0.3287022  -1.4823366   0.39865357 -0.40122762
  0.1558586   0.36273164 -2.0213451   0.36164013]
[ 0.1563537   0.19034842  0.58461225  0.48217553  1.9660177   0.05558633
 -0.35210043 -0.12646727 -0.24388328 -1.5416405   0.5085237  -0.40469593
  0.09046189  0.36620188 -2.1228113   0.3430416 ]
[ 0.11750834  0.31116313  0.59625375  0.44144002  1.9942157   0.12818113
 -0.39573953 -0.20889321 -0.28246891 -1.6447108   0.6127387  -0.43665606
  0.07823482  0.35880128 -2.0756836   0.3585137 ]
[ 0.04371285  0.3660396   0.5997813   0.4116932   2.049386    0.21463561
 -0.5149539  -0.22350964 -0.27641267 -1.7315223   0.6264482  -0.43166915
  0.10253529  0.27319592 -1.9844364   0.43180853]
[ 0.04354044  0.37139773  0.5196049   0.45993167  2.110791    0.20144813
 -0.564517   -0.27521592 -0.31532887 -1.6942574   0.71730244 -0.45182618
  0.04836221  0.28133845 -2.032211    0.53862894]
[ 0.15125701  0.22069399  0.5157447   0.4922765   2.1671853   0.11758147
 -0.53819484 -0.28737554 -0.4229904  -1.5899012   0.6983224  -0.52284735
  0.16987881  0.2890302  -2.0596445   0.5557517 ]
[ 0.19349954  0.04818983  0.5457605   0.55494213  2.207627    0.04318855
 -0.48511988 -0.31173456 -0.5619919  -1.4999199   0.6160268  -0.62388366
  0.3295312   0.36074203 -1.9965293   0.535093  ]
[ 0.12131619 -0.01199292  0.5630512   0.5391967   2.2354438   0.01720664
 -0.4219641  -0.40836114 -0.799624   -1.5175425   0.63175416 -0.76287365
  0.47840357  0.46539164 -1.7178953   0.5464331 ]
[ 0.14958164 -0.01433614  0.5689442   0.3065508   2.2810369  -0.07883959
 -0.40127912 -0.33629122 -0.82582825 -1.493986    0.62071145 -0.81427145
  0.50042844  0.41668925 -1.5511332   0.63527066]
[ 0.21848154 -0.036874    0.53545684  0.34006286  2.2701502  -0.08884092
 -0.37909967 -0.29786664 -0.75946975 -1.4715639   0.5787188  -0.7782262
  0.47484303  0.3543394  -1.652242    0.65551406]
[ 0.18340665  0.02184295  0.50153387  0.41184086  2.2002804  -0.10481155
 -0.32770008 -0.28165662 -0.7315286  -1.5058407   0.5811812  -0.7183229
  0.3980046   0.43138584 -1.7685274   0.6727236 ]
[ 0.2049344   0.00657484  0.5321213   0.5132143   2.098209   -0.02279071
 -0.27785355 -0.28374487 -0.7116971  -1.404829    0.48338738 -0.63395345
  0.33092728  0.47269553 -1.9008719   0.5527609 ]
[ 2.8224167e-01 -1.6555429e-03  4.9264401e-01  4.4387287e-01
  2.1525502e+00 -9.3034409e-02 -3.1430140e-01 -2.6802382e-01
 -6.7325264e-01 -1.4722203e+00  5.9717041e-01 -6.7458147e-01
  3.7698078e-01  3.9980224e-01 -1.8718121e+00  5.8222848e-01]
[ 0.30319792 -0.04370944  0.5364357   0.40455905  2.1878963  -0.09866609
 -0.3473456  -0.24371836 -0.7062009  -1.4677086   0.5608285  -0.68426085
  0.40411958  0.36721027 -1.7696998   0.5557009 ]
[ 0.22395524 -0.04181931  0.65686387  0.3965661   2.125498    0.01078424
 -0.3800032  -0.17698796 -0.6222571  -1.4364237   0.41999874 -0.5851921
  0.39314193  0.3186098  -1.7645414   0.41651112]
[ 0.25960267 -0.02375785  0.64995146  0.38048798  2.1588988  -0.03158878
 -0.38874474 -0.19294187 -0.60579157 -1.4525595   0.46279556 -0.6036254
  0.3932108   0.32855773 -1.8283899   0.4488325 ]
[ 0.28314105  0.02451621  0.54845107  0.37319833  2.2378001  -0.09302673
 -0.3974625  -0.22856037 -0.59448326 -1.5294968   0.58325446 -0.6419238
  0.3725173   0.3244291  -1.8621972   0.5584203 ]
[ 0.19202974  0.07263128  0.5639581   0.3577649   2.260741   -0.05244171
 -0.4946819  -0.23145998 -0.5968656  -1.568666    0.6326664  -0.6407031
  0.36037815  0.30281556 -1.7812536   0.5828579 ]
[ 0.23477237 -0.03050291  0.58862495  0.4205114   2.225113   -0.00392845
 -0.45864424 -0.20139527 -0.5756732  -1.4659989   0.5201893  -0.57435316
  0.36285436  0.30113354 -1.8684218   0.4805728 ]
[ 0.26439005 -0.00638585  0.5596664   0.44314927  2.2436585  -0.09359711
 -0.39492095 -0.26065427 -0.61791766 -1.5045446   0.59916985 -0.6560521
  0.38384947  0.35719007 -1.8926243   0.5319257 ]
[ 0.22279088 -0.00746187  0.5958724   0.42739743  2.2500324  -0.07204231
 -0.40304646 -0.34125817 -0.80082595 -1.5510167   0.6309447  -0.7471267
  0.48318252  0.41045362 -1.6629827   0.522944  ]
[ 0.21316628 -0.07965211  0.6724748   0.41316685  2.216578    0.02104812
 -0.42251664 -0.24817915 -0.71736896 -1.4540905   0.4535287  -0.66071033
  0.4979635   0.3064334  -1.6739508   0.41670173]
[ 0.27151722 -0.07571927  0.5948324   0.3542706   2.2741208  -0.06483415
 -0.44493872 -0.23095529 -0.6958264  -1.4889256   0.53729635 -0.7059466
  0.50756687  0.25296894 -1.6772467   0.5502966 ]
[ 0.29960692 -0.0868004   0.59087193  0.40557304  2.2365112  -0.06841531
 -0.37417158 -0.24160962 -0.7143769  -1.434355    0.51349974 -0.65649724
  0.4589223   0.32232475 -1.7929236   0.49738923]
[ 0.20030811 -0.08929525  0.6435183   0.43481803  2.223187    0.01239706
 -0.3865344  -0.23492937 -0.7073353  -1.438221    0.4561327  -0.6046611
  0.5082518   0.3451199  -1.7818921   0.37062168]
[ 0.26502866 -0.09481447  0.5451229   0.4163076   2.2944767  -0.09063765
 -0.3705299  -0.24104047 -0.6835219  -1.4635836   0.54577637 -0.6761576
  0.48678732  0.33284384 -1.8037422   0.4932205 ]
[ 0.19235806 -0.02462707  0.5469447   0.34847888  2.3131604  -0.09906928
 -0.42496768 -0.2564047  -0.70261043 -1.5464332   0.6104275  -0.7197555
  0.52329826  0.29531083 -1.6749446   0.578561  ]
[ 0.11181957  0.02069079  0.5650684   0.36983845  2.277806   -0.08151437
 -0.43001157 -0.26165652 -0.7298897  -1.5587891   0.6262716  -0.6912014
  0.5294703   0.36058655 -1.6535867   0.5026878 ]
[ 0.04662868 -0.06276838  0.6269148   0.43115902  2.2430263   0.02306382
 -0.45406014 -0.1910936  -0.6794001  -1.5148461   0.47633475 -0.5868628
  0.58382726  0.33045655 -1.6526012   0.33200923]
[ 0.1207638  -0.08844946  0.62876594  0.39735925  2.2858374  -0.01265432
 -0.46067628 -0.21138199 -0.6857411  -1.5252892   0.47764245 -0.6610914
  0.6084202   0.33410287 -1.6400894   0.38659632]
[ 0.2131289  -0.01497729  0.65651745  0.37326127  2.2025487  -0.00570089
 -0.36589366 -0.23318568 -0.6695143  -1.52152     0.49628448 -0.63079584
  0.5074297   0.3479612  -1.7491758   0.34568605]
[ 0.0632749   0.03297192  0.77845913  0.34521115  2.0611644   0.19002
 -0.42337984 -0.16183396 -0.5657633  -1.5629944   0.3714928  -0.49274915
  0.5470995   0.2804827  -1.68363     0.16700763]
[ 0.05355676 -0.02265199  0.74215937  0.2758327   2.1426177   0.14315888
 -0.50806427 -0.07462738 -0.46556574 -1.5541422   0.36101604 -0.47898674
  0.5387286   0.18259825 -1.6422443   0.2565756 ]
[ 0.21222667 -0.06901842  0.73059005  0.35069203  2.1119893   0.05160573
 -0.37728268 -0.14403954 -0.54495794 -1.506022    0.37365684 -0.557642
  0.5180045   0.24230036 -1.7824739   0.3409365 ]
[ 0.20331201 -0.02217692  0.6744725   0.4170642   2.1029894   0.0333285
 -0.32630023 -0.239584   -0.6575099  -1.5310686   0.44042596 -0.6019453
  0.4752105   0.36450657 -1.7518749   0.3722213 ]
[ 0.07002978 -0.03073638  0.7872514   0.3471886   2.0314755   0.25016314
 -0.46387786 -0.14037567 -0.5142372  -1.502888    0.25374183 -0.45906323
  0.5201299   0.21218126 -1.6521757   0.24148694]
[ 0.14972427 -0.07573051  0.7641265   0.31312123  2.0865536   0.15601714
 -0.4586528  -0.12799475 -0.5403732  -1.4920034   0.2795084  -0.50739384
  0.57517725  0.1782337  -1.6514244   0.3026394 ]
[ 0.18910496 -0.06732345  0.68240094  0.3628917   2.1501632   0.0557603
 -0.4210554  -0.14241542 -0.5421353  -1.5332631   0.36186528 -0.5510565
  0.57738537  0.22582528 -1.7633345   0.36783746]
[ 0.05335407 -0.01013638  0.6644527   0.4491343   2.1679764   0.0908075
 -0.4311284  -0.19051479 -0.61238647 -1.5272703   0.39897257 -0.5537704
  0.48978633  0.36683646 -1.7478969   0.34509572]
[ 0.10034213 -0.04379236  0.66612685  0.42202657  2.1861174   0.07849691
 -0.4523387  -0.15916875 -0.54957545 -1.510897    0.40883255 -0.52336544
  0.49080014  0.29158926 -1.7952029   0.34134874]
[ 1.7029731e-01 -3.0149639e-02  6.1808217e-01  4.5991570e-01
  2.1896458e+00  1.3825580e-03 -3.8010722e-01 -1.9728699e-01
 -5.5270660e-01 -1.5186447e+00  4.7704220e-01 -5.7705033e-01
  4.7479001e-01  3.3179811e-01 -1.9093695e+00  3.9408827e-01]
[ 0.04685828 -0.02769604  0.6178015   0.42243022  2.2497432   0.00785509
 -0.46950006 -0.19277844 -0.621585   -1.5731981   0.5223668  -0.6096208
  0.5632454   0.32208794 -1.703139    0.39846224]
[ 0.01789822 -0.08514068  0.64435136  0.4488431   2.1920488   0.06093154
 -0.44416833 -0.12094916 -0.57195807 -1.4747174   0.3792842  -0.52622044
  0.5685414   0.36694205 -1.7752011   0.26877168]
[ 0.08746933 -0.09356902  0.6038678   0.50874346  2.17154    -0.01646202
 -0.34673858 -0.14037582 -0.5649252  -1.4879892   0.40645915 -0.5503473
  0.56233054  0.40407014 -1.8937922   0.29868796]
[ 0.04670895 -0.01850064  0.61846435  0.50979125  2.1240048   0.03301496
 -0.3394068  -0.16829784 -0.5945626  -1.5823865   0.40638596 -0.5450865
  0.55720514  0.40851074 -1.812854    0.30840546]
[-0.08824302  0.02145548  0.72305775  0.5696348   1.9257715   0.19972984
 -0.3889833  -0.06334363 -0.45038447 -1.5691541   0.29902673 -0.38558987
  0.4347071   0.3753652  -1.8366022   0.18004343]
[-1.02692544e-01  1.17416377e-03  7.48612285e-01  4.89143193e-01
  1.88960338e+00  1.80195093e-01 -4.68363106e-01  4.70965244e-02
 -3.23895186e-01 -1.63039684e+00  2.58213848e-01 -3.29351246e-01
  4.51582670e-01  2.47324273e-01 -1.75617409e+00  2.46783301e-01]
[-0.0149866   0.03045923  0.6813607   0.5781417   1.8815321   0.1074479
 -0.3293149  -0.07519948 -0.36736134 -1.5805709   0.34351093 -0.40862823
  0.34612024  0.3894693  -1.8997109   0.26685962]
[-0.09381822  0.10939477  0.7691364   0.42084774  1.7995363   0.28410658
 -0.4195323  -0.0503064  -0.29610425 -1.6138502   0.29041034 -0.34820282
  0.3754213   0.33450752 -1.7134907   0.09856695]
[-0.12605314  0.2039266   0.7654546   0.32921448  1.7809963   0.34139577
 -0.48195162 -0.00987183 -0.13046035 -1.7294527   0.33516988 -0.28910357
  0.35669833  0.29883564 -1.754418    0.05506671]
[-0.07032476  0.30438814  0.68333346  0.3439395   1.7841299   0.3214058
 -0.4684454  -0.02705764 -0.04560778 -1.7585375   0.41222128 -0.24310116
  0.21900603  0.30204958 -1.9733413   0.16382118]
[-0.09334393  0.35687894  0.59739083  0.44519186  1.9273853   0.28364834
 -0.51108515 -0.11240856 -0.06831751 -1.7528613   0.5139128  -0.28869015
  0.09502512  0.30519548 -2.0660546   0.3213772 ]
[-0.06953948  0.35652587  0.5242701   0.57182056  2.0240743   0.26493397
 -0.4955899  -0.1891369  -0.14519867 -1.6863434   0.57314914 -0.31258947
  0.04017818  0.31086662 -2.178855    0.36506125]
[ 0.0780468   0.19560975  0.46261674  0.67844605  2.033259    0.1913526
 -0.39289004 -0.22614102 -0.28213945 -1.5092113   0.544007   -0.3770383
  0.1042647   0.39378968 -2.2733989   0.3293891 ]
[ 0.07757858  0.06146455  0.6209134   0.5508276   2.0407205   0.27485222
 -0.49245644 -0.16399285 -0.36818188 -1.4762287   0.39993605 -0.39471683
  0.35672998  0.29317987 -2.039206    0.20429173]
[ 0.09831461 -0.05776515  0.6890355   0.5167661   2.0309405   0.20221548
 -0.43091416 -0.10608536 -0.47477475 -1.4786531   0.26190582 -0.4321382
  0.5248588   0.3073987  -1.9051313   0.20073125]
[ 0.07759785 -0.03479449  0.75795114  0.41006565  2.0244079   0.1826629
 -0.40281296 -0.07113891 -0.5117618  -1.5423028   0.24259384 -0.4470469
  0.50690883  0.32683155 -1.7754409   0.20488635]
[ 0.06283738  0.00624034  0.7140471   0.4622232   1.9791069   0.1804941
 -0.4243649  -0.02645485 -0.38969725 -1.584998    0.28088576 -0.37732643
  0.39717904  0.2598313  -1.8914169   0.301511  ]
[ 0.05560404 -0.01151819  0.6105219   0.5614265   2.0159683   0.04807753
 -0.39481083 -0.02966561 -0.34084225 -1.5620613   0.35594302 -0.39046103
  0.3474545   0.28006944 -2.000199    0.40674275]
[ 0.02311888 -0.04559061  0.54435027  0.64114875  2.0350776  -0.02509387
 -0.35954863 -0.07176471 -0.3972407  -1.522816    0.39866915 -0.44595584
  0.36354285  0.37315857 -2.0183709   0.46096167]
[ 0.03601207 -0.07725164  0.50737697  0.6703254   2.038412   -0.05231713
 -0.30218643 -0.13119815 -0.48481828 -1.496431    0.39634874 -0.50153506
  0.39237303  0.47556868 -1.9710983   0.45522866]
[-0.00316129  0.01141981  0.52807283  0.64627916  2.0057142   0.02082645
 -0.30554187 -0.13899392 -0.4274126  -1.5601958   0.39334974 -0.44563025
  0.3322919   0.49836454 -1.9536655   0.3518099 ]
[-0.1206272   0.1736765   0.6653387   0.5196561   1.9291403   0.25121176
 -0.4300329  -0.080061   -0.2654465  -1.6989295   0.33928448 -0.31346068
  0.26847607  0.35726315 -1.8882917   0.24462453]
[-0.1452013   0.28329322  0.5761376   0.5226474   1.9498945   0.28482598
 -0.45110598 -0.09805818 -0.15977737 -1.7354448   0.44277573 -0.27319223
  0.17205468  0.34847683 -2.018872    0.25333506]
[-0.14958523  0.33680588  0.4680992   0.6053381   1.9654499   0.27750295
 -0.44503275 -0.10115588 -0.08333294 -1.655989    0.49537534 -0.24765785
  0.07916454  0.33538985 -2.1974921   0.26874527]
[-0.00466637  0.25320074  0.49065217  0.6327795   2.0449138   0.20517822
 -0.4117635  -0.1345676  -0.19016199 -1.6258247   0.5007616  -0.3313845
  0.1169467   0.32400322 -2.2002625   0.28115162]
[ 0.14136016  0.18416661  0.4887805   0.6699181   1.9190779   0.14972173
 -0.2778678  -0.14245164 -0.23043819 -1.4709013   0.46489754 -0.35714498
  0.05123524  0.4634145  -2.3667731   0.26074854]
[ 0.12265608  0.16465995  0.6222845   0.41588154  1.9704237   0.16686478
 -0.4164173  -0.03079962 -0.18588433 -1.565836    0.44372472 -0.35906875
  0.17733565  0.29368615 -2.1295147   0.25789675]
[ 0.07513089  0.05382046  0.7326717   0.3437363   2.0195203   0.19916233
 -0.49987632  0.04277407 -0.19994602 -1.5482115   0.3397007  -0.32977727
  0.30740923  0.26722735 -2.012153    0.15274751]
[ 0.22954321 -0.02383289  0.6433567   0.45419616  2.0696456   0.02684608
 -0.3448673  -0.0250426  -0.2816363  -1.4595214   0.41482288 -0.4068191
  0.2814748   0.35511202 -2.2134075   0.22313528]
[ 0.1559718   0.01990961  0.6809558   0.4184119   2.1421516   0.04880714
 -0.42868224 -0.07122682 -0.3401429  -1.578178    0.48796502 -0.4444136
  0.3922149   0.26846558 -2.0494378   0.24137762]
[ 0.06243401  0.09256767  0.5996151   0.45476946  2.1985168   0.00558722
 -0.44511986 -0.13058986 -0.4249238  -1.6520612   0.58458406 -0.5016138
  0.41034278  0.29474616 -1.914287    0.31481117]
[-0.01370248  0.04576444  0.6549927   0.38176137  2.2318218   0.06001796
 -0.5291628  -0.11304717 -0.4640482  -1.6464186   0.5229827  -0.5093231
  0.50236064  0.2186909  -1.6855901   0.2936205 ]
[ 0.04527216 -0.06083063  0.66727823  0.405131    2.2444732   0.02359747
 -0.50505316 -0.12986916 -0.5533953  -1.5863765   0.47231323 -0.58901733
  0.5466895   0.27877003 -1.621661    0.3143969 ]
[ 0.08605504 -0.09032564  0.7365514   0.42090148  2.1235783   0.12363732
 -0.43181315 -0.12859228 -0.5680393  -1.5484968   0.3278151  -0.5488945
  0.5547025   0.30209503 -1.6016022   0.19150122]
[ 0.13477767 -0.03321615  0.8484238   0.29413477  1.9310434   0.2708131
 -0.36369324 -0.06568869 -0.4835028  -1.487356    0.16559872 -0.42731
  0.50110114  0.23389892 -1.6288878   0.05551909]
[ 0.16565749  0.05048113  0.85823745  0.27940348  1.8483045   0.3291459
 -0.3470245  -0.04569029 -0.3990766  -1.5166008   0.18739012 -0.35972133
  0.42597467  0.19173962 -1.7318287   0.00668135]
[ 0.19989654  0.12029134  0.80023706  0.18949687  1.8987796   0.29928657
 -0.41803685 -0.00230238 -0.2576267  -1.5760705   0.2713537  -0.31556767
  0.36711115  0.07011198 -1.8020563   0.10057602]
[ 0.25070703  0.05325512  0.73534614  0.26551497  2.012252    0.16342823
 -0.42180458 -0.02480252 -0.33900666 -1.5206466   0.35270664 -0.39141184
  0.3341474   0.12211654 -1.8868864   0.24293856]
[ 0.26248714 -0.0222469   0.70053005  0.30860522  2.158397    0.06242323
 -0.4494453  -0.08756509 -0.4419597  -1.4933519   0.42971438 -0.47325984
  0.40444797  0.13831522 -1.8734295   0.32523406]
[ 0.27686602 -0.05341305  0.5775532   0.43423623  2.2414231  -0.05529672
 -0.33554396 -0.23945045 -0.62182987 -1.4479034   0.5532815  -0.6201254
  0.4557686   0.31771922 -1.9048233   0.37169516]
[ 0.22186145 -0.06245849  0.58062476  0.36512846  2.300628   -0.07627491
 -0.40659395 -0.25075918 -0.69936836 -1.5062612   0.61498946 -0.68741256
  0.5329849   0.31015572 -1.7289457   0.44486317]
[ 0.13997982 -0.04787742  0.56567144  0.31411976  2.3454158  -0.07715642
 -0.46265012 -0.23646626 -0.7125502  -1.5523653   0.6253686  -0.7144285
  0.5732791   0.28243724 -1.6180909   0.53280836]
[ 0.08746903 -0.04580077  0.5241315   0.40088066  2.3270898  -0.08620243
 -0.43331498 -0.24221385 -0.74067897 -1.5360105   0.610337   -0.68792546
  0.54316777  0.3460396  -1.6540658   0.54543304]
[ 0.02777492 -0.08936237  0.54418886  0.5159875   2.274746   -0.02861977
 -0.4073135  -0.20363745 -0.71338403 -1.5032442   0.5039337  -0.61936754
  0.59866315  0.389548   -1.7235029   0.38653582]
[ 0.05012962 -0.12413491  0.5077026   0.521751    2.288931   -0.09026237
 -0.370343   -0.20280719 -0.7266557  -1.4946858   0.49794397 -0.6481002
  0.6194792   0.4536747  -1.7150265   0.38616893]
[ 0.01200566 -0.1780589   0.6276699   0.4467238   2.2474484   0.00703405
 -0.45343298 -0.08345216 -0.64233416 -1.4982165   0.34316295 -0.55553544
  0.69520336  0.35074127 -1.6072762   0.23812409]
[-0.00868617 -0.14996478  0.7574539   0.4555203   2.022255    0.20026192
 -0.4074069   0.01809278 -0.51744425 -1.4517877   0.13697775 -0.37413803
  0.6347401   0.34211475 -1.6947397  -0.02161833]
[-0.04240907 -0.05759153  0.7757968   0.3717253   1.9545844   0.25392473
 -0.4222487   0.09137524 -0.3667159  -1.5496677   0.12412    -0.29749957
  0.57808477  0.2613069  -1.6939436  -0.0385822 ]
[-0.03796552 -0.03433049  0.79098237  0.36117607  1.9016526   0.30974725
 -0.38910896  0.103537   -0.2887072  -1.5545304   0.13476408 -0.24930556
  0.52417046  0.25715527 -1.786864   -0.10392163]
[-0.00591446 -0.00876839  0.7680491   0.38595557  1.886801    0.24873321
 -0.34940556  0.10962258 -0.23649816 -1.6077044   0.17232338 -0.24677953
  0.48948494  0.24565613 -1.8758274  -0.03605468]
[-0.03535729  0.02558533  0.7988004   0.32304475  1.8295383   0.34090498
 -0.37922654  0.11254291 -0.20805097 -1.6151615   0.12507161 -0.19478546
  0.46599942  0.20946875 -1.8001366  -0.05774594]
[ 0.0143288   0.04703628  0.7791092   0.36085618  1.810633    0.31518468
 -0.3645256   0.09210107 -0.19919488 -1.5663631   0.14917287 -0.20756042
  0.40678462  0.21760352 -1.9020157  -0.01208624]
[ 0.01862367  0.06585659  0.7937782   0.2823629   1.8186619   0.34408903
 -0.41030437  0.1202839  -0.1739355  -1.579253    0.13875538 -0.19056182
  0.42261916  0.14252278 -1.8194517  -0.03246335]
[ 0.09704182  0.05136039  0.737154    0.35919145  1.872052    0.24529211
 -0.33161876  0.07302587 -0.20154676 -1.5135851   0.17433903 -0.25504938
  0.34917775  0.21482262 -1.951705    0.02304171]
[ 0.07897662  0.06659786  0.7866359   0.26351374  1.8812485   0.28444186
 -0.40906554  0.10124807 -0.16592142 -1.5344951   0.17501006 -0.23873296
  0.3588211   0.14973561 -1.8652252   0.01010478]
[ 0.16194561  0.02117737  0.74005103  0.37441403  1.9657669   0.16985664
 -0.32819512  0.0085016  -0.2647243  -1.5082012   0.266671   -0.327595
  0.37089175  0.24722135 -2.0294373   0.07348556]
[ 0.1618696   0.03928355  0.71602285  0.4080337   1.9645231   0.17521505
 -0.32118198 -0.01745527 -0.28126806 -1.5125548   0.30661485 -0.3420864
  0.36013323  0.2746547  -2.0809166   0.09065497]
[ 0.11418359  0.01262158  0.76593703  0.34636587  2.0321715   0.20190778
 -0.44516373  0.01563109 -0.29527894 -1.5608076   0.3285926  -0.33792454
  0.449253    0.18921496 -1.9453255   0.06891431]
[ 1.12019755e-01  1.65814155e-04  6.97041154e-01  4.46533144e-01
  2.13098645e+00  9.05170292e-02 -3.99189174e-01 -7.94172287e-02
 -4.14681733e-01 -1.55835068e+00  4.40885246e-01 -4.37035739e-01
  4.81047571e-01  2.54953265e-01 -1.98681605e+00  1.63467914e-01]
[ 0.02098951  0.06351944  0.6563381   0.47458273  2.1299536   0.05600915
 -0.41096288 -0.12025093 -0.48955607 -1.6500723   0.50477093 -0.4890411
  0.51298124  0.28247052 -1.8642724   0.27016142]
[-0.11322868  0.09602538  0.6516007   0.47253776  2.1214333   0.0582068
 -0.49152264 -0.11350571 -0.54569083 -1.7281687   0.5464281  -0.5168117
  0.5543128   0.28830782 -1.6471535   0.3186493 ]
[-0.06193662  0.06295355  0.62459576  0.43022332  2.1203933   0.01084804
 -0.45075107 -0.13136713 -0.4938739  -1.6928833   0.54403776 -0.5693771
  0.48311812  0.31449994 -1.6348416   0.3993825 ]
[-0.03786079  0.06704577  0.69175243  0.3997373   2.0150237   0.07380081
 -0.4085261  -0.12067159 -0.4233871  -1.6695337   0.47509336 -0.506281
  0.41103807  0.3444495  -1.6638638   0.30416912]
[-0.12167095  0.1469514   0.73325473  0.3711046   1.8779442   0.24338529
 -0.44252783 -0.08783886 -0.28580835 -1.7141689   0.3992626  -0.3903751
  0.3774807   0.32813698 -1.6753628   0.18972981]
[-0.1961871   0.2764817   0.7214393   0.35616726  1.873764    0.35273927
 -0.5081242  -0.10674129 -0.15081076 -1.8218777   0.4390368  -0.3290147
  0.33770257  0.28353626 -1.712746    0.13367794]
[-0.20567432  0.40975094  0.6045145   0.47376984  1.9157474   0.3603223
 -0.4663599  -0.17502317 -0.11554135 -1.8307607   0.57202446 -0.29780173
  0.24473397  0.3035856  -1.9436188   0.09713604]
[-0.2361695   0.47857127  0.60369813  0.43233544  1.9535402   0.3706352
 -0.54786766 -0.13743308 -0.03194464 -1.8892174   0.6472437  -0.26428196
  0.16421671  0.25610813 -1.9753678   0.1229132 ]
[-0.16065323  0.39105383  0.6311446   0.4516456   1.9731452   0.3449338
 -0.57029855 -0.11729459 -0.10525472 -1.7555822   0.6055192  -0.30941668
  0.09068575  0.28830048 -2.0281863   0.21862929]
[ 0.03691673  0.22480996  0.6236765   0.5095097   1.9339892   0.23795275
 -0.46118975 -0.08473663 -0.16523857 -1.5807129   0.48569784 -0.34635204
  0.13005784  0.32264358 -2.1475296   0.2273591 ]
[ 0.01626832  0.08778902  0.7101405   0.48217434  1.9395704   0.25707465
 -0.43405524 -0.02481472 -0.19014788 -1.5137568   0.35731378 -0.34411836
  0.26441047  0.3123215  -2.0979908   0.11996923]
[ 0.16274728  0.03161634  0.64945614  0.41850916  2.0439713   0.07693216
 -0.33585694 -0.07533758 -0.32867885 -1.5022932   0.45671853 -0.4100875
  0.30793953  0.36436853 -2.041309    0.12336142]
[ 7.07579851e-02  6.69296682e-02  7.91090190e-01  3.39390188e-01
  1.97280860e+00  2.02175647e-01 -4.26759303e-01 -1.02341175e-04
 -2.45514065e-01 -1.64092946e+00  3.68301958e-01 -3.39811742e-01
  4.67706680e-01  2.47779340e-01 -1.94511664e+00  9.67910886e-03]
[ 0.04630478  0.20285627  0.75543964  0.39070642  2.008913    0.18298349
 -0.43543014 -0.06740134 -0.27716735 -1.7780876   0.47914425 -0.3796479
  0.4046936   0.23311877 -1.9550629   0.13228174]
[-0.11646569  0.2609244   0.71179205  0.42735553  2.034684    0.18620709
 -0.5142342  -0.09706422 -0.33714747 -1.8417861   0.5820396  -0.42029208
  0.39611012  0.25399205 -1.7954239   0.21710491]
[-0.1283389   0.20013246  0.69138724  0.38778657  2.0570512   0.14712466
 -0.5747894  -0.05997226 -0.28142437 -1.803476    0.5601398  -0.43205118
  0.4032684   0.19284306 -1.7075573   0.2990436 ]
[-0.01675761  0.026204    0.66294897  0.48615837  2.0303104   0.08824527
 -0.400575   -0.10985939 -0.4062366  -1.631965    0.44244537 -0.49098802
  0.42590252  0.30579418 -1.77127     0.31042156]
[ 0.00861994  0.02446738  0.73889077  0.39211467  1.967198    0.13453151
 -0.39259973 -0.13899861 -0.44557324 -1.6051149   0.38423344 -0.49733168
  0.40710464  0.33105177 -1.6689205   0.31252202]
[-0.00263267  0.11465225  0.75600165  0.3568555   1.7853374   0.29319543
 -0.3515381  -0.09027831 -0.31855664 -1.6000099   0.26423803 -0.3651022
  0.34668818  0.30290517 -1.7458477   0.20444608]
[-0.05619917  0.303766    0.64310837  0.3575459   1.8910589   0.31791466
 -0.40062013 -0.13335952 -0.18645117 -1.7374728   0.42317313 -0.33304322
  0.24912381  0.23158798 -1.846582    0.2291325 ]
[-0.0777026   0.36176723  0.57814044  0.42406592  2.0102065   0.31266052
 -0.43300262 -0.17564638 -0.19867817 -1.7508599   0.5288996  -0.35271806
  0.16515028  0.24963573 -1.9283241   0.23924303]
[-0.0329215   0.31439584  0.5934808   0.37031564  2.0281646   0.28330627
 -0.48601994 -0.11714269 -0.14796536 -1.6963942   0.5217358  -0.33680907
  0.13866033  0.18095438 -1.9740374   0.31343836]
[ 0.16761534  0.17759056  0.5297592   0.49373406  2.0189064   0.17518845
 -0.38954356 -0.15354453 -0.2775326  -1.473818    0.46598133 -0.41210073
  0.08462272  0.30729327 -2.179189    0.4192968 ]
[ 0.20801608  0.05674842  0.5566316   0.52359116  2.0294538   0.14401543
 -0.3585016  -0.11506094 -0.34213167 -1.3638136   0.35661244 -0.41386446
  0.12152117  0.3252882  -2.1725285   0.3972128 ]
[ 0.3548862   0.01405221  0.46081716  0.45141298  2.1255455  -0.08173065
 -0.24341457 -0.17049573 -0.5122814  -1.3925803   0.5383271  -0.5269793
  0.18163976  0.37504178 -2.083669    0.4637266 ]
[ 0.31039685 -0.00610127  0.5868085   0.39260662  2.1176605  -0.00673932
 -0.33086082 -0.15637021 -0.5014486  -1.4286071   0.46764383 -0.50692624
  0.31652364  0.26739833 -1.9774536   0.40756875]
[ 0.3093298  -0.05271231  0.59795904  0.39133254  2.1846786  -0.01488783
 -0.35218686 -0.18756919 -0.5834281  -1.4255837   0.46331343 -0.5596094
  0.39464432  0.25466248 -1.8921697   0.42525387]
[ 0.29773694 -0.03708971  0.5768784   0.3694713   2.2147667  -0.04751087
 -0.3559119  -0.21194403 -0.60655034 -1.4372303   0.5254417  -0.605544
  0.38967967  0.2779073  -1.8738854   0.4783577 ]
[ 0.24933282 -0.02469057  0.51496804  0.37706116  2.2833252  -0.11262397
 -0.3860378  -0.23206508 -0.64999783 -1.4792894   0.62753093 -0.66536444
  0.40242714  0.32247385 -1.8445904   0.5749669 ]
[ 0.19065827 -0.03033013  0.45722994  0.45285553  2.2872698  -0.1123606
 -0.36029327 -0.25972003 -0.6983925  -1.4688356   0.6263326  -0.6644752
  0.4277629   0.39262024 -1.8498318   0.5673897 ]
[ 0.18927342 -0.02785686  0.425165    0.43526992  2.2789416  -0.1325126
 -0.3392126  -0.27407032 -0.7298185  -1.4719236   0.64813244 -0.6952753
  0.43223786  0.4246382  -1.7929341   0.5895146 ]
[ 0.1937255  -0.11311036  0.49177113  0.4689563   2.292043   -0.09563927
 -0.36328945 -0.24823292 -0.74255604 -1.4364424   0.51661414 -0.71136916
  0.51966286  0.37093168 -1.7236137   0.53962547]
[ 0.17560029 -0.09059162  0.5356038   0.43904334  2.2459576  -0.1025575
 -0.33530056 -0.22281423 -0.7177304  -1.4493343   0.47585836 -0.6851363
  0.52110225  0.38907602 -1.6971228   0.47646123]
[ 0.17222472 -0.11593302  0.6714057   0.4486073   2.095669    0.07116739
 -0.31039017 -0.15272316 -0.6185896  -1.3745475   0.2889754  -0.54000926
  0.46800032  0.36482373 -1.7700756   0.2515494 ]
[ 0.19780593 -0.09719415  0.72474164  0.33720118  2.091906    0.09225643
 -0.35443878 -0.09196276 -0.5547654  -1.4522557   0.27222827 -0.5254449
  0.5133246   0.24244992 -1.7130606   0.267916  ]
[ 2.5070924e-01  1.3974964e-03  6.8510270e-01  3.2377413e-01
  2.0747123e+00  6.2016446e-02 -3.2126281e-01 -1.2089179e-01
 -5.0765103e-01 -1.5340418e+00  3.6405283e-01 -5.2467763e-01
  4.3853974e-01  2.4411598e-01 -1.8019836e+00  3.1824327e-01]
[ 0.1975153   0.0603395   0.7353176   0.3133088   1.975337    0.19527663
 -0.35364705 -0.08944452 -0.42173886 -1.5191734   0.31116065 -0.41853037
  0.36157718  0.19553852 -1.8430853   0.24991867]
[ 0.1965133   0.05040133  0.65039074  0.2803827   2.0972586   0.08040564
 -0.4036402  -0.08245515 -0.39949125 -1.5341923   0.4165318  -0.45324215
  0.38216054  0.13630904 -1.8515892   0.3873828 ]
[ 0.2615046   0.01665034  0.567317    0.34299943  2.164837   -0.04321079
 -0.33132294 -0.16786556 -0.51947606 -1.4962995   0.5021197  -0.5785319
  0.37810707  0.22653012 -1.8992064   0.5329793 ]
[ 0.304576    0.01035873  0.48702747  0.4284398   2.1619976  -0.08220662
 -0.24442308 -0.265485   -0.66343725 -1.4340031   0.5400262  -0.6469495
  0.33555472  0.36802715 -1.8895714   0.549177  ]
[ 0.27649832 -0.02493251  0.5228762   0.38517708  2.2048392  -0.10110094
 -0.32349426 -0.2439514  -0.65443534 -1.4304911   0.54759854 -0.6911944
  0.3694009   0.3568786  -1.8219564   0.58836555]
[ 0.29114422 -0.0580956   0.5873341   0.40717274  2.1466794  -0.02284876
 -0.30354533 -0.20833871 -0.60965776 -1.4181579   0.45023304 -0.614234
  0.40457153  0.30829626 -1.8908632   0.48566714]
[ 0.25829616  0.01099086  0.51421463  0.41225967  2.1805148  -0.07030486
 -0.3018776  -0.2646583  -0.6633694  -1.4551965   0.55254686 -0.6408495
  0.3907601   0.3860378  -1.863224    0.5113143 ]
[ 0.16738138 -0.0198662   0.57383275  0.44928247  2.191505   -0.00267508
 -0.3755382  -0.21981347 -0.6411394  -1.4415818   0.4968533  -0.59301245
  0.4425246   0.3747393  -1.8687432   0.4197018 ]
[ 0.1708118  -0.0187415   0.47983423  0.4201312   2.2815967  -0.10095851
 -0.37563014 -0.2070328  -0.6289694  -1.5132141   0.6091375  -0.6357311
  0.4442431   0.37871566 -1.8666992   0.51873904]
[ 0.09309509  0.03516842  0.4295539   0.46177754  2.2461114  -0.11313907
 -0.3569224  -0.2020981  -0.6339204  -1.5393654   0.63505733 -0.6253532
  0.39053953  0.43538943 -1.8392547   0.54196644]
[ 0.0348693  -0.00478557  0.53538376  0.47614223  2.2415583  -0.03247872
 -0.3935849  -0.19004004 -0.63373035 -1.5051433   0.52941847 -0.6052379
  0.46681637  0.38118345 -1.7839782   0.43902817]
[ 0.09765598 -0.01094799  0.49481496  0.44577837  2.2169166  -0.09004337
 -0.3643401  -0.18026468 -0.63100016 -1.5345634   0.573082   -0.58676755
  0.49976048  0.4272333  -1.7810261   0.37690353]
[ 0.01143947 -0.07038079  0.6758585   0.3825964   2.1556828   0.04801708
 -0.43860778 -0.09222006 -0.5887027  -1.5653381   0.34723252 -0.534358
  0.63240284  0.34194392 -1.6055626   0.2513653 ]
[ 0.04340611 -0.04689211  0.795511    0.3258953   1.9458258   0.22705467
 -0.3691775  -0.0066406  -0.4549157  -1.5149624   0.15475903 -0.40079123
  0.5555736   0.26223657 -1.6588571   0.08856788]
[ 0.06010152  0.06204524  0.7948893   0.28428662  1.9395285   0.22300701
 -0.39419326  0.01466138 -0.35015544 -1.621232    0.22753778 -0.39779863
  0.47556752  0.22757235 -1.7335526   0.13583413]
[ 0.03588852  0.09049916  0.7384612   0.3487184   1.8787067   0.2517727
 -0.34926808  0.02921361 -0.26930085 -1.5975323   0.22446632 -0.3396944
  0.40004808  0.22961445 -1.8576782   0.13340786]
[ 0.0832689   0.07044008  0.71392447  0.3310229   1.94855     0.21436627
 -0.37718025  0.00676294 -0.24493305 -1.5120822   0.26640868 -0.32803288
  0.3337732   0.2108916  -1.9377391   0.16749783]
[ 0.1867156   0.03094497  0.6960834   0.38172823  1.983943    0.10490109
 -0.3126151  -0.0474132  -0.32472986 -1.494786    0.32644552 -0.40382916
  0.34903172  0.27549708 -2.0164554   0.21103191]
[ 0.19240059  0.09888761  0.69068027  0.30148533  1.9896972   0.09204272
 -0.34138626 -0.04143218 -0.33785433 -1.6103837   0.3760482  -0.4259874
  0.37529245  0.23998825 -1.9212515   0.27177447]
[ 0.08370312  0.10441178  0.6996817   0.36423633  2.0374577   0.17268522
 -0.36479443 -0.10592914 -0.4064352  -1.5571104   0.36635655 -0.451893
  0.35877436  0.28440595 -1.8598735   0.22411013]
[ 0.12318589  0.10216208  0.6686733   0.29868168  2.086845    0.09063748
 -0.41435075 -0.05742698 -0.3433916  -1.6003332   0.45109314 -0.4315508
  0.37108102  0.20791534 -1.880244    0.27661103]
[ 1.5650341e-01  8.9429542e-02  6.0064542e-01  3.6291939e-01
  2.1044345e+00  2.0764887e-03 -3.5440940e-01 -1.1357310e-01
 -4.3621904e-01 -1.6242914e+00  5.1261622e-01 -5.1127928e-01
  3.8961893e-01  2.8603664e-01 -1.9081694e+00  3.9673784e-01]
[ 0.10815848  0.03891327  0.6129894   0.37051576  2.1919858   0.01072304
 -0.40217018 -0.16553289 -0.5564817  -1.5803385   0.4957688  -0.5837284
  0.42400962  0.2832116  -1.745624    0.45432442]
[ 0.1599839  -0.01293954  0.63002986  0.37765306  2.1060367   0.06853616
 -0.3604236  -0.11849872 -0.50306296 -1.4851727   0.38955793 -0.502744
  0.4148538   0.2631403  -1.8335514   0.3592154 ]
[ 0.17838539  0.03301139  0.5582472   0.37719685  2.106773   -0.04012355
 -0.3185225  -0.1297839  -0.4958416  -1.5799758   0.4975241  -0.54598755
  0.41235822  0.3253966  -1.8926617   0.4694907 ]
[ 0.11480081  0.03198022  0.5459015   0.38219532  2.1746497  -0.04003947
 -0.3403837  -0.16906664 -0.5750036  -1.5733125   0.47610512 -0.59937125
  0.42126384  0.34730485 -1.7831261   0.5467383 ]
[ 0.06117259  0.00645019  0.5972539   0.4379069   2.1038578   0.05803465
 -0.3885985  -0.10481893 -0.4788888  -1.5246129   0.37394828 -0.50655377
  0.39724797  0.31247628 -1.8414421   0.4534046 ]
[ 0.14099851 -0.00445687  0.51962864  0.44271868  2.1273437  -0.01797227
 -0.33901963 -0.09967547 -0.4574419  -1.5339139   0.4559204  -0.506395
  0.40754715  0.32215622 -1.9670321   0.46439067]
[ 0.13774651  0.00733569  0.4496085   0.54440576  2.1126685  -0.02913966
 -0.2856717  -0.1324601  -0.4918117  -1.458054    0.44507012 -0.49084383
  0.33123964  0.434071   -2.0270028   0.40736604]
[ 0.08848248 -0.01096589  0.5482716   0.51379776  2.0989418   0.06409515
 -0.36085775 -0.08267747 -0.43675184 -1.4300708   0.3219243  -0.44309598
  0.3859707   0.33521605 -1.9666595   0.32724315]
[ 0.18091935  0.02395964  0.4962016   0.5269369   2.1151955  -0.02096447
 -0.26475024 -0.11850097 -0.41627115 -1.4535614   0.40507573 -0.49900755
  0.33325416  0.39955503 -2.1007051   0.3453067 ]
[ 0.16034393  0.03841667  0.51018536  0.47885665  2.0910683  -0.00945562
 -0.25371104 -0.09368813 -0.419758   -1.4812453   0.4249463  -0.4868528
  0.31363827  0.42234224 -2.0575683   0.3140629 ]
[ 0.12446288  0.0189305   0.66187984  0.44323188  1.9954805   0.16849409
 -0.30931622 -0.04200491 -0.3347251  -1.4322927   0.28386262 -0.3735829
  0.29290175  0.31609914 -2.041721    0.17441463]
[ 0.25044852  0.0216937   0.6509975   0.4404859   1.96711     0.09840231
 -0.25352576 -0.07921489 -0.3486513  -1.428323    0.36180663 -0.4065097
  0.27581298  0.32898104 -2.1448617   0.21001677]
[ 0.22046843  0.08649974  0.6825806   0.3275191   2.0021071   0.09688279
 -0.31965554 -0.10135716 -0.4224112  -1.5794213   0.43163928 -0.4366045
  0.3790122   0.2547188  -1.9112427   0.23684493]
[ 0.13482407  0.02554568  0.7581794   0.31645542  2.012688    0.2182324
 -0.3765838  -0.0908973  -0.47077417 -1.5324415   0.29465955 -0.420973
  0.46657795  0.19792017 -1.7474016   0.16116115]
[ 1.5667173e-01 -1.7032444e-03  7.1703023e-01  2.6078698e-01
  2.0881302e+00  1.2533544e-01 -4.4133335e-01 -4.4906456e-02
 -4.2812705e-01 -1.5368201e+00  3.2903174e-01 -4.4905534e-01
  4.9281079e-01  1.3618371e-01 -1.7373092e+00  2.8410271e-01]
[ 0.21283586 -0.02200446  0.6329404   0.31708685  2.1690738  -0.00558436
 -0.38641888 -0.11742344 -0.5330368  -1.5387814   0.41724545 -0.5821744
  0.5088284   0.20590667 -1.7608271   0.4380986 ]
[ 0.2501978   0.01253661  0.5803653   0.3804856   2.1376643  -0.02661387
 -0.29918447 -0.2125664  -0.6168206  -1.472328    0.46847877 -0.5935434
  0.4187087   0.3265366  -1.8417482   0.44368035]
[ 0.19084756 -0.03329468  0.66842216  0.36608124  2.1123166   0.06190206
 -0.3916419  -0.14848086 -0.5637091  -1.4532912   0.39320114 -0.5343088
  0.4582224   0.264991   -1.796184    0.35694996]
[ 0.26779348 -0.04227584  0.62044007  0.3381536   2.1479423  -0.02355116
 -0.3401998  -0.15013388 -0.5478426  -1.4811838   0.44869962 -0.56787604
  0.45299798  0.25724438 -1.8472456   0.42031687]
[ 0.26714224 -0.0101886   0.59847033  0.35772982  2.1525571  -0.03407576
 -0.31240734 -0.23745957 -0.63842475 -1.4665277   0.5058796  -0.6158187
  0.40612394  0.3369998  -1.8017423   0.44691476]
[ 0.17841785 -0.04690189  0.68948925  0.35136986  2.1628277   0.04569036
 -0.39880002 -0.19565189 -0.5971564  -1.4694793   0.44173497 -0.5971656
  0.4468503   0.30180484 -1.7797048   0.41989335]
[ 0.18207887 -0.0380869   0.5778821   0.39842153  2.2104049  -0.04533917
 -0.35932606 -0.20686635 -0.59553546 -1.5221672   0.50552994 -0.6170956
  0.51829994  0.29452482 -1.8252976   0.47769254]
[ 0.11444142 -0.02163976  0.48872495  0.50432587  2.2243466  -0.0705009
 -0.34010798 -0.26293278 -0.691926   -1.506328    0.56648386 -0.65088254
  0.4608825   0.43582717 -1.8144178   0.521333  ]
[ 0.06002977 -0.09358139  0.5634002   0.5347968   2.208342    0.01123508
 -0.37802538 -0.20023437 -0.6589385  -1.4798641   0.4190065  -0.6053308
  0.5346898   0.36775982 -1.7713817   0.4436323 ]
[ 0.1171725  -0.06165195  0.50628716  0.5198777   2.1755586  -0.03183049
 -0.30352366 -0.20089671 -0.6348445  -1.4653208   0.46044102 -0.5896742
  0.4779721   0.40114722 -1.8372873   0.4213993 ]
[ 0.015244   -0.094895    0.61361367  0.4963898   2.1513188   0.04583348
 -0.3756935  -0.1128365  -0.5767668  -1.4646593   0.36035186 -0.5219111
  0.51856875  0.38666993 -1.7840868   0.2934165 ]
[ 0.02697143 -0.09430812  0.6006577   0.5249743   2.0837326   0.07684465
 -0.31909674 -0.0650814  -0.5321229  -1.4540412   0.2752019  -0.4558784
  0.49675053  0.39144427 -1.8312725   0.22464614]
[ 0.06169588  0.0034099   0.6206499   0.446555    2.0495963   0.09590138
 -0.3035274  -0.06904621 -0.44686756 -1.5271628   0.3262694  -0.43781552
  0.44048184  0.3349417  -1.8509929   0.20507178]
[ 0.03328236  0.07584773  0.72817814  0.38141498  1.8997673   0.2499238
 -0.33733442 -0.00538709 -0.3400835  -1.558029    0.23219624 -0.335157
  0.41668802  0.2644694  -1.8457735   0.08573539]
[ 0.04872792  0.11690549  0.708673    0.30309728  1.8567959   0.2745158
 -0.3429635   0.04274639 -0.20974895 -1.5521808   0.23591018 -0.2767695
  0.32176238  0.21868952 -1.9048278   0.10490396]
[ 0.11140165  0.08683574  0.69617546  0.32508677  1.9016142   0.2320054
 -0.33724746  0.00851445 -0.22331938 -1.4861376   0.26105097 -0.2990842
  0.27220184  0.21403238 -1.9730749   0.15658134]
[ 0.2021977   0.06220666  0.65973055  0.39132005  1.9848284   0.10812418
 -0.27919167 -0.07840918 -0.3279952  -1.4853035   0.3566501  -0.39699003
  0.27082306  0.29510868 -2.0438807   0.22831711]
[ 0.17123136  0.10081923  0.66675854  0.37925252  1.9801214   0.14982656
 -0.2986767  -0.10274191 -0.3679726  -1.5616639   0.36578068 -0.40775815
  0.3273915   0.268782   -1.9747461   0.2528121 ]
[ 0.12587066  0.04892889  0.67508733  0.35930696  2.0479236   0.17858447
 -0.4027651  -0.07091779 -0.37797692 -1.5351694   0.32557863 -0.41757545
  0.36726904  0.19117682 -1.8631916   0.2994935 ]
[ 0.20105004 -0.026166    0.6665851   0.3670912   2.078445    0.11926575
 -0.40244284 -0.07207938 -0.40502396 -1.4709173   0.3339253  -0.42326832
  0.4003523   0.1650823  -1.9073286   0.32567358]
[ 0.24533884 -0.02871345  0.544984    0.4518842   2.1424882  -0.03545334
 -0.30940053 -0.15689403 -0.5243317  -1.4367197   0.4752163  -0.53277177
  0.35740432  0.3404439  -2.0097604   0.42877167]
[ 1.4567690e-01 -5.6977637e-02  5.8432055e-01  4.1746086e-01
  2.2261753e+00  9.3691796e-04 -3.9723653e-01 -1.6210653e-01
 -6.0577524e-01 -1.4587095e+00  4.4098678e-01 -5.5815887e-01
  5.0374401e-01  2.8610474e-01 -1.8065697e+00  3.9343452e-01]
[ 0.15940812 -0.06218179  0.5125414   0.47298202  2.2268577  -0.08336705
 -0.335659   -0.17391138 -0.6203847  -1.4850515   0.49304646 -0.59543246
  0.47971648  0.38441768 -1.8747956   0.4567782 ]
[ 0.14321986 -0.03024885  0.51305497  0.4689106   2.2081795  -0.06843685
 -0.3235379  -0.16975026 -0.58688444 -1.5328425   0.48785344 -0.5915324
  0.45346874  0.38321096 -1.8761162   0.47788158]
[ 0.10300623  0.00359734  0.5240766   0.48165044  2.1960568  -0.03983442
 -0.35780632 -0.16197234 -0.556605   -1.5406834   0.5076346  -0.5887404
  0.4052872   0.3588652  -1.856987    0.47917414]
[ 0.01911702 -0.06834687  0.6026572   0.5052278   2.1416123   0.072118
 -0.43261957 -0.07283634 -0.47551146 -1.5017322   0.38410255 -0.46275082
  0.4708844   0.32531828 -1.8510792   0.29330045]
[ 0.08130829 -0.05903232  0.595031    0.52479255  2.0513444   0.03849781
 -0.364609   -0.05197122 -0.4408051  -1.4800155   0.3340699  -0.41681808
  0.44911537  0.3726807  -1.9436312   0.25855345]
[ 0.05630326  0.00294452  0.63630235  0.51291215  1.9965572   0.0630701
 -0.35855806 -0.06924848 -0.47953516 -1.5871924   0.3371997  -0.45660973
  0.47256222  0.39088932 -1.8416119   0.27495775]
[ 0.0216176   0.11639674  0.7215379   0.46504578  1.8860584   0.15611406
 -0.39349622 -0.01943416 -0.3551466  -1.7058642   0.31525725 -0.39738306
  0.38025835  0.29675668 -1.8261029   0.29065412]
[-0.02194612  0.17293975  0.67408866  0.43230468  1.9063473   0.16417006
 -0.43819976  0.02414105 -0.1818231  -1.6995767   0.39578208 -0.35622787
  0.20490973  0.26037642 -1.907038    0.32240406]
[ 7.5657316e-02  1.1622000e-01  6.5994012e-01  4.4485149e-01
  1.8845736e+00  1.3870683e-01 -4.0718788e-01 -6.8053900e-04
 -1.5374467e-01 -1.5384207e+00  3.7986031e-01 -3.0536097e-01
  1.1007905e-01  2.6785922e-01 -2.0587344e+00  3.3690742e-01]
[ 0.206618    0.09946863  0.574223    0.53305435  1.8968637   0.04016193
 -0.29509535 -0.10611403 -0.23508725 -1.4580193   0.44092184 -0.3919658
  0.06692273  0.41273555 -2.2370846   0.40385646]
[ 0.11815646  0.1979113   0.60243523  0.45075268  2.00571     0.11067235
 -0.41395822 -0.16455004 -0.27320513 -1.6325719   0.47246176 -0.43609077
  0.1999321   0.28713858 -2.0189888   0.4509465 ]
[ 0.02788223  0.27756307  0.56336355  0.49306646  2.053929    0.17373681
 -0.47457805 -0.19807263 -0.30646557 -1.6722584   0.52256435 -0.41984
  0.14353085  0.30879134 -1.9861348   0.45137328]
[ 0.01987663  0.30314732  0.51049733  0.45955896  2.1259632   0.16401441
 -0.5421511  -0.19408968 -0.25716165 -1.6836163   0.6260489  -0.4178911
  0.10478806  0.23627524 -2.0040307   0.507756  ]
[ 0.12673399  0.18594855  0.48735204  0.53593177  2.1497438   0.10545878
 -0.49765986 -0.22002527 -0.35470885 -1.5387421   0.60756934 -0.47822133
  0.12323389  0.3229035  -2.1278548   0.52927184]
[ 0.1878632   0.05844982  0.50477856  0.60954744  2.1320095   0.07364233
 -0.42558998 -0.20630093 -0.44303298 -1.4122488   0.4893457  -0.5059689
  0.16566762  0.39081624 -2.151236    0.4875783 ]
[ 0.2329582  -0.02348298  0.5216772   0.58406913  2.2145724  -0.01122853
 -0.35315576 -0.2935486  -0.62772864 -1.4264272   0.54097223 -0.6577322
  0.32811293  0.41808763 -1.9722741   0.4804283 ]
[ 0.26434523  0.01536174  0.46993643  0.46033087  2.1950893  -0.09148313
 -0.29711112 -0.22574472 -0.58950126 -1.4411187   0.58666956 -0.605749
  0.31114632  0.38977998 -1.979427    0.49305493]
[ 0.2270925  -0.00522453  0.5092188   0.4577427   2.2234178  -0.07528696
 -0.33829802 -0.19996007 -0.58165157 -1.470643    0.55111176 -0.60662687
  0.33526912  0.3615055  -1.9412218   0.50987136]
[ 0.18347928  0.00851876  0.49269468  0.50942844  2.1880367  -0.06090566
 -0.34387788 -0.18111166 -0.5626899  -1.5181721   0.5627963  -0.5828039
  0.32099208  0.38818878 -1.9540027   0.50537527]
[ 0.14570034  0.03297421  0.48070368  0.55778     2.1500382  -0.08935927
 -0.3708985  -0.16230342 -0.53710985 -1.583642    0.6022296  -0.58333355
  0.31005397  0.38943702 -1.9619942   0.5773514 ]
[ 0.12903726  0.05429143  0.5060141   0.5481934   2.1333513  -0.09089933
 -0.36680606 -0.18016057 -0.5404572  -1.6251959   0.61668813 -0.58883256
  0.30467638  0.36410704 -1.889857    0.5843886 ]
[ 0.13648072  0.08942282  0.5008314   0.5123445   2.1055126  -0.11044163
 -0.37636942 -0.16266498 -0.5080503  -1.6129465   0.64151156 -0.57541883
  0.24743061  0.40605488 -1.8653252   0.5294794 ]
[ 0.07759403  0.02942334  0.6368629   0.39526394  2.1476378  -0.0097953
 -0.48945364 -0.07580946 -0.4167026  -1.6252655   0.4784413  -0.53856343
  0.38632384  0.26489824 -1.7436569   0.43898883]
[ 0.12828183  0.15883961  0.61877424  0.38687974  2.144462   -0.00857131
 -0.45479193 -0.18107292 -0.4104186  -1.6535721   0.5924994  -0.5516571
  0.26423624  0.3514436  -1.8796504   0.4505809 ]
[ 0.05246128  0.28645626  0.6579329   0.45018625  1.9985027   0.19866072
 -0.43107715 -0.18466218 -0.28430134 -1.6712269   0.5488886  -0.4000717
  0.15521604  0.35681984 -2.0216928   0.23717892]
[ 0.03895578  0.3542009   0.59937274  0.4176384   2.0705447   0.19822797
 -0.50436413 -0.18043993 -0.21145184 -1.7583456   0.65417254 -0.39079618
  0.13047674  0.23721401 -2.0406537   0.33715868]
[ 0.11690088  0.27734816  0.56676704  0.45936355  2.157559    0.14155114
 -0.51333076 -0.24643207 -0.34596658 -1.6862236   0.7301588  -0.49478978
  0.13437513  0.2688595  -2.040505    0.42716342]
[ 0.16752498  0.18001768  0.6083217   0.45497203  2.1349337   0.12068167
 -0.5176859  -0.22939149 -0.40830675 -1.5911356   0.6362928  -0.50797075
  0.22018811  0.2781461  -2.018182    0.42369884]
[ 0.14836693  0.02755964  0.6601404   0.5277077   2.1487136   0.12448273
 -0.4956545  -0.23174238 -0.5195891  -1.4811169   0.49896187 -0.5404391
  0.36745995  0.31652722 -1.9471096   0.3452585 ]
[ 0.15573446 -0.07921191  0.63644725  0.45184517  2.3054168   0.00265298
 -0.4616778  -0.293506   -0.72431433 -1.543305    0.5792066  -0.71076906
  0.5942167   0.33621234 -1.6706845   0.37321535]
