[0. 0. 0. 0. 0. 0. 0. 0. 0. 0. 0. 0. 0. 0. 0. 0.]
[0. 0. 0. 0. 0. 0. 0. 0. 0. 0. 0. 0. 0. 0. 0. 0.]
[0. 0. 0. 0. 0. 0. 0. 0. 0. 0. 0. 0. 0. 0. 0. 0.]
[0. 0. 0. 0. 0. 0. 0. 0. 0. 0. 0. 0. 0. 0. 0. 0.]
[0. 0. 0. 0. 0. 0. 0. 0. 0. 0. 0. 0. 0. 0. 0. 0.]
[0. 0. 0. 0. 0. 0. 0. 0. 0. 0. 0. 0. 0. 0. 0. 0.]
[0. 0. 0. 0. 0. 0. 0. 0. 0. 0. 0. 0. 0. 0. 0. 0.]
[0. 0. 0. 0. 0. 0. 0. 0. 0. 0. 0. 0. 0. 0. 0. 0.]
[0. 0. 0. 0. 0. 0. 0. 0. 0. 0. 0. 0. 0. 0. 0. 0.]
[0. 0. 0. 0. 0. 0. 0. 0. 0. 0. 0. 0. 0. 0. 0. 0.]
[0. 0. 0. 0. 0. 0. 0. 0. 0. 0. 0. 0. 0. 0. 0. 0.]
[0. 0. 0. 0. 0. 0. 0. 0. 0. 0. 0. 0. 0. 0. 0. 0.]
[0. 0. 0. 0. 0. 0. 0. 0. 0. 0. 0. 0. 0. 0. 0. 0.]
[0. 0. 0. 0. 0. 0. 0. 0. 0. 0. 0. 0. 0. 0. 0. 0.]
[0. 0. 0. 0. 0. 0. 0. 0. 0. 0. 0. 0. 0. 0. 0. 0.]
[0. 0. 0. 0. 0. 0. 0. 0. 0. 0. 0. 0. 0. 0. 0. 0.]
[0. 0. 0. 0. 0. 0. 0. 0. 0. 0. 0. 0. 0. 0. 0. 0.]
[0. 0. 0. 0. 0. 0. 0. 0. 0. 0. 0. 0. 0. 0. 0. 0.]
[0. 0. 0. 0. 0. 0. 0. 0. 0. 0. 0. 0. 0. 0. 0. 0.]
[0. 0. 0. 0. 0. 0. 0. 0. 0. 0. 0. 0. 0. 0. 0. 0.]
[0. 0. 0. 0. 0. 0. 0. 0. 0. 0. 0. 0. 0. 0. 0. 0.]
[0. 0. 0. 0. 0. 0. 0. 0. 0. 0. 0. 0. 0. 0. 0. 0.]
[0. 0. 0. 0. 0. 0. 0. 0. 0. 0. 0. 0. 0. 0. 0. 0.]
[0. 0. 0. 0. 0. 0. 0. 0. 0. 0. 0. 0. 0. 0. 0. 0.]
[0. 0. 0. 0. 0. 0. 0. 0. 0. 0. 0. 0. 0. 0. 0. 0.]
[0. 0. 0. 0. 0. 0. 0. 0. 0. 0. 0. 0. 0. 0. 0. 0.]
[0. 0. 0. 0. 0. 0. 0. 0. 0. 0. 0. 0. 0. 0. 0. 0.]
[0. 0. 0. 0. 0. 0. 0. 0. 0. 0. 0. 0. 0. 0. 0. 0.]
[0. 0. 0. 0. 0. 0. 0. 0. 0. 0. 0. 0. 0. 0. 0. 0.]
[0. 0. 0. 0. 0. 0. 0. 0. 0. 0. 0. 0. 0. 0. 0. 0.]
[0. 0. 0. 0. 0. 0. 0. 0. 0. 0. 0. 0. 0. 0. 0. 0.]
[0. 0. 0. 0. 0. 0. 0. 0. 0. 0. 0. 0. 0. 0. 0. 0.]
[0. 0. 0. 0. 0. 0. 0. 0. 0. 0. 0. 0. 0. 0. 0. 0.]
[0. 0. 0. 0. 0. 0. 0. 0. 0. 0. 0. 0. 0. 0. 0. 0.]
[0. 0. 0. 0. 0. 0. 0. 0. 0. 0. 0. 0. 0. 0. 0. 0.]
[0. 0. 0. 0. 0. 0. 0. 0. 0. 0. 0. 0. 0. 0. 0. 0.]
[0. 0. 0. 0. 0. 0. 0. 0. 0. 0. 0. 0. 0. 0. 0. 0.]
[0. 0. 0. 0. 0. 0. 0. 0. 0. 0. 0. 0. 0. 0. 0. 0.]
[0. 0. 0. 0. 0. 0. 0. 0. 0. 0. 0. 0. 0. 0. 0. 0.]
[0. 0. 0. 0. 0. 0. 0. 0. 0. 0. 0. 0. 0. 0. 0. 0.]
[0. 0. 0. 0. 0. 0. 0. 0. 0. 0. 0. 0. 0. 0. 0. 0.]
[0. 0. 0. 0. 0. 0. 0. 0. 0. 0. 0. 0. 0. 0. 0. 0.]
[0. 0. 0. 0. 0. 0. 0. 0. 0. 0. 0. 0. 0. 0. 0. 0.]
[0. 0. 0. 0. 0. 0. 0. 0. 0. 0. 0. 0. 0. 0. 0. 0.]
[-0.48048943  0.61305964  0.38888177  0.9733788   1.711824    0.32309166
 -0.9440764  -0.41505003 -0.27047953 -1.6738422   0.72692764 -0.36548766
 -0.36141983  0.73854005 -2.0996711   1.1169753 ]
[-0.48048943  0.61305964  0.38888177  0.9733788   1.711824    0.32309166
 -0.9440764  -0.41505003 -0.27047953 -1.6738422   0.72692764 -0.36548766
 -0.36141983  0.73854005 -2.0996711   1.1169753 ]
[-0.48048943  0.61305964  0.38888177  0.9733788   1.711824    0.32309166
 -0.9440764  -0.41505003 -0.27047953 -1.6738422   0.72692764 -0.36548766
 -0.36141983  0.73854005 -2.0996711   1.1169753 ]
[-0.48048943  0.61305964  0.38888177  0.9733788   1.711824    0.32309166
 -0.9440764  -0.41505003 -0.27047953 -1.6738422   0.72692764 -0.36548766
 -0.36141983  0.73854005 -2.0996711   1.1169753 ]
[-0.5742127   0.57363003  0.36463326  0.99848     1.7316239   0.3578743
 -0.9757761  -0.34620556 -0.20490548 -1.6520379   0.65644526 -0.30646804
 -0.330589    0.7069476  -2.089302    1.0712215 ]
[-0.5742127   0.57363003  0.36463326  0.99848     1.7316239   0.3578743
 -0.9757761  -0.34620556 -0.20490548 -1.6520379   0.65644526 -0.30646804
 -0.330589    0.7069476  -2.089302    1.0712215 ]
[-0.5742127   0.57363003  0.36463326  0.99848     1.7316239   0.3578743
 -0.9757761  -0.34620556 -0.20490548 -1.6520379   0.65644526 -0.30646804
 -0.330589    0.7069476  -2.089302    1.0712215 ]
[-0.5742127   0.57363003  0.36463326  0.99848     1.7316239   0.3578743
 -0.9757761  -0.34620556 -0.20490548 -1.6520379   0.65644526 -0.30646804
 -0.330589    0.7069476  -2.089302    1.0712215 ]
[-0.5433873   0.533365    0.36674535  1.0287951   1.7552258   0.29151586
 -0.89045906 -0.35700202 -0.27151257 -1.6719669   0.6404729  -0.37881902
 -0.25642186  0.7293757  -2.1061988   1.112613  ]
[-0.5433873   0.533365    0.36674535  1.0287951   1.7552258   0.29151586
 -0.89045906 -0.35700202 -0.27151257 -1.6719669   0.6404729  -0.37881902
 -0.25642186  0.7293757  -2.1061988   1.112613  ]
[-0.5433873   0.533365    0.36674535  1.0287951   1.7552258   0.29151586
 -0.89045906 -0.35700202 -0.27151257 -1.6719669   0.6404729  -0.37881902
 -0.25642186  0.7293757  -2.1061988   1.112613  ]
[-0.4693814   0.51901615  0.38752598  1.0223179   1.7854147   0.281224
 -0.83029336 -0.42694807 -0.36885157 -1.6731422   0.65097857 -0.46828446
 -0.23476282  0.75471914 -2.0820172   1.1358528 ]
[-0.4693814   0.51901615  0.38752598  1.0223179   1.7854147   0.281224
 -0.83029336 -0.42694807 -0.36885157 -1.6731422   0.65097857 -0.46828446
 -0.23476282  0.75471914 -2.0820172   1.1358528 ]
[-0.4693814   0.51901615  0.38752598  1.0223179   1.7854147   0.281224
 -0.83029336 -0.42694807 -0.36885157 -1.6731422   0.65097857 -0.46828446
 -0.23476282  0.75471914 -2.0820172   1.1358528 ]
[-0.5208701   0.56370693  0.39761558  0.97150624  1.7508551   0.32569012
 -0.86633146 -0.3941413  -0.37025174 -1.6513172   0.6370777  -0.45114246
 -0.30010027  0.8001709  -2.0437484   1.1359707 ]
[-0.5208701   0.56370693  0.39761558  0.97150624  1.7508551   0.32569012
 -0.86633146 -0.3941413  -0.37025174 -1.6513172   0.6370777  -0.45114246
 -0.30010027  0.8001709  -2.0437484   1.1359707 ]
[-0.4469227   0.5696211   0.38846225  0.9777522   1.7249162   0.26803565
 -0.80114    -0.43345276 -0.41893512 -1.6718113   0.67747194 -0.4805332
 -0.2962349   0.82622546 -2.075894    1.1776063 ]
[-0.4469227   0.5696211   0.38846225  0.9777522   1.7249162   0.26803565
 -0.80114    -0.43345276 -0.41893512 -1.6718113   0.67747194 -0.4805332
 -0.2962349   0.82622546 -2.075894    1.1776063 ]
[-0.4909617   0.5246326   0.41545516  1.0951468   1.6331469   0.2794345
 -0.74675447 -0.36482748 -0.31491166 -1.6227181   0.5701455  -0.38398138
 -0.357309    0.8634304  -2.1969934   1.0781493 ]
[-0.4909617   0.5246326   0.41545516  1.0951468   1.6331469   0.2794345
 -0.74675447 -0.36482748 -0.31491166 -1.6227181   0.5701455  -0.38398138
 -0.357309    0.8634304  -2.1969934   1.0781493 ]
[-0.5138029   0.6071683   0.47011876  0.9810999   1.6419563   0.3551557
 -0.8160335  -0.4061033  -0.3156041  -1.6388252   0.63380206 -0.38072562
 -0.41003746  0.80964386 -2.1196458   1.0832355 ]
[-0.5138029   0.6071683   0.47011876  0.9810999   1.6419563   0.3551557
 -0.8160335  -0.4061033  -0.3156041  -1.6388252   0.63380206 -0.38072562
 -0.41003746  0.80964386 -2.1196458   1.0832355 ]
[-0.4392105   0.70838964  0.4212637   0.8695666   1.6582016   0.35718942
 -0.88628185 -0.45085025 -0.3566818  -1.6778692   0.74314904 -0.39956135
 -0.45363075  0.7310263  -2.0350697   1.1967729 ]
[-0.4392105   0.70838964  0.4212637   0.8695666   1.6582016   0.35718942
 -0.88628185 -0.45085025 -0.3566818  -1.6778692   0.74314904 -0.39956135
 -0.45363075  0.7310263  -2.0350697   1.1967729 ]
[-0.39769357  0.67099595  0.38428     0.90394384  1.6640755   0.27985567
 -0.89030486 -0.3903178  -0.31866646 -1.6725826   0.7082884  -0.3741997
 -0.44267112  0.71268165 -2.0937037   1.2438171 ]
[-0.39769357  0.67099595  0.38428     0.90394384  1.6640755   0.27985567
 -0.89030486 -0.3903178  -0.31866646 -1.6725826   0.7082884  -0.3741997
 -0.44267112  0.71268165 -2.0937037   1.2438171 ]
[-0.4440728   0.59517753  0.37467772  0.9514322   1.7474921   0.25848696
 -0.91583526 -0.3737964  -0.31554294 -1.7023796   0.6742263  -0.37844008
 -0.31187984  0.66870356 -2.058285    1.216808  ]
[-0.4440728   0.59517753  0.37467772  0.9514322   1.7474921   0.25848696
 -0.91583526 -0.3737964  -0.31554294 -1.7023796   0.6742263  -0.37844008
 -0.31187984  0.66870356 -2.058285    1.216808  ]
[-0.43055648  0.56436884  0.35521334  0.96223956  1.7855873   0.2118171
 -0.880896   -0.40883    -0.4064742  -1.729063    0.69118017 -0.471229
 -0.19800799  0.69558144 -2.0276084   1.2752552 ]
[-0.43055648  0.56436884  0.35521334  0.96223956  1.7855873   0.2118171
 -0.880896   -0.40883    -0.4064742  -1.729063    0.69118017 -0.471229
 -0.19800799  0.69558144 -2.0276084   1.2752552 ]
[-0.3939837   0.5348566   0.33971372  0.8617611   1.884214    0.2180767
 -0.8692501  -0.51085925 -0.5485592  -1.7415564   0.781558   -0.59345454
 -0.11848094  0.7275631  -1.8921944   1.3103465 ]
[-0.3939837   0.5348566   0.33971372  0.8617611   1.884214    0.2180767
 -0.8692501  -0.51085925 -0.5485592  -1.7415564   0.781558   -0.59345454
 -0.11848094  0.7275631  -1.8921944   1.3103465 ]
[-0.41853875  0.53255546  0.30653068  1.0007869   1.8199068   0.23872736
 -0.91416776 -0.4224957  -0.4307314  -1.6876326   0.68404096 -0.4959227
 -0.21465607  0.7498745  -2.0316975   1.2726892 ]
[-0.41853875  0.53255546  0.30653068  1.0007869   1.8199068   0.23872736
 -0.91416776 -0.4224957  -0.4307314  -1.6876326   0.68404096 -0.4959227
 -0.21465607  0.7498745  -2.0316975   1.2726892 ]
[-0.40703535  0.527929    0.27548194  0.99384576  1.841479    0.25111488
 -0.92655164 -0.41151485 -0.41856128 -1.6724336   0.68424225 -0.48870578
 -0.21904239  0.7460196  -2.0358322   1.248506  ]
[-0.40703535  0.527929    0.27548194  0.99384576  1.841479    0.25111488
 -0.92655164 -0.41151485 -0.41856128 -1.6724336   0.68424225 -0.48870578
 -0.21904239  0.7460196  -2.0358322   1.248506  ]
[-0.3970448   0.52161777  0.27422416  0.99340093  1.8664446   0.2613985
 -0.9349659  -0.4173585  -0.41873503 -1.6610101   0.69413793 -0.48824692
 -0.21578057  0.7284664  -2.0345385   1.2156874 ]
[-0.3970448   0.52161777  0.27422416  0.99340093  1.8664446   0.2613985
 -0.9349659  -0.4173585  -0.41873503 -1.6610101   0.69413793 -0.48824692
 -0.21578057  0.7284664  -2.0345385   1.2156874 ]
[-0.38511375  0.51113     0.27897912  0.98776597  1.8953564   0.27016693
 -0.93681955 -0.42221576 -0.43019205 -1.6507645   0.6972472  -0.48746553
 -0.20637016  0.71335495 -2.0309865   1.1823475 ]
[-0.38511375  0.51113     0.27897912  0.98776597  1.8953564   0.27016693
 -0.93681955 -0.42221576 -0.43019205 -1.6507645   0.6972472  -0.48746553
 -0.20637016  0.71335495 -2.0309865   1.1823475 ]
[-0.37221664  0.4978951   0.28500977  0.97951734  1.9224392   0.27749744
 -0.9355768  -0.43267965 -0.45382014 -1.640019    0.6969681  -0.48956937
 -0.19270465  0.7035607  -2.0205522   1.1598017 ]
[-0.37221664  0.4978951   0.28500977  0.97951734  1.9224392   0.27749744
 -0.9355768  -0.43267965 -0.45382014 -1.640019    0.6969681  -0.48956937
 -0.19270465  0.7035607  -2.0205522   1.1598017 ]
[-0.35260966  0.47180605  0.29121202  0.96405697  1.9585552   0.2811226
 -0.93133146 -0.44010776 -0.4835167  -1.624122    0.69597876 -0.49334174
 -0.1772131   0.68370306 -2.0063312   1.1468703 ]
[-0.35260966  0.47180605  0.29121202  0.96405697  1.9585552   0.2811226
 -0.93133146 -0.44010776 -0.4835167  -1.624122    0.69597876 -0.49334174
 -0.1772131   0.68370306 -2.0063312   1.1468703 ]
[-0.30893824  0.42092276  0.29933444  0.96129835  1.9990362   0.26346177
 -0.90012205 -0.44638532 -0.51347387 -1.6066784   0.6890245  -0.5048446
 -0.1446214   0.6582447  -2.01127     1.1281836 ]
[-0.30893824  0.42092276  0.29933444  0.96129835  1.9990362   0.26346177
 -0.90012205 -0.44638532 -0.51347387 -1.6066784   0.6890245  -0.5048446
 -0.1446214   0.6582447  -2.01127     1.1281836 ]
[-0.28344864  0.3640406   0.3275174   0.95556146  2.0270238   0.24875541
 -0.83969814 -0.46656078 -0.56427634 -1.60007     0.6764182  -0.53750896
 -0.07164831  0.65541553 -2.0098886   1.0993108 ]
[-0.28344864  0.3640406   0.3275174   0.95556146  2.0270238   0.24875541
 -0.83969814 -0.46656078 -0.56427634 -1.60007     0.6764182  -0.53750896
 -0.07164831  0.65541553 -2.0098886   1.0993108 ]
[-2.5806242e-01  3.4093344e-01  3.7600562e-01  8.7694520e-01
  2.0498044e+00  2.4290331e-01 -7.8891790e-01 -5.1638967e-01
 -6.5731484e-01 -1.6124671e+00  7.1197212e-01 -6.1147845e-01
  4.0189028e-04  6.6172439e-01 -1.9417309e+00  1.1056592e+00]
[-2.5806242e-01  3.4093344e-01  3.7600562e-01  8.7694520e-01
  2.0498044e+00  2.4290331e-01 -7.8891790e-01 -5.1638967e-01
 -6.5731484e-01 -1.6124671e+00  7.1197212e-01 -6.1147845e-01
  4.0189028e-04  6.6172439e-01 -1.9417309e+00  1.1056592e+00]
[-0.23000257  0.31809342  0.43167654  0.8006943   2.043213    0.21570948
 -0.70401204 -0.57366437 -0.7700285  -1.662431    0.74570465 -0.6901127
  0.09420253  0.6865714  -1.8467958   1.1207169 ]
[-0.23000257  0.31809342  0.43167654  0.8006943   2.043213    0.21570948
 -0.70401204 -0.57366437 -0.7700285  -1.662431    0.74570465 -0.6901127
  0.09420253  0.6865714  -1.8467958   1.1207169 ]
[-0.23000257  0.31809342  0.43167654  0.8006943   2.043213    0.21570948
 -0.70401204 -0.57366437 -0.7700285  -1.662431    0.74570465 -0.6901127
  0.09420253  0.6865714  -1.8467958   1.1207169 ]
[-0.23939979  0.31348315  0.45008373  0.7920327   2.0090377   0.20579
 -0.6721545  -0.5713078  -0.7921433  -1.6847839   0.7385848  -0.7074915
  0.10629833  0.70205045 -1.8233134   1.1536448 ]
[-0.23939979  0.31348315  0.45008373  0.7920327   2.0090377   0.20579
 -0.6721545  -0.5713078  -0.7921433  -1.6847839   0.7385848  -0.7074915
  0.10629833  0.70205045 -1.8233134   1.1536448 ]
[-0.25763986  0.29588228  0.4479142   0.8026916   1.9659243   0.1935818
 -0.638939   -0.5700313  -0.8056299  -1.6915945   0.73281276 -0.71362686
  0.13105097  0.7340268  -1.8217169   1.1758226 ]
[-0.25763986  0.29588228  0.4479142   0.8026916   1.9659243   0.1935818
 -0.638939   -0.5700313  -0.8056299  -1.6915945   0.73281276 -0.71362686
  0.13105097  0.7340268  -1.8217169   1.1758226 ]
[-0.2816661   0.28811032  0.4463473   0.81692106  1.9432337   0.19408502
 -0.6464921  -0.5555481  -0.79927427 -1.6949298   0.71232283 -0.70291346
  0.1524349   0.7542304  -1.8401928   1.1941864 ]
[-0.2816661   0.28811032  0.4463473   0.81692106  1.9432337   0.19408502
 -0.6464921  -0.5555481  -0.79927427 -1.6949298   0.71232283 -0.70291346
  0.1524349   0.7542304  -1.8401928   1.1941864 ]
[-0.30201992  0.29697052  0.4482031   0.8511671   1.9096482   0.1818591
 -0.65838957 -0.52757573 -0.7684786  -1.688104    0.67813885 -0.6875028
  0.13892892  0.7889042  -1.8915184   1.2114038 ]
[-0.30201992  0.29697052  0.4482031   0.8511671   1.9096482   0.1818591
 -0.65838957 -0.52757573 -0.7684786  -1.688104    0.67813885 -0.6875028
  0.13892892  0.7889042  -1.8915184   1.2114038 ]
[-0.33602598  0.32687292  0.4339741   0.8653537   1.8725733   0.17650191
 -0.6770684  -0.5090617  -0.73775107 -1.7011573   0.67561835 -0.67758524
  0.11342208  0.8170994  -1.9000107   1.2405174 ]
[-0.33602598  0.32687292  0.4339741   0.8653537   1.8725733   0.17650191
 -0.6770684  -0.5090617  -0.73775107 -1.7011573   0.67561835 -0.67758524
  0.11342208  0.8170994  -1.9000107   1.2405174 ]
[-0.3602896   0.37903565  0.42429906  0.86041373  1.8543831   0.1931973
 -0.7085198  -0.5120138  -0.7054097  -1.7248961   0.678738   -0.65933645
  0.06686712  0.8222891  -1.892284    1.269063  ]
[-0.3602896   0.37903565  0.42429906  0.86041373  1.8543831   0.1931973
 -0.7085198  -0.5120138  -0.7054097  -1.7248961   0.678738   -0.65933645
  0.06686712  0.8222891  -1.892284    1.269063  ]
[-0.39634     0.45271295  0.40161505  0.86460656  1.8211031   0.1875805
 -0.76317626 -0.46456662 -0.6114148  -1.7312381   0.6860271  -0.6196297
 -0.05357955  0.83420527 -1.9274559   1.3078384 ]
[-0.39634     0.45271295  0.40161505  0.86460656  1.8211031   0.1875805
 -0.76317626 -0.46456662 -0.6114148  -1.7312381   0.6860271  -0.6196297
 -0.05357955  0.83420527 -1.9274559   1.3078384 ]
[-0.39316714  0.50512016  0.37236956  0.88790494  1.7857273   0.18542627
 -0.8146531  -0.42101425 -0.51859415 -1.722736    0.6736435  -0.5783901
 -0.16081186  0.82405263 -1.9833256   1.3493661 ]
[-0.39316714  0.50512016  0.37236956  0.88790494  1.7857273   0.18542627
 -0.8146531  -0.42101425 -0.51859415 -1.722736    0.6736435  -0.5783901
 -0.16081186  0.82405263 -1.9833256   1.3493661 ]
[-0.40250477  0.5078746   0.32563597  1.0255516   1.7114296   0.1585903
 -0.82341385 -0.3326342  -0.38290015 -1.6846184   0.5913302  -0.48847818
 -0.2585303   0.8393566  -2.1391578   1.3438098 ]
[-0.40250477  0.5078746   0.32563597  1.0255516   1.7114296   0.1585903
 -0.82341385 -0.3326342  -0.38290015 -1.6846184   0.5913302  -0.48847818
 -0.2585303   0.8393566  -2.1391578   1.3438098 ]
[-0.38597423  0.49345675  0.35203344  1.0495594   1.706453    0.1752756
 -0.83285314 -0.33862674 -0.3919211  -1.6624933   0.5700268  -0.4543828
 -0.2871219   0.82824403 -2.1548913   1.3233764 ]
[-0.38597423  0.49345675  0.35203344  1.0495594   1.706453    0.1752756
 -0.83285314 -0.33862674 -0.3919211  -1.6624933   0.5700268  -0.4543828
 -0.2871219   0.82824403 -2.1548913   1.3233764 ]
[-0.4276852   0.46919745  0.29395926  1.091613    1.6850119   0.18462315
 -0.8301489  -0.2734761  -0.32898876 -1.6308578   0.49356732 -0.378073
 -0.30061474  0.85169315 -2.1959066   1.286287  ]
[-0.4276852   0.46919745  0.29395926  1.091613    1.6850119   0.18462315
 -0.8301489  -0.2734761  -0.32898876 -1.6308578   0.49356732 -0.378073
 -0.30061474  0.85169315 -2.1959066   1.286287  ]
[-0.40773854  0.47761956  0.27785492  1.0669782   1.7106584   0.15800624
 -0.8333788  -0.2893135  -0.3486262  -1.6554397   0.53964674 -0.42516756
 -0.26197833  0.8490406  -2.1868818   1.3197038 ]
[-0.40773854  0.47761956  0.27785492  1.0669782   1.7106584   0.15800624
 -0.8333788  -0.2893135  -0.3486262  -1.6554397   0.53964674 -0.42516756
 -0.26197833  0.8490406  -2.1868818   1.3197038 ]
[-0.3830389   0.4825694   0.3003896   1.0374146   1.7449102   0.15140788
 -0.85282695 -0.3255391  -0.3886814  -1.6802851   0.5865577  -0.47689104
 -0.22394553  0.8222936  -2.149197    1.3460872 ]
[-0.3830389   0.4825694   0.3003896   1.0374146   1.7449102   0.15140788
 -0.85282695 -0.3255391  -0.3886814  -1.6802851   0.5865577  -0.47689104
 -0.22394553  0.8222936  -2.149197    1.3460872 ]
[-0.3888386   0.47985297  0.30061355  1.0445411   1.7466667   0.16002388
 -0.8548727  -0.33278185 -0.39480758 -1.6788206   0.5850642  -0.47407484
 -0.21417603  0.82763636 -2.149115    1.3338608 ]
[-0.3888386   0.47985297  0.30061355  1.0445411   1.7466667   0.16002388
 -0.8548727  -0.33278185 -0.39480758 -1.6788206   0.5850642  -0.47407484
 -0.21417603  0.82763636 -2.149115    1.3338608 ]
[-0.3945214   0.47308105  0.30146748  1.0522444   1.7471269   0.17026094
 -0.8550786  -0.34020367 -0.40411502 -1.6769451   0.580583   -0.47240147
 -0.2016586   0.8335062  -2.146142    1.3231443 ]
[-0.3945214   0.47308105  0.30146748  1.0522444   1.7471269   0.17026094
 -0.8550786  -0.34020367 -0.40411502 -1.6769451   0.580583   -0.47240147
 -0.2016586   0.8335062  -2.146142    1.3231443 ]
[-0.39752936  0.461487    0.30547616  1.0607874   1.7449837   0.17802985
 -0.8485586  -0.34621888 -0.41747037 -1.6732857   0.5723546  -0.47098604
 -0.18878444  0.8435003  -2.1452045   1.3112068 ]
[-0.39752936  0.461487    0.30547616  1.0607874   1.7449837   0.17802985
 -0.8485586  -0.34621888 -0.41747037 -1.6732857   0.5723546  -0.47098604
 -0.18878444  0.8435003  -2.1452045   1.3112068 ]
[-0.39525485  0.44640398  0.29665706  1.0778275   1.7475199   0.19448356
 -0.84545326 -0.35542765 -0.43004245 -1.6609284   0.55965906 -0.4657421
 -0.17361623  0.848594   -2.1477535   1.2922567 ]
[-0.39525485  0.44640398  0.29665706  1.0778275   1.7475199   0.19448356
 -0.84545326 -0.35542765 -0.43004245 -1.6609284   0.55965906 -0.4657421
 -0.17361623  0.848594   -2.1477535   1.2922567 ]
[-0.37287036  0.42537132  0.28159633  1.0993986   1.758604    0.21276955
 -0.8463558  -0.35984594 -0.43724832 -1.6363713   0.5490737  -0.45118707
 -0.16736221  0.8471627  -2.1648207   1.2497356 ]
[-0.37287036  0.42537132  0.28159633  1.0993986   1.758604    0.21276955
 -0.8463558  -0.35984594 -0.43724832 -1.6363713   0.5490737  -0.45118707
 -0.16736221  0.8471627  -2.1648207   1.2497356 ]
[-0.34943765  0.4106093   0.2584258   1.1288862   1.7569504   0.22387812
 -0.8291278  -0.36274773 -0.43413982 -1.6052405   0.5364642  -0.43579474
 -0.1663749   0.859      -2.2043273   1.1988809 ]
[-0.34943765  0.4106093   0.2584258   1.1288862   1.7569504   0.22387812
 -0.8291278  -0.36274773 -0.43413982 -1.6052405   0.5364642  -0.43579474
 -0.1663749   0.859      -2.2043273   1.1988809 ]
[-0.34729826  0.40474972  0.25829282  1.1267229   1.789645    0.24694833
 -0.8450097  -0.3781167  -0.44239038 -1.5950769   0.54843545 -0.43351498
 -0.15227689  0.83817863 -2.1892745   1.1543539 ]
[-0.34729826  0.40474972  0.25829282  1.1267229   1.789645    0.24694833
 -0.8450097  -0.3781167  -0.44239038 -1.5950769   0.54843545 -0.43351498
 -0.15227689  0.83817863 -2.1892745   1.1543539 ]
[-0.3538702   0.404847    0.2584992   1.1087221   1.8243401   0.26001093
 -0.85417193 -0.3879206  -0.4624973  -1.5966091   0.56030744 -0.44290537
 -0.13127133  0.8269986  -2.162278    1.1315968 ]
[-0.3538702   0.404847    0.2584992   1.1087221   1.8243401   0.26001093
 -0.85417193 -0.3879206  -0.4624973  -1.5966091   0.56030744 -0.44290537
 -0.13127133  0.8269986  -2.162278    1.1315968 ]
[-0.35058436  0.41422907  0.2695257   1.0883075   1.8554211   0.27109045
 -0.85611963 -0.40362453 -0.481775   -1.5963532   0.57904667 -0.4484786
 -0.12894933  0.7978422  -2.138492    1.1120614 ]
[-0.35058436  0.41422907  0.2695257   1.0883075   1.8554211   0.27109045
 -0.85611963 -0.40362453 -0.481775   -1.5963532   0.57904667 -0.4484786
 -0.12894933  0.7978422  -2.138492    1.1120614 ]
[-0.35626203  0.3907351   0.28152198  1.0636714   1.8736293   0.2504909
 -0.8325695  -0.3966891  -0.5127651  -1.6072161   0.57884556 -0.46491235
 -0.10155104  0.7923583  -2.1042829   1.1283457 ]
[-0.35626203  0.3907351   0.28152198  1.0636714   1.8736293   0.2504909
 -0.8325695  -0.3966891  -0.5127651  -1.6072161   0.57884556 -0.46491235
 -0.10155104  0.7923583  -2.1042829   1.1283457 ]
[-0.34984124  0.34656337  0.3029717   1.0567976   1.8916699   0.21771188
 -0.7864088  -0.4035209  -0.54403657 -1.6132786   0.5767716  -0.48445463
 -0.0657085   0.77788496 -2.0854118   1.1451585 ]
[-0.34984124  0.34656337  0.3029717   1.0567976   1.8916699   0.21771188
 -0.7864088  -0.4035209  -0.54403657 -1.6132786   0.5767716  -0.48445463
 -0.0657085   0.77788496 -2.0854118   1.1451585 ]
[-3.3281261e-01  2.8201464e-01  3.5147047e-01  1.0437930e+00
  1.9014642e+00  1.9648568e-01 -7.2469825e-01 -4.2545223e-01
 -5.9509909e-01 -1.6112359e+00  5.6549895e-01 -5.2713972e-01
 -4.0772781e-04  7.7774167e-01 -2.0624673e+00  1.1420196e+00]
[-3.3281261e-01  2.8201464e-01  3.5147047e-01  1.0437930e+00
  1.9014642e+00  1.9648568e-01 -7.2469825e-01 -4.2545223e-01
 -5.9509909e-01 -1.6112359e+00  5.6549895e-01 -5.2713972e-01
 -4.0772781e-04  7.7774167e-01 -2.0624673e+00  1.1420196e+00]
[-0.34257185  0.27232483  0.43074727  0.933582    1.9352856   0.20433538
 -0.721957   -0.46185675 -0.68382263 -1.644551    0.606863   -0.60994816
  0.07633741  0.7706893  -1.9536533   1.1691784 ]
[-0.34257185  0.27232483  0.43074727  0.933582    1.9352856   0.20433538
 -0.721957   -0.46185675 -0.68382263 -1.644551    0.606863   -0.60994816
  0.07633741  0.7706893  -1.9536533   1.1691784 ]
[-0.33630288  0.30699143  0.47384292  0.84855443  1.931967    0.21337745
 -0.71485245 -0.516159   -0.7541125  -1.6924505   0.64928746 -0.6610541
  0.12228768  0.764735   -1.8613529   1.2076213 ]
[-0.33630288  0.30699143  0.47384292  0.84855443  1.931967    0.21337745
 -0.71485245 -0.516159   -0.7541125  -1.6924505   0.64928746 -0.6610541
  0.12228768  0.764735   -1.8613529   1.2076213 ]
[-0.36195052  0.32670516  0.47275004  0.8625101   1.8869814   0.20507869
 -0.7139266  -0.5112791  -0.74387646 -1.7069737   0.6492652  -0.6492977
  0.12259632  0.8099927  -1.8818753   1.2159065 ]
[-0.36195052  0.32670516  0.47275004  0.8625101   1.8869814   0.20507869
 -0.7139266  -0.5112791  -0.74387646 -1.7069737   0.6492652  -0.6492977
  0.12259632  0.8099927  -1.8818753   1.2159065 ]
[-0.36195052  0.32670516  0.47275004  0.8625101   1.8869814   0.20507869
 -0.7139266  -0.5112791  -0.74387646 -1.7069737   0.6492652  -0.6492977
  0.12259632  0.8099927  -1.8818753   1.2159065 ]
[-0.3737322   0.36687145  0.4686656   0.8562067   1.8805456   0.2171567
 -0.75738794 -0.5043149  -0.695953   -1.7170616   0.6473421  -0.6273015
  0.05523772  0.81455487 -1.8839945   1.2377108 ]
[-0.3737322   0.36687145  0.4686656   0.8562067   1.8805456   0.2171567
 -0.75738794 -0.5043149  -0.695953   -1.7170616   0.6473421  -0.6273015
  0.05523772  0.81455487 -1.8839945   1.2377108 ]
[-0.4170084   0.416646    0.41885185  0.8632539   1.8740721   0.21978803
 -0.8383123  -0.4490661  -0.6038829  -1.7250932   0.65238583 -0.59243953
 -0.04652302  0.807666   -1.8847147   1.2925701 ]
[-0.4170084   0.416646    0.41885185  0.8632539   1.8740721   0.21978803
 -0.8383123  -0.4490661  -0.6038829  -1.7250932   0.65238583 -0.59243953
 -0.04652302  0.807666   -1.8847147   1.2925701 ]
[-0.4170084   0.416646    0.41885185  0.8632539   1.8740721   0.21978803
 -0.8383123  -0.4490661  -0.6038829  -1.7250932   0.65238583 -0.59243953
 -0.04652302  0.807666   -1.8847147   1.2925701 ]
[-0.43464723  0.43719125  0.36559543  0.9222084   1.8195524   0.21052346
 -0.8727595  -0.38560328 -0.5303668  -1.7128887   0.6239153  -0.54600084
 -0.0992333   0.8216711  -1.9586617   1.3294793 ]
[-0.43464723  0.43719125  0.36559543  0.9222084   1.8195524   0.21052346
 -0.8727595  -0.38560328 -0.5303668  -1.7128887   0.6239153  -0.54600084
 -0.0992333   0.8216711  -1.9586617   1.3294793 ]
[-0.37606594  0.38812798  0.2881022   1.1285022   1.6779492   0.14471695
 -0.76341414 -0.302709   -0.41264564 -1.6330761   0.49101943 -0.44604546
 -0.18611458  0.913427   -2.2343042   1.311424  ]
[-0.37606594  0.38812798  0.2881022   1.1285022   1.6779492   0.14471695
 -0.76341414 -0.302709   -0.41264564 -1.6330761   0.49101943 -0.44604546
 -0.18611458  0.913427   -2.2343042   1.311424  ]
[-0.3670572   0.38739818  0.2817402   1.1166644   1.6695589   0.1402928
 -0.7495254  -0.29478407 -0.4136243  -1.6283524   0.4867118  -0.46024123
 -0.19216977  0.9347061  -2.2427187   1.3207551 ]
[-0.3670572   0.38739818  0.2817402   1.1166644   1.6695589   0.1402928
 -0.7495254  -0.29478407 -0.4136243  -1.6283524   0.4867118  -0.46024123
 -0.19216977  0.9347061  -2.2427187   1.3207551 ]
[-0.36314243  0.3815513   0.28471372  1.1230767   1.6640389   0.13925572
 -0.7433844  -0.28754848 -0.4095338  -1.6259041   0.47460407 -0.44677973
 -0.20001619  0.94007033 -2.2511292   1.3091058 ]
[-0.36314243  0.3815513   0.28471372  1.1230767   1.6640389   0.13925572
 -0.7433844  -0.28754848 -0.4095338  -1.6259041   0.47460407 -0.44677973
 -0.20001619  0.94007033 -2.2511292   1.3091058 ]
[-0.353004    0.37324184  0.28288278  1.1103666   1.6689243   0.13355972
 -0.73810756 -0.27898616 -0.41170412 -1.6216209   0.4729271  -0.44856057
 -0.2088188   0.94098663 -2.2477674   1.3148263 ]
[-0.353004    0.37324184  0.28288278  1.1103666   1.6689243   0.13355972
 -0.73810756 -0.27898616 -0.41170412 -1.6216209   0.4729271  -0.44856057
 -0.2088188   0.94098663 -2.2477674   1.3148263 ]
[-0.34569597  0.3761383   0.28577662  1.1083977   1.6537571   0.12288523
 -0.7383211  -0.26279578 -0.39167976 -1.6161938   0.46772736 -0.44040823
 -0.2333519   0.94049037 -2.259233    1.3218883 ]
[-0.34569597  0.3761383   0.28577662  1.1083977   1.6537571   0.12288523
 -0.7383211  -0.26279578 -0.39167976 -1.6161938   0.46772736 -0.44040823
 -0.2333519   0.94049037 -2.259233    1.3218883 ]
[-0.3830704   0.39270806  0.27160153  1.1333078   1.6312511   0.13172285
 -0.74218667 -0.23582537 -0.34136325 -1.5996084   0.43367592 -0.38568515
 -0.25711322  0.9493958  -2.2928262   1.2828672 ]
[-0.3830704   0.39270806  0.27160153  1.1333078   1.6312511   0.13172285
 -0.74218667 -0.23582537 -0.34136325 -1.5996084   0.43367592 -0.38568515
 -0.25711322  0.9493958  -2.2928262   1.2828672 ]
[-0.32870248  0.38942108  0.29805934  1.1376482   1.6590561   0.11984603
 -0.7457999  -0.2835092  -0.3815593  -1.6147226   0.47250026 -0.42751732
 -0.2413753   0.9090935  -2.2887926   1.3152198 ]
[-0.32870248  0.38942108  0.29805934  1.1376482   1.6590561   0.11984603
 -0.7457999  -0.2835092  -0.3815593  -1.6147226   0.47250026 -0.42751732
 -0.2413753   0.9090935  -2.2887926   1.3152198 ]
[-0.3237118   0.39205858  0.28481987  1.131828    1.647155    0.12384971
 -0.75174606 -0.26405317 -0.36830384 -1.6089573   0.46033898 -0.40929222
 -0.2624582   0.9125622  -2.2949185   1.3202064 ]
[-0.3237118   0.39205858  0.28481987  1.131828    1.647155    0.12384971
 -0.75174606 -0.26405317 -0.36830384 -1.6089573   0.46033898 -0.40929222
 -0.2624582   0.9125622  -2.2949185   1.3202064 ]
[-0.33235872  0.38071474  0.24706185  1.1563883   1.6256307   0.11719511
 -0.71679145 -0.24392636 -0.346162   -1.595905    0.4306058  -0.3773715
 -0.26084128  0.95062274 -2.3297174   1.2835543 ]
[-0.33235872  0.38071474  0.24706185  1.1563883   1.6256307   0.11719511
 -0.71679145 -0.24392636 -0.346162   -1.595905    0.4306058  -0.3773715
 -0.26084128  0.95062274 -2.3297174   1.2835543 ]
[-0.3364017   0.39717057  0.28519353  1.1239173   1.6733824   0.11305784
 -0.7653838  -0.2673911  -0.3747543  -1.6262734   0.4798875  -0.43014932
 -0.22525029  0.8999742  -2.279958    1.3223504 ]
[-0.3364017   0.39717057  0.28519353  1.1239173   1.6733824   0.11305784
 -0.7653838  -0.2673911  -0.3747543  -1.6262734   0.4798875  -0.43014932
 -0.22525029  0.8999742  -2.279958    1.3223504 ]
[-0.34140742  0.40114102  0.28641415  1.1264184   1.6748743   0.12026805
 -0.76882184 -0.27518803 -0.3783859  -1.627367    0.48392695 -0.4296557
 -0.22271386  0.8979362  -2.274706    1.3164719 ]
[-0.34140742  0.40114102  0.28641415  1.1264184   1.6748743   0.12026805
 -0.76882184 -0.27518803 -0.3783859  -1.627367    0.48392695 -0.4296557
 -0.22271386  0.8979362  -2.274706    1.3164719 ]
[-0.3462396   0.40346575  0.2877429   1.1288483   1.677075    0.12817009
 -0.7730058  -0.28420863 -0.3851679  -1.6284559   0.48664588 -0.42914596
 -0.21754141  0.89738226 -2.2674584   1.3109581 ]
[-0.3462396   0.40346575  0.2877429   1.1288483   1.677075    0.12817009
 -0.7730058  -0.28420863 -0.3851679  -1.6284559   0.48664588 -0.42914596
 -0.21754141  0.89738226 -2.2674584   1.3109581 ]
[-0.35467905  0.4082479   0.2892972   1.1315576   1.6806767   0.13893797
 -0.77894163 -0.29614213 -0.39290583 -1.6299626   0.49274462 -0.43018684
 -0.20973024  0.8958286  -2.2577477   1.30181   ]
[-0.35467905  0.4082479   0.2892972   1.1315576   1.6806767   0.13893797
 -0.77894163 -0.29614213 -0.39290583 -1.6299626   0.49274462 -0.43018684
 -0.20973024  0.8958286  -2.2577477   1.30181   ]
[-0.35291067  0.40565205  0.29341573  1.1271496   1.6815802   0.14046735
 -0.7762209  -0.29954436 -0.4020474  -1.6315403   0.49304453 -0.43163094
 -0.20824198  0.895288   -2.2497807   1.3041513 ]
[-0.35291067  0.40565205  0.29341573  1.1271496   1.6815802   0.14046735
 -0.7762209  -0.29954436 -0.4020474  -1.6315403   0.49304453 -0.43163094
 -0.20824198  0.895288   -2.2497807   1.3041513 ]
[-0.35237318  0.4068976   0.29850528  1.1184508   1.6810226   0.14054891
 -0.76832    -0.30308494 -0.4079775  -1.6350791   0.49798226 -0.43693632
 -0.21177554  0.8932236  -2.2412858   1.3091259 ]
[-0.35237318  0.4068976   0.29850528  1.1184508   1.6810226   0.14054891
 -0.76832    -0.30308494 -0.4079775  -1.6350791   0.49798226 -0.43693632
 -0.21177554  0.8932236  -2.2412858   1.3091259 ]
[-0.356394    0.40592426  0.2920965   1.1141914   1.6840537   0.14617367
 -0.76841897 -0.30823624 -0.41203088 -1.6369858   0.501474   -0.44413978
 -0.20866212  0.89069843 -2.2284174   1.3180275 ]
[-0.356394    0.40592426  0.2920965   1.1141914   1.6840537   0.14617367
 -0.76841897 -0.30823624 -0.41203088 -1.6369858   0.501474   -0.44413978
 -0.20866212  0.89069843 -2.2284174   1.3180275 ]
[-0.36060584  0.40045363  0.28169277  1.1024227   1.6931219   0.1420901
 -0.76975226 -0.30439627 -0.4192829  -1.6398792   0.50255615 -0.45928383
 -0.19455644  0.9033782  -2.217146    1.3291327 ]
[-0.36060584  0.40045363  0.28169277  1.1024227   1.6931219   0.1420901
 -0.76975226 -0.30439627 -0.4192829  -1.6398792   0.50255615 -0.45928383
 -0.19455644  0.9033782  -2.217146    1.3291327 ]
[-0.36388105  0.40211195  0.27774724  1.1096504   1.6910541   0.14618328
 -0.76922846 -0.30772826 -0.41970152 -1.6359018   0.50157034 -0.45834383
 -0.19177487  0.9098757  -2.2245317   1.3226496 ]
[-0.36388105  0.40211195  0.27774724  1.1096504   1.6910541   0.14618328
 -0.76922846 -0.30772826 -0.41970152 -1.6359018   0.50157034 -0.45834383
 -0.19177487  0.9098757  -2.2245317   1.3226496 ]
[-0.36782554  0.3963923   0.27990657  1.118414    1.6943951   0.1515061
 -0.771734   -0.30933452 -0.42203084 -1.6309341   0.49531502 -0.4502057
 -0.18913636  0.91280794 -2.2286038   1.3103441 ]
[-0.36782554  0.3963923   0.27990657  1.118414    1.6943951   0.1515061
 -0.771734   -0.30933452 -0.42203084 -1.6309341   0.49531502 -0.4502057
 -0.18913636  0.91280794 -2.2286038   1.3103441 ]
[-0.37137657  0.39320722  0.27676815  1.1063861   1.7071117   0.15294537
 -0.77491367 -0.30721775 -0.42612743 -1.6312568   0.49850804 -0.45470104
 -0.1845777   0.91501904 -2.2182674   1.3077805 ]
[-0.37137657  0.39320722  0.27676815  1.1063861   1.7071117   0.15294537
 -0.77491367 -0.30721775 -0.42612743 -1.6312568   0.49850804 -0.45470104
 -0.1845777   0.91501904 -2.2182674   1.3077805 ]
[-0.3751563   0.3959891   0.2788427   1.0978647   1.7107544   0.15294555
 -0.7826034  -0.30308762 -0.42180914 -1.6338238   0.5024003  -0.45532435
 -0.18562987  0.9083446  -2.209256    1.3089259 ]
[-0.3751563   0.3959891   0.2788427   1.0978647   1.7107544   0.15294555
 -0.7826034  -0.30308762 -0.42180914 -1.6338238   0.5024003  -0.45532435
 -0.18562987  0.9083446  -2.209256    1.3089259 ]
[-0.38013086  0.40109652  0.27498406  1.0951145   1.7162228   0.15564373
 -0.79313844 -0.30507517 -0.4168063  -1.6365583   0.50838846 -0.45408878
 -0.18394747  0.9075569  -2.2039394   1.3040444 ]
[-0.38013086  0.40109652  0.27498406  1.0951145   1.7162228   0.15564373
 -0.79313844 -0.30507517 -0.4168063  -1.6365583   0.50838846 -0.45408878
 -0.18394747  0.9075569  -2.2039394   1.3040444 ]
[-0.3634525   0.41120282  0.28499335  1.1417439   1.6962662   0.1736474
 -0.7937076  -0.33162645 -0.41921455 -1.625541    0.5026084  -0.42828926
 -0.18854335  0.8885703  -2.2337465   1.2731221 ]
[-0.3634525   0.41120282  0.28499335  1.1417439   1.6962662   0.1736474
 -0.7937076  -0.33162645 -0.41921455 -1.625541    0.5026084  -0.42828926
 -0.18854335  0.8885703  -2.2337465   1.2731221 ]
[-0.36535177  0.40023178  0.28030097  1.1473246   1.7133799   0.19276182
 -0.80639946 -0.3474725  -0.43569812 -1.6180239   0.50358725 -0.42484576
 -0.16422845  0.8881997  -2.2208312   1.2441424 ]
[-0.36535177  0.40023178  0.28030097  1.1473246   1.7133799   0.19276182
 -0.80639946 -0.3474725  -0.43569812 -1.6180239   0.50358725 -0.42484576
 -0.16422845  0.8881997  -2.2208312   1.2441424 ]
[-0.36971796  0.38991696  0.26967192  1.139642    1.7341706   0.20748827
 -0.8135198  -0.3595481  -0.4521068  -1.6159824   0.5096303  -0.43616718
 -0.13586652  0.8946266  -2.2004776   1.2248281 ]
[-0.36971796  0.38991696  0.26967192  1.139642    1.7341706   0.20748827
 -0.8135198  -0.3595481  -0.4521068  -1.6159824   0.5096303  -0.43616718
 -0.13586652  0.8946266  -2.2004776   1.2248281 ]
[-0.36604193  0.37912706  0.26529017  1.1437204   1.7604271   0.2344125
 -0.8238829  -0.37650222 -0.46687493 -1.6044585   0.51096815 -0.4305831
 -0.12022646  0.8806205  -2.189642    1.189046  ]
[-0.36604193  0.37912706  0.26529017  1.1437204   1.7604271   0.2344125
 -0.8238829  -0.37650222 -0.46687493 -1.6044585   0.51096815 -0.4305831
 -0.12022646  0.8806205  -2.189642    1.189046  ]
[-0.35586828  0.36629674  0.24785733  1.1289501   1.8007206   0.25149256
 -0.83863896 -0.3819852  -0.4737788  -1.5924642   0.52287483 -0.43547955
 -0.10832751  0.8654765  -2.1723673   1.1598141 ]
[-0.35586828  0.36629674  0.24785733  1.1289501   1.8007206   0.25149256
 -0.83863896 -0.3819852  -0.4737788  -1.5924642   0.52287483 -0.43547955
 -0.10832751  0.8654765  -2.1723673   1.1598141 ]
[-0.34581342  0.370282    0.24598834  1.1217685   1.8266866   0.2629807
 -0.84357214 -0.3869936  -0.48196667 -1.5865202   0.53565836 -0.4377893
 -0.10021107  0.8407811  -2.1682916   1.1305692 ]
[-0.34581342  0.370282    0.24598834  1.1217685   1.8266866   0.2629807
 -0.84357214 -0.3869936  -0.48196667 -1.5865202   0.53565836 -0.4377893
 -0.10021107  0.8407811  -2.1682916   1.1305692 ]
[-0.33710194  0.36390275  0.25531042  1.1171669   1.8534704   0.27070704
 -0.8309854  -0.3968584  -0.49569616 -1.5764095   0.5427748  -0.44322783
 -0.09115285  0.82344323 -2.1662126   1.0929186 ]
[-0.33710194  0.36390275  0.25531042  1.1171669   1.8534704   0.27070704
 -0.8309854  -0.3968584  -0.49569616 -1.5764095   0.5427748  -0.44322783
 -0.09115285  0.82344323 -2.1662126   1.0929186 ]
[-0.32613102  0.34375152  0.2829707   1.1021572   1.8833773   0.2735437
 -0.8079324  -0.40839767 -0.5241583  -1.5633891   0.5414483  -0.4551223
 -0.0697569   0.80667335 -2.1499984   1.0511847 ]
[-0.32613102  0.34375152  0.2829707   1.1021572   1.8833773   0.2735437
 -0.8079324  -0.40839767 -0.5241583  -1.5633891   0.5414483  -0.4551223
 -0.0697569   0.80667335 -2.1499984   1.0511847 ]
[-0.3323019   0.33594766  0.31692854  1.0444162   1.9405749   0.29082745
 -0.808313   -0.42429313 -0.56324613 -1.5639427   0.5562887  -0.48699743
 -0.03934752  0.7792894  -2.08818     1.0215776 ]
[-0.3323019   0.33594766  0.31692854  1.0444162   1.9405749   0.29082745
 -0.808313   -0.42429313 -0.56324613 -1.5639427   0.5562887  -0.48699743
 -0.03934752  0.7792894  -2.08818     1.0215776 ]
[-0.2997846   0.32189566  0.35272467  0.9793522   1.9853901   0.28171924
 -0.7976332  -0.45460182 -0.62629926 -1.5701107   0.58997977 -0.534171
 -0.00796     0.75418717 -2.0323186   1.036616  ]
[-0.2997846   0.32189566  0.35272467  0.9793522   1.9853901   0.28171924
 -0.7976332  -0.45460182 -0.62629926 -1.5701107   0.58997977 -0.534171
 -0.00796     0.75418717 -2.0323186   1.036616  ]
[-0.2767915   0.30175292  0.37499887  0.9648186   2.0005608   0.27517438
 -0.77737373 -0.4697764  -0.6541435  -1.5568806   0.59382284 -0.5322991
  0.00974977  0.7271488  -2.022503    1.0193429 ]
[-0.2767915   0.30175292  0.37499887  0.9648186   2.0005608   0.27517438
 -0.77737373 -0.4697764  -0.6541435  -1.5568806   0.59382284 -0.5322991
  0.00974977  0.7271488  -2.022503    1.0193429 ]
[-0.26814336  0.28147236  0.40775234  0.9404804   2.0212939   0.26283258
 -0.7349411  -0.5084944  -0.6994972  -1.5727943   0.61654234 -0.57386047
  0.06470654  0.7212206  -1.9854679   1.0031353 ]
[-0.26814336  0.28147236  0.40775234  0.9404804   2.0212939   0.26283258
 -0.7349411  -0.5084944  -0.6994972  -1.5727943   0.61654234 -0.57386047
  0.06470654  0.7212206  -1.9854679   1.0031353 ]
[-0.24453819  0.29149678  0.4687038   0.8337636   2.0467868   0.25557083
 -0.6957921  -0.5774336  -0.7799245  -1.6130584   0.6877123  -0.65471786
  0.10705922  0.716719   -1.8856529   1.019272  ]
[-0.24453819  0.29149678  0.4687038   0.8337636   2.0467868   0.25557083
 -0.6957921  -0.5774336  -0.7799245  -1.6130584   0.6877123  -0.65471786
  0.10705922  0.716719   -1.8856529   1.019272  ]
[-0.24035482  0.30535445  0.50665444  0.7733884   2.0214703   0.25273556
 -0.673755   -0.6038662  -0.8302466  -1.6705889   0.72128016 -0.68904126
  0.14344296  0.7060263  -1.798366    1.0526568 ]
[-0.24035482  0.30535445  0.50665444  0.7733884   2.0214703   0.25273556
 -0.673755   -0.6038662  -0.8302466  -1.6705889   0.72128016 -0.68904126
  0.14344296  0.7060263  -1.798366    1.0526568 ]
[-0.24035482  0.30535445  0.50665444  0.7733884   2.0214703   0.25273556
 -0.673755   -0.6038662  -0.8302466  -1.6705889   0.72128016 -0.68904126
  0.14344296  0.7060263  -1.798366    1.0526568 ]
[-0.26522708  0.29620686  0.51692975  0.7670008   2.0027442   0.24322684
 -0.67351776 -0.5853474  -0.82739496 -1.6945683   0.7136549  -0.6999122
  0.14578666  0.7066997  -1.7646532   1.0966276 ]
[-0.26522708  0.29620686  0.51692975  0.7670008   2.0027442   0.24322684
 -0.67351776 -0.5853474  -0.82739496 -1.6945683   0.7136549  -0.6999122
  0.14578666  0.7066997  -1.7646532   1.0966276 ]
[-0.26522708  0.29620686  0.51692975  0.7670008   2.0027442   0.24322684
 -0.67351776 -0.5853474  -0.82739496 -1.6945683   0.7136549  -0.6999122
  0.14578666  0.7066997  -1.7646532   1.0966276 ]
[-0.25002584  0.27453977  0.5145308   0.77363765  1.9645317   0.22306892
 -0.63776374 -0.5746044  -0.8379321  -1.6947467   0.68659496 -0.7103527
  0.15349165  0.7210859  -1.7711079   1.1447265 ]
[-0.25002584  0.27453977  0.5145308   0.77363765  1.9645317   0.22306892
 -0.63776374 -0.5746044  -0.8379321  -1.6947467   0.68659496 -0.7103527
  0.15349165  0.7210859  -1.7711079   1.1447265 ]
[-0.25327793  0.26291567  0.49891153  0.78926444  1.9390507   0.20683315
 -0.65085787 -0.5355838  -0.81712407 -1.6933076   0.6479651  -0.69713736
  0.14984685  0.7399737  -1.8003597   1.1944501 ]
[-0.25327793  0.26291567  0.49891153  0.78926444  1.9390507   0.20683315
 -0.65085787 -0.5355838  -0.81712407 -1.6933076   0.6479651  -0.69713736
  0.14984685  0.7399737  -1.8003597   1.1944501 ]
[-0.25327793  0.26291567  0.49891153  0.78926444  1.9390507   0.20683315
 -0.65085787 -0.5355838  -0.81712407 -1.6933076   0.6479651  -0.69713736
  0.14984685  0.7399737  -1.8003597   1.1944501 ]
[-0.25545445  0.2626273   0.4785501   0.8175877   1.9067961   0.1770057
 -0.6678658  -0.4887928  -0.78386956 -1.6838871   0.6100521  -0.6801893
  0.135537    0.7735244  -1.8587124   1.240464  ]
[-0.25545445  0.2626273   0.4785501   0.8175877   1.9067961   0.1770057
 -0.6678658  -0.4887928  -0.78386956 -1.6838871   0.6100521  -0.6801893
  0.135537    0.7735244  -1.8587124   1.240464  ]
[-0.25545445  0.2626273   0.4785501   0.8175877   1.9067961   0.1770057
 -0.6678658  -0.4887928  -0.78386956 -1.6838871   0.6100521  -0.6801893
  0.135537    0.7735244  -1.8587124   1.240464  ]
[-0.26839474  0.2559703   0.4511713   0.8669759   1.8768425   0.15110493
 -0.67933375 -0.44055256 -0.73637044 -1.6644186   0.56844854 -0.65610796
  0.11000411  0.823542   -1.9360965   1.2615521 ]
[-0.26839474  0.2559703   0.4511713   0.8669759   1.8768425   0.15110493
 -0.67933375 -0.44055256 -0.73637044 -1.6644186   0.56844854 -0.65610796
  0.11000411  0.823542   -1.9360965   1.2615521 ]
[-0.26839474  0.2559703   0.4511713   0.8669759   1.8768425   0.15110493
 -0.67933375 -0.44055256 -0.73637044 -1.6644186   0.56844854 -0.65610796
  0.11000411  0.823542   -1.9360965   1.2615521 ]
[-0.31119958  0.2805351   0.43451518  0.89630777  1.8707726   0.15272294
 -0.7137512  -0.42303976 -0.6896244  -1.6795399   0.55771685 -0.622497
  0.0848866   0.8484141  -1.9652296   1.2641551 ]
[-0.31119958  0.2805351   0.43451518  0.89630777  1.8707726   0.15272294
 -0.7137512  -0.42303976 -0.6896244  -1.6795399   0.55771685 -0.622497
  0.0848866   0.8484141  -1.9652296   1.2641551 ]
[-0.34464544  0.31954136  0.39086872  0.92070043  1.8625673   0.15204298
 -0.7743924  -0.37268892 -0.6059117  -1.6696472   0.54953974 -0.57674325
  0.00374616  0.85986394 -2.0213947   1.2936981 ]
[-0.34464544  0.31954136  0.39086872  0.92070043  1.8625673   0.15204298
 -0.7743924  -0.37268892 -0.6059117  -1.6696472   0.54953974 -0.57674325
  0.00374616  0.85986394 -2.0213947   1.2936981 ]
[-0.33659023  0.3570821   0.33362424  0.95834094  1.8153213   0.1314188
 -0.81175023 -0.3098426  -0.50582284 -1.654891    0.53743684 -0.53393954
 -0.09639094  0.86225283 -2.1011548   1.3446434 ]
[-0.33659023  0.3570821   0.33362424  0.95834094  1.8153213   0.1314188
 -0.81175023 -0.3098426  -0.50582284 -1.654891    0.53743684 -0.53393954
 -0.09639094  0.86225283 -2.1011548   1.3446434 ]
[-0.32157236  0.362801    0.26061612  1.1063712   1.6940022   0.08208277
 -0.756664   -0.23520903 -0.3734021  -1.6277449   0.47904125 -0.45397416
 -0.19275013  0.90662813 -2.279543    1.338997  ]
[-0.32157236  0.362801    0.26061612  1.1063712   1.6940022   0.08208277
 -0.756664   -0.23520903 -0.3734021  -1.6277449   0.47904125 -0.45397416
 -0.19275013  0.90662813 -2.279543    1.338997  ]
[-0.3250412   0.35306102  0.27571195  1.1321398   1.6939818   0.08335753
 -0.748515   -0.2518602  -0.38448903 -1.6231086   0.47619414 -0.4513999
 -0.18710849  0.89630926 -2.2810557   1.3308094 ]
[-0.3250412   0.35306102  0.27571195  1.1321398   1.6939818   0.08335753
 -0.748515   -0.2518602  -0.38448903 -1.6231086   0.47619414 -0.4513999
 -0.18710849  0.89630926 -2.2810557   1.3308094 ]
[-0.3295808   0.36393592  0.2816519   1.1312038   1.6808771   0.08888431
 -0.7443671  -0.26139826 -0.38322988 -1.6247333   0.48000503 -0.45579642
 -0.19405536  0.90140724 -2.277828    1.3321446 ]
[-0.3295808   0.36393592  0.2816519   1.1312038   1.6808771   0.08888431
 -0.7443671  -0.26139826 -0.38322988 -1.6247333   0.48000503 -0.45579642
 -0.19405536  0.90140724 -2.277828    1.3321446 ]
[-0.33824295  0.3745266   0.28503388  1.1369536   1.6736765   0.09939863
 -0.74691886 -0.271388   -0.3812587  -1.6228917   0.48043633 -0.4466992
 -0.2058496   0.907324   -2.2789402   1.3238329 ]
[-0.33824295  0.3745266   0.28503388  1.1369536   1.6736765   0.09939863
 -0.74691886 -0.271388   -0.3812587  -1.6228917   0.48043633 -0.4466992
 -0.2058496   0.907324   -2.2789402   1.3238329 ]
[-0.32922417  0.38382372  0.29326695  1.1386924   1.6660227   0.11220539
 -0.7446558  -0.28048515 -0.3821361  -1.6169208   0.47411308 -0.43390518
 -0.22808747  0.9068343  -2.2881293   1.3174725 ]
[-0.32922417  0.38382372  0.29326695  1.1386924   1.6660227   0.11220539
 -0.7446558  -0.28048515 -0.3821361  -1.6169208   0.47411308 -0.43390518
 -0.22808747  0.9068343  -2.2881293   1.3174725 ]
[-0.3213737   0.37927347  0.2905217   1.1424915   1.6576283   0.12056384
 -0.7479428  -0.2735485  -0.37748167 -1.6056538   0.46139202 -0.4157219
 -0.25099576  0.9097708  -2.2954564   1.31544   ]
[-0.3213737   0.37927347  0.2905217   1.1424915   1.6576283   0.12056384
 -0.7479428  -0.2735485  -0.37748167 -1.6056538   0.46139202 -0.4157219
 -0.25099576  0.9097708  -2.2954564   1.31544   ]
[-0.33235872  0.38071474  0.24706185  1.1563883   1.6256307   0.11719511
 -0.71679145 -0.24392636 -0.346162   -1.595905    0.4306058  -0.3773715
 -0.26084128  0.95062274 -2.3297174   1.2835543 ]
[-0.33235872  0.38071474  0.24706185  1.1563883   1.6256307   0.11719511
 -0.71679145 -0.24392636 -0.346162   -1.595905    0.4306058  -0.3773715
 -0.26084128  0.95062274 -2.3297174   1.2835543 ]
[-0.3396495   0.39913538  0.2841215   1.1261756   1.6747143   0.11638041
 -0.7684664  -0.27040634 -0.37466872 -1.6263704   0.48199266 -0.42981404
 -0.22285226  0.89924276 -2.278803    1.3185384 ]
[-0.3396495   0.39913538  0.2841215   1.1261756   1.6747143   0.11638041
 -0.7684664  -0.27040634 -0.37466872 -1.6263704   0.48199266 -0.42981404
 -0.22285226  0.89924276 -2.278803    1.3185384 ]
[-0.34438747  0.40225607  0.28563714  1.1299818   1.6760023   0.12462322
 -0.77244157 -0.2790324  -0.3802777  -1.626981    0.48444128 -0.4283019
 -0.21872976  0.89867467 -2.2737656   1.3113672 ]
[-0.34438747  0.40225607  0.28563714  1.1299818   1.6760023   0.12462322
 -0.77244157 -0.2790324  -0.3802777  -1.626981    0.48444128 -0.4283019
 -0.21872976  0.89867467 -2.2737656   1.3113672 ]
[-0.34897155  0.40520996  0.28946704  1.1299121   1.6782892   0.13169707
 -0.77495253 -0.28804755 -0.38811827 -1.6290138   0.48862928 -0.42819095
 -0.21478537  0.8977186  -2.2655344   1.3055608 ]
[-0.34897155  0.40520996  0.28946704  1.1299121   1.6782892   0.13169707
 -0.77495253 -0.28804755 -0.38811827 -1.6290138   0.48862928 -0.42819095
 -0.21478537  0.8977186  -2.2655344   1.3055608 ]
[-0.35719895  0.41041002  0.29057866  1.1319685   1.6813749   0.14330769
 -0.7797348  -0.3009616  -0.3955795  -1.6312077   0.49548116 -0.42989564
 -0.20897813  0.8942913  -2.253635    1.2984794 ]
[-0.35719895  0.41041002  0.29057866  1.1319685   1.6813749   0.14330769
 -0.7797348  -0.3009616  -0.3955795  -1.6312077   0.49548116 -0.42989564
 -0.20897813  0.8942913  -2.253635    1.2984794 ]
[-0.3649574   0.4104886   0.29035416  1.1366659   1.6884451   0.1565172
 -0.7873155  -0.3156045  -0.4069055  -1.6313072   0.4994742  -0.42912665
 -0.19732854  0.892563   -2.2409348   1.2873614 ]
[-0.3649574   0.4104886   0.29035416  1.1366659   1.6884451   0.1565172
 -0.7873155  -0.3156045  -0.4069055  -1.6313072   0.4994742  -0.42912665
 -0.19732854  0.892563   -2.2409348   1.2873614 ]
[-0.36424956  0.41094851  0.29610157  1.1303976   1.6888498   0.16085348
 -0.78354275 -0.32365698 -0.42274994 -1.6342573   0.50309104 -0.43332872
 -0.19113448  0.89392674 -2.2302299   1.2872933 ]
[-0.36424956  0.41094851  0.29610157  1.1303976   1.6888498   0.16085348
 -0.78354275 -0.32365698 -0.42274994 -1.6342573   0.50309104 -0.43332872
 -0.19113448  0.89392674 -2.2302299   1.2872933 ]
[-0.36424956  0.41094851  0.29610157  1.1303976   1.6888498   0.16085348
 -0.78354275 -0.32365698 -0.42274994 -1.6342573   0.50309104 -0.43332872
 -0.19113448  0.89392674 -2.2302299   1.2872933 ]
[-0.35916254  0.40985942  0.30009347  1.1170553   1.6894972   0.16110857
 -0.7730787  -0.3254695  -0.42973414 -1.635998    0.5055001  -0.44162026
 -0.19915803  0.88923085 -2.2189896   1.2995808 ]
[-0.35916254  0.40985942  0.30009347  1.1170553   1.6894972   0.16110857
 -0.7730787  -0.3254695  -0.42973414 -1.635998    0.5055001  -0.44162026
 -0.19915803  0.88923085 -2.2189896   1.2995808 ]
[-0.35916254  0.40985942  0.30009347  1.1170553   1.6894972   0.16110857
 -0.7730787  -0.3254695  -0.42973414 -1.635998    0.5055001  -0.44162026
 -0.19915803  0.88923085 -2.2189896   1.2995808 ]
[-0.35232526  0.4019286   0.28994447  1.094511    1.6975721   0.15466657
 -0.7633149  -0.3198716  -0.43403965 -1.6390988   0.5101818  -0.45982543
 -0.20228605  0.8923377  -2.2027905   1.3220291 ]
[-0.35232526  0.4019286   0.28994447  1.094511    1.6975721   0.15466657
 -0.7633149  -0.3198716  -0.43403965 -1.6390988   0.5101818  -0.45982543
 -0.20228605  0.8923377  -2.2027905   1.3220291 ]
[-0.35524666  0.39422983  0.28222352  1.0916249   1.7044904   0.15058276
 -0.76441145 -0.3132921  -0.4352271  -1.6383076   0.50734794 -0.4632166
 -0.19457857  0.8931155  -2.1971078   1.3276676 ]
[-0.35524666  0.39422983  0.28222352  1.0916249   1.7044904   0.15058276
 -0.76441145 -0.3132921  -0.4352271  -1.6383076   0.50734794 -0.4632166
 -0.19457857  0.8931155  -2.1971078   1.3276676 ]
[-0.35524666  0.39422983  0.28222352  1.0916249   1.7044904   0.15058276
 -0.76441145 -0.3132921  -0.4352271  -1.6383076   0.50734794 -0.4632166
 -0.19457857  0.8931155  -2.1971078   1.3276676 ]
[-0.35160574  0.38335973  0.26476473  1.0841726   1.7128878   0.14020588
 -0.7629396  -0.29906982 -0.42997217 -1.6290432   0.5009786  -0.4701932
 -0.1942583   0.90319157 -2.202039    1.3400719 ]
[-0.35160574  0.38335973  0.26476473  1.0841726   1.7128878   0.14020588
 -0.7629396  -0.29906982 -0.42997217 -1.6290432   0.5009786  -0.4701932
 -0.1942583   0.90319157 -2.202039    1.3400719 ]
[-0.3370019   0.36983272  0.26970416  1.0909388   1.7118723   0.12863967
 -0.7562717  -0.283938   -0.42146343 -1.6184584   0.48365274 -0.46308908
 -0.20197853  0.90688074 -2.2265582   1.3374567 ]
[-0.3370019   0.36983272  0.26970416  1.0909388   1.7118723   0.12863967
 -0.7562717  -0.283938   -0.42146343 -1.6184584   0.48365274 -0.46308908
 -0.20197853  0.90688074 -2.2265582   1.3374567 ]
[-0.3370019   0.36983272  0.26970416  1.0909388   1.7118723   0.12863967
 -0.7562717  -0.283938   -0.42146343 -1.6184584   0.48365274 -0.46308908
 -0.20197853  0.90688074 -2.2265582   1.3374567 ]
[-0.35441583  0.35911927  0.27417797  1.0966686   1.7146537   0.12250379
 -0.76038104 -0.2724278  -0.4172998  -1.6228392   0.4796083  -0.46042615
 -0.17419028  0.9132217  -2.230516    1.3219084 ]
[-0.35441583  0.35911927  0.27417797  1.0966686   1.7146537   0.12250379
 -0.76038104 -0.2724278  -0.4172998  -1.6228392   0.4796083  -0.46042615
 -0.17419028  0.9132217  -2.230516    1.3219084 ]
[-0.35870218  0.35269743  0.2691358   1.0781323   1.7363968   0.12147504
 -0.78013146 -0.2596126  -0.41145316 -1.6200788   0.47903195 -0.46234417
 -0.17302519  0.90806407 -2.2166867   1.3268527 ]
[-0.35870218  0.35269743  0.2691358   1.0781323   1.7363968   0.12147504
 -0.78013146 -0.2596126  -0.41145316 -1.6200788   0.47903195 -0.46234417
 -0.17302519  0.90806407 -2.2166867   1.3268527 ]
[-0.3552993   0.36127093  0.2674076   1.0606318   1.7378696   0.11039849
 -0.7970468  -0.24014564 -0.39399362 -1.623162    0.48583192 -0.4652378
 -0.18362942  0.90016305 -2.2181544   1.3434473 ]
[-0.3552993   0.36127093  0.2674076   1.0606318   1.7378696   0.11039849
 -0.7970468  -0.24014564 -0.39399362 -1.623162    0.48583192 -0.4652378
 -0.18362942  0.90016305 -2.2181544   1.3434473 ]
[-0.33037275  0.3698431   0.26285118  1.1086192   1.6890227   0.08763462
 -0.7576076  -0.24076466 -0.37243745 -1.6296427   0.48164883 -0.45237273
 -0.19651465  0.90978926 -2.2769399   1.3369224 ]
[-0.33037275  0.3698431   0.26285118  1.1086192   1.6890227   0.08763462
 -0.7576076  -0.24076466 -0.37243745 -1.6296427   0.48164883 -0.45237273
 -0.19651465  0.90978926 -2.2769399   1.3369224 ]
[-0.32780722  0.36100158  0.28049532  1.1332829   1.6891712   0.09105641
 -0.7482034  -0.25956452 -0.38540778 -1.6237552   0.47746858 -0.44855967
 -0.19559047  0.8981861  -2.2804694   1.3276527 ]
[-0.32780722  0.36100158  0.28049532  1.1332829   1.6891712   0.09105641
 -0.7482034  -0.25956452 -0.38540778 -1.6237552   0.47746858 -0.44855967
 -0.19559047  0.8981861  -2.2804694   1.3276527 ]
[-0.35114008  0.36740685  0.2865295   1.139724    1.672463    0.0978974
 -0.74986637 -0.2664706  -0.38225356 -1.6277244   0.48324895 -0.45217785
 -0.18758863  0.91063786 -2.2725806   1.3205326 ]
[-0.35114008  0.36740685  0.2865295   1.139724    1.672463    0.0978974
 -0.74986637 -0.2664706  -0.38225356 -1.6277244   0.48324895 -0.45217785
 -0.18758863  0.91063786 -2.2725806   1.3205326 ]
[-0.35114008  0.36740685  0.2865295   1.139724    1.672463    0.0978974
 -0.74986637 -0.2664706  -0.38225356 -1.6277244   0.48324895 -0.45217785
 -0.18758863  0.91063786 -2.2725806   1.3205326 ]
[-0.35227582  0.38908628  0.27910545  1.13423     1.6584574   0.10936667
 -0.754352   -0.26925665 -0.3717437  -1.6240165   0.4815281  -0.43778953
 -0.21334402  0.91751796 -2.2785351   1.3211923 ]
[-0.35227582  0.38908628  0.27910545  1.13423     1.6584574   0.10936667
 -0.754352   -0.26925665 -0.3717437  -1.6240165   0.4815281  -0.43778953
 -0.21334402  0.91751796 -2.2785351   1.3211923 ]
[-0.35227582  0.38908628  0.27910545  1.13423     1.6584574   0.10936667
 -0.754352   -0.26925665 -0.3717437  -1.6240165   0.4815281  -0.43778953
 -0.21334402  0.91751796 -2.2785351   1.3211923 ]
[-0.3620056   0.37414232  0.29401153  1.1554514   1.6627315   0.11822119
 -0.7501995  -0.28721356 -0.38481498 -1.6187702   0.47986278 -0.4353961
 -0.20010312  0.922773   -2.2802234   1.2994616 ]
[-0.3620056   0.37414232  0.29401153  1.1554514   1.6627315   0.11822119
 -0.7501995  -0.28721356 -0.38481498 -1.6187702   0.47986278 -0.4353961
 -0.20010312  0.922773   -2.2802234   1.2994616 ]
[-0.35029316  0.37054658  0.28843814  1.1597235   1.6521752   0.1293432
 -0.75361526 -0.28092298 -0.37836897 -1.6076596   0.46459407 -0.41392344
 -0.22873116  0.9249948  -2.28721     1.299044  ]
[-0.35029316  0.37054658  0.28843814  1.1597235   1.6521752   0.1293432
 -0.75361526 -0.28092298 -0.37836897 -1.6076596   0.46459407 -0.41392344
 -0.22873116  0.9249948  -2.28721     1.299044  ]
[-0.3535253   0.36915678  0.24948378  1.1672672   1.6158133   0.12504174
 -0.7099781  -0.25159305 -0.35209936 -1.5956733   0.43292102 -0.3794241
 -0.2499317   0.968293   -2.3227053   1.2750114 ]
[-0.3535253   0.36915678  0.24948378  1.1672672   1.6158133   0.12504174
 -0.7099781  -0.25159305 -0.35209936 -1.5956733   0.43292102 -0.3794241
 -0.2499317   0.968293   -2.3227053   1.2750114 ]
[-0.35508314  0.3942041   0.2894275   1.130703    1.6491525   0.11913104
 -0.75103426 -0.2718402  -0.37299493 -1.6288124   0.48334122 -0.43503076
 -0.22588372  0.9223366  -2.2763996   1.3177294 ]
[-0.35508314  0.3942041   0.2894275   1.130703    1.6491525   0.11913104
 -0.75103426 -0.2718402  -0.37299493 -1.6288124   0.48334122 -0.43503076
 -0.22588372  0.9223366  -2.2763996   1.3177294 ]
[-0.3537189   0.3969535   0.2927643   1.1332386   1.6403214   0.12492666
 -0.7432236  -0.2774332  -0.3796408  -1.6258819   0.4785118  -0.42950192
 -0.23429231  0.9296856  -2.2780395   1.3142246 ]
[-0.3537189   0.3969535   0.2927643   1.1332386   1.6403214   0.12492666
 -0.7432236  -0.2774332  -0.3796408  -1.6258819   0.4785118  -0.42950192
 -0.23429231  0.9296856  -2.2780395   1.3142246 ]
[-0.33673978  0.40350977  0.2993093   1.1311172   1.6266558   0.12999406
 -0.7338387  -0.2819836  -0.38014948 -1.6193583   0.4708045  -0.42833686
 -0.25308785  0.93124974 -2.2863822   1.3163443 ]
[-0.33673978  0.40350977  0.2993093   1.1311172   1.6266558   0.12999406
 -0.7338387  -0.2819836  -0.38014948 -1.6193583   0.4708045  -0.42833686
 -0.25308785  0.93124974 -2.2863822   1.3163443 ]
[-0.33393487  0.39251316  0.2904653   1.1428111   1.6197964   0.13245365
 -0.7352224  -0.2727106  -0.37280506 -1.6072397   0.45380816 -0.40995464
 -0.26215887  0.93815964 -2.2967844   1.309806  ]
[-0.33393487  0.39251316  0.2904653   1.1428111   1.6197964   0.13245365
 -0.7352224  -0.2727106  -0.37280506 -1.6072397   0.45380816 -0.40995464
 -0.26215887  0.93815964 -2.2967844   1.309806  ]
[-0.33086035  0.38490933  0.25709894  1.1722826   1.5955945   0.13300641
 -0.6977598  -0.25895354 -0.3524709  -1.5842087   0.41796732 -0.36816996
 -0.27704287  0.97183    -2.342226    1.2671678 ]
[-0.33086035  0.38490933  0.25709894  1.1722826   1.5955945   0.13300641
 -0.6977598  -0.25895354 -0.3524709  -1.5842087   0.41796732 -0.36816996
 -0.27704287  0.97183    -2.342226    1.2671678 ]
[-0.32622904  0.37914708  0.29624456  1.1563762   1.6485573   0.13215591
 -0.7471777  -0.28119916 -0.38287812 -1.6000926   0.45298108 -0.40836686
 -0.24986807  0.9186495  -2.300037    1.3001406 ]
[-0.32622904  0.37914708  0.29624456  1.1563762   1.6485573   0.13215591
 -0.7471777  -0.28119916 -0.38287812 -1.6000926   0.45298108 -0.40836686
 -0.24986807  0.9186495  -2.300037    1.3001406 ]
[-0.34404844  0.3814382   0.25050092  1.1755184   1.6106927   0.13337502
 -0.7114498  -0.25248873 -0.348065   -1.5870181   0.41609898 -0.36139596
 -0.26148358  0.9629978  -2.3352954   1.2586418 ]
[-0.34404844  0.3814382   0.25050092  1.1755184   1.6106927   0.13337502
 -0.7114498  -0.25248873 -0.348065   -1.5870181   0.41609898 -0.36139596
 -0.26148358  0.9629978  -2.3352954   1.2586418 ]
[-0.352029    0.40663996  0.28805226  1.132575    1.6798035   0.13494612
 -0.7777335  -0.2906854  -0.38786745 -1.6285932   0.49028334 -0.42767373
 -0.2122421   0.8969823  -2.2648458   1.3011351 ]
[-0.352029    0.40663996  0.28805226  1.132575    1.6798035   0.13494612
 -0.7777335  -0.2906854  -0.38786745 -1.6285932   0.49028334 -0.42767373
 -0.2122421   0.8969823  -2.2648458   1.3011351 ]
[-0.35936004  0.41081485  0.2898251   1.1346705   1.6832972   0.14683989
 -0.78323126 -0.3038645  -0.39728314 -1.6306378   0.49631542 -0.42849788
 -0.20488715  0.89441377 -2.2527435   1.2928526 ]
[-0.35936004  0.41081485  0.2898251   1.1346705   1.6832972   0.14683989
 -0.78323126 -0.3038645  -0.39728314 -1.6306378   0.49631542 -0.42849788
 -0.20488715  0.89441377 -2.2527435   1.2928526 ]
[-0.36336902  0.41380557  0.2869079   1.1422231   1.6934763   0.16729206
 -0.7931193  -0.32303414 -0.4085764  -1.6262007   0.5012183  -0.42506367
 -0.19549893  0.8877286  -2.242711    1.272913  ]
[-0.36336902  0.41380557  0.2869079   1.1422231   1.6934763   0.16729206
 -0.7931193  -0.32303414 -0.4085764  -1.6262007   0.5012183  -0.42506367
 -0.19549893  0.8877286  -2.242711    1.272913  ]
[-0.3541869   0.41287947  0.27918428  1.149235    1.7079585   0.19215144
 -0.80610573 -0.34456527 -0.42357817 -1.6159914   0.5071376  -0.41987672
 -0.18568727  0.8786753  -2.233976    1.2438995 ]
[-0.3541869   0.41287947  0.27918428  1.149235    1.7079585   0.19215144
 -0.80610573 -0.34456527 -0.42357817 -1.6159914   0.5071376  -0.41987672
 -0.18568727  0.8786753  -2.233976    1.2438995 ]
[-0.35072017  0.40917426  0.2780416   1.1495587   1.728071    0.21380961
 -0.8202451  -0.3637605  -0.4404915  -1.6114175   0.51194495 -0.41763878
 -0.16875203  0.87100554 -2.2179751   1.215721  ]
[-0.35072017  0.40917426  0.2780416   1.1495587   1.728071    0.21380961
 -0.8202451  -0.3637605  -0.4404915  -1.6114175   0.51194495 -0.41763878
 -0.16875203  0.87100554 -2.2179751   1.215721  ]
[-0.35586238  0.39913407  0.27153677  1.1358206   1.7519617   0.22902544
 -0.8254488  -0.37955362 -0.4629906  -1.6136097   0.52128243 -0.43231958
 -0.1371712   0.875128   -2.1890614   1.1979897 ]
[-0.35586238  0.39913407  0.27153677  1.1358206   1.7519617   0.22902544
 -0.8254488  -0.37955362 -0.4629906  -1.6136097   0.52128243 -0.43231958
 -0.1371712   0.875128   -2.1890614   1.1979897 ]
[-0.3595398   0.3820092   0.27318257  1.1336105   1.7793934   0.24789762
 -0.8295333  -0.39608154 -0.4876155  -1.6064813   0.5201626  -0.43261224
 -0.11067812  0.86569035 -2.165656    1.1711757 ]
[-0.3595398   0.3820092   0.27318257  1.1336105   1.7793934   0.24789762
 -0.8295333  -0.39608154 -0.4876155  -1.6064813   0.5201626  -0.43261224
 -0.11067812  0.86569035 -2.165656    1.1711757 ]
[-0.34951678  0.36206335  0.2560472   1.1248735   1.820863    0.2657724
 -0.8338305  -0.40769833 -0.5106168  -1.5912269   0.52274656 -0.43708134
 -0.0916831   0.8513285  -2.1450067   1.1472684 ]
[-0.34951678  0.36206335  0.2560472   1.1248735   1.820863    0.2657724
 -0.8338305  -0.40769833 -0.5106168  -1.5912269   0.52274656 -0.43708134
 -0.0916831   0.8513285  -2.1450067   1.1472684 ]
[-0.32948637  0.3357603   0.24875824  1.1265115   1.8553607   0.27349535
 -0.8344053  -0.41265312 -0.5304874  -1.5724273   0.5193199  -0.4366684
 -0.0724251   0.83050936 -2.1387963   1.1208618 ]
[-0.32948637  0.3357603   0.24875824  1.1265115   1.8553607   0.27349535
 -0.8344053  -0.41265312 -0.5304874  -1.5724273   0.5193199  -0.4366684
 -0.0724251   0.83050936 -2.1387963   1.1208618 ]
[-0.33949727  0.30156645  0.27140203  1.104664    1.868412    0.25429052
 -0.80244577 -0.40328583 -0.5719263  -1.5852041   0.51288414 -0.4623657
 -0.01137723  0.8373564  -2.1159236   1.1239256 ]
[-0.33949727  0.30156645  0.27140203  1.104664    1.868412    0.25429052
 -0.80244577 -0.40328583 -0.5719263  -1.5852041   0.51288414 -0.4623657
 -0.01137723  0.8373564  -2.1159236   1.1239256 ]
[-0.33949727  0.30156645  0.27140203  1.104664    1.868412    0.25429052
 -0.80244577 -0.40328583 -0.5719263  -1.5852041   0.51288414 -0.4623657
 -0.01137723  0.8373564  -2.1159236   1.1239256 ]
[-0.3746093   0.27367488  0.32358536  1.0873415   1.8702161   0.23083755
 -0.7464488  -0.41387168 -0.61578083 -1.6117795   0.51695096 -0.5031821
  0.05479001  0.84945214 -2.0769038   1.1168343 ]
[-0.3746093   0.27367488  0.32358536  1.0873415   1.8702161   0.23083755
 -0.7464488  -0.41387168 -0.61578083 -1.6117795   0.51695096 -0.5031821
  0.05479001  0.84945214 -2.0769038   1.1168343 ]
[-0.3853525   0.25992292  0.3754925   0.99748677  1.9076993   0.23305896
 -0.7359198  -0.43716025 -0.6781463  -1.6327355   0.54457575 -0.5769642
  0.09743271  0.8363597  -1.9826511   1.1589075 ]
[-0.3853525   0.25992292  0.3754925   0.99748677  1.9076993   0.23305896
 -0.7359198  -0.43716025 -0.6781463  -1.6327355   0.54457575 -0.5769642
  0.09743271  0.8363597  -1.9826511   1.1589075 ]
[-0.35363734  0.25032935  0.39903995  0.9464215   1.9154314   0.21663484
 -0.7180584  -0.4558735  -0.7132367  -1.6415361   0.5570803  -0.619462
  0.11564319  0.8348528  -1.947102    1.1964567 ]
[-0.35363734  0.25032935  0.39903995  0.9464215   1.9154314   0.21663484
 -0.7180584  -0.4558735  -0.7132367  -1.6415361   0.5570803  -0.619462
  0.11564319  0.8348528  -1.947102    1.1964567 ]
[-0.34370494  0.23417607  0.39168006  0.9725976   1.8809121   0.189371
 -0.7096012  -0.4203785  -0.6959082  -1.6282198   0.52950704 -0.609509
  0.10063398  0.8589555  -1.9865669   1.2195771 ]
[-0.34370494  0.23417607  0.39168006  0.9725976   1.8809121   0.189371
 -0.7096012  -0.4203785  -0.6959082  -1.6282198   0.52950704 -0.609509
  0.10063398  0.8589555  -1.9865669   1.2195771 ]
[-0.34556705  0.23654056  0.4072174   0.9978467   1.8336042   0.17258266
 -0.70530605 -0.38791385 -0.66001594 -1.6177695   0.49902812 -0.5805265
  0.06876355  0.8774387  -2.0342886   1.2217001 ]
[-0.34556705  0.23654056  0.4072174   0.9978467   1.8336042   0.17258266
 -0.70530605 -0.38791385 -0.66001594 -1.6177695   0.49902812 -0.5805265
  0.06876355  0.8774387  -2.0342886   1.2217001 ]
[-0.36016196  0.28890884  0.42683548  0.97707224  1.8053257   0.16806214
 -0.70343053 -0.3947391  -0.63252217 -1.6448486   0.5171029  -0.58287793
  0.02276656  0.899117   -2.0381799   1.2359318 ]
[-0.36016196  0.28890884  0.42683548  0.97707224  1.8053257   0.16806214
 -0.70343053 -0.3947391  -0.63252217 -1.6448486   0.5171029  -0.58287793
  0.02276656  0.899117   -2.0381799   1.2359318 ]
[-0.373714    0.37378564  0.4133218   0.9237746   1.8123333   0.18195383
 -0.75607145 -0.41512308 -0.6049948  -1.6854475   0.57534504 -0.5832156
 -0.04155816  0.88450754 -2.0018067   1.2842243 ]
[-0.373714    0.37378564  0.4133218   0.9237746   1.8123333   0.18195383
 -0.75607145 -0.41512308 -0.6049948  -1.6854475   0.57534504 -0.5832156
 -0.04155816  0.88450754 -2.0018067   1.2842243 ]
[-0.36221474  0.41282472  0.36324757  0.97061586  1.7626473   0.17772996
 -0.79852664 -0.35707253 -0.5121304  -1.663674    0.5501496  -0.52130574
 -0.14880054  0.8876565  -2.0952835   1.3236034 ]
[-0.36221474  0.41282472  0.36324757  0.97061586  1.7626473   0.17772996
 -0.79852664 -0.35707253 -0.5121304  -1.663674    0.5501496  -0.52130574
 -0.14880054  0.8876565  -2.0952835   1.3236034 ]
[-0.3323334   0.39451748  0.27840394  1.1248188   1.6554282   0.13184972
 -0.7574808  -0.27150038 -0.3797179  -1.6144308   0.46688658 -0.42179394
 -0.24646156  0.9230765  -2.2802653   1.3185573 ]
[-0.3323334   0.39451748  0.27840394  1.1248188   1.6554282   0.13184972
 -0.7574808  -0.27150038 -0.3797179  -1.6144308   0.46688658 -0.42179394
 -0.24646156  0.9230765  -2.2802653   1.3185573 ]
[-0.34215313  0.387341    0.25035286  1.1633486   1.6287982   0.13181405
 -0.72548157 -0.25962368 -0.354977   -1.5970186   0.4358459  -0.37465605
 -0.2527439   0.9492694  -2.3216991   1.2698767 ]
[-0.34215313  0.387341    0.25035286  1.1633486   1.6287982   0.13181405
 -0.72548157 -0.25962368 -0.354977   -1.5970186   0.4358459  -0.37465605
 -0.2527439   0.9492694  -2.3216991   1.2698767 ]
[-0.34250182  0.40119332  0.29037338  1.1247118   1.6766217   0.12533827
 -0.7695431  -0.2818076  -0.3879334  -1.6284587   0.48577267 -0.4294986
 -0.21839201  0.8982719  -2.267383    1.3122694 ]
[-0.34250182  0.40119332  0.29037338  1.1247118   1.6766217   0.12533827
 -0.7695431  -0.2818076  -0.3879334  -1.6284587   0.48577267 -0.4294986
 -0.21839201  0.8982719  -2.267383    1.3122694 ]
[-0.34250182  0.40119332  0.29037338  1.1247118   1.6766217   0.12533827
 -0.7695431  -0.2818076  -0.3879334  -1.6284587   0.48577267 -0.4294986
 -0.21839201  0.8982719  -2.267383    1.3122694 ]
[-0.36435458  0.39987853  0.29321066  1.1271607   1.674237    0.12707321
 -0.7697505  -0.28594446 -0.39061278 -1.6363128   0.49465933 -0.43651205
 -0.20213297  0.9017376  -2.2522411   1.3086494 ]
[-0.36435458  0.39987853  0.29321066  1.1271607   1.674237    0.12707321
 -0.7697505  -0.28594446 -0.39061278 -1.6363128   0.49465933 -0.43651205
 -0.20213297  0.9017376  -2.2522411   1.3086494 ]
[-0.36298576  0.3980468   0.28904557  1.1265632   1.6779257   0.13298383
 -0.77031624 -0.29378766 -0.39434567 -1.633939    0.4933444  -0.4375469
 -0.20582846  0.8988538  -2.2450528   1.3161943 ]
[-0.36298576  0.3980468   0.28904557  1.1265632   1.6779257   0.13298383
 -0.77031624 -0.29378766 -0.39434567 -1.633939    0.4933444  -0.4375469
 -0.20582846  0.8988538  -2.2450528   1.3161943 ]
[-0.35815936  0.39760134  0.28890863  1.1220174   1.677713    0.13332066
 -0.76618415 -0.295954   -0.39976257 -1.6314983   0.49556893 -0.44172683
 -0.20998795  0.90142995 -2.245736    1.3217218 ]
[-0.35815936  0.39760134  0.28890863  1.1220174   1.677713    0.13332066
 -0.76618415 -0.295954   -0.39976257 -1.6314983   0.49556893 -0.44172683
 -0.20998795  0.90142995 -2.245736    1.3217218 ]
[-0.36104825  0.39649135  0.28612342  1.1229777   1.6741197   0.13547894
 -0.7635292  -0.29290292 -0.39952952 -1.6345161   0.49402    -0.44216695
 -0.20849745  0.9068223  -2.2451968   1.3206227 ]
[-0.36104825  0.39649135  0.28612342  1.1229777   1.6741197   0.13547894
 -0.7635292  -0.29290292 -0.39952952 -1.6345161   0.49402    -0.44216695
 -0.20849745  0.9068223  -2.2451968   1.3206227 ]
[-0.36106062  0.39006633  0.2801854   1.1128021   1.6746536   0.13000086
 -0.7533752  -0.2879571  -0.4075892  -1.6354812   0.49308053 -0.45506626
 -0.20272665  0.9230257  -2.2396734   1.3287396 ]
[-0.36106062  0.39006633  0.2801854   1.1128021   1.6746536   0.13000086
 -0.7533752  -0.2879571  -0.4075892  -1.6354812   0.49308053 -0.45506626
 -0.20272665  0.9230257  -2.2396734   1.3287396 ]
[-0.35720107  0.39365512  0.28298998  1.1079477   1.6669996   0.12999132
 -0.7476917  -0.28427875 -0.4022801  -1.6320015   0.48981166 -0.45780483
 -0.21211784  0.9272808  -2.2447314   1.3291452 ]
[-0.35720107  0.39365512  0.28298998  1.1079477   1.6669996   0.12999132
 -0.7476917  -0.28427875 -0.4022801  -1.6320015   0.48981166 -0.45780483
 -0.21211784  0.9272808  -2.2447314   1.3291452 ]
[-0.35911712  0.39503902  0.27337614  1.0958625   1.674667    0.12587312
 -0.7556364  -0.27472776 -0.3907202  -1.628327    0.48964924 -0.45508677
 -0.22083351  0.9308923  -2.244117    1.3333354 ]
[-0.35911712  0.39503902  0.27337614  1.0958625   1.674667    0.12587312
 -0.7556364  -0.27472776 -0.3907202  -1.628327    0.48964924 -0.45508677
 -0.22083351  0.9308923  -2.244117    1.3333354 ]
[-0.3422115   0.39983702  0.27643117  1.1061609   1.6638725   0.1247499
 -0.75360405 -0.2715768  -0.38110772 -1.6233495   0.4802897  -0.4403552
 -0.23957941  0.92809075 -2.266247    1.3285835 ]
[-0.3422115   0.39983702  0.27643117  1.1061609   1.6638725   0.1247499
 -0.75360405 -0.2715768  -0.38110772 -1.6233495   0.4802897  -0.4403552
 -0.23957941  0.92809075 -2.266247    1.3285835 ]
[-0.3290613   0.39551648  0.28444922  1.1375673   1.6482252   0.13070671
 -0.75734466 -0.27072093 -0.370603   -1.6092434   0.4621071  -0.40756568
 -0.25786442  0.9126879  -2.293142    1.3134925 ]
[-0.3290613   0.39551648  0.28444922  1.1375673   1.6482252   0.13070671
 -0.75734466 -0.27072093 -0.370603   -1.6092434   0.4621071  -0.40756568
 -0.25786442  0.9126879  -2.293142    1.3134925 ]
[-0.34032094  0.3852223   0.24776801  1.1631742   1.6285101   0.12803665
 -0.7249163  -0.2544536  -0.35115352 -1.5960734   0.43365908 -0.3747789
 -0.25293544  0.95071393 -2.3259413   1.2718499 ]
[-0.34032094  0.3852223   0.24776801  1.1631742   1.6285101   0.12803665
 -0.7249163  -0.2544536  -0.35115352 -1.5960734   0.43365908 -0.3747789
 -0.25293544  0.95071393 -2.3259413   1.2718499 ]
[-0.34076446  0.40005368  0.28817803  1.1257255   1.6755898   0.12182651
 -0.76900786 -0.2766521  -0.38300675 -1.6269804   0.48374128 -0.4286821
 -0.21949188  0.89955556 -2.2736793   1.3126267 ]
[-0.34076446  0.40005368  0.28817803  1.1257255   1.6755898   0.12182651
 -0.76900786 -0.2766521  -0.38300675 -1.6269804   0.48374128 -0.4286821
 -0.21949188  0.89955556 -2.2736793   1.3126267 ]
[-0.34076446  0.40005368  0.28817803  1.1257255   1.6755898   0.12182651
 -0.76900786 -0.2766521  -0.38300675 -1.6269804   0.48374128 -0.4286821
 -0.21949188  0.89955556 -2.2736793   1.3126267 ]
[-0.3616867   0.39817458  0.29221573  1.1280812   1.673557    0.12303154
 -0.7686768  -0.28043082 -0.38580686 -1.6349913   0.49212947 -0.4339665
 -0.2046432   0.9028074  -2.2591283   1.3080213 ]
[-0.3616867   0.39817458  0.29221573  1.1280812   1.673557    0.12303154
 -0.7686768  -0.28043082 -0.38580686 -1.6349913   0.49212947 -0.4339665
 -0.2046432   0.9028074  -2.2591283   1.3080213 ]
[-0.35971797  0.39778385  0.2881474   1.1261059   1.6762403   0.12956063
 -0.76920635 -0.2890141  -0.38971427 -1.6329807   0.49196738 -0.43624234
 -0.208577    0.8990719  -2.250584    1.3162975 ]
[-0.35971797  0.39778385  0.2881474   1.1261059   1.6762403   0.12956063
 -0.76920635 -0.2890141  -0.38971427 -1.6329807   0.49196738 -0.43624234
 -0.208577    0.8990719  -2.250584    1.3162975 ]
[-0.35644516  0.3965854   0.28703216  1.1216091   1.67814     0.12891522
 -0.767339   -0.2903481  -0.3938442  -1.6311833   0.49437785 -0.4401548
 -0.2121782   0.8998424  -2.248734    1.3230559 ]
[-0.35644516  0.3965854   0.28703216  1.1216091   1.67814     0.12891522
 -0.767339   -0.2903481  -0.3938442  -1.6311833   0.49437785 -0.4401548
 -0.2121782   0.8998424  -2.248734    1.3230559 ]
[-0.35807788  0.39825827  0.286476    1.1254113   1.6717932   0.13051185
 -0.7631596  -0.28985947 -0.39295235 -1.634062    0.4940595  -0.43904132
 -0.2138998   0.90491045 -2.251616    1.3204864 ]
[-0.35807788  0.39825827  0.286476    1.1254113   1.6717932   0.13051185
 -0.7631596  -0.28985947 -0.39295235 -1.634062    0.4940595  -0.43904132
 -0.2138998   0.90491045 -2.251616    1.3204864 ]
[-0.35795563  0.3917597   0.29084712  1.1259035   1.6699966   0.13256237
 -0.7548868  -0.2918447  -0.40243474 -1.6317745   0.48872614 -0.4402744
 -0.2118984   0.9117734  -2.2505238   1.3191239 ]
[-0.35795563  0.3917597   0.29084712  1.1259035   1.6699966   0.13256237
 -0.7548868  -0.2918447  -0.40243474 -1.6317745   0.48872614 -0.4402744
 -0.2118984   0.9117734  -2.2505238   1.3191239 ]
[-0.35720107  0.39365512  0.28298998  1.1079477   1.6669996   0.12999132
 -0.7476917  -0.28427875 -0.4022801  -1.6320015   0.48981166 -0.45780483
 -0.21211784  0.9272808  -2.2447314   1.3291452 ]
[-0.35720107  0.39365512  0.28298998  1.1079477   1.6669996   0.12999132
 -0.7476917  -0.28427875 -0.4022801  -1.6320015   0.48981166 -0.45780483
 -0.21211784  0.9272808  -2.2447314   1.3291452 ]
[-0.35911712  0.39503902  0.27337614  1.0958625   1.674667    0.12587312
 -0.7556364  -0.27472776 -0.3907202  -1.628327    0.48964924 -0.45508677
 -0.22083351  0.9308923  -2.244117    1.3333354 ]
[-0.35911712  0.39503902  0.27337614  1.0958625   1.674667    0.12587312
 -0.7556364  -0.27472776 -0.3907202  -1.628327    0.48964924 -0.45508677
 -0.22083351  0.9308923  -2.244117    1.3333354 ]
[-0.3422115   0.39983702  0.27643117  1.1061609   1.6638725   0.1247499
 -0.75360405 -0.2715768  -0.38110772 -1.6233495   0.4802897  -0.4403552
 -0.23957941  0.92809075 -2.266247    1.3285835 ]
[-0.3422115   0.39983702  0.27643117  1.1061609   1.6638725   0.1247499
 -0.75360405 -0.2715768  -0.38110772 -1.6233495   0.4802897  -0.4403552
 -0.23957941  0.92809075 -2.266247    1.3285835 ]
[-0.32595065  0.3935806   0.28540796  1.1351286   1.6470877   0.12755486
 -0.7542484  -0.26793712 -0.37073514 -1.6090195   0.46016598 -0.40801153
 -0.2600605   0.91359365 -2.2942367   1.3169793 ]
[-0.32595065  0.3935806   0.28540796  1.1351286   1.6470877   0.12755486
 -0.7542484  -0.26793712 -0.37073514 -1.6090195   0.46016598 -0.40801153
 -0.2600605   0.91359365 -2.2942367   1.3169793 ]
[-0.33740935  0.3841339   0.24858043  1.1595428   1.6274093   0.1236947
 -0.7212825  -0.2506524  -0.3492356  -1.5964438   0.4331985  -0.37618273
 -0.25689715  0.9499728  -2.3268101   1.2768786 ]
[-0.33740935  0.3841339   0.24858043  1.1595428   1.6274093   0.1236947
 -0.7212825  -0.2506524  -0.3492356  -1.5964438   0.4331985  -0.37618273
 -0.25689715  0.9499728  -2.3268101   1.2768786 ]
[-0.33800834  0.39825526  0.28648552  1.1247184   1.6744425   0.11833547
 -0.76704913 -0.27288374 -0.3801277  -1.6263996   0.4816285  -0.42964253
 -0.2222391   0.89927995 -2.275564    1.3179972 ]
[-0.33800834  0.39825526  0.28648552  1.1247184   1.6744425   0.11833547
 -0.76704913 -0.27288374 -0.3801277  -1.6263996   0.4816285  -0.42964253
 -0.2222391   0.89927995 -2.275564    1.3179972 ]
[-0.32930255  0.3983319   0.29037887  1.115054    1.6757873   0.1161528
 -0.76134056 -0.27300626 -0.38308764 -1.6258243   0.48400798 -0.43170604
 -0.23231713  0.8937024  -2.2713454   1.3239027 ]
[-0.32930255  0.3983319   0.29037887  1.115054    1.6757873   0.1161528
 -0.76134056 -0.27300626 -0.38308764 -1.6258243   0.48400798 -0.43170604
 -0.23231713  0.8937024  -2.2713454   1.3239027 ]
[-0.33047318  0.3982225   0.28882113  1.1114954   1.6760517   0.11578435
 -0.76057166 -0.27412167 -0.3837426  -1.6289666   0.48778468 -0.4357647
 -0.23186898  0.890148   -2.2629733   1.329786  ]
[-0.33047318  0.3982225   0.28882113  1.1114954   1.6760517   0.11578435
 -0.76057166 -0.27412167 -0.3837426  -1.6289666   0.48778468 -0.4357647
 -0.23186898  0.890148   -2.2629733   1.329786  ]
[-0.3331259   0.39530239  0.28600106  1.1118008   1.6787512   0.11413977
 -0.7629672  -0.2736524  -0.38553956 -1.6297623   0.4870959  -0.43829188
 -0.22612467  0.8915596  -2.259185    1.3337868 ]
[-0.3331259   0.39530239  0.28600106  1.1118008   1.6787512   0.11413977
 -0.7629672  -0.2736524  -0.38553956 -1.6297623   0.4870959  -0.43829188
 -0.22612467  0.8915596  -2.259185    1.3337868 ]
[-0.33384836  0.39425382  0.28361478  1.1142828   1.6785743   0.11576899
 -0.76172936 -0.27449673 -0.38690087 -1.6274551   0.48408955 -0.44120464
 -0.22194779  0.8948391  -2.2627645   1.3347794 ]
[-0.33384836  0.39425382  0.28361478  1.1142828   1.6785743   0.11576899
 -0.76172936 -0.27449673 -0.38690087 -1.6274551   0.48408955 -0.44120464
 -0.22194779  0.8948391  -2.2627645   1.3347794 ]
[-0.33362144  0.38797417  0.2823218   1.1158029   1.680796    0.11565783
 -0.76108444 -0.27064222 -0.38750964 -1.6241506   0.47807822 -0.4387164
 -0.21828954  0.8994749  -2.268436    1.3320539 ]
[-0.33362144  0.38797417  0.2823218   1.1158029   1.680796    0.11565783
 -0.76108444 -0.27064222 -0.38750964 -1.6241506   0.47807822 -0.4387164
 -0.21828954  0.8994749  -2.268436    1.3320539 ]
[-0.33098552  0.38237375  0.27236795  1.1020682   1.6876357   0.11126324
 -0.75675565 -0.26203066 -0.39150995 -1.6270489   0.4789489  -0.4505291
 -0.20948565  0.91063154 -2.264092    1.3371519 ]
[-0.33098552  0.38237375  0.27236795  1.1020682   1.6876357   0.11126324
 -0.75675565 -0.26203066 -0.39150995 -1.6270489   0.4789489  -0.4505291
 -0.20948565  0.91063154 -2.264092    1.3371519 ]
[-0.33231455  0.37973255  0.27071637  1.0998875   1.6922172   0.10768642
 -0.76201916 -0.25735345 -0.38778353 -1.6276108   0.48017415 -0.45151043
 -0.2062178   0.90610445 -2.2596495   1.3379856 ]
[-0.33231455  0.37973255  0.27071637  1.0998875   1.6922172   0.10768642
 -0.76201916 -0.25735345 -0.38778353 -1.6276108   0.48017415 -0.45151043
 -0.2062178   0.90610445 -2.2596495   1.3379856 ]
[-0.33677235  0.38079816  0.26372087  1.0959387   1.6937249   0.09940535
 -0.7647851  -0.2507125  -0.38036147 -1.6297617   0.48549375 -0.4544019
 -0.20429094  0.91261375 -2.260429    1.3399782 ]
[-0.33677235  0.38079816  0.26372087  1.0959387   1.6937249   0.09940535
 -0.7647851  -0.2507125  -0.38036147 -1.6297617   0.48549375 -0.4544019
 -0.20429094  0.91261375 -2.260429    1.3399782 ]
[-0.3402407   0.39438716  0.2802462   1.1271296   1.6810251   0.10997637
 -0.7674857  -0.26830873 -0.37592313 -1.6286615   0.4837636  -0.43561855
 -0.2100951   0.8973586  -2.2778234   1.3195219 ]
[-0.3402407   0.39438716  0.2802462   1.1271296   1.6810251   0.10997637
 -0.7674857  -0.26830873 -0.37592313 -1.6286615   0.4837636  -0.43561855
 -0.2100951   0.8973586  -2.2778234   1.3195219 ]
[-0.34233287  0.38654712  0.29130834  1.1415117   1.6893164   0.12127018
 -0.7694809  -0.28814805 -0.3903947  -1.6235905   0.48398748 -0.4354837
 -0.20376511  0.89392054 -2.2724879   1.3064115 ]
[-0.34233287  0.38654712  0.29130834  1.1415117   1.6893164   0.12127018
 -0.7694809  -0.28814805 -0.3903947  -1.6235905   0.48398748 -0.4354837
 -0.20376511  0.89392054 -2.2724879   1.3064115 ]
[-0.345661    0.40324116  0.29058784  1.1275976   1.676931    0.12829402
 -0.7719005  -0.2849678  -0.38827682 -1.6288736   0.48662156 -0.4285778
 -0.21717736  0.8983614  -2.2666717   1.3094423 ]
[-0.345661    0.40324116  0.29058784  1.1275976   1.676931    0.12829402
 -0.7719005  -0.2849678  -0.38827682 -1.6288736   0.48662156 -0.4285778
 -0.21717736  0.8983614  -2.2666717   1.3094423 ]
[-0.345661    0.40324116  0.29058784  1.1275976   1.676931    0.12829402
 -0.7719005  -0.2849678  -0.38827682 -1.6288736   0.48662156 -0.4285778
 -0.21717736  0.8983614  -2.2666717   1.3094423 ]
[-0.3668537   0.4014762   0.29383484  1.1302149   1.6743813   0.13087076
 -0.77221763 -0.28999692 -0.39318973 -1.6364181   0.4947204  -0.43539396
 -0.19939606  0.9028276  -2.251416    1.3052136 ]
[-0.3668537   0.4014762   0.29383484  1.1302149   1.6743813   0.13087076
 -0.77221763 -0.28999692 -0.39318973 -1.6364181   0.4947204  -0.43539396
 -0.19939606  0.9028276  -2.251416    1.3052136 ]
[-0.3649384   0.39949304  0.29185092  1.1273134   1.6783806   0.1364317
 -0.77116954 -0.29770485 -0.39801273 -1.6342903   0.49403507 -0.43694577
 -0.20423469  0.89929116 -2.2432468   1.3127759 ]
[-0.3649384   0.39949304  0.29185092  1.1273134   1.6783806   0.1364317
 -0.77116954 -0.29770485 -0.39801273 -1.6342903   0.49403507 -0.43694577
 -0.20423469  0.89929116 -2.2432468   1.3127759 ]
[-0.35989848  0.39974508  0.2911078   1.1224813   1.6775272   0.1372789
 -0.76617527 -0.30076745 -0.40343028 -1.6324762   0.49755716 -0.44151258
 -0.20995374  0.9002253  -2.2419677   1.3194565 ]
[-0.35989848  0.39974508  0.2911078   1.1224813   1.6775272   0.1372789
 -0.76617527 -0.30076745 -0.40343028 -1.6324762   0.49755716 -0.44151258
 -0.20995374  0.9002253  -2.2419677   1.3194565 ]
[-0.36314213  0.39807138  0.28813976  1.1216863   1.675285    0.13884802
 -0.76423615 -0.29828364 -0.40422088 -1.6360267   0.49689513 -0.44313812
 -0.20755859  0.90523577 -2.2385669   1.320281  ]
[-0.36314213  0.39807138  0.28813976  1.1216863   1.675285    0.13884802
 -0.76423615 -0.29828364 -0.40422088 -1.6360267   0.49689513 -0.44313812
 -0.20755859  0.90523577 -2.2385669   1.320281  ]
[-0.3640993   0.3919012   0.28147453  1.1117747   1.6753025   0.13399357
 -0.75458986 -0.29325825 -0.41246992 -1.6369671   0.49616393 -0.4576611
 -0.20064624  0.9220394  -2.2325706   1.3292786 ]
[-0.3640993   0.3919012   0.28147453  1.1117747   1.6753025   0.13399357
 -0.75458986 -0.29325825 -0.41246992 -1.6369671   0.49616393 -0.4576611
 -0.20064624  0.9220394  -2.2325706   1.3292786 ]
[-0.36051288  0.39435723  0.2842334   1.1086088   1.6676737   0.1334994
 -0.7485652  -0.28901178 -0.40718132 -1.6329365   0.4911701  -0.4593113
 -0.20947699  0.9275509  -2.2394738   1.329105  ]
[-0.36051288  0.39435723  0.2842334   1.1086088   1.6676737   0.1334994
 -0.7485652  -0.28901178 -0.40718132 -1.6329365   0.4911701  -0.4593113
 -0.20947699  0.9275509  -2.2394738   1.329105  ]
[-0.3647979   0.397269    0.27403396  1.1003158   1.6758318   0.13359758
 -0.7574296  -0.28346005 -0.39727357 -1.6292782   0.49111408 -0.45604593
 -0.21657625  0.93215716 -2.238946    1.3295481 ]
[-0.3647979   0.397269    0.27403396  1.1003158   1.6758318   0.13359758
 -0.7574296  -0.28346005 -0.39727357 -1.6292782   0.49111408 -0.45604593
 -0.21657625  0.93215716 -2.238946    1.3295481 ]
[-0.3479225   0.39872044  0.27545732  1.1070033   1.6679579   0.13244292
 -0.75760496 -0.27779603 -0.39006603 -1.6236731   0.48050347 -0.44313926
 -0.23114753  0.93034667 -2.2578013   1.3267124 ]
[-0.3479225   0.39872044  0.27545732  1.1070033   1.6679579   0.13244292
 -0.75760496 -0.27779603 -0.39006603 -1.6236731   0.48050347 -0.44313926
 -0.23114753  0.93034667 -2.2578013   1.3267124 ]
[-0.32919955  0.39260703  0.27940288  1.1224377   1.6541955   0.12871754
 -0.7543465  -0.26873547 -0.37983876 -1.6141922   0.46493906 -0.42223722
 -0.24870463  0.9240144  -2.281431    1.3220155 ]
[-0.32919955  0.39260703  0.27940288  1.1224377   1.6541955   0.12871754
 -0.7543465  -0.26873547 -0.37983876 -1.6141922   0.46493906 -0.42223722
 -0.24870463  0.9240144  -2.281431    1.3220155 ]
[-0.33919364  0.38625318  0.2511992   1.1597745   1.6276325   0.12745042
 -0.72184414 -0.25577277 -0.35301167 -1.5974147   0.43532386 -0.37601772
 -0.25677043  0.9485034  -2.3226223   1.2749422 ]
[-0.33919364  0.38625318  0.2511992   1.1597745   1.6276325   0.12745042
 -0.72184414 -0.25577277 -0.35301167 -1.5974147   0.43532386 -0.37601772
 -0.25677043  0.9485034  -2.3226223   1.2749422 ]
[-0.34293586  0.40149316  0.28884262  1.1265724   1.6757114   0.12480273
 -0.7699357  -0.28115523 -0.3852741  -1.6283468   0.48458204 -0.4294978
 -0.21995863  0.8980759  -2.2686152   1.3148047 ]
[-0.34293586  0.40149316  0.28884262  1.1265724   1.6757114   0.12480273
 -0.7699357  -0.28115523 -0.3852741  -1.6283468   0.48458204 -0.4294978
 -0.21995863  0.8980759  -2.2686152   1.3148047 ]
[-0.34293586  0.40149316  0.28884262  1.1265724   1.6757114   0.12480273
 -0.7699357  -0.28115523 -0.3852741  -1.6283468   0.48458204 -0.4294978
 -0.21995863  0.8980759  -2.2686152   1.3148047 ]
[-0.36436582  0.39928836  0.29249987  1.1298363   1.6736438   0.12648785
 -0.77139664 -0.28517905 -0.39055884 -1.6351411   0.4919816  -0.43571576
 -0.20014867  0.90441144 -2.2554765   1.3085973 ]
[-0.36436582  0.39928836  0.29249987  1.1298363   1.6736438   0.12648785
 -0.77139664 -0.28517905 -0.39055884 -1.6351411   0.4919816  -0.43571576
 -0.20014867  0.90441144 -2.2554765   1.3085973 ]
[-0.36270252  0.39820692  0.29093146  1.1283835   1.6766323   0.13257322
 -0.7703737  -0.29230198 -0.39387804 -1.6327455   0.49103278 -0.43630487
 -0.20582381  0.9010137  -2.249672    1.3140829 ]
[-0.36270252  0.39820692  0.29093146  1.1283835   1.6766323   0.13257322
 -0.7703737  -0.29230198 -0.39387804 -1.6327455   0.49103278 -0.43630487
 -0.20582381  0.9010137  -2.249672    1.3140829 ]
[-0.35731715  0.39744037  0.29199284  1.1239866   1.67575     0.13343504
 -0.76547545 -0.29514948 -0.39920205 -1.63101     0.4935643  -0.43893856
 -0.21218038  0.90202874 -2.2489045   1.3191159 ]
[-0.35731715  0.39744037  0.29199284  1.1239866   1.67575     0.13343504
 -0.76547545 -0.29514948 -0.39920205 -1.63101     0.4935643  -0.43893856
 -0.21218038  0.90202874 -2.2489045   1.3191159 ]
[-0.3598132   0.3978147   0.28794923  1.1202914   1.6739115   0.13542771
 -0.7639078  -0.29274756 -0.40024525 -1.6356876   0.49470538 -0.44263878
 -0.20940444  0.9052439  -2.2432332   1.3216438 ]
[-0.3598132   0.3978147   0.28794923  1.1202914   1.6739115   0.13542771
 -0.7639078  -0.29274756 -0.40024525 -1.6356876   0.49470538 -0.44263878
 -0.20940444  0.9052439  -2.2432332   1.3216438 ]
[-0.36112395  0.39223638  0.28078026  1.1091969   1.6742222   0.12885612
 -0.75566214 -0.28660434 -0.4067418  -1.6375008   0.49503452 -0.4578704
 -0.20237485  0.9209474  -2.23615     1.3325387 ]
[-0.36112395  0.39223638  0.28078026  1.1091969   1.6742222   0.12885612
 -0.75566214 -0.28660434 -0.4067418  -1.6375008   0.49503452 -0.4578704
 -0.20237485  0.9209474  -2.23615     1.3325387 ]
[-0.35614136  0.39692736  0.28445023  1.1090965   1.662722    0.12788287
 -0.7473163  -0.28504634 -0.40126523 -1.6341393   0.4912362  -0.4589099
 -0.21301846  0.9280593  -2.2467623   1.3320186 ]
[-0.35614136  0.39692736  0.28445023  1.1090965   1.662722    0.12788287
 -0.7473163  -0.28504634 -0.40126523 -1.6341393   0.4912362  -0.4589099
 -0.21301846  0.9280593  -2.2467623   1.3320186 ]
[-0.35849625  0.40229446  0.28238034  1.1113273   1.6635468   0.13370958
 -0.7540769  -0.2864451  -0.39402825 -1.6294165   0.4880863  -0.44892296
 -0.22239129  0.9283827  -2.2513175   1.3251276 ]
[-0.35849625  0.40229446  0.28238034  1.1113273   1.6635468   0.13370958
 -0.7540769  -0.2864451  -0.39402825 -1.6294165   0.4880863  -0.44892296
 -0.22239129  0.9283827  -2.2513175   1.3251276 ]
[-0.3479225   0.39872044  0.27545732  1.1070033   1.6679579   0.13244292
 -0.75760496 -0.27779603 -0.39006603 -1.6236731   0.48050347 -0.44313926
 -0.23114753  0.93034667 -2.2578013   1.3267124 ]
[-0.3479225   0.39872044  0.27545732  1.1070033   1.6679579   0.13244292
 -0.75760496 -0.27779603 -0.39006603 -1.6236731   0.48050347 -0.44313926
 -0.23114753  0.93034667 -2.2578013   1.3267124 ]
[-0.3323334   0.39451748  0.27840394  1.1248188   1.6554282   0.13184972
 -0.7574808  -0.27150038 -0.3797179  -1.6144308   0.46688658 -0.42179394
 -0.24646156  0.9230765  -2.2802653   1.3185573 ]
[-0.3323334   0.39451748  0.27840394  1.1248188   1.6554282   0.13184972
 -0.7574808  -0.27150038 -0.3797179  -1.6144308   0.46688658 -0.42179394
 -0.24646156  0.9230765  -2.2802653   1.3185573 ]
[-0.34215313  0.387341    0.25035286  1.1633486   1.6287982   0.13181405
 -0.72548157 -0.25962368 -0.354977   -1.5970186   0.4358459  -0.37465605
 -0.2527439   0.9492694  -2.3216991   1.2698767 ]
[-0.34215313  0.387341    0.25035286  1.1633486   1.6287982   0.13181405
 -0.72548157 -0.25962368 -0.354977   -1.5970186   0.4358459  -0.37465605
 -0.2527439   0.9492694  -2.3216991   1.2698767 ]
[-0.34250182  0.40119332  0.29037338  1.1247118   1.6766217   0.12533827
 -0.7695431  -0.2818076  -0.3879334  -1.6284587   0.48577267 -0.4294986
 -0.21839201  0.8982719  -2.267383    1.3122694 ]
[-0.34250182  0.40119332  0.29037338  1.1247118   1.6766217   0.12533827
 -0.7695431  -0.2818076  -0.3879334  -1.6284587   0.48577267 -0.4294986
 -0.21839201  0.8982719  -2.267383    1.3122694 ]
[-0.34250182  0.40119332  0.29037338  1.1247118   1.6766217   0.12533827
 -0.7695431  -0.2818076  -0.3879334  -1.6284587   0.48577267 -0.4294986
 -0.21839201  0.8982719  -2.267383    1.3122694 ]
[-0.36435458  0.39987853  0.29321066  1.1271607   1.674237    0.12707321
 -0.7697505  -0.28594446 -0.39061278 -1.6363128   0.49465933 -0.43651205
 -0.20213297  0.9017376  -2.2522411   1.3086494 ]
[-0.36435458  0.39987853  0.29321066  1.1271607   1.674237    0.12707321
 -0.7697505  -0.28594446 -0.39061278 -1.6363128   0.49465933 -0.43651205
 -0.20213297  0.9017376  -2.2522411   1.3086494 ]
[-0.36298576  0.3980468   0.28904557  1.1265632   1.6779257   0.13298383
 -0.77031624 -0.29378766 -0.39434567 -1.633939    0.4933444  -0.4375469
 -0.20582846  0.8988538  -2.2450528   1.3161943 ]
[-0.36298576  0.3980468   0.28904557  1.1265632   1.6779257   0.13298383
 -0.77031624 -0.29378766 -0.39434567 -1.633939    0.4933444  -0.4375469
 -0.20582846  0.8988538  -2.2450528   1.3161943 ]
[-0.35815936  0.39760134  0.28890863  1.1220174   1.677713    0.13332066
 -0.76618415 -0.295954   -0.39976257 -1.6314983   0.49556893 -0.44172683
 -0.20998795  0.90142995 -2.245736    1.3217218 ]
[-0.35815936  0.39760134  0.28890863  1.1220174   1.677713    0.13332066
 -0.76618415 -0.295954   -0.39976257 -1.6314983   0.49556893 -0.44172683
 -0.20998795  0.90142995 -2.245736    1.3217218 ]
[-0.36104825  0.39649135  0.28612342  1.1229777   1.6741197   0.13547894
 -0.7635292  -0.29290292 -0.39952952 -1.6345161   0.49402    -0.44216695
 -0.20849745  0.9068223  -2.2451968   1.3206227 ]
[-0.36104825  0.39649135  0.28612342  1.1229777   1.6741197   0.13547894
 -0.7635292  -0.29290292 -0.39952952 -1.6345161   0.49402    -0.44216695
 -0.20849745  0.9068223  -2.2451968   1.3206227 ]
[-0.36106062  0.39006633  0.2801854   1.1128021   1.6746536   0.13000086
 -0.7533752  -0.2879571  -0.4075892  -1.6354812   0.49308053 -0.45506626
 -0.20272665  0.9230257  -2.2396734   1.3287396 ]
[-0.36106062  0.39006633  0.2801854   1.1128021   1.6746536   0.13000086
 -0.7533752  -0.2879571  -0.4075892  -1.6354812   0.49308053 -0.45506626
 -0.20272665  0.9230257  -2.2396734   1.3287396 ]
[-0.35720107  0.39365512  0.28298998  1.1079477   1.6669996   0.12999132
 -0.7476917  -0.28427875 -0.4022801  -1.6320015   0.48981166 -0.45780483
 -0.21211784  0.9272808  -2.2447314   1.3291452 ]
[-0.35720107  0.39365512  0.28298998  1.1079477   1.6669996   0.12999132
 -0.7476917  -0.28427875 -0.4022801  -1.6320015   0.48981166 -0.45780483
 -0.21211784  0.9272808  -2.2447314   1.3291452 ]
[-0.36221892  0.39695722  0.27364075  1.098816    1.6749496   0.12872684
 -0.7579042  -0.27786195 -0.39107013 -1.6287773   0.4903975  -0.45409417
 -0.21974716  0.93103915 -2.243382    1.330597  ]
[-0.36221892  0.39695722  0.27364075  1.098816    1.6749496   0.12872684
 -0.7579042  -0.27786195 -0.39107013 -1.6287773   0.4903975  -0.45409417
 -0.21974716  0.93103915 -2.243382    1.330597  ]
[-0.34450832  0.40132207  0.27704492  1.1091721   1.6639944   0.12842736
 -0.7561308  -0.27550182 -0.38368067 -1.6234077   0.4802606  -0.43924674
 -0.23692854  0.9291791  -2.265411    1.3253173 ]
[-0.34450832  0.40132207  0.27704492  1.1091721   1.6639944   0.12842736
 -0.7561308  -0.27550182 -0.38368067 -1.6234077   0.4802606  -0.43924674
 -0.23692854  0.9291791  -2.265411    1.3253173 ]
[-0.32782942  0.39505124  0.2879439   1.1359229   1.6476841   0.13093305
 -0.7555966  -0.27170268 -0.37396047 -1.6093798   0.4608019  -0.40724087
 -0.25834665  0.913987   -2.292529    1.3134371 ]
[-0.32782942  0.39505124  0.2879439   1.1359229   1.6476841   0.13093305
 -0.7555966  -0.27170268 -0.37396047 -1.6093798   0.4608019  -0.40724087
 -0.25834665  0.913987   -2.292529    1.3134371 ]
[-0.33919364  0.38625318  0.2511992   1.1597745   1.6276325   0.12745042
 -0.72184414 -0.25577277 -0.35301167 -1.5974147   0.43532386 -0.37601772
 -0.25677043  0.9485034  -2.3226223   1.2749422 ]
[-0.33919364  0.38625318  0.2511992   1.1597745   1.6276325   0.12745042
 -0.72184414 -0.25577277 -0.35301167 -1.5974147   0.43532386 -0.37601772
 -0.25677043  0.9485034  -2.3226223   1.2749422 ]
[-0.3398205   0.39946017  0.28860718  1.1236404   1.6754595   0.12187324
 -0.7675928  -0.2780364  -0.3849646  -1.6279078   0.48378858 -0.43045464
 -0.22111256  0.89799726 -2.2693021   1.3175929 ]
[-0.3398205   0.39946017  0.28860718  1.1236404   1.6754595   0.12187324
 -0.7675928  -0.2780364  -0.3849646  -1.6279078   0.48378858 -0.43045464
 -0.22111256  0.89799726 -2.2693021   1.3175929 ]
[-0.3398205   0.39946017  0.28860718  1.1236404   1.6754595   0.12187324
 -0.7675928  -0.2780364  -0.3849646  -1.6279078   0.48378858 -0.43045464
 -0.22111256  0.89799726 -2.2693021   1.3175929 ]
[-0.36187848  0.3976944   0.29188514  1.1267701   1.6734966   0.12269285
 -0.7689361  -0.28113133 -0.38800913 -1.635039    0.49192238 -0.4368437
 -0.20286039  0.9033289  -2.2562804   1.3120406 ]
[-0.36187848  0.3976944   0.29188514  1.1267701   1.6734966   0.12269285
 -0.7689361  -0.28113133 -0.38800913 -1.635039    0.49192238 -0.4368437
 -0.20286039  0.9033289  -2.2562804   1.3120406 ]
[-0.36074668  0.39676282  0.28819832  1.1275837   1.6761491   0.12913972
 -0.76948905 -0.28843555 -0.39027613 -1.6323665   0.49034244 -0.43694043
 -0.20744717  0.90057546 -2.251431    1.3175637 ]
[-0.36074668  0.39676282  0.28819832  1.1275837   1.6761491   0.12913972
 -0.76948905 -0.28843555 -0.39027613 -1.6323665   0.49034244 -0.43694043
 -0.20744717  0.90057546 -2.251431    1.3175637 ]
[-0.35559303  0.39531428  0.28979245  1.1234996   1.6759188   0.12949383
 -0.76546794 -0.29035586 -0.39555815 -1.6300122   0.49159107 -0.4391695
 -0.21220437  0.9032444  -2.2526534   1.3213708 ]
[-0.35559303  0.39531428  0.28979245  1.1234996   1.6759188   0.12949383
 -0.76546794 -0.29035586 -0.39555815 -1.6300122   0.49159107 -0.4391695
 -0.21220437  0.9032444  -2.2526534   1.3213708 ]
[-0.35779876  0.3962728   0.2859459   1.1215105   1.6727899   0.13210155
 -0.76319945 -0.28741947 -0.39561695 -1.6341679   0.49190038 -0.44170195
 -0.21026793  0.90684766 -2.2497938   1.3219041 ]
[-0.35779876  0.3962728   0.2859459   1.1215105   1.6727899   0.13210155
 -0.76319945 -0.28741947 -0.39561695 -1.6341679   0.49190038 -0.44170195
 -0.21026793  0.90684766 -2.2497938   1.3219041 ]
[-0.358216    0.39059454  0.27943426  1.1101396   1.6734565   0.12483878
 -0.75446093 -0.28128314 -0.40180463 -1.6360378   0.49213824 -0.45530778
 -0.20460835  0.92199534 -2.2431934   1.3320606 ]
[-0.358216    0.39059454  0.27943426  1.1101396   1.6734565   0.12483878
 -0.75446093 -0.28128314 -0.40180463 -1.6360378   0.49213824 -0.45530778
 -0.20460835  0.92199534 -2.2431934   1.3320606 ]
[-0.35283452  0.3963027   0.2831666   1.1083784   1.6619809   0.12439819
 -0.7464213  -0.28034133 -0.39638266 -1.6332319   0.4899637  -0.45747727
 -0.2157028   0.9278495  -2.2519395   1.3320729 ]
[-0.35283452  0.3963027   0.2831666   1.1083784   1.6619809   0.12439819
 -0.7464213  -0.28034133 -0.39638266 -1.6332319   0.4899637  -0.45747727
 -0.2157028   0.9278495  -2.2519395   1.3320729 ]
[-0.35663188  0.40160352  0.28105694  1.1102043   1.6632445   0.1289156
 -0.75475746 -0.28063658 -0.38775626 -1.6290725   0.48727036 -0.44717702
 -0.22485523  0.9270954  -2.2551312   1.3264191 ]
[-0.35663188  0.40160352  0.28105694  1.1102043   1.6632445   0.1289156
 -0.75475746 -0.28063658 -0.38775626 -1.6290725   0.48727036 -0.44717702
 -0.22485523  0.9270954  -2.2551312   1.3264191 ]
[-0.34450832  0.40132207  0.27704492  1.1091721   1.6639944   0.12842736
 -0.7561308  -0.27550182 -0.38368067 -1.6234077   0.4802606  -0.43924674
 -0.23692854  0.9291791  -2.265411    1.3253173 ]
[-0.34450832  0.40132207  0.27704492  1.1091721   1.6639944   0.12842736
 -0.7561308  -0.27550182 -0.38368067 -1.6234077   0.4802606  -0.43924674
 -0.23692854  0.9291791  -2.265411    1.3253173 ]
[-0.3309741   0.39699194  0.28696084  1.138323    1.6488771   0.13410418
 -0.758711   -0.27451545 -0.3738476  -1.6095898   0.46277922 -0.40681568
 -0.25610206  0.913087   -2.2914052   1.3099201 ]
[-0.3309741   0.39699194  0.28696084  1.138323    1.6488771   0.13410418
 -0.758711   -0.27451545 -0.3738476  -1.6095898   0.46277922 -0.40681568
 -0.25610206  0.913087   -2.2914052   1.3099201 ]
[-0.34215313  0.387341    0.25035286  1.1633486   1.6287982   0.13181405
 -0.72548157 -0.25962368 -0.354977   -1.5970186   0.4358459  -0.37465605
 -0.2527439   0.9492694  -2.3216991   1.2698767 ]
[-0.34215313  0.387341    0.25035286  1.1633486   1.6287982   0.13181405
 -0.72548157 -0.25962368 -0.354977   -1.5970186   0.4358459  -0.37465605
 -0.2527439   0.9492694  -2.3216991   1.2698767 ]
[-0.34250182  0.40119332  0.29037338  1.1247118   1.6766217   0.12533827
 -0.7695431  -0.2818076  -0.3879334  -1.6284587   0.48577267 -0.4294986
 -0.21839201  0.8982719  -2.267383    1.3122694 ]
[-0.34250182  0.40119332  0.29037338  1.1247118   1.6766217   0.12533827
 -0.7695431  -0.2818076  -0.3879334  -1.6284587   0.48577267 -0.4294986
 -0.21839201  0.8982719  -2.267383    1.3122694 ]
[-0.34250182  0.40119332  0.29037338  1.1247118   1.6766217   0.12533827
 -0.7695431  -0.2818076  -0.3879334  -1.6284587   0.48577267 -0.4294986
 -0.21839201  0.8982719  -2.267383    1.3122694 ]
[-0.36435458  0.39987853  0.29321066  1.1271607   1.674237    0.12707321
 -0.7697505  -0.28594446 -0.39061278 -1.6363128   0.49465933 -0.43651205
 -0.20213297  0.9017376  -2.2522411   1.3086494 ]
[-0.36435458  0.39987853  0.29321066  1.1271607   1.674237    0.12707321
 -0.7697505  -0.28594446 -0.39061278 -1.6363128   0.49465933 -0.43651205
 -0.20213297  0.9017376  -2.2522411   1.3086494 ]
[-0.36298576  0.3980468   0.28904557  1.1265632   1.6779257   0.13298383
 -0.77031624 -0.29378766 -0.39434567 -1.633939    0.4933444  -0.4375469
 -0.20582846  0.8988538  -2.2450528   1.3161943 ]
[-0.36298576  0.3980468   0.28904557  1.1265632   1.6779257   0.13298383
 -0.77031624 -0.29378766 -0.39434567 -1.633939    0.4933444  -0.4375469
 -0.20582846  0.8988538  -2.2450528   1.3161943 ]
[-0.35815936  0.39760134  0.28890863  1.1220174   1.677713    0.13332066
 -0.76618415 -0.295954   -0.39976257 -1.6314983   0.49556893 -0.44172683
 -0.20998795  0.90142995 -2.245736    1.3217218 ]
[-0.35815936  0.39760134  0.28890863  1.1220174   1.677713    0.13332066
 -0.76618415 -0.295954   -0.39976257 -1.6314983   0.49556893 -0.44172683
 -0.20998795  0.90142995 -2.245736    1.3217218 ]
[-0.36104825  0.39649135  0.28612342  1.1229777   1.6741197   0.13547894
 -0.7635292  -0.29290292 -0.39952952 -1.6345161   0.49402    -0.44216695
 -0.20849745  0.9068223  -2.2451968   1.3206227 ]
[-0.36104825  0.39649135  0.28612342  1.1229777   1.6741197   0.13547894
 -0.7635292  -0.29290292 -0.39952952 -1.6345161   0.49402    -0.44216695
 -0.20849745  0.9068223  -2.2451968   1.3206227 ]
[-0.36106062  0.39006633  0.2801854   1.1128021   1.6746536   0.13000086
 -0.7533752  -0.2879571  -0.4075892  -1.6354812   0.49308053 -0.45506626
 -0.20272665  0.9230257  -2.2396734   1.3287396 ]
[-0.36106062  0.39006633  0.2801854   1.1128021   1.6746536   0.13000086
 -0.7533752  -0.2879571  -0.4075892  -1.6354812   0.49308053 -0.45506626
 -0.20272665  0.9230257  -2.2396734   1.3287396 ]
[-0.35720107  0.39365512  0.28298998  1.1079477   1.6669996   0.12999132
 -0.7476917  -0.28427875 -0.4022801  -1.6320015   0.48981166 -0.45780483
 -0.21211784  0.9272808  -2.2447314   1.3291452 ]
[-0.35720107  0.39365512  0.28298998  1.1079477   1.6669996   0.12999132
 -0.7476917  -0.28427875 -0.4022801  -1.6320015   0.48981166 -0.45780483
 -0.21211784  0.9272808  -2.2447314   1.3291452 ]
[-0.35911712  0.39503902  0.27337614  1.0958625   1.674667    0.12587312
 -0.7556364  -0.27472776 -0.3907202  -1.628327    0.48964924 -0.45508677
 -0.22083351  0.9308923  -2.244117    1.3333354 ]
[-0.35911712  0.39503902  0.27337614  1.0958625   1.674667    0.12587312
 -0.7556364  -0.27472776 -0.3907202  -1.628327    0.48964924 -0.45508677
 -0.22083351  0.9308923  -2.244117    1.3333354 ]
[-0.3422115   0.39983702  0.27643117  1.1061609   1.6638725   0.1247499
 -0.75360405 -0.2715768  -0.38110772 -1.6233495   0.4802897  -0.4403552
 -0.23957941  0.92809075 -2.266247    1.3285835 ]
[-0.3422115   0.39983702  0.27643117  1.1061609   1.6638725   0.1247499
 -0.75360405 -0.2715768  -0.38110772 -1.6233495   0.4802897  -0.4403552
 -0.23957941  0.92809075 -2.266247    1.3285835 ]
[-0.3290613   0.39551648  0.28444922  1.1375673   1.6482252   0.13070671
 -0.75734466 -0.27072093 -0.370603   -1.6092434   0.4621071  -0.40756568
 -0.25786442  0.9126879  -2.293142    1.3134925 ]
[-0.3290613   0.39551648  0.28444922  1.1375673   1.6482252   0.13070671
 -0.75734466 -0.27072093 -0.370603   -1.6092434   0.4621071  -0.40756568
 -0.25786442  0.9126879  -2.293142    1.3134925 ]
[-0.34032094  0.3852223   0.24776801  1.1631742   1.6285101   0.12803665
 -0.7249163  -0.2544536  -0.35115352 -1.5960734   0.43365908 -0.3747789
 -0.25293544  0.95071393 -2.3259413   1.2718499 ]
[-0.34032094  0.3852223   0.24776801  1.1631742   1.6285101   0.12803665
 -0.7249163  -0.2544536  -0.35115352 -1.5960734   0.43365908 -0.3747789
 -0.25293544  0.95071393 -2.3259413   1.2718499 ]
[-0.34388962  0.40209398  0.28841347  1.1286656   1.6758416   0.1247581
 -0.7713481  -0.2797695  -0.3833081  -1.6274288   0.48453707 -0.42772755
 -0.21833584  0.8996339  -2.273       1.3098335 ]
[-0.34388962  0.40209398  0.28841347  1.1286656   1.6758416   0.1247581
 -0.7713481  -0.2797695  -0.3833081  -1.6274288   0.48453707 -0.42772755
 -0.21833584  0.8996339  -2.273       1.3098335 ]
[-0.34388962  0.40209398  0.28841347  1.1286656   1.6758416   0.1247581
 -0.7713481  -0.2797695  -0.3833081  -1.6274288   0.48453707 -0.42772755
 -0.21833584  0.8996339  -2.273       1.3098335 ]
[-0.33413607  0.40204707  0.29251033  1.1186868   1.6765935   0.12430032
 -0.7647262  -0.2817478  -0.38829064 -1.6271883   0.4865787  -0.43016487
 -0.22911677  0.89302933 -2.2663784   1.3172033 ]
[-0.33413607  0.40204707  0.29251033  1.1186868   1.6765935   0.12430032
 -0.7647262  -0.2817478  -0.38829064 -1.6271883   0.4865787  -0.43016487
 -0.22911677  0.89302933 -2.2663784   1.3172033 ]
[-0.33413607  0.40204707  0.29251033  1.1186868   1.6765935   0.12430032
 -0.7647262  -0.2817478  -0.38829064 -1.6271883   0.4865787  -0.43016487
 -0.22911677  0.89302933 -2.2663784   1.3172033 ]
[-0.3268818   0.4008816   0.29258367  1.1086378   1.6781645   0.12165465
 -0.76031274 -0.28190523 -0.39076918 -1.6279562   0.4900661  -0.43542972
 -0.23604473  0.8858881  -2.2573738   1.3283851 ]
[-0.3268818   0.4008816   0.29258367  1.1086378   1.6781645   0.12165465
 -0.76031274 -0.28190523 -0.39076918 -1.6279562   0.4900661  -0.43542972
 -0.23604473  0.8858881  -2.2573738   1.3283851 ]
[-0.3305567   0.3987182   0.28756678  1.1067877   1.6812336   0.11880882
 -0.7620989  -0.28122634 -0.39240885 -1.6308943   0.49293852 -0.44051367
 -0.22929302  0.88549674 -2.2495332   1.3348336 ]
[-0.3305567   0.3987182   0.28756678  1.1067877   1.6812336   0.11880882
 -0.7620989  -0.28122634 -0.39240885 -1.6308943   0.49293852 -0.44051367
 -0.22929302  0.88549674 -2.2495332   1.3348336 ]
[-0.3305567   0.3987182   0.28756678  1.1067877   1.6812336   0.11880882
 -0.7620989  -0.28122634 -0.39240885 -1.6308943   0.49293852 -0.44051367
 -0.22929302  0.88549674 -2.2495332   1.3348336 ]
[-0.3547397   0.39279193  0.28488082  1.1217533   1.6787161   0.12057255
 -0.7660956  -0.2837427  -0.39311066 -1.6331362   0.4927621  -0.4449552
 -0.20443137  0.89864904 -2.2473137   1.326873  ]
[-0.3547397   0.39279193  0.28488082  1.1217533   1.6787161   0.12057255
 -0.7660956  -0.2837427  -0.39311066 -1.6331362   0.4927621  -0.4449552
 -0.20443137  0.89864904 -2.2473137   1.326873  ]
[-0.35318875  0.38406563  0.2826094   1.1283003   1.6835045   0.12901695
 -0.7667738  -0.28626114 -0.39678642 -1.6237335   0.4792246  -0.44115433
 -0.20052163  0.9046483  -2.2562733   1.322715  ]
[-0.35318875  0.38406563  0.2826094   1.1283003   1.6835045   0.12901695
 -0.7667738  -0.28626114 -0.39678642 -1.6237335   0.4792246  -0.44115433
 -0.20052163  0.9046483  -2.2562733   1.322715  ]
[-0.34784397  0.37439856  0.27062514  1.1107022   1.6942278   0.12458072
 -0.76279604 -0.2734153  -0.40232325 -1.6224105   0.4786671  -0.45093423
 -0.19485189  0.9160984  -2.253992    1.3289286 ]
[-0.34784397  0.37439856  0.27062514  1.1107022   1.6942278   0.12458072
 -0.76279604 -0.2734153  -0.40232325 -1.6224105   0.4786671  -0.45093423
 -0.19485189  0.9160984  -2.253992    1.3289286 ]
[-0.34486535  0.36845833  0.26208687  1.0940739   1.7031288   0.11365614
 -0.7635389  -0.25807866 -0.39677688 -1.6286484   0.483426   -0.45742005
 -0.19293666  0.91682637 -2.2445467   1.3351061 ]
[-0.34486535  0.36845833  0.26208687  1.0940739   1.7031288   0.11365614
 -0.7635389  -0.25807866 -0.39677688 -1.6286484   0.483426   -0.45742005
 -0.19293666  0.91682637 -2.2445467   1.3351061 ]
[-0.33988282  0.37049943  0.262572    1.0911618   1.6900095   0.09882343
 -0.75531006 -0.24952383 -0.3913434  -1.6315807   0.48820615 -0.46295395
 -0.19615963  0.9205704  -2.2487302   1.3437326 ]
[-0.33988282  0.37049943  0.262572    1.0911618   1.6900095   0.09882343
 -0.75531006 -0.24952383 -0.3913434  -1.6315807   0.48820615 -0.46295395
 -0.19615963  0.9205704  -2.2487302   1.3437326 ]
[-0.3411083   0.38476905  0.2726534   1.1069425   1.6668495   0.09572764
 -0.7459284  -0.2561756  -0.37899512 -1.6341884   0.49028286 -0.46106285
 -0.20469213  0.92072725 -2.2661147   1.3401387 ]
[-0.3411083   0.38476905  0.2726534   1.1069425   1.6668495   0.09572764
 -0.7459284  -0.2561756  -0.37899512 -1.6341884   0.49028286 -0.46106285
 -0.20469213  0.92072725 -2.2661147   1.3401387 ]
[-0.34104675  0.38299814  0.29033974  1.1377337   1.6685864   0.10724863
 -0.74662113 -0.2792161  -0.38188335 -1.6234306   0.4816981  -0.44386697
 -0.21533278  0.90956163 -2.27828     1.3204802 ]
[-0.34104675  0.38299814  0.29033974  1.1377337   1.6685864   0.10724863
 -0.74662113 -0.2792161  -0.38188335 -1.6234306   0.4816981  -0.44386697
 -0.21533278  0.90956163 -2.27828     1.3204802 ]
[-0.32870248  0.38942108  0.29805934  1.1376482   1.6590561   0.11984603
 -0.7457999  -0.2835092  -0.3815593  -1.6147226   0.47250026 -0.42751732
 -0.2413753   0.9090935  -2.2887926   1.3152198 ]
[-0.32870248  0.38942108  0.29805934  1.1376482   1.6590561   0.11984603
 -0.7457999  -0.2835092  -0.3815593  -1.6147226   0.47250026 -0.42751732
 -0.2413753   0.9090935  -2.2887926   1.3152198 ]
[-0.32069966  0.39001694  0.28444254  1.128816    1.6470525   0.12104633
 -0.7494203  -0.26107028 -0.3679374  -1.6085498   0.45957184 -0.41025844
 -0.26349384  0.9126431  -2.2955165   1.3227942 ]
[-0.32069966  0.39001694  0.28444254  1.128816    1.6470525   0.12104633
 -0.7494203  -0.26107028 -0.3679374  -1.6085498   0.45957184 -0.41025844
 -0.26349384  0.9126431  -2.2955165   1.3227942 ]
[-0.32723     0.3771448   0.24619147  1.1498258   1.6258358   0.11064396
 -0.71213996 -0.23710111 -0.3436214  -1.5952734   0.43026352 -0.37980798
 -0.2639928   0.94955504 -2.3307827   1.2893198 ]
[-0.32723     0.3771448   0.24619147  1.1498258   1.6258358   0.11064396
 -0.71213996 -0.23710111 -0.3436214  -1.5952734   0.43026352 -0.37980798
 -0.2639928   0.94955504 -2.3307827   1.2893198 ]
[-0.32923904  0.39207548  0.2821675   1.1166555   1.6728518   0.10311842
 -0.75967544 -0.25673774 -0.36906403 -1.6253498   0.47844106 -0.43337527
 -0.2302854   0.89834964 -2.282517    1.3322368 ]
[-0.32923904  0.39207548  0.2821675   1.1166555   1.6728518   0.10311842
 -0.75967544 -0.25673774 -0.36906403 -1.6253498   0.47844106 -0.43337527
 -0.2302854   0.89834964 -2.282517    1.3322368 ]
[-0.3322398   0.3940641   0.28245595  1.1196756   1.672991    0.10598575
 -0.7619698  -0.25975925 -0.36928076 -1.6258364   0.47911173 -0.43232298
 -0.22927216  0.8983957  -2.281894    1.3294871 ]
[-0.3322398   0.3940641   0.28245595  1.1196756   1.672991    0.10598575
 -0.7619698  -0.25975925 -0.36928076 -1.6258364   0.47911173 -0.43232298
 -0.22927216  0.8983957  -2.281894    1.3294871 ]
[-0.3345592   0.39572874  0.2829901   1.1229565   1.6729645   0.10982983
 -0.76420695 -0.26383758 -0.37156963 -1.6259266   0.4790936  -0.4310472
 -0.22698125  0.89944965 -2.2813728   1.3259931 ]
[-0.3345592   0.39572874  0.2829901   1.1229565   1.6729645   0.10982983
 -0.76420695 -0.26383758 -0.37156963 -1.6259266   0.4790936  -0.4310472
 -0.22698125  0.89944965 -2.2813728   1.3259931 ]
[-0.3396495   0.39913538  0.2841215   1.1261756   1.6747143   0.11638041
 -0.7684664  -0.27040634 -0.37466872 -1.6263704   0.48199266 -0.42981404
 -0.22285226  0.89924276 -2.278803    1.3185384 ]
[-0.3396495   0.39913538  0.2841215   1.1261756   1.6747143   0.11638041
 -0.7684664  -0.27040634 -0.37466872 -1.6263704   0.48199266 -0.42981404
 -0.22285226  0.89924276 -2.278803    1.3185384 ]
[-0.34438747  0.40225607  0.28563714  1.1299818   1.6760023   0.12462322
 -0.77244157 -0.2790324  -0.3802777  -1.626981    0.48444128 -0.4283019
 -0.21872976  0.89867467 -2.2737656   1.3113672 ]
[-0.34438747  0.40225607  0.28563714  1.1299818   1.6760023   0.12462322
 -0.77244157 -0.2790324  -0.3802777  -1.626981    0.48444128 -0.4283019
 -0.21872976  0.89867467 -2.2737656   1.3113672 ]
[-0.34897155  0.40520996  0.28946704  1.1299121   1.6782892   0.13169707
 -0.77495253 -0.28804755 -0.38811827 -1.6290138   0.48862928 -0.42819095
 -0.21478537  0.8977186  -2.2655344   1.3055608 ]
[-0.34897155  0.40520996  0.28946704  1.1299121   1.6782892   0.13169707
 -0.77495253 -0.28804755 -0.38811827 -1.6290138   0.48862928 -0.42819095
 -0.21478537  0.8977186  -2.2655344   1.3055608 ]
[-0.35719895  0.41041002  0.29057866  1.1319685   1.6813749   0.14330769
 -0.7797348  -0.3009616  -0.3955795  -1.6312077   0.49548116 -0.42989564
 -0.20897813  0.8942913  -2.253635    1.2984794 ]
[-0.35719895  0.41041002  0.29057866  1.1319685   1.6813749   0.14330769
 -0.7797348  -0.3009616  -0.3955795  -1.6312077   0.49548116 -0.42989564
 -0.20897813  0.8942913  -2.253635    1.2984794 ]
[-0.3649574   0.4104886   0.29035416  1.1366659   1.6884451   0.1565172
 -0.7873155  -0.3156045  -0.4069055  -1.6313072   0.4994742  -0.42912665
 -0.19732854  0.892563   -2.2409348   1.2873614 ]
[-0.3649574   0.4104886   0.29035416  1.1366659   1.6884451   0.1565172
 -0.7873155  -0.3156045  -0.4069055  -1.6313072   0.4994742  -0.42912665
 -0.19732854  0.892563   -2.2409348   1.2873614 ]
[-0.36931077  0.41223907  0.28942007  1.1400236   1.6961076   0.17284259
 -0.79372394 -0.3325929  -0.422355   -1.6296953   0.50545245 -0.42957765
 -0.18337241  0.89080745 -2.2294188   1.2710412 ]
[-0.36931077  0.41223907  0.28942007  1.1400236   1.6961076   0.17284259
 -0.79372394 -0.3325929  -0.422355   -1.6296953   0.50545245 -0.42957765
 -0.18337241  0.89080745 -2.2294188   1.2710412 ]
[-0.36884123  0.4103539   0.28411588  1.1463828   1.70947     0.19751264
 -0.8038349  -0.35295066 -0.43936405 -1.6217413   0.50837004 -0.42629582
 -0.1702595   0.8849775  -2.2178836   1.2472074 ]
[-0.36884123  0.4103539   0.28411588  1.1463828   1.70947     0.19751264
 -0.8038349  -0.35295066 -0.43936405 -1.6217413   0.50837004 -0.42629582
 -0.1702595   0.8849775  -2.2178836   1.2472074 ]
[-0.35645553  0.39924726  0.26668245  1.1380879   1.7377939   0.2183434
 -0.81679237 -0.36567754 -0.4498263  -1.6118677   0.51825875 -0.43277535
 -0.15478402  0.88185996 -2.2028584   1.217177  ]
[-0.35645553  0.39924726  0.26668245  1.1380879   1.7377939   0.2183434
 -0.81679237 -0.36567754 -0.4498263  -1.6118677   0.51825875 -0.43277535
 -0.15478402  0.88185996 -2.2028584   1.217177  ]
[-0.34802204  0.38732764  0.2592158   1.1387616   1.7687937   0.24234757
 -0.83321726 -0.38035828 -0.4595832  -1.5978999   0.52294874 -0.42862797
 -0.138508    0.8660103  -2.190861    1.176791  ]
[-0.34802204  0.38732764  0.2592158   1.1387616   1.7687937   0.24234757
 -0.83321726 -0.38035828 -0.4595832  -1.5978999   0.52294874 -0.42862797
 -0.138508    0.8660103  -2.190861    1.176791  ]
[-0.3477779   0.37679636  0.2479444   1.1254619   1.8088411   0.25849205
 -0.84726304 -0.38719645 -0.4720438  -1.590014    0.5362764  -0.4356864
 -0.11793904  0.85209256 -2.1687493   1.1449084 ]
[-0.3477779   0.37679636  0.2479444   1.1254619   1.8088411   0.25849205
 -0.84726304 -0.38719645 -0.4720438  -1.590014    0.5362764  -0.4356864
 -0.11793904  0.85209256 -2.1687493   1.1449084 ]
[-0.33949655  0.37224802  0.25510946  1.12008     1.8379759   0.27255347
 -0.8482192  -0.39880598 -0.48606244 -1.5809314   0.5405226  -0.43528265
 -0.1077317   0.83312875 -2.1620717   1.1098794 ]
[-0.33949655  0.37224802  0.25510946  1.12008     1.8379759   0.27255347
 -0.8482192  -0.39880598 -0.48606244 -1.5809314   0.5405226  -0.43528265
 -0.1077317   0.83312875 -2.1620717   1.1098794 ]
[-0.3259008   0.35878986  0.26156133  1.1126564   1.8711876   0.28233203
 -0.84091854 -0.4123126  -0.5114434  -1.5686638   0.5431719  -0.43904415
 -0.09298801  0.81193334 -2.1476424   1.0790193 ]
[-0.3259008   0.35878986  0.26156133  1.1126564   1.8711876   0.28233203
 -0.84091854 -0.4123126  -0.5114434  -1.5686638   0.5431719  -0.43904415
 -0.09298801  0.81193334 -2.1476424   1.0790193 ]
[-0.31428945  0.33242106  0.26887196  1.0801295   1.9233973   0.2832083
 -0.83366364 -0.4186511  -0.54397935 -1.5564169   0.55530024 -0.45396906
 -0.0652601   0.7841706  -2.1170182   1.0562828 ]
[-0.31428945  0.33242106  0.26887196  1.0801295   1.9233973   0.2832083
 -0.83366364 -0.4186511  -0.54397935 -1.5564169   0.55530024 -0.45396906
 -0.0652601   0.7841706  -2.1170182   1.0562828 ]
[-0.3070775   0.28581923  0.296137    1.0568635   1.9717138   0.2801847
 -0.8191916  -0.42281967 -0.58757704 -1.544685    0.54760784 -0.4810911
 -0.00816874  0.75788885 -2.0811658   1.0346515 ]
[-0.3070775   0.28581923  0.296137    1.0568635   1.9717138   0.2801847
 -0.8191916  -0.42281967 -0.58757704 -1.544685    0.54760784 -0.4810911
 -0.00816874  0.75788885 -2.0811658   1.0346515 ]
[-0.28487736  0.23966089  0.3483699   1.0166353   2.0087013   0.2631036
 -0.773038   -0.45366055 -0.65733975 -1.5496277   0.54657507 -0.53335464
  0.07296416  0.74815804 -2.032132    1.0174226 ]
[-0.28487736  0.23966089  0.3483699   1.0166353   2.0087013   0.2631036
 -0.773038   -0.45366055 -0.65733975 -1.5496277   0.54657507 -0.53335464
  0.07296416  0.74815804 -2.032132    1.0174226 ]
[-0.24851307  0.22211154  0.4050762   0.9332924   2.0296288   0.24551053
 -0.7096878  -0.5130385  -0.75412923 -1.5707092   0.59109205 -0.6177888
  0.13198344  0.7599522  -1.9569359   1.0290387 ]
[-0.24851307  0.22211154  0.4050762   0.9332924   2.0296288   0.24551053
 -0.7096878  -0.5130385  -0.75412923 -1.5707092   0.59109205 -0.6177888
  0.13198344  0.7599522  -1.9569359   1.0290387 ]
[-0.23572381  0.24238376  0.47429317  0.85141957  2.0014863   0.23540115
 -0.66439235 -0.55225664 -0.8275775  -1.6196531   0.6305161  -0.6627873
  0.1723527   0.7595808  -1.8816855   1.0534292 ]
[-0.23572381  0.24238376  0.47429317  0.85141957  2.0014863   0.23540115
 -0.66439235 -0.55225664 -0.8275775  -1.6196531   0.6305161  -0.6627873
  0.1723527   0.7595808  -1.8816855   1.0534292 ]
[-0.23572381  0.24238376  0.47429317  0.85141957  2.0014863   0.23540115
 -0.66439235 -0.55225664 -0.8275775  -1.6196531   0.6305161  -0.6627873
  0.1723527   0.7595808  -1.8816855   1.0534292 ]
[-0.28261584  0.248503    0.49030346  0.84737474  1.9695498   0.2212058
 -0.64760095 -0.5492443  -0.8272117  -1.6565199   0.65327454 -0.6798752
  0.18804681  0.7780935  -1.8538643   1.0775676 ]
[-0.28261584  0.248503    0.49030346  0.84737474  1.9695498   0.2212058
 -0.64760095 -0.5492443  -0.8272117  -1.6565199   0.65327454 -0.6798752
  0.18804681  0.7780935  -1.8538643   1.0775676 ]
[-0.286431    0.25668043  0.4990124   0.8272427   1.9465193   0.21956143
 -0.63508207 -0.5571483  -0.8317634  -1.6756904   0.66151273 -0.69464666
  0.18158953  0.7656433  -1.8277664   1.129368  ]
[-0.286431    0.25668043  0.4990124   0.8272427   1.9465193   0.21956143
 -0.63508207 -0.5571483  -0.8317634  -1.6756904   0.66151273 -0.69464666
  0.18158953  0.7656433  -1.8277664   1.129368  ]
[-0.29284403  0.25216383  0.5030614   0.8319338   1.92434     0.21239801
 -0.64174634 -0.5409509  -0.8239487  -1.6820898   0.6402062  -0.6930629
  0.18271743  0.7840022  -1.8360155   1.1595166 ]
[-0.29284403  0.25216383  0.5030614   0.8319338   1.92434     0.21239801
 -0.64174634 -0.5409509  -0.8239487  -1.6820898   0.6402062  -0.6930629
  0.18271743  0.7840022  -1.8360155   1.1595166 ]
[-0.31462356  0.26547748  0.4896037   0.8526777   1.882048    0.19451989
 -0.6593969  -0.50604284 -0.79651517 -1.6894985   0.61591256 -0.68248475
  0.16534886  0.817297   -1.856411    1.2038347 ]
[-0.31462356  0.26547748  0.4896037   0.8526777   1.882048    0.19451989
 -0.6593969  -0.50604284 -0.79651517 -1.6894985   0.61591256 -0.68248475
  0.16534886  0.817297   -1.856411    1.2038347 ]
[-0.33317775  0.29198983  0.464463    0.8603487   1.8552799   0.18535462
 -0.689844   -0.48103338 -0.75858164 -1.6979539   0.6101865  -0.66504765
  0.13553177  0.82805634 -1.8701684   1.2485745 ]
[-0.33317775  0.29198983  0.464463    0.8603487   1.8552799   0.18535462
 -0.689844   -0.48103338 -0.75858164 -1.6979539   0.6101865  -0.66504765
  0.13553177  0.82805634 -1.8701684   1.2485745 ]
[-0.34667164  0.32390735  0.4535451   0.90309334  1.817432    0.17985864
 -0.6956507  -0.4590517  -0.69882077 -1.687707    0.58001244 -0.6269301
  0.06277441  0.87794656 -1.9512851   1.2523926 ]
[-0.34667164  0.32390735  0.4535451   0.90309334  1.817432    0.17985864
 -0.6956507  -0.4590517  -0.69882077 -1.687707    0.58001244 -0.6269301
  0.06277441  0.87794656 -1.9512851   1.2523926 ]
[-0.38076016  0.37919626  0.4163169   0.9292208   1.8126682   0.19256215
 -0.76055306 -0.4271626  -0.61239547 -1.6857208   0.5777085  -0.58080876
 -0.03527122  0.8857125  -1.9980437   1.2743518 ]
[-0.38076016  0.37919626  0.4163169   0.9292208   1.8126682   0.19256215
 -0.76055306 -0.4271626  -0.61239547 -1.6857208   0.5777085  -0.58080876
 -0.03527122  0.8857125  -1.9980437   1.2743518 ]
[-0.37134847  0.41944152  0.36670983  0.9761866   1.7651742   0.19296782
 -0.80530185 -0.3728198  -0.5215816  -1.6648912   0.55532885 -0.5185149
 -0.14087406  0.88668764 -2.0872855   1.3091462 ]
[-0.37134847  0.41944152  0.36670983  0.9761866   1.7651742   0.19296782
 -0.80530185 -0.3728198  -0.5215816  -1.6648912   0.55532885 -0.5185149
 -0.14087406  0.88668764 -2.0872855   1.3091462 ]
[-0.34197623  0.4008327   0.2840596   1.1286224   1.6592286   0.14757471
 -0.76425016 -0.28973103 -0.39317167 -1.6170725   0.47370154 -0.42028862
 -0.23852143  0.92134297 -2.2668138   1.3056185 ]
[-0.34197623  0.4008327   0.2840596   1.1286224   1.6592286   0.14757471
 -0.76425016 -0.28973103 -0.39317167 -1.6170725   0.47370154 -0.42028862
 -0.23852143  0.92134297 -2.2668138   1.3056185 ]
[-0.35553128  0.39675182  0.2545021   1.1657939   1.6346178   0.15065637
 -0.73393714 -0.28254995 -0.36986977 -1.600593    0.44765002 -0.37661907
 -0.24275497  0.94332993 -2.301635    1.2581717 ]
[-0.35553128  0.39675182  0.2545021   1.1657939   1.6346178   0.15065637
 -0.73393714 -0.28254995 -0.36986977 -1.600593    0.44765002 -0.37661907
 -0.24275497  0.94332993 -2.301635    1.2581717 ]
[-0.3583114   0.40897876  0.2946204   1.1288185   1.6836622   0.14738011
 -0.7793304  -0.30828047 -0.4066611  -1.633303    0.49690205 -0.4313558
 -0.20535319  0.8938271  -2.2427678   1.2999082 ]
[-0.3583114   0.40897876  0.2946204   1.1288185   1.6836622   0.14738011
 -0.7793304  -0.30828047 -0.4066611  -1.633303    0.49690205 -0.4313558
 -0.20535319  0.8938271  -2.2427678   1.2999082 ]
[-0.3583114   0.40897876  0.2946204   1.1288185   1.6836622   0.14738011
 -0.7793304  -0.30828047 -0.4066611  -1.633303    0.49690205 -0.4313558
 -0.20535319  0.8938271  -2.2427678   1.2999082 ]
[-0.37982368  0.4081897   0.29835746  1.1291578   1.680489    0.14961588
 -0.7758999  -0.3146392  -0.41462135 -1.6414646   0.5064416  -0.4408992
 -0.18654732  0.90073186 -2.2272806   1.2966231 ]
[-0.37982368  0.4081897   0.29835746  1.1291578   1.680489    0.14961588
 -0.7758999  -0.3146392  -0.41462135 -1.6414646   0.5064416  -0.4408992
 -0.18654732  0.90073186 -2.2272806   1.2966231 ]
[-0.37800735  0.40351135  0.29366776  1.1245463   1.684565    0.15745743
 -0.7720492  -0.32205996 -0.42066985 -1.6381104   0.5047966  -0.4452792
 -0.1912457   0.8983534  -2.2180152   1.3074496 ]
[-0.37800735  0.40351135  0.29366776  1.1245463   1.684565    0.15745743
 -0.7720492  -0.32205996 -0.42066985 -1.6381104   0.5047966  -0.4452792
 -0.1912457   0.8983534  -2.2180152   1.3074496 ]
[-0.37418956  0.39753604  0.28437418  1.109273    1.690657    0.15243904
 -0.7658785  -0.31673497 -0.4279132  -1.6385018   0.50754696 -0.46099225
 -0.18973432  0.9096187  -2.2100778   1.3220937 ]
[-0.37418956  0.39753604  0.28437418  1.109273    1.690657    0.15243904
 -0.7658785  -0.31673497 -0.4279132  -1.6385018   0.50754696 -0.46099225
 -0.18973432  0.9096187  -2.2100778   1.3220937 ]
[-0.37617943  0.39458513  0.27769056  1.108724    1.6883833   0.15067235
 -0.76365453 -0.31000456 -0.4252736  -1.6391003   0.5054097  -0.4607109
 -0.1887177   0.9150381  -2.2103791   1.3231313 ]
[-0.37617943  0.39458513  0.27769056  1.108724    1.6883833   0.15067235
 -0.76365453 -0.31000456 -0.4252736  -1.6391003   0.5054097  -0.4607109
 -0.1887177   0.9150381  -2.2103791   1.3231313 ]
[-0.37864056  0.38378084  0.27174538  1.1029304   1.6937988   0.14298093
 -0.7595197  -0.299222   -0.4253665  -1.6354288   0.50108755 -0.46526918
 -0.18832156  0.9252523  -2.208342    1.328359  ]
[-0.37864056  0.38378084  0.27174538  1.1029304   1.6937988   0.14298093
 -0.7595197  -0.299222   -0.4253665  -1.6354288   0.50108755 -0.46526918
 -0.18832156  0.9252523  -2.208342    1.328359  ]
[-0.36888915  0.38920608  0.2789504   1.1000264   1.6811771   0.13830915
 -0.7503277  -0.29299393 -0.41573167 -1.6322777   0.49506626 -0.4662203
 -0.20220573  0.9313434  -2.2240024   1.3283997 ]
[-0.36888915  0.38920608  0.2789504   1.1000264   1.6811771   0.13830915
 -0.7503277  -0.29299393 -0.41573167 -1.6322777   0.49506626 -0.4662203
 -0.20220573  0.9313434  -2.2240024   1.3283997 ]
[-0.37055093  0.39620534  0.27819616  1.0982044   1.6818879   0.1397273
 -0.76046073 -0.28865197 -0.4032297  -1.6284912   0.49239096 -0.45619792
 -0.21420053  0.9297908  -2.2296755   1.3249652 ]
[-0.37055093  0.39620534  0.27819616  1.0982044   1.6818879   0.1397273
 -0.76046073 -0.28865197 -0.4032297  -1.6284912   0.49239096 -0.45619792
 -0.21420053  0.9297908  -2.2296755   1.3249652 ]
[-0.35833713  0.3968038   0.27400303  1.0941927   1.6826801   0.13811085
 -0.767431   -0.2772642  -0.39394015 -1.6237423   0.48386592 -0.44655123
 -0.22750154  0.9295473  -2.2405713   1.3262717 ]
[-0.35833713  0.3968038   0.27400303  1.0941927   1.6826801   0.13811085
 -0.767431   -0.2772642  -0.39394015 -1.6237423   0.48386592 -0.44655123
 -0.22750154  0.9295473  -2.2405713   1.3262717 ]
[-0.32919955  0.39260703  0.27940288  1.1224377   1.6541955   0.12871754
 -0.7543465  -0.26873547 -0.37983876 -1.6141922   0.46493906 -0.42223722
 -0.24870463  0.9240144  -2.281431    1.3220155 ]
[-0.32919955  0.39260703  0.27940288  1.1224377   1.6541955   0.12871754
 -0.7543465  -0.26873547 -0.37983876 -1.6141922   0.46493906 -0.42223722
 -0.24870463  0.9240144  -2.281431    1.3220155 ]
[-0.33919364  0.38625318  0.2511992   1.1597745   1.6276325   0.12745042
 -0.72184414 -0.25577277 -0.35301167 -1.5974147   0.43532386 -0.37601772
 -0.25677043  0.9485034  -2.3226223   1.2749422 ]
[-0.33919364  0.38625318  0.2511992   1.1597745   1.6276325   0.12745042
 -0.72184414 -0.25577277 -0.35301167 -1.5974147   0.43532386 -0.37601772
 -0.25677043  0.9485034  -2.3226223   1.2749422 ]
[-0.3398205   0.39946017  0.28860718  1.1236404   1.6754595   0.12187324
 -0.7675928  -0.2780364  -0.3849646  -1.6279078   0.48378858 -0.43045464
 -0.22111256  0.89799726 -2.2693021   1.3175929 ]
[-0.3398205   0.39946017  0.28860718  1.1236404   1.6754595   0.12187324
 -0.7675928  -0.2780364  -0.3849646  -1.6279078   0.48378858 -0.43045464
 -0.22111256  0.89799726 -2.2693021   1.3175929 ]
[-0.3398264   0.4001441   0.29177862  1.1171176   1.6763656   0.12129021
 -0.7646512  -0.27946907 -0.38839465 -1.6302264   0.48770484 -0.4344175
 -0.22251141  0.89536464 -2.262134    1.3211725 ]
[-0.3398264   0.4001441   0.29177862  1.1171176   1.6763656   0.12129021
 -0.7646512  -0.27946907 -0.38839465 -1.6302264   0.48770484 -0.4344175
 -0.22251141  0.89536464 -2.262134    1.3211725 ]
[-0.34099934  0.39945295  0.28946298  1.115997    1.6770544   0.12214792
 -0.7638205  -0.2814037  -0.38914484 -1.6315472   0.48937678 -0.43705177
 -0.22326028  0.8927471  -2.2561638   1.3266929 ]
[-0.34099934  0.39945295  0.28946298  1.115997    1.6770544   0.12214792
 -0.7638205  -0.2814037  -0.38914484 -1.6315472   0.48937678 -0.43705177
 -0.22326028  0.8927471  -2.2561638   1.3266929 ]
[-0.34078386  0.39729875  0.2891752   1.1144938   1.6778183   0.12200801
 -0.762601   -0.28266925 -0.3929953  -1.631167    0.48862988 -0.43981266
 -0.22012623  0.89539206 -2.25467     1.3296379 ]
[-0.34078386  0.39729875  0.2891752   1.1144938   1.6778183   0.12200801
 -0.762601   -0.28266925 -0.3929953  -1.631167    0.48862988 -0.43981266
 -0.22012623  0.89539206 -2.25467     1.3296379 ]
[-0.34204662  0.39503068  0.28482723  1.1126144   1.6792393   0.12358876
 -0.7621014  -0.28062338 -0.3949501  -1.6300185   0.48683137 -0.44392425
 -0.21493089  0.89887315 -2.2543125   1.3316476 ]
[-0.34204662  0.39503068  0.28482723  1.1126144   1.6792393   0.12358876
 -0.7621014  -0.28062338 -0.3949501  -1.6300185   0.48683137 -0.44392425
 -0.21493089  0.89887315 -2.2543125   1.3316476 ]
[-0.3424628   0.38971603  0.27514234  1.1026571   1.6836752   0.11633591
 -0.7592584  -0.2713824  -0.3947035  -1.6315031   0.48661298 -0.45447215
 -0.2082909   0.91149443 -2.2525146   1.3390738 ]
[-0.3424628   0.38971603  0.27514234  1.1026571   1.6836752   0.11633591
 -0.7592584  -0.2713824  -0.3947035  -1.6315031   0.48661298 -0.45447215
 -0.2082909   0.91149443 -2.2525146   1.3390738 ]
[-0.3639219   0.38043037  0.27375862  1.1166296   1.6822109   0.11812814
 -0.7626864  -0.27091134 -0.39301163 -1.6330229   0.48555455 -0.45298943
 -0.1826764   0.9234147  -2.2518964   1.320277  ]
[-0.3639219   0.38043037  0.27375862  1.1166296   1.6822109   0.11812814
 -0.7626864  -0.27091134 -0.39301163 -1.6330229   0.48555455 -0.45298943
 -0.1826764   0.9234147  -2.2518964   1.320277  ]
[-0.3639219   0.38043037  0.27375862  1.1166296   1.6822109   0.11812814
 -0.7626864  -0.27091134 -0.39301163 -1.6330229   0.48555455 -0.45298943
 -0.1826764   0.9234147  -2.2518964   1.320277  ]
[-0.3639219   0.38043037  0.27375862  1.1166296   1.6822109   0.11812814
 -0.7626864  -0.27091134 -0.39301163 -1.6330229   0.48555455 -0.45298943
 -0.1826764   0.9234147  -2.2518964   1.320277  ]
[-0.3852549   0.36464164  0.26596898  1.1307945   1.6907027   0.1246326
 -0.77694535 -0.27075166 -0.39064795 -1.6285158   0.4795731  -0.44823927
 -0.15322345  0.93139964 -2.2461152   1.3005728 ]
[-0.3852549   0.36464164  0.26596898  1.1307945   1.6907027   0.1246326
 -0.77694535 -0.27075166 -0.39064795 -1.6285158   0.4795731  -0.44823927
 -0.15322345  0.93139964 -2.2461152   1.3005728 ]
[-0.3852549   0.36464164  0.26596898  1.1307945   1.6907027   0.1246326
 -0.77694535 -0.27075166 -0.39064795 -1.6285158   0.4795731  -0.44823927
 -0.15322345  0.93139964 -2.2461152   1.3005728 ]
[-0.3852549   0.36464164  0.26596898  1.1307945   1.6907027   0.1246326
 -0.77694535 -0.27075166 -0.39064795 -1.6285158   0.4795731  -0.44823927
 -0.15322345  0.93139964 -2.2461152   1.3005728 ]
[-0.40199494  0.3530794   0.2586732   1.1377717   1.6979554   0.12585077
 -0.78467387 -0.27010378 -0.38939816 -1.6268028   0.48193258 -0.44711804
 -0.13316078  0.94650996 -2.2447286   1.2841011 ]
[-0.40199494  0.3530794   0.2586732   1.1377717   1.6979554   0.12585077
 -0.78467387 -0.27010378 -0.38939816 -1.6268028   0.48193258 -0.44711804
 -0.13316078  0.94650996 -2.2447286   1.2841011 ]
[-0.40199494  0.3530794   0.2586732   1.1377717   1.6979554   0.12585077
 -0.78467387 -0.27010378 -0.38939816 -1.6268028   0.48193258 -0.44711804
 -0.13316078  0.94650996 -2.2447286   1.2841011 ]
[-0.40199494  0.3530794   0.2586732   1.1377717   1.6979554   0.12585077
 -0.78467387 -0.27010378 -0.38939816 -1.6268028   0.48193258 -0.44711804
 -0.13316078  0.94650996 -2.2447286   1.2841011 ]
[-0.40199494  0.3530794   0.2586732   1.1377717   1.6979554   0.12585077
 -0.78467387 -0.27010378 -0.38939816 -1.6268028   0.48193258 -0.44711804
 -0.13316078  0.94650996 -2.2447286   1.2841011 ]
[-0.41571817  0.36072898  0.27187833  1.1700164   1.687362    0.14312506
 -0.79128325 -0.28296584 -0.38116044 -1.6259687   0.48445544 -0.42428827
 -0.13036568  0.9346672  -2.2604141   1.246125  ]
[-0.41571817  0.36072898  0.27187833  1.1700164   1.687362    0.14312506
 -0.79128325 -0.28296584 -0.38116044 -1.6259687   0.48445544 -0.42428827
 -0.13036568  0.9346672  -2.2604141   1.246125  ]
[-0.41571817  0.36072898  0.27187833  1.1700164   1.687362    0.14312506
 -0.79128325 -0.28296584 -0.38116044 -1.6259687   0.48445544 -0.42428827
 -0.13036568  0.9346672  -2.2604141   1.246125  ]
[-0.41571817  0.36072898  0.27187833  1.1700164   1.687362    0.14312506
 -0.79128325 -0.28296584 -0.38116044 -1.6259687   0.48445544 -0.42428827
 -0.13036568  0.9346672  -2.2604141   1.246125  ]
[-0.41571817  0.36072898  0.27187833  1.1700164   1.687362    0.14312506
 -0.79128325 -0.28296584 -0.38116044 -1.6259687   0.48445544 -0.42428827
 -0.13036568  0.9346672  -2.2604141   1.246125  ]
[-0.43929982  0.3732299   0.27425498  1.1647516   1.6773428   0.14957224
 -0.7814652  -0.2847486  -0.3852377  -1.6357228   0.50167197 -0.43394202
 -0.12218042  0.94113004 -2.2528057   1.2391735 ]
[-0.43929982  0.3732299   0.27425498  1.1647516   1.6773428   0.14957224
 -0.7814652  -0.2847486  -0.3852377  -1.6357228   0.50167197 -0.43394202
 -0.12218042  0.94113004 -2.2528057   1.2391735 ]
[-0.43929982  0.3732299   0.27425498  1.1647516   1.6773428   0.14957224
 -0.7814652  -0.2847486  -0.3852377  -1.6357228   0.50167197 -0.43394202
 -0.12218042  0.94113004 -2.2528057   1.2391735 ]
[-0.43929982  0.3732299   0.27425498  1.1647516   1.6773428   0.14957224
 -0.7814652  -0.2847486  -0.3852377  -1.6357228   0.50167197 -0.43394202
 -0.12218042  0.94113004 -2.2528057   1.2391735 ]
[-0.46868825  0.4024662   0.2886435   1.1515554   1.6522137   0.15611526
 -0.762656   -0.29242533 -0.38569885 -1.65131     0.52037275 -0.45235544
 -0.12491719  0.9497415  -2.2404206   1.2431867 ]
[-0.46868825  0.4024662   0.2886435   1.1515554   1.6522137   0.15611526
 -0.762656   -0.29242533 -0.38569885 -1.65131     0.52037275 -0.45235544
 -0.12491719  0.9497415  -2.2404206   1.2431867 ]
[-0.46868825  0.4024662   0.2886435   1.1515554   1.6522137   0.15611526
 -0.762656   -0.29242533 -0.38569885 -1.65131     0.52037275 -0.45235544
 -0.12491719  0.9497415  -2.2404206   1.2431867 ]
[-0.46868825  0.4024662   0.2886435   1.1515554   1.6522137   0.15611526
 -0.762656   -0.29242533 -0.38569885 -1.65131     0.52037275 -0.45235544
 -0.12491719  0.9497415  -2.2404206   1.2431867 ]
[-0.46868825  0.4024662   0.2886435   1.1515554   1.6522137   0.15611526
 -0.762656   -0.29242533 -0.38569885 -1.65131     0.52037275 -0.45235544
 -0.12491719  0.9497415  -2.2404206   1.2431867 ]
[-0.48319945  0.44198966  0.30082062  1.1470783   1.6057873   0.1655766
 -0.7302392  -0.29382572 -0.37034613 -1.6498219   0.5274334  -0.46354756
 -0.17470327  0.95727605 -2.2464468   1.2526182 ]
[-0.48319945  0.44198966  0.30082062  1.1470783   1.6057873   0.1655766
 -0.7302392  -0.29382572 -0.37034613 -1.6498219   0.5274334  -0.46354756
 -0.17470327  0.95727605 -2.2464468   1.2526182 ]
[-0.48319945  0.44198966  0.30082062  1.1470783   1.6057873   0.1655766
 -0.7302392  -0.29382572 -0.37034613 -1.6498219   0.5274334  -0.46354756
 -0.17470327  0.95727605 -2.2464468   1.2526182 ]
[-0.48319945  0.44198966  0.30082062  1.1470783   1.6057873   0.1655766
 -0.7302392  -0.29382572 -0.37034613 -1.6498219   0.5274334  -0.46354756
 -0.17470327  0.95727605 -2.2464468   1.2526182 ]
[-0.48172942  0.47564632  0.32136035  1.1552942   1.5556145   0.1722871
 -0.69802266 -0.29611406 -0.3496117  -1.6411616   0.5221764  -0.45525718
 -0.24143572  0.9628277  -2.262268    1.2469958 ]
[-0.48172942  0.47564632  0.32136035  1.1552942   1.5556145   0.1722871
 -0.69802266 -0.29611406 -0.3496117  -1.6411616   0.5221764  -0.45525718
 -0.24143572  0.9628277  -2.262268    1.2469958 ]
[-0.48172942  0.47564632  0.32136035  1.1552942   1.5556145   0.1722871
 -0.69802266 -0.29611406 -0.3496117  -1.6411616   0.5221764  -0.45525718
 -0.24143572  0.9628277  -2.262268    1.2469958 ]
[-0.48172942  0.47564632  0.32136035  1.1552942   1.5556145   0.1722871
 -0.69802266 -0.29611406 -0.3496117  -1.6411616   0.5221764  -0.45525718
 -0.24143572  0.9628277  -2.262268    1.2469958 ]
[-0.48172942  0.47564632  0.32136035  1.1552942   1.5556145   0.1722871
 -0.69802266 -0.29611406 -0.3496117  -1.6411616   0.5221764  -0.45525718
 -0.24143572  0.9628277  -2.262268    1.2469958 ]
[-0.48794064  0.4819788   0.32902288  1.1869738   1.5220466   0.1849267
 -0.68744755 -0.29647335 -0.32345894 -1.6227646   0.50655705 -0.4197239
 -0.29641238  0.9748889  -2.2759042   1.209377  ]
[-0.48794064  0.4819788   0.32902288  1.1869738   1.5220466   0.1849267
 -0.68744755 -0.29647335 -0.32345894 -1.6227646   0.50655705 -0.4197239
 -0.29641238  0.9748889  -2.2759042   1.209377  ]
[-0.48794064  0.4819788   0.32902288  1.1869738   1.5220466   0.1849267
 -0.68744755 -0.29647335 -0.32345894 -1.6227646   0.50655705 -0.4197239
 -0.29641238  0.9748889  -2.2759042   1.209377  ]
[-0.48794064  0.4819788   0.32902288  1.1869738   1.5220466   0.1849267
 -0.68744755 -0.29647335 -0.32345894 -1.6227646   0.50655705 -0.4197239
 -0.29641238  0.9748889  -2.2759042   1.209377  ]
[-0.48794064  0.4819788   0.32902288  1.1869738   1.5220466   0.1849267
 -0.68744755 -0.29647335 -0.32345894 -1.6227646   0.50655705 -0.4197239
 -0.29641238  0.9748889  -2.2759042   1.209377  ]
[-0.52679074  0.48208112  0.30091876  1.2362206   1.462642    0.20210691
 -0.6557119  -0.26370642 -0.251646   -1.583321    0.45611972 -0.3418429
 -0.35634884  1.0139005  -2.318162    1.1274272 ]
[-0.52679074  0.48208112  0.30091876  1.2362206   1.462642    0.20210691
 -0.6557119  -0.26370642 -0.251646   -1.583321    0.45611972 -0.3418429
 -0.35634884  1.0139005  -2.318162    1.1274272 ]
[-0.52679074  0.48208112  0.30091876  1.2362206   1.462642    0.20210691
 -0.6557119  -0.26370642 -0.251646   -1.583321    0.45611972 -0.3418429
 -0.35634884  1.0139005  -2.318162    1.1274272 ]
[-0.52679074  0.48208112  0.30091876  1.2362206   1.462642    0.20210691
 -0.6557119  -0.26370642 -0.251646   -1.583321    0.45611972 -0.3418429
 -0.35634884  1.0139005  -2.318162    1.1274272 ]
[-0.52679074  0.48208112  0.30091876  1.2362206   1.462642    0.20210691
 -0.6557119  -0.26370642 -0.251646   -1.583321    0.45611972 -0.3418429
 -0.35634884  1.0139005  -2.318162    1.1274272 ]
[-0.56281626  0.5558403   0.33205375  1.1858174   1.4702129   0.22459304
 -0.706197   -0.28377947 -0.21424694 -1.6104126   0.5199612  -0.34330532
 -0.39775813  0.9751999  -2.2883198   1.1270919 ]
[-0.56281626  0.5558403   0.33205375  1.1858174   1.4702129   0.22459304
 -0.706197   -0.28377947 -0.21424694 -1.6104126   0.5199612  -0.34330532
 -0.39775813  0.9751999  -2.2883198   1.1270919 ]
[-0.56281626  0.5558403   0.33205375  1.1858174   1.4702129   0.22459304
 -0.706197   -0.28377947 -0.21424694 -1.6104126   0.5199612  -0.34330532
 -0.39775813  0.9751999  -2.2883198   1.1270919 ]
[-0.56281626  0.5558403   0.33205375  1.1858174   1.4702129   0.22459304
 -0.706197   -0.28377947 -0.21424694 -1.6104126   0.5199612  -0.34330532
 -0.39775813  0.9751999  -2.2883198   1.1270919 ]
[-0.5797064   0.6521219   0.36308116  1.1104329   1.4654357   0.25199342
 -0.74791735 -0.3185477  -0.17901124 -1.638814    0.61446136 -0.35770684
 -0.47408533  0.9152616  -2.2480865   1.1558533 ]
[-0.5797064   0.6521219   0.36308116  1.1104329   1.4654357   0.25199342
 -0.74791735 -0.3185477  -0.17901124 -1.638814    0.61446136 -0.35770684
 -0.47408533  0.9152616  -2.2480865   1.1558533 ]
[-0.5797064   0.6521219   0.36308116  1.1104329   1.4654357   0.25199342
 -0.74791735 -0.3185477  -0.17901124 -1.638814    0.61446136 -0.35770684
 -0.47408533  0.9152616  -2.2480865   1.1558533 ]
[-0.5797064   0.6521219   0.36308116  1.1104329   1.4654357   0.25199342
 -0.74791735 -0.3185477  -0.17901124 -1.638814    0.61446136 -0.35770684
 -0.47408533  0.9152616  -2.2480865   1.1558533 ]
[-0.63455355  0.722046    0.3727184   1.0047914   1.5267818   0.29680803
 -0.87176067 -0.3159674  -0.12524126 -1.6712992   0.7038277  -0.3640226
 -0.52123857  0.81379634 -2.1449063   1.1947801 ]
[-0.63455355  0.722046    0.3727184   1.0047914   1.5267818   0.29680803
 -0.87176067 -0.3159674  -0.12524126 -1.6712992   0.7038277  -0.3640226
 -0.52123857  0.81379634 -2.1449063   1.1947801 ]
[-0.63455355  0.722046    0.3727184   1.0047914   1.5267818   0.29680803
 -0.87176067 -0.3159674  -0.12524126 -1.6712992   0.7038277  -0.3640226
 -0.52123857  0.81379634 -2.1449063   1.1947801 ]
[-0.63455355  0.722046    0.3727184   1.0047914   1.5267818   0.29680803
 -0.87176067 -0.3159674  -0.12524126 -1.6712992   0.7038277  -0.3640226
 -0.52123857  0.81379634 -2.1449063   1.1947801 ]
[-0.618965    0.74706244  0.331388    0.9826642   1.5817881   0.314498
 -0.923813   -0.33404368 -0.0809301  -1.669728    0.74699056 -0.35406008
 -0.55662405  0.7429661  -2.1198545   1.1981914 ]
[-0.618965    0.74706244  0.331388    0.9826642   1.5817881   0.314498
 -0.923813   -0.33404368 -0.0809301  -1.669728    0.74699056 -0.35406008
 -0.55662405  0.7429661  -2.1198545   1.1981914 ]
[-0.618965    0.74706244  0.331388    0.9826642   1.5817881   0.314498
 -0.923813   -0.33404368 -0.0809301  -1.669728    0.74699056 -0.35406008
 -0.55662405  0.7429661  -2.1198545   1.1981914 ]
[-0.618965    0.74706244  0.331388    0.9826642   1.5817881   0.314498
 -0.923813   -0.33404368 -0.0809301  -1.669728    0.74699056 -0.35406008
 -0.55662405  0.7429661  -2.1198545   1.1981914 ]
[-0.5727354   0.7382066   0.32505342  0.9729745   1.5942894   0.29210716
 -0.89820975 -0.3456475  -0.09346316 -1.6866233   0.7554377  -0.3643886
 -0.5411695   0.7556473  -2.142601    1.1983782 ]
[-0.5727354   0.7382066   0.32505342  0.9729745   1.5942894   0.29210716
 -0.89820975 -0.3456475  -0.09346316 -1.6866233   0.7554377  -0.3643886
 -0.5411695   0.7556473  -2.142601    1.1983782 ]
[-0.5727354   0.7382066   0.32505342  0.9729745   1.5942894   0.29210716
 -0.89820975 -0.3456475  -0.09346316 -1.6866233   0.7554377  -0.3643886
 -0.5411695   0.7556473  -2.142601    1.1983782 ]
[-0.5727354   0.7382066   0.32505342  0.9729745   1.5942894   0.29210716
 -0.89820975 -0.3456475  -0.09346316 -1.6866233   0.7554377  -0.3643886
 -0.5411695   0.7556473  -2.142601    1.1983782 ]
[-0.5114941   0.74011075  0.3683958   0.94972104  1.6024647   0.2597798
 -0.886831   -0.3836046  -0.15969718 -1.7276764   0.78291404 -0.3959753
 -0.48596686  0.745617   -2.1255097   1.214628  ]
[-0.5114941   0.74011075  0.3683958   0.94972104  1.6024647   0.2597798
 -0.886831   -0.3836046  -0.15969718 -1.7276764   0.78291404 -0.3959753
 -0.48596686  0.745617   -2.1255097   1.214628  ]
[-0.5114941   0.74011075  0.3683958   0.94972104  1.6024647   0.2597798
 -0.886831   -0.3836046  -0.15969718 -1.7276764   0.78291404 -0.3959753
 -0.48596686  0.745617   -2.1255097   1.214628  ]
[-0.53802204  0.6972493   0.38844818  0.97915125  1.6088183   0.28553838
 -0.8884996  -0.38875964 -0.17936772 -1.7117348   0.7466599  -0.36364746
 -0.45717508  0.75994515 -2.12312     1.1693054 ]
[-0.53802204  0.6972493   0.38844818  0.97915125  1.6088183   0.28553838
 -0.8884996  -0.38875964 -0.17936772 -1.7117348   0.7466599  -0.36364746
 -0.45717508  0.75994515 -2.12312     1.1693054 ]
[-0.53802204  0.6972493   0.38844818  0.97915125  1.6088183   0.28553838
 -0.8884996  -0.38875964 -0.17936772 -1.7117348   0.7466599  -0.36364746
 -0.45717508  0.75994515 -2.12312     1.1693054 ]
[-0.53802204  0.6972493   0.38844818  0.97915125  1.6088183   0.28553838
 -0.8884996  -0.38875964 -0.17936772 -1.7117348   0.7466599  -0.36364746
 -0.45717508  0.75994515 -2.12312     1.1693054 ]
[-0.53802204  0.6972493   0.38844818  0.97915125  1.6088183   0.28553838
 -0.8884996  -0.38875964 -0.17936772 -1.7117348   0.7466599  -0.36364746
 -0.45717508  0.75994515 -2.12312     1.1693054 ]
[-0.60312617  0.6645282   0.37664583  0.97549886  1.6385071   0.3504437
 -0.94664514 -0.35962188 -0.15117136 -1.6769377   0.7046798  -0.32341653
 -0.4476982   0.75825596 -2.0958228   1.1195433 ]
[-0.60312617  0.6645282   0.37664583  0.97549886  1.6385071   0.3504437
 -0.94664514 -0.35962188 -0.15117136 -1.6769377   0.7046798  -0.32341653
 -0.4476982   0.75825596 -2.0958228   1.1195433 ]
[-0.60312617  0.6645282   0.37664583  0.97549886  1.6385071   0.3504437
 -0.94664514 -0.35962188 -0.15117136 -1.6769377   0.7046798  -0.32341653
 -0.4476982   0.75825596 -2.0958228   1.1195433 ]
[-0.60312617  0.6645282   0.37664583  0.97549886  1.6385071   0.3504437
 -0.94664514 -0.35962188 -0.15117136 -1.6769377   0.7046798  -0.32341653
 -0.4476982   0.75825596 -2.0958228   1.1195433 ]
[-0.56323385  0.6453196   0.35030913  0.9618662   1.6624302   0.34009987
 -0.95788306 -0.3558274  -0.16935278 -1.6667433   0.70557916 -0.32176718
 -0.42413598  0.7568159  -2.1088      1.1291227 ]
[-0.56323385  0.6453196   0.35030913  0.9618662   1.6624302   0.34009987
 -0.95788306 -0.3558274  -0.16935278 -1.6667433   0.70557916 -0.32176718
 -0.42413598  0.7568159  -2.1088      1.1291227 ]
[-0.56323385  0.6453196   0.35030913  0.9618662   1.6624302   0.34009987
 -0.95788306 -0.3558274  -0.16935278 -1.6667433   0.70557916 -0.32176718
 -0.42413598  0.7568159  -2.1088      1.1291227 ]
[-0.56323385  0.6453196   0.35030913  0.9618662   1.6624302   0.34009987
 -0.95788306 -0.3558274  -0.16935278 -1.6667433   0.70557916 -0.32176718
 -0.42413598  0.7568159  -2.1088      1.1291227 ]
[-0.51770866  0.6291521   0.34916177  0.96422416  1.6785965   0.29157704
 -0.9175776  -0.35777444 -0.20826802 -1.6874449   0.7025987  -0.34399116
 -0.37327963  0.75411576 -2.1357095   1.1564845 ]
[-0.51770866  0.6291521   0.34916177  0.96422416  1.6785965   0.29157704
 -0.9175776  -0.35777444 -0.20826802 -1.6874449   0.7025987  -0.34399116
 -0.37327963  0.75411576 -2.1357095   1.1564845 ]
[-0.51770866  0.6291521   0.34916177  0.96422416  1.6785965   0.29157704
 -0.9175776  -0.35777444 -0.20826802 -1.6874449   0.7025987  -0.34399116
 -0.37327963  0.75411576 -2.1357095   1.1564845 ]
[-0.51770866  0.6291521   0.34916177  0.96422416  1.6785965   0.29157704
 -0.9175776  -0.35777444 -0.20826802 -1.6874449   0.7025987  -0.34399116
 -0.37327963  0.75411576 -2.1357095   1.1564845 ]
[-0.51770866  0.6291521   0.34916177  0.96422416  1.6785965   0.29157704
 -0.9175776  -0.35777444 -0.20826802 -1.6874449   0.7025987  -0.34399116
 -0.37327963  0.75411576 -2.1357095   1.1564845 ]
[-0.4822715   0.6146441   0.35979477  0.98683375  1.6799452   0.24912629
 -0.8514918  -0.37905774 -0.27035394 -1.7190621   0.6897425  -0.39869663
 -0.29011405  0.765759   -2.1523957   1.1823071 ]
[-0.4822715   0.6146441   0.35979477  0.98683375  1.6799452   0.24912629
 -0.8514918  -0.37905774 -0.27035394 -1.7190621   0.6897425  -0.39869663
 -0.29011405  0.765759   -2.1523957   1.1823071 ]
[-0.4822715   0.6146441   0.35979477  0.98683375  1.6799452   0.24912629
 -0.8514918  -0.37905774 -0.27035394 -1.7190621   0.6897425  -0.39869663
 -0.29011405  0.765759   -2.1523957   1.1823071 ]
[-0.4822715   0.6146441   0.35979477  0.98683375  1.6799452   0.24912629
 -0.8514918  -0.37905774 -0.27035394 -1.7190621   0.6897425  -0.39869663
 -0.29011405  0.765759   -2.1523957   1.1823071 ]
[-0.5875662   0.60765433  0.35503054  0.99045384  1.6869936   0.2711504
 -0.8656586  -0.36249918 -0.2737922  -1.7140186   0.68356144 -0.42375517
 -0.25822282  0.7893043  -2.1005664   1.1872283 ]
[-0.5875662   0.60765433  0.35503054  0.99045384  1.6869936   0.2711504
 -0.8656586  -0.36249918 -0.2737922  -1.7140186   0.68356144 -0.42375517
 -0.25822282  0.7893043  -2.1005664   1.1872283 ]
[-0.5875662   0.60765433  0.35503054  0.99045384  1.6869936   0.2711504
 -0.8656586  -0.36249918 -0.2737922  -1.7140186   0.68356144 -0.42375517
 -0.25822282  0.7893043  -2.1005664   1.1872283 ]
[-0.5875662   0.60765433  0.35503054  0.99045384  1.6869936   0.2711504
 -0.8656586  -0.36249918 -0.2737922  -1.7140186   0.68356144 -0.42375517
 -0.25822282  0.7893043  -2.1005664   1.1872283 ]
[-0.49667844  0.6124071   0.33946446  0.92667216  1.7189114   0.23010547
 -0.8110999  -0.4445916  -0.3965033  -1.7360398   0.76385075 -0.5389574
 -0.23432848  0.82547915 -2.033309    1.2625065 ]
[-0.49667844  0.6124071   0.33946446  0.92667216  1.7189114   0.23010547
 -0.8110999  -0.4445916  -0.3965033  -1.7360398   0.76385075 -0.5389574
 -0.23432848  0.82547915 -2.033309    1.2625065 ]
[-0.49667844  0.6124071   0.33946446  0.92667216  1.7189114   0.23010547
 -0.8110999  -0.4445916  -0.3965033  -1.7360398   0.76385075 -0.5389574
 -0.23432848  0.82547915 -2.033309    1.2625065 ]
[-0.49667844  0.6124071   0.33946446  0.92667216  1.7189114   0.23010547
 -0.8110999  -0.4445916  -0.3965033  -1.7360398   0.76385075 -0.5389574
 -0.23432848  0.82547915 -2.033309    1.2625065 ]
[-0.49667844  0.6124071   0.33946446  0.92667216  1.7189114   0.23010547
 -0.8110999  -0.4445916  -0.3965033  -1.7360398   0.76385075 -0.5389574
 -0.23432848  0.82547915 -2.033309    1.2625065 ]
[-0.50999767  0.5989052   0.35862383  1.0497787   1.6075823   0.2411644
 -0.8044685  -0.34608573 -0.28975052 -1.6790966   0.6395368  -0.41813427
 -0.3512445   0.83791095 -2.163443    1.2151123 ]
[-0.50999767  0.5989052   0.35862383  1.0497787   1.6075823   0.2411644
 -0.8044685  -0.34608573 -0.28975052 -1.6790966   0.6395368  -0.41813427
 -0.3512445   0.83791095 -2.163443    1.2151123 ]
[-0.50999767  0.5989052   0.35862383  1.0497787   1.6075823   0.2411644
 -0.8044685  -0.34608573 -0.28975052 -1.6790966   0.6395368  -0.41813427
 -0.3512445   0.83791095 -2.163443    1.2151123 ]
[-0.50999767  0.5989052   0.35862383  1.0497787   1.6075823   0.2411644
 -0.8044685  -0.34608573 -0.28975052 -1.6790966   0.6395368  -0.41813427
 -0.3512445   0.83791095 -2.163443    1.2151123 ]
[-0.58797765  0.52481925  0.3366958   1.1724284   1.5549924   0.24018362
 -0.7445459  -0.27530274 -0.21976931 -1.617687    0.5251657  -0.35286114
 -0.36227486  0.9241748  -2.2467606   1.1119913 ]
[-0.58797765  0.52481925  0.3366958   1.1724284   1.5549924   0.24018362
 -0.7445459  -0.27530274 -0.21976931 -1.617687    0.5251657  -0.35286114
 -0.36227486  0.9241748  -2.2467606   1.1119913 ]
[-0.58797765  0.52481925  0.3366958   1.1724284   1.5549924   0.24018362
 -0.7445459  -0.27530274 -0.21976931 -1.617687    0.5251657  -0.35286114
 -0.36227486  0.9241748  -2.2467606   1.1119913 ]
[-0.58797765  0.52481925  0.3366958   1.1724284   1.5549924   0.24018362
 -0.7445459  -0.27530274 -0.21976931 -1.617687    0.5251657  -0.35286114
 -0.36227486  0.9241748  -2.2467606   1.1119913 ]
[-0.5956392   0.58954465  0.37503153  1.1341999   1.5385725   0.27082646
 -0.7540848  -0.3084759  -0.1927863  -1.6282835   0.5773536  -0.35717583
 -0.42356578  0.8949927  -2.2321296   1.0941921 ]
[-0.5956392   0.58954465  0.37503153  1.1341999   1.5385725   0.27082646
 -0.7540848  -0.3084759  -0.1927863  -1.6282835   0.5773536  -0.35717583
 -0.42356578  0.8949927  -2.2321296   1.0941921 ]
[-0.5956392   0.58954465  0.37503153  1.1341999   1.5385725   0.27082646
 -0.7540848  -0.3084759  -0.1927863  -1.6282835   0.5773536  -0.35717583
 -0.42356578  0.8949927  -2.2321296   1.0941921 ]
[-0.5956392   0.58954465  0.37503153  1.1341999   1.5385725   0.27082646
 -0.7540848  -0.3084759  -0.1927863  -1.6282835   0.5773536  -0.35717583
 -0.42356578  0.8949927  -2.2321296   1.0941921 ]
[-0.6205778   0.70125204  0.41658863  1.0116216   1.511799    0.3111927
 -0.825359   -0.32873014 -0.16429292 -1.6577561   0.68069345 -0.36139303
 -0.50017726  0.8525568  -2.1659946   1.1219226 ]
[-0.6205778   0.70125204  0.41658863  1.0116216   1.511799    0.3111927
 -0.825359   -0.32873014 -0.16429292 -1.6577561   0.68069345 -0.36139303
 -0.50017726  0.8525568  -2.1659946   1.1219226 ]
[-0.6205778   0.70125204  0.41658863  1.0116216   1.511799    0.3111927
 -0.825359   -0.32873014 -0.16429292 -1.6577561   0.68069345 -0.36139303
 -0.50017726  0.8525568  -2.1659946   1.1219226 ]
[-0.6205778   0.70125204  0.41658863  1.0116216   1.511799    0.3111927
 -0.825359   -0.32873014 -0.16429292 -1.6577561   0.68069345 -0.36139303
 -0.50017726  0.8525568  -2.1659946   1.1219226 ]
[-0.6205778   0.70125204  0.41658863  1.0116216   1.511799    0.3111927
 -0.825359   -0.32873014 -0.16429292 -1.6577561   0.68069345 -0.36139303
 -0.50017726  0.8525568  -2.1659946   1.1219226 ]
[-0.64287484  0.7445537   0.40749782  0.9520067   1.5445073   0.32280374
 -0.9014889  -0.34073988 -0.12655412 -1.6873738   0.75424993 -0.3639647
 -0.51598954  0.78464335 -2.1101384   1.1635438 ]
[-0.64287484  0.7445537   0.40749782  0.9520067   1.5445073   0.32280374
 -0.9014889  -0.34073988 -0.12655412 -1.6873738   0.75424993 -0.3639647
 -0.51598954  0.78464335 -2.1101384   1.1635438 ]
[-0.64287484  0.7445537   0.40749782  0.9520067   1.5445073   0.32280374
 -0.9014889  -0.34073988 -0.12655412 -1.6873738   0.75424993 -0.3639647
 -0.51598954  0.78464335 -2.1101384   1.1635438 ]
[-0.64287484  0.7445537   0.40749782  0.9520067   1.5445073   0.32280374
 -0.9014889  -0.34073988 -0.12655412 -1.6873738   0.75424993 -0.3639647
 -0.51598954  0.78464335 -2.1101384   1.1635438 ]
[-0.64287484  0.7445537   0.40749782  0.9520067   1.5445073   0.32280374
 -0.9014889  -0.34073988 -0.12655412 -1.6873738   0.75424993 -0.3639647
 -0.51598954  0.78464335 -2.1101384   1.1635438 ]
[-0.6215139   0.7662183   0.38200578  0.9110119   1.5695856   0.30347437
 -0.92354953 -0.33597454 -0.11462786 -1.6986144   0.7896151  -0.37686452
 -0.5423647   0.7425865  -2.0862267   1.2222893 ]
[-0.6215139   0.7662183   0.38200578  0.9110119   1.5695856   0.30347437
 -0.92354953 -0.33597454 -0.11462786 -1.6986144   0.7896151  -0.37686452
 -0.5423647   0.7425865  -2.0862267   1.2222893 ]
[-0.6215139   0.7662183   0.38200578  0.9110119   1.5695856   0.30347437
 -0.92354953 -0.33597454 -0.11462786 -1.6986144   0.7896151  -0.37686452
 -0.5423647   0.7425865  -2.0862267   1.2222893 ]
[-0.6215139   0.7662183   0.38200578  0.9110119   1.5695856   0.30347437
 -0.92354953 -0.33597454 -0.11462786 -1.6986144   0.7896151  -0.37686452
 -0.5423647   0.7425865  -2.0862267   1.2222893 ]
[-0.6132819   0.7710889   0.3628828   0.908117    1.5851711   0.29703808
 -0.93030465 -0.3258227  -0.09013936 -1.6955045   0.7945728  -0.3595019
 -0.55181634  0.7154666  -2.0960457   1.2150924 ]
[-0.6132819   0.7710889   0.3628828   0.908117    1.5851711   0.29703808
 -0.93030465 -0.3258227  -0.09013936 -1.6955045   0.7945728  -0.3595019
 -0.55181634  0.7154666  -2.0960457   1.2150924 ]
[-0.6132819   0.7710889   0.3628828   0.908117    1.5851711   0.29703808
 -0.93030465 -0.3258227  -0.09013936 -1.6955045   0.7945728  -0.3595019
 -0.55181634  0.7154666  -2.0960457   1.2150924 ]
[-0.6132819   0.7710889   0.3628828   0.908117    1.5851711   0.29703808
 -0.93030465 -0.3258227  -0.09013936 -1.6955045   0.7945728  -0.3595019
 -0.55181634  0.7154666  -2.0960457   1.2150924 ]
[-0.6132819   0.7710889   0.3628828   0.908117    1.5851711   0.29703808
 -0.93030465 -0.3258227  -0.09013936 -1.6955045   0.7945728  -0.3595019
 -0.55181634  0.7154666  -2.0960457   1.2150924 ]
[-0.5956833   0.7158115   0.34340063  0.95797575  1.6224883   0.2829754
 -0.91194534 -0.33057874 -0.10640647 -1.6958482   0.7625505  -0.36402383
 -0.4956232   0.73470116 -2.1259513   1.1922281 ]
[-0.5956833   0.7158115   0.34340063  0.95797575  1.6224883   0.2829754
 -0.91194534 -0.33057874 -0.10640647 -1.6958482   0.7625505  -0.36402383
 -0.4956232   0.73470116 -2.1259513   1.1922281 ]
[-0.5956833   0.7158115   0.34340063  0.95797575  1.6224883   0.2829754
 -0.91194534 -0.33057874 -0.10640647 -1.6958482   0.7625505  -0.36402383
 -0.4956232   0.73470116 -2.1259513   1.1922281 ]
[-0.5956833   0.7158115   0.34340063  0.95797575  1.6224883   0.2829754
 -0.91194534 -0.33057874 -0.10640647 -1.6958482   0.7625505  -0.36402383
 -0.4956232   0.73470116 -2.1259513   1.1922281 ]
[-0.5278164   0.72975224  0.35278055  0.94204825  1.627557    0.24866779
 -0.899003   -0.3746372  -0.18277991 -1.7294594   0.7940726  -0.41466254
 -0.43936378  0.73580736 -2.103426    1.2276394 ]
[-0.5278164   0.72975224  0.35278055  0.94204825  1.627557    0.24866779
 -0.899003   -0.3746372  -0.18277991 -1.7294594   0.7940726  -0.41466254
 -0.43936378  0.73580736 -2.103426    1.2276394 ]
[-0.5278164   0.72975224  0.35278055  0.94204825  1.627557    0.24866779
 -0.899003   -0.3746372  -0.18277991 -1.7294594   0.7940726  -0.41466254
 -0.43936378  0.73580736 -2.103426    1.2276394 ]
[-0.5278164   0.72975224  0.35278055  0.94204825  1.627557    0.24866779
 -0.899003   -0.3746372  -0.18277991 -1.7294594   0.7940726  -0.41466254
 -0.43936378  0.73580736 -2.103426    1.2276394 ]
[-0.5425645   0.7326504   0.37800297  0.9383613   1.6092775   0.26314074
 -0.8885126  -0.39254814 -0.20443663 -1.7329094   0.7935232  -0.417417
 -0.4250644   0.77136004 -2.1002831   1.20346   ]
[-0.5425645   0.7326504   0.37800297  0.9383613   1.6092775   0.26314074
 -0.8885126  -0.39254814 -0.20443663 -1.7329094   0.7935232  -0.417417
 -0.4250644   0.77136004 -2.1002831   1.20346   ]
[-0.5425645   0.7326504   0.37800297  0.9383613   1.6092775   0.26314074
 -0.8885126  -0.39254814 -0.20443663 -1.7329094   0.7935232  -0.417417
 -0.4250644   0.77136004 -2.1002831   1.20346   ]
[-0.5425645   0.7326504   0.37800297  0.9383613   1.6092775   0.26314074
 -0.8885126  -0.39254814 -0.20443663 -1.7329094   0.7935232  -0.417417
 -0.4250644   0.77136004 -2.1002831   1.20346   ]
[-0.5425645   0.7326504   0.37800297  0.9383613   1.6092775   0.26314074
 -0.8885126  -0.39254814 -0.20443663 -1.7329094   0.7935232  -0.417417
 -0.4250644   0.77136004 -2.1002831   1.20346   ]
[-0.63001     0.747608    0.40154034  0.91672593  1.5962244   0.32449704
 -0.93748695 -0.37127334 -0.15440454 -1.7220579   0.78991413 -0.3749833
 -0.44900766  0.7561634  -2.0700855   1.1611587 ]
[-0.63001     0.747608    0.40154034  0.91672593  1.5962244   0.32449704
 -0.93748695 -0.37127334 -0.15440454 -1.7220579   0.78991413 -0.3749833
 -0.44900766  0.7561634  -2.0700855   1.1611587 ]
[-0.63001     0.747608    0.40154034  0.91672593  1.5962244   0.32449704
 -0.93748695 -0.37127334 -0.15440454 -1.7220579   0.78991413 -0.3749833
 -0.44900766  0.7561634  -2.0700855   1.1611587 ]
[-0.63001     0.747608    0.40154034  0.91672593  1.5962244   0.32449704
 -0.93748695 -0.37127334 -0.15440454 -1.7220579   0.78991413 -0.3749833
 -0.44900766  0.7561634  -2.0700855   1.1611587 ]
[-0.63001     0.747608    0.40154034  0.91672593  1.5962244   0.32449704
 -0.93748695 -0.37127334 -0.15440454 -1.7220579   0.78991413 -0.3749833
 -0.44900766  0.7561634  -2.0700855   1.1611587 ]
[-0.54192394  0.75713986  0.3889326   0.9046963   1.6080666   0.27904332
 -0.90497196 -0.39674014 -0.20566459 -1.7231194   0.8148812  -0.4196721
 -0.48688737  0.7459406  -2.0753102   1.2430105 ]
[-0.54192394  0.75713986  0.3889326   0.9046963   1.6080666   0.27904332
 -0.90497196 -0.39674014 -0.20566459 -1.7231194   0.8148812  -0.4196721
 -0.48688737  0.7459406  -2.0753102   1.2430105 ]
[-0.54192394  0.75713986  0.3889326   0.9046963   1.6080666   0.27904332
 -0.90497196 -0.39674014 -0.20566459 -1.7231194   0.8148812  -0.4196721
 -0.48688737  0.7459406  -2.0753102   1.2430105 ]
[-0.54192394  0.75713986  0.3889326   0.9046963   1.6080666   0.27904332
 -0.90497196 -0.39674014 -0.20566459 -1.7231194   0.8148812  -0.4196721
 -0.48688737  0.7459406  -2.0753102   1.2430105 ]
[-0.6129459   0.72873294  0.36002308  0.9491191   1.585014    0.29022586
 -0.8992853  -0.32284322 -0.12099506 -1.6831968   0.74999416 -0.36975184
 -0.52561975  0.7501303  -2.114769    1.2234064 ]
[-0.6129459   0.72873294  0.36002308  0.9491191   1.585014    0.29022586
 -0.8992853  -0.32284322 -0.12099506 -1.6831968   0.74999416 -0.36975184
 -0.52561975  0.7501303  -2.114769    1.2234064 ]
[-0.6129459   0.72873294  0.36002308  0.9491191   1.585014    0.29022586
 -0.8992853  -0.32284322 -0.12099506 -1.6831968   0.74999416 -0.36975184
 -0.52561975  0.7501303  -2.114769    1.2234064 ]
[-0.6129459   0.72873294  0.36002308  0.9491191   1.585014    0.29022586
 -0.8992853  -0.32284322 -0.12099506 -1.6831968   0.74999416 -0.36975184
 -0.52561975  0.7501303  -2.114769    1.2234064 ]
[-0.6129459   0.72873294  0.36002308  0.9491191   1.585014    0.29022586
 -0.8992853  -0.32284322 -0.12099506 -1.6831968   0.74999416 -0.36975184
 -0.52561975  0.7501303  -2.114769    1.2234064 ]
[-0.6035553   0.69433415  0.35981917  0.98706484  1.5871398   0.26881438
 -0.85695696 -0.331371   -0.13853571 -1.6983885   0.7374113  -0.38330394
 -0.4763853   0.77005595 -2.1386857   1.2086492 ]
[-0.6035553   0.69433415  0.35981917  0.98706484  1.5871398   0.26881438
 -0.85695696 -0.331371   -0.13853571 -1.6983885   0.7374113  -0.38330394
 -0.4763853   0.77005595 -2.1386857   1.2086492 ]
[-0.6035553   0.69433415  0.35981917  0.98706484  1.5871398   0.26881438
 -0.85695696 -0.331371   -0.13853571 -1.6983885   0.7374113  -0.38330394
 -0.4763853   0.77005595 -2.1386857   1.2086492 ]
[-0.53891134  0.73582566  0.3808909   0.95244235  1.5651224   0.24400398
 -0.8359936  -0.36186832 -0.19395179 -1.7256339   0.775283   -0.4244871
 -0.46654963  0.7531394  -2.1202226   1.2482525 ]
[-0.53891134  0.73582566  0.3808909   0.95244235  1.5651224   0.24400398
 -0.8359936  -0.36186832 -0.19395179 -1.7256339   0.775283   -0.4244871
 -0.46654963  0.7531394  -2.1202226   1.2482525 ]
[-0.53891134  0.73582566  0.3808909   0.95244235  1.5651224   0.24400398
 -0.8359936  -0.36186832 -0.19395179 -1.7256339   0.775283   -0.4244871
 -0.46654963  0.7531394  -2.1202226   1.2482525 ]
[-0.53891134  0.73582566  0.3808909   0.95244235  1.5651224   0.24400398
 -0.8359936  -0.36186832 -0.19395179 -1.7256339   0.775283   -0.4244871
 -0.46654963  0.7531394  -2.1202226   1.2482525 ]
[-0.53457314  0.7588242   0.38769585  0.93690854  1.5568947   0.27125883
 -0.8406409  -0.38275117 -0.21554287 -1.7092968   0.7895681  -0.43003312
 -0.5117175   0.7721826  -2.1019816   1.2407291 ]
[-0.53457314  0.7588242   0.38769585  0.93690854  1.5568947   0.27125883
 -0.8406409  -0.38275117 -0.21554287 -1.7092968   0.7895681  -0.43003312
 -0.5117175   0.7721826  -2.1019816   1.2407291 ]
[-0.53457314  0.7588242   0.38769585  0.93690854  1.5568947   0.27125883
 -0.8406409  -0.38275117 -0.21554287 -1.7092968   0.7895681  -0.43003312
 -0.5117175   0.7721826  -2.1019816   1.2407291 ]
[-0.53457314  0.7588242   0.38769585  0.93690854  1.5568947   0.27125883
 -0.8406409  -0.38275117 -0.21554287 -1.7092968   0.7895681  -0.43003312
 -0.5117175   0.7721826  -2.1019816   1.2407291 ]
[-0.5989214   0.7654872   0.4112636   0.94562656  1.5213449   0.31514627
 -0.88265884 -0.31832862 -0.13315833 -1.6721941   0.7343696  -0.3640302
 -0.57438886  0.761981   -2.124457    1.199392  ]
[-0.5989214   0.7654872   0.4112636   0.94562656  1.5213449   0.31514627
 -0.88265884 -0.31832862 -0.13315833 -1.6721941   0.7343696  -0.3640302
 -0.57438886  0.761981   -2.124457    1.199392  ]
[-0.5989214   0.7654872   0.4112636   0.94562656  1.5213449   0.31514627
 -0.88265884 -0.31832862 -0.13315833 -1.6721941   0.7343696  -0.3640302
 -0.57438886  0.761981   -2.124457    1.199392  ]
[-0.5798484   0.7554036   0.38370174  0.9407285   1.561149    0.29021508
 -0.8991106  -0.33102065 -0.14066152 -1.6861811   0.740941   -0.36954308
 -0.5491602   0.7497034  -2.1081176   1.2298356 ]
[-0.5798484   0.7554036   0.38370174  0.9407285   1.561149    0.29021508
 -0.8991106  -0.33102065 -0.14066152 -1.6861811   0.740941   -0.36954308
 -0.5491602   0.7497034  -2.1081176   1.2298356 ]
[-0.5798484   0.7554036   0.38370174  0.9407285   1.561149    0.29021508
 -0.8991106  -0.33102065 -0.14066152 -1.6861811   0.740941   -0.36954308
 -0.5491602   0.7497034  -2.1081176   1.2298356 ]
[-0.5899178   0.7502582   0.36105508  0.9315423   1.5944644   0.2888587
 -0.9401172  -0.33735514 -0.11984155 -1.6974179   0.7495348  -0.36986834
 -0.51879865  0.7244321  -2.0805955   1.2427415 ]
[-0.5899178   0.7502582   0.36105508  0.9315423   1.5944644   0.2888587
 -0.9401172  -0.33735514 -0.11984155 -1.6974179   0.7495348  -0.36986834
 -0.51879865  0.7244321  -2.0805955   1.2427415 ]
[-0.5350619   0.7536313   0.3571747   0.90300226  1.6056591   0.27317327
 -0.93405473 -0.35733196 -0.1452438  -1.7139298   0.76025474 -0.37906188
 -0.5128751   0.73382723 -2.0879052   1.2685872 ]
[-0.5350619   0.7536313   0.3571747   0.90300226  1.6056591   0.27317327
 -0.93405473 -0.35733196 -0.1452438  -1.7139298   0.76025474 -0.37906188
 -0.5128751   0.73382723 -2.0879052   1.2685872 ]
[-0.5350619   0.7536313   0.3571747   0.90300226  1.6056591   0.27317327
 -0.93405473 -0.35733196 -0.1452438  -1.7139298   0.76025474 -0.37906188
 -0.5128751   0.73382723 -2.0879052   1.2685872 ]
[-0.41608325  0.7354804   0.36341602  0.9027344   1.6276844   0.22526965
 -0.88504636 -0.40359074 -0.22416465 -1.7317238   0.77288544 -0.41762757
 -0.47399777  0.73540366 -2.1179852   1.2974584 ]
[-0.41608325  0.7354804   0.36341602  0.9027344   1.6276844   0.22526965
 -0.88504636 -0.40359074 -0.22416465 -1.7317238   0.77288544 -0.41762757
 -0.47399777  0.73540366 -2.1179852   1.2974584 ]
[-0.40960708  0.69979036  0.36251512  0.9183831   1.6429487   0.22845301
 -0.88997    -0.3809454  -0.23647313 -1.7172968   0.7257705  -0.39658025
 -0.46810022  0.7352999  -2.1238532   1.3000416 ]
[-0.40960708  0.69979036  0.36251512  0.9183831   1.6429487   0.22845301
 -0.88997    -0.3809454  -0.23647313 -1.7172968   0.7257705  -0.39658025
 -0.46810022  0.7352999  -2.1238532   1.3000416 ]
[-0.4774831   0.65527856  0.36179733  0.95175993  1.659324    0.24953978
 -0.8979831  -0.34615165 -0.21560776 -1.7029022   0.6716684  -0.37193888
 -0.43294916  0.7406593  -2.122155    1.2664695 ]
[-0.4774831   0.65527856  0.36179733  0.95175993  1.659324    0.24953978
 -0.8979831  -0.34615165 -0.21560776 -1.7029022   0.6716684  -0.37193888
 -0.43294916  0.7406593  -2.122155    1.2664695 ]
[-0.40754324  0.66545314  0.35430026  0.91985923  1.6778133   0.20861833
 -0.9004985  -0.3627107  -0.28773713 -1.7304382   0.69146776 -0.42399496
 -0.37817496  0.7237506  -2.0970116   1.3388224 ]
[-0.40754324  0.66545314  0.35430026  0.91985923  1.6778133   0.20861833
 -0.9004985  -0.3627107  -0.28773713 -1.7304382   0.69146776 -0.42399496
 -0.37817496  0.7237506  -2.0970116   1.3388224 ]
[-0.3898456   0.59984624  0.34581357  0.9448078   1.7127192   0.1893117
 -0.88078964 -0.3707274  -0.3547917  -1.7152159   0.6697433  -0.46132392
 -0.32572192  0.765303   -2.0896344   1.3525188 ]
[-0.3898456   0.59984624  0.34581357  0.9448078   1.7127192   0.1893117
 -0.88078964 -0.3707274  -0.3547917  -1.7152159   0.6697433  -0.46132392
 -0.32572192  0.765303   -2.0896344   1.3525188 ]
[-0.38006002  0.53854793  0.3372344   1.0175326   1.7011368   0.1845316
 -0.86077106 -0.33333933 -0.35317096 -1.6797711   0.59230316 -0.42253995
 -0.31436402  0.7788755  -2.1453679   1.3301855 ]
[-0.38006002  0.53854793  0.3372344   1.0175326   1.7011368   0.1845316
 -0.86077106 -0.33333933 -0.35317096 -1.6797711   0.59230316 -0.42253995
 -0.31436402  0.7788755  -2.1453679   1.3301855 ]
[-0.40305918  0.4737525   0.29171076  1.0812001   1.6742194   0.16060598
 -0.79934424 -0.27377927 -0.33940935 -1.6385578   0.51277035 -0.40748936
 -0.298772    0.86682826 -2.215362    1.3050376 ]
[-0.40305918  0.4737525   0.29171076  1.0812001   1.6742194   0.16060598
 -0.79934424 -0.27377927 -0.33940935 -1.6385578   0.51277035 -0.40748936
 -0.298772    0.86682826 -2.215362    1.3050376 ]
[-0.39757022  0.49664727  0.29586738  1.0584371   1.6890074   0.14975792
 -0.80986845 -0.2831151  -0.34337392 -1.6550528   0.54306257 -0.43104863
 -0.2889184   0.8470955  -2.201828    1.3218114 ]
[-0.39757022  0.49664727  0.29586738  1.0584371   1.6890074   0.14975792
 -0.80986845 -0.2831151  -0.34337392 -1.6550528   0.54306257 -0.43104863
 -0.2889184   0.8470955  -2.201828    1.3218114 ]
[-0.37871996  0.49482304  0.33000618  1.0260993   1.7370093   0.14511985
 -0.84759045 -0.31429636 -0.38377362 -1.6764009   0.59246844 -0.48052692
 -0.26017466  0.7999916  -2.1461816   1.3533108 ]
[-0.37871996  0.49482304  0.33000618  1.0260993   1.7370093   0.14511985
 -0.84759045 -0.31429636 -0.38377362 -1.6764009   0.59246844 -0.48052692
 -0.26017466  0.7999916  -2.1461816   1.3533108 ]
[-0.40766472  0.5084371   0.2878404   1.0480101   1.70292     0.14478862
 -0.826441   -0.28247842 -0.33788508 -1.6664417   0.56295025 -0.44066125
 -0.2784758   0.8337396  -2.1882362   1.3309203 ]
[-0.40766472  0.5084371   0.2878404   1.0480101   1.70292     0.14478862
 -0.826441   -0.28247842 -0.33788508 -1.6664417   0.56295025 -0.44066125
 -0.2784758   0.8337396  -2.1882362   1.3309203 ]
[-0.39292055  0.5130448   0.32098955  1.0177267   1.7556171   0.14807312
 -0.86553335 -0.32783693 -0.38571388 -1.6916078   0.61869633 -0.4980274
 -0.2387422   0.7855999  -2.1251335   1.3573167 ]
[-0.39292055  0.5130448   0.32098955  1.0177267   1.7556171   0.14807312
 -0.86553335 -0.32783693 -0.38571388 -1.6916078   0.61869633 -0.4980274
 -0.2387422   0.7855999  -2.1251335   1.3573167 ]
[-0.39396802  0.5209719   0.30245346  1.0235522   1.7401028   0.14844011
 -0.8542553  -0.32216504 -0.37387058 -1.689114    0.6129174  -0.486729
 -0.24690723  0.7999493  -2.1423826   1.35271   ]
[-0.39396802  0.5209719   0.30245346  1.0235522   1.7401028   0.14844011
 -0.8542553  -0.32216504 -0.37387058 -1.689114    0.6129174  -0.486729
 -0.24690723  0.7999493  -2.1423826   1.35271   ]
[-0.39979833  0.5251726   0.30352098  1.0245928   1.7422498   0.15535018
 -0.85821545 -0.32900625 -0.37606588 -1.6904724   0.6184044  -0.48632812
 -0.24466674  0.7969816  -2.1361454   1.3459231 ]
[-0.39979833  0.5251726   0.30352098  1.0245928   1.7422498   0.15535018
 -0.85821545 -0.32900625 -0.37606588 -1.6904724   0.6184044  -0.48632812
 -0.24466674  0.7969816  -2.1361454   1.3459231 ]
[-0.40540004  0.52942765  0.30581746  1.0237348   1.7446827   0.16167596
 -0.8609146  -0.33748925 -0.38090992 -1.6930126   0.6253792  -0.48734552
 -0.24228235  0.79422444 -2.1265845   1.3403189 ]
[-0.40540004  0.52942765  0.30581746  1.0237348   1.7446827   0.16167596
 -0.8609146  -0.33748925 -0.38090992 -1.6930126   0.6253792  -0.48734552
 -0.24228235  0.79422444 -2.1265845   1.3403189 ]
[-0.4118929   0.5347246   0.30690008  1.0218736   1.7469536   0.16839567
 -0.86430407 -0.3478469  -0.38571215 -1.6963398   0.6341537  -0.49009055
 -0.24045141  0.78907365 -2.1129522   1.3388433 ]
[-0.4118929   0.5347246   0.30690008  1.0218736   1.7469536   0.16839567
 -0.86430407 -0.3478469  -0.38571215 -1.6963398   0.6341537  -0.49009055
 -0.24045141  0.78907365 -2.1129522   1.3388433 ]
[-0.41917259  0.5386699   0.30585814  1.0223701   1.7518574   0.17765598
 -0.8690403  -0.3607499  -0.39129978 -1.6985404   0.64308345 -0.49129504
 -0.23701438  0.78531057 -2.099795    1.3333132 ]
[-0.41917259  0.5386699   0.30585814  1.0223701   1.7518574   0.17765598
 -0.8690403  -0.3607499  -0.39129978 -1.6985404   0.64308345 -0.49129504
 -0.23701438  0.78531057 -2.099795    1.3333132 ]
[-0.41868204  0.53896606  0.30887502  1.0172987   1.7542385   0.18074334
 -0.86700344 -0.3697899  -0.40001878 -1.7012136   0.645518   -0.49383292
 -0.23831801  0.7823764  -2.086822    1.3391411 ]
[-0.41868204  0.53896606  0.30887502  1.0172987   1.7542385   0.18074334
 -0.86700344 -0.3697899  -0.40001878 -1.7012136   0.645518   -0.49383292
 -0.23831801  0.7823764  -2.086822    1.3391411 ]
[-0.42220935  0.5381471   0.3100122   1.0085051   1.7582562   0.18378818
 -0.86451447 -0.3742413  -0.40442878 -1.7033695   0.6490489  -0.49704018
 -0.24205664  0.78025246 -2.0731478   1.3447208 ]
[-0.42220935  0.5381471   0.3100122   1.0085051   1.7582562   0.18378818
 -0.86451447 -0.3742413  -0.40442878 -1.7033695   0.6490489  -0.49704018
 -0.24205664  0.78025246 -2.0731478   1.3447208 ]
[-0.42764503  0.53915584  0.2988034   0.9931755   1.7694566   0.18702373
 -0.8694464  -0.3770433  -0.40635705 -1.70598     0.6573593  -0.5077802
 -0.24153252  0.77755105 -2.0527508   1.3584924 ]
[-0.42764503  0.53915584  0.2988034   0.9931755   1.7694566   0.18702373
 -0.8694464  -0.3770433  -0.40635705 -1.70598     0.6573593  -0.5077802
 -0.24153252  0.77755105 -2.0527508   1.3584924 ]
[-0.42940268  0.537743    0.29959422  0.99230593  1.7741463   0.18940291
 -0.87276    -0.37668005 -0.40728387 -1.7044643   0.6531039  -0.50440043
 -0.24027641  0.7784088  -2.0530608   1.356089  ]
[-0.42940268  0.537743    0.29959422  0.99230593  1.7741463   0.18940291
 -0.87276    -0.37668005 -0.40728387 -1.7044643   0.6531039  -0.50440043
 -0.24027641  0.7784088  -2.0530608   1.356089  ]
[-0.43554646  0.5405177   0.29166237  0.98450327  1.780503    0.19211774
 -0.87860566 -0.37260994 -0.40776485 -1.7018635   0.6558522  -0.5063416
 -0.23736341  0.7847601  -2.050222    1.3529321 ]
[-0.43554646  0.5405177   0.29166237  0.98450327  1.780503    0.19211774
 -0.87860566 -0.37260994 -0.40776485 -1.7018635   0.6558522  -0.5063416
 -0.23736341  0.7847601  -2.050222    1.3529321 ]
[-0.43457395  0.534505    0.29384097  0.99256265  1.778834    0.19209602
 -0.8767332  -0.36762077 -0.4060901  -1.6975994   0.6486001  -0.5023044
 -0.23475583  0.7888838  -2.0622878   1.3447412 ]
[-0.43457395  0.534505    0.29384097  0.99256265  1.778834    0.19209602
 -0.8767332  -0.36762077 -0.4060901  -1.6975994   0.6486001  -0.5023044
 -0.23475583  0.7888838  -2.0622878   1.3447412 ]
[-0.43236107  0.5314027   0.2989505   0.9933342   1.781565    0.19404866
 -0.8786977  -0.3671317  -0.40806752 -1.6975063   0.6462286  -0.5003184
 -0.2260809   0.7875229  -2.0649452   1.3336613 ]
[-0.43236107  0.5314027   0.2989505   0.9933342   1.781565    0.19404866
 -0.8786977  -0.3671317  -0.40806752 -1.6975063   0.6462286  -0.5003184
 -0.2260809   0.7875229  -2.0649452   1.3336613 ]
[-0.4349141   0.52982074  0.30092704  0.98921394  1.7839553   0.19352649
 -0.8874959  -0.3627213  -0.40769902 -1.696928    0.6498644  -0.50098926
 -0.22309873  0.7849658  -2.0575676   1.3305794 ]
[-0.4349141   0.52982074  0.30092704  0.98921394  1.7839553   0.19352649
 -0.8874959  -0.3627213  -0.40769902 -1.696928    0.6498644  -0.50098926
 -0.22309873  0.7849658  -2.0575676   1.3305794 ]
[-0.43706322  0.53484637  0.29758242  0.9871195   1.7855995   0.19788906
 -0.89854366 -0.3642392  -0.40582627 -1.7005653   0.6560173  -0.5026906
 -0.21896282  0.78316927 -2.0521405   1.3292918 ]
[-0.43706322  0.53484637  0.29758242  0.9871195   1.7855995   0.19788906
 -0.89854366 -0.3642392  -0.40582627 -1.7005653   0.6560173  -0.5026906
 -0.21896282  0.78316927 -2.0521405   1.3292918 ]
[-0.42069215  0.5331577   0.30109298  1.0281732   1.772974    0.1993333
 -0.8851315  -0.38243276 -0.40370792 -1.6945441   0.6512989  -0.4855961
 -0.21907668  0.77770054 -2.0842252   1.301885  ]
[-0.42069215  0.5331577   0.30109298  1.0281732   1.772974    0.1993333
 -0.8851315  -0.38243276 -0.40370792 -1.6945441   0.6512989  -0.4855961
 -0.21907668  0.77770054 -2.0842252   1.301885  ]
[-0.41336507  0.51703066  0.2908066   1.0349481   1.7984416   0.22575359
 -0.90195084 -0.39988065 -0.413068   -1.6800165   0.6508757  -0.4766817
 -0.20775922  0.76986676 -2.0738215   1.2679807 ]
[-0.41336507  0.51703066  0.2908066   1.0349481   1.7984416   0.22575359
 -0.90195084 -0.39988065 -0.413068   -1.6800165   0.6508757  -0.4766817
 -0.20775922  0.76986676 -2.0738215   1.2679807 ]
[-0.39601278  0.5017867   0.27250302  1.0243897   1.8341967   0.24928847
 -0.92181444 -0.41154623 -0.4211151  -1.6653341   0.6615135  -0.47916365
 -0.19604547  0.7605473  -2.0578535   1.2328019 ]
[-0.39601278  0.5017867   0.27250302  1.0243897   1.8341967   0.24928847
 -0.92181444 -0.41154623 -0.4211151  -1.6653341   0.6615135  -0.47916365
 -0.19604547  0.7605473  -2.0578535   1.2328019 ]
[-0.38195387  0.49051684  0.27146152  1.0202329   1.8658062   0.2688234
 -0.9350449  -0.4214112  -0.42772323 -1.6496174   0.67138135 -0.47464532
 -0.19037707  0.7409495  -2.0527544   1.1908801 ]
[-0.38195387  0.49051684  0.27146152  1.0202329   1.8658062   0.2688234
 -0.9350449  -0.4214112  -0.42772323 -1.6496174   0.67138135 -0.47464532
 -0.19037707  0.7409495  -2.0527544   1.1908801 ]
[-0.37767372  0.48203707  0.27321205  1.0037594   1.9035581   0.28509098
 -0.9421226  -0.4296444  -0.44214982 -1.639686    0.6783502  -0.4786501
 -0.17621452  0.7264999  -2.0383747   1.1573994 ]
[-0.37767372  0.48203707  0.27321205  1.0037594   1.9035581   0.28509098
 -0.9421226  -0.4296444  -0.44214982 -1.639686    0.6783502  -0.4786501
 -0.17621452  0.7264999  -2.0383747   1.1573994 ]
[-0.36712828  0.46895623  0.28206807  0.9951433   1.9312229   0.29257756
 -0.93240225 -0.4372581  -0.46683788 -1.6277307   0.6786116  -0.48052454
 -0.1630835   0.7178508  -2.0328832   1.1255045 ]
[-0.36712828  0.46895623  0.28206807  0.9951433   1.9312229   0.29257756
 -0.93240225 -0.4372581  -0.46683788 -1.6277307   0.6786116  -0.48052454
 -0.1630835   0.7178508  -2.0328832   1.1255045 ]
[-0.35045353  0.4449587   0.2899229   0.9774318   1.9634945   0.29771417
 -0.91939306 -0.44287068 -0.49812284 -1.6125473   0.67718107 -0.4898014
 -0.14307877  0.7022951  -2.020213    1.1065418 ]
[-0.35045353  0.4449587   0.2899229   0.9774318   1.9634945   0.29771417
 -0.91939306 -0.44287068 -0.49812284 -1.6125473   0.67718107 -0.4898014
 -0.14307877  0.7022951  -2.020213    1.1065418 ]
[-0.30945364  0.38745144  0.30490935  0.97982216  1.9975593   0.28337622
 -0.8812766  -0.44570452 -0.5360936  -1.587487    0.6544958  -0.5010032
 -0.10098604  0.6838578  -2.0277448   1.0795168 ]
[-0.30945364  0.38745144  0.30490935  0.97982216  1.9975593   0.28337622
 -0.8812766  -0.44570452 -0.5360936  -1.587487    0.6544958  -0.5010032
 -0.10098604  0.6838578  -2.0277448   1.0795168 ]
[-0.2716983   0.32175827  0.33243972  0.9646411   2.0328252   0.26106954
 -0.82962036 -0.455098   -0.5901858  -1.5678527   0.6402179  -0.5334168
 -0.03858436  0.6719507  -2.0170147   1.0578357 ]
[-0.2716983   0.32175827  0.33243972  0.9646411   2.0328252   0.26106954
 -0.82962036 -0.455098   -0.5901858  -1.5678527   0.6402179  -0.5334168
 -0.03858436  0.6719507  -2.0170147   1.0578357 ]
[-0.23068142  0.28458452  0.37832427  0.9122901   2.0536282   0.23765028
 -0.7593745  -0.4929223  -0.6701472  -1.5681813   0.6593932  -0.59845203
  0.02931398  0.6756791  -1.9811589   1.0476519 ]
[-0.23068142  0.28458452  0.37832427  0.9122901   2.0536282   0.23765028
 -0.7593745  -0.4929223  -0.6701472  -1.5681813   0.6593932  -0.59845203
  0.02931398  0.6756791  -1.9811589   1.0476519 ]
[-0.20054834  0.28271198  0.43346635  0.83195055  2.073153    0.222066
 -0.69729185 -0.5533625  -0.75053877 -1.5883863   0.7038907  -0.66427016
  0.08417425  0.67845726 -1.910435    1.0312985 ]
[-0.20054834  0.28271198  0.43346635  0.83195055  2.073153    0.222066
 -0.69729185 -0.5533625  -0.75053877 -1.5883863   0.7038907  -0.66427016
  0.08417425  0.67845726 -1.910435    1.0312985 ]
[-0.17690676  0.29662928  0.45017725  0.78345555  2.0708325   0.21075282
 -0.6588596  -0.59655595 -0.79552174 -1.6149166   0.7472607  -0.70388603
  0.10773021  0.6792862  -1.8565266   1.0333265 ]
[-0.17690676  0.29662928  0.45017725  0.78345555  2.0708325   0.21075282
 -0.6588596  -0.59655595 -0.79552174 -1.6149166   0.7472607  -0.70388603
  0.10773021  0.6792862  -1.8565266   1.0333265 ]
[-0.17316662  0.3109931   0.45265383  0.75897366  2.0745478   0.21680526
 -0.6575783  -0.6126677  -0.8082258  -1.6300571   0.76992404 -0.7133014
  0.11102159  0.6625179  -1.8217585   1.0358474 ]
[-0.17316662  0.3109931   0.45265383  0.75897366  2.0745478   0.21680526
 -0.6575783  -0.6126677  -0.8082258  -1.6300571   0.76992404 -0.7133014
  0.11102159  0.6625179  -1.8217585   1.0358474 ]
[-0.19668248  0.30530295  0.47196826  0.7675542   2.0336266   0.20526128
 -0.64246523 -0.5973859  -0.8246085  -1.6650016   0.7577521  -0.7155355
  0.14161214  0.69258136 -1.8144085   1.0571878 ]
[-0.19668248  0.30530295  0.47196826  0.7675542   2.0336266   0.20526128
 -0.64246523 -0.5973859  -0.8246085  -1.6650016   0.7577521  -0.7155355
  0.14161214  0.69258136 -1.8144085   1.0571878 ]
[-0.21693201  0.29829365  0.48393765  0.77247226  1.9998922   0.19547716
 -0.62648284 -0.585909   -0.82637024 -1.6844997   0.75102794 -0.7180972
  0.13916889  0.7100542  -1.8078463   1.0933491 ]
[-0.21693201  0.29829365  0.48393765  0.77247226  1.9998922   0.19547716
 -0.62648284 -0.585909   -0.82637024 -1.6844997   0.75102794 -0.7180972
  0.13916889  0.7100542  -1.8078463   1.0933491 ]
[-0.23101978  0.2882387   0.48927474  0.78148663  1.9709333   0.18977013
 -0.6182084  -0.57858753 -0.8206006  -1.6906796   0.73760885 -0.7183283
  0.13411602  0.7164664  -1.807451    1.135626  ]
[-0.23101978  0.2882387   0.48927474  0.78148663  1.9709333   0.18977013
 -0.6182084  -0.57858753 -0.8206006  -1.6906796   0.73760885 -0.7183283
  0.13411602  0.7164664  -1.807451    1.135626  ]
[-0.2418305   0.2813728   0.49657488  0.7885128   1.9448017   0.18607268
 -0.6216322  -0.5635483  -0.8150239  -1.6972393   0.71025217 -0.71167094
  0.14405122  0.73133546 -1.8202385   1.1678272 ]
[-0.2418305   0.2813728   0.49657488  0.7885128   1.9448017   0.18607268
 -0.6216322  -0.5635483  -0.8150239  -1.6972393   0.71025217 -0.71167094
  0.14405122  0.73133546 -1.8202385   1.1678272 ]
[-0.256674    0.2944668   0.5035639   0.8011883   1.910463    0.17702024
 -0.6345822  -0.5427611  -0.79424834 -1.7035252   0.6832159  -0.69970524
  0.1324801   0.75629073 -1.8481079   1.2019212 ]
[-0.256674    0.2944668   0.5035639   0.8011883   1.910463    0.17702024
 -0.6345822  -0.5427611  -0.79424834 -1.7035252   0.6832159  -0.69970524
  0.1324801   0.75629073 -1.8481079   1.2019212 ]
[-0.29778814  0.3158336   0.49803415  0.81219256  1.8939116   0.17824116
 -0.6848242  -0.5096018  -0.7540215  -1.7147415   0.66144526 -0.67490923
  0.11634141  0.7677457  -1.8558242   1.2306961 ]
[-0.29778814  0.3158336   0.49803415  0.81219256  1.8939116   0.17824116
 -0.6848242  -0.5096018  -0.7540215  -1.7147415   0.66144526 -0.67490923
  0.11634141  0.7677457  -1.8558242   1.2306961 ]
[-0.3291366   0.34597892  0.47913194  0.83194333  1.8816118   0.18407205
 -0.7233814  -0.4931048  -0.7127228  -1.7285675   0.64111555 -0.6476249
  0.07796462  0.79788524 -1.8706734   1.2502539 ]
[-0.3291366   0.34597892  0.47913194  0.83194333  1.8816118   0.18407205
 -0.7233814  -0.4931048  -0.7127228  -1.7285675   0.64111555 -0.6476249
  0.07796462  0.79788524 -1.8706734   1.2502539 ]
[-0.36744753  0.40070683  0.42778808  0.85101444  1.8639815   0.1851776
 -0.7978543  -0.43929616 -0.63086045 -1.7314732   0.63693595 -0.59433436
 -0.02098164  0.8099798  -1.9027039   1.297308  ]
[-0.36744753  0.40070683  0.42778808  0.85101444  1.8639815   0.1851776
 -0.7978543  -0.43929616 -0.63086045 -1.7314732   0.63693595 -0.59433436
 -0.02098164  0.8099798  -1.9027039   1.297308  ]
[-0.37063837  0.42019373  0.35684773  0.91721153  1.8172538   0.1705174
 -0.84298265 -0.35929662 -0.5301658  -1.6977749   0.59770787 -0.53817725
 -0.10518555  0.8257023  -2.012841    1.3418269 ]
[-0.37063837  0.42019373  0.35684773  0.91721153  1.8172538   0.1705174
 -0.84298265 -0.35929662 -0.5301658  -1.6977749   0.59770787 -0.53817725
 -0.10518555  0.8257023  -2.012841    1.3418269 ]
[-0.3421031   0.39162078  0.2716648   1.1130931   1.6852369   0.10768537
 -0.76472044 -0.26479542 -0.38066816 -1.6329428   0.4886261  -0.4494711
 -0.20109305  0.9091547  -2.2683182   1.3266416 ]
[-0.3421031   0.39162078  0.2716648   1.1130931   1.6852369   0.10768537
 -0.76472044 -0.26479542 -0.38066816 -1.6329428   0.4886261  -0.4494711
 -0.20109305  0.9091547  -2.2683182   1.3266416 ]
[-0.36167508  0.37273157  0.288809    1.1518638   1.6902144   0.12032771
 -0.77236474 -0.28513342 -0.39058632 -1.624395    0.48108858 -0.43565267
 -0.17652817  0.904503   -2.2676337   1.2923605 ]
[-0.36167508  0.37273157  0.288809    1.1518638   1.6902144   0.12032771
 -0.77236474 -0.28513342 -0.39058632 -1.624395    0.48108858 -0.43565267
 -0.17652817  0.904503   -2.2676337   1.2923605 ]
[-0.3844172   0.37701577  0.28249848  1.1510602   1.679884    0.1314176
 -0.78056467 -0.28397468 -0.38947836 -1.6292553   0.48234516 -0.42895722
 -0.16379924  0.9190712  -2.2561429   1.280999  ]
[-0.3844172   0.37701577  0.28249848  1.1510602   1.679884    0.1314176
 -0.78056467 -0.28397468 -0.38947836 -1.6292553   0.48234516 -0.42895722
 -0.16379924  0.9190712  -2.2561429   1.280999  ]
[-0.3844172   0.37701577  0.28249848  1.1510602   1.679884    0.1314176
 -0.78056467 -0.28397468 -0.38947836 -1.6292553   0.48234516 -0.42895722
 -0.16379924  0.9190712  -2.2561429   1.280999  ]
[-0.3844172   0.37701577  0.28249848  1.1510602   1.679884    0.1314176
 -0.78056467 -0.28397468 -0.38947836 -1.6292553   0.48234516 -0.42895722
 -0.16379924  0.9190712  -2.2561429   1.280999  ]
[-0.3844172   0.37701577  0.28249848  1.1510602   1.679884    0.1314176
 -0.78056467 -0.28397468 -0.38947836 -1.6292553   0.48234516 -0.42895722
 -0.16379924  0.9190712  -2.2561429   1.280999  ]
[-0.40490642  0.37255365  0.28379777  1.1572639   1.6805388   0.14043775
 -0.7822701  -0.2941132  -0.3973525  -1.632811    0.48881054 -0.43266383
 -0.14794019  0.9253723  -2.2439036   1.2744734 ]
[-0.40490642  0.37255365  0.28379777  1.1572639   1.6805388   0.14043775
 -0.7822701  -0.2941132  -0.3973525  -1.632811    0.48881054 -0.43266383
 -0.14794019  0.9253723  -2.2439036   1.2744734 ]
[-0.40490642  0.37255365  0.28379777  1.1572639   1.6805388   0.14043775
 -0.7822701  -0.2941132  -0.3973525  -1.632811    0.48881054 -0.43266383
 -0.14794019  0.9253723  -2.2439036   1.2744734 ]
[-0.40490642  0.37255365  0.28379777  1.1572639   1.6805388   0.14043775
 -0.7822701  -0.2941132  -0.3973525  -1.632811    0.48881054 -0.43266383
 -0.14794019  0.9253723  -2.2439036   1.2744734 ]
[-0.42644167  0.37369454  0.27950007  1.1564416   1.6882527   0.15154673
 -0.7888461  -0.29999173 -0.39515245 -1.6343123   0.5011062  -0.43640238
 -0.13552149  0.92583764 -2.234782    1.261816  ]
[-0.42644167  0.37369454  0.27950007  1.1564416   1.6882527   0.15154673
 -0.7888461  -0.29999173 -0.39515245 -1.6343123   0.5011062  -0.43640238
 -0.13552149  0.92583764 -2.234782    1.261816  ]
[-0.42644167  0.37369454  0.27950007  1.1564416   1.6882527   0.15154673
 -0.7888461  -0.29999173 -0.39515245 -1.6343123   0.5011062  -0.43640238
 -0.13552149  0.92583764 -2.234782    1.261816  ]
[-0.42644167  0.37369454  0.27950007  1.1564416   1.6882527   0.15154673
 -0.7888461  -0.29999173 -0.39515245 -1.6343123   0.5011062  -0.43640238
 -0.13552149  0.92583764 -2.234782    1.261816  ]
[-0.4366614   0.39442912  0.28112596  1.1502326   1.6704572   0.15608308
 -0.76987445 -0.29935724 -0.39475    -1.6397302   0.5129156  -0.4480122
 -0.15047713  0.9287502  -2.2378304   1.2696846 ]
[-0.4366614   0.39442912  0.28112596  1.1502326   1.6704572   0.15608308
 -0.76987445 -0.29935724 -0.39475    -1.6397302   0.5129156  -0.4480122
 -0.15047713  0.9287502  -2.2378304   1.2696846 ]
[-0.4366614   0.39442912  0.28112596  1.1502326   1.6704572   0.15608308
 -0.76987445 -0.29935724 -0.39475    -1.6397302   0.5129156  -0.4480122
 -0.15047713  0.9287502  -2.2378304   1.2696846 ]
[-0.4366614   0.39442912  0.28112596  1.1502326   1.6704572   0.15608308
 -0.76987445 -0.29935724 -0.39475    -1.6397302   0.5129156  -0.4480122
 -0.15047713  0.9287502  -2.2378304   1.2696846 ]
[-0.45306444  0.43172082  0.29305622  1.1386958   1.6379515   0.1609885
 -0.7432021  -0.29890665 -0.38543016 -1.6490695   0.5225547  -0.4617785
 -0.18342516  0.934919   -2.2369874   1.279618  ]
[-0.45306444  0.43172082  0.29305622  1.1386958   1.6379515   0.1609885
 -0.7432021  -0.29890665 -0.38543016 -1.6490695   0.5225547  -0.4617785
 -0.18342516  0.934919   -2.2369874   1.279618  ]
[-0.45306444  0.43172082  0.29305622  1.1386958   1.6379515   0.1609885
 -0.7432021  -0.29890665 -0.38543016 -1.6490695   0.5225547  -0.4617785
 -0.18342516  0.934919   -2.2369874   1.279618  ]
[-0.45306444  0.43172082  0.29305622  1.1386958   1.6379515   0.1609885
 -0.7432021  -0.29890665 -0.38543016 -1.6490695   0.5225547  -0.4617785
 -0.18342516  0.934919   -2.2369874   1.279618  ]
[-0.4664852   0.46225986  0.2897014   1.1295379   1.6025718   0.16047218
 -0.716165   -0.29037914 -0.3597018  -1.6474584   0.5349626  -0.48218098
 -0.22500825  0.9475258  -2.2367535   1.2854271 ]
[-0.4664852   0.46225986  0.2897014   1.1295379   1.6025718   0.16047218
 -0.716165   -0.29037914 -0.3597018  -1.6474584   0.5349626  -0.48218098
 -0.22500825  0.9475258  -2.2367535   1.2854271 ]
[-0.4664852   0.46225986  0.2897014   1.1295379   1.6025718   0.16047218
 -0.716165   -0.29037914 -0.3597018  -1.6474584   0.5349626  -0.48218098
 -0.22500825  0.9475258  -2.2367535   1.2854271 ]
[-0.4664852   0.46225986  0.2897014   1.1295379   1.6025718   0.16047218
 -0.716165   -0.29037914 -0.3597018  -1.6474584   0.5349626  -0.48218098
 -0.22500825  0.9475258  -2.2367535   1.2854271 ]
[-0.4664852   0.46225986  0.2897014   1.1295379   1.6025718   0.16047218
 -0.716165   -0.29037914 -0.3597018  -1.6474584   0.5349626  -0.48218098
 -0.22500825  0.9475258  -2.2367535   1.2854271 ]
[-0.47192365  0.48845667  0.30260348  1.1380962   1.5763805   0.16762893
 -0.7032276  -0.29153767 -0.33376175 -1.6416302   0.5362454  -0.47050443
 -0.26973122  0.94687974 -2.2478921   1.261759  ]
[-0.47192365  0.48845667  0.30260348  1.1380962   1.5763805   0.16762893
 -0.7032276  -0.29153767 -0.33376175 -1.6416302   0.5362454  -0.47050443
 -0.26973122  0.94687974 -2.2478921   1.261759  ]
[-0.47192365  0.48845667  0.30260348  1.1380962   1.5763805   0.16762893
 -0.7032276  -0.29153767 -0.33376175 -1.6416302   0.5362454  -0.47050443
 -0.26973122  0.94687974 -2.2478921   1.261759  ]
[-0.47192365  0.48845667  0.30260348  1.1380962   1.5763805   0.16762893
 -0.7032276  -0.29153767 -0.33376175 -1.6416302   0.5362454  -0.47050443
 -0.26973122  0.94687974 -2.2478921   1.261759  ]
[-0.48129     0.50559306  0.29888126  1.1465993   1.5586236   0.17744856
 -0.71159947 -0.28612584 -0.2980929  -1.6278503   0.53441095 -0.44264093
 -0.32117045  0.95445144 -2.2564993   1.2367747 ]
[-0.48129     0.50559306  0.29888126  1.1465993   1.5586236   0.17744856
 -0.71159947 -0.28612584 -0.2980929  -1.6278503   0.53441095 -0.44264093
 -0.32117045  0.95445144 -2.2564993   1.2367747 ]
[-0.48129     0.50559306  0.29888126  1.1465993   1.5586236   0.17744856
 -0.71159947 -0.28612584 -0.2980929  -1.6278503   0.53441095 -0.44264093
 -0.32117045  0.95445144 -2.2564993   1.2367747 ]
[-0.48129     0.50559306  0.29888126  1.1465993   1.5586236   0.17744856
 -0.71159947 -0.28612584 -0.2980929  -1.6278503   0.53441095 -0.44264093
 -0.32117045  0.95445144 -2.2564993   1.2367747 ]
[-0.51660573  0.51597595  0.29056796  1.1953304   1.4962336   0.20088974
 -0.7101029  -0.2579754  -0.22827303 -1.5883288   0.47339106 -0.33385637
 -0.38087004  0.9717822  -2.3038983   1.1615572 ]
[-0.51660573  0.51597595  0.29056796  1.1953304   1.4962336   0.20088974
 -0.7101029  -0.2579754  -0.22827303 -1.5883288   0.47339106 -0.33385637
 -0.38087004  0.9717822  -2.3038983   1.1615572 ]
[-0.51660573  0.51597595  0.29056796  1.1953304   1.4962336   0.20088974
 -0.7101029  -0.2579754  -0.22827303 -1.5883288   0.47339106 -0.33385637
 -0.38087004  0.9717822  -2.3038983   1.1615572 ]
[-0.51660573  0.51597595  0.29056796  1.1953304   1.4962336   0.20088974
 -0.7101029  -0.2579754  -0.22827303 -1.5883288   0.47339106 -0.33385637
 -0.38087004  0.9717822  -2.3038983   1.1615572 ]
[-0.51660573  0.51597595  0.29056796  1.1953304   1.4962336   0.20088974
 -0.7101029  -0.2579754  -0.22827303 -1.5883288   0.47339106 -0.33385637
 -0.38087004  0.9717822  -2.3038983   1.1615572 ]
[-0.4951454   0.5775261   0.29596478  1.15041     1.5059096   0.2016015
 -0.7171664  -0.29346624 -0.21568127 -1.6148611   0.5433365  -0.34767488
 -0.42618793  0.93154716 -2.2974715   1.1879151 ]
[-0.4951454   0.5775261   0.29596478  1.15041     1.5059096   0.2016015
 -0.7171664  -0.29346624 -0.21568127 -1.6148611   0.5433365  -0.34767488
 -0.42618793  0.93154716 -2.2974715   1.1879151 ]
[-0.4951454   0.5775261   0.29596478  1.15041     1.5059096   0.2016015
 -0.7171664  -0.29346624 -0.21568127 -1.6148611   0.5433365  -0.34767488
 -0.42618793  0.93154716 -2.2974715   1.1879151 ]
[-0.4951454   0.5775261   0.29596478  1.15041     1.5059096   0.2016015
 -0.7171664  -0.29346624 -0.21568127 -1.6148611   0.5433365  -0.34767488
 -0.42618793  0.93154716 -2.2974715   1.1879151 ]
[-0.49224836  0.66222185  0.32591146  1.0714079   1.5113641   0.21062116
 -0.7393495  -0.32912764 -0.2030143  -1.6510178   0.6305105  -0.37479228
 -0.4882008   0.8730732  -2.253106    1.2337868 ]
[-0.49224836  0.66222185  0.32591146  1.0714079   1.5113641   0.21062116
 -0.7393495  -0.32912764 -0.2030143  -1.6510178   0.6305105  -0.37479228
 -0.4882008   0.8730732  -2.253106    1.2337868 ]
[-0.49224836  0.66222185  0.32591146  1.0714079   1.5113641   0.21062116
 -0.7393495  -0.32912764 -0.2030143  -1.6510178   0.6305105  -0.37479228
 -0.4882008   0.8730732  -2.253106    1.2337868 ]
[-0.49224836  0.66222185  0.32591146  1.0714079   1.5113641   0.21062116
 -0.7393495  -0.32912764 -0.2030143  -1.6510178   0.6305105  -0.37479228
 -0.4882008   0.8730732  -2.253106    1.2337868 ]
[-0.57507396  0.759549    0.3545955   0.93128645  1.5691181   0.2531531
 -0.8836873  -0.3222199  -0.14161116 -1.6902664   0.74309546 -0.4013992
 -0.5296397   0.7531669  -2.1149468   1.2852186 ]
[-0.57507396  0.759549    0.3545955   0.93128645  1.5691181   0.2531531
 -0.8836873  -0.3222199  -0.14161116 -1.6902664   0.74309546 -0.4013992
 -0.5296397   0.7531669  -2.1149468   1.2852186 ]
[-0.57507396  0.759549    0.3545955   0.93128645  1.5691181   0.2531531
 -0.8836873  -0.3222199  -0.14161116 -1.6902664   0.74309546 -0.4013992
 -0.5296397   0.7531669  -2.1149468   1.2852186 ]
[-0.57507396  0.759549    0.3545955   0.93128645  1.5691181   0.2531531
 -0.8836873  -0.3222199  -0.14161116 -1.6902664   0.74309546 -0.4013992
 -0.5296397   0.7531669  -2.1149468   1.2852186 ]
[-0.57507396  0.759549    0.3545955   0.93128645  1.5691181   0.2531531
 -0.8836873  -0.3222199  -0.14161116 -1.6902664   0.74309546 -0.4013992
 -0.5296397   0.7531669  -2.1149468   1.2852186 ]
[-0.5287665   0.7805523   0.33820343  0.91916263  1.5846126   0.22075777
 -0.88048184 -0.35425428 -0.16337495 -1.7261      0.806695   -0.4533875
 -0.51826125  0.7306212  -2.09954     1.3353006 ]
[-0.5287665   0.7805523   0.33820343  0.91916263  1.5846126   0.22075777
 -0.88048184 -0.35425428 -0.16337495 -1.7261      0.806695   -0.4533875
 -0.51826125  0.7306212  -2.09954     1.3353006 ]
[-0.5287665   0.7805523   0.33820343  0.91916263  1.5846126   0.22075777
 -0.88048184 -0.35425428 -0.16337495 -1.7261      0.806695   -0.4533875
 -0.51826125  0.7306212  -2.09954     1.3353006 ]
[-0.5287665   0.7805523   0.33820343  0.91916263  1.5846126   0.22075777
 -0.88048184 -0.35425428 -0.16337495 -1.7261      0.806695   -0.4533875
 -0.51826125  0.7306212  -2.09954     1.3353006 ]
[-0.48104548  0.7535378   0.3360621   0.9419395   1.5973402   0.23085181
 -0.8467554  -0.38181442 -0.17477086 -1.7083442   0.7975477  -0.44936067
 -0.53120655  0.7433349  -2.130116    1.2928482 ]
[-0.48104548  0.7535378   0.3360621   0.9419395   1.5973402   0.23085181
 -0.8467554  -0.38181442 -0.17477086 -1.7083442   0.7975477  -0.44936067
 -0.53120655  0.7433349  -2.130116    1.2928482 ]
[-0.48104548  0.7535378   0.3360621   0.9419395   1.5973402   0.23085181
 -0.8467554  -0.38181442 -0.17477086 -1.7083442   0.7975477  -0.44936067
 -0.53120655  0.7433349  -2.130116    1.2928482 ]
[-0.48104548  0.7535378   0.3360621   0.9419395   1.5973402   0.23085181
 -0.8467554  -0.38181442 -0.17477086 -1.7083442   0.7975477  -0.44936067
 -0.53120655  0.7433349  -2.130116    1.2928482 ]
[-0.49188462  0.7610113   0.34136632  0.9334284   1.5974493   0.26484466
 -0.8874563  -0.3660696  -0.16634709 -1.7068905   0.7828988  -0.39596164
 -0.52943784  0.7270711  -2.1219404   1.2466104 ]
[-0.49188462  0.7610113   0.34136632  0.9334284   1.5974493   0.26484466
 -0.8874563  -0.3660696  -0.16634709 -1.7068905   0.7828988  -0.39596164
 -0.52943784  0.7270711  -2.1219404   1.2466104 ]
[-0.49188462  0.7610113   0.34136632  0.9334284   1.5974493   0.26484466
 -0.8874563  -0.3660696  -0.16634709 -1.7068905   0.7828988  -0.39596164
 -0.52943784  0.7270711  -2.1219404   1.2466104 ]
[-0.49188462  0.7610113   0.34136632  0.9334284   1.5974493   0.26484466
 -0.8874563  -0.3660696  -0.16634709 -1.7068905   0.7828988  -0.39596164
 -0.52943784  0.7270711  -2.1219404   1.2466104 ]
[-0.49188462  0.7610113   0.34136632  0.9334284   1.5974493   0.26484466
 -0.8874563  -0.3660696  -0.16634709 -1.7068905   0.7828988  -0.39596164
 -0.52943784  0.7270711  -2.1219404   1.2466104 ]
[-0.5731126   0.7034596   0.3251      0.98081     1.6384255   0.2967041
 -0.9432556  -0.32673386 -0.14268371 -1.6823763   0.72466916 -0.35299993
 -0.48401085  0.7218114  -2.1051517   1.20702   ]
[-0.5731126   0.7034596   0.3251      0.98081     1.6384255   0.2967041
 -0.9432556  -0.32673386 -0.14268371 -1.6823763   0.72466916 -0.35299993
 -0.48401085  0.7218114  -2.1051517   1.20702   ]
[-0.5731126   0.7034596   0.3251      0.98081     1.6384255   0.2967041
 -0.9432556  -0.32673386 -0.14268371 -1.6823763   0.72466916 -0.35299993
 -0.48401085  0.7218114  -2.1051517   1.20702   ]
[-0.5731126   0.7034596   0.3251      0.98081     1.6384255   0.2967041
 -0.9432556  -0.32673386 -0.14268371 -1.6823763   0.72466916 -0.35299993
 -0.48401085  0.7218114  -2.1051517   1.20702   ]
[-0.5731126   0.7034596   0.3251      0.98081     1.6384255   0.2967041
 -0.9432556  -0.32673386 -0.14268371 -1.6823763   0.72466916 -0.35299993
 -0.48401085  0.7218114  -2.1051517   1.20702   ]
[-0.5834617   0.6997798   0.3161208   0.9695142   1.6565994   0.27722314
 -0.9386328  -0.30536282 -0.12560014 -1.6796259   0.71052444 -0.36032706
 -0.472468    0.7216401  -2.1118221   1.2142596 ]
[-0.5834617   0.6997798   0.3161208   0.9695142   1.6565994   0.27722314
 -0.9386328  -0.30536282 -0.12560014 -1.6796259   0.71052444 -0.36032706
 -0.472468    0.7216401  -2.1118221   1.2142596 ]
[-0.5834617   0.6997798   0.3161208   0.9695142   1.6565994   0.27722314
 -0.9386328  -0.30536282 -0.12560014 -1.6796259   0.71052444 -0.36032706
 -0.472468    0.7216401  -2.1118221   1.2142596 ]
[-0.5834617   0.6997798   0.3161208   0.9695142   1.6565994   0.27722314
 -0.9386328  -0.30536282 -0.12560014 -1.6796259   0.71052444 -0.36032706
 -0.472468    0.7216401  -2.1118221   1.2142596 ]
[-0.5834617   0.6997798   0.3161208   0.9695142   1.6565994   0.27722314
 -0.9386328  -0.30536282 -0.12560014 -1.6796259   0.71052444 -0.36032706
 -0.472468    0.7216401  -2.1118221   1.2142596 ]
[-0.5461661   0.6989948   0.3087787   0.9521578   1.6612575   0.23772633
 -0.88198006 -0.33177954 -0.14803497 -1.6937664   0.7407941  -0.41611204
 -0.44474477  0.7609347  -2.1434822   1.2338535 ]
[-0.5461661   0.6989948   0.3087787   0.9521578   1.6612575   0.23772633
 -0.88198006 -0.33177954 -0.14803497 -1.6937664   0.7407941  -0.41611204
 -0.44474477  0.7609347  -2.1434822   1.2338535 ]
[-0.5461661   0.6989948   0.3087787   0.9521578   1.6612575   0.23772633
 -0.88198006 -0.33177954 -0.14803497 -1.6937664   0.7407941  -0.41611204
 -0.44474477  0.7609347  -2.1434822   1.2338535 ]
[-0.5461661   0.6989948   0.3087787   0.9521578   1.6612575   0.23772633
 -0.88198006 -0.33177954 -0.14803497 -1.6937664   0.7407941  -0.41611204
 -0.44474477  0.7609347  -2.1434822   1.2338535 ]
[-0.47419125  0.7605791   0.33019143  0.87000465  1.6595932   0.2162961
 -0.89004326 -0.37247628 -0.18389708 -1.7265972   0.82645863 -0.46061653
 -0.47953233  0.7070676  -2.0992427   1.3068955 ]
[-0.47419125  0.7605791   0.33019143  0.87000465  1.6595932   0.2162961
 -0.89004326 -0.37247628 -0.18389708 -1.7265972   0.82645863 -0.46061653
 -0.47953233  0.7070676  -2.0992427   1.3068955 ]
[-0.47419125  0.7605791   0.33019143  0.87000465  1.6595932   0.2162961
 -0.89004326 -0.37247628 -0.18389708 -1.7265972   0.82645863 -0.46061653
 -0.47953233  0.7070676  -2.0992427   1.3068955 ]
[-0.47419125  0.7605791   0.33019143  0.87000465  1.6595932   0.2162961
 -0.89004326 -0.37247628 -0.18389708 -1.7265972   0.82645863 -0.46061653
 -0.47953233  0.7070676  -2.0992427   1.3068955 ]
[-0.47419125  0.7605791   0.33019143  0.87000465  1.6595932   0.2162961
 -0.89004326 -0.37247628 -0.18389708 -1.7265972   0.82645863 -0.46061653
 -0.47953233  0.7070676  -2.0992427   1.3068955 ]
[-0.45891872  0.72573626  0.32663208  0.9185749   1.6418712   0.20336922
 -0.8455682  -0.36511815 -0.18407868 -1.7149613   0.794603   -0.44303387
 -0.4651158   0.7244398  -2.1476612   1.278133  ]
[-0.45891872  0.72573626  0.32663208  0.9185749   1.6418712   0.20336922
 -0.8455682  -0.36511815 -0.18407868 -1.7149613   0.794603   -0.44303387
 -0.4651158   0.7244398  -2.1476612   1.278133  ]
[-0.45891872  0.72573626  0.32663208  0.9185749   1.6418712   0.20336922
 -0.8455682  -0.36511815 -0.18407868 -1.7149613   0.794603   -0.44303387
 -0.4651158   0.7244398  -2.1476612   1.278133  ]
[-0.45891872  0.72573626  0.32663208  0.9185749   1.6418712   0.20336922
 -0.8455682  -0.36511815 -0.18407868 -1.7149613   0.794603   -0.44303387
 -0.4651158   0.7244398  -2.1476612   1.278133  ]
[-0.45891872  0.72573626  0.32663208  0.9185749   1.6418712   0.20336922
 -0.8455682  -0.36511815 -0.18407868 -1.7149613   0.794603   -0.44303387
 -0.4651158   0.7244398  -2.1476612   1.278133  ]
[-0.4760445   0.7262133   0.322614    0.92329586  1.6314375   0.21710925
 -0.84743357 -0.36183804 -0.19166821 -1.7208691   0.78237545 -0.43076724
 -0.43843222  0.7361515  -2.141763    1.2580502 ]
[-0.4760445   0.7262133   0.322614    0.92329586  1.6314375   0.21710925
 -0.84743357 -0.36183804 -0.19166821 -1.7208691   0.78237545 -0.43076724
 -0.43843222  0.7361515  -2.141763    1.2580502 ]
[-0.4760445   0.7262133   0.322614    0.92329586  1.6314375   0.21710925
 -0.84743357 -0.36183804 -0.19166821 -1.7208691   0.78237545 -0.43076724
 -0.43843222  0.7361515  -2.141763    1.2580502 ]
[-0.4760445   0.7262133   0.322614    0.92329586  1.6314375   0.21710925
 -0.84743357 -0.36183804 -0.19166821 -1.7208691   0.78237545 -0.43076724
 -0.43843222  0.7361515  -2.141763    1.2580502 ]
[-0.4760445   0.7262133   0.322614    0.92329586  1.6314375   0.21710925
 -0.84743357 -0.36183804 -0.19166821 -1.7208691   0.78237545 -0.43076724
 -0.43843222  0.7361515  -2.141763    1.2580502 ]
[-0.48727503  0.7213973   0.34193468  0.94735205  1.6147053   0.22734842
 -0.82446826 -0.37565064 -0.20133324 -1.7200422   0.7737044  -0.4382921
 -0.4313914   0.7484514  -2.1480556   1.2391171 ]
[-0.48727503  0.7213973   0.34193468  0.94735205  1.6147053   0.22734842
 -0.82446826 -0.37565064 -0.20133324 -1.7200422   0.7737044  -0.4382921
 -0.4313914   0.7484514  -2.1480556   1.2391171 ]
[-0.48727503  0.7213973   0.34193468  0.94735205  1.6147053   0.22734842
 -0.82446826 -0.37565064 -0.20133324 -1.7200422   0.7737044  -0.4382921
 -0.4313914   0.7484514  -2.1480556   1.2391171 ]
[-0.48727503  0.7213973   0.34193468  0.94735205  1.6147053   0.22734842
 -0.82446826 -0.37565064 -0.20133324 -1.7200422   0.7737044  -0.4382921
 -0.4313914   0.7484514  -2.1480556   1.2391171 ]
[-0.481772    0.74546397  0.3480652   0.8939411   1.6457691   0.23332179
 -0.823748   -0.43912488 -0.26563346 -1.7200867   0.84953105 -0.47700167
 -0.44734296  0.7649603  -2.0835156   1.2447077 ]
[-0.481772    0.74546397  0.3480652   0.8939411   1.6457691   0.23332179
 -0.823748   -0.43912488 -0.26563346 -1.7200867   0.84953105 -0.47700167
 -0.44734296  0.7649603  -2.0835156   1.2447077 ]
[-0.481772    0.74546397  0.3480652   0.8939411   1.6457691   0.23332179
 -0.823748   -0.43912488 -0.26563346 -1.7200867   0.84953105 -0.47700167
 -0.44734296  0.7649603  -2.0835156   1.2447077 ]
[-0.481772    0.74546397  0.3480652   0.8939411   1.6457691   0.23332179
 -0.823748   -0.43912488 -0.26563346 -1.7200867   0.84953105 -0.47700167
 -0.44734296  0.7649603  -2.0835156   1.2447077 ]
[-0.62759453  0.7544526   0.3867043   0.93526316  1.5700567   0.30230522
 -0.91518974 -0.33117995 -0.11757489 -1.6922293   0.763333   -0.35824162
 -0.5106157   0.73669934 -2.1014578   1.1912501 ]
[-0.62759453  0.7544526   0.3867043   0.93526316  1.5700567   0.30230522
 -0.91518974 -0.33117995 -0.11757489 -1.6922293   0.763333   -0.35824162
 -0.5106157   0.73669934 -2.1014578   1.1912501 ]
[-0.62759453  0.7544526   0.3867043   0.93526316  1.5700567   0.30230522
 -0.91518974 -0.33117995 -0.11757489 -1.6922293   0.763333   -0.35824162
 -0.5106157   0.73669934 -2.1014578   1.1912501 ]
[-0.62759453  0.7544526   0.3867043   0.93526316  1.5700567   0.30230522
 -0.91518974 -0.33117995 -0.11757489 -1.6922293   0.763333   -0.35824162
 -0.5106157   0.73669934 -2.1014578   1.1912501 ]
[-0.58695877  0.7308482   0.33888918  0.93284464  1.6135603   0.29164198
 -0.90777045 -0.35774493 -0.12412004 -1.675944    0.78415966 -0.39090917
 -0.51013726  0.7508098  -2.1062374   1.2037971 ]
[-0.58695877  0.7308482   0.33888918  0.93284464  1.6135603   0.29164198
 -0.90777045 -0.35774493 -0.12412004 -1.675944    0.78415966 -0.39090917
 -0.51013726  0.7508098  -2.1062374   1.2037971 ]
[-0.58695877  0.7308482   0.33888918  0.93284464  1.6135603   0.29164198
 -0.90777045 -0.35774493 -0.12412004 -1.675944    0.78415966 -0.39090917
 -0.51013726  0.7508098  -2.1062374   1.2037971 ]
[-0.58695877  0.7308482   0.33888918  0.93284464  1.6135603   0.29164198
 -0.90777045 -0.35774493 -0.12412004 -1.675944    0.78415966 -0.39090917
 -0.51013726  0.7508098  -2.1062374   1.2037971 ]
[-0.46093613  0.71439224  0.32391277  0.94749993  1.6503325   0.28523916
 -0.879562   -0.41377836 -0.17331281 -1.6728809   0.80616057 -0.40335935
 -0.51802635  0.73769283 -2.141962    1.1842983 ]
[-0.46093613  0.71439224  0.32391277  0.94749993  1.6503325   0.28523916
 -0.879562   -0.41377836 -0.17331281 -1.6728809   0.80616057 -0.40335935
 -0.51802635  0.73769283 -2.141962    1.1842983 ]
[-0.46093613  0.71439224  0.32391277  0.94749993  1.6503325   0.28523916
 -0.879562   -0.41377836 -0.17331281 -1.6728809   0.80616057 -0.40335935
 -0.51802635  0.73769283 -2.141962    1.1842983 ]
[-0.5197324   0.70088375  0.34079313  0.99421865  1.6373221   0.3490051
 -0.88550913 -0.3963029  -0.1253653  -1.6436176   0.73384917 -0.33378038
 -0.5384243   0.7423999  -2.1725266   1.1002046 ]
[-0.5197324   0.70088375  0.34079313  0.99421865  1.6373221   0.3490051
 -0.88550913 -0.3963029  -0.1253653  -1.6436176   0.73384917 -0.33378038
 -0.5384243   0.7423999  -2.1725266   1.1002046 ]
[-0.5197324   0.70088375  0.34079313  0.99421865  1.6373221   0.3490051
 -0.88550913 -0.3963029  -0.1253653  -1.6436176   0.73384917 -0.33378038
 -0.5384243   0.7423999  -2.1725266   1.1002046 ]
[-0.45419917  0.73643774  0.35492927  0.94777375  1.6566525   0.3107061
 -0.8826585  -0.45396113 -0.21200356 -1.6983805   0.7832204  -0.38207358
 -0.4721376   0.72746164 -2.1246858   1.1481216 ]
[-0.45419917  0.73643774  0.35492927  0.94777375  1.6566525   0.3107061
 -0.8826585  -0.45396113 -0.21200356 -1.6983805   0.7832204  -0.38207358
 -0.4721376   0.72746164 -2.1246858   1.1481216 ]
[-0.45419917  0.73643774  0.35492927  0.94777375  1.6566525   0.3107061
 -0.8826585  -0.45396113 -0.21200356 -1.6983805   0.7832204  -0.38207358
 -0.4721376   0.72746164 -2.1246858   1.1481216 ]
[-0.45419917  0.73643774  0.35492927  0.94777375  1.6566525   0.3107061
 -0.8826585  -0.45396113 -0.21200356 -1.6983805   0.7832204  -0.38207358
 -0.4721376   0.72746164 -2.1246858   1.1481216 ]
[-0.5149639   0.7129252   0.35017172  0.95611906  1.6494865   0.34914556
 -0.92266    -0.43468228 -0.2200056  -1.6738802   0.7596019  -0.35167578
 -0.46535134  0.74824464 -2.0899098   1.1321625 ]
[-0.5149639   0.7129252   0.35017172  0.95611906  1.6494865   0.34914556
 -0.92266    -0.43468228 -0.2200056  -1.6738802   0.7596019  -0.35167578
 -0.46535134  0.74824464 -2.0899098   1.1321625 ]
[-0.5149639   0.7129252   0.35017172  0.95611906  1.6494865   0.34914556
 -0.92266    -0.43468228 -0.2200056  -1.6738802   0.7596019  -0.35167578
 -0.46535134  0.74824464 -2.0899098   1.1321625 ]
[-0.5149639   0.7129252   0.35017172  0.95611906  1.6494865   0.34914556
 -0.92266    -0.43468228 -0.2200056  -1.6738802   0.7596019  -0.35167578
 -0.46535134  0.74824464 -2.0899098   1.1321625 ]
[-0.5335134   0.6481825   0.3529228   0.92483294  1.7069633   0.368038
 -0.96247655 -0.41050768 -0.21943538 -1.6676184   0.7547441  -0.33694044
 -0.40275002  0.73538357 -2.061107    1.0853707 ]
[-0.5335134   0.6481825   0.3529228   0.92483294  1.7069633   0.368038
 -0.96247655 -0.41050768 -0.21943538 -1.6676184   0.7547441  -0.33694044
 -0.40275002  0.73538357 -2.061107    1.0853707 ]
[-0.5335134   0.6481825   0.3529228   0.92483294  1.7069633   0.368038
 -0.96247655 -0.41050768 -0.21943538 -1.6676184   0.7547441  -0.33694044
 -0.40275002  0.73538357 -2.061107    1.0853707 ]
[-0.5335134   0.6481825   0.3529228   0.92483294  1.7069633   0.368038
 -0.96247655 -0.41050768 -0.21943538 -1.6676184   0.7547441  -0.33694044
 -0.40275002  0.73538357 -2.061107    1.0853707 ]
[-0.39725524  0.59003294  0.3518284   0.94623595  1.7332388   0.29475063
 -0.8697535  -0.41880336 -0.300613   -1.655892    0.7135352  -0.38162073
 -0.37163743  0.73630106 -2.1301465   1.1430876 ]
[-0.39725524  0.59003294  0.3518284   0.94623595  1.7332388   0.29475063
 -0.8697535  -0.41880336 -0.300613   -1.655892    0.7135352  -0.38162073
 -0.37163743  0.73630106 -2.1301465   1.1430876 ]
[-0.39725524  0.59003294  0.3518284   0.94623595  1.7332388   0.29475063
 -0.8697535  -0.41880336 -0.300613   -1.655892    0.7135352  -0.38162073
 -0.37163743  0.73630106 -2.1301465   1.1430876 ]
[-0.39725524  0.59003294  0.3518284   0.94623595  1.7332388   0.29475063
 -0.8697535  -0.41880336 -0.300613   -1.655892    0.7135352  -0.38162073
 -0.37163743  0.73630106 -2.1301465   1.1430876 ]
[-0.39725524  0.59003294  0.3518284   0.94623595  1.7332388   0.29475063
 -0.8697535  -0.41880336 -0.300613   -1.655892    0.7135352  -0.38162073
 -0.37163743  0.73630106 -2.1301465   1.1430876 ]
[-0.49908733  0.5021516   0.37545437  1.0268809   1.7196114   0.31300792
 -0.8243761  -0.35151082 -0.2552115  -1.6105951   0.6178469  -0.33105302
 -0.3191267   0.74231833 -2.1793962   1.0519853 ]
[-0.49908733  0.5021516   0.37545437  1.0268809   1.7196114   0.31300792
 -0.8243761  -0.35151082 -0.2552115  -1.6105951   0.6178469  -0.33105302
 -0.3191267   0.74231833 -2.1793962   1.0519853 ]
[-0.49908733  0.5021516   0.37545437  1.0268809   1.7196114   0.31300792
 -0.8243761  -0.35151082 -0.2552115  -1.6105951   0.6178469  -0.33105302
 -0.3191267   0.74231833 -2.1793962   1.0519853 ]
[-0.49908733  0.5021516   0.37545437  1.0268809   1.7196114   0.31300792
 -0.8243761  -0.35151082 -0.2552115  -1.6105951   0.6178469  -0.33105302
 -0.3191267   0.74231833 -2.1793962   1.0519853 ]
[-0.49908733  0.5021516   0.37545437  1.0268809   1.7196114   0.31300792
 -0.8243761  -0.35151082 -0.2552115  -1.6105951   0.6178469  -0.33105302
 -0.3191267   0.74231833 -2.1793962   1.0519853 ]
[-0.49219579  0.53828907  0.3765974   1.0071735   1.6965637   0.29009545
 -0.7776115  -0.36412606 -0.31425244 -1.6471637   0.61380243 -0.3852791
 -0.2714311   0.7267226  -2.1461172   1.1313502 ]
[-0.49219579  0.53828907  0.3765974   1.0071735   1.6965637   0.29009545
 -0.7776115  -0.36412606 -0.31425244 -1.6471637   0.61380243 -0.3852791
 -0.2714311   0.7267226  -2.1461172   1.1313502 ]
[-0.49219579  0.53828907  0.3765974   1.0071735   1.6965637   0.29009545
 -0.7776115  -0.36412606 -0.31425244 -1.6471637   0.61380243 -0.3852791
 -0.2714311   0.7267226  -2.1461172   1.1313502 ]
[-0.49219579  0.53828907  0.3765974   1.0071735   1.6965637   0.29009545
 -0.7776115  -0.36412606 -0.31425244 -1.6471637   0.61380243 -0.3852791
 -0.2714311   0.7267226  -2.1461172   1.1313502 ]
[-0.41637236  0.59489137  0.27829456  0.9612501   1.6740065   0.23608813
 -0.69876707 -0.4265781  -0.41267976 -1.6609526   0.7172648  -0.50394285
 -0.26264325  0.8325392  -2.1353703   1.2090387 ]
[-0.41637236  0.59489137  0.27829456  0.9612501   1.6740065   0.23608813
 -0.69876707 -0.4265781  -0.41267976 -1.6609526   0.7172648  -0.50394285
 -0.26264325  0.8325392  -2.1353703   1.2090387 ]
[-0.41637236  0.59489137  0.27829456  0.9612501   1.6740065   0.23608813
 -0.69876707 -0.4265781  -0.41267976 -1.6609526   0.7172648  -0.50394285
 -0.26264325  0.8325392  -2.1353703   1.2090387 ]
[-0.41637236  0.59489137  0.27829456  0.9612501   1.6740065   0.23608813
 -0.69876707 -0.4265781  -0.41267976 -1.6609526   0.7172648  -0.50394285
 -0.26264325  0.8325392  -2.1353703   1.2090387 ]
[-0.41637236  0.59489137  0.27829456  0.9612501   1.6740065   0.23608813
 -0.69876707 -0.4265781  -0.41267976 -1.6609526   0.7172648  -0.50394285
 -0.26264325  0.8325392  -2.1353703   1.2090387 ]
[-0.4089306   0.540402    0.31590667  0.9015709   1.8140634   0.20820847
 -0.7668703  -0.47353226 -0.45622024 -1.7138315   0.7731178  -0.57062644
 -0.15170363  0.77116174 -1.9980171   1.2008121 ]
[-0.4089306   0.540402    0.31590667  0.9015709   1.8140634   0.20820847
 -0.7668703  -0.47353226 -0.45622024 -1.7138315   0.7731178  -0.57062644
 -0.15170363  0.77116174 -1.9980171   1.2008121 ]
[-0.4089306   0.540402    0.31590667  0.9015709   1.8140634   0.20820847
 -0.7668703  -0.47353226 -0.45622024 -1.7138315   0.7731178  -0.57062644
 -0.15170363  0.77116174 -1.9980171   1.2008121 ]
[-0.4089306   0.540402    0.31590667  0.9015709   1.8140634   0.20820847
 -0.7668703  -0.47353226 -0.45622024 -1.7138315   0.7731178  -0.57062644
 -0.15170363  0.77116174 -1.9980171   1.2008121 ]
[-0.4089306   0.540402    0.31590667  0.9015709   1.8140634   0.20820847
 -0.7668703  -0.47353226 -0.45622024 -1.7138315   0.7731178  -0.57062644
 -0.15170363  0.77116174 -1.9980171   1.2008121 ]
[-0.45044535  0.5439614   0.37816435  0.983511    1.7625914   0.2369006
 -0.78573596 -0.43670005 -0.39794767 -1.6835444   0.6911272  -0.52353024
 -0.23590155  0.8201785  -2.0756516   1.1573246 ]
[-0.45044535  0.5439614   0.37816435  0.983511    1.7625914   0.2369006
 -0.78573596 -0.43670005 -0.39794767 -1.6835444   0.6911272  -0.52353024
 -0.23590155  0.8201785  -2.0756516   1.1573246 ]
[-0.45044535  0.5439614   0.37816435  0.983511    1.7625914   0.2369006
 -0.78573596 -0.43670005 -0.39794767 -1.6835444   0.6911272  -0.52353024
 -0.23590155  0.8201785  -2.0756516   1.1573246 ]
[-0.45044535  0.5439614   0.37816435  0.983511    1.7625914   0.2369006
 -0.78573596 -0.43670005 -0.39794767 -1.6835444   0.6911272  -0.52353024
 -0.23590155  0.8201785  -2.0756516   1.1573246 ]
[-0.45044535  0.5439614   0.37816435  0.983511    1.7625914   0.2369006
 -0.78573596 -0.43670005 -0.39794767 -1.6835444   0.6911272  -0.52353024
 -0.23590155  0.8201785  -2.0756516   1.1573246 ]
[-0.57648003  0.60754883  0.42707023  1.0104744   1.658405    0.315286
 -0.84769356 -0.32723686 -0.23651543 -1.6395309   0.6165932  -0.38363305
 -0.38064766  0.7779902  -2.1258926   1.0867523 ]
[-0.57648003  0.60754883  0.42707023  1.0104744   1.658405    0.315286
 -0.84769356 -0.32723686 -0.23651543 -1.6395309   0.6165932  -0.38363305
 -0.38064766  0.7779902  -2.1258926   1.0867523 ]
[-0.57648003  0.60754883  0.42707023  1.0104744   1.658405    0.315286
 -0.84769356 -0.32723686 -0.23651543 -1.6395309   0.6165932  -0.38363305
 -0.38064766  0.7779902  -2.1258926   1.0867523 ]
[-0.6001962   0.68896955  0.4124063   0.916412    1.6515051   0.3205251
 -0.9238737  -0.33507848 -0.20811716 -1.673105    0.7176113  -0.39561045
 -0.4248795   0.74309886 -2.0601938   1.1554645 ]
[-0.6001962   0.68896955  0.4124063   0.916412    1.6515051   0.3205251
 -0.9238737  -0.33507848 -0.20811716 -1.673105    0.7176113  -0.39561045
 -0.4248795   0.74309886 -2.0601938   1.1554645 ]
[-0.5273967   0.70072293  0.3356592   0.9161116   1.684386    0.3050297
 -0.9131907  -0.37147143 -0.18908834 -1.6651204   0.7595986  -0.403608
 -0.46761543  0.72465056 -2.094853    1.1929505 ]
[-0.5273967   0.70072293  0.3356592   0.9161116   1.684386    0.3050297
 -0.9131907  -0.37147143 -0.18908834 -1.6651204   0.7595986  -0.403608
 -0.46761543  0.72465056 -2.094853    1.1929505 ]
[-0.39752814  0.6454495   0.3310021   0.93819     1.721797    0.2487773
 -0.8859129  -0.41455737 -0.25237432 -1.6808001   0.7711946  -0.420084
 -0.40085346  0.72185105 -2.1283119   1.1875277 ]
[-0.39752814  0.6454495   0.3310021   0.93819     1.721797    0.2487773
 -0.8859129  -0.41455737 -0.25237432 -1.6808001   0.7711946  -0.420084
 -0.40085346  0.72185105 -2.1283119   1.1875277 ]
[-0.39752814  0.6454495   0.3310021   0.93819     1.721797    0.2487773
 -0.8859129  -0.41455737 -0.25237432 -1.6808001   0.7711946  -0.420084
 -0.40085346  0.72185105 -2.1283119   1.1875277 ]
[-0.49979433  0.55484027  0.35024437  1.0328202   1.7254257   0.30631065
 -0.896795   -0.38234037 -0.22116137 -1.6634191   0.67282087 -0.3472191
 -0.309295    0.7482616  -2.1412208   1.0507644 ]
[-0.49979433  0.55484027  0.35024437  1.0328202   1.7254257   0.30631065
 -0.896795   -0.38234037 -0.22116137 -1.6634191   0.67282087 -0.3472191
 -0.309295    0.7482616  -2.1412208   1.0507644 ]
[-0.49979433  0.55484027  0.35024437  1.0328202   1.7254257   0.30631065
 -0.896795   -0.38234037 -0.22116137 -1.6634191   0.67282087 -0.3472191
 -0.309295    0.7482616  -2.1412208   1.0507644 ]
[-0.49979433  0.55484027  0.35024437  1.0328202   1.7254257   0.30631065
 -0.896795   -0.38234037 -0.22116137 -1.6634191   0.67282087 -0.3472191
 -0.309295    0.7482616  -2.1412208   1.0507644 ]
[-0.49979433  0.55484027  0.35024437  1.0328202   1.7254257   0.30631065
 -0.896795   -0.38234037 -0.22116137 -1.6634191   0.67282087 -0.3472191
 -0.309295    0.7482616  -2.1412208   1.0507644 ]
[-0.45113453  0.5720283   0.35506848  0.9949311   1.7687886   0.29244035
 -0.8819968  -0.4663094  -0.33490017 -1.7064263   0.73407793 -0.4256065
 -0.20788264  0.74318254 -2.0786219   1.0732975 ]
[-0.45113453  0.5720283   0.35506848  0.9949311   1.7687886   0.29244035
 -0.8819968  -0.4663094  -0.33490017 -1.7064263   0.73407793 -0.4256065
 -0.20788264  0.74318254 -2.0786219   1.0732975 ]
[-0.45113453  0.5720283   0.35506848  0.9949311   1.7687886   0.29244035
 -0.8819968  -0.4663094  -0.33490017 -1.7064263   0.73407793 -0.4256065
 -0.20788264  0.74318254 -2.0786219   1.0732975 ]
[-0.45113453  0.5720283   0.35506848  0.9949311   1.7687886   0.29244035
 -0.8819968  -0.4663094  -0.33490017 -1.7064263   0.73407793 -0.4256065
 -0.20788264  0.74318254 -2.0786219   1.0732975 ]
[-0.43433863  0.5945946   0.35745192  0.88675374  1.8374689   0.33788404
 -0.9138497  -0.5549973  -0.44142976 -1.7190292   0.8200439  -0.4750002
 -0.2000459   0.7424746  -1.9452442   1.0892013 ]
[-0.43433863  0.5945946   0.35745192  0.88675374  1.8374689   0.33788404
 -0.9138497  -0.5549973  -0.44142976 -1.7190292   0.8200439  -0.4750002
 -0.2000459   0.7424746  -1.9452442   1.0892013 ]
[-0.43433863  0.5945946   0.35745192  0.88675374  1.8374689   0.33788404
 -0.9138497  -0.5549973  -0.44142976 -1.7190292   0.8200439  -0.4750002
 -0.2000459   0.7424746  -1.9452442   1.0892013 ]
[-0.43433863  0.5945946   0.35745192  0.88675374  1.8374689   0.33788404
 -0.9138497  -0.5549973  -0.44142976 -1.7190292   0.8200439  -0.4750002
 -0.2000459   0.7424746  -1.9452442   1.0892013 ]
[-0.55026907  0.5998703   0.36845934  0.951573    1.7548344   0.39056155
 -0.978603   -0.43094993 -0.3022501  -1.6754767   0.70630187 -0.37046224
 -0.25270635  0.75592625 -2.0422964   1.0565932 ]
[-0.55026907  0.5998703   0.36845934  0.951573    1.7548344   0.39056155
 -0.978603   -0.43094993 -0.3022501  -1.6754767   0.70630187 -0.37046224
 -0.25270635  0.75592625 -2.0422964   1.0565932 ]
[-0.55026907  0.5998703   0.36845934  0.951573    1.7548344   0.39056155
 -0.978603   -0.43094993 -0.3022501  -1.6754767   0.70630187 -0.37046224
 -0.25270635  0.75592625 -2.0422964   1.0565932 ]
[-0.55026907  0.5998703   0.36845934  0.951573    1.7548344   0.39056155
 -0.978603   -0.43094993 -0.3022501  -1.6754767   0.70630187 -0.37046224
 -0.25270635  0.75592625 -2.0422964   1.0565932 ]
[-0.55026907  0.5998703   0.36845934  0.951573    1.7548344   0.39056155
 -0.978603   -0.43094993 -0.3022501  -1.6754767   0.70630187 -0.37046224
 -0.25270635  0.75592625 -2.0422964   1.0565932 ]
[-0.45155892  0.5341835   0.3704303   0.9917863   1.789156    0.31864208
 -0.8911732  -0.4729019  -0.39848256 -1.6914454   0.6978172  -0.415879
 -0.17782153  0.7700121  -2.076168    1.0842077 ]
[-0.45155892  0.5341835   0.3704303   0.9917863   1.789156    0.31864208
 -0.8911732  -0.4729019  -0.39848256 -1.6914454   0.6978172  -0.415879
 -0.17782153  0.7700121  -2.076168    1.0842077 ]
[-0.45155892  0.5341835   0.3704303   0.9917863   1.789156    0.31864208
 -0.8911732  -0.4729019  -0.39848256 -1.6914454   0.6978172  -0.415879
 -0.17782153  0.7700121  -2.076168    1.0842077 ]
[-0.45155892  0.5341835   0.3704303   0.9917863   1.789156    0.31864208
 -0.8911732  -0.4729019  -0.39848256 -1.6914454   0.6978172  -0.415879
 -0.17782153  0.7700121  -2.076168    1.0842077 ]
[-0.45155892  0.5341835   0.3704303   0.9917863   1.789156    0.31864208
 -0.8911732  -0.4729019  -0.39848256 -1.6914454   0.6978172  -0.415879
 -0.17782153  0.7700121  -2.076168    1.0842077 ]
[-0.5200393   0.46181345  0.3966816   1.0623157   1.7493439   0.34705693
 -0.8546559  -0.38165864 -0.36272416 -1.6452882   0.56323826 -0.36771753
 -0.18429914  0.7801298  -2.1068738   1.0422083 ]
[-0.5200393   0.46181345  0.3966816   1.0623157   1.7493439   0.34705693
 -0.8546559  -0.38165864 -0.36272416 -1.6452882   0.56323826 -0.36771753
 -0.18429914  0.7801298  -2.1068738   1.0422083 ]
[-0.5200393   0.46181345  0.3966816   1.0623157   1.7493439   0.34705693
 -0.8546559  -0.38165864 -0.36272416 -1.6452882   0.56323826 -0.36771753
 -0.18429914  0.7801298  -2.1068738   1.0422083 ]
[-0.5200393   0.46181345  0.3966816   1.0623157   1.7493439   0.34705693
 -0.8546559  -0.38165864 -0.36272416 -1.6452882   0.56323826 -0.36771753
 -0.18429914  0.7801298  -2.1068738   1.0422083 ]
[-0.5200393   0.46181345  0.3966816   1.0623157   1.7493439   0.34705693
 -0.8546559  -0.38165864 -0.36272416 -1.6452882   0.56323826 -0.36771753
 -0.18429914  0.7801298  -2.1068738   1.0422083 ]
[-0.55387604  0.37434238  0.46215987  1.1325083   1.7114328   0.33044994
 -0.7214557  -0.3581087  -0.37952533 -1.6103376   0.45809355 -0.41363543
 -0.12315142  0.8341349  -2.139593    0.9730936 ]
[-0.55387604  0.37434238  0.46215987  1.1325083   1.7114328   0.33044994
 -0.7214557  -0.3581087  -0.37952533 -1.6103376   0.45809355 -0.41363543
 -0.12315142  0.8341349  -2.139593    0.9730936 ]
[-0.55387604  0.37434238  0.46215987  1.1325083   1.7114328   0.33044994
 -0.7214557  -0.3581087  -0.37952533 -1.6103376   0.45809355 -0.41363543
 -0.12315142  0.8341349  -2.139593    0.9730936 ]
[-0.55387604  0.37434238  0.46215987  1.1325083   1.7114328   0.33044994
 -0.7214557  -0.3581087  -0.37952533 -1.6103376   0.45809355 -0.41363543
 -0.12315142  0.8341349  -2.139593    0.9730936 ]
[-0.46675324  0.49988192  0.48985472  0.96364945  1.6725521   0.26698005
 -0.6506112  -0.45441857 -0.546375   -1.6820934   0.62855613 -0.579824
 -0.1694101   0.89630306 -2.0298696   1.1438577 ]
[-0.46675324  0.49988192  0.48985472  0.96364945  1.6725521   0.26698005
 -0.6506112  -0.45441857 -0.546375   -1.6820934   0.62855613 -0.579824
 -0.1694101   0.89630306 -2.0298696   1.1438577 ]
[-0.46675324  0.49988192  0.48985472  0.96364945  1.6725521   0.26698005
 -0.6506112  -0.45441857 -0.546375   -1.6820934   0.62855613 -0.579824
 -0.1694101   0.89630306 -2.0298696   1.1438577 ]
[-0.46675324  0.49988192  0.48985472  0.96364945  1.6725521   0.26698005
 -0.6506112  -0.45441857 -0.546375   -1.6820934   0.62855613 -0.579824
 -0.1694101   0.89630306 -2.0298696   1.1438577 ]
[-0.58190286  0.5684985   0.539966    1.011848    1.5658884   0.3493135
 -0.7501017  -0.31053486 -0.32558545 -1.6193361   0.51461995 -0.41579777
 -0.35435095  0.8206981  -2.1049018   1.0730088 ]
[-0.58190286  0.5684985   0.539966    1.011848    1.5658884   0.3493135
 -0.7501017  -0.31053486 -0.32558545 -1.6193361   0.51461995 -0.41579777
 -0.35435095  0.8206981  -2.1049018   1.0730088 ]
[-0.58190286  0.5684985   0.539966    1.011848    1.5658884   0.3493135
 -0.7501017  -0.31053486 -0.32558545 -1.6193361   0.51461995 -0.41579777
 -0.35435095  0.8206981  -2.1049018   1.0730088 ]
[-0.58190286  0.5684985   0.539966    1.011848    1.5658884   0.3493135
 -0.7501017  -0.31053486 -0.32558545 -1.6193361   0.51461995 -0.41579777
 -0.35435095  0.8206981  -2.1049018   1.0730088 ]
[-0.5783876   0.6163408   0.50668275  1.0100591   1.5625708   0.33210036
 -0.7653438  -0.31250125 -0.26954243 -1.6206105   0.56157196 -0.40503407
 -0.43117136  0.8099511  -2.1263862   1.0921869 ]
[-0.5783876   0.6163408   0.50668275  1.0100591   1.5625708   0.33210036
 -0.7653438  -0.31250125 -0.26954243 -1.6206105   0.56157196 -0.40503407
 -0.43117136  0.8099511  -2.1263862   1.0921869 ]
[-0.5783876   0.6163408   0.50668275  1.0100591   1.5625708   0.33210036
 -0.7653438  -0.31250125 -0.26954243 -1.6206105   0.56157196 -0.40503407
 -0.43117136  0.8099511  -2.1263862   1.0921869 ]
[-0.5783876   0.6163408   0.50668275  1.0100591   1.5625708   0.33210036
 -0.7653438  -0.31250125 -0.26954243 -1.6206105   0.56157196 -0.40503407
 -0.43117136  0.8099511  -2.1263862   1.0921869 ]
[-0.5783876   0.6163408   0.50668275  1.0100591   1.5625708   0.33210036
 -0.7653438  -0.31250125 -0.26954243 -1.6206105   0.56157196 -0.40503407
 -0.43117136  0.8099511  -2.1263862   1.0921869 ]
[-0.5996223   0.686483    0.46731448  0.960029    1.5763075   0.35178894
 -0.8610528  -0.32445145 -0.24178395 -1.6504288   0.63589704 -0.38156253
 -0.46327275  0.76059043 -2.0685096   1.1371    ]
[-0.5996223   0.686483    0.46731448  0.960029    1.5763075   0.35178894
 -0.8610528  -0.32445145 -0.24178395 -1.6504288   0.63589704 -0.38156253
 -0.46327275  0.76059043 -2.0685096   1.1371    ]
[-0.5996223   0.686483    0.46731448  0.960029    1.5763075   0.35178894
 -0.8610528  -0.32445145 -0.24178395 -1.6504288   0.63589704 -0.38156253
 -0.46327275  0.76059043 -2.0685096   1.1371    ]
[-0.5996223   0.686483    0.46731448  0.960029    1.5763075   0.35178894
 -0.8610528  -0.32445145 -0.24178395 -1.6504288   0.63589704 -0.38156253
 -0.46327275  0.76059043 -2.0685096   1.1371    ]
[-0.5856708   0.7030814   0.40606508  0.95210063  1.599585    0.3375737
 -0.910216   -0.32980153 -0.21312547 -1.6665169   0.672023   -0.36081368
 -0.4597022   0.74570435 -2.0707672   1.1667826 ]
[-0.5856708   0.7030814   0.40606508  0.95210063  1.599585    0.3375737
 -0.910216   -0.32980153 -0.21312547 -1.6665169   0.672023   -0.36081368
 -0.4597022   0.74570435 -2.0707672   1.1667826 ]
[-0.5856708   0.7030814   0.40606508  0.95210063  1.599585    0.3375737
 -0.910216   -0.32980153 -0.21312547 -1.6665169   0.672023   -0.36081368
 -0.4597022   0.74570435 -2.0707672   1.1667826 ]
[-0.5856708   0.7030814   0.40606508  0.95210063  1.599585    0.3375737
 -0.910216   -0.32980153 -0.21312547 -1.6665169   0.672023   -0.36081368
 -0.4597022   0.74570435 -2.0707672   1.1667826 ]
[-0.5856708   0.7030814   0.40606508  0.95210063  1.599585    0.3375737
 -0.910216   -0.32980153 -0.21312547 -1.6665169   0.672023   -0.36081368
 -0.4597022   0.74570435 -2.0707672   1.1667826 ]
[-0.5711667   0.6878155   0.3545749   0.96108836  1.637215    0.29685825
 -0.9063406  -0.34101048 -0.18743415 -1.6754754   0.70176524 -0.3779076
 -0.44463715  0.7616069  -2.101093    1.1911541 ]
[-0.5711667   0.6878155   0.3545749   0.96108836  1.637215    0.29685825
 -0.9063406  -0.34101048 -0.18743415 -1.6754754   0.70176524 -0.3779076
 -0.44463715  0.7616069  -2.101093    1.1911541 ]
[-0.5711667   0.6878155   0.3545749   0.96108836  1.637215    0.29685825
 -0.9063406  -0.34101048 -0.18743415 -1.6754754   0.70176524 -0.3779076
 -0.44463715  0.7616069  -2.101093    1.1911541 ]
[-0.5711667   0.6878155   0.3545749   0.96108836  1.637215    0.29685825
 -0.9063406  -0.34101048 -0.18743415 -1.6754754   0.70176524 -0.3779076
 -0.44463715  0.7616069  -2.101093    1.1911541 ]
[-0.5711667   0.6878155   0.3545749   0.96108836  1.637215    0.29685825
 -0.9063406  -0.34101048 -0.18743415 -1.6754754   0.70176524 -0.3779076
 -0.44463715  0.7616069  -2.101093    1.1911541 ]
[-0.54175204  0.76693594  0.3475002   0.8714565   1.630722    0.280521
 -0.92124903 -0.35990244 -0.1748627  -1.7086022   0.77557343 -0.40896472
 -0.47997826  0.72221977 -2.0746543   1.2649002 ]
[-0.54175204  0.76693594  0.3475002   0.8714565   1.630722    0.280521
 -0.92124903 -0.35990244 -0.1748627  -1.7086022   0.77557343 -0.40896472
 -0.47997826  0.72221977 -2.0746543   1.2649002 ]
[-0.54175204  0.76693594  0.3475002   0.8714565   1.630722    0.280521
 -0.92124903 -0.35990244 -0.1748627  -1.7086022   0.77557343 -0.40896472
 -0.47997826  0.72221977 -2.0746543   1.2649002 ]
[-0.54175204  0.76693594  0.3475002   0.8714565   1.630722    0.280521
 -0.92124903 -0.35990244 -0.1748627  -1.7086022   0.77557343 -0.40896472
 -0.47997826  0.72221977 -2.0746543   1.2649002 ]
[-0.42780623  0.77189463  0.33454153  0.864213    1.6507683   0.2161725
 -0.8587079  -0.40975484 -0.23580429 -1.7430801   0.81780165 -0.4779877
 -0.46161166  0.7083105  -2.0930324   1.3359962 ]
[-0.42780623  0.77189463  0.33454153  0.864213    1.6507683   0.2161725
 -0.8587079  -0.40975484 -0.23580429 -1.7430801   0.81780165 -0.4779877
 -0.46161166  0.7083105  -2.0930324   1.3359962 ]
[-0.42780623  0.77189463  0.33454153  0.864213    1.6507683   0.2161725
 -0.8587079  -0.40975484 -0.23580429 -1.7430801   0.81780165 -0.4779877
 -0.46161166  0.7083105  -2.0930324   1.3359962 ]
[-0.42780623  0.77189463  0.33454153  0.864213    1.6507683   0.2161725
 -0.8587079  -0.40975484 -0.23580429 -1.7430801   0.81780165 -0.4779877
 -0.46161166  0.7083105  -2.0930324   1.3359962 ]
[-0.4553352   0.7719947   0.32701725  0.88005507  1.6341082   0.21109986
 -0.85965645 -0.38006786 -0.21799414 -1.7406921   0.800588   -0.47651005
 -0.46453014  0.70284957 -2.093285    1.3531027 ]
[-0.4553352   0.7719947   0.32701725  0.88005507  1.6341082   0.21109986
 -0.85965645 -0.38006786 -0.21799414 -1.7406921   0.800588   -0.47651005
 -0.46453014  0.70284957 -2.093285    1.3531027 ]
[-0.4553352   0.7719947   0.32701725  0.88005507  1.6341082   0.21109986
 -0.85965645 -0.38006786 -0.21799414 -1.7406921   0.800588   -0.47651005
 -0.46453014  0.70284957 -2.093285    1.3531027 ]
[-0.4553352   0.7719947   0.32701725  0.88005507  1.6341082   0.21109986
 -0.85965645 -0.38006786 -0.21799414 -1.7406921   0.800588   -0.47651005
 -0.46453014  0.70284957 -2.093285    1.3531027 ]
[-0.4729906   0.7696503   0.30924445  0.89060605  1.6222975   0.21132834
 -0.86197853 -0.36257648 -0.21491608 -1.7332098   0.79363763 -0.47067603
 -0.45991707  0.704456   -2.0882788   1.3563824 ]
[-0.4729906   0.7696503   0.30924445  0.89060605  1.6222975   0.21132834
 -0.86197853 -0.36257648 -0.21491608 -1.7332098   0.79363763 -0.47067603
 -0.45991707  0.704456   -2.0882788   1.3563824 ]
[-0.4729906   0.7696503   0.30924445  0.89060605  1.6222975   0.21132834
 -0.86197853 -0.36257648 -0.21491608 -1.7332098   0.79363763 -0.47067603
 -0.45991707  0.704456   -2.0882788   1.3563824 ]
[-0.4729906   0.7696503   0.30924445  0.89060605  1.6222975   0.21132834
 -0.86197853 -0.36257648 -0.21491608 -1.7332098   0.79363763 -0.47067603
 -0.45991707  0.704456   -2.0882788   1.3563824 ]
[-0.47660342  0.70440114  0.30355492  0.94209176  1.6579514   0.19838193
 -0.8498564  -0.37691087 -0.2574494  -1.7289613   0.7737707  -0.4839217
 -0.39612103  0.7458933  -2.0830352   1.3182033 ]
[-0.47660342  0.70440114  0.30355492  0.94209176  1.6579514   0.19838193
 -0.8498564  -0.37691087 -0.2574494  -1.7289613   0.7737707  -0.4839217
 -0.39612103  0.7458933  -2.0830352   1.3182033 ]
[-0.47660342  0.70440114  0.30355492  0.94209176  1.6579514   0.19838193
 -0.8498564  -0.37691087 -0.2574494  -1.7289613   0.7737707  -0.4839217
 -0.39612103  0.7458933  -2.0830352   1.3182033 ]
[-0.47660342  0.70440114  0.30355492  0.94209176  1.6579514   0.19838193
 -0.8498564  -0.37691087 -0.2574494  -1.7289613   0.7737707  -0.4839217
 -0.39612103  0.7458933  -2.0830352   1.3182033 ]
[-0.4901598   0.6575026   0.33484536  1.0133054   1.6387405   0.22859676
 -0.8472061  -0.37715608 -0.24948597 -1.7022598   0.71809655 -0.420504
 -0.3954169   0.7718624  -2.1293886   1.2363812 ]
[-0.4901598   0.6575026   0.33484536  1.0133054   1.6387405   0.22859676
 -0.8472061  -0.37715608 -0.24948597 -1.7022598   0.71809655 -0.420504
 -0.3954169   0.7718624  -2.1293886   1.2363812 ]
[-0.4901598   0.6575026   0.33484536  1.0133054   1.6387405   0.22859676
 -0.8472061  -0.37715608 -0.24948597 -1.7022598   0.71809655 -0.420504
 -0.3954169   0.7718624  -2.1293886   1.2363812 ]
[-0.4901598   0.6575026   0.33484536  1.0133054   1.6387405   0.22859676
 -0.8472061  -0.37715608 -0.24948597 -1.7022598   0.71809655 -0.420504
 -0.3954169   0.7718624  -2.1293886   1.2363812 ]
[-0.4901598   0.6575026   0.33484536  1.0133054   1.6387405   0.22859676
 -0.8472061  -0.37715608 -0.24948597 -1.7022598   0.71809655 -0.420504
 -0.3954169   0.7718624  -2.1293886   1.2363812 ]
[-0.5751374   0.63652116  0.32749978  1.0426342   1.6265017   0.26596957
 -0.8682472  -0.3241816  -0.19536945 -1.6653626   0.65632343 -0.38062996
 -0.41070643  0.8104574  -2.1443748   1.1848595 ]
[-0.5751374   0.63652116  0.32749978  1.0426342   1.6265017   0.26596957
 -0.8682472  -0.3241816  -0.19536945 -1.6653626   0.65632343 -0.38062996
 -0.41070643  0.8104574  -2.1443748   1.1848595 ]
[-0.5751374   0.63652116  0.32749978  1.0426342   1.6265017   0.26596957
 -0.8682472  -0.3241816  -0.19536945 -1.6653626   0.65632343 -0.38062996
 -0.41070643  0.8104574  -2.1443748   1.1848595 ]
[-0.5751374   0.63652116  0.32749978  1.0426342   1.6265017   0.26596957
 -0.8682472  -0.3241816  -0.19536945 -1.6653626   0.65632343 -0.38062996
 -0.41070643  0.8104574  -2.1443748   1.1848595 ]
[-0.5751374   0.63652116  0.32749978  1.0426342   1.6265017   0.26596957
 -0.8682472  -0.3241816  -0.19536945 -1.6653626   0.65632343 -0.38062996
 -0.41070643  0.8104574  -2.1443748   1.1848595 ]
[-0.5682988   0.72033584  0.3449474   0.9452791   1.6233704   0.27227718
 -0.90139234 -0.33932504 -0.16796415 -1.6872425   0.730076   -0.40446672
 -0.47326773  0.76141316 -2.1057835   1.2388979 ]
[-0.5682988   0.72033584  0.3449474   0.9452791   1.6233704   0.27227718
 -0.90139234 -0.33932504 -0.16796415 -1.6872425   0.730076   -0.40446672
 -0.47326773  0.76141316 -2.1057835   1.2388979 ]
[-0.5682988   0.72033584  0.3449474   0.9452791   1.6233704   0.27227718
 -0.90139234 -0.33932504 -0.16796415 -1.6872425   0.730076   -0.40446672
 -0.47326773  0.76141316 -2.1057835   1.2388979 ]
[-0.5682988   0.72033584  0.3449474   0.9452791   1.6233704   0.27227718
 -0.90139234 -0.33932504 -0.16796415 -1.6872425   0.730076   -0.40446672
 -0.47326773  0.76141316 -2.1057835   1.2388979 ]
[-0.55451894  0.7868086   0.33657727  0.8709553   1.6236317   0.26464543
 -0.9211534  -0.35996813 -0.14771399 -1.7209561   0.80199546 -0.42335176
 -0.50716573  0.70701486 -2.0669448   1.3013604 ]
[-0.55451894  0.7868086   0.33657727  0.8709553   1.6236317   0.26464543
 -0.9211534  -0.35996813 -0.14771399 -1.7209561   0.80199546 -0.42335176
 -0.50716573  0.70701486 -2.0669448   1.3013604 ]
[-0.55451894  0.7868086   0.33657727  0.8709553   1.6236317   0.26464543
 -0.9211534  -0.35996813 -0.14771399 -1.7209561   0.80199546 -0.42335176
 -0.50716573  0.70701486 -2.0669448   1.3013604 ]
[-0.55451894  0.7868086   0.33657727  0.8709553   1.6236317   0.26464543
 -0.9211534  -0.35996813 -0.14771399 -1.7209561   0.80199546 -0.42335176
 -0.50716573  0.70701486 -2.0669448   1.3013604 ]
[-0.55451894  0.7868086   0.33657727  0.8709553   1.6236317   0.26464543
 -0.9211534  -0.35996813 -0.14771399 -1.7209561   0.80199546 -0.42335176
 -0.50716573  0.70701486 -2.0669448   1.3013604 ]
[-0.45458326  0.781348    0.3140007   0.8820125   1.637614    0.19985513
 -0.8549156  -0.40277848 -0.21344773 -1.7453836   0.83072567 -0.49442315
 -0.48425442  0.7130674  -2.0799413   1.3644416 ]
[-0.45458326  0.781348    0.3140007   0.8820125   1.637614    0.19985513
 -0.8549156  -0.40277848 -0.21344773 -1.7453836   0.83072567 -0.49442315
 -0.48425442  0.7130674  -2.0799413   1.3644416 ]
[-0.45458326  0.781348    0.3140007   0.8820125   1.637614    0.19985513
 -0.8549156  -0.40277848 -0.21344773 -1.7453836   0.83072567 -0.49442315
 -0.48425442  0.7130674  -2.0799413   1.3644416 ]
[-0.45458326  0.781348    0.3140007   0.8820125   1.637614    0.19985513
 -0.8549156  -0.40277848 -0.21344773 -1.7453836   0.83072567 -0.49442315
 -0.48425442  0.7130674  -2.0799413   1.3644416 ]
[-0.45458326  0.781348    0.3140007   0.8820125   1.637614    0.19985513
 -0.8549156  -0.40277848 -0.21344773 -1.7453836   0.83072567 -0.49442315
 -0.48425442  0.7130674  -2.0799413   1.3644416 ]
[-0.48684454  0.7736905   0.30884823  0.9063964   1.6128161   0.21409886
 -0.866271   -0.3798892  -0.20287624 -1.7419109   0.8107649  -0.46653968
 -0.47246003  0.72905475 -2.087544    1.3411202 ]
[-0.48684454  0.7736905   0.30884823  0.9063964   1.6128161   0.21409886
 -0.866271   -0.3798892  -0.20287624 -1.7419109   0.8107649  -0.46653968
 -0.47246003  0.72905475 -2.087544    1.3411202 ]
[-0.48684454  0.7736905   0.30884823  0.9063964   1.6128161   0.21409886
 -0.866271   -0.3798892  -0.20287624 -1.7419109   0.8107649  -0.46653968
 -0.47246003  0.72905475 -2.087544    1.3411202 ]
[-0.48684454  0.7736905   0.30884823  0.9063964   1.6128161   0.21409886
 -0.866271   -0.3798892  -0.20287624 -1.7419109   0.8107649  -0.46653968
 -0.47246003  0.72905475 -2.087544    1.3411202 ]
[-0.4901262   0.71690524  0.3162126   0.9628833   1.6177237   0.2275178
 -0.8611959  -0.38260365 -0.22092052 -1.7297394   0.75959474 -0.43589944
 -0.42390785  0.76132286 -2.1101253   1.2824328 ]
[-0.4901262   0.71690524  0.3162126   0.9628833   1.6177237   0.2275178
 -0.8611959  -0.38260365 -0.22092052 -1.7297394   0.75959474 -0.43589944
 -0.42390785  0.76132286 -2.1101253   1.2824328 ]
[-0.4901262   0.71690524  0.3162126   0.9628833   1.6177237   0.2275178
 -0.8611959  -0.38260365 -0.22092052 -1.7297394   0.75959474 -0.43589944
 -0.42390785  0.76132286 -2.1101253   1.2824328 ]
[-0.4901262   0.71690524  0.3162126   0.9628833   1.6177237   0.2275178
 -0.8611959  -0.38260365 -0.22092052 -1.7297394   0.75959474 -0.43589944
 -0.42390785  0.76132286 -2.1101253   1.2824328 ]
[-0.4901262   0.71690524  0.3162126   0.9628833   1.6177237   0.2275178
 -0.8611959  -0.38260365 -0.22092052 -1.7297394   0.75959474 -0.43589944
 -0.42390785  0.76132286 -2.1101253   1.2824328 ]
[-0.49575415  0.68535936  0.34408563  0.98287135  1.6211036   0.24305053
 -0.8580328  -0.38945776 -0.2463626  -1.7171705   0.7446913  -0.41253042
 -0.40887952  0.7865179  -2.119391    1.2272251 ]
[-0.49575415  0.68535936  0.34408563  0.98287135  1.6211036   0.24305053
 -0.8580328  -0.38945776 -0.2463626  -1.7171705   0.7446913  -0.41253042
 -0.40887952  0.7865179  -2.119391    1.2272251 ]
[-0.49575415  0.68535936  0.34408563  0.98287135  1.6211036   0.24305053
 -0.8580328  -0.38945776 -0.2463626  -1.7171705   0.7446913  -0.41253042
 -0.40887952  0.7865179  -2.119391    1.2272251 ]
[-0.49575415  0.68535936  0.34408563  0.98287135  1.6211036   0.24305053
 -0.8580328  -0.38945776 -0.2463626  -1.7171705   0.7446913  -0.41253042
 -0.40887952  0.7865179  -2.119391    1.2272251 ]
[-0.49575415  0.68535936  0.34408563  0.98287135  1.6211036   0.24305053
 -0.8580328  -0.38945776 -0.2463626  -1.7171705   0.7446913  -0.41253042
 -0.40887952  0.7865179  -2.119391    1.2272251 ]
[-0.59728086  0.6722083   0.3726926   1.0139227   1.6053417   0.30644554
 -0.888044   -0.33227664 -0.16312474 -1.6723697   0.67311627 -0.35489848
 -0.46237078  0.77094334 -2.1280918   1.1696428 ]
[-0.59728086  0.6722083   0.3726926   1.0139227   1.6053417   0.30644554
 -0.888044   -0.33227664 -0.16312474 -1.6723697   0.67311627 -0.35489848
 -0.46237078  0.77094334 -2.1280918   1.1696428 ]
[-0.59728086  0.6722083   0.3726926   1.0139227   1.6053417   0.30644554
 -0.888044   -0.33227664 -0.16312474 -1.6723697   0.67311627 -0.35489848
 -0.46237078  0.77094334 -2.1280918   1.1696428 ]
[-0.59728086  0.6722083   0.3726926   1.0139227   1.6053417   0.30644554
 -0.888044   -0.33227664 -0.16312474 -1.6723697   0.67311627 -0.35489848
 -0.46237078  0.77094334 -2.1280918   1.1696428 ]
[-0.59728086  0.6722083   0.3726926   1.0139227   1.6053417   0.30644554
 -0.888044   -0.33227664 -0.16312474 -1.6723697   0.67311627 -0.35489848
 -0.46237078  0.77094334 -2.1280918   1.1696428 ]
[-0.57848805  0.7450275   0.35746485  0.92300063  1.607609    0.2879207
 -0.90454817 -0.33959883 -0.15813264 -1.6869221   0.7428428  -0.40230012
 -0.50964004  0.74648243 -2.0932467   1.2518362 ]
[-0.57848805  0.7450275   0.35746485  0.92300063  1.607609    0.2879207
 -0.90454817 -0.33959883 -0.15813264 -1.6869221   0.7428428  -0.40230012
 -0.50964004  0.74648243 -2.0932467   1.2518362 ]
[-0.57848805  0.7450275   0.35746485  0.92300063  1.607609    0.2879207
 -0.90454817 -0.33959883 -0.15813264 -1.6869221   0.7428428  -0.40230012
 -0.50964004  0.74648243 -2.0932467   1.2518362 ]
[-0.57848805  0.7450275   0.35746485  0.92300063  1.607609    0.2879207
 -0.90454817 -0.33959883 -0.15813264 -1.6869221   0.7428428  -0.40230012
 -0.50964004  0.74648243 -2.0932467   1.2518362 ]
[-0.5640362   0.78888243  0.325474    0.88351476  1.6204288   0.2628323
 -0.91933346 -0.35045132 -0.1366232  -1.711652    0.79999715 -0.42579278
 -0.5262281   0.69911826 -2.0670102   1.3127209 ]
[-0.5640362   0.78888243  0.325474    0.88351476  1.6204288   0.2628323
 -0.91933346 -0.35045132 -0.1366232  -1.711652    0.79999715 -0.42579278
 -0.5262281   0.69911826 -2.0670102   1.3127209 ]
[-0.5640362   0.78888243  0.325474    0.88351476  1.6204288   0.2628323
 -0.91933346 -0.35045132 -0.1366232  -1.711652    0.79999715 -0.42579278
 -0.5262281   0.69911826 -2.0670102   1.3127209 ]
[-0.5640362   0.78888243  0.325474    0.88351476  1.6204288   0.2628323
 -0.91933346 -0.35045132 -0.1366232  -1.711652    0.79999715 -0.42579278
 -0.5262281   0.69911826 -2.0670102   1.3127209 ]
[-0.5640362   0.78888243  0.325474    0.88351476  1.6204288   0.2628323
 -0.91933346 -0.35045132 -0.1366232  -1.711652    0.79999715 -0.42579278
 -0.5262281   0.69911826 -2.0670102   1.3127209 ]
[-0.45978934  0.7621007   0.3019688   0.9037741   1.6373193   0.20429885
 -0.8547341  -0.39400825 -0.2033368  -1.7320893   0.82117254 -0.48559818
 -0.4830691   0.72505265 -2.094014    1.3434352 ]
[-0.45978934  0.7621007   0.3019688   0.9037741   1.6373193   0.20429885
 -0.8547341  -0.39400825 -0.2033368  -1.7320893   0.82117254 -0.48559818
 -0.4830691   0.72505265 -2.094014    1.3434352 ]
[-0.45978934  0.7621007   0.3019688   0.9037741   1.6373193   0.20429885
 -0.8547341  -0.39400825 -0.2033368  -1.7320893   0.82117254 -0.48559818
 -0.4830691   0.72505265 -2.094014    1.3434352 ]
[-0.45978934  0.7621007   0.3019688   0.9037741   1.6373193   0.20429885
 -0.8547341  -0.39400825 -0.2033368  -1.7320893   0.82117254 -0.48559818
 -0.4830691   0.72505265 -2.094014    1.3434352 ]
[-0.4757224   0.73903865  0.32351673  0.93764305  1.6187422   0.22358242
 -0.8662919  -0.3806513  -0.20637815 -1.7255204   0.7794034  -0.44074225
 -0.46512023  0.7373189  -2.1076965   1.2995479 ]
[-0.4757224   0.73903865  0.32351673  0.93764305  1.6187422   0.22358242
 -0.8662919  -0.3806513  -0.20637815 -1.7255204   0.7794034  -0.44074225
 -0.46512023  0.7373189  -2.1076965   1.2995479 ]
[-0.4757224   0.73903865  0.32351673  0.93764305  1.6187422   0.22358242
 -0.8662919  -0.3806513  -0.20637815 -1.7255204   0.7794034  -0.44074225
 -0.46512023  0.7373189  -2.1076965   1.2995479 ]
[-0.4757224   0.73903865  0.32351673  0.93764305  1.6187422   0.22358242
 -0.8662919  -0.3806513  -0.20637815 -1.7255204   0.7794034  -0.44074225
 -0.46512023  0.7373189  -2.1076965   1.2995479 ]
[-0.48812777  0.6996964   0.3451435   0.9636134   1.6225212   0.23632734
 -0.8672965  -0.37938112 -0.23099098 -1.7133868   0.7543432  -0.41348124
 -0.4398477   0.76056373 -2.1141286   1.2527272 ]
[-0.48812777  0.6996964   0.3451435   0.9636134   1.6225212   0.23632734
 -0.8672965  -0.37938112 -0.23099098 -1.7133868   0.7543432  -0.41348124
 -0.4398477   0.76056373 -2.1141286   1.2527272 ]
[-0.48812777  0.6996964   0.3451435   0.9636134   1.6225212   0.23632734
 -0.8672965  -0.37938112 -0.23099098 -1.7133868   0.7543432  -0.41348124
 -0.4398477   0.76056373 -2.1141286   1.2527272 ]
[-0.48812777  0.6996964   0.3451435   0.9636134   1.6225212   0.23632734
 -0.8672965  -0.37938112 -0.23099098 -1.7133868   0.7543432  -0.41348124
 -0.4398477   0.76056373 -2.1141286   1.2527272 ]
[-0.48812777  0.6996964   0.3451435   0.9636134   1.6225212   0.23632734
 -0.8672965  -0.37938112 -0.23099098 -1.7133868   0.7543432  -0.41348124
 -0.4398477   0.76056373 -2.1141286   1.2527272 ]
[-0.5771319   0.6789025   0.35782102  0.98750293  1.6304077   0.2929569
 -0.9095646  -0.32827312 -0.15955508 -1.6708025   0.6945687  -0.36049163
 -0.47659907  0.73331815 -2.110763    1.2048731 ]
[-0.5771319   0.6789025   0.35782102  0.98750293  1.6304077   0.2929569
 -0.9095646  -0.32827312 -0.15955508 -1.6708025   0.6945687  -0.36049163
 -0.47659907  0.73331815 -2.110763    1.2048731 ]
[-0.5771319   0.6789025   0.35782102  0.98750293  1.6304077   0.2929569
 -0.9095646  -0.32827312 -0.15955508 -1.6708025   0.6945687  -0.36049163
 -0.47659907  0.73331815 -2.110763    1.2048731 ]
[-0.5771319   0.6789025   0.35782102  0.98750293  1.6304077   0.2929569
 -0.9095646  -0.32827312 -0.15955508 -1.6708025   0.6945687  -0.36049163
 -0.47659907  0.73331815 -2.110763    1.2048731 ]
[-0.5771319   0.6789025   0.35782102  0.98750293  1.6304077   0.2929569
 -0.9095646  -0.32827312 -0.15955508 -1.6708025   0.6945687  -0.36049163
 -0.47659907  0.73331815 -2.110763    1.2048731 ]
[-0.53571177  0.71692115  0.3448506   0.94395864  1.6200933   0.2544971
 -0.8719309  -0.33835253 -0.1666735  -1.6711897   0.7245692  -0.41324702
 -0.5156617   0.75244653 -2.1261392   1.271457  ]
[-0.53571177  0.71692115  0.3448506   0.94395864  1.6200933   0.2544971
 -0.8719309  -0.33835253 -0.1666735  -1.6711897   0.7245692  -0.41324702
 -0.5156617   0.75244653 -2.1261392   1.271457  ]
[-0.53571177  0.71692115  0.3448506   0.94395864  1.6200933   0.2544971
 -0.8719309  -0.33835253 -0.1666735  -1.6711897   0.7245692  -0.41324702
 -0.5156617   0.75244653 -2.1261392   1.271457  ]
[-0.53571177  0.71692115  0.3448506   0.94395864  1.6200933   0.2544971
 -0.8719309  -0.33835253 -0.1666735  -1.6711897   0.7245692  -0.41324702
 -0.5156617   0.75244653 -2.1261392   1.271457  ]
[-0.53946364  0.7735753   0.33952135  0.8764944   1.6339571   0.2567619
 -0.9127099  -0.35012496 -0.14307156 -1.7018553   0.79561216 -0.42884856
 -0.53579485  0.6883184  -2.0754786   1.3145901 ]
[-0.53946364  0.7735753   0.33952135  0.8764944   1.6339571   0.2567619
 -0.9127099  -0.35012496 -0.14307156 -1.7018553   0.79561216 -0.42884856
 -0.53579485  0.6883184  -2.0754786   1.3145901 ]
[-0.53946364  0.7735753   0.33952135  0.8764944   1.6339571   0.2567619
 -0.9127099  -0.35012496 -0.14307156 -1.7018553   0.79561216 -0.42884856
 -0.53579485  0.6883184  -2.0754786   1.3145901 ]
[-0.53946364  0.7735753   0.33952135  0.8764944   1.6339571   0.2567619
 -0.9127099  -0.35012496 -0.14307156 -1.7018553   0.79561216 -0.42884856
 -0.53579485  0.6883184  -2.0754786   1.3145901 ]
[-0.4531924   0.753419    0.30692464  0.8934368   1.6562681   0.19404969
 -0.8542067  -0.397646   -0.21845281 -1.7361546   0.82306325 -0.50633466
 -0.46269822  0.71015227 -2.0801742   1.3646492 ]
[-0.4531924   0.753419    0.30692464  0.8934368   1.6562681   0.19404969
 -0.8542067  -0.397646   -0.21845281 -1.7361546   0.82306325 -0.50633466
 -0.46269822  0.71015227 -2.0801742   1.3646492 ]
[-0.4531924   0.753419    0.30692464  0.8934368   1.6562681   0.19404969
 -0.8542067  -0.397646   -0.21845281 -1.7361546   0.82306325 -0.50633466
 -0.46269822  0.71015227 -2.0801742   1.3646492 ]
[-0.4531924   0.753419    0.30692464  0.8934368   1.6562681   0.19404969
 -0.8542067  -0.397646   -0.21845281 -1.7361546   0.82306325 -0.50633466
 -0.46269822  0.71015227 -2.0801742   1.3646492 ]
[-0.4531924   0.753419    0.30692464  0.8934368   1.6562681   0.19404969
 -0.8542067  -0.397646   -0.21845281 -1.7361546   0.82306325 -0.50633466
 -0.46269822  0.71015227 -2.0801742   1.3646492 ]
[-0.4937914   0.7619616   0.3103152   0.9056922   1.6300538   0.21834978
 -0.88334054 -0.38036266 -0.21197458 -1.7346205   0.8083272  -0.46883917
 -0.45137063  0.7230099  -2.073913    1.3326333 ]
[-0.4937914   0.7619616   0.3103152   0.9056922   1.6300538   0.21834978
 -0.88334054 -0.38036266 -0.21197458 -1.7346205   0.8083272  -0.46883917
 -0.45137063  0.7230099  -2.073913    1.3326333 ]
[-0.4937914   0.7619616   0.3103152   0.9056922   1.6300538   0.21834978
 -0.88334054 -0.38036266 -0.21197458 -1.7346205   0.8083272  -0.46883917
 -0.45137063  0.7230099  -2.073913    1.3326333 ]
[-0.4937914   0.7619616   0.3103152   0.9056922   1.6300538   0.21834978
 -0.88334054 -0.38036266 -0.21197458 -1.7346205   0.8083272  -0.46883917
 -0.45137063  0.7230099  -2.073913    1.3326333 ]
[-0.49366984  0.709617    0.31400007  0.9652985   1.6329559   0.22986534
 -0.86755955 -0.38600272 -0.2396774  -1.7252104   0.76180595 -0.44601804
 -0.41101575  0.76727545 -2.1044674   1.2828281 ]
[-0.49366984  0.709617    0.31400007  0.9652985   1.6329559   0.22986534
 -0.86755955 -0.38600272 -0.2396774  -1.7252104   0.76180595 -0.44601804
 -0.41101575  0.76727545 -2.1044674   1.2828281 ]
[-0.49366984  0.709617    0.31400007  0.9652985   1.6329559   0.22986534
 -0.86755955 -0.38600272 -0.2396774  -1.7252104   0.76180595 -0.44601804
 -0.41101575  0.76727545 -2.1044674   1.2828281 ]
[-0.49366984  0.709617    0.31400007  0.9652985   1.6329559   0.22986534
 -0.86755955 -0.38600272 -0.2396774  -1.7252104   0.76180595 -0.44601804
 -0.41101575  0.76727545 -2.1044674   1.2828281 ]
[-0.49366984  0.709617    0.31400007  0.9652985   1.6329559   0.22986534
 -0.86755955 -0.38600272 -0.2396774  -1.7252104   0.76180595 -0.44601804
 -0.41101575  0.76727545 -2.1044674   1.2828281 ]
[-0.46588984  0.72858536  0.30299896  0.9632223   1.6037807   0.23886295
 -0.8456438  -0.37727502 -0.24251258 -1.7013664   0.74241143 -0.4344457
 -0.46689472  0.7792572  -2.131314    1.2973433 ]
[-0.46588984  0.72858536  0.30299896  0.9632223   1.6037807   0.23886295
 -0.8456438  -0.37727502 -0.24251258 -1.7013664   0.74241143 -0.4344457
 -0.46689472  0.7792572  -2.131314    1.2973433 ]
[-0.46588984  0.72858536  0.30299896  0.9632223   1.6037807   0.23886295
 -0.8456438  -0.37727502 -0.24251258 -1.7013664   0.74241143 -0.4344457
 -0.46689472  0.7792572  -2.131314    1.2973433 ]
[-0.46588984  0.72858536  0.30299896  0.9632223   1.6037807   0.23886295
 -0.8456438  -0.37727502 -0.24251258 -1.7013664   0.74241143 -0.4344457
 -0.46689472  0.7792572  -2.131314    1.2973433 ]
[-0.46588984  0.72858536  0.30299896  0.9632223   1.6037807   0.23886295
 -0.8456438  -0.37727502 -0.24251258 -1.7013664   0.74241143 -0.4344457
 -0.46689472  0.7792572  -2.131314    1.2973433 ]
[-0.5573226   0.6943989   0.33849898  0.9722247   1.6287229   0.25111955
 -0.86922073 -0.3246263  -0.16206115 -1.6823788   0.7051207  -0.41021308
 -0.48315066  0.7631051  -2.1307323   1.2558926 ]
[-0.5573226   0.6943989   0.33849898  0.9722247   1.6287229   0.25111955
 -0.86922073 -0.3246263  -0.16206115 -1.6823788   0.7051207  -0.41021308
 -0.48315066  0.7631051  -2.1307323   1.2558926 ]
[-0.5573226   0.6943989   0.33849898  0.9722247   1.6287229   0.25111955
 -0.86922073 -0.3246263  -0.16206115 -1.6823788   0.7051207  -0.41021308
 -0.48315066  0.7631051  -2.1307323   1.2558926 ]
[-0.5573226   0.6943989   0.33849898  0.9722247   1.6287229   0.25111955
 -0.86922073 -0.3246263  -0.16206115 -1.6823788   0.7051207  -0.41021308
 -0.48315066  0.7631051  -2.1307323   1.2558926 ]
[-0.5573226   0.6943989   0.33849898  0.9722247   1.6287229   0.25111955
 -0.86922073 -0.3246263  -0.16206115 -1.6823788   0.7051207  -0.41021308
 -0.48315066  0.7631051  -2.1307323   1.2558926 ]
[-0.5541657   0.776156    0.33241433  0.89217126  1.6083609   0.25001773
 -0.887633   -0.3436199  -0.14101467 -1.7041664   0.7863143  -0.43968067
 -0.52762747  0.7219097  -2.0915933   1.313748  ]
[-0.5541657   0.776156    0.33241433  0.89217126  1.6083609   0.25001773
 -0.887633   -0.3436199  -0.14101467 -1.7041664   0.7863143  -0.43968067
 -0.52762747  0.7219097  -2.0915933   1.313748  ]
[-0.5541657   0.776156    0.33241433  0.89217126  1.6083609   0.25001773
 -0.887633   -0.3436199  -0.14101467 -1.7041664   0.7863143  -0.43968067
 -0.52762747  0.7219097  -2.0915933   1.313748  ]
[-0.5541657   0.776156    0.33241433  0.89217126  1.6083609   0.25001773
 -0.887633   -0.3436199  -0.14101467 -1.7041664   0.7863143  -0.43968067
 -0.52762747  0.7219097  -2.0915933   1.313748  ]
[-0.46361104  0.77449346  0.30893835  0.88382375  1.6334263   0.20482635
 -0.8539263  -0.3993605  -0.20668173 -1.7397658   0.8363663  -0.5000006
 -0.4765977   0.7202034  -2.0825777   1.3531272 ]
[-0.46361104  0.77449346  0.30893835  0.88382375  1.6334263   0.20482635
 -0.8539263  -0.3993605  -0.20668173 -1.7397658   0.8363663  -0.5000006
 -0.4765977   0.7202034  -2.0825777   1.3531272 ]
[-0.46361104  0.77449346  0.30893835  0.88382375  1.6334263   0.20482635
 -0.8539263  -0.3993605  -0.20668173 -1.7397658   0.8363663  -0.5000006
 -0.4765977   0.7202034  -2.0825777   1.3531272 ]
[-0.46361104  0.77449346  0.30893835  0.88382375  1.6334263   0.20482635
 -0.8539263  -0.3993605  -0.20668173 -1.7397658   0.8363663  -0.5000006
 -0.4765977   0.7202034  -2.0825777   1.3531272 ]
[-0.46361104  0.77449346  0.30893835  0.88382375  1.6334263   0.20482635
 -0.8539263  -0.3993605  -0.20668173 -1.7397658   0.8363663  -0.5000006
 -0.4765977   0.7202034  -2.0825777   1.3531272 ]
[-0.46493578  0.74542344  0.3071713   0.9285935   1.6177499   0.20897138
 -0.83061856 -0.40001243 -0.21350126 -1.7280073   0.81136    -0.47825813
 -0.4627115   0.76558316 -2.1198423   1.3036168 ]
[-0.46493578  0.74542344  0.3071713   0.9285935   1.6177499   0.20897138
 -0.83061856 -0.40001243 -0.21350126 -1.7280073   0.81136    -0.47825813
 -0.4627115   0.76558316 -2.1198423   1.3036168 ]
[-0.46493578  0.74542344  0.3071713   0.9285935   1.6177499   0.20897138
 -0.83061856 -0.40001243 -0.21350126 -1.7280073   0.81136    -0.47825813
 -0.4627115   0.76558316 -2.1198423   1.3036168 ]
[-0.46493578  0.74542344  0.3071713   0.9285935   1.6177499   0.20897138
 -0.83061856 -0.40001243 -0.21350126 -1.7280073   0.81136    -0.47825813
 -0.4627115   0.76558316 -2.1198423   1.3036168 ]
[-0.46493578  0.74542344  0.3071713   0.9285935   1.6177499   0.20897138
 -0.83061856 -0.40001243 -0.21350126 -1.7280073   0.81136    -0.47825813
 -0.4627115   0.76558316 -2.1198423   1.3036168 ]
[-0.5055342   0.7491008   0.35277143  0.9269842   1.6000729   0.2593481
 -0.8912412  -0.3808654  -0.20152327 -1.7280527   0.78028    -0.4099577
 -0.46675625  0.7458914  -2.1008167   1.2591224 ]
[-0.5055342   0.7491008   0.35277143  0.9269842   1.6000729   0.2593481
 -0.8912412  -0.3808654  -0.20152327 -1.7280527   0.78028    -0.4099577
 -0.46675625  0.7458914  -2.1008167   1.2591224 ]
[-0.5055342   0.7491008   0.35277143  0.9269842   1.6000729   0.2593481
 -0.8912412  -0.3808654  -0.20152327 -1.7280527   0.78028    -0.4099577
 -0.46675625  0.7458914  -2.1008167   1.2591224 ]
[-0.5055342   0.7491008   0.35277143  0.9269842   1.6000729   0.2593481
 -0.8912412  -0.3808654  -0.20152327 -1.7280527   0.78028    -0.4099577
 -0.46675625  0.7458914  -2.1008167   1.2591224 ]
[-0.5055342   0.7491008   0.35277143  0.9269842   1.6000729   0.2593481
 -0.8912412  -0.3808654  -0.20152327 -1.7280527   0.78028    -0.4099577
 -0.46675625  0.7458914  -2.1008167   1.2591224 ]
[-0.54255134  0.72045076  0.34498423  0.9682175   1.6027359   0.28143907
 -0.8989601  -0.34246793 -0.16915539 -1.6883078   0.72240734 -0.36550906
 -0.4934751   0.7391243  -2.1245558   1.2339478 ]
[-0.54255134  0.72045076  0.34498423  0.9682175   1.6027359   0.28143907
 -0.8989601  -0.34246793 -0.16915539 -1.6883078   0.72240734 -0.36550906
 -0.4934751   0.7391243  -2.1245558   1.2339478 ]
[-0.54255134  0.72045076  0.34498423  0.9682175   1.6027359   0.28143907
 -0.8989601  -0.34246793 -0.16915539 -1.6883078   0.72240734 -0.36550906
 -0.4934751   0.7391243  -2.1245558   1.2339478 ]
[-0.54255134  0.72045076  0.34498423  0.9682175   1.6027359   0.28143907
 -0.8989601  -0.34246793 -0.16915539 -1.6883078   0.72240734 -0.36550906
 -0.4934751   0.7391243  -2.1245558   1.2339478 ]
[-0.54255134  0.72045076  0.34498423  0.9682175   1.6027359   0.28143907
 -0.8989601  -0.34246793 -0.16915539 -1.6883078   0.72240734 -0.36550906
 -0.4934751   0.7391243  -2.1245558   1.2339478 ]
[-0.5656966   0.72862387  0.35178384  0.9353957   1.6324126   0.26880637
 -0.9175806  -0.32309294 -0.14780891 -1.6918209   0.7265641  -0.38304925
 -0.4977943   0.7119452  -2.0996468   1.2605914 ]
[-0.5656966   0.72862387  0.35178384  0.9353957   1.6324126   0.26880637
 -0.9175806  -0.32309294 -0.14780891 -1.6918209   0.7265641  -0.38304925
 -0.4977943   0.7119452  -2.0996468   1.2605914 ]
[-0.5656966   0.72862387  0.35178384  0.9353957   1.6324126   0.26880637
 -0.9175806  -0.32309294 -0.14780891 -1.6918209   0.7265641  -0.38304925
 -0.4977943   0.7119452  -2.0996468   1.2605914 ]
[-0.5656966   0.72862387  0.35178384  0.9353957   1.6324126   0.26880637
 -0.9175806  -0.32309294 -0.14780891 -1.6918209   0.7265641  -0.38304925
 -0.4977943   0.7119452  -2.0996468   1.2605914 ]
[-0.5507796   0.7431978   0.3270134   0.91959035  1.6245439   0.23352699
 -0.8722952  -0.33474264 -0.15147847 -1.6999298   0.7639401  -0.44786185
 -0.49909306  0.7380692  -2.1112254   1.308745  ]
[-0.5507796   0.7431978   0.3270134   0.91959035  1.6245439   0.23352699
 -0.8722952  -0.33474264 -0.15147847 -1.6999298   0.7639401  -0.44786185
 -0.49909306  0.7380692  -2.1112254   1.308745  ]
[-0.5507796   0.7431978   0.3270134   0.91959035  1.6245439   0.23352699
 -0.8722952  -0.33474264 -0.15147847 -1.6999298   0.7639401  -0.44786185
 -0.49909306  0.7380692  -2.1112254   1.308745  ]
[-0.5507796   0.7431978   0.3270134   0.91959035  1.6245439   0.23352699
 -0.8722952  -0.33474264 -0.15147847 -1.6999298   0.7639401  -0.44786185
 -0.49909306  0.7380692  -2.1112254   1.308745  ]
[-0.5507796   0.7431978   0.3270134   0.91959035  1.6245439   0.23352699
 -0.8722952  -0.33474264 -0.15147847 -1.6999298   0.7639401  -0.44786185
 -0.49909306  0.7380692  -2.1112254   1.308745  ]
[-0.46742192  0.76001394  0.31601268  0.8954414   1.6383259   0.20744812
 -0.8595573  -0.38888758 -0.20051059 -1.730089    0.82777786 -0.49003553
 -0.48024964  0.7117283  -2.0895264   1.3414748 ]
[-0.46742192  0.76001394  0.31601268  0.8954414   1.6383259   0.20744812
 -0.8595573  -0.38888758 -0.20051059 -1.730089    0.82777786 -0.49003553
 -0.48024964  0.7117283  -2.0895264   1.3414748 ]
[-0.46742192  0.76001394  0.31601268  0.8954414   1.6383259   0.20744812
 -0.8595573  -0.38888758 -0.20051059 -1.730089    0.82777786 -0.49003553
 -0.48024964  0.7117283  -2.0895264   1.3414748 ]
[-0.46742192  0.76001394  0.31601268  0.8954414   1.6383259   0.20744812
 -0.8595573  -0.38888758 -0.20051059 -1.730089    0.82777786 -0.49003553
 -0.48024964  0.7117283  -2.0895264   1.3414748 ]
[-0.46742192  0.76001394  0.31601268  0.8954414   1.6383259   0.20744812
 -0.8595573  -0.38888758 -0.20051059 -1.730089    0.82777786 -0.49003553
 -0.48024964  0.7117283  -2.0895264   1.3414748 ]
[-0.46683043  0.7223125   0.31106344  0.9393484   1.6360462   0.20817885
 -0.8304659  -0.3989466  -0.22049694 -1.7236614   0.8061205  -0.48558015
 -0.4526898   0.7617918  -2.1133409   1.2972838 ]
[-0.46683043  0.7223125   0.31106344  0.9393484   1.6360462   0.20817885
 -0.8304659  -0.3989466  -0.22049694 -1.7236614   0.8061205  -0.48558015
 -0.4526898   0.7617918  -2.1133409   1.2972838 ]
[-0.46683043  0.7223125   0.31106344  0.9393484   1.6360462   0.20817885
 -0.8304659  -0.3989466  -0.22049694 -1.7236614   0.8061205  -0.48558015
 -0.4526898   0.7617918  -2.1133409   1.2972838 ]
[-0.46683043  0.7223125   0.31106344  0.9393484   1.6360462   0.20817885
 -0.8304659  -0.3989466  -0.22049694 -1.7236614   0.8061205  -0.48558015
 -0.4526898   0.7617918  -2.1133409   1.2972838 ]
[-0.46683043  0.7223125   0.31106344  0.9393484   1.6360462   0.20817885
 -0.8304659  -0.3989466  -0.22049694 -1.7236614   0.8061205  -0.48558015
 -0.4526898   0.7617918  -2.1133409   1.2972838 ]
[-0.5166625   0.7490251   0.36001363  0.9303657   1.6006782   0.26641753
 -0.89205134 -0.3725133  -0.1894367  -1.7198251   0.78086007 -0.4035577
 -0.4716484   0.7291392  -2.1062913   1.2434841 ]
[-0.5166625   0.7490251   0.36001363  0.9303657   1.6006782   0.26641753
 -0.89205134 -0.3725133  -0.1894367  -1.7198251   0.78086007 -0.4035577
 -0.4716484   0.7291392  -2.1062913   1.2434841 ]
[-0.5166625   0.7490251   0.36001363  0.9303657   1.6006782   0.26641753
 -0.89205134 -0.3725133  -0.1894367  -1.7198251   0.78086007 -0.4035577
 -0.4716484   0.7291392  -2.1062913   1.2434841 ]
[-0.5166625   0.7490251   0.36001363  0.9303657   1.6006782   0.26641753
 -0.89205134 -0.3725133  -0.1894367  -1.7198251   0.78086007 -0.4035577
 -0.4716484   0.7291392  -2.1062913   1.2434841 ]
[-0.54253864  0.753492    0.33975333  0.9451233   1.5899944   0.27273458
 -0.90638095 -0.34054846 -0.17339043 -1.6870329   0.746294   -0.37838045
 -0.5135393   0.73414695 -2.1105504   1.2603595 ]
[-0.54253864  0.753492    0.33975333  0.9451233   1.5899944   0.27273458
 -0.90638095 -0.34054846 -0.17339043 -1.6870329   0.746294   -0.37838045
 -0.5135393   0.73414695 -2.1105504   1.2603595 ]
[-0.54253864  0.753492    0.33975333  0.9451233   1.5899944   0.27273458
 -0.90638095 -0.34054846 -0.17339043 -1.6870329   0.746294   -0.37838045
 -0.5135393   0.73414695 -2.1105504   1.2603595 ]
[-0.54253864  0.753492    0.33975333  0.9451233   1.5899944   0.27273458
 -0.90638095 -0.34054846 -0.17339043 -1.6870329   0.746294   -0.37838045
 -0.5135393   0.73414695 -2.1105504   1.2603595 ]
[-0.54253864  0.753492    0.33975333  0.9451233   1.5899944   0.27273458
 -0.90638095 -0.34054846 -0.17339043 -1.6870329   0.746294   -0.37838045
 -0.5135393   0.73414695 -2.1105504   1.2603595 ]
[-0.5730453   0.73031795  0.3375701   0.9347208   1.6404617   0.26580346
 -0.92347777 -0.32126322 -0.13298965 -1.6885582   0.74140835 -0.38933367
 -0.5022078   0.70734537 -2.0983167   1.2612325 ]
[-0.5730453   0.73031795  0.3375701   0.9347208   1.6404617   0.26580346
 -0.92347777 -0.32126322 -0.13298965 -1.6885582   0.74140835 -0.38933367
 -0.5022078   0.70734537 -2.0983167   1.2612325 ]
[-0.5730453   0.73031795  0.3375701   0.9347208   1.6404617   0.26580346
 -0.92347777 -0.32126322 -0.13298965 -1.6885582   0.74140835 -0.38933367
 -0.5022078   0.70734537 -2.0983167   1.2612325 ]
[-0.5730453   0.73031795  0.3375701   0.9347208   1.6404617   0.26580346
 -0.92347777 -0.32126322 -0.13298965 -1.6885582   0.74140835 -0.38933367
 -0.5022078   0.70734537 -2.0983167   1.2612325 ]
[-0.54568636  0.7375963   0.31309366  0.92601264  1.6343111   0.22652753
 -0.86478853 -0.3372252  -0.14076594 -1.6939087   0.7739039  -0.45177048
 -0.5058795   0.74079865 -2.1225421   1.3012087 ]
[-0.54568636  0.7375963   0.31309366  0.92601264  1.6343111   0.22652753
 -0.86478853 -0.3372252  -0.14076594 -1.6939087   0.7739039  -0.45177048
 -0.5058795   0.74079865 -2.1225421   1.3012087 ]
[-0.54568636  0.7375963   0.31309366  0.92601264  1.6343111   0.22652753
 -0.86478853 -0.3372252  -0.14076594 -1.6939087   0.7739039  -0.45177048
 -0.5058795   0.74079865 -2.1225421   1.3012087 ]
[-0.54568636  0.7375963   0.31309366  0.92601264  1.6343111   0.22652753
 -0.86478853 -0.3372252  -0.14076594 -1.6939087   0.7739039  -0.45177048
 -0.5058795   0.74079865 -2.1225421   1.3012087 ]
[-0.54568636  0.7375963   0.31309366  0.92601264  1.6343111   0.22652753
 -0.86478853 -0.3372252  -0.14076594 -1.6939087   0.7739039  -0.45177048
 -0.5058795   0.74079865 -2.1225421   1.3012087 ]
[-0.45628804  0.7693516   0.30596676  0.88076574  1.647287    0.19995102
 -0.8586345  -0.39853472 -0.19442937 -1.7309307   0.84720534 -0.500542
 -0.49016276  0.70748    -2.0835056   1.3473527 ]
[-0.45628804  0.7693516   0.30596676  0.88076574  1.647287    0.19995102
 -0.8586345  -0.39853472 -0.19442937 -1.7309307   0.84720534 -0.500542
 -0.49016276  0.70748    -2.0835056   1.3473527 ]
[-0.45628804  0.7693516   0.30596676  0.88076574  1.647287    0.19995102
 -0.8586345  -0.39853472 -0.19442937 -1.7309307   0.84720534 -0.500542
 -0.49016276  0.70748    -2.0835056   1.3473527 ]
[-0.45628804  0.7693516   0.30596676  0.88076574  1.647287    0.19995102
 -0.8586345  -0.39853472 -0.19442937 -1.7309307   0.84720534 -0.500542
 -0.49016276  0.70748    -2.0835056   1.3473527 ]
[-0.47400934  0.7296578   0.31633523  0.93653506  1.6377293   0.21640405
 -0.84805155 -0.40212917 -0.20191213 -1.7250452   0.8164808  -0.4741973
 -0.46101576  0.7466209  -2.1089568   1.2851743 ]
[-0.47400934  0.7296578   0.31633523  0.93653506  1.6377293   0.21640405
 -0.84805155 -0.40212917 -0.20191213 -1.7250452   0.8164808  -0.4741973
 -0.46101576  0.7466209  -2.1089568   1.2851743 ]
[-0.47400934  0.7296578   0.31633523  0.93653506  1.6377293   0.21640405
 -0.84805155 -0.40212917 -0.20191213 -1.7250452   0.8164808  -0.4741973
 -0.46101576  0.7466209  -2.1089568   1.2851743 ]
[-0.47400934  0.7296578   0.31633523  0.93653506  1.6377293   0.21640405
 -0.84805155 -0.40212917 -0.20191213 -1.7250452   0.8164808  -0.4741973
 -0.46101576  0.7466209  -2.1089568   1.2851743 ]
[-0.47400934  0.7296578   0.31633523  0.93653506  1.6377293   0.21640405
 -0.84805155 -0.40212917 -0.20191213 -1.7250452   0.8164808  -0.4741973
 -0.46101576  0.7466209  -2.1089568   1.2851743 ]
[-0.49855298  0.7743581   0.35988742  0.91757905  1.5896131   0.27041298
 -0.87694615 -0.39003292 -0.18168238 -1.7171723   0.8025948  -0.41232118
 -0.51192313  0.7228573  -2.110766    1.2504637 ]
[-0.49855298  0.7743581   0.35988742  0.91757905  1.5896131   0.27041298
 -0.87694615 -0.39003292 -0.18168238 -1.7171723   0.8025948  -0.41232118
 -0.51192313  0.7228573  -2.110766    1.2504637 ]
[-0.49855298  0.7743581   0.35988742  0.91757905  1.5896131   0.27041298
 -0.87694615 -0.39003292 -0.18168238 -1.7171723   0.8025948  -0.41232118
 -0.51192313  0.7228573  -2.110766    1.2504637 ]
[-0.49855298  0.7743581   0.35988742  0.91757905  1.5896131   0.27041298
 -0.87694615 -0.39003292 -0.18168238 -1.7171723   0.8025948  -0.41232118
 -0.51192313  0.7228573  -2.110766    1.2504637 ]
[-0.49293718  0.8071334   0.3466923   0.90440595  1.5554762   0.26349968
 -0.8655305  -0.3741889  -0.18916619 -1.7013079   0.7974803  -0.41003856
 -0.563371    0.7344817  -2.1135955   1.291482  ]
[-0.49293718  0.8071334   0.3466923   0.90440595  1.5554762   0.26349968
 -0.8655305  -0.3741889  -0.18916619 -1.7013079   0.7974803  -0.41003856
 -0.563371    0.7344817  -2.1135955   1.291482  ]
[-0.49293718  0.8071334   0.3466923   0.90440595  1.5554762   0.26349968
 -0.8655305  -0.3741889  -0.18916619 -1.7013079   0.7974803  -0.41003856
 -0.563371    0.7344817  -2.1135955   1.291482  ]
[-0.49293718  0.8071334   0.3466923   0.90440595  1.5554762   0.26349968
 -0.8655305  -0.3741889  -0.18916619 -1.7013079   0.7974803  -0.41003856
 -0.563371    0.7344817  -2.1135955   1.291482  ]
[-0.581611    0.7431475   0.3460185   0.9253952   1.6305727   0.28256267
 -0.9214738  -0.33250964 -0.11850212 -1.6814753   0.7651044  -0.38260138
 -0.53423643  0.6993295  -2.0947585   1.2437303 ]
[-0.581611    0.7431475   0.3460185   0.9253952   1.6305727   0.28256267
 -0.9214738  -0.33250964 -0.11850212 -1.6814753   0.7651044  -0.38260138
 -0.53423643  0.6993295  -2.0947585   1.2437303 ]
[-0.581611    0.7431475   0.3460185   0.9253952   1.6305727   0.28256267
 -0.9214738  -0.33250964 -0.11850212 -1.6814753   0.7651044  -0.38260138
 -0.53423643  0.6993295  -2.0947585   1.2437303 ]
[-0.581611    0.7431475   0.3460185   0.9253952   1.6305727   0.28256267
 -0.9214738  -0.33250964 -0.11850212 -1.6814753   0.7651044  -0.38260138
 -0.53423643  0.6993295  -2.0947585   1.2437303 ]
[-0.581611    0.7431475   0.3460185   0.9253952   1.6305727   0.28256267
 -0.9214738  -0.33250964 -0.11850212 -1.6814753   0.7651044  -0.38260138
 -0.53423643  0.6993295  -2.0947585   1.2437303 ]
[-0.560946    0.7412025   0.30978402  0.91947377  1.6418269   0.2566799
 -0.8986263  -0.34522748 -0.13185433 -1.694638    0.78006506 -0.4239328
 -0.4983121   0.7239504  -2.1019797   1.2725351 ]
[-0.560946    0.7412025   0.30978402  0.91947377  1.6418269   0.2566799
 -0.8986263  -0.34522748 -0.13185433 -1.694638    0.78006506 -0.4239328
 -0.4983121   0.7239504  -2.1019797   1.2725351 ]
[-0.560946    0.7412025   0.30978402  0.91947377  1.6418269   0.2566799
 -0.8986263  -0.34522748 -0.13185433 -1.694638    0.78006506 -0.4239328
 -0.4983121   0.7239504  -2.1019797   1.2725351 ]
[-0.560946    0.7412025   0.30978402  0.91947377  1.6418269   0.2566799
 -0.8986263  -0.34522748 -0.13185433 -1.694638    0.78006506 -0.4239328
 -0.4983121   0.7239504  -2.1019797   1.2725351 ]
[-0.560946    0.7412025   0.30978402  0.91947377  1.6418269   0.2566799
 -0.8986263  -0.34522748 -0.13185433 -1.694638    0.78006506 -0.4239328
 -0.4983121   0.7239504  -2.1019797   1.2725351 ]
[-0.45347732  0.72756106  0.29326606  0.9179262   1.6687431   0.20835185
 -0.8464386  -0.4110765  -0.21645097 -1.7288096   0.8204225  -0.49155003
 -0.4329149   0.7457874  -2.1077106   1.2968098 ]
[-0.45347732  0.72756106  0.29326606  0.9179262   1.6687431   0.20835185
 -0.8464386  -0.4110765  -0.21645097 -1.7288096   0.8204225  -0.49155003
 -0.4329149   0.7457874  -2.1077106   1.2968098 ]
[-0.45347732  0.72756106  0.29326606  0.9179262   1.6687431   0.20835185
 -0.8464386  -0.4110765  -0.21645097 -1.7288096   0.8204225  -0.49155003
 -0.4329149   0.7457874  -2.1077106   1.2968098 ]
[-0.45347732  0.72756106  0.29326606  0.9179262   1.6687431   0.20835185
 -0.8464386  -0.4110765  -0.21645097 -1.7288096   0.8204225  -0.49155003
 -0.4329149   0.7457874  -2.1077106   1.2968098 ]
[-0.47216973  0.76448697  0.33674744  0.9039375   1.6185656   0.24482043
 -0.8692854  -0.38371068 -0.18200794 -1.7287381   0.80364454 -0.4312578
 -0.47556645  0.7179985  -2.1198032   1.2613136 ]
[-0.47216973  0.76448697  0.33674744  0.9039375   1.6185656   0.24482043
 -0.8692854  -0.38371068 -0.18200794 -1.7287381   0.80364454 -0.4312578
 -0.47556645  0.7179985  -2.1198032   1.2613136 ]
[-0.47216973  0.76448697  0.33674744  0.9039375   1.6185656   0.24482043
 -0.8692854  -0.38371068 -0.18200794 -1.7287381   0.80364454 -0.4312578
 -0.47556645  0.7179985  -2.1198032   1.2613136 ]
[-0.47216973  0.76448697  0.33674744  0.9039375   1.6185656   0.24482043
 -0.8692854  -0.38371068 -0.18200794 -1.7287381   0.80364454 -0.4312578
 -0.47556645  0.7179985  -2.1198032   1.2613136 ]
[-0.48693067  0.77496946  0.3581223   0.9108968   1.6061814   0.2518729
 -0.86113966 -0.3817076  -0.18359497 -1.7219098   0.79714376 -0.41960654
 -0.4978361   0.7045048  -2.1201947   1.2579461 ]
[-0.48693067  0.77496946  0.3581223   0.9108968   1.6061814   0.2518729
 -0.86113966 -0.3817076  -0.18359497 -1.7219098   0.79714376 -0.41960654
 -0.4978361   0.7045048  -2.1201947   1.2579461 ]
[-0.48693067  0.77496946  0.3581223   0.9108968   1.6061814   0.2518729
 -0.86113966 -0.3817076  -0.18359497 -1.7219098   0.79714376 -0.41960654
 -0.4978361   0.7045048  -2.1201947   1.2579461 ]
[-0.48693067  0.77496946  0.3581223   0.9108968   1.6061814   0.2518729
 -0.86113966 -0.3817076  -0.18359497 -1.7219098   0.79714376 -0.41960654
 -0.4978361   0.7045048  -2.1201947   1.2579461 ]
[-0.48693067  0.77496946  0.3581223   0.9108968   1.6061814   0.2518729
 -0.86113966 -0.3817076  -0.18359497 -1.7219098   0.79714376 -0.41960654
 -0.4978361   0.7045048  -2.1201947   1.2579461 ]
[-0.5047529   0.8156184   0.3281172   0.9108146   1.5587626   0.24767244
 -0.84780943 -0.3701612  -0.18433473 -1.702892    0.8065585  -0.4364801
 -0.55668914  0.73291767 -2.1164296   1.3105271 ]
[-0.5047529   0.8156184   0.3281172   0.9108146   1.5587626   0.24767244
 -0.84780943 -0.3701612  -0.18433473 -1.702892    0.8065585  -0.4364801
 -0.55668914  0.73291767 -2.1164296   1.3105271 ]
[-0.5047529   0.8156184   0.3281172   0.9108146   1.5587626   0.24767244
 -0.84780943 -0.3701612  -0.18433473 -1.702892    0.8065585  -0.4364801
 -0.55668914  0.73291767 -2.1164296   1.3105271 ]
[-0.5047529   0.8156184   0.3281172   0.9108146   1.5587626   0.24767244
 -0.84780943 -0.3701612  -0.18433473 -1.702892    0.8065585  -0.4364801
 -0.55668914  0.73291767 -2.1164296   1.3105271 ]
[-0.5047529   0.8156184   0.3281172   0.9108146   1.5587626   0.24767244
 -0.84780943 -0.3701612  -0.18433473 -1.702892    0.8065585  -0.4364801
 -0.55668914  0.73291767 -2.1164296   1.3105271 ]
[-0.5946607   0.7882594   0.33232707  0.8973137   1.5948784   0.25502336
 -0.9026893  -0.3321664  -0.11711935 -1.7040285   0.81573564 -0.42507297
 -0.5362075   0.71688545 -2.0820212   1.283615  ]
[-0.5946607   0.7882594   0.33232707  0.8973137   1.5948784   0.25502336
 -0.9026893  -0.3321664  -0.11711935 -1.7040285   0.81573564 -0.42507297
 -0.5362075   0.71688545 -2.0820212   1.283615  ]
[-0.5946607   0.7882594   0.33232707  0.8973137   1.5948784   0.25502336
 -0.9026893  -0.3321664  -0.11711935 -1.7040285   0.81573564 -0.42507297
 -0.5362075   0.71688545 -2.0820212   1.283615  ]
[-0.5946607   0.7882594   0.33232707  0.8973137   1.5948784   0.25502336
 -0.9026893  -0.3321664  -0.11711935 -1.7040285   0.81573564 -0.42507297
 -0.5362075   0.71688545 -2.0820212   1.283615  ]
[-0.50199836  0.7454945   0.33295378  0.91969264  1.6293404   0.22326751
 -0.8538702  -0.40748638 -0.21359405 -1.7390352   0.8351693  -0.47872773
 -0.4609812   0.7528224  -2.0822232   1.2887306 ]
[-0.50199836  0.7454945   0.33295378  0.91969264  1.6293404   0.22326751
 -0.8538702  -0.40748638 -0.21359405 -1.7390352   0.8351693  -0.47872773
 -0.4609812   0.7528224  -2.0822232   1.2887306 ]
[-0.50199836  0.7454945   0.33295378  0.91969264  1.6293404   0.22326751
 -0.8538702  -0.40748638 -0.21359405 -1.7390352   0.8351693  -0.47872773
 -0.4609812   0.7528224  -2.0822232   1.2887306 ]
[-0.50199836  0.7454945   0.33295378  0.91969264  1.6293404   0.22326751
 -0.8538702  -0.40748638 -0.21359405 -1.7390352   0.8351693  -0.47872773
 -0.4609812   0.7528224  -2.0822232   1.2887306 ]
[-0.50199836  0.7454945   0.33295378  0.91969264  1.6293404   0.22326751
 -0.8538702  -0.40748638 -0.21359405 -1.7390352   0.8351693  -0.47872773
 -0.4609812   0.7528224  -2.0822232   1.2887306 ]
[-0.5026412   0.72749966  0.37646264  0.94642764  1.5828445   0.254121
 -0.8390252  -0.3923947  -0.19638987 -1.7253059   0.78535753 -0.41836828
 -0.4734838   0.76882267 -2.131384    1.2239263 ]
[-0.5026412   0.72749966  0.37646264  0.94642764  1.5828445   0.254121
 -0.8390252  -0.3923947  -0.19638987 -1.7253059   0.78535753 -0.41836828
 -0.4734838   0.76882267 -2.131384    1.2239263 ]
[-0.5026412   0.72749966  0.37646264  0.94642764  1.5828445   0.254121
 -0.8390252  -0.3923947  -0.19638987 -1.7253059   0.78535753 -0.41836828
 -0.4734838   0.76882267 -2.131384    1.2239263 ]
[-0.5026412   0.72749966  0.37646264  0.94642764  1.5828445   0.254121
 -0.8390252  -0.3923947  -0.19638987 -1.7253059   0.78535753 -0.41836828
 -0.4734838   0.76882267 -2.131384    1.2239263 ]
[-0.55183685  0.7865621   0.3991428   0.90494394  1.5474335   0.29874542
 -0.87688464 -0.3776608  -0.16728586 -1.707229    0.79490525 -0.38386807
 -0.5436802   0.7355027  -2.0980468   1.2263445 ]
[-0.55183685  0.7865621   0.3991428   0.90494394  1.5474335   0.29874542
 -0.87688464 -0.3776608  -0.16728586 -1.707229    0.79490525 -0.38386807
 -0.5436802   0.7355027  -2.0980468   1.2263445 ]
[-0.55183685  0.7865621   0.3991428   0.90494394  1.5474335   0.29874542
 -0.87688464 -0.3776608  -0.16728586 -1.707229    0.79490525 -0.38386807
 -0.5436802   0.7355027  -2.0980468   1.2263445 ]
[-0.55183685  0.7865621   0.3991428   0.90494394  1.5474335   0.29874542
 -0.87688464 -0.3776608  -0.16728586 -1.707229    0.79490525 -0.38386807
 -0.5436802   0.7355027  -2.0980468   1.2263445 ]
[-0.55183685  0.7865621   0.3991428   0.90494394  1.5474335   0.29874542
 -0.87688464 -0.3776608  -0.16728586 -1.707229    0.79490525 -0.38386807
 -0.5436802   0.7355027  -2.0980468   1.2263445 ]
[-0.5764139   0.8079659   0.3872108   0.8750386   1.5652802   0.29943642
 -0.9016243  -0.36730254 -0.13305305 -1.70692     0.8083991  -0.3909046
 -0.5625268   0.7038239  -2.0726914   1.2529466 ]
[-0.5764139   0.8079659   0.3872108   0.8750386   1.5652802   0.29943642
 -0.9016243  -0.36730254 -0.13305305 -1.70692     0.8083991  -0.3909046
 -0.5625268   0.7038239  -2.0726914   1.2529466 ]
[-0.5764139   0.8079659   0.3872108   0.8750386   1.5652802   0.29943642
 -0.9016243  -0.36730254 -0.13305305 -1.70692     0.8083991  -0.3909046
 -0.5625268   0.7038239  -2.0726914   1.2529466 ]
[-0.5764139   0.8079659   0.3872108   0.8750386   1.5652802   0.29943642
 -0.9016243  -0.36730254 -0.13305305 -1.70692     0.8083991  -0.3909046
 -0.5625268   0.7038239  -2.0726914   1.2529466 ]
[-0.5694066   0.84926146  0.3577823   0.8199131   1.5843699   0.27930802
 -0.9421282  -0.369888   -0.13663167 -1.737714    0.86095107 -0.43038398
 -0.545904    0.67244405 -2.0142555   1.313888  ]
[-0.5694066   0.84926146  0.3577823   0.8199131   1.5843699   0.27930802
 -0.9421282  -0.369888   -0.13663167 -1.737714    0.86095107 -0.43038398
 -0.545904    0.67244405 -2.0142555   1.313888  ]
[-0.5694066   0.84926146  0.3577823   0.8199131   1.5843699   0.27930802
 -0.9421282  -0.369888   -0.13663167 -1.737714    0.86095107 -0.43038398
 -0.545904    0.67244405 -2.0142555   1.313888  ]
[-0.5694066   0.84926146  0.3577823   0.8199131   1.5843699   0.27930802
 -0.9421282  -0.369888   -0.13663167 -1.737714    0.86095107 -0.43038398
 -0.545904    0.67244405 -2.0142555   1.313888  ]
[-0.49669307  0.806756    0.31186298  0.88096094  1.6074429   0.223458
 -0.89312077 -0.3928964  -0.17633203 -1.749155    0.85386974 -0.4642461
 -0.49505767  0.71569055 -2.0721517   1.331662  ]
[-0.49669307  0.806756    0.31186298  0.88096094  1.6074429   0.223458
 -0.89312077 -0.3928964  -0.17633203 -1.749155    0.85386974 -0.4642461
 -0.49505767  0.71569055 -2.0721517   1.331662  ]
[-0.49669307  0.806756    0.31186298  0.88096094  1.6074429   0.223458
 -0.89312077 -0.3928964  -0.17633203 -1.749155    0.85386974 -0.4642461
 -0.49505767  0.71569055 -2.0721517   1.331662  ]
[-0.49669307  0.806756    0.31186298  0.88096094  1.6074429   0.223458
 -0.89312077 -0.3928964  -0.17633203 -1.749155    0.85386974 -0.4642461
 -0.49505767  0.71569055 -2.0721517   1.331662  ]
[-0.5015067   0.7521648   0.32212916  0.9346994   1.6194534   0.24241829
 -0.8967587  -0.39190185 -0.19085768 -1.7456596   0.797284   -0.430032
 -0.44465166  0.74089205 -2.0946383   1.276878  ]
[-0.5015067   0.7521648   0.32212916  0.9346994   1.6194534   0.24241829
 -0.8967587  -0.39190185 -0.19085768 -1.7456596   0.797284   -0.430032
 -0.44465166  0.74089205 -2.0946383   1.276878  ]
[-0.5015067   0.7521648   0.32212916  0.9346994   1.6194534   0.24241829
 -0.8967587  -0.39190185 -0.19085768 -1.7456596   0.797284   -0.430032
 -0.44465166  0.74089205 -2.0946383   1.276878  ]
[-0.5015067   0.7521648   0.32212916  0.9346994   1.6194534   0.24241829
 -0.8967587  -0.39190185 -0.19085768 -1.7456596   0.797284   -0.430032
 -0.44465166  0.74089205 -2.0946383   1.276878  ]
[-0.50958425  0.7165678   0.3391809   0.95885676  1.6246065   0.24883842
 -0.897058   -0.3868918  -0.21456394 -1.7352451   0.7713021  -0.40525714
 -0.4225606   0.7658746  -2.1038556   1.2377735 ]
[-0.50958425  0.7165678   0.3391809   0.95885676  1.6246065   0.24883842
 -0.897058   -0.3868918  -0.21456394 -1.7352451   0.7713021  -0.40525714
 -0.4225606   0.7658746  -2.1038556   1.2377735 ]
[-0.50958425  0.7165678   0.3391809   0.95885676  1.6246065   0.24883842
 -0.897058   -0.3868918  -0.21456394 -1.7352451   0.7713021  -0.40525714
 -0.4225606   0.7658746  -2.1038556   1.2377735 ]
[-0.50958425  0.7165678   0.3391809   0.95885676  1.6246065   0.24883842
 -0.897058   -0.3868918  -0.21456394 -1.7352451   0.7713021  -0.40525714
 -0.4225606   0.7658746  -2.1038556   1.2377735 ]
[-0.6031543   0.68732655  0.3479424   0.9895169   1.633742    0.2968606
 -0.92403203 -0.3404901  -0.16186866 -1.698404    0.71673    -0.364318
 -0.44734794  0.7484955  -2.0973487   1.2034019 ]
[-0.6031543   0.68732655  0.3479424   0.9895169   1.633742    0.2968606
 -0.92403203 -0.3404901  -0.16186866 -1.698404    0.71673    -0.364318
 -0.44734794  0.7484955  -2.0973487   1.2034019 ]
[-0.6031543   0.68732655  0.3479424   0.9895169   1.633742    0.2968606
 -0.92403203 -0.3404901  -0.16186866 -1.698404    0.71673    -0.364318
 -0.44734794  0.7484955  -2.0973487   1.2034019 ]
[-0.6031543   0.68732655  0.3479424   0.9895169   1.633742    0.2968606
 -0.92403203 -0.3404901  -0.16186866 -1.698404    0.71673    -0.364318
 -0.44734794  0.7484955  -2.0973487   1.2034019 ]
[-0.6031543   0.68732655  0.3479424   0.9895169   1.633742    0.2968606
 -0.92403203 -0.3404901  -0.16186866 -1.698404    0.71673    -0.364318
 -0.44734794  0.7484955  -2.0973487   1.2034019 ]
[-0.59569657  0.69047153  0.33089596  0.97790766  1.6330459   0.2629817
 -0.8827437  -0.34052318 -0.16433248 -1.6958364   0.73006177 -0.4183256
 -0.4462448   0.78077805 -2.1130433   1.2390064 ]
[-0.59569657  0.69047153  0.33089596  0.97790766  1.6330459   0.2629817
 -0.8827437  -0.34052318 -0.16433248 -1.6958364   0.73006177 -0.4183256
 -0.4462448   0.78077805 -2.1130433   1.2390064 ]
[-0.59569657  0.69047153  0.33089596  0.97790766  1.6330459   0.2629817
 -0.8827437  -0.34052318 -0.16433248 -1.6958364   0.73006177 -0.4183256
 -0.4462448   0.78077805 -2.1130433   1.2390064 ]
[-0.59569657  0.69047153  0.33089596  0.97790766  1.6330459   0.2629817
 -0.8827437  -0.34052318 -0.16433248 -1.6958364   0.73006177 -0.4183256
 -0.4462448   0.78077805 -2.1130433   1.2390064 ]
[-0.56916326  0.7320572   0.32382512  0.9213084   1.6426163   0.27441445
 -0.9156787  -0.3673269  -0.15396759 -1.7068424   0.79016656 -0.42204005
 -0.46884522  0.7393256  -2.0841417   1.2531567 ]
[-0.56916326  0.7320572   0.32382512  0.9213084   1.6426163   0.27441445
 -0.9156787  -0.3673269  -0.15396759 -1.7068424   0.79016656 -0.42204005
 -0.46884522  0.7393256  -2.0841417   1.2531567 ]
[-0.56916326  0.7320572   0.32382512  0.9213084   1.6426163   0.27441445
 -0.9156787  -0.3673269  -0.15396759 -1.7068424   0.79016656 -0.42204005
 -0.46884522  0.7393256  -2.0841417   1.2531567 ]
[-0.56916326  0.7320572   0.32382512  0.9213084   1.6426163   0.27441445
 -0.9156787  -0.3673269  -0.15396759 -1.7068424   0.79016656 -0.42204005
 -0.46884522  0.7393256  -2.0841417   1.2531567 ]
[-0.48092037  0.7003052   0.32906058  0.9467433   1.6542473   0.23439875
 -0.8613704  -0.41419417 -0.22555098 -1.7315371   0.79836595 -0.45777598
 -0.40835056  0.7679169  -2.1091151   1.245619  ]
[-0.48092037  0.7003052   0.32906058  0.9467433   1.6542473   0.23439875
 -0.8613704  -0.41419417 -0.22555098 -1.7315371   0.79836595 -0.45777598
 -0.40835056  0.7679169  -2.1091151   1.245619  ]
[-0.48092037  0.7003052   0.32906058  0.9467433   1.6542473   0.23439875
 -0.8613704  -0.41419417 -0.22555098 -1.7315371   0.79836595 -0.45777598
 -0.40835056  0.7679169  -2.1091151   1.245619  ]
[-0.48092037  0.7003052   0.32906058  0.9467433   1.6542473   0.23439875
 -0.8613704  -0.41419417 -0.22555098 -1.7315371   0.79836595 -0.45777598
 -0.40835056  0.7679169  -2.1091151   1.245619  ]
[-0.52877414  0.7255374   0.37907085  0.9463989   1.6100178   0.28420573
 -0.90196437 -0.39151067 -0.20386592 -1.7300441   0.77127665 -0.3937517
 -0.42054862  0.75207317 -2.104899    1.1925762 ]
[-0.52877414  0.7255374   0.37907085  0.9463989   1.6100178   0.28420573
 -0.90196437 -0.39151067 -0.20386592 -1.7300441   0.77127665 -0.3937517
 -0.42054862  0.75207317 -2.104899    1.1925762 ]
[-0.52877414  0.7255374   0.37907085  0.9463989   1.6100178   0.28420573
 -0.90196437 -0.39151067 -0.20386592 -1.7300441   0.77127665 -0.3937517
 -0.42054862  0.75207317 -2.104899    1.1925762 ]
[-0.52877414  0.7255374   0.37907085  0.9463989   1.6100178   0.28420573
 -0.90196437 -0.39151067 -0.20386592 -1.7300441   0.77127665 -0.3937517
 -0.42054862  0.75207317 -2.104899    1.1925762 ]
[-0.5997962   0.7163927   0.38800105  0.9584463   1.6075798   0.31198138
 -0.9297117  -0.35357094 -0.17756347 -1.7024317   0.7422581  -0.36625832
 -0.45511246  0.7475284  -2.0858135   1.1838324 ]
[-0.5997962   0.7163927   0.38800105  0.9584463   1.6075798   0.31198138
 -0.9297117  -0.35357094 -0.17756347 -1.7024317   0.7422581  -0.36625832
 -0.45511246  0.7475284  -2.0858135   1.1838324 ]
[-0.5997962   0.7163927   0.38800105  0.9584463   1.6075798   0.31198138
 -0.9297117  -0.35357094 -0.17756347 -1.7024317   0.7422581  -0.36625832
 -0.45511246  0.7475284  -2.0858135   1.1838324 ]
[-0.5997962   0.7163927   0.38800105  0.9584463   1.6075798   0.31198138
 -0.9297117  -0.35357094 -0.17756347 -1.7024317   0.7422581  -0.36625832
 -0.45511246  0.7475284  -2.0858135   1.1838324 ]
[-0.5997728   0.7050071   0.3799196   0.96999776  1.6221378   0.30745474
 -0.9166916  -0.34074658 -0.15970294 -1.686459    0.7198663  -0.37424138
 -0.48174152  0.728274   -2.0939994   1.2077072 ]
[-0.5997728   0.7050071   0.3799196   0.96999776  1.6221378   0.30745474
 -0.9166916  -0.34074658 -0.15970294 -1.686459    0.7198663  -0.37424138
 -0.48174152  0.728274   -2.0939994   1.2077072 ]
[-0.5997728   0.7050071   0.3799196   0.96999776  1.6221378   0.30745474
 -0.9166916  -0.34074658 -0.15970294 -1.686459    0.7198663  -0.37424138
 -0.48174152  0.728274   -2.0939994   1.2077072 ]
[-0.5997728   0.7050071   0.3799196   0.96999776  1.6221378   0.30745474
 -0.9166916  -0.34074658 -0.15970294 -1.686459    0.7198663  -0.37424138
 -0.48174152  0.728274   -2.0939994   1.2077072 ]
[-0.5997728   0.7050071   0.3799196   0.96999776  1.6221378   0.30745474
 -0.9166916  -0.34074658 -0.15970294 -1.686459    0.7198663  -0.37424138
 -0.48174152  0.728274   -2.0939994   1.2077072 ]
[-0.57471627  0.6953646   0.34667692  0.9893468   1.6001505   0.26208606
 -0.8529552  -0.32792607 -0.15630542 -1.6596102   0.717656   -0.40851983
 -0.52398115  0.7796529  -2.1441007   1.2455317 ]
[-0.57471627  0.6953646   0.34667692  0.9893468   1.6001505   0.26208606
 -0.8529552  -0.32792607 -0.15630542 -1.6596102   0.717656   -0.40851983
 -0.52398115  0.7796529  -2.1441007   1.2455317 ]
[-0.57471627  0.6953646   0.34667692  0.9893468   1.6001505   0.26208606
 -0.8529552  -0.32792607 -0.15630542 -1.6596102   0.717656   -0.40851983
 -0.52398115  0.7796529  -2.1441007   1.2455317 ]
[-0.57471627  0.6953646   0.34667692  0.9893468   1.6001505   0.26208606
 -0.8529552  -0.32792607 -0.15630542 -1.6596102   0.717656   -0.40851983
 -0.52398115  0.7796529  -2.1441007   1.2455317 ]
[-0.57471627  0.6953646   0.34667692  0.9893468   1.6001505   0.26208606
 -0.8529552  -0.32792607 -0.15630542 -1.6596102   0.717656   -0.40851983
 -0.52398115  0.7796529  -2.1441007   1.2455317 ]
[-0.5819036   0.70750797  0.33839738  0.97391206  1.599487    0.26052326
 -0.86390173 -0.33478755 -0.14075252 -1.6810373   0.7508017  -0.39903384
 -0.5150051   0.7534893  -2.1214      1.2416734 ]
[-0.5819036   0.70750797  0.33839738  0.97391206  1.599487    0.26052326
 -0.86390173 -0.33478755 -0.14075252 -1.6810373   0.7508017  -0.39903384
 -0.5150051   0.7534893  -2.1214      1.2416734 ]
[-0.5819036   0.70750797  0.33839738  0.97391206  1.599487    0.26052326
 -0.86390173 -0.33478755 -0.14075252 -1.6810373   0.7508017  -0.39903384
 -0.5150051   0.7534893  -2.1214      1.2416734 ]
[-0.5819036   0.70750797  0.33839738  0.97391206  1.599487    0.26052326
 -0.86390173 -0.33478755 -0.14075252 -1.6810373   0.7508017  -0.39903384
 -0.5150051   0.7534893  -2.1214      1.2416734 ]
[-0.5111462   0.69939876  0.3736127   0.9727545   1.6005586   0.2385695
 -0.8315306  -0.37941563 -0.20882186 -1.719326    0.7586087  -0.4356142
 -0.44704333  0.759387   -2.1221201   1.2393456 ]
[-0.5111462   0.69939876  0.3736127   0.9727545   1.6005586   0.2385695
 -0.8315306  -0.37941563 -0.20882186 -1.719326    0.7586087  -0.4356142
 -0.44704333  0.759387   -2.1221201   1.2393456 ]
[-0.5111462   0.69939876  0.3736127   0.9727545   1.6005586   0.2385695
 -0.8315306  -0.37941563 -0.20882186 -1.719326    0.7586087  -0.4356142
 -0.44704333  0.759387   -2.1221201   1.2393456 ]
[-0.5111462   0.69939876  0.3736127   0.9727545   1.6005586   0.2385695
 -0.8315306  -0.37941563 -0.20882186 -1.719326    0.7586087  -0.4356142
 -0.44704333  0.759387   -2.1221201   1.2393456 ]
[-0.5111462   0.69939876  0.3736127   0.9727545   1.6005586   0.2385695
 -0.8315306  -0.37941563 -0.20882186 -1.719326    0.7586087  -0.4356142
 -0.44704333  0.759387   -2.1221201   1.2393456 ]
[-0.5994421   0.71788776  0.3960902   0.9687458   1.582649    0.3132978
 -0.89094126 -0.36678144 -0.17784777 -1.7018316   0.74824625 -0.38148445
 -0.46173936  0.74923843 -2.090681    1.1798842 ]
[-0.5994421   0.71788776  0.3960902   0.9687458   1.582649    0.3132978
 -0.89094126 -0.36678144 -0.17784777 -1.7018316   0.74824625 -0.38148445
 -0.46173936  0.74923843 -2.090681    1.1798842 ]
[-0.5994421   0.71788776  0.3960902   0.9687458   1.582649    0.3132978
 -0.89094126 -0.36678144 -0.17784777 -1.7018316   0.74824625 -0.38148445
 -0.46173936  0.74923843 -2.090681    1.1798842 ]
[-0.5994421   0.71788776  0.3960902   0.9687458   1.582649    0.3132978
 -0.89094126 -0.36678144 -0.17784777 -1.7018316   0.74824625 -0.38148445
 -0.46173936  0.74923843 -2.090681    1.1798842 ]
[-0.512596    0.7929145   0.35757035  0.92389977  1.5454261   0.28798145
 -0.854126   -0.39794293 -0.2280622  -1.7006464   0.7914874  -0.41517687
 -0.530472    0.77258366 -2.0993302   1.2555783 ]
[-0.512596    0.7929145   0.35757035  0.92389977  1.5454261   0.28798145
 -0.854126   -0.39794293 -0.2280622  -1.7006464   0.7914874  -0.41517687
 -0.530472    0.77258366 -2.0993302   1.2555783 ]
[-0.512596    0.7929145   0.35757035  0.92389977  1.5454261   0.28798145
 -0.854126   -0.39794293 -0.2280622  -1.7006464   0.7914874  -0.41517687
 -0.530472    0.77258366 -2.0993302   1.2555783 ]
[-0.512596    0.7929145   0.35757035  0.92389977  1.5454261   0.28798145
 -0.854126   -0.39794293 -0.2280622  -1.7006464   0.7914874  -0.41517687
 -0.530472    0.77258366 -2.0993302   1.2555783 ]
[-0.5871078   0.80242187  0.37466475  0.8646312   1.5885423   0.29280844
 -0.9415604  -0.33789998 -0.13396195 -1.7064972   0.79585683 -0.39429933
 -0.54620326  0.69979966 -2.0502381   1.268912  ]
[-0.5871078   0.80242187  0.37466475  0.8646312   1.5885423   0.29280844
 -0.9415604  -0.33789998 -0.13396195 -1.7064972   0.79585683 -0.39429933
 -0.54620326  0.69979966 -2.0502381   1.268912  ]
[-0.5871078   0.80242187  0.37466475  0.8646312   1.5885423   0.29280844
 -0.9415604  -0.33789998 -0.13396195 -1.7064972   0.79585683 -0.39429933
 -0.54620326  0.69979966 -2.0502381   1.268912  ]
[-0.5871078   0.80242187  0.37466475  0.8646312   1.5885423   0.29280844
 -0.9415604  -0.33789998 -0.13396195 -1.7064972   0.79585683 -0.39429933
 -0.54620326  0.69979966 -2.0502381   1.268912  ]
[-0.5624801   0.787179    0.32385936  0.87366104  1.6284939   0.26056516
 -0.93475896 -0.3487983  -0.12045904 -1.7089838   0.81652176 -0.4251182
 -0.53105384  0.6929315  -2.0606265   1.3003172 ]
[-0.5624801   0.787179    0.32385936  0.87366104  1.6284939   0.26056516
 -0.93475896 -0.3487983  -0.12045904 -1.7089838   0.81652176 -0.4251182
 -0.53105384  0.6929315  -2.0606265   1.3003172 ]
[-0.5624801   0.787179    0.32385936  0.87366104  1.6284939   0.26056516
 -0.93475896 -0.3487983  -0.12045904 -1.7089838   0.81652176 -0.4251182
 -0.53105384  0.6929315  -2.0606265   1.3003172 ]
[-0.5624801   0.787179    0.32385936  0.87366104  1.6284939   0.26056516
 -0.93475896 -0.3487983  -0.12045904 -1.7089838   0.81652176 -0.4251182
 -0.53105384  0.6929315  -2.0606265   1.3003172 ]
[-0.5624801   0.787179    0.32385936  0.87366104  1.6284939   0.26056516
 -0.93475896 -0.3487983  -0.12045904 -1.7089838   0.81652176 -0.4251182
 -0.53105384  0.6929315  -2.0606265   1.3003172 ]
[-0.4805436   0.7663089   0.30534625  0.89774716  1.6396143   0.21242818
 -0.8906803  -0.3853351  -0.18134552 -1.7390083   0.8262965  -0.47416496
 -0.4690043   0.72251236 -2.0857325   1.3274828 ]
[-0.4805436   0.7663089   0.30534625  0.89774716  1.6396143   0.21242818
 -0.8906803  -0.3853351  -0.18134552 -1.7390083   0.8262965  -0.47416496
 -0.4690043   0.72251236 -2.0857325   1.3274828 ]
[-0.4805436   0.7663089   0.30534625  0.89774716  1.6396143   0.21242818
 -0.8906803  -0.3853351  -0.18134552 -1.7390083   0.8262965  -0.47416496
 -0.4690043   0.72251236 -2.0857325   1.3274828 ]
[-0.4805436   0.7663089   0.30534625  0.89774716  1.6396143   0.21242818
 -0.8906803  -0.3853351  -0.18134552 -1.7390083   0.8262965  -0.47416496
 -0.4690043   0.72251236 -2.0857325   1.3274828 ]
[-0.4805436   0.7663089   0.30534625  0.89774716  1.6396143   0.21242818
 -0.8906803  -0.3853351  -0.18134552 -1.7390083   0.8262965  -0.47416496
 -0.4690043   0.72251236 -2.0857325   1.3274828 ]
[-0.4730999   0.73918945  0.31859112  0.9310797   1.6284759   0.21975616
 -0.8596217  -0.40149277 -0.20530932 -1.7343534   0.8106338  -0.46133193
 -0.44312477  0.76156825 -2.118053    1.2764999 ]
[-0.4730999   0.73918945  0.31859112  0.9310797   1.6284759   0.21975616
 -0.8596217  -0.40149277 -0.20530932 -1.7343534   0.8106338  -0.46133193
 -0.44312477  0.76156825 -2.118053    1.2764999 ]
[-0.4730999   0.73918945  0.31859112  0.9310797   1.6284759   0.21975616
 -0.8596217  -0.40149277 -0.20530932 -1.7343534   0.8106338  -0.46133193
 -0.44312477  0.76156825 -2.118053    1.2764999 ]
[-0.4730999   0.73918945  0.31859112  0.9310797   1.6284759   0.21975616
 -0.8596217  -0.40149277 -0.20530932 -1.7343534   0.8106338  -0.46133193
 -0.44312477  0.76156825 -2.118053    1.2764999 ]
[-0.4885376   0.7486178   0.36343402  0.9253048   1.5971857   0.2425311
 -0.8640641  -0.38223368 -0.19269383 -1.7200267   0.7926839  -0.4250041
 -0.49474573  0.75128514 -2.1234345   1.258     ]
[-0.4885376   0.7486178   0.36343402  0.9253048   1.5971857   0.2425311
 -0.8640641  -0.38223368 -0.19269383 -1.7200267   0.7926839  -0.4250041
 -0.49474573  0.75128514 -2.1234345   1.258     ]
[-0.4885376   0.7486178   0.36343402  0.9253048   1.5971857   0.2425311
 -0.8640641  -0.38223368 -0.19269383 -1.7200267   0.7926839  -0.4250041
 -0.49474573  0.75128514 -2.1234345   1.258     ]
[-0.4885376   0.7486178   0.36343402  0.9253048   1.5971857   0.2425311
 -0.8640641  -0.38223368 -0.19269383 -1.7200267   0.7926839  -0.4250041
 -0.49474573  0.75128514 -2.1234345   1.258     ]
[-0.4885376   0.7486178   0.36343402  0.9253048   1.5971857   0.2425311
 -0.8640641  -0.38223368 -0.19269383 -1.7200267   0.7926839  -0.4250041
 -0.49474573  0.75128514 -2.1234345   1.258     ]
[-0.57679063  0.72358775  0.37254232  0.949955    1.6054649   0.29312393
 -0.90515745 -0.32943982 -0.12149841 -1.6787205   0.7399853  -0.36434534
 -0.53538686  0.7147015  -2.1197572   1.2188847 ]
[-0.57679063  0.72358775  0.37254232  0.949955    1.6054649   0.29312393
 -0.90515745 -0.32943982 -0.12149841 -1.6787205   0.7399853  -0.36434534
 -0.53538686  0.7147015  -2.1197572   1.2188847 ]
[-0.57679063  0.72358775  0.37254232  0.949955    1.6054649   0.29312393
 -0.90515745 -0.32943982 -0.12149841 -1.6787205   0.7399853  -0.36434534
 -0.53538686  0.7147015  -2.1197572   1.2188847 ]
[-0.57679063  0.72358775  0.37254232  0.949955    1.6054649   0.29312393
 -0.90515745 -0.32943982 -0.12149841 -1.6787205   0.7399853  -0.36434534
 -0.53538686  0.7147015  -2.1197572   1.2188847 ]
[-0.5836044   0.727954    0.34745383  0.9367569   1.6253929   0.273073
 -0.91719997 -0.31905514 -0.12041992 -1.67596     0.75439024 -0.3870998
 -0.5269309   0.7074245  -2.104318    1.2507837 ]
[-0.5836044   0.727954    0.34745383  0.9367569   1.6253929   0.273073
 -0.91719997 -0.31905514 -0.12041992 -1.67596     0.75439024 -0.3870998
 -0.5269309   0.7074245  -2.104318    1.2507837 ]
[-0.5836044   0.727954    0.34745383  0.9367569   1.6253929   0.273073
 -0.91719997 -0.31905514 -0.12041992 -1.67596     0.75439024 -0.3870998
 -0.5269309   0.7074245  -2.104318    1.2507837 ]
[-0.5836044   0.727954    0.34745383  0.9367569   1.6253929   0.273073
 -0.91719997 -0.31905514 -0.12041992 -1.67596     0.75439024 -0.3870998
 -0.5269309   0.7074245  -2.104318    1.2507837 ]
[-0.5754729   0.71985507  0.31708348  0.9458969   1.6278843   0.24589801
 -0.89359915 -0.3342894  -0.1441342  -1.6932398   0.7623959  -0.42527503
 -0.4770905   0.74191296 -2.1041512   1.2761009 ]
[-0.5754729   0.71985507  0.31708348  0.9458969   1.6278843   0.24589801
 -0.89359915 -0.3342894  -0.1441342  -1.6932398   0.7623959  -0.42527503
 -0.4770905   0.74191296 -2.1041512   1.2761009 ]
[-0.5754729   0.71985507  0.31708348  0.9458969   1.6278843   0.24589801
 -0.89359915 -0.3342894  -0.1441342  -1.6932398   0.7623959  -0.42527503
 -0.4770905   0.74191296 -2.1041512   1.2761009 ]
[-0.5754729   0.71985507  0.31708348  0.9458969   1.6278843   0.24589801
 -0.89359915 -0.3342894  -0.1441342  -1.6932398   0.7623959  -0.42527503
 -0.4770905   0.74191296 -2.1041512   1.2761009 ]
[-0.5754729   0.71985507  0.31708348  0.9458969   1.6278843   0.24589801
 -0.89359915 -0.3342894  -0.1441342  -1.6932398   0.7623959  -0.42527503
 -0.4770905   0.74191296 -2.1041512   1.2761009 ]
[-0.48917603  0.7138545   0.33740702  0.9469155   1.6269157   0.22023854
 -0.8523451  -0.4015979  -0.22840509 -1.7331117   0.7905034  -0.4628191
 -0.4117175   0.7634722  -2.1071067   1.2759172 ]
[-0.48917603  0.7138545   0.33740702  0.9469155   1.6269157   0.22023854
 -0.8523451  -0.4015979  -0.22840509 -1.7331117   0.7905034  -0.4628191
 -0.4117175   0.7634722  -2.1071067   1.2759172 ]
[-0.48917603  0.7138545   0.33740702  0.9469155   1.6269157   0.22023854
 -0.8523451  -0.4015979  -0.22840509 -1.7331117   0.7905034  -0.4628191
 -0.4117175   0.7634722  -2.1071067   1.2759172 ]
[-0.48917603  0.7138545   0.33740702  0.9469155   1.6269157   0.22023854
 -0.8523451  -0.4015979  -0.22840509 -1.7331117   0.7905034  -0.4628191
 -0.4117175   0.7634722  -2.1071067   1.2759172 ]
[-0.47591478  0.72810507  0.36834008  0.9556898   1.5861593   0.2422333
 -0.82146966 -0.40806523 -0.23309276 -1.7221161   0.77007407 -0.4390276
 -0.4572009   0.77483624 -2.1336753   1.2531245 ]
[-0.47591478  0.72810507  0.36834008  0.9556898   1.5861593   0.2422333
 -0.82146966 -0.40806523 -0.23309276 -1.7221161   0.77007407 -0.4390276
 -0.4572009   0.77483624 -2.1336753   1.2531245 ]
[-0.47591478  0.72810507  0.36834008  0.9556898   1.5861593   0.2422333
 -0.82146966 -0.40806523 -0.23309276 -1.7221161   0.77007407 -0.4390276
 -0.4572009   0.77483624 -2.1336753   1.2531245 ]
[-0.47591478  0.72810507  0.36834008  0.9556898   1.5861593   0.2422333
 -0.82146966 -0.40806523 -0.23309276 -1.7221161   0.77007407 -0.4390276
 -0.4572009   0.77483624 -2.1336753   1.2531245 ]
[-0.46887654  0.7912659   0.35924697  0.91754055  1.5383488   0.26238146
 -0.8201777  -0.4032423  -0.22358426 -1.6979029   0.7875921  -0.4257033
 -0.55547774  0.7704647  -2.1298265   1.2879565 ]
[-0.46887654  0.7912659   0.35924697  0.91754055  1.5383488   0.26238146
 -0.8201777  -0.4032423  -0.22358426 -1.6979029   0.7875921  -0.4257033
 -0.55547774  0.7704647  -2.1298265   1.2879565 ]
[-0.46887654  0.7912659   0.35924697  0.91754055  1.5383488   0.26238146
 -0.8201777  -0.4032423  -0.22358426 -1.6979029   0.7875921  -0.4257033
 -0.55547774  0.7704647  -2.1298265   1.2879565 ]
[-0.46887654  0.7912659   0.35924697  0.91754055  1.5383488   0.26238146
 -0.8201777  -0.4032423  -0.22358426 -1.6979029   0.7875921  -0.4257033
 -0.55547774  0.7704647  -2.1298265   1.2879565 ]
[-0.46887654  0.7912659   0.35924697  0.91754055  1.5383488   0.26238146
 -0.8201777  -0.4032423  -0.22358426 -1.6979029   0.7875921  -0.4257033
 -0.55547774  0.7704647  -2.1298265   1.2879565 ]
[-0.582306    0.795541    0.3789173   0.86248523  1.579136    0.2810999
 -0.9311897  -0.32624167 -0.11656494 -1.6925665   0.79563534 -0.40085602
 -0.5731201   0.6909379  -2.0621316   1.2914652 ]
[-0.582306    0.795541    0.3789173   0.86248523  1.579136    0.2810999
 -0.9311897  -0.32624167 -0.11656494 -1.6925665   0.79563534 -0.40085602
 -0.5731201   0.6909379  -2.0621316   1.2914652 ]
[-0.582306    0.795541    0.3789173   0.86248523  1.579136    0.2810999
 -0.9311897  -0.32624167 -0.11656494 -1.6925665   0.79563534 -0.40085602
 -0.5731201   0.6909379  -2.0621316   1.2914652 ]
[-0.582306    0.795541    0.3789173   0.86248523  1.579136    0.2810999
 -0.9311897  -0.32624167 -0.11656494 -1.6925665   0.79563534 -0.40085602
 -0.5731201   0.6909379  -2.0621316   1.2914652 ]
[-0.5599329   0.76631373  0.3190395   0.906122    1.6118801   0.2532684
 -0.91220236 -0.33479053 -0.10963668 -1.6943754   0.79606295 -0.41828823
 -0.5441593   0.70260257 -2.0919461   1.3009537 ]
[-0.5599329   0.76631373  0.3190395   0.906122    1.6118801   0.2532684
 -0.91220236 -0.33479053 -0.10963668 -1.6943754   0.79606295 -0.41828823
 -0.5441593   0.70260257 -2.0919461   1.3009537 ]
[-0.5599329   0.76631373  0.3190395   0.906122    1.6118801   0.2532684
 -0.91220236 -0.33479053 -0.10963668 -1.6943754   0.79606295 -0.41828823
 -0.5441593   0.70260257 -2.0919461   1.3009537 ]
[-0.5599329   0.76631373  0.3190395   0.906122    1.6118801   0.2532684
 -0.91220236 -0.33479053 -0.10963668 -1.6943754   0.79606295 -0.41828823
 -0.5441593   0.70260257 -2.0919461   1.3009537 ]
[-0.47096157  0.7406028   0.3138066   0.93960774  1.6178532   0.21430178
 -0.85501754 -0.3800733  -0.18719456 -1.7213151   0.80094874 -0.45761293
 -0.4754023   0.7407913  -2.1282475   1.298118  ]
[-0.47096157  0.7406028   0.3138066   0.93960774  1.6178532   0.21430178
 -0.85501754 -0.3800733  -0.18719456 -1.7213151   0.80094874 -0.45761293
 -0.4754023   0.7407913  -2.1282475   1.298118  ]
[-0.47096157  0.7406028   0.3138066   0.93960774  1.6178532   0.21430178
 -0.85501754 -0.3800733  -0.18719456 -1.7213151   0.80094874 -0.45761293
 -0.4754023   0.7407913  -2.1282475   1.298118  ]
[-0.47096157  0.7406028   0.3138066   0.93960774  1.6178532   0.21430178
 -0.85501754 -0.3800733  -0.18719456 -1.7213151   0.80094874 -0.45761293
 -0.4754023   0.7407913  -2.1282475   1.298118  ]
[-0.48908368  0.72500926  0.33797947  0.9544543   1.6139679   0.2413814
 -0.8729558  -0.38299143 -0.20809789 -1.7143414   0.7720885  -0.42930573
 -0.45965776  0.7586422  -2.1218195   1.2636425 ]
[-0.48908368  0.72500926  0.33797947  0.9544543   1.6139679   0.2413814
 -0.8729558  -0.38299143 -0.20809789 -1.7143414   0.7720885  -0.42930573
 -0.45965776  0.7586422  -2.1218195   1.2636425 ]
[-0.48908368  0.72500926  0.33797947  0.9544543   1.6139679   0.2413814
 -0.8729558  -0.38299143 -0.20809789 -1.7143414   0.7720885  -0.42930573
 -0.45965776  0.7586422  -2.1218195   1.2636425 ]
[-0.48908368  0.72500926  0.33797947  0.9544543   1.6139679   0.2413814
 -0.8729558  -0.38299143 -0.20809789 -1.7143414   0.7720885  -0.42930573
 -0.45965776  0.7586422  -2.1218195   1.2636425 ]
[-0.48908368  0.72500926  0.33797947  0.9544543   1.6139679   0.2413814
 -0.8729558  -0.38299143 -0.20809789 -1.7143414   0.7720885  -0.42930573
 -0.45965776  0.7586422  -2.1218195   1.2636425 ]
[-0.52039653  0.71932256  0.32631606  0.9828451   1.5935026   0.2684753
 -0.8771593  -0.34667596 -0.16976257 -1.6769636   0.7225922  -0.37366754
 -0.5095884   0.75103503 -2.1478162   1.2467922 ]
[-0.52039653  0.71932256  0.32631606  0.9828451   1.5935026   0.2684753
 -0.8771593  -0.34667596 -0.16976257 -1.6769636   0.7225922  -0.37366754
 -0.5095884   0.75103503 -2.1478162   1.2467922 ]
[-0.52039653  0.71932256  0.32631606  0.9828451   1.5935026   0.2684753
 -0.8771593  -0.34667596 -0.16976257 -1.6769636   0.7225922  -0.37366754
 -0.5095884   0.75103503 -2.1478162   1.2467922 ]
[-0.52039653  0.71932256  0.32631606  0.9828451   1.5935026   0.2684753
 -0.8771593  -0.34667596 -0.16976257 -1.6769636   0.7225922  -0.37366754
 -0.5095884   0.75103503 -2.1478162   1.2467922 ]
[-0.52039653  0.71932256  0.32631606  0.9828451   1.5935026   0.2684753
 -0.8771593  -0.34667596 -0.16976257 -1.6769636   0.7225922  -0.37366754
 -0.5095884   0.75103503 -2.1478162   1.2467922 ]
[-0.55407387  0.71037287  0.33820003  0.94993794  1.63005     0.263942
 -0.8969892  -0.31542543 -0.12570217 -1.670553    0.7183169  -0.38711363
 -0.514595    0.72491837 -2.1331913   1.2509999 ]
[-0.55407387  0.71037287  0.33820003  0.94993794  1.63005     0.263942
 -0.8969892  -0.31542543 -0.12570217 -1.670553    0.7183169  -0.38711363
 -0.514595    0.72491837 -2.1331913   1.2509999 ]
[-0.55407387  0.71037287  0.33820003  0.94993794  1.63005     0.263942
 -0.8969892  -0.31542543 -0.12570217 -1.670553    0.7183169  -0.38711363
 -0.514595    0.72491837 -2.1331913   1.2509999 ]
[-0.55407387  0.71037287  0.33820003  0.94993794  1.63005     0.263942
 -0.8969892  -0.31542543 -0.12570217 -1.670553    0.7183169  -0.38711363
 -0.514595    0.72491837 -2.1331913   1.2509999 ]
[-0.53065884  0.72274137  0.30823836  0.9223611   1.6469313   0.2423208
 -0.88427603 -0.336255   -0.12901342 -1.681914    0.7639198  -0.42877513
 -0.50052965  0.73201543 -2.1319797   1.2747606 ]
[-0.53065884  0.72274137  0.30823836  0.9223611   1.6469313   0.2423208
 -0.88427603 -0.336255   -0.12901342 -1.681914    0.7639198  -0.42877513
 -0.50052965  0.73201543 -2.1319797   1.2747606 ]
[-0.53065884  0.72274137  0.30823836  0.9223611   1.6469313   0.2423208
 -0.88427603 -0.336255   -0.12901342 -1.681914    0.7639198  -0.42877513
 -0.50052965  0.73201543 -2.1319797   1.2747606 ]
[-0.53065884  0.72274137  0.30823836  0.9223611   1.6469313   0.2423208
 -0.88427603 -0.336255   -0.12901342 -1.681914    0.7639198  -0.42877513
 -0.50052965  0.73201543 -2.1319797   1.2747606 ]
[-0.53065884  0.72274137  0.30823836  0.9223611   1.6469313   0.2423208
 -0.88427603 -0.336255   -0.12901342 -1.681914    0.7639198  -0.42877513
 -0.50052965  0.73201543 -2.1319797   1.2747606 ]
[-0.44252643  0.71055305  0.3005022   0.92689514  1.674954    0.20009804
 -0.8586736  -0.39711636 -0.20529374 -1.7258183   0.80274093 -0.487283
 -0.42743698  0.73112303 -2.1174006   1.30523   ]
[-0.44252643  0.71055305  0.3005022   0.92689514  1.674954    0.20009804
 -0.8586736  -0.39711636 -0.20529374 -1.7258183   0.80274093 -0.487283
 -0.42743698  0.73112303 -2.1174006   1.30523   ]
[-0.44252643  0.71055305  0.3005022   0.92689514  1.674954    0.20009804
 -0.8586736  -0.39711636 -0.20529374 -1.7258183   0.80274093 -0.487283
 -0.42743698  0.73112303 -2.1174006   1.30523   ]
[-0.44252643  0.71055305  0.3005022   0.92689514  1.674954    0.20009804
 -0.8586736  -0.39711636 -0.20529374 -1.7258183   0.80274093 -0.487283
 -0.42743698  0.73112303 -2.1174006   1.30523   ]
[-0.48676625  0.72916293  0.33537596  0.9422968   1.6294568   0.24084866
 -0.8699452  -0.39979982 -0.2019991  -1.7283804   0.79649943 -0.43721756
 -0.42434096  0.74675506 -2.1262927   1.2420999 ]
[-0.48676625  0.72916293  0.33537596  0.9422968   1.6294568   0.24084866
 -0.8699452  -0.39979982 -0.2019991  -1.7283804   0.79649943 -0.43721756
 -0.42434096  0.74675506 -2.1262927   1.2420999 ]
[-0.48676625  0.72916293  0.33537596  0.9422968   1.6294568   0.24084866
 -0.8699452  -0.39979982 -0.2019991  -1.7283804   0.79649943 -0.43721756
 -0.42434096  0.74675506 -2.1262927   1.2420999 ]
[-0.48676625  0.72916293  0.33537596  0.9422968   1.6294568   0.24084866
 -0.8699452  -0.39979982 -0.2019991  -1.7283804   0.79649943 -0.43721756
 -0.42434096  0.74675506 -2.1262927   1.2420999 ]
[-0.5096573   0.7311875   0.3614858   0.9471016   1.6131165   0.271301
 -0.87366277 -0.39739233 -0.21264163 -1.7269223   0.7756335  -0.41572675
 -0.42162427  0.75329506 -2.1238313   1.2150265 ]
[-0.5096573   0.7311875   0.3614858   0.9471016   1.6131165   0.271301
 -0.87366277 -0.39739233 -0.21264163 -1.7269223   0.7756335  -0.41572675
 -0.42162427  0.75329506 -2.1238313   1.2150265 ]
[-0.5096573   0.7311875   0.3614858   0.9471016   1.6131165   0.271301
 -0.87366277 -0.39739233 -0.21264163 -1.7269223   0.7756335  -0.41572675
 -0.42162427  0.75329506 -2.1238313   1.2150265 ]
[-0.5096573   0.7311875   0.3614858   0.9471016   1.6131165   0.271301
 -0.87366277 -0.39739233 -0.21264163 -1.7269223   0.7756335  -0.41572675
 -0.42162427  0.75329506 -2.1238313   1.2150265 ]
[-0.4742549   0.75498796  0.33509296  0.94955266  1.5767072   0.2598191
 -0.8348478  -0.3972855  -0.2312096  -1.6937376   0.76253796 -0.41906023
 -0.5014843   0.7823703  -2.1454637   1.265658  ]
[-0.4742549   0.75498796  0.33509296  0.94955266  1.5767072   0.2598191
 -0.8348478  -0.3972855  -0.2312096  -1.6937376   0.76253796 -0.41906023
 -0.5014843   0.7823703  -2.1454637   1.265658  ]
[-0.4742549   0.75498796  0.33509296  0.94955266  1.5767072   0.2598191
 -0.8348478  -0.3972855  -0.2312096  -1.6937376   0.76253796 -0.41906023
 -0.5014843   0.7823703  -2.1454637   1.265658  ]
[-0.4742549   0.75498796  0.33509296  0.94955266  1.5767072   0.2598191
 -0.8348478  -0.3972855  -0.2312096  -1.6937376   0.76253796 -0.41906023
 -0.5014843   0.7823703  -2.1454637   1.265658  ]
[-0.58908653  0.7210833   0.35327882  0.95072496  1.617499    0.2791494
 -0.8966123  -0.32638425 -0.13222288 -1.6779989   0.7385146  -0.38613585
 -0.51073563  0.72880185 -2.1178079   1.2360103 ]
[-0.58908653  0.7210833   0.35327882  0.95072496  1.617499    0.2791494
 -0.8966123  -0.32638425 -0.13222288 -1.6779989   0.7385146  -0.38613585
 -0.51073563  0.72880185 -2.1178079   1.2360103 ]
[-0.58908653  0.7210833   0.35327882  0.95072496  1.617499    0.2791494
 -0.8966123  -0.32638425 -0.13222288 -1.6779989   0.7385146  -0.38613585
 -0.51073563  0.72880185 -2.1178079   1.2360103 ]
[-0.58908653  0.7210833   0.35327882  0.95072496  1.617499    0.2791494
 -0.8966123  -0.32638425 -0.13222288 -1.6779989   0.7385146  -0.38613585
 -0.51073563  0.72880185 -2.1178079   1.2360103 ]
[-0.58908653  0.7210833   0.35327882  0.95072496  1.617499    0.2791494
 -0.8966123  -0.32638425 -0.13222288 -1.6779989   0.7385146  -0.38613585
 -0.51073563  0.72880185 -2.1178079   1.2360103 ]
[-0.56785166  0.7093342   0.33399796  0.95920914  1.6041765   0.24602933
 -0.84809303 -0.3361321  -0.14905114 -1.6845624   0.75395143 -0.42677712
 -0.49244156  0.76694953 -2.1371694   1.2568468 ]
[-0.56785166  0.7093342   0.33399796  0.95920914  1.6041765   0.24602933
 -0.84809303 -0.3361321  -0.14905114 -1.6845624   0.75395143 -0.42677712
 -0.49244156  0.76694953 -2.1371694   1.2568468 ]
[-0.56785166  0.7093342   0.33399796  0.95920914  1.6041765   0.24602933
 -0.84809303 -0.3361321  -0.14905114 -1.6845624   0.75395143 -0.42677712
 -0.49244156  0.76694953 -2.1371694   1.2568468 ]
[-0.56785166  0.7093342   0.33399796  0.95920914  1.6041765   0.24602933
 -0.84809303 -0.3361321  -0.14905114 -1.6845624   0.75395143 -0.42677712
 -0.49244156  0.76694953 -2.1371694   1.2568468 ]
[-0.49804562  0.70669436  0.36098677  0.9556829   1.6180229   0.23133251
 -0.837543   -0.40853158 -0.22631069 -1.7284561   0.7910277  -0.45969972
 -0.42902645  0.75964534 -2.103559    1.2555606 ]
[-0.49804562  0.70669436  0.36098677  0.9556829   1.6180229   0.23133251
 -0.837543   -0.40853158 -0.22631069 -1.7284561   0.7910277  -0.45969972
 -0.42902645  0.75964534 -2.103559    1.2555606 ]
[-0.49804562  0.70669436  0.36098677  0.9556829   1.6180229   0.23133251
 -0.837543   -0.40853158 -0.22631069 -1.7284561   0.7910277  -0.45969972
 -0.42902645  0.75964534 -2.103559    1.2555606 ]
[-0.49804562  0.70669436  0.36098677  0.9556829   1.6180229   0.23133251
 -0.837543   -0.40853158 -0.22631069 -1.7284561   0.7910277  -0.45969972
 -0.42902645  0.75964534 -2.103559    1.2555606 ]
[-0.517937    0.7142745   0.38039613  0.96538943  1.591109    0.2813686
 -0.8536065  -0.41305804 -0.22617455 -1.7205713   0.76857    -0.41219816
 -0.42940146  0.76981676 -2.1095347   1.1973143 ]
[-0.517937    0.7142745   0.38039613  0.96538943  1.591109    0.2813686
 -0.8536065  -0.41305804 -0.22617455 -1.7205713   0.76857    -0.41219816
 -0.42940146  0.76981676 -2.1095347   1.1973143 ]
[-0.517937    0.7142745   0.38039613  0.96538943  1.591109    0.2813686
 -0.8536065  -0.41305804 -0.22617455 -1.7205713   0.76857    -0.41219816
 -0.42940146  0.76981676 -2.1095347   1.1973143 ]
[-0.517937    0.7142745   0.38039613  0.96538943  1.591109    0.2813686
 -0.8536065  -0.41305804 -0.22617455 -1.7205713   0.76857    -0.41219816
 -0.42940146  0.76981676 -2.1095347   1.1973143 ]
[-0.564124    0.75944525  0.3850386   0.9397783   1.5545629   0.32813558
 -0.8953416  -0.4026869  -0.2217274  -1.7011397   0.7776488  -0.3825494
 -0.48440266  0.7861194  -2.082979    1.1903028 ]
[-0.564124    0.75944525  0.3850386   0.9397783   1.5545629   0.32813558
 -0.8953416  -0.4026869  -0.2217274  -1.7011397   0.7776488  -0.3825494
 -0.48440266  0.7861194  -2.082979    1.1903028 ]
[-0.564124    0.75944525  0.3850386   0.9397783   1.5545629   0.32813558
 -0.8953416  -0.4026869  -0.2217274  -1.7011397   0.7776488  -0.3825494
 -0.48440266  0.7861194  -2.082979    1.1903028 ]
[-0.564124    0.75944525  0.3850386   0.9397783   1.5545629   0.32813558
 -0.8953416  -0.4026869  -0.2217274  -1.7011397   0.7776488  -0.3825494
 -0.48440266  0.7861194  -2.082979    1.1903028 ]
[-0.564124    0.75944525  0.3850386   0.9397783   1.5545629   0.32813558
 -0.8953416  -0.4026869  -0.2217274  -1.7011397   0.7776488  -0.3825494
 -0.48440266  0.7861194  -2.082979    1.1903028 ]
[-0.59939986  0.7605438   0.39881453  0.9047781   1.5853856   0.32639045
 -0.9404909  -0.35934308 -0.15950684 -1.6997391   0.76545227 -0.3714637
 -0.5050115   0.73693955 -2.0652394   1.2089179 ]
[-0.59939986  0.7605438   0.39881453  0.9047781   1.5853856   0.32639045
 -0.9404909  -0.35934308 -0.15950684 -1.6997391   0.76545227 -0.3714637
 -0.5050115   0.73693955 -2.0652394   1.2089179 ]
[-0.59939986  0.7605438   0.39881453  0.9047781   1.5853856   0.32639045
 -0.9404909  -0.35934308 -0.15950684 -1.6997391   0.76545227 -0.3714637
 -0.5050115   0.73693955 -2.0652394   1.2089179 ]
[-0.59939986  0.7605438   0.39881453  0.9047781   1.5853856   0.32639045
 -0.9404909  -0.35934308 -0.15950684 -1.6997391   0.76545227 -0.3714637
 -0.5050115   0.73693955 -2.0652394   1.2089179 ]
[-0.59939986  0.7605438   0.39881453  0.9047781   1.5853856   0.32639045
 -0.9404909  -0.35934308 -0.15950684 -1.6997391   0.76545227 -0.3714637
 -0.5050115   0.73693955 -2.0652394   1.2089179 ]
[-0.5860428   0.761794    0.3631997   0.9117395   1.6022804   0.29466173
 -0.9187412  -0.35526356 -0.14264387 -1.7026832   0.76961714 -0.39712054
 -0.51499194  0.7217609  -2.0805755   1.2623293 ]
[-0.5860428   0.761794    0.3631997   0.9117395   1.6022804   0.29466173
 -0.9187412  -0.35526356 -0.14264387 -1.7026832   0.76961714 -0.39712054
 -0.51499194  0.7217609  -2.0805755   1.2623293 ]
[-0.5860428   0.761794    0.3631997   0.9117395   1.6022804   0.29466173
 -0.9187412  -0.35526356 -0.14264387 -1.7026832   0.76961714 -0.39712054
 -0.51499194  0.7217609  -2.0805755   1.2623293 ]
[-0.5860428   0.761794    0.3631997   0.9117395   1.6022804   0.29466173
 -0.9187412  -0.35526356 -0.14264387 -1.7026832   0.76961714 -0.39712054
 -0.51499194  0.7217609  -2.0805755   1.2623293 ]
[-0.56376135  0.7522935   0.3197669   0.91402686  1.6299522   0.2680096
 -0.90880644 -0.36299428 -0.15385929 -1.7087511   0.78976697 -0.4287406
 -0.49049586  0.7150444  -2.078418    1.2977005 ]
[-0.56376135  0.7522935   0.3197669   0.91402686  1.6299522   0.2680096
 -0.90880644 -0.36299428 -0.15385929 -1.7087511   0.78976697 -0.4287406
 -0.49049586  0.7150444  -2.078418    1.2977005 ]
[-0.56376135  0.7522935   0.3197669   0.91402686  1.6299522   0.2680096
 -0.90880644 -0.36299428 -0.15385929 -1.7087511   0.78976697 -0.4287406
 -0.49049586  0.7150444  -2.078418    1.2977005 ]
[-0.56376135  0.7522935   0.3197669   0.91402686  1.6299522   0.2680096
 -0.90880644 -0.36299428 -0.15385929 -1.7087511   0.78976697 -0.4287406
 -0.49049586  0.7150444  -2.078418    1.2977005 ]
[-0.46484572  0.70352334  0.30339164  0.9480817   1.635766    0.20529771
 -0.82610816 -0.41039482 -0.2501894  -1.7262592   0.78915757 -0.48719066
 -0.4147086   0.78188294 -2.1079888   1.3112292 ]
[-0.46484572  0.70352334  0.30339164  0.9480817   1.635766    0.20529771
 -0.82610816 -0.41039482 -0.2501894  -1.7262592   0.78915757 -0.48719066
 -0.4147086   0.78188294 -2.1079888   1.3112292 ]
[-0.46484572  0.70352334  0.30339164  0.9480817   1.635766    0.20529771
 -0.82610816 -0.41039482 -0.2501894  -1.7262592   0.78915757 -0.48719066
 -0.4147086   0.78188294 -2.1079888   1.3112292 ]
[-0.46484572  0.70352334  0.30339164  0.9480817   1.635766    0.20529771
 -0.82610816 -0.41039482 -0.2501894  -1.7262592   0.78915757 -0.48719066
 -0.4147086   0.78188294 -2.1079888   1.3112292 ]
[-0.46484572  0.70352334  0.30339164  0.9480817   1.635766    0.20529771
 -0.82610816 -0.41039482 -0.2501894  -1.7262592   0.78915757 -0.48719066
 -0.4147086   0.78188294 -2.1079888   1.3112292 ]
[-0.5020988   0.6784004   0.3511644   1.0022198   1.6025006   0.24764995
 -0.8508517  -0.37829787 -0.22504863 -1.7132483   0.71880317 -0.4069664
 -0.41450995  0.778096   -2.1341624   1.233922  ]
[-0.5020988   0.6784004   0.3511644   1.0022198   1.6025006   0.24764995
 -0.8508517  -0.37829787 -0.22504863 -1.7132483   0.71880317 -0.4069664
 -0.41450995  0.778096   -2.1341624   1.233922  ]
[-0.5020988   0.6784004   0.3511644   1.0022198   1.6025006   0.24764995
 -0.8508517  -0.37829787 -0.22504863 -1.7132483   0.71880317 -0.4069664
 -0.41450995  0.778096   -2.1341624   1.233922  ]
[-0.5020988   0.6784004   0.3511644   1.0022198   1.6025006   0.24764995
 -0.8508517  -0.37829787 -0.22504863 -1.7132483   0.71880317 -0.4069664
 -0.41450995  0.778096   -2.1341624   1.233922  ]
[-0.56006324  0.663618    0.3551752   1.042017    1.580045    0.28908896
 -0.8591323  -0.3594099  -0.20653367 -1.6809015   0.68252623 -0.36664578
 -0.43817195  0.80188674 -2.1439044   1.1864207 ]
[-0.56006324  0.663618    0.3551752   1.042017    1.580045    0.28908896
 -0.8591323  -0.3594099  -0.20653367 -1.6809015   0.68252623 -0.36664578
 -0.43817195  0.80188674 -2.1439044   1.1864207 ]
[-0.56006324  0.663618    0.3551752   1.042017    1.580045    0.28908896
 -0.8591323  -0.3594099  -0.20653367 -1.6809015   0.68252623 -0.36664578
 -0.43817195  0.80188674 -2.1439044   1.1864207 ]
[-0.56006324  0.663618    0.3551752   1.042017    1.580045    0.28908896
 -0.8591323  -0.3594099  -0.20653367 -1.6809015   0.68252623 -0.36664578
 -0.43817195  0.80188674 -2.1439044   1.1864207 ]
[-0.56006324  0.663618    0.3551752   1.042017    1.580045    0.28908896
 -0.8591323  -0.3594099  -0.20653367 -1.6809015   0.68252623 -0.36664578
 -0.43817195  0.80188674 -2.1439044   1.1864207 ]
[-0.5882402   0.6719459   0.3765539   1.0024146   1.5996001   0.2921387
 -0.8737857  -0.33582306 -0.16947483 -1.6654747   0.6845814  -0.37837192
 -0.47528368  0.78707224 -2.1303837   1.1888126 ]
[-0.5882402   0.6719459   0.3765539   1.0024146   1.5996001   0.2921387
 -0.8737857  -0.33582306 -0.16947483 -1.6654747   0.6845814  -0.37837192
 -0.47528368  0.78707224 -2.1303837   1.1888126 ]
[-0.5882402   0.6719459   0.3765539   1.0024146   1.5996001   0.2921387
 -0.8737857  -0.33582306 -0.16947483 -1.6654747   0.6845814  -0.37837192
 -0.47528368  0.78707224 -2.1303837   1.1888126 ]
[-0.5882402   0.6719459   0.3765539   1.0024146   1.5996001   0.2921387
 -0.8737857  -0.33582306 -0.16947483 -1.6654747   0.6845814  -0.37837192
 -0.47528368  0.78707224 -2.1303837   1.1888126 ]
[-0.5918466   0.75811064  0.36722773  0.8993515   1.601894    0.28725803
 -0.92765963 -0.33285314 -0.1374695  -1.6899166   0.7660054  -0.40516964
 -0.5270974   0.72184074 -2.0683613   1.2683308 ]
[-0.5918466   0.75811064  0.36722773  0.8993515   1.601894    0.28725803
 -0.92765963 -0.33285314 -0.1374695  -1.6899166   0.7660054  -0.40516964
 -0.5270974   0.72184074 -2.0683613   1.2683308 ]
[-0.5918466   0.75811064  0.36722773  0.8993515   1.601894    0.28725803
 -0.92765963 -0.33285314 -0.1374695  -1.6899166   0.7660054  -0.40516964
 -0.5270974   0.72184074 -2.0683613   1.2683308 ]
[-0.5918466   0.75811064  0.36722773  0.8993515   1.601894    0.28725803
 -0.92765963 -0.33285314 -0.1374695  -1.6899166   0.7660054  -0.40516964
 -0.5270974   0.72184074 -2.0683613   1.2683308 ]
[-0.57644916  0.7561949   0.31891674  0.90104896  1.6377312   0.25926325
 -0.9324795  -0.34472513 -0.12948187 -1.7060038   0.8020077  -0.43265605
 -0.50274277  0.70851743 -2.065062    1.2967439 ]
[-0.57644916  0.7561949   0.31891674  0.90104896  1.6377312   0.25926325
 -0.9324795  -0.34472513 -0.12948187 -1.7060038   0.8020077  -0.43265605
 -0.50274277  0.70851743 -2.065062    1.2967439 ]
[-0.57644916  0.7561949   0.31891674  0.90104896  1.6377312   0.25926325
 -0.9324795  -0.34472513 -0.12948187 -1.7060038   0.8020077  -0.43265605
 -0.50274277  0.70851743 -2.065062    1.2967439 ]
[-0.57644916  0.7561949   0.31891674  0.90104896  1.6377312   0.25926325
 -0.9324795  -0.34472513 -0.12948187 -1.7060038   0.8020077  -0.43265605
 -0.50274277  0.70851743 -2.065062    1.2967439 ]
[-0.48370415  0.7202919   0.30930465  0.9430067   1.6438335   0.20816222
 -0.8608386  -0.3953247  -0.21254018 -1.7342148   0.8057316  -0.48331112
 -0.43404332  0.7578889  -2.1003      1.3066199 ]
[-0.48370415  0.7202919   0.30930465  0.9430067   1.6438335   0.20816222
 -0.8608386  -0.3953247  -0.21254018 -1.7342148   0.8057316  -0.48331112
 -0.43404332  0.7578889  -2.1003      1.3066199 ]
[-0.48370415  0.7202919   0.30930465  0.9430067   1.6438335   0.20816222
 -0.8608386  -0.3953247  -0.21254018 -1.7342148   0.8057316  -0.48331112
 -0.43404332  0.7578889  -2.1003      1.3066199 ]
[-0.48370415  0.7202919   0.30930465  0.9430067   1.6438335   0.20816222
 -0.8608386  -0.3953247  -0.21254018 -1.7342148   0.8057316  -0.48331112
 -0.43404332  0.7578889  -2.1003      1.3066199 ]
[-0.5127428   0.7203189   0.34568506  0.9722193   1.6036907   0.2506199
 -0.8707862  -0.39252147 -0.21286407 -1.7250801   0.7672148  -0.42649674
 -0.43877298  0.77467364 -2.1190429   1.2522347 ]
[-0.5127428   0.7203189   0.34568506  0.9722193   1.6036907   0.2506199
 -0.8707862  -0.39252147 -0.21286407 -1.7250801   0.7672148  -0.42649674
 -0.43877298  0.77467364 -2.1190429   1.2522347 ]
[-0.5127428   0.7203189   0.34568506  0.9722193   1.6036907   0.2506199
 -0.8707862  -0.39252147 -0.21286407 -1.7250801   0.7672148  -0.42649674
 -0.43877298  0.77467364 -2.1190429   1.2522347 ]
[-0.5127428   0.7203189   0.34568506  0.9722193   1.6036907   0.2506199
 -0.8707862  -0.39252147 -0.21286407 -1.7250801   0.7672148  -0.42649674
 -0.43877298  0.77467364 -2.1190429   1.2522347 ]
[-0.5127428   0.7203189   0.34568506  0.9722193   1.6036907   0.2506199
 -0.8707862  -0.39252147 -0.21286407 -1.7250801   0.7672148  -0.42649674
 -0.43877298  0.77467364 -2.1190429   1.2522347 ]
[-0.52354693  0.72278875  0.3403671   0.99227923  1.5598332   0.2756759
 -0.85464656 -0.36406094 -0.19660178 -1.690778    0.7295774  -0.38387543
 -0.5057026   0.79449385 -2.1487575   1.2412184 ]
[-0.52354693  0.72278875  0.3403671   0.99227923  1.5598332   0.2756759
 -0.85464656 -0.36406094 -0.19660178 -1.690778    0.7295774  -0.38387543
 -0.5057026   0.79449385 -2.1487575   1.2412184 ]
[-0.52354693  0.72278875  0.3403671   0.99227923  1.5598332   0.2756759
 -0.85464656 -0.36406094 -0.19660178 -1.690778    0.7295774  -0.38387543
 -0.5057026   0.79449385 -2.1487575   1.2412184 ]
[-0.52354693  0.72278875  0.3403671   0.99227923  1.5598332   0.2756759
 -0.85464656 -0.36406094 -0.19660178 -1.690778    0.7295774  -0.38387543
 -0.5057026   0.79449385 -2.1487575   1.2412184 ]
[-0.52354693  0.72278875  0.3403671   0.99227923  1.5598332   0.2756759
 -0.85464656 -0.36406094 -0.19660178 -1.690778    0.7295774  -0.38387543
 -0.5057026   0.79449385 -2.1487575   1.2412184 ]
[-0.57353604  0.69385517  0.37308705  0.9825347   1.5929564   0.28292024
 -0.8678253  -0.32738551 -0.14658943 -1.6721051   0.7030805  -0.37280244
 -0.5139175   0.7638124  -2.1442711   1.213131  ]
[-0.57353604  0.69385517  0.37308705  0.9825347   1.5929564   0.28292024
 -0.8678253  -0.32738551 -0.14658943 -1.6721051   0.7030805  -0.37280244
 -0.5139175   0.7638124  -2.1442711   1.213131  ]
[-0.57353604  0.69385517  0.37308705  0.9825347   1.5929564   0.28292024
 -0.8678253  -0.32738551 -0.14658943 -1.6721051   0.7030805  -0.37280244
 -0.5139175   0.7638124  -2.1442711   1.213131  ]
[-0.57353604  0.69385517  0.37308705  0.9825347   1.5929564   0.28292024
 -0.8678253  -0.32738551 -0.14658943 -1.6721051   0.7030805  -0.37280244
 -0.5139175   0.7638124  -2.1442711   1.213131  ]
[-0.561564    0.7139326   0.35221672  0.94653416  1.6138391   0.26674742
 -0.8785054  -0.33888346 -0.14711972 -1.6792129   0.7511752  -0.4150962
 -0.51601934  0.74932206 -2.1215532   1.2525971 ]
[-0.561564    0.7139326   0.35221672  0.94653416  1.6138391   0.26674742
 -0.8785054  -0.33888346 -0.14711972 -1.6792129   0.7511752  -0.4150962
 -0.51601934  0.74932206 -2.1215532   1.2525971 ]
[-0.561564    0.7139326   0.35221672  0.94653416  1.6138391   0.26674742
 -0.8785054  -0.33888346 -0.14711972 -1.6792129   0.7511752  -0.4150962
 -0.51601934  0.74932206 -2.1215532   1.2525971 ]
[-0.561564    0.7139326   0.35221672  0.94653416  1.6138391   0.26674742
 -0.8785054  -0.33888346 -0.14711972 -1.6792129   0.7511752  -0.4150962
 -0.51601934  0.74932206 -2.1215532   1.2525971 ]
[-0.56507087  0.73836803  0.3353702   0.92705613  1.6175978   0.27170005
 -0.90795195 -0.3505602  -0.13602753 -1.6993074   0.7763582  -0.41057953
 -0.49288946  0.72608566 -2.0995288   1.258326  ]
[-0.56507087  0.73836803  0.3353702   0.92705613  1.6175978   0.27170005
 -0.90795195 -0.3505602  -0.13602753 -1.6993074   0.7763582  -0.41057953
 -0.49288946  0.72608566 -2.0995288   1.258326  ]
[-0.56507087  0.73836803  0.3353702   0.92705613  1.6175978   0.27170005
 -0.90795195 -0.3505602  -0.13602753 -1.6993074   0.7763582  -0.41057953
 -0.49288946  0.72608566 -2.0995288   1.258326  ]
[-0.56507087  0.73836803  0.3353702   0.92705613  1.6175978   0.27170005
 -0.90795195 -0.3505602  -0.13602753 -1.6993074   0.7763582  -0.41057953
 -0.49288946  0.72608566 -2.0995288   1.258326  ]
[-0.56507087  0.73836803  0.3353702   0.92705613  1.6175978   0.27170005
 -0.90795195 -0.3505602  -0.13602753 -1.6993074   0.7763582  -0.41057953
 -0.49288946  0.72608566 -2.0995288   1.258326  ]
[-0.49029264  0.7385034   0.3438731   0.9330928   1.6173992   0.24293914
 -0.8730178  -0.3997456  -0.2074984  -1.7319695   0.80058306 -0.44044453
 -0.43463746  0.7469095  -2.1130028   1.2555542 ]
[-0.49029264  0.7385034   0.3438731   0.9330928   1.6173992   0.24293914
 -0.8730178  -0.3997456  -0.2074984  -1.7319695   0.80058306 -0.44044453
 -0.43463746  0.7469095  -2.1130028   1.2555542 ]
[-0.49029264  0.7385034   0.3438731   0.9330928   1.6173992   0.24293914
 -0.8730178  -0.3997456  -0.2074984  -1.7319695   0.80058306 -0.44044453
 -0.43463746  0.7469095  -2.1130028   1.2555542 ]
[-0.49029264  0.7385034   0.3438731   0.9330928   1.6173992   0.24293914
 -0.8730178  -0.3997456  -0.2074984  -1.7319695   0.80058306 -0.44044453
 -0.43463746  0.7469095  -2.1130028   1.2555542 ]
[-0.49029264  0.7385034   0.3438731   0.9330928   1.6173992   0.24293914
 -0.8730178  -0.3997456  -0.2074984  -1.7319695   0.80058306 -0.44044453
 -0.43463746  0.7469095  -2.1130028   1.2555542 ]
[-0.50638473  0.7505764   0.37537313  0.9311331   1.5967678   0.2697767
 -0.8813885  -0.38636446 -0.20550315 -1.7264111   0.7762016  -0.41127533
 -0.46072954  0.7369726  -2.1100297   1.239044  ]
[-0.50638473  0.7505764   0.37537313  0.9311331   1.5967678   0.2697767
 -0.8813885  -0.38636446 -0.20550315 -1.7264111   0.7762016  -0.41127533
 -0.46072954  0.7369726  -2.1100297   1.239044  ]
[-0.50638473  0.7505764   0.37537313  0.9311331   1.5967678   0.2697767
 -0.8813885  -0.38636446 -0.20550315 -1.7264111   0.7762016  -0.41127533
 -0.46072954  0.7369726  -2.1100297   1.239044  ]
[-0.50638473  0.7505764   0.37537313  0.9311331   1.5967678   0.2697767
 -0.8813885  -0.38636446 -0.20550315 -1.7264111   0.7762016  -0.41127533
 -0.46072954  0.7369726  -2.1100297   1.239044  ]
[-0.51765597  0.7670871   0.34662944  0.93560565  1.5720389   0.26542026
 -0.880058   -0.35743824 -0.20110932 -1.6950814   0.76196927 -0.40406436
 -0.5212142   0.74619085 -2.1132681   1.2851026 ]
[-0.51765597  0.7670871   0.34662944  0.93560565  1.5720389   0.26542026
 -0.880058   -0.35743824 -0.20110932 -1.6950814   0.76196927 -0.40406436
 -0.5212142   0.74619085 -2.1132681   1.2851026 ]
[-0.51765597  0.7670871   0.34662944  0.93560565  1.5720389   0.26542026
 -0.880058   -0.35743824 -0.20110932 -1.6950814   0.76196927 -0.40406436
 -0.5212142   0.74619085 -2.1132681   1.2851026 ]
[-0.51765597  0.7670871   0.34662944  0.93560565  1.5720389   0.26542026
 -0.880058   -0.35743824 -0.20110932 -1.6950814   0.76196927 -0.40406436
 -0.5212142   0.74619085 -2.1132681   1.2851026 ]
[-0.5964211   0.7161335   0.33710495  0.9499157   1.6416891   0.2633962
 -0.927729   -0.31541714 -0.13479337 -1.688006    0.74510974 -0.39994404
 -0.48588234  0.7115089  -2.0886078   1.2612791 ]
[-0.5964211   0.7161335   0.33710495  0.9499157   1.6416891   0.2633962
 -0.927729   -0.31541714 -0.13479337 -1.688006    0.74510974 -0.39994404
 -0.48588234  0.7115089  -2.0886078   1.2612791 ]
[-0.5964211   0.7161335   0.33710495  0.9499157   1.6416891   0.2633962
 -0.927729   -0.31541714 -0.13479337 -1.688006    0.74510974 -0.39994404
 -0.48588234  0.7115089  -2.0886078   1.2612791 ]
[-0.5964211   0.7161335   0.33710495  0.9499157   1.6416891   0.2633962
 -0.927729   -0.31541714 -0.13479337 -1.688006    0.74510974 -0.39994404
 -0.48588234  0.7115089  -2.0886078   1.2612791 ]
[-0.5964211   0.7161335   0.33710495  0.9499157   1.6416891   0.2633962
 -0.927729   -0.31541714 -0.13479337 -1.688006    0.74510974 -0.39994404
 -0.48588234  0.7115089  -2.0886078   1.2612791 ]
[-0.5797388   0.6857339   0.30488318  0.98080575  1.6427765   0.23460999
 -0.8782641  -0.34066206 -0.16363344 -1.6941202   0.74856    -0.44250017
 -0.43734226  0.7769553  -2.1140685   1.2653142 ]
[-0.5797388   0.6857339   0.30488318  0.98080575  1.6427765   0.23460999
 -0.8782641  -0.34066206 -0.16363344 -1.6941202   0.74856    -0.44250017
 -0.43734226  0.7769553  -2.1140685   1.2653142 ]
[-0.5797388   0.6857339   0.30488318  0.98080575  1.6427765   0.23460999
 -0.8782641  -0.34066206 -0.16363344 -1.6941202   0.74856    -0.44250017
 -0.43734226  0.7769553  -2.1140685   1.2653142 ]
[-0.5797388   0.6857339   0.30488318  0.98080575  1.6427765   0.23460999
 -0.8782641  -0.34066206 -0.16363344 -1.6941202   0.74856    -0.44250017
 -0.43734226  0.7769553  -2.1140685   1.2653142 ]
[-0.49557176  0.7019332   0.33668417  0.9556276   1.6392972   0.2361968
 -0.86960757 -0.41077763 -0.22751153 -1.7306875   0.7941953  -0.45492515
 -0.40492216  0.7658867  -2.0978937   1.2500417 ]
[-0.49557176  0.7019332   0.33668417  0.9556276   1.6392972   0.2361968
 -0.86960757 -0.41077763 -0.22751153 -1.7306875   0.7941953  -0.45492515
 -0.40492216  0.7658867  -2.0978937   1.2500417 ]
[-0.49557176  0.7019332   0.33668417  0.9556276   1.6392972   0.2361968
 -0.86960757 -0.41077763 -0.22751153 -1.7306875   0.7941953  -0.45492515
 -0.40492216  0.7658867  -2.0978937   1.2500417 ]
[-0.49557176  0.7019332   0.33668417  0.9556276   1.6392972   0.2361968
 -0.86960757 -0.41077763 -0.22751153 -1.7306875   0.7941953  -0.45492515
 -0.40492216  0.7658867  -2.0978937   1.2500417 ]
[-0.49557176  0.7019332   0.33668417  0.9556276   1.6392972   0.2361968
 -0.86960757 -0.41077763 -0.22751153 -1.7306875   0.7941953  -0.45492515
 -0.40492216  0.7658867  -2.0978937   1.2500417 ]
[-0.50801736  0.69104385  0.37721068  0.977656    1.6147388   0.26470545
 -0.8575594  -0.4135458  -0.23385827 -1.7276148   0.76244825 -0.4258074
 -0.40414676  0.78677243 -2.1160898   1.1977692 ]
[-0.50801736  0.69104385  0.37721068  0.977656    1.6147388   0.26470545
 -0.8575594  -0.4135458  -0.23385827 -1.7276148   0.76244825 -0.4258074
 -0.40414676  0.78677243 -2.1160898   1.1977692 ]
[-0.50801736  0.69104385  0.37721068  0.977656    1.6147388   0.26470545
 -0.8575594  -0.4135458  -0.23385827 -1.7276148   0.76244825 -0.4258074
 -0.40414676  0.78677243 -2.1160898   1.1977692 ]
[-0.50801736  0.69104385  0.37721068  0.977656    1.6147388   0.26470545
 -0.8575594  -0.4135458  -0.23385827 -1.7276148   0.76244825 -0.4258074
 -0.40414676  0.78677243 -2.1160898   1.1977692 ]
[-0.50801736  0.69104385  0.37721068  0.977656    1.6147388   0.26470545
 -0.8575594  -0.4135458  -0.23385827 -1.7276148   0.76244825 -0.4258074
 -0.40414676  0.78677243 -2.1160898   1.1977692 ]
[-0.539549    0.76891834  0.37638313  0.9436717   1.5617807   0.30817857
 -0.8777739  -0.4036007  -0.20416442 -1.704335    0.769626   -0.38898364
 -0.5039156   0.76634276 -2.1055057   1.2204735 ]
[-0.539549    0.76891834  0.37638313  0.9436717   1.5617807   0.30817857
 -0.8777739  -0.4036007  -0.20416442 -1.704335    0.769626   -0.38898364
 -0.5039156   0.76634276 -2.1055057   1.2204735 ]
[-0.539549    0.76891834  0.37638313  0.9436717   1.5617807   0.30817857
 -0.8777739  -0.4036007  -0.20416442 -1.704335    0.769626   -0.38898364
 -0.5039156   0.76634276 -2.1055057   1.2204735 ]
[-0.539549    0.76891834  0.37638313  0.9436717   1.5617807   0.30817857
 -0.8777739  -0.4036007  -0.20416442 -1.704335    0.769626   -0.38898364
 -0.5039156   0.76634276 -2.1055057   1.2204735 ]
[-0.60420114  0.79267496  0.39201218  0.87921965  1.585592    0.30985856
 -0.9384201  -0.3552099  -0.14382878 -1.7077936   0.7913973  -0.40021324
 -0.5323975   0.71187305 -2.0475953   1.2561151 ]
[-0.60420114  0.79267496  0.39201218  0.87921965  1.585592    0.30985856
 -0.9384201  -0.3552099  -0.14382878 -1.7077936   0.7913973  -0.40021324
 -0.5323975   0.71187305 -2.0475953   1.2561151 ]
[-0.60420114  0.79267496  0.39201218  0.87921965  1.585592    0.30985856
 -0.9384201  -0.3552099  -0.14382878 -1.7077936   0.7913973  -0.40021324
 -0.5323975   0.71187305 -2.0475953   1.2561151 ]
[-0.60420114  0.79267496  0.39201218  0.87921965  1.585592    0.30985856
 -0.9384201  -0.3552099  -0.14382878 -1.7077936   0.7913973  -0.40021324
 -0.5323975   0.71187305 -2.0475953   1.2561151 ]
[-0.5956527   0.7673343   0.33574647  0.905702    1.613438    0.2774233
 -0.92431575 -0.3504861  -0.13540496 -1.7082275   0.79723626 -0.41802245
 -0.51146704  0.71831924 -2.0657046   1.2843087 ]
[-0.5956527   0.7673343   0.33574647  0.905702    1.613438    0.2774233
 -0.92431575 -0.3504861  -0.13540496 -1.7082275   0.79723626 -0.41802245
 -0.51146704  0.71831924 -2.0657046   1.2843087 ]
[-0.5956527   0.7673343   0.33574647  0.905702    1.613438    0.2774233
 -0.92431575 -0.3504861  -0.13540496 -1.7082275   0.79723626 -0.41802245
 -0.51146704  0.71831924 -2.0657046   1.2843087 ]
[-0.51165646  0.7290777   0.32927126  0.9451246   1.6133621   0.22609682
 -0.8630163  -0.38067165 -0.20551598 -1.7349583   0.786401   -0.4559199
 -0.44372553  0.75518924 -2.0972703   1.2984169 ]
[-0.51165646  0.7290777   0.32927126  0.9451246   1.6133621   0.22609682
 -0.8630163  -0.38067165 -0.20551598 -1.7349583   0.786401   -0.4559199
 -0.44372553  0.75518924 -2.0972703   1.2984169 ]
[-0.51165646  0.7290777   0.32927126  0.9451246   1.6133621   0.22609682
 -0.8630163  -0.38067165 -0.20551598 -1.7349583   0.786401   -0.4559199
 -0.44372553  0.75518924 -2.0972703   1.2984169 ]
[-0.51165646  0.7290777   0.32927126  0.9451246   1.6133621   0.22609682
 -0.8630163  -0.38067165 -0.20551598 -1.7349583   0.786401   -0.4559199
 -0.44372553  0.75518924 -2.0972703   1.2984169 ]
[-0.51261044  0.6957894   0.35487038  0.99012643  1.5873373   0.24753937
 -0.84179765 -0.38193974 -0.22066459 -1.717902    0.73987657 -0.41679525
 -0.43022504  0.7885839  -2.1320746   1.2373997 ]
[-0.51261044  0.6957894   0.35487038  0.99012643  1.5873373   0.24753937
 -0.84179765 -0.38193974 -0.22066459 -1.717902    0.73987657 -0.41679525
 -0.43022504  0.7885839  -2.1320746   1.2373997 ]
[-0.51261044  0.6957894   0.35487038  0.99012643  1.5873373   0.24753937
 -0.84179765 -0.38193974 -0.22066459 -1.717902    0.73987657 -0.41679525
 -0.43022504  0.7885839  -2.1320746   1.2373997 ]
[-0.51261044  0.6957894   0.35487038  0.99012643  1.5873373   0.24753937
 -0.84179765 -0.38193974 -0.22066459 -1.717902    0.73987657 -0.41679525
 -0.43022504  0.7885839  -2.1320746   1.2373997 ]
[-0.51261044  0.6957894   0.35487038  0.99012643  1.5873373   0.24753937
 -0.84179765 -0.38193974 -0.22066459 -1.717902    0.73987657 -0.41679525
 -0.43022504  0.7885839  -2.1320746   1.2373997 ]
[-0.5713174   0.6823572   0.3650227   1.0301386   1.5603478   0.29675773
 -0.85478294 -0.36103588 -0.18990836 -1.6850288   0.6980527  -0.3602932
 -0.45720297  0.80600053 -2.148585    1.1748464 ]
[-0.5713174   0.6823572   0.3650227   1.0301386   1.5603478   0.29675773
 -0.85478294 -0.36103588 -0.18990836 -1.6850288   0.6980527  -0.3602932
 -0.45720297  0.80600053 -2.148585    1.1748464 ]
[-0.5713174   0.6823572   0.3650227   1.0301386   1.5603478   0.29675773
 -0.85478294 -0.36103588 -0.18990836 -1.6850288   0.6980527  -0.3602932
 -0.45720297  0.80600053 -2.148585    1.1748464 ]
[-0.5713174   0.6823572   0.3650227   1.0301386   1.5603478   0.29675773
 -0.85478294 -0.36103588 -0.18990836 -1.6850288   0.6980527  -0.3602932
 -0.45720297  0.80600053 -2.148585    1.1748464 ]
[-0.5713174   0.6823572   0.3650227   1.0301386   1.5603478   0.29675773
 -0.85478294 -0.36103588 -0.18990836 -1.6850288   0.6980527  -0.3602932
 -0.45720297  0.80600053 -2.148585    1.1748464 ]
[-0.60783374  0.7030109   0.39292774  0.9814707   1.5741491   0.3053878
 -0.8787597  -0.33957812 -0.15472905 -1.6754427   0.7051476  -0.36574513
 -0.49343213  0.77902895 -2.1206307   1.1808429 ]
[-0.60783374  0.7030109   0.39292774  0.9814707   1.5741491   0.3053878
 -0.8787597  -0.33957812 -0.15472905 -1.6754427   0.7051476  -0.36574513
 -0.49343213  0.77902895 -2.1206307   1.1808429 ]
[-0.60783374  0.7030109   0.39292774  0.9814707   1.5741491   0.3053878
 -0.8787597  -0.33957812 -0.15472905 -1.6754427   0.7051476  -0.36574513
 -0.49343213  0.77902895 -2.1206307   1.1808429 ]
[-0.60783374  0.7030109   0.39292774  0.9814707   1.5741491   0.3053878
 -0.8787597  -0.33957812 -0.15472905 -1.6754427   0.7051476  -0.36574513
 -0.49343213  0.77902895 -2.1206307   1.1808429 ]
[-0.6031145   0.7977162   0.38126472  0.8719435   1.5721141   0.29104263
 -0.932879   -0.34300038 -0.14100604 -1.711201    0.79514664 -0.40757465
 -0.53592217  0.7162416  -2.0444756   1.2838457 ]
[-0.6031145   0.7977162   0.38126472  0.8719435   1.5721141   0.29104263
 -0.932879   -0.34300038 -0.14100604 -1.711201    0.79514664 -0.40757465
 -0.53592217  0.7162416  -2.0444756   1.2838457 ]
[-0.6031145   0.7977162   0.38126472  0.8719435   1.5721141   0.29104263
 -0.932879   -0.34300038 -0.14100604 -1.711201    0.79514664 -0.40757465
 -0.53592217  0.7162416  -2.0444756   1.2838457 ]
[-0.6031145   0.7977162   0.38126472  0.8719435   1.5721141   0.29104263
 -0.932879   -0.34300038 -0.14100604 -1.711201    0.79514664 -0.40757465
 -0.53592217  0.7162416  -2.0444756   1.2838457 ]
[-0.6031145   0.7977162   0.38126472  0.8719435   1.5721141   0.29104263
 -0.932879   -0.34300038 -0.14100604 -1.711201    0.79514664 -0.40757465
 -0.53592217  0.7162416  -2.0444756   1.2838457 ]
[-0.59221506  0.77972716  0.32908028  0.89960253  1.5989385   0.2582588
 -0.91935956 -0.3468457  -0.13006088 -1.7169869   0.8083704  -0.43659368
 -0.51227564  0.72342193 -2.06362     1.311863  ]
[-0.59221506  0.77972716  0.32908028  0.89960253  1.5989385   0.2582588
 -0.91935956 -0.3468457  -0.13006088 -1.7169869   0.8083704  -0.43659368
 -0.51227564  0.72342193 -2.06362     1.311863  ]
[-0.59221506  0.77972716  0.32908028  0.89960253  1.5989385   0.2582588
 -0.91935956 -0.3468457  -0.13006088 -1.7169869   0.8083704  -0.43659368
 -0.51227564  0.72342193 -2.06362     1.311863  ]
[-0.4852605   0.7537235   0.3102253   0.9318433   1.6054256   0.20531742
 -0.846087   -0.40683824 -0.21219245 -1.7422206   0.82313746 -0.4852801
 -0.45890063  0.77121115 -2.098751    1.3260235 ]
[-0.4852605   0.7537235   0.3102253   0.9318433   1.6054256   0.20531742
 -0.846087   -0.40683824 -0.21219245 -1.7422206   0.82313746 -0.4852801
 -0.45890063  0.77121115 -2.098751    1.3260235 ]
[-0.4852605   0.7537235   0.3102253   0.9318433   1.6054256   0.20531742
 -0.846087   -0.40683824 -0.21219245 -1.7422206   0.82313746 -0.4852801
 -0.45890063  0.77121115 -2.098751    1.3260235 ]
[-0.4852605   0.7537235   0.3102253   0.9318433   1.6054256   0.20531742
 -0.846087   -0.40683824 -0.21219245 -1.7422206   0.82313746 -0.4852801
 -0.45890063  0.77121115 -2.098751    1.3260235 ]
[-0.4852605   0.7537235   0.3102253   0.9318433   1.6054256   0.20531742
 -0.846087   -0.40683824 -0.21219245 -1.7422206   0.82313746 -0.4852801
 -0.45890063  0.77121115 -2.098751    1.3260235 ]
[-0.5264825   0.7342553   0.3497904   0.96818095  1.5819857   0.25716078
 -0.8816954  -0.38957927 -0.20053379 -1.7328007   0.7738156  -0.41418204
 -0.45566058  0.77258825 -2.1057951   1.2575489 ]
[-0.5264825   0.7342553   0.3497904   0.96818095  1.5819857   0.25716078
 -0.8816954  -0.38957927 -0.20053379 -1.7328007   0.7738156  -0.41418204
 -0.45566058  0.77258825 -2.1057951   1.2575489 ]
[-0.5264825   0.7342553   0.3497904   0.96818095  1.5819857   0.25716078
 -0.8816954  -0.38957927 -0.20053379 -1.7328007   0.7738156  -0.41418204
 -0.45566058  0.77258825 -2.1057951   1.2575489 ]
[-0.5264825   0.7342553   0.3497904   0.96818095  1.5819857   0.25716078
 -0.8816954  -0.38957927 -0.20053379 -1.7328007   0.7738156  -0.41418204
 -0.45566058  0.77258825 -2.1057951   1.2575489 ]
[-0.5264825   0.7342553   0.3497904   0.96818095  1.5819857   0.25716078
 -0.8816954  -0.38957927 -0.20053379 -1.7328007   0.7738156  -0.41418204
 -0.45566058  0.77258825 -2.1057951   1.2575489 ]
[-0.576874    0.71348417  0.35290927  0.9974588   1.5654724   0.28764924
 -0.8917583  -0.34692574 -0.16370402 -1.6945436   0.7248104  -0.36398664
 -0.5005678   0.7782646  -2.1205273   1.2265294 ]
[-0.576874    0.71348417  0.35290927  0.9974588   1.5654724   0.28764924
 -0.8917583  -0.34692574 -0.16370402 -1.6945436   0.7248104  -0.36398664
 -0.5005678   0.7782646  -2.1205273   1.2265294 ]
[-0.576874    0.71348417  0.35290927  0.9974588   1.5654724   0.28764924
 -0.8917583  -0.34692574 -0.16370402 -1.6945436   0.7248104  -0.36398664
 -0.5005678   0.7782646  -2.1205273   1.2265294 ]
[-0.576874    0.71348417  0.35290927  0.9974588   1.5654724   0.28764924
 -0.8917583  -0.34692574 -0.16370402 -1.6945436   0.7248104  -0.36398664
 -0.5005678   0.7782646  -2.1205273   1.2265294 ]
[-0.576874    0.71348417  0.35290927  0.9974588   1.5654724   0.28764924
 -0.8917583  -0.34692574 -0.16370402 -1.6945436   0.7248104  -0.36398664
 -0.5005678   0.7782646  -2.1205273   1.2265294 ]
[-0.59933686  0.69168437  0.3746132   0.98931456  1.6018276   0.29052168
 -0.8927804  -0.3298259  -0.13969834 -1.6845942   0.70549047 -0.37250933
 -0.49926028  0.7493461  -2.115705    1.2182093 ]
[-0.59933686  0.69168437  0.3746132   0.98931456  1.6018276   0.29052168
 -0.8927804  -0.3298259  -0.13969834 -1.6845942   0.70549047 -0.37250933
 -0.49926028  0.7493461  -2.115705    1.2182093 ]
[-0.59933686  0.69168437  0.3746132   0.98931456  1.6018276   0.29052168
 -0.8927804  -0.3298259  -0.13969834 -1.6845942   0.70549047 -0.37250933
 -0.49926028  0.7493461  -2.115705    1.2182093 ]
[-0.59933686  0.69168437  0.3746132   0.98931456  1.6018276   0.29052168
 -0.8927804  -0.3298259  -0.13969834 -1.6845942   0.70549047 -0.37250933
 -0.49926028  0.7493461  -2.115705    1.2182093 ]
[-0.58120316  0.71897095  0.34691763  0.9514555   1.6092364   0.26980317
 -0.8949188  -0.33430728 -0.12956657 -1.6777203   0.7465247  -0.41470298
 -0.52294046  0.7451701  -2.1055205   1.2620369 ]
[-0.58120316  0.71897095  0.34691763  0.9514555   1.6092364   0.26980317
 -0.8949188  -0.33430728 -0.12956657 -1.6777203   0.7465247  -0.41470298
 -0.52294046  0.7451701  -2.1055205   1.2620369 ]
[-0.58120316  0.71897095  0.34691763  0.9514555   1.6092364   0.26980317
 -0.8949188  -0.33430728 -0.12956657 -1.6777203   0.7465247  -0.41470298
 -0.52294046  0.7451701  -2.1055205   1.2620369 ]
[-0.58120316  0.71897095  0.34691763  0.9514555   1.6092364   0.26980317
 -0.8949188  -0.33430728 -0.12956657 -1.6777203   0.7465247  -0.41470298
 -0.52294046  0.7451701  -2.1055205   1.2620369 ]
[-0.58120316  0.71897095  0.34691763  0.9514555   1.6092364   0.26980317
 -0.8949188  -0.33430728 -0.12956657 -1.6777203   0.7465247  -0.41470298
 -0.52294046  0.7451701  -2.1055205   1.2620369 ]
[-0.56964123  0.75667536  0.3222257   0.91545904  1.6150833   0.2719149
 -0.93634415 -0.35106653 -0.12697217 -1.7034175   0.7918312  -0.4119861
 -0.50989294  0.72112596 -2.0760694   1.2813494 ]
[-0.56964123  0.75667536  0.3222257   0.91545904  1.6150833   0.2719149
 -0.93634415 -0.35106653 -0.12697217 -1.7034175   0.7918312  -0.4119861
 -0.50989294  0.72112596 -2.0760694   1.2813494 ]
[-0.56964123  0.75667536  0.3222257   0.91545904  1.6150833   0.2719149
 -0.93634415 -0.35106653 -0.12697217 -1.7034175   0.7918312  -0.4119861
 -0.50989294  0.72112596 -2.0760694   1.2813494 ]
[-0.56964123  0.75667536  0.3222257   0.91545904  1.6150833   0.2719149
 -0.93634415 -0.35106653 -0.12697217 -1.7034175   0.7918312  -0.4119861
 -0.50989294  0.72112596 -2.0760694   1.2813494 ]
[-0.4752032   0.7299142   0.3271324   0.94494486  1.6203916   0.2301127
 -0.8787834  -0.3981451  -0.20344666 -1.7321411   0.7944438  -0.4433778
 -0.43979684  0.7558459  -2.115439    1.272754  ]
[-0.4752032   0.7299142   0.3271324   0.94494486  1.6203916   0.2301127
 -0.8787834  -0.3981451  -0.20344666 -1.7321411   0.7944438  -0.4433778
 -0.43979684  0.7558459  -2.115439    1.272754  ]
[-0.4752032   0.7299142   0.3271324   0.94494486  1.6203916   0.2301127
 -0.8787834  -0.3981451  -0.20344666 -1.7321411   0.7944438  -0.4433778
 -0.43979684  0.7558459  -2.115439    1.272754  ]
[-0.4752032   0.7299142   0.3271324   0.94494486  1.6203916   0.2301127
 -0.8787834  -0.3981451  -0.20344666 -1.7321411   0.7944438  -0.4433778
 -0.43979684  0.7558459  -2.115439    1.272754  ]
[-0.4906827   0.7297454   0.35780495  0.9561213   1.6004317   0.25247386
 -0.87320185 -0.38597912 -0.20119873 -1.7216551   0.7668229  -0.41079855
 -0.46371317  0.74854994 -2.123095    1.2464783 ]
[-0.4906827   0.7297454   0.35780495  0.9561213   1.6004317   0.25247386
 -0.87320185 -0.38597912 -0.20119873 -1.7216551   0.7668229  -0.41079855
 -0.46371317  0.74854994 -2.123095    1.2464783 ]
[-0.4906827   0.7297454   0.35780495  0.9561213   1.6004317   0.25247386
 -0.87320185 -0.38597912 -0.20119873 -1.7216551   0.7668229  -0.41079855
 -0.46371317  0.74854994 -2.123095    1.2464783 ]
[-0.4906827   0.7297454   0.35780495  0.9561213   1.6004317   0.25247386
 -0.87320185 -0.38597912 -0.20119873 -1.7216551   0.7668229  -0.41079855
 -0.46371317  0.74854994 -2.123095    1.2464783 ]
[-0.5553572   0.71910733  0.34564176  0.9713108   1.6084261   0.28297144
 -0.90298665 -0.34190226 -0.15941611 -1.6820366   0.7262505  -0.37855357
 -0.50816697  0.7287102  -2.1161802   1.2511132 ]
[-0.5553572   0.71910733  0.34564176  0.9713108   1.6084261   0.28297144
 -0.90298665 -0.34190226 -0.15941611 -1.6820366   0.7262505  -0.37855357
 -0.50816697  0.7287102  -2.1161802   1.2511132 ]
[-0.5553572   0.71910733  0.34564176  0.9713108   1.6084261   0.28297144
 -0.90298665 -0.34190226 -0.15941611 -1.6820366   0.7262505  -0.37855357
 -0.50816697  0.7287102  -2.1161802   1.2511132 ]
[-0.5553572   0.71910733  0.34564176  0.9713108   1.6084261   0.28297144
 -0.90298665 -0.34190226 -0.15941611 -1.6820366   0.7262505  -0.37855357
 -0.50816697  0.7287102  -2.1161802   1.2511132 ]
[-0.5553572   0.71910733  0.34564176  0.9713108   1.6084261   0.28297144
 -0.90298665 -0.34190226 -0.15941611 -1.6820366   0.7262505  -0.37855357
 -0.50816697  0.7287102  -2.1161802   1.2511132 ]
[-0.5850769   0.70223963  0.32618457  0.97111684  1.636396    0.26240367
 -0.9113573  -0.3139986  -0.13399586 -1.6755012   0.7235916  -0.39931217
 -0.4908536   0.7280631  -2.1129131   1.2625434 ]
[-0.5850769   0.70223963  0.32618457  0.97111684  1.636396    0.26240367
 -0.9113573  -0.3139986  -0.13399586 -1.6755012   0.7235916  -0.39931217
 -0.4908536   0.7280631  -2.1129131   1.2625434 ]
[-0.5850769   0.70223963  0.32618457  0.97111684  1.636396    0.26240367
 -0.9113573  -0.3139986  -0.13399586 -1.6755012   0.7235916  -0.39931217
 -0.4908536   0.7280631  -2.1129131   1.2625434 ]
[-0.5850769   0.70223963  0.32618457  0.97111684  1.636396    0.26240367
 -0.9113573  -0.3139986  -0.13399586 -1.6755012   0.7235916  -0.39931217
 -0.4908536   0.7280631  -2.1129131   1.2625434 ]
[-0.56969345  0.6958939   0.29154295  0.97753084  1.6335928   0.22985391
 -0.8754755  -0.3329174  -0.1532249  -1.6925682   0.7457942  -0.43775588
 -0.45026654  0.7688583  -2.1233592   1.2823575 ]
[-0.56969345  0.6958939   0.29154295  0.97753084  1.6335928   0.22985391
 -0.8754755  -0.3329174  -0.1532249  -1.6925682   0.7457942  -0.43775588
 -0.45026654  0.7688583  -2.1233592   1.2823575 ]
[-0.56969345  0.6958939   0.29154295  0.97753084  1.6335928   0.22985391
 -0.8754755  -0.3329174  -0.1532249  -1.6925682   0.7457942  -0.43775588
 -0.45026654  0.7688583  -2.1233592   1.2823575 ]
[-0.56969345  0.6958939   0.29154295  0.97753084  1.6335928   0.22985391
 -0.8754755  -0.3329174  -0.1532249  -1.6925682   0.7457942  -0.43775588
 -0.45026654  0.7688583  -2.1233592   1.2823575 ]
[-0.48485208  0.695677    0.32967943  0.9729229   1.624938    0.21199124
 -0.8424741  -0.40023017 -0.22853026 -1.7340603   0.7716529  -0.46114913
 -0.39524922  0.7786701  -2.121794    1.2716786 ]
[-0.48485208  0.695677    0.32967943  0.9729229   1.624938    0.21199124
 -0.8424741  -0.40023017 -0.22853026 -1.7340603   0.7716529  -0.46114913
 -0.39524922  0.7786701  -2.121794    1.2716786 ]
[-0.48485208  0.695677    0.32967943  0.9729229   1.624938    0.21199124
 -0.8424741  -0.40023017 -0.22853026 -1.7340603   0.7716529  -0.46114913
 -0.39524922  0.7786701  -2.121794    1.2716786 ]
[-0.48485208  0.695677    0.32967943  0.9729229   1.624938    0.21199124
 -0.8424741  -0.40023017 -0.22853026 -1.7340603   0.7716529  -0.46114913
 -0.39524922  0.7786701  -2.121794    1.2716786 ]
[-0.50040466  0.6964173   0.36141324  0.9919031   1.595191    0.2528841
 -0.83240336 -0.4111542  -0.23853008 -1.731406    0.7516445  -0.42441106
 -0.40021104  0.79304326 -2.1330314   1.2155917 ]
[-0.50040466  0.6964173   0.36141324  0.9919031   1.595191    0.2528841
 -0.83240336 -0.4111542  -0.23853008 -1.731406    0.7516445  -0.42441106
 -0.40021104  0.79304326 -2.1330314   1.2155917 ]
[-0.50040466  0.6964173   0.36141324  0.9919031   1.595191    0.2528841
 -0.83240336 -0.4111542  -0.23853008 -1.731406    0.7516445  -0.42441106
 -0.40021104  0.79304326 -2.1330314   1.2155917 ]
[-0.50040466  0.6964173   0.36141324  0.9919031   1.595191    0.2528841
 -0.83240336 -0.4111542  -0.23853008 -1.731406    0.7516445  -0.42441106
 -0.40021104  0.79304326 -2.1330314   1.2155917 ]
[-0.50040466  0.6964173   0.36141324  0.9919031   1.595191    0.2528841
 -0.83240336 -0.4111542  -0.23853008 -1.731406    0.7516445  -0.42441106
 -0.40021104  0.79304326 -2.1330314   1.2155917 ]
[-0.49763212  0.769098    0.35499337  0.95853835  1.5383542   0.2771179
 -0.82252675 -0.42319387 -0.24381573 -1.7099922   0.77448386 -0.41840452
 -0.5028244   0.8065342  -2.123933    1.2519581 ]
[-0.49763212  0.769098    0.35499337  0.95853835  1.5383542   0.2771179
 -0.82252675 -0.42319387 -0.24381573 -1.7099922   0.77448386 -0.41840452
 -0.5028244   0.8065342  -2.123933    1.2519581 ]
[-0.49763212  0.769098    0.35499337  0.95853835  1.5383542   0.2771179
 -0.82252675 -0.42319387 -0.24381573 -1.7099922   0.77448386 -0.41840452
 -0.5028244   0.8065342  -2.123933    1.2519581 ]
[-0.49763212  0.769098    0.35499337  0.95853835  1.5383542   0.2771179
 -0.82252675 -0.42319387 -0.24381573 -1.7099922   0.77448386 -0.41840452
 -0.5028244   0.8065342  -2.123933    1.2519581 ]
[-0.6112678   0.7788372   0.38332802  0.90598375  1.5703007   0.3083622
 -0.9172497  -0.35139003 -0.13448498 -1.6976465   0.7759693  -0.396051
 -0.5437199   0.7393445  -2.0686088   1.2470734 ]
[-0.6112678   0.7788372   0.38332802  0.90598375  1.5703007   0.3083622
 -0.9172497  -0.35139003 -0.13448498 -1.6976465   0.7759693  -0.396051
 -0.5437199   0.7393445  -2.0686088   1.2470734 ]
[-0.6112678   0.7788372   0.38332802  0.90598375  1.5703007   0.3083622
 -0.9172497  -0.35139003 -0.13448498 -1.6976465   0.7759693  -0.396051
 -0.5437199   0.7393445  -2.0686088   1.2470734 ]
[-0.6112678   0.7788372   0.38332802  0.90598375  1.5703007   0.3083622
 -0.9172497  -0.35139003 -0.13448498 -1.6976465   0.7759693  -0.396051
 -0.5437199   0.7393445  -2.0686088   1.2470734 ]
[-0.6112678   0.7788372   0.38332802  0.90598375  1.5703007   0.3083622
 -0.9172497  -0.35139003 -0.13448498 -1.6976465   0.7759693  -0.396051
 -0.5437199   0.7393445  -2.0686088   1.2470734 ]
[-0.59582424  0.7834903   0.34202132  0.901149    1.5915148   0.28035003
 -0.9223178  -0.35441083 -0.12090389 -1.7118965   0.80996627 -0.41132918
 -0.53478354  0.72180057 -2.0681343   1.2792697 ]
[-0.59582424  0.7834903   0.34202132  0.901149    1.5915148   0.28035003
 -0.9223178  -0.35441083 -0.12090389 -1.7118965   0.80996627 -0.41132918
 -0.53478354  0.72180057 -2.0681343   1.2792697 ]
[-0.59582424  0.7834903   0.34202132  0.901149    1.5915148   0.28035003
 -0.9223178  -0.35441083 -0.12090389 -1.7118965   0.80996627 -0.41132918
 -0.53478354  0.72180057 -2.0681343   1.2792697 ]
[-0.59582424  0.7834903   0.34202132  0.901149    1.5915148   0.28035003
 -0.9223178  -0.35441083 -0.12090389 -1.7118965   0.80996627 -0.41132918
 -0.53478354  0.72180057 -2.0681343   1.2792697 ]
[-0.51230085  0.7631993   0.33135682  0.92807543  1.6011175   0.23467772
 -0.87725735 -0.3866541  -0.18039109 -1.7405956   0.80901873 -0.44130015
 -0.4747847   0.7396257  -2.096549    1.2929454 ]
[-0.51230085  0.7631993   0.33135682  0.92807543  1.6011175   0.23467772
 -0.87725735 -0.3866541  -0.18039109 -1.7405956   0.80901873 -0.44130015
 -0.4747847   0.7396257  -2.096549    1.2929454 ]
[-0.51230085  0.7631993   0.33135682  0.92807543  1.6011175   0.23467772
 -0.87725735 -0.3866541  -0.18039109 -1.7405956   0.80901873 -0.44130015
 -0.4747847   0.7396257  -2.096549    1.2929454 ]
[-0.51230085  0.7631993   0.33135682  0.92807543  1.6011175   0.23467772
 -0.87725735 -0.3866541  -0.18039109 -1.7405956   0.80901873 -0.44130015
 -0.4747847   0.7396257  -2.096549    1.2929454 ]
[-0.51230085  0.7631993   0.33135682  0.92807543  1.6011175   0.23467772
 -0.87725735 -0.3866541  -0.18039109 -1.7405956   0.80901873 -0.44130015
 -0.4747847   0.7396257  -2.096549    1.2929454 ]
[-0.5213922   0.727846    0.35456288  0.9640363   1.5912613   0.25373453
 -0.8754324  -0.39021993 -0.21045578 -1.7317133   0.7712003  -0.41772968
 -0.44971165  0.77345383 -2.104205    1.2531502 ]
[-0.5213922   0.727846    0.35456288  0.9640363   1.5912613   0.25373453
 -0.8754324  -0.39021993 -0.21045578 -1.7317133   0.7712003  -0.41772968
 -0.44971165  0.77345383 -2.104205    1.2531502 ]
[-0.5213922   0.727846    0.35456288  0.9640363   1.5912613   0.25373453
 -0.8754324  -0.39021993 -0.21045578 -1.7317133   0.7712003  -0.41772968
 -0.44971165  0.77345383 -2.104205    1.2531502 ]
[-0.5213922   0.727846    0.35456288  0.9640363   1.5912613   0.25373453
 -0.8754324  -0.39021993 -0.21045578 -1.7317133   0.7712003  -0.41772968
 -0.44971165  0.77345383 -2.104205    1.2531502 ]
[-0.5213922   0.727846    0.35456288  0.9640363   1.5912613   0.25373453
 -0.8754324  -0.39021993 -0.21045578 -1.7317133   0.7712003  -0.41772968
 -0.44971165  0.77345383 -2.104205    1.2531502 ]
[-0.5904405   0.69984484  0.36450392  0.9924723   1.58701     0.30240586
 -0.9027122  -0.34058046 -0.1548111  -1.6871879   0.71490157 -0.3534809
 -0.49429885  0.76332057 -2.1152313   1.2009617 ]
[-0.5904405   0.69984484  0.36450392  0.9924723   1.58701     0.30240586
 -0.9027122  -0.34058046 -0.1548111  -1.6871879   0.71490157 -0.3534809
 -0.49429885  0.76332057 -2.1152313   1.2009617 ]
[-0.5904405   0.69984484  0.36450392  0.9924723   1.58701     0.30240586
 -0.9027122  -0.34058046 -0.1548111  -1.6871879   0.71490157 -0.3534809
 -0.49429885  0.76332057 -2.1152313   1.2009617 ]
[-0.5904405   0.69984484  0.36450392  0.9924723   1.58701     0.30240586
 -0.9027122  -0.34058046 -0.1548111  -1.6871879   0.71490157 -0.3534809
 -0.49429885  0.76332057 -2.1152313   1.2009617 ]
[-0.5933729   0.708043    0.37327057  0.96486986  1.6075714   0.29254898
 -0.906154   -0.32907334 -0.14790125 -1.6827139   0.71677387 -0.3683198
 -0.5067321   0.7388259  -2.1031275   1.2231553 ]
[-0.5933729   0.708043    0.37327057  0.96486986  1.6075714   0.29254898
 -0.906154   -0.32907334 -0.14790125 -1.6827139   0.71677387 -0.3683198
 -0.5067321   0.7388259  -2.1031275   1.2231553 ]
[-0.5933729   0.708043    0.37327057  0.96486986  1.6075714   0.29254898
 -0.906154   -0.32907334 -0.14790125 -1.6827139   0.71677387 -0.3683198
 -0.5067321   0.7388259  -2.1031275   1.2231553 ]
[-0.5933729   0.708043    0.37327057  0.96486986  1.6075714   0.29254898
 -0.906154   -0.32907334 -0.14790125 -1.6827139   0.71677387 -0.3683198
 -0.5067321   0.7388259  -2.1031275   1.2231553 ]
[-0.5933729   0.708043    0.37327057  0.96486986  1.6075714   0.29254898
 -0.906154   -0.32907334 -0.14790125 -1.6827139   0.71677387 -0.3683198
 -0.5067321   0.7388259  -2.1031275   1.2231553 ]
[-0.57796925  0.7086152   0.34185696  0.9542862   1.6245435   0.268544
 -0.8924465  -0.3332097  -0.14168122 -1.6738636   0.74046344 -0.4124539
 -0.51210594  0.7471542  -2.107252    1.2545179 ]
[-0.57796925  0.7086152   0.34185696  0.9542862   1.6245435   0.268544
 -0.8924465  -0.3332097  -0.14168122 -1.6738636   0.74046344 -0.4124539
 -0.51210594  0.7471542  -2.107252    1.2545179 ]
[-0.57796925  0.7086152   0.34185696  0.9542862   1.6245435   0.268544
 -0.8924465  -0.3332097  -0.14168122 -1.6738636   0.74046344 -0.4124539
 -0.51210594  0.7471542  -2.107252    1.2545179 ]
[-0.57796925  0.7086152   0.34185696  0.9542862   1.6245435   0.268544
 -0.8924465  -0.3332097  -0.14168122 -1.6738636   0.74046344 -0.4124539
 -0.51210594  0.7471542  -2.107252    1.2545179 ]
[-0.57796925  0.7086152   0.34185696  0.9542862   1.6245435   0.268544
 -0.8924465  -0.3332097  -0.14168122 -1.6738636   0.74046344 -0.4124539
 -0.51210594  0.7471542  -2.107252    1.2545179 ]
[-0.57153404  0.74525094  0.31837156  0.9169421   1.6355978   0.271588
 -0.9260335  -0.3496825  -0.13685511 -1.7002306   0.78709733 -0.4155365
 -0.49414477  0.718449   -2.0785842   1.2691171 ]
[-0.57153404  0.74525094  0.31837156  0.9169421   1.6355978   0.271588
 -0.9260335  -0.3496825  -0.13685511 -1.7002306   0.78709733 -0.4155365
 -0.49414477  0.718449   -2.0785842   1.2691171 ]
[-0.57153404  0.74525094  0.31837156  0.9169421   1.6355978   0.271588
 -0.9260335  -0.3496825  -0.13685511 -1.7002306   0.78709733 -0.4155365
 -0.49414477  0.718449   -2.0785842   1.2691171 ]
[-0.57153404  0.74525094  0.31837156  0.9169421   1.6355978   0.271588
 -0.9260335  -0.3496825  -0.13685511 -1.7002306   0.78709733 -0.4155365
 -0.49414477  0.718449   -2.0785842   1.2691171 ]
[-0.4742054   0.720985    0.31709918  0.93736345  1.6474416   0.22584954
 -0.86316663 -0.40286273 -0.21934208 -1.7290653   0.8009876  -0.4696228
 -0.42854342  0.7594417  -2.1086814   1.2757406 ]
[-0.4742054   0.720985    0.31709918  0.93736345  1.6474416   0.22584954
 -0.86316663 -0.40286273 -0.21934208 -1.7290653   0.8009876  -0.4696228
 -0.42854342  0.7594417  -2.1086814   1.2757406 ]
[-0.4742054   0.720985    0.31709918  0.93736345  1.6474416   0.22584954
 -0.86316663 -0.40286273 -0.21934208 -1.7290653   0.8009876  -0.4696228
 -0.42854342  0.7594417  -2.1086814   1.2757406 ]
[-0.4742054   0.720985    0.31709918  0.93736345  1.6474416   0.22584954
 -0.86316663 -0.40286273 -0.21934208 -1.7290653   0.8009876  -0.4696228
 -0.42854342  0.7594417  -2.1086814   1.2757406 ]
[-0.48897424  0.7577621   0.3565839   0.92104185  1.6018436   0.2562278
 -0.8788954  -0.3760166  -0.19272557 -1.7178265   0.78173167 -0.4148469
 -0.49151796  0.73213625 -2.1175532   1.2598654 ]
[-0.48897424  0.7577621   0.3565839   0.92104185  1.6018436   0.2562278
 -0.8788954  -0.3760166  -0.19272557 -1.7178265   0.78173167 -0.4148469
 -0.49151796  0.73213625 -2.1175532   1.2598654 ]
[-0.48897424  0.7577621   0.3565839   0.92104185  1.6018436   0.2562278
 -0.8788954  -0.3760166  -0.19272557 -1.7178265   0.78173167 -0.4148469
 -0.49151796  0.73213625 -2.1175532   1.2598654 ]
[-0.48897424  0.7577621   0.3565839   0.92104185  1.6018436   0.2562278
 -0.8788954  -0.3760166  -0.19272557 -1.7178265   0.78173167 -0.4148469
 -0.49151796  0.73213625 -2.1175532   1.2598654 ]
[-0.48897424  0.7577621   0.3565839   0.92104185  1.6018436   0.2562278
 -0.8788954  -0.3760166  -0.19272557 -1.7178265   0.78173167 -0.4148469
 -0.49151796  0.73213625 -2.1175532   1.2598654 ]
[-0.5272044   0.7387928   0.34102744  0.95801926  1.5951908   0.26286668
 -0.88068515 -0.33699745 -0.16301724 -1.6816366   0.7379993  -0.38507837
 -0.5264993   0.7269767  -2.1346655   1.2642828 ]
[-0.5272044   0.7387928   0.34102744  0.95801926  1.5951908   0.26286668
 -0.88068515 -0.33699745 -0.16301724 -1.6816366   0.7379993  -0.38507837
 -0.5264993   0.7269767  -2.1346655   1.2642828 ]
[-0.5272044   0.7387928   0.34102744  0.95801926  1.5951908   0.26286668
 -0.88068515 -0.33699745 -0.16301724 -1.6816366   0.7379993  -0.38507837
 -0.5264993   0.7269767  -2.1346655   1.2642828 ]
[-0.5272044   0.7387928   0.34102744  0.95801926  1.5951908   0.26286668
 -0.88068515 -0.33699745 -0.16301724 -1.6816366   0.7379993  -0.38507837
 -0.5264993   0.7269767  -2.1346655   1.2642828 ]
[-0.5812423   0.73058385  0.33541647  0.9439045   1.6322199   0.2550867
 -0.9147177  -0.30413812 -0.12031207 -1.6778104   0.74389344 -0.39732662
 -0.52585524  0.6993412  -2.105607    1.2765846 ]
[-0.5812423   0.73058385  0.33541647  0.9439045   1.6322199   0.2550867
 -0.9147177  -0.30413812 -0.12031207 -1.6778104   0.74389344 -0.39732662
 -0.52585524  0.6993412  -2.105607    1.2765846 ]
[-0.5812423   0.73058385  0.33541647  0.9439045   1.6322199   0.2550867
 -0.9147177  -0.30413812 -0.12031207 -1.6778104   0.74389344 -0.39732662
 -0.52585524  0.6993412  -2.105607    1.2765846 ]
[-0.5812423   0.73058385  0.33541647  0.9439045   1.6322199   0.2550867
 -0.9147177  -0.30413812 -0.12031207 -1.6778104   0.74389344 -0.39732662
 -0.52585524  0.6993412  -2.105607    1.2765846 ]
[-0.5599205   0.7107398   0.30068564  0.960888    1.6317673   0.21931908
 -0.8608696  -0.32177478 -0.14090668 -1.6844845   0.7620121  -0.45104274
 -0.49238062  0.7513751  -2.1280622   1.2930269 ]
[-0.5599205   0.7107398   0.30068564  0.960888    1.6317673   0.21931908
 -0.8608696  -0.32177478 -0.14090668 -1.6844845   0.7620121  -0.45104274
 -0.49238062  0.7513751  -2.1280622   1.2930269 ]
[-0.5599205   0.7107398   0.30068564  0.960888    1.6317673   0.21931908
 -0.8608696  -0.32177478 -0.14090668 -1.6844845   0.7620121  -0.45104274
 -0.49238062  0.7513751  -2.1280622   1.2930269 ]
[-0.4853824   0.7248951   0.32603836  0.9443222   1.6250579   0.2158545
 -0.8456439  -0.38701764 -0.20120685 -1.7209914   0.8051241  -0.46182984
 -0.45776263  0.7456573  -2.117585    1.2795525 ]
[-0.4853824   0.7248951   0.32603836  0.9443222   1.6250579   0.2158545
 -0.8456439  -0.38701764 -0.20120685 -1.7209914   0.8051241  -0.46182984
 -0.45776263  0.7456573  -2.117585    1.2795525 ]
[-0.4853824   0.7248951   0.32603836  0.9443222   1.6250579   0.2158545
 -0.8456439  -0.38701764 -0.20120685 -1.7209914   0.8051241  -0.46182984
 -0.45776263  0.7456573  -2.117585    1.2795525 ]
[-0.4853824   0.7248951   0.32603836  0.9443222   1.6250579   0.2158545
 -0.8456439  -0.38701764 -0.20120685 -1.7209914   0.8051241  -0.46182984
 -0.45776263  0.7456573  -2.117585    1.2795525 ]
[-0.49280214  0.7119978   0.35428715  0.9693202   1.6008717   0.24342969
 -0.8336457  -0.39701027 -0.21053442 -1.7176774   0.77259576 -0.43679428
 -0.44338077  0.77401805 -2.1378503   1.2302662 ]
[-0.49280214  0.7119978   0.35428715  0.9693202   1.6008717   0.24342969
 -0.8336457  -0.39701027 -0.21053442 -1.7176774   0.77259576 -0.43679428
 -0.44338077  0.77401805 -2.1378503   1.2302662 ]
[-0.49280214  0.7119978   0.35428715  0.9693202   1.6008717   0.24342969
 -0.8336457  -0.39701027 -0.21053442 -1.7176774   0.77259576 -0.43679428
 -0.44338077  0.77401805 -2.1378503   1.2302662 ]
[-0.49280214  0.7119978   0.35428715  0.9693202   1.6008717   0.24342969
 -0.8336457  -0.39701027 -0.21053442 -1.7176774   0.77259576 -0.43679428
 -0.44338077  0.77401805 -2.1378503   1.2302662 ]
[-0.4823742   0.8033883   0.35074586  0.9204462   1.541564    0.27219445
 -0.8297907  -0.41765365 -0.21332571 -1.7054285   0.81007063 -0.42073384
 -0.5350376   0.7689887  -2.1276095   1.2533262 ]
[-0.4823742   0.8033883   0.35074586  0.9204462   1.541564    0.27219445
 -0.8297907  -0.41765365 -0.21332571 -1.7054285   0.81007063 -0.42073384
 -0.5350376   0.7689887  -2.1276095   1.2533262 ]
[-0.4823742   0.8033883   0.35074586  0.9204462   1.541564    0.27219445
 -0.8297907  -0.41765365 -0.21332571 -1.7054285   0.81007063 -0.42073384
 -0.5350376   0.7689887  -2.1276095   1.2533262 ]
[-0.4823742   0.8033883   0.35074586  0.9204462   1.541564    0.27219445
 -0.8297907  -0.41765365 -0.21332571 -1.7054285   0.81007063 -0.42073384
 -0.5350376   0.7689887  -2.1276095   1.2533262 ]
[-0.4823742   0.8033883   0.35074586  0.9204462   1.541564    0.27219445
 -0.8297907  -0.41765365 -0.21332571 -1.7054285   0.81007063 -0.42073384
 -0.5350376   0.7689887  -2.1276095   1.2533262 ]
[-0.5733631   0.8415483   0.39398804  0.82925594  1.5692503   0.30230775
 -0.9434015  -0.36463207 -0.13110527 -1.7210976   0.83095896 -0.39584643
 -0.56499505  0.68282545 -2.0376549   1.27174   ]
[-0.5733631   0.8415483   0.39398804  0.82925594  1.5692503   0.30230775
 -0.9434015  -0.36463207 -0.13110527 -1.7210976   0.83095896 -0.39584643
 -0.56499505  0.68282545 -2.0376549   1.27174   ]
[-0.5733631   0.8415483   0.39398804  0.82925594  1.5692503   0.30230775
 -0.9434015  -0.36463207 -0.13110527 -1.7210976   0.83095896 -0.39584643
 -0.56499505  0.68282545 -2.0376549   1.27174   ]
[-0.5733631   0.8415483   0.39398804  0.82925594  1.5692503   0.30230775
 -0.9434015  -0.36463207 -0.13110527 -1.7210976   0.83095896 -0.39584643
 -0.56499505  0.68282545 -2.0376549   1.27174   ]
[-0.5733631   0.8415483   0.39398804  0.82925594  1.5692503   0.30230775
 -0.9434015  -0.36463207 -0.13110527 -1.7210976   0.83095896 -0.39584643
 -0.56499505  0.68282545 -2.0376549   1.27174   ]
[-0.552804    0.8238594   0.3478553   0.85254574  1.5952997   0.26181388
 -0.9217275  -0.36182576 -0.12187098 -1.7223647   0.83302575 -0.42621142
 -0.55975926  0.6832348  -2.0606291   1.3213516 ]
[-0.552804    0.8238594   0.3478553   0.85254574  1.5952997   0.26181388
 -0.9217275  -0.36182576 -0.12187098 -1.7223647   0.83302575 -0.42621142
 -0.55975926  0.6832348  -2.0606291   1.3213516 ]
[-0.552804    0.8238594   0.3478553   0.85254574  1.5952997   0.26181388
 -0.9217275  -0.36182576 -0.12187098 -1.7223647   0.83302575 -0.42621142
 -0.55975926  0.6832348  -2.0606291   1.3213516 ]
[-0.552804    0.8238594   0.3478553   0.85254574  1.5952997   0.26181388
 -0.9217275  -0.36182576 -0.12187098 -1.7223647   0.83302575 -0.42621142
 -0.55975926  0.6832348  -2.0606291   1.3213516 ]
[-0.4704123   0.7867109   0.31712174  0.89676744  1.6079919   0.20883068
 -0.8554114  -0.3905374  -0.17680614 -1.7346141   0.8359121  -0.47082806
 -0.514091    0.71638954 -2.1037812   1.3387213 ]
[-0.4704123   0.7867109   0.31712174  0.89676744  1.6079919   0.20883068
 -0.8554114  -0.3905374  -0.17680614 -1.7346141   0.8359121  -0.47082806
 -0.514091    0.71638954 -2.1037812   1.3387213 ]
[-0.4704123   0.7867109   0.31712174  0.89676744  1.6079919   0.20883068
 -0.8554114  -0.3905374  -0.17680614 -1.7346141   0.8359121  -0.47082806
 -0.514091    0.71638954 -2.1037812   1.3387213 ]
[-0.4704123   0.7867109   0.31712174  0.89676744  1.6079919   0.20883068
 -0.8554114  -0.3905374  -0.17680614 -1.7346141   0.8359121  -0.47082806
 -0.514091    0.71638954 -2.1037812   1.3387213 ]
[-0.4704123   0.7867109   0.31712174  0.89676744  1.6079919   0.20883068
 -0.8554114  -0.3905374  -0.17680614 -1.7346141   0.8359121  -0.47082806
 -0.514091    0.71638954 -2.1037812   1.3387213 ]
[-0.49215165  0.75665694  0.32346082  0.9263779   1.6027434   0.22592118
 -0.8607313  -0.38168946 -0.18470554 -1.7292593   0.805281   -0.45192757
 -0.4824195   0.7415756  -2.1076016   1.2988827 ]
[-0.49215165  0.75665694  0.32346082  0.9263779   1.6027434   0.22592118
 -0.8607313  -0.38168946 -0.18470554 -1.7292593   0.805281   -0.45192757
 -0.4824195   0.7415756  -2.1076016   1.2988827 ]
[-0.49215165  0.75665694  0.32346082  0.9263779   1.6027434   0.22592118
 -0.8607313  -0.38168946 -0.18470554 -1.7292593   0.805281   -0.45192757
 -0.4824195   0.7415756  -2.1076016   1.2988827 ]
[-0.49215165  0.75665694  0.32346082  0.9263779   1.6027434   0.22592118
 -0.8607313  -0.38168946 -0.18470554 -1.7292593   0.805281   -0.45192757
 -0.4824195   0.7415756  -2.1076016   1.2988827 ]
[-0.50239867  0.72313786  0.3523295   0.96279657  1.5945302   0.24678536
 -0.8578722  -0.38687477 -0.20587783 -1.7216486   0.76939577 -0.418741
 -0.45932657  0.76509196 -2.121043    1.2477663 ]
[-0.50239867  0.72313786  0.3523295   0.96279657  1.5945302   0.24678536
 -0.8578722  -0.38687477 -0.20587783 -1.7216486   0.76939577 -0.418741
 -0.45932657  0.76509196 -2.121043    1.2477663 ]
[-0.50239867  0.72313786  0.3523295   0.96279657  1.5945302   0.24678536
 -0.8578722  -0.38687477 -0.20587783 -1.7216486   0.76939577 -0.418741
 -0.45932657  0.76509196 -2.121043    1.2477663 ]
[-0.50239867  0.72313786  0.3523295   0.96279657  1.5945302   0.24678536
 -0.8578722  -0.38687477 -0.20587783 -1.7216486   0.76939577 -0.418741
 -0.45932657  0.76509196 -2.121043    1.2477663 ]
[-0.53964293  0.7348774   0.35149187  0.9738585   1.5697744   0.28394184
 -0.868116   -0.36112714 -0.1719753  -1.6839736   0.73923326 -0.3735472
 -0.5225431   0.757905   -2.133412    1.2311965 ]
[-0.53964293  0.7348774   0.35149187  0.9738585   1.5697744   0.28394184
 -0.868116   -0.36112714 -0.1719753  -1.6839736   0.73923326 -0.3735472
 -0.5225431   0.757905   -2.133412    1.2311965 ]
[-0.53964293  0.7348774   0.35149187  0.9738585   1.5697744   0.28394184
 -0.868116   -0.36112714 -0.1719753  -1.6839736   0.73923326 -0.3735472
 -0.5225431   0.757905   -2.133412    1.2311965 ]
[-0.53964293  0.7348774   0.35149187  0.9738585   1.5697744   0.28394184
 -0.868116   -0.36112714 -0.1719753  -1.6839736   0.73923326 -0.3735472
 -0.5225431   0.757905   -2.133412    1.2311965 ]
[-0.5786228   0.764403    0.36884576  0.91095895  1.5920746   0.28388977
 -0.9105091  -0.3366508  -0.13655944 -1.6893374   0.7611975  -0.38542774
 -0.54269356  0.7202775  -2.0889478   1.2562854 ]
[-0.5786228   0.764403    0.36884576  0.91095895  1.5920746   0.28388977
 -0.9105091  -0.3366508  -0.13655944 -1.6893374   0.7611975  -0.38542774
 -0.54269356  0.7202775  -2.0889478   1.2562854 ]
[-0.5786228   0.764403    0.36884576  0.91095895  1.5920746   0.28388977
 -0.9105091  -0.3366508  -0.13655944 -1.6893374   0.7611975  -0.38542774
 -0.54269356  0.7202775  -2.0889478   1.2562854 ]
[-0.5786228   0.764403    0.36884576  0.91095895  1.5920746   0.28388977
 -0.9105091  -0.3366508  -0.13655944 -1.6893374   0.7611975  -0.38542774
 -0.54269356  0.7202775  -2.0889478   1.2562854 ]
[-0.55948293  0.7655411   0.3311279   0.8951951   1.624906    0.26244915
 -0.90840876 -0.3524486  -0.13201019 -1.6984371   0.79888904 -0.42603245
 -0.5327195   0.7136308  -2.081216    1.2895358 ]
[-0.55948293  0.7655411   0.3311279   0.8951951   1.624906    0.26244915
 -0.90840876 -0.3524486  -0.13201019 -1.6984371   0.79888904 -0.42603245
 -0.5327195   0.7136308  -2.081216    1.2895358 ]
[-0.55948293  0.7655411   0.3311279   0.8951951   1.624906    0.26244915
 -0.90840876 -0.3524486  -0.13201019 -1.6984371   0.79888904 -0.42603245
 -0.5327195   0.7136308  -2.081216    1.2895358 ]
[-0.55948293  0.7655411   0.3311279   0.8951951   1.624906    0.26244915
 -0.90840876 -0.3524486  -0.13201019 -1.6984371   0.79888904 -0.42603245
 -0.5327195   0.7136308  -2.081216    1.2895358 ]
[-0.55948293  0.7655411   0.3311279   0.8951951   1.624906    0.26244915
 -0.90840876 -0.3524486  -0.13201019 -1.6984371   0.79888904 -0.42603245
 -0.5327195   0.7136308  -2.081216    1.2895358 ]
[-0.4765935   0.7677836   0.3091858   0.8807772   1.6515243   0.22126062
 -0.89941615 -0.39350417 -0.19460717 -1.7376957   0.83424246 -0.4813516
 -0.4667112   0.7055689  -2.063613    1.3353627 ]
[-0.4765935   0.7677836   0.3091858   0.8807772   1.6515243   0.22126062
 -0.89941615 -0.39350417 -0.19460717 -1.7376957   0.83424246 -0.4813516
 -0.4667112   0.7055689  -2.063613    1.3353627 ]
[-0.4765935   0.7677836   0.3091858   0.8807772   1.6515243   0.22126062
 -0.89941615 -0.39350417 -0.19460717 -1.7376957   0.83424246 -0.4813516
 -0.4667112   0.7055689  -2.063613    1.3353627 ]
[-0.4765935   0.7677836   0.3091858   0.8807772   1.6515243   0.22126062
 -0.89941615 -0.39350417 -0.19460717 -1.7376957   0.83424246 -0.4813516
 -0.4667112   0.7055689  -2.063613    1.3353627 ]
[-0.47300035  0.71958494  0.31994945  0.9374935   1.6471188   0.22473583
 -0.86383104 -0.40870962 -0.2235748  -1.7311172   0.8027077  -0.47287568
 -0.423523    0.7607688  -2.1032338   1.2769467 ]
[-0.47300035  0.71958494  0.31994945  0.9374935   1.6471188   0.22473583
 -0.86383104 -0.40870962 -0.2235748  -1.7311172   0.8027077  -0.47287568
 -0.423523    0.7607688  -2.1032338   1.2769467 ]
[-0.47300035  0.71958494  0.31994945  0.9374935   1.6471188   0.22473583
 -0.86383104 -0.40870962 -0.2235748  -1.7311172   0.8027077  -0.47287568
 -0.423523    0.7607688  -2.1032338   1.2769467 ]
[-0.47300035  0.71958494  0.31994945  0.9374935   1.6471188   0.22473583
 -0.86383104 -0.40870962 -0.2235748  -1.7311172   0.8027077  -0.47287568
 -0.423523    0.7607688  -2.1032338   1.2769467 ]
[-0.48437518  0.75297576  0.35951462  0.920359    1.6060355   0.2609939
 -0.88105595 -0.38580096 -0.20099187 -1.7197412   0.7824364  -0.41610226
 -0.48339614  0.73636454 -2.1122587   1.2536312 ]
[-0.48437518  0.75297576  0.35951462  0.920359    1.6060355   0.2609939
 -0.88105595 -0.38580096 -0.20099187 -1.7197412   0.7824364  -0.41610226
 -0.48339614  0.73636454 -2.1122587   1.2536312 ]
[-0.48437518  0.75297576  0.35951462  0.920359    1.6060355   0.2609939
 -0.88105595 -0.38580096 -0.20099187 -1.7197412   0.7824364  -0.41610226
 -0.48339614  0.73636454 -2.1122587   1.2536312 ]
[-0.48437518  0.75297576  0.35951462  0.920359    1.6060355   0.2609939
 -0.88105595 -0.38580096 -0.20099187 -1.7197412   0.7824364  -0.41610226
 -0.48339614  0.73636454 -2.1122587   1.2536312 ]
[-0.506636    0.74378216  0.34384793  0.9487222   1.5896167   0.26351526
 -0.8739659  -0.35224387 -0.18111467 -1.6856009   0.74382734 -0.39234853
 -0.5252548   0.7354814  -2.1325414   1.2704924 ]
[-0.506636    0.74378216  0.34384793  0.9487222   1.5896167   0.26351526
 -0.8739659  -0.35224387 -0.18111467 -1.6856009   0.74382734 -0.39234853
 -0.5252548   0.7354814  -2.1325414   1.2704924 ]
[-0.506636    0.74378216  0.34384793  0.9487222   1.5896167   0.26351526
 -0.8739659  -0.35224387 -0.18111467 -1.6856009   0.74382734 -0.39234853
 -0.5252548   0.7354814  -2.1325414   1.2704924 ]
[-0.506636    0.74378216  0.34384793  0.9487222   1.5896167   0.26351526
 -0.8739659  -0.35224387 -0.18111467 -1.6856009   0.74382734 -0.39234853
 -0.5252548   0.7354814  -2.1325414   1.2704924 ]
[-0.506636    0.74378216  0.34384793  0.9487222   1.5896167   0.26351526
 -0.8739659  -0.35224387 -0.18111467 -1.6856009   0.74382734 -0.39234853
 -0.5252548   0.7354814  -2.1325414   1.2704924 ]
[-0.5773264   0.7146231   0.34116495  0.94105947  1.6475445   0.26380157
 -0.925794   -0.31480804 -0.13145658 -1.6797394   0.74218076 -0.39462867
 -0.49920884  0.7015951  -2.0993009   1.2594707 ]
[-0.5773264   0.7146231   0.34116495  0.94105947  1.6475445   0.26380157
 -0.925794   -0.31480804 -0.13145658 -1.6797394   0.74218076 -0.39462867
 -0.49920884  0.7015951  -2.0993009   1.2594707 ]
[-0.5773264   0.7146231   0.34116495  0.94105947  1.6475445   0.26380157
 -0.925794   -0.31480804 -0.13145658 -1.6797394   0.74218076 -0.39462867
 -0.49920884  0.7015951  -2.0993009   1.2594707 ]
[-0.5773264   0.7146231   0.34116495  0.94105947  1.6475445   0.26380157
 -0.925794   -0.31480804 -0.13145658 -1.6797394   0.74218076 -0.39462867
 -0.49920884  0.7015951  -2.0993009   1.2594707 ]
[-0.5598446   0.69606125  0.30392057  0.96749294  1.6436285   0.22779259
 -0.87270164 -0.3340177  -0.15612642 -1.690823    0.74955267 -0.44012603
 -0.4539402   0.7595936  -2.1256738   1.2749119 ]
[-0.5598446   0.69606125  0.30392057  0.96749294  1.6436285   0.22779259
 -0.87270164 -0.3340177  -0.15612642 -1.690823    0.74955267 -0.44012603
 -0.4539402   0.7595936  -2.1256738   1.2749119 ]
[-0.5598446   0.69606125  0.30392057  0.96749294  1.6436285   0.22779259
 -0.87270164 -0.3340177  -0.15612642 -1.690823    0.74955267 -0.44012603
 -0.4539402   0.7595936  -2.1256738   1.2749119 ]
[-0.5598446   0.69606125  0.30392057  0.96749294  1.6436285   0.22779259
 -0.87270164 -0.3340177  -0.15612642 -1.690823    0.74955267 -0.44012603
 -0.4539402   0.7595936  -2.1256738   1.2749119 ]
[-0.5598446   0.69606125  0.30392057  0.96749294  1.6436285   0.22779259
 -0.87270164 -0.3340177  -0.15612642 -1.690823    0.74955267 -0.44012603
 -0.4539402   0.7595936  -2.1256738   1.2749119 ]
[-0.48445576  0.7080318   0.3352294   0.9424793   1.6426041   0.21542926
 -0.8607832  -0.39603448 -0.22825794 -1.7308708   0.7935895  -0.4679164
 -0.40785304  0.75322545 -2.1048563   1.2794338 ]
[-0.48445576  0.7080318   0.3352294   0.9424793   1.6426041   0.21542926
 -0.8607832  -0.39603448 -0.22825794 -1.7308708   0.7935895  -0.4679164
 -0.40785304  0.75322545 -2.1048563   1.2794338 ]
[-0.48445576  0.7080318   0.3352294   0.9424793   1.6426041   0.21542926
 -0.8607832  -0.39603448 -0.22825794 -1.7308708   0.7935895  -0.4679164
 -0.40785304  0.75322545 -2.1048563   1.2794338 ]
[-0.48445576  0.7080318   0.3352294   0.9424793   1.6426041   0.21542926
 -0.8607832  -0.39603448 -0.22825794 -1.7308708   0.7935895  -0.4679164
 -0.40785304  0.75322545 -2.1048563   1.2794338 ]
[-0.48445576  0.7080318   0.3352294   0.9424793   1.6426041   0.21542926
 -0.8607832  -0.39603448 -0.22825794 -1.7308708   0.7935895  -0.4679164
 -0.40785304  0.75322545 -2.1048563   1.2794338 ]
[-0.48062173  0.71120244  0.37078652  0.9597087   1.601716    0.23545551
 -0.8265482  -0.39461964 -0.23173627 -1.7227337   0.76338816 -0.44783777
 -0.44093913  0.77069724 -2.1320572   1.2519376 ]
[-0.48062173  0.71120244  0.37078652  0.9597087   1.601716    0.23545551
 -0.8265482  -0.39461964 -0.23173627 -1.7227337   0.76338816 -0.44783777
 -0.44093913  0.77069724 -2.1320572   1.2519376 ]
[-0.48062173  0.71120244  0.37078652  0.9597087   1.601716    0.23545551
 -0.8265482  -0.39461964 -0.23173627 -1.7227337   0.76338816 -0.44783777
 -0.44093913  0.77069724 -2.1320572   1.2519376 ]
[-0.48062173  0.71120244  0.37078652  0.9597087   1.601716    0.23545551
 -0.8265482  -0.39461964 -0.23173627 -1.7227337   0.76338816 -0.44783777
 -0.44093913  0.77069724 -2.1320572   1.2519376 ]
[-0.48322898  0.7871448   0.36535332  0.91794634  1.5501381   0.2645796
 -0.82617605 -0.4042667  -0.23030218 -1.7055657   0.796089   -0.432592
 -0.5358833   0.7577923  -2.1139913   1.282543  ]
[-0.48322898  0.7871448   0.36535332  0.91794634  1.5501381   0.2645796
 -0.82617605 -0.4042667  -0.23030218 -1.7055657   0.796089   -0.432592
 -0.5358833   0.7577923  -2.1139913   1.282543  ]
[-0.48322898  0.7871448   0.36535332  0.91794634  1.5501381   0.2645796
 -0.82617605 -0.4042667  -0.23030218 -1.7055657   0.796089   -0.432592
 -0.5358833   0.7577923  -2.1139913   1.282543  ]
[-0.48322898  0.7871448   0.36535332  0.91794634  1.5501381   0.2645796
 -0.82617605 -0.4042667  -0.23030218 -1.7055657   0.796089   -0.432592
 -0.5358833   0.7577923  -2.1139913   1.282543  ]
[-0.48322898  0.7871448   0.36535332  0.91794634  1.5501381   0.2645796
 -0.82617605 -0.4042667  -0.23030218 -1.7055657   0.796089   -0.432592
 -0.5358833   0.7577923  -2.1139913   1.282543  ]
[-0.5969734   0.78894186  0.3751573   0.8892115   1.575536    0.2864028
 -0.92719376 -0.33758584 -0.14224888 -1.7032421   0.7907436  -0.40516537
 -0.53692746  0.7192043  -2.0590248   1.272828  ]
[-0.5969734   0.78894186  0.3751573   0.8892115   1.575536    0.2864028
 -0.92719376 -0.33758584 -0.14224888 -1.7032421   0.7907436  -0.40516537
 -0.53692746  0.7192043  -2.0590248   1.272828  ]
[-0.5969734   0.78894186  0.3751573   0.8892115   1.575536    0.2864028
 -0.92719376 -0.33758584 -0.14224888 -1.7032421   0.7907436  -0.40516537
 -0.53692746  0.7192043  -2.0590248   1.272828  ]
[-0.5969734   0.78894186  0.3751573   0.8892115   1.575536    0.2864028
 -0.92719376 -0.33758584 -0.14224888 -1.7032421   0.7907436  -0.40516537
 -0.53692746  0.7192043  -2.0590248   1.272828  ]
[-0.5969734   0.78894186  0.3751573   0.8892115   1.575536    0.2864028
 -0.92719376 -0.33758584 -0.14224888 -1.7032421   0.7907436  -0.40516537
 -0.53692746  0.7192043  -2.0590248   1.272828  ]
[-0.5955882   0.7549162   0.32802287  0.9241828   1.612373    0.2663744
 -0.92838126 -0.35115823 -0.13802068 -1.7180283   0.7923186  -0.42095837
 -0.47980493  0.7333934  -2.0661976   1.2765663 ]
[-0.5955882   0.7549162   0.32802287  0.9241828   1.612373    0.2663744
 -0.92838126 -0.35115823 -0.13802068 -1.7180283   0.7923186  -0.42095837
 -0.47980493  0.7333934  -2.0661976   1.2765663 ]
[-0.5955882   0.7549162   0.32802287  0.9241828   1.612373    0.2663744
 -0.92838126 -0.35115823 -0.13802068 -1.7180283   0.7923186  -0.42095837
 -0.47980493  0.7333934  -2.0661976   1.2765663 ]
[-0.5955882   0.7549162   0.32802287  0.9241828   1.612373    0.2663744
 -0.92838126 -0.35115823 -0.13802068 -1.7180283   0.7923186  -0.42095837
 -0.47980493  0.7333934  -2.0661976   1.2765663 ]
[-0.48763007  0.7523642   0.33763802  0.92370814  1.6078842   0.23282966
 -0.8707369  -0.40095463 -0.20755939 -1.7381756   0.813331   -0.45906934
 -0.4625782   0.75284827 -2.0949664   1.2909434 ]
[-0.48763007  0.7523642   0.33763802  0.92370814  1.6078842   0.23282966
 -0.8707369  -0.40095463 -0.20755939 -1.7381756   0.813331   -0.45906934
 -0.4625782   0.75284827 -2.0949664   1.2909434 ]
[-0.48763007  0.7523642   0.33763802  0.92370814  1.6078842   0.23282966
 -0.8707369  -0.40095463 -0.20755939 -1.7381756   0.813331   -0.45906934
 -0.4625782   0.75284827 -2.0949664   1.2909434 ]
[-0.48763007  0.7523642   0.33763802  0.92370814  1.6078842   0.23282966
 -0.8707369  -0.40095463 -0.20755939 -1.7381756   0.813331   -0.45906934
 -0.4625782   0.75284827 -2.0949664   1.2909434 ]
[-0.48587817  0.75692487  0.36773545  0.9336443   1.5748099   0.248836
 -0.84482497 -0.3861383  -0.19802551 -1.7256718   0.78215206 -0.4250628
 -0.4975068   0.7544109  -2.129208    1.2623917 ]
[-0.48587817  0.75692487  0.36773545  0.9336443   1.5748099   0.248836
 -0.84482497 -0.3861383  -0.19802551 -1.7256718   0.78215206 -0.4250628
 -0.4975068   0.7544109  -2.129208    1.2623917 ]
[-0.48587817  0.75692487  0.36773545  0.9336443   1.5748099   0.248836
 -0.84482497 -0.3861383  -0.19802551 -1.7256718   0.78215206 -0.4250628
 -0.4975068   0.7544109  -2.129208    1.2623917 ]
[-0.48587817  0.75692487  0.36773545  0.9336443   1.5748099   0.248836
 -0.84482497 -0.3861383  -0.19802551 -1.7256718   0.78215206 -0.4250628
 -0.4975068   0.7544109  -2.129208    1.2623917 ]
[-0.48587817  0.75692487  0.36773545  0.9336443   1.5748099   0.248836
 -0.84482497 -0.3861383  -0.19802551 -1.7256718   0.78215206 -0.4250628
 -0.4975068   0.7544109  -2.129208    1.2623917 ]
[-0.55308247  0.75033677  0.34493035  0.9631441   1.5755517   0.28283718
 -0.8766678  -0.35193807 -0.1582084  -1.6873219   0.7541383  -0.3824619
 -0.5290078   0.7425462  -2.1288288   1.2424494 ]
[-0.55308247  0.75033677  0.34493035  0.9631441   1.5755517   0.28283718
 -0.8766678  -0.35193807 -0.1582084  -1.6873219   0.7541383  -0.3824619
 -0.5290078   0.7425462  -2.1288288   1.2424494 ]
[-0.55308247  0.75033677  0.34493035  0.9631441   1.5755517   0.28283718
 -0.8766678  -0.35193807 -0.1582084  -1.6873219   0.7541383  -0.3824619
 -0.5290078   0.7425462  -2.1288288   1.2424494 ]
[-0.55308247  0.75033677  0.34493035  0.9631441   1.5755517   0.28283718
 -0.8766678  -0.35193807 -0.1582084  -1.6873219   0.7541383  -0.3824619
 -0.5290078   0.7425462  -2.1288288   1.2424494 ]
[-0.61378276  0.7415153   0.32800475  0.9449831   1.6201845   0.28055185
 -0.93703115 -0.31539068 -0.11701343 -1.6929632   0.7550201  -0.39075235
 -0.49718466  0.71564615 -2.0838552   1.2514433 ]
[-0.61378276  0.7415153   0.32800475  0.9449831   1.6201845   0.28055185
 -0.93703115 -0.31539068 -0.11701343 -1.6929632   0.7550201  -0.39075235
 -0.49718466  0.71564615 -2.0838552   1.2514433 ]
[-0.61378276  0.7415153   0.32800475  0.9449831   1.6201845   0.28055185
 -0.93703115 -0.31539068 -0.11701343 -1.6929632   0.7550201  -0.39075235
 -0.49718466  0.71564615 -2.0838552   1.2514433 ]
[-0.61378276  0.7415153   0.32800475  0.9449831   1.6201845   0.28055185
 -0.93703115 -0.31539068 -0.11701343 -1.6929632   0.7550201  -0.39075235
 -0.49718466  0.71564615 -2.0838552   1.2514433 ]
[-0.59483635  0.7359083   0.30911335  0.9440185   1.6148338   0.25922886
 -0.91007346 -0.32762116 -0.127305   -1.7060379   0.7659539  -0.41017404
 -0.4664901   0.75651324 -2.1079202   1.2541416 ]
[-0.59483635  0.7359083   0.30911335  0.9440185   1.6148338   0.25922886
 -0.91007346 -0.32762116 -0.127305   -1.7060379   0.7659539  -0.41017404
 -0.4664901   0.75651324 -2.1079202   1.2541416 ]
[-0.59483635  0.7359083   0.30911335  0.9440185   1.6148338   0.25922886
 -0.91007346 -0.32762116 -0.127305   -1.7060379   0.7659539  -0.41017404
 -0.4664901   0.75651324 -2.1079202   1.2541416 ]
[-0.59483635  0.7359083   0.30911335  0.9440185   1.6148338   0.25922886
 -0.91007346 -0.32762116 -0.127305   -1.7060379   0.7659539  -0.41017404
 -0.4664901   0.75651324 -2.1079202   1.2541416 ]
[-0.47398797  0.73622084  0.3391983   0.9413699   1.6121651   0.21454468
 -0.8436127  -0.38302374 -0.19449484 -1.734565    0.79317296 -0.44649488
 -0.45281777  0.75708896 -2.1407092   1.2645499 ]
[-0.47398797  0.73622084  0.3391983   0.9413699   1.6121651   0.21454468
 -0.8436127  -0.38302374 -0.19449484 -1.734565    0.79317296 -0.44649488
 -0.45281777  0.75708896 -2.1407092   1.2645499 ]
[-0.47398797  0.73622084  0.3391983   0.9413699   1.6121651   0.21454468
 -0.8436127  -0.38302374 -0.19449484 -1.734565    0.79317296 -0.44649488
 -0.45281777  0.75708896 -2.1407092   1.2645499 ]
[-0.47398797  0.73622084  0.3391983   0.9413699   1.6121651   0.21454468
 -0.8436127  -0.38302374 -0.19449484 -1.734565    0.79317296 -0.44649488
 -0.45281777  0.75708896 -2.1407092   1.2645499 ]
[-0.4855732   0.7599355   0.36593252  0.9331463   1.5895029   0.23707628
 -0.84023553 -0.3787168  -0.18519029 -1.724417    0.78356445 -0.4149168
 -0.50138247  0.73515636 -2.1381812   1.2525735 ]
[-0.4855732   0.7599355   0.36593252  0.9331463   1.5895029   0.23707628
 -0.84023553 -0.3787168  -0.18519029 -1.724417    0.78356445 -0.4149168
 -0.50138247  0.73515636 -2.1381812   1.2525735 ]
[-0.4855732   0.7599355   0.36593252  0.9331463   1.5895029   0.23707628
 -0.84023553 -0.3787168  -0.18519029 -1.724417    0.78356445 -0.4149168
 -0.50138247  0.73515636 -2.1381812   1.2525735 ]
[-0.4855732   0.7599355   0.36593252  0.9331463   1.5895029   0.23707628
 -0.84023553 -0.3787168  -0.18519029 -1.724417    0.78356445 -0.4149168
 -0.50138247  0.73515636 -2.1381812   1.2525735 ]
[-0.60816044  0.7662221   0.36494786  0.9312      1.5854807   0.28738308
 -0.89664745 -0.32685345 -0.10924032 -1.6853149   0.76800585 -0.38613456
 -0.55210996  0.71729946 -2.1019645   1.2340865 ]
[-0.60816044  0.7662221   0.36494786  0.9312      1.5854807   0.28738308
 -0.89664745 -0.32685345 -0.10924032 -1.6853149   0.76800585 -0.38613456
 -0.55210996  0.71729946 -2.1019645   1.2340865 ]
[-0.60816044  0.7662221   0.36494786  0.9312      1.5854807   0.28738308
 -0.89664745 -0.32685345 -0.10924032 -1.6853149   0.76800585 -0.38613456
 -0.55210996  0.71729946 -2.1019645   1.2340865 ]
[-0.60816044  0.7662221   0.36494786  0.9312      1.5854807   0.28738308
 -0.89664745 -0.32685345 -0.10924032 -1.6853149   0.76800585 -0.38613456
 -0.55210996  0.71729946 -2.1019645   1.2340865 ]
[-0.60816044  0.7662221   0.36494786  0.9312      1.5854807   0.28738308
 -0.89664745 -0.32685345 -0.10924032 -1.6853149   0.76800585 -0.38613456
 -0.55210996  0.71729946 -2.1019645   1.2340865 ]
[-0.5945775   0.79824793  0.34013852  0.8959344   1.575312    0.2676796
 -0.8995368  -0.3377048  -0.10792037 -1.7026145   0.8132857  -0.41591352
 -0.55484617  0.7240864  -2.085011    1.2732584 ]
[-0.5945775   0.79824793  0.34013852  0.8959344   1.575312    0.2676796
 -0.8995368  -0.3377048  -0.10792037 -1.7026145   0.8132857  -0.41591352
 -0.55484617  0.7240864  -2.085011    1.2732584 ]
[-0.5945775   0.79824793  0.34013852  0.8959344   1.575312    0.2676796
 -0.8995368  -0.3377048  -0.10792037 -1.7026145   0.8132857  -0.41591352
 -0.55484617  0.7240864  -2.085011    1.2732584 ]
[-0.5945775   0.79824793  0.34013852  0.8959344   1.575312    0.2676796
 -0.8995368  -0.3377048  -0.10792037 -1.7026145   0.8132857  -0.41591352
 -0.55484617  0.7240864  -2.085011    1.2732584 ]
[-0.49201083  0.7797051   0.33746487  0.8998763   1.6044123   0.23511669
 -0.8637245  -0.39916834 -0.16733822 -1.7288854   0.8563188  -0.45865172
 -0.51842225  0.7237409  -2.097222    1.2778798 ]
[-0.49201083  0.7797051   0.33746487  0.8998763   1.6044123   0.23511669
 -0.8637245  -0.39916834 -0.16733822 -1.7288854   0.8563188  -0.45865172
 -0.51842225  0.7237409  -2.097222    1.2778798 ]
[-0.49201083  0.7797051   0.33746487  0.8998763   1.6044123   0.23511669
 -0.8637245  -0.39916834 -0.16733822 -1.7288854   0.8563188  -0.45865172
 -0.51842225  0.7237409  -2.097222    1.2778798 ]
[-0.49201083  0.7797051   0.33746487  0.8998763   1.6044123   0.23511669
 -0.8637245  -0.39916834 -0.16733822 -1.7288854   0.8563188  -0.45865172
 -0.51842225  0.7237409  -2.097222    1.2778798 ]
[-0.49201083  0.7797051   0.33746487  0.8998763   1.6044123   0.23511669
 -0.8637245  -0.39916834 -0.16733822 -1.7288854   0.8563188  -0.45865172
 -0.51842225  0.7237409  -2.097222    1.2778798 ]
[-0.5007778   0.76339626  0.36863047  0.9203041   1.5876554   0.2623273
 -0.86747855 -0.39527774 -0.16871996 -1.7237854   0.8114177  -0.4074861
 -0.50651085  0.7346891  -2.1194131   1.2280983 ]
[-0.5007778   0.76339626  0.36863047  0.9203041   1.5876554   0.2623273
 -0.86747855 -0.39527774 -0.16871996 -1.7237854   0.8114177  -0.4074861
 -0.50651085  0.7346891  -2.1194131   1.2280983 ]
[-0.5007778   0.76339626  0.36863047  0.9203041   1.5876554   0.2623273
 -0.86747855 -0.39527774 -0.16871996 -1.7237854   0.8114177  -0.4074861
 -0.50651085  0.7346891  -2.1194131   1.2280983 ]
[-0.5007778   0.76339626  0.36863047  0.9203041   1.5876554   0.2623273
 -0.86747855 -0.39527774 -0.16871996 -1.7237854   0.8114177  -0.4074861
 -0.50651085  0.7346891  -2.1194131   1.2280983 ]
[-0.577428    0.7701426   0.38126123  0.89284784  1.5999045   0.3080935
 -0.94152546 -0.36946324 -0.15278582 -1.709637    0.80729675 -0.37760806
 -0.51296556  0.71273094 -2.0618548   1.2180003 ]
[-0.577428    0.7701426   0.38126123  0.89284784  1.5999045   0.3080935
 -0.94152546 -0.36946324 -0.15278582 -1.709637    0.80729675 -0.37760806
 -0.51296556  0.71273094 -2.0618548   1.2180003 ]
[-0.577428    0.7701426   0.38126123  0.89284784  1.5999045   0.3080935
 -0.94152546 -0.36946324 -0.15278582 -1.709637    0.80729675 -0.37760806
 -0.51296556  0.71273094 -2.0618548   1.2180003 ]
[-0.577428    0.7701426   0.38126123  0.89284784  1.5999045   0.3080935
 -0.94152546 -0.36946324 -0.15278582 -1.709637    0.80729675 -0.37760806
 -0.51296556  0.71273094 -2.0618548   1.2180003 ]
[-0.5757984   0.7737291   0.37483627  0.89188325  1.6084235   0.2950704
 -0.9352671  -0.36228892 -0.13812113 -1.7081696   0.79294205 -0.3728292
 -0.5249041   0.69634116 -2.067442    1.2398325 ]
[-0.5757984   0.7737291   0.37483627  0.89188325  1.6084235   0.2950704
 -0.9352671  -0.36228892 -0.13812113 -1.7081696   0.79294205 -0.3728292
 -0.5249041   0.69634116 -2.067442    1.2398325 ]
[-0.5757984   0.7737291   0.37483627  0.89188325  1.6084235   0.2950704
 -0.9352671  -0.36228892 -0.13812113 -1.7081696   0.79294205 -0.3728292
 -0.5249041   0.69634116 -2.067442    1.2398325 ]
[-0.5757984   0.7737291   0.37483627  0.89188325  1.6084235   0.2950704
 -0.9352671  -0.36228892 -0.13812113 -1.7081696   0.79294205 -0.3728292
 -0.5249041   0.69634116 -2.067442    1.2398325 ]
[-0.5576494   0.77871656  0.34677166  0.87595636  1.6219038   0.26891822
 -0.9163987  -0.36472622 -0.14218013 -1.7118013   0.8079704  -0.41507396
 -0.52662456  0.7012545  -2.0675554   1.2909095 ]
[-0.5576494   0.77871656  0.34677166  0.87595636  1.6219038   0.26891822
 -0.9163987  -0.36472622 -0.14218013 -1.7118013   0.8079704  -0.41507396
 -0.52662456  0.7012545  -2.0675554   1.2909095 ]
[-0.5576494   0.77871656  0.34677166  0.87595636  1.6219038   0.26891822
 -0.9163987  -0.36472622 -0.14218013 -1.7118013   0.8079704  -0.41507396
 -0.52662456  0.7012545  -2.0675554   1.2909095 ]
[-0.5576494   0.77871656  0.34677166  0.87595636  1.6219038   0.26891822
 -0.9163987  -0.36472622 -0.14218013 -1.7118013   0.8079704  -0.41507396
 -0.52662456  0.7012545  -2.0675554   1.2909095 ]
[-0.5576494   0.77871656  0.34677166  0.87595636  1.6219038   0.26891822
 -0.9163987  -0.36472622 -0.14218013 -1.7118013   0.8079704  -0.41507396
 -0.52662456  0.7012545  -2.0675554   1.2909095 ]
[-0.47736272  0.76715857  0.32831222  0.8746427   1.6428645   0.21917367
 -0.88409966 -0.39142865 -0.20298262 -1.7392118   0.8305999  -0.47889557
 -0.4775737   0.7082161  -2.0697253   1.3423336 ]
[-0.47736272  0.76715857  0.32831222  0.8746427   1.6428645   0.21917367
 -0.88409966 -0.39142865 -0.20298262 -1.7392118   0.8305999  -0.47889557
 -0.4775737   0.7082161  -2.0697253   1.3423336 ]
[-0.47736272  0.76715857  0.32831222  0.8746427   1.6428645   0.21917367
 -0.88409966 -0.39142865 -0.20298262 -1.7392118   0.8305999  -0.47889557
 -0.4775737   0.7082161  -2.0697253   1.3423336 ]
[-0.47736272  0.76715857  0.32831222  0.8746427   1.6428645   0.21917367
 -0.88409966 -0.39142865 -0.20298262 -1.7392118   0.8305999  -0.47889557
 -0.4775737   0.7082161  -2.0697253   1.3423336 ]
[-0.47736272  0.76715857  0.32831222  0.8746427   1.6428645   0.21917367
 -0.88409966 -0.39142865 -0.20298262 -1.7392118   0.8305999  -0.47889557
 -0.4775737   0.7082161  -2.0697253   1.3423336 ]
[-0.47778592  0.71503645  0.31678993  0.9370659   1.6488699   0.21026137
 -0.8445381  -0.402785   -0.22644003 -1.7332871   0.8036634  -0.488123
 -0.42744404  0.7490702  -2.0974503   1.3074868 ]
[-0.47778592  0.71503645  0.31678993  0.9370659   1.6488699   0.21026137
 -0.8445381  -0.402785   -0.22644003 -1.7332871   0.8036634  -0.488123
 -0.42744404  0.7490702  -2.0974503   1.3074868 ]
[-0.47778592  0.71503645  0.31678993  0.9370659   1.6488699   0.21026137
 -0.8445381  -0.402785   -0.22644003 -1.7332871   0.8036634  -0.488123
 -0.42744404  0.7490702  -2.0974503   1.3074868 ]
[-0.47778592  0.71503645  0.31678993  0.9370659   1.6488699   0.21026137
 -0.8445381  -0.402785   -0.22644003 -1.7332871   0.8036634  -0.488123
 -0.42744404  0.7490702  -2.0974503   1.3074868 ]
[-0.51958954  0.7353509   0.34733143  0.9480421   1.6098725   0.26388556
 -0.88478947 -0.39651448 -0.22080696 -1.730792    0.7753963  -0.42474556
 -0.429326    0.75562316 -2.0908847   1.2505528 ]
[-0.51958954  0.7353509   0.34733143  0.9480421   1.6098725   0.26388556
 -0.88478947 -0.39651448 -0.22080696 -1.730792    0.7753963  -0.42474556
 -0.429326    0.75562316 -2.0908847   1.2505528 ]
[-0.51958954  0.7353509   0.34733143  0.9480421   1.6098725   0.26388556
 -0.88478947 -0.39651448 -0.22080696 -1.730792    0.7753963  -0.42474556
 -0.429326    0.75562316 -2.0908847   1.2505528 ]
[-0.51958954  0.7353509   0.34733143  0.9480421   1.6098725   0.26388556
 -0.88478947 -0.39651448 -0.22080696 -1.730792    0.7753963  -0.42474556
 -0.429326    0.75562316 -2.0908847   1.2505528 ]
[-0.51958954  0.7353509   0.34733143  0.9480421   1.6098725   0.26388556
 -0.88478947 -0.39651448 -0.22080696 -1.730792    0.7753963  -0.42474556
 -0.429326    0.75562316 -2.0908847   1.2505528 ]
[-0.5684619   0.72756124  0.35703373  0.9650303   1.6032722   0.30512872
 -0.91298497 -0.3664466  -0.20445237 -1.703483    0.7396951  -0.38155732
 -0.4623665   0.75643265 -2.0859668   1.2193722 ]
[-0.5684619   0.72756124  0.35703373  0.9650303   1.6032722   0.30512872
 -0.91298497 -0.3664466  -0.20445237 -1.703483    0.7396951  -0.38155732
 -0.4623665   0.75643265 -2.0859668   1.2193722 ]
[-0.5684619   0.72756124  0.35703373  0.9650303   1.6032722   0.30512872
 -0.91298497 -0.3664466  -0.20445237 -1.703483    0.7396951  -0.38155732
 -0.4623665   0.75643265 -2.0859668   1.2193722 ]
[-0.5684619   0.72756124  0.35703373  0.9650303   1.6032722   0.30512872
 -0.91298497 -0.3664466  -0.20445237 -1.703483    0.7396951  -0.38155732
 -0.4623665   0.75643265 -2.0859668   1.2193722 ]
[-0.47682658  0.7554161   0.32294413  0.9549074   1.5722964   0.25173348
 -0.83565533 -0.38298705 -0.24456656 -1.7051532   0.749308   -0.42809162
 -0.49501938  0.7856245  -2.128119    1.2951939 ]
[-0.47682658  0.7554161   0.32294413  0.9549074   1.5722964   0.25173348
 -0.83565533 -0.38298705 -0.24456656 -1.7051532   0.749308   -0.42809162
 -0.49501938  0.7856245  -2.128119    1.2951939 ]
[-0.47682658  0.7554161   0.32294413  0.9549074   1.5722964   0.25173348
 -0.83565533 -0.38298705 -0.24456656 -1.7051532   0.749308   -0.42809162
 -0.49501938  0.7856245  -2.128119    1.2951939 ]
[-0.47682658  0.7554161   0.32294413  0.9549074   1.5722964   0.25173348
 -0.83565533 -0.38298705 -0.24456656 -1.7051532   0.749308   -0.42809162
 -0.49501938  0.7856245  -2.128119    1.2951939 ]
[-0.58079255  0.69220436  0.33150673  0.9777466   1.6313442   0.25964698
 -0.87494993 -0.32693288 -0.15029564 -1.679974    0.72238797 -0.4158348
 -0.48067293  0.7631401  -2.1234887   1.2436686 ]
[-0.58079255  0.69220436  0.33150673  0.9777466   1.6313442   0.25964698
 -0.87494993 -0.32693288 -0.15029564 -1.679974    0.72238797 -0.4158348
 -0.48067293  0.7631401  -2.1234887   1.2436686 ]
[-0.58079255  0.69220436  0.33150673  0.9777466   1.6313442   0.25964698
 -0.87494993 -0.32693288 -0.15029564 -1.679974    0.72238797 -0.4158348
 -0.48067293  0.7631401  -2.1234887   1.2436686 ]
[-0.58079255  0.69220436  0.33150673  0.9777466   1.6313442   0.25964698
 -0.87494993 -0.32693288 -0.15029564 -1.679974    0.72238797 -0.4158348
 -0.48067293  0.7631401  -2.1234887   1.2436686 ]
[-0.58079255  0.69220436  0.33150673  0.9777466   1.6313442   0.25964698
 -0.87494993 -0.32693288 -0.15029564 -1.679974    0.72238797 -0.4158348
 -0.48067293  0.7631401  -2.1234887   1.2436686 ]
[-0.5633036   0.73033303  0.31751767  0.9276363   1.6342165   0.2722258
 -0.90157807 -0.3473919  -0.1282326  -1.6859344   0.77453345 -0.41214275
 -0.5016986   0.732446   -2.1067474   1.2469542 ]
[-0.5633036   0.73033303  0.31751767  0.9276363   1.6342165   0.2722258
 -0.90157807 -0.3473919  -0.1282326  -1.6859344   0.77453345 -0.41214275
 -0.5016986   0.732446   -2.1067474   1.2469542 ]
[-0.5633036   0.73033303  0.31751767  0.9276363   1.6342165   0.2722258
 -0.90157807 -0.3473919  -0.1282326  -1.6859344   0.77453345 -0.41214275
 -0.5016986   0.732446   -2.1067474   1.2469542 ]
[-0.5633036   0.73033303  0.31751767  0.9276363   1.6342165   0.2722258
 -0.90157807 -0.3473919  -0.1282326  -1.6859344   0.77453345 -0.41214275
 -0.5016986   0.732446   -2.1067474   1.2469542 ]
[-0.45483655  0.7101239   0.32412827  0.92906046  1.6609375   0.22887456
 -0.8619301  -0.4027544  -0.21171872 -1.7212677   0.8011607  -0.45928162
 -0.43609637  0.74639785 -2.1193366   1.2548962 ]
[-0.45483655  0.7101239   0.32412827  0.92906046  1.6609375   0.22887456
 -0.8619301  -0.4027544  -0.21171872 -1.7212677   0.8011607  -0.45928162
 -0.43609637  0.74639785 -2.1193366   1.2548962 ]
[-0.45483655  0.7101239   0.32412827  0.92906046  1.6609375   0.22887456
 -0.8619301  -0.4027544  -0.21171872 -1.7212677   0.8011607  -0.45928162
 -0.43609637  0.74639785 -2.1193366   1.2548962 ]
[-0.45483655  0.7101239   0.32412827  0.92906046  1.6609375   0.22887456
 -0.8619301  -0.4027544  -0.21171872 -1.7212677   0.8011607  -0.45928162
 -0.43609637  0.74639785 -2.1193366   1.2548962 ]
[-0.49577957  0.7293661   0.3726212   0.9297881   1.6253828   0.27413502
 -0.903334   -0.38096207 -0.19298613 -1.7206249   0.7717949  -0.3904408
 -0.44136405  0.7236206  -2.1175187   1.2025592 ]
[-0.49577957  0.7293661   0.3726212   0.9297881   1.6253828   0.27413502
 -0.903334   -0.38096207 -0.19298613 -1.7206249   0.7717949  -0.3904408
 -0.44136405  0.7236206  -2.1175187   1.2025592 ]
[-0.49577957  0.7293661   0.3726212   0.9297881   1.6253828   0.27413502
 -0.903334   -0.38096207 -0.19298613 -1.7206249   0.7717949  -0.3904408
 -0.44136405  0.7236206  -2.1175187   1.2025592 ]
[-0.49577957  0.7293661   0.3726212   0.9297881   1.6253828   0.27413502
 -0.903334   -0.38096207 -0.19298613 -1.7206249   0.7717949  -0.3904408
 -0.44136405  0.7236206  -2.1175187   1.2025592 ]
[-0.49577957  0.7293661   0.3726212   0.9297881   1.6253828   0.27413502
 -0.903334   -0.38096207 -0.19298613 -1.7206249   0.7717949  -0.3904408
 -0.44136405  0.7236206  -2.1175187   1.2025592 ]
[-0.5583805   0.72062725  0.37492996  0.93213665  1.6379607   0.29083252
 -0.9339455  -0.34280413 -0.1663806  -1.6961457   0.74260634 -0.36828682
 -0.4639144   0.6987796  -2.0912693   1.2102566 ]
[-0.5583805   0.72062725  0.37492996  0.93213665  1.6379607   0.29083252
 -0.9339455  -0.34280413 -0.1663806  -1.6961457   0.74260634 -0.36828682
 -0.4639144   0.6987796  -2.0912693   1.2102566 ]
[-0.5583805   0.72062725  0.37492996  0.93213665  1.6379607   0.29083252
 -0.9339455  -0.34280413 -0.1663806  -1.6961457   0.74260634 -0.36828682
 -0.4639144   0.6987796  -2.0912693   1.2102566 ]
[-0.5583805   0.72062725  0.37492996  0.93213665  1.6379607   0.29083252
 -0.9339455  -0.34280413 -0.1663806  -1.6961457   0.74260634 -0.36828682
 -0.4639144   0.6987796  -2.0912693   1.2102566 ]
[-0.5583805   0.72062725  0.37492996  0.93213665  1.6379607   0.29083252
 -0.9339455  -0.34280413 -0.1663806  -1.6961457   0.74260634 -0.36828682
 -0.4639144   0.6987796  -2.0912693   1.2102566 ]
[-0.56156766  0.72253245  0.34894714  0.93390715  1.650769    0.2748502
 -0.9265863  -0.33449382 -0.16136472 -1.6915414   0.7394627  -0.39632148
 -0.47857466  0.69927233 -2.0867362   1.2567694 ]
[-0.56156766  0.72253245  0.34894714  0.93390715  1.650769    0.2748502
 -0.9265863  -0.33449382 -0.16136472 -1.6915414   0.7394627  -0.39632148
 -0.47857466  0.69927233 -2.0867362   1.2567694 ]
[-0.56156766  0.72253245  0.34894714  0.93390715  1.650769    0.2748502
 -0.9265863  -0.33449382 -0.16136472 -1.6915414   0.7394627  -0.39632148
 -0.47857466  0.69927233 -2.0867362   1.2567694 ]
[-0.56156766  0.72253245  0.34894714  0.93390715  1.650769    0.2748502
 -0.9265863  -0.33449382 -0.16136472 -1.6915414   0.7394627  -0.39632148
 -0.47857466  0.69927233 -2.0867362   1.2567694 ]
[-0.5440732   0.7093176   0.32454976  0.9472002   1.6350008   0.23072965
 -0.85910046 -0.33587557 -0.16249867 -1.6808989   0.7511857  -0.4472519
 -0.4917881   0.7590469  -2.1321692   1.2866116 ]
[-0.5440732   0.7093176   0.32454976  0.9472002   1.6350008   0.23072965
 -0.85910046 -0.33587557 -0.16249867 -1.6808989   0.7511857  -0.4472519
 -0.4917881   0.7590469  -2.1321692   1.2866116 ]
[-0.5440732   0.7093176   0.32454976  0.9472002   1.6350008   0.23072965
 -0.85910046 -0.33587557 -0.16249867 -1.6808989   0.7511857  -0.4472519
 -0.4917881   0.7590469  -2.1321692   1.2866116 ]
[-0.5440732   0.7093176   0.32454976  0.9472002   1.6350008   0.23072965
 -0.85910046 -0.33587557 -0.16249867 -1.6808989   0.7511857  -0.4472519
 -0.4917881   0.7590469  -2.1321692   1.2866116 ]
[-0.48485518  0.7064584   0.33858106  0.9357319   1.6552528   0.21504517
 -0.8478495  -0.39348102 -0.2244988  -1.7236812   0.8018532  -0.4819922
 -0.44832355  0.73325604 -2.0918775   1.3000858 ]
[-0.48485518  0.7064584   0.33858106  0.9357319   1.6552528   0.21504517
 -0.8478495  -0.39348102 -0.2244988  -1.7236812   0.8018532  -0.4819922
 -0.44832355  0.73325604 -2.0918775   1.3000858 ]
[-0.48485518  0.7064584   0.33858106  0.9357319   1.6552528   0.21504517
 -0.8478495  -0.39348102 -0.2244988  -1.7236812   0.8018532  -0.4819922
 -0.44832355  0.73325604 -2.0918775   1.3000858 ]
[-0.48485518  0.7064584   0.33858106  0.9357319   1.6552528   0.21504517
 -0.8478495  -0.39348102 -0.2244988  -1.7236812   0.8018532  -0.4819922
 -0.44832355  0.73325604 -2.0918775   1.3000858 ]
[-0.4983124   0.6806844   0.36328468  0.99669284  1.6039183   0.24374583
 -0.81965417 -0.38492784 -0.21844164 -1.709334    0.7309896  -0.42921776
 -0.4271551   0.77620435 -2.145884    1.224289  ]
[-0.4983124   0.6806844   0.36328468  0.99669284  1.6039183   0.24374583
 -0.81965417 -0.38492784 -0.21844164 -1.709334    0.7309896  -0.42921776
 -0.4271551   0.77620435 -2.145884    1.224289  ]
[-0.4983124   0.6806844   0.36328468  0.99669284  1.6039183   0.24374583
 -0.81965417 -0.38492784 -0.21844164 -1.709334    0.7309896  -0.42921776
 -0.4271551   0.77620435 -2.145884    1.224289  ]
[-0.4983124   0.6806844   0.36328468  0.99669284  1.6039183   0.24374583
 -0.81965417 -0.38492784 -0.21844164 -1.709334    0.7309896  -0.42921776
 -0.4271551   0.77620435 -2.145884    1.224289  ]
[-0.4983124   0.6806844   0.36328468  0.99669284  1.6039183   0.24374583
 -0.81965417 -0.38492784 -0.21844164 -1.709334    0.7309896  -0.42921776
 -0.4271551   0.77620435 -2.145884    1.224289  ]
[-0.54270554  0.7268409   0.3680995   0.98326004  1.5596342   0.30088145
 -0.8491462  -0.3895568  -0.22038603 -1.6935997   0.7445193  -0.38939938
 -0.4680639   0.78833234 -2.1289165   1.1963542 ]
[-0.54270554  0.7268409   0.3680995   0.98326004  1.5596342   0.30088145
 -0.8491462  -0.3895568  -0.22038603 -1.6935997   0.7445193  -0.38939938
 -0.4680639   0.78833234 -2.1289165   1.1963542 ]
[-0.54270554  0.7268409   0.3680995   0.98326004  1.5596342   0.30088145
 -0.8491462  -0.3895568  -0.22038603 -1.6935997   0.7445193  -0.38939938
 -0.4680639   0.78833234 -2.1289165   1.1963542 ]
[-0.54270554  0.7268409   0.3680995   0.98326004  1.5596342   0.30088145
 -0.8491462  -0.3895568  -0.22038603 -1.6935997   0.7445193  -0.38939938
 -0.4680639   0.78833234 -2.1289165   1.1963542 ]
[-0.49659252  0.79129803  0.35654467  0.9314512   1.5345118   0.28375325
 -0.8346326  -0.40457717 -0.23663023 -1.6991498   0.78351486 -0.40674382
 -0.52033776  0.7857026  -2.123822    1.2442313 ]
[-0.49659252  0.79129803  0.35654467  0.9314512   1.5345118   0.28375325
 -0.8346326  -0.40457717 -0.23663023 -1.6991498   0.78351486 -0.40674382
 -0.52033776  0.7857026  -2.123822    1.2442313 ]
[-0.49659252  0.79129803  0.35654467  0.9314512   1.5345118   0.28375325
 -0.8346326  -0.40457717 -0.23663023 -1.6991498   0.78351486 -0.40674382
 -0.52033776  0.7857026  -2.123822    1.2442313 ]
[-0.49659252  0.79129803  0.35654467  0.9314512   1.5345118   0.28375325
 -0.8346326  -0.40457717 -0.23663023 -1.6991498   0.78351486 -0.40674382
 -0.52033776  0.7857026  -2.123822    1.2442313 ]
[-0.587707    0.8007744   0.37671128  0.8695222   1.5783174   0.296202
 -0.93146783 -0.34132662 -0.13608138 -1.7045053   0.7911222  -0.39048404
 -0.5414097   0.71197677 -2.0646973   1.2624862 ]
[-0.587707    0.8007744   0.37671128  0.8695222   1.5783174   0.296202
 -0.93146783 -0.34132662 -0.13608138 -1.7045053   0.7911222  -0.39048404
 -0.5414097   0.71197677 -2.0646973   1.2624862 ]
[-0.587707    0.8007744   0.37671128  0.8695222   1.5783174   0.296202
 -0.93146783 -0.34132662 -0.13608138 -1.7045053   0.7911222  -0.39048404
 -0.5414097   0.71197677 -2.0646973   1.2624862 ]
[-0.587707    0.8007744   0.37671128  0.8695222   1.5783174   0.296202
 -0.93146783 -0.34132662 -0.13608138 -1.7045053   0.7911222  -0.39048404
 -0.5414097   0.71197677 -2.0646973   1.2624862 ]
[-0.56583494  0.79949033  0.33583596  0.8871166   1.5928203   0.2572368
 -0.90067625 -0.34703505 -0.12429126 -1.7154865   0.8050749  -0.4239982
 -0.53997725  0.70714384 -2.0844789   1.3083967 ]
[-0.56583494  0.79949033  0.33583596  0.8871166   1.5928203   0.2572368
 -0.90067625 -0.34703505 -0.12429126 -1.7154865   0.8050749  -0.4239982
 -0.53997725  0.70714384 -2.0844789   1.3083967 ]
[-0.56583494  0.79949033  0.33583596  0.8871166   1.5928203   0.2572368
 -0.90067625 -0.34703505 -0.12429126 -1.7154865   0.8050749  -0.4239982
 -0.53997725  0.70714384 -2.0844789   1.3083967 ]
[-0.56583494  0.79949033  0.33583596  0.8871166   1.5928203   0.2572368
 -0.90067625 -0.34703505 -0.12429126 -1.7154865   0.8050749  -0.4239982
 -0.53997725  0.70714384 -2.0844789   1.3083967 ]
[-0.47610205  0.77836645  0.3129544   0.9082473   1.6084449   0.21162412
 -0.8511837  -0.38782397 -0.18041074 -1.7321787   0.82982224 -0.46601
 -0.49998322  0.7225643  -2.1108053   1.3238157 ]
[-0.47610205  0.77836645  0.3129544   0.9082473   1.6084449   0.21162412
 -0.8511837  -0.38782397 -0.18041074 -1.7321787   0.82982224 -0.46601
 -0.49998322  0.7225643  -2.1108053   1.3238157 ]
[-0.47610205  0.77836645  0.3129544   0.9082473   1.6084449   0.21162412
 -0.8511837  -0.38782397 -0.18041074 -1.7321787   0.82982224 -0.46601
 -0.49998322  0.7225643  -2.1108053   1.3238157 ]
[-0.47610205  0.77836645  0.3129544   0.9082473   1.6084449   0.21162412
 -0.8511837  -0.38782397 -0.18041074 -1.7321787   0.82982224 -0.46601
 -0.49998322  0.7225643  -2.1108053   1.3238157 ]
[-0.47610205  0.77836645  0.3129544   0.9082473   1.6084449   0.21162412
 -0.8511837  -0.38782397 -0.18041074 -1.7321787   0.82982224 -0.46601
 -0.49998322  0.7225643  -2.1108053   1.3238157 ]
[-0.4871564   0.7493726   0.32180223  0.9251631   1.6104832   0.22249171
 -0.86719096 -0.38878864 -0.204021   -1.7310469   0.80945957 -0.4555959
 -0.46920925  0.7483834  -2.0950425   1.3013563 ]
[-0.4871564   0.7493726   0.32180223  0.9251631   1.6104832   0.22249171
 -0.86719096 -0.38878864 -0.204021   -1.7310469   0.80945957 -0.4555959
 -0.46920925  0.7483834  -2.0950425   1.3013563 ]
[-0.4871564   0.7493726   0.32180223  0.9251631   1.6104832   0.22249171
 -0.86719096 -0.38878864 -0.204021   -1.7310469   0.80945957 -0.4555959
 -0.46920925  0.7483834  -2.0950425   1.3013563 ]
[-0.4871564   0.7493726   0.32180223  0.9251631   1.6104832   0.22249171
 -0.86719096 -0.38878864 -0.204021   -1.7310469   0.80945957 -0.4555959
 -0.46920925  0.7483834  -2.0950425   1.3013563 ]
[-0.50479746  0.71914136  0.35640472  0.9580003   1.5993531   0.24679784
 -0.8693984  -0.3834781  -0.20337185 -1.7240763   0.77315503 -0.4081235
 -0.45372057  0.7613325  -2.1163762   1.2366233 ]
[-0.50479746  0.71914136  0.35640472  0.9580003   1.5993531   0.24679784
 -0.8693984  -0.3834781  -0.20337185 -1.7240763   0.77315503 -0.4081235
 -0.45372057  0.7613325  -2.1163762   1.2366233 ]
[-0.50479746  0.71914136  0.35640472  0.9580003   1.5993531   0.24679784
 -0.8693984  -0.3834781  -0.20337185 -1.7240763   0.77315503 -0.4081235
 -0.45372057  0.7613325  -2.1163762   1.2366233 ]
[-0.50479746  0.71914136  0.35640472  0.9580003   1.5993531   0.24679784
 -0.8693984  -0.3834781  -0.20337185 -1.7240763   0.77315503 -0.4081235
 -0.45372057  0.7613325  -2.1163762   1.2366233 ]
[-0.5913691   0.7193457   0.37632522  0.9571996   1.6102463   0.30734634
 -0.92627156 -0.34256214 -0.1423541  -1.6876371   0.73652136 -0.36163613
 -0.4970533   0.7192473  -2.09227     1.2016945 ]
[-0.5913691   0.7193457   0.37632522  0.9571996   1.6102463   0.30734634
 -0.92627156 -0.34256214 -0.1423541  -1.6876371   0.73652136 -0.36163613
 -0.4970533   0.7192473  -2.09227     1.2016945 ]
[-0.5913691   0.7193457   0.37632522  0.9571996   1.6102463   0.30734634
 -0.92627156 -0.34256214 -0.1423541  -1.6876371   0.73652136 -0.36163613
 -0.4970533   0.7192473  -2.09227     1.2016945 ]
[-0.5913691   0.7193457   0.37632522  0.9571996   1.6102463   0.30734634
 -0.92627156 -0.34256214 -0.1423541  -1.6876371   0.73652136 -0.36163613
 -0.4970533   0.7192473  -2.09227     1.2016945 ]
[-0.56109065  0.7399856   0.35868654  0.9395269   1.6020596   0.2731075
 -0.8869773  -0.34436136 -0.14585951 -1.6811104   0.7399774  -0.40245837
 -0.53396314  0.7452091  -2.112833    1.2595619 ]
[-0.56109065  0.7399856   0.35868654  0.9395269   1.6020596   0.2731075
 -0.8869773  -0.34436136 -0.14585951 -1.6811104   0.7399774  -0.40245837
 -0.53396314  0.7452091  -2.112833    1.2595619 ]
[-0.56109065  0.7399856   0.35868654  0.9395269   1.6020596   0.2731075
 -0.8869773  -0.34436136 -0.14585951 -1.6811104   0.7399774  -0.40245837
 -0.53396314  0.7452091  -2.112833    1.2595619 ]
[-0.56109065  0.7399856   0.35868654  0.9395269   1.6020596   0.2731075
 -0.8869773  -0.34436136 -0.14585951 -1.6811104   0.7399774  -0.40245837
 -0.53396314  0.7452091  -2.112833    1.2595619 ]
[-0.56109065  0.7399856   0.35868654  0.9395269   1.6020596   0.2731075
 -0.8869773  -0.34436136 -0.14585951 -1.6811104   0.7399774  -0.40245837
 -0.53396314  0.7452091  -2.112833    1.2595619 ]
[-0.55890274  0.79110533  0.3425067   0.8750334   1.6146301   0.2636589
 -0.91926587 -0.3502245  -0.12904772 -1.708469    0.8092745  -0.42385656
 -0.55300915  0.69111264 -2.0661368   1.3130519 ]
[-0.55890274  0.79110533  0.3425067   0.8750334   1.6146301   0.2636589
 -0.91926587 -0.3502245  -0.12904772 -1.708469    0.8092745  -0.42385656
 -0.55300915  0.69111264 -2.0661368   1.3130519 ]
[-0.55890274  0.79110533  0.3425067   0.8750334   1.6146301   0.2636589
 -0.91926587 -0.3502245  -0.12904772 -1.708469    0.8092745  -0.42385656
 -0.55300915  0.69111264 -2.0661368   1.3130519 ]
[-0.55890274  0.79110533  0.3425067   0.8750334   1.6146301   0.2636589
 -0.91926587 -0.3502245  -0.12904772 -1.708469    0.8092745  -0.42385656
 -0.55300915  0.69111264 -2.0661368   1.3130519 ]
[-0.47741908  0.76831263  0.31700063  0.893562    1.6331733   0.2067211
 -0.8763579  -0.37732267 -0.18318738 -1.7356701   0.8210551  -0.47820815
 -0.49322104  0.7029339  -2.0818226   1.353144  ]
[-0.47741908  0.76831263  0.31700063  0.893562    1.6331733   0.2067211
 -0.8763579  -0.37732267 -0.18318738 -1.7356701   0.8210551  -0.47820815
 -0.49322104  0.7029339  -2.0818226   1.353144  ]
[-0.47741908  0.76831263  0.31700063  0.893562    1.6331733   0.2067211
 -0.8763579  -0.37732267 -0.18318738 -1.7356701   0.8210551  -0.47820815
 -0.49322104  0.7029339  -2.0818226   1.353144  ]
[-0.47741908  0.76831263  0.31700063  0.893562    1.6331733   0.2067211
 -0.8763579  -0.37732267 -0.18318738 -1.7356701   0.8210551  -0.47820815
 -0.49322104  0.7029339  -2.0818226   1.353144  ]
[-0.48778588  0.74489164  0.3172667   0.92975855  1.6189032   0.21466665
 -0.8626127  -0.37984824 -0.20371568 -1.7312508   0.8005493  -0.46554214
 -0.45948234  0.7415917  -2.098494    1.3120817 ]
[-0.48778588  0.74489164  0.3172667   0.92975855  1.6189032   0.21466665
 -0.8626127  -0.37984824 -0.20371568 -1.7312508   0.8005493  -0.46554214
 -0.45948234  0.7415917  -2.098494    1.3120817 ]
[-0.48778588  0.74489164  0.3172667   0.92975855  1.6189032   0.21466665
 -0.8626127  -0.37984824 -0.20371568 -1.7312508   0.8005493  -0.46554214
 -0.45948234  0.7415917  -2.098494    1.3120817 ]
[-0.48778588  0.74489164  0.3172667   0.92975855  1.6189032   0.21466665
 -0.8626127  -0.37984824 -0.20371568 -1.7312508   0.8005493  -0.46554214
 -0.45948234  0.7415917  -2.098494    1.3120817 ]
[-0.49730197  0.7117687   0.33544978  0.9717232   1.6100477   0.24622035
 -0.86131585 -0.38412875 -0.21752086 -1.7175064   0.7572864  -0.42022094
 -0.4386929   0.7677704  -2.1246498   1.2494495 ]
[-0.49730197  0.7117687   0.33544978  0.9717232   1.6100477   0.24622035
 -0.86131585 -0.38412875 -0.21752086 -1.7175064   0.7572864  -0.42022094
 -0.4386929   0.7677704  -2.1246498   1.2494495 ]
[-0.49730197  0.7117687   0.33544978  0.9717232   1.6100477   0.24622035
 -0.86131585 -0.38412875 -0.21752086 -1.7175064   0.7572864  -0.42022094
 -0.4386929   0.7677704  -2.1246498   1.2494495 ]
[-0.49730197  0.7117687   0.33544978  0.9717232   1.6100477   0.24622035
 -0.86131585 -0.38412875 -0.21752086 -1.7175064   0.7572864  -0.42022094
 -0.4386929   0.7677704  -2.1246498   1.2494495 ]
[-0.5193282   0.73461306  0.3163212   0.970003    1.5864263   0.2677117
 -0.8855116  -0.36474603 -0.21058078 -1.6956451   0.74464357 -0.39206034
 -0.47202277  0.77859086 -2.1222908   1.2531503 ]
[-0.5193282   0.73461306  0.3163212   0.970003    1.5864263   0.2677117
 -0.8855116  -0.36474603 -0.21058078 -1.6956451   0.74464357 -0.39206034
 -0.47202277  0.77859086 -2.1222908   1.2531503 ]
[-0.5193282   0.73461306  0.3163212   0.970003    1.5864263   0.2677117
 -0.8855116  -0.36474603 -0.21058078 -1.6956451   0.74464357 -0.39206034
 -0.47202277  0.77859086 -2.1222908   1.2531503 ]
[-0.5193282   0.73461306  0.3163212   0.970003    1.5864263   0.2677117
 -0.8855116  -0.36474603 -0.21058078 -1.6956451   0.74464357 -0.39206034
 -0.47202277  0.77859086 -2.1222908   1.2531503 ]
[-0.56857306  0.70531523  0.342055    0.97502863  1.6142609   0.2608524
 -0.88005084 -0.33917576 -0.15605518 -1.6912473   0.7202338  -0.39692083
 -0.46931586  0.7708324  -2.1327174   1.233794  ]
[-0.56857306  0.70531523  0.342055    0.97502863  1.6142609   0.2608524
 -0.88005084 -0.33917576 -0.15605518 -1.6912473   0.7202338  -0.39692083
 -0.46931586  0.7708324  -2.1327174   1.233794  ]
[-0.56857306  0.70531523  0.342055    0.97502863  1.6142609   0.2608524
 -0.88005084 -0.33917576 -0.15605518 -1.6912473   0.7202338  -0.39692083
 -0.46931586  0.7708324  -2.1327174   1.233794  ]
[-0.56857306  0.70531523  0.342055    0.97502863  1.6142609   0.2608524
 -0.88005084 -0.33917576 -0.15605518 -1.6912473   0.7202338  -0.39692083
 -0.46931586  0.7708324  -2.1327174   1.233794  ]
[-0.5634781   0.7843577   0.34617907  0.8786127   1.614496    0.26128584
 -0.9142647  -0.36193132 -0.14768852 -1.7221258   0.80318725 -0.43017203
 -0.50647116  0.71723324 -2.069587    1.3013265 ]
[-0.5634781   0.7843577   0.34617907  0.8786127   1.614496    0.26128584
 -0.9142647  -0.36193132 -0.14768852 -1.7221258   0.80318725 -0.43017203
 -0.50647116  0.71723324 -2.069587    1.3013265 ]
[-0.5634781   0.7843577   0.34617907  0.8786127   1.614496    0.26128584
 -0.9142647  -0.36193132 -0.14768852 -1.7221258   0.80318725 -0.43017203
 -0.50647116  0.71723324 -2.069587    1.3013265 ]
[-0.5634781   0.7843577   0.34617907  0.8786127   1.614496    0.26128584
 -0.9142647  -0.36193132 -0.14768852 -1.7221258   0.80318725 -0.43017203
 -0.50647116  0.71723324 -2.069587    1.3013265 ]
[-0.47214302  0.7853271   0.32892203  0.88029814  1.6199634   0.20869537
 -0.852677   -0.41028985 -0.21579    -1.7484605   0.84049433 -0.5011721
 -0.48351917  0.7245346  -2.0715752   1.3602059 ]
[-0.47214302  0.7853271   0.32892203  0.88029814  1.6199634   0.20869537
 -0.852677   -0.41028985 -0.21579    -1.7484605   0.84049433 -0.5011721
 -0.48351917  0.7245346  -2.0715752   1.3602059 ]
[-0.47214302  0.7853271   0.32892203  0.88029814  1.6199634   0.20869537
 -0.852677   -0.41028985 -0.21579    -1.7484605   0.84049433 -0.5011721
 -0.48351917  0.7245346  -2.0715752   1.3602059 ]
[-0.47214302  0.7853271   0.32892203  0.88029814  1.6199634   0.20869537
 -0.852677   -0.41028985 -0.21579    -1.7484605   0.84049433 -0.5011721
 -0.48351917  0.7245346  -2.0715752   1.3602059 ]
[-0.47214302  0.7853271   0.32892203  0.88029814  1.6199634   0.20869537
 -0.852677   -0.41028985 -0.21579    -1.7484605   0.84049433 -0.5011721
 -0.48351917  0.7245346  -2.0715752   1.3602059 ]
[-0.48784176  0.7493386   0.32889533  0.92563456  1.607783    0.21715252
 -0.8372256  -0.4000322  -0.2143639  -1.7333244   0.8170298  -0.48381504
 -0.47981015  0.75467193 -2.0943367   1.3211969 ]
[-0.48784176  0.7493386   0.32889533  0.92563456  1.607783    0.21715252
 -0.8372256  -0.4000322  -0.2143639  -1.7333244   0.8170298  -0.48381504
 -0.47981015  0.75467193 -2.0943367   1.3211969 ]
[-0.48784176  0.7493386   0.32889533  0.92563456  1.607783    0.21715252
 -0.8372256  -0.4000322  -0.2143639  -1.7333244   0.8170298  -0.48381504
 -0.47981015  0.75467193 -2.0943367   1.3211969 ]
[-0.48784176  0.7493386   0.32889533  0.92563456  1.607783    0.21715252
 -0.8372256  -0.4000322  -0.2143639  -1.7333244   0.8170298  -0.48381504
 -0.47981015  0.75467193 -2.0943367   1.3211969 ]
[-0.5294637   0.7518806   0.35682315  0.9464922   1.5727785   0.26351574
 -0.87671375 -0.37074193 -0.18762335 -1.7181689   0.77851164 -0.411519
 -0.49346104  0.744477   -2.102549    1.2645944 ]
[-0.5294637   0.7518806   0.35682315  0.9464922   1.5727785   0.26351574
 -0.87671375 -0.37074193 -0.18762335 -1.7181689   0.77851164 -0.411519
 -0.49346104  0.744477   -2.102549    1.2645944 ]
[-0.5294637   0.7518806   0.35682315  0.9464922   1.5727785   0.26351574
 -0.87671375 -0.37074193 -0.18762335 -1.7181689   0.77851164 -0.411519
 -0.49346104  0.744477   -2.102549    1.2645944 ]
[-0.5294637   0.7518806   0.35682315  0.9464922   1.5727785   0.26351574
 -0.87671375 -0.37074193 -0.18762335 -1.7181689   0.77851164 -0.411519
 -0.49346104  0.744477   -2.102549    1.2645944 ]
[-0.563269    0.7026435   0.33859983  1.0126486   1.5662282   0.2824802
 -0.87716275 -0.3502141  -0.18028033 -1.6841848   0.71422386 -0.3631642
 -0.48293748  0.7871214  -2.1334348   1.2181773 ]
[-0.563269    0.7026435   0.33859983  1.0126486   1.5662282   0.2824802
 -0.87716275 -0.3502141  -0.18028033 -1.6841848   0.71422386 -0.3631642
 -0.48293748  0.7871214  -2.1334348   1.2181773 ]
[-0.563269    0.7026435   0.33859983  1.0126486   1.5662282   0.2824802
 -0.87716275 -0.3502141  -0.18028033 -1.6841848   0.71422386 -0.3631642
 -0.48293748  0.7871214  -2.1334348   1.2181773 ]
[-0.563269    0.7026435   0.33859983  1.0126486   1.5662282   0.2824802
 -0.87716275 -0.3502141  -0.18028033 -1.6841848   0.71422386 -0.3631642
 -0.48293748  0.7871214  -2.1334348   1.2181773 ]
[-0.5919224   0.6945103   0.3624279   0.98340005  1.6147419   0.29700014
 -0.9169671  -0.32888454 -0.14577177 -1.6785961   0.70550597 -0.35868007
 -0.4842802   0.73874474 -2.1070004   1.2028764 ]
[-0.5919224   0.6945103   0.3624279   0.98340005  1.6147419   0.29700014
 -0.9169671  -0.32888454 -0.14577177 -1.6785961   0.70550597 -0.35868007
 -0.4842802   0.73874474 -2.1070004   1.2028764 ]
[-0.5919224   0.6945103   0.3624279   0.98340005  1.6147419   0.29700014
 -0.9169671  -0.32888454 -0.14577177 -1.6785961   0.70550597 -0.35868007
 -0.4842802   0.73874474 -2.1070004   1.2028764 ]
[-0.5919224   0.6945103   0.3624279   0.98340005  1.6147419   0.29700014
 -0.9169671  -0.32888454 -0.14577177 -1.6785961   0.70550597 -0.35868007
 -0.4842802   0.73874474 -2.1070004   1.2028764 ]
[-0.56022525  0.74071425  0.35304198  0.938208    1.6015276   0.2660199
 -0.8861095  -0.34023398 -0.1545611  -1.6858461   0.73579353 -0.4054033
 -0.5200084   0.7499463  -2.1104758   1.2675159 ]
[-0.56022525  0.74071425  0.35304198  0.938208    1.6015276   0.2660199
 -0.8861095  -0.34023398 -0.1545611  -1.6858461   0.73579353 -0.4054033
 -0.5200084   0.7499463  -2.1104758   1.2675159 ]
[-0.56022525  0.74071425  0.35304198  0.938208    1.6015276   0.2660199
 -0.8861095  -0.34023398 -0.1545611  -1.6858461   0.73579353 -0.4054033
 -0.5200084   0.7499463  -2.1104758   1.2675159 ]
[-0.56022525  0.74071425  0.35304198  0.938208    1.6015276   0.2660199
 -0.8861095  -0.34023398 -0.1545611  -1.6858461   0.73579353 -0.4054033
 -0.5200084   0.7499463  -2.1104758   1.2675159 ]
[-0.56022525  0.74071425  0.35304198  0.938208    1.6015276   0.2660199
 -0.8861095  -0.34023398 -0.1545611  -1.6858461   0.73579353 -0.4054033
 -0.5200084   0.7499463  -2.1104758   1.2675159 ]
[-0.5580174   0.79093295  0.3367948   0.8732859   1.6166036   0.253995
 -0.9162939  -0.35126215 -0.1366975  -1.7137848   0.8073797  -0.43530288
 -0.53665197  0.69688684 -2.0623722   1.326617  ]
[-0.5580174   0.79093295  0.3367948   0.8732859   1.6166036   0.253995
 -0.9162939  -0.35126215 -0.1366975  -1.7137848   0.8073797  -0.43530288
 -0.53665197  0.69688684 -2.0623722   1.326617  ]
[-0.5580174   0.79093295  0.3367948   0.8732859   1.6166036   0.253995
 -0.9162939  -0.35126215 -0.1366975  -1.7137848   0.8073797  -0.43530288
 -0.53665197  0.69688684 -2.0623722   1.326617  ]
[-0.5580174   0.79093295  0.3367948   0.8732859   1.6166036   0.253995
 -0.9162939  -0.35126215 -0.1366975  -1.7137848   0.8073797  -0.43530288
 -0.53665197  0.69688684 -2.0623722   1.326617  ]
[-0.5580174   0.79093295  0.3367948   0.8732859   1.6166036   0.253995
 -0.9162939  -0.35126215 -0.1366975  -1.7137848   0.8073797  -0.43530288
 -0.53665197  0.69688684 -2.0623722   1.326617  ]
[-0.46507302  0.763942    0.30246916  0.8990879   1.6405478   0.20156617
 -0.8587724  -0.39603025 -0.20258565 -1.7376003   0.82903516 -0.4967278
 -0.48131067  0.7217584  -2.082417    1.3550123 ]
[-0.46507302  0.763942    0.30246916  0.8990879   1.6405478   0.20156617
 -0.8587724  -0.39603025 -0.20258565 -1.7376003   0.82903516 -0.4967278
 -0.48131067  0.7217584  -2.082417    1.3550123 ]
[-0.46507302  0.763942    0.30246916  0.8990879   1.6405478   0.20156617
 -0.8587724  -0.39603025 -0.20258565 -1.7376003   0.82903516 -0.4967278
 -0.48131067  0.7217584  -2.082417    1.3550123 ]
[-0.46507302  0.763942    0.30246916  0.8990879   1.6405478   0.20156617
 -0.8587724  -0.39603025 -0.20258565 -1.7376003   0.82903516 -0.4967278
 -0.48131067  0.7217584  -2.082417    1.3550123 ]
[-0.48877645  0.75822955  0.31287384  0.9211925   1.6158187   0.2245533
 -0.8727482  -0.3813675  -0.19586341 -1.7302752   0.80722016 -0.46087456
 -0.4730156   0.73914164 -2.0976748   1.3127515 ]
[-0.48877645  0.75822955  0.31287384  0.9211925   1.6158187   0.2245533
 -0.8727482  -0.3813675  -0.19586341 -1.7302752   0.80722016 -0.46087456
 -0.4730156   0.73914164 -2.0976748   1.3127515 ]
[-0.48877645  0.75822955  0.31287384  0.9211925   1.6158187   0.2245533
 -0.8727482  -0.3813675  -0.19586341 -1.7302752   0.80722016 -0.46087456
 -0.4730156   0.73914164 -2.0976748   1.3127515 ]
[-0.48877645  0.75822955  0.31287384  0.9211925   1.6158187   0.2245533
 -0.8727482  -0.3813675  -0.19586341 -1.7302752   0.80722016 -0.46087456
 -0.4730156   0.73914164 -2.0976748   1.3127515 ]
[-0.48877645  0.75822955  0.31287384  0.9211925   1.6158187   0.2245533
 -0.8727482  -0.3813675  -0.19586341 -1.7302752   0.80722016 -0.46087456
 -0.4730156   0.73914164 -2.0976748   1.3127515 ]
[-0.49312878  0.7151496   0.3331403   0.96539897  1.6159399   0.24919224
 -0.874452   -0.3795085  -0.20676462 -1.7168757   0.75819045 -0.4140419
 -0.4456113   0.7592554  -2.1249702   1.2475256 ]
[-0.49312878  0.7151496   0.3331403   0.96539897  1.6159399   0.24919224
 -0.874452   -0.3795085  -0.20676462 -1.7168757   0.75819045 -0.4140419
 -0.4456113   0.7592554  -2.1249702   1.2475256 ]
[-0.49312878  0.7151496   0.3331403   0.96539897  1.6159399   0.24919224
 -0.874452   -0.3795085  -0.20676462 -1.7168757   0.75819045 -0.4140419
 -0.4456113   0.7592554  -2.1249702   1.2475256 ]
[-0.49312878  0.7151496   0.3331403   0.96539897  1.6159399   0.24919224
 -0.874452   -0.3795085  -0.20676462 -1.7168757   0.75819045 -0.4140419
 -0.4456113   0.7592554  -2.1249702   1.2475256 ]
[-0.49312878  0.7151496   0.3331403   0.96539897  1.6159399   0.24919224
 -0.874452   -0.3795085  -0.20676462 -1.7168757   0.75819045 -0.4140419
 -0.4456113   0.7592554  -2.1249702   1.2475256 ]
[-0.52571726  0.71371114  0.3196557   0.9903003   1.6014833   0.2720441
 -0.884184   -0.34715042 -0.17729679 -1.6809679   0.7174293  -0.36863154
 -0.4884898   0.75379074 -2.141795    1.2344177 ]
[-0.52571726  0.71371114  0.3196557   0.9903003   1.6014833   0.2720441
 -0.884184   -0.34715042 -0.17729679 -1.6809679   0.7174293  -0.36863154
 -0.4884898   0.75379074 -2.141795    1.2344177 ]
[-0.52571726  0.71371114  0.3196557   0.9903003   1.6014833   0.2720441
 -0.884184   -0.34715042 -0.17729679 -1.6809679   0.7174293  -0.36863154
 -0.4884898   0.75379074 -2.141795    1.2344177 ]
[-0.52571726  0.71371114  0.3196557   0.9903003   1.6014833   0.2720441
 -0.884184   -0.34715042 -0.17729679 -1.6809679   0.7174293  -0.36863154
 -0.4884898   0.75379074 -2.141795    1.2344177 ]
[-0.5663397   0.71769     0.3412053   0.96007985  1.6287155   0.2685443
 -0.8972858  -0.3232422  -0.1412954  -1.6829275   0.7147919  -0.38366756
 -0.4947967   0.73259383 -2.1249065   1.2398045 ]
[-0.5663397   0.71769     0.3412053   0.96007985  1.6287155   0.2685443
 -0.8972858  -0.3232422  -0.1412954  -1.6829275   0.7147919  -0.38366756
 -0.4947967   0.73259383 -2.1249065   1.2398045 ]
[-0.5663397   0.71769     0.3412053   0.96007985  1.6287155   0.2685443
 -0.8972858  -0.3232422  -0.1412954  -1.6829275   0.7147919  -0.38366756
 -0.4947967   0.73259383 -2.1249065   1.2398045 ]
[-0.5663397   0.71769     0.3412053   0.96007985  1.6287155   0.2685443
 -0.8972858  -0.3232422  -0.1412954  -1.6829275   0.7147919  -0.38366756
 -0.4947967   0.73259383 -2.1249065   1.2398045 ]
[-0.5507519   0.75194347  0.32618037  0.91352636  1.6278099   0.24272414
 -0.8744999  -0.34185246 -0.1445633  -1.6990799   0.77441585 -0.4444484
 -0.5073354   0.7339579  -2.1120276   1.2947607 ]
[-0.5507519   0.75194347  0.32618037  0.91352636  1.6278099   0.24272414
 -0.8744999  -0.34185246 -0.1445633  -1.6990799   0.77441585 -0.4444484
 -0.5073354   0.7339579  -2.1120276   1.2947607 ]
[-0.5507519   0.75194347  0.32618037  0.91352636  1.6278099   0.24272414
 -0.8744999  -0.34185246 -0.1445633  -1.6990799   0.77441585 -0.4444484
 -0.5073354   0.7339579  -2.1120276   1.2947607 ]
[-0.5507519   0.75194347  0.32618037  0.91352636  1.6278099   0.24272414
 -0.8744999  -0.34185246 -0.1445633  -1.6990799   0.77441585 -0.4444484
 -0.5073354   0.7339579  -2.1120276   1.2947607 ]
[-0.4607953   0.7708998   0.3164788   0.8813545   1.6389191   0.20332642
 -0.85364896 -0.39754143 -0.20479894 -1.7382551   0.83786476 -0.4970835
 -0.4810748   0.71423894 -2.0843608   1.3467338 ]
[-0.4607953   0.7708998   0.3164788   0.8813545   1.6389191   0.20332642
 -0.85364896 -0.39754143 -0.20479894 -1.7382551   0.83786476 -0.4970835
 -0.4810748   0.71423894 -2.0843608   1.3467338 ]
[-0.4607953   0.7708998   0.3164788   0.8813545   1.6389191   0.20332642
 -0.85364896 -0.39754143 -0.20479894 -1.7382551   0.83786476 -0.4970835
 -0.4810748   0.71423894 -2.0843608   1.3467338 ]
[-0.4607953   0.7708998   0.3164788   0.8813545   1.6389191   0.20332642
 -0.85364896 -0.39754143 -0.20479894 -1.7382551   0.83786476 -0.4970835
 -0.4810748   0.71423894 -2.0843608   1.3467338 ]
[-0.4607953   0.7708998   0.3164788   0.8813545   1.6389191   0.20332642
 -0.85364896 -0.39754143 -0.20479894 -1.7382551   0.83786476 -0.4970835
 -0.4810748   0.71423894 -2.0843608   1.3467338 ]
[-0.4795807   0.7344955   0.32495588  0.93071806  1.6261562   0.21400471
 -0.8376201  -0.39579803 -0.21098873 -1.730335    0.8099899  -0.4764575
 -0.45808154  0.7526992  -2.1090636   1.2948067 ]
[-0.4795807   0.7344955   0.32495588  0.93071806  1.6261562   0.21400471
 -0.8376201  -0.39579803 -0.21098873 -1.730335    0.8099899  -0.4764575
 -0.45808154  0.7526992  -2.1090636   1.2948067 ]
[-0.4795807   0.7344955   0.32495588  0.93071806  1.6261562   0.21400471
 -0.8376201  -0.39579803 -0.21098873 -1.730335    0.8099899  -0.4764575
 -0.45808154  0.7526992  -2.1090636   1.2948067 ]
[-0.4795807   0.7344955   0.32495588  0.93071806  1.6261562   0.21400471
 -0.8376201  -0.39579803 -0.21098873 -1.730335    0.8099899  -0.4764575
 -0.45808154  0.7526992  -2.1090636   1.2948067 ]
[-0.4795807   0.7344955   0.32495588  0.93071806  1.6261562   0.21400471
 -0.8376201  -0.39579803 -0.21098873 -1.730335    0.8099899  -0.4764575
 -0.45808154  0.7526992  -2.1090636   1.2948067 ]
[-0.5116579   0.7426778   0.36009654  0.9371401   1.595376    0.27171785
 -0.88144004 -0.38336182 -0.19655402 -1.7206573   0.77227366 -0.39991045
 -0.46478504  0.7407002  -2.1107717   1.2369497 ]
[-0.5116579   0.7426778   0.36009654  0.9371401   1.595376    0.27171785
 -0.88144004 -0.38336182 -0.19655402 -1.7206573   0.77227366 -0.39991045
 -0.46478504  0.7407002  -2.1107717   1.2369497 ]
[-0.5116579   0.7426778   0.36009654  0.9371401   1.595376    0.27171785
 -0.88144004 -0.38336182 -0.19655402 -1.7206573   0.77227366 -0.39991045
 -0.46478504  0.7407002  -2.1107717   1.2369497 ]
[-0.5116579   0.7426778   0.36009654  0.9371401   1.595376    0.27171785
 -0.88144004 -0.38336182 -0.19655402 -1.7206573   0.77227366 -0.39991045
 -0.46478504  0.7407002  -2.1107717   1.2369497 ]
[-0.5324045   0.7356232   0.3482493   0.94678324  1.594724    0.28075802
 -0.9026564  -0.3628171  -0.19811448 -1.7005117   0.75400704 -0.37669683
 -0.47392473  0.750055   -2.1071398   1.2320011 ]
[-0.5324045   0.7356232   0.3482493   0.94678324  1.594724    0.28075802
 -0.9026564  -0.3628171  -0.19811448 -1.7005117   0.75400704 -0.37669683
 -0.47392473  0.750055   -2.1071398   1.2320011 ]
[-0.5324045   0.7356232   0.3482493   0.94678324  1.594724    0.28075802
 -0.9026564  -0.3628171  -0.19811448 -1.7005117   0.75400704 -0.37669683
 -0.47392473  0.750055   -2.1071398   1.2320011 ]
[-0.5324045   0.7356232   0.3482493   0.94678324  1.594724    0.28075802
 -0.9026564  -0.3628171  -0.19811448 -1.7005117   0.75400704 -0.37669683
 -0.47392473  0.750055   -2.1071398   1.2320011 ]
[-0.5324045   0.7356232   0.3482493   0.94678324  1.594724    0.28075802
 -0.9026564  -0.3628171  -0.19811448 -1.7005117   0.75400704 -0.37669683
 -0.47392473  0.750055   -2.1071398   1.2320011 ]
[-0.58158904  0.71625584  0.35949194  0.9487716   1.6264559   0.28640753
 -0.9188118  -0.33486742 -0.15004382 -1.6918701   0.7254542  -0.37366635
 -0.47621432  0.7249006  -2.0986516   1.2260273 ]
[-0.58158904  0.71625584  0.35949194  0.9487716   1.6264559   0.28640753
 -0.9188118  -0.33486742 -0.15004382 -1.6918701   0.7254542  -0.37366635
 -0.47621432  0.7249006  -2.0986516   1.2260273 ]
[-0.58158904  0.71625584  0.35949194  0.9487716   1.6264559   0.28640753
 -0.9188118  -0.33486742 -0.15004382 -1.6918701   0.7254542  -0.37366635
 -0.47621432  0.7249006  -2.0986516   1.2260273 ]
[-0.58158904  0.71625584  0.35949194  0.9487716   1.6264559   0.28640753
 -0.9188118  -0.33486742 -0.15004382 -1.6918701   0.7254542  -0.37366635
 -0.47621432  0.7249006  -2.0986516   1.2260273 ]
[-0.56176543  0.7619466   0.33640075  0.89775264  1.612046    0.2562266
 -0.8892027  -0.34796798 -0.15406245 -1.7047615   0.7757403  -0.43769202
 -0.49690002  0.74165803 -2.0929909   1.2943572 ]
[-0.56176543  0.7619466   0.33640075  0.89775264  1.612046    0.2562266
 -0.8892027  -0.34796798 -0.15406245 -1.7047615   0.7757403  -0.43769202
 -0.49690002  0.74165803 -2.0929909   1.2943572 ]
[-0.56176543  0.7619466   0.33640075  0.89775264  1.612046    0.2562266
 -0.8892027  -0.34796798 -0.15406245 -1.7047615   0.7757403  -0.43769202
 -0.49690002  0.74165803 -2.0929909   1.2943572 ]
[-0.56176543  0.7619466   0.33640075  0.89775264  1.612046    0.2562266
 -0.8892027  -0.34796798 -0.15406245 -1.7047615   0.7757403  -0.43769202
 -0.49690002  0.74165803 -2.0929909   1.2943572 ]
[-0.4676423   0.7783141   0.31644684  0.88511467  1.6306927   0.20981607
 -0.85360324 -0.40421072 -0.20801175 -1.7399381   0.83775234 -0.49794155
 -0.48434868  0.7209562  -2.0820014   1.3511579 ]
[-0.4676423   0.7783141   0.31644684  0.88511467  1.6306927   0.20981607
 -0.85360324 -0.40421072 -0.20801175 -1.7399381   0.83775234 -0.49794155
 -0.48434868  0.7209562  -2.0820014   1.3511579 ]
[-0.4676423   0.7783141   0.31644684  0.88511467  1.6306927   0.20981607
 -0.85360324 -0.40421072 -0.20801175 -1.7399381   0.83775234 -0.49794155
 -0.48434868  0.7209562  -2.0820014   1.3511579 ]
[-0.4676423   0.7783141   0.31644684  0.88511467  1.6306927   0.20981607
 -0.85360324 -0.40421072 -0.20801175 -1.7399381   0.83775234 -0.49794155
 -0.48434868  0.7209562  -2.0820014   1.3511579 ]
[-0.4676423   0.7783141   0.31644684  0.88511467  1.6306927   0.20981607
 -0.85360324 -0.40421072 -0.20801175 -1.7399381   0.83775234 -0.49794155
 -0.48434868  0.7209562  -2.0820014   1.3511579 ]
[-0.48371068  0.74044055  0.31536978  0.93537825  1.6229925   0.22032814
 -0.83950585 -0.39629906 -0.20865183 -1.7282047   0.8076007  -0.47711754
 -0.46788818  0.75611514 -2.1091647   1.3028095 ]
[-0.48371068  0.74044055  0.31536978  0.93537825  1.6229925   0.22032814
 -0.83950585 -0.39629906 -0.20865183 -1.7282047   0.8076007  -0.47711754
 -0.46788818  0.75611514 -2.1091647   1.3028095 ]
[-0.48371068  0.74044055  0.31536978  0.93537825  1.6229925   0.22032814
 -0.83950585 -0.39629906 -0.20865183 -1.7282047   0.8076007  -0.47711754
 -0.46788818  0.75611514 -2.1091647   1.3028095 ]
[-0.48371068  0.74044055  0.31536978  0.93537825  1.6229925   0.22032814
 -0.83950585 -0.39629906 -0.20865183 -1.7282047   0.8076007  -0.47711754
 -0.46788818  0.75611514 -2.1091647   1.3028095 ]
[-0.5128057   0.7437753   0.34491256  0.9532355   1.5886924   0.2582903
 -0.8736695  -0.37654048 -0.20052747 -1.7194235   0.7667825  -0.41073504
 -0.47452703  0.75513864 -2.112578    1.2589525 ]
[-0.5128057   0.7437753   0.34491256  0.9532355   1.5886924   0.2582903
 -0.8736695  -0.37654048 -0.20052747 -1.7194235   0.7667825  -0.41073504
 -0.47452703  0.75513864 -2.112578    1.2589525 ]
[-0.5128057   0.7437753   0.34491256  0.9532355   1.5886924   0.2582903
 -0.8736695  -0.37654048 -0.20052747 -1.7194235   0.7667825  -0.41073504
 -0.47452703  0.75513864 -2.112578    1.2589525 ]
[-0.5128057   0.7437753   0.34491256  0.9532355   1.5886924   0.2582903
 -0.8736695  -0.37654048 -0.20052747 -1.7194235   0.7667825  -0.41073504
 -0.47452703  0.75513864 -2.112578    1.2589525 ]
[-0.5559094   0.6981381   0.3370332   1.0119572   1.5749117   0.2816062
 -0.87190086 -0.35170066 -0.18597762 -1.6876513   0.7106434  -0.3580924
 -0.46909818  0.7901203  -2.1442306   1.2071489 ]
[-0.5559094   0.6981381   0.3370332   1.0119572   1.5749117   0.2816062
 -0.87190086 -0.35170066 -0.18597762 -1.6876513   0.7106434  -0.3580924
 -0.46909818  0.7901203  -2.1442306   1.2071489 ]
[-0.5559094   0.6981381   0.3370332   1.0119572   1.5749117   0.2816062
 -0.87190086 -0.35170066 -0.18597762 -1.6876513   0.7106434  -0.3580924
 -0.46909818  0.7901203  -2.1442306   1.2071489 ]
[-0.5559094   0.6981381   0.3370332   1.0119572   1.5749117   0.2816062
 -0.87190086 -0.35170066 -0.18597762 -1.6876513   0.7106434  -0.3580924
 -0.46909818  0.7901203  -2.1442306   1.2071489 ]
[-0.5559094   0.6981381   0.3370332   1.0119572   1.5749117   0.2816062
 -0.87190086 -0.35170066 -0.18597762 -1.6876513   0.7106434  -0.3580924
 -0.46909818  0.7901203  -2.1442306   1.2071489 ]
[-0.58860075  0.6946691   0.36889756  0.9806137   1.6170915   0.2979153
 -0.90626353 -0.33678323 -0.15573141 -1.6838987   0.70406806 -0.36082885
 -0.4721802   0.74540174 -2.114398    1.196778  ]
[-0.58860075  0.6946691   0.36889756  0.9806137   1.6170915   0.2979153
 -0.90626353 -0.33678323 -0.15573141 -1.6838987   0.70406806 -0.36082885
 -0.4721802   0.74540174 -2.114398    1.196778  ]
[-0.58860075  0.6946691   0.36889756  0.9806137   1.6170915   0.2979153
 -0.90626353 -0.33678323 -0.15573141 -1.6838987   0.70406806 -0.36082885
 -0.4721802   0.74540174 -2.114398    1.196778  ]
[-0.58860075  0.6946691   0.36889756  0.9806137   1.6170915   0.2979153
 -0.90626353 -0.33678323 -0.15573141 -1.6838987   0.70406806 -0.36082885
 -0.4721802   0.74540174 -2.114398    1.196778  ]
[-0.55283815  0.7297133   0.3473819   0.94020015  1.6041372   0.25868756
 -0.864347   -0.3454585  -0.16287932 -1.6847013   0.7426151  -0.41535926
 -0.5080117   0.7681688  -2.1275158   1.2593889 ]
[-0.55283815  0.7297133   0.3473819   0.94020015  1.6041372   0.25868756
 -0.864347   -0.3454585  -0.16287932 -1.6847013   0.7426151  -0.41535926
 -0.5080117   0.7681688  -2.1275158   1.2593889 ]
[-0.55283815  0.7297133   0.3473819   0.94020015  1.6041372   0.25868756
 -0.864347   -0.3454585  -0.16287932 -1.6847013   0.7426151  -0.41535926
 -0.5080117   0.7681688  -2.1275158   1.2593889 ]
[-0.55283815  0.7297133   0.3473819   0.94020015  1.6041372   0.25868756
 -0.864347   -0.3454585  -0.16287932 -1.6847013   0.7426151  -0.41535926
 -0.5080117   0.7681688  -2.1275158   1.2593889 ]
[-0.55283815  0.7297133   0.3473819   0.94020015  1.6041372   0.25868756
 -0.864347   -0.3454585  -0.16287932 -1.6847013   0.7426151  -0.41535926
 -0.5080117   0.7681688  -2.1275158   1.2593889 ]
[-0.5489513   0.7887238   0.33849198  0.87712514  1.6120847   0.25713807
 -0.9071972  -0.3572323  -0.14079    -1.7141317   0.8151466  -0.43044677
 -0.5371332   0.6997611  -2.073417    1.3120297 ]
[-0.5489513   0.7887238   0.33849198  0.87712514  1.6120847   0.25713807
 -0.9071972  -0.3572323  -0.14079    -1.7141317   0.8151466  -0.43044677
 -0.5371332   0.6997611  -2.073417    1.3120297 ]
[-0.5489513   0.7887238   0.33849198  0.87712514  1.6120847   0.25713807
 -0.9071972  -0.3572323  -0.14079    -1.7141317   0.8151466  -0.43044677
 -0.5371332   0.6997611  -2.073417    1.3120297 ]
[-0.5489513   0.7887238   0.33849198  0.87712514  1.6120847   0.25713807
 -0.9071972  -0.3572323  -0.14079    -1.7141317   0.8151466  -0.43044677
 -0.5371332   0.6997611  -2.073417    1.3120297 ]
[-0.47545862  0.764037    0.32872552  0.90943605  1.6164534   0.20953469
 -0.8481248  -0.38900048 -0.19354485 -1.7330841   0.82178724 -0.47529453
 -0.4880877   0.72492516 -2.105311    1.3241211 ]
[-0.47545862  0.764037    0.32872552  0.90943605  1.6164534   0.20953469
 -0.8481248  -0.38900048 -0.19354485 -1.7330841   0.82178724 -0.47529453
 -0.4880877   0.72492516 -2.105311    1.3241211 ]
[-0.47545862  0.764037    0.32872552  0.90943605  1.6164534   0.20953469
 -0.8481248  -0.38900048 -0.19354485 -1.7330841   0.82178724 -0.47529453
 -0.4880877   0.72492516 -2.105311    1.3241211 ]
[-0.47545862  0.764037    0.32872552  0.90943605  1.6164534   0.20953469
 -0.8481248  -0.38900048 -0.19354485 -1.7330841   0.82178724 -0.47529453
 -0.4880877   0.72492516 -2.105311    1.3241211 ]
[-0.47545862  0.764037    0.32872552  0.90943605  1.6164534   0.20953469
 -0.8481248  -0.38900048 -0.19354485 -1.7330841   0.82178724 -0.47529453
 -0.4880877   0.72492516 -2.105311    1.3241211 ]
[-0.51001686  0.7709085   0.33126363  0.9095335   1.6073215   0.23700543
 -0.8843225  -0.3801619  -0.19475254 -1.7351205   0.8156167  -0.4461887
 -0.4749019   0.7239946  -2.0794194   1.2997515 ]
[-0.51001686  0.7709085   0.33126363  0.9095335   1.6073215   0.23700543
 -0.8843225  -0.3801619  -0.19475254 -1.7351205   0.8156167  -0.4461887
 -0.4749019   0.7239946  -2.0794194   1.2997515 ]
[-0.51001686  0.7709085   0.33126363  0.9095335   1.6073215   0.23700543
 -0.8843225  -0.3801619  -0.19475254 -1.7351205   0.8156167  -0.4461887
 -0.4749019   0.7239946  -2.0794194   1.2997515 ]
[-0.51001686  0.7709085   0.33126363  0.9095335   1.6073215   0.23700543
 -0.8843225  -0.3801619  -0.19475254 -1.7351205   0.8156167  -0.4461887
 -0.4749019   0.7239946  -2.0794194   1.2997515 ]
[-0.51001686  0.7709085   0.33126363  0.9095335   1.6073215   0.23700543
 -0.8843225  -0.3801619  -0.19475254 -1.7351205   0.8156167  -0.4461887
 -0.4749019   0.7239946  -2.0794194   1.2997515 ]
[-0.51867115  0.7351489   0.34138304  0.9365152   1.615289    0.25153917
 -0.89315414 -0.38311467 -0.21923831 -1.7218565   0.78668827 -0.41933027
 -0.45070094  0.7507767  -2.0861068   1.2637336 ]
[-0.51867115  0.7351489   0.34138304  0.9365152   1.615289    0.25153917
 -0.89315414 -0.38311467 -0.21923831 -1.7218565   0.78668827 -0.41933027
 -0.45070094  0.7507767  -2.0861068   1.2637336 ]
[-0.51867115  0.7351489   0.34138304  0.9365152   1.615289    0.25153917
 -0.89315414 -0.38311467 -0.21923831 -1.7218565   0.78668827 -0.41933027
 -0.45070094  0.7507767  -2.0861068   1.2637336 ]
[-0.51867115  0.7351489   0.34138304  0.9365152   1.615289    0.25153917
 -0.89315414 -0.38311467 -0.21923831 -1.7218565   0.78668827 -0.41933027
 -0.45070094  0.7507767  -2.0861068   1.2637336 ]
[-0.51867115  0.7351489   0.34138304  0.9365152   1.615289    0.25153917
 -0.89315414 -0.38311467 -0.21923831 -1.7218565   0.78668827 -0.41933027
 -0.45070094  0.7507767  -2.0861068   1.2637336 ]
[-0.5833537   0.7153826   0.3419215   0.96458805  1.6171744   0.28401512
 -0.9269826  -0.33231968 -0.1664408  -1.6894878   0.72978586 -0.37618944
 -0.48220196  0.7361382  -2.0868707   1.2436911 ]
[-0.5833537   0.7153826   0.3419215   0.96458805  1.6171744   0.28401512
 -0.9269826  -0.33231968 -0.1664408  -1.6894878   0.72978586 -0.37618944
 -0.48220196  0.7361382  -2.0868707   1.2436911 ]
[-0.5833537   0.7153826   0.3419215   0.96458805  1.6171744   0.28401512
 -0.9269826  -0.33231968 -0.1664408  -1.6894878   0.72978586 -0.37618944
 -0.48220196  0.7361382  -2.0868707   1.2436911 ]
[-0.5833537   0.7153826   0.3419215   0.96458805  1.6171744   0.28401512
 -0.9269826  -0.33231968 -0.1664408  -1.6894878   0.72978586 -0.37618944
 -0.48220196  0.7361382  -2.0868707   1.2436911 ]
[-0.57269603  0.69511074  0.3301136   0.9743146   1.6277344   0.2523405
 -0.87442684 -0.32768935 -0.15186922 -1.6789058   0.72099143 -0.4159872
 -0.49017215  0.7654644  -2.1251478   1.260195  ]
[-0.57269603  0.69511074  0.3301136   0.9743146   1.6277344   0.2523405
 -0.87442684 -0.32768935 -0.15186922 -1.6789058   0.72099143 -0.4159872
 -0.49017215  0.7654644  -2.1251478   1.260195  ]
[-0.57269603  0.69511074  0.3301136   0.9743146   1.6277344   0.2523405
 -0.87442684 -0.32768935 -0.15186922 -1.6789058   0.72099143 -0.4159872
 -0.49017215  0.7654644  -2.1251478   1.260195  ]
[-0.57269603  0.69511074  0.3301136   0.9743146   1.6277344   0.2523405
 -0.87442684 -0.32768935 -0.15186922 -1.6789058   0.72099143 -0.4159872
 -0.49017215  0.7654644  -2.1251478   1.260195  ]
[-0.5640838   0.76313674  0.32410794  0.9085642   1.6131531   0.2524764
 -0.8845089  -0.34610707 -0.12830459 -1.6958205   0.7895379  -0.43509808
 -0.5351726   0.72528327 -2.0988383   1.3026533 ]
[-0.5640838   0.76313674  0.32410794  0.9085642   1.6131531   0.2524764
 -0.8845089  -0.34610707 -0.12830459 -1.6958205   0.7895379  -0.43509808
 -0.5351726   0.72528327 -2.0988383   1.3026533 ]
[-0.5640838   0.76313674  0.32410794  0.9085642   1.6131531   0.2524764
 -0.8845089  -0.34610707 -0.12830459 -1.6958205   0.7895379  -0.43509808
 -0.5351726   0.72528327 -2.0988383   1.3026533 ]
[-0.5640838   0.76313674  0.32410794  0.9085642   1.6131531   0.2524764
 -0.8845089  -0.34610707 -0.12830459 -1.6958205   0.7895379  -0.43509808
 -0.5351726   0.72528327 -2.0988383   1.3026533 ]
[-0.5640838   0.76313674  0.32410794  0.9085642   1.6131531   0.2524764
 -0.8845089  -0.34610707 -0.12830459 -1.6958205   0.7895379  -0.43509808
 -0.5351726   0.72528327 -2.0988383   1.3026533 ]
[-0.46196157  0.75906515  0.29994684  0.9037467   1.6376024   0.20128408
 -0.83759975 -0.40947166 -0.2037752  -1.7305415   0.8421974  -0.50811374
 -0.4875318   0.73515904 -2.0910046   1.3431652 ]
[-0.46196157  0.75906515  0.29994684  0.9037467   1.6376024   0.20128408
 -0.83759975 -0.40947166 -0.2037752  -1.7305415   0.8421974  -0.50811374
 -0.4875318   0.73515904 -2.0910046   1.3431652 ]
[-0.46196157  0.75906515  0.29994684  0.9037467   1.6376024   0.20128408
 -0.83759975 -0.40947166 -0.2037752  -1.7305415   0.8421974  -0.50811374
 -0.4875318   0.73515904 -2.0910046   1.3431652 ]
[-0.46196157  0.75906515  0.29994684  0.9037467   1.6376024   0.20128408
 -0.83759975 -0.40947166 -0.2037752  -1.7305415   0.8421974  -0.50811374
 -0.4875318   0.73515904 -2.0910046   1.3431652 ]
[-0.50719166  0.78330624  0.3258605   0.90120924  1.6018765   0.24461398
 -0.8880242  -0.38877788 -0.18183836 -1.7309599   0.8314878  -0.44938976
 -0.49549714  0.7236408  -2.081014    1.3012908 ]
[-0.50719166  0.78330624  0.3258605   0.90120924  1.6018765   0.24461398
 -0.8880242  -0.38877788 -0.18183836 -1.7309599   0.8314878  -0.44938976
 -0.49549714  0.7236408  -2.081014    1.3012908 ]
[-0.50719166  0.78330624  0.3258605   0.90120924  1.6018765   0.24461398
 -0.8880242  -0.38877788 -0.18183836 -1.7309599   0.8314878  -0.44938976
 -0.49549714  0.7236408  -2.081014    1.3012908 ]
[-0.50719166  0.78330624  0.3258605   0.90120924  1.6018765   0.24461398
 -0.8880242  -0.38877788 -0.18183836 -1.7309599   0.8314878  -0.44938976
 -0.49549714  0.7236408  -2.081014    1.3012908 ]
[-0.5119906   0.748009    0.34410197  0.93494064  1.603421    0.26164287
 -0.8897457  -0.39077106 -0.2033031  -1.7232637   0.792387   -0.4205993
 -0.4671053   0.74825066 -2.095489    1.2582796 ]
[-0.5119906   0.748009    0.34410197  0.93494064  1.603421    0.26164287
 -0.8897457  -0.39077106 -0.2033031  -1.7232637   0.792387   -0.4205993
 -0.4671053   0.74825066 -2.095489    1.2582796 ]
[-0.5119906   0.748009    0.34410197  0.93494064  1.603421    0.26164287
 -0.8897457  -0.39077106 -0.2033031  -1.7232637   0.792387   -0.4205993
 -0.4671053   0.74825066 -2.095489    1.2582796 ]
[-0.5119906   0.748009    0.34410197  0.93494064  1.603421    0.26164287
 -0.8897457  -0.39077106 -0.2033031  -1.7232637   0.792387   -0.4205993
 -0.4671053   0.74825066 -2.095489    1.2582796 ]
[-0.5119906   0.748009    0.34410197  0.93494064  1.603421    0.26164287
 -0.8897457  -0.39077106 -0.2033031  -1.7232637   0.792387   -0.4205993
 -0.4671053   0.74825066 -2.095489    1.2582796 ]
[-0.5251951   0.7385684   0.32779297  0.97670764  1.5789412   0.269718
 -0.87221277 -0.36784786 -0.186034   -1.6899862   0.74465245 -0.38842338
 -0.51141375  0.76059425 -2.1270807   1.2606509 ]
[-0.5251951   0.7385684   0.32779297  0.97670764  1.5789412   0.269718
 -0.87221277 -0.36784786 -0.186034   -1.6899862   0.74465245 -0.38842338
 -0.51141375  0.76059425 -2.1270807   1.2606509 ]
[-0.5251951   0.7385684   0.32779297  0.97670764  1.5789412   0.269718
 -0.87221277 -0.36784786 -0.186034   -1.6899862   0.74465245 -0.38842338
 -0.51141375  0.76059425 -2.1270807   1.2606509 ]
[-0.5251951   0.7385684   0.32779297  0.97670764  1.5789412   0.269718
 -0.87221277 -0.36784786 -0.186034   -1.6899862   0.74465245 -0.38842338
 -0.51141375  0.76059425 -2.1270807   1.2606509 ]
[-0.5755569   0.72117794  0.3385573   0.95579624  1.6202177   0.27594268
 -0.89788973 -0.3335022  -0.12971558 -1.676018    0.7341134  -0.38848475
 -0.5220423   0.733916   -2.1160882   1.2486273 ]
[-0.5755569   0.72117794  0.3385573   0.95579624  1.6202177   0.27594268
 -0.89788973 -0.3335022  -0.12971558 -1.676018    0.7341134  -0.38848475
 -0.5220423   0.733916   -2.1160882   1.2486273 ]
[-0.5755569   0.72117794  0.3385573   0.95579624  1.6202177   0.27594268
 -0.89788973 -0.3335022  -0.12971558 -1.676018    0.7341134  -0.38848475
 -0.5220423   0.733916   -2.1160882   1.2486273 ]
[-0.5755569   0.72117794  0.3385573   0.95579624  1.6202177   0.27594268
 -0.89788973 -0.3335022  -0.12971558 -1.676018    0.7341134  -0.38848475
 -0.5220423   0.733916   -2.1160882   1.2486273 ]
[-0.55847234  0.74234176  0.31811136  0.9272612   1.6217695   0.2512898
 -0.8767149  -0.34847325 -0.13515592 -1.6951869   0.7767914  -0.4297215
 -0.5122115   0.74327433 -2.1146135   1.2797797 ]
[-0.55847234  0.74234176  0.31811136  0.9272612   1.6217695   0.2512898
 -0.8767149  -0.34847325 -0.13515592 -1.6951869   0.7767914  -0.4297215
 -0.5122115   0.74327433 -2.1146135   1.2797797 ]
[-0.55847234  0.74234176  0.31811136  0.9272612   1.6217695   0.2512898
 -0.8767149  -0.34847325 -0.13515592 -1.6951869   0.7767914  -0.4297215
 -0.5122115   0.74327433 -2.1146135   1.2797797 ]
[-0.55847234  0.74234176  0.31811136  0.9272612   1.6217695   0.2512898
 -0.8767149  -0.34847325 -0.13515592 -1.6951869   0.7767914  -0.4297215
 -0.5122115   0.74327433 -2.1146135   1.2797797 ]
[-0.55847234  0.74234176  0.31811136  0.9272612   1.6217695   0.2512898
 -0.8767149  -0.34847325 -0.13515592 -1.6951869   0.7767914  -0.4297215
 -0.5122115   0.74327433 -2.1146135   1.2797797 ]
[-0.47739202  0.7451135   0.30983424  0.9161541   1.6418651   0.20643139
 -0.8497068  -0.40396777 -0.20693557 -1.7396271   0.8228919  -0.49004942
 -0.4521823   0.74030113 -2.093778    1.322334  ]
[-0.47739202  0.7451135   0.30983424  0.9161541   1.6418651   0.20643139
 -0.8497068  -0.40396777 -0.20693557 -1.7396271   0.8228919  -0.49004942
 -0.4521823   0.74030113 -2.093778    1.322334  ]
[-0.47739202  0.7451135   0.30983424  0.9161541   1.6418651   0.20643139
 -0.8497068  -0.40396777 -0.20693557 -1.7396271   0.8228919  -0.49004942
 -0.4521823   0.74030113 -2.093778    1.322334  ]
[-0.47739202  0.7451135   0.30983424  0.9161541   1.6418651   0.20643139
 -0.8497068  -0.40396777 -0.20693557 -1.7396271   0.8228919  -0.49004942
 -0.4521823   0.74030113 -2.093778    1.322334  ]
[-0.47739202  0.7451135   0.30983424  0.9161541   1.6418651   0.20643139
 -0.8497068  -0.40396777 -0.20693557 -1.7396271   0.8228919  -0.49004942
 -0.4521823   0.74030113 -2.093778    1.322334  ]
[-0.5172667   0.7621797   0.3277621   0.92019206  1.6101878   0.2513369
 -0.8815727  -0.39619574 -0.19655597 -1.7412674   0.8117695  -0.44149485
 -0.44550785  0.74447507 -2.088447    1.269809  ]
[-0.5172667   0.7621797   0.3277621   0.92019206  1.6101878   0.2513369
 -0.8815727  -0.39619574 -0.19655597 -1.7412674   0.8117695  -0.44149485
 -0.44550785  0.74447507 -2.088447    1.269809  ]
[-0.5172667   0.7621797   0.3277621   0.92019206  1.6101878   0.2513369
 -0.8815727  -0.39619574 -0.19655597 -1.7412674   0.8117695  -0.44149485
 -0.44550785  0.74447507 -2.088447    1.269809  ]
[-0.5172667   0.7621797   0.3277621   0.92019206  1.6101878   0.2513369
 -0.8815727  -0.39619574 -0.19655597 -1.7412674   0.8117695  -0.44149485
 -0.44550785  0.74447507 -2.088447    1.269809  ]
[-0.52069587  0.74002707  0.3500979   0.9456769   1.6052052   0.2731542
 -0.8814985  -0.40400562 -0.21837787 -1.7324051   0.78521764 -0.4161086
 -0.43125924  0.766963   -2.1013408   1.2268631 ]
[-0.52069587  0.74002707  0.3500979   0.9456769   1.6052052   0.2731542
 -0.8814985  -0.40400562 -0.21837787 -1.7324051   0.78521764 -0.4161086
 -0.43125924  0.766963   -2.1013408   1.2268631 ]
[-0.52069587  0.74002707  0.3500979   0.9456769   1.6052052   0.2731542
 -0.8814985  -0.40400562 -0.21837787 -1.7324051   0.78521764 -0.4161086
 -0.43125924  0.766963   -2.1013408   1.2268631 ]
[-0.52069587  0.74002707  0.3500979   0.9456769   1.6052052   0.2731542
 -0.8814985  -0.40400562 -0.21837787 -1.7324051   0.78521764 -0.4161086
 -0.43125924  0.766963   -2.1013408   1.2268631 ]
[-0.5186632   0.7641733   0.33317837  0.955805    1.5626445   0.2773481
 -0.86669    -0.3851058  -0.21459427 -1.7057463   0.7616378  -0.39865404
 -0.5007845   0.7840893  -2.1182077   1.2590548 ]
[-0.5186632   0.7641733   0.33317837  0.955805    1.5626445   0.2773481
 -0.86669    -0.3851058  -0.21459427 -1.7057463   0.7616378  -0.39865404
 -0.5007845   0.7840893  -2.1182077   1.2590548 ]
[-0.5186632   0.7641733   0.33317837  0.955805    1.5626445   0.2773481
 -0.86669    -0.3851058  -0.21459427 -1.7057463   0.7616378  -0.39865404
 -0.5007845   0.7840893  -2.1182077   1.2590548 ]
[-0.5186632   0.7641733   0.33317837  0.955805    1.5626445   0.2773481
 -0.86669    -0.3851058  -0.21459427 -1.7057463   0.7616378  -0.39865404
 -0.5007845   0.7840893  -2.1182077   1.2590548 ]
[-0.59827024  0.7240349   0.340614    0.9631506   1.6109263   0.28653252
 -0.89417094 -0.33608943 -0.13223252 -1.6826996   0.7348164  -0.3820703
 -0.5061231   0.75029624 -2.1157818   1.2252305 ]
[-0.59827024  0.7240349   0.340614    0.9631506   1.6109263   0.28653252
 -0.89417094 -0.33608943 -0.13223252 -1.6826996   0.7348164  -0.3820703
 -0.5061231   0.75029624 -2.1157818   1.2252305 ]
[-0.59827024  0.7240349   0.340614    0.9631506   1.6109263   0.28653252
 -0.89417094 -0.33608943 -0.13223252 -1.6826996   0.7348164  -0.3820703
 -0.5061231   0.75029624 -2.1157818   1.2252305 ]
[-0.59827024  0.7240349   0.340614    0.9631506   1.6109263   0.28653252
 -0.89417094 -0.33608943 -0.13223252 -1.6826996   0.7348164  -0.3820703
 -0.5061231   0.75029624 -2.1157818   1.2252305 ]
[-0.5807825   0.75366926  0.3288769   0.92878884  1.6026793   0.2642527
 -0.87482643 -0.34434173 -0.1274048  -1.6946564   0.7773701  -0.4161562
 -0.5242151   0.7451953  -2.1128538   1.2638195 ]
[-0.5807825   0.75366926  0.3288769   0.92878884  1.6026793   0.2642527
 -0.87482643 -0.34434173 -0.1274048  -1.6946564   0.7773701  -0.4161562
 -0.5242151   0.7451953  -2.1128538   1.2638195 ]
[-0.5807825   0.75366926  0.3288769   0.92878884  1.6026793   0.2642527
 -0.87482643 -0.34434173 -0.1274048  -1.6946564   0.7773701  -0.4161562
 -0.5242151   0.7451953  -2.1128538   1.2638195 ]
[-0.5807825   0.75366926  0.3288769   0.92878884  1.6026793   0.2642527
 -0.87482643 -0.34434173 -0.1274048  -1.6946564   0.7773701  -0.4161562
 -0.5242151   0.7451953  -2.1128538   1.2638195 ]
[-0.4840725   0.74423254  0.32719237  0.9272183   1.6192434   0.22079591
 -0.8276184  -0.40179873 -0.20223527 -1.7271693   0.81860125 -0.47218275
 -0.47926778  0.7541861  -2.1136637   1.2860842 ]
[-0.4840725   0.74423254  0.32719237  0.9272183   1.6192434   0.22079591
 -0.8276184  -0.40179873 -0.20223527 -1.7271693   0.81860125 -0.47218275
 -0.47926778  0.7541861  -2.1136637   1.2860842 ]
[-0.4840725   0.74423254  0.32719237  0.9272183   1.6192434   0.22079591
 -0.8276184  -0.40179873 -0.20223527 -1.7271693   0.81860125 -0.47218275
 -0.47926778  0.7541861  -2.1136637   1.2860842 ]
[-0.4840725   0.74423254  0.32719237  0.9272183   1.6192434   0.22079591
 -0.8276184  -0.40179873 -0.20223527 -1.7271693   0.81860125 -0.47218275
 -0.47926778  0.7541861  -2.1136637   1.2860842 ]
[-0.52091056  0.7633133   0.36123267  0.9209531   1.5816425   0.2601077
 -0.8675378  -0.38287058 -0.18571422 -1.7211167   0.80728114 -0.4226931
 -0.4976875   0.7479476  -2.1044922   1.2485228 ]
[-0.52091056  0.7633133   0.36123267  0.9209531   1.5816425   0.2601077
 -0.8675378  -0.38287058 -0.18571422 -1.7211167   0.80728114 -0.4226931
 -0.4976875   0.7479476  -2.1044922   1.2485228 ]
[-0.52091056  0.7633133   0.36123267  0.9209531   1.5816425   0.2601077
 -0.8675378  -0.38287058 -0.18571422 -1.7211167   0.80728114 -0.4226931
 -0.4976875   0.7479476  -2.1044922   1.2485228 ]
[-0.52091056  0.7633133   0.36123267  0.9209531   1.5816425   0.2601077
 -0.8675378  -0.38287058 -0.18571422 -1.7211167   0.80728114 -0.4226931
 -0.4976875   0.7479476  -2.1044922   1.2485228 ]
[-0.6035992   0.72526985  0.3884709   0.9437455   1.5946143   0.3163705
 -0.93187076 -0.35059565 -0.14828488 -1.7013862   0.7558625  -0.35698515
 -0.4823699   0.73642576 -2.0837476   1.1836748 ]
[-0.6035992   0.72526985  0.3884709   0.9437455   1.5946143   0.3163705
 -0.93187076 -0.35059565 -0.14828488 -1.7013862   0.7558625  -0.35698515
 -0.4823699   0.73642576 -2.0837476   1.1836748 ]
[-0.6035992   0.72526985  0.3884709   0.9437455   1.5946143   0.3163705
 -0.93187076 -0.35059565 -0.14828488 -1.7013862   0.7558625  -0.35698515
 -0.4823699   0.73642576 -2.0837476   1.1836748 ]
[-0.6035992   0.72526985  0.3884709   0.9437455   1.5946143   0.3163705
 -0.93187076 -0.35059565 -0.14828488 -1.7013862   0.7558625  -0.35698515
 -0.4823699   0.73642576 -2.0837476   1.1836748 ]
[-0.6035992   0.72526985  0.3884709   0.9437455   1.5946143   0.3163705
 -0.93187076 -0.35059565 -0.14828488 -1.7013862   0.7558625  -0.35698515
 -0.4823699   0.73642576 -2.0837476   1.1836748 ]
[-0.5865172   0.7246629   0.3767454   0.9441658   1.6081865   0.31230015
 -0.9236618  -0.34427524 -0.1482372  -1.6848606   0.738659   -0.35545945
 -0.5019725   0.72305375 -2.094218    1.1980472 ]
[-0.5865172   0.7246629   0.3767454   0.9441658   1.6081865   0.31230015
 -0.9236618  -0.34427524 -0.1482372  -1.6848606   0.738659   -0.35545945
 -0.5019725   0.72305375 -2.094218    1.1980472 ]
[-0.5865172   0.7246629   0.3767454   0.9441658   1.6081865   0.31230015
 -0.9236618  -0.34427524 -0.1482372  -1.6848606   0.738659   -0.35545945
 -0.5019725   0.72305375 -2.094218    1.1980472 ]
[-0.5865172   0.7246629   0.3767454   0.9441658   1.6081865   0.31230015
 -0.9236618  -0.34427524 -0.1482372  -1.6848606   0.738659   -0.35545945
 -0.5019725   0.72305375 -2.094218    1.1980472 ]
[-0.5865172   0.7246629   0.3767454   0.9441658   1.6081865   0.31230015
 -0.9236618  -0.34427524 -0.1482372  -1.6848606   0.738659   -0.35545945
 -0.5019725   0.72305375 -2.094218    1.1980472 ]
[-0.5709006   0.75213367  0.36269277  0.91679746  1.6027292   0.2838722
 -0.90765524 -0.33544907 -0.14439002 -1.6826878   0.74592054 -0.37942874
 -0.53419656  0.72539103 -2.0984187   1.2527597 ]
[-0.5709006   0.75213367  0.36269277  0.91679746  1.6027292   0.2838722
 -0.90765524 -0.33544907 -0.14439002 -1.6826878   0.74592054 -0.37942874
 -0.53419656  0.72539103 -2.0984187   1.2527597 ]
[-0.5709006   0.75213367  0.36269277  0.91679746  1.6027292   0.2838722
 -0.90765524 -0.33544907 -0.14439002 -1.6826878   0.74592054 -0.37942874
 -0.53419656  0.72539103 -2.0984187   1.2527597 ]
[-0.5709006   0.75213367  0.36269277  0.91679746  1.6027292   0.2838722
 -0.90765524 -0.33544907 -0.14439002 -1.6826878   0.74592054 -0.37942874
 -0.53419656  0.72539103 -2.0984187   1.2527597 ]
[-0.5549772   0.7553563   0.3328757   0.90990907  1.6138685   0.25079095
 -0.8747258  -0.3435615  -0.14221057 -1.6995041   0.7768547  -0.43110412
 -0.5235215   0.72779834 -2.1039104   1.296724  ]
[-0.5549772   0.7553563   0.3328757   0.90990907  1.6138685   0.25079095
 -0.8747258  -0.3435615  -0.14221057 -1.6995041   0.7768547  -0.43110412
 -0.5235215   0.72779834 -2.1039104   1.296724  ]
[-0.5549772   0.7553563   0.3328757   0.90990907  1.6138685   0.25079095
 -0.8747258  -0.3435615  -0.14221057 -1.6995041   0.7768547  -0.43110412
 -0.5235215   0.72779834 -2.1039104   1.296724  ]
[-0.5549772   0.7553563   0.3328757   0.90990907  1.6138685   0.25079095
 -0.8747258  -0.3435615  -0.14221057 -1.6995041   0.7768547  -0.43110412
 -0.5235215   0.72779834 -2.1039104   1.296724  ]
[-0.5549772   0.7553563   0.3328757   0.90990907  1.6138685   0.25079095
 -0.8747258  -0.3435615  -0.14221057 -1.6995041   0.7768547  -0.43110412
 -0.5235215   0.72779834 -2.1039104   1.296724  ]
[-0.45997843  0.7460351   0.3145824   0.91015416  1.6361275   0.20457971
 -0.8323146  -0.39730263 -0.2104305  -1.7281469   0.8179695  -0.4924577
 -0.47687942  0.73121834 -2.1030395   1.3313872 ]
[-0.45997843  0.7460351   0.3145824   0.91015416  1.6361275   0.20457971
 -0.8323146  -0.39730263 -0.2104305  -1.7281469   0.8179695  -0.4924577
 -0.47687942  0.73121834 -2.1030395   1.3313872 ]
[-0.45997843  0.7460351   0.3145824   0.91015416  1.6361275   0.20457971
 -0.8323146  -0.39730263 -0.2104305  -1.7281469   0.8179695  -0.4924577
 -0.47687942  0.73121834 -2.1030395   1.3313872 ]
[-0.45997843  0.7460351   0.3145824   0.91015416  1.6361275   0.20457971
 -0.8323146  -0.39730263 -0.2104305  -1.7281469   0.8179695  -0.4924577
 -0.47687942  0.73121834 -2.1030395   1.3313872 ]
[-0.45997843  0.7460351   0.3145824   0.91015416  1.6361275   0.20457971
 -0.8323146  -0.39730263 -0.2104305  -1.7281469   0.8179695  -0.4924577
 -0.47687942  0.73121834 -2.1030395   1.3313872 ]
[-0.4956886   0.7678051   0.32527775  0.9050673   1.6127294   0.23697834
 -0.8691222  -0.38852495 -0.20485762 -1.7269046   0.8215006  -0.45880952
 -0.4802567   0.7323979  -2.086741    1.2995826 ]
[-0.4956886   0.7678051   0.32527775  0.9050673   1.6127294   0.23697834
 -0.8691222  -0.38852495 -0.20485762 -1.7269046   0.8215006  -0.45880952
 -0.4802567   0.7323979  -2.086741    1.2995826 ]
[-0.4956886   0.7678051   0.32527775  0.9050673   1.6127294   0.23697834
 -0.8691222  -0.38852495 -0.20485762 -1.7269046   0.8215006  -0.45880952
 -0.4802567   0.7323979  -2.086741    1.2995826 ]
[-0.4956886   0.7678051   0.32527775  0.9050673   1.6127294   0.23697834
 -0.8691222  -0.38852495 -0.20485762 -1.7269046   0.8215006  -0.45880952
 -0.4802567   0.7323979  -2.086741    1.2995826 ]
[-0.507006    0.7431333   0.35029644  0.9368044   1.6023519   0.25886887
 -0.87975806 -0.37893257 -0.20714001 -1.7199056   0.77594393 -0.41304842
 -0.4646471   0.7453776  -2.1076045   1.2538209 ]
[-0.507006    0.7431333   0.35029644  0.9368044   1.6023519   0.25886887
 -0.87975806 -0.37893257 -0.20714001 -1.7199056   0.77594393 -0.41304842
 -0.4646471   0.7453776  -2.1076045   1.2538209 ]
[-0.507006    0.7431333   0.35029644  0.9368044   1.6023519   0.25886887
 -0.87975806 -0.37893257 -0.20714001 -1.7199056   0.77594393 -0.41304842
 -0.4646471   0.7453776  -2.1076045   1.2538209 ]
[-0.507006    0.7431333   0.35029644  0.9368044   1.6023519   0.25886887
 -0.87975806 -0.37893257 -0.20714001 -1.7199056   0.77594393 -0.41304842
 -0.4646471   0.7453776  -2.1076045   1.2538209 ]
[-0.53706354  0.741186    0.3364951   0.9567008   1.5889299   0.27214998
 -0.89523613 -0.33708066 -0.17844954 -1.6826627   0.73462176 -0.37916642
 -0.5111052   0.741577   -2.1205459   1.2590806 ]
[-0.53706354  0.741186    0.3364951   0.9567008   1.5889299   0.27214998
 -0.89523613 -0.33708066 -0.17844954 -1.6826627   0.73462176 -0.37916642
 -0.5111052   0.741577   -2.1205459   1.2590806 ]
[-0.53706354  0.741186    0.3364951   0.9567008   1.5889299   0.27214998
 -0.89523613 -0.33708066 -0.17844954 -1.6826627   0.73462176 -0.37916642
 -0.5111052   0.741577   -2.1205459   1.2590806 ]
[-0.53706354  0.741186    0.3364951   0.9567008   1.5889299   0.27214998
 -0.89523613 -0.33708066 -0.17844954 -1.6826627   0.73462176 -0.37916642
 -0.5111052   0.741577   -2.1205459   1.2590806 ]
[-0.53706354  0.741186    0.3364951   0.9567008   1.5889299   0.27214998
 -0.89523613 -0.33708066 -0.17844954 -1.6826627   0.73462176 -0.37916642
 -0.5111052   0.741577   -2.1205459   1.2590806 ]
[-0.56379765  0.71818084  0.33888027  0.95651436  1.6271248   0.26031017
 -0.8965664  -0.31963557 -0.13928838 -1.6813542   0.71857756 -0.38821492
 -0.50407     0.7281157  -2.1209407   1.2556648 ]
[-0.56379765  0.71818084  0.33888027  0.95651436  1.6271248   0.26031017
 -0.8965664  -0.31963557 -0.13928838 -1.6813542   0.71857756 -0.38821492
 -0.50407     0.7281157  -2.1209407   1.2556648 ]
[-0.56379765  0.71818084  0.33888027  0.95651436  1.6271248   0.26031017
 -0.8965664  -0.31963557 -0.13928838 -1.6813542   0.71857756 -0.38821492
 -0.50407     0.7281157  -2.1209407   1.2556648 ]
[-0.56379765  0.71818084  0.33888027  0.95651436  1.6271248   0.26031017
 -0.8965664  -0.31963557 -0.13928838 -1.6813542   0.71857756 -0.38821492
 -0.50407     0.7281157  -2.1209407   1.2556648 ]
[-0.56379765  0.71818084  0.33888027  0.95651436  1.6271248   0.26031017
 -0.8965664  -0.31963557 -0.13928838 -1.6813542   0.71857756 -0.38821492
 -0.50407     0.7281157  -2.1209407   1.2556648 ]
[-0.55479836  0.73311156  0.3154296   0.92409515  1.6432431   0.2412
 -0.8870882  -0.34003586 -0.145717   -1.7009861   0.76872265 -0.43879175
 -0.48219186  0.7410076  -2.1086566   1.2817904 ]
[-0.55479836  0.73311156  0.3154296   0.92409515  1.6432431   0.2412
 -0.8870882  -0.34003586 -0.145717   -1.7009861   0.76872265 -0.43879175
 -0.48219186  0.7410076  -2.1086566   1.2817904 ]
[-0.55479836  0.73311156  0.3154296   0.92409515  1.6432431   0.2412
 -0.8870882  -0.34003586 -0.145717   -1.7009861   0.76872265 -0.43879175
 -0.48219186  0.7410076  -2.1086566   1.2817904 ]
[-0.55479836  0.73311156  0.3154296   0.92409515  1.6432431   0.2412
 -0.8870882  -0.34003586 -0.145717   -1.7009861   0.76872265 -0.43879175
 -0.48219186  0.7410076  -2.1086566   1.2817904 ]
[-0.55479836  0.73311156  0.3154296   0.92409515  1.6432431   0.2412
 -0.8870882  -0.34003586 -0.145717   -1.7009861   0.76872265 -0.43879175
 -0.48219186  0.7410076  -2.1086566   1.2817904 ]
[-0.46450892  0.7427665   0.3056433   0.90245056  1.6605003   0.21012183
 -0.87318957 -0.4028379  -0.21212573 -1.7416992   0.8224397  -0.48302516
 -0.4326768   0.7290708  -2.0862644   1.3144977 ]
[-0.46450892  0.7427665   0.3056433   0.90245056  1.6605003   0.21012183
 -0.87318957 -0.4028379  -0.21212573 -1.7416992   0.8224397  -0.48302516
 -0.4326768   0.7290708  -2.0862644   1.3144977 ]
[-0.46450892  0.7427665   0.3056433   0.90245056  1.6605003   0.21012183
 -0.87318957 -0.4028379  -0.21212573 -1.7416992   0.8224397  -0.48302516
 -0.4326768   0.7290708  -2.0862644   1.3144977 ]
[-0.46450892  0.7427665   0.3056433   0.90245056  1.6605003   0.21012183
 -0.87318957 -0.4028379  -0.21212573 -1.7416992   0.8224397  -0.48302516
 -0.4326768   0.7290708  -2.0862644   1.3144977 ]
[-0.4692339   0.729654    0.3256914   0.9361866   1.6361439   0.22025171
 -0.8474285  -0.40471983 -0.21273026 -1.7372822   0.8031376  -0.4664432
 -0.43623352  0.75824577 -2.115555    1.2694638 ]
[-0.4692339   0.729654    0.3256914   0.9361866   1.6361439   0.22025171
 -0.8474285  -0.40471983 -0.21273026 -1.7372822   0.8031376  -0.4664432
 -0.43623352  0.75824577 -2.115555    1.2694638 ]
[-0.4692339   0.729654    0.3256914   0.9361866   1.6361439   0.22025171
 -0.8474285  -0.40471983 -0.21273026 -1.7372822   0.8031376  -0.4664432
 -0.43623352  0.75824577 -2.115555    1.2694638 ]
[-0.4692339   0.729654    0.3256914   0.9361866   1.6361439   0.22025171
 -0.8474285  -0.40471983 -0.21273026 -1.7372822   0.8031376  -0.4664432
 -0.43623352  0.75824577 -2.115555    1.2694638 ]
[-0.49911004  0.7853163   0.37598497  0.90300715  1.5857013   0.26710367
 -0.8697815  -0.38431704 -0.18594162 -1.7261146   0.80226916 -0.41251907
 -0.50835025  0.72195274 -2.1158757   1.2488343 ]
[-0.49911004  0.7853163   0.37598497  0.90300715  1.5857013   0.26710367
 -0.8697815  -0.38431704 -0.18594162 -1.7261146   0.80226916 -0.41251907
 -0.50835025  0.72195274 -2.1158757   1.2488343 ]
[-0.49911004  0.7853163   0.37598497  0.90300715  1.5857013   0.26710367
 -0.8697815  -0.38431704 -0.18594162 -1.7261146   0.80226916 -0.41251907
 -0.50835025  0.72195274 -2.1158757   1.2488343 ]
[-0.49911004  0.7853163   0.37598497  0.90300715  1.5857013   0.26710367
 -0.8697815  -0.38431704 -0.18594162 -1.7261146   0.80226916 -0.41251907
 -0.50835025  0.72195274 -2.1158757   1.2488343 ]
[-0.49911004  0.7853163   0.37598497  0.90300715  1.5857013   0.26710367
 -0.8697815  -0.38431704 -0.18594162 -1.7261146   0.80226916 -0.41251907
 -0.50835025  0.72195274 -2.1158757   1.2488343 ]
[-0.51180065  0.80085725  0.34578973  0.9090722   1.56867     0.2640318
 -0.878791   -0.35447195 -0.17868976 -1.6931995   0.7882002  -0.4041477
 -0.5626283   0.7201492  -2.1136775   1.2911456 ]
[-0.51180065  0.80085725  0.34578973  0.9090722   1.56867     0.2640318
 -0.878791   -0.35447195 -0.17868976 -1.6931995   0.7882002  -0.4041477
 -0.5626283   0.7201492  -2.1136775   1.2911456 ]
[-0.51180065  0.80085725  0.34578973  0.9090722   1.56867     0.2640318
 -0.878791   -0.35447195 -0.17868976 -1.6931995   0.7882002  -0.4041477
 -0.5626283   0.7201492  -2.1136775   1.2911456 ]
[-0.51180065  0.80085725  0.34578973  0.9090722   1.56867     0.2640318
 -0.878791   -0.35447195 -0.17868976 -1.6931995   0.7882002  -0.4041477
 -0.5626283   0.7201492  -2.1136775   1.2911456 ]
[-0.5835417   0.7546218   0.3296076   0.93583363  1.6140143   0.25976098
 -0.9029498  -0.31122026 -0.11771256 -1.6823066   0.7599335  -0.39638543
 -0.5431255   0.70101583 -2.1036556   1.2762918 ]
[-0.5835417   0.7546218   0.3296076   0.93583363  1.6140143   0.25976098
 -0.9029498  -0.31122026 -0.11771256 -1.6823066   0.7599335  -0.39638543
 -0.5431255   0.70101583 -2.1036556   1.2762918 ]
[-0.5835417   0.7546218   0.3296076   0.93583363  1.6140143   0.25976098
 -0.9029498  -0.31122026 -0.11771256 -1.6823066   0.7599335  -0.39638543
 -0.5431255   0.70101583 -2.1036556   1.2762918 ]
[-0.5835417   0.7546218   0.3296076   0.93583363  1.6140143   0.25976098
 -0.9029498  -0.31122026 -0.11771256 -1.6823066   0.7599335  -0.39638543
 -0.5431255   0.70101583 -2.1036556   1.2762918 ]
[-0.5560948   0.7378885   0.31319433  0.9491518   1.6071094   0.23397629
 -0.8556759  -0.33001143 -0.13960433 -1.6937802   0.77446526 -0.4311286
 -0.5096024   0.7513141  -2.1342366   1.2725556 ]
[-0.5560948   0.7378885   0.31319433  0.9491518   1.6071094   0.23397629
 -0.8556759  -0.33001143 -0.13960433 -1.6937802   0.77446526 -0.4311286
 -0.5096024   0.7513141  -2.1342366   1.2725556 ]
[-0.5560948   0.7378885   0.31319433  0.9491518   1.6071094   0.23397629
 -0.8556759  -0.33001143 -0.13960433 -1.6937802   0.77446526 -0.4311286
 -0.5096024   0.7513141  -2.1342366   1.2725556 ]
[-0.5560948   0.7378885   0.31319433  0.9491518   1.6071094   0.23397629
 -0.8556759  -0.33001143 -0.13960433 -1.6937802   0.77446526 -0.4311286
 -0.5096024   0.7513141  -2.1342366   1.2725556 ]
[-0.48535594  0.7369318   0.3380858   0.9333658   1.62057     0.2228333
 -0.84478676 -0.38619992 -0.19652395 -1.726958    0.8098062  -0.4474144
 -0.46515793  0.74032456 -2.119193    1.2579254 ]
[-0.48535594  0.7369318   0.3380858   0.9333658   1.62057     0.2228333
 -0.84478676 -0.38619992 -0.19652395 -1.726958    0.8098062  -0.4474144
 -0.46515793  0.74032456 -2.119193    1.2579254 ]
[-0.48535594  0.7369318   0.3380858   0.9333658   1.62057     0.2228333
 -0.84478676 -0.38619992 -0.19652395 -1.726958    0.8098062  -0.4474144
 -0.46515793  0.74032456 -2.119193    1.2579254 ]
[-0.48535594  0.7369318   0.3380858   0.9333658   1.62057     0.2228333
 -0.84478676 -0.38619992 -0.19652395 -1.726958    0.8098062  -0.4474144
 -0.46515793  0.74032456 -2.119193    1.2579254 ]
[-0.48535594  0.7369318   0.3380858   0.9333658   1.62057     0.2228333
 -0.84478676 -0.38619992 -0.19652395 -1.726958    0.8098062  -0.4474144
 -0.46515793  0.74032456 -2.119193    1.2579254 ]
[-0.4976716   0.7348154   0.35723597  0.93131465  1.6165279   0.24771461
 -0.8551725  -0.39630812 -0.20416296 -1.7244669   0.8018869  -0.42776984
 -0.45860258  0.74874485 -2.1129723   1.2258772 ]
[-0.4976716   0.7348154   0.35723597  0.93131465  1.6165279   0.24771461
 -0.8551725  -0.39630812 -0.20416296 -1.7244669   0.8018869  -0.42776984
 -0.45860258  0.74874485 -2.1129723   1.2258772 ]
[-0.4976716   0.7348154   0.35723597  0.93131465  1.6165279   0.24771461
 -0.8551725  -0.39630812 -0.20416296 -1.7244669   0.8018869  -0.42776984
 -0.45860258  0.74874485 -2.1129723   1.2258772 ]
[-0.4976716   0.7348154   0.35723597  0.93131465  1.6165279   0.24771461
 -0.8551725  -0.39630812 -0.20416296 -1.7244669   0.8018869  -0.42776984
 -0.45860258  0.74874485 -2.1129723   1.2258772 ]
[-0.58193886  0.8068036   0.39073783  0.85416615  1.5950768   0.31514597
 -0.94349444 -0.35238224 -0.13369022 -1.7160127   0.8048609  -0.37015992
 -0.5228986   0.6801486  -2.0523381   1.2134864 ]
[-0.58193886  0.8068036   0.39073783  0.85416615  1.5950768   0.31514597
 -0.94349444 -0.35238224 -0.13369022 -1.7160127   0.8048609  -0.37015992
 -0.5228986   0.6801486  -2.0523381   1.2134864 ]
[-0.58193886  0.8068036   0.39073783  0.85416615  1.5950768   0.31514597
 -0.94349444 -0.35238224 -0.13369022 -1.7160127   0.8048609  -0.37015992
 -0.5228986   0.6801486  -2.0523381   1.2134864 ]
[-0.58193886  0.8068036   0.39073783  0.85416615  1.5950768   0.31514597
 -0.94349444 -0.35238224 -0.13369022 -1.7160127   0.8048609  -0.37015992
 -0.5228986   0.6801486  -2.0523381   1.2134864 ]
[-0.58193886  0.8068036   0.39073783  0.85416615  1.5950768   0.31514597
 -0.94349444 -0.35238224 -0.13369022 -1.7160127   0.8048609  -0.37015992
 -0.5228986   0.6801486  -2.0523381   1.2134864 ]
[-0.5600487   0.8270256   0.35068852  0.8282      1.6022499   0.2760865
 -0.9332321  -0.351065   -0.1308974  -1.7227504   0.8299969  -0.41445994
 -0.53505385  0.6891399  -2.0520968   1.2869247 ]
[-0.5600487   0.8270256   0.35068852  0.8282      1.6022499   0.2760865
 -0.9332321  -0.351065   -0.1308974  -1.7227504   0.8299969  -0.41445994
 -0.53505385  0.6891399  -2.0520968   1.2869247 ]
[-0.5600487   0.8270256   0.35068852  0.8282      1.6022499   0.2760865
 -0.9332321  -0.351065   -0.1308974  -1.7227504   0.8299969  -0.41445994
 -0.53505385  0.6891399  -2.0520968   1.2869247 ]
[-0.5600487   0.8270256   0.35068852  0.8282      1.6022499   0.2760865
 -0.9332321  -0.351065   -0.1308974  -1.7227504   0.8299969  -0.41445994
 -0.53505385  0.6891399  -2.0520968   1.2869247 ]
[-0.5600487   0.8270256   0.35068852  0.8282      1.6022499   0.2760865
 -0.9332321  -0.351065   -0.1308974  -1.7227504   0.8299969  -0.41445994
 -0.53505385  0.6891399  -2.0520968   1.2869247 ]
[-0.47589332  0.8027323   0.31033605  0.8606556   1.6377957   0.21454063
 -0.89090127 -0.38444132 -0.16977356 -1.7437079   0.84840024 -0.4739805
 -0.49627963  0.69161206 -2.0768256   1.3382246 ]
[-0.47589332  0.8027323   0.31033605  0.8606556   1.6377957   0.21454063
 -0.89090127 -0.38444132 -0.16977356 -1.7437079   0.84840024 -0.4739805
 -0.49627963  0.69161206 -2.0768256   1.3382246 ]
[-0.47589332  0.8027323   0.31033605  0.8606556   1.6377957   0.21454063
 -0.89090127 -0.38444132 -0.16977356 -1.7437079   0.84840024 -0.4739805
 -0.49627963  0.69161206 -2.0768256   1.3382246 ]
[-0.47589332  0.8027323   0.31033605  0.8606556   1.6377957   0.21454063
 -0.89090127 -0.38444132 -0.16977356 -1.7437079   0.84840024 -0.4739805
 -0.49627963  0.69161206 -2.0768256   1.3382246 ]
[-0.48139772  0.7643849   0.30986932  0.91915816  1.6218064   0.21315762
 -0.8554101  -0.38399214 -0.17528912 -1.7343727   0.81780607 -0.45359945
 -0.473554    0.73407894 -2.126968    1.294581  ]
[-0.48139772  0.7643849   0.30986932  0.91915816  1.6218064   0.21315762
 -0.8554101  -0.38399214 -0.17528912 -1.7343727   0.81780607 -0.45359945
 -0.473554    0.73407894 -2.126968    1.294581  ]
[-0.48139772  0.7643849   0.30986932  0.91915816  1.6218064   0.21315762
 -0.8554101  -0.38399214 -0.17528912 -1.7343727   0.81780607 -0.45359945
 -0.473554    0.73407894 -2.126968    1.294581  ]
[-0.48139772  0.7643849   0.30986932  0.91915816  1.6218064   0.21315762
 -0.8554101  -0.38399214 -0.17528912 -1.7343727   0.81780607 -0.45359945
 -0.473554    0.73407894 -2.126968    1.294581  ]
[-0.49292907  0.74566126  0.33284274  0.92256194  1.6158243   0.22779378
 -0.8642761  -0.39216867 -0.20418033 -1.7378918   0.80314696 -0.44873065
 -0.4450658   0.76061285 -2.108807    1.2749183 ]
[-0.49292907  0.74566126  0.33284274  0.92256194  1.6158243   0.22779378
 -0.8642761  -0.39216867 -0.20418033 -1.7378918   0.80314696 -0.44873065
 -0.4450658   0.76061285 -2.108807    1.2749183 ]
[-0.49292907  0.74566126  0.33284274  0.92256194  1.6158243   0.22779378
 -0.8642761  -0.39216867 -0.20418033 -1.7378918   0.80314696 -0.44873065
 -0.4450658   0.76061285 -2.108807    1.2749183 ]
[-0.49292907  0.74566126  0.33284274  0.92256194  1.6158243   0.22779378
 -0.8642761  -0.39216867 -0.20418033 -1.7378918   0.80314696 -0.44873065
 -0.4450658   0.76061285 -2.108807    1.2749183 ]
[-0.49292907  0.74566126  0.33284274  0.92256194  1.6158243   0.22779378
 -0.8642761  -0.39216867 -0.20418033 -1.7378918   0.80314696 -0.44873065
 -0.4450658   0.76061285 -2.108807    1.2749183 ]
[-0.48400235  0.7336923   0.3802138   0.9414824   1.5834689   0.24937825
 -0.8413784  -0.38354582 -0.19677877 -1.7198412   0.76973474 -0.40296093
 -0.48588663  0.7602466  -2.1458957   1.2289412 ]
[-0.48400235  0.7336923   0.3802138   0.9414824   1.5834689   0.24937825
 -0.8413784  -0.38354582 -0.19677877 -1.7198412   0.76973474 -0.40296093
 -0.48588663  0.7602466  -2.1458957   1.2289412 ]
[-0.48400235  0.7336923   0.3802138   0.9414824   1.5834689   0.24937825
 -0.8413784  -0.38354582 -0.19677877 -1.7198412   0.76973474 -0.40296093
 -0.48588663  0.7602466  -2.1458957   1.2289412 ]
[-0.48400235  0.7336923   0.3802138   0.9414824   1.5834689   0.24937825
 -0.8413784  -0.38354582 -0.19677877 -1.7198412   0.76973474 -0.40296093
 -0.48588663  0.7602466  -2.1458957   1.2289412 ]
[-0.48400235  0.7336923   0.3802138   0.9414824   1.5834689   0.24937825
 -0.8413784  -0.38354582 -0.19677877 -1.7198412   0.76973474 -0.40296093
 -0.48588663  0.7602466  -2.1458957   1.2289412 ]
[-0.5763869   0.7388831   0.40763587  0.9292698   1.5857518   0.30510306
 -0.89624614 -0.33961004 -0.13669768 -1.6844991   0.737603   -0.35500723
 -0.5383813   0.71772355 -2.1133473   1.204625  ]
[-0.5763869   0.7388831   0.40763587  0.9292698   1.5857518   0.30510306
 -0.89624614 -0.33961004 -0.13669768 -1.6844991   0.737603   -0.35500723
 -0.5383813   0.71772355 -2.1133473   1.204625  ]
[-0.5763869   0.7388831   0.40763587  0.9292698   1.5857518   0.30510306
 -0.89624614 -0.33961004 -0.13669768 -1.6844991   0.737603   -0.35500723
 -0.5383813   0.71772355 -2.1133473   1.204625  ]
[-0.5763869   0.7388831   0.40763587  0.9292698   1.5857518   0.30510306
 -0.89624614 -0.33961004 -0.13669768 -1.6844991   0.737603   -0.35500723
 -0.5383813   0.71772355 -2.1133473   1.204625  ]
[-0.5763869   0.7388831   0.40763587  0.9292698   1.5857518   0.30510306
 -0.89624614 -0.33961004 -0.13669768 -1.6844991   0.737603   -0.35500723
 -0.5383813   0.71772355 -2.1133473   1.204625  ]
[-0.5792898   0.7639422   0.37432826  0.9124854   1.576596    0.27847397
 -0.886044   -0.3258564  -0.12834874 -1.6761246   0.759905   -0.38775358
 -0.5646804   0.7242702  -2.1108384   1.2577419 ]
[-0.5792898   0.7639422   0.37432826  0.9124854   1.576596    0.27847397
 -0.886044   -0.3258564  -0.12834874 -1.6761246   0.759905   -0.38775358
 -0.5646804   0.7242702  -2.1108384   1.2577419 ]
[-0.5792898   0.7639422   0.37432826  0.9124854   1.576596    0.27847397
 -0.886044   -0.3258564  -0.12834874 -1.6761246   0.759905   -0.38775358
 -0.5646804   0.7242702  -2.1108384   1.2577419 ]
[-0.5792898   0.7639422   0.37432826  0.9124854   1.576596    0.27847397
 -0.886044   -0.3258564  -0.12834874 -1.6761246   0.759905   -0.38775358
 -0.5646804   0.7242702  -2.1108384   1.2577419 ]
[-0.5641497   0.75942063  0.33658656  0.9087903   1.6081848   0.25922874
 -0.89472514 -0.34025386 -0.13156101 -1.6974437   0.7910371  -0.4232265
 -0.5286583   0.7123387  -2.0924335   1.2869087 ]
[-0.5641497   0.75942063  0.33658656  0.9087903   1.6081848   0.25922874
 -0.89472514 -0.34025386 -0.13156101 -1.6974437   0.7910371  -0.4232265
 -0.5286583   0.7123387  -2.0924335   1.2869087 ]
[-0.5641497   0.75942063  0.33658656  0.9087903   1.6081848   0.25922874
 -0.89472514 -0.34025386 -0.13156101 -1.6974437   0.7910371  -0.4232265
 -0.5286583   0.7123387  -2.0924335   1.2869087 ]
[-0.5641497   0.75942063  0.33658656  0.9087903   1.6081848   0.25922874
 -0.89472514 -0.34025386 -0.13156101 -1.6974437   0.7910371  -0.4232265
 -0.5286583   0.7123387  -2.0924335   1.2869087 ]
[-0.4904088   0.74907446  0.3348119   0.92225677  1.620134    0.22966632
 -0.8616353  -0.39360434 -0.20572607 -1.7287629   0.8180022  -0.4638403
 -0.46709976  0.7348067  -2.097957    1.289922  ]
[-0.4904088   0.74907446  0.3348119   0.92225677  1.620134    0.22966632
 -0.8616353  -0.39360434 -0.20572607 -1.7287629   0.8180022  -0.4638403
 -0.46709976  0.7348067  -2.097957    1.289922  ]
[-0.4904088   0.74907446  0.3348119   0.92225677  1.620134    0.22966632
 -0.8616353  -0.39360434 -0.20572607 -1.7287629   0.8180022  -0.4638403
 -0.46709976  0.7348067  -2.097957    1.289922  ]
[-0.4904088   0.74907446  0.3348119   0.92225677  1.620134    0.22966632
 -0.8616353  -0.39360434 -0.20572607 -1.7287629   0.8180022  -0.4638403
 -0.46709976  0.7348067  -2.097957    1.289922  ]
[-0.4904088   0.74907446  0.3348119   0.92225677  1.620134    0.22966632
 -0.8616353  -0.39360434 -0.20572607 -1.7287629   0.8180022  -0.4638403
 -0.46709976  0.7348067  -2.097957    1.289922  ]
[-0.5025785   0.7501925   0.3500405   0.9255763   1.6051505   0.25747246
 -0.88282996 -0.38647014 -0.21019717 -1.7268101   0.7841772  -0.4191379
 -0.45857033  0.74279004 -2.0999784   1.2600288 ]
[-0.5025785   0.7501925   0.3500405   0.9255763   1.6051505   0.25747246
 -0.88282996 -0.38647014 -0.21019717 -1.7268101   0.7841772  -0.4191379
 -0.45857033  0.74279004 -2.0999784   1.2600288 ]
[-0.5025785   0.7501925   0.3500405   0.9255763   1.6051505   0.25747246
 -0.88282996 -0.38647014 -0.21019717 -1.7268101   0.7841772  -0.4191379
 -0.45857033  0.74279004 -2.0999784   1.2600288 ]
[-0.5025785   0.7501925   0.3500405   0.9255763   1.6051505   0.25747246
 -0.88282996 -0.38647014 -0.21019717 -1.7268101   0.7841772  -0.4191379
 -0.45857033  0.74279004 -2.0999784   1.2600288 ]
[-0.5060135   0.7647225   0.33589572  0.92743236  1.5852549   0.26027754
 -0.8935951  -0.35741958 -0.20180401 -1.6980791   0.7644595  -0.39507475
 -0.50972915  0.7408247  -2.1085873   1.2816441 ]
[-0.5060135   0.7647225   0.33589572  0.92743236  1.5852549   0.26027754
 -0.8935951  -0.35741958 -0.20180401 -1.6980791   0.7644595  -0.39507475
 -0.50972915  0.7408247  -2.1085873   1.2816441 ]
[-0.5060135   0.7647225   0.33589572  0.92743236  1.5852549   0.26027754
 -0.8935951  -0.35741958 -0.20180401 -1.6980791   0.7644595  -0.39507475
 -0.50972915  0.7408247  -2.1085873   1.2816441 ]
[-0.5060135   0.7647225   0.33589572  0.92743236  1.5852549   0.26027754
 -0.8935951  -0.35741958 -0.20180401 -1.6980791   0.7644595  -0.39507475
 -0.50972915  0.7408247  -2.1085873   1.2816441 ]
[-0.5060135   0.7647225   0.33589572  0.92743236  1.5852549   0.26027754
 -0.8935951  -0.35741958 -0.20180401 -1.6980791   0.7644595  -0.39507475
 -0.50972915  0.7408247  -2.1085873   1.2816441 ]
[-0.5694612   0.72742295  0.34149218  0.93771756  1.6369317   0.2646008
 -0.9206301  -0.32242867 -0.1432535  -1.6926256   0.7325642  -0.3872407
 -0.4945055   0.71255356 -2.0985637   1.2652586 ]
[-0.5694612   0.72742295  0.34149218  0.93771756  1.6369317   0.2646008
 -0.9206301  -0.32242867 -0.1432535  -1.6926256   0.7325642  -0.3872407
 -0.4945055   0.71255356 -2.0985637   1.2652586 ]
[-0.5694612   0.72742295  0.34149218  0.93771756  1.6369317   0.2646008
 -0.9206301  -0.32242867 -0.1432535  -1.6926256   0.7325642  -0.3872407
 -0.4945055   0.71255356 -2.0985637   1.2652586 ]
[-0.5694612   0.72742295  0.34149218  0.93771756  1.6369317   0.2646008
 -0.9206301  -0.32242867 -0.1432535  -1.6926256   0.7325642  -0.3872407
 -0.4945055   0.71255356 -2.0985637   1.2652586 ]
[-0.5466367   0.7341855   0.31656772  0.92850256  1.6305567   0.22528605
 -0.86346406 -0.33749676 -0.15145512 -1.6991037   0.7668525  -0.45613366
 -0.4932018   0.74714124 -2.1190972   1.3086503 ]
[-0.5466367   0.7341855   0.31656772  0.92850256  1.6305567   0.22528605
 -0.86346406 -0.33749676 -0.15145512 -1.6991037   0.7668525  -0.45613366
 -0.4932018   0.74714124 -2.1190972   1.3086503 ]
[-0.5466367   0.7341855   0.31656772  0.92850256  1.6305567   0.22528605
 -0.86346406 -0.33749676 -0.15145512 -1.6991037   0.7668525  -0.45613366
 -0.4932018   0.74714124 -2.1190972   1.3086503 ]
[-0.5466367   0.7341855   0.31656772  0.92850256  1.6305567   0.22528605
 -0.86346406 -0.33749676 -0.15145512 -1.6991037   0.7668525  -0.45613366
 -0.4932018   0.74714124 -2.1190972   1.3086503 ]
[-0.45485488  0.7636973   0.31027398  0.885853    1.6415586   0.20262054
 -0.85559654 -0.3970005  -0.2019325  -1.7309185   0.83777773 -0.49851122
 -0.48723873  0.71363926 -2.0861564   1.349107  ]
[-0.45485488  0.7636973   0.31027398  0.885853    1.6415586   0.20262054
 -0.85559654 -0.3970005  -0.2019325  -1.7309185   0.83777773 -0.49851122
 -0.48723873  0.71363926 -2.0861564   1.349107  ]
[-0.45485488  0.7636973   0.31027398  0.885853    1.6415586   0.20262054
 -0.85559654 -0.3970005  -0.2019325  -1.7309185   0.83777773 -0.49851122
 -0.48723873  0.71363926 -2.0861564   1.349107  ]
[-0.45485488  0.7636973   0.31027398  0.885853    1.6415586   0.20262054
 -0.85559654 -0.3970005  -0.2019325  -1.7309185   0.83777773 -0.49851122
 -0.48723873  0.71363926 -2.0861564   1.349107  ]
[-0.45485488  0.7636973   0.31027398  0.885853    1.6415586   0.20262054
 -0.85559654 -0.3970005  -0.2019325  -1.7309185   0.83777773 -0.49851122
 -0.48723873  0.71363926 -2.0861564   1.349107  ]
[-0.4702874   0.7295668   0.3215511   0.9369036   1.6299217   0.21313748
 -0.84185076 -0.39516473 -0.20675656 -1.7247641   0.8087219  -0.47582468
 -0.4645471   0.7501321  -2.1138277   1.2929426 ]
[-0.4702874   0.7295668   0.3215511   0.9369036   1.6299217   0.21313748
 -0.84185076 -0.39516473 -0.20675656 -1.7247641   0.8087219  -0.47582468
 -0.4645471   0.7501321  -2.1138277   1.2929426 ]
[-0.4702874   0.7295668   0.3215511   0.9369036   1.6299217   0.21313748
 -0.84185076 -0.39516473 -0.20675656 -1.7247641   0.8087219  -0.47582468
 -0.4645471   0.7501321  -2.1138277   1.2929426 ]
[-0.4702874   0.7295668   0.3215511   0.9369036   1.6299217   0.21313748
 -0.84185076 -0.39516473 -0.20675656 -1.7247641   0.8087219  -0.47582468
 -0.4645471   0.7501321  -2.1138277   1.2929426 ]
[-0.4702874   0.7295668   0.3215511   0.9369036   1.6299217   0.21313748
 -0.84185076 -0.39516473 -0.20675656 -1.7247641   0.8087219  -0.47582468
 -0.4645471   0.7501321  -2.1138277   1.2929426 ]
[-0.51437634  0.7509794   0.36180615  0.932174    1.5978544   0.26618022
 -0.8879221  -0.3792549  -0.19018874 -1.7185345   0.78650063 -0.4087585
 -0.47831494  0.73205173 -2.1073265   1.2451115 ]
[-0.51437634  0.7509794   0.36180615  0.932174    1.5978544   0.26618022
 -0.8879221  -0.3792549  -0.19018874 -1.7185345   0.78650063 -0.4087585
 -0.47831494  0.73205173 -2.1073265   1.2451115 ]
[-0.51437634  0.7509794   0.36180615  0.932174    1.5978544   0.26618022
 -0.8879221  -0.3792549  -0.19018874 -1.7185345   0.78650063 -0.4087585
 -0.47831494  0.73205173 -2.1073265   1.2451115 ]
[-0.51437634  0.7509794   0.36180615  0.932174    1.5978544   0.26618022
 -0.8879221  -0.3792549  -0.19018874 -1.7185345   0.78650063 -0.4087585
 -0.47831494  0.73205173 -2.1073265   1.2451115 ]
[-0.52471554  0.76080245  0.33343893  0.94465125  1.5766294   0.26755223
 -0.8900406  -0.3508098  -0.17979297 -1.6850097   0.7596796  -0.3871707
 -0.5274709   0.7454241  -2.1205034   1.266969  ]
[-0.52471554  0.76080245  0.33343893  0.94465125  1.5766294   0.26755223
 -0.8900406  -0.3508098  -0.17979297 -1.6850097   0.7596796  -0.3871707
 -0.5274709   0.7454241  -2.1205034   1.266969  ]
[-0.52471554  0.76080245  0.33343893  0.94465125  1.5766294   0.26755223
 -0.8900406  -0.3508098  -0.17979297 -1.6850097   0.7596796  -0.3871707
 -0.5274709   0.7454241  -2.1205034   1.266969  ]
[-0.52471554  0.76080245  0.33343893  0.94465125  1.5766294   0.26755223
 -0.8900406  -0.3508098  -0.17979297 -1.6850097   0.7596796  -0.3871707
 -0.5274709   0.7454241  -2.1205034   1.266969  ]
[-0.52471554  0.76080245  0.33343893  0.94465125  1.5766294   0.26755223
 -0.8900406  -0.3508098  -0.17979297 -1.6850097   0.7596796  -0.3871707
 -0.5274709   0.7454241  -2.1205034   1.266969  ]
[-0.56892675  0.7408012   0.34782594  0.9310854   1.6260706   0.26904565
 -0.9170289  -0.32686296 -0.12934645 -1.6885903   0.7469444  -0.38831562
 -0.52186996  0.70902836 -2.1021595   1.2618742 ]
[-0.56892675  0.7408012   0.34782594  0.9310854   1.6260706   0.26904565
 -0.9170289  -0.32686296 -0.12934645 -1.6885903   0.7469444  -0.38831562
 -0.52186996  0.70902836 -2.1021595   1.2618742 ]
[-0.56892675  0.7408012   0.34782594  0.9310854   1.6260706   0.26904565
 -0.9170289  -0.32686296 -0.12934645 -1.6885903   0.7469444  -0.38831562
 -0.52186996  0.70902836 -2.1021595   1.2618742 ]
[-0.56892675  0.7408012   0.34782594  0.9310854   1.6260706   0.26904565
 -0.9170289  -0.32686296 -0.12934645 -1.6885903   0.7469444  -0.38831562
 -0.52186996  0.70902836 -2.1021595   1.2618742 ]
[-0.56892675  0.7408012   0.34782594  0.9310854   1.6260706   0.26904565
 -0.9170289  -0.32686296 -0.12934645 -1.6885903   0.7469444  -0.38831562
 -0.52186996  0.70902836 -2.1021595   1.2618742 ]
[-0.539307    0.75070864  0.32434356  0.9247774   1.6179774   0.2362841
 -0.859207   -0.34491193 -0.14133915 -1.6926453   0.77703726 -0.44198567
 -0.5292538   0.7399496  -2.1275194   1.2957013 ]
[-0.539307    0.75070864  0.32434356  0.9247774   1.6179774   0.2362841
 -0.859207   -0.34491193 -0.14133915 -1.6926453   0.77703726 -0.44198567
 -0.5292538   0.7399496  -2.1275194   1.2957013 ]
[-0.539307    0.75070864  0.32434356  0.9247774   1.6179774   0.2362841
 -0.859207   -0.34491193 -0.14133915 -1.6926453   0.77703726 -0.44198567
 -0.5292538   0.7399496  -2.1275194   1.2957013 ]
[-0.539307    0.75070864  0.32434356  0.9247774   1.6179774   0.2362841
 -0.859207   -0.34491193 -0.14133915 -1.6926453   0.77703726 -0.44198567
 -0.5292538   0.7399496  -2.1275194   1.2957013 ]
[-0.539307    0.75070864  0.32434356  0.9247774   1.6179774   0.2362841
 -0.859207   -0.34491193 -0.14133915 -1.6926453   0.77703726 -0.44198567
 -0.5292538   0.7399496  -2.1275194   1.2957013 ]
[-0.460533    0.7729195   0.3163244   0.8826105   1.6409156   0.2042331
 -0.8584396  -0.3979153  -0.19878389 -1.7346516   0.8427595  -0.49360514
 -0.49702173  0.7070404  -2.079876    1.3463125 ]
[-0.460533    0.7729195   0.3163244   0.8826105   1.6409156   0.2042331
 -0.8584396  -0.3979153  -0.19878389 -1.7346516   0.8427595  -0.49360514
 -0.49702173  0.7070404  -2.079876    1.3463125 ]
[-0.460533    0.7729195   0.3163244   0.8826105   1.6409156   0.2042331
 -0.8584396  -0.3979153  -0.19878389 -1.7346516   0.8427595  -0.49360514
 -0.49702173  0.7070404  -2.079876    1.3463125 ]
[-0.460533    0.7729195   0.3163244   0.8826105   1.6409156   0.2042331
 -0.8584396  -0.3979153  -0.19878389 -1.7346516   0.8427595  -0.49360514
 -0.49702173  0.7070404  -2.079876    1.3463125 ]
[-0.460533    0.7729195   0.3163244   0.8826105   1.6409156   0.2042331
 -0.8584396  -0.3979153  -0.19878389 -1.7346516   0.8427595  -0.49360514
 -0.49702173  0.7070404  -2.079876    1.3463125 ]
[-0.49329743  0.7510344   0.3311109   0.92337435  1.6159945   0.22315791
 -0.8617632  -0.38676614 -0.1959287  -1.7345822   0.80965585 -0.464747
 -0.4673387   0.73847115 -2.0975103   1.299434  ]
[-0.49329743  0.7510344   0.3311109   0.92337435  1.6159945   0.22315791
 -0.8617632  -0.38676614 -0.1959287  -1.7345822   0.80965585 -0.464747
 -0.4673387   0.73847115 -2.0975103   1.299434  ]
[-0.49329743  0.7510344   0.3311109   0.92337435  1.6159945   0.22315791
 -0.8617632  -0.38676614 -0.1959287  -1.7345822   0.80965585 -0.464747
 -0.4673387   0.73847115 -2.0975103   1.299434  ]
[-0.49329743  0.7510344   0.3311109   0.92337435  1.6159945   0.22315791
 -0.8617632  -0.38676614 -0.1959287  -1.7345822   0.80965585 -0.464747
 -0.4673387   0.73847115 -2.0975103   1.299434  ]
[-0.49329743  0.7510344   0.3311109   0.92337435  1.6159945   0.22315791
 -0.8617632  -0.38676614 -0.1959287  -1.7345822   0.80965585 -0.464747
 -0.4673387   0.73847115 -2.0975103   1.299434  ]
[-0.5122126   0.7590434   0.3519563   0.9246799   1.5995226   0.26298317
 -0.8791782  -0.39117575 -0.20090921 -1.730231    0.79861104 -0.4219152
 -0.4622027   0.7367228  -2.0996807   1.2523677 ]
[-0.5122126   0.7590434   0.3519563   0.9246799   1.5995226   0.26298317
 -0.8791782  -0.39117575 -0.20090921 -1.730231    0.79861104 -0.4219152
 -0.4622027   0.7367228  -2.0996807   1.2523677 ]
[-0.5122126   0.7590434   0.3519563   0.9246799   1.5995226   0.26298317
 -0.8791782  -0.39117575 -0.20090921 -1.730231    0.79861104 -0.4219152
 -0.4622027   0.7367228  -2.0996807   1.2523677 ]
[-0.5122126   0.7590434   0.3519563   0.9246799   1.5995226   0.26298317
 -0.8791782  -0.39117575 -0.20090921 -1.730231    0.79861104 -0.4219152
 -0.4622027   0.7367228  -2.0996807   1.2523677 ]
[-0.47706127  0.78108996  0.33239388  0.91948974  1.5761006   0.2581265
 -0.85717106 -0.39372724 -0.22063503 -1.7035223   0.79208183 -0.4219783
 -0.5194588   0.75677663 -2.1145475   1.2822195 ]
[-0.47706127  0.78108996  0.33239388  0.91948974  1.5761006   0.2581265
 -0.85717106 -0.39372724 -0.22063503 -1.7035223   0.79208183 -0.4219783
 -0.5194588   0.75677663 -2.1145475   1.2822195 ]
[-0.47706127  0.78108996  0.33239388  0.91948974  1.5761006   0.2581265
 -0.85717106 -0.39372724 -0.22063503 -1.7035223   0.79208183 -0.4219783
 -0.5194588   0.75677663 -2.1145475   1.2822195 ]
[-0.47706127  0.78108996  0.33239388  0.91948974  1.5761006   0.2581265
 -0.85717106 -0.39372724 -0.22063503 -1.7035223   0.79208183 -0.4219783
 -0.5194588   0.75677663 -2.1145475   1.2822195 ]
[-0.47706127  0.78108996  0.33239388  0.91948974  1.5761006   0.2581265
 -0.85717106 -0.39372724 -0.22063503 -1.7035223   0.79208183 -0.4219783
 -0.5194588   0.75677663 -2.1145475   1.2822195 ]
[-0.5747942   0.7530207   0.35654753  0.9196291   1.6162128   0.2792644
 -0.91683066 -0.3346169  -0.13120389 -1.6925519   0.7548604  -0.38256216
 -0.52490914  0.7084855  -2.0954063   1.2540802 ]
[-0.5747942   0.7530207   0.35654753  0.9196291   1.6162128   0.2792644
 -0.91683066 -0.3346169  -0.13120389 -1.6925519   0.7548604  -0.38256216
 -0.52490914  0.7084855  -2.0954063   1.2540802 ]
[-0.5747942   0.7530207   0.35654753  0.9196291   1.6162128   0.2792644
 -0.91683066 -0.3346169  -0.13120389 -1.6925519   0.7548604  -0.38256216
 -0.52490914  0.7084855  -2.0954063   1.2540802 ]
[-0.5747942   0.7530207   0.35654753  0.9196291   1.6162128   0.2792644
 -0.91683066 -0.3346169  -0.13120389 -1.6925519   0.7548604  -0.38256216
 -0.52490914  0.7084855  -2.0954063   1.2540802 ]
[-0.5747942   0.7530207   0.35654753  0.9196291   1.6162128   0.2792644
 -0.91683066 -0.3346169  -0.13120389 -1.6925519   0.7548604  -0.38256216
 -0.52490914  0.7084855  -2.0954063   1.2540802 ]
[-0.5593039   0.7753235   0.32945925  0.89586514  1.6143843   0.24795139
 -0.8895804  -0.34214956 -0.135377   -1.7039026   0.792869   -0.43595323
 -0.52986467  0.7169236  -2.0921135   1.3067201 ]
[-0.5593039   0.7753235   0.32945925  0.89586514  1.6143843   0.24795139
 -0.8895804  -0.34214956 -0.135377   -1.7039026   0.792869   -0.43595323
 -0.52986467  0.7169236  -2.0921135   1.3067201 ]
[-0.5593039   0.7753235   0.32945925  0.89586514  1.6143843   0.24795139
 -0.8895804  -0.34214956 -0.135377   -1.7039026   0.792869   -0.43595323
 -0.52986467  0.7169236  -2.0921135   1.3067201 ]
[-0.5593039   0.7753235   0.32945925  0.89586514  1.6143843   0.24795139
 -0.8895804  -0.34214956 -0.135377   -1.7039026   0.792869   -0.43595323
 -0.52986467  0.7169236  -2.0921135   1.3067201 ]
[-0.46470657  0.77213216  0.31012058  0.88420355  1.6368296   0.20146365
 -0.85605955 -0.39446753 -0.19991237 -1.737347    0.8411313  -0.4960977
 -0.4855011   0.71469986 -2.0824351   1.3483262 ]
[-0.46470657  0.77213216  0.31012058  0.88420355  1.6368296   0.20146365
 -0.85605955 -0.39446753 -0.19991237 -1.737347    0.8411313  -0.4960977
 -0.4855011   0.71469986 -2.0824351   1.3483262 ]
[-0.46470657  0.77213216  0.31012058  0.88420355  1.6368296   0.20146365
 -0.85605955 -0.39446753 -0.19991237 -1.737347    0.8411313  -0.4960977
 -0.4855011   0.71469986 -2.0824351   1.3483262 ]
[-0.46470657  0.77213216  0.31012058  0.88420355  1.6368296   0.20146365
 -0.85605955 -0.39446753 -0.19991237 -1.737347    0.8411313  -0.4960977
 -0.4855011   0.71469986 -2.0824351   1.3483262 ]
[-0.46470657  0.77213216  0.31012058  0.88420355  1.6368296   0.20146365
 -0.85605955 -0.39446753 -0.19991237 -1.737347    0.8411313  -0.4960977
 -0.4855011   0.71469986 -2.0824351   1.3483262 ]
[-0.48078305  0.73810947  0.3181197   0.9318838   1.6254818   0.21216574
 -0.84339935 -0.39426008 -0.20601758 -1.7322403   0.8146776  -0.47698188
 -0.46017352  0.75255466 -2.105492    1.296462  ]
[-0.48078305  0.73810947  0.3181197   0.9318838   1.6254818   0.21216574
 -0.84339935 -0.39426008 -0.20601758 -1.7322403   0.8146776  -0.47698188
 -0.46017352  0.75255466 -2.105492    1.296462  ]
[-0.48078305  0.73810947  0.3181197   0.9318838   1.6254818   0.21216574
 -0.84339935 -0.39426008 -0.20601758 -1.7322403   0.8146776  -0.47698188
 -0.46017352  0.75255466 -2.105492    1.296462  ]
[-0.48078305  0.73810947  0.3181197   0.9318838   1.6254818   0.21216574
 -0.84339935 -0.39426008 -0.20601758 -1.7322403   0.8146776  -0.47698188
 -0.46017352  0.75255466 -2.105492    1.296462  ]
[-0.48078305  0.73810947  0.3181197   0.9318838   1.6254818   0.21216574
 -0.84339935 -0.39426008 -0.20601758 -1.7322403   0.8146776  -0.47698188
 -0.46017352  0.75255466 -2.105492    1.296462  ]
[-0.51607716  0.75913703  0.3530249   0.9193209   1.5979927   0.2617547
 -0.8853062  -0.3844056  -0.19627908 -1.726443    0.8010977  -0.41575652
 -0.47335926  0.74175155 -2.0983589   1.250159  ]
[-0.51607716  0.75913703  0.3530249   0.9193209   1.5979927   0.2617547
 -0.8853062  -0.3844056  -0.19627908 -1.726443    0.8010977  -0.41575652
 -0.47335926  0.74175155 -2.0983589   1.250159  ]
[-0.51607716  0.75913703  0.3530249   0.9193209   1.5979927   0.2617547
 -0.8853062  -0.3844056  -0.19627908 -1.726443    0.8010977  -0.41575652
 -0.47335926  0.74175155 -2.0983589   1.250159  ]
[-0.51607716  0.75913703  0.3530249   0.9193209   1.5979927   0.2617547
 -0.8853062  -0.3844056  -0.19627908 -1.726443    0.8010977  -0.41575652
 -0.47335926  0.74175155 -2.0983589   1.250159  ]
[-0.51607716  0.75913703  0.3530249   0.9193209   1.5979927   0.2617547
 -0.8853062  -0.3844056  -0.19627908 -1.726443    0.8010977  -0.41575652
 -0.47335926  0.74175155 -2.0983589   1.250159  ]
[-0.54787683  0.75688565  0.35177362  0.9268049   1.595404    0.28343117
 -0.91432285 -0.34940693 -0.17053683 -1.6950197   0.76851976 -0.38320836
 -0.51326764  0.7282263  -2.09722     1.2485073 ]
[-0.54787683  0.75688565  0.35177362  0.9268049   1.595404    0.28343117
 -0.91432285 -0.34940693 -0.17053683 -1.6950197   0.76851976 -0.38320836
 -0.51326764  0.7282263  -2.09722     1.2485073 ]
[-0.54787683  0.75688565  0.35177362  0.9268049   1.595404    0.28343117
 -0.91432285 -0.34940693 -0.17053683 -1.6950197   0.76851976 -0.38320836
 -0.51326764  0.7282263  -2.09722     1.2485073 ]
[-0.54787683  0.75688565  0.35177362  0.9268049   1.595404    0.28343117
 -0.91432285 -0.34940693 -0.17053683 -1.6950197   0.76851976 -0.38320836
 -0.51326764  0.7282263  -2.09722     1.2485073 ]
[-0.566646    0.7347554   0.34899804  0.9427171   1.6100041   0.268205
 -0.89148676 -0.32536787 -0.13017316 -1.681434    0.7333156  -0.3865649
 -0.5234426   0.72913045 -2.1234334   1.2505038 ]
[-0.566646    0.7347554   0.34899804  0.9427171   1.6100041   0.268205
 -0.89148676 -0.32536787 -0.13017316 -1.681434    0.7333156  -0.3865649
 -0.5234426   0.72913045 -2.1234334   1.2505038 ]
[-0.566646    0.7347554   0.34899804  0.9427171   1.6100041   0.268205
 -0.89148676 -0.32536787 -0.13017316 -1.681434    0.7333156  -0.3865649
 -0.5234426   0.72913045 -2.1234334   1.2505038 ]
[-0.566646    0.7347554   0.34899804  0.9427171   1.6100041   0.268205
 -0.89148676 -0.32536787 -0.13017316 -1.681434    0.7333156  -0.3865649
 -0.5234426   0.72913045 -2.1234334   1.2505038 ]
[-0.566646    0.7347554   0.34899804  0.9427171   1.6100041   0.268205
 -0.89148676 -0.32536787 -0.13017316 -1.681434    0.7333156  -0.3865649
 -0.5234426   0.72913045 -2.1234334   1.2505038 ]
[-0.5554844   0.7748911   0.32875273  0.892969    1.6129249   0.24459508
 -0.8875038  -0.33645868 -0.12739536 -1.7003477   0.7928292  -0.43574318
 -0.53681165  0.71421134 -2.0988822   1.3086964 ]
[-0.5554844   0.7748911   0.32875273  0.892969    1.6129249   0.24459508
 -0.8875038  -0.33645868 -0.12739536 -1.7003477   0.7928292  -0.43574318
 -0.53681165  0.71421134 -2.0988822   1.3086964 ]
[-0.5554844   0.7748911   0.32875273  0.892969    1.6129249   0.24459508
 -0.8875038  -0.33645868 -0.12739536 -1.7003477   0.7928292  -0.43574318
 -0.53681165  0.71421134 -2.0988822   1.3086964 ]
[-0.5554844   0.7748911   0.32875273  0.892969    1.6129249   0.24459508
 -0.8875038  -0.33645868 -0.12739536 -1.7003477   0.7928292  -0.43574318
 -0.53681165  0.71421134 -2.0988822   1.3086964 ]
[-0.5554844   0.7748911   0.32875273  0.892969    1.6129249   0.24459508
 -0.8875038  -0.33645868 -0.12739536 -1.7003477   0.7928292  -0.43574318
 -0.53681165  0.71421134 -2.0988822   1.3086964 ]
[-0.45962256  0.7705548   0.30846366  0.88338184  1.6369467   0.19886254
 -0.8545672  -0.3890748  -0.19109237 -1.7335466   0.84153175 -0.49705344
 -0.4931899   0.71241033 -2.0902085   1.3485193 ]
[-0.45962256  0.7705548   0.30846366  0.88338184  1.6369467   0.19886254
 -0.8545672  -0.3890748  -0.19109237 -1.7335466   0.84153175 -0.49705344
 -0.4931899   0.71241033 -2.0902085   1.3485193 ]
[-0.45962256  0.7705548   0.30846366  0.88338184  1.6369467   0.19886254
 -0.8545672  -0.3890748  -0.19109237 -1.7335466   0.84153175 -0.49705344
 -0.4931899   0.71241033 -2.0902085   1.3485193 ]
[-0.45962256  0.7705548   0.30846366  0.88338184  1.6369467   0.19886254
 -0.8545672  -0.3890748  -0.19109237 -1.7335466   0.84153175 -0.49705344
 -0.4931899   0.71241033 -2.0902085   1.3485193 ]
[-0.45962256  0.7705548   0.30846366  0.88338184  1.6369467   0.19886254
 -0.8545672  -0.3890748  -0.19109237 -1.7335466   0.84153175 -0.49705344
 -0.4931899   0.71241033 -2.0902085   1.3485193 ]
[-0.47520906  0.736396    0.32074508  0.93247044  1.6246929   0.21089935
 -0.8431386  -0.39152065 -0.19950627 -1.7289774   0.81333524 -0.47514135
 -0.4657422   0.7497193  -2.1145146   1.2954241 ]
[-0.47520906  0.736396    0.32074508  0.93247044  1.6246929   0.21089935
 -0.8431386  -0.39152065 -0.19950627 -1.7289774   0.81333524 -0.47514135
 -0.4657422   0.7497193  -2.1145146   1.2954241 ]
[-0.47520906  0.736396    0.32074508  0.93247044  1.6246929   0.21089935
 -0.8431386  -0.39152065 -0.19950627 -1.7289774   0.81333524 -0.47514135
 -0.4657422   0.7497193  -2.1145146   1.2954241 ]
[-0.47520906  0.736396    0.32074508  0.93247044  1.6246929   0.21089935
 -0.8431386  -0.39152065 -0.19950627 -1.7289774   0.81333524 -0.47514135
 -0.4657422   0.7497193  -2.1145146   1.2954241 ]
[-0.51773655  0.75978005  0.36260003  0.92349434  1.5900748   0.26530683
 -0.8857951  -0.3784674  -0.18344614 -1.7244914   0.7945638  -0.40813294
 -0.47777128  0.7353735  -2.1103148   1.2427645 ]
[-0.51773655  0.75978005  0.36260003  0.92349434  1.5900748   0.26530683
 -0.8857951  -0.3784674  -0.18344614 -1.7244914   0.7945638  -0.40813294
 -0.47777128  0.7353735  -2.1103148   1.2427645 ]
[-0.51773655  0.75978005  0.36260003  0.92349434  1.5900748   0.26530683
 -0.8857951  -0.3784674  -0.18344614 -1.7244914   0.7945638  -0.40813294
 -0.47777128  0.7353735  -2.1103148   1.2427645 ]
[-0.51773655  0.75978005  0.36260003  0.92349434  1.5900748   0.26530683
 -0.8857951  -0.3784674  -0.18344614 -1.7244914   0.7945638  -0.40813294
 -0.47777128  0.7353735  -2.1103148   1.2427645 ]
[-0.52534735  0.7665492   0.34912473  0.9272952   1.5777297   0.27353325
 -0.8945979  -0.3563493  -0.1762645  -1.6938305   0.77179563 -0.3871736
 -0.52337706  0.7377758  -2.116275    1.2583762 ]
[-0.52534735  0.7665492   0.34912473  0.9272952   1.5777297   0.27353325
 -0.8945979  -0.3563493  -0.1762645  -1.6938305   0.77179563 -0.3871736
 -0.52337706  0.7377758  -2.116275    1.2583762 ]
[-0.52534735  0.7665492   0.34912473  0.9272952   1.5777297   0.27353325
 -0.8945979  -0.3563493  -0.1762645  -1.6938305   0.77179563 -0.3871736
 -0.52337706  0.7377758  -2.116275    1.2583762 ]
[-0.52534735  0.7665492   0.34912473  0.9272952   1.5777297   0.27353325
 -0.8945979  -0.3563493  -0.1762645  -1.6938305   0.77179563 -0.3871736
 -0.52337706  0.7377758  -2.116275    1.2583762 ]
[-0.56668746  0.74116814  0.3568526   0.9304882   1.6171242   0.27604133
 -0.9099716  -0.32860518 -0.12688611 -1.6872532   0.73982584 -0.3812041
 -0.5233349   0.71245813 -2.1124756   1.2515337 ]
[-0.56668746  0.74116814  0.3568526   0.9304882   1.6171242   0.27604133
 -0.9099716  -0.32860518 -0.12688611 -1.6872532   0.73982584 -0.3812041
 -0.5233349   0.71245813 -2.1124756   1.2515337 ]
[-0.56668746  0.74116814  0.3568526   0.9304882   1.6171242   0.27604133
 -0.9099716  -0.32860518 -0.12688611 -1.6872532   0.73982584 -0.3812041
 -0.5233349   0.71245813 -2.1124756   1.2515337 ]
[-0.56668746  0.74116814  0.3568526   0.9304882   1.6171242   0.27604133
 -0.9099716  -0.32860518 -0.12688611 -1.6872532   0.73982584 -0.3812041
 -0.5233349   0.71245813 -2.1124756   1.2515337 ]
[-0.56668746  0.74116814  0.3568526   0.9304882   1.6171242   0.27604133
 -0.9099716  -0.32860518 -0.12688611 -1.6872532   0.73982584 -0.3812041
 -0.5233349   0.71245813 -2.1124756   1.2515337 ]
[-0.54306215  0.7624135   0.33004206  0.9101881   1.6070906   0.24186786
 -0.8675356  -0.34103268 -0.13383462 -1.696347    0.7763368  -0.43846783
 -0.53093314  0.73397124 -2.1217508   1.3019841 ]
[-0.54306215  0.7624135   0.33004206  0.9101881   1.6070906   0.24186786
 -0.8675356  -0.34103268 -0.13383462 -1.696347    0.7763368  -0.43846783
 -0.53093314  0.73397124 -2.1217508   1.3019841 ]
[-0.54306215  0.7624135   0.33004206  0.9101881   1.6070906   0.24186786
 -0.8675356  -0.34103268 -0.13383462 -1.696347    0.7763368  -0.43846783
 -0.53093314  0.73397124 -2.1217508   1.3019841 ]
[-0.54306215  0.7624135   0.33004206  0.9101881   1.6070906   0.24186786
 -0.8675356  -0.34103268 -0.13383462 -1.696347    0.7763368  -0.43846783
 -0.53093314  0.73397124 -2.1217508   1.3019841 ]
[-0.4521664   0.77024746  0.316568    0.8827468   1.6353302   0.20215555
 -0.85556966 -0.39446726 -0.1905064  -1.7311589   0.83827573 -0.49439806
 -0.49856248  0.7080449  -2.0926437   1.3483486 ]
[-0.4521664   0.77024746  0.316568    0.8827468   1.6353302   0.20215555
 -0.85556966 -0.39446726 -0.1905064  -1.7311589   0.83827573 -0.49439806
 -0.49856248  0.7080449  -2.0926437   1.3483486 ]
[-0.4521664   0.77024746  0.316568    0.8827468   1.6353302   0.20215555
 -0.85556966 -0.39446726 -0.1905064  -1.7311589   0.83827573 -0.49439806
 -0.49856248  0.7080449  -2.0926437   1.3483486 ]
[-0.4521664   0.77024746  0.316568    0.8827468   1.6353302   0.20215555
 -0.85556966 -0.39446726 -0.1905064  -1.7311589   0.83827573 -0.49439806
 -0.49856248  0.7080449  -2.0926437   1.3483486 ]
[-0.4521664   0.77024746  0.316568    0.8827468   1.6353302   0.20215555
 -0.85556966 -0.39446726 -0.1905064  -1.7311589   0.83827573 -0.49439806
 -0.49856248  0.7080449  -2.0926437   1.3483486 ]
[-0.47611958  0.74539953  0.3306406   0.9376003   1.6077763   0.21969783
 -0.8433668  -0.38715687 -0.18711333 -1.7259315   0.8056358  -0.452453
 -0.47998244  0.7385747  -2.126964    1.2831571 ]
[-0.47611958  0.74539953  0.3306406   0.9376003   1.6077763   0.21969783
 -0.8433668  -0.38715687 -0.18711333 -1.7259315   0.8056358  -0.452453
 -0.47998244  0.7385747  -2.126964    1.2831571 ]
[-0.47611958  0.74539953  0.3306406   0.9376003   1.6077763   0.21969783
 -0.8433668  -0.38715687 -0.18711333 -1.7259315   0.8056358  -0.452453
 -0.47998244  0.7385747  -2.126964    1.2831571 ]
[-0.47611958  0.74539953  0.3306406   0.9376003   1.6077763   0.21969783
 -0.8433668  -0.38715687 -0.18711333 -1.7259315   0.8056358  -0.452453
 -0.47998244  0.7385747  -2.126964    1.2831571 ]
[-0.5148911   0.753056    0.35658577  0.93096864  1.5988227   0.26810545
 -0.886279   -0.38519824 -0.19537434 -1.7227259   0.7882325  -0.40961447
 -0.4703579   0.73563576 -2.10405     1.2451845 ]
[-0.5148911   0.753056    0.35658577  0.93096864  1.5988227   0.26810545
 -0.886279   -0.38519824 -0.19537434 -1.7227259   0.7882325  -0.40961447
 -0.4703579   0.73563576 -2.10405     1.2451845 ]
[-0.5148911   0.753056    0.35658577  0.93096864  1.5988227   0.26810545
 -0.886279   -0.38519824 -0.19537434 -1.7227259   0.7882325  -0.40961447
 -0.4703579   0.73563576 -2.10405     1.2451845 ]
[-0.5148911   0.753056    0.35658577  0.93096864  1.5988227   0.26810545
 -0.886279   -0.38519824 -0.19537434 -1.7227259   0.7882325  -0.40961447
 -0.4703579   0.73563576 -2.10405     1.2451845 ]
[-0.5148911   0.753056    0.35658577  0.93096864  1.5988227   0.26810545
 -0.886279   -0.38519824 -0.19537434 -1.7227259   0.7882325  -0.40961447
 -0.4703579   0.73563576 -2.10405     1.2451845 ]
[-0.5042795   0.7684316   0.33787724  0.9335206   1.5760952   0.26766288
 -0.88234884 -0.3666256  -0.19952953 -1.6941376   0.7688926  -0.39482638
 -0.52305186  0.7454537  -2.1157598   1.272413  ]
[-0.5042795   0.7684316   0.33787724  0.9335206   1.5760952   0.26766288
 -0.88234884 -0.3666256  -0.19952953 -1.6941376   0.7688926  -0.39482638
 -0.52305186  0.7454537  -2.1157598   1.272413  ]
[-0.5042795   0.7684316   0.33787724  0.9335206   1.5760952   0.26766288
 -0.88234884 -0.3666256  -0.19952953 -1.6941376   0.7688926  -0.39482638
 -0.52305186  0.7454537  -2.1157598   1.272413  ]
[-0.5042795   0.7684316   0.33787724  0.9335206   1.5760952   0.26766288
 -0.88234884 -0.3666256  -0.19952953 -1.6941376   0.7688926  -0.39482638
 -0.52305186  0.7454537  -2.1157598   1.272413  ]
[-0.55936444  0.72980416  0.3503254   0.9465025   1.6232765   0.27629095
 -0.8982645  -0.33763632 -0.14048241 -1.6796353   0.7271785  -0.38067028
 -0.52174103  0.7251725  -2.116653    1.2449956 ]
[-0.55936444  0.72980416  0.3503254   0.9465025   1.6232765   0.27629095
 -0.8982645  -0.33763632 -0.14048241 -1.6796353   0.7271785  -0.38067028
 -0.52174103  0.7251725  -2.116653    1.2449956 ]
[-0.55936444  0.72980416  0.3503254   0.9465025   1.6232765   0.27629095
 -0.8982645  -0.33763632 -0.14048241 -1.6796353   0.7271785  -0.38067028
 -0.52174103  0.7251725  -2.116653    1.2449956 ]
[-0.55936444  0.72980416  0.3503254   0.9465025   1.6232765   0.27629095
 -0.8982645  -0.33763632 -0.14048241 -1.6796353   0.7271785  -0.38067028
 -0.52174103  0.7251725  -2.116653    1.2449956 ]
[-0.55936444  0.72980416  0.3503254   0.9465025   1.6232765   0.27629095
 -0.8982645  -0.33763632 -0.14048241 -1.6796353   0.7271785  -0.38067028
 -0.52174103  0.7251725  -2.116653    1.2449956 ]
[-0.54520094  0.76612025  0.3319642   0.89573365  1.6261861   0.25203553
 -0.8911146  -0.34861982 -0.14190242 -1.6986027   0.7846806  -0.43024954
 -0.531       0.7153245  -2.0957947   1.3015288 ]
[-0.54520094  0.76612025  0.3319642   0.89573365  1.6261861   0.25203553
 -0.8911146  -0.34861982 -0.14190242 -1.6986027   0.7846806  -0.43024954
 -0.531       0.7153245  -2.0957947   1.3015288 ]
[-0.54520094  0.76612025  0.3319642   0.89573365  1.6261861   0.25203553
 -0.8911146  -0.34861982 -0.14190242 -1.6986027   0.7846806  -0.43024954
 -0.531       0.7153245  -2.0957947   1.3015288 ]
[-0.54520094  0.76612025  0.3319642   0.89573365  1.6261861   0.25203553
 -0.8911146  -0.34861982 -0.14190242 -1.6986027   0.7846806  -0.43024954
 -0.531       0.7153245  -2.0957947   1.3015288 ]
[-0.54520094  0.76612025  0.3319642   0.89573365  1.6261861   0.25203553
 -0.8911146  -0.34861982 -0.14190242 -1.6986027   0.7846806  -0.43024954
 -0.531       0.7153245  -2.0957947   1.3015288 ]
[-0.44956174  0.7618977   0.31064415  0.8819335   1.6536953   0.20337418
 -0.8547373  -0.40143332 -0.2101756  -1.7323406   0.8323984  -0.49723834
 -0.47899467  0.70729935 -2.0827923   1.3484882 ]
[-0.44956174  0.7618977   0.31064415  0.8819335   1.6536953   0.20337418
 -0.8547373  -0.40143332 -0.2101756  -1.7323406   0.8323984  -0.49723834
 -0.47899467  0.70729935 -2.0827923   1.3484882 ]
[-0.44956174  0.7618977   0.31064415  0.8819335   1.6536953   0.20337418
 -0.8547373  -0.40143332 -0.2101756  -1.7323406   0.8323984  -0.49723834
 -0.47899467  0.70729935 -2.0827923   1.3484882 ]
[-0.44956174  0.7618977   0.31064415  0.8819335   1.6536953   0.20337418
 -0.8547373  -0.40143332 -0.2101756  -1.7323406   0.8323984  -0.49723834
 -0.47899467  0.70729935 -2.0827923   1.3484882 ]
[-0.46788406  0.7283639   0.3168597   0.930706    1.6402113   0.21292135
 -0.8386571  -0.39922348 -0.2171133  -1.7266958   0.80399495 -0.47876588
 -0.45076504  0.7485173  -2.1089115   1.2966417 ]
[-0.46788406  0.7283639   0.3168597   0.930706    1.6402113   0.21292135
 -0.8386571  -0.39922348 -0.2171133  -1.7266958   0.80399495 -0.47876588
 -0.45076504  0.7485173  -2.1089115   1.2966417 ]
[-0.46788406  0.7283639   0.3168597   0.930706    1.6402113   0.21292135
 -0.8386571  -0.39922348 -0.2171133  -1.7266958   0.80399495 -0.47876588
 -0.45076504  0.7485173  -2.1089115   1.2966417 ]
[-0.46788406  0.7283639   0.3168597   0.930706    1.6402113   0.21292135
 -0.8386571  -0.39922348 -0.2171133  -1.7266958   0.80399495 -0.47876588
 -0.45076504  0.7485173  -2.1089115   1.2966417 ]
[-0.46788406  0.7283639   0.3168597   0.930706    1.6402113   0.21292135
 -0.8386571  -0.39922348 -0.2171133  -1.7266958   0.80399495 -0.47876588
 -0.45076504  0.7485173  -2.1089115   1.2966417 ]
[-0.49754864  0.7495276   0.34748206  0.92218244  1.6117529   0.25840217
 -0.8786458  -0.39011928 -0.21154487 -1.7239872   0.78796256 -0.42408165
 -0.46078068  0.73830783 -2.099744    1.2596792 ]
[-0.49754864  0.7495276   0.34748206  0.92218244  1.6117529   0.25840217
 -0.8786458  -0.39011928 -0.21154487 -1.7239872   0.78796256 -0.42408165
 -0.46078068  0.73830783 -2.099744    1.2596792 ]
[-0.49754864  0.7495276   0.34748206  0.92218244  1.6117529   0.25840217
 -0.8786458  -0.39011928 -0.21154487 -1.7239872   0.78796256 -0.42408165
 -0.46078068  0.73830783 -2.099744    1.2596792 ]
[-0.49754864  0.7495276   0.34748206  0.92218244  1.6117529   0.25840217
 -0.8786458  -0.39011928 -0.21154487 -1.7239872   0.78796256 -0.42408165
 -0.46078068  0.73830783 -2.099744    1.2596792 ]
[-0.4923235   0.7744174   0.33336455  0.92170584  1.5779516   0.2563387
 -0.8798149  -0.36463195 -0.21130736 -1.7010273   0.77189076 -0.40446553
 -0.5139592   0.74213123 -2.1108432   1.2911503 ]
[-0.4923235   0.7744174   0.33336455  0.92170584  1.5779516   0.2563387
 -0.8798149  -0.36463195 -0.21130736 -1.7010273   0.77189076 -0.40446553
 -0.5139592   0.74213123 -2.1108432   1.2911503 ]
[-0.4923235   0.7744174   0.33336455  0.92170584  1.5779516   0.2563387
 -0.8798149  -0.36463195 -0.21130736 -1.7010273   0.77189076 -0.40446553
 -0.5139592   0.74213123 -2.1108432   1.2911503 ]
[-0.4923235   0.7744174   0.33336455  0.92170584  1.5779516   0.2563387
 -0.8798149  -0.36463195 -0.21130736 -1.7010273   0.77189076 -0.40446553
 -0.5139592   0.74213123 -2.1108432   1.2911503 ]
[-0.57888246  0.7170397   0.34172344  0.94085133  1.6437874   0.2680262
 -0.9269074  -0.3221309  -0.14909011 -1.693482    0.7357377  -0.3852218
 -0.474562    0.71347296 -2.0917575   1.2504561 ]
[-0.57888246  0.7170397   0.34172344  0.94085133  1.6437874   0.2680262
 -0.9269074  -0.3221309  -0.14909011 -1.693482    0.7357377  -0.3852218
 -0.474562    0.71347296 -2.0917575   1.2504561 ]
[-0.57888246  0.7170397   0.34172344  0.94085133  1.6437874   0.2680262
 -0.9269074  -0.3221309  -0.14909011 -1.693482    0.7357377  -0.3852218
 -0.474562    0.71347296 -2.0917575   1.2504561 ]
[-0.57888246  0.7170397   0.34172344  0.94085133  1.6437874   0.2680262
 -0.9269074  -0.3221309  -0.14909011 -1.693482    0.7357377  -0.3852218
 -0.474562    0.71347296 -2.0917575   1.2504561 ]
[-0.57888246  0.7170397   0.34172344  0.94085133  1.6437874   0.2680262
 -0.9269074  -0.3221309  -0.14909011 -1.693482    0.7357377  -0.3852218
 -0.474562    0.71347296 -2.0917575   1.2504561 ]
[-0.560506    0.72892714  0.31586635  0.9275899   1.6359313   0.23214123
 -0.87624913 -0.33656007 -0.15479514 -1.7005087   0.7674396  -0.44659638
 -0.474403    0.7454876  -2.108356    1.2951871 ]
[-0.560506    0.72892714  0.31586635  0.9275899   1.6359313   0.23214123
 -0.87624913 -0.33656007 -0.15479514 -1.7005087   0.7674396  -0.44659638
 -0.474403    0.7454876  -2.108356    1.2951871 ]
[-0.560506    0.72892714  0.31586635  0.9275899   1.6359313   0.23214123
 -0.87624913 -0.33656007 -0.15479514 -1.7005087   0.7674396  -0.44659638
 -0.474403    0.7454876  -2.108356    1.2951871 ]
[-0.560506    0.72892714  0.31586635  0.9275899   1.6359313   0.23214123
 -0.87624913 -0.33656007 -0.15479514 -1.7005087   0.7674396  -0.44659638
 -0.474403    0.7454876  -2.108356    1.2951871 ]
[-0.4595456   0.75526744  0.30118185  0.89648026  1.6492218   0.20117226
 -0.84735787 -0.4012658  -0.21050644 -1.7312534   0.82915515 -0.49945244
 -0.46981066  0.72259027 -2.0884025   1.3448659 ]
[-0.4595456   0.75526744  0.30118185  0.89648026  1.6492218   0.20117226
 -0.84735787 -0.4012658  -0.21050644 -1.7312534   0.82915515 -0.49945244
 -0.46981066  0.72259027 -2.0884025   1.3448659 ]
[-0.4595456   0.75526744  0.30118185  0.89648026  1.6492218   0.20117226
 -0.84735787 -0.4012658  -0.21050644 -1.7312534   0.82915515 -0.49945244
 -0.46981066  0.72259027 -2.0884025   1.3448659 ]
[-0.4595456   0.75526744  0.30118185  0.89648026  1.6492218   0.20117226
 -0.84735787 -0.4012658  -0.21050644 -1.7312534   0.82915515 -0.49945244
 -0.46981066  0.72259027 -2.0884025   1.3448659 ]
[-0.46508718  0.7242954   0.30669117  0.9354056   1.6464403   0.21043344
 -0.8261713  -0.41528654 -0.22339503 -1.7245178   0.816982   -0.49101633
 -0.4526558   0.7655963  -2.108274    1.2905632 ]
[-0.46508718  0.7242954   0.30669117  0.9354056   1.6464403   0.21043344
 -0.8261713  -0.41528654 -0.22339503 -1.7245178   0.816982   -0.49101633
 -0.4526558   0.7655963  -2.108274    1.2905632 ]
[-0.46508718  0.7242954   0.30669117  0.9354056   1.6464403   0.21043344
 -0.8261713  -0.41528654 -0.22339503 -1.7245178   0.816982   -0.49101633
 -0.4526558   0.7655963  -2.108274    1.2905632 ]
[-0.46508718  0.7242954   0.30669117  0.9354056   1.6464403   0.21043344
 -0.8261713  -0.41528654 -0.22339503 -1.7245178   0.816982   -0.49101633
 -0.4526558   0.7655963  -2.108274    1.2905632 ]
[-0.52034307  0.7515005   0.3524139   0.93807536  1.6060072   0.27460048
 -0.8927391  -0.3909843  -0.18577111 -1.7230211   0.7924598  -0.4034823
 -0.47133923  0.731526   -2.1014106   1.2301638 ]
[-0.52034307  0.7515005   0.3524139   0.93807536  1.6060072   0.27460048
 -0.8927391  -0.3909843  -0.18577111 -1.7230211   0.7924598  -0.4034823
 -0.47133923  0.731526   -2.1014106   1.2301638 ]
[-0.52034307  0.7515005   0.3524139   0.93807536  1.6060072   0.27460048
 -0.8927391  -0.3909843  -0.18577111 -1.7230211   0.7924598  -0.4034823
 -0.47133923  0.731526   -2.1014106   1.2301638 ]
[-0.52034307  0.7515005   0.3524139   0.93807536  1.6060072   0.27460048
 -0.8927391  -0.3909843  -0.18577111 -1.7230211   0.7924598  -0.4034823
 -0.47133923  0.731526   -2.1014106   1.2301638 ]
[-0.52034307  0.7515005   0.3524139   0.93807536  1.6060072   0.27460048
 -0.8927391  -0.3909843  -0.18577111 -1.7230211   0.7924598  -0.4034823
 -0.47133923  0.731526   -2.1014106   1.2301638 ]
[-0.52417314  0.77386415  0.33106565  0.93836766  1.5813214   0.27693355
 -0.89611703 -0.3708693  -0.1835979  -1.6997906   0.7807169  -0.39312425
 -0.5147834   0.74497163 -2.1072972   1.2517338 ]
[-0.52417314  0.77386415  0.33106565  0.93836766  1.5813214   0.27693355
 -0.89611703 -0.3708693  -0.1835979  -1.6997906   0.7807169  -0.39312425
 -0.5147834   0.74497163 -2.1072972   1.2517338 ]
[-0.52417314  0.77386415  0.33106565  0.93836766  1.5813214   0.27693355
 -0.89611703 -0.3708693  -0.1835979  -1.6997906   0.7807169  -0.39312425
 -0.5147834   0.74497163 -2.1072972   1.2517338 ]
[-0.52417314  0.77386415  0.33106565  0.93836766  1.5813214   0.27693355
 -0.89611703 -0.3708693  -0.1835979  -1.6997906   0.7807169  -0.39312425
 -0.5147834   0.74497163 -2.1072972   1.2517338 ]
[-0.52417314  0.77386415  0.33106565  0.93836766  1.5813214   0.27693355
 -0.89611703 -0.3708693  -0.1835979  -1.6997906   0.7807169  -0.39312425
 -0.5147834   0.74497163 -2.1072972   1.2517338 ]
[-0.5936313   0.7404362   0.34950534  0.9394434   1.6232998   0.29560375
 -0.92322415 -0.33704597 -0.12518947 -1.6896999   0.7547219  -0.37863612
 -0.51014876  0.7226202  -2.0997555   1.2196257 ]
[-0.5936313   0.7404362   0.34950534  0.9394434   1.6232998   0.29560375
 -0.92322415 -0.33704597 -0.12518947 -1.6896999   0.7547219  -0.37863612
 -0.51014876  0.7226202  -2.0997555   1.2196257 ]
[-0.5936313   0.7404362   0.34950534  0.9394434   1.6232998   0.29560375
 -0.92322415 -0.33704597 -0.12518947 -1.6896999   0.7547219  -0.37863612
 -0.51014876  0.7226202  -2.0997555   1.2196257 ]
[-0.5936313   0.7404362   0.34950534  0.9394434   1.6232998   0.29560375
 -0.92322415 -0.33704597 -0.12518947 -1.6896999   0.7547219  -0.37863612
 -0.51014876  0.7226202  -2.0997555   1.2196257 ]
[-0.554085    0.7506178   0.32538489  0.92709744  1.6161678   0.26502103
 -0.86385506 -0.34774786 -0.13621342 -1.6842779   0.7724525  -0.4187098
 -0.52978885  0.74260557 -2.1313481   1.2558591 ]
[-0.554085    0.7506178   0.32538489  0.92709744  1.6161678   0.26502103
 -0.86385506 -0.34774786 -0.13621342 -1.6842779   0.7724525  -0.4187098
 -0.52978885  0.74260557 -2.1313481   1.2558591 ]
[-0.554085    0.7506178   0.32538489  0.92709744  1.6161678   0.26502103
 -0.86385506 -0.34774786 -0.13621342 -1.6842779   0.7724525  -0.4187098
 -0.52978885  0.74260557 -2.1313481   1.2558591 ]
[-0.554085    0.7506178   0.32538489  0.92709744  1.6161678   0.26502103
 -0.86385506 -0.34774786 -0.13621342 -1.6842779   0.7724525  -0.4187098
 -0.52978885  0.74260557 -2.1313481   1.2558591 ]
[-0.45245972  0.76241726  0.32532397  0.9040388   1.6233375   0.20852764
 -0.8225786  -0.38692826 -0.1923224  -1.7159493   0.8142662  -0.4679789
 -0.5283042   0.723878   -2.1228874   1.3187153 ]
[-0.45245972  0.76241726  0.32532397  0.9040388   1.6233375   0.20852764
 -0.8225786  -0.38692826 -0.1923224  -1.7159493   0.8142662  -0.4679789
 -0.5283042   0.723878   -2.1228874   1.3187153 ]
[-0.45245972  0.76241726  0.32532397  0.9040388   1.6233375   0.20852764
 -0.8225786  -0.38692826 -0.1923224  -1.7159493   0.8142662  -0.4679789
 -0.5283042   0.723878   -2.1228874   1.3187153 ]
[-0.45245972  0.76241726  0.32532397  0.9040388   1.6233375   0.20852764
 -0.8225786  -0.38692826 -0.1923224  -1.7159493   0.8142662  -0.4679789
 -0.5283042   0.723878   -2.1228874   1.3187153 ]
[-0.5518106   0.7529734   0.33249384  0.93324566  1.5943416   0.26175877
 -0.86093366 -0.34152418 -0.13490474 -1.7012737   0.78342843 -0.40585908
 -0.529655    0.72793806 -2.125115    1.2534782 ]
[-0.5518106   0.7529734   0.33249384  0.93324566  1.5943416   0.26175877
 -0.86093366 -0.34152418 -0.13490474 -1.7012737   0.78342843 -0.40585908
 -0.529655    0.72793806 -2.125115    1.2534782 ]
[-0.5518106   0.7529734   0.33249384  0.93324566  1.5943416   0.26175877
 -0.86093366 -0.34152418 -0.13490474 -1.7012737   0.78342843 -0.40585908
 -0.529655    0.72793806 -2.125115    1.2534782 ]
[-0.5518106   0.7529734   0.33249384  0.93324566  1.5943416   0.26175877
 -0.86093366 -0.34152418 -0.13490474 -1.7012737   0.78342843 -0.40585908
 -0.529655    0.72793806 -2.125115    1.2534782 ]
[-0.49417248  0.76005065  0.34853348  0.9137085   1.600975    0.23799694
 -0.85169727 -0.37649733 -0.19281574 -1.7306076   0.7999826  -0.42735976
 -0.4692145   0.72281855 -2.114922    1.2618032 ]
[-0.49417248  0.76005065  0.34853348  0.9137085   1.600975    0.23799694
 -0.85169727 -0.37649733 -0.19281574 -1.7306076   0.7999826  -0.42735976
 -0.4692145   0.72281855 -2.114922    1.2618032 ]
[-0.49417248  0.76005065  0.34853348  0.9137085   1.600975    0.23799694
 -0.85169727 -0.37649733 -0.19281574 -1.7306076   0.7999826  -0.42735976
 -0.4692145   0.72281855 -2.114922    1.2618032 ]
[-0.49417248  0.76005065  0.34853348  0.9137085   1.600975    0.23799694
 -0.85169727 -0.37649733 -0.19281574 -1.7306076   0.7999826  -0.42735976
 -0.4692145   0.72281855 -2.114922    1.2618032 ]
[-0.49120688  0.7536933   0.3515726   0.8951665   1.6310508   0.24933624
 -0.8605895  -0.41342625 -0.24223009 -1.7264206   0.8258546  -0.43824753
 -0.45231542  0.7380721  -2.0791962   1.2468188 ]
[-0.49120688  0.7536933   0.3515726   0.8951665   1.6310508   0.24933624
 -0.8605895  -0.41342625 -0.24223009 -1.7264206   0.8258546  -0.43824753
 -0.45231542  0.7380721  -2.0791962   1.2468188 ]
[-0.49120688  0.7536933   0.3515726   0.8951665   1.6310508   0.24933624
 -0.8605895  -0.41342625 -0.24223009 -1.7264206   0.8258546  -0.43824753
 -0.45231542  0.7380721  -2.0791962   1.2468188 ]
[-0.49120688  0.7536933   0.3515726   0.8951665   1.6310508   0.24933624
 -0.8605895  -0.41342625 -0.24223009 -1.7264206   0.8258546  -0.43824753
 -0.45231542  0.7380721  -2.0791962   1.2468188 ]
[-0.58386815  0.76801413  0.37797225  0.89810675  1.6000555   0.3006761
 -0.9288351  -0.344893   -0.14184505 -1.7008718   0.7703546  -0.37278765
 -0.5077945   0.7055491  -2.0744128   1.2223803 ]
[-0.58386815  0.76801413  0.37797225  0.89810675  1.6000555   0.3006761
 -0.9288351  -0.344893   -0.14184505 -1.7008718   0.7703546  -0.37278765
 -0.5077945   0.7055491  -2.0744128   1.2223803 ]
[-0.58386815  0.76801413  0.37797225  0.89810675  1.6000555   0.3006761
 -0.9288351  -0.344893   -0.14184505 -1.7008718   0.7703546  -0.37278765
 -0.5077945   0.7055491  -2.0744128   1.2223803 ]
[-0.58386815  0.76801413  0.37797225  0.89810675  1.6000555   0.3006761
 -0.9288351  -0.344893   -0.14184505 -1.7008718   0.7703546  -0.37278765
 -0.5077945   0.7055491  -2.0744128   1.2223803 ]
[-0.55795527  0.797768    0.35266805  0.8620955   1.6055746   0.26960164
 -0.91217643 -0.35259444 -0.14444178 -1.712322    0.7980217  -0.42241198
 -0.52865237  0.7163769  -2.0719101   1.2912242 ]
[-0.55795527  0.797768    0.35266805  0.8620955   1.6055746   0.26960164
 -0.91217643 -0.35259444 -0.14444178 -1.712322    0.7980217  -0.42241198
 -0.52865237  0.7163769  -2.0719101   1.2912242 ]
[-0.55795527  0.797768    0.35266805  0.8620955   1.6055746   0.26960164
 -0.91217643 -0.35259444 -0.14444178 -1.712322    0.7980217  -0.42241198
 -0.52865237  0.7163769  -2.0719101   1.2912242 ]
[-0.55795527  0.797768    0.35266805  0.8620955   1.6055746   0.26960164
 -0.91217643 -0.35259444 -0.14444178 -1.712322    0.7980217  -0.42241198
 -0.52865237  0.7163769  -2.0719101   1.2912242 ]
[-0.55795527  0.797768    0.35266805  0.8620955   1.6055746   0.26960164
 -0.91217643 -0.35259444 -0.14444178 -1.712322    0.7980217  -0.42241198
 -0.52865237  0.7163769  -2.0719101   1.2912242 ]
[-0.4620666   0.80761874  0.3331381   0.85948247  1.6172979   0.20189968
 -0.85679024 -0.40164027 -0.20234254 -1.7476135   0.85226166 -0.4958985
 -0.5135418   0.7046057  -2.0706851   1.3674994 ]
[-0.4620666   0.80761874  0.3331381   0.85948247  1.6172979   0.20189968
 -0.85679024 -0.40164027 -0.20234254 -1.7476135   0.85226166 -0.4958985
 -0.5135418   0.7046057  -2.0706851   1.3674994 ]
[-0.4620666   0.80761874  0.3331381   0.85948247  1.6172979   0.20189968
 -0.85679024 -0.40164027 -0.20234254 -1.7476135   0.85226166 -0.4958985
 -0.5135418   0.7046057  -2.0706851   1.3674994 ]
[-0.4620666   0.80761874  0.3331381   0.85948247  1.6172979   0.20189968
 -0.85679024 -0.40164027 -0.20234254 -1.7476135   0.85226166 -0.4958985
 -0.5135418   0.7046057  -2.0706851   1.3674994 ]
[-0.49532962  0.7902369   0.32942623  0.888834    1.6012421   0.21039304
 -0.8695176  -0.37454477 -0.18069561 -1.7424113   0.8320178  -0.47577453
 -0.5076574   0.71600306 -2.0791492   1.3493522 ]
[-0.49532962  0.7902369   0.32942623  0.888834    1.6012421   0.21039304
 -0.8695176  -0.37454477 -0.18069561 -1.7424113   0.8320178  -0.47577453
 -0.5076574   0.71600306 -2.0791492   1.3493522 ]
[-0.519698    0.78008634  0.3327933   0.9046648   1.5958865   0.2367517
 -0.89040315 -0.37113443 -0.1812788  -1.7365726   0.82046735 -0.44159746
 -0.48704433  0.72083443 -2.0783124   1.3052152 ]
[-0.519698    0.78008634  0.3327933   0.9046648   1.5958865   0.2367517
 -0.89040315 -0.37113443 -0.1812788  -1.7365726   0.82046735 -0.44159746
 -0.48704433  0.72083443 -2.0783124   1.3052152 ]
[-0.519698    0.78008634  0.3327933   0.9046648   1.5958865   0.2367517
 -0.89040315 -0.37113443 -0.1812788  -1.7365726   0.82046735 -0.44159746
 -0.48704433  0.72083443 -2.0783124   1.3052152 ]
[-0.519698    0.78008634  0.3327933   0.9046648   1.5958865   0.2367517
 -0.89040315 -0.37113443 -0.1812788  -1.7365726   0.82046735 -0.44159746
 -0.48704433  0.72083443 -2.0783124   1.3052152 ]
[-0.50227576  0.71690416  0.33631974  0.9505426   1.6166849   0.24391946
 -0.8778192  -0.3848925  -0.2186778  -1.7142302   0.7779744  -0.42372856
 -0.45392495  0.76810986 -2.1055694   1.2592673 ]
[-0.50227576  0.71690416  0.33631974  0.9505426   1.6166849   0.24391946
 -0.8778192  -0.3848925  -0.2186778  -1.7142302   0.7779744  -0.42372856
 -0.45392495  0.76810986 -2.1055694   1.2592673 ]
[-0.50227576  0.71690416  0.33631974  0.9505426   1.6166849   0.24391946
 -0.8778192  -0.3848925  -0.2186778  -1.7142302   0.7779744  -0.42372856
 -0.45392495  0.76810986 -2.1055694   1.2592673 ]
[-0.50227576  0.71690416  0.33631974  0.9505426   1.6166849   0.24391946
 -0.8778192  -0.3848925  -0.2186778  -1.7142302   0.7779744  -0.42372856
 -0.45392495  0.76810986 -2.1055694   1.2592673 ]
[-0.50227576  0.71690416  0.33631974  0.9505426   1.6166849   0.24391946
 -0.8778192  -0.3848925  -0.2186778  -1.7142302   0.7779744  -0.42372856
 -0.45392495  0.76810986 -2.1055694   1.2592673 ]
[-0.59648955  0.6829377   0.3453701   0.9912504   1.6222155   0.2962105
 -0.9297808  -0.3255307  -0.14503008 -1.6809994   0.7082747  -0.35231856
 -0.45795217  0.7496482  -2.1109414   1.1896693 ]
[-0.59648955  0.6829377   0.3453701   0.9912504   1.6222155   0.2962105
 -0.9297808  -0.3255307  -0.14503008 -1.6809994   0.7082747  -0.35231856
 -0.45795217  0.7496482  -2.1109414   1.1896693 ]
[-0.59648955  0.6829377   0.3453701   0.9912504   1.6222155   0.2962105
 -0.9297808  -0.3255307  -0.14503008 -1.6809994   0.7082747  -0.35231856
 -0.45795217  0.7496482  -2.1109414   1.1896693 ]
[-0.59648955  0.6829377   0.3453701   0.9912504   1.6222155   0.2962105
 -0.9297808  -0.3255307  -0.14503008 -1.6809994   0.7082747  -0.35231856
 -0.45795217  0.7496482  -2.1109414   1.1896693 ]
[-0.59648955  0.6829377   0.3453701   0.9912504   1.6222155   0.2962105
 -0.9297808  -0.3255307  -0.14503008 -1.6809994   0.7082747  -0.35231856
 -0.45795217  0.7496482  -2.1109414   1.1896693 ]
[-0.5664399   0.7097639   0.34276628  0.9749386   1.6094385   0.27087384
 -0.88164014 -0.34126264 -0.15119176 -1.6863838   0.7154769  -0.38665718
 -0.47834978  0.7641185  -2.1355224   1.2282995 ]
[-0.5664399   0.7097639   0.34276628  0.9749386   1.6094385   0.27087384
 -0.88164014 -0.34126264 -0.15119176 -1.6863838   0.7154769  -0.38665718
 -0.47834978  0.7641185  -2.1355224   1.2282995 ]
[-0.5664399   0.7097639   0.34276628  0.9749386   1.6094385   0.27087384
 -0.88164014 -0.34126264 -0.15119176 -1.6863838   0.7154769  -0.38665718
 -0.47834978  0.7641185  -2.1355224   1.2282995 ]
[-0.5664399   0.7097639   0.34276628  0.9749386   1.6094385   0.27087384
 -0.88164014 -0.34126264 -0.15119176 -1.6863838   0.7154769  -0.38665718
 -0.47834978  0.7641185  -2.1355224   1.2282995 ]
[-0.5593173   0.7805474   0.34235263  0.8808891   1.6219393   0.26317927
 -0.9173638  -0.36235482 -0.14822511 -1.720916    0.7956813  -0.4316886
 -0.49999028  0.7104344  -2.069201    1.3053056 ]
[-0.5593173   0.7805474   0.34235263  0.8808891   1.6219393   0.26317927
 -0.9173638  -0.36235482 -0.14822511 -1.720916    0.7956813  -0.4316886
 -0.49999028  0.7104344  -2.069201    1.3053056 ]
[-0.5593173   0.7805474   0.34235263  0.8808891   1.6219393   0.26317927
 -0.9173638  -0.36235482 -0.14822511 -1.720916    0.7956813  -0.4316886
 -0.49999028  0.7104344  -2.069201    1.3053056 ]
[-0.5593173   0.7805474   0.34235263  0.8808891   1.6219393   0.26317927
 -0.9173638  -0.36235482 -0.14822511 -1.720916    0.7956813  -0.4316886
 -0.49999028  0.7104344  -2.069201    1.3053056 ]
[-0.46598023  0.78214324  0.31642205  0.88346034  1.6313565   0.21003631
 -0.8590895  -0.41043177 -0.21630609 -1.7429552   0.83236456 -0.5000681
 -0.48065072  0.720397   -2.073799    1.3664656 ]
[-0.46598023  0.78214324  0.31642205  0.88346034  1.6313565   0.21003631
 -0.8590895  -0.41043177 -0.21630609 -1.7429552   0.83236456 -0.5000681
 -0.48065072  0.720397   -2.073799    1.3664656 ]
[-0.46598023  0.78214324  0.31642205  0.88346034  1.6313565   0.21003631
 -0.8590895  -0.41043177 -0.21630609 -1.7429552   0.83236456 -0.5000681
 -0.48065072  0.720397   -2.073799    1.3664656 ]
[-0.46598023  0.78214324  0.31642205  0.88346034  1.6313565   0.21003631
 -0.8590895  -0.41043177 -0.21630609 -1.7429552   0.83236456 -0.5000681
 -0.48065072  0.720397   -2.073799    1.3664656 ]
[-0.46598023  0.78214324  0.31642205  0.88346034  1.6313565   0.21003631
 -0.8590895  -0.41043177 -0.21630609 -1.7429552   0.83236456 -0.5000681
 -0.48065072  0.720397   -2.073799    1.3664656 ]
[-0.4656466   0.73750514  0.30772582  0.9386405   1.6129398   0.20763107
 -0.8232473  -0.40344906 -0.22423749 -1.7302675   0.7971877  -0.47945166
 -0.46294945  0.7706353  -2.115117    1.3235048 ]
[-0.4656466   0.73750514  0.30772582  0.9386405   1.6129398   0.20763107
 -0.8232473  -0.40344906 -0.22423749 -1.7302675   0.7971877  -0.47945166
 -0.46294945  0.7706353  -2.115117    1.3235048 ]
[-0.4656466   0.73750514  0.30772582  0.9386405   1.6129398   0.20763107
 -0.8232473  -0.40344906 -0.22423749 -1.7302675   0.7971877  -0.47945166
 -0.46294945  0.7706353  -2.115117    1.3235048 ]
[-0.4656466   0.73750514  0.30772582  0.9386405   1.6129398   0.20763107
 -0.8232473  -0.40344906 -0.22423749 -1.7302675   0.7971877  -0.47945166
 -0.46294945  0.7706353  -2.115117    1.3235048 ]
[-0.5024353   0.70239836  0.33839992  0.9901447   1.6018823   0.25769266
 -0.8601799  -0.38117796 -0.2058485  -1.7105404   0.7377339  -0.40217334
 -0.45005584  0.7635559  -2.1293473   1.2380402 ]
[-0.5024353   0.70239836  0.33839992  0.9901447   1.6018823   0.25769266
 -0.8601799  -0.38117796 -0.2058485  -1.7105404   0.7377339  -0.40217334
 -0.45005584  0.7635559  -2.1293473   1.2380402 ]
[-0.5024353   0.70239836  0.33839992  0.9901447   1.6018823   0.25769266
 -0.8601799  -0.38117796 -0.2058485  -1.7105404   0.7377339  -0.40217334
 -0.45005584  0.7635559  -2.1293473   1.2380402 ]
[-0.5024353   0.70239836  0.33839992  0.9901447   1.6018823   0.25769266
 -0.8601799  -0.38117796 -0.2058485  -1.7105404   0.7377339  -0.40217334
 -0.45005584  0.7635559  -2.1293473   1.2380402 ]
[-0.55686224  0.6763736   0.3239769   1.0339131   1.5850732   0.28777957
 -0.8738283  -0.35042277 -0.1903455  -1.67768     0.6957719  -0.35331777
 -0.45273933  0.79502016 -2.146484    1.190304  ]
[-0.55686224  0.6763736   0.3239769   1.0339131   1.5850732   0.28777957
 -0.8738283  -0.35042277 -0.1903455  -1.67768     0.6957719  -0.35331777
 -0.45273933  0.79502016 -2.146484    1.190304  ]
[-0.55686224  0.6763736   0.3239769   1.0339131   1.5850732   0.28777957
 -0.8738283  -0.35042277 -0.1903455  -1.67768     0.6957719  -0.35331777
 -0.45273933  0.79502016 -2.146484    1.190304  ]
[-0.55686224  0.6763736   0.3239769   1.0339131   1.5850732   0.28777957
 -0.8738283  -0.35042277 -0.1903455  -1.67768     0.6957719  -0.35331777
 -0.45273933  0.79502016 -2.146484    1.190304  ]
[-0.5911342   0.6690334   0.35475087  1.0093102   1.618342    0.30094427
 -0.8908765  -0.3266592  -0.153384   -1.6690277   0.67942196 -0.3547903
 -0.45689678  0.76866466 -2.1386504   1.1667068 ]
[-0.5911342   0.6690334   0.35475087  1.0093102   1.618342    0.30094427
 -0.8908765  -0.3266592  -0.153384   -1.6690277   0.67942196 -0.3547903
 -0.45689678  0.76866466 -2.1386504   1.1667068 ]
[-0.5911342   0.6690334   0.35475087  1.0093102   1.618342    0.30094427
 -0.8908765  -0.3266592  -0.153384   -1.6690277   0.67942196 -0.3547903
 -0.45689678  0.76866466 -2.1386504   1.1667068 ]
[-0.5911342   0.6690334   0.35475087  1.0093102   1.618342    0.30094427
 -0.8908765  -0.3266592  -0.153384   -1.6690277   0.67942196 -0.3547903
 -0.45689678  0.76866466 -2.1386504   1.1667068 ]
[-0.5911342   0.6690334   0.35475087  1.0093102   1.618342    0.30094427
 -0.8908765  -0.3266592  -0.153384   -1.6690277   0.67942196 -0.3547903
 -0.45689678  0.76866466 -2.1386504   1.1667068 ]
[-0.5614073   0.74363005  0.3485631   0.92334586  1.6052368   0.2725547
 -0.8856155  -0.3355125  -0.15702796 -1.687949    0.74111855 -0.4057537
 -0.5048318   0.75045854 -2.1141026   1.2566801 ]
[-0.5614073   0.74363005  0.3485631   0.92334586  1.6052368   0.2725547
 -0.8856155  -0.3355125  -0.15702796 -1.687949    0.74111855 -0.4057537
 -0.5048318   0.75045854 -2.1141026   1.2566801 ]
[-0.5614073   0.74363005  0.3485631   0.92334586  1.6052368   0.2725547
 -0.8856155  -0.3355125  -0.15702796 -1.687949    0.74111855 -0.4057537
 -0.5048318   0.75045854 -2.1141026   1.2566801 ]
[-0.5614073   0.74363005  0.3485631   0.92334586  1.6052368   0.2725547
 -0.8856155  -0.3355125  -0.15702796 -1.687949    0.74111855 -0.4057537
 -0.5048318   0.75045854 -2.1141026   1.2566801 ]
[-0.5456388   0.7937965   0.32777226  0.8710092   1.6190455   0.24868456
 -0.9079422  -0.3514862  -0.15224056 -1.7219489   0.8070523  -0.4403921
 -0.5153984   0.6966276  -2.067799    1.3311852 ]
[-0.5456388   0.7937965   0.32777226  0.8710092   1.6190455   0.24868456
 -0.9079422  -0.3514862  -0.15224056 -1.7219489   0.8070523  -0.4403921
 -0.5153984   0.6966276  -2.067799    1.3311852 ]
[-0.5456388   0.7937965   0.32777226  0.8710092   1.6190455   0.24868456
 -0.9079422  -0.3514862  -0.15224056 -1.7219489   0.8070523  -0.4403921
 -0.5153984   0.6966276  -2.067799    1.3311852 ]
[-0.5456388   0.7937965   0.32777226  0.8710092   1.6190455   0.24868456
 -0.9079422  -0.3514862  -0.15224056 -1.7219489   0.8070523  -0.4403921
 -0.5153984   0.6966276  -2.067799    1.3311852 ]
[-0.4504775   0.762663    0.29585186  0.9062023   1.6186596   0.18988825
 -0.8217174  -0.38883185 -0.20976949 -1.7308271   0.8203772  -0.49353695
 -0.4803547   0.7432732  -2.1167245   1.3477073 ]
[-0.4504775   0.762663    0.29585186  0.9062023   1.6186596   0.18988825
 -0.8217174  -0.38883185 -0.20976949 -1.7308271   0.8203772  -0.49353695
 -0.4803547   0.7432732  -2.1167245   1.3477073 ]
[-0.4504775   0.762663    0.29585186  0.9062023   1.6186596   0.18988825
 -0.8217174  -0.38883185 -0.20976949 -1.7308271   0.8203772  -0.49353695
 -0.4803547   0.7432732  -2.1167245   1.3477073 ]
[-0.48179865  0.74037224  0.32335952  0.9333228   1.6064632   0.21399705
 -0.84917194 -0.36573234 -0.197678   -1.724221    0.7891077  -0.45426083
 -0.46964303  0.747527   -2.1198254   1.2984264 ]
[-0.48179865  0.74037224  0.32335952  0.9333228   1.6064632   0.21399705
 -0.84917194 -0.36573234 -0.197678   -1.724221    0.7891077  -0.45426083
 -0.46964303  0.747527   -2.1198254   1.2984264 ]
[-0.48179865  0.74037224  0.32335952  0.9333228   1.6064632   0.21399705
 -0.84917194 -0.36573234 -0.197678   -1.724221    0.7891077  -0.45426083
 -0.46964303  0.747527   -2.1198254   1.2984264 ]
[-0.48179865  0.74037224  0.32335952  0.9333228   1.6064632   0.21399705
 -0.84917194 -0.36573234 -0.197678   -1.724221    0.7891077  -0.45426083
 -0.46964303  0.747527   -2.1198254   1.2984264 ]
[-0.49400377  0.69835055  0.3564808   0.9762808   1.6072919   0.24244504
 -0.85488474 -0.37246662 -0.21032505 -1.7105576   0.7448183  -0.40722185
 -0.44375572  0.76871425 -2.1381028   1.2240081 ]
[-0.49400377  0.69835055  0.3564808   0.9762808   1.6072919   0.24244504
 -0.85488474 -0.37246662 -0.21032505 -1.7105576   0.7448183  -0.40722185
 -0.44375572  0.76871425 -2.1381028   1.2240081 ]
[-0.49400377  0.69835055  0.3564808   0.9762808   1.6072919   0.24244504
 -0.85488474 -0.37246662 -0.21032505 -1.7105576   0.7448183  -0.40722185
 -0.44375572  0.76871425 -2.1381028   1.2240081 ]
[-0.49400377  0.69835055  0.3564808   0.9762808   1.6072919   0.24244504
 -0.85488474 -0.37246662 -0.21032505 -1.7105576   0.7448183  -0.40722185
 -0.44375572  0.76871425 -2.1381028   1.2240081 ]
[-0.6032074   0.6691883   0.3834853   0.9991602   1.6168022   0.31501713
 -0.92351973 -0.328783   -0.14721918 -1.6761663   0.6872419  -0.33945006
 -0.44871515  0.7475742  -2.113527    1.1467559 ]
[-0.6032074   0.6691883   0.3834853   0.9991602   1.6168022   0.31501713
 -0.92351973 -0.328783   -0.14721918 -1.6761663   0.6872419  -0.33945006
 -0.44871515  0.7475742  -2.113527    1.1467559 ]
[-0.6032074   0.6691883   0.3834853   0.9991602   1.6168022   0.31501713
 -0.92351973 -0.328783   -0.14721918 -1.6761663   0.6872419  -0.33945006
 -0.44871515  0.7475742  -2.113527    1.1467559 ]
[-0.6032074   0.6691883   0.3834853   0.9991602   1.6168022   0.31501713
 -0.92351973 -0.328783   -0.14721918 -1.6761663   0.6872419  -0.33945006
 -0.44871515  0.7475742  -2.113527    1.1467559 ]
[-0.6032074   0.6691883   0.3834853   0.9991602   1.6168022   0.31501713
 -0.92351973 -0.328783   -0.14721918 -1.6761663   0.6872419  -0.33945006
 -0.44871515  0.7475742  -2.113527    1.1467559 ]
[-0.5792103   0.73685205  0.37911546  0.9195337   1.6011648   0.291752
 -0.9246645  -0.3322193  -0.15991834 -1.6913878   0.7315553  -0.38247132
 -0.48996884  0.7448987  -2.0874267   1.2306709 ]
[-0.5792103   0.73685205  0.37911546  0.9195337   1.6011648   0.291752
 -0.9246645  -0.3322193  -0.15991834 -1.6913878   0.7315553  -0.38247132
 -0.48996884  0.7448987  -2.0874267   1.2306709 ]
[-0.5792103   0.73685205  0.37911546  0.9195337   1.6011648   0.291752
 -0.9246645  -0.3322193  -0.15991834 -1.6913878   0.7315553  -0.38247132
 -0.48996884  0.7448987  -2.0874267   1.2306709 ]
[-0.5792103   0.73685205  0.37911546  0.9195337   1.6011648   0.291752
 -0.9246645  -0.3322193  -0.15991834 -1.6913878   0.7315553  -0.38247132
 -0.48996884  0.7448987  -2.0874267   1.2306709 ]
[-0.5607816   0.77004033  0.35409275  0.8798336   1.6210022   0.26439035
 -0.92655486 -0.3547617  -0.14582445 -1.7195364   0.78924954 -0.41656294
 -0.5021099   0.7119175  -2.0682385   1.294458  ]
[-0.5607816   0.77004033  0.35409275  0.8798336   1.6210022   0.26439035
 -0.92655486 -0.3547617  -0.14582445 -1.7195364   0.78924954 -0.41656294
 -0.5021099   0.7119175  -2.0682385   1.294458  ]
[-0.5607816   0.77004033  0.35409275  0.8798336   1.6210022   0.26439035
 -0.92655486 -0.3547617  -0.14582445 -1.7195364   0.78924954 -0.41656294
 -0.5021099   0.7119175  -2.0682385   1.294458  ]
[-0.5607816   0.77004033  0.35409275  0.8798336   1.6210022   0.26439035
 -0.92655486 -0.3547617  -0.14582445 -1.7195364   0.78924954 -0.41656294
 -0.5021099   0.7119175  -2.0682385   1.294458  ]
[-0.5607816   0.77004033  0.35409275  0.8798336   1.6210022   0.26439035
 -0.92655486 -0.3547617  -0.14582445 -1.7195364   0.78924954 -0.41656294
 -0.5021099   0.7119175  -2.0682385   1.294458  ]
[-0.47477612  0.7828165   0.33629507  0.88050556  1.6228244   0.21249703
 -0.87783355 -0.39475653 -0.20426372 -1.7418258   0.8271287  -0.48373565
 -0.4864993   0.71143895 -2.0769005   1.3598452 ]
[-0.47477612  0.7828165   0.33629507  0.88050556  1.6228244   0.21249703
 -0.87783355 -0.39475653 -0.20426372 -1.7418258   0.8271287  -0.48373565
 -0.4864993   0.71143895 -2.0769005   1.3598452 ]
[-0.47477612  0.7828165   0.33629507  0.88050556  1.6228244   0.21249703
 -0.87783355 -0.39475653 -0.20426372 -1.7418258   0.8271287  -0.48373565
 -0.4864993   0.71143895 -2.0769005   1.3598452 ]
[-0.47477612  0.7828165   0.33629507  0.88050556  1.6228244   0.21249703
 -0.87783355 -0.39475653 -0.20426372 -1.7418258   0.8271287  -0.48373565
 -0.4864993   0.71143895 -2.0769005   1.3598452 ]
[-0.47747213  0.7418896   0.33266994  0.9284353   1.6136978   0.21547958
 -0.8447606  -0.39112833 -0.21419099 -1.732774    0.801188   -0.4761858
 -0.46610403  0.7456133  -2.1058388   1.3203532 ]
[-0.47747213  0.7418896   0.33266994  0.9284353   1.6136978   0.21547958
 -0.8447606  -0.39112833 -0.21419099 -1.732774    0.801188   -0.4761858
 -0.46610403  0.7456133  -2.1058388   1.3203532 ]
[-0.47747213  0.7418896   0.33266994  0.9284353   1.6136978   0.21547958
 -0.8447606  -0.39112833 -0.21419099 -1.732774    0.801188   -0.4761858
 -0.46610403  0.7456133  -2.1058388   1.3203532 ]
[-0.47747213  0.7418896   0.33266994  0.9284353   1.6136978   0.21547958
 -0.8447606  -0.39112833 -0.21419099 -1.732774    0.801188   -0.4761858
 -0.46610403  0.7456133  -2.1058388   1.3203532 ]
[-0.47747213  0.7418896   0.33266994  0.9284353   1.6136978   0.21547958
 -0.8447606  -0.39112833 -0.21419099 -1.732774    0.801188   -0.4761858
 -0.46610403  0.7456133  -2.1058388   1.3203532 ]
[-0.49359232  0.7213167   0.34175158  0.9645702   1.5937176   0.23618956
 -0.8504823  -0.37326795 -0.21166392 -1.7172285   0.7550429  -0.43354863
 -0.45967865  0.76288164 -2.123769    1.2771986 ]
[-0.49359232  0.7213167   0.34175158  0.9645702   1.5937176   0.23618956
 -0.8504823  -0.37326795 -0.21166392 -1.7172285   0.7550429  -0.43354863
 -0.45967865  0.76288164 -2.123769    1.2771986 ]
[-0.49359232  0.7213167   0.34175158  0.9645702   1.5937176   0.23618956
 -0.8504823  -0.37326795 -0.21166392 -1.7172285   0.7550429  -0.43354863
 -0.45967865  0.76288164 -2.123769    1.2771986 ]
[-0.49359232  0.7213167   0.34175158  0.9645702   1.5937176   0.23618956
 -0.8504823  -0.37326795 -0.21166392 -1.7172285   0.7550429  -0.43354863
 -0.45967865  0.76288164 -2.123769    1.2771986 ]
[-0.52171814  0.7098061   0.3408668   0.99063987  1.5721896   0.2556054
 -0.87398803 -0.35317627 -0.21439223 -1.7000967   0.7203258  -0.39264736
 -0.4615608   0.78602886 -2.1256049   1.2566676 ]
[-0.52171814  0.7098061   0.3408668   0.99063987  1.5721896   0.2556054
 -0.87398803 -0.35317627 -0.21439223 -1.7000967   0.7203258  -0.39264736
 -0.4615608   0.78602886 -2.1256049   1.2566676 ]
[-0.52171814  0.7098061   0.3408668   0.99063987  1.5721896   0.2556054
 -0.87398803 -0.35317627 -0.21439223 -1.7000967   0.7203258  -0.39264736
 -0.4615608   0.78602886 -2.1256049   1.2566676 ]
[-0.52171814  0.7098061   0.3408668   0.99063987  1.5721896   0.2556054
 -0.87398803 -0.35317627 -0.21439223 -1.7000967   0.7203258  -0.39264736
 -0.4615608   0.78602886 -2.1256049   1.2566676 ]
[-0.52171814  0.7098061   0.3408668   0.99063987  1.5721896   0.2556054
 -0.87398803 -0.35317627 -0.21439223 -1.7000967   0.7203258  -0.39264736
 -0.4615608   0.78602886 -2.1256049   1.2566676 ]
[-0.59404355  0.66992295  0.3628334   1.001683    1.6222923   0.28662866
 -0.91777897 -0.3128428  -0.15457784 -1.6761262   0.67674446 -0.35801458
 -0.4577569   0.7445033  -2.1116786   1.2054508 ]
[-0.59404355  0.66992295  0.3628334   1.001683    1.6222923   0.28662866
 -0.91777897 -0.3128428  -0.15457784 -1.6761262   0.67674446 -0.35801458
 -0.4577569   0.7445033  -2.1116786   1.2054508 ]
[-0.59404355  0.66992295  0.3628334   1.001683    1.6222923   0.28662866
 -0.91777897 -0.3128428  -0.15457784 -1.6761262   0.67674446 -0.35801458
 -0.4577569   0.7445033  -2.1116786   1.2054508 ]
[-0.59404355  0.66992295  0.3628334   1.001683    1.6222923   0.28662866
 -0.91777897 -0.3128428  -0.15457784 -1.6761262   0.67674446 -0.35801458
 -0.4577569   0.7445033  -2.1116786   1.2054508 ]
[-0.5711703   0.6939452   0.34328133  0.9615722   1.6232144   0.25238055
 -0.896484   -0.3179415  -0.16443726 -1.6807209   0.711144   -0.40913194
 -0.47303137  0.7713766  -2.1141171   1.2594725 ]
[-0.5711703   0.6939452   0.34328133  0.9615722   1.6232144   0.25238055
 -0.896484   -0.3179415  -0.16443726 -1.6807209   0.711144   -0.40913194
 -0.47303137  0.7713766  -2.1141171   1.2594725 ]
[-0.5711703   0.6939452   0.34328133  0.9615722   1.6232144   0.25238055
 -0.896484   -0.3179415  -0.16443726 -1.6807209   0.711144   -0.40913194
 -0.47303137  0.7713766  -2.1141171   1.2594725 ]
[-0.5711703   0.6939452   0.34328133  0.9615722   1.6232144   0.25238055
 -0.896484   -0.3179415  -0.16443726 -1.6807209   0.711144   -0.40913194
 -0.47303137  0.7713766  -2.1141171   1.2594725 ]
[-0.5672822   0.74880904  0.33045483  0.92431575  1.6100811   0.24517386
 -0.8978448  -0.33715045 -0.13080016 -1.7026094   0.7717744  -0.4223048
 -0.50527763  0.7373282  -2.107052    1.2928673 ]
[-0.5672822   0.74880904  0.33045483  0.92431575  1.6100811   0.24517386
 -0.8978448  -0.33715045 -0.13080016 -1.7026094   0.7717744  -0.4223048
 -0.50527763  0.7373282  -2.107052    1.2928673 ]
[-0.5672822   0.74880904  0.33045483  0.92431575  1.6100811   0.24517386
 -0.8978448  -0.33715045 -0.13080016 -1.7026094   0.7717744  -0.4223048
 -0.50527763  0.7373282  -2.107052    1.2928673 ]
[-0.5672822   0.74880904  0.33045483  0.92431575  1.6100811   0.24517386
 -0.8978448  -0.33715045 -0.13080016 -1.7026094   0.7717744  -0.4223048
 -0.50527763  0.7373282  -2.107052    1.2928673 ]
[-0.4919358   0.77026474  0.325039    0.91551006  1.6137397   0.20800968
 -0.8645129  -0.3815185  -0.1806664  -1.7355034   0.8190595  -0.47503728
 -0.48937744  0.72507983 -2.1031585   1.3367943 ]
[-0.4919358   0.77026474  0.325039    0.91551006  1.6137397   0.20800968
 -0.8645129  -0.3815185  -0.1806664  -1.7355034   0.8190595  -0.47503728
 -0.48937744  0.72507983 -2.1031585   1.3367943 ]
[-0.4919358   0.77026474  0.325039    0.91551006  1.6137397   0.20800968
 -0.8645129  -0.3815185  -0.1806664  -1.7355034   0.8190595  -0.47503728
 -0.48937744  0.72507983 -2.1031585   1.3367943 ]
[-0.4919358   0.77026474  0.325039    0.91551006  1.6137397   0.20800968
 -0.8645129  -0.3815185  -0.1806664  -1.7355034   0.8190595  -0.47503728
 -0.48937744  0.72507983 -2.1031585   1.3367943 ]
[-0.4919358   0.77026474  0.325039    0.91551006  1.6137397   0.20800968
 -0.8645129  -0.3815185  -0.1806664  -1.7355034   0.8190595  -0.47503728
 -0.48937744  0.72507983 -2.1031585   1.3367943 ]
[-0.4982776   0.7662201   0.31604737  0.9178869   1.6114447   0.22239101
 -0.8655567  -0.38650167 -0.19791083 -1.7358677   0.8182168  -0.47132364
 -0.4748187   0.7482642  -2.0939746   1.3149683 ]
[-0.4982776   0.7662201   0.31604737  0.9178869   1.6114447   0.22239101
 -0.8655567  -0.38650167 -0.19791083 -1.7358677   0.8182168  -0.47132364
 -0.4748187   0.7482642  -2.0939746   1.3149683 ]
[-0.4982776   0.7662201   0.31604737  0.9178869   1.6114447   0.22239101
 -0.8655567  -0.38650167 -0.19791083 -1.7358677   0.8182168  -0.47132364
 -0.4748187   0.7482642  -2.0939746   1.3149683 ]
[-0.4982776   0.7662201   0.31604737  0.9178869   1.6114447   0.22239101
 -0.8655567  -0.38650167 -0.19791083 -1.7358677   0.8182168  -0.47132364
 -0.4748187   0.7482642  -2.0939746   1.3149683 ]
[-0.512402    0.7309223   0.33638954  0.97087014  1.5952389   0.24418211
 -0.86430246 -0.37917203 -0.19851944 -1.7227274   0.7679565  -0.42206144
 -0.46144643  0.7664727  -2.1223261   1.2598093 ]
[-0.512402    0.7309223   0.33638954  0.97087014  1.5952389   0.24418211
 -0.86430246 -0.37917203 -0.19851944 -1.7227274   0.7679565  -0.42206144
 -0.46144643  0.7664727  -2.1223261   1.2598093 ]
[-0.512402    0.7309223   0.33638954  0.97087014  1.5952389   0.24418211
 -0.86430246 -0.37917203 -0.19851944 -1.7227274   0.7679565  -0.42206144
 -0.46144643  0.7664727  -2.1223261   1.2598093 ]
[-0.512402    0.7309223   0.33638954  0.97087014  1.5952389   0.24418211
 -0.86430246 -0.37917203 -0.19851944 -1.7227274   0.7679565  -0.42206144
 -0.46144643  0.7664727  -2.1223261   1.2598093 ]
[-0.5402032   0.7356304   0.31785733  0.991312    1.5686767   0.2671888
 -0.86838704 -0.35002226 -0.17250384 -1.6882541   0.73430383 -0.3851667
 -0.51203     0.7715793  -2.1374002   1.2568614 ]
[-0.5402032   0.7356304   0.31785733  0.991312    1.5686767   0.2671888
 -0.86838704 -0.35002226 -0.17250384 -1.6882541   0.73430383 -0.3851667
 -0.51203     0.7715793  -2.1374002   1.2568614 ]
[-0.5402032   0.7356304   0.31785733  0.991312    1.5686767   0.2671888
 -0.86838704 -0.35002226 -0.17250384 -1.6882541   0.73430383 -0.3851667
 -0.51203     0.7715793  -2.1374002   1.2568614 ]
[-0.5402032   0.7356304   0.31785733  0.991312    1.5686767   0.2671888
 -0.86838704 -0.35002226 -0.17250384 -1.6882541   0.73430383 -0.3851667
 -0.51203     0.7715793  -2.1374002   1.2568614 ]
[-0.5402032   0.7356304   0.31785733  0.991312    1.5686767   0.2671888
 -0.86838704 -0.35002226 -0.17250384 -1.6882541   0.73430383 -0.3851667
 -0.51203     0.7715793  -2.1374002   1.2568614 ]
[-0.58538353  0.72367334  0.34332561  0.9748893   1.5858934   0.2716301
 -0.8779518  -0.31712753 -0.11936084 -1.672302    0.7188078  -0.3753873
 -0.53248537  0.760633   -2.1427116   1.2322254 ]
[-0.58538353  0.72367334  0.34332561  0.9748893   1.5858934   0.2716301
 -0.8779518  -0.31712753 -0.11936084 -1.672302    0.7188078  -0.3753873
 -0.53248537  0.760633   -2.1427116   1.2322254 ]
[-0.58538353  0.72367334  0.34332561  0.9748893   1.5858934   0.2716301
 -0.8779518  -0.31712753 -0.11936084 -1.672302    0.7188078  -0.3753873
 -0.53248537  0.760633   -2.1427116   1.2322254 ]
[-0.58538353  0.72367334  0.34332561  0.9748893   1.5858934   0.2716301
 -0.8779518  -0.31712753 -0.11936084 -1.672302    0.7188078  -0.3753873
 -0.53248537  0.760633   -2.1427116   1.2322254 ]
[-0.5589366   0.7565972   0.3348898   0.9435781   1.5777457   0.25151682
 -0.8391754  -0.33654696 -0.12119947 -1.6837809   0.76312655 -0.41124445
 -0.55189     0.75839245 -2.1511395   1.2571436 ]
[-0.5589366   0.7565972   0.3348898   0.9435781   1.5777457   0.25151682
 -0.8391754  -0.33654696 -0.12119947 -1.6837809   0.76312655 -0.41124445
 -0.55189     0.75839245 -2.1511395   1.2571436 ]
[-0.5589366   0.7565972   0.3348898   0.9435781   1.5777457   0.25151682
 -0.8391754  -0.33654696 -0.12119947 -1.6837809   0.76312655 -0.41124445
 -0.55189     0.75839245 -2.1511395   1.2571436 ]
[-0.5589366   0.7565972   0.3348898   0.9435781   1.5777457   0.25151682
 -0.8391754  -0.33654696 -0.12119947 -1.6837809   0.76312655 -0.41124445
 -0.55189     0.75839245 -2.1511395   1.2571436 ]
[-0.48143214  0.78414166  0.3444261   0.89591724  1.5999928   0.21952231
 -0.84599763 -0.3891062  -0.17358857 -1.7245678   0.83565587 -0.46220493
 -0.53533286  0.7208804  -2.1062334   1.3083862 ]
[-0.48143214  0.78414166  0.3444261   0.89591724  1.5999928   0.21952231
 -0.84599763 -0.3891062  -0.17358857 -1.7245678   0.83565587 -0.46220493
 -0.53533286  0.7208804  -2.1062334   1.3083862 ]
[-0.48143214  0.78414166  0.3444261   0.89591724  1.5999928   0.21952231
 -0.84599763 -0.3891062  -0.17358857 -1.7245678   0.83565587 -0.46220493
 -0.53533286  0.7208804  -2.1062334   1.3083862 ]
[-0.48143214  0.78414166  0.3444261   0.89591724  1.5999928   0.21952231
 -0.84599763 -0.3891062  -0.17358857 -1.7245678   0.83565587 -0.46220493
 -0.53533286  0.7208804  -2.1062334   1.3083862 ]
[-0.57113713  0.8056815   0.34275818  0.87997043  1.5833318   0.27675095
 -0.9202596  -0.35600567 -0.12535152 -1.722735    0.8345955  -0.40554076
 -0.53505963  0.69961107 -2.0680408   1.2708588 ]
[-0.57113713  0.8056815   0.34275818  0.87997043  1.5833318   0.27675095
 -0.9202596  -0.35600567 -0.12535152 -1.722735    0.8345955  -0.40554076
 -0.53505963  0.69961107 -2.0680408   1.2708588 ]
[-0.57113713  0.8056815   0.34275818  0.87997043  1.5833318   0.27675095
 -0.9202596  -0.35600567 -0.12535152 -1.722735    0.8345955  -0.40554076
 -0.53505963  0.69961107 -2.0680408   1.2708588 ]
[-0.57113713  0.8056815   0.34275818  0.87997043  1.5833318   0.27675095
 -0.9202596  -0.35600567 -0.12535152 -1.722735    0.8345955  -0.40554076
 -0.53505963  0.69961107 -2.0680408   1.2708588 ]
[-0.5079724   0.77546036  0.3402712   0.8994128   1.6092888   0.25796574
 -0.90082055 -0.38918883 -0.18314663 -1.7390788   0.8160407  -0.41899776
 -0.4693327   0.7231946  -2.0879598   1.263984  ]
[-0.5079724   0.77546036  0.3402712   0.8994128   1.6092888   0.25796574
 -0.90082055 -0.38918883 -0.18314663 -1.7390788   0.8160407  -0.41899776
 -0.4693327   0.7231946  -2.0879598   1.263984  ]
[-0.5079724   0.77546036  0.3402712   0.8994128   1.6092888   0.25796574
 -0.90082055 -0.38918883 -0.18314663 -1.7390788   0.8160407  -0.41899776
 -0.4693327   0.7231946  -2.0879598   1.263984  ]
[-0.5079724   0.77546036  0.3402712   0.8994128   1.6092888   0.25796574
 -0.90082055 -0.38918883 -0.18314663 -1.7390788   0.8160407  -0.41899776
 -0.4693327   0.7231946  -2.0879598   1.263984  ]
[-0.5079724   0.77546036  0.3402712   0.8994128   1.6092888   0.25796574
 -0.90082055 -0.38918883 -0.18314663 -1.7390788   0.8160407  -0.41899776
 -0.4693327   0.7231946  -2.0879598   1.263984  ]
[-0.49120235  0.754979    0.34737068  0.90709436  1.6259296   0.25497672
 -0.8973529  -0.3944692  -0.21088943 -1.727648    0.80132276 -0.414887
 -0.45802355  0.73246986 -2.0936399   1.252541  ]
[-0.49120235  0.754979    0.34737068  0.90709436  1.6259296   0.25497672
 -0.8973529  -0.3944692  -0.21088943 -1.727648    0.80132276 -0.414887
 -0.45802355  0.73246986 -2.0936399   1.252541  ]
[-0.49120235  0.754979    0.34737068  0.90709436  1.6259296   0.25497672
 -0.8973529  -0.3944692  -0.21088943 -1.727648    0.80132276 -0.414887
 -0.45802355  0.73246986 -2.0936399   1.252541  ]
[-0.49120235  0.754979    0.34737068  0.90709436  1.6259296   0.25497672
 -0.8973529  -0.3944692  -0.21088943 -1.727648    0.80132276 -0.414887
 -0.45802355  0.73246986 -2.0936399   1.252541  ]
[-0.49120235  0.754979    0.34737068  0.90709436  1.6259296   0.25497672
 -0.8973529  -0.3944692  -0.21088943 -1.727648    0.80132276 -0.414887
 -0.45802355  0.73246986 -2.0936399   1.252541  ]
[-0.5810652   0.73351765  0.35544667  0.9351112   1.6264877   0.2881571
 -0.92704755 -0.3430143  -0.14674553 -1.6975777   0.7443326  -0.3746192
 -0.48722774  0.7218366  -2.0924897   1.2332804 ]
[-0.5810652   0.73351765  0.35544667  0.9351112   1.6264877   0.2881571
 -0.92704755 -0.3430143  -0.14674553 -1.6975777   0.7443326  -0.3746192
 -0.48722774  0.7218366  -2.0924897   1.2332804 ]
[-0.5810652   0.73351765  0.35544667  0.9351112   1.6264877   0.2881571
 -0.92704755 -0.3430143  -0.14674553 -1.6975777   0.7443326  -0.3746192
 -0.48722774  0.7218366  -2.0924897   1.2332804 ]
[-0.5810652   0.73351765  0.35544667  0.9351112   1.6264877   0.2881571
 -0.92704755 -0.3430143  -0.14674553 -1.6975777   0.7443326  -0.3746192
 -0.48722774  0.7218366  -2.0924897   1.2332804 ]
[-0.5621956   0.7579488   0.33173352  0.9046504   1.6222538   0.25731736
 -0.893771   -0.3526203  -0.15084812 -1.7087843   0.78088033 -0.43139142
 -0.49552894  0.7337068  -2.09271     1.2899015 ]
[-0.5621956   0.7579488   0.33173352  0.9046504   1.6222538   0.25731736
 -0.893771   -0.3526203  -0.15084812 -1.7087843   0.78088033 -0.43139142
 -0.49552894  0.7337068  -2.09271     1.2899015 ]
[-0.5621956   0.7579488   0.33173352  0.9046504   1.6222538   0.25731736
 -0.893771   -0.3526203  -0.15084812 -1.7087843   0.78088033 -0.43139142
 -0.49552894  0.7337068  -2.09271     1.2899015 ]
[-0.5621956   0.7579488   0.33173352  0.9046504   1.6222538   0.25731736
 -0.893771   -0.3526203  -0.15084812 -1.7087843   0.78088033 -0.43139142
 -0.49552894  0.7337068  -2.09271     1.2899015 ]
[-0.46659955  0.7543894   0.31590787  0.89476424  1.6459564   0.21288395
 -0.85678214 -0.40498304 -0.21698022 -1.7377888   0.82724667 -0.49025384
 -0.45708197  0.7271207  -2.086106    1.3298553 ]
[-0.46659955  0.7543894   0.31590787  0.89476424  1.6459564   0.21288395
 -0.85678214 -0.40498304 -0.21698022 -1.7377888   0.82724667 -0.49025384
 -0.45708197  0.7271207  -2.086106    1.3298553 ]
[-0.46659955  0.7543894   0.31590787  0.89476424  1.6459564   0.21288395
 -0.85678214 -0.40498304 -0.21698022 -1.7377888   0.82724667 -0.49025384
 -0.45708197  0.7271207  -2.086106    1.3298553 ]
[-0.46659955  0.7543894   0.31590787  0.89476424  1.6459564   0.21288395
 -0.85678214 -0.40498304 -0.21698022 -1.7377888   0.82724667 -0.49025384
 -0.45708197  0.7271207  -2.086106    1.3298553 ]
[-0.46659955  0.7543894   0.31590787  0.89476424  1.6459564   0.21288395
 -0.85678214 -0.40498304 -0.21698022 -1.7377888   0.82724667 -0.49025384
 -0.45708197  0.7271207  -2.086106    1.3298553 ]
[-0.48576394  0.7158812   0.32230014  0.94855785  1.6321682   0.22018513
 -0.8378956  -0.4005085  -0.22344239 -1.731034    0.7952945  -0.47336322
 -0.4318843   0.76656806 -2.1102436   1.2826327 ]
[-0.48576394  0.7158812   0.32230014  0.94855785  1.6321682   0.22018513
 -0.8378956  -0.4005085  -0.22344239 -1.731034    0.7952945  -0.47336322
 -0.4318843   0.76656806 -2.1102436   1.2826327 ]
[-0.48576394  0.7158812   0.32230014  0.94855785  1.6321682   0.22018513
 -0.8378956  -0.4005085  -0.22344239 -1.731034    0.7952945  -0.47336322
 -0.4318843   0.76656806 -2.1102436   1.2826327 ]
[-0.48576394  0.7158812   0.32230014  0.94855785  1.6321682   0.22018513
 -0.8378956  -0.4005085  -0.22344239 -1.731034    0.7952945  -0.47336322
 -0.4318843   0.76656806 -2.1102436   1.2826327 ]
[-0.48576394  0.7158812   0.32230014  0.94855785  1.6321682   0.22018513
 -0.8378956  -0.4005085  -0.22344239 -1.731034    0.7952945  -0.47336322
 -0.4318843   0.76656806 -2.1102436   1.2826327 ]
[-0.51776046  0.7266208   0.3559858   0.9592304   1.5974901   0.27080074
 -0.8760645  -0.38894734 -0.21472116 -1.721069    0.7579937  -0.40597454
 -0.44214353  0.76449513 -2.1102734   1.232097  ]
[-0.51776046  0.7266208   0.3559858   0.9592304   1.5974901   0.27080074
 -0.8760645  -0.38894734 -0.21472116 -1.721069    0.7579937  -0.40597454
 -0.44214353  0.76449513 -2.1102734   1.232097  ]
[-0.51776046  0.7266208   0.3559858   0.9592304   1.5974901   0.27080074
 -0.8760645  -0.38894734 -0.21472116 -1.721069    0.7579937  -0.40597454
 -0.44214353  0.76449513 -2.1102734   1.232097  ]
[-0.51776046  0.7266208   0.3559858   0.9592304   1.5974901   0.27080074
 -0.8760645  -0.38894734 -0.21472116 -1.721069    0.7579937  -0.40597454
 -0.44214353  0.76449513 -2.1102734   1.232097  ]
[-0.51776046  0.7266208   0.3559858   0.9592304   1.5974901   0.27080074
 -0.8760645  -0.38894734 -0.21472116 -1.721069    0.7579937  -0.40597454
 -0.44214353  0.76449513 -2.1102734   1.232097  ]
[-0.55435044  0.7235185   0.35213232  0.98193896  1.5704157   0.29265675
 -0.8865118  -0.34845692 -0.1839042  -1.6812716   0.7228981  -0.35856947
 -0.4991053   0.77544487 -2.132656    1.2131276 ]
[-0.55435044  0.7235185   0.35213232  0.98193896  1.5704157   0.29265675
 -0.8865118  -0.34845692 -0.1839042  -1.6812716   0.7228981  -0.35856947
 -0.4991053   0.77544487 -2.132656    1.2131276 ]
[-0.55435044  0.7235185   0.35213232  0.98193896  1.5704157   0.29265675
 -0.8865118  -0.34845692 -0.1839042  -1.6812716   0.7228981  -0.35856947
 -0.4991053   0.77544487 -2.132656    1.2131276 ]
[-0.55435044  0.7235185   0.35213232  0.98193896  1.5704157   0.29265675
 -0.8865118  -0.34845692 -0.1839042  -1.6812716   0.7228981  -0.35856947
 -0.4991053   0.77544487 -2.132656    1.2131276 ]
[-0.55435044  0.7235185   0.35213232  0.98193896  1.5704157   0.29265675
 -0.8865118  -0.34845692 -0.1839042  -1.6812716   0.7228981  -0.35856947
 -0.4991053   0.77544487 -2.132656    1.2131276 ]
[-0.5909232   0.68809783  0.36956617  0.97791576  1.627936    0.29868037
 -0.9076217  -0.3340485  -0.15653212 -1.6831821   0.7058173  -0.36266148
 -0.4672652   0.74231625 -2.1142368   1.1925801 ]
[-0.5909232   0.68809783  0.36956617  0.97791576  1.627936    0.29868037
 -0.9076217  -0.3340485  -0.15653212 -1.6831821   0.7058173  -0.36266148
 -0.4672652   0.74231625 -2.1142368   1.1925801 ]
[-0.5909232   0.68809783  0.36956617  0.97791576  1.627936    0.29868037
 -0.9076217  -0.3340485  -0.15653212 -1.6831821   0.7058173  -0.36266148
 -0.4672652   0.74231625 -2.1142368   1.1925801 ]
[-0.5909232   0.68809783  0.36956617  0.97791576  1.627936    0.29868037
 -0.9076217  -0.3340485  -0.15653212 -1.6831821   0.7058173  -0.36266148
 -0.4672652   0.74231625 -2.1142368   1.1925801 ]
[-0.5909232   0.68809783  0.36956617  0.97791576  1.627936    0.29868037
 -0.9076217  -0.3340485  -0.15653212 -1.6831821   0.7058173  -0.36266148
 -0.4672652   0.74231625 -2.1142368   1.1925801 ]
[-0.56742436  0.7189971   0.33921     0.9529828   1.6126343   0.25644964
 -0.8676279  -0.33845502 -0.15905288 -1.6811135   0.743132   -0.42091608
 -0.49660817  0.76636654 -2.1262937   1.2567031 ]
[-0.56742436  0.7189971   0.33921     0.9529828   1.6126343   0.25644964
 -0.8676279  -0.33845502 -0.15905288 -1.6811135   0.743132   -0.42091608
 -0.49660817  0.76636654 -2.1262937   1.2567031 ]
[-0.56742436  0.7189971   0.33921     0.9529828   1.6126343   0.25644964
 -0.8676279  -0.33845502 -0.15905288 -1.6811135   0.743132   -0.42091608
 -0.49660817  0.76636654 -2.1262937   1.2567031 ]
[-0.56742436  0.7189971   0.33921     0.9529828   1.6126343   0.25644964
 -0.8676279  -0.33845502 -0.15905288 -1.6811135   0.743132   -0.42091608
 -0.49660817  0.76636654 -2.1262937   1.2567031 ]
[-0.55025375  0.7736627   0.32916668  0.89337844  1.6209112   0.26172405
 -0.9048797  -0.35419095 -0.14147869 -1.7076572   0.79809046 -0.42644587
 -0.52630144  0.7074018  -2.0825732   1.300424  ]
[-0.55025375  0.7736627   0.32916668  0.89337844  1.6209112   0.26172405
 -0.9048797  -0.35419095 -0.14147869 -1.7076572   0.79809046 -0.42644587
 -0.52630144  0.7074018  -2.0825732   1.300424  ]
[-0.55025375  0.7736627   0.32916668  0.89337844  1.6209112   0.26172405
 -0.9048797  -0.35419095 -0.14147869 -1.7076572   0.79809046 -0.42644587
 -0.52630144  0.7074018  -2.0825732   1.300424  ]
[-0.55025375  0.7736627   0.32916668  0.89337844  1.6209112   0.26172405
 -0.9048797  -0.35419095 -0.14147869 -1.7076572   0.79809046 -0.42644587
 -0.52630144  0.7074018  -2.0825732   1.300424  ]
[-0.55025375  0.7736627   0.32916668  0.89337844  1.6209112   0.26172405
 -0.9048797  -0.35419095 -0.14147869 -1.7076572   0.79809046 -0.42644587
 -0.52630144  0.7074018  -2.0825732   1.300424  ]
[-0.4672222   0.7303981   0.32637697  0.9326924   1.6403602   0.22330037
 -0.8395721  -0.40225163 -0.2130423  -1.7249      0.79817915 -0.46721667
 -0.45970923  0.7476714  -2.116921    1.2815031 ]
[-0.4672222   0.7303981   0.32637697  0.9326924   1.6403602   0.22330037
 -0.8395721  -0.40225163 -0.2130423  -1.7249      0.79817915 -0.46721667
 -0.45970923  0.7476714  -2.116921    1.2815031 ]
[-0.4672222   0.7303981   0.32637697  0.9326924   1.6403602   0.22330037
 -0.8395721  -0.40225163 -0.2130423  -1.7249      0.79817915 -0.46721667
 -0.45970923  0.7476714  -2.116921    1.2815031 ]
[-0.4672222   0.7303981   0.32637697  0.9326924   1.6403602   0.22330037
 -0.8395721  -0.40225163 -0.2130423  -1.7249      0.79817915 -0.46721667
 -0.45970923  0.7476714  -2.116921    1.2815031 ]
[-0.50660527  0.7304223   0.3525562   0.945119    1.6152604   0.2718587
 -0.8890548  -0.3790155  -0.19384792 -1.713897    0.7644667  -0.3936909
 -0.459054    0.7292673  -2.1128347   1.2266084 ]
[-0.50660527  0.7304223   0.3525562   0.945119    1.6152604   0.2718587
 -0.8890548  -0.3790155  -0.19384792 -1.713897    0.7644667  -0.3936909
 -0.459054    0.7292673  -2.1128347   1.2266084 ]
[-0.50660527  0.7304223   0.3525562   0.945119    1.6152604   0.2718587
 -0.8890548  -0.3790155  -0.19384792 -1.713897    0.7644667  -0.3936909
 -0.459054    0.7292673  -2.1128347   1.2266084 ]
[-0.50660527  0.7304223   0.3525562   0.945119    1.6152604   0.2718587
 -0.8890548  -0.3790155  -0.19384792 -1.713897    0.7644667  -0.3936909
 -0.459054    0.7292673  -2.1128347   1.2266084 ]
[-0.5300082   0.7382838   0.33711302  0.9524086   1.6000036   0.2771904
 -0.89713013 -0.3520388  -0.18783304 -1.6901453   0.74477416 -0.37879938
 -0.48764387  0.7411412  -2.1147647   1.2359488 ]
[-0.5300082   0.7382838   0.33711302  0.9524086   1.6000036   0.2771904
 -0.89713013 -0.3520388  -0.18783304 -1.6901453   0.74477416 -0.37879938
 -0.48764387  0.7411412  -2.1147647   1.2359488 ]
[-0.5300082   0.7382838   0.33711302  0.9524086   1.6000036   0.2771904
 -0.89713013 -0.3520388  -0.18783304 -1.6901453   0.74477416 -0.37879938
 -0.48764387  0.7411412  -2.1147647   1.2359488 ]
[-0.5300082   0.7382838   0.33711302  0.9524086   1.6000036   0.2771904
 -0.89713013 -0.3520388  -0.18783304 -1.6901453   0.74477416 -0.37879938
 -0.48764387  0.7411412  -2.1147647   1.2359488 ]
[-0.5300082   0.7382838   0.33711302  0.9524086   1.6000036   0.2771904
 -0.89713013 -0.3520388  -0.18783304 -1.6901453   0.74477416 -0.37879938
 -0.48764387  0.7411412  -2.1147647   1.2359488 ]
[-0.5823032   0.7197035   0.35600972  0.9566828   1.627178    0.29316944
 -0.9014176  -0.33295566 -0.14370205 -1.684502    0.723592   -0.376995
 -0.48761854  0.7283381  -2.1164951   1.2088275 ]
[-0.5823032   0.7197035   0.35600972  0.9566828   1.627178    0.29316944
 -0.9014176  -0.33295566 -0.14370205 -1.684502    0.723592   -0.376995
 -0.48761854  0.7283381  -2.1164951   1.2088275 ]
[-0.5823032   0.7197035   0.35600972  0.9566828   1.627178    0.29316944
 -0.9014176  -0.33295566 -0.14370205 -1.684502    0.723592   -0.376995
 -0.48761854  0.7283381  -2.1164951   1.2088275 ]
[-0.5823032   0.7197035   0.35600972  0.9566828   1.627178    0.29316944
 -0.9014176  -0.33295566 -0.14370205 -1.684502    0.723592   -0.376995
 -0.48761854  0.7283381  -2.1164951   1.2088275 ]
[-0.5413925   0.74650943  0.3375891   0.9296311   1.6085212   0.25367874
 -0.8406528  -0.35075432 -0.16519584 -1.6855347   0.76087284 -0.43816465
 -0.51365817  0.75652903 -2.1375225   1.2690681 ]
[-0.5413925   0.74650943  0.3375891   0.9296311   1.6085212   0.25367874
 -0.8406528  -0.35075432 -0.16519584 -1.6855347   0.76087284 -0.43816465
 -0.51365817  0.75652903 -2.1375225   1.2690681 ]
[-0.5413925   0.74650943  0.3375891   0.9296311   1.6085212   0.25367874
 -0.8406528  -0.35075432 -0.16519584 -1.6855347   0.76087284 -0.43816465
 -0.51365817  0.75652903 -2.1375225   1.2690681 ]
[-0.5413925   0.74650943  0.3375891   0.9296311   1.6085212   0.25367874
 -0.8406528  -0.35075432 -0.16519584 -1.6855347   0.76087284 -0.43816465
 -0.51365817  0.75652903 -2.1375225   1.2690681 ]
[-0.462933    0.786541    0.3338346   0.88301307  1.6198533   0.22396486
 -0.83995754 -0.39684027 -0.20614557 -1.7210602   0.8297151  -0.47170204
 -0.5345272   0.70558274 -2.091947    1.3344357 ]
[-0.462933    0.786541    0.3338346   0.88301307  1.6198533   0.22396486
 -0.83995754 -0.39684027 -0.20614557 -1.7210602   0.8297151  -0.47170204
 -0.5345272   0.70558274 -2.091947    1.3344357 ]
[-0.462933    0.786541    0.3338346   0.88301307  1.6198533   0.22396486
 -0.83995754 -0.39684027 -0.20614557 -1.7210602   0.8297151  -0.47170204
 -0.5345272   0.70558274 -2.091947    1.3344357 ]
[-0.462933    0.786541    0.3338346   0.88301307  1.6198533   0.22396486
 -0.83995754 -0.39684027 -0.20614557 -1.7210602   0.8297151  -0.47170204
 -0.5345272   0.70558274 -2.091947    1.3344357 ]
[-0.53469163  0.74779904  0.313671    0.92520726  1.6122516   0.26113623
 -0.8724884  -0.3424907  -0.14322793 -1.6912191   0.78290874 -0.413275
 -0.5307275   0.71359825 -2.1134713   1.2747113 ]
[-0.53469163  0.74779904  0.313671    0.92520726  1.6122516   0.26113623
 -0.8724884  -0.3424907  -0.14322793 -1.6912191   0.78290874 -0.413275
 -0.5307275   0.71359825 -2.1134713   1.2747113 ]
[-0.53469163  0.74779904  0.313671    0.92520726  1.6122516   0.26113623
 -0.8724884  -0.3424907  -0.14322793 -1.6912191   0.78290874 -0.413275
 -0.5307275   0.71359825 -2.1134713   1.2747113 ]
[-0.53469163  0.74779904  0.313671    0.92520726  1.6122516   0.26113623
 -0.8724884  -0.3424907  -0.14322793 -1.6912191   0.78290874 -0.413275
 -0.5307275   0.71359825 -2.1134713   1.2747113 ]
[-0.53469163  0.74779904  0.313671    0.92520726  1.6122516   0.26113623
 -0.8724884  -0.3424907  -0.14322793 -1.6912191   0.78290874 -0.413275
 -0.5307275   0.71359825 -2.1134713   1.2747113 ]
[-0.4600388   0.7416705   0.32461935  0.9184667   1.6241238   0.22368443
 -0.84970874 -0.37634236 -0.20678389 -1.7222407   0.78708255 -0.4406765
 -0.45729214  0.71999246 -2.1180608   1.2812122 ]
[-0.4600388   0.7416705   0.32461935  0.9184667   1.6241238   0.22368443
 -0.84970874 -0.37634236 -0.20678389 -1.7222407   0.78708255 -0.4406765
 -0.45729214  0.71999246 -2.1180608   1.2812122 ]
[-0.4600388   0.7416705   0.32461935  0.9184667   1.6241238   0.22368443
 -0.84970874 -0.37634236 -0.20678389 -1.7222407   0.78708255 -0.4406765
 -0.45729214  0.71999246 -2.1180608   1.2812122 ]
[-0.4600388   0.7416705   0.32461935  0.9184667   1.6241238   0.22368443
 -0.84970874 -0.37634236 -0.20678389 -1.7222407   0.78708255 -0.4406765
 -0.45729214  0.71999246 -2.1180608   1.2812122 ]
[-0.4600388   0.7416705   0.32461935  0.9184667   1.6241238   0.22368443
 -0.84970874 -0.37634236 -0.20678389 -1.7222407   0.78708255 -0.4406765
 -0.45729214  0.71999246 -2.1180608   1.2812122 ]
[-0.45027566  0.71511793  0.33873647  0.92886364  1.6455095   0.22597711
 -0.82793045 -0.4167615  -0.255593   -1.7155383   0.7935179  -0.44844168
 -0.4304288   0.7518196  -2.114818    1.2482269 ]
[-0.45027566  0.71511793  0.33873647  0.92886364  1.6455095   0.22597711
 -0.82793045 -0.4167615  -0.255593   -1.7155383   0.7935179  -0.44844168
 -0.4304288   0.7518196  -2.114818    1.2482269 ]
[-0.45027566  0.71511793  0.33873647  0.92886364  1.6455095   0.22597711
 -0.82793045 -0.4167615  -0.255593   -1.7155383   0.7935179  -0.44844168
 -0.4304288   0.7518196  -2.114818    1.2482269 ]
[-0.45027566  0.71511793  0.33873647  0.92886364  1.6455095   0.22597711
 -0.82793045 -0.4167615  -0.255593   -1.7155383   0.7935179  -0.44844168
 -0.4304288   0.7518196  -2.114818    1.2482269 ]
[-0.57934034  0.7703292   0.37839442  0.88976634  1.6118376   0.29993433
 -0.9420145  -0.34551278 -0.15833542 -1.6993469   0.7687256  -0.38705355
 -0.5038552   0.6945659  -2.0517764   1.2425638 ]
[-0.57934034  0.7703292   0.37839442  0.88976634  1.6118376   0.29993433
 -0.9420145  -0.34551278 -0.15833542 -1.6993469   0.7687256  -0.38705355
 -0.5038552   0.6945659  -2.0517764   1.2425638 ]
[-0.57934034  0.7703292   0.37839442  0.88976634  1.6118376   0.29993433
 -0.9420145  -0.34551278 -0.15833542 -1.6993469   0.7687256  -0.38705355
 -0.5038552   0.6945659  -2.0517764   1.2425638 ]
[-0.57934034  0.7703292   0.37839442  0.88976634  1.6118376   0.29993433
 -0.9420145  -0.34551278 -0.15833542 -1.6993469   0.7687256  -0.38705355
 -0.5038552   0.6945659  -2.0517764   1.2425638 ]
[-0.57934034  0.7703292   0.37839442  0.88976634  1.6118376   0.29993433
 -0.9420145  -0.34551278 -0.15833542 -1.6993469   0.7687256  -0.38705355
 -0.5038552   0.6945659  -2.0517764   1.2425638 ]
[-0.551809    0.79460514  0.347006    0.8546462   1.6242826   0.26455688
 -0.9283549  -0.3568154  -0.1517557  -1.7149975   0.8027806  -0.43177205
 -0.51710576  0.69694483 -2.051963    1.3114984 ]
[-0.551809    0.79460514  0.347006    0.8546462   1.6242826   0.26455688
 -0.9283549  -0.3568154  -0.1517557  -1.7149975   0.8027806  -0.43177205
 -0.51710576  0.69694483 -2.051963    1.3114984 ]
[-0.551809    0.79460514  0.347006    0.8546462   1.6242826   0.26455688
 -0.9283549  -0.3568154  -0.1517557  -1.7149975   0.8027806  -0.43177205
 -0.51710576  0.69694483 -2.051963    1.3114984 ]
[-0.551809    0.79460514  0.347006    0.8546462   1.6242826   0.26455688
 -0.9283549  -0.3568154  -0.1517557  -1.7149975   0.8027806  -0.43177205
 -0.51710576  0.69694483 -2.051963    1.3114984 ]
[-0.44938478  0.794953    0.31857446  0.8579483   1.6398785   0.19729899
 -0.86957616 -0.40569776 -0.20954962 -1.7438154   0.8528656  -0.5032615
 -0.50263613  0.69629204 -2.0630474   1.3830528 ]
[-0.44938478  0.794953    0.31857446  0.8579483   1.6398785   0.19729899
 -0.86957616 -0.40569776 -0.20954962 -1.7438154   0.8528656  -0.5032615
 -0.50263613  0.69629204 -2.0630474   1.3830528 ]
[-0.44938478  0.794953    0.31857446  0.8579483   1.6398785   0.19729899
 -0.86957616 -0.40569776 -0.20954962 -1.7438154   0.8528656  -0.5032615
 -0.50263613  0.69629204 -2.0630474   1.3830528 ]
[-0.44938478  0.794953    0.31857446  0.8579483   1.6398785   0.19729899
 -0.86957616 -0.40569776 -0.20954962 -1.7438154   0.8528656  -0.5032615
 -0.50263613  0.69629204 -2.0630474   1.3830528 ]
[-0.44938478  0.794953    0.31857446  0.8579483   1.6398785   0.19729899
 -0.86957616 -0.40569776 -0.20954962 -1.7438154   0.8528656  -0.5032615
 -0.50263613  0.69629204 -2.0630474   1.3830528 ]
[-0.45380569  0.75697243  0.3050524   0.9007222   1.6379929   0.19011258
 -0.84900844 -0.39084557 -0.20352784 -1.7337401   0.8248954  -0.4985413
 -0.48441142  0.7179287  -2.0911453   1.3643471 ]
[-0.45380569  0.75697243  0.3050524   0.9007222   1.6379929   0.19011258
 -0.84900844 -0.39084557 -0.20352784 -1.7337401   0.8248954  -0.4985413
 -0.48441142  0.7179287  -2.0911453   1.3643471 ]
[-0.45380569  0.75697243  0.3050524   0.9007222   1.6379929   0.19011258
 -0.84900844 -0.39084557 -0.20352784 -1.7337401   0.8248954  -0.4985413
 -0.48441142  0.7179287  -2.0911453   1.3643471 ]
[-0.45380569  0.75697243  0.3050524   0.9007222   1.6379929   0.19011258
 -0.84900844 -0.39084557 -0.20352784 -1.7337401   0.8248954  -0.4985413
 -0.48441142  0.7179287  -2.0911453   1.3643471 ]
[-0.45380569  0.75697243  0.3050524   0.9007222   1.6379929   0.19011258
 -0.84900844 -0.39084557 -0.20352784 -1.7337401   0.8248954  -0.4985413
 -0.48441142  0.7179287  -2.0911453   1.3643471 ]
[-0.48911443  0.74250346  0.32159978  0.94176483  1.6150793   0.22058542
 -0.8575495  -0.38230905 -0.1982556  -1.7300571   0.79266083 -0.45352966
 -0.46189126  0.7328679  -2.1050715   1.301255  ]
[-0.48911443  0.74250346  0.32159978  0.94176483  1.6150793   0.22058542
 -0.8575495  -0.38230905 -0.1982556  -1.7300571   0.79266083 -0.45352966
 -0.46189126  0.7328679  -2.1050715   1.301255  ]
[-0.48911443  0.74250346  0.32159978  0.94176483  1.6150793   0.22058542
 -0.8575495  -0.38230905 -0.1982556  -1.7300571   0.79266083 -0.45352966
 -0.46189126  0.7328679  -2.1050715   1.301255  ]
[-0.48911443  0.74250346  0.32159978  0.94176483  1.6150793   0.22058542
 -0.8575495  -0.38230905 -0.1982556  -1.7300571   0.79266083 -0.45352966
 -0.46189126  0.7328679  -2.1050715   1.301255  ]
[-0.49954695  0.7225016   0.3277091   0.95746917  1.6207253   0.24389689
 -0.8643063  -0.39550018 -0.23061092 -1.7158489   0.78289336 -0.44262558
 -0.44570914  0.7658494  -2.1012359   1.2633557 ]
[-0.49954695  0.7225016   0.3277091   0.95746917  1.6207253   0.24389689
 -0.8643063  -0.39550018 -0.23061092 -1.7158489   0.78289336 -0.44262558
 -0.44570914  0.7658494  -2.1012359   1.2633557 ]
[-0.49954695  0.7225016   0.3277091   0.95746917  1.6207253   0.24389689
 -0.8643063  -0.39550018 -0.23061092 -1.7158489   0.78289336 -0.44262558
 -0.44570914  0.7658494  -2.1012359   1.2633557 ]
[-0.49954695  0.7225016   0.3277091   0.95746917  1.6207253   0.24389689
 -0.8643063  -0.39550018 -0.23061092 -1.7158489   0.78289336 -0.44262558
 -0.44570914  0.7658494  -2.1012359   1.2633557 ]
[-0.5094834   0.7566446   0.3142108   0.95706016  1.5770218   0.26593804
 -0.8777706  -0.36081436 -0.19555767 -1.6897827   0.7558509  -0.3974325
 -0.5168598   0.7594582  -2.1217742   1.2735327 ]
[-0.5094834   0.7566446   0.3142108   0.95706016  1.5770218   0.26593804
 -0.8777706  -0.36081436 -0.19555767 -1.6897827   0.7558509  -0.3974325
 -0.5168598   0.7594582  -2.1217742   1.2735327 ]
[-0.5094834   0.7566446   0.3142108   0.95706016  1.5770218   0.26593804
 -0.8777706  -0.36081436 -0.19555767 -1.6897827   0.7558509  -0.3974325
 -0.5168598   0.7594582  -2.1217742   1.2735327 ]
[-0.5094834   0.7566446   0.3142108   0.95706016  1.5770218   0.26593804
 -0.8777706  -0.36081436 -0.19555767 -1.6897827   0.7558509  -0.3974325
 -0.5168598   0.7594582  -2.1217742   1.2735327 ]
[-0.5582708   0.7330678   0.3370571   0.94979763  1.6147649   0.2581324
 -0.8813757  -0.3337164  -0.13649385 -1.6843973   0.7380869  -0.40626246
 -0.5158703   0.74323004 -2.1260533   1.2578591 ]
[-0.5582708   0.7330678   0.3370571   0.94979763  1.6147649   0.2581324
 -0.8813757  -0.3337164  -0.13649385 -1.6843973   0.7380869  -0.40626246
 -0.5158703   0.74323004 -2.1260533   1.2578591 ]
[-0.5582708   0.7330678   0.3370571   0.94979763  1.6147649   0.2581324
 -0.8813757  -0.3337164  -0.13649385 -1.6843973   0.7380869  -0.40626246
 -0.5158703   0.74323004 -2.1260533   1.2578591 ]
[-0.5582708   0.7330678   0.3370571   0.94979763  1.6147649   0.2581324
 -0.8813757  -0.3337164  -0.13649385 -1.6843973   0.7380869  -0.40626246
 -0.5158703   0.74323004 -2.1260533   1.2578591 ]
[-0.55602     0.7975067   0.33318657  0.8691332   1.6210388   0.2557246
 -0.91660273 -0.34776196 -0.12455805 -1.7103984   0.8153747  -0.431459
 -0.54549444  0.6894318  -2.0708604   1.3133857 ]
[-0.55602     0.7975067   0.33318657  0.8691332   1.6210388   0.2557246
 -0.91660273 -0.34776196 -0.12455805 -1.7103984   0.8153747  -0.431459
 -0.54549444  0.6894318  -2.0708604   1.3133857 ]
[-0.55602     0.7975067   0.33318657  0.8691332   1.6210388   0.2557246
 -0.91660273 -0.34776196 -0.12455805 -1.7103984   0.8153747  -0.431459
 -0.54549444  0.6894318  -2.0708604   1.3133857 ]
[-0.55602     0.7975067   0.33318657  0.8691332   1.6210388   0.2557246
 -0.91660273 -0.34776196 -0.12455805 -1.7103984   0.8153747  -0.431459
 -0.54549444  0.6894318  -2.0708604   1.3133857 ]
[-0.4532779   0.77971333  0.29961833  0.8912916   1.6410351   0.19878188
 -0.8492762  -0.39563885 -0.18811034 -1.7318141   0.8340009  -0.49362317
 -0.5119898   0.70942867 -2.093066    1.3561233 ]
[-0.4532779   0.77971333  0.29961833  0.8912916   1.6410351   0.19878188
 -0.8492762  -0.39563885 -0.18811034 -1.7318141   0.8340009  -0.49362317
 -0.5119898   0.70942867 -2.093066    1.3561233 ]
[-0.4532779   0.77971333  0.29961833  0.8912916   1.6410351   0.19878188
 -0.8492762  -0.39563885 -0.18811034 -1.7318141   0.8340009  -0.49362317
 -0.5119898   0.70942867 -2.093066    1.3561233 ]
[-0.4532779   0.77971333  0.29961833  0.8912916   1.6410351   0.19878188
 -0.8492762  -0.39563885 -0.18811034 -1.7318141   0.8340009  -0.49362317
 -0.5119898   0.70942867 -2.093066    1.3561233 ]
[-0.47710475  0.7757795   0.31235072  0.9099285   1.6112782   0.22194114
 -0.855801   -0.38049358 -0.18392658 -1.726773    0.8151267  -0.4581848
 -0.5042124   0.7298962  -2.1098151   1.31127   ]
[-0.47710475  0.7757795   0.31235072  0.9099285   1.6112782   0.22194114
 -0.855801   -0.38049358 -0.18392658 -1.726773    0.8151267  -0.4581848
 -0.5042124   0.7298962  -2.1098151   1.31127   ]
[-0.47710475  0.7757795   0.31235072  0.9099285   1.6112782   0.22194114
 -0.855801   -0.38049358 -0.18392658 -1.726773    0.8151267  -0.4581848
 -0.5042124   0.7298962  -2.1098151   1.31127   ]
[-0.47710475  0.7757795   0.31235072  0.9099285   1.6112782   0.22194114
 -0.855801   -0.38049358 -0.18392658 -1.726773    0.8151267  -0.4581848
 -0.5042124   0.7298962  -2.1098151   1.31127   ]
[-0.47710475  0.7757795   0.31235072  0.9099285   1.6112782   0.22194114
 -0.855801   -0.38049358 -0.18392658 -1.726773    0.8151267  -0.4581848
 -0.5042124   0.7298962  -2.1098151   1.31127   ]
[-0.4846936   0.7321515   0.33653802  0.95161694  1.6073853   0.24442676
 -0.85354453 -0.37926948 -0.19374855 -1.7159803   0.7701262  -0.41788945
 -0.4724393   0.7499958  -2.134796    1.2485542 ]
[-0.4846936   0.7321515   0.33653802  0.95161694  1.6073853   0.24442676
 -0.85354453 -0.37926948 -0.19374855 -1.7159803   0.7701262  -0.41788945
 -0.4724393   0.7499958  -2.134796    1.2485542 ]
[-0.4846936   0.7321515   0.33653802  0.95161694  1.6073853   0.24442676
 -0.85354453 -0.37926948 -0.19374855 -1.7159803   0.7701262  -0.41788945
 -0.4724393   0.7499958  -2.134796    1.2485542 ]
[-0.4846936   0.7321515   0.33653802  0.95161694  1.6073853   0.24442676
 -0.85354453 -0.37926948 -0.19374855 -1.7159803   0.7701262  -0.41788945
 -0.4724393   0.7499958  -2.134796    1.2485542 ]
[-0.4846936   0.7321515   0.33653802  0.95161694  1.6073853   0.24442676
 -0.85354453 -0.37926948 -0.19374855 -1.7159803   0.7701262  -0.41788945
 -0.4724393   0.7499958  -2.134796    1.2485542 ]
[-0.4983421   0.7519059   0.33483225  0.9432896   1.5871649   0.25925627
 -0.86969197 -0.36620325 -0.19237675 -1.7038314   0.7632521  -0.39612243
 -0.49157357  0.74914145 -2.1304595   1.2485288 ]
[-0.4983421   0.7519059   0.33483225  0.9432896   1.5871649   0.25925627
 -0.86969197 -0.36620325 -0.19237675 -1.7038314   0.7632521  -0.39612243
 -0.49157357  0.74914145 -2.1304595   1.2485288 ]
[-0.4983421   0.7519059   0.33483225  0.9432896   1.5871649   0.25925627
 -0.86969197 -0.36620325 -0.19237675 -1.7038314   0.7632521  -0.39612243
 -0.49157357  0.74914145 -2.1304595   1.2485288 ]
[-0.4983421   0.7519059   0.33483225  0.9432896   1.5871649   0.25925627
 -0.86969197 -0.36620325 -0.19237675 -1.7038314   0.7632521  -0.39612243
 -0.49157357  0.74914145 -2.1304595   1.2485288 ]
[-0.4983421   0.7519059   0.33483225  0.9432896   1.5871649   0.25925627
 -0.86969197 -0.36620325 -0.19237675 -1.7038314   0.7632521  -0.39612243
 -0.49157357  0.74914145 -2.1304595   1.2485288 ]
[-0.5784286   0.7382251   0.35997018  0.93868923  1.6098846   0.28267494
 -0.8968851  -0.3334025  -0.12772031 -1.6845194   0.7411994  -0.37230015
 -0.5071366   0.7288617  -2.1223102   1.210605  ]
[-0.5784286   0.7382251   0.35997018  0.93868923  1.6098846   0.28267494
 -0.8968851  -0.3334025  -0.12772031 -1.6845194   0.7411994  -0.37230015
 -0.5071366   0.7288617  -2.1223102   1.210605  ]
[-0.5784286   0.7382251   0.35997018  0.93868923  1.6098846   0.28267494
 -0.8968851  -0.3334025  -0.12772031 -1.6845194   0.7411994  -0.37230015
 -0.5071366   0.7288617  -2.1223102   1.210605  ]
[-0.5784286   0.7382251   0.35997018  0.93868923  1.6098846   0.28267494
 -0.8968851  -0.3334025  -0.12772031 -1.6845194   0.7411994  -0.37230015
 -0.5071366   0.7288617  -2.1223102   1.210605  ]
[-0.55771416  0.8152437   0.35109812  0.8342279   1.6143866   0.26614195
 -0.92837036 -0.3488425  -0.13735807 -1.720966    0.82688296 -0.42161903
 -0.5289812   0.685377   -2.0556188   1.2969708 ]
[-0.55771416  0.8152437   0.35109812  0.8342279   1.6143866   0.26614195
 -0.92837036 -0.3488425  -0.13735807 -1.720966    0.82688296 -0.42161903
 -0.5289812   0.685377   -2.0556188   1.2969708 ]
[-0.55771416  0.8152437   0.35109812  0.8342279   1.6143866   0.26614195
 -0.92837036 -0.3488425  -0.13735807 -1.720966    0.82688296 -0.42161903
 -0.5289812   0.685377   -2.0556188   1.2969708 ]
[-0.55771416  0.8152437   0.35109812  0.8342279   1.6143866   0.26614195
 -0.92837036 -0.3488425  -0.13735807 -1.720966    0.82688296 -0.42161903
 -0.5289812   0.685377   -2.0556188   1.2969708 ]
[-0.4611546   0.7927945   0.3227599   0.873915    1.6253309   0.19967102
 -0.8528659  -0.39085567 -0.19182602 -1.7381446   0.8438824  -0.487686
 -0.50713235  0.7013997  -2.0911074   1.3535502 ]
[-0.4611546   0.7927945   0.3227599   0.873915    1.6253309   0.19967102
 -0.8528659  -0.39085567 -0.19182602 -1.7381446   0.8438824  -0.487686
 -0.50713235  0.7013997  -2.0911074   1.3535502 ]
[-0.4611546   0.7927945   0.3227599   0.873915    1.6253309   0.19967102
 -0.8528659  -0.39085567 -0.19182602 -1.7381446   0.8438824  -0.487686
 -0.50713235  0.7013997  -2.0911074   1.3535502 ]
[-0.4611546   0.7927945   0.3227599   0.873915    1.6253309   0.19967102
 -0.8528659  -0.39085567 -0.19182602 -1.7381446   0.8438824  -0.487686
 -0.50713235  0.7013997  -2.0911074   1.3535502 ]
[-0.4611546   0.7927945   0.3227599   0.873915    1.6253309   0.19967102
 -0.8528659  -0.39085567 -0.19182602 -1.7381446   0.8438824  -0.487686
 -0.50713235  0.7013997  -2.0911074   1.3535502 ]
[-0.47431493  0.7588321   0.31198585  0.91470355  1.621471    0.20240614
 -0.8319527  -0.39189628 -0.20479107 -1.7384205   0.82225055 -0.48347402
 -0.47293192  0.74054587 -2.1049716   1.3218193 ]
[-0.47431493  0.7588321   0.31198585  0.91470355  1.621471    0.20240614
 -0.8319527  -0.39189628 -0.20479107 -1.7384205   0.82225055 -0.48347402
 -0.47293192  0.74054587 -2.1049716   1.3218193 ]
[-0.47431493  0.7588321   0.31198585  0.91470355  1.621471    0.20240614
 -0.8319527  -0.39189628 -0.20479107 -1.7384205   0.82225055 -0.48347402
 -0.47293192  0.74054587 -2.1049716   1.3218193 ]
[-0.47431493  0.7588321   0.31198585  0.91470355  1.621471    0.20240614
 -0.8319527  -0.39189628 -0.20479107 -1.7384205   0.82225055 -0.48347402
 -0.47293192  0.74054587 -2.1049716   1.3218193 ]
[-0.50959146  0.76728505  0.33282512  0.917191    1.6018484   0.24533002
 -0.87291336 -0.39064002 -0.20133305 -1.7352943   0.81172055 -0.43785152
 -0.46542376  0.73771495 -2.0878549   1.276597  ]
[-0.50959146  0.76728505  0.33282512  0.917191    1.6018484   0.24533002
 -0.87291336 -0.39064002 -0.20133305 -1.7352943   0.81172055 -0.43785152
 -0.46542376  0.73771495 -2.0878549   1.276597  ]
[-0.50959146  0.76728505  0.33282512  0.917191    1.6018484   0.24533002
 -0.87291336 -0.39064002 -0.20133305 -1.7352943   0.81172055 -0.43785152
 -0.46542376  0.73771495 -2.0878549   1.276597  ]
[-0.50959146  0.76728505  0.33282512  0.917191    1.6018484   0.24533002
 -0.87291336 -0.39064002 -0.20133305 -1.7352943   0.81172055 -0.43785152
 -0.46542376  0.73771495 -2.0878549   1.276597  ]
[-0.50959146  0.76728505  0.33282512  0.917191    1.6018484   0.24533002
 -0.87291336 -0.39064002 -0.20133305 -1.7352943   0.81172055 -0.43785152
 -0.46542376  0.73771495 -2.0878549   1.276597  ]
[-0.5069519   0.74483514  0.35011634  0.9191681   1.6161649   0.25952417
 -0.8778902  -0.40907502 -0.2316993  -1.7249016   0.81216276 -0.42502132
 -0.4538107   0.7596944  -2.0852807   1.2407173 ]
[-0.5069519   0.74483514  0.35011634  0.9191681   1.6161649   0.25952417
 -0.8778902  -0.40907502 -0.2316993  -1.7249016   0.81216276 -0.42502132
 -0.4538107   0.7596944  -2.0852807   1.2407173 ]
[-0.5069519   0.74483514  0.35011634  0.9191681   1.6161649   0.25952417
 -0.8778902  -0.40907502 -0.2316993  -1.7249016   0.81216276 -0.42502132
 -0.4538107   0.7596944  -2.0852807   1.2407173 ]
[-0.5069519   0.74483514  0.35011634  0.9191681   1.6161649   0.25952417
 -0.8778902  -0.40907502 -0.2316993  -1.7249016   0.81216276 -0.42502132
 -0.4538107   0.7596944  -2.0852807   1.2407173 ]
[-0.5069519   0.74483514  0.35011634  0.9191681   1.6161649   0.25952417
 -0.8778902  -0.40907502 -0.2316993  -1.7249016   0.81216276 -0.42502132
 -0.4538107   0.7596944  -2.0852807   1.2407173 ]
[-0.5969126   0.71741164  0.37315977  0.9585902   1.6038885   0.30607587
 -0.9120716  -0.33906937 -0.14226405 -1.686409    0.730899   -0.36015275
 -0.49478322  0.73865575 -2.1058953   1.1953856 ]
[-0.5969126   0.71741164  0.37315977  0.9585902   1.6038885   0.30607587
 -0.9120716  -0.33906937 -0.14226405 -1.686409    0.730899   -0.36015275
 -0.49478322  0.73865575 -2.1058953   1.1953856 ]
[-0.5969126   0.71741164  0.37315977  0.9585902   1.6038885   0.30607587
 -0.9120716  -0.33906937 -0.14226405 -1.686409    0.730899   -0.36015275
 -0.49478322  0.73865575 -2.1058953   1.1953856 ]
[-0.5969126   0.71741164  0.37315977  0.9585902   1.6038885   0.30607587
 -0.9120716  -0.33906937 -0.14226405 -1.686409    0.730899   -0.36015275
 -0.49478322  0.73865575 -2.1058953   1.1953856 ]
[-0.5728335   0.7688759   0.35462645  0.90799505  1.5889099   0.27656907
 -0.89009774 -0.34640598 -0.1442459  -1.6962306   0.77122724 -0.4049871
 -0.52885556  0.7394353  -2.099216    1.2647222 ]
[-0.5728335   0.7688759   0.35462645  0.90799505  1.5889099   0.27656907
 -0.89009774 -0.34640598 -0.1442459  -1.6962306   0.77122724 -0.4049871
 -0.52885556  0.7394353  -2.099216    1.2647222 ]
[-0.5728335   0.7688759   0.35462645  0.90799505  1.5889099   0.27656907
 -0.89009774 -0.34640598 -0.1442459  -1.6962306   0.77122724 -0.4049871
 -0.52885556  0.7394353  -2.099216    1.2647222 ]
[-0.5728335   0.7688759   0.35462645  0.90799505  1.5889099   0.27656907
 -0.89009774 -0.34640598 -0.1442459  -1.6962306   0.77122724 -0.4049871
 -0.52885556  0.7394353  -2.099216    1.2647222 ]
[-0.54059637  0.80808353  0.3311823   0.86133415  1.6117222   0.24659987
 -0.91121805 -0.3643665  -0.15761015 -1.731185    0.8344039  -0.45189133
 -0.5290011   0.68961835 -2.049248    1.3448263 ]
[-0.54059637  0.80808353  0.3311823   0.86133415  1.6117222   0.24659987
 -0.91121805 -0.3643665  -0.15761015 -1.731185    0.8344039  -0.45189133
 -0.5290011   0.68961835 -2.049248    1.3448263 ]
[-0.54059637  0.80808353  0.3311823   0.86133415  1.6117222   0.24659987
 -0.91121805 -0.3643665  -0.15761015 -1.731185    0.8344039  -0.45189133
 -0.5290011   0.68961835 -2.049248    1.3448263 ]
[-0.54059637  0.80808353  0.3311823   0.86133415  1.6117222   0.24659987
 -0.91121805 -0.3643665  -0.15761015 -1.731185    0.8344039  -0.45189133
 -0.5290011   0.68961835 -2.049248    1.3448263 ]
[-0.4756601   0.76880586  0.30932012  0.9053184   1.6160867   0.20153078
 -0.84455794 -0.38666725 -0.20214236 -1.7377319   0.82803965 -0.49098223
 -0.48576802  0.7327824  -2.0939384   1.3478817 ]
[-0.4756601   0.76880586  0.30932012  0.9053184   1.6160867   0.20153078
 -0.84455794 -0.38666725 -0.20214236 -1.7377319   0.82803965 -0.49098223
 -0.48576802  0.7327824  -2.0939384   1.3478817 ]
[-0.4756601   0.76880586  0.30932012  0.9053184   1.6160867   0.20153078
 -0.84455794 -0.38666725 -0.20214236 -1.7377319   0.82803965 -0.49098223
 -0.48576802  0.7327824  -2.0939384   1.3478817 ]
[-0.4756601   0.76880586  0.30932012  0.9053184   1.6160867   0.20153078
 -0.84455794 -0.38666725 -0.20214236 -1.7377319   0.82803965 -0.49098223
 -0.48576802  0.7327824  -2.0939384   1.3478817 ]
[-0.50480574  0.7676599   0.3243335   0.9171063   1.5951735   0.22778109
 -0.8748344  -0.36710188 -0.19016482 -1.7327509   0.80509007 -0.4441929
 -0.4785517   0.7339227  -2.0938945   1.3060062 ]
[-0.50480574  0.7676599   0.3243335   0.9171063   1.5951735   0.22778109
 -0.8748344  -0.36710188 -0.19016482 -1.7327509   0.80509007 -0.4441929
 -0.4785517   0.7339227  -2.0938945   1.3060062 ]
[-0.50480574  0.7676599   0.3243335   0.9171063   1.5951735   0.22778109
 -0.8748344  -0.36710188 -0.19016482 -1.7327509   0.80509007 -0.4441929
 -0.4785517   0.7339227  -2.0938945   1.3060062 ]
[-0.50480574  0.7676599   0.3243335   0.9171063   1.5951735   0.22778109
 -0.8748344  -0.36710188 -0.19016482 -1.7327509   0.80509007 -0.4441929
 -0.4785517   0.7339227  -2.0938945   1.3060062 ]
[-0.50480574  0.7676599   0.3243335   0.9171063   1.5951735   0.22778109
 -0.8748344  -0.36710188 -0.19016482 -1.7327509   0.80509007 -0.4441929
 -0.4785517   0.7339227  -2.0938945   1.3060062 ]
[-0.5057921   0.7074664   0.34281772  0.9721009   1.6082761   0.24201071
 -0.8653883  -0.37570295 -0.21042666 -1.7147028   0.7604535  -0.4138655
 -0.4438948   0.76872647 -2.1231456   1.2388227 ]
[-0.5057921   0.7074664   0.34281772  0.9721009   1.6082761   0.24201071
 -0.8653883  -0.37570295 -0.21042666 -1.7147028   0.7604535  -0.4138655
 -0.4438948   0.76872647 -2.1231456   1.2388227 ]
[-0.5057921   0.7074664   0.34281772  0.9721009   1.6082761   0.24201071
 -0.8653883  -0.37570295 -0.21042666 -1.7147028   0.7604535  -0.4138655
 -0.4438948   0.76872647 -2.1231456   1.2388227 ]
[-0.5057921   0.7074664   0.34281772  0.9721009   1.6082761   0.24201071
 -0.8653883  -0.37570295 -0.21042666 -1.7147028   0.7604535  -0.4138655
 -0.4438948   0.76872647 -2.1231456   1.2388227 ]
[-0.5938564   0.69919264  0.35803956  0.98411816  1.6112416   0.30009753
 -0.9190029  -0.32375377 -0.13598835 -1.6771253   0.7079951  -0.36036712
 -0.4871811   0.74121416 -2.1129959   1.1952832 ]
[-0.5938564   0.69919264  0.35803956  0.98411816  1.6112416   0.30009753
 -0.9190029  -0.32375377 -0.13598835 -1.6771253   0.7079951  -0.36036712
 -0.4871811   0.74121416 -2.1129959   1.1952832 ]
[-0.5938564   0.69919264  0.35803956  0.98411816  1.6112416   0.30009753
 -0.9190029  -0.32375377 -0.13598835 -1.6771253   0.7079951  -0.36036712
 -0.4871811   0.74121416 -2.1129959   1.1952832 ]
[-0.5938564   0.69919264  0.35803956  0.98411816  1.6112416   0.30009753
 -0.9190029  -0.32375377 -0.13598835 -1.6771253   0.7079951  -0.36036712
 -0.4871811   0.74121416 -2.1129959   1.1952832 ]
[-0.5630868   0.74796957  0.35357502  0.9366062   1.5999248   0.26773313
 -0.8893288  -0.33807653 -0.13865907 -1.6865396   0.741459   -0.40289077
 -0.52222604  0.74633193 -2.1177044   1.2543452 ]
[-0.5630868   0.74796957  0.35357502  0.9366062   1.5999248   0.26773313
 -0.8893288  -0.33807653 -0.13865907 -1.6865396   0.741459   -0.40289077
 -0.52222604  0.74633193 -2.1177044   1.2543452 ]
[-0.5630868   0.74796957  0.35357502  0.9366062   1.5999248   0.26773313
 -0.8893288  -0.33807653 -0.13865907 -1.6865396   0.741459   -0.40289077
 -0.52222604  0.74633193 -2.1177044   1.2543452 ]
[-0.5630868   0.74796957  0.35357502  0.9366062   1.5999248   0.26773313
 -0.8893288  -0.33807653 -0.13865907 -1.6865396   0.741459   -0.40289077
 -0.52222604  0.74633193 -2.1177044   1.2543452 ]
[-0.5630868   0.74796957  0.35357502  0.9366062   1.5999248   0.26773313
 -0.8893288  -0.33807653 -0.13865907 -1.6865396   0.741459   -0.40289077
 -0.52222604  0.74633193 -2.1177044   1.2543452 ]
[-0.5597154   0.80193055  0.34334007  0.8684128   1.6114628   0.26005086
 -0.9211219  -0.35261935 -0.12221637 -1.7132946   0.81635827 -0.42957228
 -0.548978    0.6929071  -2.0681891   1.3127755 ]
[-0.5597154   0.80193055  0.34334007  0.8684128   1.6114628   0.26005086
 -0.9211219  -0.35261935 -0.12221637 -1.7132946   0.81635827 -0.42957228
 -0.548978    0.6929071  -2.0681891   1.3127755 ]
[-0.5597154   0.80193055  0.34334007  0.8684128   1.6114628   0.26005086
 -0.9211219  -0.35261935 -0.12221637 -1.7132946   0.81635827 -0.42957228
 -0.548978    0.6929071  -2.0681891   1.3127755 ]
[-0.5597154   0.80193055  0.34334007  0.8684128   1.6114628   0.26005086
 -0.9211219  -0.35261935 -0.12221637 -1.7132946   0.81635827 -0.42957228
 -0.548978    0.6929071  -2.0681891   1.3127755 ]
[-0.5597154   0.80193055  0.34334007  0.8684128   1.6114628   0.26005086
 -0.9211219  -0.35261935 -0.12221637 -1.7132946   0.81635827 -0.42957228
 -0.548978    0.6929071  -2.0681891   1.3127755 ]
[-0.46859592  0.78702354  0.32029307  0.8891718   1.6234372   0.20732489
 -0.86311877 -0.39276108 -0.18237957 -1.7365859   0.8389181  -0.48313802
 -0.5107256   0.7079708  -2.0905738   1.3461342 ]
[-0.46859592  0.78702354  0.32029307  0.8891718   1.6234372   0.20732489
 -0.86311877 -0.39276108 -0.18237957 -1.7365859   0.8389181  -0.48313802
 -0.5107256   0.7079708  -2.0905738   1.3461342 ]
[-0.46859592  0.78702354  0.32029307  0.8891718   1.6234372   0.20732489
 -0.86311877 -0.39276108 -0.18237957 -1.7365859   0.8389181  -0.48313802
 -0.5107256   0.7079708  -2.0905738   1.3461342 ]
[-0.46859592  0.78702354  0.32029307  0.8891718   1.6234372   0.20732489
 -0.86311877 -0.39276108 -0.18237957 -1.7365859   0.8389181  -0.48313802
 -0.5107256   0.7079708  -2.0905738   1.3461342 ]
[-0.490055    0.7691866   0.31893757  0.91491807  1.608432    0.22652702
 -0.865384   -0.38019216 -0.18248954 -1.7305542   0.8131231  -0.45377073
 -0.49113846  0.7307929  -2.1039145   1.3064524 ]
[-0.490055    0.7691866   0.31893757  0.91491807  1.608432    0.22652702
 -0.865384   -0.38019216 -0.18248954 -1.7305542   0.8131231  -0.45377073
 -0.49113846  0.7307929  -2.1039145   1.3064524 ]
[-0.490055    0.7691866   0.31893757  0.91491807  1.608432    0.22652702
 -0.865384   -0.38019216 -0.18248954 -1.7305542   0.8131231  -0.45377073
 -0.49113846  0.7307929  -2.1039145   1.3064524 ]
[-0.490055    0.7691866   0.31893757  0.91491807  1.608432    0.22652702
 -0.865384   -0.38019216 -0.18248954 -1.7305542   0.8131231  -0.45377073
 -0.49113846  0.7307929  -2.1039145   1.3064524 ]
[-0.48832506  0.7230392   0.33913782  0.95791847  1.6072239   0.24841627
 -0.86280954 -0.38369152 -0.20364693 -1.7161386   0.7620509  -0.4150195
 -0.45925522  0.75726104 -2.1277802   1.250096  ]
[-0.48832506  0.7230392   0.33913782  0.95791847  1.6072239   0.24841627
 -0.86280954 -0.38369152 -0.20364693 -1.7161386   0.7620509  -0.4150195
 -0.45925522  0.75726104 -2.1277802   1.250096  ]
[-0.48832506  0.7230392   0.33913782  0.95791847  1.6072239   0.24841627
 -0.86280954 -0.38369152 -0.20364693 -1.7161386   0.7620509  -0.4150195
 -0.45925522  0.75726104 -2.1277802   1.250096  ]
[-0.48832506  0.7230392   0.33913782  0.95791847  1.6072239   0.24841627
 -0.86280954 -0.38369152 -0.20364693 -1.7161386   0.7620509  -0.4150195
 -0.45925522  0.75726104 -2.1277802   1.250096  ]
[-0.48832506  0.7230392   0.33913782  0.95791847  1.6072239   0.24841627
 -0.86280954 -0.38369152 -0.20364693 -1.7161386   0.7620509  -0.4150195
 -0.45925522  0.75726104 -2.1277802   1.250096  ]
[-0.51294863  0.729878    0.34176037  0.96654576  1.5917805   0.27184978
 -0.87818897 -0.3638192  -0.18955894 -1.6953093   0.73856515 -0.3766418
 -0.4948755   0.74888724 -2.128696    1.2391996 ]
[-0.51294863  0.729878    0.34176037  0.96654576  1.5917805   0.27184978
 -0.87818897 -0.3638192  -0.18955894 -1.6953093   0.73856515 -0.3766418
 -0.4948755   0.74888724 -2.128696    1.2391996 ]
[-0.51294863  0.729878    0.34176037  0.96654576  1.5917805   0.27184978
 -0.87818897 -0.3638192  -0.18955894 -1.6953093   0.73856515 -0.3766418
 -0.4948755   0.74888724 -2.128696    1.2391996 ]
[-0.51294863  0.729878    0.34176037  0.96654576  1.5917805   0.27184978
 -0.87818897 -0.3638192  -0.18955894 -1.6953093   0.73856515 -0.3766418
 -0.4948755   0.74888724 -2.128696    1.2391996 ]
[-0.51294863  0.729878    0.34176037  0.96654576  1.5917805   0.27184978
 -0.87818897 -0.3638192  -0.18955894 -1.6953093   0.73856515 -0.3766418
 -0.4948755   0.74888724 -2.128696    1.2391996 ]
[-0.5671617   0.727019    0.36422855  0.9523058   1.6067009   0.2813685
 -0.8866563  -0.336555   -0.14564314 -1.6816728   0.7218412  -0.3762954
 -0.5114318   0.734433   -2.1211228   1.2267748 ]
[-0.5671617   0.727019    0.36422855  0.9523058   1.6067009   0.2813685
 -0.8866563  -0.336555   -0.14564314 -1.6816728   0.7218412  -0.3762954
 -0.5114318   0.734433   -2.1211228   1.2267748 ]
[-0.5671617   0.727019    0.36422855  0.9523058   1.6067009   0.2813685
 -0.8866563  -0.336555   -0.14564314 -1.6816728   0.7218412  -0.3762954
 -0.5114318   0.734433   -2.1211228   1.2267748 ]
[-0.5671617   0.727019    0.36422855  0.9523058   1.6067009   0.2813685
 -0.8866563  -0.336555   -0.14564314 -1.6816728   0.7218412  -0.3762954
 -0.5114318   0.734433   -2.1211228   1.2267748 ]
[-0.55547845  0.79234326  0.34757358  0.86563647  1.6094582   0.26222563
 -0.90655816 -0.35122412 -0.14607477 -1.7069921   0.80043995 -0.42931145
 -0.53320587  0.70641506 -2.0701213   1.3061546 ]
[-0.55547845  0.79234326  0.34757358  0.86563647  1.6094582   0.26222563
 -0.90655816 -0.35122412 -0.14607477 -1.7069921   0.80043995 -0.42931145
 -0.53320587  0.70641506 -2.0701213   1.3061546 ]
[-0.55547845  0.79234326  0.34757358  0.86563647  1.6094582   0.26222563
 -0.90655816 -0.35122412 -0.14607477 -1.7069921   0.80043995 -0.42931145
 -0.53320587  0.70641506 -2.0701213   1.3061546 ]
[-0.55547845  0.79234326  0.34757358  0.86563647  1.6094582   0.26222563
 -0.90655816 -0.35122412 -0.14607477 -1.7069921   0.80043995 -0.42931145
 -0.53320587  0.70641506 -2.0701213   1.3061546 ]
[-0.55547845  0.79234326  0.34757358  0.86563647  1.6094582   0.26222563
 -0.90655816 -0.35122412 -0.14607477 -1.7069921   0.80043995 -0.42931145
 -0.53320587  0.70641506 -2.0701213   1.3061546 ]
[-0.4642621   0.7764328   0.3086534   0.8819256   1.6421115   0.20857596
 -0.85901326 -0.40461102 -0.21144125 -1.7427021   0.8396282  -0.49876732
 -0.4743628   0.7152547  -2.074798    1.3500602 ]
[-0.4642621   0.7764328   0.3086534   0.8819256   1.6421115   0.20857596
 -0.85901326 -0.40461102 -0.21144125 -1.7427021   0.8396282  -0.49876732
 -0.4743628   0.7152547  -2.074798    1.3500602 ]
[-0.4642621   0.7764328   0.3086534   0.8819256   1.6421115   0.20857596
 -0.85901326 -0.40461102 -0.21144125 -1.7427021   0.8396282  -0.49876732
 -0.4743628   0.7152547  -2.074798    1.3500602 ]
[-0.4642621   0.7764328   0.3086534   0.8819256   1.6421115   0.20857596
 -0.85901326 -0.40461102 -0.21144125 -1.7427021   0.8396282  -0.49876732
 -0.4743628   0.7152547  -2.074798    1.3500602 ]
[-0.48001695  0.74150145  0.3116528   0.9266218   1.6335154   0.21935754
 -0.846801   -0.39824465 -0.21372259 -1.7328472   0.8111558  -0.47851104
 -0.45368433  0.7511049  -2.102303    1.3017784 ]
[-0.48001695  0.74150145  0.3116528   0.9266218   1.6335154   0.21935754
 -0.846801   -0.39824465 -0.21372259 -1.7328472   0.8111558  -0.47851104
 -0.45368433  0.7511049  -2.102303    1.3017784 ]
[-0.48001695  0.74150145  0.3116528   0.9266218   1.6335154   0.21935754
 -0.846801   -0.39824465 -0.21372259 -1.7328472   0.8111558  -0.47851104
 -0.45368433  0.7511049  -2.102303    1.3017784 ]
[-0.48001695  0.74150145  0.3116528   0.9266218   1.6335154   0.21935754
 -0.846801   -0.39824465 -0.21372259 -1.7328472   0.8111558  -0.47851104
 -0.45368433  0.7511049  -2.102303    1.3017784 ]
[-0.5020681   0.74744844  0.335707    0.933284    1.6091444   0.25840217
 -0.88611346 -0.3806056  -0.20403746 -1.7272896   0.7779992  -0.41365013
 -0.4558192   0.7439508  -2.1033313   1.2559954 ]
[-0.5020681   0.74744844  0.335707    0.933284    1.6091444   0.25840217
 -0.88611346 -0.3806056  -0.20403746 -1.7272896   0.7779992  -0.41365013
 -0.4558192   0.7439508  -2.1033313   1.2559954 ]
[-0.5020681   0.74744844  0.335707    0.933284    1.6091444   0.25840217
 -0.88611346 -0.3806056  -0.20403746 -1.7272896   0.7779992  -0.41365013
 -0.4558192   0.7439508  -2.1033313   1.2559954 ]
[-0.5020681   0.74744844  0.335707    0.933284    1.6091444   0.25840217
 -0.88611346 -0.3806056  -0.20403746 -1.7272896   0.7779992  -0.41365013
 -0.4558192   0.7439508  -2.1033313   1.2559954 ]
[-0.5020681   0.74744844  0.335707    0.933284    1.6091444   0.25840217
 -0.88611346 -0.3806056  -0.20403746 -1.7272896   0.7779992  -0.41365013
 -0.4558192   0.7439508  -2.1033313   1.2559954 ]
[-0.521171    0.7248156   0.32371792  0.9686667   1.6067679   0.2640075
 -0.8948302  -0.36061898 -0.20312281 -1.7075739   0.74097484 -0.382899
 -0.4517854   0.7597751  -2.1184428   1.2404158 ]
[-0.521171    0.7248156   0.32371792  0.9686667   1.6067679   0.2640075
 -0.8948302  -0.36061898 -0.20312281 -1.7075739   0.74097484 -0.382899
 -0.4517854   0.7597751  -2.1184428   1.2404158 ]
[-0.521171    0.7248156   0.32371792  0.9686667   1.6067679   0.2640075
 -0.8948302  -0.36061898 -0.20312281 -1.7075739   0.74097484 -0.382899
 -0.4517854   0.7597751  -2.1184428   1.2404158 ]
[-0.521171    0.7248156   0.32371792  0.9686667   1.6067679   0.2640075
 -0.8948302  -0.36061898 -0.20312281 -1.7075739   0.74097484 -0.382899
 -0.4517854   0.7597751  -2.1184428   1.2404158 ]
[-0.5902869   0.7078268   0.34438092  0.9652618   1.6426789   0.28270292
 -0.9239911  -0.32988778 -0.1538854  -1.6974366   0.71949035 -0.37225908
 -0.4504687   0.7286975  -2.1005483   1.2156441 ]
[-0.5902869   0.7078268   0.34438092  0.9652618   1.6426789   0.28270292
 -0.9239911  -0.32988778 -0.1538854  -1.6974366   0.71949035 -0.37225908
 -0.4504687   0.7286975  -2.1005483   1.2156441 ]
[-0.5902869   0.7078268   0.34438092  0.9652618   1.6426789   0.28270292
 -0.9239911  -0.32988778 -0.1538854  -1.6974366   0.71949035 -0.37225908
 -0.4504687   0.7286975  -2.1005483   1.2156441 ]
[-0.5902869   0.7078268   0.34438092  0.9652618   1.6426789   0.28270292
 -0.9239911  -0.32988778 -0.1538854  -1.6974366   0.71949035 -0.37225908
 -0.4504687   0.7286975  -2.1005483   1.2156441 ]
[-0.5563618   0.74009466  0.32536212  0.9251671   1.6297938   0.24287954
 -0.87373525 -0.3503216  -0.16681096 -1.7053165   0.76339275 -0.44083127
 -0.47357732  0.7605871  -2.1085777   1.2785442 ]
[-0.5563618   0.74009466  0.32536212  0.9251671   1.6297938   0.24287954
 -0.87373525 -0.3503216  -0.16681096 -1.7053165   0.76339275 -0.44083127
 -0.47357732  0.7605871  -2.1085777   1.2785442 ]
[-0.5563618   0.74009466  0.32536212  0.9251671   1.6297938   0.24287954
 -0.87373525 -0.3503216  -0.16681096 -1.7053165   0.76339275 -0.44083127
 -0.47357732  0.7605871  -2.1085777   1.2785442 ]
[-0.5563618   0.74009466  0.32536212  0.9251671   1.6297938   0.24287954
 -0.87373525 -0.3503216  -0.16681096 -1.7053165   0.76339275 -0.44083127
 -0.47357732  0.7605871  -2.1085777   1.2785442 ]
[-0.5563618   0.74009466  0.32536212  0.9251671   1.6297938   0.24287954
 -0.87373525 -0.3503216  -0.16681096 -1.7053165   0.76339275 -0.44083127
 -0.47357732  0.7605871  -2.1085777   1.2785442 ]
[-0.4894689   0.77953804  0.33839914  0.87659436  1.6278598   0.21642788
 -0.8690978  -0.39417648 -0.20235343 -1.7458065   0.8340357  -0.48950744
 -0.4874796   0.7179143  -2.0666597   1.3460203 ]
[-0.4894689   0.77953804  0.33839914  0.87659436  1.6278598   0.21642788
 -0.8690978  -0.39417648 -0.20235343 -1.7458065   0.8340357  -0.48950744
 -0.4874796   0.7179143  -2.0666597   1.3460203 ]
[-0.4894689   0.77953804  0.33839914  0.87659436  1.6278598   0.21642788
 -0.8690978  -0.39417648 -0.20235343 -1.7458065   0.8340357  -0.48950744
 -0.4874796   0.7179143  -2.0666597   1.3460203 ]
[-0.4894689   0.77953804  0.33839914  0.87659436  1.6278598   0.21642788
 -0.8690978  -0.39417648 -0.20235343 -1.7458065   0.8340357  -0.48950744
 -0.4874796   0.7179143  -2.0666597   1.3460203 ]
[-0.48746833  0.7569811   0.34801382  0.9224247   1.5979437   0.22076686
 -0.83263683 -0.39427105 -0.20109072 -1.7297153   0.8190196  -0.46771765
 -0.49478334  0.742098   -2.1097589   1.2999626 ]
[-0.48746833  0.7569811   0.34801382  0.9224247   1.5979437   0.22076686
 -0.83263683 -0.39427105 -0.20109072 -1.7297153   0.8190196  -0.46771765
 -0.49478334  0.742098   -2.1097589   1.2999626 ]
[-0.48746833  0.7569811   0.34801382  0.9224247   1.5979437   0.22076686
 -0.83263683 -0.39427105 -0.20109072 -1.7297153   0.8190196  -0.46771765
 -0.49478334  0.742098   -2.1097589   1.2999626 ]
[-0.48746833  0.7569811   0.34801382  0.9224247   1.5979437   0.22076686
 -0.83263683 -0.39427105 -0.20109072 -1.7297153   0.8190196  -0.46771765
 -0.49478334  0.742098   -2.1097589   1.2999626 ]
[-0.5182651   0.76567924  0.3600344   0.9203331   1.576614    0.25261372
 -0.86624604 -0.38131478 -0.19597551 -1.7225428   0.80585384 -0.42958188
 -0.50238425  0.7447197  -2.0925994   1.2720222 ]
[-0.5182651   0.76567924  0.3600344   0.9203331   1.576614    0.25261372
 -0.86624604 -0.38131478 -0.19597551 -1.7225428   0.80585384 -0.42958188
 -0.50238425  0.7447197  -2.0925994   1.2720222 ]
[-0.5182651   0.76567924  0.3600344   0.9203331   1.576614    0.25261372
 -0.86624604 -0.38131478 -0.19597551 -1.7225428   0.80585384 -0.42958188
 -0.50238425  0.7447197  -2.0925994   1.2720222 ]
[-0.5182651   0.76567924  0.3600344   0.9203331   1.576614    0.25261372
 -0.86624604 -0.38131478 -0.19597551 -1.7225428   0.80585384 -0.42958188
 -0.50238425  0.7447197  -2.0925994   1.2720222 ]
[-0.5957349   0.7155092   0.3718972   0.95810413  1.6011717   0.31420788
 -0.9380102  -0.3464087  -0.15639798 -1.6947254   0.74197465 -0.3530988
 -0.47764522  0.7347803  -2.0817974   1.1924613 ]
[-0.5957349   0.7155092   0.3718972   0.95810413  1.6011717   0.31420788
 -0.9380102  -0.3464087  -0.15639798 -1.6947254   0.74197465 -0.3530988
 -0.47764522  0.7347803  -2.0817974   1.1924613 ]
[-0.5957349   0.7155092   0.3718972   0.95810413  1.6011717   0.31420788
 -0.9380102  -0.3464087  -0.15639798 -1.6947254   0.74197465 -0.3530988
 -0.47764522  0.7347803  -2.0817974   1.1924613 ]
[-0.5957349   0.7155092   0.3718972   0.95810413  1.6011717   0.31420788
 -0.9380102  -0.3464087  -0.15639798 -1.6947254   0.74197465 -0.3530988
 -0.47764522  0.7347803  -2.0817974   1.1924613 ]
[-0.57452434  0.706989    0.36082992  0.9641493   1.6223574   0.30771515
 -0.93237036 -0.33906105 -0.15897202 -1.6828066   0.71820694 -0.35357788
 -0.4814871   0.7238598  -2.0948126   1.2006274 ]
[-0.57452434  0.706989    0.36082992  0.9641493   1.6223574   0.30771515
 -0.93237036 -0.33906105 -0.15897202 -1.6828066   0.71820694 -0.35357788
 -0.4814871   0.7238598  -2.0948126   1.2006274 ]
[-0.57452434  0.706989    0.36082992  0.9641493   1.6223574   0.30771515
 -0.93237036 -0.33906105 -0.15897202 -1.6828066   0.71820694 -0.35357788
 -0.4814871   0.7238598  -2.0948126   1.2006274 ]
[-0.57452434  0.706989    0.36082992  0.9641493   1.6223574   0.30771515
 -0.93237036 -0.33906105 -0.15897202 -1.6828066   0.71820694 -0.35357788
 -0.4814871   0.7238598  -2.0948126   1.2006274 ]
[-0.5511428   0.7285988   0.35153368  0.9419252   1.6111256   0.26896423
 -0.88500655 -0.338342   -0.16023159 -1.6814308   0.7268304  -0.39915887
 -0.50958675  0.7500421  -2.118557    1.2537701 ]
[-0.5511428   0.7285988   0.35153368  0.9419252   1.6111256   0.26896423
 -0.88500655 -0.338342   -0.16023159 -1.6814308   0.7268304  -0.39915887
 -0.50958675  0.7500421  -2.118557    1.2537701 ]
[-0.5511428   0.7285988   0.35153368  0.9419252   1.6111256   0.26896423
 -0.88500655 -0.338342   -0.16023159 -1.6814308   0.7268304  -0.39915887
 -0.50958675  0.7500421  -2.118557    1.2537701 ]
[-0.5511428   0.7285988   0.35153368  0.9419252   1.6111256   0.26896423
 -0.88500655 -0.338342   -0.16023159 -1.6814308   0.7268304  -0.39915887
 -0.50958675  0.7500421  -2.118557    1.2537701 ]
[-0.54905736  0.7760062   0.33867294  0.87871265  1.6294482   0.25971967
 -0.9140129  -0.3540445  -0.14440748 -1.7112973   0.7960188  -0.42977113
 -0.52179205  0.69672155 -2.0696948   1.3102121 ]
[-0.54905736  0.7760062   0.33867294  0.87871265  1.6294482   0.25971967
 -0.9140129  -0.3540445  -0.14440748 -1.7112973   0.7960188  -0.42977113
 -0.52179205  0.69672155 -2.0696948   1.3102121 ]
[-0.54905736  0.7760062   0.33867294  0.87871265  1.6294482   0.25971967
 -0.9140129  -0.3540445  -0.14440748 -1.7112973   0.7960188  -0.42977113
 -0.52179205  0.69672155 -2.0696948   1.3102121 ]
[-0.54905736  0.7760062   0.33867294  0.87871265  1.6294482   0.25971967
 -0.9140129  -0.3540445  -0.14440748 -1.7112973   0.7960188  -0.42977113
 -0.52179205  0.69672155 -2.0696948   1.3102121 ]
[-0.54905736  0.7760062   0.33867294  0.87871265  1.6294482   0.25971967
 -0.9140129  -0.3540445  -0.14440748 -1.7112973   0.7960188  -0.42977113
 -0.52179205  0.69672155 -2.0696948   1.3102121 ]
[-0.45544118  0.764279    0.30442172  0.8982032   1.6444954   0.20308705
 -0.84673655 -0.39674693 -0.20932308 -1.7322994   0.81884766 -0.49851018
 -0.48419103  0.71678984 -2.091392    1.3576145 ]
[-0.45544118  0.764279    0.30442172  0.8982032   1.6444954   0.20308705
 -0.84673655 -0.39674693 -0.20932308 -1.7322994   0.81884766 -0.49851018
 -0.48419103  0.71678984 -2.091392    1.3576145 ]
[-0.45544118  0.764279    0.30442172  0.8982032   1.6444954   0.20308705
 -0.84673655 -0.39674693 -0.20932308 -1.7322994   0.81884766 -0.49851018
 -0.48419103  0.71678984 -2.091392    1.3576145 ]
[-0.45544118  0.764279    0.30442172  0.8982032   1.6444954   0.20308705
 -0.84673655 -0.39674693 -0.20932308 -1.7322994   0.81884766 -0.49851018
 -0.48419103  0.71678984 -2.091392    1.3576145 ]
[-0.47274908  0.75694585  0.3071646   0.9135932   1.627978    0.2284491
 -0.8606126  -0.38247997 -0.20356198 -1.7191353   0.805779   -0.4679536
 -0.48438755  0.73141825 -2.1033616   1.3142564 ]
[-0.47274908  0.75694585  0.3071646   0.9135932   1.627978    0.2284491
 -0.8606126  -0.38247997 -0.20356198 -1.7191353   0.805779   -0.4679536
 -0.48438755  0.73141825 -2.1033616   1.3142564 ]
[-0.47274908  0.75694585  0.3071646   0.9135932   1.627978    0.2284491
 -0.8606126  -0.38247997 -0.20356198 -1.7191353   0.805779   -0.4679536
 -0.48438755  0.73141825 -2.1033616   1.3142564 ]
[-0.47274908  0.75694585  0.3071646   0.9135932   1.627978    0.2284491
 -0.8606126  -0.38247997 -0.20356198 -1.7191353   0.805779   -0.4679536
 -0.48438755  0.73141825 -2.1033616   1.3142564 ]
[-0.46887928  0.69982255  0.32796377  0.97990656  1.618676    0.24328259
 -0.85468674 -0.36815614 -0.20888162 -1.7002732   0.73039573 -0.40798563
 -0.45641413  0.75428724 -2.148608    1.2481682 ]
[-0.46887928  0.69982255  0.32796377  0.97990656  1.618676    0.24328259
 -0.85468674 -0.36815614 -0.20888162 -1.7002732   0.73039573 -0.40798563
 -0.45641413  0.75428724 -2.148608    1.2481682 ]
[-0.46887928  0.69982255  0.32796377  0.97990656  1.618676    0.24328259
 -0.85468674 -0.36815614 -0.20888162 -1.7002732   0.73039573 -0.40798563
 -0.45641413  0.75428724 -2.148608    1.2481682 ]
[-0.46887928  0.69982255  0.32796377  0.97990656  1.618676    0.24328259
 -0.85468674 -0.36815614 -0.20888162 -1.7002732   0.73039573 -0.40798563
 -0.45641413  0.75428724 -2.148608    1.2481682 ]
[-0.5103322   0.6795575   0.30728948  1.0172246   1.6119744   0.26623434
 -0.87142104 -0.34265792 -0.19411778 -1.6768328   0.6878197  -0.35984522
 -0.4479095   0.76867414 -2.160337    1.2124876 ]
[-0.5103322   0.6795575   0.30728948  1.0172246   1.6119744   0.26623434
 -0.87142104 -0.34265792 -0.19411778 -1.6768328   0.6878197  -0.35984522
 -0.4479095   0.76867414 -2.160337    1.2124876 ]
[-0.5103322   0.6795575   0.30728948  1.0172246   1.6119744   0.26623434
 -0.87142104 -0.34265792 -0.19411778 -1.6768328   0.6878197  -0.35984522
 -0.4479095   0.76867414 -2.160337    1.2124876 ]
[-0.5103322   0.6795575   0.30728948  1.0172246   1.6119744   0.26623434
 -0.87142104 -0.34265792 -0.19411778 -1.6768328   0.6878197  -0.35984522
 -0.4479095   0.76867414 -2.160337    1.2124876 ]
[-0.5103322   0.6795575   0.30728948  1.0172246   1.6119744   0.26623434
 -0.87142104 -0.34265792 -0.19411778 -1.6768328   0.6878197  -0.35984522
 -0.4479095   0.76867414 -2.160337    1.2124876 ]
[-0.565606    0.67358506  0.3363254   0.99123174  1.650635    0.27921924
 -0.89887744 -0.3192059  -0.14842911 -1.6705145   0.6822465  -0.36554796
 -0.44579393  0.739987   -2.1407306   1.1884437 ]
[-0.565606    0.67358506  0.3363254   0.99123174  1.650635    0.27921924
 -0.89887744 -0.3192059  -0.14842911 -1.6705145   0.6822465  -0.36554796
 -0.44579393  0.739987   -2.1407306   1.1884437 ]
[-0.565606    0.67358506  0.3363254   0.99123174  1.650635    0.27921924
 -0.89887744 -0.3192059  -0.14842911 -1.6705145   0.6822465  -0.36554796
 -0.44579393  0.739987   -2.1407306   1.1884437 ]
[-0.565606    0.67358506  0.3363254   0.99123174  1.650635    0.27921924
 -0.89887744 -0.3192059  -0.14842911 -1.6705145   0.6822465  -0.36554796
 -0.44579393  0.739987   -2.1407306   1.1884437 ]
[-0.565606    0.67358506  0.3363254   0.99123174  1.650635    0.27921924
 -0.89887744 -0.3192059  -0.14842911 -1.6705145   0.6822465  -0.36554796
 -0.44579393  0.739987   -2.1407306   1.1884437 ]
[-0.5364306   0.74415636  0.33614966  0.89426506  1.6435432   0.24845767
 -0.8879964  -0.34429955 -0.15884097 -1.6990397   0.7626835  -0.43597913
 -0.47837147  0.7387147  -2.1108365   1.273895  ]
[-0.5364306   0.74415636  0.33614966  0.89426506  1.6435432   0.24845767
 -0.8879964  -0.34429955 -0.15884097 -1.6990397   0.7626835  -0.43597913
 -0.47837147  0.7387147  -2.1108365   1.273895  ]
[-0.5364306   0.74415636  0.33614966  0.89426506  1.6435432   0.24845767
 -0.8879964  -0.34429955 -0.15884097 -1.6990397   0.7626835  -0.43597913
 -0.47837147  0.7387147  -2.1108365   1.273895  ]
[-0.5364306   0.74415636  0.33614966  0.89426506  1.6435432   0.24845767
 -0.8879964  -0.34429955 -0.15884097 -1.6990397   0.7626835  -0.43597913
 -0.47837147  0.7387147  -2.1108365   1.273895  ]
[-0.44996732  0.78554296  0.32679805  0.87216157  1.6375024   0.2047149
 -0.84932375 -0.40589604 -0.20692381 -1.7412405   0.83911943 -0.49348602
 -0.48905212  0.7069157  -2.0926344   1.3481011 ]
[-0.44996732  0.78554296  0.32679805  0.87216157  1.6375024   0.2047149
 -0.84932375 -0.40589604 -0.20692381 -1.7412405   0.83911943 -0.49348602
 -0.48905212  0.7069157  -2.0926344   1.3481011 ]
[-0.44996732  0.78554296  0.32679805  0.87216157  1.6375024   0.2047149
 -0.84932375 -0.40589604 -0.20692381 -1.7412405   0.83911943 -0.49348602
 -0.48905212  0.7069157  -2.0926344   1.3481011 ]
[-0.44996732  0.78554296  0.32679805  0.87216157  1.6375024   0.2047149
 -0.84932375 -0.40589604 -0.20692381 -1.7412405   0.83911943 -0.49348602
 -0.48905212  0.7069157  -2.0926344   1.3481011 ]
[-0.44996732  0.78554296  0.32679805  0.87216157  1.6375024   0.2047149
 -0.84932375 -0.40589604 -0.20692381 -1.7412405   0.83911943 -0.49348602
 -0.48905212  0.7069157  -2.0926344   1.3481011 ]
[-0.46740127  0.7704895   0.33254576  0.91003     1.609258    0.21051404
 -0.8260416  -0.3898433  -0.19733013 -1.7277956   0.81326866 -0.47605968
 -0.5070847   0.7245035  -2.1184566   1.3308399 ]
[-0.46740127  0.7704895   0.33254576  0.91003     1.609258    0.21051404
 -0.8260416  -0.3898433  -0.19733013 -1.7277956   0.81326866 -0.47605968
 -0.5070847   0.7245035  -2.1184566   1.3308399 ]
[-0.46740127  0.7704895   0.33254576  0.91003     1.609258    0.21051404
 -0.8260416  -0.3898433  -0.19733013 -1.7277956   0.81326866 -0.47605968
 -0.5070847   0.7245035  -2.1184566   1.3308399 ]
[-0.46740127  0.7704895   0.33254576  0.91003     1.609258    0.21051404
 -0.8260416  -0.3898433  -0.19733013 -1.7277956   0.81326866 -0.47605968
 -0.5070847   0.7245035  -2.1184566   1.3308399 ]
[-0.4755401   0.78473645  0.3328349   0.90472496  1.580029    0.23079975
 -0.8321039  -0.3695231  -0.19077294 -1.7161198   0.80401164 -0.44990835
 -0.53838074  0.7236311  -2.1155915   1.3184055 ]
[-0.4755401   0.78473645  0.3328349   0.90472496  1.580029    0.23079975
 -0.8321039  -0.3695231  -0.19077294 -1.7161198   0.80401164 -0.44990835
 -0.53838074  0.7236311  -2.1155915   1.3184055 ]
[-0.4755401   0.78473645  0.3328349   0.90472496  1.580029    0.23079975
 -0.8321039  -0.3695231  -0.19077294 -1.7161198   0.80401164 -0.44990835
 -0.53838074  0.7236311  -2.1155915   1.3184055 ]
[-0.4755401   0.78473645  0.3328349   0.90472496  1.580029    0.23079975
 -0.8321039  -0.3695231  -0.19077294 -1.7161198   0.80401164 -0.44990835
 -0.53838074  0.7236311  -2.1155915   1.3184055 ]
[-0.48281455  0.7389304   0.35358796  0.9461956   1.5858501   0.25191602
 -0.83879054 -0.3653352  -0.19946684 -1.7024666   0.7514512  -0.40447545
 -0.5070125   0.7389074  -2.1348693   1.2571646 ]
[-0.48281455  0.7389304   0.35358796  0.9461956   1.5858501   0.25191602
 -0.83879054 -0.3653352  -0.19946684 -1.7024666   0.7514512  -0.40447545
 -0.5070125   0.7389074  -2.1348693   1.2571646 ]
[-0.48281455  0.7389304   0.35358796  0.9461956   1.5858501   0.25191602
 -0.83879054 -0.3653352  -0.19946684 -1.7024666   0.7514512  -0.40447545
 -0.5070125   0.7389074  -2.1348693   1.2571646 ]
[-0.48281455  0.7389304   0.35358796  0.9461956   1.5858501   0.25191602
 -0.83879054 -0.3653352  -0.19946684 -1.7024666   0.7514512  -0.40447545
 -0.5070125   0.7389074  -2.1348693   1.2571646 ]
[-0.48281455  0.7389304   0.35358796  0.9461956   1.5858501   0.25191602
 -0.83879054 -0.3653352  -0.19946684 -1.7024666   0.7514512  -0.40447545
 -0.5070125   0.7389074  -2.1348693   1.2571646 ]
[-0.53139645  0.7143276   0.3395993   0.9809178   1.5887878   0.28478932
 -0.8773268  -0.34065348 -0.18047723 -1.6720177   0.71403694 -0.3641015
 -0.49746862  0.7480749  -2.13399     1.2145628 ]
[-0.53139645  0.7143276   0.3395993   0.9809178   1.5887878   0.28478932
 -0.8773268  -0.34065348 -0.18047723 -1.6720177   0.71403694 -0.3641015
 -0.49746862  0.7480749  -2.13399     1.2145628 ]
[-0.53139645  0.7143276   0.3395993   0.9809178   1.5887878   0.28478932
 -0.8773268  -0.34065348 -0.18047723 -1.6720177   0.71403694 -0.3641015
 -0.49746862  0.7480749  -2.13399     1.2145628 ]
[-0.53139645  0.7143276   0.3395993   0.9809178   1.5887878   0.28478932
 -0.8773268  -0.34065348 -0.18047723 -1.6720177   0.71403694 -0.3641015
 -0.49746862  0.7480749  -2.13399     1.2145628 ]
[-0.5517429   0.7178522   0.3487881   0.9548723   1.6084385   0.2769464
 -0.87833804 -0.3342417  -0.1510179  -1.671862    0.72048825 -0.3811857
 -0.49830383  0.7529527  -2.1349216   1.2088306 ]
[-0.5517429   0.7178522   0.3487881   0.9548723   1.6084385   0.2769464
 -0.87833804 -0.3342417  -0.1510179  -1.671862    0.72048825 -0.3811857
 -0.49830383  0.7529527  -2.1349216   1.2088306 ]
[-0.5517429   0.7178522   0.3487881   0.9548723   1.6084385   0.2769464
 -0.87833804 -0.3342417  -0.1510179  -1.671862    0.72048825 -0.3811857
 -0.49830383  0.7529527  -2.1349216   1.2088306 ]
[-0.5517429   0.7178522   0.3487881   0.9548723   1.6084385   0.2769464
 -0.87833804 -0.3342417  -0.1510179  -1.671862    0.72048825 -0.3811857
 -0.49830383  0.7529527  -2.1349216   1.2088306 ]
[-0.5517429   0.7178522   0.3487881   0.9548723   1.6084385   0.2769464
 -0.87833804 -0.3342417  -0.1510179  -1.671862    0.72048825 -0.3811857
 -0.49830383  0.7529527  -2.1349216   1.2088306 ]
[-0.5359402   0.81998336  0.36298865  0.82590294  1.6179405   0.27659315
 -0.9362049  -0.3597346  -0.14756796 -1.7247086   0.8155732  -0.41544014
 -0.52442384  0.6758505  -2.0507367   1.2908818 ]
[-0.5359402   0.81998336  0.36298865  0.82590294  1.6179405   0.27659315
 -0.9362049  -0.3597346  -0.14756796 -1.7247086   0.8155732  -0.41544014
 -0.52442384  0.6758505  -2.0507367   1.2908818 ]
[-0.5359402   0.81998336  0.36298865  0.82590294  1.6179405   0.27659315
 -0.9362049  -0.3597346  -0.14756796 -1.7247086   0.8155732  -0.41544014
 -0.52442384  0.6758505  -2.0507367   1.2908818 ]
[-0.5359402   0.81998336  0.36298865  0.82590294  1.6179405   0.27659315
 -0.9362049  -0.3597346  -0.14756796 -1.7247086   0.8155732  -0.41544014
 -0.52442384  0.6758505  -2.0507367   1.2908818 ]
[-0.4340338   0.8058449   0.3318643   0.8492327   1.6406323   0.21267061
 -0.8661373  -0.4072815  -0.21321431 -1.7416271   0.84116536 -0.48661193
 -0.5053546   0.6865283  -2.0796432   1.359092  ]
[-0.4340338   0.8058449   0.3318643   0.8492327   1.6406323   0.21267061
 -0.8661373  -0.4072815  -0.21321431 -1.7416271   0.84116536 -0.48661193
 -0.5053546   0.6865283  -2.0796432   1.359092  ]
[-0.4340338   0.8058449   0.3318643   0.8492327   1.6406323   0.21267061
 -0.8661373  -0.4072815  -0.21321431 -1.7416271   0.84116536 -0.48661193
 -0.5053546   0.6865283  -2.0796432   1.359092  ]
[-0.4340338   0.8058449   0.3318643   0.8492327   1.6406323   0.21267061
 -0.8661373  -0.4072815  -0.21321431 -1.7416271   0.84116536 -0.48661193
 -0.5053546   0.6865283  -2.0796432   1.359092  ]
[-0.44546875  0.8037464   0.3151382   0.86276835  1.6250496   0.20384736
 -0.8675442  -0.37553748 -0.19437245 -1.736523    0.82002336 -0.4780229
 -0.5088769   0.6834793  -2.090049    1.3763914 ]
[-0.44546875  0.8037464   0.3151382   0.86276835  1.6250496   0.20384736
 -0.8675442  -0.37553748 -0.19437245 -1.736523    0.82002336 -0.4780229
 -0.5088769   0.6834793  -2.090049    1.3763914 ]
[-0.44546875  0.8037464   0.3151382   0.86276835  1.6250496   0.20384736
 -0.8675442  -0.37553748 -0.19437245 -1.736523    0.82002336 -0.4780229
 -0.5088769   0.6834793  -2.090049    1.3763914 ]
[-0.44546875  0.8037464   0.3151382   0.86276835  1.6250496   0.20384736
 -0.8675442  -0.37553748 -0.19437245 -1.736523    0.82002336 -0.4780229
 -0.5088769   0.6834793  -2.090049    1.3763914 ]
[-0.4577691   0.75637597  0.30192947  0.91046584  1.6300936   0.19729593
 -0.86087734 -0.3565532  -0.2005909  -1.7307193   0.7843594  -0.46286702
 -0.4665216   0.71044815 -2.1090891   1.3468101 ]
[-0.4577691   0.75637597  0.30192947  0.91046584  1.6300936   0.19729593
 -0.86087734 -0.3565532  -0.2005909  -1.7307193   0.7843594  -0.46286702
 -0.4665216   0.71044815 -2.1090891   1.3468101 ]
[-0.4577691   0.75637597  0.30192947  0.91046584  1.6300936   0.19729593
 -0.86087734 -0.3565532  -0.2005909  -1.7307193   0.7843594  -0.46286702
 -0.4665216   0.71044815 -2.1090891   1.3468101 ]
[-0.46160045  0.6963118   0.30768514  0.9601715   1.6453354   0.19857576
 -0.85501546 -0.36298805 -0.23042834 -1.7246675   0.74810207 -0.45060286
 -0.4059196   0.74458444 -2.1200223   1.3011515 ]
[-0.46160045  0.6963118   0.30768514  0.9601715   1.6453354   0.19857576
 -0.85501546 -0.36298805 -0.23042834 -1.7246675   0.74810207 -0.45060286
 -0.4059196   0.74458444 -2.1200223   1.3011515 ]
[-0.46160045  0.6963118   0.30768514  0.9601715   1.6453354   0.19857576
 -0.85501546 -0.36298805 -0.23042834 -1.7246675   0.74810207 -0.45060286
 -0.4059196   0.74458444 -2.1200223   1.3011515 ]
[-0.46160045  0.6963118   0.30768514  0.9601715   1.6453354   0.19857576
 -0.85501546 -0.36298805 -0.23042834 -1.7246675   0.74810207 -0.45060286
 -0.4059196   0.74458444 -2.1200223   1.3011515 ]
[-0.46160045  0.6963118   0.30768514  0.9601715   1.6453354   0.19857576
 -0.85501546 -0.36298805 -0.23042834 -1.7246675   0.74810207 -0.45060286
 -0.4059196   0.74458444 -2.1200223   1.3011515 ]
[-0.4703172   0.6606824   0.33270857  0.98917073  1.6603123   0.23197202
 -0.8586831  -0.390223   -0.25181317 -1.7090433   0.7366285  -0.42223597
 -0.38291436  0.75627005 -2.1251264   1.2299757 ]
[-0.4703172   0.6606824   0.33270857  0.98917073  1.6603123   0.23197202
 -0.8586831  -0.390223   -0.25181317 -1.7090433   0.7366285  -0.42223597
 -0.38291436  0.75627005 -2.1251264   1.2299757 ]
[-0.4703172   0.6606824   0.33270857  0.98917073  1.6603123   0.23197202
 -0.8586831  -0.390223   -0.25181317 -1.7090433   0.7366285  -0.42223597
 -0.38291436  0.75627005 -2.1251264   1.2299757 ]
[-0.4703172   0.6606824   0.33270857  0.98917073  1.6603123   0.23197202
 -0.8586831  -0.390223   -0.25181317 -1.7090433   0.7366285  -0.42223597
 -0.38291436  0.75627005 -2.1251264   1.2299757 ]
[-0.55411476  0.6753825   0.33778176  0.988372    1.6342446   0.26811206
 -0.87810934 -0.3366355  -0.18718179 -1.6750618   0.69012654 -0.39328852
 -0.43969244  0.77979124 -2.1318882   1.2098768 ]
[-0.55411476  0.6753825   0.33778176  0.988372    1.6342446   0.26811206
 -0.87810934 -0.3366355  -0.18718179 -1.6750618   0.69012654 -0.39328852
 -0.43969244  0.77979124 -2.1318882   1.2098768 ]
[-0.55411476  0.6753825   0.33778176  0.988372    1.6342446   0.26811206
 -0.87810934 -0.3366355  -0.18718179 -1.6750618   0.69012654 -0.39328852
 -0.43969244  0.77979124 -2.1318882   1.2098768 ]
[-0.55411476  0.6753825   0.33778176  0.988372    1.6342446   0.26811206
 -0.87810934 -0.3366355  -0.18718179 -1.6750618   0.69012654 -0.39328852
 -0.43969244  0.77979124 -2.1318882   1.2098768 ]
[-0.55411476  0.6753825   0.33778176  0.988372    1.6342446   0.26811206
 -0.87810934 -0.3366355  -0.18718179 -1.6750618   0.69012654 -0.39328852
 -0.43969244  0.77979124 -2.1318882   1.2098768 ]
[-0.5573297   0.7740096   0.339897    0.8671624   1.6311992   0.2709053
 -0.93255913 -0.35863575 -0.17100969 -1.7236608   0.78775156 -0.42640203
 -0.46469703  0.72355604 -2.0551665   1.2857846 ]
[-0.5573297   0.7740096   0.339897    0.8671624   1.6311992   0.2709053
 -0.93255913 -0.35863575 -0.17100969 -1.7236608   0.78775156 -0.42640203
 -0.46469703  0.72355604 -2.0551665   1.2857846 ]
[-0.5573297   0.7740096   0.339897    0.8671624   1.6311992   0.2709053
 -0.93255913 -0.35863575 -0.17100969 -1.7236608   0.78775156 -0.42640203
 -0.46469703  0.72355604 -2.0551665   1.2857846 ]
[-0.5573297   0.7740096   0.339897    0.8671624   1.6311992   0.2709053
 -0.93255913 -0.35863575 -0.17100969 -1.7236608   0.78775156 -0.42640203
 -0.46469703  0.72355604 -2.0551665   1.2857846 ]
[-0.46264902  0.78117764  0.31453735  0.8687714   1.6493607   0.2084804
 -0.87618244 -0.41002616 -0.21869011 -1.7505848   0.83999574 -0.49655706
 -0.45250168  0.7137283  -2.068477    1.3524249 ]
[-0.46264902  0.78117764  0.31453735  0.8687714   1.6493607   0.2084804
 -0.87618244 -0.41002616 -0.21869011 -1.7505848   0.83999574 -0.49655706
 -0.45250168  0.7137283  -2.068477    1.3524249 ]
[-0.46264902  0.78117764  0.31453735  0.8687714   1.6493607   0.2084804
 -0.87618244 -0.41002616 -0.21869011 -1.7505848   0.83999574 -0.49655706
 -0.45250168  0.7137283  -2.068477    1.3524249 ]
[-0.46264902  0.78117764  0.31453735  0.8687714   1.6493607   0.2084804
 -0.87618244 -0.41002616 -0.21869011 -1.7505848   0.83999574 -0.49655706
 -0.45250168  0.7137283  -2.068477    1.3524249 ]
[-0.46264902  0.78117764  0.31453735  0.8687714   1.6493607   0.2084804
 -0.87618244 -0.41002616 -0.21869011 -1.7505848   0.83999574 -0.49655706
 -0.45250168  0.7137283  -2.068477    1.3524249 ]
[-0.45759344  0.7491601   0.29835668  0.9110781   1.6476454   0.21033612
 -0.85238016 -0.39418745 -0.20334752 -1.7295395   0.8049167  -0.4770308
 -0.46816492  0.7346266  -2.1093543   1.3274429 ]
[-0.45759344  0.7491601   0.29835668  0.9110781   1.6476454   0.21033612
 -0.85238016 -0.39418745 -0.20334752 -1.7295395   0.8049167  -0.4770308
 -0.46816492  0.7346266  -2.1093543   1.3274429 ]
[-0.45759344  0.7491601   0.29835668  0.9110781   1.6476454   0.21033612
 -0.85238016 -0.39418745 -0.20334752 -1.7295395   0.8049167  -0.4770308
 -0.46816492  0.7346266  -2.1093543   1.3274429 ]
[-0.45759344  0.7491601   0.29835668  0.9110781   1.6476454   0.21033612
 -0.85238016 -0.39418745 -0.20334752 -1.7295395   0.8049167  -0.4770308
 -0.46816492  0.7346266  -2.1093543   1.3274429 ]
[-0.45759344  0.7491601   0.29835668  0.9110781   1.6476454   0.21033612
 -0.85238016 -0.39418745 -0.20334752 -1.7295395   0.8049167  -0.4770308
 -0.46816492  0.7346266  -2.1093543   1.3274429 ]
[-0.47226706  0.7301802   0.31270328  0.94321537  1.6256348   0.22596756
 -0.8583759  -0.3691817  -0.19630319 -1.7199404   0.7687071  -0.43597054
 -0.45939094  0.7469448  -2.133902    1.2820102 ]
[-0.47226706  0.7301802   0.31270328  0.94321537  1.6256348   0.22596756
 -0.8583759  -0.3691817  -0.19630319 -1.7199404   0.7687071  -0.43597054
 -0.45939094  0.7469448  -2.133902    1.2820102 ]
[-0.47226706  0.7301802   0.31270328  0.94321537  1.6256348   0.22596756
 -0.8583759  -0.3691817  -0.19630319 -1.7199404   0.7687071  -0.43597054
 -0.45939094  0.7469448  -2.133902    1.2820102 ]
[-0.47226706  0.7301802   0.31270328  0.94321537  1.6256348   0.22596756
 -0.8583759  -0.3691817  -0.19630319 -1.7199404   0.7687071  -0.43597054
 -0.45939094  0.7469448  -2.133902    1.2820102 ]
[-0.48964858  0.6759712   0.32717243  0.991796    1.6299362   0.23018126
 -0.8576959  -0.35762614 -0.21240175 -1.7047987   0.72489434 -0.40831232
 -0.4198533   0.77209485 -2.1473844   1.2334541 ]
[-0.48964858  0.6759712   0.32717243  0.991796    1.6299362   0.23018126
 -0.8576959  -0.35762614 -0.21240175 -1.7047987   0.72489434 -0.40831232
 -0.4198533   0.77209485 -2.1473844   1.2334541 ]
[-0.48964858  0.6759712   0.32717243  0.991796    1.6299362   0.23018126
 -0.8576959  -0.35762614 -0.21240175 -1.7047987   0.72489434 -0.40831232
 -0.4198533   0.77209485 -2.1473844   1.2334541 ]
[-0.48964858  0.6759712   0.32717243  0.991796    1.6299362   0.23018126
 -0.8576959  -0.35762614 -0.21240175 -1.7047987   0.72489434 -0.40831232
 -0.4198533   0.77209485 -2.1473844   1.2334541 ]
[-0.48964858  0.6759712   0.32717243  0.991796    1.6299362   0.23018126
 -0.8576959  -0.35762614 -0.21240175 -1.7047987   0.72489434 -0.40831232
 -0.4198533   0.77209485 -2.1473844   1.2334541 ]
[-0.5848052   0.6481813   0.34215686  1.028451    1.6342916   0.28429884
 -0.9015485  -0.3248314  -0.16545562 -1.6792587   0.6794745  -0.35637647
 -0.40971622  0.7621685  -2.13594     1.1643461 ]
[-0.5848052   0.6481813   0.34215686  1.028451    1.6342916   0.28429884
 -0.9015485  -0.3248314  -0.16545562 -1.6792587   0.6794745  -0.35637647
 -0.40971622  0.7621685  -2.13594     1.1643461 ]
[-0.5848052   0.6481813   0.34215686  1.028451    1.6342916   0.28429884
 -0.9015485  -0.3248314  -0.16545562 -1.6792587   0.6794745  -0.35637647
 -0.40971622  0.7621685  -2.13594     1.1643461 ]
[-0.5848052   0.6481813   0.34215686  1.028451    1.6342916   0.28429884
 -0.9015485  -0.3248314  -0.16545562 -1.6792587   0.6794745  -0.35637647
 -0.40971622  0.7621685  -2.13594     1.1643461 ]
[-0.5848052   0.6481813   0.34215686  1.028451    1.6342916   0.28429884
 -0.9015485  -0.3248314  -0.16545562 -1.6792587   0.6794745  -0.35637647
 -0.40971622  0.7621685  -2.13594     1.1643461 ]
[-0.5722186   0.68081164  0.3518234   1.0158995   1.5859295   0.2681605
 -0.8319257  -0.3390668  -0.16850948 -1.6675535   0.68984663 -0.3843317
 -0.46073657  0.8187684  -2.1787999   1.1777523 ]
[-0.5722186   0.68081164  0.3518234   1.0158995   1.5859295   0.2681605
 -0.8319257  -0.3390668  -0.16850948 -1.6675535   0.68984663 -0.3843317
 -0.46073657  0.8187684  -2.1787999   1.1777523 ]
[-0.5722186   0.68081164  0.3518234   1.0158995   1.5859295   0.2681605
 -0.8319257  -0.3390668  -0.16850948 -1.6675535   0.68984663 -0.3843317
 -0.46073657  0.8187684  -2.1787999   1.1777523 ]
[-0.5722186   0.68081164  0.3518234   1.0158995   1.5859295   0.2681605
 -0.8319257  -0.3390668  -0.16850948 -1.6675535   0.68984663 -0.3843317
 -0.46073657  0.8187684  -2.1787999   1.1777523 ]
[-0.57354325  0.773599    0.36715308  0.8972186   1.5883001   0.28642085
 -0.88711584 -0.35289955 -0.14378683 -1.6933653   0.78537685 -0.4031368
 -0.5316895   0.74179244 -2.1064456   1.2402762 ]
[-0.57354325  0.773599    0.36715308  0.8972186   1.5883001   0.28642085
 -0.88711584 -0.35289955 -0.14378683 -1.6933653   0.78537685 -0.4031368
 -0.5316895   0.74179244 -2.1064456   1.2402762 ]
[-0.57354325  0.773599    0.36715308  0.8972186   1.5883001   0.28642085
 -0.88711584 -0.35289955 -0.14378683 -1.6933653   0.78537685 -0.4031368
 -0.5316895   0.74179244 -2.1064456   1.2402762 ]
[-0.57354325  0.773599    0.36715308  0.8972186   1.5883001   0.28642085
 -0.88711584 -0.35289955 -0.14378683 -1.6933653   0.78537685 -0.4031368
 -0.5316895   0.74179244 -2.1064456   1.2402762 ]
[-0.48343915  0.78287566  0.3602179   0.8929141   1.5973291   0.22530718
 -0.85359603 -0.38563594 -0.18958709 -1.7236897   0.8265995  -0.45213214
 -0.5345992   0.71513987 -2.1013503   1.3140813 ]
[-0.48343915  0.78287566  0.3602179   0.8929141   1.5973291   0.22530718
 -0.85359603 -0.38563594 -0.18958709 -1.7236897   0.8265995  -0.45213214
 -0.5345992   0.71513987 -2.1013503   1.3140813 ]
[-0.48343915  0.78287566  0.3602179   0.8929141   1.5973291   0.22530718
 -0.85359603 -0.38563594 -0.18958709 -1.7236897   0.8265995  -0.45213214
 -0.5345992   0.71513987 -2.1013503   1.3140813 ]
[-0.48343915  0.78287566  0.3602179   0.8929141   1.5973291   0.22530718
 -0.85359603 -0.38563594 -0.18958709 -1.7236897   0.8265995  -0.45213214
 -0.5345992   0.71513987 -2.1013503   1.3140813 ]
[-0.56116843  0.7424649   0.3360121   0.93668824  1.6051162   0.26496857
 -0.87111074 -0.35262418 -0.14168577 -1.7009729   0.794151   -0.41100448
 -0.52212495  0.72279346 -2.105516    1.252311  ]
[-0.56116843  0.7424649   0.3360121   0.93668824  1.6051162   0.26496857
 -0.87111074 -0.35262418 -0.14168577 -1.7009729   0.794151   -0.41100448
 -0.52212495  0.72279346 -2.105516    1.252311  ]
[-0.56116843  0.7424649   0.3360121   0.93668824  1.6051162   0.26496857
 -0.87111074 -0.35262418 -0.14168577 -1.7009729   0.794151   -0.41100448
 -0.52212495  0.72279346 -2.105516    1.252311  ]
[-0.56116843  0.7424649   0.3360121   0.93668824  1.6051162   0.26496857
 -0.87111074 -0.35262418 -0.14168577 -1.7009729   0.794151   -0.41100448
 -0.52212495  0.72279346 -2.105516    1.252311  ]
[-0.5054975   0.75467855  0.34802896  0.92246675  1.6020176   0.24430922
 -0.8617775  -0.3875341  -0.20409243 -1.7300285   0.80561924 -0.43968335
 -0.46000448  0.72889817 -2.0953963   1.2667753 ]
[-0.5054975   0.75467855  0.34802896  0.92246675  1.6020176   0.24430922
 -0.8617775  -0.3875341  -0.20409243 -1.7300285   0.80561924 -0.43968335
 -0.46000448  0.72889817 -2.0953963   1.2667753 ]
[-0.5054975   0.75467855  0.34802896  0.92246675  1.6020176   0.24430922
 -0.8617775  -0.3875341  -0.20409243 -1.7300285   0.80561924 -0.43968335
 -0.46000448  0.72889817 -2.0953963   1.2667753 ]
[-0.5054975   0.75467855  0.34802896  0.92246675  1.6020176   0.24430922
 -0.8617775  -0.3875341  -0.20409243 -1.7300285   0.80561924 -0.43968335
 -0.46000448  0.72889817 -2.0953963   1.2667753 ]
[-0.5032741   0.73131543  0.35761884  0.9142874   1.6364508   0.2668434
 -0.87057126 -0.42522502 -0.25589222 -1.7199885   0.8219136  -0.43984547
 -0.44237047  0.7566973  -2.0675359   1.2265791 ]
[-0.5032741   0.73131543  0.35761884  0.9142874   1.6364508   0.2668434
 -0.87057126 -0.42522502 -0.25589222 -1.7199885   0.8219136  -0.43984547
 -0.44237047  0.7566973  -2.0675359   1.2265791 ]
[-0.5032741   0.73131543  0.35761884  0.9142874   1.6364508   0.2668434
 -0.87057126 -0.42522502 -0.25589222 -1.7199885   0.8219136  -0.43984547
 -0.44237047  0.7566973  -2.0675359   1.2265791 ]
[-0.5032741   0.73131543  0.35761884  0.9142874   1.6364508   0.2668434
 -0.87057126 -0.42522502 -0.25589222 -1.7199885   0.8219136  -0.43984547
 -0.44237047  0.7566973  -2.0675359   1.2265791 ]
[-0.5941247   0.7026692   0.3798895   0.9688153   1.6156914   0.3196095
 -0.92131454 -0.34061652 -0.14318848 -1.6725876   0.7179464  -0.35629958
 -0.49736923  0.72885144 -2.0991569   1.1771604 ]
[-0.5941247   0.7026692   0.3798895   0.9688153   1.6156914   0.3196095
 -0.92131454 -0.34061652 -0.14318848 -1.6725876   0.7179464  -0.35629958
 -0.49736923  0.72885144 -2.0991569   1.1771604 ]
[-0.5941247   0.7026692   0.3798895   0.9688153   1.6156914   0.3196095
 -0.92131454 -0.34061652 -0.14318848 -1.6725876   0.7179464  -0.35629958
 -0.49736923  0.72885144 -2.0991569   1.1771604 ]
[-0.5941247   0.7026692   0.3798895   0.9688153   1.6156914   0.3196095
 -0.92131454 -0.34061652 -0.14318848 -1.6725876   0.7179464  -0.35629958
 -0.49736923  0.72885144 -2.0991569   1.1771604 ]
[-0.5731875   0.77108943  0.37021512  0.89220965  1.6107479   0.29565832
 -0.9319173  -0.34275982 -0.14141044 -1.6900514   0.76266617 -0.39217722
 -0.5361034   0.7081542  -2.0716019   1.2581232 ]
[-0.5731875   0.77108943  0.37021512  0.89220965  1.6107479   0.29565832
 -0.9319173  -0.34275982 -0.14141044 -1.6900514   0.76266617 -0.39217722
 -0.5361034   0.7081542  -2.0716019   1.2581232 ]
[-0.5731875   0.77108943  0.37021512  0.89220965  1.6107479   0.29565832
 -0.9319173  -0.34275982 -0.14141044 -1.6900514   0.76266617 -0.39217722
 -0.5361034   0.7081542  -2.0716019   1.2581232 ]
[-0.5731875   0.77108943  0.37021512  0.89220965  1.6107479   0.29565832
 -0.9319173  -0.34275982 -0.14141044 -1.6900514   0.76266617 -0.39217722
 -0.5361034   0.7081542  -2.0716019   1.2581232 ]
[-0.5731875   0.77108943  0.37021512  0.89220965  1.6107479   0.29565832
 -0.9319173  -0.34275982 -0.14141044 -1.6900514   0.76266617 -0.39217722
 -0.5361034   0.7081542  -2.0716019   1.2581232 ]
[-0.5510963   0.7866922   0.33729887  0.87227076  1.6260945   0.25706366
 -0.91808784 -0.35136157 -0.13999443 -1.7101614   0.80479276 -0.43312067
 -0.53494436  0.69188976 -2.0663948   1.3209229 ]
[-0.5510963   0.7866922   0.33729887  0.87227076  1.6260945   0.25706366
 -0.91808784 -0.35136157 -0.13999443 -1.7101614   0.80479276 -0.43312067
 -0.53494436  0.69188976 -2.0663948   1.3209229 ]
[-0.5510963   0.7866922   0.33729887  0.87227076  1.6260945   0.25706366
 -0.91808784 -0.35136157 -0.13999443 -1.7101614   0.80479276 -0.43312067
 -0.53494436  0.69188976 -2.0663948   1.3209229 ]
[-0.5510963   0.7866922   0.33729887  0.87227076  1.6260945   0.25706366
 -0.91808784 -0.35136157 -0.13999443 -1.7101614   0.80479276 -0.43312067
 -0.53494436  0.69188976 -2.0663948   1.3209229 ]
[-0.45668235  0.7571776   0.30675954  0.8985378   1.6456226   0.1935069
 -0.8503566  -0.39257574 -0.21174593 -1.7372624   0.8210262  -0.49987572
 -0.4721918   0.7171606  -2.0871193   1.361015  ]
[-0.45668235  0.7571776   0.30675954  0.8985378   1.6456226   0.1935069
 -0.8503566  -0.39257574 -0.21174593 -1.7372624   0.8210262  -0.49987572
 -0.4721918   0.7171606  -2.0871193   1.361015  ]
[-0.45668235  0.7571776   0.30675954  0.8985378   1.6456226   0.1935069
 -0.8503566  -0.39257574 -0.21174593 -1.7372624   0.8210262  -0.49987572
 -0.4721918   0.7171606  -2.0871193   1.361015  ]
[-0.45668235  0.7571776   0.30675954  0.8985378   1.6456226   0.1935069
 -0.8503566  -0.39257574 -0.21174593 -1.7372624   0.8210262  -0.49987572
 -0.4721918   0.7171606  -2.0871193   1.361015  ]
[-0.4880964   0.7430255   0.31736952  0.9354744   1.6170717   0.21950933
 -0.85352117 -0.3791072  -0.20673446 -1.7293949   0.79154456 -0.45824003
 -0.45803875  0.74021477 -2.105262    1.3049284 ]
[-0.4880964   0.7430255   0.31736952  0.9354744   1.6170717   0.21950933
 -0.85352117 -0.3791072  -0.20673446 -1.7293949   0.79154456 -0.45824003
 -0.45803875  0.74021477 -2.105262    1.3049284 ]
[-0.4880964   0.7430255   0.31736952  0.9354744   1.6170717   0.21950933
 -0.85352117 -0.3791072  -0.20673446 -1.7293949   0.79154456 -0.45824003
 -0.45803875  0.74021477 -2.105262    1.3049284 ]
[-0.4880964   0.7430255   0.31736952  0.9354744   1.6170717   0.21950933
 -0.85352117 -0.3791072  -0.20673446 -1.7293949   0.79154456 -0.45824003
 -0.45803875  0.74021477 -2.105262    1.3049284 ]
[-0.48935395  0.7037429   0.32912073  0.9719369   1.6169612   0.24257965
 -0.8522484  -0.38256398 -0.22740373 -1.7117074   0.75329036 -0.42891425
 -0.4311533   0.77126485 -2.1255944   1.2484579 ]
[-0.48935395  0.7037429   0.32912073  0.9719369   1.6169612   0.24257965
 -0.8522484  -0.38256398 -0.22740373 -1.7117074   0.75329036 -0.42891425
 -0.4311533   0.77126485 -2.1255944   1.2484579 ]
[-0.48935395  0.7037429   0.32912073  0.9719369   1.6169612   0.24257965
 -0.8522484  -0.38256398 -0.22740373 -1.7117074   0.75329036 -0.42891425
 -0.4311533   0.77126485 -2.1255944   1.2484579 ]
[-0.48935395  0.7037429   0.32912073  0.9719369   1.6169612   0.24257965
 -0.8522484  -0.38256398 -0.22740373 -1.7117074   0.75329036 -0.42891425
 -0.4311533   0.77126485 -2.1255944   1.2484579 ]
[-0.5070249   0.727258    0.31613356  0.97557145  1.58656     0.265109
 -0.8698365  -0.36854115 -0.21855354 -1.6956888   0.7424515  -0.39331943
 -0.46057892  0.7817325  -2.1307395   1.2380677 ]
[-0.5070249   0.727258    0.31613356  0.97557145  1.58656     0.265109
 -0.8698365  -0.36854115 -0.21855354 -1.6956888   0.7424515  -0.39331943
 -0.46057892  0.7817325  -2.1307395   1.2380677 ]
[-0.5070249   0.727258    0.31613356  0.97557145  1.58656     0.265109
 -0.8698365  -0.36854115 -0.21855354 -1.6956888   0.7424515  -0.39331943
 -0.46057892  0.7817325  -2.1307395   1.2380677 ]
[-0.5070249   0.727258    0.31613356  0.97557145  1.58656     0.265109
 -0.8698365  -0.36854115 -0.21855354 -1.6956888   0.7424515  -0.39331943
 -0.46057892  0.7817325  -2.1307395   1.2380677 ]
[-0.5070249   0.727258    0.31613356  0.97557145  1.58656     0.265109
 -0.8698365  -0.36854115 -0.21855354 -1.6956888   0.7424515  -0.39331943
 -0.46057892  0.7817325  -2.1307395   1.2380677 ]
[-0.5757681   0.70760167  0.35319743  0.9710231   1.6203932   0.27127358
 -0.8861334  -0.34439975 -0.15543263 -1.6907418   0.72249854 -0.38997602
 -0.46138564  0.7624279  -2.1252816   1.2080834 ]
[-0.5757681   0.70760167  0.35319743  0.9710231   1.6203932   0.27127358
 -0.8861334  -0.34439975 -0.15543263 -1.6907418   0.72249854 -0.38997602
 -0.46138564  0.7624279  -2.1252816   1.2080834 ]
[-0.5757681   0.70760167  0.35319743  0.9710231   1.6203932   0.27127358
 -0.8861334  -0.34439975 -0.15543263 -1.6907418   0.72249854 -0.38997602
 -0.46138564  0.7624279  -2.1252816   1.2080834 ]
[-0.5757681   0.70760167  0.35319743  0.9710231   1.6203932   0.27127358
 -0.8861334  -0.34439975 -0.15543263 -1.6907418   0.72249854 -0.38997602
 -0.46138564  0.7624279  -2.1252816   1.2080834 ]
[-0.5682317   0.8138178   0.3628621   0.8358669   1.618483    0.27425388
 -0.9441662  -0.36853552 -0.1550581  -1.7364738   0.8254843  -0.42948905
 -0.5007387   0.69028914 -2.026834    1.299632  ]
[-0.5682317   0.8138178   0.3628621   0.8358669   1.618483    0.27425388
 -0.9441662  -0.36853552 -0.1550581  -1.7364738   0.8254843  -0.42948905
 -0.5007387   0.69028914 -2.026834    1.299632  ]
[-0.5682317   0.8138178   0.3628621   0.8358669   1.618483    0.27425388
 -0.9441662  -0.36853552 -0.1550581  -1.7364738   0.8254843  -0.42948905
 -0.5007387   0.69028914 -2.026834    1.299632  ]
[-0.5682317   0.8138178   0.3628621   0.8358669   1.618483    0.27425388
 -0.9441662  -0.36853552 -0.1550581  -1.7364738   0.8254843  -0.42948905
 -0.5007387   0.69028914 -2.026834    1.299632  ]
[-0.4709947   0.78940505  0.32534704  0.8754398   1.6336052   0.21204957
 -0.8648938  -0.41660213 -0.21701846 -1.7498245   0.84403515 -0.4968912
 -0.48184186  0.7158133  -2.0619464   1.3572936 ]
[-0.4709947   0.78940505  0.32534704  0.8754398   1.6336052   0.21204957
 -0.8648938  -0.41660213 -0.21701846 -1.7498245   0.84403515 -0.4968912
 -0.48184186  0.7158133  -2.0619464   1.3572936 ]
[-0.4709947   0.78940505  0.32534704  0.8754398   1.6336052   0.21204957
 -0.8648938  -0.41660213 -0.21701846 -1.7498245   0.84403515 -0.4968912
 -0.48184186  0.7158133  -2.0619464   1.3572936 ]
[-0.4709947   0.78940505  0.32534704  0.8754398   1.6336052   0.21204957
 -0.8648938  -0.41660213 -0.21701846 -1.7498245   0.84403515 -0.4968912
 -0.48184186  0.7158133  -2.0619464   1.3572936 ]
[-0.4800023   0.7473677   0.3232431   0.92041475  1.6229513   0.21399502
 -0.8433442  -0.40390295 -0.21638075 -1.7344633   0.8164126  -0.48343906
 -0.47296292  0.749246   -2.0906308   1.3227158 ]
[-0.4800023   0.7473677   0.3232431   0.92041475  1.6229513   0.21399502
 -0.8433442  -0.40390295 -0.21638075 -1.7344633   0.8164126  -0.48343906
 -0.47296292  0.749246   -2.0906308   1.3227158 ]
[-0.4800023   0.7473677   0.3232431   0.92041475  1.6229513   0.21399502
 -0.8433442  -0.40390295 -0.21638075 -1.7344633   0.8164126  -0.48343906
 -0.47296292  0.749246   -2.0906308   1.3227158 ]
[-0.50030124  0.72846615  0.35473117  0.9582548   1.5891134   0.24786803
 -0.85566217 -0.38840458 -0.21014178 -1.720733    0.7665988  -0.42405453
 -0.4726293   0.7596146  -2.110932    1.2671486 ]
[-0.50030124  0.72846615  0.35473117  0.9582548   1.5891134   0.24786803
 -0.85566217 -0.38840458 -0.21014178 -1.720733    0.7665988  -0.42405453
 -0.4726293   0.7596146  -2.110932    1.2671486 ]
[-0.50030124  0.72846615  0.35473117  0.9582548   1.5891134   0.24786803
 -0.85566217 -0.38840458 -0.21014178 -1.720733    0.7665988  -0.42405453
 -0.4726293   0.7596146  -2.110932    1.2671486 ]
[-0.50030124  0.72846615  0.35473117  0.9582548   1.5891134   0.24786803
 -0.85566217 -0.38840458 -0.21014178 -1.720733    0.7665988  -0.42405453
 -0.4726293   0.7596146  -2.110932    1.2671486 ]
[-0.50030124  0.72846615  0.35473117  0.9582548   1.5891134   0.24786803
 -0.85566217 -0.38840458 -0.21014178 -1.720733    0.7665988  -0.42405453
 -0.4726293   0.7596146  -2.110932    1.2671486 ]
[-0.56413746  0.69423056  0.36288473  0.9873563   1.592016    0.29310042
 -0.89817685 -0.3560943  -0.18918237 -1.6944145   0.7241834  -0.36722857
 -0.4678947   0.7641913  -2.1044297   1.2104204 ]
[-0.56413746  0.69423056  0.36288473  0.9873563   1.592016    0.29310042
 -0.89817685 -0.3560943  -0.18918237 -1.6944145   0.7241834  -0.36722857
 -0.4678947   0.7641913  -2.1044297   1.2104204 ]
[-0.56413746  0.69423056  0.36288473  0.9873563   1.592016    0.29310042
 -0.89817685 -0.3560943  -0.18918237 -1.6944145   0.7241834  -0.36722857
 -0.4678947   0.7641913  -2.1044297   1.2104204 ]
[-0.56413746  0.69423056  0.36288473  0.9873563   1.592016    0.29310042
 -0.89817685 -0.3560943  -0.18918237 -1.6944145   0.7241834  -0.36722857
 -0.4678947   0.7641913  -2.1044297   1.2104204 ]
[-0.59089416  0.6789642   0.3774758   0.9839985   1.6205902   0.30732903
 -0.91589993 -0.33243918 -0.1593138  -1.6731303   0.6941251  -0.35296434
 -0.4756965   0.73738295 -2.101001    1.1878083 ]
[-0.59089416  0.6789642   0.3774758   0.9839985   1.6205902   0.30732903
 -0.91589993 -0.33243918 -0.1593138  -1.6731303   0.6941251  -0.35296434
 -0.4756965   0.73738295 -2.101001    1.1878083 ]
[-0.59089416  0.6789642   0.3774758   0.9839985   1.6205902   0.30732903
 -0.91589993 -0.33243918 -0.1593138  -1.6731303   0.6941251  -0.35296434
 -0.4756965   0.73738295 -2.101001    1.1878083 ]
[-0.59089416  0.6789642   0.3774758   0.9839985   1.6205902   0.30732903
 -0.91589993 -0.33243918 -0.1593138  -1.6731303   0.6941251  -0.35296434
 -0.4756965   0.73738295 -2.101001    1.1878083 ]
[-0.59089416  0.6789642   0.3774758   0.9839985   1.6205902   0.30732903
 -0.91589993 -0.33243918 -0.1593138  -1.6731303   0.6941251  -0.35296434
 -0.4756965   0.73738295 -2.101001    1.1878083 ]
[-0.57739913  0.73167664  0.35311115  0.92260945  1.615453    0.28060055
 -0.9177861  -0.332381   -0.16280583 -1.686953    0.7372614  -0.3972571
 -0.49289876  0.74120253 -2.083457    1.2585167 ]
[-0.57739913  0.73167664  0.35311115  0.92260945  1.615453    0.28060055
 -0.9177861  -0.332381   -0.16280583 -1.686953    0.7372614  -0.3972571
 -0.49289876  0.74120253 -2.083457    1.2585167 ]
[-0.57739913  0.73167664  0.35311115  0.92260945  1.615453    0.28060055
 -0.9177861  -0.332381   -0.16280583 -1.686953    0.7372614  -0.3972571
 -0.49289876  0.74120253 -2.083457    1.2585167 ]
[-0.57739913  0.73167664  0.35311115  0.92260945  1.615453    0.28060055
 -0.9177861  -0.332381   -0.16280583 -1.686953    0.7372614  -0.3972571
 -0.49289876  0.74120253 -2.083457    1.2585167 ]
[-0.57739913  0.73167664  0.35311115  0.92260945  1.615453    0.28060055
 -0.9177861  -0.332381   -0.16280583 -1.686953    0.7372614  -0.3972571
 -0.49289876  0.74120253 -2.083457    1.2585167 ]
[-0.56468713  0.7647926   0.32684246  0.88894975  1.6349585   0.2502927
 -0.9233195  -0.34696394 -0.15163586 -1.7147564   0.7912588  -0.4367156
 -0.48977152  0.70833397 -2.0645518   1.3187389 ]
[-0.56468713  0.7647926   0.32684246  0.88894975  1.6349585   0.2502927
 -0.9233195  -0.34696394 -0.15163586 -1.7147564   0.7912588  -0.4367156
 -0.48977152  0.70833397 -2.0645518   1.3187389 ]
[-0.56468713  0.7647926   0.32684246  0.88894975  1.6349585   0.2502927
 -0.9233195  -0.34696394 -0.15163586 -1.7147564   0.7912588  -0.4367156
 -0.48977152  0.70833397 -2.0645518   1.3187389 ]
[-0.56468713  0.7647926   0.32684246  0.88894975  1.6349585   0.2502927
 -0.9233195  -0.34696394 -0.15163586 -1.7147564   0.7912588  -0.4367156
 -0.48977152  0.70833397 -2.0645518   1.3187389 ]
[-0.45647174  0.7521458   0.29466122  0.9083851   1.6463892   0.1927834
 -0.8416308  -0.4038848  -0.22184929 -1.7368733   0.8194421  -0.50906515
 -0.46155125  0.7400216  -2.0912786   1.3619835 ]
[-0.45647174  0.7521458   0.29466122  0.9083851   1.6463892   0.1927834
 -0.8416308  -0.4038848  -0.22184929 -1.7368733   0.8194421  -0.50906515
 -0.46155125  0.7400216  -2.0912786   1.3619835 ]
[-0.45647174  0.7521458   0.29466122  0.9083851   1.6463892   0.1927834
 -0.8416308  -0.4038848  -0.22184929 -1.7368733   0.8194421  -0.50906515
 -0.46155125  0.7400216  -2.0912786   1.3619835 ]
[-0.48128113  0.7462656   0.31847018  0.93130225  1.6254276   0.22310865
 -0.8720012  -0.39120203 -0.21312085 -1.7317402   0.7908222  -0.45926923
 -0.46038812  0.74514407 -2.0942147   1.314094  ]
[-0.48128113  0.7462656   0.31847018  0.93130225  1.6254276   0.22310865
 -0.8720012  -0.39120203 -0.21312085 -1.7317402   0.7908222  -0.45926923
 -0.46038812  0.74514407 -2.0942147   1.314094  ]
[-0.48128113  0.7462656   0.31847018  0.93130225  1.6254276   0.22310865
 -0.8720012  -0.39120203 -0.21312085 -1.7317402   0.7908222  -0.45926923
 -0.46038812  0.74514407 -2.0942147   1.314094  ]
[-0.48128113  0.7462656   0.31847018  0.93130225  1.6254276   0.22310865
 -0.8720012  -0.39120203 -0.21312085 -1.7317402   0.7908222  -0.45926923
 -0.46038812  0.74514407 -2.0942147   1.314094  ]
[-0.4923274   0.6951765   0.32592463  0.9819293   1.6282476   0.24040106
 -0.87663954 -0.3838855  -0.22935943 -1.7152889   0.7480379  -0.4184907
 -0.43012428  0.7712258  -2.112169    1.2562523 ]
[-0.4923274   0.6951765   0.32592463  0.9819293   1.6282476   0.24040106
 -0.87663954 -0.3838855  -0.22935943 -1.7152889   0.7480379  -0.4184907
 -0.43012428  0.7712258  -2.112169    1.2562523 ]
[-0.4923274   0.6951765   0.32592463  0.9819293   1.6282476   0.24040106
 -0.87663954 -0.3838855  -0.22935943 -1.7152889   0.7480379  -0.4184907
 -0.43012428  0.7712258  -2.112169    1.2562523 ]
[-0.4923274   0.6951765   0.32592463  0.9819293   1.6282476   0.24040106
 -0.87663954 -0.3838855  -0.22935943 -1.7152889   0.7480379  -0.4184907
 -0.43012428  0.7712258  -2.112169    1.2562523 ]
[-0.4923274   0.6951765   0.32592463  0.9819293   1.6282476   0.24040106
 -0.87663954 -0.3838855  -0.22935943 -1.7152889   0.7480379  -0.4184907
 -0.43012428  0.7712258  -2.112169    1.2562523 ]
[-0.5339365   0.68634045  0.31927496  1.0114923   1.6046976   0.27067417
 -0.87594336 -0.34650177 -0.19552398 -1.6831623   0.7020276  -0.37543127
 -0.46346426  0.7763952  -2.1361043   1.2274172 ]
[-0.5339365   0.68634045  0.31927496  1.0114923   1.6046976   0.27067417
 -0.87594336 -0.34650177 -0.19552398 -1.6831623   0.7020276  -0.37543127
 -0.46346426  0.7763952  -2.1361043   1.2274172 ]
[-0.5339365   0.68634045  0.31927496  1.0114923   1.6046976   0.27067417
 -0.87594336 -0.34650177 -0.19552398 -1.6831623   0.7020276  -0.37543127
 -0.46346426  0.7763952  -2.1361043   1.2274172 ]
[-0.5339365   0.68634045  0.31927496  1.0114923   1.6046976   0.27067417
 -0.87594336 -0.34650177 -0.19552398 -1.6831623   0.7020276  -0.37543127
 -0.46346426  0.7763952  -2.1361043   1.2274172 ]
[-0.5339365   0.68634045  0.31927496  1.0114923   1.6046976   0.27067417
 -0.87594336 -0.34650177 -0.19552398 -1.6831623   0.7020276  -0.37543127
 -0.46346426  0.7763952  -2.1361043   1.2274172 ]
[-0.5702186   0.6849261   0.3513094   0.9837769   1.6176466   0.2666412
 -0.8654599  -0.3286702  -0.16116811 -1.6776314   0.7048556  -0.40332237
 -0.47899047  0.77994967 -2.1392162   1.2233013 ]
[-0.5702186   0.6849261   0.3513094   0.9837769   1.6176466   0.2666412
 -0.8654599  -0.3286702  -0.16116811 -1.6776314   0.7048556  -0.40332237
 -0.47899047  0.77994967 -2.1392162   1.2233013 ]
[-0.5702186   0.6849261   0.3513094   0.9837769   1.6176466   0.2666412
 -0.8654599  -0.3286702  -0.16116811 -1.6776314   0.7048556  -0.40332237
 -0.47899047  0.77994967 -2.1392162   1.2233013 ]
[-0.5702186   0.6849261   0.3513094   0.9837769   1.6176466   0.2666412
 -0.8654599  -0.3286702  -0.16116811 -1.6776314   0.7048556  -0.40332237
 -0.47899047  0.77994967 -2.1392162   1.2233013 ]
[-0.5556301   0.7624711   0.35274693  0.91125524  1.6048018   0.27816105
 -0.88147527 -0.34837767 -0.14081211 -1.6894268   0.77209747 -0.41251126
 -0.53701484  0.7273094  -2.1158257   1.261432  ]
[-0.5556301   0.7624711   0.35274693  0.91125524  1.6048018   0.27816105
 -0.88147527 -0.34837767 -0.14081211 -1.6894268   0.77209747 -0.41251126
 -0.53701484  0.7273094  -2.1158257   1.261432  ]
[-0.5556301   0.7624711   0.35274693  0.91125524  1.6048018   0.27816105
 -0.88147527 -0.34837767 -0.14081211 -1.6894268   0.77209747 -0.41251126
 -0.53701484  0.7273094  -2.1158257   1.261432  ]
[-0.5556301   0.7624711   0.35274693  0.91125524  1.6048018   0.27816105
 -0.88147527 -0.34837767 -0.14081211 -1.6894268   0.77209747 -0.41251126
 -0.53701484  0.7273094  -2.1158257   1.261432  ]
[-0.47015947  0.7860172   0.33381373  0.88716185  1.6206608   0.22773059
 -0.87003195 -0.37976244 -0.18424931 -1.7157066   0.8217308  -0.45399553
 -0.5373111   0.69560784 -2.0981169   1.3282531 ]
[-0.47015947  0.7860172   0.33381373  0.88716185  1.6206608   0.22773059
 -0.87003195 -0.37976244 -0.18424931 -1.7157066   0.8217308  -0.45399553
 -0.5373111   0.69560784 -2.0981169   1.3282531 ]
[-0.47015947  0.7860172   0.33381373  0.88716185  1.6206608   0.22773059
 -0.87003195 -0.37976244 -0.18424931 -1.7157066   0.8217308  -0.45399553
 -0.5373111   0.69560784 -2.0981169   1.3282531 ]
[-0.47015947  0.7860172   0.33381373  0.88716185  1.6206608   0.22773059
 -0.87003195 -0.37976244 -0.18424931 -1.7157066   0.8217308  -0.45399553
 -0.5373111   0.69560784 -2.0981169   1.3282531 ]
[-0.52549386  0.7487174   0.3041357   0.93014497  1.6224372   0.24834022
 -0.891184   -0.33801702 -0.15483823 -1.7028027   0.7705065  -0.4070584
 -0.5000236   0.7122858  -2.1131306   1.2865025 ]
[-0.52549386  0.7487174   0.3041357   0.93014497  1.6224372   0.24834022
 -0.891184   -0.33801702 -0.15483823 -1.7028027   0.7705065  -0.4070584
 -0.5000236   0.7122858  -2.1131306   1.2865025 ]
[-0.52549386  0.7487174   0.3041357   0.93014497  1.6224372   0.24834022
 -0.891184   -0.33801702 -0.15483823 -1.7028027   0.7705065  -0.4070584
 -0.5000236   0.7122858  -2.1131306   1.2865025 ]
[-0.52549386  0.7487174   0.3041357   0.93014497  1.6224372   0.24834022
 -0.891184   -0.33801702 -0.15483823 -1.7028027   0.7705065  -0.4070584
 -0.5000236   0.7122858  -2.1131306   1.2865025 ]
[-0.52549386  0.7487174   0.3041357   0.93014497  1.6224372   0.24834022
 -0.891184   -0.33801702 -0.15483823 -1.7028027   0.7705065  -0.4070584
 -0.5000236   0.7122858  -2.1131306   1.2865025 ]
[-0.46528348  0.6998519   0.31130046  0.96259344  1.6474583   0.21488917
 -0.8508932  -0.36947677 -0.21937414 -1.7223593   0.7505666  -0.4346935
 -0.40641412  0.7443846  -2.1351254   1.2617242 ]
[-0.46528348  0.6998519   0.31130046  0.96259344  1.6474583   0.21488917
 -0.8508932  -0.36947677 -0.21937414 -1.7223593   0.7505666  -0.4346935
 -0.40641412  0.7443846  -2.1351254   1.2617242 ]
[-0.46528348  0.6998519   0.31130046  0.96259344  1.6474583   0.21488917
 -0.8508932  -0.36947677 -0.21937414 -1.7223593   0.7505666  -0.4346935
 -0.40641412  0.7443846  -2.1351254   1.2617242 ]
[-0.46528348  0.6998519   0.31130046  0.96259344  1.6474583   0.21488917
 -0.8508932  -0.36947677 -0.21937414 -1.7223593   0.7505666  -0.4346935
 -0.40641412  0.7443846  -2.1351254   1.2617242 ]
[-0.46528348  0.6998519   0.31130046  0.96259344  1.6474583   0.21488917
 -0.8508932  -0.36947677 -0.21937414 -1.7223593   0.7505666  -0.4346935
 -0.40641412  0.7443846  -2.1351254   1.2617242 ]
[-0.46960488  0.6908518   0.33110467  0.94629586  1.6739101   0.2344934
 -0.85721636 -0.40222317 -0.2625524  -1.7138989   0.7712969  -0.4404002
 -0.391944    0.7530385  -2.1088529   1.2333432 ]
[-0.46960488  0.6908518   0.33110467  0.94629586  1.6739101   0.2344934
 -0.85721636 -0.40222317 -0.2625524  -1.7138989   0.7712969  -0.4404002
 -0.391944    0.7530385  -2.1088529   1.2333432 ]
[-0.46960488  0.6908518   0.33110467  0.94629586  1.6739101   0.2344934
 -0.85721636 -0.40222317 -0.2625524  -1.7138989   0.7712969  -0.4404002
 -0.391944    0.7530385  -2.1088529   1.2333432 ]
[-0.46960488  0.6908518   0.33110467  0.94629586  1.6739101   0.2344934
 -0.85721636 -0.40222317 -0.2625524  -1.7138989   0.7712969  -0.4404002
 -0.391944    0.7530385  -2.1088529   1.2333432 ]
[-0.5676661   0.6943332   0.35609648  0.9718733   1.6197002   0.271205
 -0.8793732  -0.32543883 -0.16489097 -1.6738007   0.6983699  -0.38678408
 -0.46859354  0.7639793  -2.1339946   1.2125429 ]
[-0.5676661   0.6943332   0.35609648  0.9718733   1.6197002   0.271205
 -0.8793732  -0.32543883 -0.16489097 -1.6738007   0.6983699  -0.38678408
 -0.46859354  0.7639793  -2.1339946   1.2125429 ]
[-0.5676661   0.6943332   0.35609648  0.9718733   1.6197002   0.271205
 -0.8793732  -0.32543883 -0.16489097 -1.6738007   0.6983699  -0.38678408
 -0.46859354  0.7639793  -2.1339946   1.2125429 ]
[-0.5676661   0.6943332   0.35609648  0.9718733   1.6197002   0.271205
 -0.8793732  -0.32543883 -0.16489097 -1.6738007   0.6983699  -0.38678408
 -0.46859354  0.7639793  -2.1339946   1.2125429 ]
[-0.5676661   0.6943332   0.35609648  0.9718733   1.6197002   0.271205
 -0.8793732  -0.32543883 -0.16489097 -1.6738007   0.6983699  -0.38678408
 -0.46859354  0.7639793  -2.1339946   1.2125429 ]
[-0.55781364  0.7800249   0.34974056  0.8678153   1.6144568   0.26461264
 -0.9135435  -0.33929545 -0.14279963 -1.7060068   0.79060555 -0.4207016
 -0.51615894  0.71294117 -2.0816712   1.2882141 ]
[-0.55781364  0.7800249   0.34974056  0.8678153   1.6144568   0.26461264
 -0.9135435  -0.33929545 -0.14279963 -1.7060068   0.79060555 -0.4207016
 -0.51615894  0.71294117 -2.0816712   1.2882141 ]
[-0.55781364  0.7800249   0.34974056  0.8678153   1.6144568   0.26461264
 -0.9135435  -0.33929545 -0.14279963 -1.7060068   0.79060555 -0.4207016
 -0.51615894  0.71294117 -2.0816712   1.2882141 ]
[-0.55781364  0.7800249   0.34974056  0.8678153   1.6144568   0.26461264
 -0.9135435  -0.33929545 -0.14279963 -1.7060068   0.79060555 -0.4207016
 -0.51615894  0.71294117 -2.0816712   1.2882141 ]
[-0.55781364  0.7800249   0.34974056  0.8678153   1.6144568   0.26461264
 -0.9135435  -0.33929545 -0.14279963 -1.7060068   0.79060555 -0.4207016
 -0.51615894  0.71294117 -2.0816712   1.2882141 ]
[-0.4708075   0.78362644  0.32989755  0.882349    1.6238693   0.20698018
 -0.8680256  -0.37766546 -0.18071292 -1.7318436   0.83155394 -0.47124034
 -0.5063127   0.6968888  -2.0993829   1.3427355 ]
[-0.4708075   0.78362644  0.32989755  0.882349    1.6238693   0.20698018
 -0.8680256  -0.37766546 -0.18071292 -1.7318436   0.83155394 -0.47124034
 -0.5063127   0.6968888  -2.0993829   1.3427355 ]
[-0.4708075   0.78362644  0.32989755  0.882349    1.6238693   0.20698018
 -0.8680256  -0.37766546 -0.18071292 -1.7318436   0.83155394 -0.47124034
 -0.5063127   0.6968888  -2.0993829   1.3427355 ]
[-0.4708075   0.78362644  0.32989755  0.882349    1.6238693   0.20698018
 -0.8680256  -0.37766546 -0.18071292 -1.7318436   0.83155394 -0.47124034
 -0.5063127   0.6968888  -2.0993829   1.3427355 ]
[-0.4708075   0.78362644  0.32989755  0.882349    1.6238693   0.20698018
 -0.8680256  -0.37766546 -0.18071292 -1.7318436   0.83155394 -0.47124034
 -0.5063127   0.6968888  -2.0993829   1.3427355 ]
[-0.47247237  0.7408873   0.3080391   0.9260551   1.6314961   0.19988914
 -0.83165014 -0.38726845 -0.21014135 -1.7358017   0.80758727 -0.4840784
 -0.45259008  0.74468946 -2.112626    1.3190897 ]
[-0.47247237  0.7408873   0.3080391   0.9260551   1.6314961   0.19988914
 -0.83165014 -0.38726845 -0.21014135 -1.7358017   0.80758727 -0.4840784
 -0.45259008  0.74468946 -2.112626    1.3190897 ]
[-0.47247237  0.7408873   0.3080391   0.9260551   1.6314961   0.19988914
 -0.83165014 -0.38726845 -0.21014135 -1.7358017   0.80758727 -0.4840784
 -0.45259008  0.74468946 -2.112626    1.3190897 ]
[-0.47247237  0.7408873   0.3080391   0.9260551   1.6314961   0.19988914
 -0.83165014 -0.38726845 -0.21014135 -1.7358017   0.80758727 -0.4840784
 -0.45259008  0.74468946 -2.112626    1.3190897 ]
[-0.5115525   0.7519555   0.3275985   0.932693    1.6078199   0.24070077
 -0.86787766 -0.38288847 -0.20620689 -1.7335907   0.79435503 -0.43920976
 -0.44367498  0.7465323  -2.0987794   1.271594  ]
[-0.5115525   0.7519555   0.3275985   0.932693    1.6078199   0.24070077
 -0.86787766 -0.38288847 -0.20620689 -1.7335907   0.79435503 -0.43920976
 -0.44367498  0.7465323  -2.0987794   1.271594  ]
[-0.5115525   0.7519555   0.3275985   0.932693    1.6078199   0.24070077
 -0.86787766 -0.38288847 -0.20620689 -1.7335907   0.79435503 -0.43920976
 -0.44367498  0.7465323  -2.0987794   1.271594  ]
[-0.5115525   0.7519555   0.3275985   0.932693    1.6078199   0.24070077
 -0.86787766 -0.38288847 -0.20620689 -1.7335907   0.79435503 -0.43920976
 -0.44367498  0.7465323  -2.0987794   1.271594  ]
[-0.49643284  0.7427937   0.35070044  0.932758    1.6061825   0.2566388
 -0.8581866  -0.39700872 -0.23056531 -1.7125263   0.7919358  -0.42366323
 -0.47500873  0.76257336 -2.1073651   1.2452228 ]
[-0.49643284  0.7427937   0.35070044  0.932758    1.6061825   0.2566388
 -0.8581866  -0.39700872 -0.23056531 -1.7125263   0.7919358  -0.42366323
 -0.47500873  0.76257336 -2.1073651   1.2452228 ]
[-0.49643284  0.7427937   0.35070044  0.932758    1.6061825   0.2566388
 -0.8581866  -0.39700872 -0.23056531 -1.7125263   0.7919358  -0.42366323
 -0.47500873  0.76257336 -2.1073651   1.2452228 ]
[-0.49643284  0.7427937   0.35070044  0.932758    1.6061825   0.2566388
 -0.8581866  -0.39700872 -0.23056531 -1.7125263   0.7919358  -0.42366323
 -0.47500873  0.76257336 -2.1073651   1.2452228 ]
[-0.49643284  0.7427937   0.35070044  0.932758    1.6061825   0.2566388
 -0.8581866  -0.39700872 -0.23056531 -1.7125263   0.7919358  -0.42366323
 -0.47500873  0.76257336 -2.1073651   1.2452228 ]
[-0.5813592   0.7277127   0.36704558  0.9637486   1.5917698   0.3011827
 -0.89321566 -0.32872885 -0.14334837 -1.676398    0.7152465  -0.36759615
 -0.5241302   0.7428428  -2.1219685   1.214892  ]
[-0.5813592   0.7277127   0.36704558  0.9637486   1.5917698   0.3011827
 -0.89321566 -0.32872885 -0.14334837 -1.676398    0.7152465  -0.36759615
 -0.5241302   0.7428428  -2.1219685   1.214892  ]
[-0.5813592   0.7277127   0.36704558  0.9637486   1.5917698   0.3011827
 -0.89321566 -0.32872885 -0.14334837 -1.676398    0.7152465  -0.36759615
 -0.5241302   0.7428428  -2.1219685   1.214892  ]
[-0.5813592   0.7277127   0.36704558  0.9637486   1.5917698   0.3011827
 -0.89321566 -0.32872885 -0.14334837 -1.676398    0.7152465  -0.36759615
 -0.5241302   0.7428428  -2.1219685   1.214892  ]
[-0.5813592   0.7277127   0.36704558  0.9637486   1.5917698   0.3011827
 -0.89321566 -0.32872885 -0.14334837 -1.676398    0.7152465  -0.36759615
 -0.5241302   0.7428428  -2.1219685   1.214892  ]
[-0.5642654   0.7523344   0.34340534  0.9353358   1.5909791   0.26429117
 -0.8679333  -0.32589394 -0.13116567 -1.6744502   0.74917996 -0.40491003
 -0.5506196   0.7450039  -2.1330726   1.2612215 ]
[-0.5642654   0.7523344   0.34340534  0.9353358   1.5909791   0.26429117
 -0.8679333  -0.32589394 -0.13116567 -1.6744502   0.74917996 -0.40491003
 -0.5506196   0.7450039  -2.1330726   1.2612215 ]
[-0.5642654   0.7523344   0.34340534  0.9353358   1.5909791   0.26429117
 -0.8679333  -0.32589394 -0.13116567 -1.6744502   0.74917996 -0.40491003
 -0.5506196   0.7450039  -2.1330726   1.2612215 ]
[-0.5642654   0.7523344   0.34340534  0.9353358   1.5909791   0.26429117
 -0.8679333  -0.32589394 -0.13116567 -1.6744502   0.74917996 -0.40491003
 -0.5506196   0.7450039  -2.1330726   1.2612215 ]
[-0.5642654   0.7523344   0.34340534  0.9353358   1.5909791   0.26429117
 -0.8679333  -0.32589394 -0.13116567 -1.6744502   0.74917996 -0.40491003
 -0.5506196   0.7450039  -2.1330726   1.2612215 ]
[-0.54977643  0.79414713  0.32377043  0.8857552   1.6103861   0.2558301
 -0.9002942  -0.34416407 -0.11522998 -1.7019352   0.81075346 -0.4208057
 -0.565845    0.6915819  -2.0888183   1.3059703 ]
[-0.54977643  0.79414713  0.32377043  0.8857552   1.6103861   0.2558301
 -0.9002942  -0.34416407 -0.11522998 -1.7019352   0.81075346 -0.4208057
 -0.565845    0.6915819  -2.0888183   1.3059703 ]
[-0.54977643  0.79414713  0.32377043  0.8857552   1.6103861   0.2558301
 -0.9002942  -0.34416407 -0.11522998 -1.7019352   0.81075346 -0.4208057
 -0.565845    0.6915819  -2.0888183   1.3059703 ]
[-0.54977643  0.79414713  0.32377043  0.8857552   1.6103861   0.2558301
 -0.9002942  -0.34416407 -0.11522998 -1.7019352   0.81075346 -0.4208057
 -0.565845    0.6915819  -2.0888183   1.3059703 ]
[-0.54977643  0.79414713  0.32377043  0.8857552   1.6103861   0.2558301
 -0.9002942  -0.34416407 -0.11522998 -1.7019352   0.81075346 -0.4208057
 -0.565845    0.6915819  -2.0888183   1.3059703 ]
[-0.47080988  0.77364045  0.31839344  0.9108492   1.6142718   0.21430555
 -0.84600496 -0.3847518  -0.18353274 -1.729353    0.81984264 -0.4632268
 -0.5022963   0.72541445 -2.1168191   1.3110559 ]
[-0.47080988  0.77364045  0.31839344  0.9108492   1.6142718   0.21430555
 -0.84600496 -0.3847518  -0.18353274 -1.729353    0.81984264 -0.4632268
 -0.5022963   0.72541445 -2.1168191   1.3110559 ]
[-0.47080988  0.77364045  0.31839344  0.9108492   1.6142718   0.21430555
 -0.84600496 -0.3847518  -0.18353274 -1.729353    0.81984264 -0.4632268
 -0.5022963   0.72541445 -2.1168191   1.3110559 ]
[-0.47080988  0.77364045  0.31839344  0.9108492   1.6142718   0.21430555
 -0.84600496 -0.3847518  -0.18353274 -1.729353    0.81984264 -0.4632268
 -0.5022963   0.72541445 -2.1168191   1.3110559 ]
[-0.48967347  0.76977515  0.32217902  0.9045054   1.6160367   0.24467349
 -0.8803015  -0.37711367 -0.18509617 -1.7265215   0.8065578  -0.42542973
 -0.48040742  0.7199395  -2.1029124   1.273515  ]
[-0.48967347  0.76977515  0.32217902  0.9045054   1.6160367   0.24467349
 -0.8803015  -0.37711367 -0.18509617 -1.7265215   0.8065578  -0.42542973
 -0.48040742  0.7199395  -2.1029124   1.273515  ]
[-0.48967347  0.76977515  0.32217902  0.9045054   1.6160367   0.24467349
 -0.8803015  -0.37711367 -0.18509617 -1.7265215   0.8065578  -0.42542973
 -0.48040742  0.7199395  -2.1029124   1.273515  ]
[-0.48967347  0.76977515  0.32217902  0.9045054   1.6160367   0.24467349
 -0.8803015  -0.37711367 -0.18509617 -1.7265215   0.8065578  -0.42542973
 -0.48040742  0.7199395  -2.1029124   1.273515  ]
[-0.47318214  0.7578952   0.33386675  0.911404    1.6210706   0.24412341
 -0.87483823 -0.37350598 -0.19558771 -1.711792    0.78835523 -0.4090186
 -0.49168578  0.71987766 -2.1176999   1.2598274 ]
[-0.47318214  0.7578952   0.33386675  0.911404    1.6210706   0.24412341
 -0.87483823 -0.37350598 -0.19558771 -1.711792    0.78835523 -0.4090186
 -0.49168578  0.71987766 -2.1176999   1.2598274 ]
[-0.47318214  0.7578952   0.33386675  0.911404    1.6210706   0.24412341
 -0.87483823 -0.37350598 -0.19558771 -1.711792    0.78835523 -0.4090186
 -0.49168578  0.71987766 -2.1176999   1.2598274 ]
[-0.47318214  0.7578952   0.33386675  0.911404    1.6210706   0.24412341
 -0.87483823 -0.37350598 -0.19558771 -1.711792    0.78835523 -0.4090186
 -0.49168578  0.71987766 -2.1176999   1.2598274 ]
[-0.5661436   0.7439882   0.35220426  0.9295329   1.6244026   0.28367
 -0.9095629  -0.3268896  -0.12819597 -1.6836426   0.7376915  -0.3714704
 -0.5183368   0.7051217  -2.1129975   1.2291117 ]
[-0.5661436   0.7439882   0.35220426  0.9295329   1.6244026   0.28367
 -0.9095629  -0.3268896  -0.12819597 -1.6836426   0.7376915  -0.3714704
 -0.5183368   0.7051217  -2.1129975   1.2291117 ]
[-0.5661436   0.7439882   0.35220426  0.9295329   1.6244026   0.28367
 -0.9095629  -0.3268896  -0.12819597 -1.6836426   0.7376915  -0.3714704
 -0.5183368   0.7051217  -2.1129975   1.2291117 ]
[-0.5661436   0.7439882   0.35220426  0.9295329   1.6244026   0.28367
 -0.9095629  -0.3268896  -0.12819597 -1.6836426   0.7376915  -0.3714704
 -0.5183368   0.7051217  -2.1129975   1.2291117 ]
[-0.5429072   0.7781315   0.3261866   0.88998765  1.6171772   0.2513599
 -0.8796387  -0.33815783 -0.13523714 -1.6917931   0.784104   -0.4249907
 -0.5347563   0.7170407  -2.1137464   1.2879233 ]
[-0.5429072   0.7781315   0.3261866   0.88998765  1.6171772   0.2513599
 -0.8796387  -0.33815783 -0.13523714 -1.6917931   0.784104   -0.4249907
 -0.5347563   0.7170407  -2.1137464   1.2879233 ]
[-0.5429072   0.7781315   0.3261866   0.88998765  1.6171772   0.2513599
 -0.8796387  -0.33815783 -0.13523714 -1.6917931   0.784104   -0.4249907
 -0.5347563   0.7170407  -2.1137464   1.2879233 ]
[-0.5429072   0.7781315   0.3261866   0.88998765  1.6171772   0.2513599
 -0.8796387  -0.33815783 -0.13523714 -1.6917931   0.784104   -0.4249907
 -0.5347563   0.7170407  -2.1137464   1.2879233 ]
[-0.5429072   0.7781315   0.3261866   0.88998765  1.6171772   0.2513599
 -0.8796387  -0.33815783 -0.13523714 -1.6917931   0.784104   -0.4249907
 -0.5347563   0.7170407  -2.1137464   1.2879233 ]
[-0.4430985   0.7936745   0.3093885   0.8664066   1.6349815   0.1934919
 -0.842573   -0.39102635 -0.19768277 -1.7343543   0.84181434 -0.49518442
 -0.5126999   0.6970385  -2.0922241   1.3653449 ]
[-0.4430985   0.7936745   0.3093885   0.8664066   1.6349815   0.1934919
 -0.842573   -0.39102635 -0.19768277 -1.7343543   0.84181434 -0.49518442
 -0.5126999   0.6970385  -2.0922241   1.3653449 ]
[-0.4430985   0.7936745   0.3093885   0.8664066   1.6349815   0.1934919
 -0.842573   -0.39102635 -0.19768277 -1.7343543   0.84181434 -0.49518442
 -0.5126999   0.6970385  -2.0922241   1.3653449 ]
[-0.4430985   0.7936745   0.3093885   0.8664066   1.6349815   0.1934919
 -0.842573   -0.39102635 -0.19768277 -1.7343543   0.84181434 -0.49518442
 -0.5126999   0.6970385  -2.0922241   1.3653449 ]
[-0.45548812  0.7597008   0.30535918  0.9063732   1.6327572   0.20211177
 -0.8307543  -0.38617596 -0.19776164 -1.7251667   0.82359755 -0.4813047
 -0.4925704   0.72409284 -2.113776    1.3202918 ]
[-0.45548812  0.7597008   0.30535918  0.9063732   1.6327572   0.20211177
 -0.8307543  -0.38617596 -0.19776164 -1.7251667   0.82359755 -0.4813047
 -0.4925704   0.72409284 -2.113776    1.3202918 ]
[-0.45548812  0.7597008   0.30535918  0.9063732   1.6327572   0.20211177
 -0.8307543  -0.38617596 -0.19776164 -1.7251667   0.82359755 -0.4813047
 -0.4925704   0.72409284 -2.113776    1.3202918 ]
[-0.45548812  0.7597008   0.30535918  0.9063732   1.6327572   0.20211177
 -0.8307543  -0.38617596 -0.19776164 -1.7251667   0.82359755 -0.4813047
 -0.4925704   0.72409284 -2.113776    1.3202918 ]
[-0.48007393  0.7665221   0.33097783  0.90574837  1.6124557   0.2385869
 -0.8666378  -0.38211852 -0.1971616  -1.7243395   0.8061451  -0.43263277
 -0.48395652  0.719543   -2.1050868   1.2818111 ]
[-0.48007393  0.7665221   0.33097783  0.90574837  1.6124557   0.2385869
 -0.8666378  -0.38211852 -0.1971616  -1.7243395   0.8061451  -0.43263277
 -0.48395652  0.719543   -2.1050868   1.2818111 ]
[-0.48007393  0.7665221   0.33097783  0.90574837  1.6124557   0.2385869
 -0.8666378  -0.38211852 -0.1971616  -1.7243395   0.8061451  -0.43263277
 -0.48395652  0.719543   -2.1050868   1.2818111 ]
[-0.48007393  0.7665221   0.33097783  0.90574837  1.6124557   0.2385869
 -0.8666378  -0.38211852 -0.1971616  -1.7243395   0.8061451  -0.43263277
 -0.48395652  0.719543   -2.1050868   1.2818111 ]
[-0.47873694  0.74379534  0.34600243  0.9046693   1.6375773   0.2467393
 -0.8755943  -0.40034908 -0.2319754  -1.7202282   0.807151   -0.42847663
 -0.45780033  0.7293015  -2.0888276   1.2551978 ]
[-0.47873694  0.74379534  0.34600243  0.9046693   1.6375773   0.2467393
 -0.8755943  -0.40034908 -0.2319754  -1.7202282   0.807151   -0.42847663
 -0.45780033  0.7293015  -2.0888276   1.2551978 ]
[-0.47873694  0.74379534  0.34600243  0.9046693   1.6375773   0.2467393
 -0.8755943  -0.40034908 -0.2319754  -1.7202282   0.807151   -0.42847663
 -0.45780033  0.7293015  -2.0888276   1.2551978 ]
[-0.47873694  0.74379534  0.34600243  0.9046693   1.6375773   0.2467393
 -0.8755943  -0.40034908 -0.2319754  -1.7202282   0.807151   -0.42847663
 -0.45780033  0.7293015  -2.0888276   1.2551978 ]
[-0.47873694  0.74379534  0.34600243  0.9046693   1.6375773   0.2467393
 -0.8755943  -0.40034908 -0.2319754  -1.7202282   0.807151   -0.42847663
 -0.45780033  0.7293015  -2.0888276   1.2551978 ]
[-0.57433206  0.7264246   0.36124808  0.9359705   1.6290624   0.29190004
 -0.92086375 -0.33908567 -0.14135638 -1.68468     0.7396746  -0.3705209
 -0.49513635  0.7075456  -2.0953426   1.2171876 ]
[-0.57433206  0.7264246   0.36124808  0.9359705   1.6290624   0.29190004
 -0.92086375 -0.33908567 -0.14135638 -1.68468     0.7396746  -0.3705209
 -0.49513635  0.7075456  -2.0953426   1.2171876 ]
[-0.57433206  0.7264246   0.36124808  0.9359705   1.6290624   0.29190004
 -0.92086375 -0.33908567 -0.14135638 -1.68468     0.7396746  -0.3705209
 -0.49513635  0.7075456  -2.0953426   1.2171876 ]
[-0.57433206  0.7264246   0.36124808  0.9359705   1.6290624   0.29190004
 -0.92086375 -0.33908567 -0.14135638 -1.68468     0.7396746  -0.3705209
 -0.49513635  0.7075456  -2.0953426   1.2171876 ]
[-0.54467607  0.7905966   0.3479797   0.8557693   1.621213    0.2631167
 -0.9164882  -0.35250384 -0.1518493  -1.7091719   0.79318184 -0.4273014
 -0.5211052   0.703672   -2.0667386   1.3058028 ]
[-0.54467607  0.7905966   0.3479797   0.8557693   1.621213    0.2631167
 -0.9164882  -0.35250384 -0.1518493  -1.7091719   0.79318184 -0.4273014
 -0.5211052   0.703672   -2.0667386   1.3058028 ]
[-0.54467607  0.7905966   0.3479797   0.8557693   1.621213    0.2631167
 -0.9164882  -0.35250384 -0.1518493  -1.7091719   0.79318184 -0.4273014
 -0.5211052   0.703672   -2.0667386   1.3058028 ]
[-0.54467607  0.7905966   0.3479797   0.8557693   1.621213    0.2631167
 -0.9164882  -0.35250384 -0.1518493  -1.7091719   0.79318184 -0.4273014
 -0.5211052   0.703672   -2.0667386   1.3058028 ]
[-0.44564652  0.79023993  0.32034856  0.86126643  1.6402695   0.19920142
 -0.8576229  -0.4023612  -0.2099578  -1.740694    0.84474885 -0.5018469
 -0.49810076  0.69799554 -2.0764165   1.3719819 ]
[-0.44564652  0.79023993  0.32034856  0.86126643  1.6402695   0.19920142
 -0.8576229  -0.4023612  -0.2099578  -1.740694    0.84474885 -0.5018469
 -0.49810076  0.69799554 -2.0764165   1.3719819 ]
[-0.44564652  0.79023993  0.32034856  0.86126643  1.6402695   0.19920142
 -0.8576229  -0.4023612  -0.2099578  -1.740694    0.84474885 -0.5018469
 -0.49810076  0.69799554 -2.0764165   1.3719819 ]
[-0.44564652  0.79023993  0.32034856  0.86126643  1.6402695   0.19920142
 -0.8576229  -0.4023612  -0.2099578  -1.740694    0.84474885 -0.5018469
 -0.49810076  0.69799554 -2.0764165   1.3719819 ]
[-0.46311155  0.7554283   0.30739528  0.9022185   1.6381187   0.19536677
 -0.8467225  -0.38756815 -0.20536426 -1.7348874   0.82114494 -0.4953309
 -0.47480288  0.72276926 -2.0940022   1.3518429 ]
[-0.46311155  0.7554283   0.30739528  0.9022185   1.6381187   0.19536677
 -0.8467225  -0.38756815 -0.20536426 -1.7348874   0.82114494 -0.4953309
 -0.47480288  0.72276926 -2.0940022   1.3518429 ]
[-0.46311155  0.7554283   0.30739528  0.9022185   1.6381187   0.19536677
 -0.8467225  -0.38756815 -0.20536426 -1.7348874   0.82114494 -0.4953309
 -0.47480288  0.72276926 -2.0940022   1.3518429 ]
[-0.46311155  0.7554283   0.30739528  0.9022185   1.6381187   0.19536677
 -0.8467225  -0.38756815 -0.20536426 -1.7348874   0.82114494 -0.4953309
 -0.47480288  0.72276926 -2.0940022   1.3518429 ]
[-0.46311155  0.7554283   0.30739528  0.9022185   1.6381187   0.19536677
 -0.8467225  -0.38756815 -0.20536426 -1.7348874   0.82114494 -0.4953309
 -0.47480288  0.72276926 -2.0940022   1.3518429 ]
[-0.50252676  0.76308936  0.3188109   0.91535664  1.611285    0.22536466
 -0.87633306 -0.36987403 -0.19367906 -1.734065    0.80431587 -0.45143604
 -0.4654943   0.7280694  -2.0906544   1.3087724 ]
[-0.50252676  0.76308936  0.3188109   0.91535664  1.611285    0.22536466
 -0.87633306 -0.36987403 -0.19367906 -1.734065    0.80431587 -0.45143604
 -0.4654943   0.7280694  -2.0906544   1.3087724 ]
[-0.50252676  0.76308936  0.3188109   0.91535664  1.611285    0.22536466
 -0.87633306 -0.36987403 -0.19367906 -1.734065    0.80431587 -0.45143604
 -0.4654943   0.7280694  -2.0906544   1.3087724 ]
[-0.50252676  0.76308936  0.3188109   0.91535664  1.611285    0.22536466
 -0.87633306 -0.36987403 -0.19367906 -1.734065    0.80431587 -0.45143604
 -0.4654943   0.7280694  -2.0906544   1.3087724 ]
[-0.4979232   0.7109694   0.33060893  0.97139966  1.6144291   0.24247675
 -0.86094457 -0.3833508  -0.22547385 -1.71717     0.756107   -0.4232524
 -0.43272644  0.7740978  -2.123574    1.2529367 ]
[-0.4979232   0.7109694   0.33060893  0.97139966  1.6144291   0.24247675
 -0.86094457 -0.3833508  -0.22547385 -1.71717     0.756107   -0.4232524
 -0.43272644  0.7740978  -2.123574    1.2529367 ]
[-0.4979232   0.7109694   0.33060893  0.97139966  1.6144291   0.24247675
 -0.86094457 -0.3833508  -0.22547385 -1.71717     0.756107   -0.4232524
 -0.43272644  0.7740978  -2.123574    1.2529367 ]
[-0.4979232   0.7109694   0.33060893  0.97139966  1.6144291   0.24247675
 -0.86094457 -0.3833508  -0.22547385 -1.71717     0.756107   -0.4232524
 -0.43272644  0.7740978  -2.123574    1.2529367 ]
[-0.51681936  0.73707193  0.32228032  0.968816    1.5822947   0.2686025
 -0.8777119  -0.35052824 -0.19400083 -1.686257    0.73204076 -0.38227934
 -0.5000491   0.7694377  -2.136787    1.2532324 ]
[-0.51681936  0.73707193  0.32228032  0.968816    1.5822947   0.2686025
 -0.8777119  -0.35052824 -0.19400083 -1.686257    0.73204076 -0.38227934
 -0.5000491   0.7694377  -2.136787    1.2532324 ]
[-0.51681936  0.73707193  0.32228032  0.968816    1.5822947   0.2686025
 -0.8777119  -0.35052824 -0.19400083 -1.686257    0.73204076 -0.38227934
 -0.5000491   0.7694377  -2.136787    1.2532324 ]
[-0.51681936  0.73707193  0.32228032  0.968816    1.5822947   0.2686025
 -0.8777119  -0.35052824 -0.19400083 -1.686257    0.73204076 -0.38227934
 -0.5000491   0.7694377  -2.136787    1.2532324 ]
[-0.51681936  0.73707193  0.32228032  0.968816    1.5822947   0.2686025
 -0.8777119  -0.35052824 -0.19400083 -1.686257    0.73204076 -0.38227934
 -0.5000491   0.7694377  -2.136787    1.2532324 ]
[-0.55326754  0.7111449   0.34848365  0.9612662   1.6127977   0.25343442
 -0.86305034 -0.32965645 -0.15167049 -1.6856922   0.7174572  -0.4063708
 -0.4967186   0.7630301  -2.141127    1.2488259 ]
[-0.55326754  0.7111449   0.34848365  0.9612662   1.6127977   0.25343442
 -0.86305034 -0.32965645 -0.15167049 -1.6856922   0.7174572  -0.4063708
 -0.4967186   0.7630301  -2.141127    1.2488259 ]
[-0.55326754  0.7111449   0.34848365  0.9612662   1.6127977   0.25343442
 -0.86305034 -0.32965645 -0.15167049 -1.6856922   0.7174572  -0.4063708
 -0.4967186   0.7630301  -2.141127    1.2488259 ]
[-0.55326754  0.7111449   0.34848365  0.9612662   1.6127977   0.25343442
 -0.86305034 -0.32965645 -0.15167049 -1.6856922   0.7174572  -0.4063708
 -0.4967186   0.7630301  -2.141127    1.2488259 ]
[-0.55326754  0.7111449   0.34848365  0.9612662   1.6127977   0.25343442
 -0.86305034 -0.32965645 -0.15167049 -1.6856922   0.7174572  -0.4063708
 -0.4967186   0.7630301  -2.141127    1.2488259 ]
[-0.5526425   0.7942256   0.34208155  0.86992615  1.604607    0.25343123
 -0.9002283  -0.34814483 -0.13286884 -1.7113383   0.8064288  -0.43405217
 -0.540064    0.70255005 -2.0801454   1.3177798 ]
[-0.5526425   0.7942256   0.34208155  0.86992615  1.604607    0.25343123
 -0.9002283  -0.34814483 -0.13286884 -1.7113383   0.8064288  -0.43405217
 -0.540064    0.70255005 -2.0801454   1.3177798 ]
[-0.5526425   0.7942256   0.34208155  0.86992615  1.604607    0.25343123
 -0.9002283  -0.34814483 -0.13286884 -1.7113383   0.8064288  -0.43405217
 -0.540064    0.70255005 -2.0801454   1.3177798 ]
[-0.5526425   0.7942256   0.34208155  0.86992615  1.604607    0.25343123
 -0.9002283  -0.34814483 -0.13286884 -1.7113383   0.8064288  -0.43405217
 -0.540064    0.70255005 -2.0801454   1.3177798 ]
[-0.5526425   0.7942256   0.34208155  0.86992615  1.604607    0.25343123
 -0.9002283  -0.34814483 -0.13286884 -1.7113383   0.8064288  -0.43405217
 -0.540064    0.70255005 -2.0801454   1.3177798 ]
[-0.4574643   0.79059166  0.31365448  0.87882024  1.6185402   0.20815293
 -0.8471568  -0.39594355 -0.1931066  -1.7350428   0.8384827  -0.49538794
 -0.512241    0.7128191  -2.0916638   1.3599467 ]
[-0.4574643   0.79059166  0.31365448  0.87882024  1.6185402   0.20815293
 -0.8471568  -0.39594355 -0.1931066  -1.7350428   0.8384827  -0.49538794
 -0.512241    0.7128191  -2.0916638   1.3599467 ]
[-0.4574643   0.79059166  0.31365448  0.87882024  1.6185402   0.20815293
 -0.8471568  -0.39594355 -0.1931066  -1.7350428   0.8384827  -0.49538794
 -0.512241    0.7128191  -2.0916638   1.3599467 ]
[-0.4574643   0.79059166  0.31365448  0.87882024  1.6185402   0.20815293
 -0.8471568  -0.39594355 -0.1931066  -1.7350428   0.8384827  -0.49538794
 -0.512241    0.7128191  -2.0916638   1.3599467 ]
[-0.46507406  0.762062    0.31701964  0.9227623   1.603268    0.2170248
 -0.83103645 -0.3874889  -0.19373524 -1.725728    0.80925626 -0.46452028
 -0.49779993  0.7480262  -2.1286368   1.3052496 ]
[-0.46507406  0.762062    0.31701964  0.9227623   1.603268    0.2170248
 -0.83103645 -0.3874889  -0.19373524 -1.725728    0.80925626 -0.46452028
 -0.49779993  0.7480262  -2.1286368   1.3052496 ]
[-0.46507406  0.762062    0.31701964  0.9227623   1.603268    0.2170248
 -0.83103645 -0.3874889  -0.19373524 -1.725728    0.80925626 -0.46452028
 -0.49779993  0.7480262  -2.1286368   1.3052496 ]
[-0.46507406  0.762062    0.31701964  0.9227623   1.603268    0.2170248
 -0.83103645 -0.3874889  -0.19373524 -1.725728    0.80925626 -0.46452028
 -0.49779993  0.7480262  -2.1286368   1.3052496 ]
[-0.5040429   0.747257    0.34765166  0.93903846  1.5951535   0.26143873
 -0.8867324  -0.36301026 -0.18343168 -1.7149184   0.764275   -0.39350042
 -0.48651066  0.73216313 -2.1187546   1.2526321 ]
[-0.5040429   0.747257    0.34765166  0.93903846  1.5951535   0.26143873
 -0.8867324  -0.36301026 -0.18343168 -1.7149184   0.764275   -0.39350042
 -0.48651066  0.73216313 -2.1187546   1.2526321 ]
[-0.5040429   0.747257    0.34765166  0.93903846  1.5951535   0.26143873
 -0.8867324  -0.36301026 -0.18343168 -1.7149184   0.764275   -0.39350042
 -0.48651066  0.73216313 -2.1187546   1.2526321 ]
[-0.5040429   0.747257    0.34765166  0.93903846  1.5951535   0.26143873
 -0.8867324  -0.36301026 -0.18343168 -1.7149184   0.764275   -0.39350042
 -0.48651066  0.73216313 -2.1187546   1.2526321 ]
[-0.55032194  0.6981471   0.3259153   0.9936816   1.6091716   0.27528042
 -0.89683896 -0.33115292 -0.16374092 -1.684007    0.70569336 -0.35330814
 -0.46636564  0.7503368  -2.1380188   1.2131865 ]
[-0.55032194  0.6981471   0.3259153   0.9936816   1.6091716   0.27528042
 -0.89683896 -0.33115292 -0.16374092 -1.684007    0.70569336 -0.35330814
 -0.46636564  0.7503368  -2.1380188   1.2131865 ]
[-0.55032194  0.6981471   0.3259153   0.9936816   1.6091716   0.27528042
 -0.89683896 -0.33115292 -0.16374092 -1.684007    0.70569336 -0.35330814
 -0.46636564  0.7503368  -2.1380188   1.2131865 ]
[-0.55032194  0.6981471   0.3259153   0.9936816   1.6091716   0.27528042
 -0.89683896 -0.33115292 -0.16374092 -1.684007    0.70569336 -0.35330814
 -0.46636564  0.7503368  -2.1380188   1.2131865 ]
[-0.5717346   0.71428484  0.34294185  0.9546875   1.6358545   0.27398875
 -0.91553    -0.32163697 -0.14508083 -1.6903499   0.7162266  -0.37565425
 -0.46728358  0.7226975  -2.1152847   1.2303528 ]
[-0.5717346   0.71428484  0.34294185  0.9546875   1.6358545   0.27398875
 -0.91553    -0.32163697 -0.14508083 -1.6903499   0.7162266  -0.37565425
 -0.46728358  0.7226975  -2.1152847   1.2303528 ]
[-0.5717346   0.71428484  0.34294185  0.9546875   1.6358545   0.27398875
 -0.91553    -0.32163697 -0.14508083 -1.6903499   0.7162266  -0.37565425
 -0.46728358  0.7226975  -2.1152847   1.2303528 ]
[-0.5717346   0.71428484  0.34294185  0.9546875   1.6358545   0.27398875
 -0.91553    -0.32163697 -0.14508083 -1.6903499   0.7162266  -0.37565425
 -0.46728358  0.7226975  -2.1152847   1.2303528 ]
[-0.5357727   0.75221795  0.32577497  0.9108108   1.6176729   0.23161168
 -0.8612579  -0.342736   -0.15996929 -1.7030855   0.7667505  -0.44643116
 -0.4879827   0.7555795  -2.1273894   1.2949421 ]
[-0.5357727   0.75221795  0.32577497  0.9108108   1.6176729   0.23161168
 -0.8612579  -0.342736   -0.15996929 -1.7030855   0.7667505  -0.44643116
 -0.4879827   0.7555795  -2.1273894   1.2949421 ]
[-0.5357727   0.75221795  0.32577497  0.9108108   1.6176729   0.23161168
 -0.8612579  -0.342736   -0.15996929 -1.7030855   0.7667505  -0.44643116
 -0.4879827   0.7555795  -2.1273894   1.2949421 ]
[-0.5357727   0.75221795  0.32577497  0.9108108   1.6176729   0.23161168
 -0.8612579  -0.342736   -0.15996929 -1.7030855   0.7667505  -0.44643116
 -0.4879827   0.7555795  -2.1273894   1.2949421 ]
[-0.4558969   0.7953888   0.32580358  0.8652452   1.6221497   0.19698957
 -0.8504265  -0.39585268 -0.19845085 -1.7421852   0.84827566 -0.4987804
 -0.5039907   0.7061604  -2.0854964   1.3639491 ]
[-0.4558969   0.7953888   0.32580358  0.8652452   1.6221497   0.19698957
 -0.8504265  -0.39585268 -0.19845085 -1.7421852   0.84827566 -0.4987804
 -0.5039907   0.7061604  -2.0854964   1.3639491 ]
[-0.4558969   0.7953888   0.32580358  0.8652452   1.6221497   0.19698957
 -0.8504265  -0.39585268 -0.19845085 -1.7421852   0.84827566 -0.4987804
 -0.5039907   0.7061604  -2.0854964   1.3639491 ]
[-0.4558969   0.7953888   0.32580358  0.8652452   1.6221497   0.19698957
 -0.8504265  -0.39585268 -0.19845085 -1.7421852   0.84827566 -0.4987804
 -0.5039907   0.7061604  -2.0854964   1.3639491 ]
[-0.47857624  0.7705778   0.32680082  0.9097993   1.6047704   0.20660463
 -0.84532964 -0.38185176 -0.18540592 -1.73408     0.82910967 -0.4742213
 -0.49960366  0.72432625 -2.1068525   1.324992  ]
[-0.47857624  0.7705778   0.32680082  0.9097993   1.6047704   0.20660463
 -0.84532964 -0.38185176 -0.18540592 -1.73408     0.82910967 -0.4742213
 -0.49960366  0.72432625 -2.1068525   1.324992  ]
[-0.47857624  0.7705778   0.32680082  0.9097993   1.6047704   0.20660463
 -0.84532964 -0.38185176 -0.18540592 -1.73408     0.82910967 -0.4742213
 -0.49960366  0.72432625 -2.1068525   1.324992  ]
[-0.47857624  0.7705778   0.32680082  0.9097993   1.6047704   0.20660463
 -0.84532964 -0.38185176 -0.18540592 -1.73408     0.82910967 -0.4742213
 -0.49960366  0.72432625 -2.1068525   1.324992  ]
[-0.47857624  0.7705778   0.32680082  0.9097993   1.6047704   0.20660463
 -0.84532964 -0.38185176 -0.18540592 -1.73408     0.82910967 -0.4742213
 -0.49960366  0.72432625 -2.1068525   1.324992  ]
[-0.5187931   0.7743775   0.33393225  0.9151686   1.593085    0.24060276
 -0.8793148  -0.36630255 -0.17576882 -1.7305558   0.81549895 -0.43529835
 -0.48937464  0.7217671  -2.0946476   1.285376  ]
[-0.5187931   0.7743775   0.33393225  0.9151686   1.593085    0.24060276
 -0.8793148  -0.36630255 -0.17576882 -1.7305558   0.81549895 -0.43529835
 -0.48937464  0.7217671  -2.0946476   1.285376  ]
[-0.5187931   0.7743775   0.33393225  0.9151686   1.593085    0.24060276
 -0.8793148  -0.36630255 -0.17576882 -1.7305558   0.81549895 -0.43529835
 -0.48937464  0.7217671  -2.0946476   1.285376  ]
[-0.5187931   0.7743775   0.33393225  0.9151686   1.593085    0.24060276
 -0.8793148  -0.36630255 -0.17576882 -1.7305558   0.81549895 -0.43529835
 -0.48937464  0.7217671  -2.0946476   1.285376  ]
[-0.5140393   0.7383895   0.34174666  0.93615735  1.6096947   0.24924465
 -0.8809406  -0.3839786  -0.20926066 -1.716355    0.7938159  -0.41870078
 -0.46371976  0.75536406 -2.1019168   1.2528031 ]
[-0.5140393   0.7383895   0.34174666  0.93615735  1.6096947   0.24924465
 -0.8809406  -0.3839786  -0.20926066 -1.716355    0.7938159  -0.41870078
 -0.46371976  0.75536406 -2.1019168   1.2528031 ]
[-0.5140393   0.7383895   0.34174666  0.93615735  1.6096947   0.24924465
 -0.8809406  -0.3839786  -0.20926066 -1.716355    0.7938159  -0.41870078
 -0.46371976  0.75536406 -2.1019168   1.2528031 ]
[-0.5140393   0.7383895   0.34174666  0.93615735  1.6096947   0.24924465
 -0.8809406  -0.3839786  -0.20926066 -1.716355    0.7938159  -0.41870078
 -0.46371976  0.75536406 -2.1019168   1.2528031 ]
[-0.59084815  0.7037891   0.3587807   0.97646177  1.6132233   0.29553956
 -0.9158775  -0.32914358 -0.13055252 -1.679558    0.719207   -0.35848743
 -0.49413204  0.7362999  -2.115193    1.1972964 ]
[-0.59084815  0.7037891   0.3587807   0.97646177  1.6132233   0.29553956
 -0.9158775  -0.32914358 -0.13055252 -1.679558    0.719207   -0.35848743
 -0.49413204  0.7362999  -2.115193    1.1972964 ]
[-0.59084815  0.7037891   0.3587807   0.97646177  1.6132233   0.29553956
 -0.9158775  -0.32914358 -0.13055252 -1.679558    0.719207   -0.35848743
 -0.49413204  0.7362999  -2.115193    1.1972964 ]
[-0.59084815  0.7037891   0.3587807   0.97646177  1.6132233   0.29553956
 -0.9158775  -0.32914358 -0.13055252 -1.679558    0.719207   -0.35848743
 -0.49413204  0.7362999  -2.115193    1.1972964 ]
[-0.59084815  0.7037891   0.3587807   0.97646177  1.6132233   0.29553956
 -0.9158775  -0.32914358 -0.13055252 -1.679558    0.719207   -0.35848743
 -0.49413204  0.7362999  -2.115193    1.1972964 ]
[-0.5682376   0.7425853   0.34857693  0.9300262   1.6049229   0.26515532
 -0.8903659  -0.34372765 -0.14882565 -1.696426    0.75615406 -0.4105323
 -0.5009161   0.7532543  -2.1076884   1.2552011 ]
[-0.5682376   0.7425853   0.34857693  0.9300262   1.6049229   0.26515532
 -0.8903659  -0.34372765 -0.14882565 -1.696426    0.75615406 -0.4105323
 -0.5009161   0.7532543  -2.1076884   1.2552011 ]
[-0.5682376   0.7425853   0.34857693  0.9300262   1.6049229   0.26515532
 -0.8903659  -0.34372765 -0.14882565 -1.696426    0.75615406 -0.4105323
 -0.5009161   0.7532543  -2.1076884   1.2552011 ]
[-0.5682376   0.7425853   0.34857693  0.9300262   1.6049229   0.26515532
 -0.8903659  -0.34372765 -0.14882565 -1.696426    0.75615406 -0.4105323
 -0.5009161   0.7532543  -2.1076884   1.2552011 ]
[-0.5554186   0.7935117   0.33531347  0.8639061   1.619936    0.25255364
 -0.9237248  -0.3616323  -0.1391181  -1.7221286   0.827968   -0.44001785
 -0.52357006  0.70121276 -2.0580125   1.3208301 ]
[-0.5554186   0.7935117   0.33531347  0.8639061   1.619936    0.25255364
 -0.9237248  -0.3616323  -0.1391181  -1.7221286   0.827968   -0.44001785
 -0.52357006  0.70121276 -2.0580125   1.3208301 ]
[-0.5554186   0.7935117   0.33531347  0.8639061   1.619936    0.25255364
 -0.9237248  -0.3616323  -0.1391181  -1.7221286   0.827968   -0.44001785
 -0.52357006  0.70121276 -2.0580125   1.3208301 ]
[-0.5554186   0.7935117   0.33531347  0.8639061   1.619936    0.25255364
 -0.9237248  -0.3616323  -0.1391181  -1.7221286   0.827968   -0.44001785
 -0.52357006  0.70121276 -2.0580125   1.3208301 ]
[-0.46153778  0.77188617  0.31329173  0.8973158   1.6266502   0.20436831
 -0.8458108  -0.39907897 -0.19253914 -1.7375759   0.8292843  -0.49214354
 -0.4938274   0.73016155 -2.1011555   1.3429937 ]
[-0.46153778  0.77188617  0.31329173  0.8973158   1.6266502   0.20436831
 -0.8458108  -0.39907897 -0.19253914 -1.7375759   0.8292843  -0.49214354
 -0.4938274   0.73016155 -2.1011555   1.3429937 ]
[-0.46153778  0.77188617  0.31329173  0.8973158   1.6266502   0.20436831
 -0.8458108  -0.39907897 -0.19253914 -1.7375759   0.8292843  -0.49214354
 -0.4938274   0.73016155 -2.1011555   1.3429937 ]
[-0.46153778  0.77188617  0.31329173  0.8973158   1.6266502   0.20436831
 -0.8458108  -0.39907897 -0.19253914 -1.7375759   0.8292843  -0.49214354
 -0.4938274   0.73016155 -2.1011555   1.3429937 ]
[-0.49323377  0.77028567  0.33107743  0.9196168   1.6002645   0.2349672
 -0.85916775 -0.3826573  -0.17833383 -1.7302555   0.81033516 -0.44820562
 -0.4970472   0.7380183  -2.1165297   1.2909489 ]
[-0.49323377  0.77028567  0.33107743  0.9196168   1.6002645   0.2349672
 -0.85916775 -0.3826573  -0.17833383 -1.7302555   0.81033516 -0.44820562
 -0.4970472   0.7380183  -2.1165297   1.2909489 ]
[-0.49323377  0.77028567  0.33107743  0.9196168   1.6002645   0.2349672
 -0.85916775 -0.3826573  -0.17833383 -1.7302555   0.81033516 -0.44820562
 -0.4970472   0.7380183  -2.1165297   1.2909489 ]
[-0.49323377  0.77028567  0.33107743  0.9196168   1.6002645   0.2349672
 -0.85916775 -0.3826573  -0.17833383 -1.7302555   0.81033516 -0.44820562
 -0.4970472   0.7380183  -2.1165297   1.2909489 ]
[-0.5188837   0.74253213  0.35046807  0.9495188   1.594195    0.26509312
 -0.88368857 -0.3713874  -0.18256815 -1.7193098   0.7690005  -0.39969698
 -0.4756155   0.743256   -2.1183982   1.2436806 ]
[-0.5188837   0.74253213  0.35046807  0.9495188   1.594195    0.26509312
 -0.88368857 -0.3713874  -0.18256815 -1.7193098   0.7690005  -0.39969698
 -0.4756155   0.743256   -2.1183982   1.2436806 ]
[-0.5188837   0.74253213  0.35046807  0.9495188   1.594195    0.26509312
 -0.88368857 -0.3713874  -0.18256815 -1.7193098   0.7690005  -0.39969698
 -0.4756155   0.743256   -2.1183982   1.2436806 ]
[-0.5188837   0.74253213  0.35046807  0.9495188   1.594195    0.26509312
 -0.88368857 -0.3713874  -0.18256815 -1.7193098   0.7690005  -0.39969698
 -0.4756155   0.743256   -2.1183982   1.2436806 ]
[-0.5188837   0.74253213  0.35046807  0.9495188   1.594195    0.26509312
 -0.88368857 -0.3713874  -0.18256815 -1.7193098   0.7690005  -0.39969698
 -0.4756155   0.743256   -2.1183982   1.2436806 ]
[-0.5439741   0.71880853  0.3263267   0.99531966  1.5808746   0.27009034
 -0.876516   -0.3567451  -0.18095317 -1.6964515   0.73097235 -0.37644503
 -0.46716562  0.77683765 -2.137488    1.2244357 ]
[-0.5439741   0.71880853  0.3263267   0.99531966  1.5808746   0.27009034
 -0.876516   -0.3567451  -0.18095317 -1.6964515   0.73097235 -0.37644503
 -0.46716562  0.77683765 -2.137488    1.2244357 ]
[-0.5439741   0.71880853  0.3263267   0.99531966  1.5808746   0.27009034
 -0.876516   -0.3567451  -0.18095317 -1.6964515   0.73097235 -0.37644503
 -0.46716562  0.77683765 -2.137488    1.2244357 ]
[-0.5439741   0.71880853  0.3263267   0.99531966  1.5808746   0.27009034
 -0.876516   -0.3567451  -0.18095317 -1.6964515   0.73097235 -0.37644503
 -0.46716562  0.77683765 -2.137488    1.2244357 ]
[-0.5439741   0.71880853  0.3263267   0.99531966  1.5808746   0.27009034
 -0.876516   -0.3567451  -0.18095317 -1.6964515   0.73097235 -0.37644503
 -0.46716562  0.77683765 -2.137488    1.2244357 ]
[-0.60812247  0.7176207   0.35519844  0.963249    1.6124659   0.28990167
 -0.9170858  -0.33431077 -0.13685009 -1.6953977   0.73844653 -0.37557626
 -0.47124982  0.74857366 -2.105579    1.205781  ]
[-0.60812247  0.7176207   0.35519844  0.963249    1.6124659   0.28990167
 -0.9170858  -0.33431077 -0.13685009 -1.6953977   0.73844653 -0.37557626
 -0.47124982  0.74857366 -2.105579    1.205781  ]
[-0.60812247  0.7176207   0.35519844  0.963249    1.6124659   0.28990167
 -0.9170858  -0.33431077 -0.13685009 -1.6953977   0.73844653 -0.37557626
 -0.47124982  0.74857366 -2.105579    1.205781  ]
[-0.60812247  0.7176207   0.35519844  0.963249    1.6124659   0.28990167
 -0.9170858  -0.33431077 -0.13685009 -1.6953977   0.73844653 -0.37557626
 -0.47124982  0.74857366 -2.105579    1.205781  ]
[-0.5685227   0.7544729   0.3460992   0.92785805  1.5908064   0.2615929
 -0.86417687 -0.35517058 -0.1494982  -1.6975282   0.7746006  -0.4254276
 -0.51071095  0.7715153  -2.1248088   1.2578204 ]
[-0.5685227   0.7544729   0.3460992   0.92785805  1.5908064   0.2615929
 -0.86417687 -0.35517058 -0.1494982  -1.6975282   0.7746006  -0.4254276
 -0.51071095  0.7715153  -2.1248088   1.2578204 ]
[-0.5685227   0.7544729   0.3460992   0.92785805  1.5908064   0.2615929
 -0.86417687 -0.35517058 -0.1494982  -1.6975282   0.7746006  -0.4254276
 -0.51071095  0.7715153  -2.1248088   1.2578204 ]
[-0.5685227   0.7544729   0.3460992   0.92785805  1.5908064   0.2615929
 -0.86417687 -0.35517058 -0.1494982  -1.6975282   0.7746006  -0.4254276
 -0.51071095  0.7715153  -2.1248088   1.2578204 ]
[-0.49235168  0.7977615   0.35670546  0.8874216   1.5908521   0.22725621
 -0.8539785  -0.39754635 -0.18791226 -1.7318166   0.84364355 -0.4632396
 -0.53826475  0.7198394  -2.09086     1.3233719 ]
[-0.49235168  0.7977615   0.35670546  0.8874216   1.5908521   0.22725621
 -0.8539785  -0.39754635 -0.18791226 -1.7318166   0.84364355 -0.4632396
 -0.53826475  0.7198394  -2.09086     1.3233719 ]
[-0.49235168  0.7977615   0.35670546  0.8874216   1.5908521   0.22725621
 -0.8539785  -0.39754635 -0.18791226 -1.7318166   0.84364355 -0.4632396
 -0.53826475  0.7198394  -2.09086     1.3233719 ]
[-0.49235168  0.7977615   0.35670546  0.8874216   1.5908521   0.22725621
 -0.8539785  -0.39754635 -0.18791226 -1.7318166   0.84364355 -0.4632396
 -0.53826475  0.7198394  -2.09086     1.3233719 ]
[-0.49235168  0.7977615   0.35670546  0.8874216   1.5908521   0.22725621
 -0.8539785  -0.39754635 -0.18791226 -1.7318166   0.84364355 -0.4632396
 -0.53826475  0.7198394  -2.09086     1.3233719 ]
[-0.5811947   0.75621593  0.3330938   0.9392144   1.5918204   0.26887694
 -0.87677515 -0.3520192  -0.1284993  -1.7064987   0.7970308  -0.40591902
 -0.5284825   0.7312951  -2.106249    1.2567126 ]
[-0.5811947   0.75621593  0.3330938   0.9392144   1.5918204   0.26887694
 -0.87677515 -0.3520192  -0.1284993  -1.7064987   0.7970308  -0.40591902
 -0.5284825   0.7312951  -2.106249    1.2567126 ]
[-0.5811947   0.75621593  0.3330938   0.9392144   1.5918204   0.26887694
 -0.87677515 -0.3520192  -0.1284993  -1.7064987   0.7970308  -0.40591902
 -0.5284825   0.7312951  -2.106249    1.2567126 ]
[-0.5811947   0.75621593  0.3330938   0.9392144   1.5918204   0.26887694
 -0.87677515 -0.3520192  -0.1284993  -1.7064987   0.7970308  -0.40591902
 -0.5284825   0.7312951  -2.106249    1.2567126 ]
[-0.51448125  0.76655805  0.32963863  0.9219449   1.5924428   0.24610874
 -0.869514   -0.38306263 -0.1883769  -1.7323859   0.8128792  -0.43707338
 -0.4744544   0.742324   -2.0963862   1.2732098 ]
[-0.51448125  0.76655805  0.32963863  0.9219449   1.5924428   0.24610874
 -0.869514   -0.38306263 -0.1883769  -1.7323859   0.8128792  -0.43707338
 -0.4744544   0.742324   -2.0963862   1.2732098 ]
[-0.51448125  0.76655805  0.32963863  0.9219449   1.5924428   0.24610874
 -0.869514   -0.38306263 -0.1883769  -1.7323859   0.8128792  -0.43707338
 -0.4744544   0.742324   -2.0963862   1.2732098 ]
[-0.51448125  0.76655805  0.32963863  0.9219449   1.5924428   0.24610874
 -0.869514   -0.38306263 -0.1883769  -1.7323859   0.8128792  -0.43707338
 -0.4744544   0.742324   -2.0963862   1.2732098 ]
[-0.5203672   0.74454474  0.35349995  0.9348897   1.5962932   0.26189715
 -0.8758627  -0.39395097 -0.20926277 -1.7235391   0.80201244 -0.4158497
 -0.46006575  0.76500845 -2.100906    1.2288965 ]
[-0.5203672   0.74454474  0.35349995  0.9348897   1.5962932   0.26189715
 -0.8758627  -0.39395097 -0.20926277 -1.7235391   0.80201244 -0.4158497
 -0.46006575  0.76500845 -2.100906    1.2288965 ]
[-0.5203672   0.74454474  0.35349995  0.9348897   1.5962932   0.26189715
 -0.8758627  -0.39395097 -0.20926277 -1.7235391   0.80201244 -0.4158497
 -0.46006575  0.76500845 -2.100906    1.2288965 ]
[-0.5203672   0.74454474  0.35349995  0.9348897   1.5962932   0.26189715
 -0.8758627  -0.39395097 -0.20926277 -1.7235391   0.80201244 -0.4158497
 -0.46006575  0.76500845 -2.100906    1.2288965 ]
[-0.60462296  0.74044836  0.38071212  0.9518641   1.5894264   0.3135014
 -0.92215765 -0.34334746 -0.13539739 -1.6933558   0.7470383  -0.36159915
 -0.5041052   0.7307125  -2.095786    1.1931547 ]
[-0.60462296  0.74044836  0.38071212  0.9518641   1.5894264   0.3135014
 -0.92215765 -0.34334746 -0.13539739 -1.6933558   0.7470383  -0.36159915
 -0.5041052   0.7307125  -2.095786    1.1931547 ]
[-0.60462296  0.74044836  0.38071212  0.9518641   1.5894264   0.3135014
 -0.92215765 -0.34334746 -0.13539739 -1.6933558   0.7470383  -0.36159915
 -0.5041052   0.7307125  -2.095786    1.1931547 ]
[-0.60462296  0.74044836  0.38071212  0.9518641   1.5894264   0.3135014
 -0.92215765 -0.34334746 -0.13539739 -1.6933558   0.7470383  -0.36159915
 -0.5041052   0.7307125  -2.095786    1.1931547 ]
[-0.5993577   0.7549351   0.36094755  0.93523085  1.5913727   0.29014325
 -0.9023441  -0.3423205  -0.13388893 -1.6924537   0.75766    -0.39066055
 -0.51551247  0.74600375 -2.1023612   1.2308333 ]
[-0.5993577   0.7549351   0.36094755  0.93523085  1.5913727   0.29014325
 -0.9023441  -0.3423205  -0.13388893 -1.6924537   0.75766    -0.39066055
 -0.51551247  0.74600375 -2.1023612   1.2308333 ]
[-0.5993577   0.7549351   0.36094755  0.93523085  1.5913727   0.29014325
 -0.9023441  -0.3423205  -0.13388893 -1.6924537   0.75766    -0.39066055
 -0.51551247  0.74600375 -2.1023612   1.2308333 ]
[-0.5993577   0.7549351   0.36094755  0.93523085  1.5913727   0.29014325
 -0.9023441  -0.3423205  -0.13388893 -1.6924537   0.75766    -0.39066055
 -0.51551247  0.74600375 -2.1023612   1.2308333 ]
[-0.58428997  0.7929576   0.33316046  0.88376254  1.6098446   0.26776177
 -0.9217361  -0.3520933  -0.12472735 -1.7145383   0.81620634 -0.4232785
 -0.531896    0.70489943 -2.0618873   1.2967738 ]
[-0.58428997  0.7929576   0.33316046  0.88376254  1.6098446   0.26776177
 -0.9217361  -0.3520933  -0.12472735 -1.7145383   0.81620634 -0.4232785
 -0.531896    0.70489943 -2.0618873   1.2967738 ]
[-0.58428997  0.7929576   0.33316046  0.88376254  1.6098446   0.26776177
 -0.9217361  -0.3520933  -0.12472735 -1.7145383   0.81620634 -0.4232785
 -0.531896    0.70489943 -2.0618873   1.2967738 ]
[-0.58428997  0.7929576   0.33316046  0.88376254  1.6098446   0.26776177
 -0.9217361  -0.3520933  -0.12472735 -1.7145383   0.81620634 -0.4232785
 -0.531896    0.70489943 -2.0618873   1.2967738 ]
[-0.58428997  0.7929576   0.33316046  0.88376254  1.6098446   0.26776177
 -0.9217361  -0.3520933  -0.12472735 -1.7145383   0.81620634 -0.4232785
 -0.531896    0.70489943 -2.0618873   1.2967738 ]
[-0.4858985   0.781906    0.3144282   0.89591455  1.6132345   0.21741037
 -0.8670707  -0.37978798 -0.17194375 -1.7328085   0.8263162  -0.46641546
 -0.5138029   0.72339964 -2.0952497   1.332392  ]
[-0.4858985   0.781906    0.3144282   0.89591455  1.6132345   0.21741037
 -0.8670707  -0.37978798 -0.17194375 -1.7328085   0.8263162  -0.46641546
 -0.5138029   0.72339964 -2.0952497   1.332392  ]
[-0.4858985   0.781906    0.3144282   0.89591455  1.6132345   0.21741037
 -0.8670707  -0.37978798 -0.17194375 -1.7328085   0.8263162  -0.46641546
 -0.5138029   0.72339964 -2.0952497   1.332392  ]
[-0.4858985   0.781906    0.3144282   0.89591455  1.6132345   0.21741037
 -0.8670707  -0.37978798 -0.17194375 -1.7328085   0.8263162  -0.46641546
 -0.5138029   0.72339964 -2.0952497   1.332392  ]
[-0.48787665  0.75390136  0.3296055   0.9334239   1.6000223   0.2263544
 -0.8485452  -0.37671438 -0.17749242 -1.7299322   0.7985559  -0.44074994
 -0.48589152  0.7434052  -2.125203    1.2766157 ]
[-0.48787665  0.75390136  0.3296055   0.9334239   1.6000223   0.2263544
 -0.8485452  -0.37671438 -0.17749242 -1.7299322   0.7985559  -0.44074994
 -0.48589152  0.7434052  -2.125203    1.2766157 ]
[-0.48787665  0.75390136  0.3296055   0.9334239   1.6000223   0.2263544
 -0.8485452  -0.37671438 -0.17749242 -1.7299322   0.7985559  -0.44074994
 -0.48589152  0.7434052  -2.125203    1.2766157 ]
[-0.48787665  0.75390136  0.3296055   0.9334239   1.6000223   0.2263544
 -0.8485452  -0.37671438 -0.17749242 -1.7299322   0.7985559  -0.44074994
 -0.48589152  0.7434052  -2.125203    1.2766157 ]
[-0.48787665  0.75390136  0.3296055   0.9334239   1.6000223   0.2263544
 -0.8485452  -0.37671438 -0.17749242 -1.7299322   0.7985559  -0.44074994
 -0.48589152  0.7434052  -2.125203    1.2766157 ]
[-0.5116626   0.7257842   0.35747284  0.96489227  1.5989215   0.25476304
 -0.85529774 -0.3861803  -0.18977138 -1.7187722   0.77262056 -0.4057247
 -0.46506566  0.7559532  -2.129202    1.2181534 ]
[-0.5116626   0.7257842   0.35747284  0.96489227  1.5989215   0.25476304
 -0.85529774 -0.3861803  -0.18977138 -1.7187722   0.77262056 -0.4057247
 -0.46506566  0.7559532  -2.129202    1.2181534 ]
[-0.5116626   0.7257842   0.35747284  0.96489227  1.5989215   0.25476304
 -0.85529774 -0.3861803  -0.18977138 -1.7187722   0.77262056 -0.4057247
 -0.46506566  0.7559532  -2.129202    1.2181534 ]
[-0.5116626   0.7257842   0.35747284  0.96489227  1.5989215   0.25476304
 -0.85529774 -0.3861803  -0.18977138 -1.7187722   0.77262056 -0.4057247
 -0.46506566  0.7559532  -2.129202    1.2181534 ]
[-0.5843282   0.7558859   0.36136237  0.9470148   1.5791156   0.3050035
 -0.90828896 -0.34807488 -0.13994242 -1.6875387   0.760157   -0.36781132
 -0.526141    0.7361     -2.1035578   1.2083151 ]
[-0.5843282   0.7558859   0.36136237  0.9470148   1.5791156   0.3050035
 -0.90828896 -0.34807488 -0.13994242 -1.6875387   0.760157   -0.36781132
 -0.526141    0.7361     -2.1035578   1.2083151 ]
[-0.5843282   0.7558859   0.36136237  0.9470148   1.5791156   0.3050035
 -0.90828896 -0.34807488 -0.13994242 -1.6875387   0.760157   -0.36781132
 -0.526141    0.7361     -2.1035578   1.2083151 ]
[-0.5843282   0.7558859   0.36136237  0.9470148   1.5791156   0.3050035
 -0.90828896 -0.34807488 -0.13994242 -1.6875387   0.760157   -0.36781132
 -0.526141    0.7361     -2.1035578   1.2083151 ]
[-0.5843282   0.7558859   0.36136237  0.9470148   1.5791156   0.3050035
 -0.90828896 -0.34807488 -0.13994242 -1.6875387   0.760157   -0.36781132
 -0.526141    0.7361     -2.1035578   1.2083151 ]
[-0.60457873  0.76860654  0.36708492  0.9099585   1.5912122   0.2976231
 -0.92192173 -0.34335226 -0.12325665 -1.6980457   0.7811583  -0.38164258
 -0.5178541   0.7351507  -2.088607    1.2159408 ]
[-0.60457873  0.76860654  0.36708492  0.9099585   1.5912122   0.2976231
 -0.92192173 -0.34335226 -0.12325665 -1.6980457   0.7811583  -0.38164258
 -0.5178541   0.7351507  -2.088607    1.2159408 ]
[-0.60457873  0.76860654  0.36708492  0.9099585   1.5912122   0.2976231
 -0.92192173 -0.34335226 -0.12325665 -1.6980457   0.7811583  -0.38164258
 -0.5178541   0.7351507  -2.088607    1.2159408 ]
[-0.60457873  0.76860654  0.36708492  0.9099585   1.5912122   0.2976231
 -0.92192173 -0.34335226 -0.12325665 -1.6980457   0.7811583  -0.38164258
 -0.5178541   0.7351507  -2.088607    1.2159408 ]
[-0.5743283   0.77829134  0.34022498  0.886614    1.6141882   0.272162
 -0.90933263 -0.35392243 -0.12717032 -1.7037758   0.81189984 -0.41404086
 -0.5292612   0.7171858  -2.085188    1.2657841 ]
[-0.5743283   0.77829134  0.34022498  0.886614    1.6141882   0.272162
 -0.90933263 -0.35392243 -0.12717032 -1.7037758   0.81189984 -0.41404086
 -0.5292612   0.7171858  -2.085188    1.2657841 ]
[-0.5743283   0.77829134  0.34022498  0.886614    1.6141882   0.272162
 -0.90933263 -0.35392243 -0.12717032 -1.7037758   0.81189984 -0.41404086
 -0.5292612   0.7171858  -2.085188    1.2657841 ]
[-0.5743283   0.77829134  0.34022498  0.886614    1.6141882   0.272162
 -0.90933263 -0.35392243 -0.12717032 -1.7037758   0.81189984 -0.41404086
 -0.5292612   0.7171858  -2.085188    1.2657841 ]
[-0.4574102   0.76377696  0.3202733   0.9009598   1.6316866   0.2175721
 -0.8423792  -0.3973098  -0.18218447 -1.7193613   0.8251823  -0.4623403
 -0.52196836  0.7259274  -2.1143355   1.3025458 ]
[-0.4574102   0.76377696  0.3202733   0.9009598   1.6316866   0.2175721
 -0.8423792  -0.3973098  -0.18218447 -1.7193613   0.8251823  -0.4623403
 -0.52196836  0.7259274  -2.1143355   1.3025458 ]
[-0.4574102   0.76377696  0.3202733   0.9009598   1.6316866   0.2175721
 -0.8423792  -0.3973098  -0.18218447 -1.7193613   0.8251823  -0.4623403
 -0.52196836  0.7259274  -2.1143355   1.3025458 ]
[-0.4574102   0.76377696  0.3202733   0.9009598   1.6316866   0.2175721
 -0.8423792  -0.3973098  -0.18218447 -1.7193613   0.8251823  -0.4623403
 -0.52196836  0.7259274  -2.1143355   1.3025458 ]
[-0.554328    0.76083356  0.33299494  0.91987115  1.6107123   0.2766343
 -0.8954998  -0.3550354  -0.12602934 -1.7078861   0.80138445 -0.39469805
 -0.5232664   0.71792257 -2.1115139   1.2358967 ]
[-0.554328    0.76083356  0.33299494  0.91987115  1.6107123   0.2766343
 -0.8954998  -0.3550354  -0.12602934 -1.7078861   0.80138445 -0.39469805
 -0.5232664   0.71792257 -2.1115139   1.2358967 ]
[-0.554328    0.76083356  0.33299494  0.91987115  1.6107123   0.2766343
 -0.8954998  -0.3550354  -0.12602934 -1.7078861   0.80138445 -0.39469805
 -0.5232664   0.71792257 -2.1115139   1.2358967 ]
[-0.554328    0.76083356  0.33299494  0.91987115  1.6107123   0.2766343
 -0.8954998  -0.3550354  -0.12602934 -1.7078861   0.80138445 -0.39469805
 -0.5232664   0.71792257 -2.1115139   1.2358967 ]
[-0.5077886   0.7534812   0.33627295  0.9209164   1.6233313   0.25190836
 -0.8793551  -0.3793405  -0.18012208 -1.7274582   0.8014825  -0.41858405
 -0.46001428  0.72419864 -2.1125212   1.241689  ]
[-0.5077886   0.7534812   0.33627295  0.9209164   1.6233313   0.25190836
 -0.8793551  -0.3793405  -0.18012208 -1.7274582   0.8014825  -0.41858405
 -0.46001428  0.72419864 -2.1125212   1.241689  ]
[-0.5077886   0.7534812   0.33627295  0.9209164   1.6233313   0.25190836
 -0.8793551  -0.3793405  -0.18012208 -1.7274582   0.8014825  -0.41858405
 -0.46001428  0.72419864 -2.1125212   1.241689  ]
[-0.5077886   0.7534812   0.33627295  0.9209164   1.6233313   0.25190836
 -0.8793551  -0.3793405  -0.18012208 -1.7274582   0.8014825  -0.41858405
 -0.46001428  0.72419864 -2.1125212   1.241689  ]
[-0.4866603   0.75588125  0.3449336   0.9097635   1.6234529   0.24672356
 -0.8608929  -0.39258912 -0.20955186 -1.7141964   0.8097108  -0.42900762
 -0.48099938  0.7368299  -2.108865    1.2435514 ]
[-0.4866603   0.75588125  0.3449336   0.9097635   1.6234529   0.24672356
 -0.8608929  -0.39258912 -0.20955186 -1.7141964   0.8097108  -0.42900762
 -0.48099938  0.7368299  -2.108865    1.2435514 ]
[-0.4866603   0.75588125  0.3449336   0.9097635   1.6234529   0.24672356
 -0.8608929  -0.39258912 -0.20955186 -1.7141964   0.8097108  -0.42900762
 -0.48099938  0.7368299  -2.108865    1.2435514 ]
[-0.4866603   0.75588125  0.3449336   0.9097635   1.6234529   0.24672356
 -0.8608929  -0.39258912 -0.20955186 -1.7141964   0.8097108  -0.42900762
 -0.48099938  0.7368299  -2.108865    1.2435514 ]
[-0.4866603   0.75588125  0.3449336   0.9097635   1.6234529   0.24672356
 -0.8608929  -0.39258912 -0.20955186 -1.7141964   0.8097108  -0.42900762
 -0.48099938  0.7368299  -2.108865    1.2435514 ]
[-0.5918623   0.74296826  0.3782472   0.935571    1.5954845   0.30045444
 -0.8950348  -0.333101   -0.11816712 -1.6816727   0.75217146 -0.3686311
 -0.53051335  0.7290743  -2.1215892   1.1928971 ]
[-0.5918623   0.74296826  0.3782472   0.935571    1.5954845   0.30045444
 -0.8950348  -0.333101   -0.11816712 -1.6816727   0.75217146 -0.3686311
 -0.53051335  0.7290743  -2.1215892   1.1928971 ]
[-0.5918623   0.74296826  0.3782472   0.935571    1.5954845   0.30045444
 -0.8950348  -0.333101   -0.11816712 -1.6816727   0.75217146 -0.3686311
 -0.53051335  0.7290743  -2.1215892   1.1928971 ]
[-0.5918623   0.74296826  0.3782472   0.935571    1.5954845   0.30045444
 -0.8950348  -0.333101   -0.11816712 -1.6816727   0.75217146 -0.3686311
 -0.53051335  0.7290743  -2.1215892   1.1928971 ]
[-0.56066066  0.7840634   0.35312405  0.88487244  1.5930256   0.27804735
 -0.8809695  -0.34086138 -0.13019374 -1.6836302   0.79774284 -0.40969744
 -0.5631131   0.7198366  -2.1090267   1.2563047 ]
[-0.56066066  0.7840634   0.35312405  0.88487244  1.5930256   0.27804735
 -0.8809695  -0.34086138 -0.13019374 -1.6836302   0.79774284 -0.40969744
 -0.5631131   0.7198366  -2.1090267   1.2563047 ]
[-0.56066066  0.7840634   0.35312405  0.88487244  1.5930256   0.27804735
 -0.8809695  -0.34086138 -0.13019374 -1.6836302   0.79774284 -0.40969744
 -0.5631131   0.7198366  -2.1090267   1.2563047 ]
[-0.56066066  0.7840634   0.35312405  0.88487244  1.5930256   0.27804735
 -0.8809695  -0.34086138 -0.13019374 -1.6836302   0.79774284 -0.40969744
 -0.5631131   0.7198366  -2.1090267   1.2563047 ]
[-0.45569125  0.7743889   0.3335576   0.89154375  1.612614    0.21329693
 -0.8318456  -0.37900952 -0.18357036 -1.7096268   0.82563955 -0.45793563
 -0.55080116  0.713662   -2.1197813   1.3142725 ]
[-0.45569125  0.7743889   0.3335576   0.89154375  1.612614    0.21329693
 -0.8318456  -0.37900952 -0.18357036 -1.7096268   0.82563955 -0.45793563
 -0.55080116  0.713662   -2.1197813   1.3142725 ]
[-0.45569125  0.7743889   0.3335576   0.89154375  1.612614    0.21329693
 -0.8318456  -0.37900952 -0.18357036 -1.7096268   0.82563955 -0.45793563
 -0.55080116  0.713662   -2.1197813   1.3142725 ]
[-0.45569125  0.7743889   0.3335576   0.89154375  1.612614    0.21329693
 -0.8318456  -0.37900952 -0.18357036 -1.7096268   0.82563955 -0.45793563
 -0.55080116  0.713662   -2.1197813   1.3142725 ]
[-0.5633639   0.7449559   0.32768592  0.94896114  1.5906754   0.26148644
 -0.85231733 -0.32770553 -0.11169708 -1.691461    0.7732272  -0.38880157
 -0.5360478   0.73089844 -2.1458607   1.2269349 ]
[-0.5633639   0.7449559   0.32768592  0.94896114  1.5906754   0.26148644
 -0.85231733 -0.32770553 -0.11169708 -1.691461    0.7732272  -0.38880157
 -0.5360478   0.73089844 -2.1458607   1.2269349 ]
[-0.5633639   0.7449559   0.32768592  0.94896114  1.5906754   0.26148644
 -0.85231733 -0.32770553 -0.11169708 -1.691461    0.7732272  -0.38880157
 -0.5360478   0.73089844 -2.1458607   1.2269349 ]
[-0.5633639   0.7449559   0.32768592  0.94896114  1.5906754   0.26148644
 -0.85231733 -0.32770553 -0.11169708 -1.691461    0.7732272  -0.38880157
 -0.5360478   0.73089844 -2.1458607   1.2269349 ]
[-0.49384063  0.76536447  0.33875793  0.91026914  1.6140356   0.24049628
 -0.856822   -0.37843627 -0.18596545 -1.7306135   0.8076395  -0.4287618
 -0.46697155  0.7163216  -2.1168282   1.2538328 ]
[-0.49384063  0.76536447  0.33875793  0.91026914  1.6140356   0.24049628
 -0.856822   -0.37843627 -0.18596545 -1.7306135   0.8076395  -0.4287618
 -0.46697155  0.7163216  -2.1168282   1.2538328 ]
[-0.49384063  0.76536447  0.33875793  0.91026914  1.6140356   0.24049628
 -0.856822   -0.37843627 -0.18596545 -1.7306135   0.8076395  -0.4287618
 -0.46697155  0.7163216  -2.1168282   1.2538328 ]
[-0.49384063  0.76536447  0.33875793  0.91026914  1.6140356   0.24049628
 -0.856822   -0.37843627 -0.18596545 -1.7306135   0.8076395  -0.4287618
 -0.46697155  0.7163216  -2.1168282   1.2538328 ]
[-0.4789466   0.7577335   0.3386305   0.879581    1.6575296   0.25011146
 -0.8691311  -0.42301807 -0.24582246 -1.728302    0.8439851  -0.44424516
 -0.44914705  0.73082805 -2.0714881   1.2395753 ]
[-0.4789466   0.7577335   0.3386305   0.879581    1.6575296   0.25011146
 -0.8691311  -0.42301807 -0.24582246 -1.728302    0.8439851  -0.44424516
 -0.44914705  0.73082805 -2.0714881   1.2395753 ]
[-0.4789466   0.7577335   0.3386305   0.879581    1.6575296   0.25011146
 -0.8691311  -0.42301807 -0.24582246 -1.728302    0.8439851  -0.44424516
 -0.44914705  0.73082805 -2.0714881   1.2395753 ]
[-0.4789466   0.7577335   0.3386305   0.879581    1.6575296   0.25011146
 -0.8691311  -0.42301807 -0.24582246 -1.728302    0.8439851  -0.44424516
 -0.44914705  0.73082805 -2.0714881   1.2395753 ]
[-0.58067495  0.74747837  0.36484677  0.91489995  1.6191965   0.29370263
 -0.92328244 -0.33755213 -0.12847662 -1.6938537   0.7573951  -0.37073553
 -0.50190365  0.71377933 -2.0980248   1.2106068 ]
[-0.58067495  0.74747837  0.36484677  0.91489995  1.6191965   0.29370263
 -0.92328244 -0.33755213 -0.12847662 -1.6938537   0.7573951  -0.37073553
 -0.50190365  0.71377933 -2.0980248   1.2106068 ]
[-0.58067495  0.74747837  0.36484677  0.91489995  1.6191965   0.29370263
 -0.92328244 -0.33755213 -0.12847662 -1.6938537   0.7573951  -0.37073553
 -0.50190365  0.71377933 -2.0980248   1.2106068 ]
[-0.58067495  0.74747837  0.36484677  0.91489995  1.6191965   0.29370263
 -0.92328244 -0.33755213 -0.12847662 -1.6938537   0.7573951  -0.37073553
 -0.50190365  0.71377933 -2.0980248   1.2106068 ]
[-0.54908794  0.8154955   0.3601665   0.83234406  1.6129601   0.26889268
 -0.9279354  -0.35585302 -0.14014967 -1.7243831   0.8170866  -0.41648275
 -0.52592903  0.69011176 -2.0590005   1.292589  ]
[-0.54908794  0.8154955   0.3601665   0.83234406  1.6129601   0.26889268
 -0.9279354  -0.35585302 -0.14014967 -1.7243831   0.8170866  -0.41648275
 -0.52592903  0.69011176 -2.0590005   1.292589  ]
[-0.54908794  0.8154955   0.3601665   0.83234406  1.6129601   0.26889268
 -0.9279354  -0.35585302 -0.14014967 -1.7243831   0.8170866  -0.41648275
 -0.52592903  0.69011176 -2.0590005   1.292589  ]
[-0.54908794  0.8154955   0.3601665   0.83234406  1.6129601   0.26889268
 -0.9279354  -0.35585302 -0.14014967 -1.7243831   0.8170866  -0.41648275
 -0.52592903  0.69011176 -2.0590005   1.292589  ]
[-0.45666346  0.7954092   0.33258414  0.8669615   1.6251761   0.205042
 -0.85440457 -0.39484996 -0.19454344 -1.7393783   0.84044254 -0.48585182
 -0.50695884  0.7007952  -2.09241     1.3510649 ]
[-0.45666346  0.7954092   0.33258414  0.8669615   1.6251761   0.205042
 -0.85440457 -0.39484996 -0.19454344 -1.7393783   0.84044254 -0.48585182
 -0.50695884  0.7007952  -2.09241     1.3510649 ]
[-0.45666346  0.7954092   0.33258414  0.8669615   1.6251761   0.205042
 -0.85440457 -0.39484996 -0.19454344 -1.7393783   0.84044254 -0.48585182
 -0.50695884  0.7007952  -2.09241     1.3510649 ]
[-0.45666346  0.7954092   0.33258414  0.8669615   1.6251761   0.205042
 -0.85440457 -0.39484996 -0.19454344 -1.7393783   0.84044254 -0.48585182
 -0.50695884  0.7007952  -2.09241     1.3510649 ]
[-0.45666346  0.7954092   0.33258414  0.8669615   1.6251761   0.205042
 -0.85440457 -0.39484996 -0.19454344 -1.7393783   0.84044254 -0.48585182
 -0.50695884  0.7007952  -2.09241     1.3510649 ]
[-0.4681322   0.76550424  0.3191207   0.90281963  1.6190596   0.20094588
 -0.8319834  -0.38630515 -0.19590507 -1.7350829   0.82274115 -0.4841897
 -0.48982534  0.7292301  -2.10833     1.3318983 ]
[-0.4681322   0.76550424  0.3191207   0.90281963  1.6190596   0.20094588
 -0.8319834  -0.38630515 -0.19590507 -1.7350829   0.82274115 -0.4841897
 -0.48982534  0.7292301  -2.10833     1.3318983 ]
[-0.4681322   0.76550424  0.3191207   0.90281963  1.6190596   0.20094588
 -0.8319834  -0.38630515 -0.19590507 -1.7350829   0.82274115 -0.4841897
 -0.48982534  0.7292301  -2.10833     1.3318983 ]
[-0.4681322   0.76550424  0.3191207   0.90281963  1.6190596   0.20094588
 -0.8319834  -0.38630515 -0.19590507 -1.7350829   0.82274115 -0.4841897
 -0.48982534  0.7292301  -2.10833     1.3318983 ]
[-0.5154892   0.7789233   0.33802134  0.908353    1.5916693   0.24167688
 -0.8716485  -0.36576694 -0.17548901 -1.7314684   0.81053287 -0.43392792
 -0.49170455  0.7209916  -2.099772    1.2849089 ]
[-0.5154892   0.7789233   0.33802134  0.908353    1.5916693   0.24167688
 -0.8716485  -0.36576694 -0.17548901 -1.7314684   0.81053287 -0.43392792
 -0.49170455  0.7209916  -2.099772    1.2849089 ]
[-0.5154892   0.7789233   0.33802134  0.908353    1.5916693   0.24167688
 -0.8716485  -0.36576694 -0.17548901 -1.7314684   0.81053287 -0.43392792
 -0.49170455  0.7209916  -2.099772    1.2849089 ]
[-0.5154892   0.7789233   0.33802134  0.908353    1.5916693   0.24167688
 -0.8716485  -0.36576694 -0.17548901 -1.7314684   0.81053287 -0.43392792
 -0.49170455  0.7209916  -2.099772    1.2849089 ]
[-0.50762093  0.737743    0.34399188  0.93247795  1.6074097   0.24939194
 -0.8732953  -0.3786839  -0.2101244  -1.7164139   0.7868     -0.41530356
 -0.46516663  0.75441295 -2.1087413   1.251364  ]
[-0.50762093  0.737743    0.34399188  0.93247795  1.6074097   0.24939194
 -0.8732953  -0.3786839  -0.2101244  -1.7164139   0.7868     -0.41530356
 -0.46516663  0.75441295 -2.1087413   1.251364  ]
[-0.50762093  0.737743    0.34399188  0.93247795  1.6074097   0.24939194
 -0.8732953  -0.3786839  -0.2101244  -1.7164139   0.7868     -0.41530356
 -0.46516663  0.75441295 -2.1087413   1.251364  ]
[-0.50762093  0.737743    0.34399188  0.93247795  1.6074097   0.24939194
 -0.8732953  -0.3786839  -0.2101244  -1.7164139   0.7868     -0.41530356
 -0.46516663  0.75441295 -2.1087413   1.251364  ]
[-0.50762093  0.737743    0.34399188  0.93247795  1.6074097   0.24939194
 -0.8732953  -0.3786839  -0.2101244  -1.7164139   0.7868     -0.41530356
 -0.46516663  0.75441295 -2.1087413   1.251364  ]
[-0.5784563   0.7095667   0.361862    0.9630421   1.6159325   0.2970007
 -0.9181075  -0.32572034 -0.13992086 -1.682546    0.7179457  -0.35204518
 -0.4873969   0.7220353  -2.1142106   1.1978214 ]
[-0.5784563   0.7095667   0.361862    0.9630421   1.6159325   0.2970007
 -0.9181075  -0.32572034 -0.13992086 -1.682546    0.7179457  -0.35204518
 -0.4873969   0.7220353  -2.1142106   1.1978214 ]
[-0.5784563   0.7095667   0.361862    0.9630421   1.6159325   0.2970007
 -0.9181075  -0.32572034 -0.13992086 -1.682546    0.7179457  -0.35204518
 -0.4873969   0.7220353  -2.1142106   1.1978214 ]
[-0.5784563   0.7095667   0.361862    0.9630421   1.6159325   0.2970007
 -0.9181075  -0.32572034 -0.13992086 -1.682546    0.7179457  -0.35204518
 -0.4873969   0.7220353  -2.1142106   1.1978214 ]
[-0.5784563   0.7095667   0.361862    0.9630421   1.6159325   0.2970007
 -0.9181075  -0.32572034 -0.13992086 -1.682546    0.7179457  -0.35204518
 -0.4873969   0.7220353  -2.1142106   1.1978214 ]
[-0.553188    0.73559606  0.35105377  0.9458126   1.5976061   0.26378566
 -0.86823386 -0.3307139  -0.14925678 -1.6801668   0.7245427  -0.39688334
 -0.51748574  0.7555872  -2.1373813   1.248412  ]
[-0.553188    0.73559606  0.35105377  0.9458126   1.5976061   0.26378566
 -0.86823386 -0.3307139  -0.14925678 -1.6801668   0.7245427  -0.39688334
 -0.51748574  0.7555872  -2.1373813   1.248412  ]
[-0.553188    0.73559606  0.35105377  0.9458126   1.5976061   0.26378566
 -0.86823386 -0.3307139  -0.14925678 -1.6801668   0.7245427  -0.39688334
 -0.51748574  0.7555872  -2.1373813   1.248412  ]
[-0.553188    0.73559606  0.35105377  0.9458126   1.5976061   0.26378566
 -0.86823386 -0.3307139  -0.14925678 -1.6801668   0.7245427  -0.39688334
 -0.51748574  0.7555872  -2.1373813   1.248412  ]
[-0.553188    0.73559606  0.35105377  0.9458126   1.5976061   0.26378566
 -0.86823386 -0.3307139  -0.14925678 -1.6801668   0.7245427  -0.39688334
 -0.51748574  0.7555872  -2.1373813   1.248412  ]
[-0.5541414   0.7946181   0.33900404  0.8733711   1.6109045   0.25514242
 -0.9024037  -0.3496269  -0.13310882 -1.7104489   0.8065448  -0.43114215
 -0.5381528   0.7009706  -2.0811489   1.3110145 ]
[-0.5541414   0.7946181   0.33900404  0.8733711   1.6109045   0.25514242
 -0.9024037  -0.3496269  -0.13310882 -1.7104489   0.8065448  -0.43114215
 -0.5381528   0.7009706  -2.0811489   1.3110145 ]
[-0.5541414   0.7946181   0.33900404  0.8733711   1.6109045   0.25514242
 -0.9024037  -0.3496269  -0.13310882 -1.7104489   0.8065448  -0.43114215
 -0.5381528   0.7009706  -2.0811489   1.3110145 ]
[-0.5541414   0.7946181   0.33900404  0.8733711   1.6109045   0.25514242
 -0.9024037  -0.3496269  -0.13310882 -1.7104489   0.8065448  -0.43114215
 -0.5381528   0.7009706  -2.0811489   1.3110145 ]
[-0.5541414   0.7946181   0.33900404  0.8733711   1.6109045   0.25514242
 -0.9024037  -0.3496269  -0.13310882 -1.7104489   0.8065448  -0.43114215
 -0.5381528   0.7009706  -2.0811489   1.3110145 ]
[-0.45770878  0.7918023   0.3100027   0.8785116   1.6253086   0.20693369
 -0.84595996 -0.40195236 -0.19714364 -1.7360961   0.8417061  -0.49873677
 -0.5077983   0.7117703  -2.0877328   1.3602177 ]
[-0.45770878  0.7918023   0.3100027   0.8785116   1.6253086   0.20693369
 -0.84595996 -0.40195236 -0.19714364 -1.7360961   0.8417061  -0.49873677
 -0.5077983   0.7117703  -2.0877328   1.3602177 ]
[-0.45770878  0.7918023   0.3100027   0.8785116   1.6253086   0.20693369
 -0.84595996 -0.40195236 -0.19714364 -1.7360961   0.8417061  -0.49873677
 -0.5077983   0.7117703  -2.0877328   1.3602177 ]
[-0.45770878  0.7918023   0.3100027   0.8785116   1.6253086   0.20693369
 -0.84595996 -0.40195236 -0.19714364 -1.7360961   0.8417061  -0.49873677
 -0.5077983   0.7117703  -2.0877328   1.3602177 ]
[-0.45770878  0.7918023   0.3100027   0.8785116   1.6253086   0.20693369
 -0.84595996 -0.40195236 -0.19714364 -1.7360961   0.8417061  -0.49873677
 -0.5077983   0.7117703  -2.0877328   1.3602177 ]
[-0.45986742  0.7637876   0.3087349   0.9193388   1.6112039   0.21028475
 -0.82275885 -0.40018255 -0.20372143 -1.7261461   0.81911486 -0.47768855
 -0.49604583  0.75258696 -2.1211085   1.3135734 ]
[-0.45986742  0.7637876   0.3087349   0.9193388   1.6112039   0.21028475
 -0.82275885 -0.40018255 -0.20372143 -1.7261461   0.81911486 -0.47768855
 -0.49604583  0.75258696 -2.1211085   1.3135734 ]
[-0.45986742  0.7637876   0.3087349   0.9193388   1.6112039   0.21028475
 -0.82275885 -0.40018255 -0.20372143 -1.7261461   0.81911486 -0.47768855
 -0.49604583  0.75258696 -2.1211085   1.3135734 ]
[-0.45986742  0.7637876   0.3087349   0.9193388   1.6112039   0.21028475
 -0.82275885 -0.40018255 -0.20372143 -1.7261461   0.81911486 -0.47768855
 -0.49604583  0.75258696 -2.1211085   1.3135734 ]
[-0.5092639   0.7581167   0.34499604  0.9256662   1.6009562   0.26525813
 -0.89236516 -0.37067622 -0.17857122 -1.7193224   0.7869535  -0.40137133
 -0.48984608  0.7219374  -2.104767    1.250912  ]
[-0.5092639   0.7581167   0.34499604  0.9256662   1.6009562   0.26525813
 -0.89236516 -0.37067622 -0.17857122 -1.7193224   0.7869535  -0.40137133
 -0.48984608  0.7219374  -2.104767    1.250912  ]
[-0.5092639   0.7581167   0.34499604  0.9256662   1.6009562   0.26525813
 -0.89236516 -0.37067622 -0.17857122 -1.7193224   0.7869535  -0.40137133
 -0.48984608  0.7219374  -2.104767    1.250912  ]
[-0.5092639   0.7581167   0.34499604  0.9256662   1.6009562   0.26525813
 -0.89236516 -0.37067622 -0.17857122 -1.7193224   0.7869535  -0.40137133
 -0.48984608  0.7219374  -2.104767    1.250912  ]
[-0.5092639   0.7581167   0.34499604  0.9256662   1.6009562   0.26525813
 -0.89236516 -0.37067622 -0.17857122 -1.7193224   0.7869535  -0.40137133
 -0.48984608  0.7219374  -2.104767    1.250912  ]
[-0.5291066   0.7272463   0.33087456  0.95612395  1.6101459   0.27229124
 -0.89748895 -0.3391539  -0.1640547  -1.6890647   0.7391054  -0.37000936
 -0.50094587  0.728156   -2.1231618   1.2375576 ]
[-0.5291066   0.7272463   0.33087456  0.95612395  1.6101459   0.27229124
 -0.89748895 -0.3391539  -0.1640547  -1.6890647   0.7391054  -0.37000936
 -0.50094587  0.728156   -2.1231618   1.2375576 ]
[-0.5291066   0.7272463   0.33087456  0.95612395  1.6101459   0.27229124
 -0.89748895 -0.3391539  -0.1640547  -1.6890647   0.7391054  -0.37000936
 -0.50094587  0.728156   -2.1231618   1.2375576 ]
[-0.5291066   0.7272463   0.33087456  0.95612395  1.6101459   0.27229124
 -0.89748895 -0.3391539  -0.1640547  -1.6890647   0.7391054  -0.37000936
 -0.50094587  0.728156   -2.1231618   1.2375576 ]
[-0.5644124   0.7358581   0.3450206   0.9350721   1.6301982   0.27611598
 -0.90935194 -0.32064345 -0.13303849 -1.6846479   0.73103714 -0.3776947
 -0.50707597  0.7062715  -2.1122818   1.2384846 ]
[-0.5644124   0.7358581   0.3450206   0.9350721   1.6301982   0.27611598
 -0.90935194 -0.32064345 -0.13303849 -1.6846479   0.73103714 -0.3776947
 -0.50707597  0.7062715  -2.1122818   1.2384846 ]
[-0.5644124   0.7358581   0.3450206   0.9350721   1.6301982   0.27611598
 -0.90935194 -0.32064345 -0.13303849 -1.6846479   0.73103714 -0.3776947
 -0.50707597  0.7062715  -2.1122818   1.2384846 ]
[-0.5644124   0.7358581   0.3450206   0.9350721   1.6301982   0.27611598
 -0.90935194 -0.32064345 -0.13303849 -1.6846479   0.73103714 -0.3776947
 -0.50707597  0.7062715  -2.1122818   1.2384846 ]
[-0.5644124   0.7358581   0.3450206   0.9350721   1.6301982   0.27611598
 -0.90935194 -0.32064345 -0.13303849 -1.6846479   0.73103714 -0.3776947
 -0.50707597  0.7062715  -2.1122818   1.2384846 ]
[-0.53823507  0.77295834  0.32426012  0.89871484  1.6096165   0.23726448
 -0.8627159  -0.33520412 -0.14438626 -1.6957849   0.7781421  -0.44131175
 -0.52488023  0.7327758  -2.121987    1.3019205 ]
[-0.53823507  0.77295834  0.32426012  0.89871484  1.6096165   0.23726448
 -0.8627159  -0.33520412 -0.14438626 -1.6957849   0.7781421  -0.44131175
 -0.52488023  0.7327758  -2.121987    1.3019205 ]
[-0.53823507  0.77295834  0.32426012  0.89871484  1.6096165   0.23726448
 -0.8627159  -0.33520412 -0.14438626 -1.6957849   0.7781421  -0.44131175
 -0.52488023  0.7327758  -2.121987    1.3019205 ]
[-0.53823507  0.77295834  0.32426012  0.89871484  1.6096165   0.23726448
 -0.8627159  -0.33520412 -0.14438626 -1.6957849   0.7781421  -0.44131175
 -0.52488023  0.7327758  -2.121987    1.3019205 ]
[-0.4457057   0.8006078   0.3102088   0.86463916  1.6287512   0.19552246
 -0.84407663 -0.39191303 -0.1950456  -1.7356412   0.84577113 -0.49656487
 -0.52116424  0.6961121  -2.0884671   1.370505  ]
[-0.4457057   0.8006078   0.3102088   0.86463916  1.6287512   0.19552246
 -0.84407663 -0.39191303 -0.1950456  -1.7356412   0.84577113 -0.49656487
 -0.52116424  0.6961121  -2.0884671   1.370505  ]
[-0.4457057   0.8006078   0.3102088   0.86463916  1.6287512   0.19552246
 -0.84407663 -0.39191303 -0.1950456  -1.7356412   0.84577113 -0.49656487
 -0.52116424  0.6961121  -2.0884671   1.370505  ]
[-0.4457057   0.8006078   0.3102088   0.86463916  1.6287512   0.19552246
 -0.84407663 -0.39191303 -0.1950456  -1.7356412   0.84577113 -0.49656487
 -0.52116424  0.6961121  -2.0884671   1.370505  ]
[-0.4605545   0.7651971   0.30719566  0.90897685  1.6219848   0.20205872
 -0.8318057  -0.385298   -0.19958651 -1.7311623   0.8198202  -0.4792617
 -0.49257523  0.73259383 -2.1119552   1.325988  ]
[-0.4605545   0.7651971   0.30719566  0.90897685  1.6219848   0.20205872
 -0.8318057  -0.385298   -0.19958651 -1.7311623   0.8198202  -0.4792617
 -0.49257523  0.73259383 -2.1119552   1.325988  ]
[-0.4605545   0.7651971   0.30719566  0.90897685  1.6219848   0.20205872
 -0.8318057  -0.385298   -0.19958651 -1.7311623   0.8198202  -0.4792617
 -0.49257523  0.73259383 -2.1119552   1.325988  ]
[-0.4605545   0.7651971   0.30719566  0.90897685  1.6219848   0.20205872
 -0.8318057  -0.385298   -0.19958651 -1.7311623   0.8198202  -0.4792617
 -0.49257523  0.73259383 -2.1119552   1.325988  ]
[-0.4605545   0.7651971   0.30719566  0.90897685  1.6219848   0.20205872
 -0.8318057  -0.385298   -0.19958651 -1.7311623   0.8198202  -0.4792617
 -0.49257523  0.73259383 -2.1119552   1.325988  ]
[-0.48300633  0.7638518   0.3311376   0.912078    1.6069975   0.24205825
 -0.8703021  -0.3822414  -0.19660445 -1.7275269   0.7967391  -0.42560297
 -0.47729772  0.7270739  -2.1055248   1.2779462 ]
[-0.48300633  0.7638518   0.3311376   0.912078    1.6069975   0.24205825
 -0.8703021  -0.3822414  -0.19660445 -1.7275269   0.7967391  -0.42560297
 -0.47729772  0.7270739  -2.1055248   1.2779462 ]
[-0.48300633  0.7638518   0.3311376   0.912078    1.6069975   0.24205825
 -0.8703021  -0.3822414  -0.19660445 -1.7275269   0.7967391  -0.42560297
 -0.47729772  0.7270739  -2.1055248   1.2779462 ]
[-0.48300633  0.7638518   0.3311376   0.912078    1.6069975   0.24205825
 -0.8703021  -0.3822414  -0.19660445 -1.7275269   0.7967391  -0.42560297
 -0.47729772  0.7270739  -2.1055248   1.2779462 ]
[-0.46343946  0.75499094  0.3502781   0.90808076  1.6169847   0.2437135
 -0.8661903  -0.38789773 -0.21614793 -1.716066    0.7903327  -0.4157981
 -0.4871295   0.72588205 -2.1096277   1.2609485 ]
[-0.46343946  0.75499094  0.3502781   0.90808076  1.6169847   0.2437135
 -0.8661903  -0.38789773 -0.21614793 -1.716066    0.7903327  -0.4157981
 -0.4871295   0.72588205 -2.1096277   1.2609485 ]
[-0.46343946  0.75499094  0.3502781   0.90808076  1.6169847   0.2437135
 -0.8661903  -0.38789773 -0.21614793 -1.716066    0.7903327  -0.4157981
 -0.4871295   0.72588205 -2.1096277   1.2609485 ]
[-0.46343946  0.75499094  0.3502781   0.90808076  1.6169847   0.2437135
 -0.8661903  -0.38789773 -0.21614793 -1.716066    0.7903327  -0.4157981
 -0.4871295   0.72588205 -2.1096277   1.2609485 ]
[-0.46343946  0.75499094  0.3502781   0.90808076  1.6169847   0.2437135
 -0.8661903  -0.38789773 -0.21614793 -1.716066    0.7903327  -0.4157981
 -0.4871295   0.72588205 -2.1096277   1.2609485 ]
[-0.5769678   0.7402964   0.37129942  0.9235754   1.6214273   0.29041347
 -0.9205159  -0.33618087 -0.14259973 -1.6937687   0.7450109  -0.37423268
 -0.49518698  0.7058251  -2.0912147   1.2206323 ]
[-0.5769678   0.7402964   0.37129942  0.9235754   1.6214273   0.29041347
 -0.9205159  -0.33618087 -0.14259973 -1.6937687   0.7450109  -0.37423268
 -0.49518698  0.7058251  -2.0912147   1.2206323 ]
[-0.5769678   0.7402964   0.37129942  0.9235754   1.6214273   0.29041347
 -0.9205159  -0.33618087 -0.14259973 -1.6937687   0.7450109  -0.37423268
 -0.49518698  0.7058251  -2.0912147   1.2206323 ]
[-0.5769678   0.7402964   0.37129942  0.9235754   1.6214273   0.29041347
 -0.9205159  -0.33618087 -0.14259973 -1.6937687   0.7450109  -0.37423268
 -0.49518698  0.7058251  -2.0912147   1.2206323 ]
[-0.558278    0.79332143  0.34187347  0.85934734  1.621075    0.2623749
 -0.92421085 -0.34536657 -0.14451875 -1.7115732   0.80132514 -0.42919725
 -0.5141207   0.6983272  -2.0630774   1.3040644 ]
[-0.558278    0.79332143  0.34187347  0.85934734  1.621075    0.2623749
 -0.92421085 -0.34536657 -0.14451875 -1.7115732   0.80132514 -0.42919725
 -0.5141207   0.6983272  -2.0630774   1.3040644 ]
[-0.558278    0.79332143  0.34187347  0.85934734  1.621075    0.2623749
 -0.92421085 -0.34536657 -0.14451875 -1.7115732   0.80132514 -0.42919725
 -0.5141207   0.6983272  -2.0630774   1.3040644 ]
[-0.558278    0.79332143  0.34187347  0.85934734  1.621075    0.2623749
 -0.92421085 -0.34536657 -0.14451875 -1.7115732   0.80132514 -0.42919725
 -0.5141207   0.6983272  -2.0630774   1.3040644 ]
[-0.558278    0.79332143  0.34187347  0.85934734  1.621075    0.2623749
 -0.92421085 -0.34536657 -0.14451875 -1.7115732   0.80132514 -0.42919725
 -0.5141207   0.6983272  -2.0630774   1.3040644 ]
[-0.4627325   0.79654396  0.30796632  0.86672384  1.6382933   0.20298207
 -0.8756663  -0.38797718 -0.19005382 -1.7391994   0.8472722  -0.48961267
 -0.49881896  0.69279665 -2.0786252   1.3633568 ]
[-0.4627325   0.79654396  0.30796632  0.86672384  1.6382933   0.20298207
 -0.8756663  -0.38797718 -0.19005382 -1.7391994   0.8472722  -0.48961267
 -0.49881896  0.69279665 -2.0786252   1.3633568 ]
[-0.4627325   0.79654396  0.30796632  0.86672384  1.6382933   0.20298207
 -0.8756663  -0.38797718 -0.19005382 -1.7391994   0.8472722  -0.48961267
 -0.49881896  0.69279665 -2.0786252   1.3633568 ]
[-0.4627325   0.79654396  0.30796632  0.86672384  1.6382933   0.20298207
 -0.8756663  -0.38797718 -0.19005382 -1.7391994   0.8472722  -0.48961267
 -0.49881896  0.69279665 -2.0786252   1.3633568 ]
[-0.46123338  0.7522894   0.29543704  0.9122807   1.6439555   0.19726376
 -0.8522452  -0.38110963 -0.1970818  -1.7340711   0.814812   -0.4813583
 -0.46345443  0.72918177 -2.1106634   1.3277864 ]
[-0.46123338  0.7522894   0.29543704  0.9122807   1.6439555   0.19726376
 -0.8522452  -0.38110963 -0.1970818  -1.7340711   0.814812   -0.4813583
 -0.46345443  0.72918177 -2.1106634   1.3277864 ]
[-0.46123338  0.7522894   0.29543704  0.9122807   1.6439555   0.19726376
 -0.8522452  -0.38110963 -0.1970818  -1.7340711   0.814812   -0.4813583
 -0.46345443  0.72918177 -2.1106634   1.3277864 ]
[-0.46123338  0.7522894   0.29543704  0.9122807   1.6439555   0.19726376
 -0.8522452  -0.38110963 -0.1970818  -1.7340711   0.814812   -0.4813583
 -0.46345443  0.72918177 -2.1106634   1.3277864 ]
[-0.4831575   0.72429556  0.3135197   0.95072365  1.632596    0.22375011
 -0.8657837  -0.3719385  -0.19312337 -1.7292974   0.7760143  -0.43044677
 -0.43646258  0.7347785  -2.1256082   1.2694821 ]
[-0.4831575   0.72429556  0.3135197   0.95072365  1.632596    0.22375011
 -0.8657837  -0.3719385  -0.19312337 -1.7292974   0.7760143  -0.43044677
 -0.43646258  0.7347785  -2.1256082   1.2694821 ]
[-0.4831575   0.72429556  0.3135197   0.95072365  1.632596    0.22375011
 -0.8657837  -0.3719385  -0.19312337 -1.7292974   0.7760143  -0.43044677
 -0.43646258  0.7347785  -2.1256082   1.2694821 ]
[-0.4831575   0.72429556  0.3135197   0.95072365  1.632596    0.22375011
 -0.8657837  -0.3719385  -0.19312337 -1.7292974   0.7760143  -0.43044677
 -0.43646258  0.7347785  -2.1256082   1.2694821 ]
[-0.4966936   0.71625865  0.3246289   0.94475573  1.6489542   0.23278102
 -0.874602   -0.39386567 -0.23053312 -1.7236542   0.78858274 -0.43710223
 -0.4162025   0.7542307  -2.0997536   1.250685  ]
[-0.4966936   0.71625865  0.3246289   0.94475573  1.6489542   0.23278102
 -0.874602   -0.39386567 -0.23053312 -1.7236542   0.78858274 -0.43710223
 -0.4162025   0.7542307  -2.0997536   1.250685  ]
[-0.4966936   0.71625865  0.3246289   0.94475573  1.6489542   0.23278102
 -0.874602   -0.39386567 -0.23053312 -1.7236542   0.78858274 -0.43710223
 -0.4162025   0.7542307  -2.0997536   1.250685  ]
[-0.4966936   0.71625865  0.3246289   0.94475573  1.6489542   0.23278102
 -0.874602   -0.39386567 -0.23053312 -1.7236542   0.78858274 -0.43710223
 -0.4162025   0.7542307  -2.0997536   1.250685  ]
[-0.4966936   0.71625865  0.3246289   0.94475573  1.6489542   0.23278102
 -0.874602   -0.39386567 -0.23053312 -1.7236542   0.78858274 -0.43710223
 -0.4162025   0.7542307  -2.0997536   1.250685  ]
[-0.5994317   0.7183722   0.3462228   0.9615949   1.6222572   0.29025492
 -0.9155127  -0.3353067  -0.14166678 -1.6931732   0.7353964  -0.38294834
 -0.46991912  0.7457952  -2.105004    1.2106234 ]
[-0.5994317   0.7183722   0.3462228   0.9615949   1.6222572   0.29025492
 -0.9155127  -0.3353067  -0.14166678 -1.6931732   0.7353964  -0.38294834
 -0.46991912  0.7457952  -2.105004    1.2106234 ]
[-0.5994317   0.7183722   0.3462228   0.9615949   1.6222572   0.29025492
 -0.9155127  -0.3353067  -0.14166678 -1.6931732   0.7353964  -0.38294834
 -0.46991912  0.7457952  -2.105004    1.2106234 ]
[-0.5994317   0.7183722   0.3462228   0.9615949   1.6222572   0.29025492
 -0.9155127  -0.3353067  -0.14166678 -1.6931732   0.7353964  -0.38294834
 -0.46991912  0.7457952  -2.105004    1.2106234 ]
[-0.5994317   0.7183722   0.3462228   0.9615949   1.6222572   0.29025492
 -0.9155127  -0.3353067  -0.14166678 -1.6931732   0.7353964  -0.38294834
 -0.46991912  0.7457952  -2.105004    1.2106234 ]
[-0.55115193  0.75121516  0.33940813  0.92614335  1.6032778   0.25525165
 -0.8548075  -0.36180767 -0.1545078  -1.6968622   0.773358   -0.4357316
 -0.50593     0.77175295 -2.1311202   1.2607073 ]
[-0.55115193  0.75121516  0.33940813  0.92614335  1.6032778   0.25525165
 -0.8548075  -0.36180767 -0.1545078  -1.6968622   0.773358   -0.4357316
 -0.50593     0.77175295 -2.1311202   1.2607073 ]
[-0.55115193  0.75121516  0.33940813  0.92614335  1.6032778   0.25525165
 -0.8548075  -0.36180767 -0.1545078  -1.6968622   0.773358   -0.4357316
 -0.50593     0.77175295 -2.1311202   1.2607073 ]
[-0.55115193  0.75121516  0.33940813  0.92614335  1.6032778   0.25525165
 -0.8548075  -0.36180767 -0.1545078  -1.6968622   0.773358   -0.4357316
 -0.50593     0.77175295 -2.1311202   1.2607073 ]
[-0.55115193  0.75121516  0.33940813  0.92614335  1.6032778   0.25525165
 -0.8548075  -0.36180767 -0.1545078  -1.6968622   0.773358   -0.4357316
 -0.50593     0.77175295 -2.1311202   1.2607073 ]
[-0.47703606  0.80354387  0.34912103  0.8738102   1.6049827   0.22584577
 -0.8505265  -0.41100937 -0.19413595 -1.7368828   0.8521972  -0.4761321
 -0.5359961   0.71647376 -2.0823402   1.329529  ]
[-0.47703606  0.80354387  0.34912103  0.8738102   1.6049827   0.22584577
 -0.8505265  -0.41100937 -0.19413595 -1.7368828   0.8521972  -0.4761321
 -0.5359961   0.71647376 -2.0823402   1.329529  ]
[-0.47703606  0.80354387  0.34912103  0.8738102   1.6049827   0.22584577
 -0.8505265  -0.41100937 -0.19413595 -1.7368828   0.8521972  -0.4761321
 -0.5359961   0.71647376 -2.0823402   1.329529  ]
[-0.47703606  0.80354387  0.34912103  0.8738102   1.6049827   0.22584577
 -0.8505265  -0.41100937 -0.19413595 -1.7368828   0.8521972  -0.4761321
 -0.5359961   0.71647376 -2.0823402   1.329529  ]
[-0.47703606  0.80354387  0.34912103  0.8738102   1.6049827   0.22584577
 -0.8505265  -0.41100937 -0.19413595 -1.7368828   0.8521972  -0.4761321
 -0.5359961   0.71647376 -2.0823402   1.329529  ]
[-0.5580255   0.77485657  0.3364734   0.9096907   1.5964313   0.26324478
 -0.882462   -0.35936832 -0.13218644 -1.7100627   0.8181341  -0.42166224
 -0.5467284   0.71281976 -2.0941823   1.2826152 ]
[-0.5580255   0.77485657  0.3364734   0.9096907   1.5964313   0.26324478
 -0.882462   -0.35936832 -0.13218644 -1.7100627   0.8181341  -0.42166224
 -0.5467284   0.71281976 -2.0941823   1.2826152 ]
[-0.5580255   0.77485657  0.3364734   0.9096907   1.5964313   0.26324478
 -0.882462   -0.35936832 -0.13218644 -1.7100627   0.8181341  -0.42166224
 -0.5467284   0.71281976 -2.0941823   1.2826152 ]
[-0.5580255   0.77485657  0.3364734   0.9096907   1.5964313   0.26324478
 -0.882462   -0.35936832 -0.13218644 -1.7100627   0.8181341  -0.42166224
 -0.5467284   0.71281976 -2.0941823   1.2826152 ]
[-0.50044596  0.775508    0.343543    0.90763074  1.587006    0.24290335
 -0.8665493  -0.38501316 -0.18962613 -1.7329735   0.8128866  -0.43998975
 -0.49394235  0.7314099  -2.0932376   1.29088   ]
[-0.50044596  0.775508    0.343543    0.90763074  1.587006    0.24290335
 -0.8665493  -0.38501316 -0.18962613 -1.7329735   0.8128866  -0.43998975
 -0.49394235  0.7314099  -2.0932376   1.29088   ]
[-0.50044596  0.775508    0.343543    0.90763074  1.587006    0.24290335
 -0.8665493  -0.38501316 -0.18962613 -1.7329735   0.8128866  -0.43998975
 -0.49394235  0.7314099  -2.0932376   1.29088   ]
[-0.50044596  0.775508    0.343543    0.90763074  1.587006    0.24290335
 -0.8665493  -0.38501316 -0.18962613 -1.7329735   0.8128866  -0.43998975
 -0.49394235  0.7314099  -2.0932376   1.29088   ]
[-0.50044596  0.775508    0.343543    0.90763074  1.587006    0.24290335
 -0.8665493  -0.38501316 -0.18962613 -1.7329735   0.8128866  -0.43998975
 -0.49394235  0.7314099  -2.0932376   1.29088   ]
[-0.50792325  0.7375002   0.36485696  0.93270093  1.5942736   0.26365685
 -0.8726772  -0.3818554  -0.20726995 -1.7184136   0.781951   -0.40579978
 -0.47311935  0.74723065 -2.106329    1.2387421 ]
[-0.50792325  0.7375002   0.36485696  0.93270093  1.5942736   0.26365685
 -0.8726772  -0.3818554  -0.20726995 -1.7184136   0.781951   -0.40579978
 -0.47311935  0.74723065 -2.106329    1.2387421 ]
[-0.50792325  0.7375002   0.36485696  0.93270093  1.5942736   0.26365685
 -0.8726772  -0.3818554  -0.20726995 -1.7184136   0.781951   -0.40579978
 -0.47311935  0.74723065 -2.106329    1.2387421 ]
[-0.50792325  0.7375002   0.36485696  0.93270093  1.5942736   0.26365685
 -0.8726772  -0.3818554  -0.20726995 -1.7184136   0.781951   -0.40579978
 -0.47311935  0.74723065 -2.106329    1.2387421 ]
[-0.56883353  0.7259661   0.3722403   0.9510722   1.5914857   0.29853922
 -0.9066184  -0.33536148 -0.15613875 -1.679197    0.73051727 -0.36436743
 -0.5140147   0.7306355  -2.1068313   1.218306  ]
[-0.56883353  0.7259661   0.3722403   0.9510722   1.5914857   0.29853922
 -0.9066184  -0.33536148 -0.15613875 -1.679197    0.73051727 -0.36436743
 -0.5140147   0.7306355  -2.1068313   1.218306  ]
[-0.56883353  0.7259661   0.3722403   0.9510722   1.5914857   0.29853922
 -0.9066184  -0.33536148 -0.15613875 -1.679197    0.73051727 -0.36436743
 -0.5140147   0.7306355  -2.1068313   1.218306  ]
[-0.56883353  0.7259661   0.3722403   0.9510722   1.5914857   0.29853922
 -0.9066184  -0.33536148 -0.15613875 -1.679197    0.73051727 -0.36436743
 -0.5140147   0.7306355  -2.1068313   1.218306  ]
[-0.5649868   0.74607706  0.3609957   0.9261258   1.5920136   0.2705358
 -0.88663685 -0.33197612 -0.13629916 -1.678379    0.7447899  -0.3953752
 -0.53587234  0.7371902  -2.1159847   1.2569019 ]
[-0.5649868   0.74607706  0.3609957   0.9261258   1.5920136   0.2705358
 -0.88663685 -0.33197612 -0.13629916 -1.678379    0.7447899  -0.3953752
 -0.53587234  0.7371902  -2.1159847   1.2569019 ]
[-0.5649868   0.74607706  0.3609957   0.9261258   1.5920136   0.2705358
 -0.88663685 -0.33197612 -0.13629916 -1.678379    0.7447899  -0.3953752
 -0.53587234  0.7371902  -2.1159847   1.2569019 ]
[-0.5649868   0.74607706  0.3609957   0.9261258   1.5920136   0.2705358
 -0.88663685 -0.33197612 -0.13629916 -1.678379    0.7447899  -0.3953752
 -0.53587234  0.7371902  -2.1159847   1.2569019 ]
[-0.55701673  0.7907546   0.34284955  0.8735092   1.6138397   0.25499803
 -0.91163576 -0.3477332  -0.13032527 -1.708592    0.81336325 -0.4362665
 -0.5421782   0.6924859  -2.073239    1.3165686 ]
[-0.55701673  0.7907546   0.34284955  0.8735092   1.6138397   0.25499803
 -0.91163576 -0.3477332  -0.13032527 -1.708592    0.81336325 -0.4362665
 -0.5421782   0.6924859  -2.073239    1.3165686 ]
[-0.55701673  0.7907546   0.34284955  0.8735092   1.6138397   0.25499803
 -0.91163576 -0.3477332  -0.13032527 -1.708592    0.81336325 -0.4362665
 -0.5421782   0.6924859  -2.073239    1.3165686 ]
[-0.55701673  0.7907546   0.34284955  0.8735092   1.6138397   0.25499803
 -0.91163576 -0.3477332  -0.13032527 -1.708592    0.81336325 -0.4362665
 -0.5421782   0.6924859  -2.073239    1.3165686 ]
[-0.46298623  0.7938965   0.30863774  0.8783723   1.6301241   0.20478077
 -0.86351746 -0.39773458 -0.19477057 -1.736059    0.8479832  -0.5005617
 -0.51369286  0.7007904  -2.0740113   1.3723633 ]
[-0.46298623  0.7938965   0.30863774  0.8783723   1.6301241   0.20478077
 -0.86351746 -0.39773458 -0.19477057 -1.736059    0.8479832  -0.5005617
 -0.51369286  0.7007904  -2.0740113   1.3723633 ]
[-0.46298623  0.7938965   0.30863774  0.8783723   1.6301241   0.20478077
 -0.86351746 -0.39773458 -0.19477057 -1.736059    0.8479832  -0.5005617
 -0.51369286  0.7007904  -2.0740113   1.3723633 ]
[-0.46298623  0.7938965   0.30863774  0.8783723   1.6301241   0.20478077
 -0.86351746 -0.39773458 -0.19477057 -1.736059    0.8479832  -0.5005617
 -0.51369286  0.7007904  -2.0740113   1.3723633 ]
[-0.46298623  0.7938965   0.30863774  0.8783723   1.6301241   0.20478077
 -0.86351746 -0.39773458 -0.19477057 -1.736059    0.8479832  -0.5005617
 -0.51369286  0.7007904  -2.0740113   1.3723633 ]
[-0.48026782  0.76681876  0.31121054  0.9200287   1.6142343   0.21532175
 -0.86314094 -0.37732738 -0.1924046  -1.7305887   0.80784285 -0.4661623
 -0.49050507  0.7319082  -2.1017327   1.3266279 ]
[-0.48026782  0.76681876  0.31121054  0.9200287   1.6142343   0.21532175
 -0.86314094 -0.37732738 -0.1924046  -1.7305887   0.80784285 -0.4661623
 -0.49050507  0.7319082  -2.1017327   1.3266279 ]
[-0.48026782  0.76681876  0.31121054  0.9200287   1.6142343   0.21532175
 -0.86314094 -0.37732738 -0.1924046  -1.7305887   0.80784285 -0.4661623
 -0.49050507  0.7319082  -2.1017327   1.3266279 ]
[-0.48026782  0.76681876  0.31121054  0.9200287   1.6142343   0.21532175
 -0.86314094 -0.37732738 -0.1924046  -1.7305887   0.80784285 -0.4661623
 -0.49050507  0.7319082  -2.1017327   1.3266279 ]
[-0.49196905  0.72384965  0.32439718  0.970482    1.6095219   0.2405955
 -0.8619658  -0.37925154 -0.20711727 -1.718261    0.75920695 -0.41884875
 -0.45954818  0.76082146 -2.1260693   1.2634392 ]
[-0.49196905  0.72384965  0.32439718  0.970482    1.6095219   0.2405955
 -0.8619658  -0.37925154 -0.20711727 -1.718261    0.75920695 -0.41884875
 -0.45954818  0.76082146 -2.1260693   1.2634392 ]
[-0.49196905  0.72384965  0.32439718  0.970482    1.6095219   0.2405955
 -0.8619658  -0.37925154 -0.20711727 -1.718261    0.75920695 -0.41884875
 -0.45954818  0.76082146 -2.1260693   1.2634392 ]
[-0.49196905  0.72384965  0.32439718  0.970482    1.6095219   0.2405955
 -0.8619658  -0.37925154 -0.20711727 -1.718261    0.75920695 -0.41884875
 -0.45954818  0.76082146 -2.1260693   1.2634392 ]
[-0.49196905  0.72384965  0.32439718  0.970482    1.6095219   0.2405955
 -0.8619658  -0.37925154 -0.20711727 -1.718261    0.75920695 -0.41884875
 -0.45954818  0.76082146 -2.1260693   1.2634392 ]
[-0.49159804  0.7397716   0.31410128  0.9717081   1.5824459   0.2582171
 -0.8580872  -0.36187798 -0.20003195 -1.6948408   0.73477066 -0.39841014
 -0.50281686  0.7694499  -2.141135    1.2684492 ]
[-0.49159804  0.7397716   0.31410128  0.9717081   1.5824459   0.2582171
 -0.8580872  -0.36187798 -0.20003195 -1.6948408   0.73477066 -0.39841014
 -0.50281686  0.7694499  -2.141135    1.2684492 ]
[-0.49159804  0.7397716   0.31410128  0.9717081   1.5824459   0.2582171
 -0.8580872  -0.36187798 -0.20003195 -1.6948408   0.73477066 -0.39841014
 -0.50281686  0.7694499  -2.141135    1.2684492 ]
[-0.49159804  0.7397716   0.31410128  0.9717081   1.5824459   0.2582171
 -0.8580872  -0.36187798 -0.20003195 -1.6948408   0.73477066 -0.39841014
 -0.50281686  0.7694499  -2.141135    1.2684492 ]
[-0.55783975  0.7176854   0.34877557  0.9604403   1.6073849   0.2597892
 -0.8608947  -0.33183795 -0.14795958 -1.6828436   0.72583383 -0.40646634
 -0.5059059   0.76388144 -2.141523    1.239995  ]
[-0.55783975  0.7176854   0.34877557  0.9604403   1.6073849   0.2597892
 -0.8608947  -0.33183795 -0.14795958 -1.6828436   0.72583383 -0.40646634
 -0.5059059   0.76388144 -2.141523    1.239995  ]
[-0.55783975  0.7176854   0.34877557  0.9604403   1.6073849   0.2597892
 -0.8608947  -0.33183795 -0.14795958 -1.6828436   0.72583383 -0.40646634
 -0.5059059   0.76388144 -2.141523    1.239995  ]
[-0.55783975  0.7176854   0.34877557  0.9604403   1.6073849   0.2597892
 -0.8608947  -0.33183795 -0.14795958 -1.6828436   0.72583383 -0.40646634
 -0.5059059   0.76388144 -2.141523    1.239995  ]
[-0.55783975  0.7176854   0.34877557  0.9604403   1.6073849   0.2597892
 -0.8608947  -0.33183795 -0.14795958 -1.6828436   0.72583383 -0.40646634
 -0.5059059   0.76388144 -2.141523    1.239995  ]
[-0.5444788   0.8069297   0.34184405  0.86769515  1.5960404   0.26238823
 -0.89699614 -0.3517324  -0.12830304 -1.7059397   0.8124877  -0.4211904
 -0.5617181   0.7013963  -2.0911949   1.303827  ]
[-0.5444788   0.8069297   0.34184405  0.86769515  1.5960404   0.26238823
 -0.89699614 -0.3517324  -0.12830304 -1.7059397   0.8124877  -0.4211904
 -0.5617181   0.7013963  -2.0911949   1.303827  ]
[-0.5444788   0.8069297   0.34184405  0.86769515  1.5960404   0.26238823
 -0.89699614 -0.3517324  -0.12830304 -1.7059397   0.8124877  -0.4211904
 -0.5617181   0.7013963  -2.0911949   1.303827  ]
[-0.5444788   0.8069297   0.34184405  0.86769515  1.5960404   0.26238823
 -0.89699614 -0.3517324  -0.12830304 -1.7059397   0.8124877  -0.4211904
 -0.5617181   0.7013963  -2.0911949   1.303827  ]
[-0.5444788   0.8069297   0.34184405  0.86769515  1.5960404   0.26238823
 -0.89699614 -0.3517324  -0.12830304 -1.7059397   0.8124877  -0.4211904
 -0.5617181   0.7013963  -2.0911949   1.303827  ]
[-0.46060938  0.81003666  0.32319772  0.8669988   1.6121086   0.20937686
 -0.85784626 -0.38634706 -0.17796525 -1.7341757   0.8497821  -0.4792207
 -0.5373117   0.69141054 -2.0922585   1.3555489 ]
[-0.46060938  0.81003666  0.32319772  0.8669988   1.6121086   0.20937686
 -0.85784626 -0.38634706 -0.17796525 -1.7341757   0.8497821  -0.4792207
 -0.5373117   0.69141054 -2.0922585   1.3555489 ]
[-0.46060938  0.81003666  0.32319772  0.8669988   1.6121086   0.20937686
 -0.85784626 -0.38634706 -0.17796525 -1.7341757   0.8497821  -0.4792207
 -0.5373117   0.69141054 -2.0922585   1.3555489 ]
[-0.46060938  0.81003666  0.32319772  0.8669988   1.6121086   0.20937686
 -0.85784626 -0.38634706 -0.17796525 -1.7341757   0.8497821  -0.4792207
 -0.5373117   0.69141054 -2.0922585   1.3555489 ]
[-0.47987357  0.7925296   0.31083924  0.8980277   1.6040055   0.2155128
 -0.8593682  -0.3679534  -0.17162538 -1.7343947   0.820541   -0.45450038
 -0.5068485   0.71166277 -2.1114244   1.324626  ]
[-0.47987357  0.7925296   0.31083924  0.8980277   1.6040055   0.2155128
 -0.8593682  -0.3679534  -0.17162538 -1.7343947   0.820541   -0.45450038
 -0.5068485   0.71166277 -2.1114244   1.324626  ]
[-0.47987357  0.7925296   0.31083924  0.8980277   1.6040055   0.2155128
 -0.8593682  -0.3679534  -0.17162538 -1.7343947   0.820541   -0.45450038
 -0.5068485   0.71166277 -2.1114244   1.324626  ]
[-0.47987357  0.7925296   0.31083924  0.8980277   1.6040055   0.2155128
 -0.8593682  -0.3679534  -0.17162538 -1.7343947   0.820541   -0.45450038
 -0.5068485   0.71166277 -2.1114244   1.324626  ]
[-0.4999699   0.7638756   0.31494236  0.91632116  1.6196839   0.23891076
 -0.886246   -0.36338753 -0.17939572 -1.7278137   0.8006191  -0.42421228
 -0.46754128  0.7144991  -2.1064675   1.2759825 ]
[-0.4999699   0.7638756   0.31494236  0.91632116  1.6196839   0.23891076
 -0.886246   -0.36338753 -0.17939572 -1.7278137   0.8006191  -0.42421228
 -0.46754128  0.7144991  -2.1064675   1.2759825 ]
[-0.4999699   0.7638756   0.31494236  0.91632116  1.6196839   0.23891076
 -0.886246   -0.36338753 -0.17939572 -1.7278137   0.8006191  -0.42421228
 -0.46754128  0.7144991  -2.1064675   1.2759825 ]
[-0.4999699   0.7638756   0.31494236  0.91632116  1.6196839   0.23891076
 -0.886246   -0.36338753 -0.17939572 -1.7278137   0.8006191  -0.42421228
 -0.46754128  0.7144991  -2.1064675   1.2759825 ]
[-0.4702099   0.7395266   0.31891796  0.92813075  1.6378644   0.22657914
 -0.86192435 -0.37988907 -0.21228924 -1.7130692   0.7905063  -0.43155637
 -0.46821252  0.7356148  -2.1191545   1.2685483 ]
[-0.4702099   0.7395266   0.31891796  0.92813075  1.6378644   0.22657914
 -0.86192435 -0.37988907 -0.21228924 -1.7130692   0.7905063  -0.43155637
 -0.46821252  0.7356148  -2.1191545   1.2685483 ]
[-0.4702099   0.7395266   0.31891796  0.92813075  1.6378644   0.22657914
 -0.86192435 -0.37988907 -0.21228924 -1.7130692   0.7905063  -0.43155637
 -0.46821252  0.7356148  -2.1191545   1.2685483 ]
[-0.4702099   0.7395266   0.31891796  0.92813075  1.6378644   0.22657914
 -0.86192435 -0.37988907 -0.21228924 -1.7130692   0.7905063  -0.43155637
 -0.46821252  0.7356148  -2.1191545   1.2685483 ]
[-0.5757777   0.7441126   0.34491715  0.9420881   1.6209196   0.2774252
 -0.9047047  -0.32495221 -0.12393813 -1.6890371   0.73876137 -0.38073698
 -0.5094589   0.714533   -2.1168487   1.2313411 ]
[-0.5757777   0.7441126   0.34491715  0.9420881   1.6209196   0.2774252
 -0.9047047  -0.32495221 -0.12393813 -1.6890371   0.73876137 -0.38073698
 -0.5094589   0.714533   -2.1168487   1.2313411 ]
[-0.5757777   0.7441126   0.34491715  0.9420881   1.6209196   0.2774252
 -0.9047047  -0.32495221 -0.12393813 -1.6890371   0.73876137 -0.38073698
 -0.5094589   0.714533   -2.1168487   1.2313411 ]
[-0.5757777   0.7441126   0.34491715  0.9420881   1.6209196   0.2774252
 -0.9047047  -0.32495221 -0.12393813 -1.6890371   0.73876137 -0.38073698
 -0.5094589   0.714533   -2.1168487   1.2313411 ]
[-0.5757777   0.7441126   0.34491715  0.9420881   1.6209196   0.2774252
 -0.9047047  -0.32495221 -0.12393813 -1.6890371   0.73876137 -0.38073698
 -0.5094589   0.714533   -2.1168487   1.2313411 ]
[-0.5402222   0.77550066  0.32516733  0.9058467   1.6046383   0.23869582
 -0.85326403 -0.34369138 -0.13789862 -1.6948019   0.7877898  -0.44652596
 -0.5327612   0.74195325 -2.129676    1.2898371 ]
[-0.5402222   0.77550066  0.32516733  0.9058467   1.6046383   0.23869582
 -0.85326403 -0.34369138 -0.13789862 -1.6948019   0.7877898  -0.44652596
 -0.5327612   0.74195325 -2.129676    1.2898371 ]
[-0.5402222   0.77550066  0.32516733  0.9058467   1.6046383   0.23869582
 -0.85326403 -0.34369138 -0.13789862 -1.6948019   0.7877898  -0.44652596
 -0.5327612   0.74195325 -2.129676    1.2898371 ]
[-0.5402222   0.77550066  0.32516733  0.9058467   1.6046383   0.23869582
 -0.85326403 -0.34369138 -0.13789862 -1.6948019   0.7877898  -0.44652596
 -0.5327612   0.74195325 -2.129676    1.2898371 ]
[-0.45709223  0.8177763   0.31868514  0.85952234  1.6182375   0.20933776
 -0.85044307 -0.40042716 -0.17724586 -1.7360405   0.8616581  -0.4855113
 -0.5493902   0.6934514  -2.0825148   1.3529279 ]
[-0.45709223  0.8177763   0.31868514  0.85952234  1.6182375   0.20933776
 -0.85044307 -0.40042716 -0.17724586 -1.7360405   0.8616581  -0.4855113
 -0.5493902   0.6934514  -2.0825148   1.3529279 ]
[-0.45709223  0.8177763   0.31868514  0.85952234  1.6182375   0.20933776
 -0.85044307 -0.40042716 -0.17724586 -1.7360405   0.8616581  -0.4855113
 -0.5493902   0.6934514  -2.0825148   1.3529279 ]
[-0.45709223  0.8177763   0.31868514  0.85952234  1.6182375   0.20933776
 -0.85044307 -0.40042716 -0.17724586 -1.7360405   0.8616581  -0.4855113
 -0.5493902   0.6934514  -2.0825148   1.3529279 ]
[-0.45709223  0.8177763   0.31868514  0.85952234  1.6182375   0.20933776
 -0.85044307 -0.40042716 -0.17724586 -1.7360405   0.8616581  -0.4855113
 -0.5493902   0.6934514  -2.0825148   1.3529279 ]
[-0.48677674  0.79352957  0.3223999   0.89297694  1.6039385   0.22690907
 -0.8578601  -0.37761647 -0.1638178  -1.733628    0.8313006  -0.4537499
 -0.5271038   0.71418965 -2.1037424   1.3101361 ]
[-0.48677674  0.79352957  0.3223999   0.89297694  1.6039385   0.22690907
 -0.8578601  -0.37761647 -0.1638178  -1.733628    0.8313006  -0.4537499
 -0.5271038   0.71418965 -2.1037424   1.3101361 ]
[-0.48677674  0.79352957  0.3223999   0.89297694  1.6039385   0.22690907
 -0.8578601  -0.37761647 -0.1638178  -1.733628    0.8313006  -0.4537499
 -0.5271038   0.71418965 -2.1037424   1.3101361 ]
[-0.48677674  0.79352957  0.3223999   0.89297694  1.6039385   0.22690907
 -0.8578601  -0.37761647 -0.1638178  -1.733628    0.8313006  -0.4537499
 -0.5271038   0.71418965 -2.1037424   1.3101361 ]
[-0.48677674  0.79352957  0.3223999   0.89297694  1.6039385   0.22690907
 -0.8578601  -0.37761647 -0.1638178  -1.733628    0.8313006  -0.4537499
 -0.5271038   0.71418965 -2.1037424   1.3101361 ]
[-0.48850805  0.77468336  0.3314704   0.89628756  1.6048943   0.24269398
 -0.87311363 -0.37698418 -0.17686911 -1.7278967   0.8142897  -0.4226571
 -0.49679103  0.71933687 -2.1059077   1.2745438 ]
[-0.48850805  0.77468336  0.3314704   0.89628756  1.6048943   0.24269398
 -0.87311363 -0.37698418 -0.17686911 -1.7278967   0.8142897  -0.4226571
 -0.49679103  0.71933687 -2.1059077   1.2745438 ]
[-0.48850805  0.77468336  0.3314704   0.89628756  1.6048943   0.24269398
 -0.87311363 -0.37698418 -0.17686911 -1.7278967   0.8142897  -0.4226571
 -0.49679103  0.71933687 -2.1059077   1.2745438 ]
[-0.48850805  0.77468336  0.3314704   0.89628756  1.6048943   0.24269398
 -0.87311363 -0.37698418 -0.17686911 -1.7278967   0.8142897  -0.4226571
 -0.49679103  0.71933687 -2.1059077   1.2745438 ]
[-0.4750834   0.7663202   0.3516393   0.90226805  1.607137    0.2461735
 -0.86835957 -0.37606254 -0.18495603 -1.7183079   0.79531896 -0.40339762
 -0.50303346  0.7137958  -2.1175516   1.2526541 ]
[-0.4750834   0.7663202   0.3516393   0.90226805  1.607137    0.2461735
 -0.86835957 -0.37606254 -0.18495603 -1.7183079   0.79531896 -0.40339762
 -0.50303346  0.7137958  -2.1175516   1.2526541 ]
[-0.4750834   0.7663202   0.3516393   0.90226805  1.607137    0.2461735
 -0.86835957 -0.37606254 -0.18495603 -1.7183079   0.79531896 -0.40339762
 -0.50303346  0.7137958  -2.1175516   1.2526541 ]
[-0.4750834   0.7663202   0.3516393   0.90226805  1.607137    0.2461735
 -0.86835957 -0.37606254 -0.18495603 -1.7183079   0.79531896 -0.40339762
 -0.50303346  0.7137958  -2.1175516   1.2526541 ]
[-0.5825654   0.7483524   0.36759782  0.9147867   1.6190846   0.28969964
 -0.9154401  -0.3370459  -0.13171728 -1.6947095   0.7597748  -0.3736462
 -0.50333863  0.70600045 -2.0946581   1.2153    ]
[-0.5825654   0.7483524   0.36759782  0.9147867   1.6190846   0.28969964
 -0.9154401  -0.3370459  -0.13171728 -1.6947095   0.7597748  -0.3736462
 -0.50333863  0.70600045 -2.0946581   1.2153    ]
[-0.5825654   0.7483524   0.36759782  0.9147867   1.6190846   0.28969964
 -0.9154401  -0.3370459  -0.13171728 -1.6947095   0.7597748  -0.3736462
 -0.50333863  0.70600045 -2.0946581   1.2153    ]
[-0.5825654   0.7483524   0.36759782  0.9147867   1.6190846   0.28969964
 -0.9154401  -0.3370459  -0.13171728 -1.6947095   0.7597748  -0.3736462
 -0.50333863  0.70600045 -2.0946581   1.2153    ]
[-0.5583159   0.81177837  0.34277907  0.83561677  1.6190275   0.26390782
 -0.9322697  -0.3488397  -0.1447562  -1.719701    0.82478464 -0.4270464
 -0.5190078   0.68810475 -2.0482695   1.303489  ]
[-0.5583159   0.81177837  0.34277907  0.83561677  1.6190275   0.26390782
 -0.9322697  -0.3488397  -0.1447562  -1.719701    0.82478464 -0.4270464
 -0.5190078   0.68810475 -2.0482695   1.303489  ]
[-0.5583159   0.81177837  0.34277907  0.83561677  1.6190275   0.26390782
 -0.9322697  -0.3488397  -0.1447562  -1.719701    0.82478464 -0.4270464
 -0.5190078   0.68810475 -2.0482695   1.303489  ]
[-0.5583159   0.81177837  0.34277907  0.83561677  1.6190275   0.26390782
 -0.9322697  -0.3488397  -0.1447562  -1.719701    0.82478464 -0.4270464
 -0.5190078   0.68810475 -2.0482695   1.303489  ]
[-0.5583159   0.81177837  0.34277907  0.83561677  1.6190275   0.26390782
 -0.9322697  -0.3488397  -0.1447562  -1.719701    0.82478464 -0.4270464
 -0.5190078   0.68810475 -2.0482695   1.303489  ]
[-0.45377302  0.79248434  0.30586675  0.8655077   1.6379019   0.19584481
 -0.8564683  -0.3935531  -0.19672298 -1.7408278   0.8474742  -0.49796915
 -0.49168476  0.7059225  -2.0859108   1.358968  ]
[-0.45377302  0.79248434  0.30586675  0.8655077   1.6379019   0.19584481
 -0.8564683  -0.3935531  -0.19672298 -1.7408278   0.8474742  -0.49796915
 -0.49168476  0.7059225  -2.0859108   1.358968  ]
[-0.45377302  0.79248434  0.30586675  0.8655077   1.6379019   0.19584481
 -0.8564683  -0.3935531  -0.19672298 -1.7408278   0.8474742  -0.49796915
 -0.49168476  0.7059225  -2.0859108   1.358968  ]
[-0.45377302  0.79248434  0.30586675  0.8655077   1.6379019   0.19584481
 -0.8564683  -0.3935531  -0.19672298 -1.7408278   0.8474742  -0.49796915
 -0.49168476  0.7059225  -2.0859108   1.358968  ]
[-0.45377302  0.79248434  0.30586675  0.8655077   1.6379019   0.19584481
 -0.8564683  -0.3935531  -0.19672298 -1.7408278   0.8474742  -0.49796915
 -0.49168476  0.7059225  -2.0859108   1.358968  ]
[-0.4732175   0.761987    0.3089599   0.908934    1.6318216   0.20096931
 -0.8471562  -0.3878296  -0.19707485 -1.7382511   0.82286185 -0.4800869
 -0.46917     0.735911   -2.1067986   1.3194659 ]
[-0.4732175   0.761987    0.3089599   0.908934    1.6318216   0.20096931
 -0.8471562  -0.3878296  -0.19707485 -1.7382511   0.82286185 -0.4800869
 -0.46917     0.735911   -2.1067986   1.3194659 ]
[-0.4732175   0.761987    0.3089599   0.908934    1.6318216   0.20096931
 -0.8471562  -0.3878296  -0.19707485 -1.7382511   0.82286185 -0.4800869
 -0.46917     0.735911   -2.1067986   1.3194659 ]
[-0.4732175   0.761987    0.3089599   0.908934    1.6318216   0.20096931
 -0.8471562  -0.3878296  -0.19707485 -1.7382511   0.82286185 -0.4800869
 -0.46917     0.735911   -2.1067986   1.3194659 ]
[-0.50917095  0.7602998   0.33029574  0.91706055  1.6131331   0.24190421
 -0.888021   -0.37718734 -0.18718223 -1.7373381   0.8029683  -0.42550206
 -0.4571703   0.72830975 -2.0966213   1.2737025 ]
[-0.50917095  0.7602998   0.33029574  0.91706055  1.6131331   0.24190421
 -0.888021   -0.37718734 -0.18718223 -1.7373381   0.8029683  -0.42550206
 -0.4571703   0.72830975 -2.0966213   1.2737025 ]
[-0.50917095  0.7602998   0.33029574  0.91706055  1.6131331   0.24190421
 -0.888021   -0.37718734 -0.18718223 -1.7373381   0.8029683  -0.42550206
 -0.4571703   0.72830975 -2.0966213   1.2737025 ]
[-0.50917095  0.7602998   0.33029574  0.91706055  1.6131331   0.24190421
 -0.888021   -0.37718734 -0.18718223 -1.7373381   0.8029683  -0.42550206
 -0.4571703   0.72830975 -2.0966213   1.2737025 ]
[-0.49630237  0.7257803   0.33762687  0.93526304  1.6348658   0.2384812
 -0.87333983 -0.40264574 -0.2296122  -1.726002    0.7986158  -0.43641773
 -0.43095246  0.75838363 -2.0961876   1.2506969 ]
[-0.49630237  0.7257803   0.33762687  0.93526304  1.6348658   0.2384812
 -0.87333983 -0.40264574 -0.2296122  -1.726002    0.7986158  -0.43641773
 -0.43095246  0.75838363 -2.0961876   1.2506969 ]
[-0.49630237  0.7257803   0.33762687  0.93526304  1.6348658   0.2384812
 -0.87333983 -0.40264574 -0.2296122  -1.726002    0.7986158  -0.43641773
 -0.43095246  0.75838363 -2.0961876   1.2506969 ]
[-0.49630237  0.7257803   0.33762687  0.93526304  1.6348658   0.2384812
 -0.87333983 -0.40264574 -0.2296122  -1.726002    0.7986158  -0.43641773
 -0.43095246  0.75838363 -2.0961876   1.2506969 ]
[-0.5992328   0.7204673   0.36388934  0.9546545   1.605718    0.2977407
 -0.91245764 -0.3385795  -0.13802636 -1.6908172   0.73910874 -0.3695236
 -0.48684558  0.7482503  -2.1084118   1.2008158 ]
[-0.5992328   0.7204673   0.36388934  0.9546545   1.605718    0.2977407
 -0.91245764 -0.3385795  -0.13802636 -1.6908172   0.73910874 -0.3695236
 -0.48684558  0.7482503  -2.1084118   1.2008158 ]
[-0.5992328   0.7204673   0.36388934  0.9546545   1.605718    0.2977407
 -0.91245764 -0.3385795  -0.13802636 -1.6908172   0.73910874 -0.3695236
 -0.48684558  0.7482503  -2.1084118   1.2008158 ]
[-0.5992328   0.7204673   0.36388934  0.9546545   1.605718    0.2977407
 -0.91245764 -0.3385795  -0.13802636 -1.6908172   0.73910874 -0.3695236
 -0.48684558  0.7482503  -2.1084118   1.2008158 ]
[-0.5992328   0.7204673   0.36388934  0.9546545   1.605718    0.2977407
 -0.91245764 -0.3385795  -0.13802636 -1.6908172   0.73910874 -0.3695236
 -0.48684558  0.7482503  -2.1084118   1.2008158 ]
[-0.5736598   0.74761015  0.3471254   0.91727144  1.6032503   0.27088693
 -0.88530463 -0.3548553  -0.15143049 -1.700358    0.7748431  -0.414154
 -0.49378425  0.76268893 -2.1084232   1.2468047 ]
[-0.5736598   0.74761015  0.3471254   0.91727144  1.6032503   0.27088693
 -0.88530463 -0.3548553  -0.15143049 -1.700358    0.7748431  -0.414154
 -0.49378425  0.76268893 -2.1084232   1.2468047 ]
[-0.5736598   0.74761015  0.3471254   0.91727144  1.6032503   0.27088693
 -0.88530463 -0.3548553  -0.15143049 -1.700358    0.7748431  -0.414154
 -0.49378425  0.76268893 -2.1084232   1.2468047 ]
[-0.5736598   0.74761015  0.3471254   0.91727144  1.6032503   0.27088693
 -0.88530463 -0.3548553  -0.15143049 -1.700358    0.7748431  -0.414154
 -0.49378425  0.76268893 -2.1084232   1.2468047 ]
[-0.5736598   0.74761015  0.3471254   0.91727144  1.6032503   0.27088693
 -0.88530463 -0.3548553  -0.15143049 -1.700358    0.7748431  -0.414154
 -0.49378425  0.76268893 -2.1084232   1.2468047 ]
[-0.48600358  0.7804001   0.34890074  0.88710326  1.6108719   0.22254197
 -0.8565184  -0.4049131  -0.2055358  -1.7372917   0.83759844 -0.4748571
 -0.49832028  0.73042905 -2.084971    1.321467  ]
[-0.48600358  0.7804001   0.34890074  0.88710326  1.6108719   0.22254197
 -0.8565184  -0.4049131  -0.2055358  -1.7372917   0.83759844 -0.4748571
 -0.49832028  0.73042905 -2.084971    1.321467  ]
[-0.48600358  0.7804001   0.34890074  0.88710326  1.6108719   0.22254197
 -0.8565184  -0.4049131  -0.2055358  -1.7372917   0.83759844 -0.4748571
 -0.49832028  0.73042905 -2.084971    1.321467  ]
[-0.48600358  0.7804001   0.34890074  0.88710326  1.6108719   0.22254197
 -0.8565184  -0.4049131  -0.2055358  -1.7372917   0.83759844 -0.4748571
 -0.49832028  0.73042905 -2.084971    1.321467  ]
[-0.5750327   0.75454926  0.33175683  0.935583    1.5993681   0.272061
 -0.88143617 -0.35183766 -0.12916985 -1.7024171   0.7888074  -0.40620622
 -0.5297897   0.73019177 -2.1097171   1.2622799 ]
[-0.5750327   0.75454926  0.33175683  0.935583    1.5993681   0.272061
 -0.88143617 -0.35183766 -0.12916985 -1.7024171   0.7888074  -0.40620622
 -0.5297897   0.73019177 -2.1097171   1.2622799 ]
[-0.5750327   0.75454926  0.33175683  0.935583    1.5993681   0.272061
 -0.88143617 -0.35183766 -0.12916985 -1.7024171   0.7888074  -0.40620622
 -0.5297897   0.73019177 -2.1097171   1.2622799 ]
[-0.5750327   0.75454926  0.33175683  0.935583    1.5993681   0.272061
 -0.88143617 -0.35183766 -0.12916985 -1.7024171   0.7888074  -0.40620622
 -0.5297897   0.73019177 -2.1097171   1.2622799 ]
[-0.50116456  0.76768434  0.3305351   0.91599065  1.5992193   0.23549464
 -0.8663057  -0.3741666  -0.18972692 -1.7299111   0.8063496  -0.44165692
 -0.48766702  0.73855144 -2.1030896   1.2899679 ]
[-0.50116456  0.76768434  0.3305351   0.91599065  1.5992193   0.23549464
 -0.8663057  -0.3741666  -0.18972692 -1.7299111   0.8063496  -0.44165692
 -0.48766702  0.73855144 -2.1030896   1.2899679 ]
[-0.50116456  0.76768434  0.3305351   0.91599065  1.5992193   0.23549464
 -0.8663057  -0.3741666  -0.18972692 -1.7299111   0.8063496  -0.44165692
 -0.48766702  0.73855144 -2.1030896   1.2899679 ]
[-0.50116456  0.76768434  0.3305351   0.91599065  1.5992193   0.23549464
 -0.8663057  -0.3741666  -0.18972692 -1.7299111   0.8063496  -0.44165692
 -0.48766702  0.73855144 -2.1030896   1.2899679 ]
[-0.50116456  0.76768434  0.3305351   0.91599065  1.5992193   0.23549464
 -0.8663057  -0.3741666  -0.18972692 -1.7299111   0.8063496  -0.44165692
 -0.48766702  0.73855144 -2.1030896   1.2899679 ]
[-0.52212125  0.721682    0.34678918  0.96062994  1.6060178   0.2556375
 -0.8777903  -0.36606652 -0.19172476 -1.7138199   0.7621592  -0.39587522
 -0.46072873  0.753081   -2.1211007   1.2307811 ]
[-0.52212125  0.721682    0.34678918  0.96062994  1.6060178   0.2556375
 -0.8777903  -0.36606652 -0.19172476 -1.7138199   0.7621592  -0.39587522
 -0.46072873  0.753081   -2.1211007   1.2307811 ]
[-0.52212125  0.721682    0.34678918  0.96062994  1.6060178   0.2556375
 -0.8777903  -0.36606652 -0.19172476 -1.7138199   0.7621592  -0.39587522
 -0.46072873  0.753081   -2.1211007   1.2307811 ]
[-0.52212125  0.721682    0.34678918  0.96062994  1.6060178   0.2556375
 -0.8777903  -0.36606652 -0.19172476 -1.7138199   0.7621592  -0.39587522
 -0.46072873  0.753081   -2.1211007   1.2307811 ]
[-0.60233295  0.69463766  0.35629454  0.99819106  1.6020052   0.29653344
 -0.90476245 -0.3178528  -0.13276997 -1.6735022   0.7014367  -0.36091655
 -0.48547974  0.75176775 -2.1248422   1.1881659 ]
[-0.60233295  0.69463766  0.35629454  0.99819106  1.6020052   0.29653344
 -0.90476245 -0.3178528  -0.13276997 -1.6735022   0.7014367  -0.36091655
 -0.48547974  0.75176775 -2.1248422   1.1881659 ]
[-0.60233295  0.69463766  0.35629454  0.99819106  1.6020052   0.29653344
 -0.90476245 -0.3178528  -0.13276997 -1.6735022   0.7014367  -0.36091655
 -0.48547974  0.75176775 -2.1248422   1.1881659 ]
[-0.60233295  0.69463766  0.35629454  0.99819106  1.6020052   0.29653344
 -0.90476245 -0.3178528  -0.13276997 -1.6735022   0.7014367  -0.36091655
 -0.48547974  0.75176775 -2.1248422   1.1881659 ]
[-0.5818666   0.7384303   0.35923463  0.9563786   1.5775793   0.27534205
 -0.8656441  -0.334992   -0.13711026 -1.6805956   0.74048585 -0.397204
 -0.52082527  0.77448004 -2.1386867   1.2227004 ]
[-0.5818666   0.7384303   0.35923463  0.9563786   1.5775793   0.27534205
 -0.8656441  -0.334992   -0.13711026 -1.6805956   0.74048585 -0.397204
 -0.52082527  0.77448004 -2.1386867   1.2227004 ]
[-0.5818666   0.7384303   0.35923463  0.9563786   1.5775793   0.27534205
 -0.8656441  -0.334992   -0.13711026 -1.6805956   0.74048585 -0.397204
 -0.52082527  0.77448004 -2.1386867   1.2227004 ]
[-0.5818666   0.7384303   0.35923463  0.9563786   1.5775793   0.27534205
 -0.8656441  -0.334992   -0.13711026 -1.6805956   0.74048585 -0.397204
 -0.52082527  0.77448004 -2.1386867   1.2227004 ]
[-0.5818666   0.7384303   0.35923463  0.9563786   1.5775793   0.27534205
 -0.8656441  -0.334992   -0.13711026 -1.6805956   0.74048585 -0.397204
 -0.52082527  0.77448004 -2.1386867   1.2227004 ]
[-0.57008535  0.79051954  0.35422412  0.8908849   1.596725    0.27635342
 -0.89686763 -0.3550489  -0.12293941 -1.7008913   0.8111614  -0.41451818
 -0.55638134  0.7106706  -2.0931742   1.2687247 ]
[-0.57008535  0.79051954  0.35422412  0.8908849   1.596725    0.27635342
 -0.89686763 -0.3550489  -0.12293941 -1.7008913   0.8111614  -0.41451818
 -0.55638134  0.7106706  -2.0931742   1.2687247 ]
[-0.57008535  0.79051954  0.35422412  0.8908849   1.596725    0.27635342
 -0.89686763 -0.3550489  -0.12293941 -1.7008913   0.8111614  -0.41451818
 -0.55638134  0.7106706  -2.0931742   1.2687247 ]
[-0.57008535  0.79051954  0.35422412  0.8908849   1.596725    0.27635342
 -0.89686763 -0.3550489  -0.12293941 -1.7008913   0.8111614  -0.41451818
 -0.55638134  0.7106706  -2.0931742   1.2687247 ]
[-0.57008535  0.79051954  0.35422412  0.8908849   1.596725    0.27635342
 -0.89686763 -0.3550489  -0.12293941 -1.7008913   0.8111614  -0.41451818
 -0.55638134  0.7106706  -2.0931742   1.2687247 ]
[-0.47889572  0.79395986  0.33490855  0.8926231   1.605237    0.23155692
 -0.85853755 -0.3906286  -0.1711329  -1.7155167   0.8388583  -0.4525315
 -0.5602069   0.7068365  -2.1005282   1.3150024 ]
[-0.47889572  0.79395986  0.33490855  0.8926231   1.605237    0.23155692
 -0.85853755 -0.3906286  -0.1711329  -1.7155167   0.8388583  -0.4525315
 -0.5602069   0.7068365  -2.1005282   1.3150024 ]
[-0.47889572  0.79395986  0.33490855  0.8926231   1.605237    0.23155692
 -0.85853755 -0.3906286  -0.1711329  -1.7155167   0.8388583  -0.4525315
 -0.5602069   0.7068365  -2.1005282   1.3150024 ]
[-0.47889572  0.79395986  0.33490855  0.8926231   1.605237    0.23155692
 -0.85853755 -0.3906286  -0.1711329  -1.7155167   0.8388583  -0.4525315
 -0.5602069   0.7068365  -2.1005282   1.3150024 ]
[-0.47889572  0.79395986  0.33490855  0.8926231   1.605237    0.23155692
 -0.85853755 -0.3906286  -0.1711329  -1.7155167   0.8388583  -0.4525315
 -0.5602069   0.7068365  -2.1005282   1.3150024 ]
[-0.5535808   0.7708663   0.31664535  0.93100387  1.5898575   0.26634234
 -0.87971437 -0.34469187 -0.12173233 -1.7011616   0.79136074 -0.3945294
 -0.5436493   0.72380245 -2.1204526   1.2588936 ]
[-0.5535808   0.7708663   0.31664535  0.93100387  1.5898575   0.26634234
 -0.87971437 -0.34469187 -0.12173233 -1.7011616   0.79136074 -0.3945294
 -0.5436493   0.72380245 -2.1204526   1.2588936 ]
[-0.5535808   0.7708663   0.31664535  0.93100387  1.5898575   0.26634234
 -0.87971437 -0.34469187 -0.12173233 -1.7011616   0.79136074 -0.3945294
 -0.5436493   0.72380245 -2.1204526   1.2588936 ]
[-0.5535808   0.7708663   0.31664535  0.93100387  1.5898575   0.26634234
 -0.87971437 -0.34469187 -0.12173233 -1.7011616   0.79136074 -0.3945294
 -0.5436493   0.72380245 -2.1204526   1.2588936 ]
[-0.48558578  0.74785197  0.32882333  0.93578017  1.6131861   0.23106697
 -0.84857    -0.37614316 -0.18174821 -1.7267138   0.79166305 -0.42733926
 -0.4681766   0.7327243  -2.1340663   1.2558894 ]
[-0.48558578  0.74785197  0.32882333  0.93578017  1.6131861   0.23106697
 -0.84857    -0.37614316 -0.18174821 -1.7267138   0.79166305 -0.42733926
 -0.4681766   0.7327243  -2.1340663   1.2558894 ]
[-0.48558578  0.74785197  0.32882333  0.93578017  1.6131861   0.23106697
 -0.84857    -0.37614316 -0.18174821 -1.7267138   0.79166305 -0.42733926
 -0.4681766   0.7327243  -2.1340663   1.2558894 ]
[-0.48558578  0.74785197  0.32882333  0.93578017  1.6131861   0.23106697
 -0.84857    -0.37614316 -0.18174821 -1.7267138   0.79166305 -0.42733926
 -0.4681766   0.7327243  -2.1340663   1.2558894 ]
[-0.48016596  0.7731441   0.3455466   0.8962698   1.6162825   0.2429452
 -0.8603445  -0.3922537  -0.20612712 -1.7160393   0.819826   -0.43032536
 -0.50328577  0.72408897 -2.103192    1.2624991 ]
[-0.48016596  0.7731441   0.3455466   0.8962698   1.6162825   0.2429452
 -0.8603445  -0.3922537  -0.20612712 -1.7160393   0.819826   -0.43032536
 -0.50328577  0.72408897 -2.103192    1.2624991 ]
[-0.48016596  0.7731441   0.3455466   0.8962698   1.6162825   0.2429452
 -0.8603445  -0.3922537  -0.20612712 -1.7160393   0.819826   -0.43032536
 -0.50328577  0.72408897 -2.103192    1.2624991 ]
[-0.48016596  0.7731441   0.3455466   0.8962698   1.6162825   0.2429452
 -0.8603445  -0.3922537  -0.20612712 -1.7160393   0.819826   -0.43032536
 -0.50328577  0.72408897 -2.103192    1.2624991 ]
[-0.48016596  0.7731441   0.3455466   0.8962698   1.6162825   0.2429452
 -0.8603445  -0.3922537  -0.20612712 -1.7160393   0.819826   -0.43032536
 -0.50328577  0.72408897 -2.103192    1.2624991 ]
[-0.5835777   0.75997674  0.36441135  0.92162627  1.6035427   0.28793654
 -0.90501195 -0.33309808 -0.11526443 -1.6879151   0.76198685 -0.37445626
 -0.5388133   0.70757896 -2.1063046   1.2253354 ]
[-0.5835777   0.75997674  0.36441135  0.92162627  1.6035427   0.28793654
 -0.90501195 -0.33309808 -0.11526443 -1.6879151   0.76198685 -0.37445626
 -0.5388133   0.70757896 -2.1063046   1.2253354 ]
[-0.5835777   0.75997674  0.36441135  0.92162627  1.6035427   0.28793654
 -0.90501195 -0.33309808 -0.11526443 -1.6879151   0.76198685 -0.37445626
 -0.5388133   0.70757896 -2.1063046   1.2253354 ]
[-0.5835777   0.75997674  0.36441135  0.92162627  1.6035427   0.28793654
 -0.90501195 -0.33309808 -0.11526443 -1.6879151   0.76198685 -0.37445626
 -0.5388133   0.70757896 -2.1063046   1.2253354 ]
[-0.5597135   0.809962    0.3396513   0.8611361   1.5981009   0.25985608
 -0.900924   -0.34043747 -0.12185649 -1.7008541   0.81703866 -0.42224422
 -0.5632895   0.7008599  -2.0833123   1.2969258 ]
[-0.5597135   0.809962    0.3396513   0.8611361   1.5981009   0.25985608
 -0.900924   -0.34043747 -0.12185649 -1.7008541   0.81703866 -0.42224422
 -0.5632895   0.7008599  -2.0833123   1.2969258 ]
[-0.5597135   0.809962    0.3396513   0.8611361   1.5981009   0.25985608
 -0.900924   -0.34043747 -0.12185649 -1.7008541   0.81703866 -0.42224422
 -0.5632895   0.7008599  -2.0833123   1.2969258 ]
[-0.5597135   0.809962    0.3396513   0.8611361   1.5981009   0.25985608
 -0.900924   -0.34043747 -0.12185649 -1.7008541   0.81703866 -0.42224422
 -0.5632895   0.7008599  -2.0833123   1.2969258 ]
[-0.44972157  0.7990074   0.30830997  0.8685287   1.6288548   0.20213354
 -0.85176575 -0.39083046 -0.17637579 -1.7299658   0.8534795  -0.4812203
 -0.53953105  0.6966721  -2.093011    1.3480656 ]
[-0.44972157  0.7990074   0.30830997  0.8685287   1.6288548   0.20213354
 -0.85176575 -0.39083046 -0.17637579 -1.7299658   0.8534795  -0.4812203
 -0.53953105  0.6966721  -2.093011    1.3480656 ]
[-0.44972157  0.7990074   0.30830997  0.8685287   1.6288548   0.20213354
 -0.85176575 -0.39083046 -0.17637579 -1.7299658   0.8534795  -0.4812203
 -0.53953105  0.6966721  -2.093011    1.3480656 ]
[-0.44972157  0.7990074   0.30830997  0.8685287   1.6288548   0.20213354
 -0.85176575 -0.39083046 -0.17637579 -1.7299658   0.8534795  -0.4812203
 -0.53953105  0.6966721  -2.093011    1.3480656 ]
[-0.44972157  0.7990074   0.30830997  0.8685287   1.6288548   0.20213354
 -0.85176575 -0.39083046 -0.17637579 -1.7299658   0.8534795  -0.4812203
 -0.53953105  0.6966721  -2.093011    1.3480656 ]
[-0.48177433  0.7781727   0.317293    0.9066078   1.6128165   0.21787854
 -0.8567082  -0.3736137  -0.16486804 -1.7330844   0.82299125 -0.45293218
 -0.5089158   0.7161673  -2.1127212   1.303448  ]
[-0.48177433  0.7781727   0.317293    0.9066078   1.6128165   0.21787854
 -0.8567082  -0.3736137  -0.16486804 -1.7330844   0.82299125 -0.45293218
 -0.5089158   0.7161673  -2.1127212   1.303448  ]
[-0.48177433  0.7781727   0.317293    0.9066078   1.6128165   0.21787854
 -0.8567082  -0.3736137  -0.16486804 -1.7330844   0.82299125 -0.45293218
 -0.5089158   0.7161673  -2.1127212   1.303448  ]
[-0.48177433  0.7781727   0.317293    0.9066078   1.6128165   0.21787854
 -0.8567082  -0.3736137  -0.16486804 -1.7330844   0.82299125 -0.45293218
 -0.5089158   0.7161673  -2.1127212   1.303448  ]
[-0.495572    0.7808174   0.32775038  0.89508325  1.6178284   0.24552587
 -0.87877655 -0.3883787  -0.18310541 -1.7293638   0.8282944  -0.43295258
 -0.48486203  0.718521   -2.0986426   1.2671087 ]
[-0.495572    0.7808174   0.32775038  0.89508325  1.6178284   0.24552587
 -0.87877655 -0.3883787  -0.18310541 -1.7293638   0.8282944  -0.43295258
 -0.48486203  0.718521   -2.0986426   1.2671087 ]
[-0.495572    0.7808174   0.32775038  0.89508325  1.6178284   0.24552587
 -0.87877655 -0.3883787  -0.18310541 -1.7293638   0.8282944  -0.43295258
 -0.48486203  0.718521   -2.0986426   1.2671087 ]
[-0.495572    0.7808174   0.32775038  0.89508325  1.6178284   0.24552587
 -0.87877655 -0.3883787  -0.18310541 -1.7293638   0.8282944  -0.43295258
 -0.48486203  0.718521   -2.0986426   1.2671087 ]
[-0.495572    0.7808174   0.32775038  0.89508325  1.6178284   0.24552587
 -0.87877655 -0.3883787  -0.18310541 -1.7293638   0.8282944  -0.43295258
 -0.48486203  0.718521   -2.0986426   1.2671087 ]
[-0.4745625   0.77961314  0.34248304  0.88470715  1.6242869   0.24922487
 -0.8763264  -0.40049857 -0.20623627 -1.7166561   0.8299745  -0.43072835
 -0.5057484   0.72154486 -2.0942783   1.2622068 ]
[-0.4745625   0.77961314  0.34248304  0.88470715  1.6242869   0.24922487
 -0.8763264  -0.40049857 -0.20623627 -1.7166561   0.8299745  -0.43072835
 -0.5057484   0.72154486 -2.0942783   1.2622068 ]
[-0.4745625   0.77961314  0.34248304  0.88470715  1.6242869   0.24922487
 -0.8763264  -0.40049857 -0.20623627 -1.7166561   0.8299745  -0.43072835
 -0.5057484   0.72154486 -2.0942783   1.2622068 ]
[-0.4745625   0.77961314  0.34248304  0.88470715  1.6242869   0.24922487
 -0.8763264  -0.40049857 -0.20623627 -1.7166561   0.8299745  -0.43072835
 -0.5057484   0.72154486 -2.0942783   1.2622068 ]
[-0.4745625   0.77961314  0.34248304  0.88470715  1.6242869   0.24922487
 -0.8763264  -0.40049857 -0.20623627 -1.7166561   0.8299745  -0.43072835
 -0.5057484   0.72154486 -2.0942783   1.2622068 ]
[-0.5696516   0.766792    0.36387935  0.90733784  1.6093178   0.28905234
 -0.9115099  -0.3407868  -0.11986373 -1.6917543   0.7703431  -0.37521556
 -0.5409237   0.7072687  -2.1054516   1.2292905 ]
[-0.5696516   0.766792    0.36387935  0.90733784  1.6093178   0.28905234
 -0.9115099  -0.3407868  -0.11986373 -1.6917543   0.7703431  -0.37521556
 -0.5409237   0.7072687  -2.1054516   1.2292905 ]
[-0.5696516   0.766792    0.36387935  0.90733784  1.6093178   0.28905234
 -0.9115099  -0.3407868  -0.11986373 -1.6917543   0.7703431  -0.37521556
 -0.5409237   0.7072687  -2.1054516   1.2292905 ]
[-0.5696516   0.766792    0.36387935  0.90733784  1.6093178   0.28905234
 -0.9115099  -0.3407868  -0.11986373 -1.6917543   0.7703431  -0.37521556
 -0.5409237   0.7072687  -2.1054516   1.2292905 ]
[-0.5696516   0.766792    0.36387935  0.90733784  1.6093178   0.28905234
 -0.9115099  -0.3407868  -0.11986373 -1.6917543   0.7703431  -0.37521556
 -0.5409237   0.7072687  -2.1054516   1.2292905 ]
[-0.54534984  0.79296625  0.33923024  0.8694812   1.6184486   0.2626508
 -0.8998493  -0.3486305  -0.12957063 -1.7012701   0.81056297 -0.41896003
 -0.5520119   0.6949995  -2.092213    1.2899688 ]
[-0.54534984  0.79296625  0.33923024  0.8694812   1.6184486   0.2626508
 -0.8998493  -0.3486305  -0.12957063 -1.7012701   0.81056297 -0.41896003
 -0.5520119   0.6949995  -2.092213    1.2899688 ]
[-0.54534984  0.79296625  0.33923024  0.8694812   1.6184486   0.2626508
 -0.8998493  -0.3486305  -0.12957063 -1.7012701   0.81056297 -0.41896003
 -0.5520119   0.6949995  -2.092213    1.2899688 ]
[-0.54534984  0.79296625  0.33923024  0.8694812   1.6184486   0.2626508
 -0.8998493  -0.3486305  -0.12957063 -1.7012701   0.81056297 -0.41896003
 -0.5520119   0.6949995  -2.092213    1.2899688 ]
[-0.54534984  0.79296625  0.33923024  0.8694812   1.6184486   0.2626508
 -0.8998493  -0.3486305  -0.12957063 -1.7012701   0.81056297 -0.41896003
 -0.5520119   0.6949995  -2.092213    1.2899688 ]
[-0.44217628  0.78416294  0.31467292  0.8720509   1.6387504   0.20339581
 -0.84652054 -0.3904099  -0.19145942 -1.7273029   0.83770275 -0.4818384
 -0.52261555  0.69588745 -2.0975192   1.3456386 ]
[-0.44217628  0.78416294  0.31467292  0.8720509   1.6387504   0.20339581
 -0.84652054 -0.3904099  -0.19145942 -1.7273029   0.83770275 -0.4818384
 -0.52261555  0.69588745 -2.0975192   1.3456386 ]
[-0.44217628  0.78416294  0.31467292  0.8720509   1.6387504   0.20339581
 -0.84652054 -0.3904099  -0.19145942 -1.7273029   0.83770275 -0.4818384
 -0.52261555  0.69588745 -2.0975192   1.3456386 ]
[-0.44217628  0.78416294  0.31467292  0.8720509   1.6387504   0.20339581
 -0.84652054 -0.3904099  -0.19145942 -1.7273029   0.83770275 -0.4818384
 -0.52261555  0.69588745 -2.0975192   1.3456386 ]
[-0.47422266  0.76466143  0.31875435  0.9081151   1.6208376   0.21377122
 -0.85091335 -0.37058327 -0.18361576 -1.7289736   0.80925834 -0.45965967
 -0.49293184  0.72021425 -2.1141798   1.3104267 ]
[-0.47422266  0.76466143  0.31875435  0.9081151   1.6208376   0.21377122
 -0.85091335 -0.37058327 -0.18361576 -1.7289736   0.80925834 -0.45965967
 -0.49293184  0.72021425 -2.1141798   1.3104267 ]
[-0.47422266  0.76466143  0.31875435  0.9081151   1.6208376   0.21377122
 -0.85091335 -0.37058327 -0.18361576 -1.7289736   0.80925834 -0.45965967
 -0.49293184  0.72021425 -2.1141798   1.3104267 ]
[-0.47422266  0.76466143  0.31875435  0.9081151   1.6208376   0.21377122
 -0.85091335 -0.37058327 -0.18361576 -1.7289736   0.80925834 -0.45965967
 -0.49293184  0.72021425 -2.1141798   1.3104267 ]
[-0.47422266  0.76466143  0.31875435  0.9081151   1.6208376   0.21377122
 -0.85091335 -0.37058327 -0.18361576 -1.7289736   0.80925834 -0.45965967
 -0.49293184  0.72021425 -2.1141798   1.3104267 ]
[-0.4931683   0.7554985   0.33243647  0.917676    1.6189384   0.24367762
 -0.8698465  -0.37624145 -0.19406714 -1.727142    0.7935333  -0.42385736
 -0.45933872  0.7198952  -2.1106124   1.2616224 ]
[-0.4931683   0.7554985   0.33243647  0.917676    1.6189384   0.24367762
 -0.8698465  -0.37624145 -0.19406714 -1.727142    0.7935333  -0.42385736
 -0.45933872  0.7198952  -2.1106124   1.2616224 ]
[-0.4931683   0.7554985   0.33243647  0.917676    1.6189384   0.24367762
 -0.8698465  -0.37624145 -0.19406714 -1.727142    0.7935333  -0.42385736
 -0.45933872  0.7198952  -2.1106124   1.2616224 ]
[-0.4931683   0.7554985   0.33243647  0.917676    1.6189384   0.24367762
 -0.8698465  -0.37624145 -0.19406714 -1.727142    0.7935333  -0.42385736
 -0.45933872  0.7198952  -2.1106124   1.2616224 ]
[-0.4931683   0.7554985   0.33243647  0.917676    1.6189384   0.24367762
 -0.8698465  -0.37624145 -0.19406714 -1.727142    0.7935333  -0.42385736
 -0.45933872  0.7198952  -2.1106124   1.2616224 ]
[-0.46757942  0.74968535  0.33574122  0.90104234  1.6432571   0.2421433
 -0.86340725 -0.3975489  -0.2323629  -1.7126878   0.80642205 -0.43158764
 -0.47248387  0.725336   -2.0973144   1.2602406 ]
[-0.46757942  0.74968535  0.33574122  0.90104234  1.6432571   0.2421433
 -0.86340725 -0.3975489  -0.2323629  -1.7126878   0.80642205 -0.43158764
 -0.47248387  0.725336   -2.0973144   1.2602406 ]
[-0.46757942  0.74968535  0.33574122  0.90104234  1.6432571   0.2421433
 -0.86340725 -0.3975489  -0.2323629  -1.7126878   0.80642205 -0.43158764
 -0.47248387  0.725336   -2.0973144   1.2602406 ]
[-0.46757942  0.74968535  0.33574122  0.90104234  1.6432571   0.2421433
 -0.86340725 -0.3975489  -0.2323629  -1.7126878   0.80642205 -0.43158764
 -0.47248387  0.725336   -2.0973144   1.2602406 ]
[-0.58070284  0.72197855  0.35617763  0.94054353  1.6322324   0.28801084
 -0.91515124 -0.32815287 -0.13804336 -1.6866171   0.7323955  -0.37155864
 -0.48416573  0.71358746 -2.105184    1.2121941 ]
[-0.58070284  0.72197855  0.35617763  0.94054353  1.6322324   0.28801084
 -0.91515124 -0.32815287 -0.13804336 -1.6866171   0.7323955  -0.37155864
 -0.48416573  0.71358746 -2.105184    1.2121941 ]
[-0.58070284  0.72197855  0.35617763  0.94054353  1.6322324   0.28801084
 -0.91515124 -0.32815287 -0.13804336 -1.6866171   0.7323955  -0.37155864
 -0.48416573  0.71358746 -2.105184    1.2121941 ]
[-0.58070284  0.72197855  0.35617763  0.94054353  1.6322324   0.28801084
 -0.91515124 -0.32815287 -0.13804336 -1.6866171   0.7323955  -0.37155864
 -0.48416573  0.71358746 -2.105184    1.2121941 ]
[-0.5578524   0.7715201   0.32871667  0.8845264   1.6212556   0.25747505
 -0.89657414 -0.33881542 -0.14347939 -1.6974723   0.7842873  -0.42693537
 -0.50844085  0.72520804 -2.0964043   1.2834703 ]
[-0.5578524   0.7715201   0.32871667  0.8845264   1.6212556   0.25747505
 -0.89657414 -0.33881542 -0.14347939 -1.6974723   0.7842873  -0.42693537
 -0.50844085  0.72520804 -2.0964043   1.2834703 ]
[-0.5578524   0.7715201   0.32871667  0.8845264   1.6212556   0.25747505
 -0.89657414 -0.33881542 -0.14347939 -1.6974723   0.7842873  -0.42693537
 -0.50844085  0.72520804 -2.0964043   1.2834703 ]
[-0.5578524   0.7715201   0.32871667  0.8845264   1.6212556   0.25747505
 -0.89657414 -0.33881542 -0.14347939 -1.6974723   0.7842873  -0.42693537
 -0.50844085  0.72520804 -2.0964043   1.2834703 ]
[-0.5578524   0.7715201   0.32871667  0.8845264   1.6212556   0.25747505
 -0.89657414 -0.33881542 -0.14347939 -1.6974723   0.7842873  -0.42693537
 -0.50844085  0.72520804 -2.0964043   1.2834703 ]
[-0.4519804   0.78475994  0.30783945  0.8698093   1.638965    0.19613096
 -0.8513382  -0.3924394  -0.19602239 -1.7376295   0.84266233 -0.4951137
 -0.49046963  0.70933783 -2.0936596   1.3518026 ]
[-0.4519804   0.78475994  0.30783945  0.8698093   1.638965    0.19613096
 -0.8513382  -0.3924394  -0.19602239 -1.7376295   0.84266233 -0.4951137
 -0.49046963  0.70933783 -2.0936596   1.3518026 ]
[-0.4519804   0.78475994  0.30783945  0.8698093   1.638965    0.19613096
 -0.8513382  -0.3924394  -0.19602239 -1.7376295   0.84266233 -0.4951137
 -0.49046963  0.70933783 -2.0936596   1.3518026 ]
[-0.4519804   0.78475994  0.30783945  0.8698093   1.638965    0.19613096
 -0.8513382  -0.3924394  -0.19602239 -1.7376295   0.84266233 -0.4951137
 -0.49046963  0.70933783 -2.0936596   1.3518026 ]
[-0.47125983  0.75489056  0.31384987  0.914587    1.6308864   0.2021709
 -0.8395978  -0.38942057 -0.1987873  -1.7362305   0.81948435 -0.47846118
 -0.46696615  0.73929393 -2.1133723   1.3097126 ]
[-0.47125983  0.75489056  0.31384987  0.914587    1.6308864   0.2021709
 -0.8395978  -0.38942057 -0.1987873  -1.7362305   0.81948435 -0.47846118
 -0.46696615  0.73929393 -2.1133723   1.3097126 ]
[-0.47125983  0.75489056  0.31384987  0.914587    1.6308864   0.2021709
 -0.8395978  -0.38942057 -0.1987873  -1.7362305   0.81948435 -0.47846118
 -0.46696615  0.73929393 -2.1133723   1.3097126 ]
[-0.47125983  0.75489056  0.31384987  0.914587    1.6308864   0.2021709
 -0.8395978  -0.38942057 -0.1987873  -1.7362305   0.81948435 -0.47846118
 -0.46696615  0.73929393 -2.1133723   1.3097126 ]
[-0.47125983  0.75489056  0.31384987  0.914587    1.6308864   0.2021709
 -0.8395978  -0.38942057 -0.1987873  -1.7362305   0.81948435 -0.47846118
 -0.46696615  0.73929393 -2.1133723   1.3097126 ]
[-0.5130542   0.7606841   0.33785635  0.91777295  1.6099617   0.24780488
 -0.8826914  -0.3800681  -0.1872053  -1.7346103   0.803846   -0.42431173
 -0.46036038  0.7280943  -2.0992434   1.2645063 ]
[-0.5130542   0.7606841   0.33785635  0.91777295  1.6099617   0.24780488
 -0.8826914  -0.3800681  -0.1872053  -1.7346103   0.803846   -0.42431173
 -0.46036038  0.7280943  -2.0992434   1.2645063 ]
[-0.5130542   0.7606841   0.33785635  0.91777295  1.6099617   0.24780488
 -0.8826914  -0.3800681  -0.1872053  -1.7346103   0.803846   -0.42431173
 -0.46036038  0.7280943  -2.0992434   1.2645063 ]
[-0.5130542   0.7606841   0.33785635  0.91777295  1.6099617   0.24780488
 -0.8826914  -0.3800681  -0.1872053  -1.7346103   0.803846   -0.42431173
 -0.46036038  0.7280943  -2.0992434   1.2645063 ]
[-0.505442    0.7450331   0.33991858  0.9190918   1.6268771   0.24742493
 -0.8808447  -0.39919204 -0.22239646 -1.7248465   0.81081283 -0.43233484
 -0.4473439   0.74846625 -2.088207    1.2513113 ]
[-0.505442    0.7450331   0.33991858  0.9190918   1.6268771   0.24742493
 -0.8808447  -0.39919204 -0.22239646 -1.7248465   0.81081283 -0.43233484
 -0.4473439   0.74846625 -2.088207    1.2513113 ]
[-0.505442    0.7450331   0.33991858  0.9190918   1.6268771   0.24742493
 -0.8808447  -0.39919204 -0.22239646 -1.7248465   0.81081283 -0.43233484
 -0.4473439   0.74846625 -2.088207    1.2513113 ]
[-0.505442    0.7450331   0.33991858  0.9190918   1.6268771   0.24742493
 -0.8808447  -0.39919204 -0.22239646 -1.7248465   0.81081283 -0.43233484
 -0.4473439   0.74846625 -2.088207    1.2513113 ]
[-0.505442    0.7450331   0.33991858  0.9190918   1.6268771   0.24742493
 -0.8808447  -0.39919204 -0.22239646 -1.7248465   0.81081283 -0.43233484
 -0.4473439   0.74846625 -2.088207    1.2513113 ]
[-0.6181063   0.71837157  0.36143202  0.9585169   1.6091416   0.2968554
 -0.91999465 -0.34073716 -0.13851477 -1.698357    0.748576   -0.3745016
 -0.463795    0.7526461  -2.1001554   1.1950037 ]
[-0.6181063   0.71837157  0.36143202  0.9585169   1.6091416   0.2968554
 -0.91999465 -0.34073716 -0.13851477 -1.698357    0.748576   -0.3745016
 -0.463795    0.7526461  -2.1001554   1.1950037 ]
[-0.6181063   0.71837157  0.36143202  0.9585169   1.6091416   0.2968554
 -0.91999465 -0.34073716 -0.13851477 -1.698357    0.748576   -0.3745016
 -0.463795    0.7526461  -2.1001554   1.1950037 ]
[-0.6181063   0.71837157  0.36143202  0.9585169   1.6091416   0.2968554
 -0.91999465 -0.34073716 -0.13851477 -1.698357    0.748576   -0.3745016
 -0.463795    0.7526461  -2.1001554   1.1950037 ]
[-0.6181063   0.71837157  0.36143202  0.9585169   1.6091416   0.2968554
 -0.91999465 -0.34073716 -0.13851477 -1.698357    0.748576   -0.3745016
 -0.463795    0.7526461  -2.1001554   1.1950037 ]
[-0.5855881   0.7568038   0.34895453  0.92261     1.5953697   0.2737716
 -0.88245946 -0.36015382 -0.14821456 -1.7010677   0.7806998  -0.41544682
 -0.49921337  0.7665266  -2.108845    1.2447    ]
[-0.5855881   0.7568038   0.34895453  0.92261     1.5953697   0.2737716
 -0.88245946 -0.36015382 -0.14821456 -1.7010677   0.7806998  -0.41544682
 -0.49921337  0.7665266  -2.108845    1.2447    ]
[-0.5855881   0.7568038   0.34895453  0.92261     1.5953697   0.2737716
 -0.88245946 -0.36015382 -0.14821456 -1.7010677   0.7806998  -0.41544682
 -0.49921337  0.7665266  -2.108845    1.2447    ]
[-0.5855881   0.7568038   0.34895453  0.92261     1.5953697   0.2737716
 -0.88245946 -0.36015382 -0.14821456 -1.7010677   0.7806998  -0.41544682
 -0.49921337  0.7665266  -2.108845    1.2447    ]
[-0.48860016  0.79264176  0.35160005  0.8838541   1.6011016   0.22674055
 -0.85009605 -0.41098538 -0.20567194 -1.7385079   0.8463338  -0.477966
 -0.51327634  0.73291874 -2.0822532   1.3231713 ]
[-0.48860016  0.79264176  0.35160005  0.8838541   1.6011016   0.22674055
 -0.85009605 -0.41098538 -0.20567194 -1.7385079   0.8463338  -0.477966
 -0.51327634  0.73291874 -2.0822532   1.3231713 ]
[-0.48860016  0.79264176  0.35160005  0.8838541   1.6011016   0.22674055
 -0.85009605 -0.41098538 -0.20567194 -1.7385079   0.8463338  -0.477966
 -0.51327634  0.73291874 -2.0822532   1.3231713 ]
[-0.48860016  0.79264176  0.35160005  0.8838541   1.6011016   0.22674055
 -0.85009605 -0.41098538 -0.20567194 -1.7385079   0.8463338  -0.477966
 -0.51327634  0.73291874 -2.0822532   1.3231713 ]
[-0.5854856   0.75839585  0.33648404  0.93170035  1.5952425   0.2745638
 -0.89058954 -0.35901278 -0.13408211 -1.7115133   0.8037063  -0.4121781
 -0.52010936  0.73318946 -2.091844    1.2603071 ]
[-0.5854856   0.75839585  0.33648404  0.93170035  1.5952425   0.2745638
 -0.89058954 -0.35901278 -0.13408211 -1.7115133   0.8037063  -0.4121781
 -0.52010936  0.73318946 -2.091844    1.2603071 ]
[-0.5854856   0.75839585  0.33648404  0.93170035  1.5952425   0.2745638
 -0.89058954 -0.35901278 -0.13408211 -1.7115133   0.8037063  -0.4121781
 -0.52010936  0.73318946 -2.091844    1.2603071 ]
[-0.5854856   0.75839585  0.33648404  0.93170035  1.5952425   0.2745638
 -0.89058954 -0.35901278 -0.13408211 -1.7115133   0.8037063  -0.4121781
 -0.52010936  0.73318946 -2.091844    1.2603071 ]
[-0.5854856   0.75839585  0.33648404  0.93170035  1.5952425   0.2745638
 -0.89058954 -0.35901278 -0.13408211 -1.7115133   0.8037063  -0.4121781
 -0.52010936  0.73318946 -2.091844    1.2603071 ]
[-0.5185134   0.75616676  0.33373064  0.9276124   1.5991331   0.2457804
 -0.88173926 -0.38740635 -0.19227365 -1.736592    0.80972207 -0.43563038
 -0.46419436  0.74485004 -2.086466    1.2752151 ]
[-0.5185134   0.75616676  0.33373064  0.9276124   1.5991331   0.2457804
 -0.88173926 -0.38740635 -0.19227365 -1.736592    0.80972207 -0.43563038
 -0.46419436  0.74485004 -2.086466    1.2752151 ]
[-0.5185134   0.75616676  0.33373064  0.9276124   1.5991331   0.2457804
 -0.88173926 -0.38740635 -0.19227365 -1.736592    0.80972207 -0.43563038
 -0.46419436  0.74485004 -2.086466    1.2752151 ]
[-0.5185134   0.75616676  0.33373064  0.9276124   1.5991331   0.2457804
 -0.88173926 -0.38740635 -0.19227365 -1.736592    0.80972207 -0.43563038
 -0.46419436  0.74485004 -2.086466    1.2752151 ]
[-0.5321542   0.72950155  0.36140817  0.95122373  1.595663    0.26389128
 -0.88381165 -0.39474443 -0.21117155 -1.724816    0.79009503 -0.4129087
 -0.44635838  0.7704233  -2.0967453   1.227549  ]
[-0.5321542   0.72950155  0.36140817  0.95122373  1.595663    0.26389128
 -0.88381165 -0.39474443 -0.21117155 -1.724816    0.79009503 -0.4129087
 -0.44635838  0.7704233  -2.0967453   1.227549  ]
[-0.5321542   0.72950155  0.36140817  0.95122373  1.595663    0.26389128
 -0.88381165 -0.39474443 -0.21117155 -1.724816    0.79009503 -0.4129087
 -0.44635838  0.7704233  -2.0967453   1.227549  ]
[-0.5321542   0.72950155  0.36140817  0.95122373  1.595663    0.26389128
 -0.88381165 -0.39474443 -0.21117155 -1.724816    0.79009503 -0.4129087
 -0.44635838  0.7704233  -2.0967453   1.227549  ]
[-0.5321542   0.72950155  0.36140817  0.95122373  1.595663    0.26389128
 -0.88381165 -0.39474443 -0.21117155 -1.724816    0.79009503 -0.4129087
 -0.44635838  0.7704233  -2.0967453   1.227549  ]
[-0.6204586   0.7084037   0.38738924  0.98136747  1.5860765   0.32170835
 -0.91312015 -0.34626746 -0.14089136 -1.6821756   0.73023164 -0.3613876
 -0.49711555  0.7645958  -2.1056876   1.1726913 ]
[-0.6204586   0.7084037   0.38738924  0.98136747  1.5860765   0.32170835
 -0.91312015 -0.34626746 -0.14089136 -1.6821756   0.73023164 -0.3613876
 -0.49711555  0.7645958  -2.1056876   1.1726913 ]
[-0.6204586   0.7084037   0.38738924  0.98136747  1.5860765   0.32170835
 -0.91312015 -0.34626746 -0.14089136 -1.6821756   0.73023164 -0.3613876
 -0.49711555  0.7645958  -2.1056876   1.1726913 ]
[-0.6204586   0.7084037   0.38738924  0.98136747  1.5860765   0.32170835
 -0.91312015 -0.34626746 -0.14089136 -1.6821756   0.73023164 -0.3613876
 -0.49711555  0.7645958  -2.1056876   1.1726913 ]
[-0.5996648   0.7336713   0.37892145  0.94746125  1.5877616   0.30343816
 -0.8995798  -0.35857332 -0.14916797 -1.6890318   0.7526642  -0.38567775
 -0.50846875  0.7631373  -2.10149     1.2115853 ]
[-0.5996648   0.7336713   0.37892145  0.94746125  1.5877616   0.30343816
 -0.8995798  -0.35857332 -0.14916797 -1.6890318   0.7526642  -0.38567775
 -0.50846875  0.7631373  -2.10149     1.2115853 ]
[-0.5996648   0.7336713   0.37892145  0.94746125  1.5877616   0.30343816
 -0.8995798  -0.35857332 -0.14916797 -1.6890318   0.7526642  -0.38567775
 -0.50846875  0.7631373  -2.10149     1.2115853 ]
[-0.5996648   0.7336713   0.37892145  0.94746125  1.5877616   0.30343816
 -0.8995798  -0.35857332 -0.14916797 -1.6890318   0.7526642  -0.38567775
 -0.50846875  0.7631373  -2.10149     1.2115853 ]
[-0.5996648   0.7336713   0.37892145  0.94746125  1.5877616   0.30343816
 -0.8995798  -0.35857332 -0.14916797 -1.6890318   0.7526642  -0.38567775
 -0.50846875  0.7631373  -2.10149     1.2115853 ]
[-0.5879944   0.77468204  0.35545093  0.8996919   1.6055187   0.28305072
 -0.92949116 -0.36101988 -0.14400637 -1.7120336   0.8044044  -0.41214132
 -0.5274218   0.7115449  -2.054961    1.2847633 ]
[-0.5879944   0.77468204  0.35545093  0.8996919   1.6055187   0.28305072
 -0.92949116 -0.36101988 -0.14400637 -1.7120336   0.8044044  -0.41214132
 -0.5274218   0.7115449  -2.054961    1.2847633 ]
[-0.5879944   0.77468204  0.35545093  0.8996919   1.6055187   0.28305072
 -0.92949116 -0.36101988 -0.14400637 -1.7120336   0.8044044  -0.41214132
 -0.5274218   0.7115449  -2.054961    1.2847633 ]
[-0.5879944   0.77468204  0.35545093  0.8996919   1.6055187   0.28305072
 -0.92949116 -0.36101988 -0.14400637 -1.7120336   0.8044044  -0.41214132
 -0.5274218   0.7115449  -2.054961    1.2847633 ]
[-0.5879944   0.77468204  0.35545093  0.8996919   1.6055187   0.28305072
 -0.92949116 -0.36101988 -0.14400637 -1.7120336   0.8044044  -0.41214132
 -0.5274218   0.7115449  -2.054961    1.2847633 ]
[-0.566785    0.754428    0.3202443   0.925056    1.6130079   0.2645033
 -0.8982512  -0.3555839  -0.13968925 -1.7067789   0.7905752  -0.41988915
 -0.5213165   0.72664607 -2.088753    1.2931006 ]
[-0.566785    0.754428    0.3202443   0.925056    1.6130079   0.2645033
 -0.8982512  -0.3555839  -0.13968925 -1.7067789   0.7905752  -0.41988915
 -0.5213165   0.72664607 -2.088753    1.2931006 ]
[-0.566785    0.754428    0.3202443   0.925056    1.6130079   0.2645033
 -0.8982512  -0.3555839  -0.13968925 -1.7067789   0.7905752  -0.41988915
 -0.5213165   0.72664607 -2.088753    1.2931006 ]
[-0.566785    0.754428    0.3202443   0.925056    1.6130079   0.2645033
 -0.8982512  -0.3555839  -0.13968925 -1.7067789   0.7905752  -0.41988915
 -0.5213165   0.72664607 -2.088753    1.2931006 ]
[-0.48587942  0.739668    0.32903197  0.9369229   1.6074884   0.22225621
 -0.85383546 -0.38062012 -0.19989145 -1.7306526   0.7887151  -0.45133424
 -0.46569592  0.751819   -2.1135933   1.2957888 ]
[-0.48587942  0.739668    0.32903197  0.9369229   1.6074884   0.22225621
 -0.85383546 -0.38062012 -0.19989145 -1.7306526   0.7887151  -0.45133424
 -0.46569592  0.751819   -2.1135933   1.2957888 ]
[-0.48587942  0.739668    0.32903197  0.9369229   1.6074884   0.22225621
 -0.85383546 -0.38062012 -0.19989145 -1.7306526   0.7887151  -0.45133424
 -0.46569592  0.751819   -2.1135933   1.2957888 ]
[-0.48587942  0.739668    0.32903197  0.9369229   1.6074884   0.22225621
 -0.85383546 -0.38062012 -0.19989145 -1.7306526   0.7887151  -0.45133424
 -0.46569592  0.751819   -2.1135933   1.2957888 ]
[-0.48587942  0.739668    0.32903197  0.9369229   1.6074884   0.22225621
 -0.85383546 -0.38062012 -0.19989145 -1.7306526   0.7887151  -0.45133424
 -0.46569592  0.751819   -2.1135933   1.2957888 ]
[-0.5119076   0.6979468   0.35052332  0.99366206  1.60387     0.25379586
 -0.8554201  -0.3781022  -0.20101777 -1.7142029   0.74088717 -0.4015781
 -0.4379805   0.7620857  -2.1361835   1.2206776 ]
[-0.5119076   0.6979468   0.35052332  0.99366206  1.60387     0.25379586
 -0.8554201  -0.3781022  -0.20101777 -1.7142029   0.74088717 -0.4015781
 -0.4379805   0.7620857  -2.1361835   1.2206776 ]
[-0.5119076   0.6979468   0.35052332  0.99366206  1.60387     0.25379586
 -0.8554201  -0.3781022  -0.20101777 -1.7142029   0.74088717 -0.4015781
 -0.4379805   0.7620857  -2.1361835   1.2206776 ]
[-0.5119076   0.6979468   0.35052332  0.99366206  1.60387     0.25379586
 -0.8554201  -0.3781022  -0.20101777 -1.7142029   0.74088717 -0.4015781
 -0.4379805   0.7620857  -2.1361835   1.2206776 ]
[-0.5119076   0.6979468   0.35052332  0.99366206  1.60387     0.25379586
 -0.8554201  -0.3781022  -0.20101777 -1.7142029   0.74088717 -0.4015781
 -0.4379805   0.7620857  -2.1361835   1.2206776 ]
[-0.56373066  0.73566085  0.34073526  0.9847107   1.569102    0.28897226
 -0.88778555 -0.34581518 -0.17084047 -1.6818674   0.73095036 -0.37371153
 -0.502553    0.76397026 -2.124244    1.2245406 ]
[-0.56373066  0.73566085  0.34073526  0.9847107   1.569102    0.28897226
 -0.88778555 -0.34581518 -0.17084047 -1.6818674   0.73095036 -0.37371153
 -0.502553    0.76397026 -2.124244    1.2245406 ]
[-0.56373066  0.73566085  0.34073526  0.9847107   1.569102    0.28897226
 -0.88778555 -0.34581518 -0.17084047 -1.6818674   0.73095036 -0.37371153
 -0.502553    0.76397026 -2.124244    1.2245406 ]
[-0.56373066  0.73566085  0.34073526  0.9847107   1.569102    0.28897226
 -0.88778555 -0.34581518 -0.17084047 -1.6818674   0.73095036 -0.37371153
 -0.502553    0.76397026 -2.124244    1.2245406 ]
[-0.56373066  0.73566085  0.34073526  0.9847107   1.569102    0.28897226
 -0.88778555 -0.34581518 -0.17084047 -1.6818674   0.73095036 -0.37371153
 -0.502553    0.76397026 -2.124244    1.2245406 ]
[-0.60544777  0.73072517  0.3579309   0.9610399   1.5889676   0.28923863
 -0.89556235 -0.33484563 -0.13996783 -1.6865078   0.74026954 -0.38717008
 -0.4939507   0.77078867 -2.1158252   1.2075478 ]
[-0.60544777  0.73072517  0.3579309   0.9610399   1.5889676   0.28923863
 -0.89556235 -0.33484563 -0.13996783 -1.6865078   0.74026954 -0.38717008
 -0.4939507   0.77078867 -2.1158252   1.2075478 ]
[-0.60544777  0.73072517  0.3579309   0.9610399   1.5889676   0.28923863
 -0.89556235 -0.33484563 -0.13996783 -1.6865078   0.74026954 -0.38717008
 -0.4939507   0.77078867 -2.1158252   1.2075478 ]
[-0.60544777  0.73072517  0.3579309   0.9610399   1.5889676   0.28923863
 -0.89556235 -0.33484563 -0.13996783 -1.6865078   0.74026954 -0.38717008
 -0.4939507   0.77078867 -2.1158252   1.2075478 ]
[-0.58308965  0.7657421   0.3466299   0.91800153  1.6021522   0.27496767
 -0.8920623  -0.35734123 -0.13712287 -1.7007987   0.790679   -0.4181795
 -0.5201866   0.7389401  -2.097144    1.2578708 ]
[-0.58308965  0.7657421   0.3466299   0.91800153  1.6021522   0.27496767
 -0.8920623  -0.35734123 -0.13712287 -1.7007987   0.790679   -0.4181795
 -0.5201866   0.7389401  -2.097144    1.2578708 ]
[-0.58308965  0.7657421   0.3466299   0.91800153  1.6021522   0.27496767
 -0.8920623  -0.35734123 -0.13712287 -1.7007987   0.790679   -0.4181795
 -0.5201866   0.7389401  -2.097144    1.2578708 ]
[-0.58308965  0.7657421   0.3466299   0.91800153  1.6021522   0.27496767
 -0.8920623  -0.35734123 -0.13712287 -1.7007987   0.790679   -0.4181795
 -0.5201866   0.7389401  -2.097144    1.2578708 ]
[-0.4770527   0.7836479   0.33090463  0.8899708   1.621054    0.23151693
 -0.862965   -0.40260616 -0.18977334 -1.7213907   0.8370899  -0.46249923
 -0.5330764   0.7198867  -2.0885448   1.3149999 ]
[-0.4770527   0.7836479   0.33090463  0.8899708   1.621054    0.23151693
 -0.862965   -0.40260616 -0.18977334 -1.7213907   0.8370899  -0.46249923
 -0.5330764   0.7198867  -2.0885448   1.3149999 ]
[-0.4770527   0.7836479   0.33090463  0.8899708   1.621054    0.23151693
 -0.862965   -0.40260616 -0.18977334 -1.7213907   0.8370899  -0.46249923
 -0.5330764   0.7198867  -2.0885448   1.3149999 ]
[-0.4770527   0.7836479   0.33090463  0.8899708   1.621054    0.23151693
 -0.862965   -0.40260616 -0.18977334 -1.7213907   0.8370899  -0.46249923
 -0.5330764   0.7198867  -2.0885448   1.3149999 ]
[-0.5722081   0.7441751   0.32514393  0.9453596   1.6058531   0.27640176
 -0.8887199  -0.34600925 -0.11871036 -1.698896    0.7755679  -0.3903122
 -0.52268744  0.73600084 -2.1186032   1.2359346 ]
[-0.5722081   0.7441751   0.32514393  0.9453596   1.6058531   0.27640176
 -0.8887199  -0.34600925 -0.11871036 -1.698896    0.7755679  -0.3903122
 -0.52268744  0.73600084 -2.1186032   1.2359346 ]
[-0.5722081   0.7441751   0.32514393  0.9453596   1.6058531   0.27640176
 -0.8887199  -0.34600925 -0.11871036 -1.698896    0.7755679  -0.3903122
 -0.52268744  0.73600084 -2.1186032   1.2359346 ]
[-0.5722081   0.7441751   0.32514393  0.9453596   1.6058531   0.27640176
 -0.8887199  -0.34600925 -0.11871036 -1.698896    0.7755679  -0.3903122
 -0.52268744  0.73600084 -2.1186032   1.2359346 ]
[-0.48635116  0.7284877   0.32993877  0.9465359   1.6237907   0.23563619
 -0.8603417  -0.38267994 -0.18856058 -1.7272125   0.78132933 -0.42178255
 -0.4496407   0.7377324  -2.1282735   1.2497542 ]
[-0.48635116  0.7284877   0.32993877  0.9465359   1.6237907   0.23563619
 -0.8603417  -0.38267994 -0.18856058 -1.7272125   0.78132933 -0.42178255
 -0.4496407   0.7377324  -2.1282735   1.2497542 ]
[-0.48635116  0.7284877   0.32993877  0.9465359   1.6237907   0.23563619
 -0.8603417  -0.38267994 -0.18856058 -1.7272125   0.78132933 -0.42178255
 -0.4496407   0.7377324  -2.1282735   1.2497542 ]
[-0.48635116  0.7284877   0.32993877  0.9465359   1.6237907   0.23563619
 -0.8603417  -0.38267994 -0.18856058 -1.7272125   0.78132933 -0.42178255
 -0.4496407   0.7377324  -2.1282735   1.2497542 ]
[-0.48836598  0.7507561   0.3486704   0.9200878   1.6177839   0.2461355
 -0.8673892  -0.38988882 -0.20754273 -1.7169774   0.79955685 -0.42274824
 -0.47844553  0.734089   -2.1062539   1.2488362 ]
[-0.48836598  0.7507561   0.3486704   0.9200878   1.6177839   0.2461355
 -0.8673892  -0.38988882 -0.20754273 -1.7169774   0.79955685 -0.42274824
 -0.47844553  0.734089   -2.1062539   1.2488362 ]
[-0.48836598  0.7507561   0.3486704   0.9200878   1.6177839   0.2461355
 -0.8673892  -0.38988882 -0.20754273 -1.7169774   0.79955685 -0.42274824
 -0.47844553  0.734089   -2.1062539   1.2488362 ]
[-0.48836598  0.7507561   0.3486704   0.9200878   1.6177839   0.2461355
 -0.8673892  -0.38988882 -0.20754273 -1.7169774   0.79955685 -0.42274824
 -0.47844553  0.734089   -2.1062539   1.2488362 ]
[-0.48836598  0.7507561   0.3486704   0.9200878   1.6177839   0.2461355
 -0.8673892  -0.38988882 -0.20754273 -1.7169774   0.79955685 -0.42274824
 -0.47844553  0.734089   -2.1062539   1.2488362 ]
[-0.5955254   0.7441615   0.3808425   0.936186    1.603277    0.30403137
 -0.90670997 -0.3434164  -0.12957188 -1.6876535   0.7537161  -0.372755
 -0.5219731   0.72382516 -2.1015935   1.1999227 ]
[-0.5955254   0.7441615   0.3808425   0.936186    1.603277    0.30403137
 -0.90670997 -0.3434164  -0.12957188 -1.6876535   0.7537161  -0.372755
 -0.5219731   0.72382516 -2.1015935   1.1999227 ]
[-0.5955254   0.7441615   0.3808425   0.936186    1.603277    0.30403137
 -0.90670997 -0.3434164  -0.12957188 -1.6876535   0.7537161  -0.372755
 -0.5219731   0.72382516 -2.1015935   1.1999227 ]
[-0.5955254   0.7441615   0.3808425   0.936186    1.603277    0.30403137
 -0.90670997 -0.3434164  -0.12957188 -1.6876535   0.7537161  -0.372755
 -0.5219731   0.72382516 -2.1015935   1.1999227 ]
[-0.57057095  0.7908417   0.35521644  0.87804234  1.604113    0.2847299
 -0.9037677  -0.3505152  -0.14080289 -1.6944472   0.80164766 -0.41775852
 -0.55073345  0.7125147  -2.0786858   1.2699232 ]
[-0.57057095  0.7908417   0.35521644  0.87804234  1.604113    0.2847299
 -0.9037677  -0.3505152  -0.14080289 -1.6944472   0.80164766 -0.41775852
 -0.55073345  0.7125147  -2.0786858   1.2699232 ]
[-0.57057095  0.7908417   0.35521644  0.87804234  1.604113    0.2847299
 -0.9037677  -0.3505152  -0.14080289 -1.6944472   0.80164766 -0.41775852
 -0.55073345  0.7125147  -2.0786858   1.2699232 ]
[-0.57057095  0.7908417   0.35521644  0.87804234  1.604113    0.2847299
 -0.9037677  -0.3505152  -0.14080289 -1.6944472   0.80164766 -0.41775852
 -0.55073345  0.7125147  -2.0786858   1.2699232 ]
[-0.57057095  0.7908417   0.35521644  0.87804234  1.604113    0.2847299
 -0.9037677  -0.3505152  -0.14080289 -1.6944472   0.80164766 -0.41775852
 -0.55073345  0.7125147  -2.0786858   1.2699232 ]
[-0.46302003  0.7838401   0.32626805  0.8854483   1.6228344   0.21787195
 -0.8516981  -0.3898863  -0.18940718 -1.7182701   0.83428    -0.4660899
 -0.543133    0.70815116 -2.0956192   1.3301382 ]
[-0.46302003  0.7838401   0.32626805  0.8854483   1.6228344   0.21787195
 -0.8516981  -0.3898863  -0.18940718 -1.7182701   0.83428    -0.4660899
 -0.543133    0.70815116 -2.0956192   1.3301382 ]
[-0.46302003  0.7838401   0.32626805  0.8854483   1.6228344   0.21787195
 -0.8516981  -0.3898863  -0.18940718 -1.7182701   0.83428    -0.4660899
 -0.543133    0.70815116 -2.0956192   1.3301382 ]
[-0.46302003  0.7838401   0.32626805  0.8854483   1.6228344   0.21787195
 -0.8516981  -0.3898863  -0.18940718 -1.7182701   0.83428    -0.4660899
 -0.543133    0.70815116 -2.0956192   1.3301382 ]
[-0.55523616  0.74936295  0.31681675  0.9370187   1.6147064   0.26026666
 -0.8794559  -0.3439985  -0.13382736 -1.7022755   0.7838314  -0.4038841
 -0.5200023   0.7214281  -2.1133819   1.2577707 ]
[-0.55523616  0.74936295  0.31681675  0.9370187   1.6147064   0.26026666
 -0.8794559  -0.3439985  -0.13382736 -1.7022755   0.7838314  -0.4038841
 -0.5200023   0.7214281  -2.1133819   1.2577707 ]
[-0.55523616  0.74936295  0.31681675  0.9370187   1.6147064   0.26026666
 -0.8794559  -0.3439985  -0.13382736 -1.7022755   0.7838314  -0.4038841
 -0.5200023   0.7214281  -2.1133819   1.2577707 ]
[-0.55523616  0.74936295  0.31681675  0.9370187   1.6147064   0.26026666
 -0.8794559  -0.3439985  -0.13382736 -1.7022755   0.7838314  -0.4038841
 -0.5200023   0.7214281  -2.1133819   1.2577707 ]
[-0.475717    0.73923254  0.3259991   0.9348707   1.6239109   0.2290763
 -0.8486697  -0.38571626 -0.2048574  -1.7264572   0.7867477  -0.4361419
 -0.45145097  0.7382831  -2.1235547   1.263514  ]
[-0.475717    0.73923254  0.3259991   0.9348707   1.6239109   0.2290763
 -0.8486697  -0.38571626 -0.2048574  -1.7264572   0.7867477  -0.4361419
 -0.45145097  0.7382831  -2.1235547   1.263514  ]
[-0.475717    0.73923254  0.3259991   0.9348707   1.6239109   0.2290763
 -0.8486697  -0.38571626 -0.2048574  -1.7264572   0.7867477  -0.4361419
 -0.45145097  0.7382831  -2.1235547   1.263514  ]
[-0.475717    0.73923254  0.3259991   0.9348707   1.6239109   0.2290763
 -0.8486697  -0.38571626 -0.2048574  -1.7264572   0.7867477  -0.4361419
 -0.45145097  0.7382831  -2.1235547   1.263514  ]
[-0.48241955  0.74446905  0.33877352  0.899092    1.6487999   0.24991712
 -0.8780688  -0.40869546 -0.23980227 -1.7227364   0.8161718  -0.4307367
 -0.44503745  0.73374456 -2.081068    1.2457926 ]
[-0.48241955  0.74446905  0.33877352  0.899092    1.6487999   0.24991712
 -0.8780688  -0.40869546 -0.23980227 -1.7227364   0.8161718  -0.4307367
 -0.44503745  0.73374456 -2.081068    1.2457926 ]
[-0.48241955  0.74446905  0.33877352  0.899092    1.6487999   0.24991712
 -0.8780688  -0.40869546 -0.23980227 -1.7227364   0.8161718  -0.4307367
 -0.44503745  0.73374456 -2.081068    1.2457926 ]
[-0.48241955  0.74446905  0.33877352  0.899092    1.6487999   0.24991712
 -0.8780688  -0.40869546 -0.23980227 -1.7227364   0.8161718  -0.4307367
 -0.44503745  0.73374456 -2.081068    1.2457926 ]
[-0.5808031   0.73099244  0.361705    0.93527526  1.6225344   0.29321057
 -0.9185583  -0.3393157  -0.14183123 -1.6908966   0.7392963  -0.3669433
 -0.4876798   0.71831006 -2.1000085   1.2122202 ]
[-0.5808031   0.73099244  0.361705    0.93527526  1.6225344   0.29321057
 -0.9185583  -0.3393157  -0.14183123 -1.6908966   0.7392963  -0.3669433
 -0.4876798   0.71831006 -2.1000085   1.2122202 ]
[-0.5808031   0.73099244  0.361705    0.93527526  1.6225344   0.29321057
 -0.9185583  -0.3393157  -0.14183123 -1.6908966   0.7392963  -0.3669433
 -0.4876798   0.71831006 -2.1000085   1.2122202 ]
[-0.5808031   0.73099244  0.361705    0.93527526  1.6225344   0.29321057
 -0.9185583  -0.3393157  -0.14183123 -1.6908966   0.7392963  -0.3669433
 -0.4876798   0.71831006 -2.1000085   1.2122202 ]
[-0.5657216   0.77763206  0.34119743  0.8713115   1.6202396   0.2655647
 -0.91615343 -0.353065   -0.15722303 -1.718235    0.79448795 -0.4213024
 -0.4831558   0.72397935 -2.070967    1.2817142 ]
[-0.5657216   0.77763206  0.34119743  0.8713115   1.6202396   0.2655647
 -0.91615343 -0.353065   -0.15722303 -1.718235    0.79448795 -0.4213024
 -0.4831558   0.72397935 -2.070967    1.2817142 ]
[-0.5657216   0.77763206  0.34119743  0.8713115   1.6202396   0.2655647
 -0.91615343 -0.353065   -0.15722303 -1.718235    0.79448795 -0.4213024
 -0.4831558   0.72397935 -2.070967    1.2817142 ]
[-0.5657216   0.77763206  0.34119743  0.8713115   1.6202396   0.2655647
 -0.91615343 -0.353065   -0.15722303 -1.718235    0.79448795 -0.4213024
 -0.4831558   0.72397935 -2.070967    1.2817142 ]
[-0.5657216   0.77763206  0.34119743  0.8713115   1.6202396   0.2655647
 -0.91615343 -0.353065   -0.15722303 -1.718235    0.79448795 -0.4213024
 -0.4831558   0.72397935 -2.070967    1.2817142 ]
[-0.4631258   0.77392006  0.3169329   0.8746871   1.6401659   0.20014429
 -0.85739946 -0.40348464 -0.21742511 -1.7461491   0.8387333  -0.4976174
 -0.46084037  0.71846086 -2.077422    1.3529251 ]
[-0.4631258   0.77392006  0.3169329   0.8746871   1.6401659   0.20014429
 -0.85739946 -0.40348464 -0.21742511 -1.7461491   0.8387333  -0.4976174
 -0.46084037  0.71846086 -2.077422    1.3529251 ]
[-0.4631258   0.77392006  0.3169329   0.8746871   1.6401659   0.20014429
 -0.85739946 -0.40348464 -0.21742511 -1.7461491   0.8387333  -0.4976174
 -0.46084037  0.71846086 -2.077422    1.3529251 ]
[-0.4631258   0.77392006  0.3169329   0.8746871   1.6401659   0.20014429
 -0.85739946 -0.40348464 -0.21742511 -1.7461491   0.8387333  -0.4976174
 -0.46084037  0.71846086 -2.077422    1.3529251 ]
[-0.46323213  0.74383736  0.30417508  0.9206853   1.6357224   0.21306506
 -0.83535635 -0.39729753 -0.20255014 -1.7248958   0.8111957  -0.47534436
 -0.47905803  0.73922926 -2.1109955   1.3118616 ]
[-0.46323213  0.74383736  0.30417508  0.9206853   1.6357224   0.21306506
 -0.83535635 -0.39729753 -0.20255014 -1.7248958   0.8111957  -0.47534436
 -0.47905803  0.73922926 -2.1109955   1.3118616 ]
[-0.46323213  0.74383736  0.30417508  0.9206853   1.6357224   0.21306506
 -0.83535635 -0.39729753 -0.20255014 -1.7248958   0.8111957  -0.47534436
 -0.47905803  0.73922926 -2.1109955   1.3118616 ]
[-0.46323213  0.74383736  0.30417508  0.9206853   1.6357224   0.21306506
 -0.83535635 -0.39729753 -0.20255014 -1.7248958   0.8111957  -0.47534436
 -0.47905803  0.73922926 -2.1109955   1.3118616 ]
[-0.49642533  0.759305    0.32352296  0.9240559   1.6116953   0.2453775
 -0.86895484 -0.3776415  -0.18896584 -1.7244966   0.7989069  -0.43120894
 -0.47980037  0.735913   -2.108847    1.2670025 ]
[-0.49642533  0.759305    0.32352296  0.9240559   1.6116953   0.2453775
 -0.86895484 -0.3776415  -0.18896584 -1.7244966   0.7989069  -0.43120894
 -0.47980037  0.735913   -2.108847    1.2670025 ]
[-0.49642533  0.759305    0.32352296  0.9240559   1.6116953   0.2453775
 -0.86895484 -0.3776415  -0.18896584 -1.7244966   0.7989069  -0.43120894
 -0.47980037  0.735913   -2.108847    1.2670025 ]
[-0.49642533  0.759305    0.32352296  0.9240559   1.6116953   0.2453775
 -0.86895484 -0.3776415  -0.18896584 -1.7244966   0.7989069  -0.43120894
 -0.47980037  0.735913   -2.108847    1.2670025 ]
[-0.51586086  0.7217518   0.33936664  0.95482385  1.626375    0.25665635
 -0.8791782  -0.38563365 -0.21284719 -1.710831    0.7789839  -0.411232
 -0.4511115   0.7557132  -2.1074586   1.2280251 ]
[-0.51586086  0.7217518   0.33936664  0.95482385  1.626375    0.25665635
 -0.8791782  -0.38563365 -0.21284719 -1.710831    0.7789839  -0.411232
 -0.4511115   0.7557132  -2.1074586   1.2280251 ]
[-0.51586086  0.7217518   0.33936664  0.95482385  1.626375    0.25665635
 -0.8791782  -0.38563365 -0.21284719 -1.710831    0.7789839  -0.411232
 -0.4511115   0.7557132  -2.1074586   1.2280251 ]
[-0.51586086  0.7217518   0.33936664  0.95482385  1.626375    0.25665635
 -0.8791782  -0.38563365 -0.21284719 -1.710831    0.7789839  -0.411232
 -0.4511115   0.7557132  -2.1074586   1.2280251 ]
[-0.6042396   0.69560146  0.34751815  0.994195    1.6202905   0.30431625
 -0.91482145 -0.32710174 -0.1361635  -1.6731949   0.7108668  -0.36024907
 -0.4812087   0.7441726  -2.1128232   1.1792977 ]
[-0.6042396   0.69560146  0.34751815  0.994195    1.6202905   0.30431625
 -0.91482145 -0.32710174 -0.1361635  -1.6731949   0.7108668  -0.36024907
 -0.4812087   0.7441726  -2.1128232   1.1792977 ]
[-0.6042396   0.69560146  0.34751815  0.994195    1.6202905   0.30431625
 -0.91482145 -0.32710174 -0.1361635  -1.6731949   0.7108668  -0.36024907
 -0.4812087   0.7441726  -2.1128232   1.1792977 ]
[-0.6042396   0.69560146  0.34751815  0.994195    1.6202905   0.30431625
 -0.91482145 -0.32710174 -0.1361635  -1.6731949   0.7108668  -0.36024907
 -0.4812087   0.7441726  -2.1128232   1.1792977 ]
[-0.6042396   0.69560146  0.34751815  0.994195    1.6202905   0.30431625
 -0.91482145 -0.32710174 -0.1361635  -1.6731949   0.7108668  -0.36024907
 -0.4812087   0.7441726  -2.1128232   1.1792977 ]
[-0.587613    0.71906906  0.34860185  0.9541327   1.6111057   0.28476173
 -0.88830346 -0.33891153 -0.14396028 -1.6826273   0.7419941  -0.39356065
 -0.48632208  0.77223206 -2.1253505   1.2017257 ]
[-0.587613    0.71906906  0.34860185  0.9541327   1.6111057   0.28476173
 -0.88830346 -0.33891153 -0.14396028 -1.6826273   0.7419941  -0.39356065
 -0.48632208  0.77223206 -2.1253505   1.2017257 ]
[-0.587613    0.71906906  0.34860185  0.9541327   1.6111057   0.28476173
 -0.88830346 -0.33891153 -0.14396028 -1.6826273   0.7419941  -0.39356065
 -0.48632208  0.77223206 -2.1253505   1.2017257 ]
[-0.587613    0.71906906  0.34860185  0.9541327   1.6111057   0.28476173
 -0.88830346 -0.33891153 -0.14396028 -1.6826273   0.7419941  -0.39356065
 -0.48632208  0.77223206 -2.1253505   1.2017257 ]
[-0.587613    0.71906906  0.34860185  0.9541327   1.6111057   0.28476173
 -0.88830346 -0.33891153 -0.14396028 -1.6826273   0.7419941  -0.39356065
 -0.48632208  0.77223206 -2.1253505   1.2017257 ]
[-0.56312126  0.760063    0.33789045  0.8915793   1.6267977   0.27611533
 -0.9048004  -0.35358018 -0.13296655 -1.6925722   0.80334824 -0.4066735
 -0.5246409   0.7183288  -2.0963027   1.2490616 ]
[-0.56312126  0.760063    0.33789045  0.8915793   1.6267977   0.27611533
 -0.9048004  -0.35358018 -0.13296655 -1.6925722   0.80334824 -0.4066735
 -0.5246409   0.7183288  -2.0963027   1.2490616 ]
[-0.56312126  0.760063    0.33789045  0.8915793   1.6267977   0.27611533
 -0.9048004  -0.35358018 -0.13296655 -1.6925722   0.80334824 -0.4066735
 -0.5246409   0.7183288  -2.0963027   1.2490616 ]
[-0.56312126  0.760063    0.33789045  0.8915793   1.6267977   0.27611533
 -0.9048004  -0.35358018 -0.13296655 -1.6925722   0.80334824 -0.4066735
 -0.5246409   0.7183288  -2.0963027   1.2490616 ]
[-0.56312126  0.760063    0.33789045  0.8915793   1.6267977   0.27611533
 -0.9048004  -0.35358018 -0.13296655 -1.6925722   0.80334824 -0.4066735
 -0.5246409   0.7183288  -2.0963027   1.2490616 ]
[-0.44941673  0.743464    0.32738724  0.9088047   1.6300253   0.20605178
 -0.8273283  -0.38547865 -0.19261773 -1.714373    0.80790836 -0.45882517
 -0.50539666  0.7339128  -2.1323822   1.2982913 ]
[-0.44941673  0.743464    0.32738724  0.9088047   1.6300253   0.20605178
 -0.8273283  -0.38547865 -0.19261773 -1.714373    0.80790836 -0.45882517
 -0.50539666  0.7339128  -2.1323822   1.2982913 ]
[-0.44941673  0.743464    0.32738724  0.9088047   1.6300253   0.20605178
 -0.8273283  -0.38547865 -0.19261773 -1.714373    0.80790836 -0.45882517
 -0.50539666  0.7339128  -2.1323822   1.2982913 ]
[-0.44941673  0.743464    0.32738724  0.9088047   1.6300253   0.20605178
 -0.8273283  -0.38547865 -0.19261773 -1.714373    0.80790836 -0.45882517
 -0.50539666  0.7339128  -2.1323822   1.2982913 ]
[-0.5630315   0.74257344  0.3405784   0.94058114  1.6015613   0.26603174
 -0.8684365  -0.34517938 -0.1306648  -1.7026184   0.7798153  -0.3890532
 -0.5070445   0.72782546 -2.13009     1.2243918 ]
[-0.5630315   0.74257344  0.3405784   0.94058114  1.6015613   0.26603174
 -0.8684365  -0.34517938 -0.1306648  -1.7026184   0.7798153  -0.3890532
 -0.5070445   0.72782546 -2.13009     1.2243918 ]
[-0.5630315   0.74257344  0.3405784   0.94058114  1.6015613   0.26603174
 -0.8684365  -0.34517938 -0.1306648  -1.7026184   0.7798153  -0.3890532
 -0.5070445   0.72782546 -2.13009     1.2243918 ]
[-0.5630315   0.74257344  0.3405784   0.94058114  1.6015613   0.26603174
 -0.8684365  -0.34517938 -0.1306648  -1.7026184   0.7798153  -0.3890532
 -0.5070445   0.72782546 -2.13009     1.2243918 ]
[-0.5630315   0.74257344  0.3405784   0.94058114  1.6015613   0.26603174
 -0.8684365  -0.34517938 -0.1306648  -1.7026184   0.7798153  -0.3890532
 -0.5070445   0.72782546 -2.13009     1.2243918 ]
[-0.50897974  0.7490498   0.3418049   0.91977394  1.6217985   0.23784521
 -0.85906714 -0.38547266 -0.20176855 -1.7373394   0.8093289  -0.44062105
 -0.43834853  0.72636396 -2.1019459   1.2558668 ]
[-0.50897974  0.7490498   0.3418049   0.91977394  1.6217985   0.23784521
 -0.85906714 -0.38547266 -0.20176855 -1.7373394   0.8093289  -0.44062105
 -0.43834853  0.72636396 -2.1019459   1.2558668 ]
[-0.50897974  0.7490498   0.3418049   0.91977394  1.6217985   0.23784521
 -0.85906714 -0.38547266 -0.20176855 -1.7373394   0.8093289  -0.44062105
 -0.43834853  0.72636396 -2.1019459   1.2558668 ]
[-0.50897974  0.7490498   0.3418049   0.91977394  1.6217985   0.23784521
 -0.85906714 -0.38547266 -0.20176855 -1.7373394   0.8093289  -0.44062105
 -0.43834853  0.72636396 -2.1019459   1.2558668 ]
[-0.50897974  0.7490498   0.3418049   0.91977394  1.6217985   0.23784521
 -0.85906714 -0.38547266 -0.20176855 -1.7373394   0.8093289  -0.44062105
 -0.43834853  0.72636396 -2.1019459   1.2558668 ]
[-0.4996242   0.7469385   0.33592233  0.8912511   1.6578547   0.24600728
 -0.8607004  -0.43251514 -0.2547564  -1.7311809   0.8537981  -0.46231613
 -0.43275523  0.7462629  -2.0588017   1.2423577 ]
[-0.4996242   0.7469385   0.33592233  0.8912511   1.6578547   0.24600728
 -0.8607004  -0.43251514 -0.2547564  -1.7311809   0.8537981  -0.46231613
 -0.43275523  0.7462629  -2.0588017   1.2423577 ]
[-0.4996242   0.7469385   0.33592233  0.8912511   1.6578547   0.24600728
 -0.8607004  -0.43251514 -0.2547564  -1.7311809   0.8537981  -0.46231613
 -0.43275523  0.7462629  -2.0588017   1.2423577 ]
[-0.4996242   0.7469385   0.33592233  0.8912511   1.6578547   0.24600728
 -0.8607004  -0.43251514 -0.2547564  -1.7311809   0.8537981  -0.46231613
 -0.43275523  0.7462629  -2.0588017   1.2423577 ]
[-0.61595994  0.7327846   0.3759512   0.9523036   1.5950512   0.30213755
 -0.908388   -0.34078613 -0.12784077 -1.6897755   0.7532486  -0.3721488
 -0.5023767   0.74283254 -2.1037536   1.1929718 ]
[-0.61595994  0.7327846   0.3759512   0.9523036   1.5950512   0.30213755
 -0.908388   -0.34078613 -0.12784077 -1.6897755   0.7532486  -0.3721488
 -0.5023767   0.74283254 -2.1037536   1.1929718 ]
[-0.61595994  0.7327846   0.3759512   0.9523036   1.5950512   0.30213755
 -0.908388   -0.34078613 -0.12784077 -1.6897755   0.7532486  -0.3721488
 -0.5023767   0.74283254 -2.1037536   1.1929718 ]
[-0.61595994  0.7327846   0.3759512   0.9523036   1.5950512   0.30213755
 -0.908388   -0.34078613 -0.12784077 -1.6897755   0.7532486  -0.3721488
 -0.5023767   0.74283254 -2.1037536   1.1929718 ]
[-0.61595994  0.7327846   0.3759512   0.9523036   1.5950512   0.30213755
 -0.908388   -0.34078613 -0.12784077 -1.6897755   0.7532486  -0.3721488
 -0.5023767   0.74283254 -2.1037536   1.1929718 ]
[-0.5858108   0.78848463  0.3584712   0.88615954  1.5868814   0.28293914
 -0.89651984 -0.35138902 -0.13967717 -1.7000301   0.8033942  -0.41906458
 -0.5403997   0.73666584 -2.0825946   1.2617104 ]
[-0.5858108   0.78848463  0.3584712   0.88615954  1.5868814   0.28293914
 -0.89651984 -0.35138902 -0.13967717 -1.7000301   0.8033942  -0.41906458
 -0.5403997   0.73666584 -2.0825946   1.2617104 ]
[-0.5858108   0.78848463  0.3584712   0.88615954  1.5868814   0.28293914
 -0.89651984 -0.35138902 -0.13967717 -1.7000301   0.8033942  -0.41906458
 -0.5403997   0.73666584 -2.0825946   1.2617104 ]
[-0.5858108   0.78848463  0.3584712   0.88615954  1.5868814   0.28293914
 -0.89651984 -0.35138902 -0.13967717 -1.7000301   0.8033942  -0.41906458
 -0.5403997   0.73666584 -2.0825946   1.2617104 ]
[-0.48448205  0.7859084   0.34134802  0.8883165   1.6069005   0.22248833
 -0.85262614 -0.3986817  -0.1890566  -1.7265785   0.84835804 -0.47072744
 -0.52998793  0.7231823  -2.0897882   1.3161333 ]
[-0.48448205  0.7859084   0.34134802  0.8883165   1.6069005   0.22248833
 -0.85262614 -0.3986817  -0.1890566  -1.7265785   0.84835804 -0.47072744
 -0.52998793  0.7231823  -2.0897882   1.3161333 ]
[-0.48448205  0.7859084   0.34134802  0.8883165   1.6069005   0.22248833
 -0.85262614 -0.3986817  -0.1890566  -1.7265785   0.84835804 -0.47072744
 -0.52998793  0.7231823  -2.0897882   1.3161333 ]
[-0.48448205  0.7859084   0.34134802  0.8883165   1.6069005   0.22248833
 -0.85262614 -0.3986817  -0.1890566  -1.7265785   0.84835804 -0.47072744
 -0.52998793  0.7231823  -2.0897882   1.3161333 ]
[-0.59821093  0.75426066  0.33436027  0.94503593  1.586613    0.27334452
 -0.88345337 -0.34664696 -0.11442812 -1.7056624   0.79222226 -0.39951998
 -0.5223973   0.7409859  -2.1083724   1.2399533 ]
[-0.59821093  0.75426066  0.33436027  0.94503593  1.586613    0.27334452
 -0.88345337 -0.34664696 -0.11442812 -1.7056624   0.79222226 -0.39951998
 -0.5223973   0.7409859  -2.1083724   1.2399533 ]
[-0.59821093  0.75426066  0.33436027  0.94503593  1.586613    0.27334452
 -0.88345337 -0.34664696 -0.11442812 -1.7056624   0.79222226 -0.39951998
 -0.5223973   0.7409859  -2.1083724   1.2399533 ]
[-0.59821093  0.75426066  0.33436027  0.94503593  1.586613    0.27334452
 -0.88345337 -0.34664696 -0.11442812 -1.7056624   0.79222226 -0.39951998
 -0.5223973   0.7409859  -2.1083724   1.2399533 ]
[-0.59821093  0.75426066  0.33436027  0.94503593  1.586613    0.27334452
 -0.88345337 -0.34664696 -0.11442812 -1.7056624   0.79222226 -0.39951998
 -0.5223973   0.7409859  -2.1083724   1.2399533 ]
[-0.52029335  0.779811    0.34191322  0.90589094  1.5948362   0.2456923
 -0.8800211  -0.3946021  -0.19390103 -1.7428505   0.8270524  -0.44243956
 -0.4683401   0.7406727  -2.083363    1.2794546 ]
[-0.52029335  0.779811    0.34191322  0.90589094  1.5948362   0.2456923
 -0.8800211  -0.3946021  -0.19390103 -1.7428505   0.8270524  -0.44243956
 -0.4683401   0.7406727  -2.083363    1.2794546 ]
[-0.52029335  0.779811    0.34191322  0.90589094  1.5948362   0.2456923
 -0.8800211  -0.3946021  -0.19390103 -1.7428505   0.8270524  -0.44243956
 -0.4683401   0.7406727  -2.083363    1.2794546 ]
[-0.52029335  0.779811    0.34191322  0.90589094  1.5948362   0.2456923
 -0.8800211  -0.3946021  -0.19390103 -1.7428505   0.8270524  -0.44243956
 -0.4683401   0.7406727  -2.083363    1.2794546 ]
[-0.50033164  0.77096117  0.3739723   0.9055241   1.5848601   0.2599762
 -0.8645064  -0.40448993 -0.21007657 -1.7248265   0.81733656 -0.4251306
 -0.5063278   0.75297177 -2.0982902   1.2565292 ]
[-0.50033164  0.77096117  0.3739723   0.9055241   1.5848601   0.2599762
 -0.8645064  -0.40448993 -0.21007657 -1.7248265   0.81733656 -0.4251306
 -0.5063278   0.75297177 -2.0982902   1.2565292 ]
[-0.50033164  0.77096117  0.3739723   0.9055241   1.5848601   0.2599762
 -0.8645064  -0.40448993 -0.21007657 -1.7248265   0.81733656 -0.4251306
 -0.5063278   0.75297177 -2.0982902   1.2565292 ]
[-0.50033164  0.77096117  0.3739723   0.9055241   1.5848601   0.2599762
 -0.8645064  -0.40448993 -0.21007657 -1.7248265   0.81733656 -0.4251306
 -0.5063278   0.75297177 -2.0982902   1.2565292 ]
[-0.5927199   0.74416876  0.39051324  0.9366471   1.5859423   0.30518037
 -0.90272963 -0.34861723 -0.1315957  -1.6870642   0.7536057  -0.36712176
 -0.54311794  0.72977334 -2.1010058   1.2151854 ]
[-0.5927199   0.74416876  0.39051324  0.9366471   1.5859423   0.30518037
 -0.90272963 -0.34861723 -0.1315957  -1.6870642   0.7536057  -0.36712176
 -0.54311794  0.72977334 -2.1010058   1.2151854 ]
[-0.5927199   0.74416876  0.39051324  0.9366471   1.5859423   0.30518037
 -0.90272963 -0.34861723 -0.1315957  -1.6870642   0.7536057  -0.36712176
 -0.54311794  0.72977334 -2.1010058   1.2151854 ]
[-0.5927199   0.74416876  0.39051324  0.9366471   1.5859423   0.30518037
 -0.90272963 -0.34861723 -0.1315957  -1.6870642   0.7536057  -0.36712176
 -0.54311794  0.72977334 -2.1010058   1.2151854 ]
[-0.5827158   0.78547424  0.35860977  0.8987049   1.5874443   0.2829918
 -0.9098843  -0.3465497  -0.1292136  -1.6932255   0.7917915  -0.40309644
 -0.56475616  0.71136105 -2.0783322   1.2814656 ]
[-0.5827158   0.78547424  0.35860977  0.8987049   1.5874443   0.2829918
 -0.9098843  -0.3465497  -0.1292136  -1.6932255   0.7917915  -0.40309644
 -0.56475616  0.71136105 -2.0783322   1.2814656 ]
[-0.5827158   0.78547424  0.35860977  0.8987049   1.5874443   0.2829918
 -0.9098843  -0.3465497  -0.1292136  -1.6932255   0.7917915  -0.40309644
 -0.56475616  0.71136105 -2.0783322   1.2814656 ]
[-0.5827158   0.78547424  0.35860977  0.8987049   1.5874443   0.2829918
 -0.9098843  -0.3465497  -0.1292136  -1.6932255   0.7917915  -0.40309644
 -0.56475616  0.71136105 -2.0783322   1.2814656 ]
[-0.5604476   0.7969801   0.324968    0.8850285   1.6055174   0.256211
 -0.90784895 -0.35216457 -0.13273767 -1.7132149   0.82068187 -0.4377187
 -0.5488262   0.6989844  -2.0665612   1.3230568 ]
[-0.5604476   0.7969801   0.324968    0.8850285   1.6055174   0.256211
 -0.90784895 -0.35216457 -0.13273767 -1.7132149   0.82068187 -0.4377187
 -0.5488262   0.6989844  -2.0665612   1.3230568 ]
[-0.5604476   0.7969801   0.324968    0.8850285   1.6055174   0.256211
 -0.90784895 -0.35216457 -0.13273767 -1.7132149   0.82068187 -0.4377187
 -0.5488262   0.6989844  -2.0665612   1.3230568 ]
[-0.5604476   0.7969801   0.324968    0.8850285   1.6055174   0.256211
 -0.90784895 -0.35216457 -0.13273767 -1.7132149   0.82068187 -0.4377187
 -0.5488262   0.6989844  -2.0665612   1.3230568 ]
[-0.47893253  0.7627659   0.31595027  0.9183462   1.619745    0.21539955
 -0.84624785 -0.3942526  -0.1963562  -1.7317222   0.8246395  -0.48025483
 -0.49037153  0.7399943  -2.102401    1.3147852 ]
[-0.47893253  0.7627659   0.31595027  0.9183462   1.619745    0.21539955
 -0.84624785 -0.3942526  -0.1963562  -1.7317222   0.8246395  -0.48025483
 -0.49037153  0.7399943  -2.102401    1.3147852 ]
[-0.47893253  0.7627659   0.31595027  0.9183462   1.619745    0.21539955
 -0.84624785 -0.3942526  -0.1963562  -1.7317222   0.8246395  -0.48025483
 -0.49037153  0.7399943  -2.102401    1.3147852 ]
[-0.47893253  0.7627659   0.31595027  0.9183462   1.619745    0.21539955
 -0.84624785 -0.3942526  -0.1963562  -1.7317222   0.8246395  -0.48025483
 -0.49037153  0.7399943  -2.102401    1.3147852 ]
[-0.5146854   0.76728     0.34432164  0.9242153   1.5976257   0.26383647
 -0.8971404  -0.3751604  -0.17915496 -1.7253373   0.7948991  -0.40607446
 -0.4939053   0.7234155  -2.0968366   1.2618062 ]
[-0.5146854   0.76728     0.34432164  0.9242153   1.5976257   0.26383647
 -0.8971404  -0.3751604  -0.17915496 -1.7253373   0.7948991  -0.40607446
 -0.4939053   0.7234155  -2.0968366   1.2618062 ]
[-0.5146854   0.76728     0.34432164  0.9242153   1.5976257   0.26383647
 -0.8971404  -0.3751604  -0.17915496 -1.7253373   0.7948991  -0.40607446
 -0.4939053   0.7234155  -2.0968366   1.2618062 ]
[-0.5146854   0.76728     0.34432164  0.9242153   1.5976257   0.26383647
 -0.8971404  -0.3751604  -0.17915496 -1.7253373   0.7948991  -0.40607446
 -0.4939053   0.7234155  -2.0968366   1.2618062 ]
[-0.5352107   0.73412156  0.31951252  0.9594585   1.6078466   0.26546198
 -0.90760565 -0.35399714 -0.18284807 -1.70397     0.75404435 -0.3816305
 -0.47511834  0.7461953  -2.1072261   1.2500767 ]
[-0.5352107   0.73412156  0.31951252  0.9594585   1.6078466   0.26546198
 -0.90760565 -0.35399714 -0.18284807 -1.70397     0.75404435 -0.3816305
 -0.47511834  0.7461953  -2.1072261   1.2500767 ]
[-0.5352107   0.73412156  0.31951252  0.9594585   1.6078466   0.26546198
 -0.90760565 -0.35399714 -0.18284807 -1.70397     0.75404435 -0.3816305
 -0.47511834  0.7461953  -2.1072261   1.2500767 ]
[-0.5352107   0.73412156  0.31951252  0.9594585   1.6078466   0.26546198
 -0.90760565 -0.35399714 -0.18284807 -1.70397     0.75404435 -0.3816305
 -0.47511834  0.7461953  -2.1072261   1.2500767 ]
[-0.5352107   0.73412156  0.31951252  0.9594585   1.6078466   0.26546198
 -0.90760565 -0.35399714 -0.18284807 -1.70397     0.75404435 -0.3816305
 -0.47511834  0.7461953  -2.1072261   1.2500767 ]
[-0.58483917  0.7253597   0.33530703  0.9459871   1.6320444   0.27272907
 -0.9243776  -0.3258419  -0.1407917  -1.697443    0.7389475  -0.38223308
 -0.47547245  0.72809565 -2.0986383   1.2400113 ]
[-0.58483917  0.7253597   0.33530703  0.9459871   1.6320444   0.27272907
 -0.9243776  -0.3258419  -0.1407917  -1.697443    0.7389475  -0.38223308
 -0.47547245  0.72809565 -2.0986383   1.2400113 ]
[-0.58483917  0.7253597   0.33530703  0.9459871   1.6320444   0.27272907
 -0.9243776  -0.3258419  -0.1407917  -1.697443    0.7389475  -0.38223308
 -0.47547245  0.72809565 -2.0986383   1.2400113 ]
[-0.58483917  0.7253597   0.33530703  0.9459871   1.6320444   0.27272907
 -0.9243776  -0.3258419  -0.1407917  -1.697443    0.7389475  -0.38223308
 -0.47547245  0.72809565 -2.0986383   1.2400113 ]
[-0.5503512   0.7403265   0.32147208  0.92565906  1.625521    0.24062762
 -0.8628567  -0.34828237 -0.15107171 -1.7024235   0.7718756  -0.4409833
 -0.48918623  0.75757486 -2.1254458   1.2774793 ]
[-0.5503512   0.7403265   0.32147208  0.92565906  1.625521    0.24062762
 -0.8628567  -0.34828237 -0.15107171 -1.7024235   0.7718756  -0.4409833
 -0.48918623  0.75757486 -2.1254458   1.2774793 ]
[-0.5503512   0.7403265   0.32147208  0.92565906  1.625521    0.24062762
 -0.8628567  -0.34828237 -0.15107171 -1.7024235   0.7718756  -0.4409833
 -0.48918623  0.75757486 -2.1254458   1.2774793 ]
[-0.5503512   0.7403265   0.32147208  0.92565906  1.625521    0.24062762
 -0.8628567  -0.34828237 -0.15107171 -1.7024235   0.7718756  -0.4409833
 -0.48918623  0.75757486 -2.1254458   1.2774793 ]
[-0.46294737  0.7952419   0.32278728  0.8707517   1.6236826   0.20985217
 -0.8504818  -0.40164828 -0.19527932 -1.7384603   0.85007036 -0.48890883
 -0.51142555  0.70966625 -2.086944    1.3463322 ]
[-0.46294737  0.7952419   0.32278728  0.8707517   1.6236826   0.20985217
 -0.8504818  -0.40164828 -0.19527932 -1.7384603   0.85007036 -0.48890883
 -0.51142555  0.70966625 -2.086944    1.3463322 ]
[-0.46294737  0.7952419   0.32278728  0.8707517   1.6236826   0.20985217
 -0.8504818  -0.40164828 -0.19527932 -1.7384603   0.85007036 -0.48890883
 -0.51142555  0.70966625 -2.086944    1.3463322 ]
[-0.46294737  0.7952419   0.32278728  0.8707517   1.6236826   0.20985217
 -0.8504818  -0.40164828 -0.19527932 -1.7384603   0.85007036 -0.48890883
 -0.51142555  0.70966625 -2.086944    1.3463322 ]
[-0.48643667  0.7771611   0.3198351   0.8994775   1.6109966   0.22196665
 -0.8585232  -0.3759786  -0.17165063 -1.7273152   0.82700574 -0.46732512
 -0.510733    0.7205601  -2.10576     1.3178529 ]
[-0.48643667  0.7771611   0.3198351   0.8994775   1.6109966   0.22196665
 -0.8585232  -0.3759786  -0.17165063 -1.7273152   0.82700574 -0.46732512
 -0.510733    0.7205601  -2.10576     1.3178529 ]
[-0.48643667  0.7771611   0.3198351   0.8994775   1.6109966   0.22196665
 -0.8585232  -0.3759786  -0.17165063 -1.7273152   0.82700574 -0.46732512
 -0.510733    0.7205601  -2.10576     1.3178529 ]
[-0.48643667  0.7771611   0.3198351   0.8994775   1.6109966   0.22196665
 -0.8585232  -0.3759786  -0.17165063 -1.7273152   0.82700574 -0.46732512
 -0.510733    0.7205601  -2.10576     1.3178529 ]
[-0.50143135  0.770993    0.32791775  0.9138485   1.5984029   0.23886006
 -0.87084544 -0.37304398 -0.17884421 -1.7265145   0.81215066 -0.43678632
 -0.48922682  0.7291868  -2.1064053   1.281455  ]
[-0.50143135  0.770993    0.32791775  0.9138485   1.5984029   0.23886006
 -0.87084544 -0.37304398 -0.17884421 -1.7265145   0.81215066 -0.43678632
 -0.48922682  0.7291868  -2.1064053   1.281455  ]
[-0.50143135  0.770993    0.32791775  0.9138485   1.5984029   0.23886006
 -0.87084544 -0.37304398 -0.17884421 -1.7265145   0.81215066 -0.43678632
 -0.48922682  0.7291868  -2.1064053   1.281455  ]
[-0.50143135  0.770993    0.32791775  0.9138485   1.5984029   0.23886006
 -0.87084544 -0.37304398 -0.17884421 -1.7265145   0.81215066 -0.43678632
 -0.48922682  0.7291868  -2.1064053   1.281455  ]
[-0.50143135  0.770993    0.32791775  0.9138485   1.5984029   0.23886006
 -0.87084544 -0.37304398 -0.17884421 -1.7265145   0.81215066 -0.43678632
 -0.48922682  0.7291868  -2.1064053   1.281455  ]
[-0.51227033  0.7400988   0.3531211   0.9371497   1.6019119   0.2542131
 -0.87515146 -0.37980866 -0.19937828 -1.7170727   0.78751266 -0.41056696
 -0.46651143  0.7511363  -2.1148305   1.2380533 ]
[-0.51227033  0.7400988   0.3531211   0.9371497   1.6019119   0.2542131
 -0.87515146 -0.37980866 -0.19937828 -1.7170727   0.78751266 -0.41056696
 -0.46651143  0.7511363  -2.1148305   1.2380533 ]
[-0.51227033  0.7400988   0.3531211   0.9371497   1.6019119   0.2542131
 -0.87515146 -0.37980866 -0.19937828 -1.7170727   0.78751266 -0.41056696
 -0.46651143  0.7511363  -2.1148305   1.2380533 ]
[-0.51227033  0.7400988   0.3531211   0.9371497   1.6019119   0.2542131
 -0.87515146 -0.37980866 -0.19937828 -1.7170727   0.78751266 -0.41056696
 -0.46651143  0.7511363  -2.1148305   1.2380533 ]
[-0.58540994  0.71923906  0.36808684  0.9570344   1.6100492   0.30015188
 -0.9181225  -0.33411488 -0.13853337 -1.6835232   0.73247015 -0.36309358
 -0.49852952  0.7238935  -2.1063294   1.2036339 ]
[-0.58540994  0.71923906  0.36808684  0.9570344   1.6100492   0.30015188
 -0.9181225  -0.33411488 -0.13853337 -1.6835232   0.73247015 -0.36309358
 -0.49852952  0.7238935  -2.1063294   1.2036339 ]
[-0.58540994  0.71923906  0.36808684  0.9570344   1.6100492   0.30015188
 -0.9181225  -0.33411488 -0.13853337 -1.6835232   0.73247015 -0.36309358
 -0.49852952  0.7238935  -2.1063294   1.2036339 ]
[-0.58540994  0.71923906  0.36808684  0.9570344   1.6100492   0.30015188
 -0.9181225  -0.33411488 -0.13853337 -1.6835232   0.73247015 -0.36309358
 -0.49852952  0.7238935  -2.1063294   1.2036339 ]
[-0.56239855  0.737837    0.35218516  0.9393114   1.5967107   0.26378885
 -0.8745276  -0.33424744 -0.1364896  -1.6770127   0.7424102  -0.40307412
 -0.5320334   0.752435   -2.1296623   1.25379   ]
[-0.56239855  0.737837    0.35218516  0.9393114   1.5967107   0.26378885
 -0.8745276  -0.33424744 -0.1364896  -1.6770127   0.7424102  -0.40307412
 -0.5320334   0.752435   -2.1296623   1.25379   ]
[-0.56239855  0.737837    0.35218516  0.9393114   1.5967107   0.26378885
 -0.8745276  -0.33424744 -0.1364896  -1.6770127   0.7424102  -0.40307412
 -0.5320334   0.752435   -2.1296623   1.25379   ]
[-0.56239855  0.737837    0.35218516  0.9393114   1.5967107   0.26378885
 -0.8745276  -0.33424744 -0.1364896  -1.6770127   0.7424102  -0.40307412
 -0.5320334   0.752435   -2.1296623   1.25379   ]
[-0.56239855  0.737837    0.35218516  0.9393114   1.5967107   0.26378885
 -0.8745276  -0.33424744 -0.1364896  -1.6770127   0.7424102  -0.40307412
 -0.5320334   0.752435   -2.1296623   1.25379   ]
[-0.5580479   0.7888384   0.34434482  0.87738097  1.6019865   0.25421786
 -0.8983199  -0.34560758 -0.11919905 -1.7041277   0.8139386  -0.4264339
 -0.5587567   0.7046081  -2.088515    1.3044076 ]
[-0.5580479   0.7888384   0.34434482  0.87738097  1.6019865   0.25421786
 -0.8983199  -0.34560758 -0.11919905 -1.7041277   0.8139386  -0.4264339
 -0.5587567   0.7046081  -2.088515    1.3044076 ]
[-0.5580479   0.7888384   0.34434482  0.87738097  1.6019865   0.25421786
 -0.8983199  -0.34560758 -0.11919905 -1.7041277   0.8139386  -0.4264339
 -0.5587567   0.7046081  -2.088515    1.3044076 ]
[-0.5580479   0.7888384   0.34434482  0.87738097  1.6019865   0.25421786
 -0.8983199  -0.34560758 -0.11919905 -1.7041277   0.8139386  -0.4264339
 -0.5587567   0.7046081  -2.088515    1.3044076 ]
[-0.5580479   0.7888384   0.34434482  0.87738097  1.6019865   0.25421786
 -0.8983199  -0.34560758 -0.11919905 -1.7041277   0.8139386  -0.4264339
 -0.5587567   0.7046081  -2.088515    1.3044076 ]
[-0.46333322  0.7775811   0.32644334  0.9011656   1.6083263   0.20335707
 -0.8354623  -0.38862342 -0.1786481  -1.7279495   0.8311407  -0.480161
 -0.5274862   0.7149885  -2.111015    1.3415073 ]
[-0.46333322  0.7775811   0.32644334  0.9011656   1.6083263   0.20335707
 -0.8354623  -0.38862342 -0.1786481  -1.7279495   0.8311407  -0.480161
 -0.5274862   0.7149885  -2.111015    1.3415073 ]
[-0.46333322  0.7775811   0.32644334  0.9011656   1.6083263   0.20335707
 -0.8354623  -0.38862342 -0.1786481  -1.7279495   0.8311407  -0.480161
 -0.5274862   0.7149885  -2.111015    1.3415073 ]
[-0.46333322  0.7775811   0.32644334  0.9011656   1.6083263   0.20335707
 -0.8354623  -0.38862342 -0.1786481  -1.7279495   0.8311407  -0.480161
 -0.5274862   0.7149885  -2.111015    1.3415073 ]
[-0.46333322  0.7775811   0.32644334  0.9011656   1.6083263   0.20335707
 -0.8354623  -0.38862342 -0.1786481  -1.7279495   0.8311407  -0.480161
 -0.5274862   0.7149885  -2.111015    1.3415073 ]
[-0.5005724   0.7927783   0.3278727   0.90056926  1.5881144   0.23490393
 -0.8623673  -0.37940988 -0.17493822 -1.7316949   0.8289995  -0.4504792
 -0.5150621   0.7216142  -2.0959554   1.3064086 ]
[-0.5005724   0.7927783   0.3278727   0.90056926  1.5881144   0.23490393
 -0.8623673  -0.37940988 -0.17493822 -1.7316949   0.8289995  -0.4504792
 -0.5150621   0.7216142  -2.0959554   1.3064086 ]
[-0.5005724   0.7927783   0.3278727   0.90056926  1.5881144   0.23490393
 -0.8623673  -0.37940988 -0.17493822 -1.7316949   0.8289995  -0.4504792
 -0.5150621   0.7216142  -2.0959554   1.3064086 ]
[-0.5005724   0.7927783   0.3278727   0.90056926  1.5881144   0.23490393
 -0.8623673  -0.37940988 -0.17493822 -1.7316949   0.8289995  -0.4504792
 -0.5150621   0.7216142  -2.0959554   1.3064086 ]
[-0.512426    0.7678619   0.34270388  0.9275635   1.5879081   0.2552378
 -0.8679825  -0.3838356  -0.19455351 -1.7234175   0.80240995 -0.42566758
 -0.48904628  0.74370366 -2.1059222   1.2644432 ]
[-0.512426    0.7678619   0.34270388  0.9275635   1.5879081   0.2552378
 -0.8679825  -0.3838356  -0.19455351 -1.7234175   0.80240995 -0.42566758
 -0.48904628  0.74370366 -2.1059222   1.2644432 ]
[-0.512426    0.7678619   0.34270388  0.9275635   1.5879081   0.2552378
 -0.8679825  -0.3838356  -0.19455351 -1.7234175   0.80240995 -0.42566758
 -0.48904628  0.74370366 -2.1059222   1.2644432 ]
[-0.512426    0.7678619   0.34270388  0.9275635   1.5879081   0.2552378
 -0.8679825  -0.3838356  -0.19455351 -1.7234175   0.80240995 -0.42566758
 -0.48904628  0.74370366 -2.1059222   1.2644432 ]
[-0.512426    0.7678619   0.34270388  0.9275635   1.5879081   0.2552378
 -0.8679825  -0.3838356  -0.19455351 -1.7234175   0.80240995 -0.42566758
 -0.48904628  0.74370366 -2.1059222   1.2644432 ]
[-0.502941    0.7925918   0.33039457  0.9268817   1.553578    0.26085386
 -0.8682192  -0.3670103  -0.18909514 -1.6993593   0.7853775  -0.40495405
 -0.5432049   0.7517149  -2.1201758   1.2839336 ]
[-0.502941    0.7925918   0.33039457  0.9268817   1.553578    0.26085386
 -0.8682192  -0.3670103  -0.18909514 -1.6993593   0.7853775  -0.40495405
 -0.5432049   0.7517149  -2.1201758   1.2839336 ]
[-0.502941    0.7925918   0.33039457  0.9268817   1.553578    0.26085386
 -0.8682192  -0.3670103  -0.18909514 -1.6993593   0.7853775  -0.40495405
 -0.5432049   0.7517149  -2.1201758   1.2839336 ]
[-0.502941    0.7925918   0.33039457  0.9268817   1.553578    0.26085386
 -0.8682192  -0.3670103  -0.18909514 -1.6993593   0.7853775  -0.40495405
 -0.5432049   0.7517149  -2.1201758   1.2839336 ]
[-0.5790181   0.7500237   0.3463482   0.9407898   1.5966339   0.2733677
 -0.8895995  -0.32836866 -0.11714917 -1.6842769   0.75076413 -0.38793677
 -0.5368851   0.73342574 -2.1226373   1.24331   ]
[-0.5790181   0.7500237   0.3463482   0.9407898   1.5966339   0.2733677
 -0.8895995  -0.32836866 -0.11714917 -1.6842769   0.75076413 -0.38793677
 -0.5368851   0.73342574 -2.1226373   1.24331   ]
[-0.5790181   0.7500237   0.3463482   0.9407898   1.5966339   0.2733677
 -0.8895995  -0.32836866 -0.11714917 -1.6842769   0.75076413 -0.38793677
 -0.5368851   0.73342574 -2.1226373   1.24331   ]
[-0.5790181   0.7500237   0.3463482   0.9407898   1.5966339   0.2733677
 -0.8895995  -0.32836866 -0.11714917 -1.6842769   0.75076413 -0.38793677
 -0.5368851   0.73342574 -2.1226373   1.24331   ]
[-0.5588824   0.7925949   0.329861    0.8867556   1.602382    0.25214797
 -0.8884466  -0.3411957  -0.11477101 -1.6991621   0.808432   -0.42778546
 -0.55962336  0.71339196 -2.1019127   1.2970269 ]
[-0.5588824   0.7925949   0.329861    0.8867556   1.602382    0.25214797
 -0.8884466  -0.3411957  -0.11477101 -1.6991621   0.808432   -0.42778546
 -0.55962336  0.71339196 -2.1019127   1.2970269 ]
[-0.5588824   0.7925949   0.329861    0.8867556   1.602382    0.25214797
 -0.8884466  -0.3411957  -0.11477101 -1.6991621   0.808432   -0.42778546
 -0.55962336  0.71339196 -2.1019127   1.2970269 ]
[-0.5588824   0.7925949   0.329861    0.8867556   1.602382    0.25214797
 -0.8884466  -0.3411957  -0.11477101 -1.6991621   0.808432   -0.42778546
 -0.55962336  0.71339196 -2.1019127   1.2970269 ]
[-0.46820602  0.8025123   0.31139985  0.86805046  1.6215824   0.20075414
 -0.86021405 -0.38823718 -0.17755285 -1.7417552   0.8607457  -0.48917276
 -0.51788837  0.7048869  -2.0842717   1.3499086 ]
[-0.46820602  0.8025123   0.31139985  0.86805046  1.6215824   0.20075414
 -0.86021405 -0.38823718 -0.17755285 -1.7417552   0.8607457  -0.48917276
 -0.51788837  0.7048869  -2.0842717   1.3499086 ]
[-0.46820602  0.8025123   0.31139985  0.86805046  1.6215824   0.20075414
 -0.86021405 -0.38823718 -0.17755285 -1.7417552   0.8607457  -0.48917276
 -0.51788837  0.7048869  -2.0842717   1.3499086 ]
[-0.46820602  0.8025123   0.31139985  0.86805046  1.6215824   0.20075414
 -0.86021405 -0.38823718 -0.17755285 -1.7417552   0.8607457  -0.48917276
 -0.51788837  0.7048869  -2.0842717   1.3499086 ]
[-0.5034603   0.7807163   0.3208061   0.90693694  1.6046956   0.21847534
 -0.86896515 -0.3716988  -0.1630777  -1.7433164   0.8303703  -0.45846754
 -0.49116215  0.72459805 -2.102206    1.3064494 ]
[-0.5034603   0.7807163   0.3208061   0.90693694  1.6046956   0.21847534
 -0.86896515 -0.3716988  -0.1630777  -1.7433164   0.8303703  -0.45846754
 -0.49116215  0.72459805 -2.102206    1.3064494 ]
[-0.5034603   0.7807163   0.3208061   0.90693694  1.6046956   0.21847534
 -0.86896515 -0.3716988  -0.1630777  -1.7433164   0.8303703  -0.45846754
 -0.49116215  0.72459805 -2.102206    1.3064494 ]
[-0.5034603   0.7807163   0.3208061   0.90693694  1.6046956   0.21847534
 -0.86896515 -0.3716988  -0.1630777  -1.7433164   0.8303703  -0.45846754
 -0.49116215  0.72459805 -2.102206    1.3064494 ]
[-0.5209232   0.78125036  0.33320373  0.9039587   1.6026379   0.25359622
 -0.8910661  -0.37934658 -0.17019454 -1.7377214   0.8261318  -0.42320365
 -0.47389928  0.72715634 -2.0999835   1.2571003 ]
[-0.5209232   0.78125036  0.33320373  0.9039587   1.6026379   0.25359622
 -0.8910661  -0.37934658 -0.17019454 -1.7377214   0.8261318  -0.42320365
 -0.47389928  0.72715634 -2.0999835   1.2571003 ]
[-0.5209232   0.78125036  0.33320373  0.9039587   1.6026379   0.25359622
 -0.8910661  -0.37934658 -0.17019454 -1.7377214   0.8261318  -0.42320365
 -0.47389928  0.72715634 -2.0999835   1.2571003 ]
[-0.5209232   0.78125036  0.33320373  0.9039587   1.6026379   0.25359622
 -0.8910661  -0.37934658 -0.17019454 -1.7377214   0.8261318  -0.42320365
 -0.47389928  0.72715634 -2.0999835   1.2571003 ]
[-0.48963428  0.77683675  0.34588036  0.9005227   1.60758     0.2495162
 -0.87575567 -0.39040178 -0.1920071  -1.7206755   0.8169128  -0.4239594
 -0.49934512  0.73458666 -2.1092172   1.2579197 ]
[-0.48963428  0.77683675  0.34588036  0.9005227   1.60758     0.2495162
 -0.87575567 -0.39040178 -0.1920071  -1.7206755   0.8169128  -0.4239594
 -0.49934512  0.73458666 -2.1092172   1.2579197 ]
[-0.48963428  0.77683675  0.34588036  0.9005227   1.60758     0.2495162
 -0.87575567 -0.39040178 -0.1920071  -1.7206755   0.8169128  -0.4239594
 -0.49934512  0.73458666 -2.1092172   1.2579197 ]
[-0.48963428  0.77683675  0.34588036  0.9005227   1.60758     0.2495162
 -0.87575567 -0.39040178 -0.1920071  -1.7206755   0.8169128  -0.4239594
 -0.49934512  0.73458666 -2.1092172   1.2579197 ]
[-0.48963428  0.77683675  0.34588036  0.9005227   1.60758     0.2495162
 -0.87575567 -0.39040178 -0.1920071  -1.7206755   0.8169128  -0.4239594
 -0.49934512  0.73458666 -2.1092172   1.2579197 ]
[-0.5851632   0.76532525  0.36124521  0.92339134  1.5968715   0.28774458
 -0.9044693  -0.3381278  -0.11511029 -1.6949022   0.76356184 -0.37723702
 -0.5353137   0.7224617  -2.1115124   1.2294109 ]
[-0.5851632   0.76532525  0.36124521  0.92339134  1.5968715   0.28774458
 -0.9044693  -0.3381278  -0.11511029 -1.6949022   0.76356184 -0.37723702
 -0.5353137   0.7224617  -2.1115124   1.2294109 ]
[-0.5851632   0.76532525  0.36124521  0.92339134  1.5968715   0.28774458
 -0.9044693  -0.3381278  -0.11511029 -1.6949022   0.76356184 -0.37723702
 -0.5353137   0.7224617  -2.1115124   1.2294109 ]
[-0.5851632   0.76532525  0.36124521  0.92339134  1.5968715   0.28774458
 -0.9044693  -0.3381278  -0.11511029 -1.6949022   0.76356184 -0.37723702
 -0.5353137   0.7224617  -2.1115124   1.2294109 ]
[-0.56792307  0.7914562   0.33970314  0.89501     1.5936165   0.26155314
 -0.8785761  -0.34860867 -0.11998282 -1.7042017   0.8023201  -0.42757314
 -0.54932284  0.7240492  -2.1040115   1.2827218 ]
[-0.56792307  0.7914562   0.33970314  0.89501     1.5936165   0.26155314
 -0.8785761  -0.34860867 -0.11998282 -1.7042017   0.8023201  -0.42757314
 -0.54932284  0.7240492  -2.1040115   1.2827218 ]
[-0.56792307  0.7914562   0.33970314  0.89501     1.5936165   0.26155314
 -0.8785761  -0.34860867 -0.11998282 -1.7042017   0.8023201  -0.42757314
 -0.54932284  0.7240492  -2.1040115   1.2827218 ]
[-0.56792307  0.7914562   0.33970314  0.89501     1.5936165   0.26155314
 -0.8785761  -0.34860867 -0.11998282 -1.7042017   0.8023201  -0.42757314
 -0.54932284  0.7240492  -2.1040115   1.2827218 ]
[-0.56792307  0.7914562   0.33970314  0.89501     1.5936165   0.26155314
 -0.8785761  -0.34860867 -0.11998282 -1.7042017   0.8023201  -0.42757314
 -0.54932284  0.7240492  -2.1040115   1.2827218 ]
[-0.4692896   0.8052276   0.32687575  0.8752071   1.6044846   0.21617289
 -0.8424207  -0.39813894 -0.17820303 -1.7341225   0.8520609  -0.4794597
 -0.54125595  0.7124313  -2.0939505   1.33633   ]
[-0.4692896   0.8052276   0.32687575  0.8752071   1.6044846   0.21617289
 -0.8424207  -0.39813894 -0.17820303 -1.7341225   0.8520609  -0.4794597
 -0.54125595  0.7124313  -2.0939505   1.33633   ]
[-0.4692896   0.8052276   0.32687575  0.8752071   1.6044846   0.21617289
 -0.8424207  -0.39813894 -0.17820303 -1.7341225   0.8520609  -0.4794597
 -0.54125595  0.7124313  -2.0939505   1.33633   ]
[-0.4692896   0.8052276   0.32687575  0.8752071   1.6044846   0.21617289
 -0.8424207  -0.39813894 -0.17820303 -1.7341225   0.8520609  -0.4794597
 -0.54125595  0.7124313  -2.0939505   1.33633   ]
[-0.49230528  0.78871363  0.33526158  0.90614414  1.5845006   0.23489025
 -0.84906113 -0.37890682 -0.16420922 -1.730478    0.8256532  -0.44212937
 -0.52724683  0.7280486  -2.1161253   1.2871225 ]
[-0.49230528  0.78871363  0.33526158  0.90614414  1.5845006   0.23489025
 -0.84906113 -0.37890682 -0.16420922 -1.730478    0.8256532  -0.44212937
 -0.52724683  0.7280486  -2.1161253   1.2871225 ]
[-0.49230528  0.78871363  0.33526158  0.90614414  1.5845006   0.23489025
 -0.84906113 -0.37890682 -0.16420922 -1.730478    0.8256532  -0.44212937
 -0.52724683  0.7280486  -2.1161253   1.2871225 ]
[-0.49230528  0.78871363  0.33526158  0.90614414  1.5845006   0.23489025
 -0.84906113 -0.37890682 -0.16420922 -1.730478    0.8256532  -0.44212937
 -0.52724683  0.7280486  -2.1161253   1.2871225 ]
[-0.49230528  0.78871363  0.33526158  0.90614414  1.5845006   0.23489025
 -0.84906113 -0.37890682 -0.16420922 -1.730478    0.8256532  -0.44212937
 -0.52724683  0.7280486  -2.1161253   1.2871225 ]
[-0.5150038   0.76443666  0.3628348   0.9166611   1.5848963   0.26780865
 -0.8821357  -0.37103963 -0.1686866  -1.7192831   0.79318005 -0.39364883
 -0.5036334   0.72606266 -2.1124775   1.2377421 ]
[-0.5150038   0.76443666  0.3628348   0.9166611   1.5848963   0.26780865
 -0.8821357  -0.37103963 -0.1686866  -1.7192831   0.79318005 -0.39364883
 -0.5036334   0.72606266 -2.1124775   1.2377421 ]
[-0.5150038   0.76443666  0.3628348   0.9166611   1.5848963   0.26780865
 -0.8821357  -0.37103963 -0.1686866  -1.7192831   0.79318005 -0.39364883
 -0.5036334   0.72606266 -2.1124775   1.2377421 ]
[-0.5150038   0.76443666  0.3628348   0.9166611   1.5848963   0.26780865
 -0.8821357  -0.37103963 -0.1686866  -1.7192831   0.79318005 -0.39364883
 -0.5036334   0.72606266 -2.1124775   1.2377421 ]
[-0.55815065  0.7464703   0.3694324   0.92194843  1.601601    0.29439396
 -0.91560614 -0.33891782 -0.14261815 -1.6940553   0.7581149  -0.35762858
 -0.5169967   0.7090743  -2.1023893   1.2124602 ]
[-0.55815065  0.7464703   0.3694324   0.92194843  1.601601    0.29439396
 -0.91560614 -0.33891782 -0.14261815 -1.6940553   0.7581149  -0.35762858
 -0.5169967   0.7090743  -2.1023893   1.2124602 ]
[-0.55815065  0.7464703   0.3694324   0.92194843  1.601601    0.29439396
 -0.91560614 -0.33891782 -0.14261815 -1.6940553   0.7581149  -0.35762858
 -0.5169967   0.7090743  -2.1023893   1.2124602 ]
[-0.55815065  0.7464703   0.3694324   0.92194843  1.601601    0.29439396
 -0.91560614 -0.33891782 -0.14261815 -1.6940553   0.7581149  -0.35762858
 -0.5169967   0.7090743  -2.1023893   1.2124602 ]
[-0.55815065  0.7464703   0.3694324   0.92194843  1.601601    0.29439396
 -0.91560614 -0.33891782 -0.14261815 -1.6940553   0.7581149  -0.35762858
 -0.5169967   0.7090743  -2.1023893   1.2124602 ]
[-0.5670202   0.74998385  0.36683822  0.92258054  1.6114233   0.28767568
 -0.9045311  -0.33295244 -0.1303437  -1.6854515   0.7432041  -0.3700094
 -0.52854234  0.70659196 -2.1097116   1.2284713 ]
[-0.5670202   0.74998385  0.36683822  0.92258054  1.6114233   0.28767568
 -0.9045311  -0.33295244 -0.1303437  -1.6854515   0.7432041  -0.3700094
 -0.52854234  0.70659196 -2.1097116   1.2284713 ]
[-0.5670202   0.74998385  0.36683822  0.92258054  1.6114233   0.28767568
 -0.9045311  -0.33295244 -0.1303437  -1.6854515   0.7432041  -0.3700094
 -0.52854234  0.70659196 -2.1097116   1.2284713 ]
[-0.5670202   0.74998385  0.36683822  0.92258054  1.6114233   0.28767568
 -0.9045311  -0.33295244 -0.1303437  -1.6854515   0.7432041  -0.3700094
 -0.52854234  0.70659196 -2.1097116   1.2284713 ]
[-0.54886043  0.80074185  0.34084383  0.8616915   1.6075611   0.25984305
 -0.9012367  -0.34202227 -0.13503215 -1.7023642   0.8001877  -0.4230669
 -0.5451394   0.7007326  -2.0850186   1.3023827 ]
[-0.54886043  0.80074185  0.34084383  0.8616915   1.6075611   0.25984305
 -0.9012367  -0.34202227 -0.13503215 -1.7023642   0.8001877  -0.4230669
 -0.5451394   0.7007326  -2.0850186   1.3023827 ]
[-0.54886043  0.80074185  0.34084383  0.8616915   1.6075611   0.25984305
 -0.9012367  -0.34202227 -0.13503215 -1.7023642   0.8001877  -0.4230669
 -0.5451394   0.7007326  -2.0850186   1.3023827 ]
[-0.54886043  0.80074185  0.34084383  0.8616915   1.6075611   0.25984305
 -0.9012367  -0.34202227 -0.13503215 -1.7023642   0.8001877  -0.4230669
 -0.5451394   0.7007326  -2.0850186   1.3023827 ]
[-0.54886043  0.80074185  0.34084383  0.8616915   1.6075611   0.25984305
 -0.9012367  -0.34202227 -0.13503215 -1.7023642   0.8001877  -0.4230669
 -0.5451394   0.7007326  -2.0850186   1.3023827 ]
[-0.44516832  0.7955738   0.30892316  0.8653766   1.633012    0.19761649
 -0.8483405  -0.39246684 -0.19438535 -1.7345695   0.8442108  -0.49697748
 -0.5147724   0.6977685  -2.089444    1.3670276 ]
[-0.44516832  0.7955738   0.30892316  0.8653766   1.633012    0.19761649
 -0.8483405  -0.39246684 -0.19438535 -1.7345695   0.8442108  -0.49697748
 -0.5147724   0.6977685  -2.089444    1.3670276 ]
[-0.44516832  0.7955738   0.30892316  0.8653766   1.633012    0.19761649
 -0.8483405  -0.39246684 -0.19438535 -1.7345695   0.8442108  -0.49697748
 -0.5147724   0.6977685  -2.089444    1.3670276 ]
[-0.44516832  0.7955738   0.30892316  0.8653766   1.633012    0.19761649
 -0.8483405  -0.39246684 -0.19438535 -1.7345695   0.8442108  -0.49697748
 -0.5147724   0.6977685  -2.089444    1.3670276 ]
[-0.44516832  0.7955738   0.30892316  0.8653766   1.633012    0.19761649
 -0.8483405  -0.39246684 -0.19438535 -1.7345695   0.8442108  -0.49697748
 -0.5147724   0.6977685  -2.089444    1.3670276 ]
[-0.4643088   0.7642292   0.30753568  0.90908754  1.628433    0.20358929
 -0.8406927  -0.38611028 -0.19691153 -1.7321345   0.8189354  -0.4795266
 -0.48501968  0.7288777  -2.1091998   1.3248451 ]
[-0.4643088   0.7642292   0.30753568  0.90908754  1.628433    0.20358929
 -0.8406927  -0.38611028 -0.19691153 -1.7321345   0.8189354  -0.4795266
 -0.48501968  0.7288777  -2.1091998   1.3248451 ]
[-0.4643088   0.7642292   0.30753568  0.90908754  1.628433    0.20358929
 -0.8406927  -0.38611028 -0.19691153 -1.7321345   0.8189354  -0.4795266
 -0.48501968  0.7288777  -2.1091998   1.3248451 ]
[-0.4643088   0.7642292   0.30753568  0.90908754  1.628433    0.20358929
 -0.8406927  -0.38611028 -0.19691153 -1.7321345   0.8189354  -0.4795266
 -0.48501968  0.7288777  -2.1091998   1.3248451 ]
[-0.49795526  0.76456225  0.329362    0.91305465  1.6132295   0.24650972
 -0.8861195  -0.3743707  -0.18794645 -1.7285793   0.7970027  -0.41949376
 -0.47199345  0.71743774 -2.100192    1.275193  ]
[-0.49795526  0.76456225  0.329362    0.91305465  1.6132295   0.24650972
 -0.8861195  -0.3743707  -0.18794645 -1.7285793   0.7970027  -0.41949376
 -0.47199345  0.71743774 -2.100192    1.275193  ]
[-0.49795526  0.76456225  0.329362    0.91305465  1.6132295   0.24650972
 -0.8861195  -0.3743707  -0.18794645 -1.7285793   0.7970027  -0.41949376
 -0.47199345  0.71743774 -2.100192    1.275193  ]
[-0.49795526  0.76456225  0.329362    0.91305465  1.6132295   0.24650972
 -0.8861195  -0.3743707  -0.18794645 -1.7285793   0.7970027  -0.41949376
 -0.47199345  0.71743774 -2.100192    1.275193  ]
[-0.48601967  0.7361073   0.32957253  0.921477    1.6373556   0.2414732
 -0.8858142  -0.38431233 -0.22329536 -1.7191292   0.7862592  -0.41769558
 -0.4436574   0.7368997  -2.0999928   1.2597344 ]
[-0.48601967  0.7361073   0.32957253  0.921477    1.6373556   0.2414732
 -0.8858142  -0.38431233 -0.22329536 -1.7191292   0.7862592  -0.41769558
 -0.4436574   0.7368997  -2.0999928   1.2597344 ]
[-0.48601967  0.7361073   0.32957253  0.921477    1.6373556   0.2414732
 -0.8858142  -0.38431233 -0.22329536 -1.7191292   0.7862592  -0.41769558
 -0.4436574   0.7368997  -2.0999928   1.2597344 ]
[-0.48601967  0.7361073   0.32957253  0.921477    1.6373556   0.2414732
 -0.8858142  -0.38431233 -0.22329536 -1.7191292   0.7862592  -0.41769558
 -0.4436574   0.7368997  -2.0999928   1.2597344 ]
[-0.48601967  0.7361073   0.32957253  0.921477    1.6373556   0.2414732
 -0.8858142  -0.38431233 -0.22329536 -1.7191292   0.7862592  -0.41769558
 -0.4436574   0.7368997  -2.0999928   1.2597344 ]
[-0.57499236  0.71253204  0.34097108  0.95199823  1.6394535   0.28427544
 -0.92165864 -0.32945615 -0.14597268 -1.6880026   0.72272694 -0.3720382
 -0.46898955  0.7228759  -2.106578    1.2209837 ]
[-0.57499236  0.71253204  0.34097108  0.95199823  1.6394535   0.28427544
 -0.92165864 -0.32945615 -0.14597268 -1.6880026   0.72272694 -0.3720382
 -0.46898955  0.7228759  -2.106578    1.2209837 ]
[-0.57499236  0.71253204  0.34097108  0.95199823  1.6394535   0.28427544
 -0.92165864 -0.32945615 -0.14597268 -1.6880026   0.72272694 -0.3720382
 -0.46898955  0.7228759  -2.106578    1.2209837 ]
[-0.57499236  0.71253204  0.34097108  0.95199823  1.6394535   0.28427544
 -0.92165864 -0.32945615 -0.14597268 -1.6880026   0.72272694 -0.3720382
 -0.46898955  0.7228759  -2.106578    1.2209837 ]
[-0.57499236  0.71253204  0.34097108  0.95199823  1.6394535   0.28427544
 -0.92165864 -0.32945615 -0.14597268 -1.6880026   0.72272694 -0.3720382
 -0.46898955  0.7228759  -2.106578    1.2209837 ]
[-0.5467397   0.7452127   0.32161146  0.9104683   1.629843    0.24698333
 -0.88065165 -0.3491773  -0.16074106 -1.7057225   0.76855963 -0.4342628
 -0.46918735  0.75336665 -2.1142902   1.2747824 ]
[-0.5467397   0.7452127   0.32161146  0.9104683   1.629843    0.24698333
 -0.88065165 -0.3491773  -0.16074106 -1.7057225   0.76855963 -0.4342628
 -0.46918735  0.75336665 -2.1142902   1.2747824 ]
[-0.5467397   0.7452127   0.32161146  0.9104683   1.629843    0.24698333
 -0.88065165 -0.3491773  -0.16074106 -1.7057225   0.76855963 -0.4342628
 -0.46918735  0.75336665 -2.1142902   1.2747824 ]
[-0.5467397   0.7452127   0.32161146  0.9104683   1.629843    0.24698333
 -0.88065165 -0.3491773  -0.16074106 -1.7057225   0.76855963 -0.4342628
 -0.46918735  0.75336665 -2.1142902   1.2747824 ]
[-0.463201    0.7845923   0.3201881   0.8697287   1.6360996   0.20017016
 -0.85619    -0.40494195 -0.21344991 -1.7482293   0.8435953  -0.49990994
 -0.4682602   0.7159966  -2.0781426   1.3545877 ]
[-0.463201    0.7845923   0.3201881   0.8697287   1.6360996   0.20017016
 -0.85619    -0.40494195 -0.21344991 -1.7482293   0.8435953  -0.49990994
 -0.4682602   0.7159966  -2.0781426   1.3545877 ]
[-0.463201    0.7845923   0.3201881   0.8697287   1.6360996   0.20017016
 -0.85619    -0.40494195 -0.21344991 -1.7482293   0.8435953  -0.49990994
 -0.4682602   0.7159966  -2.0781426   1.3545877 ]
[-0.463201    0.7845923   0.3201881   0.8697287   1.6360996   0.20017016
 -0.85619    -0.40494195 -0.21344991 -1.7482293   0.8435953  -0.49990994
 -0.4682602   0.7159966  -2.0781426   1.3545877 ]
[-0.4690066   0.7576178   0.31173405  0.9127145   1.6274933   0.21206674
 -0.83653843 -0.39670926 -0.19983481 -1.7299999   0.8180215  -0.47987503
 -0.486198    0.7364194  -2.1076672   1.3211182 ]
[-0.4690066   0.7576178   0.31173405  0.9127145   1.6274933   0.21206674
 -0.83653843 -0.39670926 -0.19983481 -1.7299999   0.8180215  -0.47987503
 -0.486198    0.7364194  -2.1076672   1.3211182 ]
[-0.4690066   0.7576178   0.31173405  0.9127145   1.6274933   0.21206674
 -0.83653843 -0.39670926 -0.19983481 -1.7299999   0.8180215  -0.47987503
 -0.486198    0.7364194  -2.1076672   1.3211182 ]
[-0.4690066   0.7576178   0.31173405  0.9127145   1.6274933   0.21206674
 -0.83653843 -0.39670926 -0.19983481 -1.7299999   0.8180215  -0.47987503
 -0.486198    0.7364194  -2.1076672   1.3211182 ]
[-0.49857193  0.76656264  0.32792014  0.91863525  1.6030849   0.24252446
 -0.8681351  -0.37576142 -0.18537489 -1.7267122   0.8048288  -0.4346307
 -0.4903241   0.73210126 -2.105371    1.2789992 ]
[-0.49857193  0.76656264  0.32792014  0.91863525  1.6030849   0.24252446
 -0.8681351  -0.37576142 -0.18537489 -1.7267122   0.8048288  -0.4346307
 -0.4903241   0.73210126 -2.105371    1.2789992 ]
[-0.49857193  0.76656264  0.32792014  0.91863525  1.6030849   0.24252446
 -0.8681351  -0.37576142 -0.18537489 -1.7267122   0.8048288  -0.4346307
 -0.4903241   0.73210126 -2.105371    1.2789992 ]
[-0.49857193  0.76656264  0.32792014  0.91863525  1.6030849   0.24252446
 -0.8681351  -0.37576142 -0.18537489 -1.7267122   0.8048288  -0.4346307
 -0.4903241   0.73210126 -2.105371    1.2789992 ]
[-0.514046    0.7215508   0.34390825  0.95604354  1.6141226   0.2552901
 -0.87629235 -0.3773281  -0.20440492 -1.7109554   0.7692696  -0.4037339
 -0.46026152  0.7556967  -2.1147685   1.2336131 ]
[-0.514046    0.7215508   0.34390825  0.95604354  1.6141226   0.2552901
 -0.87629235 -0.3773281  -0.20440492 -1.7109554   0.7692696  -0.4037339
 -0.46026152  0.7556967  -2.1147685   1.2336131 ]
[-0.514046    0.7215508   0.34390825  0.95604354  1.6141226   0.2552901
 -0.87629235 -0.3773281  -0.20440492 -1.7109554   0.7692696  -0.4037339
 -0.46026152  0.7556967  -2.1147685   1.2336131 ]
[-0.514046    0.7215508   0.34390825  0.95604354  1.6141226   0.2552901
 -0.87629235 -0.3773281  -0.20440492 -1.7109554   0.7692696  -0.4037339
 -0.46026152  0.7556967  -2.1147685   1.2336131 ]
[-0.60560346  0.69406927  0.35161272  0.9974453   1.6100683   0.30019283
 -0.9091398  -0.32507494 -0.13935459 -1.6743402   0.7099822  -0.3603267
 -0.4808978   0.7499     -2.1156201   1.1834911 ]
[-0.60560346  0.69406927  0.35161272  0.9974453   1.6100683   0.30019283
 -0.9091398  -0.32507494 -0.13935459 -1.6743402   0.7099822  -0.3603267
 -0.4808978   0.7499     -2.1156201   1.1834911 ]
[-0.60560346  0.69406927  0.35161272  0.9974453   1.6100683   0.30019283
 -0.9091398  -0.32507494 -0.13935459 -1.6743402   0.7099822  -0.3603267
 -0.4808978   0.7499     -2.1156201   1.1834911 ]
[-0.60560346  0.69406927  0.35161272  0.9974453   1.6100683   0.30019283
 -0.9091398  -0.32507494 -0.13935459 -1.6743402   0.7099822  -0.3603267
 -0.4808978   0.7499     -2.1156201   1.1834911 ]
[-0.60560346  0.69406927  0.35161272  0.9974453   1.6100683   0.30019283
 -0.9091398  -0.32507494 -0.13935459 -1.6743402   0.7099822  -0.3603267
 -0.4808978   0.7499     -2.1156201   1.1834911 ]
[-0.5792093   0.73887146  0.35840735  0.9545496   1.5871849   0.2827745
 -0.86859256 -0.34481606 -0.14311424 -1.6800944   0.74429893 -0.39468017
 -0.5217593   0.77089614 -2.1340022   1.2168399 ]
[-0.5792093   0.73887146  0.35840735  0.9545496   1.5871849   0.2827745
 -0.86859256 -0.34481606 -0.14311424 -1.6800944   0.74429893 -0.39468017
 -0.5217593   0.77089614 -2.1340022   1.2168399 ]
[-0.5792093   0.73887146  0.35840735  0.9545496   1.5871849   0.2827745
 -0.86859256 -0.34481606 -0.14311424 -1.6800944   0.74429893 -0.39468017
 -0.5217593   0.77089614 -2.1340022   1.2168399 ]
[-0.5792093   0.73887146  0.35840735  0.9545496   1.5871849   0.2827745
 -0.86859256 -0.34481606 -0.14311424 -1.6800944   0.74429893 -0.39468017
 -0.5217593   0.77089614 -2.1340022   1.2168399 ]
[-0.56136477  0.7872363   0.3511421   0.8844921   1.6075552   0.27938583
 -0.89597034 -0.36005908 -0.13170086 -1.699383    0.8120586  -0.4138421
 -0.55496776  0.70708776 -2.090539    1.2682314 ]
[-0.56136477  0.7872363   0.3511421   0.8844921   1.6075552   0.27938583
 -0.89597034 -0.36005908 -0.13170086 -1.699383    0.8120586  -0.4138421
 -0.55496776  0.70708776 -2.090539    1.2682314 ]
[-0.56136477  0.7872363   0.3511421   0.8844921   1.6075552   0.27938583
 -0.89597034 -0.36005908 -0.13170086 -1.699383    0.8120586  -0.4138421
 -0.55496776  0.70708776 -2.090539    1.2682314 ]
[-0.56136477  0.7872363   0.3511421   0.8844921   1.6075552   0.27938583
 -0.89597034 -0.36005908 -0.13170086 -1.699383    0.8120586  -0.4138421
 -0.55496776  0.70708776 -2.090539    1.2682314 ]
[-0.56136477  0.7872363   0.3511421   0.8844921   1.6075552   0.27938583
 -0.89597034 -0.36005908 -0.13170086 -1.699383    0.8120586  -0.4138421
 -0.55496776  0.70708776 -2.090539    1.2682314 ]
[-0.46817908  0.77719355  0.3278358   0.8847364   1.6256104   0.22129257
 -0.85621023 -0.39583817 -0.19355644 -1.725198    0.8417446  -0.46714315
 -0.52169716  0.71166104 -2.0893178   1.3180727 ]
[-0.46817908  0.77719355  0.3278358   0.8847364   1.6256104   0.22129257
 -0.85621023 -0.39583817 -0.19355644 -1.725198    0.8417446  -0.46714315
 -0.52169716  0.71166104 -2.0893178   1.3180727 ]
[-0.46817908  0.77719355  0.3278358   0.8847364   1.6256104   0.22129257
 -0.85621023 -0.39583817 -0.19355644 -1.725198    0.8417446  -0.46714315
 -0.52169716  0.71166104 -2.0893178   1.3180727 ]
[-0.46817908  0.77719355  0.3278358   0.8847364   1.6256104   0.22129257
 -0.85621023 -0.39583817 -0.19355644 -1.725198    0.8417446  -0.46714315
 -0.52169716  0.71166104 -2.0893178   1.3180727 ]
[-0.46817908  0.77719355  0.3278358   0.8847364   1.6256104   0.22129257
 -0.85621023 -0.39583817 -0.19355644 -1.725198    0.8417446  -0.46714315
 -0.52169716  0.71166104 -2.0893178   1.3180727 ]
[-0.5488497   0.7585872   0.3190748   0.9249486   1.604945    0.25610304
 -0.8887644  -0.35104963 -0.14381333 -1.7143749   0.79947436 -0.4080811
 -0.5035933   0.72243184 -2.1035535   1.2657208 ]
[-0.5488497   0.7585872   0.3190748   0.9249486   1.604945    0.25610304
 -0.8887644  -0.35104963 -0.14381333 -1.7143749   0.79947436 -0.4080811
 -0.5035933   0.72243184 -2.1035535   1.2657208 ]
[-0.5488497   0.7585872   0.3190748   0.9249486   1.604945    0.25610304
 -0.8887644  -0.35104963 -0.14381333 -1.7143749   0.79947436 -0.4080811
 -0.5035933   0.72243184 -2.1035535   1.2657208 ]
[-0.5488497   0.7585872   0.3190748   0.9249486   1.604945    0.25610304
 -0.8887644  -0.35104963 -0.14381333 -1.7143749   0.79947436 -0.4080811
 -0.5035933   0.72243184 -2.1035535   1.2657208 ]
[-0.48781744  0.73031336  0.33177233  0.94808614  1.6222312   0.23800771
 -0.8530976  -0.39427024 -0.20669091 -1.7347851   0.78238994 -0.43075913
 -0.42560235  0.74676764 -2.122617    1.2442834 ]
[-0.48781744  0.73031336  0.33177233  0.94808614  1.6222312   0.23800771
 -0.8530976  -0.39427024 -0.20669091 -1.7347851   0.78238994 -0.43075913
 -0.42560235  0.74676764 -2.122617    1.2442834 ]
[-0.48781744  0.73031336  0.33177233  0.94808614  1.6222312   0.23800771
 -0.8530976  -0.39427024 -0.20669091 -1.7347851   0.78238994 -0.43075913
 -0.42560235  0.74676764 -2.122617    1.2442834 ]
[-0.48781744  0.73031336  0.33177233  0.94808614  1.6222312   0.23800771
 -0.8530976  -0.39427024 -0.20669091 -1.7347851   0.78238994 -0.43075913
 -0.42560235  0.74676764 -2.122617    1.2442834 ]
[-0.48234916  0.7562584   0.34364069  0.89584625  1.640271    0.25412115
 -0.86847275 -0.42210293 -0.24516249 -1.7257334   0.82924193 -0.4385938
 -0.4615017   0.7392119  -2.0762992   1.2499412 ]
[-0.48234916  0.7562584   0.34364069  0.89584625  1.640271    0.25412115
 -0.86847275 -0.42210293 -0.24516249 -1.7257334   0.82924193 -0.4385938
 -0.4615017   0.7392119  -2.0762992   1.2499412 ]
[-0.48234916  0.7562584   0.34364069  0.89584625  1.640271    0.25412115
 -0.86847275 -0.42210293 -0.24516249 -1.7257334   0.82924193 -0.4385938
 -0.4615017   0.7392119  -2.0762992   1.2499412 ]
[-0.48234916  0.7562584   0.34364069  0.89584625  1.640271    0.25412115
 -0.86847275 -0.42210293 -0.24516249 -1.7257334   0.82924193 -0.4385938
 -0.4615017   0.7392119  -2.0762992   1.2499412 ]
[-0.59833646  0.7207235   0.3641332   0.9507872   1.6234701   0.29921937
 -0.91876394 -0.34301457 -0.14559224 -1.6948551   0.7380196  -0.36890903
 -0.47860202  0.7300638  -2.0959868   1.2047217 ]
[-0.59833646  0.7207235   0.3641332   0.9507872   1.6234701   0.29921937
 -0.91876394 -0.34301457 -0.14559224 -1.6948551   0.7380196  -0.36890903
 -0.47860202  0.7300638  -2.0959868   1.2047217 ]
[-0.59833646  0.7207235   0.3641332   0.9507872   1.6234701   0.29921937
 -0.91876394 -0.34301457 -0.14559224 -1.6948551   0.7380196  -0.36890903
 -0.47860202  0.7300638  -2.0959868   1.2047217 ]
[-0.59833646  0.7207235   0.3641332   0.9507872   1.6234701   0.29921937
 -0.91876394 -0.34301457 -0.14559224 -1.6948551   0.7380196  -0.36890903
 -0.47860202  0.7300638  -2.0959868   1.2047217 ]
[-0.59833646  0.7207235   0.3641332   0.9507872   1.6234701   0.29921937
 -0.91876394 -0.34301457 -0.14559224 -1.6948551   0.7380196  -0.36890903
 -0.47860202  0.7300638  -2.0959868   1.2047217 ]
[-0.57721555  0.76256394  0.33490127  0.9069907   1.6126778   0.26934952
 -0.8960552  -0.352949   -0.1484876  -1.7032003   0.7799861  -0.42112905
 -0.50060403  0.7416811  -2.0891964   1.2706223 ]
[-0.57721555  0.76256394  0.33490127  0.9069907   1.6126778   0.26934952
 -0.8960552  -0.352949   -0.1484876  -1.7032003   0.7799861  -0.42112905
 -0.50060403  0.7416811  -2.0891964   1.2706223 ]
[-0.57721555  0.76256394  0.33490127  0.9069907   1.6126778   0.26934952
 -0.8960552  -0.352949   -0.1484876  -1.7032003   0.7799861  -0.42112905
 -0.50060403  0.7416811  -2.0891964   1.2706223 ]
[-0.57721555  0.76256394  0.33490127  0.9069907   1.6126778   0.26934952
 -0.8960552  -0.352949   -0.1484876  -1.7032003   0.7799861  -0.42112905
 -0.50060403  0.7416811  -2.0891964   1.2706223 ]
[-0.48246408  0.78521633  0.3207051   0.8768426   1.6260259   0.220758
 -0.87495583 -0.39001015 -0.19032386 -1.7405262   0.83270836 -0.47755718
 -0.4887094   0.7156044  -2.079649    1.3385437 ]
[-0.48246408  0.78521633  0.3207051   0.8768426   1.6260259   0.220758
 -0.87495583 -0.39001015 -0.19032386 -1.7405262   0.83270836 -0.47755718
 -0.4887094   0.7156044  -2.079649    1.3385437 ]
[-0.48246408  0.78521633  0.3207051   0.8768426   1.6260259   0.220758
 -0.87495583 -0.39001015 -0.19032386 -1.7405262   0.83270836 -0.47755718
 -0.4887094   0.7156044  -2.079649    1.3385437 ]
[-0.48246408  0.78521633  0.3207051   0.8768426   1.6260259   0.220758
 -0.87495583 -0.39001015 -0.19032386 -1.7405262   0.83270836 -0.47755718
 -0.4887094   0.7156044  -2.079649    1.3385437 ]
[-0.48246408  0.78521633  0.3207051   0.8768426   1.6260259   0.220758
 -0.87495583 -0.39001015 -0.19032386 -1.7405262   0.83270836 -0.47755718
 -0.4887094   0.7156044  -2.079649    1.3385437 ]
[-0.4839599   0.73746645  0.32867512  0.9317214   1.6274112   0.22031727
 -0.8393525  -0.40130013 -0.20925908 -1.7331781   0.81066513 -0.4701194
 -0.46055388  0.75675327 -2.1111183   1.2854135 ]
[-0.4839599   0.73746645  0.32867512  0.9317214   1.6274112   0.22031727
 -0.8393525  -0.40130013 -0.20925908 -1.7331781   0.81066513 -0.4701194
 -0.46055388  0.75675327 -2.1111183   1.2854135 ]
[-0.4839599   0.73746645  0.32867512  0.9317214   1.6274112   0.22031727
 -0.8393525  -0.40130013 -0.20925908 -1.7331781   0.81066513 -0.4701194
 -0.46055388  0.75675327 -2.1111183   1.2854135 ]
[-0.4839599   0.73746645  0.32867512  0.9317214   1.6274112   0.22031727
 -0.8393525  -0.40130013 -0.20925908 -1.7331781   0.81066513 -0.4701194
 -0.46055388  0.75675327 -2.1111183   1.2854135 ]
[-0.4839599   0.73746645  0.32867512  0.9317214   1.6274112   0.22031727
 -0.8393525  -0.40130013 -0.20925908 -1.7331781   0.81066513 -0.4701194
 -0.46055388  0.75675327 -2.1111183   1.2854135 ]
[-0.53274816  0.7496323   0.36357033  0.94164693  1.5909547   0.2677771
 -0.88552266 -0.37977082 -0.19237444 -1.727019    0.77778643 -0.39925346
 -0.4714682   0.7417067  -2.0998733   1.2430145 ]
[-0.53274816  0.7496323   0.36357033  0.94164693  1.5909547   0.2677771
 -0.88552266 -0.37977082 -0.19237444 -1.727019    0.77778643 -0.39925346
 -0.4714682   0.7417067  -2.0998733   1.2430145 ]
[-0.53274816  0.7496323   0.36357033  0.94164693  1.5909547   0.2677771
 -0.88552266 -0.37977082 -0.19237444 -1.727019    0.77778643 -0.39925346
 -0.4714682   0.7417067  -2.0998733   1.2430145 ]
[-0.53274816  0.7496323   0.36357033  0.94164693  1.5909547   0.2677771
 -0.88552266 -0.37977082 -0.19237444 -1.727019    0.77778643 -0.39925346
 -0.4714682   0.7417067  -2.0998733   1.2430145 ]
[-0.56689286  0.749003    0.35633326  0.9504342   1.5821278   0.28621498
 -0.9048046  -0.3524862  -0.17981783 -1.7019657   0.75552034 -0.37999505
 -0.5036859   0.7439402  -2.0906825   1.2454008 ]
[-0.56689286  0.749003    0.35633326  0.9504342   1.5821278   0.28621498
 -0.9048046  -0.3524862  -0.17981783 -1.7019657   0.75552034 -0.37999505
 -0.5036859   0.7439402  -2.0906825   1.2454008 ]
[-0.56689286  0.749003    0.35633326  0.9504342   1.5821278   0.28621498
 -0.9048046  -0.3524862  -0.17981783 -1.7019657   0.75552034 -0.37999505
 -0.5036859   0.7439402  -2.0906825   1.2454008 ]
[-0.56689286  0.749003    0.35633326  0.9504342   1.5821278   0.28621498
 -0.9048046  -0.3524862  -0.17981783 -1.7019657   0.75552034 -0.37999505
 -0.5036859   0.7439402  -2.0906825   1.2454008 ]
[-0.59030086  0.7294042   0.36810818  0.96078664  1.5999253   0.29473
 -0.89560014 -0.34189504 -0.14856032 -1.6881883   0.7322587  -0.37517852
 -0.5159967   0.7426065  -2.1062083   1.2219298 ]
[-0.59030086  0.7294042   0.36810818  0.96078664  1.5999253   0.29473
 -0.89560014 -0.34189504 -0.14856032 -1.6881883   0.7322587  -0.37517852
 -0.5159967   0.7426065  -2.1062083   1.2219298 ]
[-0.59030086  0.7294042   0.36810818  0.96078664  1.5999253   0.29473
 -0.89560014 -0.34189504 -0.14856032 -1.6881883   0.7322587  -0.37517852
 -0.5159967   0.7426065  -2.1062083   1.2219298 ]
[-0.59030086  0.7294042   0.36810818  0.96078664  1.5999253   0.29473
 -0.89560014 -0.34189504 -0.14856032 -1.6881883   0.7322587  -0.37517852
 -0.5159967   0.7426065  -2.1062083   1.2219298 ]
[-0.54722756  0.7485815   0.34405407  0.9329812   1.5952213   0.2605647
 -0.84890306 -0.35493207 -0.16196494 -1.6830438   0.7638649  -0.42413768
 -0.5419366   0.7650895  -2.126223    1.267502  ]
[-0.54722756  0.7485815   0.34405407  0.9329812   1.5952213   0.2605647
 -0.84890306 -0.35493207 -0.16196494 -1.6830438   0.7638649  -0.42413768
 -0.5419366   0.7650895  -2.126223    1.267502  ]
[-0.54722756  0.7485815   0.34405407  0.9329812   1.5952213   0.2605647
 -0.84890306 -0.35493207 -0.16196494 -1.6830438   0.7638649  -0.42413768
 -0.5419366   0.7650895  -2.126223    1.267502  ]
[-0.54722756  0.7485815   0.34405407  0.9329812   1.5952213   0.2605647
 -0.84890306 -0.35493207 -0.16196494 -1.6830438   0.7638649  -0.42413768
 -0.5419366   0.7650895  -2.126223    1.267502  ]
[-0.54722756  0.7485815   0.34405407  0.9329812   1.5952213   0.2605647
 -0.84890306 -0.35493207 -0.16196494 -1.6830438   0.7638649  -0.42413768
 -0.5419366   0.7650895  -2.126223    1.267502  ]
[-0.4863707   0.8001129   0.34161347  0.8771496   1.6022927   0.23358874
 -0.8669321  -0.37956655 -0.1787684  -1.7197845   0.8293829  -0.4522395
 -0.559075    0.7023542  -2.083626    1.3317316 ]
[-0.4863707   0.8001129   0.34161347  0.8771496   1.6022927   0.23358874
 -0.8669321  -0.37956655 -0.1787684  -1.7197845   0.8293829  -0.4522395
 -0.559075    0.7023542  -2.083626    1.3317316 ]
[-0.4863707   0.8001129   0.34161347  0.8771496   1.6022927   0.23358874
 -0.8669321  -0.37956655 -0.1787684  -1.7197845   0.8293829  -0.4522395
 -0.559075    0.7023542  -2.083626    1.3317316 ]
[-0.4863707   0.8001129   0.34161347  0.8771496   1.6022927   0.23358874
 -0.8669321  -0.37956655 -0.1787684  -1.7197845   0.8293829  -0.4522395
 -0.559075    0.7023542  -2.083626    1.3317316 ]
[-0.4863707   0.8001129   0.34161347  0.8771496   1.6022927   0.23358874
 -0.8669321  -0.37956655 -0.1787684  -1.7197845   0.8293829  -0.4522395
 -0.559075    0.7023542  -2.083626    1.3317316 ]
[-0.57491434  0.75474936  0.32721567  0.9366392   1.6032282   0.27010626
 -0.880789   -0.33888382 -0.11893293 -1.693785    0.7794364  -0.39623505
 -0.5362954   0.7198777  -2.1159391   1.2534226 ]
[-0.57491434  0.75474936  0.32721567  0.9366392   1.6032282   0.27010626
 -0.880789   -0.33888382 -0.11893293 -1.693785    0.7794364  -0.39623505
 -0.5362954   0.7198777  -2.1159391   1.2534226 ]
[-0.57491434  0.75474936  0.32721567  0.9366392   1.6032282   0.27010626
 -0.880789   -0.33888382 -0.11893293 -1.693785    0.7794364  -0.39623505
 -0.5362954   0.7198777  -2.1159391   1.2534226 ]
[-0.57491434  0.75474936  0.32721567  0.9366392   1.6032282   0.27010626
 -0.880789   -0.33888382 -0.11893293 -1.693785    0.7794364  -0.39623505
 -0.5362954   0.7198777  -2.1159391   1.2534226 ]
[-0.48601323  0.77224106  0.32114598  0.8976328   1.6252253   0.23590362
 -0.88881874 -0.38222414 -0.20127125 -1.7323557   0.813396   -0.43812236
 -0.47535056  0.7147802  -2.083931    1.2985077 ]
[-0.48601323  0.77224106  0.32114598  0.8976328   1.6252253   0.23590362
 -0.88881874 -0.38222414 -0.20127125 -1.7323557   0.813396   -0.43812236
 -0.47535056  0.7147802  -2.083931    1.2985077 ]
[-0.48601323  0.77224106  0.32114598  0.8976328   1.6252253   0.23590362
 -0.88881874 -0.38222414 -0.20127125 -1.7323557   0.813396   -0.43812236
 -0.47535056  0.7147802  -2.083931    1.2985077 ]
[-0.48601323  0.77224106  0.32114598  0.8976328   1.6252253   0.23590362
 -0.88881874 -0.38222414 -0.20127125 -1.7323557   0.813396   -0.43812236
 -0.47535056  0.7147802  -2.083931    1.2985077 ]
[-0.48987     0.74730605  0.3224272   0.90977126  1.6442188   0.24028072
 -0.9067251  -0.37565845 -0.21506636 -1.7250156   0.79372156 -0.41686806
 -0.44795218  0.7191697  -2.084949    1.2750006 ]
[-0.48987     0.74730605  0.3224272   0.90977126  1.6442188   0.24028072
 -0.9067251  -0.37565845 -0.21506636 -1.7250156   0.79372156 -0.41686806
 -0.44795218  0.7191697  -2.084949    1.2750006 ]
[-0.48987     0.74730605  0.3224272   0.90977126  1.6442188   0.24028072
 -0.9067251  -0.37565845 -0.21506636 -1.7250156   0.79372156 -0.41686806
 -0.44795218  0.7191697  -2.084949    1.2750006 ]
[-0.48987     0.74730605  0.3224272   0.90977126  1.6442188   0.24028072
 -0.9067251  -0.37565845 -0.21506636 -1.7250156   0.79372156 -0.41686806
 -0.44795218  0.7191697  -2.084949    1.2750006 ]
[-0.48987     0.74730605  0.3224272   0.90977126  1.6442188   0.24028072
 -0.9067251  -0.37565845 -0.21506636 -1.7250156   0.79372156 -0.41686806
 -0.44795218  0.7191697  -2.084949    1.2750006 ]
[-0.5687189   0.72998273  0.3258156   0.9269292   1.6563591   0.27109677
 -0.9476115  -0.3249593  -0.15781638 -1.7022661   0.74500763 -0.3815066
 -0.46009666  0.7037269  -2.0777342   1.2513543 ]
[-0.5687189   0.72998273  0.3258156   0.9269292   1.6563591   0.27109677
 -0.9476115  -0.3249593  -0.15781638 -1.7022661   0.74500763 -0.3815066
 -0.46009666  0.7037269  -2.0777342   1.2513543 ]
[-0.5687189   0.72998273  0.3258156   0.9269292   1.6563591   0.27109677
 -0.9476115  -0.3249593  -0.15781638 -1.7022661   0.74500763 -0.3815066
 -0.46009666  0.7037269  -2.0777342   1.2513543 ]
[-0.5687189   0.72998273  0.3258156   0.9269292   1.6563591   0.27109677
 -0.9476115  -0.3249593  -0.15781638 -1.7022661   0.74500763 -0.3815066
 -0.46009666  0.7037269  -2.0777342   1.2513543 ]
[-0.55294317  0.7137559   0.30338937  0.9352479   1.6621643   0.23121794
 -0.8804248  -0.34123468 -0.16668582 -1.707045    0.75752884 -0.44364685
 -0.43600464  0.7565581  -2.1154418   1.2736171 ]
[-0.55294317  0.7137559   0.30338937  0.9352479   1.6621643   0.23121794
 -0.8804248  -0.34123468 -0.16668582 -1.707045    0.75752884 -0.44364685
 -0.43600464  0.7565581  -2.1154418   1.2736171 ]
[-0.55294317  0.7137559   0.30338937  0.9352479   1.6621643   0.23121794
 -0.8804248  -0.34123468 -0.16668582 -1.707045    0.75752884 -0.44364685
 -0.43600464  0.7565581  -2.1154418   1.2736171 ]
[-0.55294317  0.7137559   0.30338937  0.9352479   1.6621643   0.23121794
 -0.8804248  -0.34123468 -0.16668582 -1.707045    0.75752884 -0.44364685
 -0.43600464  0.7565581  -2.1154418   1.2736171 ]
[-0.4726084   0.76575553  0.31460214  0.8785532   1.6577177   0.19960901
 -0.8562406  -0.40792805 -0.22431967 -1.7477176   0.8408516  -0.5116281
 -0.4460628   0.7212411  -2.06893     1.349556  ]
[-0.4726084   0.76575553  0.31460214  0.8785532   1.6577177   0.19960901
 -0.8562406  -0.40792805 -0.22431967 -1.7477176   0.8408516  -0.5116281
 -0.4460628   0.7212411  -2.06893     1.349556  ]
[-0.4726084   0.76575553  0.31460214  0.8785532   1.6577177   0.19960901
 -0.8562406  -0.40792805 -0.22431967 -1.7477176   0.8408516  -0.5116281
 -0.4460628   0.7212411  -2.06893     1.349556  ]
[-0.4726084   0.76575553  0.31460214  0.8785532   1.6577177   0.19960901
 -0.8562406  -0.40792805 -0.22431967 -1.7477176   0.8408516  -0.5116281
 -0.4460628   0.7212411  -2.06893     1.349556  ]
[-0.46677026  0.7591327   0.30908284  0.9094354   1.6223751   0.20265007
 -0.8173124  -0.40254807 -0.2108587  -1.7312244   0.8258157  -0.49834767
 -0.48145136  0.75066197 -2.110183    1.331137  ]
[-0.46677026  0.7591327   0.30908284  0.9094354   1.6223751   0.20265007
 -0.8173124  -0.40254807 -0.2108587  -1.7312244   0.8258157  -0.49834767
 -0.48145136  0.75066197 -2.110183    1.331137  ]
[-0.46677026  0.7591327   0.30908284  0.9094354   1.6223751   0.20265007
 -0.8173124  -0.40254807 -0.2108587  -1.7312244   0.8258157  -0.49834767
 -0.48145136  0.75066197 -2.110183    1.331137  ]
[-0.46677026  0.7591327   0.30908284  0.9094354   1.6223751   0.20265007
 -0.8173124  -0.40254807 -0.2108587  -1.7312244   0.8258157  -0.49834767
 -0.48145136  0.75066197 -2.110183    1.331137  ]
[-0.5030325   0.7791047   0.3332343   0.90797853  1.5910814   0.236558
 -0.862244   -0.3776043  -0.18490753 -1.7318194   0.8190141  -0.44545072
 -0.50044554  0.73385996 -2.0987587   1.2935935 ]
[-0.5030325   0.7791047   0.3332343   0.90797853  1.5910814   0.236558
 -0.862244   -0.3776043  -0.18490753 -1.7318194   0.8190141  -0.44545072
 -0.50044554  0.73385996 -2.0987587   1.2935935 ]
[-0.5030325   0.7791047   0.3332343   0.90797853  1.5910814   0.236558
 -0.862244   -0.3776043  -0.18490753 -1.7318194   0.8190141  -0.44545072
 -0.50044554  0.73385996 -2.0987587   1.2935935 ]
[-0.5030325   0.7791047   0.3332343   0.90797853  1.5910814   0.236558
 -0.862244   -0.3776043  -0.18490753 -1.7318194   0.8190141  -0.44545072
 -0.50044554  0.73385996 -2.0987587   1.2935935 ]
[-0.51947147  0.73600316  0.34885436  0.944911    1.6012548   0.2586309
 -0.8797232  -0.37365302 -0.18970743 -1.71674     0.7788231  -0.39912945
 -0.47180843  0.74595666 -2.1122956   1.2357908 ]
[-0.51947147  0.73600316  0.34885436  0.944911    1.6012548   0.2586309
 -0.8797232  -0.37365302 -0.18970743 -1.71674     0.7788231  -0.39912945
 -0.47180843  0.74595666 -2.1122956   1.2357908 ]
[-0.51947147  0.73600316  0.34885436  0.944911    1.6012548   0.2586309
 -0.8797232  -0.37365302 -0.18970743 -1.71674     0.7788231  -0.39912945
 -0.47180843  0.74595666 -2.1122956   1.2357908 ]
[-0.51947147  0.73600316  0.34885436  0.944911    1.6012548   0.2586309
 -0.8797232  -0.37365302 -0.18970743 -1.71674     0.7788231  -0.39912945
 -0.47180843  0.74595666 -2.1122956   1.2357908 ]
[-0.593015    0.715731    0.36092022  0.97276384  1.6023884   0.30166182
 -0.91759986 -0.3303516  -0.13910855 -1.6836827   0.7274615  -0.3585366
 -0.49316248  0.73317325 -2.106698    1.1947653 ]
[-0.593015    0.715731    0.36092022  0.97276384  1.6023884   0.30166182
 -0.91759986 -0.3303516  -0.13910855 -1.6836827   0.7274615  -0.3585366
 -0.49316248  0.73317325 -2.106698    1.1947653 ]
[-0.593015    0.715731    0.36092022  0.97276384  1.6023884   0.30166182
 -0.91759986 -0.3303516  -0.13910855 -1.6836827   0.7274615  -0.3585366
 -0.49316248  0.73317325 -2.106698    1.1947653 ]
[-0.593015    0.715731    0.36092022  0.97276384  1.6023884   0.30166182
 -0.91759986 -0.3303516  -0.13910855 -1.6836827   0.7274615  -0.3585366
 -0.49316248  0.73317325 -2.106698    1.1947653 ]
[-0.57597405  0.74349326  0.3605965   0.95326245  1.5809903   0.28082654
 -0.86646616 -0.34375608 -0.14225407 -1.6816162   0.74297893 -0.39663547
 -0.5263381   0.77020776 -2.1337323   1.2222478 ]
[-0.57597405  0.74349326  0.3605965   0.95326245  1.5809903   0.28082654
 -0.86646616 -0.34375608 -0.14225407 -1.6816162   0.74297893 -0.39663547
 -0.5263381   0.77020776 -2.1337323   1.2222478 ]
[-0.57597405  0.74349326  0.3605965   0.95326245  1.5809903   0.28082654
 -0.86646616 -0.34375608 -0.14225407 -1.6816162   0.74297893 -0.39663547
 -0.5263381   0.77020776 -2.1337323   1.2222478 ]
[-0.57597405  0.74349326  0.3605965   0.95326245  1.5809903   0.28082654
 -0.86646616 -0.34375608 -0.14225407 -1.6816162   0.74297893 -0.39663547
 -0.5263381   0.77020776 -2.1337323   1.2222478 ]
[-0.5655888   0.7947879   0.35571137  0.88333446  1.6025648   0.28009248
 -0.89904034 -0.36350673 -0.12953426 -1.7041795   0.8130126  -0.41651297
 -0.55657953  0.70577955 -2.0836933   1.2730397 ]
[-0.5655888   0.7947879   0.35571137  0.88333446  1.6025648   0.28009248
 -0.89904034 -0.36350673 -0.12953426 -1.7041795   0.8130126  -0.41651297
 -0.55657953  0.70577955 -2.0836933   1.2730397 ]
[-0.5655888   0.7947879   0.35571137  0.88333446  1.6025648   0.28009248
 -0.89904034 -0.36350673 -0.12953426 -1.7041795   0.8130126  -0.41651297
 -0.55657953  0.70577955 -2.0836933   1.2730397 ]
[-0.5655888   0.7947879   0.35571137  0.88333446  1.6025648   0.28009248
 -0.89904034 -0.36350673 -0.12953426 -1.7041795   0.8130126  -0.41651297
 -0.55657953  0.70577955 -2.0836933   1.2730397 ]
[-0.4701298   0.8031416   0.33262977  0.87351835  1.6112543   0.22426113
 -0.8538658  -0.39894083 -0.18628773 -1.7254612   0.8490651  -0.47411186
 -0.5512121   0.7034885  -2.0836625   1.3383605 ]
[-0.4701298   0.8031416   0.33262977  0.87351835  1.6112543   0.22426113
 -0.8538658  -0.39894083 -0.18628773 -1.7254612   0.8490651  -0.47411186
 -0.5512121   0.7034885  -2.0836625   1.3383605 ]
[-0.4701298   0.8031416   0.33262977  0.87351835  1.6112543   0.22426113
 -0.8538658  -0.39894083 -0.18628773 -1.7254612   0.8490651  -0.47411186
 -0.5512121   0.7034885  -2.0836625   1.3383605 ]
[-0.4701298   0.8031416   0.33262977  0.87351835  1.6112543   0.22426113
 -0.8538658  -0.39894083 -0.18628773 -1.7254612   0.8490651  -0.47411186
 -0.5512121   0.7034885  -2.0836625   1.3383605 ]
[-0.5427178   0.77961314  0.31710848  0.90807897  1.6016747   0.26253542
 -0.89483213 -0.3479072  -0.12832816 -1.7044636   0.80948573 -0.4105482
 -0.54752254  0.70451653 -2.1002188   1.2836605 ]
[-0.5427178   0.77961314  0.31710848  0.90807897  1.6016747   0.26253542
 -0.89483213 -0.3479072  -0.12832816 -1.7044636   0.80948573 -0.4105482
 -0.54752254  0.70451653 -2.1002188   1.2836605 ]
[-0.5427178   0.77961314  0.31710848  0.90807897  1.6016747   0.26253542
 -0.89483213 -0.3479072  -0.12832816 -1.7044636   0.80948573 -0.4105482
 -0.54752254  0.70451653 -2.1002188   1.2836605 ]
[-0.5427178   0.77961314  0.31710848  0.90807897  1.6016747   0.26253542
 -0.89483213 -0.3479072  -0.12832816 -1.7044636   0.80948573 -0.4105482
 -0.54752254  0.70451653 -2.1002188   1.2836605 ]
[-0.4723858   0.73340476  0.32111183  0.94268525  1.6234487   0.23285413
 -0.857364   -0.3731386  -0.18371232 -1.7178406   0.77867824 -0.42229956
 -0.46596527  0.7269655  -2.1367323   1.25916   ]
[-0.4723858   0.73340476  0.32111183  0.94268525  1.6234487   0.23285413
 -0.857364   -0.3731386  -0.18371232 -1.7178406   0.77867824 -0.42229956
 -0.46596527  0.7269655  -2.1367323   1.25916   ]
[-0.4723858   0.73340476  0.32111183  0.94268525  1.6234487   0.23285413
 -0.857364   -0.3731386  -0.18371232 -1.7178406   0.77867824 -0.42229956
 -0.46596527  0.7269655  -2.1367323   1.25916   ]
[-0.4723858   0.73340476  0.32111183  0.94268525  1.6234487   0.23285413
 -0.857364   -0.3731386  -0.18371232 -1.7178406   0.77867824 -0.42229956
 -0.46596527  0.7269655  -2.1367323   1.25916   ]
[-0.4723858   0.73340476  0.32111183  0.94268525  1.6234487   0.23285413
 -0.857364   -0.3731386  -0.18371232 -1.7178406   0.77867824 -0.42229956
 -0.46596527  0.7269655  -2.1367323   1.25916   ]
[-0.48508078  0.73313457  0.33503354  0.9240896   1.6384096   0.24435952
 -0.8802511  -0.3848045  -0.21349677 -1.7146946   0.7897773  -0.41679454
 -0.44917375  0.73173493 -2.1084301   1.2443559 ]
[-0.48508078  0.73313457  0.33503354  0.9240896   1.6384096   0.24435952
 -0.8802511  -0.3848045  -0.21349677 -1.7146946   0.7897773  -0.41679454
 -0.44917375  0.73173493 -2.1084301   1.2443559 ]
[-0.48508078  0.73313457  0.33503354  0.9240896   1.6384096   0.24435952
 -0.8802511  -0.3848045  -0.21349677 -1.7146946   0.7897773  -0.41679454
 -0.44917375  0.73173493 -2.1084301   1.2443559 ]
[-0.48508078  0.73313457  0.33503354  0.9240896   1.6384096   0.24435952
 -0.8802511  -0.3848045  -0.21349677 -1.7146946   0.7897773  -0.41679454
 -0.44917375  0.73173493 -2.1084301   1.2443559 ]
[-0.48508078  0.73313457  0.33503354  0.9240896   1.6384096   0.24435952
 -0.8802511  -0.3848045  -0.21349677 -1.7146946   0.7897773  -0.41679454
 -0.44917375  0.73173493 -2.1084301   1.2443559 ]
[-0.57827574  0.7159442   0.35236788  0.9480956   1.6340681   0.29011315
 -0.9178665  -0.33108348 -0.13417213 -1.6824462   0.7298028  -0.36868626
 -0.48206025  0.71501315 -2.109152    1.2056555 ]
[-0.57827574  0.7159442   0.35236788  0.9480956   1.6340681   0.29011315
 -0.9178665  -0.33108348 -0.13417213 -1.6824462   0.7298028  -0.36868626
 -0.48206025  0.71501315 -2.109152    1.2056555 ]
[-0.57827574  0.7159442   0.35236788  0.9480956   1.6340681   0.29011315
 -0.9178665  -0.33108348 -0.13417213 -1.6824462   0.7298028  -0.36868626
 -0.48206025  0.71501315 -2.109152    1.2056555 ]
[-0.57827574  0.7159442   0.35236788  0.9480956   1.6340681   0.29011315
 -0.9178665  -0.33108348 -0.13417213 -1.6824462   0.7298028  -0.36868626
 -0.48206025  0.71501315 -2.109152    1.2056555 ]
[-0.5560817   0.76378727  0.33475736  0.8819459   1.627752    0.26129013
 -0.9044318  -0.348195   -0.15030572 -1.7061869   0.78326106 -0.426517
 -0.4861628   0.73072374 -2.0897484   1.2741785 ]
[-0.5560817   0.76378727  0.33475736  0.8819459   1.627752    0.26129013
 -0.9044318  -0.348195   -0.15030572 -1.7061869   0.78326106 -0.426517
 -0.4861628   0.73072374 -2.0897484   1.2741785 ]
[-0.5560817   0.76378727  0.33475736  0.8819459   1.627752    0.26129013
 -0.9044318  -0.348195   -0.15030572 -1.7061869   0.78326106 -0.426517
 -0.4861628   0.73072374 -2.0897484   1.2741785 ]
[-0.5560817   0.76378727  0.33475736  0.8819459   1.627752    0.26129013
 -0.9044318  -0.348195   -0.15030572 -1.7061869   0.78326106 -0.426517
 -0.4861628   0.73072374 -2.0897484   1.2741785 ]
[-0.46160936  0.7829794   0.32158026  0.8685444   1.6367191   0.19924803
 -0.85531044 -0.40539026 -0.20833278 -1.7460693   0.84698313 -0.50036633
 -0.4730242   0.71543306 -2.0814679   1.3525105 ]
[-0.46160936  0.7829794   0.32158026  0.8685444   1.6367191   0.19924803
 -0.85531044 -0.40539026 -0.20833278 -1.7460693   0.84698313 -0.50036633
 -0.4730242   0.71543306 -2.0814679   1.3525105 ]
[-0.46160936  0.7829794   0.32158026  0.8685444   1.6367191   0.19924803
 -0.85531044 -0.40539026 -0.20833278 -1.7460693   0.84698313 -0.50036633
 -0.4730242   0.71543306 -2.0814679   1.3525105 ]
[-0.46160936  0.7829794   0.32158026  0.8685444   1.6367191   0.19924803
 -0.85531044 -0.40539026 -0.20833278 -1.7460693   0.84698313 -0.50036633
 -0.4730242   0.71543306 -2.0814679   1.3525105 ]
[-0.46689957  0.7601699   0.31792185  0.9061545   1.6194973   0.2047941
 -0.82975495 -0.3933309  -0.19753188 -1.7321546   0.8214628  -0.48749644
 -0.48870802  0.7390121  -2.1128194   1.3311596 ]
[-0.46689957  0.7601699   0.31792185  0.9061545   1.6194973   0.2047941
 -0.82975495 -0.3933309  -0.19753188 -1.7321546   0.8214628  -0.48749644
 -0.48870802  0.7390121  -2.1128194   1.3311596 ]
[-0.46689957  0.7601699   0.31792185  0.9061545   1.6194973   0.2047941
 -0.82975495 -0.3933309  -0.19753188 -1.7321546   0.8214628  -0.48749644
 -0.48870802  0.7390121  -2.1128194   1.3311596 ]
[-0.46689957  0.7601699   0.31792185  0.9061545   1.6194973   0.2047941
 -0.82975495 -0.3933309  -0.19753188 -1.7321546   0.8214628  -0.48749644
 -0.48870802  0.7390121  -2.1128194   1.3311596 ]
[-0.46689957  0.7601699   0.31792185  0.9061545   1.6194973   0.2047941
 -0.82975495 -0.3933309  -0.19753188 -1.7321546   0.8214628  -0.48749644
 -0.48870802  0.7390121  -2.1128194   1.3311596 ]
[-0.50175303  0.7703107   0.33818874  0.9156396   1.5897907   0.23727885
 -0.8576007  -0.3743655  -0.1823861  -1.7319216   0.8053463  -0.44045505
 -0.4908928   0.736772   -2.1095872   1.2854257 ]
[-0.50175303  0.7703107   0.33818874  0.9156396   1.5897907   0.23727885
 -0.8576007  -0.3743655  -0.1823861  -1.7319216   0.8053463  -0.44045505
 -0.4908928   0.736772   -2.1095872   1.2854257 ]
[-0.50175303  0.7703107   0.33818874  0.9156396   1.5897907   0.23727885
 -0.8576007  -0.3743655  -0.1823861  -1.7319216   0.8053463  -0.44045505
 -0.4908928   0.736772   -2.1095872   1.2854257 ]
[-0.50175303  0.7703107   0.33818874  0.9156396   1.5897907   0.23727885
 -0.8576007  -0.3743655  -0.1823861  -1.7319216   0.8053463  -0.44045505
 -0.4908928   0.736772   -2.1095872   1.2854257 ]
[-0.5207407   0.73407     0.35169196  0.95752317  1.5938503   0.26087683
 -0.8636805  -0.37423438 -0.19089645 -1.7145687   0.769182   -0.4044931
 -0.46962318  0.75387657 -2.125979    1.2306418 ]
[-0.5207407   0.73407     0.35169196  0.95752317  1.5938503   0.26087683
 -0.8636805  -0.37423438 -0.19089645 -1.7145687   0.769182   -0.4044931
 -0.46962318  0.75387657 -2.125979    1.2306418 ]
[-0.5207407   0.73407     0.35169196  0.95752317  1.5938503   0.26087683
 -0.8636805  -0.37423438 -0.19089645 -1.7145687   0.769182   -0.4044931
 -0.46962318  0.75387657 -2.125979    1.2306418 ]
[-0.5207407   0.73407     0.35169196  0.95752317  1.5938503   0.26087683
 -0.8636805  -0.37423438 -0.19089645 -1.7145687   0.769182   -0.4044931
 -0.46962318  0.75387657 -2.125979    1.2306418 ]
[-0.5207407   0.73407     0.35169196  0.95752317  1.5938503   0.26087683
 -0.8636805  -0.37423438 -0.19089645 -1.7145687   0.769182   -0.4044931
 -0.46962318  0.75387657 -2.125979    1.2306418 ]
[-0.561061    0.7466625   0.34811848  0.9738037   1.5601515   0.28702644
 -0.8780406  -0.34158295 -0.15537563 -1.6808758   0.73785055 -0.37372103
 -0.52051735  0.7596455  -2.1369233   1.2226723 ]
[-0.561061    0.7466625   0.34811848  0.9738037   1.5601515   0.28702644
 -0.8780406  -0.34158295 -0.15537563 -1.6808758   0.73785055 -0.37372103
 -0.52051735  0.7596455  -2.1369233   1.2226723 ]
[-0.561061    0.7466625   0.34811848  0.9738037   1.5601515   0.28702644
 -0.8780406  -0.34158295 -0.15537563 -1.6808758   0.73785055 -0.37372103
 -0.52051735  0.7596455  -2.1369233   1.2226723 ]
[-0.561061    0.7466625   0.34811848  0.9738037   1.5601515   0.28702644
 -0.8780406  -0.34158295 -0.15537563 -1.6808758   0.73785055 -0.37372103
 -0.52051735  0.7596455  -2.1369233   1.2226723 ]
[-0.5876374   0.75732946  0.36719498  0.94486874  1.5715542   0.28790995
 -0.8789765  -0.33639726 -0.12209098 -1.6805416   0.74749243 -0.38268036
 -0.54217684  0.75817186 -2.1318252   1.2154032 ]
[-0.5876374   0.75732946  0.36719498  0.94486874  1.5715542   0.28790995
 -0.8789765  -0.33639726 -0.12209098 -1.6805416   0.74749243 -0.38268036
 -0.54217684  0.75817186 -2.1318252   1.2154032 ]
[-0.5876374   0.75732946  0.36719498  0.94486874  1.5715542   0.28790995
 -0.8789765  -0.33639726 -0.12209098 -1.6805416   0.74749243 -0.38268036
 -0.54217684  0.75817186 -2.1318252   1.2154032 ]
[-0.5876374   0.75732946  0.36719498  0.94486874  1.5715542   0.28790995
 -0.8789765  -0.33639726 -0.12209098 -1.6805416   0.74749243 -0.38268036
 -0.54217684  0.75817186 -2.1318252   1.2154032 ]
[-0.5665356   0.7968966   0.35765567  0.8873846   1.5944722   0.27648205
 -0.89486694 -0.35779187 -0.12244654 -1.7029531   0.81151277 -0.415028
 -0.56239027  0.7084857  -2.09136     1.270019  ]
[-0.5665356   0.7968966   0.35765567  0.8873846   1.5944722   0.27648205
 -0.89486694 -0.35779187 -0.12244654 -1.7029531   0.81151277 -0.415028
 -0.56239027  0.7084857  -2.09136     1.270019  ]
[-0.5665356   0.7968966   0.35765567  0.8873846   1.5944722   0.27648205
 -0.89486694 -0.35779187 -0.12244654 -1.7029531   0.81151277 -0.415028
 -0.56239027  0.7084857  -2.09136     1.270019  ]
[-0.5665356   0.7968966   0.35765567  0.8873846   1.5944722   0.27648205
 -0.89486694 -0.35779187 -0.12244654 -1.7029531   0.81151277 -0.415028
 -0.56239027  0.7084857  -2.09136     1.270019  ]
[-0.4780756   0.8059906   0.34275007  0.8821864   1.5989995   0.23115687
 -0.8562298  -0.39466417 -0.17239267 -1.7191315   0.8438261  -0.45515233
 -0.57066697  0.70229965 -2.092568    1.3230555 ]
[-0.4780756   0.8059906   0.34275007  0.8821864   1.5989995   0.23115687
 -0.8562298  -0.39466417 -0.17239267 -1.7191315   0.8438261  -0.45515233
 -0.57066697  0.70229965 -2.092568    1.3230555 ]
[-0.4780756   0.8059906   0.34275007  0.8821864   1.5989995   0.23115687
 -0.8562298  -0.39466417 -0.17239267 -1.7191315   0.8438261  -0.45515233
 -0.57066697  0.70229965 -2.092568    1.3230555 ]
[-0.4780756   0.8059906   0.34275007  0.8821864   1.5989995   0.23115687
 -0.8562298  -0.39466417 -0.17239267 -1.7191315   0.8438261  -0.45515233
 -0.57066697  0.70229965 -2.092568    1.3230555 ]
[-0.55344427  0.78048295  0.32141685  0.9189809   1.5883249   0.2688443
 -0.8820076  -0.34754997 -0.1204982  -1.7033952   0.79677653 -0.39537245
 -0.5544604   0.71790314 -2.1107838   1.2643582 ]
[-0.55344427  0.78048295  0.32141685  0.9189809   1.5883249   0.2688443
 -0.8820076  -0.34754997 -0.1204982  -1.7033952   0.79677653 -0.39537245
 -0.5544604   0.71790314 -2.1107838   1.2643582 ]
[-0.55344427  0.78048295  0.32141685  0.9189809   1.5883249   0.2688443
 -0.8820076  -0.34754997 -0.1204982  -1.7033952   0.79677653 -0.39537245
 -0.5544604   0.71790314 -2.1107838   1.2643582 ]
[-0.55344427  0.78048295  0.32141685  0.9189809   1.5883249   0.2688443
 -0.8820076  -0.34754997 -0.1204982  -1.7033952   0.79677653 -0.39537245
 -0.5544604   0.71790314 -2.1107838   1.2643582 ]
[-0.55344427  0.78048295  0.32141685  0.9189809   1.5883249   0.2688443
 -0.8820076  -0.34754997 -0.1204982  -1.7033952   0.79677653 -0.39537245
 -0.5544604   0.71790314 -2.1107838   1.2643582 ]
[-0.47312912  0.7445651   0.33323687  0.9289749   1.6173592   0.2366414
 -0.85647374 -0.38387758 -0.18692942 -1.7250226   0.7858654  -0.4194703
 -0.47407603  0.72851664 -2.1269221   1.2596319 ]
[-0.47312912  0.7445651   0.33323687  0.9289749   1.6173592   0.2366414
 -0.85647374 -0.38387758 -0.18692942 -1.7250226   0.7858654  -0.4194703
 -0.47407603  0.72851664 -2.1269221   1.2596319 ]
[-0.47312912  0.7445651   0.33323687  0.9289749   1.6173592   0.2366414
 -0.85647374 -0.38387758 -0.18692942 -1.7250226   0.7858654  -0.4194703
 -0.47407603  0.72851664 -2.1269221   1.2596319 ]
[-0.47312912  0.7445651   0.33323687  0.9289749   1.6173592   0.2366414
 -0.85647374 -0.38387758 -0.18692942 -1.7250226   0.7858654  -0.4194703
 -0.47407603  0.72851664 -2.1269221   1.2596319 ]
[-0.47312912  0.7445651   0.33323687  0.9289749   1.6173592   0.2366414
 -0.85647374 -0.38387758 -0.18692942 -1.7250226   0.7858654  -0.4194703
 -0.47407603  0.72851664 -2.1269221   1.2596319 ]
[-0.46837455  0.7633128   0.34890762  0.89681596  1.6184709   0.24542007
 -0.86709136 -0.39042667 -0.21130061 -1.7176969   0.8039368  -0.41743913
 -0.49342138  0.7232007  -2.1059618   1.2604706 ]
[-0.46837455  0.7633128   0.34890762  0.89681596  1.6184709   0.24542007
 -0.86709136 -0.39042667 -0.21130061 -1.7176969   0.8039368  -0.41743913
 -0.49342138  0.7232007  -2.1059618   1.2604706 ]
[-0.46837455  0.7633128   0.34890762  0.89681596  1.6184709   0.24542007
 -0.86709136 -0.39042667 -0.21130061 -1.7176969   0.8039368  -0.41743913
 -0.49342138  0.7232007  -2.1059618   1.2604706 ]
[-0.46837455  0.7633128   0.34890762  0.89681596  1.6184709   0.24542007
 -0.86709136 -0.39042667 -0.21130061 -1.7176969   0.8039368  -0.41743913
 -0.49342138  0.7232007  -2.1059618   1.2604706 ]
[-0.5814921   0.74227023  0.366567    0.9172781   1.6233479   0.29031944
 -0.9208109  -0.33989805 -0.14159079 -1.6965201   0.75544536 -0.37009862
 -0.4912994   0.70917666 -2.091068    1.2158641 ]
[-0.5814921   0.74227023  0.366567    0.9172781   1.6233479   0.29031944
 -0.9208109  -0.33989805 -0.14159079 -1.6965201   0.75544536 -0.37009862
 -0.4912994   0.70917666 -2.091068    1.2158641 ]
[-0.5814921   0.74227023  0.366567    0.9172781   1.6233479   0.29031944
 -0.9208109  -0.33989805 -0.14159079 -1.6965201   0.75544536 -0.37009862
 -0.4912994   0.70917666 -2.091068    1.2158641 ]
[-0.5814921   0.74227023  0.366567    0.9172781   1.6233479   0.29031944
 -0.9208109  -0.33989805 -0.14159079 -1.6965201   0.75544536 -0.37009862
 -0.4912994   0.70917666 -2.091068    1.2158641 ]
[-0.5568467   0.79476845  0.3421721   0.84527934  1.6319212   0.2666649
 -0.9359495  -0.35293904 -0.15328878 -1.721083    0.81275576 -0.4194413
 -0.49873963  0.68962467 -2.0487845   1.2948086 ]
[-0.5568467   0.79476845  0.3421721   0.84527934  1.6319212   0.2666649
 -0.9359495  -0.35293904 -0.15328878 -1.721083    0.81275576 -0.4194413
 -0.49873963  0.68962467 -2.0487845   1.2948086 ]
[-0.5568467   0.79476845  0.3421721   0.84527934  1.6319212   0.2666649
 -0.9359495  -0.35293904 -0.15328878 -1.721083    0.81275576 -0.4194413
 -0.49873963  0.68962467 -2.0487845   1.2948086 ]
[-0.5568467   0.79476845  0.3421721   0.84527934  1.6319212   0.2666649
 -0.9359495  -0.35293904 -0.15328878 -1.721083    0.81275576 -0.4194413
 -0.49873963  0.68962467 -2.0487845   1.2948086 ]
[-0.5568467   0.79476845  0.3421721   0.84527934  1.6319212   0.2666649
 -0.9359495  -0.35293904 -0.15328878 -1.721083    0.81275576 -0.4194413
 -0.49873963  0.68962467 -2.0487845   1.2948086 ]
[-0.44957548  0.7770961   0.3034313   0.87539196  1.6474959   0.19734189
 -0.854288   -0.4000202  -0.21738455 -1.7404301   0.8346771  -0.49918327
 -0.46824694  0.7134059  -2.0853596   1.3587    ]
[-0.44957548  0.7770961   0.3034313   0.87539196  1.6474959   0.19734189
 -0.854288   -0.4000202  -0.21738455 -1.7404301   0.8346771  -0.49918327
 -0.46824694  0.7134059  -2.0853596   1.3587    ]
[-0.44957548  0.7770961   0.3034313   0.87539196  1.6474959   0.19734189
 -0.854288   -0.4000202  -0.21738455 -1.7404301   0.8346771  -0.49918327
 -0.46824694  0.7134059  -2.0853596   1.3587    ]
[-0.44957548  0.7770961   0.3034313   0.87539196  1.6474959   0.19734189
 -0.854288   -0.4000202  -0.21738455 -1.7404301   0.8346771  -0.49918327
 -0.46824694  0.7134059  -2.0853596   1.3587    ]
[-0.45529944  0.7487228   0.3040389   0.90652627  1.6432812   0.19532238
 -0.8342743  -0.39952525 -0.21876597 -1.7310896   0.82477987 -0.4982953
 -0.4645351   0.7398612  -2.102415    1.3333887 ]
[-0.45529944  0.7487228   0.3040389   0.90652627  1.6432812   0.19532238
 -0.8342743  -0.39952525 -0.21876597 -1.7310896   0.82477987 -0.4982953
 -0.4645351   0.7398612  -2.102415    1.3333887 ]
[-0.45529944  0.7487228   0.3040389   0.90652627  1.6432812   0.19532238
 -0.8342743  -0.39952525 -0.21876597 -1.7310896   0.82477987 -0.4982953
 -0.4645351   0.7398612  -2.102415    1.3333887 ]
[-0.45529944  0.7487228   0.3040389   0.90652627  1.6432812   0.19532238
 -0.8342743  -0.39952525 -0.21876597 -1.7310896   0.82477987 -0.4982953
 -0.4645351   0.7398612  -2.102415    1.3333887 ]
[-0.5025771   0.75823957  0.33593622  0.9166834   1.6160033   0.23604035
 -0.88488674 -0.3789763  -0.19956498 -1.7354931   0.80097467 -0.4351531
 -0.4627064   0.71962017 -2.085429    1.2914416 ]
[-0.5025771   0.75823957  0.33593622  0.9166834   1.6160033   0.23604035
 -0.88488674 -0.3789763  -0.19956498 -1.7354931   0.80097467 -0.4351531
 -0.4627064   0.71962017 -2.085429    1.2914416 ]
[-0.5025771   0.75823957  0.33593622  0.9166834   1.6160033   0.23604035
 -0.88488674 -0.3789763  -0.19956498 -1.7354931   0.80097467 -0.4351531
 -0.4627064   0.71962017 -2.085429    1.2914416 ]
[-0.5025771   0.75823957  0.33593622  0.9166834   1.6160033   0.23604035
 -0.88488674 -0.3789763  -0.19956498 -1.7354931   0.80097467 -0.4351531
 -0.4627064   0.71962017 -2.085429    1.2914416 ]
[-0.49433812  0.71477216  0.33964458  0.9411459   1.6386509   0.23336923
 -0.8705374  -0.4051749  -0.250239   -1.7231321   0.78953916 -0.44514108
 -0.42987737  0.75842714 -2.0807204   1.2727315 ]
[-0.49433812  0.71477216  0.33964458  0.9411459   1.6386509   0.23336923
 -0.8705374  -0.4051749  -0.250239   -1.7231321   0.78953916 -0.44514108
 -0.42987737  0.75842714 -2.0807204   1.2727315 ]
[-0.49433812  0.71477216  0.33964458  0.9411459   1.6386509   0.23336923
 -0.8705374  -0.4051749  -0.250239   -1.7231321   0.78953916 -0.44514108
 -0.42987737  0.75842714 -2.0807204   1.2727315 ]
[-0.49433812  0.71477216  0.33964458  0.9411459   1.6386509   0.23336923
 -0.8705374  -0.4051749  -0.250239   -1.7231321   0.78953916 -0.44514108
 -0.42987737  0.75842714 -2.0807204   1.2727315 ]
[-0.49433812  0.71477216  0.33964458  0.9411459   1.6386509   0.23336923
 -0.8705374  -0.4051749  -0.250239   -1.7231321   0.78953916 -0.44514108
 -0.42987737  0.75842714 -2.0807204   1.2727315 ]
[-0.6099191   0.69564235  0.35564965  0.97486126  1.6190748   0.29353708
 -0.92490673 -0.342808   -0.16887178 -1.6951656   0.73111105 -0.3811061
 -0.4504941   0.7568909  -2.0808818   1.2146941 ]
[-0.6099191   0.69564235  0.35564965  0.97486126  1.6190748   0.29353708
 -0.92490673 -0.342808   -0.16887178 -1.6951656   0.73111105 -0.3811061
 -0.4504941   0.7568909  -2.0808818   1.2146941 ]
[-0.6099191   0.69564235  0.35564965  0.97486126  1.6190748   0.29353708
 -0.92490673 -0.342808   -0.16887178 -1.6951656   0.73111105 -0.3811061
 -0.4504941   0.7568909  -2.0808818   1.2146941 ]
[-0.6099191   0.69564235  0.35564965  0.97486126  1.6190748   0.29353708
 -0.92490673 -0.342808   -0.16887178 -1.6951656   0.73111105 -0.3811061
 -0.4504941   0.7568909  -2.0808818   1.2146941 ]
[-0.6099191   0.69564235  0.35564965  0.97486126  1.6190748   0.29353708
 -0.92490673 -0.342808   -0.16887178 -1.6951656   0.73111105 -0.3811061
 -0.4504941   0.7568909  -2.0808818   1.2146941 ]
[-0.5597444   0.71754825  0.34356156  0.94160604  1.6107298   0.25654215
 -0.87341374 -0.3623558  -0.17589179 -1.6896064   0.7610651  -0.42985535
 -0.48287886  0.77929515 -2.1100059   1.2623161 ]
[-0.5597444   0.71754825  0.34356156  0.94160604  1.6107298   0.25654215
 -0.87341374 -0.3623558  -0.17589179 -1.6896064   0.7610651  -0.42985535
 -0.48287886  0.77929515 -2.1100059   1.2623161 ]
[-0.5597444   0.71754825  0.34356156  0.94160604  1.6107298   0.25654215
 -0.87341374 -0.3623558  -0.17589179 -1.6896064   0.7610651  -0.42985535
 -0.48287886  0.77929515 -2.1100059   1.2623161 ]
[-0.5597444   0.71754825  0.34356156  0.94160604  1.6107298   0.25654215
 -0.87341374 -0.3623558  -0.17589179 -1.6896064   0.7610651  -0.42985535
 -0.48287886  0.77929515 -2.1100059   1.2623161 ]
[-0.49505576  0.77524614  0.35088968  0.8813776   1.6198059   0.23717675
 -0.89169693 -0.39189377 -0.19249901 -1.7300094   0.82842046 -0.45830068
 -0.5101532   0.7136699  -2.0710757   1.325278  ]
[-0.49505576  0.77524614  0.35088968  0.8813776   1.6198059   0.23717675
 -0.89169693 -0.39189377 -0.19249901 -1.7300094   0.82842046 -0.45830068
 -0.5101532   0.7136699  -2.0710757   1.325278  ]
[-0.49505576  0.77524614  0.35088968  0.8813776   1.6198059   0.23717675
 -0.89169693 -0.39189377 -0.19249901 -1.7300094   0.82842046 -0.45830068
 -0.5101532   0.7136699  -2.0710757   1.325278  ]
[-0.49505576  0.77524614  0.35088968  0.8813776   1.6198059   0.23717675
 -0.89169693 -0.39189377 -0.19249901 -1.7300094   0.82842046 -0.45830068
 -0.5101532   0.7136699  -2.0710757   1.325278  ]
[-0.49505576  0.77524614  0.35088968  0.8813776   1.6198059   0.23717675
 -0.89169693 -0.39189377 -0.19249901 -1.7300094   0.82842046 -0.45830068
 -0.5101532   0.7136699  -2.0710757   1.325278  ]
[-0.57853574  0.73350257  0.3223601   0.9377012   1.6367874   0.27249488
 -0.90998125 -0.35775948 -0.13363707 -1.6952107   0.7893888  -0.41895017
 -0.50348765  0.7188883  -2.0904746   1.2661598 ]
[-0.57853574  0.73350257  0.3223601   0.9377012   1.6367874   0.27249488
 -0.90998125 -0.35775948 -0.13363707 -1.6952107   0.7893888  -0.41895017
 -0.50348765  0.7188883  -2.0904746   1.2661598 ]
[-0.57853574  0.73350257  0.3223601   0.9377012   1.6367874   0.27249488
 -0.90998125 -0.35775948 -0.13363707 -1.6952107   0.7893888  -0.41895017
 -0.50348765  0.7188883  -2.0904746   1.2661598 ]
[-0.57853574  0.73350257  0.3223601   0.9377012   1.6367874   0.27249488
 -0.90998125 -0.35775948 -0.13363707 -1.6952107   0.7893888  -0.41895017
 -0.50348765  0.7188883  -2.0904746   1.2661598 ]
[-0.57853574  0.73350257  0.3223601   0.9377012   1.6367874   0.27249488
 -0.90998125 -0.35775948 -0.13363707 -1.6952107   0.7893888  -0.41895017
 -0.50348765  0.7188883  -2.0904746   1.2661598 ]
[-0.50106925  0.74814457  0.31724072  0.91381836  1.6350731   0.22814293
 -0.8958417  -0.39580923 -0.21617492 -1.7352833   0.81838286 -0.470862
 -0.44227728  0.7361835  -2.065951    1.3174715 ]
[-0.50106925  0.74814457  0.31724072  0.91381836  1.6350731   0.22814293
 -0.8958417  -0.39580923 -0.21617492 -1.7352833   0.81838286 -0.470862
 -0.44227728  0.7361835  -2.065951    1.3174715 ]
[-0.50106925  0.74814457  0.31724072  0.91381836  1.6350731   0.22814293
 -0.8958417  -0.39580923 -0.21617492 -1.7352833   0.81838286 -0.470862
 -0.44227728  0.7361835  -2.065951    1.3174715 ]
[-0.50106925  0.74814457  0.31724072  0.91381836  1.6350731   0.22814293
 -0.8958417  -0.39580923 -0.21617492 -1.7352833   0.81838286 -0.470862
 -0.44227728  0.7361835  -2.065951    1.3174715 ]
[-0.50106925  0.74814457  0.31724072  0.91381836  1.6350731   0.22814293
 -0.8958417  -0.39580923 -0.21617492 -1.7352833   0.81838286 -0.470862
 -0.44227728  0.7361835  -2.065951    1.3174715 ]
[-0.5034691   0.7190688   0.33417434  0.9757086   1.6067051   0.23770885
 -0.8655531  -0.38463467 -0.21637218 -1.7223418   0.7633959  -0.4380249
 -0.4472807   0.76896524 -2.1121716   1.2735987 ]
[-0.5034691   0.7190688   0.33417434  0.9757086   1.6067051   0.23770885
 -0.8655531  -0.38463467 -0.21637218 -1.7223418   0.7633959  -0.4380249
 -0.4472807   0.76896524 -2.1121716   1.2735987 ]
[-0.5034691   0.7190688   0.33417434  0.9757086   1.6067051   0.23770885
 -0.8655531  -0.38463467 -0.21637218 -1.7223418   0.7633959  -0.4380249
 -0.4472807   0.76896524 -2.1121716   1.2735987 ]
[-0.5034691   0.7190688   0.33417434  0.9757086   1.6067051   0.23770885
 -0.8655531  -0.38463467 -0.21637218 -1.7223418   0.7633959  -0.4380249
 -0.4472807   0.76896524 -2.1121716   1.2735987 ]
[-0.5034691   0.7190688   0.33417434  0.9757086   1.6067051   0.23770885
 -0.8655531  -0.38463467 -0.21637218 -1.7223418   0.7633959  -0.4380249
 -0.4472807   0.76896524 -2.1121716   1.2735987 ]
[-0.5178789   0.7307913   0.325226    0.98385715  1.5746598   0.25579542
 -0.852578   -0.37431413 -0.21838224 -1.702817    0.7505053  -0.42879367
 -0.4845848   0.7923713  -2.1232164   1.2793257 ]
[-0.5178789   0.7307913   0.325226    0.98385715  1.5746598   0.25579542
 -0.852578   -0.37431413 -0.21838224 -1.702817    0.7505053  -0.42879367
 -0.4845848   0.7923713  -2.1232164   1.2793257 ]
[-0.5178789   0.7307913   0.325226    0.98385715  1.5746598   0.25579542
 -0.852578   -0.37431413 -0.21838224 -1.702817    0.7505053  -0.42879367
 -0.4845848   0.7923713  -2.1232164   1.2793257 ]
[-0.5178789   0.7307913   0.325226    0.98385715  1.5746598   0.25579542
 -0.852578   -0.37431413 -0.21838224 -1.702817    0.7505053  -0.42879367
 -0.4845848   0.7923713  -2.1232164   1.2793257 ]
[-0.5886482   0.6722871   0.34556666  1.0097398   1.6093756   0.26572993
 -0.86221105 -0.3256095  -0.14251702 -1.6612276   0.7102574  -0.40567273
 -0.50646836  0.7817024  -2.1423273   1.2275827 ]
[-0.5886482   0.6722871   0.34556666  1.0097398   1.6093756   0.26572993
 -0.86221105 -0.3256095  -0.14251702 -1.6612276   0.7102574  -0.40567273
 -0.50646836  0.7817024  -2.1423273   1.2275827 ]
[-0.5886482   0.6722871   0.34556666  1.0097398   1.6093756   0.26572993
 -0.86221105 -0.3256095  -0.14251702 -1.6612276   0.7102574  -0.40567273
 -0.50646836  0.7817024  -2.1423273   1.2275827 ]
[-0.5886482   0.6722871   0.34556666  1.0097398   1.6093756   0.26572993
 -0.86221105 -0.3256095  -0.14251702 -1.6612276   0.7102574  -0.40567273
 -0.50646836  0.7817024  -2.1423273   1.2275827 ]
[-0.58691096  0.7311567   0.33530065  0.9624362   1.5885229   0.2721135
 -0.87503815 -0.33036906 -0.11299641 -1.672855    0.75649196 -0.3960101
 -0.55028313  0.757797   -2.131966    1.240929  ]
[-0.58691096  0.7311567   0.33530065  0.9624362   1.5885229   0.2721135
 -0.87503815 -0.33036906 -0.11299641 -1.672855    0.75649196 -0.3960101
 -0.55028313  0.757797   -2.131966    1.240929  ]
[-0.58691096  0.7311567   0.33530065  0.9624362   1.5885229   0.2721135
 -0.87503815 -0.33036906 -0.11299641 -1.672855    0.75649196 -0.3960101
 -0.55028313  0.757797   -2.131966    1.240929  ]
[-0.58691096  0.7311567   0.33530065  0.9624362   1.5885229   0.2721135
 -0.87503815 -0.33036906 -0.11299641 -1.672855    0.75649196 -0.3960101
 -0.55028313  0.757797   -2.131966    1.240929  ]
[-0.58691096  0.7311567   0.33530065  0.9624362   1.5885229   0.2721135
 -0.87503815 -0.33036906 -0.11299641 -1.672855    0.75649196 -0.3960101
 -0.55028313  0.757797   -2.131966    1.240929  ]
[-0.58178484  0.7491366   0.32932845  0.9378747   1.6060985   0.26866597
 -0.8952716  -0.34888786 -0.11446909 -1.7039067   0.7922858  -0.40534073
 -0.5171499   0.72930926 -2.1079488   1.2506177 ]
[-0.58178484  0.7491366   0.32932845  0.9378747   1.6060985   0.26866597
 -0.8952716  -0.34888786 -0.11446909 -1.7039067   0.7922858  -0.40534073
 -0.5171499   0.72930926 -2.1079488   1.2506177 ]
[-0.58178484  0.7491366   0.32932845  0.9378747   1.6060985   0.26866597
 -0.8952716  -0.34888786 -0.11446909 -1.7039067   0.7922858  -0.40534073
 -0.5171499   0.72930926 -2.1079488   1.2506177 ]
[-0.58178484  0.7491366   0.32932845  0.9378747   1.6060985   0.26866597
 -0.8952716  -0.34888786 -0.11446909 -1.7039067   0.7922858  -0.40534073
 -0.5171499   0.72930926 -2.1079488   1.2506177 ]
[-0.5193011   0.7667202   0.3340361   0.91587275  1.6117471   0.2462329
 -0.8906902  -0.3869442  -0.18057041 -1.7456448   0.8175906  -0.43149143
 -0.45392847  0.7287917  -2.0912719   1.2679869 ]
[-0.5193011   0.7667202   0.3340361   0.91587275  1.6117471   0.2462329
 -0.8906902  -0.3869442  -0.18057041 -1.7456448   0.8175906  -0.43149143
 -0.45392847  0.7287917  -2.0912719   1.2679869 ]
[-0.5193011   0.7667202   0.3340361   0.91587275  1.6117471   0.2462329
 -0.8906902  -0.3869442  -0.18057041 -1.7456448   0.8175906  -0.43149143
 -0.45392847  0.7287917  -2.0912719   1.2679869 ]
[-0.5193011   0.7667202   0.3340361   0.91587275  1.6117471   0.2462329
 -0.8906902  -0.3869442  -0.18057041 -1.7456448   0.8175906  -0.43149143
 -0.45392847  0.7287917  -2.0912719   1.2679869 ]
[-0.5193011   0.7667202   0.3340361   0.91587275  1.6117471   0.2462329
 -0.8906902  -0.3869442  -0.18057041 -1.7456448   0.8175906  -0.43149143
 -0.45392847  0.7287917  -2.0912719   1.2679869 ]
[-0.518128    0.7609179   0.33787137  0.93071145  1.6119581   0.25507793
 -0.8828373  -0.4038326  -0.2069443  -1.7397026   0.809416   -0.43497634
 -0.44086257  0.7492727  -2.0928843   1.2536461 ]
[-0.518128    0.7609179   0.33787137  0.93071145  1.6119581   0.25507793
 -0.8828373  -0.4038326  -0.2069443  -1.7397026   0.809416   -0.43497634
 -0.44086257  0.7492727  -2.0928843   1.2536461 ]
[-0.518128    0.7609179   0.33787137  0.93071145  1.6119581   0.25507793
 -0.8828373  -0.4038326  -0.2069443  -1.7397026   0.809416   -0.43497634
 -0.44086257  0.7492727  -2.0928843   1.2536461 ]
[-0.518128    0.7609179   0.33787137  0.93071145  1.6119581   0.25507793
 -0.8828373  -0.4038326  -0.2069443  -1.7397026   0.809416   -0.43497634
 -0.44086257  0.7492727  -2.0928843   1.2536461 ]
[-0.5142646   0.80407506  0.3358013   0.92601585  1.5497162   0.2601673
 -0.8560416  -0.4036827  -0.21221729 -1.723669    0.8059746  -0.4338738
 -0.51551783  0.78809106 -2.1070237   1.2869692 ]
[-0.5142646   0.80407506  0.3358013   0.92601585  1.5497162   0.2601673
 -0.8560416  -0.4036827  -0.21221729 -1.723669    0.8059746  -0.4338738
 -0.51551783  0.78809106 -2.1070237   1.2869692 ]
[-0.5142646   0.80407506  0.3358013   0.92601585  1.5497162   0.2601673
 -0.8560416  -0.4036827  -0.21221729 -1.723669    0.8059746  -0.4338738
 -0.51551783  0.78809106 -2.1070237   1.2869692 ]
[-0.5142646   0.80407506  0.3358013   0.92601585  1.5497162   0.2601673
 -0.8560416  -0.4036827  -0.21221729 -1.723669    0.8059746  -0.4338738
 -0.51551783  0.78809106 -2.1070237   1.2869692 ]
[-0.5142646   0.80407506  0.3358013   0.92601585  1.5497162   0.2601673
 -0.8560416  -0.4036827  -0.21221729 -1.723669    0.8059746  -0.4338738
 -0.51551783  0.78809106 -2.1070237   1.2869692 ]
[-0.5999444   0.77060634  0.35553923  0.9283611   1.58444     0.28228965
 -0.8822174  -0.36236235 -0.13035786 -1.706055    0.7967176  -0.40865213
 -0.52967596  0.753476   -2.102594    1.2385396 ]
[-0.5999444   0.77060634  0.35553923  0.9283611   1.58444     0.28228965
 -0.8822174  -0.36236235 -0.13035786 -1.706055    0.7967176  -0.40865213
 -0.52967596  0.753476   -2.102594    1.2385396 ]
[-0.5999444   0.77060634  0.35553923  0.9283611   1.58444     0.28228965
 -0.8822174  -0.36236235 -0.13035786 -1.706055    0.7967176  -0.40865213
 -0.52967596  0.753476   -2.102594    1.2385396 ]
[-0.5999444   0.77060634  0.35553923  0.9283611   1.58444     0.28228965
 -0.8822174  -0.36236235 -0.13035786 -1.706055    0.7967176  -0.40865213
 -0.52967596  0.753476   -2.102594    1.2385396 ]
[-0.5381013   0.78177863  0.36133775  0.90043736  1.599091    0.2526355
 -0.8816881  -0.3911065  -0.1760933  -1.7354193   0.8406528  -0.45301047
 -0.5178434   0.7331589  -2.071891    1.285528  ]
[-0.5381013   0.78177863  0.36133775  0.90043736  1.599091    0.2526355
 -0.8816881  -0.3911065  -0.1760933  -1.7354193   0.8406528  -0.45301047
 -0.5178434   0.7331589  -2.071891    1.285528  ]
[-0.5381013   0.78177863  0.36133775  0.90043736  1.599091    0.2526355
 -0.8816881  -0.3911065  -0.1760933  -1.7354193   0.8406528  -0.45301047
 -0.5178434   0.7331589  -2.071891    1.285528  ]
[-0.5381013   0.78177863  0.36133775  0.90043736  1.599091    0.2526355
 -0.8816881  -0.3911065  -0.1760933  -1.7354193   0.8406528  -0.45301047
 -0.5178434   0.7331589  -2.071891    1.285528  ]
[-0.5947788   0.7468606   0.34427828  0.94439954  1.5905273   0.29168
 -0.8878948  -0.3586091  -0.12072662 -1.7004707   0.8003732  -0.39427352
 -0.52711385  0.74373573 -2.1060295   1.2148548 ]
[-0.5947788   0.7468606   0.34427828  0.94439954  1.5905273   0.29168
 -0.8878948  -0.3586091  -0.12072662 -1.7004707   0.8003732  -0.39427352
 -0.52711385  0.74373573 -2.1060295   1.2148548 ]
[-0.5947788   0.7468606   0.34427828  0.94439954  1.5905273   0.29168
 -0.8878948  -0.3586091  -0.12072662 -1.7004707   0.8003732  -0.39427352
 -0.52711385  0.74373573 -2.1060295   1.2148548 ]
[-0.5947788   0.7468606   0.34427828  0.94439954  1.5905273   0.29168
 -0.8878948  -0.3586091  -0.12072662 -1.7004707   0.8003732  -0.39427352
 -0.52711385  0.74373573 -2.1060295   1.2148548 ]
[-0.52642477  0.7713765   0.36346397  0.91329545  1.5775359   0.26532558
 -0.87718976 -0.37847763 -0.1684422  -1.7259563   0.815718   -0.4125031
 -0.4989535   0.74216115 -2.1082232   1.2346404 ]
[-0.52642477  0.7713765   0.36346397  0.91329545  1.5775359   0.26532558
 -0.87718976 -0.37847763 -0.1684422  -1.7259563   0.815718   -0.4125031
 -0.4989535   0.74216115 -2.1082232   1.2346404 ]
[-0.52642477  0.7713765   0.36346397  0.91329545  1.5775359   0.26532558
 -0.87718976 -0.37847763 -0.1684422  -1.7259563   0.815718   -0.4125031
 -0.4989535   0.74216115 -2.1082232   1.2346404 ]
[-0.52642477  0.7713765   0.36346397  0.91329545  1.5775359   0.26532558
 -0.87718976 -0.37847763 -0.1684422  -1.7259563   0.815718   -0.4125031
 -0.4989535   0.74216115 -2.1082232   1.2346404 ]
[-0.60745776  0.74291694  0.3894767   0.926976    1.5927167   0.3103717
 -0.93434906 -0.34736362 -0.13358954 -1.7041582   0.7787676  -0.3636601
 -0.49074453  0.72982305 -2.0879922   1.1836458 ]
[-0.60745776  0.74291694  0.3894767   0.926976    1.5927167   0.3103717
 -0.93434906 -0.34736362 -0.13358954 -1.7041582   0.7787676  -0.3636601
 -0.49074453  0.72982305 -2.0879922   1.1836458 ]
[-0.60745776  0.74291694  0.3894767   0.926976    1.5927167   0.3103717
 -0.93434906 -0.34736362 -0.13358954 -1.7041582   0.7787676  -0.3636601
 -0.49074453  0.72982305 -2.0879922   1.1836458 ]
[-0.60745776  0.74291694  0.3894767   0.926976    1.5927167   0.3103717
 -0.93434906 -0.34736362 -0.13358954 -1.7041582   0.7787676  -0.3636601
 -0.49074453  0.72982305 -2.0879922   1.1836458 ]
[-0.60745776  0.74291694  0.3894767   0.926976    1.5927167   0.3103717
 -0.93434906 -0.34736362 -0.13358954 -1.7041582   0.7787676  -0.3636601
 -0.49074453  0.72982305 -2.0879922   1.1836458 ]
[-0.6042082   0.7435886   0.38339436  0.93467903  1.6005949   0.3061142
 -0.9263922  -0.34478933 -0.1283195  -1.6949453   0.76026225 -0.3583475
 -0.50941086  0.71589434 -2.0913641   1.1997356 ]
[-0.6042082   0.7435886   0.38339436  0.93467903  1.6005949   0.3061142
 -0.9263922  -0.34478933 -0.1283195  -1.6949453   0.76026225 -0.3583475
 -0.50941086  0.71589434 -2.0913641   1.1997356 ]
[-0.6042082   0.7435886   0.38339436  0.93467903  1.6005949   0.3061142
 -0.9263922  -0.34478933 -0.1283195  -1.6949453   0.76026225 -0.3583475
 -0.50941086  0.71589434 -2.0913641   1.1997356 ]
[-0.6042082   0.7435886   0.38339436  0.93467903  1.6005949   0.3061142
 -0.9263922  -0.34478933 -0.1283195  -1.6949453   0.76026225 -0.3583475
 -0.50941086  0.71589434 -2.0913641   1.1997356 ]
[-0.5878976   0.76974106  0.35731202  0.90703917  1.5983284   0.28241718
 -0.9146239  -0.34343252 -0.1275346  -1.6925209   0.78005695 -0.39542145
 -0.53858596  0.7209781  -2.0846298   1.2580006 ]
[-0.5878976   0.76974106  0.35731202  0.90703917  1.5983284   0.28241718
 -0.9146239  -0.34343252 -0.1275346  -1.6925209   0.78005695 -0.39542145
 -0.53858596  0.7209781  -2.0846298   1.2580006 ]
[-0.5878976   0.76974106  0.35731202  0.90703917  1.5983284   0.28241718
 -0.9146239  -0.34343252 -0.1275346  -1.6925209   0.78005695 -0.39542145
 -0.53858596  0.7209781  -2.0846298   1.2580006 ]
[-0.5878976   0.76974106  0.35731202  0.90703917  1.5983284   0.28241718
 -0.9146239  -0.34343252 -0.1275346  -1.6925209   0.78005695 -0.39542145
 -0.53858596  0.7209781  -2.0846298   1.2580006 ]
[-0.5878976   0.76974106  0.35731202  0.90703917  1.5983284   0.28241718
 -0.9146239  -0.34343252 -0.1275346  -1.6925209   0.78005695 -0.39542145
 -0.53858596  0.7209781  -2.0846298   1.2580006 ]
[-0.5569967   0.76282823  0.33029565  0.9106224   1.611562    0.25057676
 -0.88373554 -0.35466614 -0.13124621 -1.7015197   0.80437505 -0.42952982
 -0.53984594  0.7264244  -2.1006444   1.2916795 ]
[-0.5569967   0.76282823  0.33029565  0.9106224   1.611562    0.25057676
 -0.88373554 -0.35466614 -0.13124621 -1.7015197   0.80437505 -0.42952982
 -0.53984594  0.7264244  -2.1006444   1.2916795 ]
[-0.5569967   0.76282823  0.33029565  0.9106224   1.611562    0.25057676
 -0.88373554 -0.35466614 -0.13124621 -1.7015197   0.80437505 -0.42952982
 -0.53984594  0.7264244  -2.1006444   1.2916795 ]
[-0.5569967   0.76282823  0.33029565  0.9106224   1.611562    0.25057676
 -0.88373554 -0.35466614 -0.13124621 -1.7015197   0.80437505 -0.42952982
 -0.53984594  0.7264244  -2.1006444   1.2916795 ]
[-0.5569967   0.76282823  0.33029565  0.9106224   1.611562    0.25057676
 -0.88373554 -0.35466614 -0.13124621 -1.7015197   0.80437505 -0.42952982
 -0.53984594  0.7264244  -2.1006444   1.2916795 ]
[-0.47679052  0.7435953   0.3243407   0.9237157   1.6270993   0.21294817
 -0.8341926  -0.40356055 -0.19965391 -1.7281835   0.82494956 -0.48219705
 -0.48447427  0.7426723  -2.1046047   1.3045998 ]
[-0.47679052  0.7435953   0.3243407   0.9237157   1.6270993   0.21294817
 -0.8341926  -0.40356055 -0.19965391 -1.7281835   0.82494956 -0.48219705
 -0.48447427  0.7426723  -2.1046047   1.3045998 ]
[-0.47679052  0.7435953   0.3243407   0.9237157   1.6270993   0.21294817
 -0.8341926  -0.40356055 -0.19965391 -1.7281835   0.82494956 -0.48219705
 -0.48447427  0.7426723  -2.1046047   1.3045998 ]
[-0.47679052  0.7435953   0.3243407   0.9237157   1.6270993   0.21294817
 -0.8341926  -0.40356055 -0.19965391 -1.7281835   0.82494956 -0.48219705
 -0.48447427  0.7426723  -2.1046047   1.3045998 ]
[-0.523848    0.7680753   0.3594403   0.9214982   1.585015    0.26218197
 -0.87218696 -0.39023334 -0.18361601 -1.7243305   0.8143002  -0.4274148
 -0.496471    0.7394537  -2.0977213   1.2540915 ]
[-0.523848    0.7680753   0.3594403   0.9214982   1.585015    0.26218197
 -0.87218696 -0.39023334 -0.18361601 -1.7243305   0.8143002  -0.4274148
 -0.496471    0.7394537  -2.0977213   1.2540915 ]
[-0.523848    0.7680753   0.3594403   0.9214982   1.585015    0.26218197
 -0.87218696 -0.39023334 -0.18361601 -1.7243305   0.8143002  -0.4274148
 -0.496471    0.7394537  -2.0977213   1.2540915 ]
[-0.523848    0.7680753   0.3594403   0.9214982   1.585015    0.26218197
 -0.87218696 -0.39023334 -0.18361601 -1.7243305   0.8143002  -0.4274148
 -0.496471    0.7394537  -2.0977213   1.2540915 ]
[-0.523848    0.7680753   0.3594403   0.9214982   1.585015    0.26218197
 -0.87218696 -0.39023334 -0.18361601 -1.7243305   0.8143002  -0.4274148
 -0.496471    0.7394537  -2.0977213   1.2540915 ]
[-0.59958994  0.7388114   0.37608245  0.94566345  1.5898849   0.31713846
 -0.92412376 -0.36649185 -0.15967241 -1.7032673   0.773945   -0.37490278
 -0.48826003  0.7407314  -2.0790591   1.1993905 ]
[-0.59958994  0.7388114   0.37608245  0.94566345  1.5898849   0.31713846
 -0.92412376 -0.36649185 -0.15967241 -1.7032673   0.773945   -0.37490278
 -0.48826003  0.7407314  -2.0790591   1.1993905 ]
[-0.59958994  0.7388114   0.37608245  0.94566345  1.5898849   0.31713846
 -0.92412376 -0.36649185 -0.15967241 -1.7032673   0.773945   -0.37490278
 -0.48826003  0.7407314  -2.0790591   1.1993905 ]
[-0.59958994  0.7388114   0.37608245  0.94566345  1.5898849   0.31713846
 -0.92412376 -0.36649185 -0.15967241 -1.7032673   0.773945   -0.37490278
 -0.48826003  0.7407314  -2.0790591   1.1993905 ]
[-0.5358255   0.76583016  0.3398947   0.9401351   1.5656598   0.27799997
 -0.8860704  -0.3794461  -0.20067182 -1.7044922   0.7802815  -0.39770755
 -0.4993166   0.7697445  -2.1039069   1.2568687 ]
[-0.5358255   0.76583016  0.3398947   0.9401351   1.5656598   0.27799997
 -0.8860704  -0.3794461  -0.20067182 -1.7044922   0.7802815  -0.39770755
 -0.4993166   0.7697445  -2.1039069   1.2568687 ]
[-0.5358255   0.76583016  0.3398947   0.9401351   1.5656598   0.27799997
 -0.8860704  -0.3794461  -0.20067182 -1.7044922   0.7802815  -0.39770755
 -0.4993166   0.7697445  -2.1039069   1.2568687 ]
[-0.5358255   0.76583016  0.3398947   0.9401351   1.5656598   0.27799997
 -0.8860704  -0.3794461  -0.20067182 -1.7044922   0.7802815  -0.39770755
 -0.4993166   0.7697445  -2.1039069   1.2568687 ]
[-0.5955595   0.73950446  0.3528137   0.92814     1.6145521   0.28200883
 -0.92246264 -0.3389773  -0.13259773 -1.694388    0.758618   -0.3830943
 -0.50591236  0.7266232  -2.0888162   1.248281  ]
[-0.5955595   0.73950446  0.3528137   0.92814     1.6145521   0.28200883
 -0.92246264 -0.3389773  -0.13259773 -1.694388    0.758618   -0.3830943
 -0.50591236  0.7266232  -2.0888162   1.248281  ]
[-0.5955595   0.73950446  0.3528137   0.92814     1.6145521   0.28200883
 -0.92246264 -0.3389773  -0.13259773 -1.694388    0.758618   -0.3830943
 -0.50591236  0.7266232  -2.0888162   1.248281  ]
[-0.5955595   0.73950446  0.3528137   0.92814     1.6145521   0.28200883
 -0.92246264 -0.3389773  -0.13259773 -1.694388    0.758618   -0.3830943
 -0.50591236  0.7266232  -2.0888162   1.248281  ]
[-0.5955595   0.73950446  0.3528137   0.92814     1.6145521   0.28200883
 -0.92246264 -0.3389773  -0.13259773 -1.694388    0.758618   -0.3830943
 -0.50591236  0.7266232  -2.0888162   1.248281  ]
[-0.57028437  0.75822073  0.33164462  0.9089712   1.6078981   0.25288004
 -0.8825718  -0.3465289  -0.13609004 -1.7048712   0.78578013 -0.4316489
 -0.51337385  0.73895705 -2.099534    1.2909119 ]
[-0.57028437  0.75822073  0.33164462  0.9089712   1.6078981   0.25288004
 -0.8825718  -0.3465289  -0.13609004 -1.7048712   0.78578013 -0.4316489
 -0.51337385  0.73895705 -2.099534    1.2909119 ]
[-0.57028437  0.75822073  0.33164462  0.9089712   1.6078981   0.25288004
 -0.8825718  -0.3465289  -0.13609004 -1.7048712   0.78578013 -0.4316489
 -0.51337385  0.73895705 -2.099534    1.2909119 ]
[-0.57028437  0.75822073  0.33164462  0.9089712   1.6078981   0.25288004
 -0.8825718  -0.3465289  -0.13609004 -1.7048712   0.78578013 -0.4316489
 -0.51337385  0.73895705 -2.099534    1.2909119 ]
[-0.57028437  0.75822073  0.33164462  0.9089712   1.6078981   0.25288004
 -0.8825718  -0.3465289  -0.13609004 -1.7048712   0.78578013 -0.4316489
 -0.51337385  0.73895705 -2.099534    1.2909119 ]
[-0.47402677  0.7448376   0.31974941  0.9127289   1.6295582   0.20410165
 -0.84124357 -0.4005813  -0.205614   -1.7350506   0.82515603 -0.49031377
 -0.4689474   0.7427281  -2.0980377   1.3260524 ]
[-0.47402677  0.7448376   0.31974941  0.9127289   1.6295582   0.20410165
 -0.84124357 -0.4005813  -0.205614   -1.7350506   0.82515603 -0.49031377
 -0.4689474   0.7427281  -2.0980377   1.3260524 ]
[-0.47402677  0.7448376   0.31974941  0.9127289   1.6295582   0.20410165
 -0.84124357 -0.4005813  -0.205614   -1.7350506   0.82515603 -0.49031377
 -0.4689474   0.7427281  -2.0980377   1.3260524 ]
[-0.47402677  0.7448376   0.31974941  0.9127289   1.6295582   0.20410165
 -0.84124357 -0.4005813  -0.205614   -1.7350506   0.82515603 -0.49031377
 -0.4689474   0.7427281  -2.0980377   1.3260524 ]
[-0.51786983  0.7622615   0.33428362  0.91906357  1.5975856   0.23834214
 -0.8771383  -0.39036116 -0.19603926 -1.7370173   0.8202993  -0.45195332
 -0.46836033  0.7465526  -2.0822823   1.2925737 ]
[-0.51786983  0.7622615   0.33428362  0.91906357  1.5975856   0.23834214
 -0.8771383  -0.39036116 -0.19603926 -1.7370173   0.8202993  -0.45195332
 -0.46836033  0.7465526  -2.0822823   1.2925737 ]
[-0.51786983  0.7622615   0.33428362  0.91906357  1.5975856   0.23834214
 -0.8771383  -0.39036116 -0.19603926 -1.7370173   0.8202993  -0.45195332
 -0.46836033  0.7465526  -2.0822823   1.2925737 ]
[-0.51786983  0.7622615   0.33428362  0.91906357  1.5975856   0.23834214
 -0.8771383  -0.39036116 -0.19603926 -1.7370173   0.8202993  -0.45195332
 -0.46836033  0.7465526  -2.0822823   1.2925737 ]
[-0.5367046   0.7425724   0.36634338  0.9480878   1.5818808   0.268009
 -0.88263863 -0.39527345 -0.20894425 -1.7302281   0.78791535 -0.41978684
 -0.45112252  0.7693037  -2.093955    1.2422798 ]
[-0.5367046   0.7425724   0.36634338  0.9480878   1.5818808   0.268009
 -0.88263863 -0.39527345 -0.20894425 -1.7302281   0.78791535 -0.41978684
 -0.45112252  0.7693037  -2.093955    1.2422798 ]
[-0.5367046   0.7425724   0.36634338  0.9480878   1.5818808   0.268009
 -0.88263863 -0.39527345 -0.20894425 -1.7302281   0.78791535 -0.41978684
 -0.45112252  0.7693037  -2.093955    1.2422798 ]
[-0.5367046   0.7425724   0.36634338  0.9480878   1.5818808   0.268009
 -0.88263863 -0.39527345 -0.20894425 -1.7302281   0.78791535 -0.41978684
 -0.45112252  0.7693037  -2.093955    1.2422798 ]
[-0.57015157  0.74361795  0.36306837  0.96777266  1.553701    0.29695016
 -0.8931848  -0.36023542 -0.17463312 -1.6886976   0.75135356 -0.37782454
 -0.5189742   0.7762615  -2.113714    1.2324755 ]
[-0.57015157  0.74361795  0.36306837  0.96777266  1.553701    0.29695016
 -0.8931848  -0.36023542 -0.17463312 -1.6886976   0.75135356 -0.37782454
 -0.5189742   0.7762615  -2.113714    1.2324755 ]
[-0.57015157  0.74361795  0.36306837  0.96777266  1.553701    0.29695016
 -0.8931848  -0.36023542 -0.17463312 -1.6886976   0.75135356 -0.37782454
 -0.5189742   0.7762615  -2.113714    1.2324755 ]
[-0.57015157  0.74361795  0.36306837  0.96777266  1.553701    0.29695016
 -0.8931848  -0.36023542 -0.17463312 -1.6886976   0.75135356 -0.37782454
 -0.5189742   0.7762615  -2.113714    1.2324755 ]
[-0.5859233   0.71018153  0.36923546  0.97020257  1.5944859   0.29070845
 -0.8930117  -0.334297   -0.13632031 -1.6750171   0.7186568  -0.3746282
 -0.5254928   0.7522868  -2.1217396   1.2284517 ]
[-0.5859233   0.71018153  0.36923546  0.97020257  1.5944859   0.29070845
 -0.8930117  -0.334297   -0.13632031 -1.6750171   0.7186568  -0.3746282
 -0.5254928   0.7522868  -2.1217396   1.2284517 ]
[-0.5859233   0.71018153  0.36923546  0.97020257  1.5944859   0.29070845
 -0.8930117  -0.334297   -0.13632031 -1.6750171   0.7186568  -0.3746282
 -0.5254928   0.7522868  -2.1217396   1.2284517 ]
[-0.5859233   0.71018153  0.36923546  0.97020257  1.5944859   0.29070845
 -0.8930117  -0.334297   -0.13632031 -1.6750171   0.7186568  -0.3746282
 -0.5254928   0.7522868  -2.1217396   1.2284517 ]
[-0.5859233   0.71018153  0.36923546  0.97020257  1.5944859   0.29070845
 -0.8930117  -0.334297   -0.13632031 -1.6750171   0.7186568  -0.3746282
 -0.5254928   0.7522868  -2.1217396   1.2284517 ]
[-0.5793072   0.7283931   0.33973894  0.9367542   1.6153853   0.27404064
 -0.9110228  -0.33152348 -0.12435566 -1.6794968   0.75703686 -0.40160364
 -0.529446    0.7312747  -2.1008947   1.2643588 ]
[-0.5793072   0.7283931   0.33973894  0.9367542   1.6153853   0.27404064
 -0.9110228  -0.33152348 -0.12435566 -1.6794968   0.75703686 -0.40160364
 -0.529446    0.7312747  -2.1008947   1.2643588 ]
[-0.5793072   0.7283931   0.33973894  0.9367542   1.6153853   0.27404064
 -0.9110228  -0.33152348 -0.12435566 -1.6794968   0.75703686 -0.40160364
 -0.529446    0.7312747  -2.1008947   1.2643588 ]
[-0.5793072   0.7283931   0.33973894  0.9367542   1.6153853   0.27404064
 -0.9110228  -0.33152348 -0.12435566 -1.6794968   0.75703686 -0.40160364
 -0.529446    0.7312747  -2.1008947   1.2643588 ]
[-0.56174296  0.71092045  0.31388617  0.95283765  1.6377373   0.25932184
 -0.9039856  -0.34716564 -0.13306205 -1.6978753   0.76292896 -0.4085436
 -0.47821164  0.73335683 -2.1103482   1.2590195 ]
[-0.56174296  0.71092045  0.31388617  0.95283765  1.6377373   0.25932184
 -0.9039856  -0.34716564 -0.13306205 -1.6978753   0.76292896 -0.4085436
 -0.47821164  0.73335683 -2.1103482   1.2590195 ]
[-0.56174296  0.71092045  0.31388617  0.95283765  1.6377373   0.25932184
 -0.9039856  -0.34716564 -0.13306205 -1.6978753   0.76292896 -0.4085436
 -0.47821164  0.73335683 -2.1103482   1.2590195 ]
[-0.56174296  0.71092045  0.31388617  0.95283765  1.6377373   0.25932184
 -0.9039856  -0.34716564 -0.13306205 -1.6978753   0.76292896 -0.4085436
 -0.47821164  0.73335683 -2.1103482   1.2590195 ]
[-0.4675889   0.71156144  0.32736415  0.9503438   1.630265    0.22087634
 -0.8487015  -0.40430537 -0.22296488 -1.7330297   0.787463   -0.4610134
 -0.4121479   0.7720423  -2.1246867   1.2631868 ]
[-0.4675889   0.71156144  0.32736415  0.9503438   1.630265    0.22087634
 -0.8487015  -0.40430537 -0.22296488 -1.7330297   0.787463   -0.4610134
 -0.4121479   0.7720423  -2.1246867   1.2631868 ]
[-0.4675889   0.71156144  0.32736415  0.9503438   1.630265    0.22087634
 -0.8487015  -0.40430537 -0.22296488 -1.7330297   0.787463   -0.4610134
 -0.4121479   0.7720423  -2.1246867   1.2631868 ]
[-0.4675889   0.71156144  0.32736415  0.9503438   1.630265    0.22087634
 -0.8487015  -0.40430537 -0.22296488 -1.7330297   0.787463   -0.4610134
 -0.4121479   0.7720423  -2.1246867   1.2631868 ]
[-0.4675889   0.71156144  0.32736415  0.9503438   1.630265    0.22087634
 -0.8487015  -0.40430537 -0.22296488 -1.7330297   0.787463   -0.4610134
 -0.4121479   0.7720423  -2.1246867   1.2631868 ]
[-0.5206934   0.7336639   0.3741097   0.9413167   1.603722    0.27127197
 -0.8916151  -0.3886622  -0.2115719  -1.7296273   0.77422905 -0.40917605
 -0.43165183  0.7503888  -2.1048741   1.2262442 ]
[-0.5206934   0.7336639   0.3741097   0.9413167   1.603722    0.27127197
 -0.8916151  -0.3886622  -0.2115719  -1.7296273   0.77422905 -0.40917605
 -0.43165183  0.7503888  -2.1048741   1.2262442 ]
[-0.5206934   0.7336639   0.3741097   0.9413167   1.603722    0.27127197
 -0.8916151  -0.3886622  -0.2115719  -1.7296273   0.77422905 -0.40917605
 -0.43165183  0.7503888  -2.1048741   1.2262442 ]
[-0.5206934   0.7336639   0.3741097   0.9413167   1.603722    0.27127197
 -0.8916151  -0.3886622  -0.2115719  -1.7296273   0.77422905 -0.40917605
 -0.43165183  0.7503888  -2.1048741   1.2262442 ]
[-0.5206934   0.7336639   0.3741097   0.9413167   1.603722    0.27127197
 -0.8916151  -0.3886622  -0.2115719  -1.7296273   0.77422905 -0.40917605
 -0.43165183  0.7503888  -2.1048741   1.2262442 ]
[-0.5353947   0.7430414   0.3482743   0.9543697   1.5802475   0.27295563
 -0.88903254 -0.3566374  -0.19870016 -1.6910331   0.7436513  -0.39398044
 -0.49838033  0.7582409  -2.1149354   1.2667185 ]
[-0.5353947   0.7430414   0.3482743   0.9543697   1.5802475   0.27295563
 -0.88903254 -0.3566374  -0.19870016 -1.6910331   0.7436513  -0.39398044
 -0.49838033  0.7582409  -2.1149354   1.2667185 ]
[-0.5353947   0.7430414   0.3482743   0.9543697   1.5802475   0.27295563
 -0.88903254 -0.3566374  -0.19870016 -1.6910331   0.7436513  -0.39398044
 -0.49838033  0.7582409  -2.1149354   1.2667185 ]
[-0.5353947   0.7430414   0.3482743   0.9543697   1.5802475   0.27295563
 -0.88903254 -0.3566374  -0.19870016 -1.6910331   0.7436513  -0.39398044
 -0.49838033  0.7582409  -2.1149354   1.2667185 ]
[-0.5877532   0.7135228   0.3436063   0.96756154  1.6148491   0.26281255
 -0.8937849  -0.3209237  -0.13981263 -1.6816521   0.72345835 -0.39979932
 -0.49788055  0.7419778  -2.1167846   1.259911  ]
[-0.5877532   0.7135228   0.3436063   0.96756154  1.6148491   0.26281255
 -0.8937849  -0.3209237  -0.13981263 -1.6816521   0.72345835 -0.39979932
 -0.49788055  0.7419778  -2.1167846   1.259911  ]
[-0.5877532   0.7135228   0.3436063   0.96756154  1.6148491   0.26281255
 -0.8937849  -0.3209237  -0.13981263 -1.6816521   0.72345835 -0.39979932
 -0.49788055  0.7419778  -2.1167846   1.259911  ]
[-0.5877532   0.7135228   0.3436063   0.96756154  1.6148491   0.26281255
 -0.8937849  -0.3209237  -0.13981263 -1.6816521   0.72345835 -0.39979932
 -0.49788055  0.7419778  -2.1167846   1.259911  ]
[-0.5877532   0.7135228   0.3436063   0.96756154  1.6148491   0.26281255
 -0.8937849  -0.3209237  -0.13981263 -1.6816521   0.72345835 -0.39979932
 -0.49788055  0.7419778  -2.1167846   1.259911  ]
[-0.58158046  0.7207822   0.318805    0.9648422   1.6058661   0.2375733
 -0.86174506 -0.33720112 -0.15474048 -1.6995376   0.7585868  -0.43452993
 -0.4795394   0.7716645  -2.119552    1.2800872 ]
[-0.58158046  0.7207822   0.318805    0.9648422   1.6058661   0.2375733
 -0.86174506 -0.33720112 -0.15474048 -1.6995376   0.7585868  -0.43452993
 -0.4795394   0.7716645  -2.119552    1.2800872 ]
[-0.58158046  0.7207822   0.318805    0.9648422   1.6058661   0.2375733
 -0.86174506 -0.33720112 -0.15474048 -1.6995376   0.7585868  -0.43452993
 -0.4795394   0.7716645  -2.119552    1.2800872 ]
[-0.58158046  0.7207822   0.318805    0.9648422   1.6058661   0.2375733
 -0.86174506 -0.33720112 -0.15474048 -1.6995376   0.7585868  -0.43452993
 -0.4795394   0.7716645  -2.119552    1.2800872 ]
[-0.58158046  0.7207822   0.318805    0.9648422   1.6058661   0.2375733
 -0.86174506 -0.33720112 -0.15474048 -1.6995376   0.7585868  -0.43452993
 -0.4795394   0.7716645  -2.119552    1.2800872 ]
[-0.5147692   0.7168988   0.3402102   0.95306665  1.6192169   0.22282365
 -0.855625   -0.3974206  -0.22235446 -1.7368866   0.7995403  -0.46805573
 -0.42452735  0.7629132  -2.0887685   1.2828959 ]
[-0.5147692   0.7168988   0.3402102   0.95306665  1.6192169   0.22282365
 -0.855625   -0.3974206  -0.22235446 -1.7368866   0.7995403  -0.46805573
 -0.42452735  0.7629132  -2.0887685   1.2828959 ]
[-0.5147692   0.7168988   0.3402102   0.95306665  1.6192169   0.22282365
 -0.855625   -0.3974206  -0.22235446 -1.7368866   0.7995403  -0.46805573
 -0.42452735  0.7629132  -2.0887685   1.2828959 ]
[-0.5147692   0.7168988   0.3402102   0.95306665  1.6192169   0.22282365
 -0.855625   -0.3974206  -0.22235446 -1.7368866   0.7995403  -0.46805573
 -0.42452735  0.7629132  -2.0887685   1.2828959 ]
[-0.51172805  0.7189452   0.37091935  0.97569263  1.577222    0.25166342
 -0.8336579  -0.39265332 -0.21297269 -1.7210867   0.7657921  -0.43692335
 -0.46202293  0.78372073 -2.1229398   1.2374804 ]
[-0.51172805  0.7189452   0.37091935  0.97569263  1.577222    0.25166342
 -0.8336579  -0.39265332 -0.21297269 -1.7210867   0.7657921  -0.43692335
 -0.46202293  0.78372073 -2.1229398   1.2374804 ]
[-0.51172805  0.7189452   0.37091935  0.97569263  1.577222    0.25166342
 -0.8336579  -0.39265332 -0.21297269 -1.7210867   0.7657921  -0.43692335
 -0.46202293  0.78372073 -2.1229398   1.2374804 ]
[-0.51172805  0.7189452   0.37091935  0.97569263  1.577222    0.25166342
 -0.8336579  -0.39265332 -0.21297269 -1.7210867   0.7657921  -0.43692335
 -0.46202293  0.78372073 -2.1229398   1.2374804 ]
[-0.54282844  0.7972011   0.38067985  0.9382846   1.5149151   0.2984556
 -0.8505597  -0.38060087 -0.18785913 -1.6954725   0.78088546 -0.39584434
 -0.56635654  0.770885   -2.117059    1.2435402 ]
[-0.54282844  0.7972011   0.38067985  0.9382846   1.5149151   0.2984556
 -0.8505597  -0.38060087 -0.18785913 -1.6954725   0.78088546 -0.39584434
 -0.56635654  0.770885   -2.117059    1.2435402 ]
[-0.54282844  0.7972011   0.38067985  0.9382846   1.5149151   0.2984556
 -0.8505597  -0.38060087 -0.18785913 -1.6954725   0.78088546 -0.39584434
 -0.56635654  0.770885   -2.117059    1.2435402 ]
[-0.54282844  0.7972011   0.38067985  0.9382846   1.5149151   0.2984556
 -0.8505597  -0.38060087 -0.18785913 -1.6954725   0.78088546 -0.39584434
 -0.56635654  0.770885   -2.117059    1.2435402 ]
[-0.60320127  0.8080268   0.39254892  0.883276    1.5546169   0.30521032
 -0.9218906  -0.3339138  -0.12772126 -1.6922777   0.7928117  -0.38924816
 -0.5832321   0.7088629  -2.0645084   1.259758  ]
[-0.60320127  0.8080268   0.39254892  0.883276    1.5546169   0.30521032
 -0.9218906  -0.3339138  -0.12772126 -1.6922777   0.7928117  -0.38924816
 -0.5832321   0.7088629  -2.0645084   1.259758  ]
[-0.60320127  0.8080268   0.39254892  0.883276    1.5546169   0.30521032
 -0.9218906  -0.3339138  -0.12772126 -1.6922777   0.7928117  -0.38924816
 -0.5832321   0.7088629  -2.0645084   1.259758  ]
[-0.60320127  0.8080268   0.39254892  0.883276    1.5546169   0.30521032
 -0.9218906  -0.3339138  -0.12772126 -1.6922777   0.7928117  -0.38924816
 -0.5832321   0.7088629  -2.0645084   1.259758  ]
[-0.59125394  0.79854125  0.3362677   0.8996695   1.5791676   0.26984853
 -0.9143594  -0.32118016 -0.09781437 -1.6904881   0.79633    -0.40636283
 -0.58742934  0.6965893  -2.08008     1.3038294 ]
[-0.59125394  0.79854125  0.3362677   0.8996695   1.5791676   0.26984853
 -0.9143594  -0.32118016 -0.09781437 -1.6904881   0.79633    -0.40636283
 -0.58742934  0.6965893  -2.08008     1.3038294 ]
[-0.59125394  0.79854125  0.3362677   0.8996695   1.5791676   0.26984853
 -0.9143594  -0.32118016 -0.09781437 -1.6904881   0.79633    -0.40636283
 -0.58742934  0.6965893  -2.08008     1.3038294 ]
[-0.59125394  0.79854125  0.3362677   0.8996695   1.5791676   0.26984853
 -0.9143594  -0.32118016 -0.09781437 -1.6904881   0.79633    -0.40636283
 -0.58742934  0.6965893  -2.08008     1.3038294 ]
[-0.59125394  0.79854125  0.3362677   0.8996695   1.5791676   0.26984853
 -0.9143594  -0.32118016 -0.09781437 -1.6904881   0.79633    -0.40636283
 -0.58742934  0.6965893  -2.08008     1.3038294 ]
[-0.57714975  0.7785168   0.30321047  0.91861755  1.5983591   0.25317645
 -0.89408207 -0.33155477 -0.10050096 -1.7052352   0.80319893 -0.41810817
 -0.5460019   0.7183231  -2.10284     1.2928634 ]
[-0.57714975  0.7785168   0.30321047  0.91861755  1.5983591   0.25317645
 -0.89408207 -0.33155477 -0.10050096 -1.7052352   0.80319893 -0.41810817
 -0.5460019   0.7183231  -2.10284     1.2928634 ]
[-0.57714975  0.7785168   0.30321047  0.91861755  1.5983591   0.25317645
 -0.89408207 -0.33155477 -0.10050096 -1.7052352   0.80319893 -0.41810817
 -0.5460019   0.7183231  -2.10284     1.2928634 ]
[-0.57714975  0.7785168   0.30321047  0.91861755  1.5983591   0.25317645
 -0.89408207 -0.33155477 -0.10050096 -1.7052352   0.80319893 -0.41810817
 -0.5460019   0.7183231  -2.10284     1.2928634 ]
[-0.4625372   0.7616028   0.30107412  0.9184966   1.6078705   0.20657782
 -0.84182566 -0.3731112  -0.17410998 -1.7257099   0.8158325  -0.45366916
 -0.49313107  0.7454042  -2.1385002   1.2960501 ]
[-0.4625372   0.7616028   0.30107412  0.9184966   1.6078705   0.20657782
 -0.84182566 -0.3731112  -0.17410998 -1.7257099   0.8158325  -0.45366916
 -0.49313107  0.7454042  -2.1385002   1.2960501 ]
[-0.4625372   0.7616028   0.30107412  0.9184966   1.6078705   0.20657782
 -0.84182566 -0.3731112  -0.17410998 -1.7257099   0.8158325  -0.45366916
 -0.49313107  0.7454042  -2.1385002   1.2960501 ]
[-0.4625372   0.7616028   0.30107412  0.9184966   1.6078705   0.20657782
 -0.84182566 -0.3731112  -0.17410998 -1.7257099   0.8158325  -0.45366916
 -0.49313107  0.7454042  -2.1385002   1.2960501 ]
[-0.4625372   0.7616028   0.30107412  0.9184966   1.6078705   0.20657782
 -0.84182566 -0.3731112  -0.17410998 -1.7257099   0.8158325  -0.45366916
 -0.49313107  0.7454042  -2.1385002   1.2960501 ]
[-0.471103    0.7698917   0.33738214  0.9133031   1.5960377   0.22707725
 -0.8613704  -0.35836196 -0.15983623 -1.7193409   0.79656804 -0.4150845
 -0.5192919   0.7211959  -2.1392882   1.2715219 ]
[-0.471103    0.7698917   0.33738214  0.9133031   1.5960377   0.22707725
 -0.8613704  -0.35836196 -0.15983623 -1.7193409   0.79656804 -0.4150845
 -0.5192919   0.7211959  -2.1392882   1.2715219 ]
[-0.471103    0.7698917   0.33738214  0.9133031   1.5960377   0.22707725
 -0.8613704  -0.35836196 -0.15983623 -1.7193409   0.79656804 -0.4150845
 -0.5192919   0.7211959  -2.1392882   1.2715219 ]
[-0.471103    0.7698917   0.33738214  0.9133031   1.5960377   0.22707725
 -0.8613704  -0.35836196 -0.15983623 -1.7193409   0.79656804 -0.4150845
 -0.5192919   0.7211959  -2.1392882   1.2715219 ]
[-0.471103    0.7698917   0.33738214  0.9133031   1.5960377   0.22707725
 -0.8613704  -0.35836196 -0.15983623 -1.7193409   0.79656804 -0.4150845
 -0.5192919   0.7211959  -2.1392882   1.2715219 ]
[-0.5742362   0.76751363  0.35782772  0.916566    1.6033494   0.2747108
 -0.9057657  -0.32258037 -0.09636314 -1.6936629   0.7671672  -0.37369412
 -0.54113925  0.6947761  -2.1185822   1.2323081 ]
[-0.5742362   0.76751363  0.35782772  0.916566    1.6033494   0.2747108
 -0.9057657  -0.32258037 -0.09636314 -1.6936629   0.7671672  -0.37369412
 -0.54113925  0.6947761  -2.1185822   1.2323081 ]
[-0.5742362   0.76751363  0.35782772  0.916566    1.6033494   0.2747108
 -0.9057657  -0.32258037 -0.09636314 -1.6936629   0.7671672  -0.37369412
 -0.54113925  0.6947761  -2.1185822   1.2323081 ]
[-0.5742362   0.76751363  0.35782772  0.916566    1.6033494   0.2747108
 -0.9057657  -0.32258037 -0.09636314 -1.6936629   0.7671672  -0.37369412
 -0.54113925  0.6947761  -2.1185822   1.2323081 ]
[-0.565347    0.8123064   0.33215845  0.86266696  1.6066465   0.25407177
 -0.91456777 -0.33770832 -0.11042652 -1.7123426   0.82047415 -0.4213593
 -0.5345097   0.69646    -2.084698    1.2868379 ]
[-0.565347    0.8123064   0.33215845  0.86266696  1.6066465   0.25407177
 -0.91456777 -0.33770832 -0.11042652 -1.7123426   0.82047415 -0.4213593
 -0.5345097   0.69646    -2.084698    1.2868379 ]
[-0.565347    0.8123064   0.33215845  0.86266696  1.6066465   0.25407177
 -0.91456777 -0.33770832 -0.11042652 -1.7123426   0.82047415 -0.4213593
 -0.5345097   0.69646    -2.084698    1.2868379 ]
[-0.565347    0.8123064   0.33215845  0.86266696  1.6066465   0.25407177
 -0.91456777 -0.33770832 -0.11042652 -1.7123426   0.82047415 -0.4213593
 -0.5345097   0.69646    -2.084698    1.2868379 ]
[-0.4718266   0.7973531   0.30555004  0.87104493  1.6366192   0.20444241
 -0.87567824 -0.39856893 -0.18267189 -1.7485949   0.8608621  -0.4900911
 -0.48028135  0.7114557  -2.0803792   1.3328485 ]
[-0.4718266   0.7973531   0.30555004  0.87104493  1.6366192   0.20444241
 -0.87567824 -0.39856893 -0.18267189 -1.7485949   0.8608621  -0.4900911
 -0.48028135  0.7114557  -2.0803792   1.3328485 ]
[-0.4718266   0.7973531   0.30555004  0.87104493  1.6366192   0.20444241
 -0.87567824 -0.39856893 -0.18267189 -1.7485949   0.8608621  -0.4900911
 -0.48028135  0.7114557  -2.0803792   1.3328485 ]
[-0.4718266   0.7973531   0.30555004  0.87104493  1.6366192   0.20444241
 -0.87567824 -0.39856893 -0.18267189 -1.7485949   0.8608621  -0.4900911
 -0.48028135  0.7114557  -2.0803792   1.3328485 ]
[-0.4718266   0.7973531   0.30555004  0.87104493  1.6366192   0.20444241
 -0.87567824 -0.39856893 -0.18267189 -1.7485949   0.8608621  -0.4900911
 -0.48028135  0.7114557  -2.0803792   1.3328485 ]
[-0.48174372  0.7644681   0.32323873  0.9103754   1.6205307   0.22292061
 -0.8638191  -0.39395303 -0.17729712 -1.7405211   0.8290364  -0.4574608
 -0.464012    0.74356925 -2.1192746   1.2732011 ]
[-0.48174372  0.7644681   0.32323873  0.9103754   1.6205307   0.22292061
 -0.8638191  -0.39395303 -0.17729712 -1.7405211   0.8290364  -0.4574608
 -0.464012    0.74356925 -2.1192746   1.2732011 ]
[-0.48174372  0.7644681   0.32323873  0.9103754   1.6205307   0.22292061
 -0.8638191  -0.39395303 -0.17729712 -1.7405211   0.8290364  -0.4574608
 -0.464012    0.74356925 -2.1192746   1.2732011 ]
[-0.48174372  0.7644681   0.32323873  0.9103754   1.6205307   0.22292061
 -0.8638191  -0.39395303 -0.17729712 -1.7405211   0.8290364  -0.4574608
 -0.464012    0.74356925 -2.1192746   1.2732011 ]
[-0.48174372  0.7644681   0.32323873  0.9103754   1.6205307   0.22292061
 -0.8638191  -0.39395303 -0.17729712 -1.7405211   0.8290364  -0.4574608
 -0.464012    0.74356925 -2.1192746   1.2732011 ]
[-0.46911708  0.7712      0.35600185  0.9011537   1.5930092   0.23716076
 -0.8520749  -0.383397   -0.16826299 -1.7334259   0.809914   -0.42648023
 -0.49618325  0.73651975 -2.139151    1.2512696 ]
[-0.46911708  0.7712      0.35600185  0.9011537   1.5930092   0.23716076
 -0.8520749  -0.383397   -0.16826299 -1.7334259   0.809914   -0.42648023
 -0.49618325  0.73651975 -2.139151    1.2512696 ]
[-0.46911708  0.7712      0.35600185  0.9011537   1.5930092   0.23716076
 -0.8520749  -0.383397   -0.16826299 -1.7334259   0.809914   -0.42648023
 -0.49618325  0.73651975 -2.139151    1.2512696 ]
[-0.46911708  0.7712      0.35600185  0.9011537   1.5930092   0.23716076
 -0.8520749  -0.383397   -0.16826299 -1.7334259   0.809914   -0.42648023
 -0.49618325  0.73651975 -2.139151    1.2512696 ]
[-0.4933372   0.797146    0.38682565  0.8746104   1.5838414   0.25679642
 -0.87211716 -0.37526566 -0.1561098  -1.726917    0.81930447 -0.40411538
 -0.5291408   0.6980971  -2.1173244   1.2454351 ]
[-0.4933372   0.797146    0.38682565  0.8746104   1.5838414   0.25679642
 -0.87211716 -0.37526566 -0.1561098  -1.726917    0.81930447 -0.40411538
 -0.5291408   0.6980971  -2.1173244   1.2454351 ]
[-0.4933372   0.797146    0.38682565  0.8746104   1.5838414   0.25679642
 -0.87211716 -0.37526566 -0.1561098  -1.726917    0.81930447 -0.40411538
 -0.5291408   0.6980971  -2.1173244   1.2454351 ]
[-0.4933372   0.797146    0.38682565  0.8746104   1.5838414   0.25679642
 -0.87211716 -0.37526566 -0.1561098  -1.726917    0.81930447 -0.40411538
 -0.5291408   0.6980971  -2.1173244   1.2454351 ]
[-0.4933372   0.797146    0.38682565  0.8746104   1.5838414   0.25679642
 -0.87211716 -0.37526566 -0.1561098  -1.726917    0.81930447 -0.40411538
 -0.5291408   0.6980971  -2.1173244   1.2454351 ]
[-0.5884887   0.77271557  0.36949497  0.89404774  1.6131313   0.29045337
 -0.92696255 -0.33829603 -0.10409521 -1.6946118   0.79603183 -0.37858143
 -0.5359813   0.68239975 -2.0874248   1.2236521 ]
[-0.5884887   0.77271557  0.36949497  0.89404774  1.6131313   0.29045337
 -0.92696255 -0.33829603 -0.10409521 -1.6946118   0.79603183 -0.37858143
 -0.5359813   0.68239975 -2.0874248   1.2236521 ]
[-0.5884887   0.77271557  0.36949497  0.89404774  1.6131313   0.29045337
 -0.92696255 -0.33829603 -0.10409521 -1.6946118   0.79603183 -0.37858143
 -0.5359813   0.68239975 -2.0874248   1.2236521 ]
[-0.5884887   0.77271557  0.36949497  0.89404774  1.6131313   0.29045337
 -0.92696255 -0.33829603 -0.10409521 -1.6946118   0.79603183 -0.37858143
 -0.5359813   0.68239975 -2.0874248   1.2236521 ]
[-0.5826559   0.7854196   0.34335294  0.8811103   1.6114299   0.2670167
 -0.9321066  -0.34413308 -0.12434526 -1.7181027   0.8154324  -0.41118687
 -0.5039085   0.70467913 -2.068624    1.266042  ]
[-0.5826559   0.7854196   0.34335294  0.8811103   1.6114299   0.2670167
 -0.9321066  -0.34413308 -0.12434526 -1.7181027   0.8154324  -0.41118687
 -0.5039085   0.70467913 -2.068624    1.266042  ]
[-0.5826559   0.7854196   0.34335294  0.8811103   1.6114299   0.2670167
 -0.9321066  -0.34413308 -0.12434526 -1.7181027   0.8154324  -0.41118687
 -0.5039085   0.70467913 -2.068624    1.266042  ]
[-0.5826559   0.7854196   0.34335294  0.8811103   1.6114299   0.2670167
 -0.9321066  -0.34413308 -0.12434526 -1.7181027   0.8154324  -0.41118687
 -0.5039085   0.70467913 -2.068624    1.266042  ]
[-0.4658888   0.743355    0.34661     0.92007303  1.6303928   0.2327297
 -0.85683346 -0.4014551  -0.20510098 -1.7257824   0.80328643 -0.44699115
 -0.4766543   0.7374414  -2.1164734   1.2702951 ]
[-0.4658888   0.743355    0.34661     0.92007303  1.6303928   0.2327297
 -0.85683346 -0.4014551  -0.20510098 -1.7257824   0.80328643 -0.44699115
 -0.4766543   0.7374414  -2.1164734   1.2702951 ]
[-0.4658888   0.743355    0.34661     0.92007303  1.6303928   0.2327297
 -0.85683346 -0.4014551  -0.20510098 -1.7257824   0.80328643 -0.44699115
 -0.4766543   0.7374414  -2.1164734   1.2702951 ]
[-0.4658888   0.743355    0.34661     0.92007303  1.6303928   0.2327297
 -0.85683346 -0.4014551  -0.20510098 -1.7257824   0.80328643 -0.44699115
 -0.4766543   0.7374414  -2.1164734   1.2702951 ]
[-0.4658888   0.743355    0.34661     0.92007303  1.6303928   0.2327297
 -0.85683346 -0.4014551  -0.20510098 -1.7257824   0.80328643 -0.44699115
 -0.4766543   0.7374414  -2.1164734   1.2702951 ]
[-0.45086613  0.72329813  0.38636273  0.92971677  1.6012217   0.24636996
 -0.8268946  -0.38102907 -0.19876535 -1.7118576   0.7616446  -0.4144047
 -0.5061039   0.7447467  -2.15009     1.2337688 ]
[-0.45086613  0.72329813  0.38636273  0.92971677  1.6012217   0.24636996
 -0.8268946  -0.38102907 -0.19876535 -1.7118576   0.7616446  -0.4144047
 -0.5061039   0.7447467  -2.15009     1.2337688 ]
[-0.45086613  0.72329813  0.38636273  0.92971677  1.6012217   0.24636996
 -0.8268946  -0.38102907 -0.19876535 -1.7118576   0.7616446  -0.4144047
 -0.5061039   0.7447467  -2.15009     1.2337688 ]
[-0.45086613  0.72329813  0.38636273  0.92971677  1.6012217   0.24636996
 -0.8268946  -0.38102907 -0.19876535 -1.7118576   0.7616446  -0.4144047
 -0.5061039   0.7447467  -2.15009     1.2337688 ]
[-0.5188999   0.76357543  0.3955906   0.8995404   1.575806    0.28045836
 -0.87071073 -0.34866026 -0.16437653 -1.6909378   0.7664937  -0.38252175
 -0.56243366  0.71453553 -2.1156497   1.2461178 ]
[-0.5188999   0.76357543  0.3955906   0.8995404   1.575806    0.28045836
 -0.87071073 -0.34866026 -0.16437653 -1.6909378   0.7664937  -0.38252175
 -0.56243366  0.71453553 -2.1156497   1.2461178 ]
[-0.5188999   0.76357543  0.3955906   0.8995404   1.575806    0.28045836
 -0.87071073 -0.34866026 -0.16437653 -1.6909378   0.7664937  -0.38252175
 -0.56243366  0.71453553 -2.1156497   1.2461178 ]
[-0.5188999   0.76357543  0.3955906   0.8995404   1.575806    0.28045836
 -0.87071073 -0.34866026 -0.16437653 -1.6909378   0.7664937  -0.38252175
 -0.56243366  0.71453553 -2.1156497   1.2461178 ]
[-0.5188999   0.76357543  0.3955906   0.8995404   1.575806    0.28045836
 -0.87071073 -0.34866026 -0.16437653 -1.6909378   0.7664937  -0.38252175
 -0.56243366  0.71453553 -2.1156497   1.2461178 ]
[-0.5680677   0.74725646  0.36493078  0.90943635  1.60576     0.2757582
 -0.8942827  -0.32058918 -0.12224221 -1.6764863   0.7567854  -0.38629523
 -0.54806626  0.7070931  -2.1063085   1.2437489 ]
[-0.5680677   0.74725646  0.36493078  0.90943635  1.60576     0.2757582
 -0.8942827  -0.32058918 -0.12224221 -1.6764863   0.7567854  -0.38629523
 -0.54806626  0.7070931  -2.1063085   1.2437489 ]
[-0.5680677   0.74725646  0.36493078  0.90943635  1.60576     0.2757582
 -0.8942827  -0.32058918 -0.12224221 -1.6764863   0.7567854  -0.38629523
 -0.54806626  0.7070931  -2.1063085   1.2437489 ]
[-0.5680677   0.74725646  0.36493078  0.90943635  1.60576     0.2757582
 -0.8942827  -0.32058918 -0.12224221 -1.6764863   0.7567854  -0.38629523
 -0.54806626  0.7070931  -2.1063085   1.2437489 ]
[-0.54669803  0.7685329   0.34643903  0.86750317  1.6290535   0.2597165
 -0.929787   -0.332383   -0.13515517 -1.7061946   0.79671586 -0.41519856
 -0.50105745  0.68750685 -2.0742078   1.2749665 ]
[-0.54669803  0.7685329   0.34643903  0.86750317  1.6290535   0.2597165
 -0.929787   -0.332383   -0.13515517 -1.7061946   0.79671586 -0.41519856
 -0.50105745  0.68750685 -2.0742078   1.2749665 ]
[-0.54669803  0.7685329   0.34643903  0.86750317  1.6290535   0.2597165
 -0.929787   -0.332383   -0.13515517 -1.7061946   0.79671586 -0.41519856
 -0.50105745  0.68750685 -2.0742078   1.2749665 ]
[-0.54669803  0.7685329   0.34643903  0.86750317  1.6290535   0.2597165
 -0.929787   -0.332383   -0.13515517 -1.7061946   0.79671586 -0.41519856
 -0.50105745  0.68750685 -2.0742078   1.2749665 ]
[-0.44225866  0.73414075  0.33217254  0.9103468   1.6525017   0.22219095
 -0.86629665 -0.38238898 -0.20519798 -1.71882     0.8014717  -0.44983464
 -0.46324664  0.71496135 -2.1270368   1.2764254 ]
[-0.44225866  0.73414075  0.33217254  0.9103468   1.6525017   0.22219095
 -0.86629665 -0.38238898 -0.20519798 -1.71882     0.8014717  -0.44983464
 -0.46324664  0.71496135 -2.1270368   1.2764254 ]
[-0.44225866  0.73414075  0.33217254  0.9103468   1.6525017   0.22219095
 -0.86629665 -0.38238898 -0.20519798 -1.71882     0.8014717  -0.44983464
 -0.46324664  0.71496135 -2.1270368   1.2764254 ]
[-0.44225866  0.73414075  0.33217254  0.9103468   1.6525017   0.22219095
 -0.86629665 -0.38238898 -0.20519798 -1.71882     0.8014717  -0.44983464
 -0.46324664  0.71496135 -2.1270368   1.2764254 ]
[-0.4519531   0.7500413   0.34254566  0.8952322   1.6415383   0.22761326
 -0.8821268  -0.36706004 -0.20817408 -1.7200149   0.7873156  -0.42458135
 -0.45829454  0.7037604  -2.1182017   1.2716188 ]
[-0.4519531   0.7500413   0.34254566  0.8952322   1.6415383   0.22761326
 -0.8821268  -0.36706004 -0.20817408 -1.7200149   0.7873156  -0.42458135
 -0.45829454  0.7037604  -2.1182017   1.2716188 ]
[-0.4519531   0.7500413   0.34254566  0.8952322   1.6415383   0.22761326
 -0.8821268  -0.36706004 -0.20817408 -1.7200149   0.7873156  -0.42458135
 -0.45829454  0.7037604  -2.1182017   1.2716188 ]
[-0.4519531   0.7500413   0.34254566  0.8952322   1.6415383   0.22761326
 -0.8821268  -0.36706004 -0.20817408 -1.7200149   0.7873156  -0.42458135
 -0.45829454  0.7037604  -2.1182017   1.2716188 ]
[-0.5010951   0.76051116  0.32749242  0.9005394   1.6226145   0.21908589
 -0.8968808  -0.33601353 -0.19273815 -1.702536    0.77759206 -0.4153122
 -0.4820752   0.71158016 -2.104776    1.3028486 ]
[-0.5010951   0.76051116  0.32749242  0.9005394   1.6226145   0.21908589
 -0.8968808  -0.33601353 -0.19273815 -1.702536    0.77759206 -0.4153122
 -0.4820752   0.71158016 -2.104776    1.3028486 ]
[-0.5010951   0.76051116  0.32749242  0.9005394   1.6226145   0.21908589
 -0.8968808  -0.33601353 -0.19273815 -1.702536    0.77759206 -0.4153122
 -0.4820752   0.71158016 -2.104776    1.3028486 ]
[-0.5010951   0.76051116  0.32749242  0.9005394   1.6226145   0.21908589
 -0.8968808  -0.33601353 -0.19273815 -1.702536    0.77759206 -0.4153122
 -0.4820752   0.71158016 -2.104776    1.3028486 ]
[-0.5515642   0.7401737   0.3253571   0.9180244   1.6609333   0.21994638
 -0.89715225 -0.34024134 -0.15904868 -1.7104868   0.7828487  -0.44693702
 -0.4599226   0.70553684 -2.0914598   1.2945887 ]
[-0.5515642   0.7401737   0.3253571   0.9180244   1.6609333   0.21994638
 -0.89715225 -0.34024134 -0.15904868 -1.7104868   0.7828487  -0.44693702
 -0.4599226   0.70553684 -2.0914598   1.2945887 ]
[-0.5515642   0.7401737   0.3253571   0.9180244   1.6609333   0.21994638
 -0.89715225 -0.34024134 -0.15904868 -1.7104868   0.7828487  -0.44693702
 -0.4599226   0.70553684 -2.0914598   1.2945887 ]
[-0.5515642   0.7401737   0.3253571   0.9180244   1.6609333   0.21994638
 -0.89715225 -0.34024134 -0.15904868 -1.7104868   0.7828487  -0.44693702
 -0.4599226   0.70553684 -2.0914598   1.2945887 ]
[-0.45514393  0.7124871   0.324063    0.9204607   1.6843967   0.18656969
 -0.8351604  -0.43595546 -0.2699964  -1.7365221   0.8419894  -0.543691
 -0.41331324  0.758427   -2.0706446   1.3227736 ]
[-0.45514393  0.7124871   0.324063    0.9204607   1.6843967   0.18656969
 -0.8351604  -0.43595546 -0.2699964  -1.7365221   0.8419894  -0.543691
 -0.41331324  0.758427   -2.0706446   1.3227736 ]
[-0.45514393  0.7124871   0.324063    0.9204607   1.6843967   0.18656969
 -0.8351604  -0.43595546 -0.2699964  -1.7365221   0.8419894  -0.543691
 -0.41331324  0.758427   -2.0706446   1.3227736 ]
[-0.45514393  0.7124871   0.324063    0.9204607   1.6843967   0.18656969
 -0.8351604  -0.43595546 -0.2699964  -1.7365221   0.8419894  -0.543691
 -0.41331324  0.758427   -2.0706446   1.3227736 ]
[-0.45514393  0.7124871   0.324063    0.9204607   1.6843967   0.18656969
 -0.8351604  -0.43595546 -0.2699964  -1.7365221   0.8419894  -0.543691
 -0.41331324  0.758427   -2.0706446   1.3227736 ]
[-0.49063978  0.7265584   0.33295232  0.9378438   1.6347015   0.22346349
 -0.86409205 -0.39760622 -0.2058376  -1.7323431   0.8096439  -0.45177263
 -0.44832626  0.74089175 -2.1002622   1.2737576 ]
[-0.49063978  0.7265584   0.33295232  0.9378438   1.6347015   0.22346349
 -0.86409205 -0.39760622 -0.2058376  -1.7323431   0.8096439  -0.45177263
 -0.44832626  0.74089175 -2.1002622   1.2737576 ]
[-0.49063978  0.7265584   0.33295232  0.9378438   1.6347015   0.22346349
 -0.86409205 -0.39760622 -0.2058376  -1.7323431   0.8096439  -0.45177263
 -0.44832626  0.74089175 -2.1002622   1.2737576 ]
[-0.49063978  0.7265584   0.33295232  0.9378438   1.6347015   0.22346349
 -0.86409205 -0.39760622 -0.2058376  -1.7323431   0.8096439  -0.45177263
 -0.44832626  0.74089175 -2.1002622   1.2737576 ]
[-0.4883124   0.72792804  0.3578207   0.9515033   1.6042128   0.2425416
 -0.8389745  -0.39387444 -0.20036666 -1.7238853   0.782119   -0.42598113
 -0.46932697  0.7508003  -2.12606     1.2373937 ]
[-0.4883124   0.72792804  0.3578207   0.9515033   1.6042128   0.2425416
 -0.8389745  -0.39387444 -0.20036666 -1.7238853   0.782119   -0.42598113
 -0.46932697  0.7508003  -2.12606     1.2373937 ]
[-0.4883124   0.72792804  0.3578207   0.9515033   1.6042128   0.2425416
 -0.8389745  -0.39387444 -0.20036666 -1.7238853   0.782119   -0.42598113
 -0.46932697  0.7508003  -2.12606     1.2373937 ]
[-0.4883124   0.72792804  0.3578207   0.9515033   1.6042128   0.2425416
 -0.8389745  -0.39387444 -0.20036666 -1.7238853   0.782119   -0.42598113
 -0.46932697  0.7508003  -2.12606     1.2373937 ]
[-0.4883124   0.72792804  0.3578207   0.9515033   1.6042128   0.2425416
 -0.8389745  -0.39387444 -0.20036666 -1.7238853   0.782119   -0.42598113
 -0.46932697  0.7508003  -2.12606     1.2373937 ]
[-0.5429374   0.7991541   0.3693489   0.90476686  1.5597076   0.29473716
 -0.8743588  -0.38041002 -0.17183495 -1.7007633   0.8081256  -0.39690846
 -0.55371225  0.7346388  -2.1001654   1.238648  ]
[-0.5429374   0.7991541   0.3693489   0.90476686  1.5597076   0.29473716
 -0.8743588  -0.38041002 -0.17183495 -1.7007633   0.8081256  -0.39690846
 -0.55371225  0.7346388  -2.1001654   1.238648  ]
[-0.5429374   0.7991541   0.3693489   0.90476686  1.5597076   0.29473716
 -0.8743588  -0.38041002 -0.17183495 -1.7007633   0.8081256  -0.39690846
 -0.55371225  0.7346388  -2.1001654   1.238648  ]
