[0. 0. 0. 0. 0. 0. 0. 0. 0. 0. 0. 0. 0. 0. 0. 0.]
[0. 0. 0. 0. 0. 0. 0. 0. 0. 0. 0. 0. 0. 0. 0. 0.]
[0. 0. 0. 0. 0. 0. 0. 0. 0. 0. 0. 0. 0. 0. 0. 0.]
[0. 0. 0. 0. 0. 0. 0. 0. 0. 0. 0. 0. 0. 0. 0. 0.]
[0. 0. 0. 0. 0. 0. 0. 0. 0. 0. 0. 0. 0. 0. 0. 0.]
[0. 0. 0. 0. 0. 0. 0. 0. 0. 0. 0. 0. 0. 0. 0. 0.]
[0. 0. 0. 0. 0. 0. 0. 0. 0. 0. 0. 0. 0. 0. 0. 0.]
[0. 0. 0. 0. 0. 0. 0. 0. 0. 0. 0. 0. 0. 0. 0. 0.]
[0. 0. 0. 0. 0. 0. 0. 0. 0. 0. 0. 0. 0. 0. 0. 0.]
[0. 0. 0. 0. 0. 0. 0. 0. 0. 0. 0. 0. 0. 0. 0. 0.]
[-0.20115452  0.37867042  0.45028734  0.8304284   2.023025    0.24944909
 -0.6729466  -0.57349586 -0.69881773 -1.6602176   0.7142508  -0.627843
  0.05992584  0.70769453 -1.9273943   0.9226926 ]
[-0.19254148  0.38930923  0.4671933   0.8030841   2.0351999   0.28390852
 -0.70954424 -0.5126642  -0.62573826 -1.6140229   0.68973327 -0.56286204
 -0.04435927  0.6118191  -1.9545752   0.91002214]
[-0.26880193  0.35614386  0.51856244  0.76620305  2.0361488   0.32042626
 -0.77045536 -0.3678022  -0.48320025 -1.5426656   0.5874571  -0.46123496
 -0.1035177   0.55701923 -1.9930546   0.8195667 ]
[-0.19416684  0.36616737  0.45549875  0.7277671   2.1003833   0.23563573
 -0.7282772  -0.43762708 -0.54083955 -1.6028906   0.7129332  -0.5846939
  0.00764976  0.53532255 -1.9468073   0.8659657 ]
[-0.08127713  0.284427    0.4407854   0.70158446  2.1746807   0.16211265
 -0.6259718  -0.5455925  -0.6918749  -1.6314083   0.7645153  -0.7294911
  0.16807576  0.5853959  -1.8503625   0.84568673]
[-0.07485273  0.2564791   0.44741505  0.60162044  2.2544332   0.15114152
 -0.6411725  -0.5561353  -0.73101413 -1.6432788   0.7955731  -0.75523496
  0.22566542  0.5493668  -1.7415558   0.83265054]
[-0.03766922  0.23401627  0.44015104  0.61271214  2.2785535   0.17137274
 -0.6843535  -0.51325536 -0.68441945 -1.5694408   0.79318875 -0.7081538
  0.16824788  0.5086681  -1.8280127   0.78643817]
[-0.07689542  0.12692142  0.47986236  0.5882364   2.3070881   0.19549689
 -0.7274709  -0.40392265 -0.59839106 -1.4885862   0.7050318  -0.64332205
  0.22584364  0.4756782  -1.8725693   0.66918373]
[ 0.1122753   0.11518325  0.45025283  0.5012044   2.2942536   0.02142265
 -0.55558836 -0.5069998  -0.765275   -1.573397    0.84512866 -0.8341648
  0.33068284  0.5445564  -1.7801359   0.7653965 ]
[ 0.12688604  0.10323982  0.47734985  0.4379422   2.2228408  -0.02421954
 -0.46639267 -0.5245067  -0.8406078  -1.6064943   0.8441631  -0.9099633
  0.45003954  0.60386455 -1.7207619   0.7919879 ]
[ 0.2757187   0.16380139  0.49387422  0.32089132  2.1141481  -0.13069233
 -0.33197537 -0.5746252  -0.950467   -1.6151947   0.93030274 -0.9877823
  0.39711496  0.6735899  -1.6767753   0.8657839 ]
[ 0.26202655  0.0952161   0.5524083   0.31629074  2.0561237  -0.1053984
 -0.28902835 -0.57204324 -1.0113666  -1.5615087   0.8521786  -0.98870754
  0.46847343  0.7306546  -1.6529137   0.81269014]
[ 0.2796836  -0.01838333  0.63115335  0.39886832  2.0834973  -0.03145364
 -0.28217548 -0.56136245 -1.022609   -1.4708076   0.6957613  -0.9389984
  0.492541    0.63805413 -1.6196175   0.6872105 ]
[ 0.43110523 -0.07841219  0.65836203  0.41433066  1.9971688  -0.03781845
 -0.2309264  -0.55788004 -1.0323819  -1.4059246   0.6387055  -0.91450024
  0.50353587  0.6067792  -1.6645453   0.630656  ]
[ 0.36699313 -0.08688255  0.73574126  0.44336778  1.8678535   0.0155021
 -0.20103776 -0.50786716 -1.071418   -1.4423525   0.5176717  -0.8619584
  0.5866643   0.6061492  -1.5754174   0.5641275 ]
[ 0.20147976 -0.03849194  0.6755496   0.40050358  2.0092473   0.01059245
 -0.34605923 -0.45484638 -1.0090635  -1.5378355   0.56557524 -0.8527333
  0.6008479   0.52494276 -1.5211347   0.7352841 ]
[ 0.18908261  0.01644539  0.6383151   0.40696865  2.0405412  -0.01754708
 -0.3501562  -0.47568488 -0.96644175 -1.5730581   0.6532566  -0.8859873
  0.496746    0.5683963  -1.5950539   0.8203562 ]
[ 0.26190192  0.03290038  0.56521523  0.41150135  1.9957588  -0.09162958
 -0.28673416 -0.50534374 -0.95466805 -1.592449    0.75401574 -0.9522117
  0.43272933  0.6975859  -1.7236583   0.92276555]
[ 0.25725812  0.0170288   0.6659125   0.48509136  1.9400003  -0.03493618
 -0.2479507  -0.49301186 -0.9391797  -1.5542806   0.611193   -0.865561
  0.407753    0.643847   -1.7512534   0.8231143 ]
[ 0.15317447  0.01362744  0.5703887   0.4497183   2.0393696  -0.0953893
 -0.38149902 -0.4301559  -0.8489602  -1.5895897   0.6609742  -0.8878086
  0.42403755  0.6577425  -1.7321463   0.96709156]
[ 0.16748013  0.01557896  0.61949694  0.56230325  1.9336125  -0.03702744
 -0.33664662 -0.41153455 -0.8185994  -1.5601444   0.514072   -0.7770177
  0.4178745   0.65807396 -1.8094553   0.82913065]
[ 0.08381665  0.08014536  0.45673186  0.59358996  2.0496407  -0.02996661
 -0.44619694 -0.4191533  -0.7423984  -1.6229614   0.65768486 -0.8182308
  0.34488767  0.636989   -1.8222921   0.97048587]
[ 0.02058724  0.09686486  0.42824477  0.67379355  2.06184     0.0602218
 -0.51996106 -0.3652838  -0.63303006 -1.528792    0.57047474 -0.6822294
  0.2647441   0.5942994  -1.9439532   0.87247324]
[ 0.16391322  0.06043707  0.39641124  0.7885677   2.0243986   0.0248727
 -0.4048648  -0.43735963 -0.65131825 -1.4786971   0.60728395 -0.7521302
  0.17933567  0.7297379  -2.151965    0.86913663]
[ 0.22723326  0.10651548  0.44293576  0.7555212   1.9381893   0.01405306
 -0.30880702 -0.42924276 -0.6734799  -1.4684926   0.584618   -0.7121741
  0.1301268   0.7427398  -2.1893878   0.80532074]
[ 0.21587805  0.04488927  0.4084216   0.72308767  2.035201   -0.02215213
 -0.34535542 -0.443415   -0.67992955 -1.5078968   0.66656756 -0.79629457
  0.20102903  0.6947747  -2.0969634   0.8688717 ]
[ 0.21736176  0.06720587  0.48946366  0.68618846  1.987459   -0.0158728
 -0.33227378 -0.40242735 -0.6560482  -1.4998208   0.6109464  -0.7345635
  0.16047308  0.66511744 -2.1250563   0.8474226 ]
[ 0.22320631  0.11208829  0.4458886   0.63821787  2.0297065  -0.06159108
 -0.3426312  -0.45487872 -0.70264274 -1.598313    0.73776656 -0.8219539
  0.19879833  0.6478072  -2.0204105   0.93795806]
[ 0.2567842   0.09027576  0.46696043  0.57842356  2.0176415  -0.07368737
 -0.3216501  -0.4367198  -0.7046064  -1.5485294   0.7143787  -0.7862977
  0.21758811  0.6214981  -2.009963    0.88472164]
[ 0.2015388   0.06145757  0.4040599   0.6242298   2.1091735  -0.08238338
 -0.39875394 -0.44053277 -0.68616164 -1.5988566   0.7456192  -0.83659077
  0.261027    0.609278   -1.964081    0.96108305]
[ 0.19099052  0.15984553  0.41165394  0.5518111   1.9849285  -0.12003559
 -0.3601051  -0.43622097 -0.74365634 -1.6679713   0.81386507 -0.82317257
  0.24693997  0.70032424 -1.9249947   0.98683196]
[ 0.06798087  0.05726365  0.47355875  0.61151487  2.084914   -0.01931858
 -0.48340565 -0.37299508 -0.65454006 -1.5670753   0.6009115  -0.7168776
  0.29523185  0.58294106 -1.9358418   0.94648904]
[ 0.16525772  0.1056862   0.36685753  0.69738895  2.0653322  -0.05728932
 -0.3912615  -0.46587086 -0.65855235 -1.5960431   0.7480539  -0.80970657
  0.17977865  0.6627598  -2.051204    1.0107416 ]
[ 0.19730183  0.17135814  0.36585444  0.6581932   1.9455267  -0.09068984
 -0.30906704 -0.472915   -0.69228065 -1.6089531   0.79859906 -0.80744207
  0.12554745  0.77813536 -2.084322    0.99620134]
[ 0.21164174  0.14911151  0.4385236   0.6399473   1.9705045  -0.03797535
 -0.36208385 -0.4412888  -0.6686233  -1.5368575   0.69499433 -0.7286428
  0.1228415   0.6656053  -2.0740316   0.9255684 ]
[ 0.09705541  0.07389373  0.36990517  0.77802944  2.0533001  -0.01741515
 -0.4247908  -0.45277834 -0.66152656 -1.5250673   0.65972996 -0.75159764
  0.2273688   0.72220707 -2.0855575   0.90640515]
[ 0.19445017  0.13407722  0.37762475  0.70469904  2.0022435  -0.0583875
 -0.34031305 -0.48678344 -0.7209354  -1.5549405   0.70518625 -0.7701914
  0.18385749  0.7709306  -2.0747042   0.90288174]
[ 0.04288428  0.10054773  0.40963775  0.7100158   2.1068168   0.05325605
 -0.52523965 -0.3934174  -0.61272895 -1.5214617   0.5915198  -0.65183276
  0.23116727  0.5842222  -2.0141985   0.8580383 ]
[ 1.3313994e-01  1.1523066e-01  3.4615052e-01  7.6006424e-01
  2.0633433e+00 -1.3529658e-03 -4.2810288e-01 -4.6280900e-01
 -6.5697086e-01 -1.5225197e+00  7.0280492e-01 -7.4645942e-01
  1.5000007e-01  7.1607441e-01 -2.1019719e+00  9.0275991e-01]
[ 0.08192523  0.09457558  0.4198722   0.77228475  1.9698738   0.03165144
 -0.38745672 -0.41525728 -0.6403874  -1.4697374   0.6008719  -0.6947671
  0.18201946  0.790207   -2.1901336   0.8198358 ]
[ 0.17263305  0.05606242  0.39126098  0.6966047   2.0532281  -0.05385844
 -0.3539926  -0.47437963 -0.72715884 -1.543991    0.714551   -0.82099247
  0.25303662  0.7176181  -2.0205696   0.9082826 ]
[ 0.26422232  0.04935113  0.43252915  0.6727096   1.9390495  -0.07130245
 -0.24817272 -0.503272   -0.80368537 -1.5224144   0.7050302  -0.84811544
  0.25629386  0.8126807  -2.058836    0.89040565]
[ 0.2303031   0.09244095  0.50851476  0.6810973   1.9157101  -0.00332657
 -0.26095918 -0.48240942 -0.7788583  -1.490546    0.6053876  -0.7612496
  0.21853128  0.7383767  -2.0539188   0.8062189 ]
[ 0.18643871  0.05529529  0.45807776  0.5456107   2.0503829  -0.0573376
 -0.36706996 -0.47462812 -0.77146786 -1.5513493   0.69732744 -0.85992175
  0.32193136  0.6607301  -1.8877919   0.96450603]
[ 0.15866257  0.06058628  0.48432264  0.6695257   1.9395866  -0.00848368
 -0.2827337  -0.4585157  -0.7315099  -1.459314    0.5809835  -0.7732421
  0.2801709   0.7844423  -2.0748603   0.7953647 ]
[ 0.24855347  0.11401007  0.4112855   0.5752029   2.00165    -0.07720793
 -0.31143302 -0.5073746  -0.7686905  -1.545646    0.74948245 -0.87289727
  0.25721872  0.76797736 -1.9939673   0.921323  ]
[ 2.1971574e-01  8.3997056e-02  4.4219655e-01  6.8519837e-01
  1.9586064e+00 -1.5339137e-03 -2.9844630e-01 -4.7456893e-01
 -7.4930000e-01 -1.4746416e+00  6.2539470e-01 -7.5416636e-01
  2.4343374e-01  7.5893402e-01 -2.0758183e+00  7.7569067e-01]
[ 0.21151385  0.03165822  0.40061736  0.7256384   2.0654645  -0.00224648
 -0.3659899  -0.48068175 -0.71995556 -1.4625697   0.66099656 -0.79217815
  0.22496872  0.7340552  -2.0788798   0.81302166]
[ 0.20913956  0.04372249  0.44555968  0.72745913  1.9952301   0.02384209
 -0.31572297 -0.46009368 -0.7271659  -1.4145663   0.58660245 -0.7313879
  0.24827969  0.7708724  -2.1497319   0.7096995 ]
[ 0.2600128   0.02568191  0.4456182   0.6757738   2.019486   -0.02761073
 -0.29651752 -0.5039396  -0.8043415  -1.486661    0.66785204 -0.83609676
  0.31423956  0.7565788  -2.028853    0.7826317 ]
[ 0.27263516 -0.00583569  0.5125133   0.6566029   1.9262688  -0.03034471
 -0.22451496 -0.4745441  -0.8336729  -1.4657891   0.60611486 -0.8131257
  0.34451148  0.793568   -2.0323353   0.7289764 ]
[ 0.30926782  0.04680992  0.45143738  0.5441407   1.9388173  -0.12926051
 -0.23211007 -0.47764093 -0.87435377 -1.5711693   0.7516326  -0.8957133
  0.31558615  0.7705718  -1.8940308   0.9137765 ]
[ 0.3910575   0.03572181  0.57492626  0.5792303   1.8082489  -0.07545875
 -0.13259871 -0.46123868 -0.892638   -1.5223986   0.6106733  -0.8171941
  0.2501079   0.76345044 -1.9791977   0.8316474 ]
[ 0.29818916  0.02629655  0.5287655   0.6301568   1.819843   -0.10067452
 -0.16990384 -0.4363379  -0.8562287  -1.5344143   0.59451306 -0.80227107
  0.30778074  0.7703905  -1.9810531   0.8710865 ]
[ 0.30125695 -0.02184922  0.47991306  0.62184775  1.9225248  -0.11669966
 -0.2476006  -0.43930405 -0.8133661  -1.5144904   0.6089097  -0.81927454
  0.29944053  0.73803616 -1.9752324   0.94458973]
[ 0.22215207 -0.06059095  0.5520462   0.70187604  1.9199682   0.00787643
 -0.32600638 -0.3787528  -0.739367   -1.4432302   0.40490538 -0.6750637
  0.32618278  0.6358121  -1.9872049   0.80521286]
[ 0.10660954 -0.00955396  0.4027403   0.6731783   2.1005619  -0.0571751
 -0.4831131  -0.3590548  -0.685509   -1.5245321   0.55522704 -0.71563786
  0.34047753  0.61264    -1.9315598   0.94653034]
[ 7.4687831e-02 -1.8052697e-03  4.1795105e-01  8.0595171e-01
  2.0587888e+00  5.2739430e-02 -4.9623269e-01 -3.3250034e-01
 -5.8999556e-01 -1.4289881e+00  4.3392435e-01 -5.7195991e-01
  2.3161545e-01  6.4193571e-01 -2.1259587e+00  7.9675043e-01]
[ 0.11326182  0.03085308  0.3183418   0.8692892   2.1046388   0.02269069
 -0.45886546 -0.42532867 -0.62247753 -1.4592558   0.60502243 -0.6664405
  0.1829031   0.69317496 -2.1599958   0.8188569 ]
[ 0.1475605   0.04105933  0.35339063  0.85608065  2.0030303   0.02846753
 -0.37775335 -0.39550442 -0.6055864  -1.3968943   0.53362274 -0.62821007
  0.11991788  0.75400716 -2.2514172   0.783518  ]
[ 0.2091885  -0.01689029  0.3142032   0.81597555  2.1191063  -0.04091726
 -0.358776   -0.46607438 -0.6718496  -1.4390999   0.65809536 -0.73506296
  0.20459867  0.70898616 -2.1425338   0.80602723]
[ 0.2969201  -0.01953889  0.35309497  0.8300767   2.0375972  -0.03055749
 -0.2644262  -0.48625007 -0.73389786 -1.3697942   0.60681224 -0.72452456
  0.17259201  0.7603969  -2.1988015   0.7326344 ]
[ 0.2740572  -0.05713714  0.4648791   0.76526964  2.0203261   0.02213316
 -0.2738653  -0.45854396 -0.765897   -1.3157957   0.50072855 -0.68691176
  0.2823968   0.7178506  -2.1565175   0.62536705]
[ 0.33471066 -0.02997153  0.42982084  0.61779535  2.099368   -0.0906113
 -0.27053064 -0.48411655 -0.85563546 -1.4827316   0.6893281  -0.8073553
  0.34563503  0.6383115  -1.9419581   0.7709928 ]
[ 0.29754925  0.01986175  0.46969372  0.5913231   2.0399685  -0.07848448
 -0.28138304 -0.46534163 -0.8552151  -1.5356506   0.6961921  -0.7963057
  0.3067316   0.64222956 -1.9074316   0.8211056 ]
[ 0.1833089   0.02389553  0.51944697  0.6194114   1.9694321  -0.03184425
 -0.29688913 -0.4307971  -0.8435899  -1.5294653   0.5952424  -0.7423004
  0.3490162   0.65752727 -1.883358    0.806149  ]
[ 0.28793794  0.0136288   0.45210925  0.5506679   2.0248349  -0.08854222
 -0.28322786 -0.47296032 -0.85250294 -1.5420711   0.6911126  -0.84328556
  0.30653486  0.6489043  -1.8727413   0.9491707 ]
[ 0.30210543 -0.06380548  0.47404727  0.6522697   1.9753231  -0.06367596
 -0.25001517 -0.46676058 -0.8591307  -1.456253    0.5762721  -0.7977451
  0.35251585  0.6902108  -1.9661509   0.86676866]
[ 0.30177584 -0.06637237  0.51238537  0.6583969   1.9742655  -0.07288252
 -0.3181984  -0.43536514 -0.8369465  -1.4636481   0.53182846 -0.7617621
  0.36034855  0.679796   -1.9698238   0.87269527]
[ 0.1742111  -0.07680666  0.555308    0.67843974  2.006062    0.0142352
 -0.42844123 -0.36011776 -0.7657323  -1.4599549   0.40313134 -0.6669624
  0.40659136  0.6286337  -1.914023    0.7708801 ]
[ 0.07615042  0.07693992  0.41900253  0.65746415  2.053287   -0.0484219
 -0.4954608  -0.36937425 -0.72063494 -1.585803    0.6268736  -0.71534127
  0.2929471   0.66344416 -1.8770974   0.9175547 ]
[ 0.00693179  0.01380696  0.45008796  0.72521067  2.1340575   0.08118421
 -0.61295867 -0.28086716 -0.5739988  -1.4789425   0.44222373 -0.5773676
  0.25800353  0.54617083 -1.9729792   0.8082199 ]
[ 0.1277704   0.01917895  0.3654413   0.886802    2.1004074   0.03105243
 -0.48418522 -0.40251946 -0.60823625 -1.4154671   0.5540578  -0.6478841
  0.15591359  0.6610726  -2.1788707   0.80156153]
[ 0.26581016 -0.06051398  0.41865882  0.8517917   2.0356064  -0.01966828
 -0.32987362 -0.44107133 -0.73349494 -1.361819    0.5172699  -0.6964285
  0.22937703  0.76288146 -2.2013516   0.72471255]
[ 0.21201918 -0.06375911  0.5168144   0.815849    2.0179648   0.03934017
 -0.3764457  -0.3905475  -0.7116891  -1.3578614   0.4210187  -0.6182187
  0.25635982  0.6616087  -2.142509    0.6807829 ]
[ 0.13094056 -0.02438739  0.46293372  0.6864053   2.137973   -0.04334034
 -0.4478292  -0.41988412 -0.7735119  -1.5465647   0.6425022  -0.7434161
  0.35704532  0.59706324 -1.8892028   0.83918065]
[ 0.14330073 -0.01954799  0.50826263  0.6884736   2.0776265  -0.00600302
 -0.42092377 -0.39384845 -0.746984   -1.4884192   0.54728127 -0.67345184
  0.2917044   0.5899018  -1.9548352   0.8230284 ]
[ 0.12962495 -0.02805366  0.43539563  0.70612013  2.0931754  -0.03315269
 -0.38536173 -0.46520585 -0.8032837  -1.5558223   0.6569135  -0.7937493
  0.35672906  0.6522521  -1.9128689   0.9151803 ]
[ 0.26006374  0.0088758   0.41509494  0.6359139   1.975004   -0.09696928
 -0.26263064 -0.47083396 -0.839275   -1.5192205   0.65957    -0.80561
  0.3003516   0.7225645  -1.9522295   0.9385301 ]
[ 0.28639165 -0.05409078  0.4354271   0.65680903  1.9787147  -0.08041961
 -0.2667463  -0.4393373  -0.81894606 -1.4773165   0.56287396 -0.8014801
  0.3257006   0.710727   -1.9692373   0.92000085]
[ 0.25725377 -0.03918555  0.4206441   0.7276212   1.934264   -0.08220825
 -0.27546027 -0.4174021  -0.7825781  -1.4667419   0.5306091  -0.75262266
  0.304475    0.75818086 -2.0229867   0.87429506]
[ 0.16741951 -0.03322148  0.45565146  0.7237588   2.0030968  -0.04305635
 -0.382331   -0.3313253  -0.70553267 -1.4557458   0.43862668 -0.6898465
  0.28192642  0.7251396  -2.029343    0.84366924]
[ 0.11630076 -0.01404203  0.45505887  0.8258219   2.002544    0.05852013
 -0.44866848 -0.31105316 -0.60780746 -1.3827482   0.37003773 -0.5560121
  0.2230107   0.67485344 -2.165434    0.72425354]
[ 0.16266872 -0.03608162  0.39668345  0.8683653   2.1179261   0.01988003
 -0.46686354 -0.36194438 -0.6224097  -1.4002261   0.49144673 -0.6326763
  0.19283983  0.64739966 -2.1795108   0.76721287]
[ 0.15533587  0.01040246  0.43921238  0.8328387   2.0361915   0.04143341
 -0.4259162  -0.32271522 -0.5791066  -1.3549206   0.44935036 -0.55510175
  0.11146609  0.6664934  -2.2551239   0.7127612 ]
[ 0.17075984  0.02673037  0.42272383  0.7605082   2.1289067  -0.01533896
 -0.43349972 -0.41504988 -0.6746421  -1.4646772   0.6161632  -0.6922274
  0.2322202   0.624922   -2.0761986   0.75247246]
[ 0.19240728 -0.00692889  0.48414388  0.7421413   2.046942   -0.00812211
 -0.3458185  -0.41716304 -0.7249468  -1.3881998   0.5318692  -0.65876293
  0.2708334   0.68780005 -2.1141903   0.6681922 ]
[ 0.20418778 -0.03160429  0.4501068   0.6171065   2.1833482  -0.07456679
 -0.3732304  -0.47912797 -0.81562537 -1.4798037   0.6695539  -0.78867114
  0.42012438  0.6084145  -1.885915    0.73861974]
[ 0.3169238  -0.02114566  0.46931314  0.5867864   2.0902963  -0.0970198
 -0.27459708 -0.4964223  -0.8927658  -1.4436741   0.66669595 -0.7907632
  0.36129996  0.7016529  -1.937534    0.72269136]
[ 0.2114147  -0.08455826  0.580651    0.62230796  2.0936131   0.04028005
 -0.35504058 -0.42886466 -0.84145486 -1.3853363   0.457866   -0.67329293
  0.4087674   0.57566273 -1.874142    0.61155874]
[ 0.19128737  0.01780448  0.49956092  0.5704501   2.1008282  -0.03499496
 -0.3556445  -0.46906194 -0.8724434  -1.509395    0.6336087  -0.7626486
  0.40873256  0.603055   -1.7940594   0.73721707]
[ 0.1741133  -0.03028851  0.56725854  0.5959029   2.0743537   0.02655496
 -0.3552002  -0.44424266 -0.8620609  -1.4377006   0.49331212 -0.7217177
  0.44962564  0.5673443  -1.8104067   0.6758067 ]
[ 0.25580025 -0.07478756  0.5392168   0.58331597  2.0537846  -0.01752266
 -0.27155003 -0.498605   -0.96070325 -1.4274896   0.528784   -0.8011373
  0.50525266  0.6505548  -1.7872221   0.6846698 ]
[ 0.31066084 -0.08947106  0.59540457  0.60267735  1.9833069  -0.00538084
 -0.25314477 -0.4787582  -0.96160907 -1.3441067   0.4419566  -0.7644885
  0.45703894  0.66784465 -1.8382095   0.63716364]
[ 0.34331933 -0.18467511  0.7274535   0.65469205  1.9226726   0.13346997
 -0.27604237 -0.4187378  -0.8915394  -1.2278068   0.20442446 -0.6222605
  0.45438462  0.5549474  -1.8797019   0.46038383]
[ 0.20715258 -0.08698195  0.6683504   0.6049499   2.0225594   0.10912628
 -0.37398192 -0.38116917 -0.8228879  -1.3293567   0.31956118 -0.6152482
  0.4475196   0.48920313 -1.8257145   0.5249571 ]
[ 0.16478026 -0.05976897  0.67472863  0.5774723   2.094603    0.09663184
 -0.43104497 -0.37397534 -0.82201976 -1.3734405   0.37878323 -0.61282444
  0.4289369   0.4732918  -1.7849166   0.5268754 ]
[ 0.13827913 -0.07002291  0.63572115  0.61397207  2.1249537   0.07537373
 -0.416016   -0.41910267 -0.8393839  -1.4239026   0.4580771  -0.6789204
  0.49269208  0.49831885 -1.7816303   0.5493126 ]
[ 0.20161939 -0.03921812  0.62158334  0.5525056   2.189114    0.03597305
 -0.41622996 -0.4920873  -0.90657794 -1.4634374   0.58997184 -0.77808696
  0.45922422  0.48316145 -1.6987343   0.6212095 ]
[ 0.20233779 -0.07919856  0.66377866  0.5228104   2.1497636   0.09597737
 -0.40806642 -0.45210752 -0.8980788  -1.3985395   0.47935638 -0.70507985
  0.50946945  0.44211727 -1.6962723   0.52875984]
[ 0.16999103 -0.02085392  0.63916624  0.45220456  2.157029    0.01062508
 -0.41688007 -0.45226398 -0.9504305  -1.4972813   0.5928759  -0.7914736
  0.52026826  0.5066781  -1.6077716   0.6495878 ]
[ 0.17894037 -0.10252259  0.6661989   0.516292    2.109772    0.06726978
 -0.4104557  -0.4511199  -0.91880494 -1.4545251   0.49018177 -0.7556981
  0.58019227  0.46783543 -1.6241392   0.5997895 ]
[ 0.17903063 -0.05737136  0.6194227   0.45602846  2.095634   -0.01338145
 -0.38941956 -0.44830617 -0.96991986 -1.5395241   0.59290355 -0.8390937
  0.537012    0.5314893  -1.54828     0.7587627 ]
[ 0.16753465 -0.08110124  0.6499903   0.47051796  2.0431912  -0.0130551
 -0.400035   -0.41750184 -0.9603909  -1.549267    0.5402014  -0.8140335
  0.53824     0.5498282  -1.5784161   0.8204897 ]
[ 0.17474084 -0.18491864  0.69433165  0.5812869   1.9940284   0.06662984
 -0.38868958 -0.37405214 -0.90217483 -1.4404798   0.34032837 -0.7132491
  0.5481936   0.5288213  -1.6812344   0.7190741 ]
[ 0.2113748  -0.16629238  0.5824872   0.5687348   2.0017953  -0.08373276
 -0.35877782 -0.38855317 -0.9330015  -1.5211334   0.50827414 -0.8304699
  0.5478924   0.63840055 -1.7014847   0.8915536 ]
[ 0.15441382 -0.1922849   0.6826924   0.62039465  1.9280574  -0.00911814
 -0.36463454 -0.29296106 -0.859517   -1.4590673   0.26545408 -0.6936429
  0.5512824   0.62135905 -1.7363193   0.74863577]
[ 0.04202908 -0.06363036  0.54572564  0.5650729   2.0258486  -0.10535202
 -0.4639863  -0.2604245  -0.7830895  -1.594702    0.47386113 -0.7444135
  0.45066452  0.6536212  -1.7440331   0.9754863 ]
[ 1.8396318e-03 -5.3496987e-02  5.3972542e-01  7.0085472e-01
  2.0182574e+00  2.1318695e-02 -5.6897199e-01 -2.1036546e-01
 -6.2030411e-01 -1.5171429e+00  3.3415139e-01 -5.5995399e-01
  3.4828860e-01  5.5163652e-01 -1.8914945e+00  8.7609422e-01]
[ 0.0607646  -0.04618182  0.4486951   0.85585624  1.9904077  -0.01039076
 -0.4478833  -0.33261675 -0.66953117 -1.4934981   0.44460624 -0.63574755
  0.26432174  0.7214691  -2.0906672   0.90947473]
[ 0.00467283 -0.00663108  0.44080263  0.8653718   1.9662708   0.04505858
 -0.52572834 -0.24484234 -0.56040335 -1.4644182   0.35545638 -0.52303123
  0.21500103  0.6431306  -2.1284466   0.8877363 ]
[ 0.10264909 -0.05448924  0.3913521   0.90678406  1.9959908   0.00328655
 -0.43129238 -0.34730595 -0.640875   -1.417826    0.44379982 -0.62076235
  0.18988901  0.74850607 -2.1949284   0.89357233]
[ 0.09103651 -0.00706917  0.4042886   0.9497403   1.8704195   0.04494942
 -0.40528336 -0.27857447 -0.58887154 -1.3610003   0.34627333 -0.52531993
  0.11368813  0.8061155  -2.3114598   0.8177103 ]
[ 0.10454885 -0.04767451  0.39537463  0.89971894  2.0167472   0.01487165
 -0.4418865  -0.3479763  -0.64241815 -1.417864    0.4436938  -0.6203692
  0.20959374  0.74270403 -2.1902676   0.84839803]
[ 0.09758347 -0.00289337  0.41345334  0.93300295  1.8908781   0.05043613
 -0.4098056  -0.2819538  -0.5997876  -1.3614643   0.3514348  -0.52824396
  0.12543555  0.79461426 -2.296327    0.7895123 ]
[ 0.11281009 -0.04488288  0.41052628  0.8730537   2.0416393   0.02073769
 -0.45363322 -0.3472281  -0.6494598  -1.420396    0.44439316 -0.6225259
  0.22069255  0.7152708  -2.16187     0.8276768 ]
[ 0.12602648 -0.02424428  0.42051458  0.9144719   1.9380242   0.05599759
 -0.41506678 -0.2864869  -0.5936793  -1.326496    0.34697327 -0.5171104
  0.12112461  0.7488078  -2.2804759   0.7358338 ]
[ 0.16718507 -0.07090949  0.4385085   0.8536084   2.0706537   0.00497284
 -0.45634452 -0.31357044 -0.62186307 -1.3869574   0.41496795 -0.59492606
  0.18847427  0.6501853  -2.1727576   0.7942883 ]
[ 0.17268926 -0.0127734   0.48676234  0.87650406  1.9504995   0.04563565
 -0.4099535  -0.2733834  -0.5667665  -1.3413451   0.34094867 -0.5185958
  0.1110693   0.67108184 -2.266311    0.69671476]
[ 0.15288644 -0.03774846  0.4746414   0.80406916  2.1106403  -0.00288609
 -0.4793591  -0.31228498 -0.60657525 -1.4332097   0.45623103 -0.6069337
  0.23719344  0.57924676 -2.1084094   0.7363189 ]
[ 0.12215991 -0.03048359  0.53675836  0.73853475  2.1210995   0.05857576
 -0.5531429  -0.23904744 -0.5347296  -1.411898    0.37162358 -0.5316656
  0.25827456  0.46663576 -2.078071    0.6677247 ]
[ 0.18285951 -0.04789969  0.47910824  0.772334    2.1728318  -0.00379558
 -0.48921174 -0.31917506 -0.6208681  -1.4389546   0.49022627 -0.6299888
  0.2541979   0.54008085 -2.076313    0.696896  ]
[ 0.14223115 -0.05996629  0.53630793  0.6876925   2.186337    0.02739367
 -0.5489451  -0.25470442 -0.5583178  -1.4221998   0.45120066 -0.5677481
  0.27395844  0.43568474 -2.0314207   0.6631714 ]
[ 0.19048142 -0.03869483  0.49506384  0.6920929   2.2258308  -0.03744241
 -0.47940022 -0.36311287 -0.65913975 -1.4832749   0.5997067  -0.69972944
  0.29025948  0.49822515 -1.9958795   0.72702914]
[ 0.16760483 -0.01727296  0.52252257  0.6216851   2.1894076  -0.02138962
 -0.45506382 -0.36287382 -0.69069225 -1.502698    0.58832544 -0.69514763
  0.3574451   0.47270092 -1.917222    0.7044698 ]
[ 0.18107156 -0.03777816  0.47702712  0.5716888   2.2307138  -0.07359805
 -0.4455811  -0.4351906  -0.774554   -1.5579329   0.6906464  -0.81131285
  0.45066863  0.49164516 -1.7865362   0.7937954 ]
[ 0.22968106 -0.06096377  0.46215168  0.5603094   2.2090588  -0.07374139
 -0.39109832 -0.47673774 -0.82637817 -1.5258995   0.6894222  -0.8418285
  0.4360485   0.5220583  -1.7654368   0.81913435]
[ 0.31961602  0.01589608  0.4476986   0.5420779   2.0661418  -0.10125093
 -0.28345641 -0.4734997  -0.8770649  -1.5197132   0.7171127  -0.82124364
  0.33470935  0.62953556 -1.8391669   0.8079923 ]
[ 0.25655097 -0.07474758  0.5185348   0.5467194   2.1060054  -0.05283181
 -0.3470201  -0.42424622 -0.8314449  -1.4405085   0.5514512  -0.76242095
  0.44434652  0.56291413 -1.8337638   0.7440347 ]
[ 0.32146725 -0.04054613  0.43625173  0.56023073  2.1123252  -0.1152292
 -0.30184168 -0.46802378 -0.8576523  -1.508796    0.69264853 -0.8371502
  0.38087207  0.6051128  -1.8524799   0.838724  ]
[ 0.2747117   0.00532257  0.45929655  0.59342515  1.979839   -0.09612892
 -0.24653716 -0.45562655 -0.89640796 -1.5283006   0.6615247  -0.7977322
  0.39364657  0.71076494 -1.8750862   0.78147346]
[ 0.2214622  -0.0667227   0.5469987   0.5814417   2.0507922  -0.04219406
 -0.34466714 -0.3888231  -0.8495302  -1.484422    0.5008461  -0.7469465
  0.4209354   0.6029762  -1.8325609   0.79612696]
[ 0.30054918 -0.01681328  0.46425635  0.6089206   2.0466857  -0.09559222
 -0.3038481  -0.42092142 -0.81381434 -1.5338757   0.6393829  -0.79708785
  0.2809042   0.6224404  -1.9258268   0.91287863]
[ 0.2168555   0.02129907  0.48868936  0.6647904   1.9532591  -0.0907641
 -0.30410987 -0.38749626 -0.781809   -1.5306884   0.6100314  -0.7345284
  0.2748552   0.6672627  -1.965337    0.86413604]
[ 0.14609946 -0.05513068  0.59617984  0.65900093  1.9653933  -0.02705058
 -0.38375902 -0.33012944 -0.7457097  -1.5162344   0.4489406  -0.6714885
  0.3730093   0.6063622  -1.925531    0.82535076]
[ 9.9593192e-02 -9.7852945e-04  5.0848091e-01  6.4993685e-01
  2.0350964e+00 -7.3822185e-02 -4.2647043e-01 -3.6982119e-01
 -7.5941896e-01 -1.6342323e+00  5.7314289e-01 -7.5653285e-01
  3.9694074e-01  5.9411776e-01 -1.8330904e+00  9.6840352e-01]
[ 0.11828804  0.05340189  0.4468624   0.6824604   1.9949181  -0.07221382
 -0.39646733 -0.38541666 -0.74421453 -1.571982    0.60528827 -0.72619975
  0.27459905  0.6832274  -1.9374802   0.94591963]
[ 0.01595335  0.02120293  0.5106941   0.7043129   2.0480464   0.05812787
 -0.57176816 -0.26744422 -0.5790101  -1.5097092   0.43197593 -0.5411886
  0.23426645  0.53203744 -1.969067    0.85037565]
[ 0.04243082  0.07667017  0.38773277  0.80431175  2.0696096   0.02802318
 -0.5076033  -0.38937607 -0.6123892  -1.5099714   0.591152   -0.6176466
  0.16745126  0.6494247  -2.0895941   0.87855434]
[ 0.01475543  0.09301652  0.40350565  0.80530566  2.056766    0.07534961
 -0.5456626  -0.31833878 -0.5410161  -1.4393313   0.49922365 -0.5312724
  0.13317904  0.62975425 -2.1745877   0.80641013]
[ 0.08111202  0.0905529   0.36688557  0.83306426  2.16509     0.05018737
 -0.53765315 -0.44420218 -0.62645113 -1.4980314   0.62588793 -0.6383375
  0.18686154  0.6361555  -2.1038938   0.7791213 ]
[ 0.14612544  0.14072064  0.35590297  0.83772326  2.0748672   0.04862229
 -0.46058196 -0.48011535 -0.69748616 -1.4762285   0.6490773  -0.6137667
  0.13453136  0.7278229  -2.1463296   0.72369874]
[-0.0502017   0.12390991  0.47464076  0.7686473   2.1367846   0.19962533
 -0.7239686  -0.28590208 -0.55206835 -1.4472964   0.47635946 -0.4697485
  0.19602448  0.5101687  -2.0475752   0.6539148 ]
[ 0.10920455  0.01017842  0.45837194  0.8341775   2.1802282   0.11431532
 -0.5666324  -0.41846728 -0.6924367  -1.4006271   0.5503863  -0.6252135
  0.27182466  0.58975905 -2.0500598   0.5943068 ]
[ 0.17765322 -0.04298743  0.5191865   0.787795    2.1091008   0.06133938
 -0.43123418 -0.4370945  -0.80343497 -1.3646585   0.5171112  -0.65995187
  0.32904977  0.6580131  -2.0098197   0.54679   ]
[ 0.10985406 -0.0980847   0.6700277   0.5817974   2.1688058   0.12966537
 -0.5173628  -0.36959463 -0.7883066  -1.3783879   0.4321342  -0.60460484
  0.46925718  0.43991786 -1.7767384   0.4864389 ]
[ 0.17251399 -0.0952327   0.6145129   0.61467105  2.2107701   0.05607897
 -0.43413624 -0.4802633  -0.90840423 -1.4346613   0.5551926  -0.7597122
  0.49577364  0.51225173 -1.7306734   0.5688803 ]
[ 0.16986924 -0.04702903  0.6688663   0.49997258  2.1798286   0.04880158
 -0.40642318 -0.46245503 -0.93074477 -1.4632852   0.5296576  -0.76407987
  0.528062    0.45348477 -1.6461017   0.6014048 ]
[ 0.1319366  -0.01911146  0.61491394  0.37531054  2.2043195  -0.04753234
 -0.4303426  -0.46781173 -0.9851161  -1.5323273   0.66913664 -0.85247004
  0.5642689   0.49209476 -1.5014997   0.7489959 ]
[ 0.16007876 -0.0796365   0.6590859   0.4452669   2.150852    0.02188897
 -0.37158737 -0.48682246 -1.0102924  -1.4598987   0.54358345 -0.8262234
  0.59796536  0.52089566 -1.5351107   0.63124114]
[ 0.18181697 -0.11590765  0.687451    0.45052725  2.1111636   0.04652533
 -0.35763717 -0.4918894  -1.0295981  -1.4458691   0.46425828 -0.82537365
  0.66085684  0.51438093 -1.476471    0.58684695]
[ 0.22544217 -0.08308132  0.71061546  0.44354528  2.110696    0.05478134
 -0.39976344 -0.4637304  -0.98593694 -1.433387    0.4350586  -0.80288017
  0.5816819   0.48339844 -1.5394647   0.62577194]
[ 0.22652793 -0.09954774  0.7510527   0.48422378  2.0407903   0.12532063
 -0.41576084 -0.39925745 -0.9169033  -1.3712513   0.3492533  -0.6629407
  0.5274899   0.42258716 -1.6277745   0.5242093 ]
[ 0.17919877 -0.09512626  0.7155579   0.5292711   2.100556    0.09951255
 -0.41466174 -0.39621958 -0.8759028  -1.3728206   0.38954479 -0.6634902
  0.4957261   0.4575079  -1.7131729   0.52162284]
[ 0.14784543 -0.11779006  0.67975014  0.511263    2.1854477   0.08156841
 -0.4496568  -0.42921382 -0.8962364  -1.4268967   0.45986313 -0.7149686
  0.6005297   0.43488088 -1.6290238   0.5195731 ]
[ 0.15272474 -0.08243605  0.62779975  0.46166405  2.255458    0.00918173
 -0.45203298 -0.46382338 -0.93283224 -1.4874423   0.5892126  -0.80268586
  0.588548    0.45000005 -1.5801361   0.62724197]
[ 0.08154617 -0.05751611  0.6568221   0.40856552  2.2420852   0.00832633
 -0.46821952 -0.43199748 -0.93668604 -1.4886285   0.5777135  -0.79866284
  0.5887705   0.49564084 -1.5488285   0.6321603 ]
[ 0.05851515 -0.0176401   0.64485973  0.5038543   2.160605    0.03778977
 -0.41136846 -0.45017081 -0.9243271  -1.495812    0.5499283  -0.7490766
  0.5763775   0.51693594 -1.6309946   0.5902541 ]
[ 0.0524191  -0.02051809  0.6613151   0.41649166  2.1637566  -0.01065365
 -0.43035063 -0.4548394  -0.96733534 -1.551894    0.61131155 -0.8497156
  0.58446693  0.55838764 -1.5127292   0.7138473 ]
[ 0.11795951 -0.0846573   0.6578368   0.5570375   2.063876    0.02743051
 -0.3387847  -0.47661656 -0.962148   -1.4921852   0.51315075 -0.8061929
  0.60024655  0.56535274 -1.5907812   0.60863245]
[ 0.10354713 -0.10438801  0.7490183   0.50575244  1.9887556   0.05167449
 -0.36667144 -0.40088806 -0.94161224 -1.5040293   0.41541824 -0.77166384
  0.58346194  0.55011594 -1.5466515   0.64980185]
[ 0.18637498 -0.14717138  0.84129477  0.5705863   1.8434486   0.1614519
 -0.324191   -0.36519262 -0.836905   -1.4453052   0.2418687  -0.65589166
  0.50519484  0.4888258  -1.6914123   0.5852605 ]
[ 0.15201609 -0.10011985  0.79650307  0.53675354  1.9156303   0.16378573
 -0.3943919  -0.3612995  -0.78127253 -1.4565169   0.29144716 -0.652398
  0.47538528  0.45112458 -1.6868036   0.61021173]
[ 0.1400891  -0.05565541  0.7128505   0.57320106  1.9554036   0.12434276
 -0.47164363 -0.30228576 -0.6890256  -1.5113312   0.33207017 -0.60997665
  0.4253474   0.4103705  -1.7831948   0.71279854]
[ 0.05439086 -0.04418965  0.67600346  0.6195431   1.9876633   0.11125853
 -0.4847394  -0.29871202 -0.7367215  -1.5385063   0.34752554 -0.60297763
  0.4347659   0.50454754 -1.7816395   0.7158641 ]
[ 0.03702193  0.01233498  0.5622753   0.68863446  2.02306     0.07418372
 -0.5543407  -0.2802513  -0.6435433  -1.5338714   0.41890326 -0.5669503
  0.29623234  0.4871307  -1.8913193   0.83877814]
[ 0.05070422 -0.00602233  0.485928    0.76274496  2.031969    0.08912452
 -0.5296778  -0.33681518 -0.6310685  -1.4601905   0.4584202  -0.5744542
  0.22196476  0.5721661  -2.0117311   0.84426814]
[ 0.03836925  0.02179449  0.4242527   0.8025861   2.092185    0.02299205
 -0.54092616 -0.38747454 -0.64390004 -1.5002171   0.579951   -0.6320799
  0.24446805  0.6057013  -2.016915    0.8565571 ]
[ 0.04272317 -0.01749932  0.46316466  0.75861967  2.099919    0.08258776
 -0.6021162  -0.30973053 -0.5913615  -1.4211779   0.45348662 -0.54942524
  0.276254    0.55189127 -2.0420952   0.76978934]
[ 9.8847345e-02 -2.6133060e-04  3.9063099e-01  8.8232565e-01
  2.1103072e+00  6.7929573e-02 -5.0938553e-01 -4.2833576e-01
 -6.8654108e-01 -1.4380109e+00  5.3620970e-01 -6.4622003e-01
  3.0195981e-01  6.7939603e-01 -2.0875981e+00  6.9173467e-01]
[ 0.16825348  0.05437023  0.39581198  0.8002049   2.0531597   0.01096006
 -0.3924582  -0.48812023 -0.7955273  -1.4810158   0.6122786  -0.68586046
  0.31875065  0.7567736  -2.0329633   0.66782653]
[-0.03920618  0.04271163  0.49462548  0.6940073   2.1639874   0.16602305
 -0.64068824 -0.32981145 -0.6850274  -1.4810494   0.4690357  -0.5603469
  0.35850424  0.5310297  -1.8499613   0.62957704]
[ 0.1097343  -0.02254736  0.43509713  0.8467585   2.1065807   0.10225674
 -0.48945126 -0.43887177 -0.7345463  -1.3762165   0.53571063 -0.6358143
  0.2626368   0.66696036 -2.0545132   0.6467426 ]
[ 0.18340293 -0.11219656  0.5283154   0.8393342   1.9809515   0.09077738
 -0.36311066 -0.38122663 -0.7478787  -1.291935    0.37826928 -0.5978211
  0.268462    0.6976644  -2.101855    0.5863724 ]
[ 0.30099827 -0.12409234  0.57063276  0.7358143   1.9784467  -0.04649963
 -0.24796155 -0.45976013 -0.9042994  -1.4329497   0.52104807 -0.747882
  0.384495    0.7012534  -1.9513382   0.6809653 ]
[ 0.16492882 -0.1632624   0.6916531   0.64696014  2.001075    0.04486658
 -0.37621194 -0.37250525 -0.8526701  -1.4440618   0.37217715 -0.6981405
  0.5084084   0.51784056 -1.7720041   0.6915506 ]
[ 0.14308314 -0.12548044  0.6514527   0.59812176  2.0222201   0.00604646
 -0.3788199  -0.3743844  -0.8643869  -1.5380763   0.42978287 -0.76340353
  0.52850753  0.52572405 -1.7004423   0.8056204 ]
[ 0.08349971 -0.01424835  0.58336353  0.503833    2.053479   -0.08234914
 -0.41544923 -0.34492916 -0.8216289  -1.6204141   0.54155934 -0.8222598
  0.45207247  0.58989877 -1.6447265   0.9304363 ]
[ 0.09351309 -0.00904006  0.55148417  0.6191915   2.0298367  -0.00780622
 -0.4545738  -0.3093306  -0.70026743 -1.5518558   0.45267588 -0.6975428
  0.35877132  0.5662991  -1.8317213   0.860185  ]
[ 0.06196231 -0.02057391  0.52947724  0.6711229   2.0623717   0.05962468
 -0.55159366 -0.25824136 -0.57879245 -1.4688333   0.3764396  -0.56985104
  0.32486784  0.50211203 -1.941025    0.7677907 ]
[ 8.3280906e-02  9.6727011e-04  4.2544714e-01  7.7709603e-01
  2.1397076e+00  4.1787181e-02 -5.3327048e-01 -3.4550983e-01
 -6.0578811e-01 -1.4543418e+00  4.9415150e-01 -6.1151421e-01
  2.9030523e-01  5.9996212e-01 -2.0840745e+00  7.4669874e-01]
[ 0.05309988  0.00220323  0.42252332  0.7466971   2.173521    0.07466507
 -0.58453053 -0.29359952 -0.55427384 -1.4241469   0.48004174 -0.5339015
  0.27241924  0.5307925  -2.0945392   0.6918241 ]
[ 0.12655015  0.02678396  0.3745336   0.77998173  2.2148454   0.02507557
 -0.51054764 -0.41439486 -0.64227486 -1.445668    0.6520928  -0.6587076
  0.24507448  0.6123762  -2.114531    0.690094  ]
[ 0.13400814  0.06523453  0.43526763  0.7670503   2.0708978   0.046484
 -0.41801578 -0.4078721  -0.6671821  -1.4091644   0.5830952  -0.60600287
  0.21777602  0.69128776 -2.1539054   0.60992765]
[ 2.0534182e-01  1.7834574e-03  4.4735485e-01  7.0432585e-01
  2.1545880e+00 -5.8028101e-05 -3.9469108e-01 -4.8874873e-01
 -7.7511823e-01 -1.4536030e+00  6.5239865e-01 -7.4378902e-01
  3.3852428e-01  6.3845342e-01 -1.9630520e+00  6.3635391e-01]
[ 0.31154513 -0.04667451  0.53262866  0.6690263   2.0169597  -0.04097293
 -0.2322009  -0.5143859  -0.9091789  -1.4161975   0.59535724 -0.77282304
  0.39706853  0.70194536 -1.9417301   0.60731566]
[ 0.33735007 -0.07978531  0.6648944   0.5947096   1.9257841  -0.01460447
 -0.19469008 -0.51525456 -0.9934842  -1.4272301   0.5239556  -0.7739435
  0.4506256   0.6891638  -1.8384602   0.60789233]
[ 0.21907648 -0.22329259  0.8072063   0.61409724  1.9236107   0.18263264
 -0.34123647 -0.40066156 -0.9009794  -1.316951    0.20548563 -0.6556262
  0.55676323  0.48760882 -1.699797    0.49749693]
[ 0.23039441 -0.15937944  0.749834    0.61623037  1.9573576   0.10622015
 -0.34549844 -0.3794642  -0.844631   -1.371926    0.28688905 -0.6857296
  0.49117     0.47839642 -1.7471645   0.5757939 ]
[ 0.18197842 -0.10081577  0.7148844   0.54994833  1.9781078   0.08789855
 -0.36173767 -0.35720143 -0.8427032  -1.4039851   0.33789805 -0.6688124
  0.474294    0.47635922 -1.6927745   0.58666104]
[ 0.1219434   0.02917037  0.6568068   0.52760863  2.030982    0.03847008
 -0.40808803 -0.3634389  -0.81770784 -1.4775282   0.44651335 -0.6692644
  0.43315235  0.5093851  -1.7350826   0.63991547]
[ 1.08647965e-01 -1.21979415e-03  6.08771682e-01  5.84117174e-01
  2.13777351e+00  6.22301921e-02 -4.41622317e-01 -4.19706911e-01
 -8.08212280e-01 -1.48508823e+00  4.70815569e-01 -6.75757229e-01
  4.89618927e-01  5.01855075e-01 -1.74787259e+00  5.76635480e-01]
[ 0.12294374  0.08259319  0.5621598   0.5914012   2.2104566   0.05934129
 -0.47856635 -0.46066728 -0.7714395  -1.5553601   0.63337564 -0.69692296
  0.36041695  0.47194377 -1.792772    0.62260586]
[ 0.06564913  0.09977896  0.61714697  0.49872637  2.2169945   0.11542156
 -0.55485106 -0.38884497 -0.71603024 -1.5293037   0.59963405 -0.62931895
  0.28769097  0.41403657 -1.7636907   0.6285461 ]
[ 0.07498986  0.09149443  0.5612484   0.57828283  2.2055483   0.11500243
 -0.5411355  -0.3938102  -0.6858231  -1.4883579   0.612239   -0.61133176
  0.27367252  0.44260508 -1.8784771   0.6035133 ]
[ 0.14511509 -0.00240478  0.53734124  0.56498855  2.240514    0.01579566
 -0.44901022 -0.4624668  -0.81339186 -1.5183259   0.6606709  -0.7556397
  0.4399498   0.4901445  -1.7712784   0.6382386 ]
[ 0.21199162 -0.00419986  0.571299    0.49531698  2.2008297  -0.02819795
 -0.377235   -0.48650518 -0.89394796 -1.5325375   0.6603321  -0.8001048
  0.46067563  0.51526695 -1.6997299   0.66845787]
[ 0.1471808  -0.03519074  0.60407895  0.46197787  2.2335417   0.0250962
 -0.45261154 -0.44041243 -0.8908621  -1.5241816   0.57639277 -0.77381
  0.5377391   0.4240678  -1.5904331   0.6602801 ]
[ 0.13941966 -0.04553692  0.6371189   0.4712037   2.1976514   0.00286114
 -0.44523287 -0.4126281  -0.89545023 -1.5130837   0.5451994  -0.78106904
  0.5098452   0.48063546 -1.6347191   0.707534  ]
[ 1.6463284e-01 -8.0491975e-02  6.0626775e-01  5.5839556e-01
  2.1421273e+00  8.4923209e-05 -3.7761894e-01 -4.1543469e-01
 -8.8913554e-01 -1.4805523e+00  5.1269197e-01 -7.4743474e-01
  5.3000546e-01  5.2933937e-01 -1.7259729e+00  6.3353276e-01]
[ 0.1312513  -0.09282836  0.6513423   0.58433783  2.0724633   0.02136036
 -0.38599786 -0.37267128 -0.86859643 -1.4923171   0.44651908 -0.7152383
  0.532714    0.51679695 -1.7164593   0.6481353 ]
[ 0.09933261 -0.10764205  0.6544121   0.51555264  2.1147904  -0.03274589
 -0.4214999  -0.3732681  -0.8977033  -1.5787665   0.49387902 -0.79984766
  0.5816803   0.54196584 -1.6058662   0.78123885]
[ 1.5931746e-01 -7.2714046e-02  6.5779370e-01  6.3145345e-01
  1.9706089e+00 -8.2630815e-04 -3.4672943e-01 -3.7640917e-01
 -8.6500156e-01 -1.5534185e+00  4.5847911e-01 -7.0821828e-01
  4.5229307e-01  5.5241096e-01 -1.7520275e+00  7.5655788e-01]
[ 0.1061691  -0.05128212  0.73232824  0.5570551   1.9555366   0.06138208
 -0.44914347 -0.3038702  -0.7602405  -1.5638859   0.3928669  -0.6501363
  0.39855057  0.47166663 -1.7276638   0.7959629 ]
[ 0.04728744  0.00581239  0.61056817  0.64084244  2.0064766   0.05138101
 -0.47980285 -0.31514972 -0.67035985 -1.5772613   0.45114303 -0.6403956
  0.36415344  0.45023718 -1.8037964   0.82631856]
[ 5.5168718e-02  3.4154724e-02  5.1441318e-01  6.6988319e-01
  2.0441396e+00  1.4229227e-03 -4.6748549e-01 -3.6377183e-01
 -7.0149517e-01 -1.5689346e+00  5.2544051e-01 -6.9658518e-01
  3.5271758e-01  5.6316030e-01 -1.8617083e+00  8.6894816e-01]
[ 0.02575794  0.05870304  0.51666147  0.6796682   2.0766551   0.09006925
 -0.56723994 -0.30346793 -0.6077406  -1.4858755   0.41673255 -0.5651485
  0.27534318  0.5491109  -1.9479784   0.7564381 ]
[ 0.0671529   0.13039054  0.3964891   0.8060953   2.098349    0.09344506
 -0.5420925  -0.39569145 -0.61623937 -1.481508    0.555709   -0.58363694
  0.17842007  0.6493289  -2.1046684   0.7140551 ]
[-0.04097261  0.14368494  0.3872552   0.7863054   2.1670902   0.16917977
 -0.69605124 -0.28383398 -0.49737996 -1.453328    0.5176109  -0.47266087
  0.14417936  0.50951016 -2.093832    0.6781063 ]
[ 0.05500851  0.11888452  0.36809263  0.84889495  2.1906447   0.11890431
 -0.60942125 -0.39192718 -0.5759978  -1.4333929   0.6356025  -0.56416833
  0.11722193  0.60460365 -2.1621675   0.6404542 ]
[ 0.08139236  0.08586472  0.42852134  0.83969784  2.0616174   0.10031211
 -0.47059402 -0.34260193 -0.57881445 -1.3707505   0.5255764  -0.53266954
  0.15920241  0.68165624 -2.2426205   0.5310621 ]
[ 0.13189149 -0.00974124  0.50164294  0.7294861   2.2251956   0.04084474
 -0.46920323 -0.4373253  -0.72399837 -1.4592364   0.6438587  -0.6978793
  0.33532637  0.5665021  -1.9765863   0.5554315 ]
[ 2.6771337e-01  1.4433920e-03  5.6820214e-01  6.1578453e-01
  2.1295276e+00 -1.2312855e-02 -2.9291716e-01 -5.0802737e-01
 -8.7984782e-01 -1.4826094e+00  6.6331929e-01 -7.5808936e-01
  3.6738712e-01  6.0831767e-01 -1.8719832e+00  5.3990304e-01]
[ 0.15990594 -0.03078907  0.6508282   0.45444313  2.220158    0.04035195
 -0.4490055  -0.4081362  -0.83031845 -1.5121431   0.5862652  -0.74276
  0.4859131   0.36015245 -1.6177019   0.5921299 ]
[ 0.1345204  -0.02452113  0.6531782   0.46939284  2.1806877   0.04535132
 -0.43125844 -0.37488073 -0.83320534 -1.5158265   0.517118   -0.7122077
  0.53342617  0.36269435 -1.6122446   0.5674864 ]
[ 0.15019731  0.04211941  0.58480155  0.41508588  2.1824257  -0.0761864
 -0.38149709 -0.3955801  -0.8851614  -1.5543511   0.6348718  -0.80352193
  0.47063679  0.4922611  -1.6121206   0.7008556 ]
[ 0.12912886  0.02975703  0.669672    0.45242614  2.1391234   0.03145092
 -0.39170966 -0.38215858 -0.8256149  -1.5296192   0.514181   -0.7234675
  0.48253775  0.4325788  -1.6369661   0.56954217]
[ 0.17055345  0.05573522  0.6245438   0.4352685   2.2157006  -0.00238656
 -0.44061127 -0.37762633 -0.75650454 -1.5668671   0.6007278  -0.7369746
  0.39865685  0.39086887 -1.6914473   0.64298505]
[ 0.13686112  0.0633935   0.6684778   0.43879384  2.206802    0.04242589
 -0.49577937 -0.3371677  -0.6987003  -1.5605973   0.5836359  -0.664171
  0.35320488  0.3643753  -1.7340275   0.5922916 ]
[ 0.08196121  0.05445563  0.64839447  0.5003785   2.2084708   0.08153941
 -0.516261   -0.31437838 -0.6364571  -1.5437453   0.56838775 -0.6015948
  0.37011367  0.33618572 -1.808684    0.5278345 ]
[ 0.07451285  0.03269748  0.6098188   0.4897465   2.2579827   0.04098468
 -0.52012277 -0.33542573 -0.68546546 -1.5735966   0.60027534 -0.6501077
  0.4295312   0.34131655 -1.7340746   0.58092993]
[ 0.08985677  0.07502716  0.5445941   0.46967167  2.286525   -0.02006923
 -0.49970707 -0.38808745 -0.7327696  -1.6244825   0.70167434 -0.7420379
  0.42049232  0.385684   -1.6918087   0.68885976]
[ 0.08056978  0.10420698  0.5199685   0.4066611   2.2732482  -0.06513649
 -0.50081503 -0.37291884 -0.73893726 -1.6240292   0.7391858  -0.7500135
  0.38490093  0.42261085 -1.6727498   0.75929046]
[ 0.03601775  0.06067367  0.55851185  0.50243354  2.2271247  -0.02657918
 -0.4598782  -0.37451524 -0.73698723 -1.6177546   0.66208094 -0.71183693
  0.44444847  0.45074648 -1.7348135   0.6827512 ]
[ 0.04731098  0.03614432  0.5834877   0.5451576   2.1789765  -0.01932206
 -0.39322546 -0.43277645 -0.81896245 -1.6047426   0.640643   -0.7453507
  0.50187534  0.54935265 -1.7448933   0.6368218 ]
[ 0.05717234  0.00264278  0.6796435   0.5511244   2.1405044   0.07391666
 -0.4613844  -0.38052732 -0.7571953  -1.6056235   0.5256278  -0.6783509
  0.48395967  0.4339591  -1.7148516   0.6090163 ]
[ 0.05062527  0.03208     0.66436356  0.51038694  2.1095054   0.0625148
 -0.48937124 -0.33282912 -0.6973406  -1.5930262   0.52689135 -0.640075
  0.40941024  0.41940594 -1.7158619   0.6446932 ]
[ 0.0102551   0.0373361   0.6663287   0.5668358   2.0307984   0.0804437
 -0.47813827 -0.27263758 -0.61969435 -1.5723181   0.45992407 -0.56592304
  0.34862977  0.41339535 -1.7834523   0.63941526]
[-0.01856447 -0.00269105  0.6663227   0.60374343  2.0080025   0.0663923
 -0.46650085 -0.2927987  -0.6518192  -1.595412    0.43660897 -0.6033516
  0.42123413  0.48668084 -1.7947336   0.6994404 ]
[ 0.02234281 -0.00306763  0.62679803  0.6694982   2.015634    0.04501979
 -0.42455596 -0.37464803 -0.7172394  -1.6009527   0.4655901  -0.67851734
  0.40617204  0.5467367  -1.8004673   0.7671716 ]
[ 0.07117996  0.02847489  0.64543563  0.6752865   1.9699314   0.11386554
 -0.43983215 -0.3792127  -0.6745848  -1.5975612   0.4277431  -0.64854527
  0.31514674  0.5202595  -1.8583641   0.7976066 ]
[ 0.00882438  0.06456573  0.61270934  0.6812705   1.971101    0.17008066
 -0.548911   -0.29483202 -0.5616162  -1.5305426   0.3790928  -0.5302321
  0.22230718  0.46570715 -1.9043525   0.7616544 ]
[ 0.03426991  0.05770664  0.53704697  0.7099705   2.0076554   0.1376653
 -0.5726999  -0.26050976 -0.5339945  -1.4475111   0.38943475 -0.5220223
  0.17022935  0.53386796 -2.0540912   0.7796723 ]
[ 0.05335997  0.02940207  0.50209135  0.75979507  2.0469341   0.11792822
 -0.5715823  -0.26584634 -0.53566915 -1.4170085   0.36590737 -0.51466435
  0.2309858   0.55251443 -2.1106055   0.7214068 ]
[ 0.15899043  0.03451195  0.43133426  0.8063143   2.0946164   0.02657342
 -0.45906487 -0.39323306 -0.67385674 -1.4508247   0.52556205 -0.65480316
  0.22984338  0.6492134  -2.1155891   0.7555766 ]
[ 0.14065215  0.0614212   0.44547477  0.7728189   2.0784926   0.04944648
 -0.4777704  -0.36844414 -0.64322126 -1.4253098   0.5107235  -0.56533253
  0.19101028  0.6031047  -2.121306    0.711897  ]
[ 0.14685015  0.03266089  0.39963865  0.80002654  2.1766353   0.03078846
 -0.49595684 -0.41950434 -0.6704252  -1.436619    0.6077366  -0.64494306
  0.2073234   0.6024199  -2.0996132   0.72621423]
[ 0.16241297  0.01882601  0.47997874  0.7919735   2.0787418   0.06468873
 -0.4254078  -0.4020028  -0.70666593 -1.3450938   0.51128054 -0.5981542
  0.23579288  0.6716003  -2.1652813   0.5851108 ]
[ 0.19428971 -0.06462368  0.4883067   0.7281523   2.233807    0.0155372
 -0.44818503 -0.45788717 -0.7928792  -1.4189942   0.59722966 -0.72357625
  0.39547554  0.56303746 -1.9393196   0.5875495 ]
[ 0.28909314 -0.04268418  0.5227442   0.6683673   2.1520317  -0.03920613
 -0.3015766  -0.49617344 -0.8942335  -1.4207966   0.6050118  -0.7605008
  0.39694285  0.6330441  -1.9127071   0.55789244]
[ 0.1265746   0.01583656  0.6136142   0.5326165   2.1600854   0.0325434
 -0.4049384  -0.41341347 -0.85108346 -1.483914    0.52775145 -0.7189213
  0.4599143   0.4857626  -1.7220182   0.60075724]
[ 0.1015631   0.04817513  0.6018263   0.4507677   2.2107222  -0.01076246
 -0.44151402 -0.42615104 -0.85952485 -1.5315093   0.63000345 -0.7898878
  0.4320568   0.50187546 -1.6503083   0.69699025]
[ 0.17797971 -0.02144754  0.5813583   0.56696147  2.1691468   0.0040975
 -0.3611293  -0.44710618 -0.846908   -1.4799803   0.57835835 -0.7641057
  0.43849173  0.4941414  -1.7472837   0.6179455 ]
[ 0.23503356 -0.00476044  0.6323389   0.51607245  2.1506267   0.00283856
 -0.34871227 -0.46279496 -0.87074935 -1.4950237   0.58962387 -0.7716569
  0.43456608  0.48225275 -1.7361141   0.6060976 ]
[ 0.18487152 -0.01860925  0.7168997   0.49586052  2.1312063   0.08738959
 -0.40675122 -0.41752452 -0.82774293 -1.4883255   0.4814349  -0.6894407
  0.48610297  0.3919912  -1.6817614   0.5115901 ]
[ 0.13423355  0.07960319  0.650499    0.4004398   2.22244     0.01968412
 -0.47677296 -0.4051508  -0.8118211  -1.5829602   0.63160884 -0.74244905
  0.43126327  0.37865028 -1.6088505   0.6422697 ]
[ 0.09945383  0.080515    0.6296768   0.43155998  2.2291672   0.05093542
 -0.50090003 -0.3734963  -0.7461714  -1.5835224   0.61205924 -0.67649716
  0.40352947  0.33734772 -1.6407874   0.60873795]
[ 0.10206436  0.09623001  0.55955607  0.41729623  2.2721357  -0.01700798
 -0.5053247  -0.39727664 -0.7553405  -1.5969778   0.7120553  -0.7316117
  0.36086446  0.3860591  -1.6707987   0.73300624]
[ 0.11679097  0.04111947  0.5599049   0.48473206  2.2731981  -0.00853725
 -0.48471183 -0.41234255 -0.76097524 -1.5745869   0.6733767  -0.7282423
  0.39480957  0.39642504 -1.7081665   0.70039177]
[ 0.1705666   0.03305516  0.55849487  0.53685546  2.2340925  -0.00931869
 -0.42127442 -0.45525104 -0.80508137 -1.5643646   0.6650189  -0.7521074
  0.3860912   0.4591771  -1.7530285   0.67941815]
[ 0.10185504  0.03389573  0.57354707  0.47071952  2.2666233   0.00632231
 -0.49024814 -0.41526952 -0.793493   -1.5884951   0.64626235 -0.7425882
  0.46224546  0.39231604 -1.6500819   0.6899964 ]
[ 0.09345963  0.02168971  0.55889285  0.5005439   2.2419925  -0.01788254
 -0.4783907  -0.38875788 -0.8011352  -1.592982    0.6222691  -0.7358925
  0.45595512  0.4302408  -1.6780363   0.73301005]
[ 0.07354261  0.01059542  0.55894285  0.5170934   2.2074428  -0.02573303
 -0.44850016 -0.38469714 -0.8105551  -1.550662    0.59505504 -0.7467296
  0.46723622  0.5215117  -1.7184244   0.69771683]
[ 0.13825856 -0.03306711  0.5679233   0.58949983  2.1764112  -0.01508005
 -0.4120516  -0.38637716 -0.787488   -1.5347846   0.54900575 -0.72573507
  0.42542276  0.5042277  -1.7912811   0.69807076]
[ 0.12448577 -0.05599095  0.571679    0.6004783   2.1430047  -0.02386418
 -0.42118993 -0.35151473 -0.76133335 -1.5505219   0.53850424 -0.70281345
  0.41986823  0.5124955  -1.7987427   0.71826667]
[ 0.07668628 -0.02483671  0.6003269   0.60351527  2.0952551  -0.01126776
 -0.45361727 -0.3103599  -0.70895225 -1.5745147   0.51394093 -0.66208696
  0.38358194  0.46034846 -1.7782011   0.7545368 ]
[ 0.11450207 -0.05618704  0.6568177   0.64241254  2.0050988   0.02875663
 -0.42770523 -0.2935049  -0.6868814  -1.5423158   0.4098138  -0.62882525
  0.36308855  0.49126205 -1.8713491   0.7586484 ]
[ 0.07703447 -0.00369438  0.58780295  0.6203522   2.0752585   0.00528264
 -0.4709654  -0.3404641  -0.683809   -1.5843298   0.5143463  -0.6748025
  0.38646096  0.46408796 -1.8003142   0.79376805]
[ 0.09155753 -0.00625981  0.54944426  0.6323771   2.0584548   0.01606106
 -0.49734458 -0.30840632 -0.6542262  -1.5282515   0.4730006  -0.6370257
  0.3474081   0.5023674  -1.8731827   0.8007251 ]
[ 0.03264557 -0.00300691  0.5866955   0.6539386   2.0620394   0.12632447
 -0.5935     -0.24573562 -0.56613517 -1.4801619   0.34065738 -0.50713193
  0.32936305  0.4592147  -1.9206183   0.68980706]
[ 0.07629772  0.06714908  0.46932206  0.7638787   2.0896058   0.07986721
 -0.5253345  -0.36747485 -0.6411821  -1.494715    0.4960366  -0.5968272
  0.25147972  0.5812744  -2.0369396   0.7535731 ]
[ 0.02106843  0.07473493  0.44110307  0.73402596  2.1372783   0.09989264
 -0.62218267 -0.2843839  -0.5408778  -1.4888073   0.46722084 -0.5116727
  0.21560243  0.45893994 -2.0093877   0.7751358 ]
[ 0.11091413  0.03470101  0.39579278  0.84399986  2.1260905   0.03470563
 -0.49122143 -0.4224097  -0.6653169  -1.443462    0.57581574 -0.6356926
  0.20935905  0.6462559  -2.1130264   0.7581606 ]
[ 0.12868384 -0.01552812  0.46605983  0.8428663   2.0298676   0.06952064
 -0.43621644 -0.3918777  -0.6889231  -1.3362135   0.45822826 -0.58571607
  0.25230327  0.6993048  -2.1654732   0.63276255]
[ 0.1610034  -0.11660419  0.47030216  0.7765018   2.1974149   0.02235005
 -0.4598299  -0.44912592 -0.7775894  -1.3883945   0.5357498  -0.7048496
  0.42047697  0.6016332  -1.9564211   0.6265308 ]
[ 0.2682665  -0.09339841  0.50356984  0.754391    2.0981781   0.00641703
 -0.3124843  -0.48194084 -0.865661   -1.3673837   0.507731   -0.7099382
  0.3813199   0.67226094 -1.9703068   0.5667547 ]
[ 0.13532719 -0.07715417  0.61946136  0.54723924  2.1650112   0.05137818
 -0.4307286  -0.3752537  -0.8222562  -1.39846     0.42230067 -0.6522684
  0.45673123  0.50449896 -1.7723663   0.5867003 ]
[ 1.2520218e-01 -1.0381937e-04  5.5484402e-01  5.8884299e-01
  2.1477399e+00  2.9636424e-02 -4.0570736e-01 -4.1269159e-01
 -8.0841780e-01 -1.4665148e+00  5.3957611e-01 -6.9077826e-01
  4.2072892e-01  5.1549953e-01 -1.8216473e+00  6.4522469e-01]
[ 0.19442336  0.01599668  0.53538835  0.55300206  2.1326952  -0.01199189
 -0.35535395 -0.48255005 -0.8865328  -1.498613    0.6181412  -0.78918517
  0.4253435   0.57020694 -1.7515304   0.6941201 ]
[ 0.20631261 -0.07463721  0.5913491   0.5962227   2.0937686   0.02260431
 -0.3299691  -0.47230577 -0.8980465  -1.426386    0.5021769  -0.76909316
  0.50186163  0.5532564  -1.7476494   0.6108481 ]
[ 0.274644   -0.09677146  0.64259917  0.56938773  2.059414    0.04595359
 -0.3223545  -0.4637912  -0.90737504 -1.4157492   0.45771664 -0.7519177
  0.47700652  0.5349153  -1.7505144   0.6065639 ]
[ 0.24205248 -0.11578543  0.7155055   0.5951226   2.0073144   0.12870476
 -0.35171235 -0.37253565 -0.81435144 -1.347526    0.30123174 -0.6318083
  0.43515235  0.46076012 -1.7901434   0.4947881 ]
[ 0.2149947  -0.10162091  0.67978406  0.53766996  2.1257339   0.08484052
 -0.4183186  -0.38856533 -0.796118   -1.3826836   0.4044587  -0.67207044
  0.44854745  0.42159835 -1.7516543   0.5516517 ]
[ 0.17519012 -0.0271823   0.5945928   0.52880484  2.1695244   0.04435759
 -0.441063   -0.39414996 -0.7876337  -1.464647    0.51622117 -0.6711686
  0.43990254  0.42253464 -1.7462658   0.60131615]
[ 0.12940866  0.01575731  0.52682596  0.47808427  2.2191653  -0.04194402
 -0.45527548 -0.39914286 -0.81456506 -1.5352421   0.6433886  -0.7373622
  0.433752    0.47094518 -1.6846701   0.71522427]
[ 0.17795213 -0.06377421  0.57257986  0.5387281   2.2182813  -0.00393214
 -0.4295187  -0.38423094 -0.7782814  -1.4607835   0.5264329  -0.7040421
  0.42266282  0.44747132 -1.7814848   0.66374797]
[ 0.20941646  0.01676559  0.5057173   0.5124003   2.219733   -0.06396457
 -0.4035539  -0.44115025 -0.81586635 -1.5564909   0.6949874  -0.7685436
  0.3820762   0.49953103 -1.7697668   0.74266946]
[ 0.14290132  0.01334834  0.55068     0.48633748  2.1901577  -0.04271598
 -0.44037145 -0.38603052 -0.8008038  -1.5411222   0.613178   -0.7337628
  0.39036503  0.48923072 -1.7179224   0.7519496 ]
[ 0.14725417 -0.07006132  0.5581926   0.5452389   2.1852012  -0.00515271
 -0.44576702 -0.34195748 -0.74201834 -1.4996729   0.49970347 -0.6830315
  0.4771289   0.43152466 -1.7866246   0.6926884 ]
[ 0.20053491 -0.02739568  0.53336203  0.5629853   2.11941    -0.0912015
 -0.3538846  -0.39792472 -0.8557604  -1.5582203   0.5936366  -0.7706273
  0.44868183  0.5732515  -1.7873695   0.7755829 ]
[ 0.16096762 -0.04076291  0.5605284   0.5438015   2.1272252  -0.07552855
 -0.42598152 -0.3095303  -0.7918084  -1.5526845   0.5146612  -0.72649926
  0.40296674  0.52361333 -1.774053    0.8308592 ]
[ 0.14239709 -0.0723847   0.5669135   0.6794013   2.0507123   0.00366088
 -0.41304725 -0.2845951  -0.67631686 -1.4497256   0.40381175 -0.61479235
  0.3466907   0.492354   -1.9139601   0.70183265]
[ 0.19454695 -0.08142467  0.5526092   0.64720905  2.0747254  -0.06456453
 -0.39215413 -0.30099696 -0.70270234 -1.5046098   0.48385954 -0.6691753
  0.328561    0.52461135 -1.9331124   0.8073944 ]
[ 0.14258146 -0.0593475   0.5846037   0.66560376  2.024279   -0.00565524
 -0.41260594 -0.26170427 -0.64636153 -1.4958022   0.40832743 -0.615191
  0.32294336  0.4983174  -1.9591694   0.77349246]
[ 0.13940448 -0.02669101  0.5234715   0.65570164  2.1171105  -0.03745423
 -0.48130608 -0.32328245 -0.63636774 -1.5143229   0.52684295 -0.66742736
  0.304665    0.485645   -1.9295118   0.8299921 ]
[ 0.12649207 -0.01610527  0.52740085  0.680387    2.0670238   0.01617538
 -0.5156418  -0.28299147 -0.59064966 -1.5185635   0.46249342 -0.5954832
  0.29381868  0.4820749  -1.9764067   0.8059877 ]
[ 0.02694315  0.07685486  0.45724994  0.69087017  2.0966117  -0.00614999
 -0.54741347 -0.34404248 -0.62721294 -1.6101854   0.61677486 -0.6411025
  0.29416683  0.5573651  -1.9325926   0.8599907 ]
[-0.00680543  0.037771    0.45834818  0.7148533   2.098128    0.04705312
 -0.6406638  -0.25203577 -0.5331976  -1.5277098   0.49670577 -0.5364045
  0.24176887  0.4799841  -1.9750742   0.8661717 ]
[ 0.09179271 -0.00405827  0.40822524  0.8544033   2.0773876   0.00505623
 -0.4944838  -0.38354096 -0.62561846 -1.5146158   0.57690275 -0.6679107
  0.193386    0.6278788  -2.098062    0.9218358 ]
[ 0.17795841  0.05284022  0.38744408  0.8014887   1.9823227  -0.0557043
 -0.36347517 -0.41421074 -0.67579997 -1.5149336   0.6354132  -0.67736614
  0.13001224  0.70798343 -2.1173527   0.9116993 ]
[ 0.06211393  0.005417    0.47141123  0.74792993  2.0594678   0.05157088
 -0.57883584 -0.28397283 -0.56159383 -1.4477863   0.4643007  -0.56478035
  0.22489722  0.5348209  -2.0518844   0.8339801 ]
[ 0.12923041  0.00696917  0.399463    0.85639936  2.0835116   0.03708717
 -0.4864666  -0.399596   -0.6424227  -1.4439179   0.5319716  -0.6634918
  0.25559133  0.6565968  -2.1191227   0.76322633]
[ 0.21847697  0.0390669   0.40788227  0.7826394   2.0560842  -0.00979233
 -0.38275042 -0.45486468 -0.75539434 -1.4609282   0.59165585 -0.6946181
  0.28712225  0.724031   -2.0869157   0.7012463 ]
[ 0.02965313  0.03866863  0.47699767  0.6800655   2.1931581   0.14209318
 -0.66403383 -0.31092897 -0.63452405 -1.4486742   0.48093724 -0.5553657
  0.3148418   0.47852868 -1.9168158   0.6591207 ]
[ 0.10176156  0.04427421  0.39348495  0.8259077   2.1929412   0.08735923
 -0.5558755  -0.44297546 -0.6954964  -1.4182479   0.6125769  -0.6319907
  0.23795243  0.6203977  -2.0887961   0.6785758 ]
[ 0.14218879  0.0341417   0.45965657  0.7765834   2.0996432   0.07161038
 -0.44825    -0.42269158 -0.7312707  -1.3780203   0.53318024 -0.60645515
  0.23948058  0.6623813  -2.1101913   0.6383251 ]
[ 0.21480863 -0.02726767  0.4684311   0.7100795   2.1916175  -0.01293003
 -0.4103025  -0.5002234  -0.83284664 -1.4570245   0.6604071  -0.76675045
  0.36125857  0.62309617 -1.9293629   0.66743743]
[ 0.25142837 -0.09569903  0.560259    0.6841444   2.1308136  -0.00268118
 -0.3410072  -0.5315243  -0.9351082  -1.4033      0.59694046 -0.79401857
  0.45019287  0.64670914 -1.8468536   0.58680534]
[ 0.21044338 -0.13068695  0.64124984  0.48004618  2.1726604   0.00766006
 -0.3714593  -0.49483663 -0.99501514 -1.4618655   0.5578834  -0.8383702
  0.611654    0.48454657 -1.5490328   0.63547003]
[ 0.13348348 -0.08971798  0.67757213  0.37286857  2.1809406   0.01751903
 -0.42043003 -0.45392543 -1.001058   -1.4770857   0.5264169  -0.83793736
  0.6511121   0.49332675 -1.4307353   0.61989003]
[ 0.16856173 -0.06783216  0.65449667  0.43785596  2.151299    0.01159074
 -0.41332167 -0.42686167 -0.9521338  -1.4750278   0.51800793 -0.8037901
  0.5694264   0.48603398 -1.5494871   0.65393907]
[ 0.16667446 -0.0765341   0.6652151   0.45204863  2.1437554   0.0463346
 -0.41690436 -0.41084337 -0.8953792  -1.435295    0.47216302 -0.739718
  0.5344296   0.4679057  -1.6161858   0.6030613 ]
[ 2.0763803e-01 -6.3319899e-02  6.0002840e-01  5.0508344e-01
  2.1444049e+00 -4.2193831e-04 -3.7674573e-01 -4.6219286e-01
 -9.2052048e-01 -1.4358753e+00  5.6027967e-01 -7.7489454e-01
  5.0247771e-01  5.2921283e-01 -1.6850780e+00  6.3047814e-01]
[ 0.21850722 -0.18245237  0.67475235  0.5377017   2.1123052   0.07786688
 -0.38635427 -0.4296175  -0.89346504 -1.3486482   0.40682307 -0.7036908
  0.5736283   0.48066306 -1.7124304   0.5302749 ]
[ 0.24048162 -0.14417744  0.6278564   0.5064641   2.1481075   0.01595882
 -0.36328477 -0.4854126  -0.97384864 -1.4005482   0.5210968  -0.7824913
  0.5968981   0.5295757  -1.6401564   0.5609783 ]
[ 0.21806303 -0.16217463  0.6768083   0.53018653  2.0807693   0.07324442
 -0.37767464 -0.42278624 -0.93064946 -1.3741958   0.4042183  -0.72661906
  0.58797354  0.48027998 -1.6628904   0.5632227 ]
[ 0.16557172 -0.10420084  0.65087706  0.45059615  2.1021702   0.03983599
 -0.39893553 -0.40892005 -0.95141256 -1.4476448   0.46373993 -0.76643026
  0.5904684   0.48875874 -1.5425336   0.62997264]
[ 0.21581689 -0.06240944  0.5954636   0.51306415  2.0538216  -0.0250719
 -0.32161495 -0.44457692 -0.9661333  -1.4630793   0.5358092  -0.80099374
  0.53855395  0.5847977  -1.6505373   0.65922695]
[ 0.20815656 -0.17513636  0.70837605  0.50078094  2.0206447   0.04164837
 -0.36136    -0.3723182  -0.93116534 -1.4032528   0.35450965 -0.74715215
  0.6247167   0.51438487 -1.6235199   0.6002892 ]
[ 2.7551392e-01 -1.5996227e-01  6.6472661e-01  5.9050107e-01
  1.9510981e+00  1.4970868e-03 -2.7810168e-01 -4.4638839e-01
 -9.8586732e-01 -1.4388136e+00  4.1997895e-01 -7.7877527e-01
  6.1024708e-01  6.1501586e-01 -1.6875994e+00  6.0581553e-01]
[ 0.26729727 -0.25300848  0.7937311   0.5726871   1.9225273   0.1149116
 -0.36775056 -0.32996488 -0.88843906 -1.3479524   0.16923319 -0.6495538
  0.58417857  0.48919424 -1.6763461   0.557435  ]
[ 0.23966971 -0.18186314  0.76436865  0.5681982   1.9818087   0.08150132
 -0.40231138 -0.29253253 -0.77797234 -1.4280611   0.2699631  -0.6479646
  0.43741518  0.45613202 -1.766229    0.65841514]
[ 0.13921382 -0.04009981  0.6322355   0.6211338   2.0021      0.01376534
 -0.4184041  -0.3047663  -0.7108878  -1.5045403   0.4438216  -0.64430964
  0.35393843  0.47880664 -1.8397955   0.7412827 ]
[ 0.10282362 -0.08069745  0.6257001   0.5578678   2.0712876  -0.02011856
 -0.4994499  -0.2770638  -0.7033242  -1.5676172   0.4623297  -0.6825385
  0.4291641   0.45368308 -1.7536328   0.84850025]
[ 0.09502883 -0.04064384  0.5371302   0.62648404  2.0720239  -0.04230537
 -0.4556241  -0.34393224 -0.73866475 -1.6251328   0.53490776 -0.7422282
  0.43679327  0.54417646 -1.7826573   0.89385474]
[ 0.03817388  0.01712396  0.4721716   0.7088687   2.054315   -0.03105132
 -0.48316875 -0.34365362 -0.71466446 -1.6087039   0.5474719  -0.70259225
  0.37452683  0.56860864 -1.8408903   0.91435087]
[-3.7950874e-04  6.8665980e-03  4.6976551e-01  6.9578212e-01
  2.0978100e+00  3.7742242e-02 -5.9655666e-01 -2.6327574e-01
 -5.9161186e-01 -1.5492465e+00  4.6059245e-01 -5.8660048e-01
  2.8610227e-01  5.0302130e-01 -1.9036362e+00  9.0484983e-01]
[ 0.06833011  0.0151353   0.3736747   0.8382847   2.0777738  -0.00227529
 -0.47640124 -0.37876108 -0.6216884  -1.478337    0.5676435  -0.6385294
  0.19636242  0.6699547  -2.1201298   0.8769499 ]
[ 6.6668078e-02 -2.6173412e-03  4.1219425e-01  8.5758686e-01
  1.9832627e+00 -9.6964090e-05 -4.3795195e-01 -2.9057866e-01
 -5.7245594e-01 -1.4098865e+00  4.5416674e-01 -5.5093849e-01
  1.5469876e-01  7.3264062e-01 -2.2318230e+00  8.0020458e-01]
[ 0.08904711  0.02339652  0.35873574  0.82648724  2.121227   -0.02162553
 -0.48007375 -0.38806587 -0.597374   -1.5171528   0.6179748  -0.65648735
  0.19392285  0.6399743  -2.0969174   0.8543538 ]
[ 0.15759613  0.09485967  0.32508087  0.8183225   2.0090804  -0.056424
 -0.35450745 -0.4085156  -0.6274638  -1.5122998   0.6411329  -0.6378201
  0.09767051  0.74385035 -2.1584496   0.835526  ]
[ 0.00390809  0.09603167  0.41778702  0.77397585  2.1008162   0.05772982
 -0.5747401  -0.2772674  -0.48449364 -1.4851768   0.49489737 -0.5226058
  0.131116    0.54061925 -2.1048698   0.8002548 ]
[ 0.10209808  0.07201977  0.37287593  0.8696121   2.119265    0.03235685
 -0.48985687 -0.37980324 -0.54634553 -1.46523     0.5735408  -0.60033554
  0.09629027  0.62972915 -2.1801524   0.7594611 ]
[ 0.21765451  0.06709434  0.42375985  0.7925399   2.0609932  -0.02870708
 -0.38476467 -0.38055766 -0.62578523 -1.4651656   0.56880265 -0.595298
  0.10567696  0.6589696  -2.1904297   0.73898137]
[ 0.03307416  0.07017285  0.52284944  0.7186143   2.133126    0.09036674
 -0.61630946 -0.23348601 -0.4788354  -1.4731361   0.4477006  -0.47829023
  0.15859856  0.44697887 -2.0755095   0.6977595 ]
[ 0.1039783   0.03752755  0.45066825  0.74519765  2.1999915  -0.01476854
 -0.50925523 -0.33966413 -0.6022388  -1.5075167   0.5912899  -0.6224146
  0.21952374  0.53093994 -2.0500455   0.7303983 ]
[ 0.06727885  0.05177277  0.4940749   0.6530199   2.203114    0.00475433
 -0.5554701  -0.259206   -0.53677607 -1.4971994   0.5460952  -0.5546324
  0.21560736  0.44289264 -2.0158615   0.7035819 ]
[ 0.09264873  0.03968142  0.45863095  0.6677271   2.2470818  -0.03801004
 -0.50661457 -0.3512955  -0.6130835  -1.5444115   0.6437088  -0.6749528
  0.2880729   0.5067603  -1.9879767   0.73549306]
[ 0.14497185  0.08650549  0.4555993   0.5894097   2.215491   -0.08294733
 -0.4364087  -0.3921743  -0.6825134  -1.5719472   0.7011601  -0.7016035
  0.28717062  0.5265686  -1.9219916   0.74722266]
[ 0.09075445  0.05166547  0.48893088  0.62009907  2.235515   -0.02562005
 -0.4886848  -0.3614523  -0.65495175 -1.5616295   0.60793495 -0.6781912
  0.3327818   0.47067612 -1.8849676   0.7218618 ]
[ 0.10387625  0.06380748  0.48706287  0.6292433   2.2163854  -0.01385501
 -0.44381127 -0.39273095 -0.67702705 -1.5448468   0.62940633 -0.6877979
  0.31660193  0.5052606  -1.8966318   0.6678651 ]
[ 1.23074174e-01  5.21095805e-02  5.38308561e-01  5.94519436e-01
  2.21013308e+00  9.65976738e-04 -4.76691902e-01 -3.56297284e-01
 -6.40926123e-01 -1.54194474e+00  6.10651374e-01 -6.47562027e-01
  2.64848590e-01  4.65859264e-01 -1.91194856e+00  6.76921487e-01]
[ 0.06991223  0.04175334  0.5701564   0.6257462   2.1509771   0.07101359
 -0.49430314 -0.2993233  -0.5957479  -1.489515    0.50257194 -0.5694262
  0.2848564   0.4543728  -1.9501522   0.5864692 ]
[ 0.19051643  0.0383799   0.5341461   0.5676095   2.2031868  -0.04289337
 -0.42989397 -0.36620313 -0.69502056 -1.5252105   0.61748254 -0.6730714
  0.3103617   0.47542667 -1.900374    0.6568349 ]
[ 0.11442897  0.0099597   0.61497474  0.54494935  2.2049432   0.03650754
 -0.5178874  -0.2621603  -0.60231316 -1.5310792   0.49514872 -0.582875
  0.34106326  0.36453184 -1.8734462   0.60298365]
[ 0.12433696  0.06234701  0.5492252   0.55612767  2.2038822  -0.02237303
 -0.4746105  -0.3288559  -0.65730035 -1.5616549   0.5992309  -0.6572582
  0.32097456  0.43470898 -1.8447952   0.65843654]
[ 0.1140907   0.02661234  0.5906073   0.5560268   2.188993    0.01413797
 -0.50443876 -0.2587824  -0.59349597 -1.5369737   0.5045084  -0.5956531
  0.31640276  0.3707925  -1.8659188   0.6346138 ]
[ 0.14029716  0.0353143   0.56579936  0.56337494  2.2257178  -0.02555684
 -0.472924   -0.3389344  -0.6630568  -1.5566173   0.59051144 -0.6815141
  0.33428967  0.42373648 -1.855143    0.6771747 ]
[ 0.12453412  0.04001103  0.58165765  0.5745774   2.2034073   0.01071392
 -0.47943386 -0.33503342 -0.65821743 -1.5406487   0.56857187 -0.64691675
  0.35392308  0.41467172 -1.8753748   0.6238865 ]
[ 0.10256036 -0.01452175  0.6053732   0.55943406  2.2257876   0.04186962
 -0.5244278  -0.28013772 -0.629997   -1.5017563   0.4922162  -0.5951934
  0.4036232   0.3576023  -1.8542906   0.5703851 ]
[ 0.12413843  0.01441791  0.54829186  0.56174576  2.2657845  -0.01720998
 -0.4880158  -0.35564283 -0.70369494 -1.5499842   0.61379015 -0.6860547
  0.38162726  0.42937165 -1.8174229   0.63988346]
[ 1.1542453e-01  4.2110607e-02  5.6354845e-01  5.6167394e-01
  2.1936715e+00 -9.0239348e-04 -4.6731129e-01 -3.0102506e-01
 -6.5290910e-01 -1.5340192e+00  5.5207407e-01 -6.2198985e-01
  3.2135266e-01  4.2831284e-01 -1.8553398e+00  6.1633956e-01]
[ 0.08267768  0.05355898  0.5300566   0.5011493   2.269451   -0.05347398
 -0.51716787 -0.3126832  -0.64654934 -1.6061023   0.6599615  -0.6884397
  0.35863468  0.39092755 -1.7674172   0.7092281 ]
[ 0.10755555  0.03536056  0.57027686  0.55954945  2.2146144  -0.03453472
 -0.4472235  -0.35572577 -0.68118536 -1.6006677   0.63925517 -0.6974926
  0.3603118   0.44571695 -1.817461    0.66282016]
[ 1.19931415e-01  2.02731788e-02  6.02379441e-01  5.36219001e-01
  2.20158935e+00  1.23095070e-03 -4.60272014e-01 -3.33421171e-01
 -6.70901179e-01 -1.58054948e+00  5.59936106e-01 -6.77875519e-01
  3.84645700e-01  4.06606376e-01 -1.79105663e+00  6.42851770e-01]
[ 0.16994378  0.01165767  0.6190808   0.5250996   2.1980386   0.01556709
 -0.49423307 -0.30558392 -0.6409014  -1.5615559   0.51804656 -0.64985025
  0.3515912   0.35757247 -1.797995    0.6456355 ]
[ 1.5457276e-01  5.1268250e-02  5.9751141e-01  4.9790472e-01
  2.1889415e+00  5.5530074e-04 -5.1389611e-01 -2.6857412e-01
 -5.9876412e-01 -1.5629706e+00  5.4732597e-01 -6.0976660e-01
  2.9812282e-01  3.5967165e-01 -1.8437580e+00  6.6418898e-01]
[ 0.06118821  0.06349763  0.6025113   0.51373905  2.1855264   0.03659696
 -0.54298544 -0.23535585 -0.56493443 -1.5405058   0.5108689  -0.55104613
  0.3331671   0.35951355 -1.8636837   0.5919731 ]
[ 0.09054507  0.01176018  0.5718893   0.5628432   2.2464962   0.00717663
 -0.54533035 -0.26100603 -0.59987843 -1.5288359   0.53029907 -0.59475315
  0.36340207  0.384373   -1.8938799   0.61489284]
[ 0.12821564  0.00773613  0.5321789   0.56823796  2.2924924  -0.0395739
 -0.5287255  -0.32655844 -0.66131437 -1.5615431   0.61430097 -0.68452835
  0.371508    0.41522902 -1.8357197   0.6702202 ]
[ 0.1218188   0.06906564  0.53250283  0.5548413   2.2258444  -0.04513682
 -0.5048596  -0.31444567 -0.636583   -1.5826981   0.6407169  -0.6567838
  0.2945538   0.42629996 -1.8543599   0.6921934 ]
[ 0.05492399  0.05918264  0.5717987   0.5376754   2.196471   -0.00754534
 -0.51385844 -0.25513047 -0.5947255  -1.5718786   0.5543936  -0.60174716
  0.32899177  0.38094527 -1.8307893   0.653552  ]
[ 0.1034195   0.01818435  0.54949903  0.57725465  2.2238567  -0.0458637
 -0.45541468 -0.35879666 -0.6877636  -1.5671917   0.61133635 -0.71345526
  0.39954334  0.46354198 -1.829661    0.6735882 ]
[ 1.4330567e-01 -8.2999822e-03  6.0357952e-01  5.6687945e-01
  2.2220986e+00  1.7947107e-04 -4.6655226e-01 -3.6176994e-01
 -6.9808203e-01 -1.5572838e+00  5.5514383e-01 -6.9367445e-01
  4.0242940e-01  4.2181024e-01 -1.8076214e+00  6.3889617e-01]
[ 0.14202334  0.02597464  0.60834825  0.52539647  2.201573    0.01791112
 -0.49631554 -0.31617212 -0.65491295 -1.5586812   0.553703   -0.6387045
  0.36380205  0.39614892 -1.8168449   0.6069001 ]
[ 0.07034973  0.05575075  0.6282934   0.5063311   2.1887836   0.06573828
 -0.5580119  -0.23234458 -0.5647079  -1.553356    0.5048305  -0.54455084
  0.32190257  0.3214109  -1.8166536   0.5656167 ]
[ 0.05270614  0.04815691  0.57952535  0.518355    2.2457497   0.01018999
 -0.54464227 -0.24436744 -0.5715633  -1.5648553   0.5549232  -0.5853673
  0.35205346  0.3608061  -1.8499858   0.5983022 ]
[ 0.08140038  0.04507621  0.54207784  0.55294037  2.2624984  -0.03434738
 -0.49811482 -0.32490078 -0.64580303 -1.5809342   0.6261299  -0.6697155
  0.36859763  0.41240102 -1.8314213   0.6558103 ]
[ 0.12422242  0.01886369  0.549438    0.5616847   2.248757   -0.03028675
 -0.485078   -0.33273476 -0.65371066 -1.5625376   0.60503185 -0.68456423
  0.34210312  0.4239328  -1.8375345   0.6747016 ]
[ 0.11229477  0.03838354  0.58446914  0.5525404   2.1990762   0.00385691
 -0.48007822 -0.33366385 -0.6508665  -1.5683143   0.59151167 -0.65954006
  0.35397795  0.39650026 -1.8106849   0.6313607 ]
[ 0.13858077  0.02041035  0.59778255  0.5507204   2.1723602   0.00620632
 -0.4802379  -0.30513588 -0.63983554 -1.5474517   0.55550826 -0.62528366
  0.31766802  0.40089464 -1.846102    0.6446872 ]
[ 1.1341665e-01  1.1645913e-03  6.3594562e-01  5.6040102e-01
  2.1718280e+00  4.6166457e-02 -4.9693623e-01 -2.7685043e-01
 -6.2118065e-01 -1.5272939e+00  4.7663751e-01 -5.8507347e-01
  3.5374060e-01  3.6672989e-01 -1.8378073e+00  5.7831305e-01]
[ 0.19066583  0.03039332  0.5879908   0.56142706  2.2046432  -0.00905181
 -0.46046773 -0.34870273 -0.6760737  -1.5459393   0.583523   -0.67736167
  0.32076842  0.4121797  -1.8557765   0.64287746]
[ 0.14055395  0.05823819  0.6186183   0.48931113  2.2075312   0.03928667
 -0.5329512  -0.2703752  -0.6073459  -1.543525    0.5103367  -0.59363633
  0.3231441   0.3247122  -1.8204548   0.61822474]
[ 0.12262096  0.09418176  0.5405224   0.49680957  2.230648   -0.03701032
 -0.5046287  -0.32526562 -0.6716048  -1.5723783   0.63793486 -0.6661741
  0.32556087  0.41438118 -1.811335    0.6894518 ]
[ 0.09533446  0.01601121  0.57525176  0.5349555   2.24403     0.0150893
 -0.5386969  -0.28613332 -0.63138497 -1.5238216   0.5478639  -0.6197502
  0.3796386   0.36804253 -1.845084    0.62925017]
[ 0.1219003  -0.00569818  0.53211653  0.5604431   2.296407   -0.0319523
 -0.510061   -0.35847586 -0.7104643  -1.5417827   0.64020014 -0.7040615
  0.38509902  0.42386422 -1.8123198   0.676357  ]
[ 0.11608095  0.0124822   0.5392033   0.5680907   2.2546296  -0.02645924
 -0.48851508 -0.35208863 -0.718479   -1.5452778   0.6252793  -0.68725556
  0.38633028  0.44143492 -1.8094705   0.6449844 ]
[ 0.10306218 -0.00324863  0.5806209   0.56549025  2.2231832  -0.00574268
 -0.46677122 -0.3195485  -0.68957806 -1.5286745   0.5485922  -0.64962
  0.38853684  0.42093706 -1.823595    0.61658996]
[ 0.11179399  0.04255978  0.54358804  0.5133347   2.2283864  -0.05536903
 -0.43939185 -0.3810374  -0.734758   -1.6098845   0.66182995 -0.7424058
  0.41347343  0.45219603 -1.7424866   0.7016636 ]
[ 0.11218108  0.0653701   0.54580003  0.47245383  2.205284   -0.05847625
 -0.43005353 -0.35820633 -0.73656833 -1.5979683   0.6285527  -0.734801
  0.39852226  0.4468794  -1.7155203   0.7220834 ]
[ 0.12688892  0.02014673  0.58063614  0.48774657  2.226172   -0.03782655
 -0.47648707 -0.31958324 -0.68649316 -1.5660783   0.56978655 -0.69526196
  0.38140482  0.42552328 -1.7705829   0.69795877]
[ 0.12827238  0.02919003  0.62143105  0.5584769   2.17113     0.03406884
 -0.4751831  -0.3046381  -0.6209731  -1.5400615   0.5136047  -0.6073123
  0.3319854   0.38770068 -1.86341     0.595445  ]
[ 0.09934625  0.02578645  0.6267929   0.53188026  2.1715744   0.0662173
 -0.5182068  -0.23986319 -0.5710085  -1.5140698   0.45571327 -0.54371196
  0.338862    0.35783595 -1.8886507   0.5603014 ]
[ 0.09427157  0.03337504  0.59189063  0.5460172   2.2180042   0.02956216
 -0.53986526 -0.25315642 -0.58139527 -1.5466539   0.5141651  -0.5718055
  0.33711374  0.34963146 -1.8631397   0.602273  ]
[ 0.12309295  0.03810056  0.53695154  0.55771387  2.2439     -0.03956266
 -0.5059086  -0.29573724 -0.6200604  -1.5665836   0.6048175  -0.6455797
  0.3125723   0.4215497  -1.8685989   0.6654128 ]
[ 9.2552431e-02  4.9453206e-02  5.7673502e-01  5.7030207e-01
  2.2048106e+00  1.4553129e-03 -5.0620115e-01 -2.5579557e-01
 -5.7110155e-01 -1.5542943e+00  5.4721695e-01 -6.0184371e-01
  3.0748928e-01  3.6769298e-01 -1.8845323e+00  6.1665499e-01]
[ 0.13690487  0.04216289  0.55070543  0.56816185  2.250787   -0.04067206
 -0.4778164  -0.32987309 -0.6316366  -1.562936    0.61833733 -0.68459964
  0.3168643   0.4205295  -1.8847065   0.66967   ]
[ 0.1191206   0.04932193  0.5847702   0.56784815  2.2252116  -0.00525235
 -0.47797766 -0.3241368  -0.63657147 -1.5635436   0.58003104 -0.6472724
  0.33550346  0.39230704 -1.8548454   0.6160368 ]
[ 0.15232477  0.03833889  0.5972601   0.5517198   2.2179313   0.01568722
 -0.49806    -0.32107332 -0.6283531  -1.5503318   0.5609331  -0.64385545
  0.33060616  0.36919764 -1.8504169   0.6187375 ]
[ 0.12786798  0.05954432  0.60703295  0.5217652   2.200806    0.03470264
 -0.53211397 -0.2739312  -0.5859883  -1.5628172   0.5490697  -0.6013142
  0.30548808  0.32856295 -1.8391308   0.621347  ]
[ 0.14000168  0.08437369  0.539673    0.5148281   2.2328568  -0.04708351
 -0.5073162  -0.29982087 -0.62354314 -1.5922005   0.6481881  -0.651289
  0.26553717  0.38760376 -1.8375752   0.7095226 ]
[ 0.0881833   0.0617502   0.5693187   0.5421061   2.2503786  -0.00360579
 -0.54257536 -0.25992155 -0.5727785  -1.5822651   0.58387524 -0.5996727
  0.3059802   0.3339194  -1.851767    0.6384233 ]
[ 0.13397756  0.04553534  0.52769315  0.54623115  2.3043644  -0.05178425
 -0.5011114  -0.35340518 -0.6549903  -1.6027105   0.6795298  -0.7191774
  0.36654598  0.39823517 -1.8416741   0.68485796]
[ 0.10649383  0.08374617  0.5329212   0.49345216  2.3079255  -0.03115702
 -0.52206045 -0.34356862 -0.6530574  -1.6188657   0.6816006  -0.6938532
  0.37014765  0.36975333 -1.7926766   0.67186624]
[ 0.12028848  0.08950071  0.51187575  0.45711508  2.2984076  -0.06324936
 -0.5214411  -0.32132205 -0.65609235 -1.6093473   0.68622935 -0.68995535
  0.32818323  0.3899604  -1.7791493   0.7239115 ]
[ 0.11380412  0.05668721  0.52580506  0.51348317  2.2876163  -0.05016921
 -0.53193355 -0.28778958 -0.60253936 -1.5900824   0.6341373  -0.6605613
  0.31890398  0.3646321  -1.8258423   0.69749236]
[ 0.11731303  0.05033047  0.5443602   0.56549597  2.2509742  -0.04051967
 -0.4994096  -0.30978435 -0.6128479  -1.5900322   0.6356228  -0.66571134
  0.305867    0.3904142  -1.8601668   0.68024874]
[ 0.11917106  0.03505863  0.5630578   0.55891114  2.236119   -0.03453668
 -0.47935042 -0.3113665  -0.62356675 -1.5814636   0.6069924  -0.67044276
  0.33224446  0.3928487  -1.8519223   0.67007685]
[ 0.1188964   0.01719532  0.5693571   0.56083167  2.256122   -0.01995234
 -0.491654   -0.32986104 -0.64367664 -1.581053    0.593622   -0.6810362
  0.3819819   0.38337123 -1.8295991   0.6569916 ]
[ 1.1658025e-01  2.6583951e-02  5.8028162e-01  5.3881663e-01
  2.2588420e+00 -2.2118643e-03 -5.0036031e-01 -3.3442298e-01
 -6.5704203e-01 -1.5807507e+00  6.0092843e-01 -6.6849047e-01
  3.9289451e-01  3.8393360e-01 -1.8236786e+00  6.2846625e-01]
[ 0.09220949  0.06209251  0.5690218   0.477355    2.2746022  -0.01033205
 -0.54078215 -0.29648253 -0.6379709  -1.591697    0.6140169  -0.64034563
  0.35204032  0.36750346 -1.7862343   0.6572801 ]
[ 0.0895779   0.07158845  0.56520534  0.53078973  2.2430196   0.01597078
 -0.54233074 -0.26171237 -0.57933915 -1.5662026   0.57922196 -0.5932392
  0.31541303  0.35464552 -1.8632672   0.60095656]
[ 0.0972461   0.05284942  0.5210265   0.5117635   2.2937768  -0.05071459
 -0.52759385 -0.29734915 -0.618152   -1.5774274   0.64339864 -0.6681925
  0.35786617  0.38384566 -1.8242403   0.6642195 ]
[ 0.1026489   0.04056702  0.5537368   0.5518385   2.2568412  -0.03758104
 -0.47529966 -0.3357361  -0.6569084  -1.5663035   0.62977433 -0.6830686
  0.36053473  0.43972215 -1.8521888   0.6319725 ]
[ 0.1037422   0.0352767   0.59191096  0.5584876   2.2125735   0.01010047
 -0.45959407 -0.3441078  -0.6690366  -1.5526661   0.5781434  -0.66937554
  0.38510936  0.41852164 -1.8227003   0.58301073]
[ 0.13977738 -0.00227771  0.6306612   0.54336977  2.216729    0.03263418
 -0.4809607  -0.33910224 -0.6660378  -1.536951    0.54922473 -0.6663355
  0.3889658   0.3829176  -1.8142245   0.5802126 ]
[ 0.13358858  0.04255297  0.6423632   0.5246013   2.1939676   0.04741905
 -0.49188456 -0.33060208 -0.66498065 -1.5520408   0.5641618  -0.6331319
  0.3511129   0.36999646 -1.8091999   0.5705259 ]
[ 0.08412756  0.04891257  0.64719826  0.5072722   2.1689773   0.07598998
 -0.48750368 -0.31011918 -0.6607148  -1.5225962   0.52847385 -0.59579396
  0.38374177  0.3680861  -1.8002872   0.5213729 ]
[ 0.10928094 -0.00432309  0.63437223  0.49706727  2.2316387   0.04695531
 -0.51414305 -0.31446427 -0.6832773  -1.5306569   0.5182153  -0.644216
  0.45311266  0.33392477 -1.7385237   0.56410605]
[ 0.16416812  0.0475811   0.5846809   0.4842853   2.2504125  -0.00886191
 -0.46954855 -0.3860768  -0.75459236 -1.5762577   0.64159197 -0.7302002
  0.41625556  0.40888327 -1.7157202   0.6042361 ]
[ 0.13743557  0.08062562  0.5975599   0.40969715  2.21473    -0.03122296
 -0.47024855 -0.3463378  -0.736395   -1.5630977   0.6424638  -0.7136971
  0.37239593  0.42213964 -1.7048905   0.6514063 ]
[ 1.1853983e-01  1.1974036e-03  6.4931768e-01  4.9258929e-01
  2.2161622e+00  5.7153929e-02 -5.0325835e-01 -3.1117520e-01
 -6.7254937e-01 -1.5283520e+00  5.1345509e-01 -6.2752438e-01
  4.0766922e-01  3.5035658e-01 -1.7713655e+00  5.6649089e-01]
[ 0.16520098  0.01033133  0.62038535  0.49899492  2.231779    0.01576263
 -0.4550113  -0.39657977 -0.7684542  -1.5475755   0.6124568  -0.7187297
  0.41663703  0.4105451  -1.7344644   0.5980935 ]
[ 0.1895212  -0.02829077  0.64256394  0.47386798  2.2268982   0.0225996
 -0.48573938 -0.35521746 -0.7405343  -1.5191619   0.5537092  -0.70333767
  0.42491084  0.35382557 -1.7208325   0.62549907]
[ 0.16841342 -0.01991621  0.6322944   0.50128883  2.1825747   0.03503759
 -0.4910305  -0.30922866 -0.7217668  -1.5319086   0.5028589  -0.65704346
  0.4317913   0.34736735 -1.7217333   0.6117475 ]
[ 0.1727205   0.01158213  0.569064    0.49296036  2.1799552  -0.06090632
 -0.45317492 -0.32966182 -0.7723788  -1.5686547   0.5916537  -0.72785425
  0.39963776  0.42468554 -1.6938827   0.7293855 ]
[ 0.15492693 -0.0622761   0.6110819   0.49924263  2.2213068  -0.03286168
 -0.4791712  -0.2961716  -0.72167957 -1.5137908   0.4888125  -0.70105106
  0.4466588   0.3798214  -1.731365    0.7002404 ]
[ 0.1649731  -0.02282913  0.5508647   0.5345576   2.2456684  -0.05939034
 -0.4499951  -0.3648629  -0.7542861  -1.5549524   0.60548526 -0.7393529
  0.44258022  0.43337458 -1.7794853   0.71066916]
[ 0.1592243  -0.02167099  0.55264264  0.48260784  2.2717514  -0.08841461
 -0.4824272  -0.3187714  -0.7331827  -1.5327342   0.58741075 -0.7218693
  0.39257303  0.44589895 -1.7845433   0.75655615]
[ 0.1523453  -0.02378892  0.57007277  0.58454144  2.2290733  -0.01107704
 -0.4842028  -0.29363468 -0.65023196 -1.5059597   0.5148043  -0.6328456
  0.36525112  0.40658274 -1.8833538   0.622818  ]
[ 0.11166768  0.06001464  0.4952774   0.509717    2.264909   -0.07309438
 -0.51901346 -0.30490056 -0.6391791  -1.6067667   0.664004   -0.684307
  0.3352803   0.3882692  -1.7921507   0.75588775]
[ 0.0813714   0.0891806   0.49595132  0.46853566  2.2481174  -0.09036072
 -0.52293426 -0.28904325 -0.6307565  -1.5987672   0.6640926  -0.6801677
  0.3094399   0.43385905 -1.7965486   0.7851206 ]
[ 0.10792866  0.02601466  0.5019342   0.5994681   2.2322803  -0.05419879
 -0.46117097 -0.34200788 -0.64478076 -1.559065    0.61714196 -0.6851312
  0.36737496  0.45830965 -1.8903246   0.68877125]
[ 0.1642305  -0.01433284  0.53287804  0.6047667   2.2403047  -0.0418715
 -0.4509736  -0.35485777 -0.6733152  -1.5392466   0.58120966 -0.68798226
  0.36375192  0.45904908 -1.8957596   0.6738982 ]
[ 0.19281176  0.04450075  0.5267688   0.5816646   2.1740952  -0.0366275
 -0.4234128  -0.35079402 -0.67437476 -1.5451629   0.61275464 -0.6491998
  0.30297056  0.49773902 -1.9250864   0.6317309 ]
[ 0.07361759  0.0231339   0.59979033  0.54017925  2.1877656   0.03726402
 -0.5357803  -0.21489117 -0.5600338  -1.5362647   0.4840452  -0.54079103
  0.32791358  0.35768935 -1.871669    0.5876611 ]
[ 0.04267417  0.00921259  0.55250335  0.56057584  2.2408154  -0.0095414
 -0.5313497  -0.23533511 -0.57134646 -1.5557796   0.53404814 -0.5818194
  0.36586094  0.3945403  -1.882193    0.62765193]
[ 0.0667802   0.02145082  0.53267473  0.5905765   2.2416482  -0.04436054
 -0.47806057 -0.32226938 -0.65164155 -1.5694169   0.59938514 -0.65993273
  0.38397175  0.46213898 -1.8616216   0.64999104]
[ 0.07746132 -0.0255486   0.56599283  0.5951377   2.2342317  -0.00999786
 -0.49544868 -0.28099844 -0.61826897 -1.5430768   0.51824653 -0.62815505
  0.39173436  0.4203989  -1.8617268   0.62044513]
[ 0.06610746  0.00888183  0.59109867  0.61267936  2.1786323   0.02168048
 -0.4687415  -0.30526716 -0.6289496  -1.5455357   0.5110004  -0.61830574
  0.40200788  0.43131787 -1.8632009   0.5654176 ]
[ 0.07558142  0.02942825  0.5941954   0.57934916  2.1578898   0.02523978
 -0.4669466  -0.2846096  -0.6134623  -1.5302372   0.51030654 -0.5850028
  0.34298167  0.4369751  -1.8826039   0.56984365]
[ 0.01328356 -0.00530711  0.65980643  0.5898555   2.1383889   0.09959555
 -0.50335556 -0.23094371 -0.56153667 -1.5058033   0.39831924 -0.51316726
  0.40198764  0.38913235 -1.8829464   0.468261  ]
[ 0.09807722  0.00656052  0.6302695   0.6072245   2.179538    0.05884277
 -0.45575485 -0.33991614 -0.6351431  -1.5064182   0.5150097  -0.60848904
  0.3917829   0.44302502 -1.9131044   0.48343   ]
[ 0.07648689 -0.00408859  0.69075906  0.5267364   2.1369905   0.1221696
 -0.49859196 -0.24684516 -0.57907337 -1.4916359   0.42379245 -0.5341647
  0.37967736  0.35754877 -1.8676994   0.46248427]
[ 0.09578685  0.03439155  0.62966883  0.5450755   2.1609907   0.05973369
 -0.45267916 -0.31412697 -0.6377562  -1.5255935   0.530193   -0.6160189
  0.37305364  0.40751356 -1.8304218   0.49661827]
[ 0.06664386  0.02170045  0.65951014  0.5448307   2.1278286   0.08805086
 -0.47745198 -0.2794253  -0.6016048  -1.5140477   0.47111917 -0.5751711
  0.37565893  0.39180735 -1.8445461   0.50150394]
[ 0.10859194 -0.0219071   0.65742284  0.5545329   2.1683335   0.03724589
 -0.42684847 -0.34359056 -0.69818765 -1.540028    0.5147083  -0.66642904
  0.4186136   0.4318262  -1.8005593   0.564118  ]
[ 0.12958828 -0.01672711  0.6933558   0.56527835  2.1066594   0.09407549
 -0.4202506  -0.35775167 -0.6984358  -1.5199099   0.47302574 -0.6413652
  0.4080781   0.42220458 -1.8067096   0.52546   ]
[ 0.11117361 -0.04821473  0.73194206  0.5159339   2.0905406   0.13976344
 -0.49727154 -0.28893957 -0.6534257  -1.496217    0.37903672 -0.5814229
  0.44239455  0.34390408 -1.7573236   0.52527875]
[ 0.12297759 -0.01506107  0.6269753   0.51626855  2.1564622   0.03744124
 -0.4772032  -0.30987573 -0.70228803 -1.5298474   0.48540744 -0.6262843
  0.4254653   0.39824843 -1.7446287   0.5963482 ]
[ 0.06029737  0.00786727  0.6213888   0.5717878   2.1022687   0.05202274
 -0.48237342 -0.23379049 -0.62991476 -1.5024573   0.40914828 -0.5478002
  0.3904344   0.40087333 -1.8228664   0.5630692 ]
[ 0.07054156 -0.01593252  0.63898754  0.5342575   2.1951857   0.02979328
 -0.4904717  -0.2696421  -0.66666996 -1.5218222   0.45338774 -0.6200749
  0.43284526  0.41197234 -1.793453    0.5708113 ]
[ 0.06737065  0.03830663  0.57361996  0.58225036  2.2174282   0.00282488
 -0.47672606 -0.3454656  -0.66417474 -1.5780262   0.5923997  -0.65118885
  0.4003838   0.4425746  -1.8389437   0.59686136]
[ 0.0271064   0.06051985  0.57169354  0.534281    2.1908548   0.01021186
 -0.48567995 -0.29233962 -0.6463705  -1.5559062   0.5579631  -0.6000639
  0.3741962   0.44709116 -1.8170449   0.58356893]
[ 0.0471877   0.00847257  0.6383593   0.5927285   2.1764157   0.08517663
 -0.5067953  -0.26207596 -0.5839126  -1.5177356   0.44936818 -0.5457441
  0.3707044   0.3861433  -1.8942429   0.5127569 ]
[ 0.11280712  0.01010338  0.6035031   0.6060382   2.1973007   0.02301464
 -0.46117926 -0.33015913 -0.64649403 -1.5504621   0.5458765  -0.63961405
  0.3460478   0.42445654 -1.8642308   0.58183205]
[ 0.05215613  0.05057807  0.6070123   0.55555964  2.1413794   0.03641903
 -0.4480404  -0.2979361  -0.6238502  -1.5595591   0.5349018  -0.607399
  0.35278672  0.4187685  -1.8216197   0.5680139 ]
[ 0.0358965   0.00659282  0.6475806   0.5594481   2.1232042   0.08211793
 -0.4580484  -0.27966276 -0.605087   -1.5098829   0.45179707 -0.5711362
  0.40630254  0.41073975 -1.8546005   0.5114126 ]
[ 0.11589966 -0.04139651  0.6310862   0.55755043  2.1935258   0.05570265
 -0.45018834 -0.35082144 -0.69108623 -1.5154465   0.492248   -0.6467782
  0.44698372  0.42328787 -1.806778    0.5438258 ]
[ 0.15437236 -0.01728105  0.6531373   0.5556534   2.1495764   0.08202744
 -0.4654953  -0.31008938 -0.64771175 -1.5137613   0.4568537  -0.5973819
  0.3721994   0.4002604  -1.8374741   0.52247673]
[ 0.07761677  0.00627892  0.6854226   0.51074976  2.1190362   0.10927905
 -0.52346265 -0.21563788 -0.55236083 -1.521724    0.4155264  -0.5241262
  0.34060836  0.34362674 -1.8421602   0.52876115]
[ 0.05782189  0.01590078  0.6103462   0.54839635  2.1517296   0.04134149
 -0.48654956 -0.2413927  -0.5855073  -1.5403011   0.48120564 -0.5676695
  0.3453964   0.3927737  -1.8672466   0.60352325]
[ 0.09713966 -0.02333337  0.56799567  0.5887864   2.18739    -0.00334977
 -0.4553442  -0.3030308  -0.6651761  -1.5296769   0.50330144 -0.63920575
  0.4059677   0.4424232  -1.8478005   0.63500726]
[ 0.16763592 -0.08949025  0.6082918   0.60441864  2.1938567   0.00383208
 -0.47580963 -0.30190542 -0.6681129  -1.4968342   0.4509061  -0.6446983
  0.41277832  0.4118107  -1.8473492   0.631096  ]
[ 0.18715955 -0.04136492  0.5975364   0.5957017   2.1425166   0.00406888
 -0.47388992 -0.27864543 -0.6269628  -1.5078974   0.4604922  -0.6073267
  0.3501264   0.40626565 -1.876643    0.629621  ]
[ 0.06931638  0.01400901  0.57504517  0.5847773   2.0851645   0.01787055
 -0.492      -0.20189711 -0.57820576 -1.5226582   0.42364344 -0.52925134
  0.34461772  0.4030459  -1.8650515   0.6337258 ]
[ 0.09255826 -0.05085162  0.5902378   0.59254134  2.1646507  -0.0164012
 -0.48580074 -0.2061001  -0.5956434  -1.514304    0.4134025  -0.56197226
  0.35458976  0.4187614  -1.8859272   0.652174  ]
[ 0.12298681 -0.04820935  0.52605927  0.65912926  2.2189007  -0.04373562
 -0.46859783 -0.29947716 -0.6081535  -1.5258272   0.5323724  -0.6412251
  0.3379935   0.45320264 -1.9456985   0.6920797 ]
[ 1.6678241e-01 -1.2347192e-03  5.2912080e-01  6.4859736e-01
  2.1846783e+00 -4.2532180e-02 -4.3883228e-01 -3.0120471e-01
 -5.9512913e-01 -1.5116978e+00  5.5543852e-01 -6.0289031e-01
  2.5450003e-01  4.6575341e-01 -2.0050502e+00  6.5397805e-01]
[ 0.07678539  0.04120535  0.5698579   0.57901275  2.188983    0.02224513
 -0.53940356 -0.22168207 -0.5167452  -1.540132    0.49016103 -0.52857053
  0.28458208  0.37184384 -1.9517536   0.63467294]
[ 0.05986785  0.07231397  0.48627082  0.6089557   2.2130888  -0.03940189
 -0.5084422  -0.3004616  -0.5899475  -1.567846    0.59407896 -0.6114787
  0.32693243  0.44025373 -1.9060568   0.68541175]
[ 0.06687866  0.01660666  0.49256438  0.62421286  2.2157166  -0.0327375
 -0.49978352 -0.2942304  -0.60818005 -1.560633    0.55431336 -0.617479
  0.34357113  0.4593485  -1.9068224   0.71055734]
[ 0.09922321 -0.00912342  0.5065952   0.6866151   2.1905835  -0.01411572
 -0.4510572  -0.3365606  -0.6236513  -1.5391933   0.56507576 -0.64836967
  0.30241847  0.5017017  -1.9557902   0.6875797 ]
[ 0.18683797 -0.01600476  0.51571643  0.6852558   2.128181   -0.01517895
 -0.40604797 -0.3381864  -0.6183063  -1.4827789   0.5416822  -0.61588955
  0.2006032   0.5108061  -2.0070977   0.6920835 ]
[ 0.1194554  -0.04525719  0.60207003  0.6734603   2.087837    0.06164715
 -0.47425357 -0.23218246 -0.5345061  -1.4453853   0.3967607  -0.5267765
  0.24509582  0.4533866  -2.0518947   0.6296418 ]
[ 0.15033478 -0.02861699  0.5455322   0.63961047  2.1629076  -0.04765563
 -0.42059082 -0.34006864 -0.6741938  -1.5205177   0.5352229  -0.6419691
  0.36247322  0.5035995  -1.9451393   0.6802322 ]
[ 0.07344089 -0.01376219  0.57234776  0.61015284  2.153462    0.04100888
 -0.53163517 -0.25252077 -0.6070205  -1.5085478   0.42353305 -0.5550073
  0.3771767   0.42727965 -1.9137024   0.66622734]
[ 0.11148928 -0.0373709   0.48671293  0.6082142   2.2411792  -0.02491473
 -0.53581226 -0.27892962 -0.64467734 -1.5154222   0.5094976  -0.6276462
  0.37144467  0.44678196 -1.8640438   0.71825916]
[ 0.12342457 -0.01809525  0.48419586  0.68028444  2.1826653  -0.03224443
 -0.49082336 -0.26539052 -0.5948779  -1.4977987   0.49261418 -0.5845419
  0.27338213  0.4818049  -1.98065     0.70991844]
[ 8.1589445e-02 -8.4024668e-04  5.1432222e-01  6.9804657e-01
  2.1106920e+00  7.2316052e-03 -4.7646317e-01 -2.1026134e-01
 -5.3450638e-01 -1.4446604e+00  4.2382240e-01 -5.1329118e-01
  2.3532072e-01  5.0018197e-01 -2.0640140e+00  6.3390732e-01]
[ 0.11005731 -0.04245719  0.5177843   0.75342906  2.1513946   0.00651206
 -0.44570366 -0.31017593 -0.60953176 -1.4580564   0.4734221  -0.62174594
  0.33483052  0.52488506 -2.046439    0.6213684 ]
[ 0.24090557 -0.10533296  0.5633658   0.68035716  2.1620202  -0.0329882
 -0.38402405 -0.32877782 -0.6776571  -1.4357697   0.44537774 -0.6310515
  0.3512867   0.5051688  -2.0089269   0.61482686]
[ 0.18708959 -0.06408639  0.57393646  0.66014475  2.133739    0.03200926
 -0.44176713 -0.2905255  -0.6272928  -1.4369167   0.42198792 -0.57615805
  0.34124765  0.46081433 -1.9795406   0.5633445 ]
[ 0.10197596 -0.0219315   0.603874    0.5754511   2.1589808   0.05163524
 -0.53411853 -0.18808147 -0.54675543 -1.4572101   0.41035882 -0.504598
  0.314992    0.37305897 -1.9374216   0.5580661 ]
[ 0.09388693 -0.01868626  0.58047855  0.6085276   2.1946187   0.00916547
 -0.48485193 -0.2371426  -0.5983315  -1.4899985   0.46643782 -0.56078947
  0.3378511   0.4493049  -1.9632053   0.5709537 ]
[ 0.08460539  0.01312997  0.5418605   0.6096559   2.2199624  -0.03905606
 -0.47414607 -0.31465864 -0.6533456  -1.5631932   0.5849993  -0.66185033
  0.40439177  0.46529937 -1.872776    0.6151215 ]
[ 0.07777107 -0.02715639  0.57614976  0.56623447  2.2377193  -0.01747013
 -0.50270545 -0.30050594 -0.6534465  -1.5515559   0.549518   -0.6572158
  0.4343422   0.4254209  -1.8181412   0.62109196]
[ 0.08775672 -0.01715746  0.6116411   0.5944377   2.1769109   0.01605462
 -0.45641288 -0.32725042 -0.6747079  -1.5493525   0.52573454 -0.6384497
  0.4119502   0.45690233 -1.8397782   0.58015025]
[ 0.07468707 -0.00960252  0.61233854  0.56939656  2.1468995   0.04872036
 -0.490565   -0.27943864 -0.6425928  -1.5135988   0.4682084  -0.5790788
  0.40277156  0.42105803 -1.8207805   0.5501104 ]
[ 0.03885483 -0.06940918  0.7042826   0.5406273   2.169303    0.09694006
 -0.5503739  -0.22399668 -0.59506583 -1.4960881   0.38373122 -0.5318585
  0.4651394   0.3409958  -1.7976154   0.4797195 ]
[ 0.08731938 -0.02701638  0.63112706  0.59858936  2.1525397   0.02818778
 -0.43553853 -0.33221024 -0.6976825  -1.535926    0.50737864 -0.6226838
  0.4448971   0.47479272 -1.8316215   0.51393116]
[ 1.0667848e-02 -1.3847053e-03  6.5198672e-01  5.2693886e-01
  2.1134274e+00  9.7100481e-02 -4.8774451e-01 -2.4999075e-01
 -6.4543205e-01 -1.5128057e+00  3.9631277e-01 -5.5530417e-01
  4.6720895e-01  4.2102042e-01 -1.7593130e+00  4.8505482e-01]
[ 0.05481323 -0.05059156  0.65324605  0.52292585  2.1961846   0.04706579
 -0.4941655  -0.28782085 -0.68646616 -1.5218282   0.45009142 -0.63171625
  0.48212367  0.4193669  -1.757555    0.56316054]
[ 0.11302736 -0.03973966  0.6636585   0.61513484  2.095088    0.08154695
 -0.41079193 -0.33966655 -0.70322335 -1.4960692   0.4434433  -0.61051035
  0.4153707   0.48582855 -1.8759434   0.5187979 ]
[ 0.08939128 -0.0436069   0.69336164  0.5782994   2.0156586   0.15226643
 -0.456717   -0.25967678 -0.6390372  -1.451359    0.31249946 -0.5300751
  0.41115427  0.42989436 -1.8368998   0.49175018]
[ 0.12514304 -0.1161659   0.7021209   0.5843733   2.0542958   0.10246587
 -0.4788587  -0.23488697 -0.63570553 -1.440649    0.29418004 -0.56051004
  0.465321    0.3866523  -1.8168437   0.526342  ]
[ 0.13309744 -0.07174991  0.6589869   0.6066347   2.03723     0.01283034
 -0.39771402 -0.28950238 -0.7165502  -1.5115614   0.40212035 -0.62892425
  0.4444229   0.49490708 -1.8226728   0.60802406]
[ 0.10588999 -0.08559815  0.7066867   0.59544885  1.9742115   0.08483286
 -0.42359623 -0.20618562 -0.64080286 -1.4439204   0.24469984 -0.5126368
  0.39995456  0.4900537  -1.8540535   0.5233126 ]
[ 0.09769931 -0.08462911  0.7035224   0.57140714  2.0952716   0.08675947
 -0.5262399  -0.19089727 -0.57284176 -1.5019901   0.2920247  -0.5256275
  0.40349293  0.34760633 -1.8075905   0.57191646]
[ 0.16085672 -0.01261814  0.6073044   0.59597045  2.1172273   0.00350532
 -0.47356153 -0.2505706  -0.5896019  -1.5346779   0.45523357 -0.5799931
  0.29233962  0.4195808  -1.9151161   0.66594476]
[ 0.03508982  0.02623644  0.6091645   0.5461898   2.110789    0.04566009
 -0.5550165  -0.14980523 -0.49123245 -1.517454    0.3838407  -0.4734187
  0.31033278  0.37024486 -1.8899593   0.60074574]
[ 5.5009078e-02  1.5282392e-03  5.7802451e-01  6.2271202e-01
  2.1678414e+00  2.2051485e-02 -5.5476087e-01 -1.7865673e-01
 -5.0897849e-01 -1.5152140e+00  4.0246671e-01 -5.0537425e-01
  3.2893357e-01  3.9250666e-01 -1.9642334e+00  6.1729443e-01]
[ 0.11092412 -0.02791509  0.5251787   0.6707572   2.245445   -0.01860354
 -0.5101825  -0.27720347 -0.5907627  -1.5285008   0.50350136 -0.61237955
  0.34005278  0.46550584 -1.9748821   0.6401306 ]
[ 1.1697795e-01  4.1020531e-02  5.3447807e-01  6.3964558e-01
  2.2012980e+00  7.5700582e-04 -5.1341021e-01 -2.5420862e-01
 -5.5040348e-01 -1.5301266e+00  5.2060157e-01 -5.7234842e-01
  2.5701326e-01  4.3838578e-01 -1.9982650e+00  6.2959898e-01]
[ 0.05376083  0.02509898  0.5741596   0.611389    2.1950133   0.03471846
 -0.5654067  -0.17395838 -0.48403615 -1.5017092   0.46409702 -0.50613457
  0.26846862  0.3823169  -2.0112817   0.5925354 ]
[ 0.07630639 -0.0039104   0.5582924   0.6941454   2.180305    0.00871622
 -0.49645463 -0.28660238 -0.6092056  -1.5265934   0.51959527 -0.6011396
  0.34064123  0.4879005  -1.9856308   0.60230505]
[ 0.12649338 -0.04386601  0.5961665   0.62010956  2.1802063  -0.00320727
 -0.484088   -0.2771232  -0.62486476 -1.5293682   0.4880074  -0.623184
  0.3728829   0.42541328 -1.8920238   0.6283883 ]
[ 0.13611071 -0.0576193   0.6106962   0.590981    2.1976585  -0.00540119
 -0.49190798 -0.26074678 -0.60861224 -1.530249    0.48213917 -0.6266814
  0.35789198  0.3766383  -1.8547249   0.64442986]
[ 0.15032302 -0.01091835  0.5992718   0.6140102   2.133705   -0.01589487
 -0.44411737 -0.2754982  -0.6201423  -1.5448987   0.50929356 -0.6147746
  0.29263118  0.4342122  -1.9186957   0.6725677 ]
[ 0.07840324 -0.01770417  0.64821756  0.57430273  2.1381817   0.03392308
 -0.5186936  -0.20292607 -0.5604025  -1.5283543   0.39422733 -0.5394994
  0.33954248  0.36439416 -1.8720824   0.62972164]
[ 0.14355591 -0.03413877  0.5752231   0.6050507   2.2069519  -0.00950074
 -0.49040866 -0.30255625 -0.63244724 -1.529783    0.48558015 -0.6527116
  0.40964898  0.40588245 -1.8889902   0.67076665]
[ 0.1233108  -0.01074844  0.5422245   0.58639705  2.2266476  -0.00264733
 -0.51618034 -0.28468952 -0.63702935 -1.526675    0.50170404 -0.6247937
  0.40616846  0.41712672 -1.8931326   0.6543013 ]
[ 8.8190958e-02 -9.3336403e-04  5.1816553e-01  5.6017125e-01
  2.2529469e+00 -2.6446739e-02 -5.5828315e-01 -2.3030941e-01
 -6.1914289e-01 -1.5181097e+00  5.0734299e-01 -5.9054548e-01
  3.3596724e-01  4.5696712e-01 -1.8849758e+00  6.7234218e-01]
[ 0.10788802 -0.03955881  0.5614501   0.68071115  2.1739204   0.02364286
 -0.51679695 -0.20283768 -0.54839164 -1.4543772   0.4245699  -0.5290379
  0.2684993   0.46346396 -2.04638     0.59193194]
[ 0.12674884 -0.03506135  0.54299176  0.68089706  2.216126   -0.01884814
 -0.51545143 -0.26754463 -0.5856851  -1.5240314   0.5284754  -0.62599695
  0.2866687   0.4484961  -1.9737883   0.67712855]
[ 0.12453171 -0.01367889  0.5402786   0.59067804  2.1921322  -0.06234727
 -0.47005612 -0.27810785 -0.6284189  -1.5489042   0.5634706  -0.64935315
  0.35074562  0.44809675 -1.8908828   0.69384754]
[ 0.12520935 -0.07678308  0.57416505  0.5995815   2.1862068  -0.04231729
 -0.47323784 -0.25688416 -0.64168066 -1.5121057   0.47107655 -0.63004845
  0.41618437  0.4289407  -1.8671032   0.6599275 ]
[ 0.16224606 -0.1283971   0.5939308   0.6356348   2.2036405  -0.01899939
 -0.4685073  -0.2894694  -0.6729486  -1.4941523   0.42591304 -0.65818924
  0.48904592  0.45029506 -1.8720858   0.6012896 ]
[ 0.15823635 -0.05229402  0.60698634  0.5865554   2.1487336  -0.01117137
 -0.48006648 -0.2537824  -0.65938133 -1.5337915   0.4378748  -0.60377055
  0.40118045  0.43223247 -1.8604206   0.6441724 ]
[ 0.10248997 -0.03886269  0.6276934   0.53839636  2.1313605   0.02538572
 -0.52773273 -0.15683176 -0.5617035  -1.511214    0.37415344 -0.5083711
  0.326464    0.3987757  -1.8689082   0.6098035 ]
[ 0.0715391   0.00310074  0.55367404  0.61286354  2.1512024  -0.01349732
 -0.51728445 -0.19179033 -0.5292919  -1.5304472   0.464439   -0.54166615
  0.2955968   0.3940969  -1.9335505   0.67339724]
[ 0.13107924 -0.07038043  0.534974    0.6436592   2.2023268  -0.06255214
 -0.48153153 -0.26463145 -0.59319556 -1.5064899   0.5157833  -0.6469064
  0.35240573  0.45846558 -1.950235    0.6988436 ]
[ 0.08944445 -0.05123375  0.5637288   0.62561256  2.18843    -0.03560578
 -0.47657531 -0.28596655 -0.6290633  -1.5172485   0.5032066  -0.6360043
  0.42498654  0.46856743 -1.9009148   0.62848663]
[ 0.06908792 -0.02157478  0.5917572   0.648387    2.1485147   0.01385863
 -0.48827893 -0.30381417 -0.65170574 -1.5380504   0.47749305 -0.60037506
  0.42981014  0.5088226  -1.9177732   0.5927385 ]
[ 0.00677328 -0.00608049  0.63224477  0.5998739   2.1455932   0.09077121
 -0.58047265 -0.2240819  -0.58512723 -1.5590513   0.39105615 -0.509477
  0.40786856  0.40447578 -1.8448532   0.5909592 ]
[ 0.03444832  0.03578191  0.53420395  0.65354127  2.1619313   0.00938103
 -0.50639856 -0.30484474 -0.6168125  -1.566869    0.5640434  -0.59745425
  0.30847898  0.48623943 -1.9224765   0.6888769 ]
[-0.06285992  0.03204717  0.5582644   0.63918686  2.1349711   0.06881289
 -0.5505141  -0.23731029 -0.5453509  -1.5132606   0.4895342  -0.5109347
  0.31403202  0.4371863  -1.9147472   0.62104475]
[-0.0072427  -0.03310412  0.52325207  0.73232085  2.1190398   0.02406886
 -0.44139108 -0.35740948 -0.6799874  -1.4972479   0.5230893  -0.6364757
  0.4188157   0.59056604 -1.9421072   0.62294114]
[ 0.07846664 -0.06301485  0.5567786   0.6990455   2.0912921  -0.01570144
 -0.35944462 -0.38066465 -0.74004114 -1.4962448   0.46143955 -0.66129094
  0.45958057  0.59938306 -1.8794178   0.61006755]
[ 9.9239253e-02  1.4673739e-03  5.9913647e-01  7.0494092e-01
  2.0193524e+00  5.4698419e-02 -3.6097157e-01 -3.7308475e-01
 -7.0228118e-01 -1.5206534e+00  4.1310388e-01 -6.1055583e-01
  3.8715783e-01  5.9230167e-01 -1.8939053e+00  5.4986292e-01]
[-0.03137622  0.04932694  0.65670073  0.62584454  2.0189264   0.19086213
 -0.49363843 -0.23107548 -0.53930163 -1.5359119   0.31168666 -0.47104925
  0.3130207   0.45343074 -1.8454788   0.48754483]
[-0.05333605  0.05676444  0.6293559   0.6472296   2.0149782   0.16752627
 -0.52211404 -0.1854624  -0.46295875 -1.5157692   0.3470743  -0.44802442
  0.25304788  0.4735902  -1.9898465   0.54697424]
[ 0.02690844  0.01548241  0.6229483   0.72398037  1.9876773   0.16670665
 -0.488844   -0.21400413 -0.4684704  -1.4329767   0.30964202 -0.4517022
  0.21752696  0.5018238  -2.1018      0.5429613 ]
[ 0.1279885  -0.02741881  0.64912796  0.7039997   2.041145    0.11733286
 -0.44918147 -0.26983187 -0.5528488  -1.4511487   0.3531433  -0.52028716
  0.25267673  0.47914258 -2.049955    0.5535104 ]
[ 0.0680192   0.02228243  0.65839624  0.6178825   2.0437198   0.1096945
 -0.50986177 -0.19366679 -0.4960649  -1.5061619   0.3561123  -0.46600193
  0.2867025   0.38716024 -1.9816307   0.5618779 ]
[ 0.03852131  0.04341649  0.60410315  0.60072756  2.095471    0.04605909
 -0.5161258  -0.17891945 -0.49785066 -1.520484    0.42089605 -0.47338477
  0.2562378   0.41130018 -1.9849306   0.61525285]
[-0.02967526  0.0434554   0.561437    0.65813756  2.1131272   0.01080737
 -0.5084316  -0.21162209 -0.5313741  -1.5659764   0.4569664  -0.5171348
  0.31660375  0.45397958 -1.94783     0.6597525 ]
[ 0.04027161  0.01163509  0.53689986  0.702366    2.174489   -0.00981149
 -0.465275   -0.32142442 -0.60540515 -1.5661122   0.5263577  -0.6268088
  0.31792915  0.4961996  -1.9536893   0.70545393]
[ 0.00673008  0.04560288  0.5587963   0.6693721   2.1594007   0.03795046
 -0.49848667 -0.32353175 -0.58451617 -1.5673467   0.5372318  -0.5833689
  0.3045933   0.4632092  -1.9378879   0.6740505 ]
[ 0.00590274  0.04986814  0.56749     0.6852492   2.1056378   0.042155
 -0.4916502  -0.29508692 -0.57557815 -1.5604568   0.49806708 -0.5602418
  0.28861642  0.49568325 -1.9630325   0.669274  ]
[-0.01184609  0.04094344  0.6101879   0.7184583   2.033994    0.10588982
 -0.4936924  -0.2555832  -0.54900426 -1.5428169   0.40381184 -0.52009743
  0.27845463  0.5328906  -2.0177064   0.6266858 ]
[ 0.05924552  0.07331687  0.563111    0.6740935   2.0966287   0.04187898
 -0.45621523 -0.34329516 -0.61143035 -1.5806389   0.53197277 -0.6220814
  0.26475593  0.49706978 -1.9203221   0.6955804 ]
[ 0.05638259  0.0437636   0.5713495   0.6392661   2.1146646   0.07729422
 -0.4999651  -0.27717596 -0.5393183  -1.523278    0.46585956 -0.57029474
  0.23305812  0.46585068 -1.9810886   0.68664455]
[ 0.02672363  0.05608922  0.57854086  0.7118771   2.0489697   0.13801163
 -0.5202471  -0.24383314 -0.49769297 -1.4656696   0.3834913  -0.47926807
  0.20032713  0.51169044 -2.0993104   0.6107069 ]
[ 0.09124611  0.00339392  0.5655557   0.6855017   2.1377864   0.06061652
 -0.5246137  -0.32032037 -0.58868396 -1.4895234   0.4747272  -0.5865326
  0.3008937   0.4939773  -2.009713    0.66696286]
[ 0.06880359  0.02334536  0.5423147   0.7291781   2.097004    0.09331951
 -0.55328274 -0.2757022  -0.5512462  -1.4803728   0.4376448  -0.5308331
  0.253478    0.49592128 -2.0626233   0.67495525]
[ 8.5550278e-02  1.8936196e-02  4.8509631e-01  7.0006847e-01
  2.1445065e+00 -2.0256652e-03 -5.0829494e-01 -3.1656685e-01
 -6.3824087e-01 -1.5405580e+00  5.5000132e-01 -6.0547107e-01
  2.8573689e-01  5.3344923e-01 -1.9573475e+00  7.2910392e-01]
[ 0.00888548 -0.04648501  0.5282483   0.7334797   2.1083825   0.06300633
 -0.5398027  -0.21319962 -0.5470394  -1.4289423   0.38573056 -0.49858493
  0.26004487  0.5157519  -2.0092344   0.64101493]
[ 0.12734985 -0.11998241  0.48886436  0.7724949   2.1786633  -0.02607733
 -0.46836057 -0.2949804  -0.5993344  -1.4478452   0.46724802 -0.63113457
  0.33412337  0.527047   -2.035407    0.6883599 ]
[ 0.23223948 -0.05602639  0.4779361   0.76871246  2.0595927  -0.07453559
 -0.29072163 -0.35964963 -0.69749594 -1.4470469   0.4907474  -0.642653
  0.2934353   0.6466897  -2.0925152   0.65156233]
[ 1.2268760e-01 -9.7253325e-04  5.7472062e-01  5.6285995e-01
  2.1605649e+00 -3.6508936e-02 -5.0208962e-01 -2.4153945e-01
 -6.2340480e-01 -1.5205016e+00  4.4814372e-01 -6.0461438e-01
  3.2523495e-01  4.7903618e-01 -1.8921865e+00  7.1349877e-01]
[ 1.01681136e-01  1.03601813e-03  5.62651753e-01  6.36241555e-01
  2.16987109e+00  4.50648591e-02 -5.43505311e-01 -2.23905295e-01
 -5.12322247e-01 -1.49481058e+00  4.24557447e-01 -5.17759323e-01
  3.08053762e-01  3.94545376e-01 -1.99650037e+00  6.05454147e-01]
[ 0.09651823  0.006138    0.5025579   0.6562699   2.1900601  -0.02400045
 -0.50015277 -0.2670386  -0.5843883  -1.5406818   0.5406721  -0.58537114
  0.30981252  0.4773694  -1.984281    0.6678963 ]
[ 0.0339661  -0.00865033  0.5193757   0.6478626   2.158919    0.02792848
 -0.5432243  -0.18358475 -0.5343663  -1.5026939   0.445024   -0.51178426
  0.30663198  0.44246215 -1.9693177   0.63253766]
[ 0.14943708 -0.05440442  0.5133933   0.7442943   2.1326134  -0.01274513
 -0.43863472 -0.28602177 -0.6023655  -1.4765352   0.47660407 -0.6228877
  0.28154713  0.5189034  -2.052535    0.69078267]
[ 0.28257418 -0.08435109  0.5184618   0.71438366  2.089763   -0.07887608
 -0.31337875 -0.31023362 -0.6393188  -1.4452606   0.49209064 -0.6286956
  0.22016306  0.5384241  -2.092461    0.6971427 ]
[ 0.1043406  -0.03263736  0.591081    0.6423436   2.1061854  -0.01556953
 -0.46091923 -0.26717633 -0.60759264 -1.543666    0.48468447 -0.6061977
  0.33617565  0.45390686 -1.9302593   0.70704925]
[ 0.09587933 -0.03896966  0.6047334   0.6333345   2.0855834   0.01123436
 -0.5116951  -0.22317418 -0.5758587  -1.5061537   0.3834901  -0.5465091
  0.34302932  0.42510563 -1.933707    0.71717364]
[ 0.12293506 -0.06302383  0.5258951   0.653407    2.1882317  -0.03712951
 -0.5088105  -0.28363466 -0.6270541  -1.5377434   0.4528152  -0.6307381
  0.37554106  0.44363004 -1.8748544   0.7668117 ]
[ 0.11651228  0.01631415  0.49626437  0.70254767  2.1452153  -0.02215532
 -0.50071394 -0.27963692 -0.57667434 -1.5468075   0.4887522  -0.59554213
  0.25718862  0.48216957 -1.9777645   0.760517  ]
[ 0.01757907  0.02261184  0.5291389   0.6282815   2.1762128   0.02981969
 -0.60078686 -0.17397578 -0.48052865 -1.5224229   0.4315443  -0.49250072
  0.24546465  0.41334897 -1.962067    0.7028219 ]
[ 0.07363771  0.03372482  0.4444272   0.76196814  2.1592612  -0.0115039
 -0.52909696 -0.27301538 -0.53734666 -1.5073068   0.5217322  -0.5752388
  0.21459071  0.53558904 -2.1089191   0.76241386]
[ 0.11189947 -0.02144375  0.45747906  0.77147996  2.1610432  -0.02314161
 -0.47216544 -0.2980959  -0.60903025 -1.503113    0.48724088 -0.6205006
  0.27690983  0.56125623 -2.0820448   0.76722336]
[ 0.2290442  -0.02874183  0.434503    0.7607115   2.130134   -0.08522697
 -0.3667806  -0.31497237 -0.631117   -1.4704643   0.5258274  -0.61310285
  0.18475303  0.58096945 -2.1282642   0.7565853 ]
[ 0.10759802 -0.0107852   0.4831628   0.671069    2.2055542  -0.04292283
 -0.52331465 -0.24427585 -0.5370596  -1.4928151   0.520019   -0.5777121
  0.20949145  0.45889553 -2.02916     0.7669452 ]
[ 0.08814918  0.00435073  0.49081007  0.7633151   2.098247   -0.00799411
 -0.46846694 -0.2169476  -0.50795424 -1.4301894   0.4299779  -0.5237516
  0.19161776  0.5472931  -2.1703134   0.67348546]
[ 0.11069895  0.00782489  0.4900485   0.670694    2.22678    -0.06206278
 -0.49733457 -0.2873016  -0.5747054  -1.5243008   0.5370129  -0.6313015
  0.30745083  0.4621498  -1.9991703   0.7276286 ]
[ 0.08291644  0.04064081  0.49557918  0.69166756  2.232448   -0.01846356
 -0.5079274  -0.3163215  -0.5900961  -1.5448148   0.54415023 -0.6229619
  0.3226666   0.47744623 -1.9979584   0.6738833 ]
[ 9.3277462e-02  5.8946706e-02  4.8993009e-01  6.8169224e-01
  2.2159591e+00  5.4568054e-06 -4.9919382e-01 -3.0462509e-01
 -5.7826501e-01 -1.5369298e+00  5.5732703e-01 -5.8141363e-01
  2.5068387e-01  4.9484044e-01 -2.0234458e+00  6.4282882e-01]
[ 0.0203657   0.07760602  0.55197465  0.6540863   2.1843028   0.07923548
 -0.5883423  -0.21345946 -0.48028222 -1.5333979   0.5121944  -0.506461
  0.21992612  0.40337652 -2.0147464   0.5930811 ]
[ 0.0679445   0.0260475   0.53720367  0.68544555  2.2163558   0.03050306
 -0.5333872  -0.29221505 -0.55028445 -1.5162039   0.57586855 -0.6101818
  0.2585073   0.46257916 -2.0184684   0.61914784]
[ 0.0566157   0.01871716  0.55697715  0.6537827   2.2138147   0.02059209
 -0.4994161  -0.30707657 -0.5965492  -1.5353359   0.57413137 -0.6159738
  0.3243153   0.4685503  -1.9633243   0.5881043 ]
[ 0.05883897 -0.01581487  0.5838231   0.61017334  2.1995165  -0.00954328
 -0.46651283 -0.30254588 -0.6426195  -1.5736139   0.55262804 -0.63622606
  0.4064156   0.44440335 -1.8643866   0.61447346]
[ 0.08061614 -0.03947327  0.59370476  0.597834    2.194428    0.00581595
 -0.48770404 -0.3282266  -0.6758747  -1.5901986   0.53912216 -0.66136354
  0.44828194  0.42336097 -1.8029798   0.66355073]
[ 0.07481073  0.0259884   0.56970596  0.58397514  2.1700764   0.01842184
 -0.4845817  -0.33933982 -0.6661211  -1.5809056   0.57123023 -0.6366459
  0.36368206  0.40827757 -1.7979769   0.6818369 ]
[ 0.03573874  0.03097376  0.5419793   0.5579375   2.1380801  -0.00632093
 -0.4598919  -0.29166913 -0.6612275  -1.5487331   0.5451697  -0.60796344
  0.35408622  0.47103912 -1.8254391   0.68927264]
[ 0.01654974 -0.03127018  0.59814656  0.63810253  2.1339467   0.05082059
 -0.46829185 -0.27776614 -0.6103714  -1.4811468   0.4125618  -0.554772
  0.42460862  0.46598306 -1.9302908   0.5717023 ]
[ 0.12817413 -0.03420122  0.58227354  0.6831016   2.0931804   0.0083719
 -0.38224036 -0.37589735 -0.72325814 -1.519881    0.48346743 -0.6381556
  0.40273705  0.57374096 -1.9369797   0.6148881 ]
[ 0.02897859  0.0204709   0.6087456   0.63993126  2.055738    0.08559249
 -0.48786673 -0.3217793  -0.67897254 -1.57156     0.43657836 -0.58578503
  0.39883423  0.53539747 -1.841445    0.6393558 ]
[-3.8146973e-05  1.7048204e-02  6.0622466e-01  6.7990506e-01
  1.9979912e+00  1.3098511e-01 -5.2376205e-01 -2.3069242e-01
 -5.8312798e-01 -1.5264925e+00  3.4848827e-01 -4.8201069e-01
  3.0215305e-01  5.0009859e-01 -1.9261240e+00  6.5191257e-01]
[ 0.02053189 -0.06050435  0.6032865   0.7545544   1.968571    0.10300708
 -0.49038896 -0.2073586  -0.5858043  -1.500426    0.33784243 -0.510916
  0.29431745  0.51783955 -1.9934314   0.7108781 ]
[ 0.08323319 -0.12931684  0.6053392   0.8423154   1.9538167   0.07054602
 -0.419437   -0.29939333 -0.6464206  -1.4081523   0.3301296  -0.589213
  0.31070286  0.60012877 -2.0418065   0.6981816 ]
[ 0.18268907 -0.17035137  0.63147837  0.83337575  1.815768    0.0975194
 -0.32305178 -0.2778603  -0.63562757 -1.2940547   0.1750188  -0.5238708
  0.28223664  0.6678044  -2.1417532   0.639911  ]
[ 0.11588834 -0.04792802  0.60028565  0.6119811   2.01685     0.04318153
 -0.51290566 -0.24400671 -0.6252212  -1.4923036   0.30665994 -0.55277574
  0.34223983  0.48977047 -1.873244    0.7895855 ]
[ 0.06459789  0.01329823  0.52595913  0.70850503  2.0180306   0.1045927
 -0.59711313 -0.1722407  -0.49828464 -1.4506385   0.24942084 -0.4186859
  0.2411778   0.4630351  -2.0340865   0.7504448 ]
[-0.01056205  0.01149446  0.4537491   0.77552545  2.1086783   0.10687441
 -0.6727452  -0.15530679 -0.4491865  -1.45031     0.3077775  -0.40059027
  0.21170838  0.4643879  -2.075248    0.7410542 ]
[ 0.0473454  -0.0284807   0.38193077  0.91287076  2.1376355   0.06570164
 -0.5701201  -0.29630002 -0.5552021  -1.3875737   0.43041772 -0.51737386
  0.19915034  0.61390454 -2.1979477   0.7281617 ]
[ 0.06819595 -0.0723019   0.4184846   0.9232718   2.0563881   0.08755652
 -0.50070107 -0.24863568 -0.5467706  -1.2707576   0.3290102  -0.46610698
  0.19115338  0.6845383  -2.2969642   0.6027805 ]
[ 0.1217503  -0.13854575  0.43901038  0.8714641   2.2217767   0.04558442
 -0.50752604 -0.33419758 -0.6341206  -1.3328122   0.44721562 -0.5867279
  0.33979666  0.5759524  -2.1216896   0.549517  ]
[ 0.25085443 -0.1435376   0.44996762  0.87822104  2.1101286   0.01379907
 -0.33357543 -0.38738695 -0.7437014  -1.2930205   0.4230872  -0.6105167
  0.32869893  0.6782686  -2.1588624   0.492137  ]
[ 0.14997037 -0.09322833  0.5889829   0.6678101   2.160757    0.05575525
 -0.437634   -0.30837226 -0.7064957  -1.3761384   0.39334816 -0.59838545
  0.39654988  0.49287385 -1.9588928   0.5299337 ]
[ 0.18547472 -0.06985268  0.5703425   0.64170325  2.1831474   0.01011961
 -0.38943496 -0.3808413  -0.7793532  -1.4247487   0.49142098 -0.6874069
  0.416608    0.49292928 -1.8768727   0.5752833 ]
[ 0.18629864 -0.07925203  0.5980768   0.61197346  2.1370962   0.02503899
 -0.3523249  -0.41217214 -0.83089274 -1.4023478   0.47105366 -0.70671844
  0.48356527  0.51815546 -1.8359579   0.5459238 ]
[ 0.19349007 -0.17008509  0.64810497  0.59322697  2.117682    0.05795494
 -0.3552921  -0.42365113 -0.88249815 -1.358073    0.41209254 -0.7085856
  0.59817326  0.51367366 -1.7397528   0.45765075]
[ 0.23220778 -0.19357102  0.71341753  0.55100185  2.0991733   0.06611518
 -0.36790007 -0.42774382 -0.8899765  -1.3637774   0.37805492 -0.7106635
  0.6293825   0.4782985  -1.6845099   0.44409353]
[ 0.15520959 -0.17905203  0.76568264  0.49721232  2.0419884   0.16911468
 -0.41601366 -0.34800315 -0.8570855  -1.3376558   0.27056724 -0.6171807
  0.63584006  0.41322494 -1.6152264   0.37403935]
[ 0.07640468 -0.07100517  0.7019292   0.48804587  2.1004772   0.08406095
 -0.45173272 -0.29986534 -0.8254892  -1.4834702   0.3951669  -0.6261035
  0.55943364  0.42270637 -1.6067024   0.49363345]
[ 0.02172337 -0.0670199   0.6939293   0.5121784   2.1196353   0.04986762
 -0.4294695  -0.33415836 -0.82818806 -1.5263673   0.45721656 -0.66854316
  0.5884057   0.45202464 -1.6141074   0.5304284 ]
[ 0.09250055 -0.08049056  0.6521209   0.57547414  2.0744581   0.01003864
 -0.3533911  -0.39615577 -0.85940945 -1.5389073   0.49312314 -0.7421576
  0.571696    0.51356494 -1.6664517   0.61364067]
[ 0.0631846  -0.05729026  0.6792917   0.4680338   2.0538285   0.0271129
 -0.37336463 -0.3767248  -0.8563011  -1.5696101   0.47029844 -0.75091696
  0.5983659   0.50294197 -1.5622666   0.64570236]
[ 0.09193565 -0.05328865  0.7493108   0.4824651   1.9805123   0.03607449
 -0.4008626  -0.32949215 -0.79978    -1.5498812   0.3932343  -0.6970701
  0.49625435  0.5383683  -1.6475344   0.6725505 ]
[ 0.07109836 -0.09368013  0.80469334  0.5300633   1.8827696   0.20518804
 -0.50584376 -0.2048414  -0.60179484 -1.4949741   0.18680811 -0.5046074
  0.44074917  0.39706182 -1.7462101   0.5936025 ]
[ 0.02297444 -0.01121904  0.69219816  0.5932188   1.9507554   0.15621081
 -0.5338368  -0.21641746 -0.5828174  -1.5105118   0.2725082  -0.48661637
  0.37934598  0.41613808 -1.8040848   0.62463444]
[ 0.0214422  -0.02513137  0.6313089   0.6163441   1.9984419   0.11204655
 -0.56955874 -0.16561058 -0.53821707 -1.5179907   0.2875967  -0.47398654
  0.32944146  0.4410326  -1.8763561   0.6936461 ]
[ 0.01986029 -0.0349812   0.5680586   0.7052356   2.0206995   0.09751956
 -0.5731267  -0.1739919  -0.5146956  -1.4976008   0.31536365 -0.47314087
  0.28946236  0.48217773 -1.9678247   0.7010823 ]
[ 0.08119531 -0.04925386  0.5201604   0.8076749   2.0272841   0.04021686
 -0.50723875 -0.2600113  -0.5704986  -1.4502714   0.3800215  -0.5433325
  0.22741449  0.58835346 -2.082617    0.755376  ]
[ 0.06064473 -0.04419928  0.54575497  0.7551487   2.0248039   0.06569843
 -0.5769637  -0.17348094 -0.4749638  -1.4522609   0.326693   -0.45317015
  0.18871509  0.50382596 -2.0963397   0.76485264]
[ 0.0635263  -0.02222382  0.46584812  0.84860563  2.0386856   0.02506414
 -0.51385564 -0.27810335 -0.56165546 -1.5025012   0.44890046 -0.5471292
  0.21314426  0.58948773 -2.1054678   0.80321205]
[ 0.05770574 -0.02744091  0.50165313  0.7392184   2.0566158   0.0329855
 -0.61064446 -0.1619085  -0.4559578  -1.4621885   0.37691993 -0.46143228
  0.18540564  0.45072955 -2.069098    0.81400406]
[ 0.08218931 -0.0914029   0.42339367  0.8440207   2.1357422  -0.01237397
 -0.5508024  -0.27729475 -0.54232377 -1.4488971   0.46324864 -0.57934713
  0.2547986   0.5543305  -2.107191    0.8173561 ]
[ 0.13064799 -0.06564579  0.37335163  0.8760378   2.070701   -0.03656963
 -0.44487172 -0.3015803  -0.59441316 -1.427548    0.4555854  -0.5695202
  0.22996461  0.6573478  -2.1584456   0.7699152 ]
[ 0.04198674 -0.08397776  0.46540293  0.7729295   2.1286736   0.0338156
 -0.58810645 -0.16713223 -0.4905716  -1.3996919   0.32625327 -0.45069614
  0.23252356  0.516946   -2.089681    0.715622  ]
[ 0.13264842 -0.05692593  0.37931165  0.88822985  2.1696622  -0.00752301
 -0.50060976 -0.31205216 -0.5487875  -1.4132593   0.49322408 -0.5749642
  0.17648941  0.5725834  -2.1829615   0.74877095]
[ 0.21076855 -0.00923136  0.35664612  0.83941424  2.1091971  -0.0570115
 -0.38656178 -0.34218675 -0.600094   -1.4092672   0.54141086 -0.5726887
  0.15092391  0.65787303 -2.24058     0.7137028 ]
[ 0.03566702  0.00838274  0.45154247  0.75833595  2.1481242   0.03903097
 -0.56059104 -0.21968047 -0.5169169  -1.426919    0.43296003 -0.48218054
  0.24462049  0.51137376 -2.111257    0.6492778 ]
[ 0.14546256 -0.09210982  0.44240445  0.82578534  2.2030697  -0.00928537
 -0.47525603 -0.33009595 -0.6288322  -1.4177555   0.49946624 -0.630807
  0.29615173  0.563635   -2.083126    0.6515603 ]
[ 0.2763215  -0.08208936  0.46308073  0.7684246   2.1285625  -0.05290674
 -0.3395324  -0.36151654 -0.69057566 -1.3928678   0.49739677 -0.6374561
  0.26108631  0.60423386 -2.1128452   0.62994653]
[ 0.1658511  -0.02840462  0.5300953   0.6210665   2.1914494  -0.04498843
 -0.448666   -0.30060044 -0.66368705 -1.4816825   0.52337605 -0.61498535
  0.30699453  0.48418564 -1.9506309   0.67207325]
[ 0.07058121 -0.02882067  0.59878004  0.63534707  2.1482627   0.04115522
 -0.4880603  -0.23776567 -0.61157453 -1.4634006   0.40829617 -0.5392929
  0.35384738  0.46534508 -1.9578705   0.56356585]
[ 0.14340097 -0.06317651  0.5603001   0.6124687   2.2445836  -0.02587466
 -0.48868853 -0.32862896 -0.6886574  -1.5207195   0.5270571  -0.6891321
  0.43391046  0.43476072 -1.8488544   0.65851367]
[ 0.13852316 -0.03870893  0.56725216  0.5721493   2.217206   -0.02196675
 -0.47924432 -0.32878253 -0.69428474 -1.5268667   0.527496   -0.6721787
  0.42779857  0.43701547 -1.821101    0.65738964]
[ 0.08962657 -0.0089114   0.5301207   0.57058704  2.1609025  -0.04082646
 -0.43984643 -0.3021346  -0.71172744 -1.5074568   0.52202713 -0.6259052
  0.41713542  0.5043694  -1.8264267   0.6299502 ]
[ 0.00349591 -0.09651975  0.62729234  0.60155404  2.1824813   0.0447196
 -0.5364911  -0.22622108 -0.6393247  -1.503152    0.39207366 -0.54603255
  0.49167538  0.4244464  -1.8214089   0.55932534]
[ 0.05060338 -0.10559877  0.5985636   0.6592291   2.2271526   0.01167656
 -0.4732604  -0.34149972 -0.72328895 -1.5131718   0.48995844 -0.65405166
  0.5131374   0.4834314  -1.8368676   0.5712596 ]
[ 0.06333555 -0.06313681  0.6174593   0.6497876   2.1262882   0.02356886
 -0.41757193 -0.32217172 -0.7196115  -1.5250326   0.46485543 -0.61971456
  0.4307956   0.51382774 -1.866613    0.60242534]
[-0.0690501  -0.03042706  0.63976586  0.601095    2.0818596   0.07892074
 -0.49439868 -0.26084274 -0.68064535 -1.573897    0.417373   -0.57272375
  0.49445352  0.46480125 -1.734586    0.5985039 ]
[ 5.0777136e-03 -5.8203764e-02  5.8736718e-01  6.5642291e-01
  2.0304811e+00  1.2757592e-03 -4.0254802e-01 -3.1145591e-01
 -7.4024141e-01 -1.5420406e+00  4.4442111e-01 -6.5053880e-01
  4.6940604e-01  5.5575103e-01 -1.7871059e+00  7.0504612e-01]
[ 0.06189304 -0.12901613  0.6481253   0.6986996   1.9311771   0.06362849
 -0.36790833 -0.2833324  -0.7097839  -1.4832157   0.2888992  -0.61153966
  0.46419138  0.56133604 -1.8575418   0.6865156 ]
[ 0.13511387 -0.08856338  0.67010415  0.7741729   1.8216429   0.10261532
 -0.30482417 -0.32578906 -0.6906006  -1.4319061   0.22923508 -0.5735634
  0.35784554  0.6143596  -1.9739319   0.6455118 ]
[ 0.09351643 -0.04896546  0.7575657   0.66586274  1.7812665   0.21156152
 -0.415447   -0.22521472 -0.56049836 -1.4020193   0.13210218 -0.42950845
  0.2483786   0.5462092  -2.01615     0.62196696]
[ 0.02341207  0.02333212  0.66213393  0.6567876   1.8970089   0.21796846
 -0.5598674  -0.19790752 -0.46839046 -1.4091113   0.20693569 -0.38155085
  0.23135276  0.46757546 -2.0282264   0.6204638 ]
[-0.01784721  0.03455853  0.56518614  0.74767077  1.9809697   0.18190959
 -0.57539415 -0.20848994 -0.49910283 -1.4211652   0.2494413  -0.40479976
  0.2519684   0.5595942  -2.1076248   0.62575185]
[-0.07757773  0.00638679  0.5496611   0.75581306  2.0945537   0.17525917
 -0.6648354  -0.17248185 -0.4914527  -1.4820019   0.2873101  -0.39424533
  0.28377706  0.49432093 -2.021004    0.6190392 ]
[-0.02619233 -0.00234904  0.47174463  0.8901819   2.1100485   0.09668337
 -0.5619677  -0.31312403 -0.60813916 -1.473443    0.43450648 -0.52967924
  0.26450357  0.62984    -2.1121192   0.69215596]
[-0.03186423  0.0193703   0.4992845   0.85848504  2.0051675   0.10987232
 -0.5273421  -0.25056744 -0.57125854 -1.4425333   0.36799768 -0.48146653
  0.20714171  0.64477205 -2.1568627   0.7131748 ]
[ 0.02866361 -0.06483901  0.5285101   0.8454978   2.0190206   0.05739728
 -0.48436528 -0.31977844 -0.68625814 -1.4986966   0.43744498 -0.615404
  0.33590946  0.62250036 -2.0047588   0.7625821 ]
[ 0.09000166 -0.15150923  0.5394455   0.87830627  1.9091492   0.03368152
 -0.39091784 -0.30060035 -0.69030464 -1.4058442   0.3364797  -0.61945724
  0.35412836  0.6594086  -2.0192666   0.73980963]
[ 0.18352829 -0.21291466  0.5926986   0.8189063   1.8793828   0.02514345
 -0.32067972 -0.32896623 -0.72890437 -1.3558733   0.2654542  -0.6363064
  0.38974482  0.6696693  -1.9992977   0.72024596]
[ 0.15590739 -0.11933757  0.6284032   0.76274216  1.8191774   0.08751822
 -0.36064008 -0.24704511 -0.6262452  -1.3519032   0.15795954 -0.51695716
  0.31375214  0.62456316 -2.0435135   0.67870426]
[ 3.7432246e-02 -2.0408630e-04  6.1598575e-01  6.5201330e-01
  1.9895504e+00  1.1551430e-01 -5.4417080e-01 -2.0532922e-01
 -5.3220570e-01 -1.4726994e+00  2.4832232e-01 -4.5628738e-01
  2.6787180e-01  5.2706921e-01 -1.9783771e+00  7.0120835e-01]
[-0.0202074   0.08778424  0.467515    0.7624539   2.0862126   0.11767153
 -0.6576313  -0.20802811 -0.41911563 -1.4877664   0.40759152 -0.40473455
  0.14519815  0.46818987 -2.1085649   0.72917974]
[ 0.01413009  0.07815075  0.4011097   0.8164404   2.1545596   0.08586182
 -0.60680056 -0.32935348 -0.5223146  -1.4756997   0.53997564 -0.51251006
  0.15514103  0.5786724  -2.1472116   0.73431695]
[-0.10245831  0.07631923  0.3802469   0.82711107  2.133768    0.12280439
 -0.6578182  -0.24110274 -0.47639436 -1.4573982   0.46388856 -0.4437805
  0.22816356  0.55552006 -2.1271338   0.6820909 ]
[ 0.00834345 -0.064886    0.3880584   0.91835487  2.1610184   0.0329433
 -0.5059548  -0.35950568 -0.64295757 -1.4276458   0.5145793  -0.5941758
  0.32527575  0.67836547 -2.1330001   0.66139823]
[ 0.0981998  -0.09097449  0.4272511   0.9698204   1.995023    0.03594432
 -0.32938948 -0.40019816 -0.7449235  -1.3743851   0.45284352 -0.5888649
  0.32033986  0.7740315  -2.1833415   0.5956752 ]
[ 1.4351210e-01 -7.3393777e-02  5.6365144e-01  8.6928242e-01
  1.9126469e+00 -1.4744833e-03 -2.6166198e-01 -3.9842623e-01
 -8.0692351e-01 -1.4482195e+00  4.4172746e-01 -6.2345582e-01
  3.3007690e-01  7.4386585e-01 -2.1021259e+00  6.6935265e-01]
[ 0.0322104  -0.05409133  0.6950935   0.74885166  1.8683904   0.10093983
 -0.36816984 -0.31392285 -0.73396087 -1.4939982   0.3431827  -0.5763938
  0.3888356   0.5710984  -1.9108164   0.6624107 ]
[ 0.02580782 -0.03746611  0.62879115  0.7283067   1.8792089   0.02526494
 -0.3463329  -0.33533818 -0.71308565 -1.523227    0.4305796  -0.655944
  0.3512766   0.5994491  -1.8521255   0.7586206 ]
[ 0.05862295 -0.0411821   0.6810508   0.69688296  1.8002205   0.14708976
 -0.32557604 -0.31253085 -0.670574   -1.410377    0.22776246 -0.5730854
  0.3642897   0.60055315 -1.9111878   0.6300597 ]
[ 0.08126429  0.05772762  0.617667    0.7103157   1.8738861   0.15780874
 -0.3477186  -0.39824757 -0.667764   -1.468123    0.32580867 -0.6133355
  0.3271224   0.64984167 -1.9764286   0.63363236]
[-0.01693253  0.17707393  0.62959087  0.6816376   1.9528316   0.26801258
 -0.5743278  -0.3234688  -0.5190114  -1.4914043   0.32764807 -0.44981337
  0.17438778  0.5695034  -2.0092874   0.56664383]
[-0.10139605  0.2414864   0.49854213  0.7325311   2.027619    0.2783955
 -0.70224893 -0.2702341  -0.39313692 -1.4798414   0.47554478 -0.36947772
  0.01211249  0.5411812  -2.1446738   0.6162615 ]
[-0.13446175  0.20008762  0.44837433  0.71128356  2.1299748   0.20828417
 -0.75929034 -0.24499631 -0.4296762  -1.4992304   0.5580269  -0.40469623
  0.08755823  0.4990727  -2.0943902   0.6875641 ]
[-0.04885474  0.10040621  0.44156432  0.79517615  2.1186264   0.11427568
 -0.6541662  -0.277116   -0.51248837 -1.4908184   0.5593523  -0.49493703
  0.15250719  0.5746102  -2.1391385   0.72373074]
[ 0.06292765 -0.03745076  0.4871421   0.85354584  2.082775    0.04665231
 -0.49986959 -0.35046297 -0.66801196 -1.4764208   0.5470394  -0.64004725
  0.28640038  0.62852067 -2.055674    0.6931063 ]
[ 0.19623533 -0.14301804  0.5126158   0.7794167   2.044488   -0.0854767
 -0.31526938 -0.3876761  -0.7827586  -1.4647356   0.5281538  -0.7288189
  0.41442552  0.6398506  -1.9545647   0.70716834]
[ 0.16805382 -0.10484199  0.58934593  0.6177057   1.9997947  -0.09220487
 -0.31836313 -0.345308   -0.8016111  -1.5620855   0.4962554  -0.7380153
  0.46326393  0.58539546 -1.7764423   0.7834188 ]
[ 0.07338977 -0.01553569  0.64292264  0.52184975  1.9669235  -0.04953866
 -0.39087832 -0.2686999  -0.76891595 -1.5967283   0.41432595 -0.717944
  0.43585998  0.6078657  -1.7272375   0.84170645]
[ 0.07420586 -0.03713239  0.65083873  0.64351887  1.9814764   0.08061122
 -0.5130891  -0.2703541  -0.6055447  -1.5114796   0.31360522 -0.558725
  0.34353057  0.49083638 -1.865485    0.74922055]
[ 0.08607173  0.01400825  0.5032919   0.7241419   2.071566    0.06015359
 -0.55277634 -0.30501893 -0.54432213 -1.5125564   0.4594647  -0.54436195
  0.21281123  0.49652663 -2.0040438   0.8018446 ]
[-0.02871369  0.04029237  0.45401794  0.7072835   2.1202164   0.11427282
 -0.66065776 -0.20914719 -0.46943313 -1.4688041   0.39851204 -0.43860006
  0.21672547  0.47569847 -2.0255756   0.74041486]
[-0.0103274  -0.04455418  0.4375443   0.8172024   2.102497    0.09635365
 -0.66958207 -0.14417118 -0.43939847 -1.3922002   0.32795212 -0.41200677
  0.19792527  0.5344672  -2.151238    0.713703  ]
[ 0.07567535 -0.10629193  0.3806363   0.9504436   2.0902321   0.01586259
 -0.5117408  -0.29295892 -0.58123666 -1.4050611   0.4489954  -0.5649847
  0.2492569   0.6640286  -2.180291    0.7298009 ]
[ 0.17818055 -0.097201    0.35852528  0.88199556  2.0261073  -0.05566191
 -0.33683795 -0.34971642 -0.68989813 -1.3921471   0.48479646 -0.5985195
  0.24900106  0.7567858  -2.1740324   0.72068614]
[ 0.04079861 -0.11283221  0.51207936  0.78220326  2.0557323   0.03434682
 -0.5257131  -0.1892115  -0.5707361  -1.4226398   0.3388539  -0.49173468
  0.29498136  0.5798439  -2.0986714   0.73511106]
[ 1.13255024e-01 -1.55498266e-01  4.78911936e-01  9.20752704e-01
  2.03900814e+00  1.47091446e-03 -4.23120171e-01 -3.06264132e-01
 -6.57013297e-01 -1.41883981e+00  4.05267328e-01 -6.09411538e-01
  3.17953736e-01  6.35845959e-01 -2.10639596e+00  7.25265205e-01]
[ 0.26473475 -0.13564813  0.49706167  0.87345684  1.9070114  -0.04686682
 -0.27715692 -0.333484   -0.694196   -1.3645605   0.39202744 -0.607052
  0.22659461  0.69399756 -2.1628864   0.7280418 ]
[ 0.11642492 -0.13458069  0.5853487   0.73521173  1.9647173   0.02690291
 -0.44337612 -0.22282577 -0.6130289  -1.3861504   0.26145384 -0.5402928
  0.36849883  0.54971975 -2.0019174   0.6964361 ]
[ 0.08343601 -0.05134631  0.5119123   0.76633424  1.9882952  -0.00604095
 -0.43213    -0.24614103 -0.63886225 -1.4742953   0.33716366 -0.56998014
  0.35443312  0.60645247 -2.006408    0.7428495 ]
[ 0.01180946 -0.07248697  0.56466895  0.7497678   2.0248141   0.09815411
 -0.59118307 -0.14117989 -0.48886156 -1.4357516   0.23477061 -0.4388501
  0.27521157  0.49435672 -1.998255    0.6772286 ]
[ 0.10171876 -0.03758993  0.46540236  0.89389575  2.0715606   0.06086719
 -0.5066627  -0.31806418 -0.5482997  -1.3945049   0.43215913 -0.54630214
  0.15351869  0.58454484 -2.1647115   0.7152457 ]
[ 0.05961596  0.0254783   0.44060498  0.8540473   2.0347095   0.08795613
 -0.49177146 -0.29098076 -0.5110925  -1.3635654   0.42011794 -0.478722
  0.12159777  0.63531655 -2.2418473   0.6599606 ]
[-0.01322987  0.05002108  0.47440362  0.7151664   2.1488655   0.09271592
 -0.64388    -0.2375746  -0.5010382  -1.4905069   0.48632908 -0.48351574
  0.25201625  0.45929098 -2.030167    0.6838461 ]
[ 0.11301322 -0.03144724  0.44718975  0.84946775  2.1368492   0.03638034
 -0.49527335 -0.35636255 -0.6196465  -1.4545147   0.5464393  -0.64004916
  0.2530704   0.59040755 -2.0950048   0.6802648 ]
[ 2.6124823e-01 -1.5500694e-03  4.4957763e-01  7.0906663e-01
  2.0993927e+00 -4.3060564e-02 -3.5969716e-01 -4.1214785e-01
 -7.1074158e-01 -1.4708833e+00  6.1804742e-01 -6.9498026e-01
  2.3835285e-01  6.0853815e-01 -2.0326686e+00  7.0323867e-01]
[ 0.14226522  0.01275369  0.51568544  0.625213    2.0826287  -0.03625918
 -0.42599052 -0.31925046 -0.68442035 -1.5422765   0.5648839  -0.6645533
  0.30460358  0.54594976 -1.9145696   0.7575983 ]
[ 0.09403723 -0.0149552   0.5858006   0.6604537   2.076512    0.03688119
 -0.48229265 -0.26892304 -0.60765195 -1.492891    0.4544364  -0.5875324
  0.29830995  0.4904027  -1.9522581   0.6710356 ]
[ 0.19976974 -0.05337074  0.5380336   0.70259446  2.1237845  -0.00593146
 -0.43968987 -0.39041793 -0.67549646 -1.5039881   0.57171595 -0.71903175
  0.32081586  0.52801216 -1.951281    0.7159549 ]
[ 0.27665547 -0.02695372  0.53309023  0.55676603  2.1221192  -0.0394519
 -0.42491904 -0.37528783 -0.6879934  -1.5046432   0.61411655 -0.7025975
  0.32060364  0.48869866 -1.9108112   0.7221722 ]
[ 0.09854834  0.00373496  0.5867311   0.54679346  2.1204453   0.05208217
 -0.5537325  -0.2528774  -0.62591463 -1.5351744   0.47553784 -0.59033144
  0.37996727  0.4125896  -1.8366636   0.6808918 ]
[ 0.09621145 -0.02150919  0.54902554  0.62559223  2.1477802   0.01612109
 -0.5589545  -0.2815286  -0.6421688  -1.5448177   0.5183052  -0.6239687
  0.36212292  0.44623908 -1.8602568   0.7355121 ]
[ 0.16018872  0.00580553  0.47401315  0.70956296  2.135653   -0.03150762
 -0.4675433  -0.3896764  -0.6732961  -1.5754445   0.6480433  -0.7484331
  0.28117156  0.5427481  -1.9376653   0.8323433 ]
[ 0.18669489  0.04513035  0.46938163  0.630819    2.059948   -0.06942448
 -0.4067057  -0.4012931  -0.7198203  -1.5905923   0.6984854  -0.74451226
  0.2636847   0.5814895  -1.913168    0.87671196]
[ 0.12835345 -0.04960322  0.55153817  0.65051866  2.077542    0.02924262
 -0.50257444 -0.34132925 -0.70133364 -1.4955266   0.50106174 -0.66448706
  0.35223836  0.5099524  -1.883775    0.8032942 ]
[ 0.21627662 -0.10422077  0.47643843  0.7903713   2.0764303  -0.0297369
 -0.42494687 -0.39726257 -0.69765204 -1.4559002   0.53262484 -0.7337986
  0.33967626  0.6036463  -2.0174098   0.7890609 ]
[ 0.3236521  -0.06852114  0.45082006  0.64157975  2.044347   -0.12599948
 -0.33001557 -0.40675116 -0.7655047  -1.4932125   0.6267048  -0.77180445
  0.34455925  0.67450976 -1.9646633   0.7838114 ]
[ 0.15380141 -0.02955972  0.53585553  0.5698133   2.1069038   0.00476401
 -0.5215768  -0.27726346 -0.65207267 -1.4952815   0.4642109  -0.6308628
  0.3449985   0.5038456  -1.8564218   0.74445105]
[ 0.06268886  0.07265208  0.44301033  0.60860854  2.1936593   0.02273586
 -0.60615146 -0.31024352 -0.5940746  -1.528063    0.6066655  -0.6240117
  0.27768257  0.48262653 -1.9074972   0.7660166 ]
[ 0.1714907   0.03363167  0.39076266  0.7745088   2.1541288  -0.00961407
 -0.45774302 -0.416123   -0.6531607  -1.4837525   0.6510163  -0.7180184
  0.2469856   0.6395892  -2.1093917   0.74906105]
[ 3.0404299e-01  1.7100095e-03  3.9661914e-01  6.9995797e-01
  2.1136680e+00 -8.8755071e-02 -3.0837911e-01 -4.7204781e-01
 -7.7359867e-01 -1.4652513e+00  6.8110687e-01 -7.7259886e-01
  2.7160302e-01  7.0598543e-01 -2.0847056e+00  7.5335729e-01]
[ 0.26995096  0.00930155  0.46779156  0.6323327   2.0664191  -0.07572096
 -0.3393888  -0.44107527 -0.8077286  -1.4967502   0.6750096  -0.7423288
  0.2793456   0.66654783 -1.9712477   0.770472  ]
[ 0.19170094 -0.08617035  0.59209996  0.7091253   2.0336256   0.03060761
 -0.41836125 -0.3642903  -0.7629778  -1.4537013   0.46243447 -0.65316385
  0.34890264  0.57578933 -1.9355959   0.69052494]
[ 0.15845224 -0.07140764  0.52661717  0.7202627   2.0518124  -0.04162181
 -0.39325923 -0.40827537 -0.8056823  -1.5647272   0.5865038  -0.7656435
  0.3996989   0.60294247 -1.8445059   0.81343824]
[ 0.21693127 -0.02783269  0.5218269   0.6124772   1.9299791  -0.08701713
 -0.2797795  -0.4120834  -0.86475277 -1.5496181   0.60022986 -0.7736324
  0.3858276   0.6659858  -1.8312725   0.8589028 ]
[ 0.0743124  -0.09824705  0.6099531   0.5471014   2.0354779   0.01743829
 -0.45183206 -0.31298214 -0.805919   -1.5243839   0.40667766 -0.72104466
  0.5152205   0.5218879  -1.7136978   0.86862916]
[ 0.17970398 -0.0700749   0.4955842   0.67629087  2.0780318  -0.02714695
 -0.40249753 -0.43938857 -0.8012236  -1.5073658   0.52414876 -0.7892457
  0.42906675  0.5930188  -1.8659834   0.89614534]
[ 0.17965364 -0.06856082  0.44771275  0.69578606  2.0417118  -0.03786568
 -0.39866805 -0.38296965 -0.7529391  -1.4592217   0.4943335  -0.72487056
  0.36123285  0.65765256 -1.9549758   0.87041426]
[ 0.15636484 -0.03445743  0.45968562  0.7767236   1.9688209   0.0273612
 -0.38020128 -0.3532594  -0.693396   -1.3802464   0.3987394  -0.599008
  0.30075347  0.72844493 -2.1192927   0.70631534]
[ 1.2349300e-01  1.0318458e-03  4.3753862e-01  8.0964983e-01
  2.0356536e+00  5.4955781e-02 -4.5060372e-01 -3.6922565e-01
 -6.7548496e-01 -1.4216821e+00  4.6221694e-01 -6.0091412e-01
  2.9192266e-01  6.8248689e-01 -2.1195152e+00  7.0152962e-01]
[ 0.14152268 -0.07267875  0.38981754  0.87002945  2.1049576   0.03087294
 -0.44947624 -0.40109164 -0.68064976 -1.4092281   0.52393717 -0.67603564
  0.29877263  0.6850486  -2.1048627   0.7113173 ]
[ 0.22392838 -0.09569087  0.40532774  0.88421756  1.991369   -0.00399703
 -0.30616832 -0.42302948 -0.74571073 -1.3584429   0.5053655  -0.6661876
  0.2514066   0.78399545 -2.1749394   0.688626  ]
[ 0.13636914 -0.05032568  0.5478245   0.82514125  1.8895336   0.04803195
 -0.32088393 -0.35757023 -0.7494744  -1.3822      0.3945505  -0.6021499
  0.2785663   0.76264083 -2.1531334   0.6931951 ]
[ 0.10118768 -0.04760383  0.5678806   0.74373335  1.9699962   0.0325856
 -0.38880116 -0.39028507 -0.7804333  -1.5090892   0.47502398 -0.6932246
  0.40661985  0.62934625 -1.9359725   0.7827302 ]
[ 0.1818969  -0.10452145  0.5219629   0.7787036   1.9221493  -0.03577741
 -0.30187494 -0.44367155 -0.83211327 -1.4963446   0.52811956 -0.77599317
  0.41321057  0.7240516  -1.930157    0.8141705 ]
[ 0.2062436  -0.08885157  0.5557893   0.67400795  1.8689789  -0.04126002
 -0.29347804 -0.38182187 -0.8201642  -1.4809477   0.45926613 -0.72832817
  0.40602908  0.679179   -1.8663685   0.81715614]
[ 0.10198394 -0.06619842  0.64979106  0.68038315  1.8308094   0.07078189
 -0.34794983 -0.3046361  -0.7544133  -1.4078989   0.2319953  -0.59386384
  0.41156372  0.69136494 -1.9253666   0.6958319 ]
[ 0.00448042 -0.01036135  0.5533462   0.72067213  2.0529609   0.09714918
 -0.53476685 -0.31175882 -0.63618886 -1.4636708   0.34402388 -0.5645436
  0.3555863   0.5732664  -1.9375159   0.7234111 ]
[ 0.06684159  0.07790972  0.43173033  0.8434103   2.0588033   0.08464965
 -0.46344948 -0.44551802 -0.660848   -1.4766805   0.556946   -0.61691153
  0.20305434  0.6999853  -2.1093483   0.71319795]
[ 0.03289197  0.19270527  0.46634626  0.7860977   1.9887314   0.12345888
 -0.5001832  -0.39442137 -0.6349822  -1.4970087   0.5411188  -0.52502984
  0.13000403  0.6614905  -2.1118176   0.70525396]
[-0.08892877  0.15217683  0.42020836  0.7958765   2.101643    0.16433564
 -0.64053833 -0.33016673 -0.53608805 -1.4911855   0.5272943  -0.5024046
  0.18136764  0.59179175 -2.092744    0.71246403]
[ 0.0791557   0.00356899  0.4199461   0.8999403   2.0795574   0.09141524
 -0.48310775 -0.41371417 -0.67963797 -1.4317057   0.527877   -0.6147268
  0.23394398  0.67579305 -2.1039739   0.67746073]
[ 0.23562264 -0.05262521  0.5086927   0.8355473   1.9923264   0.04176357
 -0.32572398 -0.4240303  -0.7502523  -1.4040449   0.47987407 -0.66155654
  0.22639246  0.6962669  -2.1054695   0.6673617 ]
[ 0.19389537 -0.036363    0.5970632   0.8096348   1.8698791   0.06909794
 -0.29621816 -0.35099357 -0.7095636  -1.3898896   0.37024307 -0.6005147
  0.22878607  0.64307195 -2.0662618   0.62769663]
[ 0.1755162  -0.01699548  0.5627761   0.6227334   2.0316062  -0.03626816
 -0.3760693  -0.34886044 -0.71394837 -1.5397476   0.5189976  -0.7013327
  0.30633882  0.5282909  -1.8589016   0.81225395]
[ 0.09541224 -0.04833949  0.63406247  0.6302484   2.0510294   0.06390058
 -0.4726653  -0.28283602 -0.59881    -1.4782841   0.37054056 -0.58870685
  0.34162694  0.45324916 -1.908651    0.7012785 ]
[ 0.13121393  0.00552835  0.5456805   0.6201095   2.159619    0.0279113
 -0.51605916 -0.360772   -0.62933934 -1.5377862   0.5323434  -0.66399276
  0.33014983  0.44235364 -1.9109968   0.78970945]
[ 0.11134458 -0.00241317  0.4950315   0.6104106   2.1870246   0.06689795
 -0.61268806 -0.30403334 -0.56920296 -1.4815637   0.4987599  -0.57679766
  0.3078712   0.38582817 -1.9073656   0.7564154 ]
[ 0.10317977  0.03796764  0.3987863   0.675579    2.2186706   0.013644
 -0.55587006 -0.3716061  -0.61743444 -1.4934114   0.62765694 -0.6509839
  0.2815687   0.5246119  -1.9947395   0.76757246]
[ 0.06646665  0.04828867  0.4344829   0.66991687  2.1713805   0.01761707
 -0.5543021  -0.33334503 -0.6071045  -1.50629     0.586352   -0.61212385
  0.30538622  0.53729457 -2.001283    0.74151105]
[ 1.5948583e-01 -1.8239021e-04  3.7963992e-01  7.3709172e-01
  2.1438501e+00 -2.7581209e-02 -4.2244563e-01 -4.4460517e-01
 -7.2480196e-01 -1.4886087e+00  6.6787493e-01 -7.5421709e-01
  3.3298641e-01  6.7039168e-01 -2.0049298e+00  7.3931730e-01]
[ 0.2745876  -0.07332169  0.41507086  0.7457956   2.0611389  -0.08759376
 -0.2718584  -0.45647755 -0.81793547 -1.4266117   0.6121713  -0.76827437
  0.32089362  0.74825925 -2.0447698   0.7306013 ]
[ 0.29589176 -0.08221406  0.54825956  0.7277752   1.9591439  -0.06099826
 -0.21545725 -0.45305696 -0.89188594 -1.4456459   0.53913915 -0.75170505
  0.33504337  0.7514576  -2.0210176   0.7255408 ]
[ 0.25268546 -0.07487443  0.657642    0.688551    1.899802    0.01987669
 -0.25449744 -0.40962586 -0.8705567  -1.4315186   0.4294076  -0.69877374
  0.36263612  0.6415664  -1.9301449   0.6775086 ]
[ 0.16629098 -0.11515217  0.6128248   0.6697186   1.988858    0.03035535
 -0.39155176 -0.34924445 -0.763357   -1.45987     0.40039116 -0.691427
  0.431556    0.51879656 -1.8198788   0.735063  ]
[ 0.18138528 -0.06755394  0.54357743  0.60308725  1.9738512  -0.05032036
 -0.34428027 -0.35451135 -0.8008782  -1.5076972   0.4816535  -0.7361416
  0.44085503  0.6105305  -1.784901    0.7771778 ]
[ 0.09685334  0.00503902  0.5855483   0.6198207   1.9665744   0.03163783
 -0.42768723 -0.2662132  -0.6907643  -1.4717299   0.34307057 -0.59399205
  0.36778662  0.56636494 -1.8695904   0.703123  ]
[ 6.6117913e-02  2.0203591e-04  5.7689112e-01  6.8305278e-01
  2.1001103e+00  9.0329014e-02 -5.5563831e-01 -2.7200070e-01
 -5.7814848e-01 -1.4608793e+00  3.5171276e-01 -5.3788871e-01
  3.0516943e-01  4.9250966e-01 -1.9556828e+00  6.5809381e-01]
[ 0.11980419  0.05574489  0.47041163  0.7960687   2.1429265   0.06051534
 -0.5005387  -0.39753854 -0.6219308  -1.4756286   0.5492377  -0.6063712
  0.1940588   0.5698057  -2.0847168   0.6910187 ]
[-0.01019106  0.11574904  0.5201668   0.6526243   2.1544266   0.09117144
 -0.61171556 -0.30088583 -0.5476641  -1.5133429   0.5523737  -0.5231622
  0.1977789   0.47877198 -2.0077205   0.715219  ]
[-0.00935295  0.09721181  0.49493033  0.6815447   2.1403244   0.06889867
 -0.59057415 -0.32317504 -0.59009427 -1.5256706   0.591606   -0.5630587
  0.23787495  0.5217048  -2.0015576   0.7327004 ]
[ 0.08861722 -0.00670421  0.467194    0.736154    2.1560752  -0.00896832
 -0.46493068 -0.42734736 -0.73461044 -1.518534    0.6324098  -0.7307337
  0.3385808   0.6134106  -1.9401203   0.76320887]
[ 0.15892728 -0.00287183  0.47426158  0.6214368   2.1221118  -0.09653214
 -0.36621362 -0.44426528 -0.8228079  -1.5600808   0.6725262  -0.7783968
  0.38905665  0.6229104  -1.8440307   0.81965464]
[ 0.12808749  0.03580512  0.5340491   0.59064615  2.0178058  -0.04640623
 -0.342151   -0.41940537 -0.8413143  -1.5751578   0.6030488  -0.72543335
  0.37696224  0.63433456 -1.8223594   0.81770337]
[ 0.04445996 -0.00963188  0.61520654  0.6309487   1.9993216   0.04520546
 -0.41436014 -0.33656806 -0.76320153 -1.5188013   0.39688355 -0.6383698
  0.40858668  0.5759245  -1.8215965   0.751863  ]
[ 0.11937187  0.01413047  0.51004964  0.67065495  2.0260792  -0.01862373
 -0.36423582 -0.42601958 -0.7856989  -1.5524998   0.53107023 -0.7422094
  0.38447893  0.6356068  -1.8516853   0.8175408 ]
[ 0.10813274  0.03132797  0.5285245   0.67249453  2.007033    0.03592732
 -0.39400178 -0.39029974 -0.7214508  -1.4889281   0.48546252 -0.6474161
  0.30317247  0.6281061  -1.9301147   0.7372078 ]
[-0.01236162 -0.01734796  0.6176434   0.6971992   1.9893234   0.17668644
 -0.533326   -0.24817201 -0.585562   -1.4181632   0.26773134 -0.47770348
  0.32706714  0.5573797  -2.0037282   0.6248772 ]
[ 0.00954604  0.01026023  0.5587762   0.76935637  2.0490742   0.15966812
 -0.56739175 -0.27722436 -0.5592232  -1.4303825   0.34085935 -0.49162635
  0.26635066  0.55379224 -2.0757718   0.6459149 ]
[ 0.05856836  0.02788346  0.4874626   0.78438866  2.1191647   0.08095516
 -0.49520224 -0.41379648 -0.6818173  -1.4876702   0.5294289  -0.63447106
  0.27857107  0.6099987  -2.012471    0.7124935 ]
[ 0.01611414  0.07193168  0.51870596  0.7147795   2.0717998   0.11793337
 -0.5379215  -0.321392   -0.60556525 -1.4755752   0.4674425  -0.55549985
  0.24891222  0.54140747 -2.013493    0.7043593 ]
[ 0.02896478  0.03141553  0.48802653  0.73997957  2.0624046   0.09153366
 -0.51213384 -0.3510198  -0.6547026  -1.4623458   0.49597016 -0.6023947
  0.32448697  0.6170045  -2.016354    0.6814697 ]
[ 0.14010033 -0.08792531  0.5015395   0.79494303  2.051303    0.02520445
 -0.39531958 -0.41366214 -0.767735   -1.4389489   0.4747613  -0.70938444
  0.40537563  0.67065346 -1.9635178   0.67406607]
[ 0.2624771  -0.11439987  0.542063    0.7735222   1.9861114  -0.00969419
 -0.28038925 -0.4233171  -0.8119434  -1.407376    0.42921266 -0.6979504
  0.3854488   0.71247447 -2.0056767   0.61864454]
[ 0.19722264 -0.05931503  0.6613264   0.69481534  1.900762    0.06351364
 -0.31873876 -0.3214796  -0.7482025  -1.4329749   0.3017437  -0.5792262
  0.35013658  0.6148304  -1.9430649   0.57809126]
[ 0.11737325 -0.07552753  0.6759662   0.6057421   2.0276768   0.07072704
 -0.4676079  -0.24579354 -0.6535548  -1.4934103   0.3466773  -0.5748026
  0.3378408   0.49801683 -1.8849503   0.677286  ]
[ 0.07900114 -0.00739813  0.58152795  0.70072204  2.038176    0.05185422
 -0.48567897 -0.27535596 -0.5846251  -1.4981709   0.43547517 -0.5705635
  0.28330022  0.47582245 -1.966486    0.70499486]
[ 0.10893486 -0.03074919  0.52136576  0.64289445  2.1066432  -0.02602658
 -0.46209377 -0.32869914 -0.6518888  -1.5260332   0.5238935  -0.65325385
  0.35668677  0.50916815 -1.9060585   0.7800684 ]
[ 0.0577581  -0.06214913  0.565997    0.6482619   2.097733    0.05148514
 -0.53881323 -0.23886475 -0.58906734 -1.4908711   0.3562532  -0.5346347
  0.3869329   0.4474743  -1.9125469   0.7193388 ]
[ 0.08677684 -0.04375503  0.4658625   0.74399126  2.1132808  -0.03309022
 -0.47473153 -0.33399388 -0.66947585 -1.5231225   0.5283942  -0.6407495
  0.33726442  0.58123386 -1.9749577   0.80239266]
[ 0.06598215 -0.00982337  0.47388774  0.751913    2.0699086   0.0355549
 -0.51436335 -0.29048175 -0.57057256 -1.4602547   0.45181245 -0.5350168
  0.23221736  0.53235614 -2.040094    0.7722339 ]
[ 0.13597785  0.00673843  0.404039    0.7967833   2.0528934  -0.02042597
 -0.39754823 -0.396461   -0.6616373  -1.4838367   0.575104   -0.6302612
  0.21965869  0.66144145 -2.0977485   0.8002327 ]
[ 0.02555077 -0.01859784  0.4677573   0.7753585   2.0707734   0.05599625
 -0.50311744 -0.30064043 -0.58221596 -1.4172878   0.43621635 -0.55813044
  0.29807904  0.5794044  -2.0698605   0.7036119 ]
[ 0.13323939 -0.09644496  0.45293307  0.85199374  2.0822144   0.02264101
 -0.41186196 -0.3952114  -0.68894833 -1.4089235   0.48043275 -0.6535334
  0.34525222  0.6753175  -2.1046302   0.67574   ]
[ 0.23516397 -0.0257541   0.4899289   0.8268763   1.939275    0.0121546
 -0.29456958 -0.41935644 -0.7607149  -1.4184599   0.4559787  -0.6259428
  0.26736498  0.7476575  -2.1256375   0.65662044]
[ 0.05976411 -0.01467099  0.5734855   0.7375795   1.9856539   0.08366759
 -0.45415378 -0.31574303 -0.6993326  -1.475612    0.3624664  -0.5663775
  0.3537702   0.60419    -1.968261    0.6971229 ]
[ 0.01217437  0.01378938  0.5285145   0.74139434  2.0265102   0.09694333
 -0.51416606 -0.28582713 -0.62021816 -1.4801655   0.41014752 -0.54609853
  0.29086256  0.52364504 -1.9722992   0.73969287]
[ 0.13313277 -0.07693869  0.53024447  0.8367813   1.9515766   0.05518886
 -0.35558563 -0.4262019  -0.7721817  -1.3969287   0.45160255 -0.68197984
  0.33581066  0.715645   -2.047921    0.7087824 ]
[ 0.18892486 -0.10774092  0.5858976   0.8619696   1.83195     0.07614659
 -0.2902597  -0.374839   -0.73118603 -1.2930715   0.29274037 -0.60226023
  0.30108616  0.7377515  -2.130599    0.61199415]
[ 0.16624789 -0.07269071  0.5775877   0.7000811   2.0299327   0.02880372
 -0.3754047  -0.42821264 -0.7895237  -1.4631875   0.43965882 -0.7200069
  0.42468643  0.641057   -1.8931406   0.69706184]
[ 0.15786068  0.0267934   0.6353368   0.7168889   1.8871788   0.10293503
 -0.3660634  -0.36350554 -0.7390303  -1.4629018   0.34206927 -0.57967365
  0.29691988  0.657015   -1.9801174   0.6303278 ]
[ 0.05603651  0.02543036  0.5751031   0.6664756   2.0580578   0.11348923
 -0.5385467  -0.30300385 -0.65239364 -1.5387043   0.41500622 -0.59375656
  0.30984014  0.5087735  -1.886281    0.75084186]
[ 0.06676927  0.03708393  0.46986467  0.7778466   2.0145485   0.08221091
 -0.49599546 -0.3177879  -0.5979889  -1.4724951   0.47756997 -0.5972542
  0.21960893  0.56622535 -2.0445352   0.78019774]
[ 0.1746843  -0.09505844  0.4769137   0.76777697  2.0393972   0.00223735
 -0.38678107 -0.3861696  -0.71887594 -1.4099214   0.48020935 -0.70514584
  0.31939086  0.6706481  -2.0464764   0.7810092 ]
[ 0.22283979 -0.13381353  0.50938815  0.8040239   1.9284865   0.00905761
 -0.28650087 -0.3330945  -0.6918272  -1.3257118   0.3357631  -0.6215099
  0.3052718   0.71554947 -2.1603913   0.68305063]
[ 0.25450206 -0.04798134  0.47104225  0.68291867  2.0446715  -0.09693197
 -0.35644764 -0.37489802 -0.72868216 -1.5109844   0.5798462  -0.7377342
  0.29263344  0.63659316 -2.0073586   0.86504096]
[ 0.19458619 -0.04140026  0.5496106   0.7039092   1.9960506  -0.00209235
 -0.41974607 -0.30397278 -0.6224892  -1.4827282   0.43975616 -0.61076725
  0.25809965  0.544309   -2.0061893   0.7673945 ]
[ 0.11987253  0.02483581  0.4393402   0.66970825  2.0981612  -0.04187589
 -0.4732082  -0.34433833 -0.6127648  -1.567326    0.60836184 -0.68113005
  0.26808968  0.54368526 -1.958245    0.87502706]
[ 0.07220855  0.01413336  0.45099014  0.6895713   2.0779533   0.01198724
 -0.53085953 -0.27237278 -0.5509071  -1.5199382   0.48110613 -0.595968
  0.28530914  0.5081321  -1.9950947   0.8420954 ]
[ 0.16888082 -0.0673515   0.3942495   0.8317785   2.0632272  -0.04202593
 -0.39255738 -0.39455765 -0.66845536 -1.4721006   0.57489944 -0.72964084
  0.29635304  0.68913925 -2.1094756   0.8222259 ]
[ 0.31710774 -0.0434036   0.38263682  0.7947341   2.0076942  -0.07425337
 -0.27569774 -0.4267961  -0.7138416  -1.4359686   0.60114825 -0.7218731
  0.16913699  0.7291468  -2.1662505   0.82084656]
[ 0.24631748 -0.00791379  0.45911756  0.7198478   2.005033   -0.0223342
 -0.35581905 -0.380462   -0.6763021  -1.4412168   0.5469599  -0.6390468
  0.19452648  0.6568985  -2.1294513   0.7873653 ]
[ 0.1295868   0.02433395  0.453362    0.730605    2.0579276   0.00575113
 -0.46378398 -0.3431136  -0.6223668  -1.46889     0.5332259  -0.61032164
  0.23928487  0.60846937 -2.0812855   0.77171683]
[ 0.156764   -0.03236355  0.39287218  0.7787652   2.109843   -0.02924304
 -0.43336448 -0.415698   -0.6850742  -1.4898223   0.6152352  -0.7306951
  0.32152885  0.66098154 -2.0454643   0.7901045 ]
[ 0.2684428  -0.02396969  0.39764088  0.75995463  2.0198414  -0.05820038
 -0.30670798 -0.43762678 -0.7572683  -1.4561856   0.5849038  -0.7335363
  0.28276905  0.7198836  -2.058537    0.762823  ]
[ 0.22517994 -0.02341602  0.45279923  0.696382    2.0288622  -0.06611629
 -0.35478365 -0.41132036 -0.7815205  -1.4805324   0.5697251  -0.73271835
  0.32739317  0.7155134  -1.9935452   0.79326904]
[ 0.12688887 -0.07561566  0.5604425   0.7359841   2.0037384   0.0676235
 -0.45374513 -0.29691228 -0.6934024  -1.4122429   0.3516324  -0.57425845
  0.33547744  0.61429757 -1.9995906   0.67158616]
[ 0.2295764  -0.10924593  0.49057126  0.81027806  2.0386765   0.00549278
 -0.39211267 -0.38066334 -0.72229886 -1.4062561   0.47268087 -0.67894185
  0.296413    0.63946795 -2.0628934   0.7310925 ]
[ 0.22760963 -0.11664679  0.51481885  0.79048175  1.9127823   0.01877946
 -0.2956999  -0.34047973 -0.7145647  -1.3138285   0.3574922  -0.6232309
  0.32061264  0.7063871  -2.108637    0.62314814]
[ 0.25131717 -0.048726    0.49635115  0.60274893  2.0495715  -0.09425405
 -0.33846217 -0.377984   -0.78889203 -1.4878184   0.5702518  -0.7528043
  0.3973371   0.6529465  -1.9285698   0.7605089 ]
[ 0.15540192 -0.11826098  0.62436354  0.6038688   2.0596569   0.01689352
 -0.42316747 -0.27927807 -0.73573893 -1.424866    0.3487194  -0.61724865
  0.45746726  0.5595561  -1.8876051   0.620224  ]
[ 0.18231194 -0.07362756  0.52454203  0.69615227  2.0877366  -0.0453449
 -0.41247797 -0.36680704 -0.7649242  -1.5080267   0.53535616 -0.72065336
  0.39908242  0.61390954 -1.9276148   0.7430945 ]
[ 0.21988651 -0.08109502  0.5788373   0.68657726  2.0113955   0.00660396
 -0.39003268 -0.32948086 -0.71567345 -1.4348848   0.42752418 -0.6196106
  0.29981053  0.57097805 -1.9728502   0.7036598 ]
[ 0.1129014  -0.05204258  0.51616764  0.6606686   2.0760689  -0.02232252
 -0.45877758 -0.34543604 -0.7136959  -1.5268145   0.54104036 -0.66673166
  0.35450506  0.5560509  -1.8876417   0.821396  ]
[ 0.0562979  -0.1109378   0.5646129   0.7261549   2.0118918   0.03634275
 -0.47593656 -0.29646388 -0.6929727  -1.4432265   0.38203186 -0.5838102
  0.43599796  0.5831406  -1.9473127   0.7159459 ]
[ 0.14828323 -0.14671442  0.5235015   0.8006396   2.0226302  -0.01279038
 -0.39234504 -0.39798418 -0.80210984 -1.4875686   0.4484784  -0.7050875
  0.4746108   0.67751616 -1.9365536   0.7480974 ]
[ 0.18417192 -0.09007969  0.5118534   0.73370457  1.9389827  -0.06103427
 -0.34877676 -0.36621195 -0.8096303  -1.4975424   0.4508989  -0.6767663
  0.4240356   0.70254564 -1.9034374   0.7721262 ]
[ 0.05780219 -0.08798024  0.5913108   0.6726947   1.9736351   0.05224438
 -0.50046015 -0.20157745 -0.68999636 -1.4472766   0.24062124 -0.5097122
  0.37718803  0.5944022  -1.8664526   0.70938987]
[-0.06505856 -0.05221589  0.47904038  0.78747237  2.0177174   0.06988969
 -0.5161422  -0.21486035 -0.5964306  -1.4437577   0.3241042  -0.48649722
  0.33151248  0.62949    -2.0154057   0.7157756 ]
[ 0.07007965 -0.08694901  0.44399387  0.930669    1.9819702   0.01762728
 -0.4065577  -0.33562684 -0.67406684 -1.3977098   0.3833252  -0.5894389
  0.2944914   0.7418306  -2.137837    0.7275082 ]
[ 0.10754025 -0.14729753  0.50978786  0.9865316   1.8455594   0.07613881
 -0.3218283  -0.2777289  -0.6278147  -1.3060313   0.19640669 -0.50800407
  0.26795825  0.7735583  -2.2468996   0.6321095 ]
[ 0.09771944 -0.01487075  0.48202428  0.83408606  1.9759716   0.01149762
 -0.37121978 -0.35642767 -0.6789366  -1.4662971   0.4231817  -0.5897881
  0.25821224  0.6870305  -2.0545242   0.7268833 ]
[ 0.03838948 -0.04985575  0.5941782   0.7729496   1.8887167   0.14118476
 -0.48885673 -0.15832344 -0.49904117 -1.3643827   0.1931396  -0.3985351
  0.18232484  0.6178757  -2.1518874   0.6436334 ]
[-0.01474423  0.00944232  0.55405945  0.7985264   1.9480133   0.1375753
 -0.54759055 -0.17897573 -0.45489097 -1.4467571   0.30087665 -0.4236494
  0.17827263  0.56351393 -2.1368668   0.67562515]
[ 0.07886158 -0.05391129  0.5389481   0.83319455  2.0143776   0.04745571
 -0.48277277 -0.27438778 -0.5632374  -1.4516475   0.37101203 -0.54770356
  0.21724868  0.59397525 -2.1023586   0.7447351 ]
[ 0.03636914 -0.02601073  0.55972105  0.73969924  2.0377612   0.10270993
 -0.5618018  -0.21710782 -0.48625106 -1.4339961   0.33717352 -0.45900697
  0.2139651   0.5161049  -2.0987716   0.7021233 ]
[ 0.0356843   0.00496131  0.47576618  0.8025936   2.0656133   0.06797619
 -0.5409471  -0.27597964 -0.54815716 -1.4925685   0.42653567 -0.52230006
  0.24913435  0.57502186 -2.10531     0.74643266]
[ 0.04479605 -0.03248701  0.51553226  0.75023437  2.0648828   0.07661334
 -0.6002227  -0.16546288 -0.4746539  -1.462831    0.34190744 -0.4467187
  0.22676298  0.48202986 -2.07889     0.7224843 ]
[ 0.07371037 -0.07034596  0.45076448  0.84315234  2.1034172   0.02636794
 -0.53376186 -0.29314235 -0.57264155 -1.4621801   0.45245418 -0.56881917
  0.25703138  0.5745071  -2.0825777   0.7662481 ]
[ 0.11138449 -0.07709327  0.41818318  0.8371626   2.074661   -0.00567853
 -0.45580572 -0.3133382  -0.6216043  -1.4267272   0.4463683  -0.5669639
  0.2755952   0.6474755  -2.1257467   0.7455803 ]
[ 0.02956414 -0.11301915  0.4793106   0.81230754  2.0475698   0.05605138
 -0.534844   -0.1831694  -0.54916    -1.3897324   0.2886514  -0.47203594
  0.3265116   0.59245867 -2.108415    0.68017   ]
[ 0.16381322 -0.18783447  0.4666562   0.92353326  2.045743    0.01157043
 -0.4371682  -0.29936212 -0.6410943  -1.375271    0.3720004  -0.60253465
  0.30942765  0.64962566 -2.1396394   0.7011167 ]
[ 0.27799705 -0.16943133  0.45418668  0.86720306  1.9589806  -0.0421727
 -0.31068048 -0.32077464 -0.6760132  -1.3426173   0.39126667 -0.58901626
  0.22067563  0.69194746 -2.1725278   0.7219414 ]
[ 0.08153836 -0.07147641  0.52069277  0.7692754   1.9470478   0.00883157
 -0.42079696 -0.24684374 -0.6384749  -1.4288738   0.3525931  -0.5255715
  0.29321653  0.6349195  -2.0477324   0.7350841 ]
[-0.00889874 -0.1069202   0.5555046   0.746784    2.0436797   0.04503223
 -0.55802864 -0.18978783 -0.5993901  -1.4696038   0.28789818 -0.4839328
  0.3889437   0.5175938  -1.9575367   0.7535041 ]
[ 0.10261341 -0.1835607   0.4961694   0.9085223   2.0503109  -0.01319485
 -0.44500327 -0.3256774  -0.67594707 -1.408255    0.3784882  -0.61466897
  0.37795496  0.6486723  -2.0750723   0.7405288 ]
[ 0.21312332 -0.14250663  0.46352854  0.8519537   1.9580387  -0.07086541
 -0.34989676 -0.32323074 -0.70177877 -1.4164076   0.39600936 -0.594174
  0.30335605  0.6885248  -2.0741117   0.7620195 ]
[ 0.07561877 -0.09088324  0.5467493   0.7695681   1.9169028   0.05760419
 -0.4591295  -0.17887057 -0.58464634 -1.3938639   0.21675596 -0.45112878
  0.25705606  0.6283291  -2.0518985   0.70635766]
[-0.01878744 -0.03803799  0.486132    0.79572976  1.9964806   0.04118996
 -0.5336808  -0.15760216 -0.4940198  -1.4610695   0.30945992 -0.45837364
  0.20904021  0.55063075 -2.0382874   0.77839345]
[ 0.10636027 -0.10170567  0.43084556  0.91797066  2.0200129  -0.00855172
 -0.4265216  -0.3010458  -0.5628755  -1.414526    0.4057873  -0.582692
  0.19142994  0.6480917  -2.1776564   0.8206437 ]
[ 0.2089921  -0.08332209  0.405351    0.90343344  1.989446   -0.01585683
 -0.34112543 -0.33462802 -0.59305656 -1.3588579   0.41190004 -0.5599362
  0.1407679   0.7115535  -2.2765625   0.75505185]
[ 0.09309184 -0.05311161  0.5118338   0.7872566   2.0369449   0.07055148
 -0.54918176 -0.2126317  -0.48914233 -1.4064404   0.32269296 -0.47549805
  0.18946572  0.550113   -2.1825278   0.77121365]
[ 0.05590358 -0.0030447   0.45745486  0.78915393  2.082557    0.07761792
 -0.6110927  -0.21226695 -0.4623653  -1.4426601   0.41077605 -0.46259013
  0.14813909  0.5085391  -2.1464534   0.7755392 ]
[ 0.06414102 -0.03492246  0.3934229   0.809333    2.1541438  -0.00318125
 -0.5575299  -0.2921359  -0.56051797 -1.462171    0.5180644  -0.5680655
  0.22699916  0.5757648  -2.1029923   0.8051691 ]
[ 0.03282438 -0.0109868   0.40866026  0.77595675  2.1021724   0.00581598
 -0.56770635 -0.22754917 -0.5214718  -1.4567585   0.45110798 -0.51723415
  0.25565752  0.56589454 -2.1184282   0.78778094]
[ 0.09218965 -0.09497679  0.35973972  0.8949688   2.0960402  -0.03259258
 -0.44020852 -0.33841127 -0.6358727  -1.4175498   0.49298373 -0.63967234
  0.32485905  0.7024346  -2.133697    0.73276144]
[ 0.28552637 -0.18097231  0.39272147  0.932114    1.9780357  -0.06695704
 -0.2569108  -0.35888034 -0.7172855  -1.3261247   0.39921498 -0.63463056
  0.26899984  0.7728798  -2.2144356   0.68721086]
[ 0.26026958 -0.14043245  0.46697727  0.86787856  1.9889952  -0.03768577
 -0.29350868 -0.35998315 -0.71314275 -1.3505499   0.40471226 -0.60434306
  0.25164467  0.7294754  -2.1789505   0.6683191 ]
[ 0.06155613 -0.04427523  0.59548223  0.75912637  1.9664112   0.08481409
 -0.47057495 -0.23300676 -0.60824955 -1.4107888   0.3102045  -0.48114824
  0.26113933  0.5834718  -2.056764    0.6432818 ]
[-0.00343507 -0.07133851  0.5888335   0.69972646  2.0432973   0.05914338
 -0.57638043 -0.2062846  -0.58890855 -1.497747    0.3634196  -0.50004375
  0.37372035  0.5016705  -1.9400346   0.71681297]
[ 0.05582606 -0.09807871  0.5257308   0.81598645  2.03671    -0.00435189
 -0.45733872 -0.31556025 -0.7101192  -1.503389    0.41846284 -0.6271781
  0.39965695  0.62134176 -1.9532528   0.7596199 ]
[ 0.10255265 -0.09302362  0.5464886   0.7726861   1.9565465  -0.04871884
 -0.38724563 -0.2957872  -0.72609913 -1.5171471   0.4051455  -0.6067173
  0.37051862  0.66564804 -1.9697508   0.78946096]
[-0.01131473 -0.11173941  0.63285625  0.74454165  1.9559994   0.10156526
 -0.53876334 -0.16368963 -0.5815589  -1.4447578   0.18453498 -0.45453483
  0.3385764   0.56059617 -1.9412724   0.693052  ]
[ 0.05361964 -0.08124141  0.5608905   0.85625327  1.9345716   0.04370515
 -0.46148363 -0.26954567 -0.62656766 -1.4604957   0.33104283 -0.53353983
  0.25324255  0.6700478  -2.0985374   0.7925394 ]
[ 0.00834419 -0.02786678  0.57984227  0.8018201   1.9226773   0.11003037
 -0.5467502  -0.19354239 -0.5198895  -1.4430478   0.24443129 -0.42941937
  0.20493767  0.56395787 -2.0721798   0.7626301 ]
[ 0.02651715 -0.03417721  0.51043594  0.8449644   1.9868364   0.07446845
 -0.51121175 -0.28388363 -0.604857   -1.4546826   0.3359893  -0.51698273
  0.2500245   0.6400186  -2.0978513   0.80095786]
[-0.05492558 -0.02359468  0.46399957  0.8240768   2.0360901   0.13633154
 -0.629828   -0.17495416 -0.49627075 -1.4077775   0.25250846 -0.4158075
  0.27784055  0.54691184 -2.092956    0.72461015]
[ 0.04880933 -0.10513886  0.42484784  0.9435917   2.0743191   0.10479369
 -0.5220264  -0.30441976 -0.6278328  -1.329527    0.31634262 -0.5376341
  0.30476886  0.711631   -2.1937397   0.65297085]
[ 0.04377263 -0.07939004  0.44238895  0.9730259   1.9261825   0.15718465
 -0.4727396  -0.22846162 -0.584      -1.2684529   0.20734116 -0.44359922
  0.22895737  0.776255   -2.2870464   0.56817704]
[ 0.05069054 -0.09426557  0.47861776  0.88753617  2.0488136   0.07429129
 -0.50631684 -0.29982722 -0.6819027  -1.405059    0.36993462 -0.57140654
  0.32459512  0.69752264 -2.0869694   0.67552924]
[ 0.06200088 -0.09715193  0.5051025   0.9028571   1.9044428   0.11122733
 -0.42143422 -0.24912629 -0.62257147 -1.2936062   0.26473728 -0.47905406
  0.21599552  0.7234455  -2.1922655   0.6251092 ]
[ 0.13395795 -0.20533928  0.57960814  0.8679946   1.9787695   0.05949119
 -0.40721264 -0.34339324 -0.73651767 -1.3223646   0.33701974 -0.6149408
  0.3649596   0.65745956 -2.057507    0.6662277 ]
[ 0.20453759 -0.25194478  0.65367186  0.8757369   1.8165722   0.10691594
 -0.31895718 -0.30894518 -0.72616374 -1.196533    0.14620042 -0.54288125
  0.3839209   0.6968927  -2.1328478   0.5485925 ]
[ 0.250616   -0.21147251  0.6543039   0.6958129   1.9596288   0.00962015
 -0.33098614 -0.39762375 -0.8539877  -1.3703047   0.33065313 -0.67643994
  0.51804054  0.632133   -1.877039    0.6253042 ]
[ 0.13570097 -0.21726215  0.75738     0.62826914  1.8908398   0.17633693
 -0.47437483 -0.218756   -0.7628271  -1.3342947   0.0490019  -0.4961399
  0.55606747  0.51255107 -1.7559316   0.51226485]
[ 0.03743938 -0.07850499  0.6291876   0.6712111   1.9821069   0.10708501
 -0.51452196 -0.23911032 -0.7433141  -1.4896886   0.24653272 -0.5318332
  0.47778216  0.5589466  -1.7697653   0.61989945]
[-0.0508652  -0.07988979  0.55365986  0.73913705  2.0564945   0.13979831
 -0.55867547 -0.25486097 -0.6912857  -1.4472233   0.31387275 -0.5117094
  0.4346841   0.52998143 -1.8416264   0.630797  ]
[ 0.10370906 -0.18415156  0.5611752   0.8911973   2.024329    0.06907657
 -0.44809514 -0.34375754 -0.751115   -1.3732859   0.3450173  -0.6100534
  0.3816153   0.6584545  -2.0572896   0.6928794 ]
[ 0.10832179 -0.16015115  0.63520694  0.9405524   1.8107907   0.12624237
 -0.3409484  -0.32568398 -0.78196126 -1.3123515   0.20464282 -0.5407184
  0.3716338   0.73578614 -2.1171777   0.60303384]
[ 0.17150357 -0.10598533  0.60424346  0.75021046  1.9258131   0.00691115
 -0.35357028 -0.38538122 -0.84365237 -1.46444     0.40851435 -0.68562055
  0.40383464  0.6283859  -1.8792315   0.7825753 ]
[ 0.0878305  -0.15158196  0.67074305  0.7117373   1.8458229   0.10714617
 -0.38212907 -0.27147081 -0.7393943  -1.3472787   0.17892031 -0.5527956
  0.43934664  0.6241616  -1.9061826   0.6464137 ]
[ 0.0804657  -0.02658991  0.5603105   0.70600617  1.9248755   0.03228248
 -0.3984668  -0.31662902 -0.76729274 -1.4898593   0.35068524 -0.63496226
  0.41142568  0.6391277  -1.8649613   0.7606443 ]
[ 0.02362579 -0.06725545  0.65301454  0.7071141   1.9631932   0.17661765
 -0.5646181  -0.2212822  -0.60443515 -1.4119469   0.1886811  -0.48136505
  0.31956998  0.5370498  -1.9239733   0.6703431 ]
[ 0.09883441  0.01319227  0.5143217   0.8773198   2.0065355   0.12558825
 -0.5264265  -0.3573084  -0.6139073  -1.4059381   0.38005275 -0.53361493
  0.15710111  0.59867895 -2.0902793   0.72084486]
[ 0.03320409  0.10064802  0.494644    0.8466922   1.969011    0.17352068
 -0.54659045 -0.29771188 -0.5470454  -1.3638384   0.34233984 -0.42539883
  0.06050753  0.6313485  -2.1834464   0.67680204]
[-0.06234912  0.13274972  0.48232627  0.7066635   2.1875958   0.16993643
 -0.7475565  -0.25367004 -0.49941516 -1.5007159   0.5003806  -0.46475953
  0.19609895  0.3898014  -1.9678459   0.69594604]
[ 0.07580005  0.00411826  0.46994257  0.82692015  2.196267    0.09240963
 -0.6008898  -0.37937027 -0.6529626  -1.423118    0.5498484  -0.61716044
  0.266533    0.56711495 -2.0734706   0.65857327]
[ 0.11169356 -0.03909303  0.50254285  0.72650945  2.212954    0.07556792
 -0.51676667 -0.42756733 -0.7581367  -1.4196045   0.5465338  -0.68899864
  0.36302117  0.6084161  -1.9428831   0.6054211 ]
[ 1.9094452e-01 -3.8509668e-04  5.0341606e-01  5.2802485e-01
  2.2305813e+00 -2.3089323e-02 -4.7210637e-01 -4.2881125e-01
 -8.1037635e-01 -1.4782665e+00  6.6221011e-01 -7.1772069e-01
  3.8559642e-01  5.1660174e-01 -1.8136009e+00  6.8874133e-01]
[ 0.08813645 -0.04268711  0.59198487  0.54941237  2.219996    0.07565882
 -0.54198897 -0.35696915 -0.77932894 -1.4557145   0.5072694  -0.6361884
  0.44069237  0.4582712  -1.7680147   0.6094467 ]
[ 0.14816043 -0.04462051  0.5439999   0.6133439   2.2053924   0.01150361
 -0.45487952 -0.4641734  -0.8783264  -1.5080453   0.620861   -0.7861463
  0.48680812  0.55704397 -1.7546911   0.66491044]
[ 0.21851191 -0.07395707  0.5668133   0.5338016   2.1522923  -0.05265734
 -0.37498912 -0.45803156 -0.9283651  -1.507796    0.61074585 -0.8221326
  0.4986778   0.54375285 -1.6815544   0.7383555 ]
[ 0.20968023 -0.12187912  0.63518167  0.50984114  2.0901222  -0.02050064
 -0.32294115 -0.45950252 -0.971935   -1.4828837   0.5127585  -0.8331081
  0.57938087  0.56250495 -1.6349338   0.7109373 ]
[ 0.1505448  -0.12852359  0.71479446  0.43367606  2.1015282   0.01566024
 -0.38814253 -0.42441702 -0.97553617 -1.4417126   0.4295442  -0.8274676
  0.6181742   0.5454508  -1.5620477   0.70207584]
[ 0.20603816 -0.19980697  0.69506377  0.47095832  2.1168847   0.03595208
 -0.4465731  -0.3986911  -0.9148878  -1.3860848   0.36495727 -0.76774895
  0.6466716   0.497785   -1.6067221   0.64770186]
[ 0.2220778  -0.19637135  0.69445145  0.6077599   1.982732    0.08590849
 -0.40310383 -0.31960958 -0.8576145  -1.3427162   0.22248968 -0.6342759
  0.6018689   0.50009805 -1.7283474   0.52288085]
[ 0.14406076 -0.07837369  0.6862526   0.54847944  2.0396066   0.04912872
 -0.45544204 -0.2634457  -0.7904302  -1.4755833   0.31743515 -0.6315087
  0.4698418   0.5063315  -1.711331    0.60728836]
[ 0.06816896 -0.04123487  0.6450526   0.57605535  2.1074524   0.06470303
 -0.51850003 -0.2735044  -0.69116354 -1.488443    0.4278016  -0.619328
  0.3761802   0.44251505 -1.7715181   0.6578845 ]
[ 0.16810122 -0.07901709  0.59501374  0.68091995  2.1229997   0.03047306
 -0.41648754 -0.400978   -0.75749815 -1.4304037   0.5149527  -0.701702
  0.36044875  0.5379986  -1.9273182   0.6617616 ]
[ 0.17962673 -0.13476077  0.6757601   0.630324    2.0740652   0.06611519
 -0.40252337 -0.35443798 -0.7699335  -1.4254707   0.40054768 -0.6633586
  0.46486917  0.4803156  -1.8721415   0.6083314 ]
[ 0.16091335 -0.09064822  0.6142436   0.5810443   2.155409    0.01001867
 -0.45839944 -0.40734297 -0.8151453  -1.5175452   0.53232235 -0.7575988
  0.49308318  0.48622623 -1.7290741   0.70464545]
[ 0.1386238  -0.06806764  0.5898845   0.5823149   2.1050146   0.04644193
 -0.47606462 -0.3534026  -0.7724719  -1.4913521   0.44849735 -0.66517866
  0.44672933  0.46839318 -1.7299445   0.6944475 ]
[ 6.49422258e-02  1.09933615e-02  5.15865445e-01  5.32264829e-01
  2.14645433e+00 -1.11292303e-03 -5.18983483e-01 -3.36594760e-01
 -7.60564446e-01 -1.55346739e+00  5.64955771e-01 -6.94159627e-01
  4.09123421e-01  5.15670240e-01 -1.73864210e+00  8.10981572e-01]
[ 0.0788489  -0.04683167  0.54510653  0.665167    2.1140878   0.05450839
 -0.51401263 -0.32439598 -0.739324   -1.4709337   0.450262   -0.63195264
  0.4071781   0.53360355 -1.8703285   0.7126018 ]
[ 0.15948066 -0.12891945  0.5173114   0.757413    2.1225739   0.0204388
 -0.45923716 -0.393344   -0.76004565 -1.4263562   0.48138896 -0.7084776
  0.4394576   0.61039156 -1.9380671   0.6663694 ]
[ 0.24482732 -0.11589692  0.5463087   0.7288752   2.0097668  -0.01674516
 -0.35031554 -0.38923872 -0.82574415 -1.4395365   0.44149107 -0.6919266
  0.41529235  0.6560828  -1.9183248   0.66612965]
[ 0.1630924  -0.10622649  0.62772685  0.6357797   2.018636    0.04036913
 -0.43612948 -0.23374069 -0.70973057 -1.4437891   0.29107082 -0.576464
  0.3783485   0.51358044 -1.8668165   0.6672787 ]
[ 0.05745484 -0.08004268  0.6110258   0.6198492   2.1089401   0.04108445
 -0.53692186 -0.23330578 -0.6487352  -1.4697893   0.382621   -0.5820765
  0.37830663  0.459795   -1.8329754   0.6876793 ]
[ 0.15133844 -0.11012032  0.5499877   0.7650495   2.0872376  -0.01073494
 -0.44642568 -0.33764037 -0.6998504  -1.460097    0.46508393 -0.6633952
  0.35742086  0.5710592  -1.98731     0.730091  ]
[ 0.10142408 -0.08243338  0.6077982   0.69524324  2.0433788   0.03177682
 -0.45335165 -0.3008851  -0.71356887 -1.4858592   0.3755409  -0.6226675
  0.4301516   0.5340505  -1.8965979   0.6986053 ]
[ 0.10583333 -0.00639086  0.5357126   0.67846084  2.094959   -0.01179194
 -0.48149705 -0.33060136 -0.7087277  -1.5489763   0.4955327  -0.6671661
  0.34688514  0.5140917  -1.8573005   0.80838025]
[ 0.06545813 -0.03932922  0.5545181   0.6415995   2.134016    0.05643488
 -0.5725202  -0.25578234 -0.59665906 -1.4744655   0.40043616 -0.5581671
  0.30651325  0.4348569  -1.8769585   0.7459117 ]
[ 5.9122354e-02  3.9243713e-02  4.6571475e-01  7.6037800e-01
  2.1001546e+00  1.8095523e-03 -4.8117906e-01 -3.6424276e-01
 -6.6817039e-01 -1.5244756e+00  5.5670393e-01 -6.3087153e-01
  2.7918252e-01  6.0922277e-01 -2.0015385e+00  7.6402247e-01]
[ 0.02901788  0.03293129  0.5460903   0.69436693  2.1170793   0.04432551
 -0.53406286 -0.3108159  -0.63853645 -1.4968113   0.4580172  -0.5568405
  0.3037349   0.5227231  -1.9831417   0.73642826]
[ 0.05849079  0.03285427  0.4749461   0.7509222   2.17139     0.02103803
 -0.4937428  -0.4176166  -0.70255315 -1.5360432   0.5722739  -0.671218
  0.33861953  0.57739675 -1.9613178   0.7494818 ]
[ 0.08382835  0.08895506  0.46071282  0.69389     2.1101892  -0.03971132
 -0.4254609  -0.4202939  -0.74158525 -1.5655098   0.6403438  -0.66864514
  0.27907798  0.64952964 -1.9629662   0.7833945 ]
[-0.05776435  0.04883148  0.5701346   0.68568873  2.107163    0.10088754
 -0.553028   -0.28941423 -0.62620145 -1.522043    0.45621228 -0.53416985
  0.29419547  0.51916385 -1.928693    0.6923301 ]
[ 0.03760514  0.06104917  0.5129973   0.7364222   2.0922122   0.05228325
 -0.47828388 -0.38166755 -0.6640401  -1.5365927   0.54943883 -0.64279854
  0.26499265  0.5627678  -1.9586852   0.75742066]
[ 0.07381125  0.03848134  0.49816686  0.7454356   2.0788832   0.03775344
 -0.40299004 -0.4225563  -0.7103063  -1.5206891   0.5399615  -0.68074274
  0.29789406  0.5975882  -1.9280571   0.7221373 ]
[ 0.03404793  0.04414393  0.54105353  0.6872996   2.1097293   0.0528725
 -0.4441204  -0.3898356  -0.6807877  -1.5363667   0.52771014 -0.6569425
  0.32343414  0.551218   -1.9023495   0.7027899 ]
[ 0.0412972   0.0286236   0.6030372   0.70844424  2.0444543   0.12882611
 -0.47303566 -0.3305467  -0.62910634 -1.4726156   0.39245796 -0.5656224
  0.28874874  0.55209494 -2.0048702   0.6496835 ]
[ 0.04918831  0.0397097   0.54975384  0.72677535  2.0645874   0.13327546
 -0.52850175 -0.3135253  -0.5769921  -1.4762793   0.40511975 -0.54484266
  0.2602493   0.5194037  -2.0137208   0.6691035 ]
[ 0.06896615  0.04160014  0.46866956  0.6922451   2.1527042   0.03792905
 -0.48755804 -0.37066022 -0.6358517  -1.5072817   0.5585351  -0.6290473
  0.25700858  0.55191505 -1.9631577   0.72867554]
[ 0.01959806  0.04330678  0.5342543   0.67019     2.101284    0.07931261
 -0.52868974 -0.2724068  -0.55284107 -1.4920225   0.46859092 -0.52557695
  0.24303618  0.5052158  -2.0201664   0.6894369 ]
[ 0.05746018  0.03421877  0.49437863  0.71645206  2.1098552   0.03631663
 -0.50606793 -0.2897393  -0.5606927  -1.4941843   0.51512754 -0.5805226
  0.23671456  0.53171855 -2.053781    0.71566826]
[ 0.13937728 -0.02243502  0.49248344  0.7203652   2.1245713  -0.02104905
 -0.42170125 -0.37890467 -0.6637269  -1.5070999   0.5541584  -0.70080084
  0.3118235   0.56896687 -1.9765503   0.7442851 ]
[ 0.19570377  0.03647711  0.4948581   0.63515574  2.0833488  -0.0495724
 -0.37594706 -0.3807544  -0.67998886 -1.5244286   0.596763   -0.6603096
  0.27910334  0.5757137  -1.9856644   0.72241795]
[ 0.01514195  0.01581685  0.5369351   0.6285904   2.1248174   0.0611059
 -0.5138997  -0.26435894 -0.5904748  -1.4858271   0.4361341  -0.54926205
  0.37200278  0.48782045 -1.9447327   0.6318549 ]
[ 0.05479868 -0.04176624  0.53298724  0.7137683   2.1401696   0.05755395
 -0.5287197  -0.28001755 -0.61217177 -1.4781419   0.43625775 -0.56448025
  0.36556274  0.50063014 -1.9838839   0.6483141 ]
[ 0.15035401 -0.01504884  0.49684662  0.7826603   2.1018567   0.02077162
 -0.4198513  -0.3806373  -0.6882054  -1.4870467   0.5260291  -0.6506272
  0.27818123  0.60323364 -2.0275662   0.67037433]
[ 0.16807988  0.05544587  0.5171093   0.69652     1.9908968   0.00318761
 -0.34755042 -0.35907182 -0.6736309  -1.4679233   0.52678883 -0.59220934
  0.22629252  0.6123264  -2.03503     0.639326  ]
[ 0.03288665 -0.01807093  0.54646593  0.6620056   2.0801578   0.04537528
 -0.49282828 -0.25149673 -0.5909437  -1.4937313   0.44404745 -0.55702084
  0.33829495  0.4777859  -1.9392895   0.6782664 ]
[ 1.5618794e-01 -8.4454790e-02  5.3540093e-01  7.6888573e-01
  2.0586581e+00  5.2325428e-04 -3.5753360e-01 -3.6718038e-01
 -7.1305209e-01 -1.4516212e+00  4.5819420e-01 -6.7768210e-01
  3.5195339e-01  6.1211032e-01 -1.9843851e+00  6.5455437e-01]
[ 0.28718516 -0.053798    0.59648675  0.6747497   2.016591   -0.0162842
 -0.32970375 -0.3625421  -0.68338203 -1.4542315   0.43859178 -0.64702696
  0.27356744  0.52797914 -1.9856011   0.67897546]
[ 0.20553803  0.01385408  0.623418    0.623863    2.0130126   0.08111091
 -0.4342638  -0.29145494 -0.5890424  -1.451376    0.37730664 -0.5475492
  0.21631913  0.43522397 -1.974219    0.66080534]
[ 0.06872158  0.10322261  0.56152034  0.5715258   2.1237082   0.07371917
 -0.55223644 -0.25725648 -0.53480476 -1.5239462   0.48363644 -0.52277726
  0.2526077   0.38288397 -1.9211292   0.6538857 ]
[ 0.10204379  0.05420319  0.5425944   0.62899166  2.149151    0.04701005
 -0.56610626 -0.2652828  -0.5541746  -1.4982537   0.4873039  -0.5481891
  0.26445308  0.41812593 -1.9903014   0.6915394 ]
[ 1.4598259e-01  1.2126818e-02  4.9792033e-01  7.0402813e-01
  2.1812313e+00 -5.4978731e-04 -4.9722511e-01 -3.5900617e-01
 -6.5506828e-01 -1.5458997e+00  5.9374762e-01 -6.7843342e-01
  2.8579628e-01  5.1052713e-01 -1.9646671e+00  7.3285186e-01]
[ 0.19465944  0.05701929  0.47402453  0.6207775   2.1429298  -0.07339872
 -0.43926764 -0.36568648 -0.6778389  -1.559917    0.6779362  -0.68496925
  0.21961263  0.52094597 -1.9416409   0.7999519 ]
[ 0.0370458   0.0043893   0.56241894  0.6152488   2.1668417   0.02682171
 -0.5485858  -0.28370705 -0.60905296 -1.5287075   0.5328557  -0.5925406
  0.28777117  0.45352298 -1.9082161   0.7473022 ]
[ 0.04123664 -0.00906769  0.513955    0.67628926  2.2004604  -0.006323
 -0.4959824  -0.4075521  -0.72818017 -1.5691912   0.64540887 -0.71710485
  0.39966637  0.5463926  -1.8979979   0.77083814]
[ 0.08195718 -0.03640971  0.5112222   0.6229127   2.1951191  -0.04592545
 -0.47600883 -0.42225188 -0.7714184  -1.592784    0.65833414 -0.7691831
  0.43931407  0.52417314 -1.7989368   0.8456429 ]
[ 0.11280964 -0.0033834   0.4687609   0.64016527  2.1008687  -0.05985013
 -0.42814913 -0.41616997 -0.77667177 -1.611323    0.6532143  -0.75590485
  0.3907172   0.5889884  -1.7957245   0.85929555]
[ 0.02100827  0.0604923   0.4463508   0.66446644  2.030007   -0.0267805
 -0.43103647 -0.37992454 -0.7362665  -1.5878718   0.6051738  -0.68434227
  0.35750335  0.62617004 -1.8179563   0.8211962 ]
[-0.01321574  0.05330471  0.49457183  0.6742797   2.0455856   0.0342116
 -0.4994031  -0.32302633 -0.65953386 -1.5474676   0.5099779  -0.6122371
  0.32033697  0.5765075  -1.8884083   0.8020619 ]
[ 0.0849242  -0.01195626  0.4468688   0.86619824  1.9978392   0.03450037
 -0.3770566  -0.43075085 -0.69915694 -1.4843631   0.5120241  -0.6651737
  0.2980438   0.7196291  -2.060207    0.7321931 ]
[ 0.22126608  0.01222948  0.49540034  0.81427747  1.932009    0.02556594
 -0.29638457 -0.4431104  -0.71375453 -1.4494479   0.48672056 -0.62479866
  0.1718176   0.7238947  -2.1112914   0.718653  ]
[ 0.07796492  0.04520389  0.5884687   0.70605636  2.0065184   0.15718926
 -0.53051174 -0.3007515  -0.55399275 -1.4576349   0.36524317 -0.48570782
  0.13979143  0.5018048  -2.0330806   0.73871434]
[ 0.01145284  0.11109493  0.4683301   0.7364703   2.055458    0.10474713
 -0.5796715  -0.30655667 -0.5335108  -1.4803468   0.49283347 -0.515034
  0.14322051  0.5350263  -2.067533    0.7911078 ]
[-0.01521742  0.01626457  0.48102635  0.734784    2.1058319   0.07762235
 -0.61057353 -0.2512655  -0.54016554 -1.4527744   0.44003168 -0.5168935
  0.26594216  0.5451273  -2.0480347   0.73267776]
[ 0.10258589 -0.03480558  0.4401239   0.81935424  2.1163342   0.01185289
 -0.47848368 -0.37392887 -0.68679637 -1.4849416   0.5203379  -0.6560308
  0.32990438  0.65214807 -2.039679    0.7254344 ]
[ 0.16714597 -0.00982087  0.45947665  0.80606794  2.0395236  -0.00337119
 -0.40122843 -0.36964288 -0.71661556 -1.5071299   0.5064275  -0.6482428
  0.2809692   0.6646112  -2.0434012   0.73939544]
[ 0.01643223 -0.04152377  0.51288474  0.71878594  2.1022792   0.05536415
 -0.54991615 -0.22489326 -0.57833004 -1.4636981   0.3869169  -0.5302047
  0.28307658  0.5151543  -1.957526    0.7199241 ]
[ 0.12539712 -0.04501744  0.47737107  0.7884599   2.0630865  -0.01802201
 -0.4299698  -0.33062658 -0.6549555  -1.4644499   0.5131132  -0.64157784
  0.24372426  0.6291217  -2.0695672   0.77759725]
[ 0.15796185 -0.05382983  0.5536367   0.80775815  1.9233602   0.00983324
 -0.33271495 -0.3069537  -0.659743   -1.4062471   0.39128554 -0.60357404
  0.24784318  0.67887545 -2.1420522   0.6953487 ]
[ 0.13687    -0.07161745  0.52740985  0.68295115  2.11656    -0.04952668
 -0.45925507 -0.3538167  -0.6674212  -1.5317981   0.5284548  -0.7159191
  0.37196752  0.50371385 -1.8878233   0.8355684 ]
[ 0.1602109  -0.02419083  0.5164144   0.6747707   2.0615623  -0.02448438
 -0.459054   -0.3493967  -0.650925   -1.542304    0.5313024  -0.66929173
  0.28318775  0.5285915  -1.9221122   0.85303   ]
[ 0.06850225  0.02856826  0.5150638   0.6861541   2.0173378   0.04954666
 -0.51396847 -0.25365338 -0.54537123 -1.5148858   0.4177704  -0.5328908
  0.23256703  0.50659215 -1.9878035   0.7937047 ]
[ 0.04825883  0.0376845   0.44533306  0.6797427   2.1298983   0.01431337
 -0.5877424  -0.25379664 -0.4975055  -1.5147339   0.53144586 -0.55747557
  0.20801154  0.449951   -2.007323    0.841647  ]
[ 0.14531443  0.00243923  0.378122    0.77773017  2.1415672  -0.03729487
 -0.48267418 -0.36499035 -0.5797005  -1.5105568   0.6247531  -0.68635076
  0.19291857  0.58110887 -2.0900788   0.87511283]
[ 0.22026587  0.05547391  0.36628738  0.77396905  2.0273945  -0.06403989
 -0.36607474 -0.38293982 -0.6298138  -1.5262039   0.63998973 -0.67171323
  0.14843184  0.6724965  -2.1405818   0.8436103 ]
[ 0.04520305  0.02484137  0.45091978  0.7331668   2.0734715  -0.01116706
 -0.5240787  -0.29045188 -0.56644917 -1.524075    0.54367816 -0.60331166
  0.23611736  0.5633919  -2.0495508   0.8655926 ]
[ 0.09817356 -0.00790824  0.37481076  0.79738414  2.1438594  -0.04774973
 -0.46351036 -0.40332597 -0.6279514  -1.5167465   0.64793384 -0.7093878
  0.23551628  0.63000166 -2.0812633   0.8975725 ]
[ 0.17994234  0.03266882  0.38752085  0.7824569   2.045272   -0.0600045
 -0.3456575  -0.44633442 -0.7015279  -1.4935058   0.6692395  -0.69803363
  0.19594544  0.75171036 -2.1619906   0.82651865]
[ 0.07302444  0.00361977  0.49396363  0.78863543  2.056423    0.0122013
 -0.48337096 -0.35135314 -0.6449624  -1.4894698   0.538459   -0.5964476
  0.25854838  0.61571705 -2.0746589   0.76245207]
[ 5.7171632e-02  1.1736077e-02  4.2285901e-01  8.1406748e-01
  2.0987840e+00  9.0260507e-04 -4.8717362e-01 -4.0860859e-01
 -6.5316212e-01 -1.5690749e+00  6.4109254e-01 -6.9451553e-01
  2.7662995e-01  6.1874932e-01 -1.9882904e+00  8.2446337e-01]
[ 0.05884148  0.10274486  0.4044489   0.7576581   1.9855537  -0.02048345
 -0.39932182 -0.42448527 -0.6899006  -1.5871443   0.6678719  -0.6838398
  0.23621742  0.69154173 -1.9773365   0.845132  ]
[-0.01199588  0.07003339  0.46775857  0.70841086  2.0252717   0.05570899
 -0.4907097  -0.34607616 -0.6572257  -1.5532439   0.49930033 -0.6169753
  0.28885138  0.6036967  -1.9124165   0.83916414]
[ 0.09970316 -0.01186104  0.40697354  0.9017083   2.0012608   0.03231493
 -0.37976676 -0.4479727  -0.68627155 -1.4653352   0.5326175  -0.67437613
  0.23777597  0.7387191  -2.113527    0.7932638 ]
[ 0.22650847 -0.04517719  0.4430724   0.8663901   1.9595394   0.01966118
 -0.30324787 -0.44834384 -0.7191594  -1.3813323   0.5016034  -0.6384857
  0.16513734  0.77175796 -2.1836581   0.7275483 ]
[ 0.10221408 -0.0320547   0.54331565  0.86264515  1.9080635   0.11490466
 -0.418274   -0.33121094 -0.63596475 -1.3641025   0.33990183 -0.50740457
  0.16571923  0.71511465 -2.1938567   0.6923705 ]
[-0.07692441  0.07559791  0.48187137  0.77043295  2.0218112   0.09344224
 -0.573708   -0.29279277 -0.6100726  -1.5511243   0.46989194 -0.5264391
  0.25536755  0.58729213 -1.9695908   0.81278956]
[-0.01546838  0.03281092  0.45681524  0.78046054  2.0166416   0.056897
 -0.50356734 -0.30028695 -0.6228825  -1.5010978   0.4654902  -0.54105794
  0.22838636  0.6078493  -2.0150406   0.8214653 ]
[ 0.07755161 -0.0155733   0.3969861   0.8431298   2.0392807   0.00245082
 -0.4166042  -0.38919252 -0.64526147 -1.4748266   0.5403077  -0.6375138
  0.23660493  0.6762164  -2.0858483   0.818226  ]
[ 0.13008735 -0.00253194  0.3976447   0.858496    1.9542758  -0.02242445
 -0.3216098  -0.38197163 -0.67972577 -1.4517596   0.50392836 -0.6216009
  0.23325822  0.77280134 -2.1576214   0.7527188 ]
[-0.03115333 -0.01408359  0.54277396  0.82182807  1.9805453   0.11027956
 -0.5365225  -0.23180966 -0.55056655 -1.4609535   0.30601832 -0.4749404
  0.2718362   0.61724216 -2.1013832   0.71479696]
[ 0.04310942  0.05103161  0.49701992  0.9054347   1.9602082   0.07639936
 -0.46042007 -0.3681282  -0.6309409  -1.502216    0.4547847  -0.56569445
  0.16939037  0.6850561  -2.1242802   0.77468604]
[-0.06976199  0.11443172  0.48459116  0.8297496   1.9597623   0.12317381
 -0.53820205 -0.28100386 -0.5243088  -1.467117    0.42871627 -0.46764368
  0.10033391  0.6303779  -2.1300066   0.7733388 ]
[-0.08782937  0.08547702  0.43543816  0.7631027   2.0534413   0.10050859
 -0.6175985  -0.23519328 -0.47922277 -1.5247835   0.4853335  -0.50047195
  0.17626281  0.5134684  -2.0199745   0.8201904 ]
[ 0.0786654  -0.00452647  0.4394307   0.89860356  1.9721899   0.06049261
 -0.4445854  -0.3443367  -0.59606916 -1.4297385   0.45714092 -0.5856549
  0.14599994  0.70249444 -2.1831686   0.7983179 ]
[ 0.10292219 -0.00917807  0.4856306   0.9063959   1.9054716   0.07327829
 -0.37116098 -0.32577562 -0.55918026 -1.3648331   0.3558205  -0.5325004
  0.11919534  0.72451293 -2.2540305   0.7062332 ]
[ 1.1724667e-01  1.2171227e-01  4.3677783e-01  7.1633691e-01
  2.0586026e+00 -2.7330816e-04 -4.6103519e-01 -3.9614454e-01
 -6.2308902e-01 -1.5616803e+00  6.2273705e-01 -6.0979682e-01
  1.6474061e-01  6.1110032e-01 -2.0488024e+00  8.1867039e-01]
[-0.12800905  0.15388508  0.4520896   0.71643883  2.1016634   0.14640573
 -0.70544827 -0.24446969 -0.46716318 -1.5512741   0.48188472 -0.4404297
  0.21811369  0.4884448  -1.9998295   0.7448617 ]
[-0.10571755  0.0970055   0.42088765  0.8084122   2.1214318   0.11239071
 -0.68251085 -0.25893632 -0.48731747 -1.4857696   0.5130701  -0.4786338
  0.20936385  0.57665014 -2.1241825   0.7280076 ]
[-0.00556272  0.01677703  0.3970133   0.90866995  2.1447966   0.054412
 -0.5510267  -0.37752396 -0.61085576 -1.4740527   0.5702342  -0.5995275
  0.25067806  0.66003937 -2.1238146   0.7018579 ]
[ 0.08382358  0.03045494  0.4155911   0.87172955  2.031717   -0.00697138
 -0.38478708 -0.40593052 -0.69680965 -1.4832408   0.5689581  -0.60952187
  0.227073    0.75087756 -2.1302586   0.6991765 ]
[-0.04667569  0.03028508  0.5459045   0.74884224  2.035452    0.06580117
 -0.5033592  -0.24472299 -0.557443   -1.4855635   0.43047157 -0.50812685
  0.24440289  0.55512744 -2.0082042   0.6596208 ]
[ 0.02130581 -0.0176204   0.54439175  0.8035474   2.0605333   0.06313886
 -0.43557248 -0.372397   -0.63358647 -1.4739807   0.49320048 -0.62656105
  0.27750295  0.6030017  -2.018216    0.6720283 ]
[ 0.09631339 -0.00220659  0.6040706   0.7886816   1.9488331   0.09523848
 -0.358483   -0.4119007  -0.69073856 -1.5103527   0.442866   -0.6213603
  0.30170614  0.6387043  -2.0065653   0.6453331 ]
[ 0.04069661  0.0468533   0.66744506  0.68042266  1.9831756   0.14931831
 -0.4740406  -0.34715718 -0.6386528  -1.5767524   0.40691447 -0.573444
  0.30094743  0.5124532  -1.8939352   0.67864025]
[-0.01752743  0.05883081  0.6469337   0.69038695  1.9921306   0.19819096
 -0.57950276 -0.26456323 -0.52487004 -1.4978359   0.34875867 -0.46425572
  0.2240493   0.44746822 -1.9538494   0.65833676]
[-0.05086413  0.02862257  0.57370645  0.71250457  2.0671868   0.14959174
 -0.5863043  -0.24397616 -0.54978275 -1.4951166   0.39128378 -0.5032445
  0.24684942  0.5145723  -1.9900408   0.6984792 ]
[-0.00481539  0.04084546  0.52235556  0.72955906  2.0417855   0.09383923
 -0.506502   -0.2672531  -0.6082908  -1.4982617   0.4157269  -0.5252492
  0.25617704  0.5852202  -2.0231574   0.7122316 ]
[ 0.04554295  0.01415986  0.50258607  0.7640319   2.0822227   0.03500317
 -0.5331876  -0.29993892 -0.57706136 -1.5240816   0.49378547 -0.5926617
  0.23624305  0.54471254 -2.0257683   0.80025834]
[ 0.05211693  0.00471711  0.4850723   0.7959523   2.0609756   0.01806656
 -0.49982795 -0.32411653 -0.56525755 -1.5198209   0.51380384 -0.6014929
  0.2215037   0.5669967  -2.0459533   0.8027304 ]
[ 2.1812677e-02  7.3545463e-02  4.6542817e-01  7.2339690e-01
  2.0470972e+00  9.1896951e-04 -5.2174747e-01 -3.1987134e-01
 -5.6524563e-01 -1.5926764e+00  5.6632316e-01 -5.9869856e-01
  2.2378102e-01  5.4296571e-01 -1.9675753e+00  8.6932832e-01]
[-0.03104008  0.03733172  0.48754233  0.7586113   2.0111022   0.06461893
 -0.5895744  -0.22512022 -0.48577094 -1.5241611   0.4207886  -0.50374967
  0.22066054  0.5209986  -2.0293076   0.83522797]
[ 0.05386557 -0.05290366  0.4342588   0.9275343   2.0038438   0.00484201
 -0.44306487 -0.34591475 -0.5882198  -1.4688808   0.48197255 -0.62972534
  0.21918526  0.6799617  -2.145834    0.83468133]
[ 0.19147879 -0.00781611  0.39220557  0.80861676  1.9844017  -0.05426473
 -0.3107498  -0.42794386 -0.6774947  -1.4863065   0.5895339  -0.67223984
  0.18195057  0.7482756  -2.1286979   0.834679  ]
[-3.7817060e-04  4.6652250e-02  4.8122936e-01  7.1589124e-01
  2.0444367e+00  7.5696923e-02 -5.6421906e-01 -2.6612005e-01
 -5.2998555e-01 -1.5010849e+00  4.3010300e-01 -5.1043552e-01
  2.1021625e-01  5.5388784e-01 -2.0318677e+00  8.1389868e-01]
[-0.02348791  0.09246445  0.41667905  0.7757055   2.0659888   0.05351068
 -0.5733328  -0.29338282 -0.503695   -1.522649    0.53498566 -0.5349544
  0.15987563  0.57656926 -2.1188705   0.86281884]
[ 0.07101583  0.04326332  0.33889443  0.8369069   2.0941663  -0.01339822
 -0.44458562 -0.41704106 -0.608003   -1.5138509   0.65110296 -0.67316407
  0.19700754  0.6804863  -2.1244063   0.84829295]
[ 0.1677412   0.08505996  0.34074336  0.8087031   1.9833107  -0.04272031
 -0.33418643 -0.42250735 -0.6620818  -1.5100029   0.6446096  -0.66307545
  0.14722344  0.782317   -2.185246    0.82625425]
[ 0.10814948  0.09716832  0.42170548  0.81964827  1.9668506   0.04725284
 -0.3985129  -0.39060366 -0.6381303  -1.4754158   0.536114   -0.5959419
  0.16383144  0.7171748  -2.149522    0.7347079 ]
[ 1.4155860e-01  1.0590196e-03  4.2064029e-01  8.6119729e-01
  2.0707774e+00  4.9136914e-02 -4.4144756e-01 -3.9885476e-01
 -6.1364841e-01 -1.4112192e+00  5.2302891e-01 -6.1926162e-01
  1.6284868e-01  6.5258551e-01 -2.1509202e+00  7.1548331e-01]
[ 0.23902436 -0.00869986  0.4643607   0.867663    1.9778306   0.03626957
 -0.36256415 -0.38334638 -0.64196336 -1.389995    0.46993226 -0.5947646
  0.12208048  0.690292   -2.2210014   0.69641745]
[ 0.09208065  0.09183614  0.5626522   0.83778304  1.8848467   0.09306813
 -0.39692625 -0.33058566 -0.64028066 -1.4465333   0.41404542 -0.5183439
  0.14476418  0.6969276  -2.1865063   0.662369  ]
[ 0.00627581  0.07121706  0.5714948   0.6718031   2.0810647   0.07783245
 -0.58614135 -0.28804716 -0.58521616 -1.5461081   0.49866065 -0.5492876
  0.27128243  0.44071198 -1.935854    0.76522243]
[ 0.081233    0.00280509  0.51575077  0.74109006  2.1207452   0.04257401
 -0.5108068  -0.37790316 -0.6597718  -1.5268837   0.5622031  -0.6586888
  0.26189774  0.53744644 -1.9800205   0.81346476]
[ 0.11861497  0.06290119  0.513092    0.7225884   2.029449    0.0124334
 -0.4300386  -0.39226943 -0.707339   -1.5421377   0.5831812  -0.65118724
  0.22631612  0.5979239  -1.9905646   0.81259364]
[ 0.02442726  0.04116397  0.577036    0.66406596  2.0758533   0.05510182
 -0.5564031  -0.29457045 -0.6244342  -1.5134759   0.46544886 -0.5723888
  0.26118964  0.4888277  -1.9151943   0.789725  ]
[ 0.02588607  0.07257907  0.4878281   0.7380984   2.1193607   0.03434439
 -0.52005297 -0.41585    -0.68023694 -1.5690558   0.58328885 -0.662729
  0.3045966   0.5947078  -1.941633    0.7956254 ]
[ 0.04110645  0.13842674  0.4503231   0.7201148   2.0567863   0.020019
 -0.49166965 -0.41725498 -0.71833915 -1.6112744   0.6348355  -0.65109694
  0.27003026  0.64425594 -1.9244382   0.8059856 ]
[-0.0756108   0.10563038  0.51932544  0.7290727   2.1049633   0.1657739
 -0.66787136 -0.29798508 -0.5929033  -1.5576606   0.48246345 -0.5412503
  0.24757242  0.5152977  -1.9079268   0.7377204 ]
[ 0.02512635  0.05323062  0.45949978  0.8511637   2.111977    0.10376658
 -0.58288705 -0.3863884  -0.59868115 -1.488613    0.55660623 -0.5989119
  0.15656203  0.58912194 -2.0586653   0.7722972 ]
[ 0.03544031  0.03069371  0.47910166  0.7882245   2.0961165   0.07599767
 -0.5468379  -0.33988035 -0.6072426  -1.5029414   0.5013973  -0.60831606
  0.20051615  0.5924352  -2.0418086   0.8140194 ]
[ 0.03577185  0.00904718  0.5471274   0.704272    2.081583    0.06259291
 -0.53180337 -0.28592575 -0.60364854 -1.5243849   0.45642608 -0.58209974
  0.2758272   0.5056609  -1.9756567   0.7908675 ]
[ 0.08131145 -0.0117877   0.47715178  0.732578    2.12982     0.00466374
 -0.5099384  -0.3792724  -0.6569834  -1.5240338   0.58094114 -0.7002266
  0.30293745  0.54795015 -1.9610007   0.8525864 ]
[ 0.12382934 -0.03382392  0.46155676  0.70945877  2.1128368  -0.02123396
 -0.4684322  -0.38183898 -0.6947652  -1.5366882   0.56702673 -0.71355337
  0.32549712  0.57410604 -1.9249233   0.8688158 ]
[ 0.11753687  0.01782598  0.43180853  0.70676404  2.0458019  -0.04643416
 -0.4261608  -0.35778847 -0.68169916 -1.5420069   0.5687723  -0.6682258
  0.30171138  0.62949836 -1.9740732   0.8442596 ]
[ 2.4387559e-02  1.3686419e-03  4.7927982e-01  7.3634923e-01
  2.0870192e+00  2.7121704e-02 -5.3478980e-01 -2.8765291e-01
 -5.9516019e-01 -1.4965898e+00  4.5117211e-01 -5.7510197e-01
  2.8002080e-01  5.5832464e-01 -1.9981487e+00  8.0968493e-01]
[ 0.11746544 -0.01092128  0.38650054  0.8173874   2.1323078  -0.00513847
 -0.45380816 -0.41472143 -0.6436254  -1.4841305   0.59972036 -0.6804715
  0.24200912  0.6374195  -2.096591    0.8222038 ]
[ 0.1999553   0.02340244  0.39471     0.7991029   2.015076   -0.03938182
 -0.34951693 -0.39859152 -0.6962199  -1.4897009   0.58058226 -0.6581806
  0.1951457   0.7242797  -2.1413279   0.80593127]
[ 1.14762306e-01  2.07794318e-03  4.98042196e-01  7.71902263e-01
  2.00421071e+00  1.64212268e-02 -4.33084816e-01 -3.12998950e-01
 -6.41939104e-01 -1.48290038e+00  4.65851963e-01 -5.93103945e-01
  2.32597306e-01  6.34583950e-01 -2.09062719e+00  7.78775513e-01]
[ 0.06659426 -0.00534365  0.4364242   0.8148265   2.0611403   0.00841336
 -0.46615672 -0.36211216 -0.62854564 -1.5060246   0.5340003  -0.6601124
  0.27439076  0.62335837 -2.0411544   0.81653845]
[ 0.1720982  -0.02345829  0.45339513  0.8002369   1.9974167  -0.03131126
 -0.35555002 -0.3866331  -0.689271   -1.4820983   0.51821554 -0.6735753
  0.23703094  0.6996543  -2.0935388   0.8231279 ]
[ 0.06119063 -0.03306253  0.5130063   0.7666888   2.0317903   0.06447514
 -0.48472762 -0.29060397 -0.58702654 -1.4414381   0.3918078  -0.5623635
  0.28078905  0.57020026 -2.0622792   0.74578714]
[ 0.1232607  -0.0361201   0.45927495  0.8103331   2.0815563   0.00863489
 -0.44317555 -0.3782311  -0.65431726 -1.4486207   0.51940167 -0.656147
  0.27297482  0.6466993  -2.0996265   0.75733817]
[ 1.5594530e-01  8.1434846e-04  5.0861621e-01  7.5646943e-01
  2.0212567e+00  3.4974571e-02 -4.4231319e-01 -3.4924328e-01
 -6.4632618e-01 -1.4531304e+00  4.7813010e-01 -5.7816321e-01
  2.3272514e-01  6.1251062e-01 -2.1017275e+00  7.3206002e-01]
[ 0.04328353  0.0412321   0.42031598  0.7806842   2.0780423   0.03414544
 -0.5030656  -0.35953382 -0.64521825 -1.5157279   0.5484208  -0.61509466
  0.28287643  0.62437105 -2.0183206   0.7692206 ]
[ 0.04330376  0.00731473  0.47121954  0.7550584   2.0608768   0.03534737
 -0.50647074 -0.29455224 -0.6092719  -1.4772432   0.4515769  -0.5550787
  0.26696074  0.5810272  -2.028401    0.7638756 ]
[ 1.5840428e-01 -2.9956449e-02  4.2400011e-01  8.2542408e-01
  2.0712605e+00 -7.5507612e-04 -3.9478117e-01 -4.0416113e-01
 -6.7857599e-01 -1.4501863e+00  5.3463227e-01 -6.6502392e-01
  2.5117195e-01  6.6166055e-01 -2.0949624e+00  7.5566643e-01]
[ 0.24462247 -0.04203325  0.44312018  0.8017662   1.9816158  -0.03130174
 -0.28150105 -0.39451376 -0.7231736  -1.3877265   0.4906226  -0.6430907
  0.23989074  0.7336876  -2.1528096   0.6817825 ]
[ 0.19243781 -0.09925984  0.617277    0.7448523   1.958965    0.07586147
 -0.39370087 -0.29349428 -0.6760994  -1.3716885   0.2925349  -0.5375841
  0.3061872   0.6086141  -2.0906384   0.62478393]
[ 0.10633266 -0.06151174  0.5544213   0.769561    2.073639    0.06733302
 -0.48334318 -0.3259253  -0.6744727  -1.4476855   0.3926479  -0.5965962
  0.34444112  0.5647538  -1.9939594   0.6723577 ]
[ 0.09332551 -0.04543925  0.5686898   0.7160969   2.025665    0.0509718
 -0.48961863 -0.23934102 -0.61842215 -1.4434818   0.34302494 -0.51920515
  0.28895244  0.52245355 -1.990596    0.70030844]
[ 0.02014016 -0.04224172  0.534344    0.69434965  2.0756807   0.06328051
 -0.55377614 -0.2224313  -0.5718992  -1.4747535   0.38426694 -0.515082
  0.3253855   0.48780775 -1.9616935   0.7203972 ]
[ 0.10527536 -0.09199886  0.49451986  0.82662517  2.048589   -0.01060801
 -0.4325374  -0.31816792 -0.68543637 -1.4423414   0.42572865 -0.6296175
  0.32277182  0.6357542  -2.034259    0.7493887 ]
[ 0.13765225 -0.11914208  0.59024745  0.76109344  2.0162156   0.05574015
 -0.45486155 -0.2552759  -0.6189865  -1.4094977   0.30624622 -0.56326735
  0.30679366  0.5378166  -2.0457888   0.7174198 ]
[ 0.1409935  -0.04691054  0.53094405  0.78453505  2.0348907   0.0300041
 -0.43715262 -0.34401184 -0.66758496 -1.4494292   0.41612267 -0.6218654
  0.29245734  0.5887529  -2.0166993   0.7289257 ]
[ 0.12561664 -0.04042075  0.5628818   0.70086175  2.0041943   0.04127834
 -0.48330617 -0.21932197 -0.5821697  -1.4463518   0.32506937 -0.5194532
  0.26900706  0.5164934  -2.0247624   0.73508245]
[ 0.03974795 -0.03091688  0.5298571   0.6988566   2.0959878   0.05187373
 -0.58138365 -0.20490031 -0.5328605  -1.4695371   0.3739966  -0.5055961
  0.30340257  0.4678619  -1.9960676   0.7240216 ]
[ 0.12934914 -0.05601075  0.4782856   0.80781317  2.0918152  -0.02268022
 -0.48326057 -0.2948181  -0.6314522  -1.4657631   0.45780945 -0.6122683
  0.25056154  0.59421873 -2.0716882   0.7933835 ]
[ 0.07628037 -0.02652541  0.52968806  0.73236537  2.0871677   0.03577053
 -0.5458887  -0.23688677 -0.544834   -1.4905344   0.41845813 -0.5409707
  0.23106734  0.4975354  -2.0477283   0.7903618 ]
[ 0.10887422  0.01578171  0.45373735  0.7843321   2.0948036  -0.02518977
 -0.47359496 -0.33111754 -0.60626805 -1.5217816   0.55299675 -0.64064074
  0.20215197  0.57209    -2.0508633   0.8313963 ]
[ 9.2492491e-02 -1.6275585e-03  5.0871927e-01  6.9782758e-01
  2.1108248e+00  1.9746089e-02 -5.2828401e-01 -2.7438694e-01
 -5.5351746e-01 -1.4644186e+00  4.7320390e-01 -5.8303058e-01
  2.3883328e-01  4.9605089e-01 -2.0504537e+00  7.8303814e-01]
[ 0.119235   -0.0228023   0.44210786  0.72823715  2.168655   -0.01359865
 -0.48687854 -0.3529242  -0.62177294 -1.4784801   0.5415903  -0.6745478
  0.33255404  0.5679695  -2.038834    0.7537433 ]
[ 0.20239739 -0.01204594  0.44406217  0.68825483  2.1225011  -0.07928986
 -0.4238573  -0.35503733 -0.69378126 -1.4970248   0.5851828  -0.6770733
  0.2875753   0.63506526 -2.0380597   0.7754395 ]
[ 0.07040805 -0.00844208  0.50306356  0.7224229   2.1057115   0.05872939
 -0.5605748  -0.26184505 -0.568139   -1.4908516   0.4552477  -0.54116213
  0.27969226  0.50128573 -2.006157    0.7036882 ]
[ 0.0861828   0.03207935  0.43162283  0.75112     2.150715   -0.01134859
 -0.49741045 -0.37022188 -0.6309487  -1.529013    0.6279522  -0.6581545
  0.23514335  0.5739094  -2.0240655   0.79749095]
[ 0.05701365  0.01613915  0.49824128  0.6995238   2.1033516   0.02005324
 -0.51498306 -0.30092335 -0.5893057  -1.5135323   0.5424253  -0.58977854
  0.2570935   0.52016044 -2.0117185   0.770033  ]
[ 0.14829794 -0.04223029  0.4636341   0.7818958   2.078144   -0.02809889
 -0.39378303 -0.4068759  -0.7096216  -1.5274184   0.6005137  -0.72341156
  0.3155849   0.6224849  -1.9977367   0.78197265]
[ 0.2686777  -0.05455206  0.5106861   0.7447203   1.9875511  -0.06171827
 -0.2977183  -0.41874257 -0.7452653  -1.5171356   0.56661785 -0.736928
  0.28781033  0.6264367  -1.9986057   0.80190814]
[ 0.18025054 -0.0317565   0.5382635   0.6610298   1.9958322  -0.04212556
 -0.38942394 -0.3778631  -0.7123658  -1.5797813   0.55164266 -0.7026725
  0.33338833  0.54968655 -1.867699    0.8604536 ]
[ 0.03244426  0.03135331  0.5253356   0.6186384   2.044645    0.02701901
 -0.53242666 -0.27632797 -0.6076846  -1.5636873   0.47229058 -0.5900622
  0.28500062  0.48598084 -1.8290555   0.84615076]
[ 0.02723383  0.02629821  0.44608593  0.70365834  2.1314063   0.03075202
 -0.5992905  -0.27894297 -0.5074945  -1.5174881   0.50698215 -0.5509534
  0.21738109  0.4527329  -1.9808733   0.86150664]
[ 0.11613379  0.01317631  0.34446135  0.823881    2.1572235  -0.01384045
 -0.48650932 -0.40077    -0.5888344  -1.4868135   0.6313979  -0.66528064
  0.19641003  0.61146605 -2.111243    0.82541245]
[ 0.14479797  0.08137145  0.32197434  0.7737201   2.1065357  -0.03521422
 -0.4293818  -0.42195144 -0.6300131  -1.5080178   0.68106854 -0.65076625
  0.17735983  0.6877353  -2.1269841   0.7933882 ]
[-0.02811876  0.10732856  0.38071156  0.73225796  2.1673174   0.06821281
 -0.60254306 -0.32327002 -0.5481545  -1.5111753   0.5754035  -0.54465497
  0.24293151  0.56376755 -2.0377092   0.7230544 ]
[ 0.11465927  0.09007309  0.33704153  0.80191344  2.2066178   0.04534508
 -0.49597567 -0.45385084 -0.64545965 -1.4877409   0.6888516  -0.67381924
  0.20546892  0.63427913 -2.1071172   0.70292574]
[ 0.2293652   0.0649887   0.348535    0.8154589   2.1401076   0.01751525
 -0.38348955 -0.46055317 -0.68568736 -1.4316787   0.642141   -0.66121477
  0.15628892  0.664696   -2.157495    0.6628327 ]
[ 0.2966178   0.03803273  0.4312045   0.76306796  2.0528853  -0.02734397
 -0.29087976 -0.45462394 -0.74254674 -1.4271193   0.6107851  -0.67700726
  0.18458357  0.66902286 -2.1081302   0.64173496]
[ 0.21265149  0.00743367  0.5730544   0.7581514   1.981192    0.04582343
 -0.3028453  -0.41567653 -0.73327243 -1.3926264   0.48505718 -0.65218115
  0.24271783  0.6416024  -2.0709386   0.5774905 ]
[ 0.28127325 -0.03037974  0.5620485   0.56814367  2.1642232  -0.0336119
 -0.35012364 -0.4675069  -0.81417626 -1.4925848   0.62629396 -0.7724742
  0.37484032  0.49953812 -1.8272831   0.6726084 ]
[ 0.22904654 -0.08975246  0.6315337   0.52227414  2.2054634   0.04350131
 -0.43613118 -0.41669112 -0.7980909  -1.450311    0.5203696  -0.71706164
  0.47672254  0.41311663 -1.75689     0.5809331 ]
[ 0.21306816 -0.10800619  0.6632018   0.5208913   2.198063    0.07548956
 -0.45168608 -0.38163304 -0.77288544 -1.3985252   0.45826524 -0.6685773
  0.47183695  0.40938106 -1.78339     0.5101882 ]
[ 0.1829205  -0.01570878  0.569094    0.48346463  2.23185     0.0159249
 -0.45665297 -0.39587158 -0.7767863  -1.5097272   0.60342866 -0.7260203
  0.44549322  0.4078576  -1.729838    0.63123924]
[ 0.15080903  0.07742915  0.49438065  0.42804495  2.252867   -0.0620364
 -0.47407198 -0.40903854 -0.7857191  -1.6135336   0.7434665  -0.7834468
  0.3763084   0.42126936 -1.6576777   0.8085865 ]
[ 0.16440752  0.06414773  0.523791    0.44771892  2.2071993  -0.08197521
 -0.42894882 -0.43055183 -0.8172987  -1.5787675   0.7296949  -0.82388514
  0.368919    0.51675206 -1.7185271   0.82453746]
[ 0.29164737 -0.03864436  0.52487755  0.5789985   2.1194713  -0.06993487
 -0.30866474 -0.47200933 -0.86250925 -1.4899065   0.63965404 -0.80288255
  0.41388482  0.55596626 -1.8275989   0.7094836 ]
[ 0.39146668 -0.10064592  0.5454275   0.54416454  2.0792398  -0.08350188
 -0.26764816 -0.48140627 -0.9153015  -1.4474006   0.58967614 -0.8357438
  0.44806236  0.58657867 -1.785457    0.6941369 ]
[ 0.35859904 -0.12277263  0.58053476  0.523705    2.0923588  -0.04314216
 -0.32577518 -0.4267978  -0.88047636 -1.427391    0.49834576 -0.78525954
  0.47899684  0.50287926 -1.7219708   0.66010934]
[ 0.20810297 -0.04035462  0.6241945   0.41323453  2.174614   -0.01854829
 -0.47582698 -0.32090068 -0.769158   -1.4948893   0.5036638  -0.6887305
  0.44191274  0.37617716 -1.6622136   0.69261587]
[ 0.12228905  0.0289477   0.5846623   0.44597435  2.2531877  -0.00297184
 -0.51828784 -0.3550976  -0.73977697 -1.5398366   0.5956919  -0.67016554
  0.38838246  0.3982702  -1.7163627   0.6885602 ]
[ 0.16679347  0.02520708  0.47973984  0.5203491   2.290467   -0.04575362
 -0.48487252 -0.4264666  -0.74968725 -1.5690213   0.70947737 -0.7567564
  0.38759392  0.42342195 -1.7787625   0.7733673 ]
[ 0.2348346   0.03448621  0.45302385  0.53080475  2.2433143  -0.0823133
 -0.4070649  -0.47157216 -0.80562514 -1.5569336   0.7533816  -0.81243247
  0.33882815  0.5029286  -1.8156286   0.82633114]
[ 0.21544161  0.06067851  0.46421814  0.5205946   2.192081   -0.0704905
 -0.38902253 -0.46573526 -0.82141626 -1.5766927   0.7302296  -0.7987383
  0.3349604   0.51525235 -1.7750008   0.8312082 ]
[ 0.21262655 -0.004814    0.4842363   0.56484115  2.1611505  -0.07014666
 -0.36877394 -0.43177158 -0.80157006 -1.5292195   0.63510156 -0.79903
  0.3636158   0.5332838  -1.8073298   0.82512295]
[ 0.30741802 -0.03444801  0.4717494   0.6152198   2.1389549  -0.09679463
 -0.2984655  -0.47098407 -0.8166536  -1.5035483   0.6465063  -0.81381905
  0.3371305   0.56177247 -1.8744742   0.79582626]
[ 0.25282952 -0.0704772   0.50048006  0.59380585  2.1967168  -0.07138415
 -0.36989406 -0.45067233 -0.7968858  -1.5135889   0.6143013  -0.7920473
  0.4099873   0.5025211  -1.8170389   0.77607673]
[ 0.14953017 -0.04751002  0.53519815  0.4980628   2.266953   -0.04422789
 -0.47624105 -0.41910475 -0.77565473 -1.5085342   0.61611474 -0.79269755
  0.43320712  0.49181682 -1.7596958   0.7987393 ]
[ 0.20485005 -0.02696651  0.45369762  0.57055247  2.2516277  -0.026195
 -0.4498884  -0.41281685 -0.7208546  -1.4635532   0.63668096 -0.7248932
  0.36343354  0.46802378 -1.9014355   0.74100846]
[ 0.2592713   0.05228686  0.38540477  0.51174897  2.240644   -0.08234749
 -0.38684526 -0.4712389  -0.79537284 -1.5227419   0.7885848  -0.8158356
  0.3371222   0.5612971  -1.8786838   0.78157455]
[ 0.2583359   0.09540846  0.39727038  0.49595937  2.2185078  -0.09605929
 -0.3880118  -0.4795949  -0.8006789  -1.5672286   0.81893075 -0.81861556
  0.31841063  0.5454441  -1.8440607   0.81225854]
[ 0.3013816   0.11312209  0.4176484   0.5282532   2.0997434  -0.09631823
 -0.2847169  -0.51712686 -0.8460213  -1.5471828   0.7985984  -0.8297075
  0.29192024  0.64271367 -1.8856586   0.7784616 ]
[ 0.35608488  0.07239052  0.46559054  0.53002656  2.050815   -0.08353563
 -0.25153786 -0.5347166  -0.89374083 -1.4883287   0.74719805 -0.84984285
  0.32658607  0.6661655  -1.8747501   0.7246606 ]
[ 0.431508   -0.06399797  0.5335062   0.559706    2.0572448  -0.05765149
 -0.22948548 -0.5302438  -0.94780004 -1.4122765   0.64125913 -0.8493792
  0.38938832  0.6189089  -1.8414104   0.6604902 ]
[ 0.43595415 -0.11318432  0.5936108   0.57639724  2.0203977  -0.02392056
 -0.22744933 -0.49567223 -0.9496616  -1.3886286   0.5493776  -0.8071717
  0.4124073   0.580687   -1.8125618   0.6074127 ]
[ 0.29257867 -0.18706246  0.69431263  0.5262974   2.069247    0.0283269
 -0.3606719  -0.39674845 -0.87494504 -1.3782418   0.39643016 -0.7360524
  0.52552015  0.4782125  -1.7142212   0.5952028 ]
[ 0.2402296  -0.076813    0.609028    0.47710523  2.1765857  -0.03612854
 -0.3524841  -0.45545775 -0.8895866  -1.4844266   0.59078014 -0.8142067
  0.49201727  0.48803648 -1.6972857   0.69429153]
[ 0.17004576  0.03432461  0.51068145  0.3574129   2.264275   -0.10362331
 -0.45039448 -0.46157265 -0.8698325  -1.588336    0.8035733  -0.87178725
  0.44632903  0.4760479  -1.5990916   0.8492921 ]
[ 0.1856256   0.01888723  0.51164633  0.41047162  2.2483249  -0.07631065
 -0.4465099  -0.46225268 -0.85485953 -1.5492146   0.7537274  -0.85835326
  0.44911757  0.4971462  -1.6718585   0.810414  ]
[ 0.2689541   0.03125903  0.4512047   0.46987015  2.1839309  -0.10203233
 -0.35811132 -0.49314895 -0.8766205  -1.5578114   0.7817215  -0.8599089
  0.3948111   0.5633676  -1.7313883   0.7997015 ]
[ 0.23553605  0.11396775  0.46477968  0.4640421   2.0788531  -0.08864427
 -0.32590038 -0.4819556  -0.87663287 -1.5981462   0.78929293 -0.83097523
  0.33009452  0.6097258  -1.725189    0.80810565]
[ 0.1911339   0.05151386  0.5254772   0.4899479   2.1216612  -0.02608388
 -0.3918986  -0.45472842 -0.8398355  -1.5351455   0.6484188  -0.7753493
  0.38670442  0.5250846  -1.7391975   0.78887594]
[ 0.3543433   0.01865076  0.47651666  0.5781201   2.114057   -0.08592022
 -0.2837307  -0.51810664 -0.8834284  -1.4900888   0.7021018  -0.82348335
  0.30728045  0.6136054  -1.8838007   0.76812947]
[ 0.3307937  -0.03793643  0.53725183  0.588179    2.1172912  -0.05469584
 -0.299344   -0.50860536 -0.91831    -1.4551058   0.62712306 -0.7931429
  0.3880059   0.61727285 -1.8652163   0.6874682 ]
[ 0.24265751 -0.08312044  0.6418152   0.58597016  2.1262884   0.03511316
 -0.3728756  -0.437368   -0.8611757  -1.4286773   0.46538812 -0.72072923
  0.4530118   0.5144824  -1.8050754   0.60365903]
[ 0.15029812 -0.02440348  0.5270189   0.47844085  2.238198   -0.04021531
 -0.45921546 -0.43157244 -0.8292607  -1.5459499   0.66201884 -0.812665
  0.45390826  0.48851553 -1.6900069   0.8009776 ]
[ 1.7310637e-01  1.9887984e-03  4.9021667e-01  5.2431118e-01
  2.1907055e+00 -4.3849964e-02 -4.2144221e-01 -4.5082694e-01
 -8.3214223e-01 -1.5302901e+00  6.6951418e-01 -7.9280066e-01
  4.0253431e-01  5.0984752e-01 -1.7347267e+00  8.1053799e-01]
[ 0.21865694 -0.05129693  0.49177194  0.56436175  2.1706862  -0.04241054
 -0.36796802 -0.47509426 -0.8538598  -1.5022179   0.6291701  -0.81233823
  0.44025993  0.5620669  -1.7996496   0.7930727 ]
[ 0.26513034 -0.06675468  0.48743564  0.616397    2.1160922  -0.05813724
 -0.32053992 -0.4932112  -0.8726748  -1.4741465   0.62113905 -0.82301843
  0.44484797  0.5836015  -1.8309524   0.76874876]
[ 0.36231184 -0.05123986  0.48799363  0.57257044  2.0233366  -0.08551084
 -0.24141037 -0.50847566 -0.9217561  -1.4769677   0.6488108  -0.866607
  0.40572396  0.6702925  -1.86101     0.80647147]
[ 0.2920534  -0.10104766  0.54739     0.5936152   2.0061786  -0.03089678
 -0.25937495 -0.4504519  -0.8938352  -1.424139    0.4815337  -0.81215084
  0.4757997   0.62893593 -1.8130989   0.7232032 ]
[ 0.2786827  -0.02401924  0.44919977  0.5255686   2.0509133  -0.12252313
 -0.27181634 -0.46347275 -0.8732923  -1.5184402   0.67162913 -0.88963664
  0.4077131   0.700774   -1.8241177   0.8707859 ]
[ 0.25288945 -0.09680618  0.5114819   0.62055576  2.0574594  -0.0375217
 -0.29334497 -0.43164498 -0.8135239  -1.4078958   0.5036508  -0.7549995
  0.41785178  0.62486583 -1.9106436   0.7202686 ]
[ 0.3470289  -0.02545896  0.43096486  0.60227215  2.1151707  -0.08396228
 -0.27186862 -0.49854034 -0.83047044 -1.4463695   0.6775714  -0.81073445
  0.3165695   0.647323   -1.9811208   0.7750243 ]
[ 0.298567   -0.04365389  0.45835528  0.62279594  2.1091547  -0.04635276
 -0.2913155  -0.46271676 -0.81497985 -1.4312634   0.610613   -0.76278794
  0.34400487  0.6169228  -1.971316    0.7260515 ]
[ 0.26249176  0.05193676  0.39395493  0.5413789   2.1346898  -0.11144175
 -0.34248468 -0.47546482 -0.81345904 -1.5440326   0.77387244 -0.8190087
  0.31300983  0.6373746  -1.9006207   0.86484957]
[ 0.24027476  0.04109872  0.44670945  0.5915511   2.0470872  -0.06755757
 -0.28021282 -0.4740905  -0.8264265  -1.5063055   0.67185223 -0.76311666
  0.33186823  0.6665866  -1.9306694   0.77572155]
[ 0.2971004   0.06181133  0.4126118   0.5355584   2.0477371  -0.09325229
 -0.26851612 -0.51153076 -0.86682034 -1.5190536   0.7311313  -0.8410652
  0.33936757  0.71117824 -1.8932092   0.82357997]
[ 0.3702328  -0.02918817  0.45088428  0.6206351   2.0385327  -0.07802188
 -0.24647434 -0.4985881  -0.8823773  -1.4362023   0.61435014 -0.8056135
  0.35720146  0.6885219  -1.9377434   0.7374095 ]
[ 0.39777127 -0.08830779  0.5109815   0.6639309   1.9846287  -0.05745082
 -0.21749148 -0.4665807  -0.88769877 -1.3877404   0.5183531  -0.75021076
  0.33911476  0.7094258  -1.9907249   0.68272823]
[ 0.29447383 -0.16299358  0.6200651   0.701222    1.9810746   0.04348473
 -0.30198497 -0.36852717 -0.81672496 -1.31231     0.31143007 -0.6312634
  0.3822927   0.6114296  -1.9620167   0.56808376]
[ 2.8947017e-01 -1.4024621e-01  5.5404627e-01  6.7533767e-01
  2.0648830e+00 -2.9373168e-05 -3.1599602e-01 -4.2541963e-01
 -8.3421594e-01 -1.3771665e+00  4.3151760e-01 -6.9811374e-01
  4.0223461e-01  6.0037881e-01 -1.9444577e+00  6.7856246e-01]
[ 0.23671475 -0.17188801  0.48788887  0.65505356  2.1985734  -0.03012588
 -0.42397356 -0.39622614 -0.8078901  -1.4127676   0.4923678  -0.7153045
  0.45128638  0.49585924 -1.8440678   0.7479269 ]
[ 0.2450933  -0.20169742  0.4835453   0.69527495  2.1592898  -0.02966105
 -0.3911906  -0.38573986 -0.7948536  -1.3696262   0.45467305 -0.7002245
  0.47287554  0.5353919  -1.9237782   0.71190107]
[ 0.22715506 -0.1900959   0.48914438  0.6905506   2.0903296  -0.03001988
 -0.34117705 -0.3696463  -0.81574804 -1.3368348   0.4041949  -0.6819161
  0.48667756  0.5990052  -1.9289662   0.6680872 ]
[ 0.30451694 -0.10220806  0.4397214   0.60295737  2.109083   -0.12143528
 -0.28269857 -0.42850566 -0.8694331  -1.4522408   0.58512753 -0.792909
  0.41817522  0.6551095  -1.8856128   0.78511745]
[ 0.21618429 -0.0929964   0.4711051   0.6208854   2.0896459  -0.08071415
 -0.34461135 -0.37652284 -0.8399755  -1.420933    0.4934186  -0.74816287
  0.42897525  0.62900275 -1.8603665   0.78118116]
[ 0.33748174 -0.13736042  0.46400863  0.72886693  2.0351272  -0.08887129
 -0.25727698 -0.42491215 -0.8458227  -1.3654045   0.49839073 -0.7130288
  0.35345417  0.6831738  -2.038014    0.7317359 ]
[ 0.22690943 -0.21739987  0.55220973  0.7717336   2.023953    0.04516739
 -0.32800826 -0.37060404 -0.8187693  -1.2516114   0.2923743  -0.6124809
  0.47184473  0.6181116  -2.0050976   0.55835736]
[ 0.297582   -0.18924586  0.50959766  0.7169008   2.0636098  -0.04504172
 -0.28025466 -0.42486316 -0.8695345  -1.3312343   0.44015583 -0.6895835
  0.47500736  0.6471793  -1.9571537   0.59421116]
[ 0.18215716 -0.2220372   0.63664496  0.6588379   2.0772629   0.0463852
 -0.39007974 -0.31282043 -0.82028943 -1.3364725   0.26235014 -0.6179058
  0.52911633  0.55931413 -1.8381808   0.54344606]
[ 0.17486796 -0.07620335  0.5482217   0.6410365   2.1117694  -0.034825
 -0.38658443 -0.35821298 -0.7908851  -1.5075023   0.49688345 -0.69793737
  0.40711784  0.5390013  -1.8257625   0.72259134]
[ 0.09467554 -0.07018308  0.60117215  0.63907516  2.048583    0.03681547
 -0.4036273  -0.30415    -0.7402724  -1.4805511   0.38729787 -0.6314939
  0.40062913  0.52321327 -1.8147271   0.6766562 ]
[ 1.6158934e-01 -1.2650552e-01  5.3789616e-01  6.6740692e-01
  2.0862384e+00  1.3937764e-03 -3.8932866e-01 -3.8095981e-01
 -7.7897996e-01 -1.4557321e+00  4.6214157e-01 -7.1333814e-01
  4.7758991e-01  5.2993041e-01 -1.8319470e+00  7.1527165e-01]
[ 0.25944948 -0.21335927  0.5465706   0.7077664   2.0367286  -0.00206645
 -0.33207646 -0.37556285 -0.7915106  -1.3434105   0.33172554 -0.6997124
  0.5168996   0.5630482  -1.9028494   0.6594303 ]
[ 0.36238208 -0.2188015   0.5634598   0.67996895  1.9916382  -0.03267711
 -0.28973457 -0.36956707 -0.81589013 -1.3216568   0.30801    -0.6826976
  0.46840224  0.6436898  -1.9493269   0.62279975]
[ 0.22748716 -0.21049175  0.677536    0.63256335  1.9982336   0.11389871
 -0.44268566 -0.2402486  -0.6798161  -1.3069315   0.1410326  -0.5052323
  0.42184034  0.51941216 -1.9240875   0.53579867]
[ 0.1248491  -0.06580635  0.5889069   0.59577894  2.151088    0.04526563
 -0.5052211  -0.26274106 -0.6307118  -1.4462116   0.3916511  -0.53596866
  0.3217457   0.47193822 -1.9296505   0.64637375]
[ 0.10414179 -0.00764779  0.5131713   0.65187514  2.1742668   0.03373783
 -0.5245961  -0.30363265 -0.63547295 -1.4693749   0.5086926  -0.5645739
  0.31959897  0.44438314 -1.96702     0.6840779 ]
[ 0.1705968  -0.09884711  0.50168335  0.7112852   2.173243   -0.00599201
 -0.43461356 -0.38977075 -0.7467927  -1.4264895   0.50718534 -0.68262106
  0.4399766   0.5594808  -1.978516    0.66005164]
[ 0.2945806  -0.12607828  0.49205685  0.6762184   2.0759628  -0.08805623
 -0.27506533 -0.42780572 -0.8709545  -1.4015611   0.5127614  -0.7310711
  0.46154958  0.6379146  -1.9267431   0.65625155]
[ 0.2234581  -0.10917766  0.5598706   0.6548678   2.053773   -0.01433514
 -0.3348165  -0.38327903 -0.8488585  -1.4286711   0.42019433 -0.7054301
  0.47822648  0.58940077 -1.8173685   0.6234564 ]
[ 0.24364492 -0.16814741  0.6354071   0.6423272   2.0255978   0.06373569
 -0.37429833 -0.32014912 -0.7865581  -1.3500526   0.257392   -0.63466054
  0.44941536  0.51159054 -1.8264046   0.59207636]
[ 0.25353202 -0.16859262  0.5495636   0.72215265  2.0643795  -0.02297403
 -0.34298125 -0.34642717 -0.7630106  -1.392179    0.39260733 -0.67459697
  0.38792783  0.5493371  -1.937479    0.69023097]
[ 0.2095172  -0.22914514  0.6348625   0.7431758   1.9951935   0.0457108
 -0.3488173  -0.3097765  -0.75024664 -1.2994206   0.269105   -0.6121916
  0.42287683  0.60143876 -1.9972935   0.581567  ]
[ 0.21002385 -0.24178162  0.6405598   0.6871005   2.0793378   0.03742484
 -0.40551862 -0.36198178 -0.78073233 -1.3615731   0.33787775 -0.6627251
  0.5241629   0.5417841  -1.9012516   0.6144452 ]
[ 0.20015125 -0.1536487   0.5507368   0.5436474   2.2104263  -0.02218323
 -0.48931056 -0.3554235  -0.7796802  -1.4802854   0.4983999  -0.70830387
  0.51524323  0.42235345 -1.7262747   0.7375849 ]
[ 0.15676732 -0.10058582  0.5049499   0.5672026   2.1561456  -0.04770442
 -0.45205584 -0.33254644 -0.77255344 -1.4767774   0.5016477  -0.6718749
  0.47717008  0.5134882  -1.790329    0.7309829 ]
[ 0.06914201 -0.05915618  0.5394188   0.5584305   2.14325    -0.0061242
 -0.47051686 -0.3047406  -0.7435106  -1.4772313   0.4456779  -0.6141454
  0.47166595  0.521137   -1.7843277   0.67444265]
[ 0.16369052 -0.06836428  0.4563609   0.6502105   2.1279685  -0.05442359
 -0.3703239  -0.42750517 -0.7946344  -1.4703896   0.5558764  -0.74996024
  0.46480322  0.62099236 -1.8788468   0.7385973 ]
[ 0.31100267 -0.09324367  0.4518861   0.7157684   1.9882176  -0.07498389
 -0.21568306 -0.47346562 -0.8835387  -1.3647213   0.5016751  -0.75173604
  0.39806056  0.72544783 -1.9744419   0.7022513 ]
[ 0.35411432 -0.15090302  0.5309574   0.75086814  1.9391029  -0.00273021
 -0.21363115 -0.4769391  -0.91054165 -1.3121501   0.3947416  -0.7045185
  0.38975248  0.7272825  -1.9779114   0.62206984]
[ 0.2462446  -0.21983567  0.6930553   0.7736371   1.8945373   0.18555042
 -0.3468011  -0.3573798  -0.7862921  -1.186445    0.13804425 -0.55135024
  0.39515954  0.58694977 -1.9901295   0.47999287]
[ 0.2908744  -0.2238812   0.66467613  0.71837556  1.989632    0.08836803
 -0.33847448 -0.42230147 -0.82889396 -1.2737292   0.30452824 -0.6527194
  0.4571549   0.55776113 -1.9355342   0.5597547 ]
[ 0.17595789 -0.20396154  0.6550167   0.6371849   2.0275996   0.10682242
 -0.3753938  -0.40708342 -0.88317573 -1.3314011   0.29617098 -0.63789195
  0.5591825   0.56696033 -1.7818455   0.5533484 ]
[ 0.18011764 -0.11313961  0.58497256  0.5326303   2.1734104   0.01014484
 -0.4403425  -0.44133216 -0.91654605 -1.4257138   0.5126318  -0.740166
  0.49656558  0.5241523  -1.6860821   0.71183455]
[ 0.20610467 -0.16793479  0.56693566  0.6347532   2.130053    0.04167663
 -0.4027258  -0.42039746 -0.8599502  -1.3548914   0.4103214  -0.6734443
  0.52066016  0.5240097  -1.8248192   0.6293551 ]
[ 0.2633721  -0.05193273  0.47777814  0.62748206  2.070488   -0.05862124
 -0.29293075 -0.48797894 -0.9434639  -1.4510199   0.5976512  -0.75862944
  0.43962067  0.65408957 -1.8364115   0.71307933]
[ 0.11772716 -0.13186558  0.5637332   0.61082125  2.0634372   0.03018451
 -0.3667413  -0.4028028  -0.9072822  -1.4013592   0.40263796 -0.7013819
  0.5337888   0.6096507  -1.7243868   0.6666881 ]
[ 0.23396845 -0.1311249   0.46908396  0.6427612   2.0337703  -0.06350733
 -0.2638168  -0.46576095 -0.9470207  -1.4050834   0.50426227 -0.808627
  0.502782    0.70850354 -1.8007561   0.7555108 ]
[ 0.34641394 -0.17289431  0.5290989   0.6976981   1.9527671  -0.02385295
 -0.2169931  -0.47570878 -0.9628547  -1.3755177   0.41571084 -0.7707244
  0.4776875   0.7002233  -1.8559473   0.6972984 ]
[ 0.23025616 -0.24997428  0.60349053  0.70609933  1.9645717   0.04257747
 -0.31325525 -0.37316197 -0.895298   -1.2906243   0.22985148 -0.7027394
  0.5466459   0.64286846 -1.8162438   0.63652617]
[ 0.24677782 -0.302142    0.6425081   0.7437856   1.9645064   0.07256471
 -0.33628744 -0.32906327 -0.799788   -1.237282    0.16868415 -0.60323876
  0.517892    0.59946674 -1.9547793   0.56306046]
[ 0.17677936 -0.21366775  0.6185886   0.67194796  2.052175    0.05107478
 -0.38429812 -0.28978446 -0.7587189  -1.3359654   0.21302359 -0.5819291
  0.4839518   0.55738294 -1.9002476   0.59984744]
[ 0.15888485 -0.09808181  0.53469354  0.56671107  2.177513   -0.05298545
 -0.45931587 -0.2893831  -0.73898095 -1.4614031   0.42996567 -0.6816109
  0.40539283  0.535739   -1.8288879   0.7683588 ]
[ 0.17085275 -0.12370293  0.5219857   0.70741814  2.0944867  -0.00552068
 -0.4181897  -0.26213682 -0.6286155  -1.3992476   0.35546362 -0.55804425
  0.3304568   0.5105893  -2.0192146   0.68545604]
[ 0.19592512 -0.10285934  0.4615079   0.7096806   2.145279   -0.07357526
 -0.3828506  -0.34907985 -0.7076012  -1.4292932   0.4992693  -0.6476998
  0.35486263  0.5685102  -2.0107088   0.7311585 ]
[ 0.17460218 -0.13021019  0.5068361   0.7509815   2.0712667   0.02231545
 -0.3800993  -0.32130828 -0.7127702  -1.3594949   0.35202256 -0.58365035
  0.3979773   0.577101   -2.0414662   0.6360369 ]
[ 0.25377804 -0.18378031  0.49019018  0.7518598   2.1114802  -0.0377596
 -0.3393182  -0.38047963 -0.77776444 -1.3707316   0.40693697 -0.6785166
  0.44202048  0.60905683 -1.9935354   0.6569631 ]
[ 0.34784716 -0.17691405  0.49996656  0.7731085   2.0159733  -0.0315378
 -0.26186448 -0.37257704 -0.7736924  -1.317019    0.379834   -0.63066
  0.32102537  0.6183702  -2.073374    0.6407075 ]
[ 0.16960637 -0.11098609  0.5782565   0.7290391   2.0094948   0.05888897
 -0.37632856 -0.29746655 -0.715862   -1.3509948   0.3049146  -0.5705151
  0.34625047  0.55457056 -2.0071204   0.63885957]
[ 0.15691903 -0.12480481  0.57144886  0.7306321   2.0265434   0.04078453
 -0.367519   -0.34652978 -0.76834774 -1.3551708   0.3358888  -0.6127234
  0.44174558  0.6034578  -1.9702715   0.59706986]
[ 0.20528546 -0.19051425  0.55155617  0.6841544   2.144679    0.01161064
 -0.41846982 -0.38597447 -0.7856734  -1.4080148   0.4232153  -0.6982133
  0.5103444   0.5025739  -1.8548973   0.66884506]
[ 0.2631953  -0.17387709  0.52584255  0.7130795   2.0698369  -0.01644159
 -0.33372724 -0.38878545 -0.8099699  -1.3619168   0.4012702  -0.6835141
  0.43612784  0.5524293  -1.8859608   0.65343076]
[ 0.23325033 -0.18008952  0.5706749   0.6920951   2.0090837   0.03319808
 -0.3422035  -0.32885253 -0.7609652  -1.2984003   0.2717319  -0.6049693
  0.42813468  0.5719903  -1.9422858   0.6078043 ]
[ 0.16964528 -0.11665586  0.5660576   0.6411228   2.1203322   0.01780691
 -0.39219669 -0.34779304 -0.7551821  -1.3795993   0.39000306 -0.60733026
  0.4084696   0.5304237  -1.9080015   0.623114  ]
[ 0.21756634 -0.0579612   0.484905    0.67666847  2.1454825  -0.03998422
 -0.35291612 -0.41123086 -0.7669328  -1.4519787   0.5500783  -0.6880957
  0.34971327  0.557093   -1.934269    0.6835567 ]
[ 0.19014116 -0.09772337  0.5280582   0.678406    2.1117034   0.01337605
 -0.37578422 -0.37675    -0.73003376 -1.398463    0.45415717 -0.6584594
  0.38473457  0.53284377 -1.9560778   0.6604982 ]
[ 0.25632477 -0.06174392  0.4598097   0.64448035  2.1086247  -0.08340669
 -0.30721444 -0.45226178 -0.82943326 -1.4653475   0.615509   -0.7350726
  0.36221838  0.6142175  -1.8979257   0.7338408 ]
[ 0.13053134 -0.09468628  0.5120541   0.62308997  2.1312594  -0.00429998
 -0.3881144  -0.38812178 -0.80095035 -1.4277203   0.4725141  -0.66354495
  0.44155973  0.5662702  -1.8343674   0.68721884]
[ 0.17183718 -0.1424712   0.52589875  0.68963647  2.119606    0.02267819
 -0.38237095 -0.37046534 -0.7540067  -1.3774166   0.40807253 -0.6305887
  0.41877246  0.55438554 -1.9479727   0.6548041 ]
[ 0.2987227  -0.10345888  0.47214055  0.69450194  2.0927227  -0.06186893
 -0.29512218 -0.42818904 -0.80787295 -1.4459673   0.540354   -0.7198747
  0.3512132   0.61222184 -1.9575999   0.720206  ]
[ 0.18057664 -0.08225232  0.5095929   0.6646849   2.088784   -0.00291406
 -0.3659298  -0.36332962 -0.75010955 -1.4596077   0.461104   -0.6809243
  0.37519512  0.53267723 -1.862632    0.71927124]
[ 0.16958067 -0.0855817   0.5126404   0.6821867   2.0395036   0.00900472
 -0.36376777 -0.3082812  -0.6929786  -1.4245225   0.3812796  -0.620233
  0.34566116  0.5456275  -1.9343134   0.70835954]
[ 0.24701981 -0.13853636  0.45052475  0.6941911   2.0802941  -0.08182718
 -0.31975824 -0.35735947 -0.7344929  -1.4170948   0.44077215 -0.714873
  0.39160353  0.6051486  -1.9533421   0.7733007 ]
[ 0.4386949  -0.19242933  0.47407317  0.731742    2.022317   -0.09182964
 -0.25547057 -0.35859567 -0.71253175 -1.3266233   0.41583833 -0.6621989
  0.25767976  0.61502254 -2.1176515   0.72326136]
[ 0.2832619  -0.21344963  0.5405979   0.7144792   2.062379    0.01765804
 -0.41611996 -0.24744645 -0.5983429  -1.2917937   0.27550045 -0.537372
  0.28504962  0.48715073 -2.088029    0.68730485]
[ 0.20960352 -0.1671894   0.4729148   0.7169255   2.131913   -0.0465372
 -0.42263713 -0.27459255 -0.633715   -1.3503315   0.41944218 -0.58752996
  0.29018912  0.55262786 -2.075959    0.7263712 ]
[ 0.15983346 -0.09185332  0.42100167  0.6465067   2.2088456  -0.07772252
 -0.45504197 -0.3143216  -0.6461462  -1.4583557   0.547654   -0.6236936
  0.34569615  0.5164695  -2.0048141   0.789941  ]
[ 0.21863282 -0.07319601  0.3523565   0.65525925  2.2096145  -0.13075684
 -0.37841558 -0.3961775  -0.7281607  -1.4990394   0.6557196  -0.73789185
  0.3599045   0.58947325 -1.9748185   0.84349614]
[ 0.29997033 -0.06962409  0.36224508  0.6711382   2.128944   -0.12970175
 -0.29965517 -0.42714468 -0.7773616  -1.4473193   0.63143116 -0.7556348
  0.33747616  0.66714734 -2.0378861   0.8107053 ]
[ 0.30039772 -0.06766327  0.39546323  0.6929656   2.080597   -0.10838107
 -0.27922654 -0.42737705 -0.8128009  -1.3998067   0.5669397  -0.736724
  0.35457537  0.67610145 -2.0225637   0.7512202 ]
[ 0.31715715 -0.07672402  0.44713402  0.70791376  2.0002184  -0.07071783
 -0.24628124 -0.43432727 -0.8605291  -1.3603132   0.49706116 -0.70364344
  0.37782925  0.71830446 -2.0141797   0.66218776]
[ 0.26954404 -0.14365329  0.53578436  0.77527916  1.9410403   0.05030484
 -0.27626055 -0.37561947 -0.79856074 -1.2719064   0.27690628 -0.633865
  0.39970914  0.6743796  -2.0234685   0.5595714 ]
[ 0.3996319  -0.17502789  0.5243181   0.73647314  1.981559   -0.05068883
 -0.23649564 -0.42847386 -0.8357031  -1.3139393   0.41035342 -0.7128308
  0.33266586  0.67471504 -2.0044062   0.6581095 ]
[ 0.27381402 -0.23888595  0.64346886  0.76366895  1.9415334   0.0977686
 -0.3387065  -0.3414433  -0.75992984 -1.2339352   0.22755012 -0.58374524
  0.36577362  0.5812063  -2.0132039   0.5714599 ]
[ 0.20657656 -0.25329775  0.67350745  0.6906184   2.0629172   0.10676235
 -0.4310797  -0.3377288  -0.7718831  -1.2660494   0.27128118 -0.57525194
  0.45061645  0.53529763 -1.9496838   0.5418097 ]
[ 0.18680628 -0.22735927  0.6051465   0.624508    2.1648889   0.04014365
 -0.45128718 -0.38550943 -0.82097304 -1.3802131   0.4103446  -0.6863011
  0.599193    0.47687492 -1.8016453   0.6025323 ]
[ 0.18722732 -0.1689339   0.4954404   0.56549424  2.1919806  -0.0483863
 -0.41021228 -0.4103952  -0.8907776  -1.470401    0.55894035 -0.7784813
  0.5931884   0.52233386 -1.6888005   0.7140819 ]
[ 0.13136697 -0.08759417  0.50821316  0.49312     2.115696   -0.0478171
 -0.40648323 -0.34819573 -0.87596494 -1.488981    0.5155129  -0.74515533
  0.51844     0.5651144  -1.6445158   0.76376534]
[ 0.15727797 -0.04114548  0.49117202  0.5138356   2.0702279  -0.11071038
 -0.35629654 -0.36799157 -0.83731353 -1.5107753   0.56830037 -0.81760824
  0.4383893   0.67346513 -1.768061    0.86641616]
[ 0.34567592 -0.13434829  0.45714083  0.73179835  1.9322065  -0.09772114
 -0.19517389 -0.4057904  -0.83809406 -1.3905624   0.44809803 -0.75541556
  0.37465158  0.7232927  -1.990242    0.75872356]
[ 0.43102345 -0.23017056  0.52119905  0.7753642   1.8749616  -0.06126619
 -0.18654731 -0.39259616 -0.82010114 -1.2952462   0.33219188 -0.70712626
  0.36676937  0.6917327  -2.0248356   0.68548554]
[ 0.40522757 -0.34628326  0.675783    0.733894    1.8623025   0.08619986
 -0.31433195 -0.2650209  -0.69871557 -1.1924435   0.06068982 -0.56269014
  0.4111267   0.519076   -1.9998114   0.58271396]
[ 0.32994634 -0.28707242  0.63103133  0.64464605  1.9741852   0.04119763
 -0.40653867 -0.18927956 -0.6149511  -1.2707762   0.12302744 -0.5273713
  0.39355868  0.46493417 -1.9642378   0.6178094 ]
[ 0.20081988 -0.17206518  0.56038177  0.52850294  2.1838489  -0.04102772
 -0.5374413  -0.1702668  -0.5695845  -1.416811    0.34508052 -0.5522374
  0.36645436  0.40323067 -1.8727198   0.7073437 ]
[ 0.14699242 -0.09916166  0.44679508  0.60797495  2.277156   -0.07269435
 -0.5206375  -0.25185448 -0.57201093 -1.4519373   0.5319364  -0.59316236
  0.34411815  0.44229954 -2.0033622   0.7296637 ]
[ 0.1688622  -0.05797776  0.36906344  0.62552375  2.3235402  -0.10918392
 -0.48763627 -0.33883402 -0.62832433 -1.5246277   0.68160266 -0.71107113
  0.36151737  0.47188464 -1.9680951   0.7877833 ]
[ 0.23777583 -0.03385687  0.3352576   0.64057434  2.2340465  -0.1365477
 -0.38812006 -0.37362447 -0.6748891  -1.5152705   0.692716   -0.72888505
  0.31491584  0.5561535  -2.001099    0.8059546 ]
[ 2.9786989e-01  1.5142470e-03  3.3761254e-01  6.5063941e-01
  2.0892019e+00 -1.5181179e-01 -2.7340180e-01 -3.9505869e-01
 -7.2159386e-01 -1.5056264e+00  6.7097151e-01 -7.5027031e-01
  2.6825568e-01  6.5926808e-01 -2.0334878e+00  8.2218266e-01]
[ 0.3524081  -0.04580651  0.3773396   0.6979224   2.0066319  -0.1480986
 -0.21515267 -0.38752323 -0.7297281  -1.4627068   0.58867323 -0.748213
  0.2536694   0.68581474 -2.0661216   0.80639756]
[ 0.36453632 -0.16301759  0.43320322  0.77521545  1.9454387  -0.12364478
 -0.1928992  -0.3673431  -0.7580208  -1.3849318   0.46404305 -0.71260244
  0.31200397  0.7065384  -2.075213    0.7388068 ]
[ 0.4064579  -0.2698037   0.53713614  0.78259575  1.9273608  -0.08090241
 -0.22973831 -0.3296763  -0.7264359  -1.3117777   0.33868957 -0.6312169
  0.31117684  0.64664364 -2.103951    0.6920905 ]
[ 0.22238824 -0.28132516  0.67461     0.7019161   1.9836391   0.05325773
 -0.44422427 -0.2144318  -0.62865853 -1.3104568   0.1852627  -0.51824284
  0.37111622  0.5209666  -2.0166862   0.65926707]
[ 0.15077965 -0.14999351  0.5326128   0.6511511   2.1030197  -0.03214212
 -0.49429417 -0.24663818 -0.6354163  -1.4505266   0.41520542 -0.5658637
  0.34990034  0.48225155 -1.9480183   0.8020031 ]
[ 0.05922513 -0.12605688  0.46115246  0.5917909   2.1845996  -0.07319911
 -0.5473443  -0.24773002 -0.6466136  -1.5264552   0.50024796 -0.6022599
  0.42656898  0.46682286 -1.8288746   0.87573415]
[ 0.08919327 -0.05898146  0.38194457  0.6672443   2.1509778  -0.09627166
 -0.4499123  -0.3568043  -0.7124068  -1.5334437   0.588494   -0.68097204
  0.3986144   0.6037552  -1.9183292   0.8954911 ]
[ 0.16549966 -0.06748345  0.3567594   0.7538003   2.0276215  -0.10373016
 -0.31303716 -0.3878261  -0.7564172  -1.4739748   0.51853293 -0.70697534
  0.3778879   0.7569358  -2.0385978   0.8590161 ]
[ 0.25772616 -0.07674953  0.32759795  0.85868967  1.8781145  -0.0953298
 -0.19303387 -0.40336293 -0.7751547  -1.3848875   0.44921905 -0.70465887
  0.28633374  0.88513374 -2.149953    0.8073368 ]
[ 0.29202873 -0.12317568  0.38778824  0.96089584  1.822588   -0.01071128
 -0.19557506 -0.411035   -0.77823704 -1.2611187   0.30899006 -0.6173993
  0.21430275  0.88876975 -2.2264986   0.7124251 ]
[ 0.18957257 -0.23182619  0.4969066   1.0311785   1.7334998   0.18585785
 -0.3340362  -0.2419981  -0.61149055 -1.0834861  -0.00439562 -0.42071968
  0.20454276  0.8289264  -2.3525476   0.5688639 ]
[ 0.23648067 -0.29878312  0.5283884   1.0064161   1.8310473   0.16088855
 -0.3438173  -0.3017141  -0.67384785 -1.0729182   0.04354618 -0.4437681
  0.31583458  0.7643075  -2.3037832   0.50647914]
[ 0.22067098 -0.29065338  0.59319335  0.92011917  1.8956387   0.13282895
 -0.35607424 -0.27192396 -0.71066105 -1.1437694   0.08400257 -0.468433
  0.350912    0.7082128  -2.2052588   0.49518532]
[ 0.15108156 -0.17991512  0.6095265   0.77623236  2.030623    0.0538841
 -0.40908116 -0.3056808  -0.74240744 -1.361323    0.31681016 -0.5951392
  0.38364065  0.60010594 -2.0019815   0.63208276]
[ 1.4330849e-01 -4.9661864e-02  5.3729922e-01  7.2242749e-01
  1.9902573e+00  1.8043637e-03 -3.5095412e-01 -3.6130089e-01
 -7.7219760e-01 -1.4759529e+00  4.5889753e-01 -6.6587722e-01
  3.4962603e-01  6.0923970e-01 -1.9182751e+00  7.4531955e-01]
[ 0.18414359 -0.06111232  0.508309    0.6280216   2.0276172  -0.04351496
 -0.34537828 -0.3825708  -0.7954608  -1.5233982   0.5164622  -0.75688565
  0.38553315  0.5847715  -1.8199993   0.861765  ]
[ 0.2651309  -0.16916409  0.49993333  0.75130177  1.943483   -0.06172187
 -0.26813918 -0.39496836 -0.81050235 -1.4173701   0.41459203 -0.7379332
  0.4308935   0.6683036  -1.9455242   0.79639304]
[ 0.39541608 -0.24909635  0.5002726   0.7660106   1.8923346  -0.07357337
 -0.24421196 -0.4050784  -0.83676374 -1.3198283   0.34471852 -0.69199055
  0.42086834  0.72658956 -2.015971    0.75271314]
[ 0.28679386 -0.32609597  0.5683514   0.7731408   1.9471331   0.09701691
 -0.40346336 -0.28296745 -0.7345332  -1.1842206   0.06038854 -0.5108746
  0.4853538   0.6069814  -2.0178752   0.594683  ]
[ 0.14966251 -0.17373693  0.49665222  0.7479235   2.0844963   0.05006198
 -0.47815943 -0.24783763 -0.6565815  -1.3238024   0.2661732  -0.5122053
  0.38634783  0.59857416 -2.051048    0.62418497]
[-0.00915069 -0.09272418  0.48510823  0.71185803  2.166191    0.03695678
 -0.55099714 -0.23682499 -0.61648494 -1.4399278   0.42039752 -0.52356434
  0.3828435   0.58544886 -2.0041716   0.64531106]
[ 0.04080701 -0.02168779  0.44248334  0.7715033   2.1260133  -0.00635091
 -0.47475773 -0.36464745 -0.71418417 -1.5445249   0.57414776 -0.65951157
  0.383785    0.63105905 -1.9743471   0.7536617 ]
[ 0.12068395 -0.05519871  0.46778354  0.8017782   1.9659646  -0.04953784
 -0.309788   -0.39323598 -0.8122549  -1.5165601   0.51939046 -0.7123276
  0.38541263  0.7436862  -1.9894087   0.7981365 ]
[ 0.23488812 -0.09390323  0.51781744  0.7987112   1.7963583  -0.12442372
 -0.1810097  -0.3720444  -0.8744224  -1.4788394   0.46013013 -0.7197401
  0.37777692  0.79217196 -1.9948353   0.82587034]
[ 0.296426   -0.14648363  0.5990187   0.8074236   1.6349443  -0.07244786
 -0.12597185 -0.33558092 -0.8331563  -1.3866009   0.32385975 -0.6684038
  0.337166    0.78690547 -2.023271    0.7683272 ]
[ 0.18774061 -0.22822948  0.7827238   0.73309565  1.6143866   0.14894897
 -0.28390616 -0.18725142 -0.6421883  -1.2461237  -0.0162522  -0.4995385
  0.33845198  0.61292535 -2.0119104   0.657365  ]
[ 0.20566301 -0.064153    0.6974054   0.73054355  1.7114604   0.11349239
 -0.33350652 -0.24476063 -0.5661912  -1.3664086   0.11192236 -0.5143459
  0.23428306  0.59943765 -2.0533273   0.7033532 ]
[ 0.02703351  0.11243765  0.638134    0.6344861   1.9201918   0.15413596
 -0.5768753  -0.1798723  -0.4122491  -1.5193348   0.24720225 -0.43658733
  0.12367067  0.4762845  -1.9869678   0.7476182 ]
[-0.05915361  0.24377012  0.43414554  0.7108177   2.0428927   0.11859362
 -0.7056073  -0.17709957 -0.28014907 -1.5345901   0.4670658  -0.39388734
 -0.04106049  0.44099933 -2.1506104   0.85586995]
[-0.05756142  0.23235305  0.36626735  0.77213603  2.110917    0.08980249
 -0.7105435  -0.2107379  -0.28730565 -1.537474    0.5825206  -0.45866108
 -0.07271717  0.48539263 -2.229981    0.8967841 ]
[ 0.00587273  0.12177525  0.32945955  0.82533705  2.2142196   0.03043512
 -0.6444744  -0.32218972 -0.41204625 -1.5260655   0.6871432  -0.5969406
  0.02921298  0.5515322  -2.206706    0.88161165]
[ 0.06306415  0.10681345  0.34000605  0.74379313  2.2284644   0.01009936
 -0.61594325 -0.32543474 -0.42939058 -1.5274315   0.7079773  -0.63657206
  0.07324778  0.5161036  -2.1558661   0.86865366]
[ 0.14608487  0.04205304  0.30477577  0.7644658   2.216822   -0.03703972
 -0.48306695 -0.3809884  -0.52149487 -1.5169206   0.7319929  -0.72039354
  0.13572283  0.5778698  -2.1395557   0.8459036 ]
[ 0.30761582  0.0221265   0.27684402  0.66690016  2.1515567  -0.15331864
 -0.27956718 -0.43433172 -0.6515688  -1.5392158   0.79865235 -0.8164545
  0.18992779  0.669741   -2.1101975   0.8674928 ]
[ 0.3140174   0.03034054  0.3090839   0.5819118   2.1652896  -0.16362102
 -0.29447278 -0.44161868 -0.67639923 -1.5495675   0.81312025 -0.8172965
  0.22355416  0.6208104  -2.039958    0.89170396]
[ 0.29568818  0.01831301  0.30833212  0.590592    2.1489606  -0.15044098
 -0.28558463 -0.45726568 -0.7212145  -1.5146238   0.78197926 -0.81663895
  0.27728933  0.65797967 -2.0266995   0.8595716 ]
[ 0.3039832  -0.01519969  0.3386589   0.60260123  2.1466084  -0.12929788
 -0.2881139  -0.46859962 -0.7623946  -1.4805781   0.74001724 -0.80801594
  0.32599908  0.68237543 -2.037202    0.8133844 ]
[ 0.3153881  -0.02837406  0.3664134   0.6175431   2.130792   -0.1204471
 -0.2905429  -0.45554408 -0.7758223  -1.4807746   0.7065361  -0.78819144
  0.3180875   0.6536829  -2.0108612   0.8063024 ]
[ 0.32650417  0.03751395  0.39301696  0.6106239   2.0096207  -0.12500872
 -0.24027574 -0.44465232 -0.7866275  -1.5143964   0.70828944 -0.7781421
  0.2683476   0.7055402  -2.004315    0.798567  ]
[ 0.28399763  0.03001733  0.48042026  0.6243304   1.9387457  -0.08183794
 -0.22615464 -0.40798944 -0.7652568  -1.4851246   0.56942195 -0.7505332
  0.29250526  0.6989484  -2.0035894   0.76679057]
[ 0.3544834  -0.00527     0.4178512   0.6006458   1.9494133  -0.15413284
 -0.18053539 -0.44330248 -0.8063264  -1.4936352   0.65415394 -0.8572955
  0.30562097  0.7612921  -1.9877691   0.8515197 ]
[ 0.38278738 -0.07450762  0.4917488   0.66008395  1.9338963  -0.09509184
 -0.1742926  -0.4416142  -0.8192005  -1.3924152   0.52942145 -0.77417004
  0.31600845  0.7405261  -2.0473943   0.7259552 ]
[ 0.39812988 -0.1739176   0.62689126  0.6783968   1.9499779   0.02879664
 -0.26813275 -0.40399426 -0.7524268  -1.285323    0.341111   -0.6532587
  0.3356853   0.58795273 -2.071715    0.6190173 ]
[ 0.33493772 -0.12711683  0.549549    0.6697384   2.0223396  -0.01099535
 -0.3257679  -0.37654078 -0.7262293  -1.3612983   0.44783148 -0.66111517
  0.3256946   0.56277275 -2.023353    0.6586049 ]
[ 0.19180533 -0.03966387  0.49498525  0.60129595  2.117534   -0.03153972
 -0.44661203 -0.32849878 -0.64797956 -1.4693278   0.53579986 -0.6523301
  0.3068026   0.48526317 -1.9215453   0.7685234 ]
[ 0.11681702 -0.00427269  0.46705619  0.5837695   2.1311665  -0.05157969
 -0.43212438 -0.3599643  -0.67198867 -1.5348186   0.59398526 -0.69204557
  0.36683232  0.55174637 -1.9000562   0.801195  ]
[ 0.22088543  0.02288418  0.4101388   0.5883043   2.114203   -0.11063533
 -0.336406   -0.46661043 -0.7536037  -1.5630014   0.7275803  -0.8422729
  0.3584699   0.6439304  -1.9128885   0.8663006 ]
[ 0.3464615  -0.03585294  0.39715514  0.6259553   2.0074193  -0.13118339
 -0.2115458  -0.48872775 -0.8331529  -1.4784267   0.6744861  -0.86863154
  0.35934934  0.7615684  -1.989476    0.82995874]
[ 0.3428217  -0.06760219  0.43473926  0.65567625  1.9973176  -0.09305556
 -0.21816197 -0.47891432 -0.84214056 -1.4297676   0.6247765  -0.8078863
  0.3576482   0.7407736  -2.0035815   0.7493498 ]
[ 0.322581   -0.10122947  0.53140515  0.669631    1.9697621  -0.01318986
 -0.22236145 -0.45011896 -0.81714934 -1.3572094   0.4681728  -0.7242972
  0.3567254   0.6837948  -2.028604    0.67191434]
[ 0.26950377 -0.03256773  0.49075872  0.66436845  1.9884303  -0.02174806
 -0.25637966 -0.4316663  -0.780098   -1.4262153   0.5229212  -0.7261383
  0.3340282   0.66794634 -2.005668    0.7046081 ]
[ 0.3317798   0.02022955  0.41180816  0.6006157   2.0162027  -0.11034653
 -0.23898983 -0.47167215 -0.8006021  -1.5046599   0.7015003  -0.8300126
  0.28789067  0.7014894  -1.9787515   0.82914764]
[ 0.32655874 -0.02081752  0.4669661   0.6595767   1.9603186  -0.06521906
 -0.20317964 -0.45273218 -0.78417426 -1.4439495   0.5929988  -0.7701128
  0.2869051   0.68086815 -2.0186076   0.747251  ]
[ 0.3344903   0.01022692  0.4434174   0.61606854  1.944135   -0.10228367
 -0.19554979 -0.4812494  -0.8432148  -1.4979527   0.6659833  -0.82551706
  0.31284532  0.7572413  -1.9881684   0.81420535]
[ 0.32469624 -0.11905287  0.5206138   0.6764114   1.9860548  -0.02318753
 -0.24830428 -0.45413837 -0.8044163  -1.3854539   0.4874142  -0.74295664
  0.37483674  0.66993105 -2.0078301   0.7060712 ]
[ 0.3646707  -0.06801028  0.42577466  0.62672985  2.0619397  -0.08828536
 -0.2705708  -0.46648064 -0.8034159  -1.4556319   0.64712334 -0.80333555
  0.30413494  0.6389863  -1.9829346   0.83402747]
[ 0.29597422 -0.06015128  0.4780652   0.66343623  1.9697349  -0.05491736
 -0.24681938 -0.40927202 -0.76547325 -1.4217303   0.53150237 -0.7240187
  0.31200975  0.6806859  -2.0293007   0.74263954]
[ 0.24778827 -0.03179308  0.45232564  0.5966314   2.0507133  -0.07885581
 -0.30305195 -0.40761358 -0.72762674 -1.471962    0.5890831  -0.75362456
  0.31805822  0.64230764 -1.9820923   0.82538396]
[ 0.27235943  0.01833257  0.34848636  0.5713617   2.0449684  -0.15245719
 -0.26458102 -0.45660663 -0.77078855 -1.539217    0.7298757  -0.8545699
  0.33825213  0.7245976  -1.9594345   0.9184152 ]
[ 0.337746    0.00855171  0.37378263  0.6129463   1.9786297  -0.13792117
 -0.20195122 -0.47119275 -0.80696183 -1.49159     0.6843942  -0.84984
  0.291756    0.80101454 -2.0260594   0.8637559 ]
[ 0.34975466 -0.09858115  0.43289533  0.7101377   1.987224   -0.05383958
 -0.21479157 -0.4426362  -0.76761276 -1.3781186   0.51123756 -0.74919415
  0.30328923  0.7247252  -2.1063473   0.75457776]
[ 0.38125634 -0.06809147  0.38179785  0.6918255   2.0085003  -0.10733716
 -0.22266135 -0.43253714 -0.7604389  -1.4075618   0.6020521  -0.7636259
  0.23330753  0.7285985  -2.103335    0.802379  ]
[ 0.31016138 -0.12142613  0.47162762  0.76890355  1.9414107  -0.02157629
 -0.20613194 -0.37434673 -0.7030416  -1.3050699   0.40260014 -0.6712435
  0.23627523  0.75136906 -2.2109199   0.69179493]
[ 0.31254894 -0.04740635  0.40829572  0.6616046   2.008283   -0.11740681
 -0.215408   -0.40673608 -0.73708487 -1.452493    0.6035119  -0.7738329
  0.30940506  0.7112597  -2.0816379   0.7803909 ]
[ 0.3594285  -0.00847813  0.3724559   0.601342    2.0548043  -0.15318298
 -0.22501478 -0.45551938 -0.7571289  -1.4964212   0.71661294 -0.84438115
  0.2636834   0.7169895  -2.0454376   0.86642396]
[ 0.3244511  -0.06675766  0.42124048  0.6825469   2.02369    -0.08739727
 -0.21958008 -0.4243946  -0.7438011  -1.4131609   0.5799138  -0.7557126
  0.30450684  0.6906749  -2.0961907   0.74176466]
[ 0.36749464 -0.02702013  0.3845322   0.6272615   2.0842834  -0.11739869
 -0.2428077  -0.45128718 -0.7415209  -1.4626122   0.6904516  -0.7978176
  0.24502055  0.661146   -2.0695226   0.8138362 ]
[ 0.33115667 -0.02278118  0.42032346  0.65605104  2.055184   -0.08580487
 -0.2525113  -0.42512864 -0.71517843 -1.4625027   0.6324955  -0.75182736
  0.24570286  0.627705   -2.073337    0.78381276]
[ 0.342604    0.04759145  0.35579294  0.61367637  2.0431385  -0.13923329
 -0.23411874 -0.4414362  -0.7203588  -1.5318702   0.753239   -0.80033886
  0.20297375  0.67047465 -2.0420613   0.8458568 ]
[ 0.30009803  0.01011506  0.4215091   0.629443    2.0161982  -0.10454623
 -0.23110683 -0.44758534 -0.7466291  -1.5132816   0.6702401  -0.79331714
  0.28141177  0.6896472  -2.0377116   0.8202344 ]
[ 0.31635222  0.01853782  0.37544137  0.6045561   2.0702121  -0.13791235
 -0.24818671 -0.4769705  -0.7758174  -1.5438274   0.7513876  -0.84011257
  0.2727881   0.67631894 -1.9836378   0.8879768 ]
[ 0.33732906  0.00244625  0.40011987  0.6119386   2.0496364  -0.10783334
 -0.2544475  -0.46971583 -0.7732271  -1.4970303   0.7166151  -0.8094646
  0.24372792  0.67657477 -2.0302558   0.869271  ]
[ 0.28578883 -0.0259231   0.45130977  0.6657119   2.055286   -0.05058489
 -0.30072027 -0.42144433 -0.7067114  -1.4375516   0.59542423 -0.7069082
  0.24054448  0.6004515  -2.061641    0.780194  ]
[ 0.31601754  0.06637664  0.3566602   0.6089376   2.078339   -0.11974295
 -0.27874488 -0.46779314 -0.7278413  -1.535804    0.768895   -0.79144466
  0.19470027  0.63927186 -2.0235534   0.883037  ]
[ 0.22784862  0.0830812   0.38201278  0.6240014   2.0174782  -0.09265511
 -0.26366192 -0.45874625 -0.73420465 -1.5182903   0.70366144 -0.76044273
  0.2525085   0.6937791  -2.0241382   0.8342289 ]
[ 0.28415728  0.09272407  0.3393407   0.5884551   2.067601   -0.12168612
 -0.2790116  -0.5083605  -0.75806653 -1.5615208   0.79119444 -0.8378707
  0.24374375  0.7031276  -1.9770218   0.9022797 ]
[ 0.3134122   0.03984252  0.34121194  0.66719115  2.0654519  -0.08564346
 -0.2688531  -0.50575036 -0.77096325 -1.4925264   0.71831673 -0.8078017
  0.22558841  0.7097398  -2.0274577   0.84542006]
[ 0.34115276 -0.0259258   0.38167801  0.7203269   2.0556152  -0.05898409
 -0.26526377 -0.46581522 -0.74637973 -1.4210975   0.6236004  -0.75025594
  0.1821954   0.6915646  -2.0974987   0.79987144]
[ 0.25130144 -0.06618591  0.4348401   0.78275514  2.0335822   0.00357921
 -0.3063442  -0.3935204  -0.6485489  -1.3527892   0.49041247 -0.6590306
  0.18579058  0.65773827 -2.1728473   0.72112507]
[ 0.31289312  0.02768424  0.37659228  0.6483236   2.1007464  -0.09299913
 -0.2827031  -0.45892373 -0.71899587 -1.517931    0.718712   -0.79448354
  0.21562727  0.6324285  -2.026296    0.82504976]
[ 0.32431144 -0.01789865  0.42035764  0.59977347  2.103518   -0.10178311
 -0.26501396 -0.43525964 -0.72525156 -1.4846771   0.649619   -0.78560984
  0.28065902  0.61226904 -2.0142102   0.80404437]
[ 3.2496411e-01  7.7237189e-04  3.3562246e-01  5.4518664e-01
  2.1977725e+00 -1.5224403e-01 -3.2458350e-01 -4.4659948e-01
 -7.1235162e-01 -1.5348322e+00  7.8062612e-01 -8.4321153e-01
  2.6564130e-01  5.7863057e-01 -1.9524361e+00  9.0529907e-01]
[ 0.35354233  0.01849641  0.33681422  0.57745165  2.1571019  -0.15046243
 -0.29748604 -0.43100792 -0.69630826 -1.5297413   0.7756847  -0.80760604
  0.20370254  0.60104    -2.0269065   0.8826378 ]
[ 0.29674482 -0.01992035  0.36427355  0.62645066  2.1384006  -0.11832752
 -0.2923463  -0.39974603 -0.66983354 -1.4820291   0.6821138  -0.75246835
  0.23634145  0.60118824 -2.070883    0.82486516]
[ 0.32401592  0.02956457  0.29877186  0.58111286  2.180264   -0.15938856
 -0.3036394  -0.43557605 -0.6632415  -1.5535969   0.80912125 -0.815543
  0.20312083  0.59306556 -2.0293145   0.9092089 ]
[ 0.32224804  0.04593614  0.31134167  0.5956897   2.1237335  -0.16050845
 -0.2678525  -0.44174084 -0.6940422  -1.5659633   0.79807675 -0.8203052
  0.21745339  0.63444203 -2.0355637   0.90489894]
[ 0.33629602  0.03855442  0.33694488  0.5989634   2.1053793  -0.1482988
 -0.26041013 -0.44900933 -0.7040481  -1.5639288   0.782339   -0.8304901
  0.21161321  0.6290874  -2.0380797   0.923197  ]
[ 0.30052036  0.01567025  0.34792647  0.61869496  2.0929322  -0.15049362
 -0.26958328 -0.44087094 -0.71397495 -1.5607795   0.7668246  -0.82214653
  0.2401123   0.64518845 -2.0296504   0.92735136]
[ 0.315417    0.06856535  0.35604292  0.5851799   2.0672276  -0.14512222
 -0.26622277 -0.45150432 -0.7179359  -1.5628793   0.79121643 -0.8153266
  0.1851658   0.65276814 -2.0208237   0.92655087]
[ 0.30846563  0.03413293  0.40600854  0.6302875   2.0459604  -0.08913717
 -0.26469597 -0.43955272 -0.6943636  -1.5029019   0.68520176 -0.7610423
  0.19352852  0.6254078  -2.0727382   0.86148465]
[ 0.29782256  0.07532416  0.31957272  0.61945665  2.0961468  -0.14172664
 -0.28937364 -0.45481238 -0.6709467  -1.561651    0.79788774 -0.8038348
  0.16394213  0.62587774 -2.0353713   0.93078595]
[ 0.2715338   0.12282936  0.32585952  0.59435046  2.0959697  -0.13618277
 -0.31061226 -0.4785525  -0.68033946 -1.5778307   0.8366251  -0.80533344
  0.15294325  0.66200763 -2.032403    0.9283212 ]
[ 0.20282316  0.0944197   0.3612758   0.6454285   2.080681   -0.07385635
 -0.3245785  -0.4692425  -0.69212943 -1.5228493   0.7285204  -0.74844754
  0.2239398   0.68901    -2.0630615   0.8344986 ]
[ 0.26166826  0.06764023  0.31151134  0.6397486   2.1629505  -0.080989
 -0.3574829  -0.50663763 -0.7146001  -1.5304381   0.7907098  -0.7990364
  0.21350853  0.6652527  -2.0208287   0.8646418 ]
[ 0.26707983  0.0071665   0.31312132  0.7352153   2.1648202  -0.03698262
 -0.3553971  -0.4823203  -0.6953043  -1.4731276   0.70838267 -0.7525166
  0.19166453  0.63382524 -2.0650504   0.8049778 ]
[ 2.8944522e-01 -3.7914218e-04  3.4085554e-01  7.1862972e-01
  2.0916965e+00 -6.3201368e-02 -2.9014516e-01 -4.7155055e-01
 -7.2833860e-01 -1.4578425e+00  6.8998319e-01 -7.4842197e-01
  2.0445168e-01  6.9790775e-01 -2.0987096e+00  7.8967488e-01]
[ 0.23303418 -0.00748551  0.41141382  0.71080625  2.016099   -0.04366966
 -0.2621217  -0.4271438  -0.71888435 -1.4122069   0.58118653 -0.7050451
  0.25085327  0.72208214 -2.125119    0.73859614]
[ 0.3439195   0.04589561  0.3852585   0.57049024  2.0584965  -0.12328333
 -0.24481258 -0.4882706  -0.8056868  -1.5241588   0.74488455 -0.85009706
  0.299409    0.69544995 -1.9778697   0.83654606]
[ 0.3949658  -0.03373055  0.41753682  0.62455136  2.0671594  -0.10289393
 -0.22966003 -0.4829556  -0.82007825 -1.4643917   0.6595673  -0.8447318
  0.2979372   0.6552741  -1.9799557   0.80651313]
[ 0.38281214 -0.06479248  0.43188983  0.6441119   2.0418956  -0.09778982
 -0.23487334 -0.445179   -0.785808   -1.4352869   0.62604433 -0.7959068
  0.27154338  0.6468226  -2.0190358   0.79726017]
[ 0.3046225  -0.05769346  0.48009658  0.65130913  2.0014575  -0.06735454
 -0.24327365 -0.42091346 -0.7810974  -1.4122021   0.5533321  -0.7362332
  0.31264564  0.6617555  -2.0101886   0.72558415]
[ 0.3279823  -0.07159261  0.46586043  0.6170076   2.0728068  -0.07388826
 -0.26303583 -0.4532959  -0.79072917 -1.4374743   0.5885545  -0.7764517
  0.3559339   0.63142216 -1.9821174   0.7516548 ]
[ 0.3094935  -0.05732136  0.36585742  0.59971774  2.1368556  -0.1368482
 -0.28830203 -0.45784888 -0.7888187  -1.4962963   0.7124203  -0.84424573
  0.37196788  0.65002966 -1.9561641   0.8449812 ]
[ 0.29556403  0.01539154  0.37235227  0.55430436  2.1058223  -0.14594063
 -0.3034865  -0.452947   -0.78102213 -1.5532125   0.774923   -0.8405613
  0.30758464  0.6594285  -1.9259075   0.8847947 ]
[ 0.21914239 -0.03458386  0.46681565  0.5696774   2.0857317  -0.07088879
 -0.3328675  -0.38073733 -0.720943   -1.4916313   0.5695561  -0.7319156
  0.3494394   0.60285723 -1.9277931   0.79355   ]
[ 0.30946895  0.01730174  0.35100466  0.58030164  2.0614517  -0.13948381
 -0.23922655 -0.45661885 -0.7543537  -1.5284402   0.7387389  -0.84255284
  0.3017234   0.699093   -1.9949757   0.8633137 ]
[ 0.33601195 -0.00970356  0.3775661   0.5861479   2.0873933  -0.13707118
 -0.259808   -0.46280694 -0.7517309  -1.4975159   0.71807146 -0.8433465
  0.29012853  0.660133   -1.9991043   0.8723072 ]
[ 0.37893412  0.00441582  0.39843848  0.6373679   2.0144062  -0.12806977
 -0.20733905 -0.45274386 -0.76847446 -1.4762337   0.6821922  -0.80138427
  0.24573812  0.7029545  -2.063342    0.79722416]
[ 0.3603544  -0.03658196  0.47480458  0.66758424  1.9870266  -0.06209996
 -0.20423599 -0.4421172  -0.7608521  -1.4106739   0.5633484  -0.74838215
  0.26481622  0.6876067  -2.0925725   0.7131499 ]
[ 0.33237895 -0.02984996  0.4294839   0.6404551   2.066541   -0.08829864
 -0.2577264  -0.43875527 -0.726055   -1.4548439   0.6431767  -0.75888497
  0.25218412  0.62319785 -2.044689    0.77470267]
[ 0.34510607  0.05222706  0.36927113  0.5916026   2.0583768  -0.1312908
 -0.24822573 -0.4617135  -0.74790466 -1.528642    0.75773394 -0.8059063
  0.21005234  0.6666981  -2.013473    0.8524302 ]
[ 0.3142297  -0.0108842   0.44520766  0.6422305   2.0683968  -0.07066841
 -0.27140135 -0.42604056 -0.71845233 -1.4621629   0.60066193 -0.73946416
  0.24560174  0.6138805  -2.042244    0.7752736 ]
[ 0.3643272  -0.01242534  0.3577065   0.6193104   2.1175594  -0.13921547
 -0.2589587  -0.44722414 -0.71520597 -1.5154667   0.7243532  -0.8249005
  0.23461506  0.6096274  -2.024509    0.877318  ]
[ 0.3581688   0.0338117   0.36049095  0.59167373  2.0894933  -0.15210672
 -0.2600058  -0.43451095 -0.7140081  -1.5371218   0.7588749  -0.8198919
  0.20116706  0.63199556 -2.0187244   0.8777849 ]
[ 0.32176408 -0.03069928  0.41372833  0.61723757  2.1026568  -0.10228837
 -0.26565462 -0.41461653 -0.69581735 -1.4705327   0.63197887 -0.7686504
  0.26726425  0.6179182  -2.0482688   0.7881483 ]
[ 0.32569152 -0.00661423  0.3307167   0.57190454  2.196014   -0.14631274
 -0.30888024 -0.43497616 -0.6831978  -1.5181493   0.7587021  -0.82072353
  0.2486535   0.5839488  -2.0056756   0.8759878 ]
[ 0.32468674  0.03490833  0.3226083   0.57424694  2.1733773  -0.1567651
 -0.31309366 -0.43581986 -0.687364   -1.5346035   0.81261575 -0.80937403
  0.21408927  0.6238609  -2.0482142   0.8709037 ]
[ 0.2882898   0.02975     0.3665287   0.6036714   2.1464238  -0.11251771
 -0.31089067 -0.42087078 -0.67345035 -1.518007    0.740715   -0.75582874
  0.22025557  0.5982677  -2.0609014   0.8231996 ]
[ 0.30947575  0.0702665   0.3075162   0.5767372   2.1541164  -0.15442547
 -0.30383697 -0.45551863 -0.6855127  -1.5772144   0.84014845 -0.81660336
  0.20710437  0.6094813  -2.0143135   0.9002689 ]
[ 0.31168395  0.08194764  0.3200615   0.5751101   2.0900042  -0.15484855
 -0.26307264 -0.45146576 -0.7015723  -1.5790821   0.81469506 -0.82559144
  0.21425924  0.6561635  -2.0100932   0.88966876]
[ 0.330866    0.051628    0.3414338   0.5720137   2.0681639  -0.15043879
 -0.24719854 -0.4663776  -0.72586966 -1.5529754   0.7822239  -0.85321397
  0.24967945  0.679595   -2.0088818   0.89723206]
[ 3.5374090e-01  9.0178550e-04  3.5673779e-01  6.1782467e-01
  2.0670013e+00 -1.3929625e-01 -2.3299518e-01 -4.5827755e-01
 -7.3599643e-01 -1.4961953e+00  7.2592503e-01 -8.2666320e-01
  2.4645469e-01  6.6692209e-01 -2.0240691e+00  8.4392035e-01]
[ 0.38468271 -0.02993426  0.3947466   0.64098215  2.037273   -0.1137502
 -0.21353522 -0.44875985 -0.740499   -1.4543517   0.6631237  -0.78827184
  0.23638277  0.68427116 -2.0836067   0.794806  ]
[ 0.28785866 -0.06998187  0.44877306  0.6662251   2.0676389  -0.06844804
 -0.29203802 -0.41185212 -0.719251   -1.4349962   0.58024836 -0.7162497
  0.29116973  0.62865824 -2.0514095   0.7558031 ]
[ 0.32883304 -0.00508572  0.36292702  0.60933495  2.1035323  -0.13221292
 -0.27759165 -0.44564265 -0.73975027 -1.5149763   0.73641646 -0.78160435
  0.2355357   0.65184844 -2.029314    0.8634566 ]
[ 0.24471024 -0.00977171  0.40266448  0.6229343   2.0650585  -0.09099896
 -0.29726517 -0.41911095 -0.7326991  -1.4906462   0.65134716 -0.73479617
  0.28383437  0.658306   -2.0226896   0.83432835]
[ 0.32223544  0.00842963  0.33709416  0.57780063  2.08812    -0.14674942
 -0.27768877 -0.45971507 -0.7567766  -1.5381758   0.75721246 -0.830945
  0.26933438  0.6824452  -1.9918926   0.9277649 ]
[ 0.3044754  -0.03440396  0.34649482  0.6377481   2.0269876  -0.14074968
 -0.232513   -0.44972426 -0.7833141  -1.4893217   0.6655291  -0.80544025
  0.3156937   0.73880744 -2.0210202   0.88817596]
[ 0.3461077  -0.01869228  0.3839477   0.6387935   1.9890305  -0.13285151
 -0.22446752 -0.44637173 -0.79587936 -1.4748843   0.6390673  -0.78835547
  0.2711184   0.76930827 -2.0483818   0.85917187]
[ 0.35347325 -0.10525706  0.4320763   0.73108965  1.960817   -0.06398792
 -0.20663139 -0.41511002 -0.7739492  -1.3882445   0.47275487 -0.7175754
  0.28721735  0.7353462  -2.107817    0.7695204 ]
[ 0.35584682 -0.08681895  0.3579142   0.7309154   1.9980812  -0.11279474
 -0.2388659  -0.4062221  -0.7678715  -1.4116246   0.54748696 -0.72902566
  0.24421498  0.75316876 -2.1008344   0.8325349 ]
[ 0.32461536 -0.19341244  0.43445402  0.79228365  1.9652563  -0.06269827
 -0.26360434 -0.32126984 -0.71467054 -1.2704617   0.34707162 -0.6204591
  0.25986922  0.73802423 -2.2009273   0.7482437 ]
[ 0.252199   -0.23840709  0.39530104  0.89545727  1.9841198  -0.02921355
 -0.28114718 -0.3130986  -0.683191   -1.2272686   0.29822928 -0.58296204
  0.30416688  0.7663538  -2.2665536   0.6860302 ]
[ 0.31928164 -0.1981774   0.37732995  0.76093113  2.1078172  -0.12307341
 -0.29331216 -0.38413075 -0.7813731  -1.356911    0.50228614 -0.6910385
  0.35153216  0.6979394  -2.1095796   0.78297484]
[ 0.22527929 -0.21141116  0.4456803   0.8133823   2.0604854  -0.01442669
 -0.3430612  -0.33036885 -0.72506374 -1.3104886   0.35712442 -0.6048626
  0.36558896  0.642581   -2.1191943   0.7095815 ]
[ 0.30310562 -0.12604432  0.37909204  0.7818742   2.0247214  -0.09169437
 -0.24479894 -0.39525563 -0.7735575  -1.3950001   0.5032364  -0.6841475
  0.30150056  0.69726926 -2.0886805   0.7719684 ]
[ 0.22124338 -0.12346073  0.44618908  0.7908386   1.9605926  -0.03526015
 -0.27358314 -0.35111976 -0.74033225 -1.3621622   0.38434178 -0.66274536
  0.3391599   0.70279104 -2.0776107   0.7450148 ]
[ 0.36053133 -0.15507333  0.4108594   0.76745814  1.9472641  -0.11994246
 -0.1895044  -0.39871904 -0.7955909  -1.3679488   0.45084828 -0.74463975
  0.327514    0.7307759  -2.0623736   0.8037628 ]
[ 0.38883638 -0.23625942  0.46645775  0.8034304   1.9234717  -0.07483052
 -0.21216169 -0.39396647 -0.807984   -1.2820427   0.34594432 -0.69371045
  0.36609536  0.7308034  -2.0882113   0.72594345]
[ 0.29766855 -0.3326518   0.560787    0.83022654  1.942117    0.05533301
 -0.34867293 -0.31585598 -0.7326485  -1.1873112   0.14184101 -0.56608856
  0.44105452  0.63746583 -2.1037498   0.6390851 ]
[ 0.25082698 -0.28082275  0.5205066   0.7849317   2.072123    0.04261839
 -0.38537338 -0.32505918 -0.7302099  -1.2083668   0.25179556 -0.5707129
  0.41971684  0.5908842  -2.0835257   0.60825264]
[ 0.20123982 -0.1808817   0.46653518  0.7497276   2.1110728  -0.00320041
 -0.37865025 -0.3256254  -0.7283622  -1.3087578   0.38322902 -0.6068362
  0.37254643  0.61237687 -2.0559504   0.6512761 ]
[ 0.2010293  -0.10821559  0.4323988   0.7065667   2.08833    -0.05565266
 -0.35528255 -0.33917207 -0.72452825 -1.4111809   0.4889598  -0.659425
  0.34967548  0.636365   -2.0255914   0.73855144]
[ 0.27352118 -0.03148963  0.38620895  0.6735426   2.0026593  -0.14317611
 -0.2549708  -0.39182574 -0.7815101  -1.5093759   0.6259298  -0.7600825
  0.30057308  0.7066967  -1.9950006   0.86522895]
[ 0.31847987 -0.07770568  0.4444101   0.737659    1.902392   -0.11939208
 -0.19937511 -0.39630944 -0.81293374 -1.4623643   0.5273889  -0.7490382
  0.30226868  0.73645556 -2.034493    0.8483672 ]
[ 0.34821516 -0.2175312   0.51585084  0.82532483  1.8371853  -0.05905899
 -0.18387456 -0.4005598  -0.83251303 -1.3551302   0.36083844 -0.7039021
  0.3851164   0.73791397 -2.0542474   0.75809336]
[ 0.4139614  -0.28910375  0.57424086  0.79577684  1.8481888  -0.02983415
 -0.23366551 -0.33404994 -0.7765037  -1.2779987   0.2421442  -0.6270222
  0.3463319   0.6454514  -2.0646966   0.7274599 ]
[ 0.22970505 -0.29816622  0.67109144  0.72113097  1.8945758   0.08430986
 -0.44100827 -0.1782106  -0.65306437 -1.2515535   0.0558925  -0.47301045
  0.3803665   0.5397738  -1.9812543   0.6602503 ]
[ 0.09105239 -0.12323833  0.5289159   0.73229444  2.0207424   0.01510298
 -0.51640004 -0.17968026 -0.59391814 -1.3921762   0.2515841  -0.4844175
  0.3439429   0.5692255  -2.0027218   0.70403624]
[-0.0036764  -0.02303178  0.46921295  0.66297257  2.182096   -0.01204148
 -0.61595756 -0.19406956 -0.55525076 -1.5259516   0.4303514  -0.5232924
  0.3356592   0.49280137 -1.9331604   0.78063047]
[ 4.3185227e-02 -4.1458722e-02  4.0135843e-01  7.9521340e-01
  2.2162364e+00 -1.8159896e-03 -5.4821718e-01 -3.3199030e-01
 -5.9224492e-01 -1.4898450e+00  5.4062194e-01 -6.1668718e-01
  3.1875864e-01  5.7799441e-01 -2.0554307e+00  7.4835718e-01]
[ 0.09183276 -0.05170918  0.39693218  0.8649564   2.1625645   0.03864732
 -0.51153785 -0.36073107 -0.62728137 -1.4315279   0.5022955  -0.6178938
  0.2816533   0.6123539  -2.1065674   0.7191658 ]
[ 0.10531303 -0.06365788  0.40528408  0.835241    2.0996242   0.04043413
 -0.46083322 -0.3741457  -0.6935464  -1.4192886   0.4789229  -0.626258
  0.3318895   0.6518433  -2.05985     0.7121356 ]
[ 0.28470594 -0.13700143  0.41171932  0.89102495  1.9214284  -0.01685585
 -0.24324644 -0.40952554 -0.81267816 -1.3124727   0.39862916 -0.6441306
  0.29268536  0.80332965 -2.1475863   0.6811654 ]
[ 0.26576787 -0.24086997  0.55972034  0.86378974  1.860595    0.05346411
 -0.26685554 -0.29700348 -0.7301716  -1.213268    0.18560328 -0.55638105
  0.30473647  0.70969236 -2.1689816   0.6284589 ]
[ 0.36210367 -0.14796804  0.51168394  0.7548722   1.9273956  -0.08384033
 -0.24043696 -0.37042826 -0.7947717  -1.3714828   0.42573652 -0.6831447
  0.28980356  0.6668378  -2.0292785   0.7453674 ]
[ 0.22754553 -0.22009833  0.64934415  0.7360867   1.9007593   0.04154159
 -0.36827916 -0.2502241  -0.6941489  -1.3059595   0.19942147 -0.55448216
  0.3637362   0.58995306 -2.0090795   0.6535215 ]
[ 0.09531222 -0.19002905  0.64551723  0.655059    2.0569901   0.02998916
 -0.51519    -0.22172384 -0.66170406 -1.4266255   0.24437654 -0.53791016
  0.4885458   0.49755192 -1.87843     0.68007404]
[ 0.10572363 -0.117584    0.49594492  0.70860094  2.1719816  -0.0121799
 -0.48228544 -0.3516995  -0.7485032  -1.4717958   0.4417351  -0.6549404
  0.4946497   0.5608894  -1.8948033   0.7178489 ]
[ 0.09662005 -0.14253655  0.49336943  0.6857695   2.1777387   0.03642448
 -0.531562   -0.25323838 -0.6905804  -1.4175451   0.33537677 -0.57129306
  0.4368526   0.522087   -1.9051479   0.6917575 ]
[ 0.16278534 -0.11655817  0.40938282  0.7767948   2.1580124  -0.02497346
 -0.45496416 -0.31298313 -0.6565506  -1.409763    0.47868234 -0.62657195
  0.28935772  0.589708   -2.0463953   0.74775374]
[ 0.16556597 -0.07375796  0.43140206  0.8657958   1.9541353   0.02604408
 -0.35388532 -0.2990661  -0.62141764 -1.3451313   0.3974036  -0.57814395
  0.19840726  0.70568013 -2.190848    0.6791334 ]
[ 0.20808443 -0.11284558  0.4564113   0.7807264   2.019787   -0.03762732
 -0.33007205 -0.37008882 -0.7257115  -1.4319241   0.47072157 -0.70165855
  0.33823994  0.6573485  -2.0204043   0.7627921 ]
[ 0.31593674 -0.2411395   0.49000502  0.7745786   1.9931389  -0.07203691
 -0.27062774 -0.4004887  -0.81123304 -1.3488209   0.40191966 -0.7262992
  0.43994164  0.6805539  -1.9957218   0.7316968 ]
[ 0.4319059  -0.3533942   0.5249148   0.766961    1.9417734  -0.04255375
 -0.24977073 -0.37017852 -0.7936495  -1.2190478   0.28138122 -0.6362014
  0.43444604  0.6562469  -2.0737715   0.6581421 ]
[ 0.27702492 -0.3547629   0.62970823  0.6943611   1.9775746   0.06103848
 -0.43494207 -0.21148685 -0.69938546 -1.2260597   0.1222471  -0.51131654
  0.46282586  0.51833767 -1.9641411   0.6168207 ]
[ 0.16598177 -0.17540166  0.54494596  0.662181    2.0107048  -0.03211116
 -0.4375624  -0.19913855 -0.68599284 -1.4307284   0.3168265  -0.55732524
  0.40063405  0.5692771  -1.9190149   0.73001254]
[ 0.06615175 -0.06253074  0.50769186  0.5921328   2.083157   -0.09913266
 -0.4797573  -0.21072777 -0.6742786  -1.5780656   0.48173672 -0.62827754
  0.38030744  0.5246504  -1.8163325   0.8823029 ]
[ 0.15059146 -0.07478013  0.4311696   0.7136619   2.0067096  -0.15272436
 -0.33468077 -0.32384256 -0.7125193  -1.5472877   0.5549329  -0.73388684
  0.34265792  0.6698793  -1.9875584   0.96727306]
[ 0.2930978  -0.11205347  0.41500515  0.7800039   1.855663   -0.16485222
 -0.1909812  -0.3446858  -0.75810736 -1.4398022   0.4689907  -0.7250506
  0.27224383  0.7888198  -2.1146097   0.9450178 ]
[ 0.3231579  -0.19285192  0.4956091   0.82567054  1.8457152  -0.09941646
 -0.24976102 -0.33263963 -0.73366654 -1.3640773   0.3500845  -0.6344703
  0.25364262  0.75546026 -2.1657195   0.8888775 ]
[ 0.14274506 -0.18590525  0.53535473  0.89957106  1.8589894   0.02897462
 -0.4352604  -0.23106885 -0.62363863 -1.31816     0.1764338  -0.4765544
  0.25890493  0.7020195  -2.1732347   0.8060753 ]
[-0.01454332 -0.09934647  0.48924184  0.86024666  1.9510489   0.0640557
 -0.56002295 -0.16956098 -0.5591736  -1.3822324   0.20363376 -0.41361088
  0.23621473  0.69489896 -2.1470978   0.81382465]
[-0.12933546 -0.0207623   0.4074735   0.8740506   2.0734391   0.07828558
 -0.66924393 -0.17875685 -0.49783534 -1.4754359   0.3245586  -0.41728616
  0.24553756  0.62965184 -2.1176527   0.8426167 ]
[-0.05249054 -0.06959107  0.34287825  0.98673     2.1159344   0.06815185
 -0.60395443 -0.29194814 -0.55040634 -1.4424613   0.4170754  -0.5298155
  0.22654185  0.69077504 -2.1777935   0.83800614]
[-0.03004295 -0.06599262  0.34170666  1.0404966   2.0282695   0.1051356
 -0.53989124 -0.31035894 -0.5745674  -1.3772178   0.36947435 -0.5082934
  0.20773926  0.75257766 -2.2375982   0.7639016 ]
[ 0.01768823 -0.11928236  0.3555522   1.0274261   1.9725578   0.10780815
 -0.47055498 -0.29766744 -0.62456644 -1.2957789   0.26811275 -0.5097919
  0.27190295  0.80579454 -2.253611    0.7084279 ]
[ 0.13767354 -0.18802448  0.35889888  1.086529    1.8353193   0.09975294
 -0.2990973  -0.2913589  -0.6540826  -1.1643456   0.12647404 -0.48795423
  0.2586413   0.8939829  -2.3578584   0.60649335]
[ 0.32520685 -0.1818579   0.38515678  1.0406104   1.8182719   0.0423775
 -0.19683251 -0.38851875 -0.74504507 -1.180342    0.22407255 -0.5624331
  0.20776376  0.881172   -2.2910895   0.58128244]
[ 0.2258387  -0.21339     0.5642415   0.957778    1.7126032   0.15176593
 -0.2919634  -0.20679839 -0.6031014  -1.1046898   0.00456672 -0.41851148
  0.1807735   0.79885894 -2.3331618   0.5322811 ]
[ 0.20381275 -0.2155844   0.5726365   0.9020651   1.803855    0.10202476
 -0.31071424 -0.24155596 -0.6375475  -1.154182    0.105629   -0.47561783
  0.25386733  0.7534169  -2.259705    0.55416864]
[ 0.18758729 -0.22176354  0.6377109   0.78940576  1.934342    0.0862783
 -0.36872372 -0.30179673 -0.73278385 -1.2588949   0.2071453  -0.54167813
  0.39849043  0.65328836 -2.0892162   0.5766845 ]
[ 0.19289857 -0.24310403  0.662653    0.75685483  2.015257    0.1086503
 -0.423248   -0.31801215 -0.746096   -1.2900016   0.20748706 -0.5589434
  0.45835495  0.55306685 -1.9881859   0.5688464 ]
[ 0.19578953 -0.16534728  0.5733648   0.682587    2.1013098   0.02158782
 -0.43580157 -0.33652946 -0.7606513  -1.4258311   0.37617075 -0.6486099
  0.45364976  0.49435502 -1.8575128   0.6936305 ]
[ 0.16066194 -0.08286305  0.5638093   0.6965444   1.9882994   0.02988765
 -0.3938821  -0.28205734 -0.71951044 -1.4097815   0.32015437 -0.58874375
  0.36845478  0.55046517 -1.9222599   0.68445694]
[ 0.13613123 -0.09054463  0.5432175   0.67081475  2.032536   -0.00689867
 -0.3882214  -0.28458983 -0.72383296 -1.4446537   0.35436    -0.6340141
  0.39152527  0.56488067 -1.8797699   0.72436094]
[ 0.20923749 -0.1422883   0.48179036  0.748852    2.0397177  -0.0443142
 -0.33767015 -0.3774306  -0.77383065 -1.4267589   0.42206    -0.7220426
  0.43275768  0.63169557 -1.9415957   0.76467   ]
[ 0.36630344 -0.24398395  0.48207968  0.7691037   2.0083005  -0.06484678
 -0.27979028 -0.38664976 -0.7977824  -1.2982126   0.35998753 -0.67751676
  0.38433757  0.6773941  -2.0519638   0.7145959 ]
[ 0.2549775  -0.2982208   0.57784426  0.804602    2.0123928   0.05350242
 -0.40322152 -0.2876287  -0.7098142  -1.2211227   0.1928447  -0.5355288
  0.40657568  0.59218806 -2.095508    0.6133913 ]
[ 0.14243713 -0.21836512  0.5591443   0.7221695   2.132545    0.05202581
 -0.46587324 -0.28773287 -0.6988643  -1.3021144   0.3107216  -0.5476441
  0.4217682   0.55877167 -2.0189564   0.5972497 ]
[ 0.09633011 -0.11962767  0.4704744   0.6658849   2.1663527  -0.01739949
 -0.43661752 -0.33628488 -0.7302392  -1.417012    0.48123264 -0.62563
  0.46525598  0.5834877  -1.9433292   0.6572211 ]
[ 0.10212227 -0.0545698   0.4414149   0.6129583   2.162409   -0.07143365
 -0.4256324  -0.37454483 -0.7799952  -1.5439177   0.5893642  -0.7243346
  0.48854914  0.58828497 -1.8211035   0.77569085]
[ 0.20760198 -0.0648187   0.45834756  0.7100352   1.9838874  -0.08064838
 -0.27155107 -0.42936546 -0.85608214 -1.50707     0.5460306  -0.7713584
  0.42721862  0.7252408  -1.9011948   0.7890108 ]
[ 0.31102997 -0.11344747  0.49804384  0.7688624   1.8267008  -0.06634055
 -0.17133114 -0.4234302  -0.87391794 -1.4186959   0.4364366  -0.74821967
  0.37368083  0.7649554  -1.963015    0.7627269 ]
[ 0.38020104 -0.23237076  0.57320416  0.7936613   1.7123406  -0.00280919
 -0.15646335 -0.39981264 -0.8575591  -1.3021859   0.29066592 -0.6725556
  0.38425297  0.7489233  -1.9829918   0.6833588 ]
[ 0.28238568 -0.39912325  0.72886413  0.7446408   1.6957252   0.17563741
 -0.33536935 -0.23046908 -0.7110881  -1.1221951  -0.06958967 -0.49186763
  0.4593292   0.60609686 -1.9819874   0.60652465]
[ 0.27961868 -0.3940102   0.7028444   0.71287704  1.822395    0.13127103
 -0.39613575 -0.22048998 -0.693889   -1.1667676  -0.0336741  -0.48958072
  0.494205    0.5616907  -1.98526     0.63357645]
[ 0.16807666 -0.24331431  0.61113155  0.6964385   1.9826244   0.09363508
 -0.49750677 -0.22621313 -0.6576174  -1.3134658   0.12897904 -0.47877526
  0.452573    0.5455476  -1.9555471   0.6551062 ]
[ 0.02669176 -0.0996976   0.52522576  0.64787185  2.1290507   0.05372069
 -0.61478746 -0.20523934 -0.6079112  -1.4885128   0.34477547 -0.49650088
  0.38623288  0.50259113 -1.878197    0.7401229 ]
[ 0.01537435 -0.03762247  0.40334216  0.7708235   2.1193988   0.01456387
 -0.5689322  -0.25202185 -0.5942073  -1.5184659   0.4628982  -0.5497352
  0.32284403  0.55136573 -1.9995066   0.8274392 ]
[ 0.12552324 -0.10818362  0.37263754  0.8797184   2.0277257  -0.03858759
 -0.40672177 -0.3261549  -0.66074187 -1.4552923   0.4648159  -0.66405654
  0.28658146  0.69601953 -2.0932393   0.8675143 ]
[ 0.29062608 -0.16739926  0.36553073  0.920751    1.8563198  -0.0932257
 -0.19853735 -0.34374517 -0.70980716 -1.3597353   0.39764664 -0.6826302
  0.23342797  0.80299413 -2.1980128   0.85188943]
[ 0.33455986 -0.209999    0.42539805  0.9241382   1.8029509  -0.07114931
 -0.18160008 -0.33383518 -0.7066344  -1.2822119   0.30702478 -0.6448673
  0.22663501  0.80304164 -2.221999    0.7924398 ]
[ 0.28123868 -0.282012    0.54986537  0.84959584  1.8515362   0.01215092
 -0.35535127 -0.22105293 -0.6038203  -1.2250259   0.12872998 -0.5185661
  0.2849401   0.6592354  -2.2002952   0.7511678 ]
[ 0.243144   -0.23297171  0.51757073  0.85608023  1.954282    0.02153532
 -0.43577567 -0.22584231 -0.58499515 -1.2592084   0.16760035 -0.48257405
  0.26414812  0.6309082  -2.2101545   0.7392146 ]
[ 0.07200263 -0.13186547  0.4681677   0.80704343  2.0786872   0.04721112
 -0.5767561  -0.18954322 -0.5319763  -1.3381431   0.27767023 -0.4395093
  0.24431272  0.58668184 -2.1512983   0.74132144]
[-0.02477835 -0.04840333  0.40468955  0.78495836  2.1779416   0.02762466
 -0.632578   -0.21064591 -0.50743943 -1.4606168   0.43185043 -0.48027045
  0.2941157   0.54264694 -2.1003757   0.7661773 ]
[ 0.03650265 -0.07556655  0.34837514  0.89693767  2.1847427   0.00348816
 -0.5308485  -0.33646432 -0.61413413 -1.4610342   0.5231798  -0.6043456
  0.3080646   0.6481252  -2.1176097   0.75436336]
[ 1.13661095e-01 -9.45094153e-02  3.65943134e-01  8.95597637e-01
  2.08289981e+00  5.33042825e-04 -4.31004465e-01 -3.42144489e-01
 -6.47128701e-01 -1.41420484e+00  4.53933626e-01 -6.27019465e-01
  3.05898130e-01  6.77289844e-01 -2.11726618e+00  7.41661370e-01]
[ 0.2767685  -0.16832148  0.35899654  0.954893    1.9102917  -0.07107607
 -0.20566814 -0.38590202 -0.7404473  -1.3041213   0.39329875 -0.6614903
  0.28323382  0.8289093  -2.2004128   0.69271886]
[ 0.31916612 -0.227277    0.44629374  0.9317414   1.8423936  -0.03918808
 -0.1815449  -0.38804698 -0.78293085 -1.2310715   0.30504766 -0.6238005
  0.3368582   0.8306712  -2.191269    0.6107864 ]
[ 0.2531534  -0.2518166   0.6186999   0.83858955  1.8521855   0.11478484
 -0.29957825 -0.31165028 -0.72527856 -1.1839807   0.11635251 -0.5249163
  0.38477454  0.6687676  -2.1338143   0.5396285 ]
[ 0.22161761 -0.2671853   0.6889157   0.80756694  1.9084504   0.15154986
 -0.3711453  -0.2948353  -0.71157944 -1.1966913   0.0941484  -0.5007862
  0.4026475   0.6103061  -2.0916185   0.5029554 ]
[ 0.19165722 -0.16054282  0.6376467   0.7439532   1.9871746   0.10598655
 -0.39091057 -0.3569249  -0.75335675 -1.3136995   0.28557998 -0.550062
  0.39710593  0.58685637 -2.017334    0.56317073]
[ 0.06981744 -0.07769928  0.5963327   0.6392734   2.0459118   0.08891103
 -0.44846946 -0.34526616 -0.7524551  -1.4279186   0.39052188 -0.5698891
  0.44434872  0.5495672  -1.8675646   0.62442416]
[ 0.02017304 -0.08016137  0.5593031   0.65809953  2.0704515   0.06930322
 -0.45074883 -0.37414002 -0.8228582  -1.4714274   0.41149062 -0.6260373
  0.5500526   0.564783   -1.7829689   0.66694796]
[ 0.13681404 -0.15908338  0.55120564  0.7482826   2.0023685   0.00438764
 -0.32706624 -0.45455736 -0.93752635 -1.4495767   0.42256466 -0.7509234
  0.5645877   0.6862047  -1.811055    0.7365962 ]
[ 0.24724548 -0.13786209  0.5362155   0.7988678   1.8137176  -0.01209128
 -0.18159975 -0.46209192 -0.97707653 -1.3881943   0.3936391  -0.7340468
  0.44320193  0.8154718  -1.9097393   0.7168064 ]
[ 0.14943682 -0.20082378  0.665409    0.81126374  1.6973579   0.14464644
 -0.2531681  -0.3651884  -0.9001783  -1.2957668   0.1384949  -0.6104208
  0.51077926  0.76609915 -1.9024689   0.6039575 ]
[ 0.1532149  -0.29672614  0.67382705  0.75732744  1.7128881   0.15016189
 -0.28040513 -0.32891417 -0.86939603 -1.2572412   0.0482022  -0.5768056
  0.5812069   0.72442615 -1.8674242   0.63591343]
[ 0.23098783 -0.24215236  0.56704557  0.7652979   1.7995507   0.02572184
 -0.24014719 -0.3843033  -0.89286536 -1.3015873   0.20478025 -0.6590777
  0.50182813  0.77948606 -1.9252466   0.7343744 ]
[ 0.13861224 -0.2881361   0.67438364  0.8189514   1.7598625   0.18566991
 -0.36381304 -0.23741956 -0.7346026  -1.2081141  -0.07848305 -0.43380803
  0.47458506  0.7025775  -2.0397348   0.58931136]
[ 0.04140701 -0.15068597  0.66288006  0.814741    1.896806    0.18839549
 -0.47597376 -0.21910182 -0.66718566 -1.3476226   0.0581915  -0.41215196
  0.35390872  0.66376084 -2.0536354   0.60743743]
[ 1.4114380e-04  5.2914233e-03  5.4014361e-01  8.2457387e-01
  1.9570818e+00  1.2085096e-01 -5.0636023e-01 -2.5444874e-01
 -6.1368573e-01 -1.4712832e+00  2.9036742e-01 -4.7646961e-01
  2.2868189e-01  6.4484847e-01 -2.0786452e+00  7.5526094e-01]
[-0.06122147  0.03401948  0.53474116  0.83429587  1.941631    0.12030432
 -0.5592874  -0.20199697 -0.5718951  -1.5257667   0.290828   -0.49254578
  0.22750954  0.62520474 -2.0524907   0.82601374]
[ 0.05375451 -0.04877257  0.50956714  0.91912776  1.881311    0.06957276
 -0.41774464 -0.29286328 -0.67129916 -1.4764473   0.31655195 -0.60025495
  0.24742714  0.71603405 -2.109563    0.87228   ]
[ 0.09600301 -0.1313512   0.51401466  0.9121315   1.8301617   0.06984089
 -0.41993076 -0.22556344 -0.5984098  -1.3449373   0.19580826 -0.543555
  0.21688958  0.70630074 -2.1852357   0.8761364 ]
[ 0.2363503  -0.23924208  0.4967963   0.9790405   1.6981442   0.05132099
 -0.30561587 -0.1914043  -0.56679165 -1.1728055   0.05962179 -0.4669633
  0.14078161  0.79802114 -2.3725772   0.8202642 ]
[ 0.19141904 -0.18047751  0.47063404  0.9532504   1.8382702   0.03922607
 -0.369188   -0.22085455 -0.5584771  -1.2216291   0.16693968 -0.47374457
  0.11030922  0.7241169  -2.3299785   0.82578146]
[ 0.0381867  -0.04012129  0.43166012  0.85178125  2.0041964   0.0204298
 -0.5331834  -0.20688815 -0.50482213 -1.3728769   0.33855194 -0.48421422
  0.12291628  0.61825    -2.1857288   0.87082195]
[-0.05322654  0.02430585  0.3572511   0.85875285  2.088893    0.02956106
 -0.5921276  -0.2373679  -0.4537491  -1.4539602   0.44075355 -0.5139218
  0.1560516   0.62947506 -2.1886444   0.8777965 ]
[-0.01256414  0.03545277  0.28324926  0.91747254  2.1665428   0.01340869
 -0.5504932  -0.37757084 -0.51209533 -1.5026153   0.6111337  -0.62980765
  0.18026173  0.68490535 -2.2007961   0.86159706]
[-0.03201301  0.01551836  0.3054124   0.9177931   2.196732    0.07620823
 -0.60704863 -0.38837537 -0.52388364 -1.4799516   0.60851985 -0.6273502
  0.21158008  0.65148556 -2.1700737   0.8113588 ]
[ 0.03686909 -0.00433879  0.3099207   0.9420636   2.1288095   0.08697242
 -0.534125   -0.3943091  -0.5644831  -1.4359739   0.5877136  -0.62577057
  0.16459261  0.6953251  -2.214204    0.78527784]
[ 0.1781834   0.00853567  0.33732516  0.88044775  2.00351    -0.00406108
 -0.33303958 -0.42209482 -0.67167836 -1.464777    0.60842174 -0.6658495
  0.15004988  0.7650976  -2.226703    0.8211622 ]
[ 0.16357926  0.03508639  0.37931603  0.8213886   1.8928697  -0.02432943
 -0.2492141  -0.41109857 -0.68442744 -1.4642713   0.5936621  -0.68964595
  0.180855    0.7931104  -2.199618    0.8273075 ]
[ 0.27920115  0.01391842  0.3922837   0.74465996  1.877532   -0.06446208
 -0.16063064 -0.4725433  -0.75446767 -1.4759262   0.6256138  -0.79083586
  0.23779973  0.7722746  -2.110463    0.8516997 ]
[ 0.3481615  -0.0169444   0.44242087  0.7080336   1.8373168  -0.06811113
 -0.12674443 -0.47000647 -0.7775003  -1.4352297   0.56533414 -0.8114751
  0.26039338  0.74903905 -2.0804708   0.8414162 ]
[ 0.39677578 -0.02268961  0.4785401   0.70175135  1.8657358  -0.04155294
 -0.17731135 -0.4654015  -0.72812057 -1.4032247   0.5304077  -0.767563
  0.20392188  0.7043525  -2.1236408   0.8126852 ]
[ 0.27960816  0.00793463  0.53497314  0.7470058   1.9017588   0.0342483
 -0.2961247  -0.40089455 -0.64250636 -1.3718853   0.41340956 -0.6339463
  0.18172598  0.64235    -2.149858    0.71538895]
[ 0.17683463  0.10719446  0.45156416  0.7401705   2.0264695   0.02811574
 -0.3906898  -0.4004077  -0.6169566  -1.4472806   0.53899574 -0.6326841
  0.15725383  0.6456216  -2.1476767   0.72818226]
[ 0.13732712  0.16697875  0.42180315  0.6895944   2.1346252   0.02659502
 -0.46126318 -0.42364055 -0.5813978  -1.5102526   0.6732062  -0.6779804
  0.14666137  0.5754895  -2.1188374   0.7665323 ]
[ 0.20802721  0.15450856  0.3570055   0.6872489   2.1969955  -0.00688317
 -0.42705137 -0.48981833 -0.61468744 -1.5487728   0.8194927  -0.7726339
  0.1180867   0.5857507  -2.0815043   0.77913016]
[ 0.18775272  0.16101968  0.3951431   0.65873444  2.1717312   0.00878272
 -0.42081848 -0.49117225 -0.6255313  -1.550851    0.8197808  -0.7907179
  0.12919739  0.58502007 -2.0503106   0.776725  ]
[ 0.33676156  0.2114482   0.43339175  0.5162567   2.0809033  -0.07349598
 -0.24322104 -0.5373477  -0.7336723  -1.5944793   0.8819749  -0.83845633
  0.12670347  0.6344724  -2.0100234   0.7728205 ]
[ 0.35905296  0.22113904  0.436392    0.3882361   2.1319318  -0.13306767
 -0.28381485 -0.54762995 -0.7800689  -1.6688572   0.9717561  -0.9181126
  0.19873492  0.5742081  -1.8493713   0.866881  ]
[ 0.32022098  0.15377548  0.43362322  0.40274268  2.162521   -0.12283763
 -0.31174585 -0.55051404 -0.80556124 -1.6437277   0.9418236  -0.9364117
  0.29893368  0.5816824  -1.8135042   0.85555476]
[ 0.28319773  0.11314665  0.42289513  0.38541168  2.1937773  -0.12567899
 -0.33902568 -0.54023117 -0.81422293 -1.6256176   0.93433344 -0.938076
  0.35972553  0.5732959  -1.7646825   0.8479716 ]
[ 0.209061    0.1069482   0.45513734  0.34512976  2.2112687  -0.12584648
 -0.39131704 -0.5058056  -0.80795634 -1.6586157   0.90714025 -0.9421652
  0.37404245  0.5635245  -1.6832129   0.9117802 ]
[ 0.17440687  0.12731697  0.47218394  0.36862597  2.1649585  -0.13028036
 -0.40098992 -0.4668847  -0.77171403 -1.687082    0.8855485  -0.9271615
  0.33749196  0.5691021  -1.7214155   0.9768443 ]
[ 0.29715428  0.19776282  0.42648235  0.4117063   2.0292566  -0.14131716
 -0.2833328  -0.49728853 -0.782724   -1.7050321   0.9415843  -0.9193498
  0.21191296  0.6147461  -1.840163    1.0097628 ]
[ 0.29752412  0.20869222  0.44098377  0.43136972  1.9624825  -0.12801932
 -0.23811314 -0.504981   -0.7826508  -1.7028538   0.9130882  -0.91734713
  0.1985646   0.6424264  -1.8640572   1.0142577 ]
[ 0.30654025  0.16343383  0.44355577  0.46038923  1.9243934  -0.10961033
 -0.20729549 -0.51118165 -0.80187607 -1.6554182   0.8428237  -0.9278761
  0.2519617   0.69386756 -1.9013646   0.9984347 ]
[ 0.32756025  0.11165514  0.4367302   0.50233203  2.016082   -0.09366903
 -0.2607883  -0.51128095 -0.7629962  -1.5909469   0.7840215  -0.89815587
  0.2325447   0.6317316  -1.9375213   0.9835159 ]
[ 0.31589764  0.13935979  0.4354125   0.55458325  2.01558    -0.0951701
 -0.3140038  -0.46534738 -0.7159156  -1.5691351   0.75444776 -0.8149783
  0.15037455  0.6261633  -2.0080514   0.96125734]
[ 0.20554581  0.15138228  0.4483038   0.6209018   2.0212893  -0.05338665
 -0.37137732 -0.4126408  -0.6348195  -1.5568522   0.6838495  -0.7150396
  0.13981065  0.61867654 -2.046563    0.86924875]
[ 0.10034692  0.17642738  0.33721343  0.63467807  2.1631706  -0.05064036
 -0.4926389  -0.41033512 -0.5336913  -1.6083969   0.773543   -0.73583245
  0.15208332  0.539081   -2.0158718   0.94265187]
[ 0.14891306  0.17528352  0.26302224  0.67227185  2.1594799  -0.06689225
 -0.41623807 -0.4687143  -0.5612725  -1.603838    0.8535681  -0.815234
  0.12570839  0.6610041  -2.0799534   0.9235657 ]
[ 0.1401678   0.13291302  0.3026001   0.696003    2.1812418  -0.0093823
 -0.44087282 -0.47904438 -0.57218343 -1.5573361   0.8180057  -0.82055056
  0.16765516  0.651283   -2.0973582   0.8542725 ]
[ 0.2493289   0.09054726  0.3123177   0.6553257   2.1889157  -0.0472043
 -0.3516649  -0.5139298  -0.64034694 -1.526573    0.8391045  -0.83915156
  0.17103238  0.68269587 -2.1021614   0.79622763]
[ 0.32909387  0.11533983  0.37225738  0.5790523   2.1423962  -0.07582292
 -0.31981486 -0.5004081  -0.68406224 -1.53783     0.84755135 -0.8187634
  0.15153593  0.6382057  -2.071324    0.7964138 ]
[ 0.31325284  0.14170636  0.42787585  0.5404119   2.0487654  -0.09159286
 -0.270886   -0.46988478 -0.7053232  -1.5702493   0.8142236  -0.8249447
  0.18078494  0.6659795  -2.0478933   0.8121492 ]
[ 0.34360474  0.20581016  0.4054924   0.39090103  2.0619636  -0.17312786
 -0.30393255 -0.48190007 -0.72905177 -1.6845757   0.9479152  -0.9359093
  0.20755534  0.6043716  -1.8654807   0.977355  ]
[ 0.3194654   0.14956728  0.39791855  0.4103405   2.0039697  -0.16030993
 -0.24576704 -0.49101323 -0.75554    -1.6357514   0.89272654 -0.96986425
  0.27860063  0.6939236  -1.8825352   0.9644728 ]
[ 0.3765262   0.08991959  0.43091097  0.45310992  1.9930866  -0.12559628
 -0.19283763 -0.50925016 -0.79022163 -1.565081    0.8134018  -0.9495808
  0.3170937   0.7116928  -1.9449917   0.8578169 ]
[ 0.41860184  0.02900849  0.4480524   0.49086538  2.0663905  -0.11513772
 -0.23098555 -0.50734603 -0.795811   -1.5050404   0.77505696 -0.9340094
  0.31067544  0.67914474 -1.987497    0.8221303 ]
[ 0.4670034   0.0434254   0.5036102   0.516124    1.9823164  -0.08808501
 -0.18325369 -0.47445855 -0.78542215 -1.4654074   0.7061397  -0.84921205
  0.23362157  0.6746766  -2.0580475   0.73795766]
[ 0.34958833  0.08892548  0.50532967  0.49294224  2.0250165  -0.10138353
 -0.26965374 -0.43730998 -0.7374478  -1.5346134   0.732231   -0.81462634
  0.2368489   0.63043624 -1.9886811   0.785882  ]
[ 0.28828922  0.14090015  0.4336874   0.4649233   2.0378983  -0.13949533
 -0.2736559  -0.47310647 -0.7426922  -1.6122948   0.84414184 -0.8748436
  0.28747243  0.6660563  -1.9324868   0.85126925]
[ 0.24260497  0.12064419  0.39471284  0.4490253   2.0770946  -0.14295313
 -0.3103478  -0.51242757 -0.7442976  -1.6190609   0.8819351  -0.9584149
  0.3601363   0.7034799  -1.8905423   0.916824  ]
[ 0.36839607  0.10985576  0.41690904  0.4501892   1.9742607  -0.15517446
 -0.19355497 -0.5347465  -0.81659186 -1.5691597   0.85910577 -0.9823316
  0.3274571   0.7877196  -1.9477974   0.87174714]
[ 0.40665874  0.05821635  0.44721898  0.5000351   1.9642665  -0.12701926
 -0.16088223 -0.54135704 -0.8569608  -1.5033503   0.8060668  -0.95797503
  0.3217566   0.8003904  -1.9852394   0.79097116]
[ 0.4321684   0.05470373  0.5464417   0.52319765  1.9428685  -0.05206034
 -0.13259086 -0.53440976 -0.8441634  -1.456777    0.7066352  -0.8583565
  0.2756195   0.7088163  -2.0084584   0.65465105]
[ 0.39290926  0.14379564  0.5250626   0.471383    1.9566818  -0.07801381
 -0.15968382 -0.5476436  -0.8727978  -1.5215057   0.794063   -0.8730593
  0.26243815  0.722304   -1.9566319   0.70139396]
[ 0.39930227  0.15493043  0.52068126  0.43920302  1.9556557  -0.08779548
 -0.14958462 -0.5551772  -0.88784945 -1.5442932   0.8067976  -0.8967514
  0.2891604   0.71000445 -1.9185772   0.72624314]
[ 0.36788696  0.12496947  0.47212046  0.42626056  2.0276852  -0.10178366
 -0.22746225 -0.5503087  -0.86433756 -1.5759703   0.8548192  -0.94840926
  0.3264033   0.667059   -1.8465761   0.81259364]
[ 0.3766307   0.131614    0.48598114  0.4450101   2.0095162  -0.10309912
 -0.22341427 -0.54577005 -0.8624647  -1.568605    0.8514293  -0.9298276
  0.27124438  0.66911566 -1.8505087   0.80799186]
[ 0.42100987  0.07592185  0.5763942   0.47970444  1.922128   -0.05320985
 -0.12889375 -0.55689776 -0.91587496 -1.4997599   0.7104795  -0.88923055
  0.32326666  0.7134272  -1.8996855   0.68146163]
[ 0.342743    0.06254047  0.56244695  0.46090803  2.0826664  -0.05823161
 -0.24449258 -0.54665625 -0.8850099  -1.5357124   0.7515982  -0.8967252
  0.360591    0.6048624  -1.8217834   0.7221901 ]
[ 0.31053478  0.10108168  0.4733151   0.40647164  2.1239624  -0.11411294
 -0.3192072  -0.5273496  -0.859234   -1.6105648   0.8803465  -0.9380552
  0.36717784  0.61713517 -1.7840321   0.8380283 ]
[ 0.2471436   0.05105473  0.5452612   0.40819168  2.1047263  -0.07425034
 -0.2978627  -0.5049207  -0.85824317 -1.5720556   0.7532294  -0.88781756
  0.45236498  0.6033913  -1.744003    0.73666465]
[ 0.2276353   0.10681067  0.47075933  0.33940235  2.1680331  -0.11721353
 -0.35819364 -0.52141213 -0.81955135 -1.6249332   0.8833987  -0.9556343
  0.3829792   0.5981852  -1.7073025   0.89555275]
[ 0.21050553  0.12687147  0.48387918  0.36205488  2.1378982  -0.12704258
 -0.37037405 -0.493145   -0.79219615 -1.6301711   0.8626151  -0.9541289
  0.35295695  0.61142164 -1.737195    0.9258429 ]
[ 0.39613533  0.15880507  0.44728318  0.44361353  1.9847568  -0.13766746
 -0.20817909 -0.52179253 -0.815343   -1.6063439   0.8727666  -0.937116
  0.24015495  0.6783095  -1.9064357   0.8781538 ]
[ 0.3989969   0.11053829  0.48826772  0.48416013  1.9216483  -0.11346376
 -0.12936245 -0.52251565 -0.8391927  -1.5580603   0.79616797 -0.91818464
  0.28221673  0.7146039  -1.9338042   0.78128135]
[ 0.35683948  0.1118142   0.45712805  0.42516422  1.9946581  -0.11756464
 -0.21231067 -0.5300002  -0.8330878  -1.5835918   0.8426663  -0.95744246
  0.333903    0.71524245 -1.8798994   0.84212035]
[ 0.4105773   0.02019747  0.55407274  0.461567    2.0436032  -0.06231879
 -0.18622759 -0.52680206 -0.8470653  -1.4912395   0.68491805 -0.90366876
  0.35789776  0.6319672  -1.9046152   0.71879864]
[ 0.36283675  0.0928147   0.43189868  0.41742992  2.137291   -0.13346629
 -0.30774027 -0.48900723 -0.7834759  -1.5777236   0.86404514 -0.9428732
  0.27107316  0.59955364 -1.8676685   0.8925959 ]
[ 0.37499335  0.12703612  0.47900915  0.45823145  2.0114195  -0.1130559
 -0.22365947 -0.47144803 -0.75951344 -1.5742337   0.8186649  -0.8551873
  0.23028354  0.64166754 -1.9603984   0.77921677]
[ 0.3248114   0.17128834  0.45011893  0.39003614  2.0470142  -0.13384253
 -0.2510929  -0.49955565 -0.76201296 -1.6391958   0.8937341  -0.90500945
  0.27265665  0.63666505 -1.8808848   0.8514307 ]
[ 0.2954525   0.18899675  0.39943987  0.35613903  2.0878308  -0.16251732
 -0.31514698 -0.505095   -0.750078   -1.656914    0.94882786 -0.96980584
  0.28939185  0.6407981  -1.8366156   0.9597807 ]
[ 0.36411667  0.14002243  0.41210255  0.4231247   2.0763824  -0.14682014
 -0.26473773 -0.5277399  -0.8070283  -1.5974058   0.89775974 -0.97839546
  0.29602712  0.67950094 -1.8957388   0.8967476 ]
[ 0.4019486   0.15664114  0.4560613   0.44070587  2.0766978  -0.12038668
 -0.25731787 -0.53500664 -0.82714576 -1.5732437   0.8849354  -0.9170728
  0.23441465  0.6323358  -1.9102709   0.82189333]
[ 0.42330533  0.18403244  0.51775783  0.4403321   1.9419994  -0.10034785
 -0.1604807  -0.5253562  -0.8565296  -1.5559477   0.8256775  -0.8578226
  0.21561107  0.6973049  -1.9437008   0.71575326]
[ 0.32947427  0.15376091  0.51513594  0.41623086  2.0077758  -0.09714552
 -0.21871896 -0.52150834 -0.83739823 -1.582343    0.80617255 -0.88506794
  0.31969285  0.67526543 -1.875571    0.7578319 ]
[ 0.3360025   0.16985533  0.42712218  0.38518992  2.103399   -0.13741827
 -0.29134363 -0.5474843  -0.82805824 -1.6316516   0.9409399  -0.9654225
  0.27814743  0.63596445 -1.8110437   0.9043654 ]
[ 0.35027328  0.17568178  0.47156963  0.40354642  2.0967033  -0.11012834
 -0.28661594 -0.54481405 -0.8492239  -1.6179968   0.9110605  -0.9184643
  0.24071589  0.6037399  -1.8172392   0.858068  ]
[ 0.32504925  0.10380922  0.53570616  0.44273242  2.0967033  -0.07713263
 -0.2612877  -0.5284293  -0.8615473  -1.5694515   0.7896857  -0.873212
  0.32492986  0.59974325 -1.8341411   0.7498882 ]
[ 0.2763278   0.10036749  0.4437665   0.38633597  2.190691   -0.11712907
 -0.34861055 -0.54122734 -0.8371857  -1.623634    0.9068252  -0.9461153
  0.3883118   0.5698941  -1.7427466   0.8609272 ]
[ 0.23583284  0.11083381  0.4635531   0.3524517   2.1728737  -0.12533148
 -0.35842267 -0.5217402  -0.83311284 -1.6404436   0.90240705 -0.94959164
  0.38890916  0.587111   -1.693684    0.87618   ]
[ 0.16713552  0.09011315  0.4974761   0.33422512  2.207028   -0.11217859
 -0.41186985 -0.48518276 -0.785524   -1.6374489   0.8418358  -0.9575411
  0.4079547   0.55869156 -1.6652092   0.92055416]
[ 0.24403758  0.1405313   0.43753672  0.3742942   2.1606355  -0.13772216
 -0.35955238 -0.49859852 -0.75570893 -1.6501983   0.89492047 -0.9535694
  0.31116563  0.5893854  -1.7675197   0.9409264 ]
[ 0.3594988   0.17857623  0.41698036  0.43368077  2.0120914  -0.14210938
 -0.22129469 -0.5234576  -0.7746999  -1.6244786   0.9161404  -0.93304193
  0.2249161   0.6830541  -1.9163994   0.8775693 ]
[ 0.35038283  0.10721906  0.48203793  0.45197162  1.995517   -0.102392
 -0.17384592 -0.52736634 -0.7998688  -1.5501344   0.7996559  -0.902051
  0.31196994  0.70479095 -1.9447472   0.75948346]
[ 0.32449436  0.07970394  0.40641874  0.4196      2.1141593  -0.11750026
 -0.2711789  -0.54269636 -0.80226773 -1.5770876   0.88624203 -0.9657671
  0.35877225  0.6787551  -1.8766915   0.8505761 ]
[ 0.355794    0.07420442  0.4343881   0.45421353  2.1114326  -0.11036179
 -0.26727146 -0.52272713 -0.8006636  -1.5421484   0.8398622  -0.92338765
  0.2937178   0.65386117 -1.9191954   0.83326113]
[ 0.3989156   0.1340624   0.458394    0.48436922  1.9922426  -0.11597636
 -0.18080933 -0.5123439  -0.8020856  -1.5524621   0.83787996 -0.87372476
  0.21805134  0.68902    -1.9932644   0.78053325]
[ 0.35000032  0.18539819  0.4597566   0.42767948  1.9962772  -0.12754683
 -0.20459223 -0.5121299  -0.7901283  -1.6144632   0.8747675  -0.8898252
  0.23673649  0.6713216  -1.9237859   0.82580173]
[ 0.31596988  0.18980905  0.4175213   0.392807    2.0113714  -0.13824525
 -0.24001007 -0.5365524  -0.80096006 -1.6341518   0.9186098  -0.9590044
  0.2914219   0.706579   -1.8639688   0.8970766 ]
[ 0.37035054  0.12809177  0.45421204  0.4429606   1.9926164  -0.1117363
 -0.19574848 -0.5423874  -0.83355474 -1.5665696   0.8337577  -0.9466481
  0.30698466  0.7001804  -1.897479    0.8306993 ]
[ 0.41376203  0.07550464  0.4636465   0.4801383   2.0125332  -0.10621281
 -0.20015295 -0.5346702  -0.84678143 -1.5194666   0.79852945 -0.9398174
  0.29174796  0.69592935 -1.9304451   0.81017435]
[ 0.46440706  0.08867027  0.53297246  0.5177452   1.9392459  -0.07058199
 -0.13537432 -0.52336    -0.8517171  -1.4777951   0.7325901  -0.8522517
  0.21760578  0.6931008  -2.0067039   0.6913836 ]
[ 0.36748153  0.10346919  0.5265011   0.48350054  1.9916633  -0.07354756
 -0.20608    -0.50667316 -0.8251947  -1.5226762   0.75104505 -0.8458088
  0.2636371   0.6689108  -1.9526285   0.73827606]
[ 0.3003232   0.12586154  0.48514003  0.44642457  2.0651534  -0.09902833
 -0.2636189  -0.51459384 -0.8110474  -1.5834799   0.82362586 -0.8826486
  0.31530958  0.6273894  -1.8731375   0.8028847 ]
[ 0.2835105   0.11650403  0.40942135  0.40666628  2.1161351  -0.13414511
 -0.31511438 -0.5298257  -0.8076868  -1.6279243   0.90198326 -0.97338694
  0.3486434   0.6465433  -1.8004259   0.9283633 ]
[ 0.2906674   0.1018066   0.4400874   0.39395759  2.1083856  -0.12455781
 -0.30548644 -0.51261836 -0.79802144 -1.6111902   0.8616189  -0.95235384
  0.34355634  0.6289607  -1.7934458   0.8970292 ]
[ 0.3632564   0.10915709  0.43794018  0.4250868   2.0312583  -0.14024095
 -0.24676505 -0.50351477 -0.7962895  -1.6011235   0.85604304 -0.94547844
  0.2876845   0.66055834 -1.8770006   0.90727174]
[ 0.34627175  0.0662138   0.47788882  0.47685066  1.9977001  -0.12033073
 -0.17875655 -0.4884382  -0.7828978  -1.5434343   0.74981475 -0.90464437
  0.3230601   0.6889987  -1.9420284   0.79792184]
[ 0.35383147  0.10481682  0.38727695  0.42277756  2.0579765  -0.16111124
 -0.24027367 -0.50827914 -0.7624124  -1.5883906   0.8919803  -0.97275066
  0.2866394   0.7137263  -1.9323356   0.9142397 ]
[ 0.37417996  0.08411182  0.44681612  0.46619612  2.034497   -0.11021596
 -0.17794281 -0.5200853  -0.78135145 -1.5350115   0.80553913 -0.9028614
  0.29799435  0.7018511  -1.9806111   0.7593237 ]
[ 0.37172595  0.1212583   0.4073977   0.43088573  2.1023002  -0.13008098
 -0.26323116 -0.51627433 -0.7536782  -1.5730612   0.8867837  -0.922561
  0.2494156   0.65029037 -1.9525788   0.8572529 ]
[ 0.40280145  0.13291891  0.43010125  0.46518007  2.033245   -0.13483408
 -0.20136233 -0.50346506 -0.7557009  -1.5836301   0.8632962  -0.89316714
  0.22045977  0.6602483  -1.987257    0.8153931 ]
[ 0.36233658  0.19434209  0.3878645   0.4273793   2.0295672  -0.16577289
 -0.24495356 -0.5009986  -0.7309403  -1.6472645   0.9490593  -0.92324984
  0.18659928  0.66452414 -1.9327943   0.9124349 ]
[ 0.4111549   0.16667405  0.4448703   0.45117393  1.9317782  -0.14112045
 -0.13719632 -0.5084892  -0.7551338  -1.6022177   0.85615855 -0.91282386
  0.20585676  0.70653737 -1.9894632   0.8375122 ]
[ 0.37718752  0.12415651  0.40185508  0.44455728  2.0168762  -0.15397659
 -0.20296851 -0.51004815 -0.75034434 -1.6056597   0.88012886 -0.967811
  0.2624577   0.684244   -1.9297297   0.89665306]
[ 0.43516365  0.08364193  0.4244403   0.4763883   2.0465355  -0.13443568
 -0.1958209  -0.5089832  -0.74742925 -1.5586717   0.83956784 -0.9452928
  0.23142512  0.65076387 -1.9820448   0.85016525]
[ 0.44327968  0.08588967  0.47303647  0.5046476   1.9842991  -0.11332555
 -0.14746004 -0.49965182 -0.77192074 -1.5403337   0.7929214  -0.8844531
  0.21647775  0.6798173  -2.031012    0.7697852 ]
[ 0.35938853  0.15287597  0.4595003   0.4611768   2.027961   -0.12081907
 -0.21596158 -0.49470082 -0.74991757 -1.6147579   0.86141413 -0.8707498
  0.20211844  0.6417543  -1.9687519   0.8342091 ]
[ 0.30997902  0.18488708  0.4153722   0.41581407  2.0652206  -0.13624412
 -0.24915917 -0.49870834 -0.7204978  -1.6557896   0.9162819  -0.88975847
  0.22069564  0.63051057 -1.9298731   0.88841534]
[ 0.281124    0.22876945  0.359093    0.37751725  2.1019833  -0.15269944
 -0.3186376  -0.51841724 -0.70009315 -1.6838      0.99691343 -0.938043
  0.21292618  0.62518585 -1.8751398   0.97427976]
[ 0.31746292  0.19832571  0.36763185  0.4073409   2.0818524  -0.14424193
 -0.28894    -0.53231275 -0.7119363  -1.6519248   0.9585618  -0.9373886
  0.21131957  0.63881665 -1.9047123   0.9604579 ]
[ 0.31597486  0.19668326  0.3710579   0.4485852   2.0375495  -0.14751175
 -0.253772   -0.5256386  -0.72853965 -1.6409264   0.92732763 -0.90915716
  0.20899808  0.67306036 -1.9282188   0.9237606 ]
[ 0.3362051   0.20115158  0.36506408  0.48368636  1.9918795  -0.14032511
 -0.22374204 -0.5300712  -0.731734   -1.6214253   0.91279507 -0.9082959
  0.17050883  0.7276038  -1.9838997   0.9195692 ]
[ 0.37206456  0.18117169  0.40582043  0.5470188   1.9561293  -0.09918097
 -0.15806267 -0.53505945 -0.74293846 -1.5640653   0.8331388  -0.8677325
  0.1482289   0.7431865  -2.063622    0.809023  ]
[ 0.34326404  0.17164251  0.39646393  0.53204024  2.0525918  -0.09303521
 -0.24571931 -0.538556   -0.7379581  -1.5636537   0.85491335 -0.88236654
  0.15404323  0.6878112  -2.0113158   0.84667474]
[ 0.3211009   0.06115102  0.4500018   0.62336427  2.0733707  -0.01300104
 -0.25102493 -0.51040345 -0.71371996 -1.4405077   0.69340336 -0.80743504
  0.20190553  0.68420017 -2.1132233   0.70184296]
[ 0.3576922   0.08194979  0.41155934  0.5294348   2.122793   -0.08344509
 -0.26254478 -0.52099967 -0.7625653  -1.523288    0.82925063 -0.8657025
  0.23754168  0.66417515 -2.0104804   0.75695455]
[ 0.396629    0.13620736  0.461114    0.44454542  2.0447476  -0.11356066
 -0.21358123 -0.51899284 -0.8147296  -1.5626204   0.8600997  -0.8567344
  0.2230508   0.6779601  -1.9602757   0.7583405 ]
[ 0.357616    0.16673872  0.43742332  0.42518854  2.0480769  -0.12672456
 -0.23492606 -0.52288043 -0.8104178  -1.621583    0.8913891  -0.8788551
  0.23677972  0.6578964  -1.8979883   0.8379982 ]
[ 0.31429473  0.18124573  0.41223612  0.39528814  2.0929158  -0.1454502
 -0.31133947 -0.5243321  -0.79990613 -1.6744105   0.9302238  -0.92289126
  0.25466165  0.6275304  -1.8090751   0.9495077 ]
[ 0.30704     0.11547096  0.428334    0.4333713   2.0527682  -0.13560219
 -0.27749476 -0.5225073  -0.83715945 -1.6240784   0.85301363 -0.923581
  0.319349    0.6785246  -1.8198881   0.9216534 ]
[ 0.35743824  0.02224649  0.4502266   0.49362174  2.032909   -0.11750185
 -0.23556969 -0.5077356  -0.86440885 -1.5416119   0.74051493 -0.9013138
  0.3630922   0.68271625 -1.8603985   0.85231364]
[ 0.38766426 -0.0780223   0.4463145   0.54185075  2.0903697  -0.10685989
 -0.2619328  -0.47813195 -0.83124703 -1.4723272   0.65102696 -0.8789611
  0.37731132  0.6248253  -1.8780483   0.8320816 ]
[ 0.38127285 -0.09404476  0.4280522   0.61623496  2.0722265  -0.10601538
 -0.26546296 -0.40134415 -0.7470814  -1.450757    0.57835144 -0.7892453
  0.3061747   0.6022032  -1.9702549   0.8049216 ]
[ 0.27479002 -0.06852069  0.4645888   0.5972005   2.1018882  -0.09794839
 -0.3217656  -0.35151777 -0.6740736  -1.4527667   0.551184   -0.71953505
  0.29417485  0.57876194 -2.0001493   0.78817236]
[ 0.28561124  0.01158014  0.37091938  0.6094212   2.1038764  -0.12480698
 -0.27362075 -0.42106614 -0.6917665  -1.4975282   0.7116156  -0.76794976
  0.26039264  0.6503849  -2.072299    0.8093341 ]
[ 0.30819803  0.00985239  0.33553448  0.58065635  2.1617332  -0.13871981
 -0.30146357 -0.46889392 -0.73159474 -1.522444    0.7851564  -0.8252293
  0.29996997  0.66187555 -2.0389364   0.8494377 ]
[ 0.2838235  -0.01480706  0.33782545  0.5994639   2.171293   -0.12927587
 -0.32406414 -0.4735791  -0.7749923  -1.5066681   0.7717999  -0.8268825
  0.34490174  0.66302454 -1.9943368   0.83729917]
[ 0.2683612  -0.00380511  0.36854073  0.6172659   2.1117253  -0.10291833
 -0.30564854 -0.4819312  -0.7952767  -1.4960209   0.7447067  -0.79194736
  0.33858547  0.6946948  -2.0085745   0.80571824]
[ 0.25043464  0.03425755  0.43322197  0.6292362   2.004865   -0.06260917
 -0.2576738  -0.48607033 -0.8314034  -1.4789965   0.6678578  -0.7627548
  0.3424021   0.7209134  -1.9964135   0.75559986]
[ 0.3105149   0.05693462  0.42427206  0.600736    1.9382412  -0.08877914
 -0.20652077 -0.5269327  -0.8915118  -1.4997157   0.7007091  -0.8435639
  0.35353976  0.78778553 -1.9504242   0.79982436]
[ 0.3582843  -0.02301482  0.47903043  0.6817465   1.818671   -0.05479926
 -0.12163943 -0.5184726  -0.9315799  -1.4013162   0.54057956 -0.8254751
  0.38737383  0.8272395  -1.9693283   0.7155033 ]
[ 0.41806394 -0.08546384  0.5584605   0.6839719   1.7160568  -0.03798167
 -0.07651902 -0.5245529  -0.9906899  -1.3413044   0.46962085 -0.8270507
  0.39271772  0.885677   -1.9537016   0.67306536]
[ 0.45908013 -0.23374195  0.7202147   0.7090453   1.6776869   0.16044171
 -0.13548523 -0.48127922 -0.9363605  -1.1708298   0.16692829 -0.6609831
  0.4273351   0.70120454 -1.9434783   0.49469614]
[ 0.39803633 -0.26190326  0.69972146  0.7078968   1.8109977   0.14732055
 -0.22935173 -0.4636336  -0.9177993  -1.2037554   0.17971174 -0.6496729
  0.473322    0.65321934 -1.9260623   0.53772366]
[ 0.29765207 -0.22894943  0.6233139   0.7014569   1.962632    0.06116211
 -0.31016177 -0.43197322 -0.88431805 -1.2834561   0.30237833 -0.66412884
  0.49846148  0.6246545  -1.9082168   0.5970495 ]
[ 0.2079831  -0.14157861  0.5341507   0.6435092   2.0521786  -0.00253409
 -0.32943982 -0.42875424 -0.881472   -1.3949742   0.45988163 -0.7114371
  0.49999276  0.64791566 -1.8809307   0.6862341 ]
[ 0.15474582 -0.06018914  0.47858697  0.5844173   2.0715075  -0.04357241
 -0.3212607  -0.42993504 -0.8860825  -1.4637054   0.5333458  -0.7558278
  0.48733005  0.6828274  -1.836491    0.7694519 ]
[ 0.22121355 -0.01309079  0.40070066  0.5383707   2.086277   -0.11998881
 -0.3240395  -0.44062838 -0.84275836 -1.5275074   0.6656634  -0.8485076
  0.40080673  0.70460707 -1.8379774   0.9067334 ]
[ 0.25938088 -0.06437474  0.39126104  0.71986127  1.9908069  -0.08213048
 -0.25384307 -0.41164583 -0.796676   -1.441349    0.5324512  -0.74233586
  0.34347376  0.6905733  -1.9580677   0.78879106]
[ 0.28055838 -0.09868153  0.44448203  0.74639416  1.9072806  -0.08364364
 -0.2203788  -0.38900152 -0.80116546 -1.3974068   0.45937902 -0.7012418
  0.33192357  0.75275266 -2.0135734   0.7461866 ]
[ 0.23957348 -0.22212896  0.54404694  0.79207456  1.9145905   0.0641812
 -0.32107162 -0.30274534 -0.68830746 -1.259126    0.19440544 -0.573901
  0.38751855  0.63028455 -2.0576615   0.61828935]
[ 0.38871962 -0.21645088  0.50375366  0.7548963   1.9767351  -0.05364664
 -0.24997012 -0.37095988 -0.74683726 -1.3091799   0.36033145 -0.6410884
  0.31575775  0.6688484  -2.1023421   0.68129873]
[ 0.2074788  -0.22787075  0.6150445   0.7246901   2.007117    0.08182425
 -0.45024338 -0.23469965 -0.61202955 -1.2776457   0.2123981  -0.48821846
  0.32867402  0.5436773  -2.0711613   0.59838915]
[ 0.11838116 -0.09937602  0.54953396  0.6460671   2.1268754   0.03781451
 -0.4863964  -0.29204845 -0.6338921  -1.3895105   0.4274292  -0.5473894
  0.34642056  0.5272068  -2.0108235   0.63849914]
[ 0.09682601 -0.03605849  0.46189365  0.6021222   2.186641   -0.01925405
 -0.4950657  -0.31353003 -0.67563367 -1.5024296   0.53917706 -0.6197824
  0.4051439   0.47691178 -1.8742301   0.7312122 ]
[ 0.20084867 -0.06607658  0.42966804  0.6582364   2.1259568  -0.0946704
 -0.3823231  -0.39095145 -0.75478756 -1.5175916   0.5987042  -0.76184183
  0.40072465  0.6094047  -1.9082756   0.8189564 ]
[ 0.29501566 -0.05396431  0.41383237  0.72743     1.9515194  -0.12848547
 -0.22495234 -0.41638073 -0.809375   -1.482098    0.58442825 -0.7679258
  0.30814856  0.7259945  -1.9934795   0.8363557 ]
[ 0.31122097 -0.09640137  0.4762597   0.7458061   1.8731514  -0.08059263
 -0.20012483 -0.4173003  -0.8312869  -1.4116713   0.484589   -0.7189907
  0.29654753  0.7474618  -2.0119257   0.7975921 ]
[ 0.26036558 -0.25757337  0.5824765   0.7914766   1.8746998   0.0875147
 -0.31739596 -0.32858464 -0.7295229  -1.2547057   0.18679854 -0.5936661
  0.39885715  0.62805563 -2.0310264   0.6623858 ]
[ 0.39784917 -0.2700016   0.5228362   0.753734    1.9394429  -0.05093151
 -0.25871322 -0.38509008 -0.7909539  -1.2983334   0.34845093 -0.67342913
  0.36156946  0.6683723  -2.056651    0.75288695]
[ 0.21433994 -0.29994717  0.60130686  0.75133497  1.9666617   0.07324985
 -0.4626701  -0.23984018 -0.668701   -1.246949    0.14898427 -0.5042079
  0.4204825   0.56164414 -2.0053515   0.64918846]
[ 0.11093159 -0.14744595  0.49815726  0.7273698   2.0597577   0.02923697
 -0.49137235 -0.25991663 -0.66698265 -1.3876528   0.3243053  -0.5271638
  0.38319784  0.58023393 -1.9823242   0.71288323]
[ 5.7090867e-02 -5.4576851e-02  4.1463345e-01  7.0551765e-01
  2.1640670e+00  2.0528182e-03 -5.3238189e-01 -2.9264700e-01
 -6.6010797e-01 -1.4972061e+00  4.7211161e-01 -5.8843547e-01
  3.7690598e-01  5.2016646e-01 -1.8986241e+00  7.7840012e-01]
[ 0.15054114 -0.11026289  0.35764375  0.8044383   2.14252    -0.06158388
 -0.41564393 -0.38330683 -0.67961997 -1.4480747   0.5404603  -0.70317936
  0.3406334   0.64680165 -2.0449834   0.82980174]
[ 0.26527435 -0.16545048  0.32763454  0.9116005   1.9944146  -0.06924012
 -0.24491444 -0.4225029  -0.75384724 -1.3215654   0.47624844 -0.6823915
  0.30042064  0.7841231  -2.1773496   0.73969585]
[ 0.31125516 -0.17093901  0.4096015   0.8865002   1.9409672  -0.01607339
 -0.21903329 -0.43930548 -0.8130433  -1.2925951   0.39811295 -0.6602226
  0.3236038   0.773538   -2.1419156   0.66989195]
[ 0.261799   -0.2399967   0.5341055   0.84995204  1.9573361   0.06659789
 -0.31097424 -0.40015855 -0.7831168  -1.2453499   0.25537366 -0.60820496
  0.4112071   0.6676025  -2.0765738   0.6189438 ]
[ 0.34432942 -0.21331029  0.46543723  0.814083    1.9937048  -0.03648018
 -0.2590974  -0.4322086  -0.8244858  -1.3035793   0.4189021  -0.65221274
  0.36012647  0.6701698  -2.0636153   0.67738754]
[ 0.15401295 -0.18283036  0.5491811   0.7660647   1.9941155   0.08546308
 -0.3858587  -0.33832276 -0.78173107 -1.2867682   0.2752027  -0.5650056
  0.3960802   0.6315103  -1.9898951   0.6388799 ]
[ 0.15386458 -0.16724607  0.49760264  0.75324166  1.9960521   0.02248274
 -0.33128867 -0.37689218 -0.82406807 -1.337188    0.3320515  -0.6376193
  0.46451646  0.6928582  -1.9561743   0.679948  ]
[ 0.30947557 -0.16390796  0.43224746  0.71770006  2.0342927  -0.08670142
 -0.25692672 -0.4469319  -0.8765108  -1.3911744   0.48995233 -0.77308404
  0.42962712  0.69211817 -1.9416902   0.796459  ]
[ 0.33488926 -0.16843134  0.44737825  0.7670213   1.9365879  -0.05157957
 -0.21466163 -0.44187027 -0.8894437  -1.3512051   0.4424862  -0.7314497
  0.37906653  0.7227775  -1.970671    0.7524883 ]
[ 0.24923615 -0.20325354  0.5388237   0.80801976  1.895058    0.05186064
 -0.29220507 -0.34861708 -0.7841355  -1.2615712   0.23188551 -0.6194377
  0.38119674  0.67010856 -2.005285    0.6497544 ]
[ 0.28309473 -0.26528415  0.50053424  0.7722505   1.957442    0.00341679
 -0.28954142 -0.34793314 -0.7790301  -1.2726297   0.26635578 -0.64844304
  0.43718606  0.6587135  -2.0178998   0.70344514]
[ 0.32465112 -0.19668631  0.427288    0.7493879   1.997227   -0.09577633
 -0.25477734 -0.40174228 -0.83854353 -1.3522456   0.45643252 -0.70649564
  0.39407998  0.71481997 -2.0201564   0.76524067]
[ 0.20846625 -0.28264764  0.5087558   0.76296985  2.0502486   0.01852567
 -0.38291988 -0.3181982  -0.7688473  -1.2542589   0.24782291 -0.58369726
  0.468857    0.64127505 -2.021422    0.66521835]
[ 0.20164947 -0.21214533  0.44732705  0.7813847   2.0927517  -0.00628307
 -0.36208206 -0.34874725 -0.74927557 -1.3251909   0.3715517  -0.6262239
  0.4171145   0.63183117 -2.0427299   0.6899888 ]
[ 0.26303744 -0.08677547  0.38162437  0.71357054  2.089317   -0.09555472
 -0.3074912  -0.40333858 -0.77990186 -1.4235773   0.5685688  -0.6997248
  0.31048495  0.6635371  -2.0213416   0.79210365]
[ 0.15284288 -0.07274186  0.43959293  0.75193363  2.0162416  -0.01618843
 -0.34124076 -0.33143657 -0.70947945 -1.3824376   0.41734353 -0.61999047
  0.33409825  0.6546837  -2.0528903   0.723358  ]
[ 0.27187744 -0.05852811  0.38283092  0.72448796  1.9651788  -0.11444273
 -0.21301672 -0.43179482 -0.82456034 -1.4217968   0.5451164  -0.7562851
  0.3614251   0.77557534 -2.0281582   0.7873769 ]
[ 0.36674383 -0.17865726  0.45445174  0.814149    1.914233   -0.04392796
 -0.18618119 -0.42061934 -0.80076015 -1.2924417   0.37588415 -0.6812845
  0.35167104  0.711548   -2.074922    0.6503824 ]
[ 0.42150792 -0.24817324  0.5425533   0.78751355  1.9208027   0.0073748
 -0.21099553 -0.41363794 -0.80013466 -1.2458866   0.29210457 -0.63371766
  0.34032124  0.65581435 -2.0799286   0.6225794 ]
[ 0.22388539 -0.22644344  0.6200347   0.75553215  1.9619713   0.12546206
 -0.42810875 -0.28221795 -0.67892015 -1.2412347   0.17617092 -0.49571037
  0.34673724  0.5550553  -2.023424    0.56887084]
[ 0.14085948 -0.20566364  0.5918422   0.7157711   2.0677748   0.06163342
 -0.44919086 -0.28567323 -0.7085427  -1.3248905   0.2898195  -0.5253916
  0.40928778  0.571038   -2.0000463   0.60905266]
[ 0.08589077 -0.12200022  0.5440819   0.65967715  2.169003    0.02360622
 -0.4712252  -0.36113825 -0.75118226 -1.4419718   0.45620617 -0.62494045
  0.4911593   0.5200337  -1.8874118   0.67052054]
[ 0.1899161  -0.08896726  0.45803207  0.6285049   2.1667585  -0.0590504
 -0.3792576  -0.4531451  -0.8537256  -1.4934083   0.5998845  -0.7575775
  0.47174692  0.5864972  -1.82809     0.7761916 ]
[ 0.16510817 -0.07529887  0.44123277  0.6074511   2.0777538  -0.06881885
 -0.35875487 -0.40491375 -0.85741824 -1.4737486   0.5396358  -0.774804
  0.46990067  0.65916216 -1.791797    0.8129023 ]
[ 0.30979142 -0.09066129  0.45732123  0.73839146  1.9039818  -0.06470455
 -0.20430985 -0.42706138 -0.86665934 -1.3966147   0.46290112 -0.73342866
  0.35487843  0.74418676 -1.9655075   0.7417479 ]
[ 0.27038664 -0.20898898  0.54120255  0.7930988   1.8386074   0.04124442
 -0.23144183 -0.35444278 -0.8012724  -1.2798449   0.23224005 -0.65836895
  0.40988404  0.70906234 -2.0005457   0.66072404]
[ 0.40204167 -0.22859164  0.5016009   0.773137    1.8478626  -0.04676016
 -0.17851424 -0.42509776 -0.86716443 -1.2979392   0.33014563 -0.71873325
  0.40382475  0.7609917  -2.003406    0.70858485]
[ 0.33704442 -0.38791665  0.6266232   0.7665259   1.8691807   0.09383762
 -0.3486718  -0.27829972 -0.7330595  -1.1478201   0.04164838 -0.5219547
  0.46516734  0.6038691  -2.0357819   0.60733914]
[ 0.24932389 -0.33945504  0.6120473   0.72702223  2.0010304   0.06728406
 -0.43818754 -0.24577157 -0.69141376 -1.2126539   0.15122843 -0.5199808
  0.4535993   0.54484415 -2.0144114   0.61275655]
[ 1.8327650e-01 -2.1859567e-01  5.2895331e-01  6.7702806e-01
  2.0979013e+00  6.7502854e-04 -4.4123417e-01 -2.5687748e-01
 -6.9318837e-01 -1.3463230e+00  3.1496394e-01 -5.5939496e-01
  4.1310644e-01  5.4677588e-01 -1.9626007e+00  6.7639285e-01]
[ 0.13887973 -0.10501655  0.45906153  0.61204755  2.1690998  -0.05774081
 -0.45020047 -0.292414   -0.68051934 -1.4832481   0.49241146 -0.6387969
  0.38201696  0.5194486  -1.8859947   0.7865163 ]
[ 0.2094254  -0.0396907   0.38304386  0.66684866  2.1022522  -0.11253276
 -0.35855573 -0.3715374  -0.69918424 -1.5284557   0.6092493  -0.74259055
  0.33155844  0.6036433  -1.9556032   0.8701774 ]
[ 0.34347445 -0.07166527  0.3645138   0.72643435  1.9572582  -0.15107676
 -0.19970547 -0.38515776 -0.73517454 -1.4416306   0.5560817  -0.75292265
  0.26579723  0.7255333  -2.0835166   0.8484453 ]
[ 0.39410898 -0.17352286  0.42530784  0.78318644  1.9234428  -0.12222514
 -0.18828055 -0.37436396 -0.7521897  -1.3436159   0.41215587 -0.71383476
  0.3064112   0.7277883  -2.108754    0.76822436]
[ 0.44489422 -0.28210294  0.48326874  0.7928124   1.9464089  -0.06401534
 -0.24201493 -0.35168678 -0.72058    -1.2401569   0.29029936 -0.6280484
  0.31064376  0.6606184  -2.1424336   0.70261836]
[ 0.28555286 -0.27176985  0.5538868   0.7534665   2.0272622   0.05335721
 -0.4529809  -0.21745488 -0.5913674  -1.2143834   0.17944726 -0.49093032
  0.27448583  0.51212156 -2.117826    0.67763346]
[ 0.19251668 -0.19258764  0.49770275  0.7172815   2.1339161  -0.01440665
 -0.47459418 -0.24092615 -0.6082655  -1.3154253   0.36541587 -0.5423377
  0.27917546  0.53259337 -2.0897403   0.7207476 ]
[ 0.17295656 -0.10544811  0.4321735   0.6801125   2.173896   -0.06952592
 -0.4536797  -0.2847062  -0.6224774  -1.4345031   0.50521296 -0.6123999
  0.2964515   0.53718644 -2.036425    0.7852304 ]
[ 0.22699848 -0.07860412  0.35017172  0.6450668   2.1813567  -0.16426623
 -0.3676371  -0.37171394 -0.70103085 -1.5207974   0.65557677 -0.7548661
  0.3534236   0.6016434  -1.9775343   0.88964003]
[ 0.29655498 -0.09228425  0.3428313   0.68211764  2.0725455  -0.1789954
 -0.26148325 -0.40493363 -0.7813217  -1.4678981   0.62262493 -0.7901115
  0.34724438  0.7402246  -2.0397973   0.8796201 ]
[ 0.3299094  -0.16692586  0.37998363  0.7299744   2.0763035  -0.13586125
 -0.25903744 -0.40676394 -0.79615986 -1.3984401   0.5194693  -0.75484
  0.3562235   0.70508397 -2.051746    0.83833635]
[ 0.3264873  -0.18830302  0.41485652  0.7836323   2.0206532  -0.0865329
 -0.25944078 -0.39548808 -0.7986508  -1.3487275   0.45065683 -0.68847066
  0.3432004   0.70447534 -2.0779977   0.76232994]
[ 0.25987402 -0.20924202  0.48495826  0.8084985   2.0015602  -0.00778356
 -0.3259706  -0.32330912 -0.72340524 -1.2943318   0.31063467 -0.60938174
  0.34115088  0.6451734  -2.1069236   0.7100096 ]
[ 0.2242517  -0.20427713  0.45241863  0.7954307   1.9969412  -0.02252026
 -0.30079508 -0.33502853 -0.751583   -1.3206707   0.33662638 -0.6316302
  0.38945878  0.68067694 -2.0732005   0.7261889 ]
[ 0.33297428 -0.14902398  0.39721847  0.74922526  2.0201566  -0.11636049
 -0.24704449 -0.382626   -0.78901833 -1.3801922   0.48054966 -0.7096076
  0.320235    0.7140399  -2.059931    0.78376216]
[ 0.28503767 -0.22219726  0.47387242  0.79547125  1.9941971  -0.01648856
 -0.29127377 -0.31485143 -0.70463926 -1.2932798   0.2908685  -0.6255479
  0.34185922  0.65090615 -2.1199532   0.7181703 ]
[ 0.37188256 -0.15715903  0.39197716  0.78134006  2.0118568  -0.11044423
 -0.24974692 -0.3658002  -0.7297279  -1.3605764   0.472615   -0.6898886
  0.255089    0.67226714 -2.1118462   0.7820488 ]
[ 0.27591395 -0.19588788  0.47833475  0.7829633   2.0228324  -0.03065976
 -0.33835036 -0.2905863  -0.6517901  -1.2884347   0.32580268 -0.61330134
  0.26791888  0.6167872  -2.1430528   0.7441564 ]
[ 0.26578742 -0.17346302  0.42631966  0.7765406   2.0643115  -0.05969854
 -0.33620334 -0.32618466 -0.6752469  -1.330144    0.40518433 -0.64012784
  0.31345692  0.6200403  -2.1215527   0.75386983]
[ 0.3504428  -0.15787943  0.37595624  0.70168734  2.139914   -0.14215094
 -0.30681163 -0.3838045  -0.75010043 -1.3853428   0.55545926 -0.7129007
  0.30417174  0.6437666  -2.083813    0.8153962 ]
[ 0.264474   -0.19440019  0.41817778  0.7517088   2.1329818  -0.05464125
 -0.36814016 -0.32748207 -0.6861771  -1.3296402   0.4328061  -0.62535703
  0.32583708  0.5825731  -2.106913    0.74604213]
[ 0.31195894 -0.10352248  0.34114766  0.7038449   2.1355193  -0.13867943
 -0.30660173 -0.39610052 -0.75058806 -1.4400324   0.6227377  -0.713664
  0.28365892  0.6458651  -2.0603943   0.8295984 ]
[ 0.19528878 -0.14300187  0.40159473  0.7289837   2.1065772  -0.0781783
 -0.3520679  -0.34894142 -0.71978116 -1.3889177   0.48291606 -0.6581465
  0.35567814  0.6440981  -2.0565128   0.7945002 ]
[ 0.3004598  -0.10455127  0.35380524  0.70373255  2.0743651  -0.14145862
 -0.2571804  -0.42387885 -0.79404366 -1.4427485   0.59617573 -0.7543787
  0.34169108  0.70313084 -2.044675    0.8554622 ]
[ 0.28824168 -0.15781605  0.39621583  0.7622237   2.018193   -0.10327667
 -0.23686595 -0.4342932  -0.85295695 -1.3885783   0.5025774  -0.74647796
  0.40663463  0.7565898  -2.0412948   0.7947955 ]
[ 0.31015158 -0.2726424   0.44296703  0.81697905  1.9967453  -0.04749745
 -0.23784716 -0.42676324 -0.8699986  -1.2888646   0.35957813 -0.6992215
  0.49020678  0.73215276 -2.050654    0.7051166 ]
[ 0.2793997  -0.25516248  0.46172175  0.82899296  1.9718161  -0.00977433
 -0.2346323  -0.40783864 -0.87620974 -1.2714099   0.3162639  -0.6569965
  0.4731113   0.7258886  -2.0356565   0.64998615]
[ 0.19388404 -0.21137981  0.54654086  0.8327201   1.9324423   0.0629404
 -0.3001444  -0.33444628 -0.8147663  -1.2458352   0.19011208 -0.5858825
  0.43462443  0.71142685 -2.038509    0.58573014]
[ 0.2525858  -0.1745092   0.5206789   0.80676425  1.9253047   0.02939976
 -0.2704226  -0.343259   -0.7727636  -1.295139    0.26565933 -0.62778044
  0.37646905  0.68141663 -2.0603118   0.6469496 ]
[ 0.32878128 -0.1175952   0.44953495  0.78033113  1.913052   -0.06107831
 -0.2142295  -0.39404997 -0.7992961  -1.356808    0.43849653 -0.6976663
  0.2879702   0.7053502  -2.038597    0.739223  ]
[ 0.23284309 -0.1959584   0.55264646  0.8160125   1.8522756   0.06026864
 -0.28256536 -0.32219756 -0.74203646 -1.2503736   0.2225451  -0.6022382
  0.35263848  0.69885665 -2.0673442   0.6346798 ]
[ 0.29406705 -0.2860158   0.55174637  0.8077844   1.9342852   0.04581379
 -0.3191461  -0.35570103 -0.75383615 -1.2302754   0.21595275 -0.60802543
  0.44006863  0.6409381  -2.0537117   0.6348279 ]
[ 0.37158877 -0.2917809   0.5052747   0.76296675  2.0275486  -0.04449051
 -0.28844443 -0.37820458 -0.7953436  -1.2758386   0.34295225 -0.6413371
  0.4087162   0.62944424 -2.0524728   0.67814165]
[ 0.20379658 -0.23304197  0.59248567  0.68697584  2.0814433   0.05933651
 -0.4488709  -0.2758884  -0.7025145  -1.301595    0.25495285 -0.52809507
  0.40562257  0.519558   -1.9753516   0.61992645]
[ 0.11130123 -0.09515951  0.53629327  0.62917006  2.145965    0.02244681
 -0.47298908 -0.29813164 -0.70824724 -1.4127408   0.40145797 -0.5694663
  0.3958314   0.5266957  -1.9075705   0.65684223]
[ 0.1450531  -0.00688861  0.44141084  0.6212314   2.196505   -0.05654925
 -0.44773865 -0.37275916 -0.743887   -1.5054767   0.5818919  -0.68168694
  0.39448258  0.51905936 -1.8840386   0.76499474]
[ 0.22093272 -0.04394432  0.42910975  0.69232464  2.064647   -0.08605759
 -0.2976399  -0.4501164  -0.836133   -1.4436918   0.5704921  -0.7542306
  0.41222215  0.69410795 -1.9542179   0.74625397]
[ 0.3217237  -0.08186843  0.45463723  0.747372    1.9471655  -0.04927469
 -0.20778088 -0.47728252 -0.8969313  -1.3543873   0.4769886  -0.7385203
  0.37426078  0.75015336 -1.9817966   0.67784846]
[ 0.37222028 -0.21392035  0.54525024  0.79333985  1.924991    0.04782008
 -0.22712488 -0.4835348  -0.88906765 -1.253106    0.3319323  -0.67215395
  0.3852693   0.6696078  -1.9791212   0.6061139 ]
[ 0.3043809  -0.22614071  0.63099843  0.79079765  1.9517548   0.1352154
 -0.35754293 -0.38929343 -0.79604673 -1.2346878   0.22823386 -0.5810101
  0.354122    0.5510787  -1.9772408   0.5728575 ]
[ 0.18730935 -0.2340312   0.6683625   0.7291263   2.0189714   0.12891737
 -0.42173332 -0.3440179  -0.80405426 -1.3048455   0.23690784 -0.58937347
  0.4542776   0.5556387  -1.9201647   0.5962739 ]
[ 0.1215231  -0.2114543   0.60917825  0.6658224   2.1220627   0.03575488
 -0.43344054 -0.3611961  -0.8309741  -1.3953829   0.34963536 -0.66234094
  0.56959426  0.5557762  -1.8182938   0.6434962 ]
[ 0.162985   -0.15400583  0.48021507  0.5450756   2.2059267  -0.05624083
 -0.41726762 -0.41542625 -0.8770491  -1.5031214   0.5508656  -0.79961216
  0.56579167  0.55493754 -1.6971298   0.82067204]
[ 0.16099246 -0.12518373  0.45966178  0.55900013  2.149862   -0.09468641
 -0.41412535 -0.35177365 -0.82687604 -1.4905274   0.51143044 -0.7831288
  0.50528085  0.5919625  -1.7433465   0.86066103]
[ 0.23686509 -0.12095771  0.43737906  0.629543    2.0947158  -0.12583785
 -0.3474124  -0.34018254 -0.76338834 -1.4439936   0.507888   -0.76559055
  0.3544001   0.6548995  -1.9176184   0.8779596 ]
[ 0.25331956 -0.11363284  0.45055294  0.78277063  1.9482689  -0.04083563
 -0.28716126 -0.31249568 -0.6777538  -1.3619843   0.39619416 -0.6347782
  0.26370034  0.6494378  -2.110581    0.75869894]
[ 0.3575617  -0.10391305  0.41846552  0.7480595   1.9485754  -0.11928849
 -0.21836886 -0.38585305 -0.76696384 -1.3917415   0.4849721  -0.7097468
  0.277803    0.7197224  -2.086784    0.79220635]
[ 0.32091844 -0.25523603  0.5163523   0.7903222   1.9897331  -0.01578458
 -0.33219665 -0.32177317 -0.7055485  -1.2632707   0.26286682 -0.61275226
  0.37240785  0.633521   -2.112751    0.69396424]
[ 0.3813578  -0.2188786   0.44623166  0.73276     2.0815806  -0.10403483
 -0.32417765 -0.35472724 -0.75158983 -1.3240045   0.44109192 -0.6436054
  0.3221622   0.6297639  -2.0948138   0.74200404]
[ 0.1807024  -0.24745631  0.544838    0.7065493   2.0942311   0.02043622
 -0.47899523 -0.2285115  -0.6688317  -1.2954553   0.2621321  -0.503327
  0.40762115  0.5518301  -2.0295167   0.6427047 ]
[ 0.10296579 -0.14628848  0.51529586  0.67023987  2.1477025  -0.02476686
 -0.47970986 -0.26496613 -0.68915415 -1.4364579   0.41138172 -0.57238644
  0.4226242   0.5650527  -1.9616697   0.7015152 ]
[ 0.14204752 -0.07008779  0.44891292  0.68062776  2.1341808  -0.08880569
 -0.41897798 -0.3668329  -0.7481672  -1.5653002   0.58692247 -0.7408887
  0.42868203  0.584805   -1.882549    0.84192336]
[ 0.24748576 -0.06691037  0.441665    0.71266216  1.9822947  -0.11420149
 -0.27595657 -0.40231267 -0.79029906 -1.5079843   0.56180346 -0.7797883
  0.34567633  0.68481416 -1.9526361   0.8813752 ]
[ 0.33673814 -0.12864032  0.45238382  0.74107885  1.8567781  -0.10444693
 -0.17503858 -0.40251398 -0.8298157  -1.4068985   0.4635102  -0.7729257
  0.3291758   0.7524823  -1.9981272   0.85282147]
[ 0.38848743 -0.23455414  0.51779586  0.77766955  1.801026   -0.04271393
 -0.18810734 -0.38991895 -0.8210416  -1.29378     0.30495772 -0.7007576
  0.36543497  0.74168336 -2.0375106   0.77462727]
[ 0.31445956 -0.36275917  0.6087735   0.82298356  1.8239949   0.07696529
 -0.35881883 -0.30926615 -0.7433985  -1.1894863   0.06462638 -0.55854225
  0.46506137  0.65796226 -2.0560467   0.7043867 ]
[ 0.2594447  -0.3085522   0.539671    0.8164708   1.9363668   0.06682284
 -0.42843428 -0.29942903 -0.722149   -1.2346164   0.14474496 -0.5229973
  0.43806443  0.6260643  -2.0556293   0.7058021 ]
[ 0.1255061  -0.21128997  0.5098512   0.73716104  2.0769572   0.06347902
 -0.5365837  -0.2297906  -0.66066563 -1.3283302   0.24672738 -0.48392373
  0.3666781   0.5691106  -1.9911935   0.7093743 ]
[ 0.06437691 -0.11759684  0.4231227   0.7649717   2.120129    0.01453068
 -0.51208675 -0.2601505  -0.6183131  -1.3966511   0.4013939  -0.5313893
  0.30354947  0.5973073  -2.0482078   0.7593935 ]
[ 0.16177167 -0.06400989  0.3589509   0.80796117  2.0910747  -0.04297865
 -0.41188413 -0.36762947 -0.66722447 -1.4641565   0.5484702  -0.68158835
  0.27561793  0.64976126 -2.0627747   0.8352909 ]
[ 0.30169958 -0.06955089  0.34430543  0.8292111   1.9201838  -0.10627854
 -0.19940387 -0.40636873 -0.7371373  -1.4138256   0.52826583 -0.73440284
  0.23730683  0.78902584 -2.1470654   0.8301965 ]
[ 0.36723566 -0.10589065  0.40923852  0.80958974  1.872757   -0.10405068
 -0.17455295 -0.40439397 -0.78805846 -1.3737295   0.44063798 -0.727207
  0.27156138  0.77273285 -2.095871    0.7957918 ]
[ 0.4538974  -0.22826998  0.46305847  0.83997095  1.8986734  -0.02634272
 -0.22155134 -0.38558763 -0.73408526 -1.2502258   0.285461   -0.6392293
  0.25337228  0.6822084  -2.1458228   0.7171412 ]
[ 0.35619068 -0.2905249   0.544521    0.81595325  1.9492567   0.05158003
 -0.3849482  -0.24318853 -0.61721754 -1.1593521   0.13043098 -0.512071
  0.24566117  0.55732155 -2.1625996   0.6800506 ]
[ 0.2721575  -0.28077412  0.51985455  0.78008354  2.0219076   0.0195146
 -0.41438073 -0.20048507 -0.5828053  -1.1958396   0.17831387 -0.4754452
  0.27415562  0.59341574 -2.187962    0.6371625 ]
[ 0.15046434 -0.1821858   0.49403962  0.6576139   2.218845   -0.05030322
 -0.515628   -0.24062388 -0.6245879  -1.3797405   0.4129579  -0.5588845
  0.3787419   0.5054288  -2.0193992   0.7143705 ]
[ 0.14065593 -0.10913913  0.40023583  0.6362196   2.3039412  -0.09185942
 -0.49290496 -0.36142036 -0.7031864  -1.5003002   0.6372059  -0.7063796
  0.4529148   0.5127789  -1.9252411   0.76933736]
[ 0.17465833 -0.08149568  0.3956452   0.6430291   2.2310877  -0.10435325
 -0.42958823 -0.39847344 -0.7534799  -1.5191524   0.65264904 -0.75695264
  0.4319132   0.574787   -1.9011009   0.805662  ]
[ 0.2859221  -0.04253217  0.38945293  0.6647827   2.024172   -0.14456333
 -0.26497513 -0.42748275 -0.83391154 -1.5084136   0.639119   -0.7894805
  0.3587069   0.7259647  -1.9570475   0.8467466 ]
[ 0.31448525 -0.07266362  0.43372813  0.6959298   1.9128664  -0.11602776
 -0.21089347 -0.41361403 -0.8422165  -1.4671018   0.5425538  -0.7847889
  0.347635    0.7392268  -1.9553055   0.8428997 ]
[ 0.3778851  -0.1723249   0.49583894  0.75548315  1.8176943  -0.07060726
 -0.16336876 -0.40585512 -0.86612046 -1.3689027   0.40140194 -0.75839597
  0.36051476  0.75170624 -1.9762402   0.7855391 ]
[ 0.4541424  -0.30447522  0.56250316  0.79617083  1.7552631   0.00539354
 -0.16677569 -0.37984502 -0.82316244 -1.2556314   0.20844421 -0.676835
  0.3952381   0.69118816 -2.0140626   0.71373975]
[ 0.4105134  -0.39955005  0.6529407   0.7428794   1.7613132   0.08190762
 -0.32270393 -0.25590867 -0.7297201  -1.1767344   0.00949767 -0.5511563
  0.4345649   0.58409417 -2.001431    0.72094727]
[ 0.31319526 -0.36056417  0.6026936   0.6868536   1.9088757   0.03930455
 -0.45474243 -0.17504045 -0.63444173 -1.2124177   0.06259114 -0.48534757
  0.40891132  0.5035031  -1.9717724   0.731264  ]
[ 0.19008854 -0.23743384  0.51811314  0.6475841   2.085569   -0.03348334
 -0.5340513  -0.16521913 -0.60330594 -1.3409841   0.26685917 -0.500585
  0.3471446   0.52038443 -1.9735355   0.77751666]
[ 0.0420219  -0.14079425  0.43722668  0.66126627  2.2328067  -0.06727661
 -0.58728045 -0.21571144 -0.5817133  -1.4528272   0.45932144 -0.5434784
  0.37241203  0.5109877  -1.9671904   0.80535805]
[ 0.10843177 -0.08925773  0.33437666  0.7701963   2.233066   -0.09242401
 -0.49065456 -0.3614233  -0.64077836 -1.5060682   0.6218994  -0.6831869
  0.34500137  0.5872736  -2.0221145   0.85188735]
[ 0.18363722 -0.05313709  0.3128559   0.83586437  2.0790162  -0.08065917
 -0.3435332  -0.4025867  -0.6844527  -1.4764059   0.59141463 -0.7032299
  0.27944416  0.71891963 -2.1101844   0.81894857]
[ 0.28293896 -0.04340315  0.3251072   0.7809316   1.9532992  -0.12475526
 -0.22276704 -0.4126957  -0.74455553 -1.4538901   0.5668577  -0.75212586
  0.26048166  0.80203533 -2.1046245   0.8548719 ]
[ 0.32501027 -0.14743122  0.36249238  0.83692133  1.9422442  -0.07338099
 -0.23604496 -0.3839783  -0.72702104 -1.3399318   0.4205965  -0.6916589
  0.24984089  0.75930816 -2.1310725   0.8000234 ]
[ 0.3614137  -0.27024585  0.42714795  0.9289732   1.8618542  -0.00536593
 -0.22479467 -0.34440115 -0.6984304  -1.1888804   0.23983364 -0.60649955
  0.26063544  0.78315026 -2.2356966   0.67161965]
[ 0.306599   -0.3567153   0.5275947   0.9107488   1.8530138   0.05791832
 -0.3202437  -0.24730511 -0.62515604 -1.0994833   0.07520849 -0.4906711
  0.30882853  0.7147509  -2.2789257   0.6209847 ]
[ 0.20249689 -0.29874924  0.56520814  0.7727152   2.0470347   0.04631827
 -0.46284714 -0.24259801 -0.6541352  -1.2360742   0.20882411 -0.5063983
  0.396273    0.56622493 -2.083485    0.63699996]
[ 0.13872306 -0.17659241  0.4797566   0.7360948   2.1174023  -0.01487268
 -0.43275976 -0.3127299  -0.71714205 -1.3488367   0.40153128 -0.5807764
  0.40940934  0.6116098  -2.0247364   0.6738283 ]
[ 0.0753838  -0.12958758  0.4600709   0.6682471   2.147635   -0.04135815
 -0.45618123 -0.29198766 -0.7011385  -1.4552699   0.45394665 -0.59105825
  0.4385833   0.5745458  -1.9334913   0.7449123 ]
[ 0.1929709  -0.08010288  0.39476877  0.73024195  2.0350132  -0.12903753
 -0.29769477 -0.39109424 -0.79615957 -1.5146667   0.5818581  -0.75014865
  0.3929745   0.7176067  -1.9651501   0.844895  ]
[ 0.27937332 -0.07178639  0.42242637  0.7663712   1.8527445  -0.11916368
 -0.17920604 -0.4053231  -0.839571   -1.4627672   0.5120029  -0.7599515
  0.33485132  0.7949666  -2.0114188   0.8532778 ]
[ 0.3326753  -0.18308696  0.49947554  0.84097564  1.7412577  -0.03860703
 -0.13215119 -0.38625056 -0.82336444 -1.356       0.33355945 -0.6928693
  0.3424247   0.7705914  -2.0516362   0.7661368 ]
[ 0.40048137 -0.23622695  0.5567905   0.8353012   1.6865269   0.00256669
 -0.14723054 -0.36311558 -0.77978384 -1.2873051   0.21861243 -0.6411094
  0.30933875  0.7324036  -2.0781364   0.7536086 ]
[ 0.29701787 -0.3027172   0.67057395  0.7832985   1.7093271   0.14021404
 -0.36148447 -0.19831058 -0.62588525 -1.2000185  -0.04346131 -0.4656415
  0.3039481   0.59541    -2.0814562   0.74281514]
[ 0.24849775 -0.24273363  0.5854964   0.774389    1.8630555   0.07587124
 -0.44632515 -0.17459507 -0.5499342  -1.2448621   0.07124168 -0.44972214
  0.24125174  0.5624755  -2.1187866   0.7697536 ]
[ 0.12126265 -0.12596336  0.47773257  0.7593328   2.0364583   0.01672339
 -0.55444586 -0.16809528 -0.5000494  -1.3650491   0.27184087 -0.45762357
  0.20790477  0.56019044 -2.126434    0.81302154]
[-0.00552187 -0.0516564   0.41388735  0.7474012   2.1841633   0.00242146
 -0.660916   -0.20015283 -0.4826417  -1.4741334   0.44480547 -0.48570076
  0.253048    0.51343286 -2.0786636   0.8476469 ]
[ 0.00544536 -0.05624225  0.3163086   0.8542639   2.229752   -0.01013305
 -0.6042477  -0.32997173 -0.56560963 -1.497719    0.5942837  -0.6049819
  0.2906042   0.6009017  -2.106591    0.85005474]
[ 0.05646703 -0.09849991  0.28352305  0.91533166  2.1598654  -0.02787309
 -0.49376392 -0.3640512  -0.62860525 -1.4708917   0.55715317 -0.64003074
  0.30518058  0.69032586 -2.1258423   0.84814376]
[ 0.19615187 -0.0888073   0.2642002   0.945446    1.9671478  -0.07778262
 -0.27561596 -0.40214935 -0.72295    -1.4436178   0.5351316  -0.6798203
  0.25836533  0.8444546  -2.204879    0.8511694 ]
[ 0.21058631 -0.0992079   0.34614268  0.93222064  1.8760446  -0.06121401
 -0.24248365 -0.37546837 -0.7375773  -1.42268     0.4543147  -0.67797726
  0.25259483  0.8314601  -2.1795769   0.8596088 ]
[ 0.30328116 -0.17475419  0.41554952  0.9537978   1.764134   -0.05619592
 -0.16829588 -0.3545768  -0.74260235 -1.324828    0.3345707  -0.6538009
  0.22487178  0.82667655 -2.2031019   0.8201852 ]
[ 0.3266132  -0.24009538  0.5032872   0.9271777   1.7282795  -0.02398921
 -0.2027148  -0.3086377  -0.70708597 -1.2606161   0.21596925 -0.58871996
  0.23387155  0.7903038  -2.219902    0.789328  ]
[ 0.20685884 -0.28752843  0.60891527  0.84540683  1.7737291   0.05871048
 -0.399628   -0.16786449 -0.6048657  -1.2304404   0.04040867 -0.46990618
  0.2980272   0.6723381  -2.16917     0.78871334]
[ 0.11243241 -0.22260496  0.5380673   0.87881505  1.8929895   0.04110324
 -0.48284167 -0.17977495 -0.58867353 -1.2942073   0.12413533 -0.44602585
  0.2746387   0.6860633  -2.1869805   0.8184368 ]
[ 0.01579012 -0.09770982  0.44462833  0.8775898   2.0097718   0.04184163
 -0.5718611  -0.18736866 -0.5279503  -1.3801292   0.26686928 -0.43325943
  0.1894019   0.6441424  -2.1800182   0.8565795 ]
[-0.02496452  0.00293463  0.35732442  0.8528948   2.0965388   0.02231115
 -0.6155524  -0.23193762 -0.48978084 -1.4861168   0.45880347 -0.49472135
  0.15027592  0.58887976 -2.1411312   0.9249786 ]
[ 0.01172394  0.00321891  0.2858847   0.9345924   2.0848835   0.01133317
 -0.5575331  -0.3097779  -0.51151866 -1.4762089   0.5243051  -0.5757162
  0.12937228  0.6676692  -2.1726463   0.921261  ]
[ 0.03825725 -0.03681222  0.28597623  0.96578044  2.0112114   0.02539194
 -0.49743074 -0.29856193 -0.53011835 -1.4033954   0.42659512 -0.5732621
  0.17135827  0.76043415 -2.249314    0.87336046]
[ 0.21493772 -0.17259625  0.25507706  1.0612826   1.9395756  -0.0214859
 -0.28966242 -0.36222187 -0.6329549  -1.2542455   0.34271127 -0.6044682
  0.19632734  0.89477175 -2.3506837   0.7481214 ]
[ 0.28892675 -0.21771216  0.3230021   1.0232334   1.969286   -0.00781515
 -0.2901324  -0.36727792 -0.6883277  -1.2010214   0.2986504  -0.5622436
  0.20565124  0.86103785 -2.3513646   0.67723   ]
[ 0.13265763 -0.1922847   0.42290467  0.9984418   1.9230614   0.1025698
 -0.42585963 -0.18740968 -0.56084204 -1.1741221   0.15322602 -0.4060994
  0.14853245  0.774638   -2.378918    0.6290658 ]
[ 0.12797777 -0.14961044  0.45816845  0.9075202   1.9455742   0.0177855
 -0.3966013  -0.20015661 -0.59031945 -1.2737982   0.2789866  -0.47878724
  0.16826376  0.7481571  -2.2953491   0.69259584]
[ 0.12458464 -0.08283556  0.46632013  0.8473302   1.943525   -0.03003592
 -0.35813433 -0.2683635  -0.6320847  -1.3993185   0.40387303 -0.57946175
  0.2336022   0.70368814 -2.1648588   0.7549274 ]
[ 0.21823612 -0.07848982  0.4455479   0.7400657   1.992511   -0.12842672
 -0.29728666 -0.36348087 -0.7447675  -1.5339081   0.55424297 -0.7435589
  0.32048306  0.66341555 -1.9750122   0.8981059 ]
[ 0.2684954  -0.15397072  0.47924072  0.7688168   1.9248348  -0.10243385
 -0.262242   -0.34035134 -0.7403914  -1.4511063   0.4236498  -0.7254359
  0.33505398  0.6623183  -1.998628    0.8794242 ]
[ 0.38279906 -0.21219149  0.52260226  0.7645912   1.8834665  -0.09252646
 -0.26247016 -0.31905892 -0.6970131  -1.3507183   0.32701185 -0.6545903
  0.2687896   0.6706726  -2.1056132   0.83928525]
[ 0.21658655 -0.21909162  0.5775487   0.7713443   1.9181086   0.05922162
 -0.4776895  -0.1752421  -0.5365814  -1.2809144   0.11844444 -0.46374664
  0.26382765  0.5563683  -2.116763    0.75305974]
[ 0.09267559 -0.09755801  0.46166834  0.7266375   2.0970702   0.00799777
 -0.59551513 -0.16945755 -0.4927283  -1.4181101   0.32389978 -0.46327242
  0.25040555  0.51656395 -2.0794673   0.80613834]
[ 0.01305303 -0.03820869  0.40462822  0.7696795   2.1620443  -0.00217488
 -0.6434328  -0.18316454 -0.46773848 -1.4808226   0.4462182  -0.4792281
  0.22524121  0.5208467  -2.1237984   0.84395874]
[ 0.02873038 -0.03785286  0.3435502   0.859396    2.1609898  -0.03814843
 -0.5658216  -0.29217568 -0.55388176 -1.5422609   0.5753168  -0.6093019
  0.24242659  0.6039595  -2.1125157   0.90566635]
[ 0.03167647 -0.04617642  0.31852418  0.9011258   2.0552895  -0.0663425
 -0.44141835 -0.32416612 -0.6170417  -1.5234461   0.560714   -0.6510804
  0.2614467   0.71794677 -2.1317647   0.9234131 ]
[ 0.17958856 -0.10792144  0.3103457   0.9242687   1.8985603  -0.10929539
 -0.23264524 -0.36905196 -0.7145644  -1.4261996   0.5003768  -0.6807765
  0.25194183  0.87290126 -2.2289352   0.89817935]
[ 0.22369368 -0.16778581  0.37392384  0.97173375  1.8472016  -0.06660948
 -0.22547391 -0.35084012 -0.71488196 -1.3465196   0.37076885 -0.628976
  0.24756488  0.83325624 -2.2381597   0.8360993 ]
[ 0.2876594  -0.18309124  0.45828325  0.9641619   1.7873325  -0.0483818
 -0.21863174 -0.34271127 -0.69767904 -1.3101166   0.30846474 -0.58961546
  0.17894301  0.8196225  -2.2635798   0.8130377 ]
[ 0.09777974 -0.09881938  0.5453751   0.8832768   1.827906    0.06534113
 -0.4328138  -0.23281923 -0.5736472  -1.3266039   0.21587124 -0.45421776
  0.17657457  0.69547594 -2.1896615   0.7654089 ]
[-0.03224022 -0.00587545  0.4659117   0.869171    1.9217281   0.08333949
 -0.5242647  -0.21489474 -0.525474   -1.3922484   0.26674813 -0.43735677
  0.18586326  0.7026105  -2.1752477   0.7795582 ]
[-0.11165994  0.07227387  0.41875497  0.87133276  2.0511556   0.1368459
 -0.6376982  -0.22350743 -0.45401368 -1.4706639   0.34907216 -0.43097138
  0.17604116  0.6247182  -2.1678462   0.7640795 ]
[-0.00525978  0.03301962  0.36683765  0.9614624   2.1139934   0.1213792
 -0.59066576 -0.35047406 -0.52129114 -1.4569172   0.4819522  -0.5422851
  0.1358966   0.6481071  -2.1980119   0.76834947]
[ 2.94601675e-02  1.54965522e-03  3.59803200e-01  9.73485589e-01
  2.06338692e+00  1.24805845e-01 -5.54807544e-01 -3.47567230e-01
 -5.38275599e-01 -1.37823451e+00  4.52457428e-01 -4.94495094e-01
  9.65856537e-02  6.74538732e-01 -2.24237728e+00  7.44063199e-01]
[ 0.05333815 -0.00785523  0.3512982   0.8997475   1.9964836   0.10917293
 -0.52145296 -0.27486533 -0.51845205 -1.3282233   0.3751729  -0.46580276
  0.13072304  0.6726982  -2.2580147   0.7512566 ]
[ 0.14638086 -0.10971592  0.37820703  0.9546863   1.9417235   0.05251608
 -0.35077348 -0.32258755 -0.6204769  -1.2644001   0.32338554 -0.535808
  0.19768855  0.760131   -2.2703426   0.6813661 ]
[ 0.32463962 -0.18518615  0.38183793  0.9186037   2.0008595  -0.06218641
 -0.24707785 -0.39941093 -0.72641563 -1.3136301   0.4304014  -0.6585404
  0.25703126  0.7469793  -2.193895    0.6864699 ]
[ 0.31045374 -0.206103    0.46559176  0.84155643  1.9978054  -0.04221999
 -0.2679653  -0.3692854  -0.7343438  -1.3049816   0.38958603 -0.62484896
  0.30748263  0.695449   -2.157342    0.6575705 ]
[ 0.13899282 -0.17703463  0.605873    0.7370981   2.0271678   0.05490057
 -0.4140215  -0.27370676 -0.6960949  -1.3433806   0.26820007 -0.5482871
  0.37751824  0.59453154 -2.0214736   0.6288422 ]
[ 0.15551066 -0.11266331  0.5186161   0.7107552   2.074133   -0.01109238
 -0.43425226 -0.29902723 -0.7107205  -1.4742492   0.41135207 -0.6164451
  0.37938127  0.5526091  -1.9490973   0.7696144 ]
[ 0.16802461 -0.10160868  0.44368577  0.6819384   2.0971494  -0.09591228
 -0.42559275 -0.3011257  -0.7042675  -1.5226843   0.5300748  -0.6908928
  0.33873808  0.54484344 -1.907098    0.9134266 ]
[ 0.25924408 -0.09718898  0.42164868  0.7726506   1.9269907  -0.12446165
 -0.26054543 -0.31953156 -0.71376246 -1.4571563   0.4977255  -0.6600096
  0.23806107  0.690088   -2.0856595   0.87822306]
[ 0.12988873 -0.11045611  0.50541735  0.77410537  1.9409382  -0.03504883
 -0.36827725 -0.25316283 -0.6400615  -1.426114    0.33510092 -0.6007385
  0.29591176  0.63492745 -2.068098    0.85279477]
[ 0.21547344 -0.13461116  0.44620663  0.7859408   2.0084164  -0.11905579
 -0.33941424 -0.34054077 -0.6963315  -1.4672385   0.4616204  -0.69642746
  0.3040265   0.6732496  -2.0713415   0.93865746]
[ 0.22198203 -0.12616882  0.42831382  0.8403705   1.9720008  -0.09364625
 -0.36517805 -0.3223157  -0.6761958  -1.4246277   0.4288279  -0.601984
  0.23050997  0.72758347 -2.1637497   0.8911538 ]
[ 0.00242487 -0.08377618  0.482833    0.8610773   2.0183725   0.07110594
 -0.5827295  -0.20658784 -0.5376358  -1.3831546   0.26802814 -0.42404413
  0.21708643  0.6429959  -2.1678338   0.78776824]
[-6.3171133e-02  5.0809979e-04  3.8990074e-01  8.4668219e-01
  2.1192749e+00  6.1038397e-02 -6.5489149e-01 -2.1384814e-01
 -4.8239994e-01 -1.4749171e+00  4.2442355e-01 -4.4467813e-01
  1.8602015e-01  5.6090689e-01 -2.1249814e+00  8.3818024e-01]
[ 0.01265371 -0.01884546  0.33377177  0.91670865  2.1392884   0.0251358
 -0.5659283  -0.33823282 -0.5394392  -1.4817877   0.5422294  -0.5791101
  0.17032567  0.618667   -2.1377654   0.87042934]
[ 0.02382868 -0.01360748  0.3130163   0.9606897   2.0473483   0.03668888
 -0.48963442 -0.3627217  -0.5815665  -1.4400799   0.5158009  -0.58286697
  0.17827687  0.7120682  -2.1847339   0.8345496 ]
[ 0.12875459 -0.08726169  0.31240472  0.9558339   1.9836948   0.0027739
 -0.3547142  -0.41246915 -0.6951125  -1.3886628   0.45768514 -0.63059914
  0.28149614  0.8060131  -2.1862483   0.7919293 ]
[ 0.2572177  -0.19867726  0.32688412  1.0107298   1.958683    0.03940379
 -0.2710201  -0.44826955 -0.76158464 -1.2228433   0.32726818 -0.6010941
  0.30242833  0.85350907 -2.25197     0.63985354]
[ 0.30478114 -0.2685165   0.4076191   0.97274077  1.9411218   0.06011952
 -0.28111643 -0.39628634 -0.77963036 -1.156844    0.24577586 -0.5603959
  0.3336802   0.8170816  -2.240157    0.5566076 ]
[ 0.17908506 -0.279356    0.5079557   0.9212559   1.8580643   0.124765
 -0.3497464  -0.20329365 -0.6642521  -1.1122015   0.0617157  -0.42008477
  0.3000555   0.76010925 -2.2460372   0.51774406]
[ 0.12637089 -0.17366257  0.52573454  0.8592733   1.8800564   0.04266323
 -0.32230365 -0.23733442 -0.702672   -1.2691911   0.21914253 -0.51286983
  0.31776014  0.7714214  -2.1473725   0.58100307]
[ 0.1393681  -0.08780811  0.5545675   0.7698984   1.9253448  -0.00875319
 -0.33862793 -0.31205845 -0.7550777  -1.4421306   0.37869206 -0.6442305
  0.36942235  0.6715574  -1.9780191   0.72074765]
[ 0.20635319 -0.1600772   0.5548624   0.7694895   1.9134519  -0.04303387
 -0.29645783 -0.3538763  -0.7879449  -1.4699311   0.40774244 -0.7236625
  0.41613847  0.6528719  -1.9142033   0.7923468 ]
[ 0.36031145 -0.23489413  0.5533517   0.78974545  1.7608058  -0.07928819
 -0.17910285 -0.35319108 -0.8083428  -1.3422401   0.3252758  -0.6904656
  0.3539516   0.74986535 -2.0199914   0.77652025]
[ 0.2617325  -0.36415297  0.7199925   0.72660387  1.7678659   0.11799359
 -0.38608366 -0.1909588  -0.6583108  -1.2008849  -0.0254402  -0.48576397
  0.42775622  0.5795706  -1.9979382   0.6677486 ]
[ 0.19153567 -0.24442211  0.6389133   0.7139472   1.9012575   0.08428166
 -0.47114325 -0.18934776 -0.62303424 -1.3096602   0.0697085  -0.46092653
  0.39889786  0.5590693  -1.9978672   0.7020782 ]
[ 0.01118571 -0.06958489  0.5185184   0.64980334  2.10646     0.05618284
 -0.6523837  -0.16864127 -0.5482489  -1.490958    0.31784058 -0.45362854
  0.35365874  0.48018965 -1.904947    0.76144826]
[-0.04135989 -0.02326339  0.41494727  0.76443434  2.1500561   0.03356827
 -0.6606437  -0.18916571 -0.4966507  -1.5189388   0.43010378 -0.4610731
  0.2968631   0.5046724  -2.0422676   0.80556804]
[ 0.03323312 -0.04845305  0.35713595  0.8946605   2.0938954  -0.00462808
 -0.508372   -0.3215336  -0.61721337 -1.5110054   0.5141209  -0.6123053
  0.2751585   0.679307   -2.099696    0.8427253 ]
[ 0.08177112 -0.07239515  0.37149143  0.90453625  1.9910771  -0.02022276
 -0.41516742 -0.31896877 -0.64107895 -1.479039    0.45259604 -0.6364442
  0.27330518  0.71474    -2.1188293   0.8809541 ]
[ 0.2777504  -0.14370169  0.3480451   0.96445733  1.8170875  -0.07061597
 -0.19104727 -0.35180914 -0.69414985 -1.34983     0.37895298 -0.6559804
  0.1866785   0.8356718  -2.2454      0.8607359 ]
[ 0.31958967 -0.21509986  0.44189397  0.9650323   1.7509292  -0.03375975
 -0.20181279 -0.31711063 -0.67649806 -1.2586424   0.25905633 -0.58898556
  0.17731655  0.81336653 -2.2760649   0.80455303]
[ 0.24613142 -0.30338687  0.5447989   0.95728683  1.7251174   0.0386868
 -0.31758386 -0.19263768 -0.5815611  -1.167453    0.05186359 -0.46578932
  0.21278234  0.7696702  -2.3186188   0.76254594]
[ 0.19136718 -0.2161645   0.54628897  0.859214    1.8935757   0.04549133
 -0.46193814 -0.2166458  -0.6006112  -1.2780199   0.15012786 -0.45528468
  0.25083527  0.65429926 -2.1921875   0.79408807]
[ 0.01732707 -0.12960917  0.45136636  0.8475235   2.0317528   0.04780627
 -0.58328575 -0.18107729 -0.54164475 -1.3528508   0.25583243 -0.42196774
  0.24002635  0.62952423 -2.1429152   0.7984539 ]
[-0.050674   -0.04535216  0.38345596  0.84354955  2.101217    0.03309287
 -0.6447691  -0.18398118 -0.4998309  -1.4761378   0.3864108  -0.44762772
  0.24189238  0.5953251  -2.1162834   0.84801495]
[-2.2843877e-02 -4.3393642e-02  3.2934588e-01  9.6269637e-01
  2.0782144e+00  6.1528978e-04 -5.3697592e-01 -3.1026962e-01
 -5.8885604e-01 -1.5102615e+00  4.9342155e-01 -5.8450252e-01
  2.4419971e-01  7.0915443e-01 -2.1446233e+00  8.9295769e-01]
[ 3.9826177e-02 -5.2010536e-02  3.3903924e-01  9.6625960e-01
  1.9735010e+00 -7.3650776e-04 -4.4666320e-01 -3.1553957e-01
 -6.2303066e-01 -1.4704847e+00  4.4325647e-01 -6.1014616e-01
  2.1619543e-01  7.5453550e-01 -2.1642137e+00  9.2028201e-01]
[ 0.1929845  -0.12330483  0.32221907  1.0357387   1.823101   -0.01557936
 -0.26650935 -0.32823986 -0.6477202  -1.334556    0.3355134  -0.601069
  0.14750342  0.84938574 -2.2937038   0.8723586 ]
[ 0.29534918 -0.21757516  0.38101467  1.0234461   1.7642065  -0.05271928
 -0.20013459 -0.31171268 -0.67034143 -1.250405    0.25280535 -0.5807429
  0.14383942  0.86696833 -2.3215053   0.84326124]
[ 0.20592327 -0.28768462  0.4962843   0.9993458   1.7138011   0.03977894
 -0.3278418  -0.14434564 -0.53613293 -1.1517003   0.02433093 -0.42964274
  0.15752676  0.8145445  -2.3953888   0.78438437]
[ 0.09757515 -0.21747966  0.48407418  0.98580563  1.8361712   0.05592506
 -0.42461777 -0.18027802 -0.54942876 -1.2163746   0.10481507 -0.41535154
  0.1928527   0.7894168  -2.3493524   0.76963913]
[ 2.6853086e-04 -7.5108849e-02  4.4540900e-01  9.0125215e-01
  1.9995136e+00  3.6824681e-02 -5.6009310e-01 -2.0866160e-01
 -5.4900420e-01 -1.4034114e+00  2.9888791e-01 -4.4672036e-01
  2.0119187e-01  6.7366594e-01 -2.1974187e+00  8.5104883e-01]
[-0.06698211  0.02474387  0.38884598  0.86646765  2.0563645   0.02605692
 -0.6083819  -0.23787327 -0.52033746 -1.5311986   0.457726   -0.49599952
  0.18301499  0.62780666 -2.129234    0.9296284 ]
[-0.08641131  0.03925349  0.3442542   0.94439304  2.015106    0.00820475
 -0.54369193 -0.32538012 -0.58769727 -1.554425    0.5414974  -0.58499974
  0.19470954  0.72955364 -2.1294913   0.96642506]
[-0.03564174  0.02685894  0.34848118  0.961888    1.9304621   0.04036264
 -0.4796227  -0.32125193 -0.5813375  -1.4864299   0.45013356 -0.5846515
  0.16763525  0.7704469  -2.19457     0.9590496 ]
[ 0.15721767 -0.07940229  0.30249232  1.0532265   1.8088093  -0.01068292
 -0.24656932 -0.36870852 -0.6364915  -1.3350089   0.373949   -0.6100953
  0.10802891  0.8902254  -2.31005     0.8715676 ]
[ 0.23399468 -0.08114319  0.36875135  0.99083316  1.8164685  -0.0063888
 -0.27166408 -0.33029085 -0.58592826 -1.2914928   0.32278973 -0.55279887
  0.02002419  0.8258724  -2.3402324   0.8489351 ]
[ 0.10061868 -0.03475607  0.41621718  0.9804864   1.7885246   0.0983734
 -0.40895972 -0.17038724 -0.4161241  -1.2294357   0.16866167 -0.40189958
 -0.05984899  0.7721999  -2.429579    0.793244  ]
[ 0.01837919  0.07997747  0.3884682   0.9354633   1.9038213   0.09205421
 -0.48745012 -0.22655538 -0.40150958 -1.3152596   0.31631473 -0.42138037
 -0.05321182  0.7376632  -2.3895364   0.7906443 ]
[-0.03940821  0.16848984  0.3824913   0.86159307  2.076598    0.10553379
 -0.61418647 -0.27031985 -0.3988256  -1.4606984   0.4743925  -0.46065158
  0.0106432   0.60022455 -2.2712111   0.80400765]
[ 0.03467055  0.12937605  0.3542242   0.8469059   2.2261086   0.06056188
 -0.6107046  -0.39732462 -0.49939185 -1.5168536   0.6822769  -0.607244
  0.06373358  0.5483371  -2.1576278   0.8095851 ]
[ 0.09041414  0.1086771   0.35449696  0.8136032   2.1835902   0.05800561
 -0.56052476 -0.4024164  -0.53437984 -1.4665396   0.68224543 -0.59837115
  0.03207614  0.57029957 -2.1614711   0.7957307 ]
[ 0.10165854  0.09180419  0.36944622  0.73429954  2.1374736   0.02877991
 -0.4791895  -0.3775258  -0.5352911  -1.4580252   0.64519656 -0.6096765
  0.08842286  0.584386   -2.1427987   0.78624517]
[ 0.31796864  0.06826169  0.33226144  0.6489247   2.1479862  -0.12732315
 -0.27930552 -0.49707216 -0.7366335  -1.5315453   0.8014455  -0.8200375
  0.17148899  0.6524172  -2.046105    0.8642626 ]
[ 0.34177408  0.05708987  0.37642372  0.58213603  2.1585517  -0.12555313
 -0.28695413 -0.500173   -0.78124475 -1.5408071   0.78721154 -0.82141864
  0.22675414  0.6026097  -1.974433    0.8650171 ]
[ 0.3018779  -0.01557167  0.3730813   0.60185444  2.1778073  -0.11402439
 -0.30637136 -0.4929192  -0.8069517  -1.5111876   0.73797745 -0.83446026
  0.3293024   0.62050563 -1.9419563   0.84721553]
[ 0.26152292 -0.0448122   0.37279263  0.5798963   2.2030597  -0.11197205
 -0.33464232 -0.49096012 -0.8183748  -1.50772     0.7456052  -0.8410572
  0.37880445  0.6168985  -1.8883619   0.8451303 ]
[ 0.18604223 -0.03848881  0.37538126  0.55254877  2.1956296  -0.10356455
 -0.35760906 -0.47986704 -0.8276454  -1.5331596   0.73471516 -0.8383206
  0.41981095  0.6334583  -1.8347588   0.88338315]
[ 0.16641442 -0.01709216  0.4039401   0.57572424  2.1463828  -0.10933788
 -0.35112697 -0.44747344 -0.8286832  -1.5672046   0.70399785 -0.81603795
  0.39896482  0.6644868  -1.8626959   0.9081087 ]
[ 0.18834728  0.01813431  0.38628495  0.6366785   2.0224283  -0.11658543
 -0.2756895  -0.46215636 -0.8437708  -1.5943575   0.7359572  -0.81557655
  0.36530346  0.7299398  -1.9437819   0.9367134 ]
[ 0.16932109  0.05187738  0.4277688   0.67183596  1.9301503  -0.10360942
 -0.23663554 -0.47330174 -0.86095256 -1.6110166   0.71092564 -0.80629987
  0.34698436  0.7541147  -1.9511926   0.9482943 ]
[ 0.21592948  0.07368726  0.46130762  0.6651842   1.8138481  -0.0644515
 -0.16386174 -0.47957596 -0.8520581  -1.5546331   0.6364261  -0.8056428
  0.29702145  0.7784154  -1.9736942   0.92059916]
[ 0.2296284   0.05072794  0.48673868  0.69761497  1.8004955  -0.04700204
 -0.16824731 -0.4413949  -0.7805363  -1.4783705   0.5264948  -0.78228676
  0.24878135  0.76976955 -2.015986    0.87213486]
[ 0.30277213  0.08372779  0.4867453   0.7225603   1.8079811  -0.05247897
 -0.18297759 -0.43701977 -0.7045277  -1.4476665   0.5265548  -0.7299568
  0.12352628  0.74253124 -2.1143622   0.840316  ]
[ 0.16080531  0.16759594  0.5305471   0.7592107   1.8236206   0.06854155
 -0.31834322 -0.3864199  -0.5999502  -1.4420916   0.436695   -0.58947074
  0.06517518  0.70128286 -2.1572723   0.74678296]
[ 0.02544847  0.27717647  0.47633475  0.78574693  1.9965198   0.12368934
 -0.5242975  -0.38327327 -0.5267376  -1.4955748   0.5172672  -0.52683014
  0.00791904  0.6177876  -2.1682646   0.7659845 ]
[-0.04111086  0.30886537  0.4240849   0.76581293  2.1213431   0.15156317
 -0.64880526 -0.36634582 -0.4387334  -1.5373207   0.6544725  -0.54249394
 -0.03937931  0.53995144 -2.181164    0.7976104 ]
[ 0.04911212  0.2570575   0.4023208   0.71399677  2.2085395   0.09137118
 -0.6047864  -0.4560713  -0.53938675 -1.5699164   0.8077356  -0.6576864
  0.00369013  0.53620017 -2.0784862   0.80297405]
[ 0.04370121  0.26096007  0.43876725  0.61887664  2.173617    0.09877326
 -0.58219415 -0.41801777 -0.52910733 -1.5441685   0.77495617 -0.64445454
  0.06853788  0.52007616 -2.0570612   0.74125284]
[ 0.18824263  0.21519998  0.41744933  0.50235623  2.2069488  -0.03836137
 -0.4401103  -0.51262385 -0.7115795  -1.6315254   0.90653765 -0.85984695
  0.22143988  0.57518625 -1.894104    0.8215765 ]
[ 0.32840484  0.2460531   0.4429583   0.33998746  2.139954   -0.14946191
 -0.32013828 -0.55487156 -0.8342373  -1.671731    0.99987876 -0.9461958
  0.24094424  0.6102765  -1.7836348   0.8802617 ]
[ 0.31099778  0.20942298  0.45635444  0.3564617   2.1695256  -0.11130922
 -0.34032375 -0.56995165 -0.8625166  -1.6512026   0.9753901  -0.943044
  0.27349696  0.56073725 -1.7346375   0.8685905 ]
[ 0.30321234  0.16881546  0.47053447  0.3653527   2.1699657  -0.09867088
 -0.32194963 -0.57051814 -0.8845453  -1.6352665   0.94024885 -0.9374515
  0.3079838   0.55943793 -1.7194073   0.8493015 ]
[ 0.24650073  0.14521499  0.48686385  0.34674725  2.1851544  -0.09961855
 -0.34709588 -0.5581924  -0.87628603 -1.6412466   0.9160925  -0.94817513
  0.35175508  0.575538   -1.6722221   0.85666037]
[ 0.21602993  0.09313323  0.4898797   0.35152787  2.2259665  -0.10053639
 -0.39623705 -0.5241662  -0.82734984 -1.6323059   0.8827635  -0.951419
  0.39017996  0.535958   -1.6657219   0.8804277 ]
[ 0.29215723  0.09571053  0.44730625  0.38061255  2.1851566  -0.12712032
 -0.32708353 -0.5289694  -0.8304304  -1.6291317   0.8980733  -0.9509797
  0.3509179   0.54757965 -1.7173764   0.88155353]
[ 0.21860862  0.12854344  0.45264664  0.34434307  2.1843562  -0.12792876
 -0.36202663 -0.5125655  -0.80479324 -1.6630224   0.90726995 -0.95026743
  0.36246243  0.5663161  -1.679076    0.9046233 ]
[ 0.15995333  0.10766508  0.45520058  0.34422597  2.2190547  -0.10853367
 -0.4258333  -0.48952588 -0.74138004 -1.6456066   0.8854288  -0.9426484
  0.3947077   0.54350406 -1.7100563   0.9233559 ]
[ 0.3094144   0.15077889  0.3953276   0.40067014  2.138979   -0.12549151
 -0.2956988  -0.54143065 -0.77323127 -1.6266282   0.94511795 -0.93879616
  0.2943562   0.61898154 -1.8510612   0.86548203]
[ 0.34139848  0.15094697  0.40729982  0.39028186  2.1247437  -0.12569866
 -0.28837568 -0.53381354 -0.7885999  -1.5996916   0.92759323 -0.93925303
  0.27935448  0.62416744 -1.8615923   0.85786724]
[ 0.33491606  0.13932183  0.42617923  0.39107007  2.1354663  -0.12884963
 -0.29821262 -0.5042571  -0.7778633  -1.604626    0.89706004 -0.9288316
  0.26788905  0.60638094 -1.855695    0.8672312 ]
[ 0.3981503   0.20353372  0.43531734  0.41847616  2.016897   -0.14473477
 -0.21558705 -0.5087944  -0.7769106  -1.6202297   0.9179479  -0.9022845
  0.18441607  0.65533406 -1.9330021   0.83725786]
[ 0.41712713  0.17307219  0.46797004  0.44689503  1.9328171  -0.12280782
 -0.14049795 -0.52540636 -0.80939853 -1.5748206   0.85030043 -0.89716035
  0.2217397   0.7149353  -1.9698137   0.77844703]
[ 0.3779364   0.12199886  0.45089817  0.4238192   2.067007   -0.10995569
 -0.23808709 -0.53534836 -0.8096576  -1.5869274   0.86559904 -0.94081986
  0.29347646  0.6476313  -1.8970287   0.8348196 ]
[ 0.35110041  0.08617412  0.46424976  0.45108396  2.110566   -0.10093373
 -0.26952234 -0.5412418  -0.8451293  -1.5606897   0.8511222  -0.91810113
  0.3246493   0.65765256 -1.8887355   0.7911755 ]
[ 0.366165    0.04462799  0.52674186  0.4645298   2.0743618  -0.0745432
 -0.2526849  -0.52043337 -0.86237764 -1.4933009   0.7641945  -0.8640715
  0.34491402  0.6547046  -1.9187882   0.7058463 ]
[ 0.3102235   0.0593575   0.5132952   0.42100316  2.107512   -0.10458431
 -0.30702716 -0.48893315 -0.8488714  -1.5516077   0.799305   -0.86569804
  0.3667318   0.6026081  -1.8178873   0.7672359 ]
[ 0.24327512  0.15085621  0.46079636  0.35018247  2.105437   -0.14995617
 -0.36412987 -0.4854547  -0.8366259  -1.6490465   0.9050515  -0.92399156
  0.34233874  0.62183285 -1.7129551   0.9115511 ]
[ 0.16241266  0.09922262  0.50117266  0.37800115  2.071592   -0.11009705
 -0.35961416 -0.46643406 -0.8103174  -1.6140034   0.7844818  -0.93601066
  0.4316209   0.6602327  -1.7324073   0.9095683 ]
[ 0.34026384  0.09944843  0.48186055  0.46170002  1.9503235  -0.1105554
 -0.19793569 -0.5380294  -0.8680587  -1.5562843   0.78320503 -0.96590406
  0.3526589   0.75721484 -1.8787658   0.8554944 ]
[ 0.44699392  0.03999055  0.5438939   0.51269215  1.8977749  -0.07137332
 -0.12848726 -0.5636741  -0.9515535  -1.4585565   0.6928938  -0.9217361
  0.35800037  0.76998127 -1.9166358   0.7109706 ]
[ 0.49767843 -0.07975633  0.6252521   0.54249996  1.8878742  -0.01874981
 -0.12109071 -0.53195137 -0.9425743  -1.358848    0.5583259  -0.85655993
  0.40226755  0.7219195  -1.9500681   0.57910377]
[ 0.40036362 -0.06411868  0.62211186  0.50331336  1.9405377  -0.02654086
 -0.19963977 -0.4852663  -0.90553486 -1.3881428   0.5719367  -0.80818003
  0.41713125  0.67753375 -1.8968407   0.5975503 ]
[ 0.27601856 -0.00235317  0.5927312   0.4951171   1.9935535  -0.04770671
 -0.28096643 -0.45546612 -0.8966656  -1.4705894   0.6077673  -0.80049896
  0.41661707  0.6481368  -1.8006169   0.6860326 ]
[ 0.2111185  -0.01428115  0.54849225  0.4660179   2.1258824  -0.05420617
 -0.38280997 -0.43105847 -0.81858045 -1.5318986   0.63229555 -0.857556
  0.4589375   0.55803615 -1.7598715   0.8156365 ]
[ 0.26714197  0.06693716  0.47217542  0.46882087  2.0574067  -0.1163937
 -0.31520385 -0.4906214  -0.8389635  -1.5948607   0.7996956  -0.94148016
  0.3844423   0.64450777 -1.787195    0.8914758 ]
[ 0.33789912  0.05080977  0.50311506  0.42647976  1.934296   -0.12872168
 -0.21272488 -0.49155664 -0.8838604  -1.544432    0.7548316  -0.9423238
  0.38548398  0.75265044 -1.828392    0.8523952 ]
[ 0.40033263 -0.05761462  0.6036698   0.5078825   1.8908389  -0.08193751
 -0.11902428 -0.48438185 -0.8979033  -1.431884    0.53802925 -0.8884123
  0.45838842  0.73132104 -1.8943192   0.6857004 ]
[ 0.3978396  -0.03337483  0.48763952  0.4927935   2.0190184  -0.14199774
 -0.21827538 -0.47637016 -0.858712   -1.5019009   0.68449634 -0.942001
  0.39918953  0.7128996  -1.8873827   0.831573  ]
[ 0.37165245 -0.06241352  0.6164018   0.507137    2.0103288  -0.0470533
 -0.294358   -0.3905844  -0.73048306 -1.4458954   0.51530516 -0.7799677
  0.34710878  0.541396   -1.9215806   0.7248455 ]
[ 0.31870705  0.03663354  0.5243267   0.52374184  1.9778969  -0.09244104
 -0.2414346  -0.41593283 -0.7249996  -1.5046028   0.6442835  -0.7918531
  0.30038363  0.6543087  -1.9889786   0.74219954]
[ 0.23714876  0.01053028  0.45342427  0.5046311   2.1233578  -0.0847903
 -0.3312741  -0.44250935 -0.698478   -1.5265326   0.6996742  -0.832372
  0.4075539   0.59960467 -1.9405124   0.78429115]
[ 0.29714593  0.04078712  0.40255666  0.48206377  2.1369526  -0.12883794
 -0.3182121  -0.48895988 -0.74426544 -1.5615046   0.8256055  -0.9474198
  0.37563086  0.6518936  -1.9297371   0.8724602 ]
[ 0.37162074  0.09172489  0.3963158   0.46627054  2.0094333  -0.15895534
 -0.20308924 -0.5033939  -0.8154895  -1.5496126   0.8664759  -0.94979507
  0.31076264  0.7788654  -1.9747915   0.827919  ]
[ 0.4399615   0.10687162  0.48667032  0.49190503  1.926598   -0.09952916
 -0.12786922 -0.5184072  -0.82074815 -1.5151911   0.78188765 -0.8814107
  0.24406847  0.74027026 -2.0267825   0.73267823]
[ 0.3983372   0.13972627  0.48076576  0.47484106  1.9263208  -0.11133621
 -0.14032209 -0.5194515  -0.81848735 -1.56352     0.81509334 -0.8987848
  0.25806183  0.7283858  -1.9751269   0.7682068 ]
[ 0.4021174   0.15438756  0.46277356  0.45655814  1.950835   -0.12690185
 -0.18293054 -0.52549326 -0.8192135  -1.5827277   0.8484953  -0.92923295
  0.24624066  0.70960987 -1.9328865   0.83384895]
[ 0.46012583  0.03722472  0.53799736  0.5014726   1.9035591  -0.07864471
 -0.1162753  -0.528768   -0.8471643  -1.4854075   0.70371646 -0.89818543
  0.3349212   0.71339494 -1.9688962   0.6906012 ]
[ 0.38024655  0.06066695  0.4954779   0.46151668  1.9954097  -0.11267181
 -0.2214791  -0.50910324 -0.83292973 -1.5452372   0.7936396  -0.9118926
  0.34774822  0.6812624  -1.8765036   0.75612056]
[ 0.41061383  0.03604484  0.5887588   0.46925324  1.9567518  -0.05797675
 -0.19319198 -0.48179537 -0.8377675  -1.4757917   0.64549077 -0.8304033
  0.3441771   0.63685054 -1.8994801   0.64789003]
[ 0.26678395  0.04414065  0.558072    0.4144225   2.1389701  -0.06658226
 -0.3568366  -0.44040948 -0.77631205 -1.5513856   0.69705623 -0.84396666
  0.38393444  0.5123494  -1.7858387   0.7700281 ]
[ 0.32932425  0.1739612   0.4192132   0.42415756  2.0914464  -0.14103839
 -0.293472   -0.50501466 -0.77179766 -1.6329714   0.9186741  -0.9295534
  0.23130175  0.6211084  -1.8712593   0.9043436 ]
[ 0.34137976  0.1798124   0.4918511   0.42445737  1.9914535  -0.11532392
 -0.19973357 -0.51303595 -0.7892794  -1.612476    0.85785866 -0.88356936
  0.2427152   0.6566421  -1.9029871   0.79449266]
[ 0.322168    0.14574838  0.42787322  0.38153952  2.0650606  -0.12993714
 -0.26563004 -0.54090536 -0.8151926  -1.6256886   0.91153395 -0.9701684
  0.33157763  0.6689927  -1.8221668   0.882755  ]
[ 0.3696598   0.05271978  0.46119156  0.4245407   2.1127067  -0.10960945
 -0.26131463 -0.5357324  -0.82948476 -1.5635939   0.8258773  -0.95158803
  0.36681715  0.62032956 -1.8457918   0.8283846 ]
[ 0.36371478  0.07974739  0.45537633  0.43775612  2.100203   -0.12636225
 -0.28572217 -0.50110066 -0.81079185 -1.5775398   0.8460115  -0.9327489
  0.3039395   0.6060748  -1.8521487   0.8597516 ]
[ 0.3442614   0.07250999  0.5201677   0.45455056  2.0365434  -0.10144258
 -0.25212067 -0.45779163 -0.7659628  -1.5646567   0.7429687  -0.86196774
  0.30110085  0.5963466  -1.8909123   0.7904684 ]
[ 0.33392733  0.15630095  0.43398127  0.3970107   2.0194612  -0.14867894
 -0.21681511 -0.4953928  -0.75654876 -1.6283928   0.8786293  -0.92539823
  0.2797165   0.66196513 -1.894584    0.87175465]
[ 0.30097333  0.15824069  0.3734718   0.35377377  2.0648472  -0.1705639
 -0.2702009  -0.5143555  -0.75209683 -1.6363491   0.94004154 -0.992181
  0.31372046  0.7157166  -1.8596722   0.94445163]
[ 0.37874928  0.10808639  0.40875697  0.4396245   2.08852    -0.12841067
 -0.24267673 -0.5249234  -0.7589866  -1.5760756   0.87545985 -0.9468125
  0.28286272  0.6447786  -1.9394252   0.85639083]
[ 0.3830963   0.10252656  0.4000153   0.46996826  2.1028419  -0.13697569
 -0.2560318  -0.5112809  -0.7602652  -1.5685459   0.88133013 -0.9259988
  0.25247854  0.6499711  -1.9611002   0.8431965 ]
[ 0.40312856  0.12368451  0.45032597  0.4789064   1.9918528  -0.11158311
 -0.1790577  -0.5101812  -0.77353114 -1.5413185   0.836901   -0.86401594
  0.21943076  0.70865005 -2.0248408   0.753191  ]
[ 0.3525496   0.1428401   0.45939684  0.4342676   2.0226285  -0.11890011
 -0.20993662 -0.513782   -0.77500486 -1.5804417   0.84624565 -0.87500083
  0.26076075  0.67049205 -1.9457788   0.7934511 ]
[ 0.33332095  0.14871487  0.39804554  0.40518603  2.0434036  -0.15390973
 -0.25182617 -0.52085775 -0.78143466 -1.6129963   0.9105441  -0.95187587
  0.30767742  0.69943833 -1.902313    0.8963629 ]
[ 0.34849715  0.08312257  0.4010397   0.43583336  2.0281925  -0.15068898
 -0.22770512 -0.5274382  -0.8127344  -1.5673958   0.8780407  -0.98037803
  0.3384061   0.7513739  -1.9197476   0.88792086]
[ 0.39196903  0.08928351  0.45622665  0.4819458   1.9985412  -0.10955703
 -0.18880317 -0.5385686  -0.83351266 -1.5354214   0.82304084 -0.9207918
  0.28952962  0.7143024  -1.9546168   0.79983234]
[ 0.45505205  0.08894413  0.50921553  0.5143359   1.8743522  -0.09448095
 -0.08563367 -0.5328164  -0.8657268  -1.4941127   0.73867935 -0.8975711
  0.26569444  0.7639435  -2.0106409   0.7319704 ]
[ 0.40665     0.06653117  0.49748802  0.48693675  1.9581153  -0.0993609
 -0.15373878 -0.51901275 -0.8284424  -1.5262864   0.75281763 -0.9193279
  0.31190187  0.7028893  -1.9519107   0.77776086]
[ 0.3436581   0.10199469  0.43858105  0.45816717  2.0007546  -0.12629002
 -0.22042656 -0.5242685  -0.81346875 -1.5706922   0.8450325  -0.94419444
  0.3116762   0.72577775 -1.9075556   0.84680927]
[ 0.42436284  0.06026722  0.52440083  0.49549896  1.8977928  -0.08955066
 -0.10967264 -0.52325094 -0.8527423  -1.4949043   0.7067042  -0.897799
  0.31827924  0.76021516 -1.9828619   0.7244549 ]
[ 0.3961818   0.03835482  0.48369676  0.4862903   1.9891382  -0.11275375
 -0.16932002 -0.50966215 -0.82367504 -1.5101933   0.745827   -0.92416877
  0.34694692  0.7162319  -1.9638535   0.773578  ]
[ 0.35978276  0.08280347  0.40862894  0.4564589   2.0437143  -0.15086798
 -0.23883426 -0.5048898  -0.7974922  -1.5679342   0.8669292  -0.94618595
  0.2915639   0.7166005  -1.9312509   0.8770067 ]
[ 0.34041157  0.08051133  0.51065385  0.47883955  1.9670942  -0.09005259
 -0.17598124 -0.4997166  -0.7998241  -1.5173926   0.73902035 -0.86005515
  0.31179127  0.7250069  -1.9718428   0.72267514]
[ 0.3691979   0.11730169  0.471417    0.43139204  1.9905398  -0.12031811
 -0.18451631 -0.52205175 -0.81108    -1.5580869   0.8115923  -0.9115904
  0.30545712  0.7082809  -1.942138    0.8089148 ]
[ 0.35211602  0.09093158  0.40973157  0.42827696  2.0562816  -0.14106253
 -0.25737306 -0.51747    -0.7966019  -1.5824921   0.86574256 -0.97019327
  0.33269268  0.6818075  -1.8862152   0.9013505 ]
[ 0.37653592  0.08948815  0.43618757  0.4769928   1.9834414  -0.13781066
 -0.20977199 -0.5127114  -0.8222388  -1.5701965   0.8324167  -0.93318415
  0.28792208  0.7207632  -1.9308679   0.87925684]
[ 0.41671306  0.07870883  0.5134943   0.52013886  1.8088195  -0.10086288
 -0.07192083 -0.5273922  -0.8845011  -1.5176693   0.728768   -0.89998484
  0.30802554  0.834139   -2.0140376   0.76923585]
[ 0.38933444  0.05310769  0.5248016   0.49895057  1.9017941  -0.10062981
 -0.12776275 -0.5131506  -0.85477084 -1.5069574   0.69970655 -0.89984244
  0.32556164  0.7437903  -1.9709572   0.8004657 ]
[ 0.3946658   0.06328876  0.43985757  0.49031037  1.9438541  -0.13141452
 -0.16901693 -0.52005386 -0.8453249  -1.5347291   0.7988032  -0.96625584
  0.30205628  0.768299   -1.9656475   0.8977402 ]
[ 0.39570948  0.06080625  0.50410473  0.5270039   1.8927586  -0.07628258
 -0.12557742 -0.51702213 -0.84284294 -1.4745443   0.7060201  -0.8809026
  0.29671168  0.7673944  -2.0164495   0.74457073]
[ 0.36920992  0.09005462  0.4840006   0.48979202  1.9408417  -0.08326881
 -0.17108762 -0.5459331  -0.8445061  -1.5122592   0.7663447  -0.88816595
  0.3106957   0.7648989  -1.9845426   0.7765648 ]
[ 0.29505306  0.12048407  0.4631281   0.47789326  1.9932903  -0.09325001
 -0.22699654 -0.536127   -0.827374   -1.5489756   0.7895548  -0.89303416
  0.3246085   0.74589646 -1.934859    0.81581   ]
[ 0.31923458  0.14793909  0.4087895   0.49748597  1.9975122  -0.11934565
 -0.2598115  -0.5353009  -0.8177849  -1.5758749   0.85545206 -0.93144846
  0.26127625  0.76907    -1.9415042   0.89224243]
[ 0.33079273  0.10691617  0.4455169   0.5863      1.9712508  -0.0593523
 -0.2142036  -0.53779906 -0.8153175  -1.5142394   0.7603687  -0.8515657
  0.25442111  0.7394132  -1.9942772   0.75496256]
[ 0.3243645   0.08381553  0.45692116  0.5750047   1.9865116  -0.05709346
 -0.22380753 -0.55136037 -0.8104636  -1.516687    0.7585829  -0.8836521
  0.2786375   0.7423495  -1.976691    0.777283  ]
[ 0.26669243 -0.01041704  0.5626212   0.5848875   1.9617039  -0.02015888
 -0.1955316  -0.49995106 -0.82658446 -1.432169    0.5777716  -0.86015004
  0.39466092  0.76700234 -1.9842554   0.67404103]
[ 0.38430682  0.04145983  0.4491151   0.4742663   2.0236468  -0.12175671
 -0.20152287 -0.5455092  -0.86933327 -1.5095778   0.8024041  -0.96902454
  0.36706543  0.7683956  -1.9283562   0.7979972 ]
[ 0.39092958  0.01679581  0.5354942   0.4900652   1.992666   -0.05443857
 -0.1697618  -0.54020536 -0.8701929  -1.4641186   0.717278   -0.8841135
  0.37169623  0.7209603  -1.9498193   0.6548651 ]
[ 0.31896728  0.06926843  0.5350716   0.45494956  2.0186152  -0.06914061
 -0.22528768 -0.52230805 -0.8593748  -1.5227773   0.7626459  -0.87036705
  0.36223474  0.69720334 -1.8889148   0.6994237 ]
[ 0.3707857   0.10143048  0.4930958   0.43724155  1.9828627  -0.10899299
 -0.20091906 -0.520292   -0.8631824  -1.5592409   0.8020609  -0.90955037
  0.33046627  0.7033969  -1.8847847   0.78934085]
[ 0.3455384   0.12833163  0.443458    0.41389304  2.011413   -0.14390597
 -0.25805354 -0.49977693 -0.8294832  -1.6114872   0.8608219  -0.9584797
  0.30345553  0.6636753  -1.8161157   0.91564596]
[ 0.39628714  0.12544653  0.49464718  0.44047946  1.9011638  -0.13243963
 -0.1745092  -0.48653784 -0.8288107  -1.5856836   0.80217063 -0.9405533
  0.2565145   0.70397127 -1.8868103   0.88174325]
[ 0.4266491   0.02516788  0.5791119   0.51401424  1.8294499  -0.07255378
 -0.07813466 -0.4905346  -0.8486079  -1.4762139   0.62113535 -0.8960589
  0.34274316  0.7361618  -1.9573864   0.7058409 ]
[ 4.7911733e-01 -8.4897876e-04  5.1365978e-01  4.9893928e-01
  1.9887623e+00 -9.6341766e-02 -1.7703626e-01 -4.9861655e-01
 -8.1775141e-01 -1.4884075e+00  6.9646657e-01 -9.0945929e-01
  3.1474587e-01  6.4192617e-01 -1.9502767e+00  7.6769608e-01]
[ 0.474788   -0.00647937  0.5300708   0.5169164   1.9717472  -0.08479979
 -0.18009824 -0.45869341 -0.7856644  -1.4682071   0.65501416 -0.8378943
  0.2947806   0.6313951  -1.9859846   0.6930864 ]
[ 0.32042497  0.05098773  0.5625605   0.44540387  2.096777   -0.08379021
 -0.36958003 -0.36662245 -0.68061584 -1.5392771   0.651619   -0.7678887
  0.27718586  0.48780298 -1.8871533   0.76630735]
[ 0.24128234  0.10758732  0.46371755  0.44696656  2.1339247  -0.12818483
 -0.37962535 -0.4007092  -0.66348726 -1.6018032   0.7887467  -0.81601363
  0.28786606  0.5386106  -1.9014499   0.84896624]
[ 0.21991575  0.12775858  0.36837536  0.4453102   2.1823242  -0.15293767
 -0.3967879  -0.4561916  -0.6789581  -1.648351    0.9085331  -0.9022335
  0.31036037  0.58021146 -1.8682836   0.9301527 ]
[ 0.24299705  0.10616302  0.38325012  0.46767053  2.1385083  -0.13357951
 -0.34606448 -0.49520388 -0.70907414 -1.6177454   0.8805857  -0.9381539
  0.33445123  0.63375014 -1.9003979   0.92133296]
[ 0.3222489   0.11432631  0.38318166  0.4737875   2.0669198  -0.14593804
 -0.25767535 -0.5180963  -0.7641343  -1.5990999   0.88205814 -0.95670414
  0.29585052  0.68893784 -1.9193151   0.9015299 ]
[ 0.3879845   0.13260587  0.42773804  0.45658445  2.0019307  -0.1220942
 -0.21813262 -0.5286773  -0.7912155  -1.5754131   0.8672137  -0.9247047
  0.2582373   0.7168178  -1.9635938   0.83983135]
[ 0.40652537  0.08566066  0.5064887   0.48380464  1.9513586  -0.09375139
 -0.15539399 -0.51493555 -0.82237756 -1.5112236   0.76017094 -0.8617452
  0.27546057  0.71253395 -1.9776424   0.7157301 ]
[ 0.39964372  0.1074426   0.45032454  0.44138688  1.9575084  -0.1280538
 -0.18706505 -0.5198185  -0.85914576 -1.5516317   0.826978   -0.91153973
  0.30830207  0.7635423  -1.9374897   0.8034452 ]
[ 0.38177055  0.02655526  0.51839066  0.4861589   1.955838   -0.10468181
 -0.16073367 -0.5119945  -0.89930344 -1.4902859   0.6958635  -0.87913954
  0.37459692  0.769393   -1.9353371   0.73450583]
[ 0.3310247   0.04377756  0.44401103  0.46433878  2.0200725  -0.14662679
 -0.23669723 -0.5231272  -0.91633624 -1.5474185   0.8162503  -0.9190482
  0.35635623  0.7888322  -1.884647    0.8749321 ]
[ 0.338496    0.02181796  0.5453609   0.5126545   1.9522327  -0.06048096
 -0.17719746 -0.5313698  -0.9571273  -1.4584739   0.6732937  -0.7989245
  0.3675649   0.76798886 -1.9197457   0.683267  ]
[ 0.36525938 -0.0141311   0.51909924  0.52412075  1.9489266  -0.06519818
 -0.18390003 -0.5343013  -0.98414975 -1.4670887   0.64839554 -0.8191247
  0.416709    0.75054884 -1.8699297   0.726252  ]
[ 0.29299474 -0.04454854  0.47384936  0.55046755  1.9944608  -0.09303606
 -0.2687477  -0.46485448 -0.94067276 -1.5022928   0.6120988  -0.83002234
  0.4592422   0.71715593 -1.7780149   0.78762007]
[ 0.29424983 -0.06305653  0.47852182  0.6244453   1.8896971  -0.0902019
 -0.22606091 -0.40573034 -0.8997782  -1.4687557   0.50397336 -0.7868303
  0.41532993  0.75618744 -1.8398588   0.78426695]
[ 0.20688073 -0.25373095  0.59288776  0.65537995  1.9096863   0.01475194
 -0.30982918 -0.27607885 -0.81062806 -1.3175426   0.16353266 -0.6536765
  0.5339504   0.6520992  -1.8361185   0.69257855]
[ 0.35404348 -0.23516127  0.47399625  0.74417424  1.9498001  -0.06991814
 -0.24118598 -0.3737135  -0.82027227 -1.3005937   0.31853205 -0.7281605
  0.41125518  0.7227777  -1.9919033   0.7508405 ]
[ 0.3245944  -0.33792552  0.5988237   0.8066896   1.9104353   0.06144043
 -0.34852087 -0.27288884 -0.67767954 -1.1812872   0.12135212 -0.54098654
  0.36888802  0.607811   -2.1271255   0.64451665]
[ 0.24910891 -0.28713027  0.5746907   0.7612982   2.0195115   0.02530403
 -0.43487105 -0.2428151  -0.6473235  -1.2460564   0.22547516 -0.53592527
  0.3678457   0.55271    -2.0697348   0.64621335]
[ 0.14508975 -0.19611755  0.49435577  0.689695    2.1180596  -0.02104196
 -0.45156446 -0.25125122 -0.66267323 -1.3453019   0.36022118 -0.55873233
  0.3866814   0.5641485  -2.0052998   0.6947201 ]
[ 0.12650648 -0.11963191  0.4341549   0.65671176  2.1625247  -0.08355118
 -0.43824166 -0.2834719  -0.69248235 -1.4724439   0.47843915 -0.6195436
  0.40892377  0.5641774  -1.9367955   0.77966607]
[ 0.2326105  -0.08084713  0.38389012  0.7067009   2.1072495  -0.14063594
 -0.3356409  -0.36971968 -0.7261351  -1.5248115   0.60686684 -0.7476036
  0.33789286  0.64136773 -2.00603     0.88189614]
[ 0.30429226 -0.06731842  0.3724529   0.7531432   1.9706528  -0.14736597
 -0.23379055 -0.37030157 -0.7326492  -1.4658614   0.5691377  -0.7281345
  0.25366038  0.69615525 -2.071177    0.8638054 ]
[ 0.3297404  -0.09618785  0.41514245  0.758474    1.9022433  -0.118659
 -0.21131735 -0.3569271  -0.7346303  -1.4074237   0.4793005  -0.69491595
  0.24240306  0.7172493  -2.0795834   0.8207777 ]
[ 0.27331537 -0.20536868  0.50145465  0.8132758   1.8885291  -0.02075886
 -0.27908337 -0.2852816  -0.6512432  -1.2824619   0.2481792  -0.6110834
  0.31377283  0.6680758  -2.1378877   0.7293683 ]
[ 0.3983652  -0.20667405  0.46145877  0.7723659   1.9672012  -0.10776322
 -0.27598014 -0.31742483 -0.66727746 -1.3061993   0.35830486 -0.6285782
  0.2406398   0.66904557 -2.1741664   0.77992874]
[ 0.19035408 -0.20351247  0.5529698   0.7806026   2.020474    0.06093043
 -0.5036844  -0.2107791  -0.54973036 -1.2703807   0.20066151 -0.4601441
  0.25769415  0.57180583 -2.1629443   0.6868412 ]
[ 0.12241153 -0.0976959   0.4805767   0.7447971   2.1359475   0.02804132
 -0.5561449  -0.22902903 -0.55568135 -1.3891177   0.38650304 -0.49072117
  0.23163526  0.52671206 -2.1090732   0.73371506]
[ 0.06823615 -0.04525695  0.396823    0.69356245  2.215239   -0.0235137
 -0.59023374 -0.26355943 -0.56049234 -1.4941137   0.54461795 -0.5662764
  0.29715592  0.47232923 -2.0036042   0.8252145 ]
[ 0.12178705 -0.10954504  0.35217336  0.8141944   2.1507294  -0.07004042
 -0.4417017  -0.36419287 -0.68660593 -1.4600132   0.5557312  -0.6837181
  0.36306337  0.6646793  -2.0592618   0.8178164 ]
[ 0.29675275 -0.13039024  0.3555166   0.81167984  2.004575   -0.1125465
 -0.22591469 -0.41956824 -0.7977301  -1.396856    0.51785773 -0.73688
  0.33966547  0.7894372  -2.1283576   0.79687816]
[ 0.33651504 -0.14143315  0.41570672  0.77655596  1.9508591  -0.11254279
 -0.20534071 -0.4020637  -0.82806075 -1.382247    0.4493699  -0.74500847
  0.35508543  0.76231396 -2.0548146   0.7901736 ]
[ 0.3674266  -0.2291234   0.4736042   0.8129838   1.9108852  -0.07056211
 -0.22925778 -0.37318593 -0.80395633 -1.3070859   0.33841538 -0.678065
  0.35941687  0.73061687 -2.0749373   0.7351095 ]
[ 0.2117488  -0.27850038  0.557166    0.84880334  1.8913486   0.03686339
 -0.33682808 -0.2651981  -0.7290259  -1.221259    0.15099946 -0.5551409
  0.39829165  0.68752396 -2.0865538   0.6495827 ]
[ 0.18010585 -0.25016913  0.5616775   0.804163    1.9614952   0.03428714
 -0.36447144 -0.29495525 -0.75484306 -1.2466904   0.19758813 -0.57325137
  0.4443294   0.6944497  -2.0713737   0.6370081 ]
[ 0.14454922 -0.25438738  0.54450434  0.7884153   2.065082    0.06190062
 -0.43414432 -0.3160627  -0.7296969  -1.2831037   0.24681194 -0.5734297
  0.49336714  0.6108757  -2.0199084   0.61371213]
[ 0.19740614 -0.18020634  0.45285589  0.74743783  2.129972   -0.03838293
 -0.3866858  -0.38006875 -0.789225   -1.3843468   0.46038732 -0.6740193
  0.43266183  0.6118444  -1.9557228   0.717976  ]
[ 0.1568737  -0.10128887  0.4999968   0.76488036  1.9824394   0.00784284
 -0.34433812 -0.3264541  -0.7500886  -1.3458608   0.37377167 -0.60132277
  0.33702883  0.6732336  -2.0310478   0.6656613 ]
[ 0.14741752 -0.04716856  0.4929223   0.7351624   1.9570363  -0.00430938
 -0.3186713  -0.34464094 -0.7460798  -1.3843791   0.3937187  -0.6303662
  0.33943588  0.68082553 -2.006169    0.6988891 ]
[ 0.3046202  -0.07097204  0.44580382  0.71933717  1.9276756  -0.10949299
 -0.19442567 -0.43227315 -0.84749854 -1.3909056   0.49187508 -0.75087786
  0.3541084   0.76280177 -1.9953938   0.75013936]
[ 0.38522846 -0.16650549  0.53448224  0.7591941   1.9080608  -0.00853206
 -0.19694737 -0.4569013  -0.848097   -1.249289    0.35740334 -0.6723513
  0.36911124  0.71493715 -2.051533    0.57940704]
[ 0.3230229  -0.25634313  0.7455205   0.69500834  1.8853445   0.21806416
 -0.36323395 -0.33200046 -0.7302982  -1.1215454   0.08140488 -0.4898979
  0.40228137  0.5262085  -2.0420763   0.40984863]
[ 0.25916395 -0.17967267  0.7172664   0.58135253  2.0463004   0.18588078
 -0.443026   -0.33072793 -0.7266715  -1.2222126   0.2446675  -0.5166179
  0.40622693  0.4608496  -1.9261986   0.39480394]
[ 0.14202686 -0.06052675  0.6375531   0.5012735   2.157856    0.12015642
 -0.5118849  -0.3253718  -0.73261404 -1.4068886   0.4334289  -0.57370347
  0.4255957   0.42213544 -1.7755775   0.50315064]
[ 0.13104507 -0.0348888   0.56608105  0.5309339   2.1954231   0.03067448
 -0.5076764  -0.34963816 -0.78402317 -1.517381    0.52990913 -0.6707672
  0.45916238  0.429703   -1.7153988   0.66952235]
[ 0.21623488 -0.08531647  0.5336654   0.59505373  2.120421   -0.05612781
 -0.39204556 -0.41998902 -0.8852264  -1.5367594   0.5967237  -0.82413787
  0.47370034  0.56075585 -1.737962    0.8063924 ]
[ 0.33281362 -0.16347395  0.54652226  0.6361753   1.9640853  -0.08417593
 -0.2407929  -0.44303665 -0.9675514  -1.4653647   0.53196937 -0.8522378
  0.4734095   0.66101706 -1.7798843   0.81485766]
[ 0.35475287 -0.29543287  0.614119    0.63091356  1.9264199  -0.03676687
 -0.25789878 -0.41055053 -0.9622847  -1.3958381   0.3588534  -0.81845266
  0.59812796  0.59949636 -1.7083652   0.7658974 ]
[ 0.37244087 -0.38072994  0.6764444   0.6209867   1.8867031  -0.02043866
 -0.3029242  -0.3460649  -0.90796816 -1.3540618   0.22536321 -0.7626224
  0.65194166  0.54802155 -1.710936    0.76636666]
[ 2.4557225e-01 -3.2142466e-01  6.5560877e-01  5.2932584e-01
  1.9869301e+00 -1.0602593e-03 -5.0413460e-01 -2.1809307e-01
 -7.6341218e-01 -1.3919871e+00  1.9694252e-01 -6.2693644e-01
  6.0654509e-01  4.1619617e-01 -1.6424373e+00  7.9846942e-01]
[ 0.1100738  -0.19778466  0.5303334   0.589182    2.1033645  -0.03577887
 -0.57525015 -0.19302516 -0.66599    -1.4506466   0.31931248 -0.5556194
  0.4740581   0.47401    -1.7776568   0.8189596 ]
[-0.02490284 -0.09384499  0.42026877  0.6674017   2.2122734  -0.03583053
 -0.6377816  -0.23629344 -0.6166849  -1.520937    0.48005825 -0.5628487
  0.4141265   0.5122912  -1.8690525   0.8602573 ]
[ 0.04181061 -0.0699688   0.319868    0.835384    2.2021542  -0.03023154
 -0.5249739  -0.37975463 -0.64133704 -1.4957416   0.5784771  -0.64523333
  0.33847865  0.622522   -2.0425534   0.85842574]
[ 0.12195797 -0.06239013  0.274002    0.9380987   2.0592353  -0.00412803
 -0.37319157 -0.43287048 -0.69612443 -1.4215347   0.5341376  -0.6604945
  0.27399385  0.76569116 -2.1558735   0.80565757]
[ 0.24629536 -0.08341262  0.2811823   0.9529829   1.9331429  -0.02021939
 -0.23303036 -0.44713107 -0.73591304 -1.3581865   0.4708088  -0.6830686
  0.23083642  0.8439337  -2.2050068   0.7723446 ]
[ 0.3152302  -0.14604896  0.35546288  0.9642043   1.8722451   0.01118228
 -0.20926388 -0.4116858  -0.7297487  -1.2664883   0.34986657 -0.64154553
  0.2044065   0.79894173 -2.2155118   0.71217287]
[ 0.3750471  -0.25010908  0.43930307  0.9465383   1.8181136   0.02900927
 -0.20801477 -0.37199244 -0.7277109  -1.177513    0.22295456 -0.5947758
  0.24333885  0.79116786 -2.231297    0.65619624]
[ 0.31509393 -0.32425076  0.5338599   0.91858006  1.8267262   0.0851202
 -0.305093   -0.2793     -0.6681018  -1.1003411   0.06837498 -0.49758244
  0.30264625  0.73651046 -2.2490258   0.594278  ]
[ 0.21908903 -0.27207074  0.561283    0.78814137  2.041255    0.06239448
 -0.44761482 -0.27000853 -0.6637673  -1.2282591   0.20784763 -0.5195379
  0.37402555  0.56709546 -2.0933976   0.6319421 ]
[ 0.1556485  -0.18541981  0.50861365  0.7409817   2.1485438   0.01877281
 -0.46458364 -0.28407115 -0.67315215 -1.3055121   0.3565355  -0.5640327
  0.349078    0.54751027 -2.051134    0.66201484]
[ 0.16537547 -0.0693149   0.43122417  0.69347817  2.1561108  -0.03969997
 -0.40639144 -0.3498087  -0.7030738  -1.4345281   0.5237391  -0.65207714
  0.33788583  0.5704188  -2.004068    0.74422103]
[ 0.20979838  0.0025601   0.36317214  0.6275408   2.1332085  -0.11939065
 -0.3516474  -0.40533414 -0.73432475 -1.5381423   0.67073864 -0.7679601
  0.3320211   0.60921913 -1.9121345   0.8487358 ]
[ 0.2958111  -0.03274948  0.37625772  0.68449545  1.9923599  -0.1368273
 -0.22473533 -0.43090636 -0.7837928  -1.4703292   0.6160307  -0.76942235
  0.3124544   0.7224999  -1.998352    0.81312543]
[ 0.35295528 -0.15319881  0.43172225  0.7353492   1.9724712  -0.10827689
 -0.20402285 -0.4277439  -0.8212908  -1.3692305   0.47747293 -0.7409042
  0.3608304   0.72836155 -2.0186412   0.7472905 ]
[ 0.3939225  -0.24466613  0.5059889   0.7551486   1.984595   -0.0449078
 -0.25091344 -0.41769606 -0.8213499  -1.2860034   0.38094476 -0.6646034
  0.37119147  0.6813384  -2.057448    0.6733488 ]
[ 0.21596913 -0.3053327   0.62834036  0.74782616  2.0078857   0.11529744
 -0.43630734 -0.2851176  -0.7149771  -1.2292482   0.17644711 -0.5125567
  0.4371333   0.55779374 -2.0257108   0.57837456]
[ 0.12758468 -0.2155472   0.569224    0.6845056   2.1152582   0.05436368
 -0.4448389  -0.32477042 -0.7492732  -1.3363216   0.34488124 -0.5758811
  0.48360896  0.5598774  -1.9421997   0.60684836]
[ 0.10631011 -0.07821839  0.47291034  0.6297312   2.1159217  -0.00887249
 -0.4088498  -0.3683409  -0.7920615  -1.4709494   0.4948534  -0.655764
  0.46733642  0.5743226  -1.8431972   0.7287362 ]
[ 0.18220542 -0.06242337  0.42183056  0.57460374  2.0772274  -0.11251356
 -0.3520848  -0.37448683 -0.8106867  -1.5085722   0.56987613 -0.78257674
  0.4380343   0.656491   -1.8172686   0.8694843 ]
[ 0.3336237  -0.11330863  0.4309101   0.75609636  1.8800138  -0.11068827
 -0.17559627 -0.3981446  -0.8258567  -1.3946393   0.45730695 -0.7593373
  0.33791003  0.7685521  -2.0135806   0.79231226]
[ 0.3954326  -0.20237811  0.5127541   0.8021399   1.777786   -0.0470462
 -0.1484319  -0.39076138 -0.8331016  -1.2976353   0.31626672 -0.6899392
  0.3413533   0.77276003 -2.0554786   0.7078863 ]
[ 0.32827565 -0.3492205   0.61634415  0.8175436   1.7697289   0.11201084
 -0.28541094 -0.3033867  -0.742212   -1.1418248   0.03820515 -0.56058156
  0.43316522  0.6761466  -2.0577397   0.6074479 ]
[ 0.3639299  -0.3935701   0.624993    0.7761771   1.8563637   0.08730352
 -0.34033254 -0.28875542 -0.73648494 -1.1394465   0.04624579 -0.52895
  0.44806862  0.6071856  -2.058126    0.6335181 ]
[ 0.26974154 -0.35086328  0.59505546  0.717998    1.9691044   0.06313281
 -0.43473282 -0.22365706 -0.6868572  -1.2014656   0.11490232 -0.49155587
  0.43937975  0.55154383 -2.0155036   0.64253825]
[ 0.17480965 -0.22782525  0.5362169   0.6661883   2.083306   -0.00294025
 -0.46703252 -0.22099514 -0.6762783  -1.3326652   0.28477445 -0.51793337
  0.38734356  0.5507257  -1.9695575   0.6932629 ]
[ 0.1307172  -0.08703627  0.46191674  0.6621839   2.1190743  -0.05491298
 -0.44999117 -0.27542073 -0.6795149  -1.4818856   0.45896754 -0.6085103
  0.37531412  0.5485713  -1.9279292   0.7738691 ]
[ 0.19557628 -0.10291509  0.41655245  0.71365017  2.070579   -0.1317934
 -0.34467694 -0.35377708 -0.7328634  -1.4917787   0.53317153 -0.7466199
  0.39221367  0.6630912  -1.9739689   0.8607858 ]
[ 0.33562624 -0.14820364  0.39878497  0.7583576   1.938483   -0.16343395
 -0.19664502 -0.36579537 -0.78510463 -1.3892071   0.46902186 -0.75013816
  0.33361292  0.7703401  -2.0758457   0.8361251 ]
[ 0.3703864  -0.18708053  0.45673114  0.81316787  1.879009   -0.07724051
 -0.18869643 -0.38070604 -0.7977327  -1.3133237   0.34068418 -0.69106984
  0.32278657  0.76816404 -2.1030986   0.7517748 ]
[ 0.30347282 -0.30236438  0.5757619   0.844011    1.8896126   0.06075542
 -0.33782583 -0.28219563 -0.68136346 -1.193209    0.11876716 -0.54470986
  0.34794292  0.6413425  -2.131576    0.6512307 ]
[ 0.2719979  -0.26607317  0.5311716   0.81162184  1.9792706   0.01799355
 -0.38751388 -0.27569002 -0.6702286  -1.250806    0.23167017 -0.5402834
  0.3409844   0.6011048  -2.124146    0.68888086]
[ 0.13537183 -0.21800661  0.5355443   0.75655293  2.058515    0.01544812
 -0.45648164 -0.25351724 -0.6841011  -1.3070605   0.2682592  -0.525957
  0.4051915   0.6130743  -2.0506513   0.66798294]
[ 0.10650631 -0.17590472  0.48048878  0.7257954   2.1481347  -0.01201352
 -0.44217086 -0.30480486 -0.7132765  -1.3675582   0.3813942  -0.5867897
  0.45433697  0.6079787  -2.0066519   0.6649333 ]
[ 0.1561934  -0.12177591  0.41411638  0.71258223  2.1878579  -0.07355162
 -0.40469176 -0.39032322 -0.7628657  -1.460921    0.55389196 -0.72269976
  0.4488595   0.59896934 -1.9424524   0.7706784 ]
[ 0.27146873 -0.05404849  0.39363036  0.74879086  1.9939626  -0.10072267
 -0.24243617 -0.42569155 -0.8236909  -1.429822    0.55982554 -0.72095716
  0.3319617   0.7428442  -2.030792    0.74931526]
[ 0.17822298 -0.09801272  0.48422185  0.7932836   1.8895855   0.01508621
 -0.24830356 -0.38621354 -0.8012886  -1.3433244   0.36605352 -0.66015303
  0.39170164  0.74758273 -2.0293334   0.66248417]
[ 0.3114764  -0.17158982  0.4774948   0.7740515   1.8704264  -0.05812985
 -0.17946912 -0.44378766 -0.88529617 -1.3362427   0.41130632 -0.72428817
  0.42656103  0.78617364 -1.9896746   0.69213885]
[ 0.36096296 -0.30374408  0.55701363  0.8177805   1.8198855   0.05312741
 -0.18368241 -0.46169662 -0.90920573 -1.2061327   0.23673002 -0.64464283
  0.50395507  0.7490986  -2.0029309   0.5694684 ]
[ 0.22705814 -0.37319344  0.703648    0.7707349   1.8395741   0.22145967
 -0.3785637  -0.31509855 -0.7986983  -1.1332681  -0.00592483 -0.4826982
  0.53922683  0.6066197  -1.9610428   0.49424535]
[ 0.20452969 -0.29512098  0.6824323   0.72649765  1.9187534   0.14920054
 -0.39473653 -0.2799751  -0.7796557  -1.24351     0.11389418 -0.50966936
  0.47547907  0.578599   -1.9356363   0.5449257 ]
[ 0.11039527 -0.14068437  0.61039793  0.69240475  1.9471245   0.06731329
 -0.3956655  -0.28060862 -0.7626905  -1.4105351   0.27848318 -0.5718352
  0.42657375  0.6013233  -1.8703642   0.66014767]
[ 0.06860296 -0.09169188  0.5324889   0.65493864  2.0107982  -0.00521345
 -0.42936903 -0.27065164 -0.74025697 -1.521975    0.381769   -0.6442012
  0.43609446  0.53366226 -1.7617514   0.815187  ]
[ 0.19210212 -0.16642824  0.46103096  0.7505306   1.8932394  -0.09911497
 -0.2544748  -0.3418421  -0.81171036 -1.4535394   0.4098498  -0.7472577
  0.4330091   0.7364949  -1.917511    0.88376236]
[ 0.34857255 -0.2224575   0.48675385  0.8225009   1.7887897  -0.08774702
 -0.18578862 -0.35666686 -0.7999989  -1.3348038   0.31030148 -0.6928922
  0.33303994  0.7910509  -2.0756886   0.84065884]
[ 0.28566733 -0.32204106  0.6092285   0.83453655  1.7747576   0.07830624
 -0.34180063 -0.2524503  -0.6723076  -1.2082602   0.04537815 -0.5104632
  0.33763328  0.666105   -2.135861    0.77464277]
[ 0.17406668 -0.24177213  0.5377717   0.82748145  1.9108635   0.08362626
 -0.4792668  -0.21770084 -0.59292746 -1.2539507   0.1285071  -0.4511757
  0.2800589   0.6104221  -2.1292367   0.7777603 ]
[ 0.0888305  -0.14618549  0.44063574  0.79945487  2.032161    0.02804446
 -0.5368167  -0.19751108 -0.5481222  -1.3554523   0.28778693 -0.4554471
  0.23273847  0.6055732  -2.12406     0.81471175]
[-0.0211199  -0.05876493  0.36423704  0.8260419   2.119969    0.01541133
 -0.58383095 -0.26139194 -0.5459249  -1.4513358   0.4398663  -0.50749433
  0.27601525  0.60336494 -2.0944467   0.84712315]
[ 0.04095858 -0.12254567  0.27441028  0.9348362   2.1295717  -0.0179839
 -0.46655473 -0.3633901  -0.63024414 -1.4215004   0.5005368  -0.6396526
  0.33475915  0.74218404 -2.1508408   0.8215519 ]
[ 0.15362057 -0.15602729  0.2176791   1.0149586   2.0211935  -0.0419542
 -0.2862549  -0.41112804 -0.6937615  -1.3243446   0.47018313 -0.646829
  0.30568987  0.8879857  -2.276082    0.72772247]
[ 0.21129732 -0.1719174   0.29407102  1.0462371   1.9439398  -0.00812239
 -0.2555576  -0.3966347  -0.7366522  -1.2846993   0.37301874 -0.6042712
  0.2684998   0.8963168  -2.2835422   0.66910183]
[ 0.12835427 -0.16651067  0.4251171   1.0270321   1.8540853   0.06270185
 -0.3167153  -0.27361676 -0.6505505  -1.2671039   0.23256433 -0.5116112
  0.22268963  0.824393   -2.2983408   0.6681267 ]
[ 0.22780056 -0.10778272  0.44474506  0.96457833  1.7884467  -0.01326182
 -0.22569075 -0.3315519  -0.7320577  -1.3519621   0.35938507 -0.57485676
  0.19736557  0.8041018  -2.21361     0.72604907]
[ 0.15593979 -0.1248581   0.5438438   0.9113037   1.6905079   0.03560397
 -0.21862844 -0.25973734 -0.66322887 -1.2823759   0.22295809 -0.535076
  0.21535058  0.80089283 -2.224629    0.69273126]
[ 0.15922943 -0.16044962  0.6102233   0.81343997  1.7606428   0.03841886
 -0.2732307  -0.2643349  -0.6527103  -1.3334771   0.22366329 -0.5650266
  0.30167642  0.6820825  -2.1129558   0.73430294]
[ 0.31033936 -0.13118458  0.5539905   0.7561414   1.8314292  -0.04656656
 -0.25463575 -0.34457245 -0.679494   -1.3711979   0.35414323 -0.61735135
  0.23413067  0.68931055 -2.1273239   0.8065556 ]
[ 0.12961224 -0.07958099  0.62484807  0.74312454  1.8436435   0.14933166
 -0.4867669  -0.2013371  -0.51280916 -1.333744    0.13163981 -0.40174118
  0.19659194  0.5563744  -2.1059406   0.7111703 ]
[-0.03993001  0.11121354  0.4886673   0.72762185  2.0001402   0.11316655
 -0.6702801  -0.17081673 -0.41923618 -1.5210752   0.35082802 -0.383712
  0.14691417  0.46566716 -2.0406032   0.81140673]
[-0.11564108  0.14968115  0.40086928  0.77668786  2.074984    0.06335417
 -0.6892692  -0.20692746 -0.42362684 -1.5765964   0.49713725 -0.4598179
  0.13120309  0.51825947 -2.0768921   0.9086712 ]
[-0.07547881  0.07477228  0.349507    0.9118304   2.0977035   0.03984247
 -0.5967423  -0.3539914  -0.53020746 -1.5397325   0.57796144 -0.6064812
  0.17574705  0.6742409  -2.144837    0.91606504]
[-0.020838    0.01230964  0.36788058  0.96150476  2.030856    0.09548669
 -0.5446521  -0.39372104 -0.6057671  -1.4499813   0.5081194  -0.6107148
  0.2123892   0.7424346  -2.193506    0.85539293]
[ 0.06706814 -0.08868133  0.3880042   0.95328826  2.0148256   0.0939399
 -0.46747726 -0.40795904 -0.6709514  -1.3629773   0.44584066 -0.6291733
  0.26364696  0.7691401  -2.1953366   0.7909025 ]
[ 2.2821605e-01 -1.3005364e-01  3.8708076e-01  9.0529710e-01
  1.9390430e+00  6.1525404e-04 -2.8773785e-01 -4.2814884e-01
 -7.5170457e-01 -1.3141642e+00  4.4950432e-01 -6.3104206e-01
  2.5175762e-01  8.2186842e-01 -2.2289386e+00  7.4992508e-01]
[ 0.1312589  -0.08001423  0.4831086   0.8978898   1.8355806   0.04148297
 -0.31140167 -0.337835   -0.72829276 -1.324779    0.33077115 -0.5680459
  0.25226718  0.8620602  -2.2357943   0.7132307 ]
[ 0.04512722  0.01001067  0.503831    0.8183757   1.8615688   0.017066
 -0.32829884 -0.37980187 -0.79644346 -1.509639    0.4430583  -0.6508598
  0.36637706  0.83281934 -2.043765    0.7754278 ]
[ 0.04602335 -0.01844878  0.4562851   0.8553835   1.9029051   0.02750468
 -0.3517292  -0.42169666 -0.7913326  -1.5196192   0.46681175 -0.725752
  0.36855173  0.7944621  -1.9764503   0.85560405]
[ 0.1762319  -0.11141603  0.4805523   0.94735736  1.7790442   0.10024531
 -0.25291258 -0.4164854  -0.76745576 -1.3466336   0.31197488 -0.67655593
  0.27443957  0.8262504  -2.114982    0.75484836]
[ 0.3066085  -0.1517801   0.50156623  0.9441577   1.6294998   0.10167463
 -0.14500085 -0.34794647 -0.6770481  -1.1514022   0.15628505 -0.57932097
  0.12873691  0.868934   -2.3011951   0.6779546 ]
[ 0.31804413 -0.1568586   0.54597485  0.867799    1.6845446   0.08616191
 -0.19797559 -0.29364806 -0.6051936  -1.151369    0.12717624 -0.5182254
  0.12838721  0.7944468  -2.3225982   0.6538587 ]
[ 0.2428935  -0.03360818  0.51873624  0.8505081   1.8313318   0.06415675
 -0.28323245 -0.33768284 -0.5892981  -1.2509879   0.26318836 -0.5193858
  0.10792813  0.7494949  -2.2962215   0.6436554 ]
[ 0.18208334  0.10200109  0.47730708  0.7527516   2.0378692   0.03293174
 -0.42899966 -0.37400445 -0.59368366 -1.4543514   0.50717777 -0.5646063
  0.1176482   0.5929994  -2.1459594   0.72344637]
[ 0.05395116  0.12906858  0.41940254  0.70394677  2.189324    0.05669035
 -0.5876509  -0.34576574 -0.49849334 -1.5281767   0.6164433  -0.5690237
  0.12131768  0.47243223 -2.0618212   0.79533714]
[ 0.16010159  0.09913091  0.34539568  0.73011166  2.2086174  -0.0031511
 -0.49069542 -0.43525654 -0.5763704  -1.5260942   0.7422063  -0.67705166
  0.08442216  0.5449357  -2.0767817   0.83742654]
[ 0.16284962  0.09712303  0.35804158  0.6971556   2.1528852  -0.01478663
 -0.45958066 -0.38359624 -0.544702   -1.4940557   0.6808492  -0.6599055
  0.09516784  0.5516937  -2.1264915   0.85478085]
[ 0.34031287  0.03484596  0.33025354  0.6610344   2.150952   -0.13499555
 -0.27779344 -0.4699878  -0.70662177 -1.5350145   0.7760128  -0.82140005
  0.1759083   0.63460225 -2.0601513   0.8690138 ]
[ 0.33460087  0.00913236  0.3561942   0.59054965  2.1747406  -0.14114384
 -0.30094454 -0.46694583 -0.7418639  -1.5390784   0.7803302  -0.83143824
  0.25717196  0.5981122  -1.9866009   0.8737626 ]
[ 0.27333054 -0.03448183  0.3462215   0.56951576  2.2302322  -0.12530436
 -0.35148475 -0.46551904 -0.7582966  -1.515384    0.7685319  -0.8373119
  0.34495813  0.5867535  -1.93062     0.8650931 ]
[ 0.25638026 -0.02191741  0.34869778  0.5507302   2.236113   -0.11389066
 -0.36749882 -0.4693246  -0.7741498  -1.522913    0.7769555  -0.8241199
  0.37193307  0.6035129  -1.9214252   0.8362091 ]
[ 0.18163455 -0.01688283  0.36722994  0.5448096   2.2315183  -0.09756039
 -0.39834565 -0.45580253 -0.77741015 -1.528838    0.7593473  -0.8255453
  0.41742125  0.62092704 -1.8904215   0.83336604]
[ 0.2607741   0.03401881  0.35732427  0.57889354  2.1393836  -0.11117637
 -0.327825   -0.47913617 -0.79428804 -1.5580429   0.78750306 -0.81643105
  0.33507815  0.65130854 -1.9462744   0.8548578 ]
[ 0.27172595  0.07200243  0.39153466  0.59982896  1.9924021  -0.11727425
 -0.26508108 -0.4789183  -0.8201361  -1.5851789   0.76518714 -0.8265358
  0.2988622   0.7154237  -1.9386902   0.89240634]
[ 0.27819687  0.04481513  0.4580636   0.620313    1.833017   -0.11876108
 -0.19339745 -0.4794886  -0.8930782  -1.5799267   0.6971367  -0.85461265
  0.34850395  0.8094102  -1.9157765   0.91319275]
[ 0.32353097 -0.06296874  0.53475904  0.6996938   1.7179596  -0.07526495
 -0.1115232  -0.47266668 -0.9410494  -1.4872519   0.5237435  -0.8343279
  0.39987582  0.831061   -1.9402854   0.85998714]
[ 0.41106647 -0.09389234  0.5994078   0.6972      1.6194279  -0.03945195
 -0.08530746 -0.47335204 -0.9459225  -1.4289665   0.43475637 -0.8115222
  0.3496923   0.83497745 -1.9631655   0.8601142 ]
[ 0.36851424 -0.26123446  0.71439105  0.72724664  1.6338947   0.11033131
 -0.22634101 -0.3865869  -0.823995   -1.2713778   0.118584   -0.63027763
  0.4314372   0.66616666 -1.9536922   0.7449133 ]
[ 0.23377207 -0.19528928  0.60739195  0.73401976  1.7848883   0.05523604
 -0.33188373 -0.31495458 -0.7511692  -1.3484278   0.19871973 -0.5974491
  0.39131868  0.68328625 -1.9747527   0.79039603]
[ 0.0844309  -0.05935968  0.5076548   0.7323632   1.9504799   0.01884411
 -0.4548193  -0.2830451  -0.6575074  -1.4439615   0.3375105  -0.5663552
  0.27432045  0.66889817 -2.014637    0.8746235 ]
[ 0.0391885   0.03493341  0.37903422  0.8118741   2.033464    0.01498877
 -0.48075667 -0.3515636  -0.5857174  -1.4899445   0.5109833  -0.5981804
  0.17628585  0.67465514 -2.1162229   0.9174814 ]
[ 0.07837109  0.07236578  0.2650728   0.8541385   2.0999122  -0.01971842
 -0.4662214  -0.4264745  -0.5671011  -1.5327623   0.6762286  -0.68330014
  0.09533675  0.6848556  -2.1328082   0.9743856 ]
[ 0.04977803  0.05602464  0.26675668  0.876451    2.0760581   0.01694467
 -0.4801653  -0.39754057 -0.5498107  -1.4823469   0.6116329  -0.6529364
  0.11600618  0.7133073  -2.182134    0.9329588 ]
[ 0.0619974   0.00914705  0.26204938  0.93859196  1.9717486   0.03594256
 -0.39908624 -0.35072142 -0.51760757 -1.3664086   0.4825828  -0.61138976
  0.12633109  0.8439027  -2.3451228   0.82515967]
[ 0.21914563 -0.05867168  0.2817403   0.8805598   2.101765    0.00950737
 -0.36786848 -0.45456013 -0.6419545  -1.3732507   0.58452857 -0.701535
  0.21957055  0.76369333 -2.237306    0.73744565]
[ 0.32017124 -0.06862626  0.30302173  0.85497653  2.056305   -0.0327374
 -0.290745   -0.4434225  -0.69844973 -1.349273    0.58089536 -0.69469607
  0.16888687  0.77758485 -2.2490463   0.7270435 ]
[ 0.20789161 -0.02535134  0.41708022  0.8372858   1.9303774   0.00275897
 -0.3268052  -0.33206496 -0.63765675 -1.3575987   0.47851712 -0.5934783
  0.12828815  0.7830227  -2.2846823   0.7338596 ]
[ 0.14670794  0.06254383  0.41332904  0.7764348   1.9078648  -0.03977045
 -0.29002827 -0.3783555  -0.6827523  -1.4862028   0.6079043  -0.68006295
  0.1935017   0.7888754  -2.170361    0.79402   ]
[ 0.27030882  0.06439903  0.41727334  0.6961352   1.9065812  -0.09836338
 -0.18916702 -0.48722848 -0.8008731  -1.5504165   0.70069724 -0.8171178
  0.24473658  0.79524255 -2.061896    0.87604254]
[ 0.3044572  -0.01737467  0.49979553  0.69042236  1.8612902  -0.0709425
 -0.17825873 -0.48371658 -0.8577937  -1.4937239   0.59784544 -0.80264103
  0.31006175  0.765843   -2.0086117   0.84813535]
[ 0.30733678 -0.08633684  0.536002    0.7011016   1.8839384  -0.06214794
 -0.2508662  -0.45860243 -0.8534357  -1.4445816   0.54024255 -0.75619185
  0.3204472   0.7390703  -2.0035014   0.8515364 ]
[ 0.15982448 -0.1333858   0.63379437  0.74639904  1.8471857   0.05290568
 -0.35119098 -0.36997074 -0.80794126 -1.3931096   0.32131958 -0.59329325
  0.39235362  0.70142907 -1.9688066   0.723738  ]
[ 0.0343835   0.01728072  0.54395956  0.75290626  1.9006159   0.05825143
 -0.42429203 -0.35038    -0.7538039  -1.4876497   0.38586563 -0.5543578
  0.31678203  0.7016705  -1.9433273   0.76850337]
[-0.06148303  0.0974708   0.45547056  0.7471192   2.0484595   0.07623996
 -0.54582685 -0.35986608 -0.64896303 -1.5704318   0.49394837 -0.58379567
  0.27236447  0.59623206 -1.9065516   0.86082613]
[ 0.02757195  0.11602865  0.3798818   0.8165332   2.0831597   0.03598169
 -0.4991641  -0.45236856 -0.6120597  -1.5540428   0.64066297 -0.6742127
  0.13673683  0.6463728  -2.0224001   0.90236294]
[ 0.04045681  0.08582546  0.38095066  0.90037525  1.9736019   0.1089431
 -0.4495973  -0.42573014 -0.6114718  -1.4494963   0.5159645  -0.6254519
  0.10179255  0.75641996 -2.1590538   0.82488716]
[ 0.03179875  0.00914088  0.38915104  0.8797065   1.9543312   0.14787588
 -0.4641405  -0.33862677 -0.5760964  -1.3537285   0.35118228 -0.5679434
  0.19407192  0.741834   -2.1838708   0.75224054]
[ 0.30488637 -0.13782163  0.3650629   0.88208866  2.0100274   0.0518394
 -0.29585254 -0.46409506 -0.7356601  -1.251127    0.4080965  -0.66048145
  0.24116156  0.7987058  -2.232589    0.6772014 ]
[ 0.2412487  -0.15490401  0.40778646  0.8987349   1.9870851   0.07949858
 -0.34804088 -0.3591543  -0.6763323  -1.1940397   0.33271322 -0.5597342
  0.21870728  0.76991546 -2.2996643   0.614357  ]
[ 0.18196633 -0.08619343  0.4572853   0.81121254  1.9825871   0.01976648
 -0.34998506 -0.31804565 -0.672276   -1.3117967   0.40479907 -0.57852495
  0.23259792  0.7581676  -2.2312968   0.65903646]
[ 0.13401458  0.02391899  0.47239906  0.74588543  1.9337963  -0.03305108
 -0.30105048 -0.3705834  -0.7484915  -1.5021366   0.54999906 -0.68395585
  0.30399132  0.77269995 -2.0911431   0.75648844]
[ 0.22402127  0.07663368  0.46198058  0.6075513   1.9463775  -0.11404221
 -0.2709784  -0.44886976 -0.8194164  -1.6266587   0.7083728  -0.84522134
  0.3247959   0.7139515  -1.9010845   0.93188876]
[ 0.28203598 -0.02013592  0.5144283   0.6825965   1.8371775  -0.07730024
 -0.19509463 -0.44285965 -0.85406464 -1.5357949   0.5694283  -0.8239769
  0.34555238  0.7364189  -1.916671    0.8649787 ]
[ 0.39190692 -0.11192566  0.56156737  0.69134694  1.7894695  -0.06389759
 -0.16762874 -0.41320896 -0.8087988  -1.4056131   0.45860976 -0.7622218
  0.30485782  0.71992147 -2.0159714   0.79451406]
[ 0.36232105 -0.17865284  0.67768633  0.6783178   1.7998149   0.05127919
 -0.30141193 -0.30187586 -0.6780808  -1.3014822   0.19771215 -0.59871346
  0.32589155  0.558826   -2.0303135   0.70010394]
[ 0.22869894 -0.03666777  0.6065462   0.67756546  1.9278786   0.03101578
 -0.41594005 -0.28449318 -0.59959716 -1.4288023   0.31163204 -0.560728
  0.25188822  0.5542692  -2.024465    0.7259305 ]
[ 0.05158547  0.09897595  0.49264637  0.6411778   2.1179132   0.03056745
 -0.60868895 -0.24507196 -0.4759779  -1.5587702   0.49672836 -0.54411554
  0.16382262  0.44959188 -1.9543873   0.8134283 ]
[ 0.00415029  0.18171717  0.36975843  0.6793407   2.2152126   0.00832021
 -0.65302926 -0.30456734 -0.40842232 -1.615785    0.69943935 -0.6001787
  0.09457514  0.41653776 -2.0259795   0.9102069 ]
[ 0.08856865  0.11459768  0.31642932  0.766298    2.2072203  -0.00320353
 -0.5453246  -0.40414745 -0.50951993 -1.5484514   0.7513039  -0.6894148
  0.10617956  0.57792175 -2.1250827   0.8643613 ]
[ 0.12437712  0.03490696  0.35019046  0.7703481   2.2121325   0.03232138
 -0.5304297  -0.3866115  -0.52306354 -1.4694427   0.674183   -0.6800306
  0.19035855  0.5890794  -2.1722825   0.74664134]
[ 0.3060424  -0.01895412  0.3066987   0.7054021   2.2026904  -0.09153689
 -0.33606583 -0.46000394 -0.694021   -1.4503736   0.74863124 -0.7795049
  0.25504583  0.66724044 -2.1200352   0.7199246 ]
[ 0.30645508  0.03144644  0.37193346  0.6457335   2.1273408  -0.08202727
 -0.31144357 -0.46223918 -0.76373357 -1.51738     0.7548202  -0.76289517
  0.26840776  0.65964353 -2.0389514   0.734597  ]
[ 0.17654236  0.06049944  0.44895783  0.5881328   2.0597873  -0.08354902
 -0.32242402 -0.42803416 -0.79298747 -1.5773554   0.7132498  -0.7530933
  0.34716547  0.66308737 -1.9297874   0.7938832 ]
[ 0.24582887  0.12397666  0.41803312  0.5406833   1.9984634  -0.1446534
 -0.26485324 -0.48185438 -0.83044034 -1.6433052   0.81780833 -0.86928207
  0.29074258  0.716263   -1.8959007   0.948026  ]
[ 0.2968148   0.04990183  0.48010865  0.60383177  1.8939121  -0.09347256
 -0.19447431 -0.48009983 -0.8573842  -1.5660566   0.69288105 -0.84847564
  0.31085438  0.712978   -1.9064748   0.8717915 ]
[ 0.35207853 -0.05480652  0.509535    0.6484358   1.8518032  -0.09027235
 -0.16848747 -0.44924146 -0.8290245  -1.4605663   0.56534564 -0.83134574
  0.33960775  0.6755579  -1.9117358   0.8181173 ]
[ 0.3949573  -0.0850492   0.5588822   0.61999077  1.8515689  -0.06151928
 -0.2005136  -0.42317563 -0.7588075  -1.41946     0.46503052 -0.77753055
  0.34503764  0.62569934 -1.9295323   0.7582981 ]
[ 0.2466782  -0.04955067  0.6427849   0.6001395   1.8637173   0.04111556
 -0.3272977  -0.30656055 -0.64007586 -1.4006195   0.27416557 -0.61939555
  0.34315538  0.5491858  -1.9217875   0.6682817 ]
[ 0.10115238  0.10143305  0.50896174  0.57724464  2.1265635   0.01950454
 -0.5294804  -0.3096462  -0.53969765 -1.5307939   0.5082237  -0.6290858
  0.24103875  0.44011825 -1.9006408   0.7842088 ]
[ 0.08906395  0.16431394  0.40589562  0.64634407  2.207882    0.01348347
 -0.5450577  -0.35939485 -0.4499673  -1.5617421   0.6965887  -0.6429421
  0.09186725  0.4478075  -2.061547    0.8252579 ]
[ 0.22762024  0.18309169  0.3276205   0.64219916  2.187528   -0.05235072
 -0.40307242 -0.46610087 -0.542861   -1.5857223   0.86239433 -0.7593481
  0.0339222   0.5696919  -2.1047108   0.8471696 ]
[ 0.15188913  0.21073063  0.3741544   0.56914246  2.1657758  -0.03183413
 -0.44668764 -0.40363637 -0.47469273 -1.5933744   0.81808025 -0.7275734
  0.08427174  0.52588207 -2.0957084   0.8405401 ]
[ 0.3161928   0.20523211  0.3271473   0.48423028  2.1552677  -0.16082232
 -0.30263978 -0.50241935 -0.63962394 -1.6650155   0.98480815 -0.9213003
  0.1445401   0.6215855  -1.9855347   0.9070381 ]
[ 0.33854747  0.22636965  0.3565895   0.4006926   2.1385674  -0.16758904
 -0.29184714 -0.52145994 -0.69250613 -1.6748886   1.0202398  -0.94121855
  0.17784916  0.6359254  -1.9334952   0.89620227]
[ 0.33795342  0.21752588  0.37931663  0.38543367  2.1728706  -0.13337351
 -0.30970573 -0.5345004  -0.72265625 -1.6525033   1.0036606  -0.9205063
  0.21064854  0.5769249  -1.8953632   0.85082215]
[ 0.34077427  0.20513956  0.3897124   0.35554808  2.1891427  -0.1307248
 -0.325792   -0.5301256  -0.74733496 -1.6256253   1.0066507  -0.9164666
  0.23169644  0.5838075  -1.8712387   0.80985755]
[ 0.32762292  0.19958165  0.39274412  0.3476413   2.1642058  -0.13428944
 -0.31340042 -0.52754766 -0.77601117 -1.6211948   0.995457   -0.9140509
  0.26867664  0.61145437 -1.8530741   0.7967876 ]
[ 0.32613367  0.19633858  0.43732986  0.35739535  2.1176398  -0.12835482
 -0.30543998 -0.532145   -0.81372815 -1.6388823   0.96619636 -0.90727216
  0.2638904   0.62095    -1.8247974   0.8303318 ]
[ 0.34419543  0.20414281  0.47243148  0.38743562  2.0211532  -0.12978661
 -0.26280564 -0.53620154 -0.8464692  -1.6482866   0.9315777  -0.9133628
  0.2376534   0.65332586 -1.8280742   0.8802103 ]
[ 0.36740923  0.15659311  0.5186022   0.42953905  1.9637167  -0.10850887
 -0.22820425 -0.5267259  -0.8828939  -1.64199     0.84626496 -0.91879636
  0.26713783  0.65878075 -1.8274729   0.8939253 ]
[ 0.33995128  0.05826638  0.55232966  0.4843062   1.925506   -0.09878045
 -0.20221715 -0.5120217  -0.9178858  -1.6023476   0.76785064 -0.9191376
  0.3498348   0.68649924 -1.8106062   0.8636654 ]
[ 0.3217346   0.00408335  0.5874851   0.49364337  1.9081494  -0.09346063
 -0.20220768 -0.4775261  -0.9165934  -1.5663291   0.66413033 -0.9123665
  0.39450482  0.687239   -1.798384    0.87194383]
[ 0.27485424 -0.08574262  0.68700063  0.5074126   1.9608688  -0.0325211
 -0.27786908 -0.44814903 -0.8536817  -1.5338094   0.47582722 -0.8334769
  0.49688348  0.58594334 -1.748197    0.7893775 ]
[ 0.14897045  0.03136925  0.5218558   0.51040494  2.0834148  -0.08314472
 -0.42466193 -0.39870462 -0.7339053  -1.6130081   0.6433934  -0.8187784
  0.36275983  0.5667557  -1.7695519   0.944061  ]
[ 0.07087883  0.07104772  0.46791282  0.54552877  2.1138375  -0.02241792
 -0.5302823  -0.32018578 -0.5772123  -1.584082    0.6152383  -0.69348836
  0.25976127  0.47852197 -1.8566906   0.9330975 ]
[ 0.08580886  0.141525    0.3661905   0.6640855   2.0733871  -0.05521967
 -0.43723273 -0.39055577 -0.55086386 -1.6058697   0.7216822  -0.7209498
  0.18642244  0.59596336 -2.0350559   0.9311465 ]
[ 0.11227816  0.11198821  0.28490424  0.7094183   2.1087449  -0.0617253
 -0.3744021  -0.47529483 -0.5811962  -1.5917572   0.7995038  -0.8333429
  0.19725361  0.7056866  -2.0719478   0.9299463 ]
[ 0.17216466  0.09819196  0.2749196   0.71369934  2.1261702  -0.05031841
 -0.3356428  -0.4993264  -0.5891659  -1.5407751   0.80603343 -0.8286432
  0.15395746  0.706034   -2.1110213   0.87154305]
[ 0.27134842  0.11059745  0.30928162  0.66573447  2.0914598  -0.04095082
 -0.27800772 -0.52987945 -0.630719   -1.5087206   0.823331   -0.8227929
  0.12426478  0.739205   -2.1656234   0.8058977 ]
[ 2.4423981e-01  1.1673059e-01  3.5777026e-01  6.7985278e-01
  2.0529847e+00  1.5007637e-03 -2.7584299e-01 -5.1013291e-01
 -6.3416588e-01 -1.4693353e+00  7.6092911e-01 -7.5766218e-01
  1.3420528e-01  7.5531644e-01 -2.2198200e+00  7.2464108e-01]
[ 0.27338928  0.11790379  0.3232832   0.61046016  2.118896   -0.05509046
 -0.29669508 -0.54903924 -0.68571395 -1.5328109   0.8715555  -0.82318383
  0.19155082  0.72078073 -2.0965698   0.77418077]
[ 0.2545263   0.14351007  0.38932174  0.5859411   1.9944992  -0.06180477
 -0.22707209 -0.53945935 -0.75446576 -1.5596565   0.8358754  -0.8375719
  0.24323137  0.8159852  -2.084628    0.76402026]
[ 0.30725712  0.16176577  0.41017038  0.5015825   1.9625908  -0.11239044
 -0.22454758 -0.5546983  -0.81446    -1.6170975   0.8810293  -0.920286
  0.2708179   0.7717926  -1.949954    0.8935496 ]
[ 0.34383735  0.09694839  0.43634     0.57520926  1.882878   -0.08146091
 -0.1615122  -0.5413786  -0.81314486 -1.5394198   0.78209543 -0.9015428
  0.25404757  0.7674122  -1.9928234   0.8579671 ]
[ 0.40048432  0.03889626  0.47574657  0.6675742   1.7495311  -0.0415367
 -0.05611806 -0.52761614 -0.8140465  -1.4583415   0.6599549  -0.8825452
  0.24278231  0.8224684  -2.0760353   0.7606219 ]
[ 0.51166916  0.00931178  0.5628115   0.6108675   1.6538441  -0.06171143
  0.05130511 -0.5259047  -0.8765832  -1.4037004   0.57264656 -0.8897492
  0.28778     0.86710787 -2.0823638   0.67147136]
[ 0.4927047   0.00652528  0.5735669   0.57524824  1.7537702  -0.04632918
 -0.02142527 -0.51949906 -0.83287984 -1.404726    0.55981153 -0.8743065
  0.29180345  0.8099071  -2.0739002   0.66912353]
[ 0.40555102 -0.02418653  0.5717131   0.5846602   1.9190712  -0.01861206
 -0.16264558 -0.4914194  -0.76383847 -1.3990619   0.5410253  -0.80819654
  0.31140518  0.7122703  -2.0601797   0.6412228 ]
[ 0.3253637   0.061552    0.5106209   0.57778364  2.0290253  -0.02715755
 -0.26910025 -0.4701109  -0.70784926 -1.4892948   0.6480694  -0.77356505
  0.23282056  0.6389505  -2.039558    0.7143906 ]
[ 0.23584405  0.09969487  0.40882945  0.57992166  2.124438   -0.05290647
 -0.36823645 -0.44551086 -0.62750113 -1.5615703   0.754824   -0.7755545
  0.20619957  0.5736033  -2.0128055   0.82665366]
[ 0.2970887   0.17820324  0.36328664  0.5762273   2.0151973  -0.09469075
 -0.24990316 -0.48221645 -0.64176834 -1.5961503   0.8546281  -0.833732
  0.12631662  0.7054434  -2.0892246   0.83710355]
[ 0.33856803  0.15783009  0.35247946  0.5032859   1.9967905  -0.14763089
 -0.20517163 -0.5134631  -0.70007515 -1.6208389   0.9065896  -0.947085
  0.21409753  0.74358493 -2.0054295   0.8940212 ]
[ 0.37340507  0.12115295  0.4017189   0.45892382  2.013469   -0.13981682
 -0.19737379 -0.5216843  -0.7453784  -1.5869935   0.8758006  -0.9558053
  0.26973182  0.7156746  -1.9714344   0.8543598 ]
[ 0.43567485  0.08500521  0.4387075   0.4679245   2.048228   -0.10929538
 -0.2042381  -0.53164166 -0.7702088  -1.5113716   0.84550726 -0.9258984
  0.25117275  0.68604684 -2.0100129   0.76635915]
[ 0.47422537  0.07511401  0.50915754  0.4851388   2.0273633  -0.07670864
 -0.17835961 -0.50039566 -0.79013526 -1.4446104   0.75577664 -0.84427464
  0.22125272  0.6547006  -2.0499141   0.6394462 ]
[ 0.41664872  0.15971592  0.46462694  0.4292717   2.0312672  -0.1102879
 -0.20124912 -0.5121175  -0.8150198  -1.5380049   0.86869824 -0.8594532
  0.23914322  0.69039214 -1.9911776   0.6873247 ]
[ 0.3124329   0.19836831  0.4601608   0.39406747  2.039187   -0.11504611
 -0.24354067 -0.53523725 -0.8159567  -1.599118    0.90330684 -0.8769534
  0.3024673   0.7002777  -1.8996649   0.7376619 ]
[ 0.28918654  0.1728483   0.4465273   0.3744585   2.0527549  -0.12115208
 -0.28865296 -0.5684413  -0.8550949  -1.6128857   0.9402417  -0.9405345
  0.3436969   0.7288221  -1.8277012   0.8311709 ]
[ 0.3250386   0.06202042  0.49899355  0.42777267  2.0194128  -0.09155969
 -0.24204962 -0.5870646  -0.95121574 -1.5223871   0.83408624 -0.9443613
  0.42137823  0.7612275  -1.8172172   0.7681398 ]
[ 0.39836574 -0.03451308  0.5554864   0.49080887  1.971775   -0.07127802
 -0.19978324 -0.5660771  -1.0005591  -1.4552729   0.71483374 -0.910844
  0.42158183  0.7337532  -1.812937    0.72497827]
[ 0.43198925 -0.05803486  0.65522224  0.5537532   1.7535546  -0.03729434
 -0.08171133 -0.5232383  -1.017698   -1.4317825   0.5547787  -0.8635076
  0.45040852  0.77674997 -1.8295908   0.623658  ]
[ 0.36627626 -0.03816039  0.6797891   0.53219557  1.7253153  -0.03143838
 -0.09466847 -0.47956148 -0.99289274 -1.493222    0.50463265 -0.86625636
  0.48649496  0.7322662  -1.7391589   0.66897523]
[ 0.20831326 -0.04190248  0.6296898   0.47609276  1.893768   -0.02298546
 -0.23705575 -0.4119231  -0.9124409  -1.5380512   0.4938383  -0.8764369
  0.50934064  0.6406473  -1.6493524   0.8056744 ]
[ 0.259088   -0.01963839  0.6018707   0.49043313  1.9149258  -0.08869497
 -0.23389268 -0.42861825 -0.8719289  -1.5125028   0.54523176 -0.91230726
  0.4372663   0.7520311  -1.8112004   0.84535486]
[ 0.5258803  -0.10706711  0.6061222   0.59880507  1.8131168  -0.02192578
 -0.12581392 -0.4561718  -0.79530066 -1.3255832   0.42919382 -0.75258815
  0.2896038   0.71702784 -2.096978    0.66009563]
[ 0.42332393 -0.08767382  0.5464202   0.6251391   1.9432018  -0.03987626
 -0.26465482 -0.38511905 -0.7105834  -1.3610141   0.46789747 -0.670838
  0.25548184  0.6109243  -2.0781307   0.6853716 ]
[ 0.24931026 -0.04014055  0.49946246  0.64783084  2.0828385  -0.02763492
 -0.41849214 -0.3154541  -0.62839115 -1.4229053   0.4853539  -0.6076852
  0.23584612  0.54242754 -2.0424771   0.7229997 ]
[ 0.11931679  0.02658238  0.4213675   0.5962139   2.187751   -0.06686994
 -0.488453   -0.3224686  -0.5885493  -1.5354184   0.63285315 -0.6560115
  0.2826789   0.50801384 -1.9720967   0.82138854]
[ 0.17360462  0.03347246  0.34357893  0.6344706   2.1925557  -0.11583457
 -0.39155823 -0.4545973  -0.6882421  -1.5561305   0.77126896 -0.80197334
  0.3216948   0.62625474 -1.9710846   0.84909284]
[ 0.29714626  0.01581582  0.35301638  0.67560494  2.0545504  -0.10343237
 -0.23123094 -0.5121881  -0.7967578  -1.466623    0.72692794 -0.82074976
  0.31318894  0.7844866  -2.0740817   0.7467782 ]
[ 0.3602354  -0.02251101  0.43380255  0.62442446  2.0661316  -0.08886521
 -0.24574864 -0.500899   -0.8539894  -1.4524847   0.67365515 -0.81645596
  0.3275392   0.6923429  -1.9910877   0.75659066]
[ 0.37169924 -0.01323139  0.4609782   0.66282445  1.9979532  -0.06844453
 -0.23557524 -0.46669793 -0.8355169  -1.4382881   0.6222688  -0.76080906
  0.26967883  0.6723679  -2.0080104   0.73091185]
[ 0.2758876   0.00528415  0.55191886  0.6575077   1.9254233  -0.02336965
 -0.25331667 -0.3985263  -0.79805976 -1.4413439   0.5047084  -0.71165216
  0.29237658  0.6528274  -1.9729      0.69538224]
[ 0.274024   -0.00451543  0.5033611   0.6136732   1.9244674  -0.07276263
 -0.2112933  -0.4311892  -0.8250829  -1.4820627   0.5659459  -0.79432917
  0.38157377  0.7181989  -1.9522682   0.7559347 ]
[ 0.31550676 -0.03187453  0.46446028  0.56966335  1.997665   -0.10686664
 -0.22601041 -0.47496432 -0.8694068  -1.4859129   0.6275805  -0.8581692
  0.416334    0.7271884  -1.893218    0.79305565]
[ 0.30744892 -0.12968841  0.5188722   0.5750635   2.0844846  -0.0828179
 -0.3042181  -0.4407751  -0.8377037  -1.4161781   0.52969223 -0.8249415
  0.44136485  0.68695956 -1.9163911   0.77246034]
[ 0.3123526  -0.12256648  0.6140343   0.6642272   2.0044928   0.03642551
 -0.35426846 -0.35803682 -0.7082634  -1.3497117   0.3800647  -0.61508644
  0.3144989   0.54556507 -2.024388    0.61875415]
[ 0.20471887 -0.0102581   0.54047155  0.6076973   2.0560546  -0.00802017
 -0.42378464 -0.3241961  -0.65716827 -1.4821813   0.5175293  -0.62910205
  0.27315322  0.53141993 -1.9508235   0.7171923 ]
[ 0.13283415  0.04831835  0.46065974  0.55705994  2.1257803  -0.0617821
 -0.47580343 -0.3161679  -0.62284726 -1.6046116   0.63183767 -0.6974151
  0.31768972  0.46267834 -1.8466743   0.8569595 ]
[ 0.20196553  0.01292993  0.41923013  0.6089377   2.063232   -0.11814902
 -0.33416495 -0.42152804 -0.72467273 -1.5771759   0.6902126  -0.83744013
  0.35585052  0.65413177 -1.9233086   0.89826363]
[ 0.32195553 -0.01727511  0.41535178  0.6311543   1.9848515  -0.12685849
 -0.22502518 -0.44808236 -0.7696828  -1.4883039   0.6337112  -0.8492238
  0.3268041   0.72374076 -1.9985476   0.8522972 ]
[ 0.43238872 -0.08085609  0.45554647  0.66611516  1.9504368  -0.10365854
 -0.19022644 -0.4542675  -0.7863418  -1.4095097   0.5793935  -0.8011969
  0.28163457  0.7494812  -2.0928855   0.7661831 ]
[ 3.3072835e-01 -1.4093646e-01  5.3766525e-01  6.9285238e-01
  1.9811165e+00  4.8798323e-05 -3.0533805e-01 -3.7417537e-01
 -6.9882447e-01 -1.3269715e+00  4.1862020e-01 -6.4991188e-01
  3.0947432e-01  6.0568297e-01 -2.0813191e+00  6.6005361e-01]
[ 0.23135081 -0.05503524  0.48967332  0.6341254   2.0714676  -0.0428952
 -0.36769897 -0.37934667 -0.69748557 -1.4189917   0.5466579  -0.6640178
  0.31594846  0.61386126 -2.0389867   0.7225404 ]
[ 0.16623679 -0.0129066   0.4414947   0.6084555   2.113752   -0.06465639
 -0.3749139  -0.41046375 -0.73380685 -1.4742174   0.62438506 -0.71206635
  0.38652954  0.6521253  -1.9856055   0.73802555]
[ 0.23815198  0.02145614  0.3852055   0.5737987   2.1455305  -0.10059977
 -0.3464659  -0.49875218 -0.79840434 -1.5172132   0.7622692  -0.83776295
  0.39940605  0.6857147  -1.9373455   0.78914297]
[ 0.27994817  0.01625435  0.42269248  0.6040723   2.062507   -0.08588167
 -0.27286834 -0.5121942  -0.8627001  -1.4734795   0.6988651  -0.8240598
  0.38892952  0.71355116 -1.9255002   0.73281443]
[ 0.37201652  0.0520812   0.5038061   0.6058103   1.8792484  -0.05465218
 -0.1571064  -0.5278689  -0.92628384 -1.4427344   0.6327861  -0.80511534
  0.32951456  0.7837368  -1.9565159   0.67231977]
[ 0.36035377 -0.05849529  0.6285702   0.693261    1.789545    0.06570525
 -0.14770128 -0.492311   -0.91999185 -1.3313724   0.39162523 -0.7320841
  0.38173303  0.73578566 -1.9460347   0.53850305]
[ 0.4394888  -0.11257704  0.5938379   0.6567539   1.8122437  -0.02111204
 -0.12572388 -0.5082409  -0.9626934  -1.3569212   0.48041835 -0.810449
  0.38926664  0.7540204  -1.9067132   0.63708276]
[ 0.4209389  -0.29486266  0.7476593   0.66560996  1.779769    0.13777299
 -0.18792139 -0.4623061  -0.92678297 -1.1908023   0.19158836 -0.6744813
  0.5220965   0.6347014  -1.8879015   0.47728544]
[ 0.346296   -0.33913374  0.72302693  0.6455037   1.920166    0.11596985
 -0.29400885 -0.43575126 -0.9073725  -1.2163916   0.20113754 -0.6825787
  0.60920656  0.57451266 -1.8349898   0.5284964 ]
[ 0.2726403  -0.25136775  0.64287335  0.57708     2.0582447   0.05619562
 -0.37625727 -0.41767225 -0.88322735 -1.3170507   0.3600503  -0.7191832
  0.5998154   0.52706474 -1.7502569   0.5780277 ]
[ 0.16678241 -0.09839548  0.552816    0.52457905  2.1213493   0.00270056
 -0.43493167 -0.37952244 -0.8126265  -1.4627526   0.512338   -0.72369707
  0.5073203   0.49669322 -1.7213609   0.7117208 ]
[ 0.1424536   0.01559228  0.5046283   0.46145964  2.1046243  -0.05479966
 -0.40452775 -0.39792407 -0.8113577  -1.5507238   0.64128035 -0.7887432
  0.4369615   0.56982476 -1.712632    0.8109603 ]
[ 0.21720204  0.05146028  0.42845336  0.52748454  1.9738382  -0.1252734
 -0.27790946 -0.46090716 -0.83905286 -1.5769825   0.72275686 -0.8899611
  0.39981478  0.74010074 -1.8261017   0.9043273 ]
[ 0.36551094 -0.0320295   0.4709367   0.65091693  1.8380497  -0.10660225
 -0.1271806  -0.4910027  -0.90562725 -1.4702017   0.60170877 -0.86551505
  0.34530565  0.8146227  -1.9484854   0.8249974 ]
[ 0.43175173 -0.14696355  0.57596433  0.7151124   1.7957455  -0.0111654
 -0.1235979  -0.5037123  -0.9170221  -1.3629203   0.44867158 -0.77933913
  0.35896173  0.7528353  -1.991244    0.7169837 ]
[ 0.3737513  -0.24911706  0.659769    0.71524537  1.8463618   0.0747618
 -0.25713527 -0.42401004 -0.81438905 -1.2630272   0.26803482 -0.65955544
  0.4141943   0.6132134  -1.9895232   0.64905405]
[ 0.24271898 -0.20717259  0.60330373  0.6709892   1.9620873   0.04099094
 -0.33581367 -0.38543612 -0.7986332  -1.3337686   0.34724456 -0.66218656
  0.44823807  0.61237377 -1.9378618   0.69265354]
[ 0.11667188 -0.06128196  0.512941    0.6314089   2.030376   -0.00726406
 -0.38915324 -0.4079712  -0.80091393 -1.4567184   0.4970824  -0.6802734
  0.44858876  0.65555346 -1.8725767   0.7473461 ]
[ 0.08503707  0.0046936   0.42134744  0.57219946  2.1482856  -0.0296446
 -0.44124636 -0.44439244 -0.7872397  -1.5131419   0.6322533  -0.74421626
  0.43356267  0.6170675  -1.8255131   0.8387682 ]
[ 0.18427512  0.08367576  0.3438347   0.6570508   2.0591831  -0.06314216
 -0.32378715 -0.5106435  -0.80760705 -1.5119283   0.713124   -0.80002034
  0.32344085  0.7760172  -1.9785335   0.8225446 ]
[ 0.28676575  0.07191651  0.38042423  0.74689656  1.9289287  -0.02890608
 -0.22402763 -0.52596635 -0.8511176  -1.4262428   0.62291896 -0.76626265
  0.2536344   0.8402748  -2.0822968   0.73755854]
[ 0.2664701   0.01036511  0.48106995  0.8742997   1.8250506   0.1150853
 -0.22294243 -0.47620028 -0.7916213  -1.2813212   0.40290672 -0.651634
  0.20179768  0.80071867 -2.1747766   0.5801159 ]
[ 0.4081348  -0.07697203  0.5282618   0.7997128   1.8513781   0.07285897
 -0.18223092 -0.5146278  -0.854819   -1.2914207   0.4318834  -0.7263025
  0.2524787   0.7158462  -2.035241    0.5795842 ]
[ 0.40514326 -0.19476667  0.62672067  0.7886183   1.816045    0.11880658
 -0.20308013 -0.4374443  -0.7979049  -1.1796505   0.24525876 -0.64472663
  0.30360097  0.6711464  -2.089997    0.5275854 ]
[ 0.3459943  -0.15903828  0.67985135  0.63657856  1.9795916   0.07216464
 -0.31522614 -0.42617783 -0.8150431  -1.3221519   0.36496764 -0.6643341
  0.40127063  0.5329255  -1.9178722   0.5624746 ]
[ 0.2289749  -0.13166699  0.61255574  0.55742246  2.1437154   0.02282531
 -0.40851322 -0.41090602 -0.7999996  -1.3929784   0.4804767  -0.7061521
  0.46808356  0.50079197 -1.8407772   0.6347851 ]
[ 0.13364425 -0.07286504  0.5164781   0.4775196   2.2518578  -0.02380942
 -0.4894094  -0.38767964 -0.77618754 -1.5193183   0.62835765 -0.7520775
  0.48898536  0.43776426 -1.7074625   0.7579484 ]
[ 0.16415401  0.06782991  0.42921495  0.39922753  2.2036486  -0.13741577
 -0.4441103  -0.42715615 -0.8078945  -1.6587995   0.835436   -0.88189876
  0.39684105  0.5398621  -1.6637138   0.9559603 ]
[ 0.13866508  0.09549949  0.44582424  0.4344112   2.1039035  -0.14177832
 -0.41044822 -0.4014883  -0.7649325  -1.6695168   0.7966114  -0.8707237
  0.35589695  0.595003   -1.7274834   0.9929781 ]
[ 0.28780916  0.07256702  0.4016363   0.5520357   1.9484587  -0.14716844
 -0.23127647 -0.4485647  -0.7816842  -1.5886948   0.74795365 -0.86284333
  0.29359686  0.72535354 -1.9380105   0.93818456]
[ 0.35388038 -0.02907308  0.4345545   0.6074056   1.932739   -0.12577663
 -0.18360028 -0.45775324 -0.82250834 -1.4813068   0.61739    -0.85536814
  0.32666355  0.7576767  -1.9595772   0.8516027 ]
[ 0.40345192 -0.14312401  0.50468624  0.64761984  1.9742281  -0.06834681
 -0.24709399 -0.42716184 -0.77198523 -1.3845835   0.49370623 -0.76124316
  0.3215173   0.6613809  -2.0319989   0.7920152 ]
[ 0.30059397 -0.16382676  0.5720273   0.6878779   1.9602331   0.00448278
 -0.36726177 -0.33583885 -0.68258715 -1.336889    0.3564407  -0.5960404
  0.3352848   0.5855406  -2.0472045   0.6870531 ]
[ 0.14688829 -0.07315852  0.49591884  0.66518164  2.0733485  -0.01289133
 -0.45884013 -0.3296913  -0.6718009  -1.4394977   0.46469706 -0.5809205
  0.3519578   0.5985619  -1.9960957   0.7289684 ]
[ 0.04452382 -0.00587417  0.41111916  0.6490103   2.2026694  -0.00490256
 -0.555568   -0.32861227 -0.63292253 -1.5342638   0.56511134 -0.6028406
  0.38680646  0.5126677  -1.918552    0.77745473]
[ 0.17551644 -0.01864204  0.33950222  0.7236965   2.1639366  -0.05804192
 -0.40899315 -0.43846685 -0.69851243 -1.5107281   0.66298014 -0.75481087
  0.33325103  0.65062726 -2.0120585   0.8168222 ]
[ 0.30988663 -0.03267793  0.33294976  0.81895196  1.9813626  -0.0710174
 -0.22534108 -0.46013904 -0.7439168  -1.4281648   0.5933614  -0.7378132
  0.23541062  0.76880234 -2.1254847   0.74766123]
[ 0.3394606  -0.06664493  0.42084664  0.79096884  1.88563    -0.06195511
 -0.17401528 -0.44487923 -0.79064023 -1.3854288   0.51328397 -0.7257973
  0.25265637  0.7851171  -2.0992417   0.7230574 ]
[ 0.35996422 -0.19336219  0.5272374   0.7758685   1.8467995  -0.00985953
 -0.1903722  -0.4061551  -0.814295   -1.283757    0.3298952  -0.6655984
  0.36830184  0.7408365  -2.072835    0.6463913 ]
[ 0.3965562  -0.2901879   0.5077542   0.80647564  1.9429985  -0.02822364
 -0.24203375 -0.41660976 -0.81426775 -1.2504123   0.3303434  -0.6401278
  0.3988664   0.69326615 -2.0934873   0.65670234]
[ 0.22650151 -0.32989827  0.61875457  0.7533227   2.0289605   0.11749908
 -0.44166222 -0.29296643 -0.72432977 -1.1893332   0.1645683  -0.5197915
  0.46285114  0.54759604 -2.0235538   0.55661935]
[ 0.17468831 -0.22546336  0.5626639   0.7056717   2.0846968   0.05267513
 -0.42396745 -0.3043237  -0.75309336 -1.3176241   0.31388098 -0.58312404
  0.46049517  0.56004715 -1.9527476   0.6032924 ]
[ 0.16545597 -0.09420619  0.4751648   0.63860226  2.079087   -0.02465916
 -0.37605897 -0.33091918 -0.7641261  -1.443994    0.46169084 -0.65602124
  0.41285095  0.60435605 -1.8750741   0.69096637]
[ 0.18809375 -0.05402676  0.41297016  0.5988766   2.0676951  -0.12057494
 -0.35061058 -0.35464364 -0.7653052  -1.5188059   0.5762309  -0.7619077
  0.4035266   0.636541   -1.85114     0.86173993]
[ 0.32894912 -0.15410581  0.42482176  0.7411896   1.9139315  -0.14623404
 -0.18681826 -0.38871893 -0.82868415 -1.385747    0.46815258 -0.7603359
  0.37321058  0.7924417  -2.0383      0.81111825]
[ 0.42185387 -0.26392907  0.5144958   0.7895152   1.8835192  -0.0450132
 -0.1979281  -0.4068083  -0.8323631  -1.2643089   0.30970106 -0.6783352
  0.3867411   0.7278664  -2.073505    0.6884322 ]
[ 0.34535608 -0.38666663  0.63554084  0.80316716  1.8548043   0.085629
 -0.33219016 -0.29934528 -0.7514098  -1.1576954   0.07771198 -0.542998
  0.44607916  0.61035144 -2.0585063   0.6273219 ]
[ 0.24914932 -0.36724746  0.61769146  0.73263997  1.9291608   0.06489028
 -0.42224088 -0.22210017 -0.7200487  -1.2081722   0.10484401 -0.5165747
  0.49675456  0.55871487 -1.9631646   0.6236995 ]
[ 0.1467304  -0.24289699  0.55447143  0.66527283  2.0303488   0.01019664
 -0.4188695  -0.23462188 -0.7393548  -1.3098074   0.21622102 -0.53523123
  0.5093812   0.6013838  -1.9248629   0.6321192 ]
[ 0.08970251 -0.18511772  0.53857535  0.6344794   2.1412942  -0.02199378
 -0.46816915 -0.2443277  -0.74177206 -1.4090962   0.3138304  -0.58676165
  0.51629823  0.553496   -1.8362541   0.6686517 ]
[ 0.22499008 -0.17946467  0.45069328  0.76698965  2.0950196  -0.07844086
 -0.3474177  -0.34236327 -0.7487091  -1.4115752   0.43187642 -0.7120854
  0.43347368  0.639811   -1.9904025   0.73064566]
[ 0.36162215 -0.14281411  0.43648806  0.8139059   1.9030756  -0.09749597
 -0.19236077 -0.37029818 -0.78585535 -1.3516973   0.422515   -0.68936074
  0.28259867  0.7469717  -2.0983682   0.72356   ]
[ 0.2809189  -0.18833157  0.5433699   0.816531    1.8601532   0.02760164
 -0.26117536 -0.29307994 -0.70590323 -1.2648884   0.22735325 -0.6053537
  0.2900223   0.6809274  -2.1127162   0.66566896]
[ 0.35960287 -0.25019923  0.5516652   0.8159789   1.8750312   0.04072277
 -0.26586303 -0.30805826 -0.6913379  -1.233351    0.18874946 -0.610104
  0.32738525  0.62424815 -2.115764    0.65148765]
[ 0.4821237  -0.30474335  0.5133209   0.76807845  1.9379089  -0.07240587
 -0.24695763 -0.3292398  -0.70575345 -1.2476223   0.30131066 -0.63953114
  0.30754566  0.6111859  -2.1254973   0.7099222 ]
[ 0.29327765 -0.31347996  0.59775895  0.6976786   2.0193958   0.0135602
 -0.46614522 -0.19446106 -0.6085826  -1.2387749   0.19804938 -0.52655494
  0.37007862  0.48399478 -2.0301852   0.6633217 ]
[ 0.21130463 -0.18343788  0.52287686  0.64638805  2.1187396  -0.04475787
 -0.48666415 -0.2162281  -0.6296961  -1.3945719   0.36798543 -0.5618946
  0.36176854  0.49886304 -1.9796026   0.73129594]
[ 0.13128522 -0.11470817  0.46826142  0.5689066   2.2214873  -0.10294954
 -0.52978384 -0.22492413 -0.6284001  -1.5245926   0.52475595 -0.63092303
  0.36061773  0.45937833 -1.8566809   0.8451079 ]
[ 0.1944939  -0.04072213  0.370071    0.6575789   2.173877   -0.15425758
 -0.41968542 -0.33687764 -0.6435827  -1.5879529   0.6865391  -0.75472194
  0.28287238  0.546875   -1.9724725   0.96759355]
[ 0.28728008  0.00471333  0.3424775   0.6665675   2.018927   -0.1934689
 -0.26841027 -0.37982208 -0.7044813  -1.5716445   0.7037978  -0.7838169
  0.21406397  0.68074065 -2.0503223   1.0041264 ]
[ 0.31230712 -0.03100237  0.37779444  0.69783974  1.9522865  -0.16404918
 -0.23603639 -0.38405377 -0.73536366 -1.5210392   0.6087288  -0.7632517
  0.24010019  0.70719826 -2.0636568   0.9721874 ]
[ 0.32526773 -0.12886916  0.3987414   0.75219476  1.9819205  -0.15085135
 -0.26553708 -0.367402   -0.7167279  -1.431267    0.49451208 -0.7286104
  0.26534304  0.7000325  -2.0953324   0.9354169 ]
[ 0.31451422 -0.16241018  0.38904095  0.80802363  2.0110655  -0.12850827
 -0.33082563 -0.33519584 -0.6892208  -1.3789351   0.4558908  -0.64572394
  0.22026412  0.70637465 -2.152944    0.88535273]
[ 0.09900828 -0.16103652  0.43661404  0.831525    2.0606258   0.02754275
 -0.5404086  -0.19684868 -0.54401577 -1.3196207   0.2572116  -0.46301994
  0.23917036  0.6100544  -2.1629288   0.79208624]
[ 0.01131148 -0.1075594   0.37925965  0.84181464  2.153079    0.01277185
 -0.57992464 -0.24342653 -0.542546   -1.402972    0.40347394 -0.48872095
  0.27517626  0.6171566  -2.1600814   0.79626405]
[ 3.4753188e-02 -6.8643272e-02  3.0671197e-01  8.8711959e-01
  2.2090607e+00 -2.1902069e-03 -5.3347737e-01 -3.8332847e-01
 -6.2601727e-01 -1.4711326e+00  5.8348972e-01 -6.1512601e-01
  3.1807622e-01  6.5726554e-01 -2.1314850e+00  7.9934388e-01]
[ 0.05617426 -0.10487385  0.32183218  0.9169628   2.1379378   0.00351774
 -0.47778925 -0.38173467 -0.6815213  -1.4554956   0.52340794 -0.6411762
  0.35715812  0.7026893  -2.0977569   0.78520525]
[ 0.22160764 -0.12236631  0.32671136  0.92753613  1.9391787  -0.04405633
 -0.26749796 -0.40045127 -0.7638106  -1.3905092   0.4601644  -0.67052
  0.30222446  0.8339327  -2.1581848   0.77029145]
[ 0.26573217 -0.17106122  0.4060553   0.93669206  1.8431603  -0.04755824
 -0.21010399 -0.3671103  -0.77124393 -1.3448021   0.3637196  -0.66896087
  0.2878496   0.81979287 -2.1445491   0.7662141 ]
[ 0.34950712 -0.2174304   0.47634307  0.91311586  1.7364935  -0.03087539
 -0.1461376  -0.351602   -0.76755655 -1.2734585   0.2767662  -0.64813036
  0.26075548  0.818648   -2.1665292   0.73199147]
[ 0.27783623 -0.2832411   0.60082984  0.8356927   1.7340717   0.07035808
 -0.27125543 -0.2522905  -0.6795255  -1.2088549   0.07644466 -0.5499481
  0.335925    0.7131866  -2.1395946   0.70150226]
[ 0.25697935 -0.33518523  0.596832    0.8320152   1.8282137   0.08328849
 -0.39900905 -0.20623478 -0.6268222  -1.1688341   0.02143352 -0.48350495
  0.37828016  0.64801615 -2.1563938   0.6916542 ]
[ 0.24898095 -0.2521893   0.5278009   0.8432142   1.944772    0.05324345
 -0.43012327 -0.22100958 -0.61204565 -1.2307905   0.12549846 -0.47727028
  0.30364054  0.6276321  -2.1742775   0.68475217]
[ 0.11541939 -0.13861725  0.48651966  0.78915715  2.0356119   0.04044857
 -0.52864575 -0.1505893  -0.5394748  -1.3578593   0.23537903 -0.4324459
  0.23515907  0.5879958  -2.1203942   0.70613974]
[ 0.01723229 -0.03458368  0.4358832   0.74630386  2.119843   -0.01193794
 -0.5915027  -0.1580258  -0.47671193 -1.4982939   0.41988358 -0.4912862
  0.22125916  0.5199903  -2.0730128   0.8221551 ]
[ 0.05074353 -0.06598531  0.37281638  0.8760729   2.1094632  -0.06418817
 -0.48654348 -0.2964176  -0.5700003  -1.498441    0.5367859  -0.6202213
  0.24377534  0.6336777  -2.1227958   0.86789405]
[ 0.15350303 -0.1286746   0.3811737   0.89061135  2.0471854  -0.0494252
 -0.3901307  -0.3250266  -0.62312    -1.415726    0.45856372 -0.63825095
  0.2568739   0.65740067 -2.1426914   0.83330965]
[ 0.3263973  -0.22434306  0.41370067  0.88899595  1.9533116  -0.09142211
 -0.234543   -0.34134957 -0.6900408  -1.3204378   0.38373286 -0.6335741
  0.24726126  0.74035627 -2.2350242   0.77889407]
[ 0.3154748  -0.19823155  0.44272947  0.8457891   1.976944   -0.09943385
 -0.30332452 -0.3065436  -0.6700031  -1.33603     0.37984097 -0.5813855
  0.24235693  0.6826123  -2.199721    0.7710059 ]
[ 0.08418597 -0.14477184  0.50657165  0.802999    2.0189106   0.03284067
 -0.49169272 -0.22075865 -0.58694226 -1.3509886   0.26461872 -0.47663146
  0.3127753   0.6451937  -2.1385157   0.7044939 ]
[-0.00260642 -0.05629913  0.45623302  0.7819994   2.0965877   0.01955303
 -0.5549351  -0.22309892 -0.56937015 -1.4782426   0.36421904 -0.49845043
  0.33929783  0.58944815 -2.0622303   0.76355135]
[ 0.06218887 -0.08009467  0.39269125  0.82895404  2.1272225  -0.01831637
 -0.49848628 -0.3237977  -0.6408361  -1.513092    0.4982997  -0.6395031
  0.3361258   0.62119496 -2.0333397   0.84798634]
[ 0.12486825 -0.08262052  0.37227622  0.91269445  2.023069    0.01143822
 -0.40985742 -0.34363288 -0.6402426  -1.4198024   0.4501927  -0.6180909
  0.22672383  0.6729059  -2.124356    0.8106157 ]
[ 0.3041794  -0.13187921  0.3708086   0.90418375  1.8540096  -0.05291981
 -0.2157909  -0.34103444 -0.673056   -1.2986969   0.3835197  -0.60951954
  0.14677176  0.79648894 -2.2571387   0.7841953 ]
[ 0.2511106  -0.19237466  0.4598519   0.92056066  1.7993896   0.01722823
 -0.2514096  -0.25783736 -0.5951293  -1.2048918   0.19278033 -0.53580314
  0.19881283  0.7656296  -2.2877967   0.6811424 ]
[ 0.42010832 -0.17655823  0.45336872  0.8083124   1.929858   -0.11547275
 -0.23913428 -0.3388582  -0.66723555 -1.3157799   0.3719829  -0.6444747
  0.19519742  0.70516425 -2.2038732   0.78112364]
[ 0.23409066 -0.17200264  0.54376805  0.8158434   1.9708287   0.06239108
 -0.45694238 -0.22936721 -0.5453229  -1.2596939   0.1918573  -0.47516766
  0.21594736  0.575577   -2.1932178   0.68331414]
[ 0.11347072 -0.11391976  0.4668065   0.766258    2.1215186   0.02517163
 -0.5409803  -0.20234354 -0.53214777 -1.3475368   0.3394778  -0.4797741
  0.22910066  0.55286914 -2.1401062   0.7046987 ]
[ 0.06992695 -0.07591458  0.42017573  0.7244506   2.2135155  -0.01643997
 -0.5876093  -0.20708716 -0.5200764  -1.4495714   0.46816078 -0.5115652
  0.26218015  0.49267754 -2.0830975   0.7642094 ]
[ 0.1603816  -0.08073699  0.36777332  0.806707    2.176194   -0.08307759
 -0.4531703  -0.3119602  -0.6209141  -1.5092015   0.59252894 -0.65115154
  0.24998048  0.59280884 -2.1008158   0.8293735 ]
[ 0.19130044 -0.06418438  0.39699346  0.78836185  2.0878074  -0.11770737
 -0.3637511  -0.33002213 -0.6571638  -1.5318985   0.5970742  -0.69963735
  0.2380167   0.6164769  -2.0840619   0.8991345 ]
[ 0.24888201 -0.01986058  0.40130863  0.69108     2.015992   -0.1549541
 -0.29064947 -0.35552475 -0.6846973  -1.5423491   0.63040197 -0.7278136
  0.2288101   0.62438357 -2.0372677   0.9408639 ]
[ 0.214762   -0.05914026  0.43882436  0.7264234   2.022326   -0.1040564
 -0.3195122  -0.35272238 -0.6635466  -1.4937174   0.5345994  -0.7083348
  0.26709872  0.5881953  -2.0195556   0.89640665]
[ 0.26952595 -0.13911662  0.44641167  0.74914294  2.0444436  -0.08552445
 -0.347774   -0.3419466  -0.6328319  -1.4001995   0.4404827  -0.68587893
  0.2830649   0.583427   -2.0899875   0.87376136]
[ 0.3196286  -0.10875513  0.40251666  0.8130002   2.0032704  -0.07049844
 -0.32924324 -0.33528382 -0.6045863  -1.3527977   0.4245975  -0.60485274
  0.16430548  0.6395781  -2.2054067   0.8099108 ]
[ 0.10138683 -0.03388121  0.44036445  0.78541917  2.0672455   0.05043141
 -0.5445683  -0.22085682 -0.4757665  -1.3734376   0.34972683 -0.4718063
  0.13807754  0.5590675  -2.1750636   0.769798  ]
[ 0.03486816  0.06642582  0.36824894  0.748468    2.1862824   0.00769928
 -0.61318064 -0.24774304 -0.43286142 -1.4974158   0.5636767  -0.541459
  0.11491627  0.48649988 -2.134428    0.8584654 ]
[ 0.13124743  0.02612278  0.30053025  0.81782895  2.2098508  -0.05612682
 -0.48385423 -0.37451887 -0.5193391  -1.5037807   0.6907964  -0.6837865
  0.1298531   0.5962881  -2.1757996   0.8615673 ]
[ 1.0777563e-01  2.1538227e-03  3.2610288e-01  8.0501479e-01
  2.1937778e+00 -2.7910734e-02 -4.8126942e-01 -3.8725844e-01
 -5.6118107e-01 -1.4714136e+00  6.7575610e-01 -7.0164716e-01
  2.0767823e-01  6.2726897e-01 -2.1554286e+00  8.0494004e-01]
[ 0.26426739 -0.03000689  0.3273124   0.72127146  2.1581655  -0.08124497
 -0.30827945 -0.4865795  -0.7214283  -1.4561046   0.71531576 -0.80131996
  0.2826882   0.7267385  -2.1186237   0.7705822 ]
[ 0.33022648 -0.0291769   0.35908026  0.6155097   2.1611571  -0.12251924
 -0.29220396 -0.46900922 -0.77843314 -1.4755545   0.7346886  -0.796048
  0.300624    0.6423664  -2.0157459   0.7986498 ]
[ 0.31032416  0.00318786  0.38371733  0.61121696  2.0797107  -0.1204556
 -0.28007793 -0.4397033  -0.7874619  -1.5185331   0.7145747  -0.78711826
  0.27463412  0.6744975  -1.9937989   0.84077775]
[ 0.27777538  0.05265575  0.44037455  0.6242274   1.9754131  -0.09882108
 -0.2467506  -0.4211568  -0.7748253  -1.5453923   0.66677207 -0.77127016
  0.2565541   0.67547023 -1.9954033   0.85072154]
[ 0.2835141   0.04983368  0.40648013  0.59298706  1.9384762  -0.1375471
 -0.2262919  -0.45051223 -0.8085451  -1.5781804   0.72025424 -0.84161663
  0.29016632  0.74055976 -1.9538219   0.9433985 ]
[ 0.3182922  -0.07145204  0.44338098  0.66975194  1.9021952  -0.10735802
 -0.1768144  -0.44495764 -0.8415353  -1.4523557   0.5571972  -0.80599976
  0.36482644  0.77429223 -1.998593    0.83455193]
[ 0.37586728 -0.15036297  0.5013396   0.67481726  1.9589554  -0.06813535
 -0.23825629 -0.44087076 -0.81998694 -1.3780947   0.47699937 -0.7669214
  0.35917652  0.71270084 -2.037438    0.8036152 ]
[ 0.3317173  -0.14234051  0.55724716  0.7400008   1.9115105   0.00604903
 -0.29885274 -0.3603395  -0.7205383  -1.3213437   0.33891752 -0.6205068
  0.30001822  0.63552517 -2.0945175   0.698349  ]
[ 0.17753199 -0.05574886  0.51035535  0.71256125  1.9923229   0.01195579
 -0.41701537 -0.29534233 -0.63515365 -1.4224546   0.38762975 -0.5705652
  0.263814    0.6029333  -2.039662    0.7412174 ]
[ 0.02696557  0.008883    0.44222766  0.6925417   2.0843537  -0.01313382
 -0.49420962 -0.2946155  -0.5876212  -1.5271804   0.49997362 -0.6084632
  0.32457054  0.5904952  -1.9873438   0.8097555 ]
[ 1.1722039e-01  1.3131530e-03  3.8111809e-01  7.4043858e-01
  2.1218204e+00 -4.9358923e-02 -4.2960167e-01 -4.1502890e-01
 -6.5206754e-01 -1.5197153e+00  6.1652285e-01 -7.4193168e-01
  3.2328624e-01  6.5047365e-01 -2.0142474e+00  8.3707702e-01]
[ 0.22890925 -0.06830938  0.3846352   0.85222495  2.065784    0.00392616
 -0.3397492  -0.44945058 -0.6978795  -1.3888707   0.5209688  -0.73058355
  0.2797672   0.70202315 -2.1251876   0.72503144]
[ 0.38206938 -0.0874607   0.41032648  0.8068119   1.9652379  -0.04568232
 -0.19304042 -0.4618984  -0.7569043  -1.3196595   0.5210152  -0.73099613
  0.20724802  0.78666127 -2.1990285   0.67534924]
[ 0.26767355 -0.06977846  0.50376475  0.763768    1.9407861   0.0236473
 -0.25456923 -0.3906062  -0.69247866 -1.2736883   0.43013635 -0.6191558
  0.21634682  0.7254251  -2.2142663   0.59999233]
[ 0.24997513  0.04042111  0.5018414   0.62681574  2.009685   -0.04251678
 -0.27371484 -0.4393649  -0.80075943 -1.4597567   0.61039126 -0.696997
  0.2783049   0.6721334  -2.008798    0.6933769 ]
[ 0.27406853  0.04708064  0.47473097  0.62567806  2.017908   -0.06001284
 -0.2572658  -0.46519047 -0.8301489  -1.51756     0.65295714 -0.76050824
  0.2997013   0.6788492  -1.9669287   0.7499959 ]
[ 0.2663011   0.04439036  0.42746782  0.6164632   2.0597205  -0.1068676
 -0.29443088 -0.45486087 -0.8043684  -1.5739791   0.7177116  -0.8072422
  0.2812252   0.63957727 -1.9150841   0.87144166]
[ 0.25436285  0.04318802  0.4636225   0.62065196  1.9776462  -0.10014858
 -0.25763112 -0.4290681  -0.78937644 -1.5531352   0.6724562  -0.7669395
  0.2581342   0.6692264  -1.9415882   0.8447293 ]
[ 0.17979808 -0.04220458  0.5574792   0.6525133   1.9872026  -0.00506707
 -0.30577525 -0.3655334  -0.71775925 -1.4559342   0.44499555 -0.6851895
  0.33035308  0.59469795 -1.9488777   0.7433408 ]
[ 0.22118163 -0.04788964  0.4762992   0.6177512   2.1278307  -0.0638001
 -0.37982923 -0.39973313 -0.6855802  -1.5074662   0.560532   -0.7563792
  0.3301199   0.5299926  -1.9123875   0.85727227]
[ 0.22671321 -0.01211742  0.45035434  0.648833    2.107783   -0.05724009
 -0.42186737 -0.3808118  -0.62470275 -1.4974439   0.5928503  -0.68033725
  0.23874557  0.5329634  -1.9892609   0.83194983]
[ 0.0912636   0.03770677  0.44949657  0.65923196  2.1209502   0.02466004
 -0.5318607  -0.28882107 -0.49834767 -1.4920905   0.49551883 -0.55865276
  0.223999    0.47628966 -2.021666    0.7790432 ]
[ 0.08149684  0.07763686  0.36722475  0.66446495  2.2036946  -0.00598689
 -0.55422795 -0.32161337 -0.4902184  -1.5419079   0.6253265  -0.6085204
  0.21009421  0.46091104 -2.0330539   0.8327217 ]
[ 0.17251553  0.02032669  0.3050149   0.7372634   2.19939    -0.0497991
 -0.41698748 -0.4268344  -0.59070706 -1.5172791   0.7223794  -0.75484633
  0.1976963   0.6128094  -2.0952346   0.8509997 ]
[ 0.27848482 -0.00676487  0.29461563  0.7307052   2.1513553  -0.09425889
 -0.3050181  -0.45570168 -0.64765906 -1.4716403   0.7330245  -0.7542169
  0.1854121   0.675619   -2.1508794   0.80081433]
[ 0.2975843  -0.00261928  0.3378294   0.6939014   2.1098251  -0.08983232
 -0.25971016 -0.4835071  -0.7265567  -1.4504211   0.71511346 -0.76099265
  0.24915056  0.7226429  -2.1386733   0.74806833]
[ 3.2181403e-01 -1.8831283e-03  4.1601968e-01  6.3175756e-01
  2.1013236e+00 -8.0636077e-02 -2.6649958e-01 -4.7789574e-01
 -7.7921665e-01 -1.4565523e+00  6.7802268e-01 -7.6085889e-01
  2.9298159e-01  6.6312522e-01 -2.0614293e+00  7.4173528e-01]
[ 0.33047953  0.0070392   0.38158423  0.6207491   2.1111975  -0.11631258
 -0.27602723 -0.4767123  -0.80725336 -1.492533    0.72609395 -0.8148653
  0.29710668  0.66111404 -1.9889911   0.8019346 ]
[ 0.324397    0.05563815  0.41232085  0.62552404  2.0068426  -0.10064767
 -0.22229648 -0.47245806 -0.8162173  -1.4933213   0.6955281  -0.79283696
  0.2530906   0.6935526  -2.000297    0.7961608 ]
[ 0.2861193   0.01816121  0.48940992  0.6442908   1.9304651  -0.04894673
 -0.18409416 -0.46639004 -0.83418524 -1.4368503   0.5634715  -0.76629746
  0.32402247  0.72699535 -1.9977348   0.7142784 ]
[ 0.33606932 -0.03428762  0.44996428  0.6383229   1.9684645  -0.0817607
 -0.18175875 -0.5079729  -0.8808033  -1.4274004   0.6071428  -0.82471865
  0.37181085  0.7417524  -1.9514567   0.7398013 ]
[ 0.39394403 -0.12690441  0.5187165   0.6328505   2.019321   -0.04740188
 -0.23286855 -0.51638764 -0.8962773  -1.3664553   0.55242985 -0.799544
  0.39294916  0.68557084 -1.9510025   0.70126116]
[ 0.35637945 -0.1392971   0.604095    0.6649014   1.9881287   0.04329196
 -0.2789334  -0.46546778 -0.8557173  -1.3059826   0.409019   -0.687288
  0.3840532   0.59840906 -1.9575946   0.59957206]
[ 0.22454366 -0.06034642  0.57970434  0.6157391   2.0583813   0.0361655
 -0.36580512 -0.41848478 -0.8068787  -1.40918     0.4590351  -0.6775156
  0.38257924  0.56727815 -1.8928688   0.6690928 ]
[ 0.14641574  0.0287203   0.5001169   0.5516195   2.1149592  -0.01211891
 -0.40014744 -0.41553974 -0.769474   -1.529313    0.5940701  -0.7371968
  0.38980597  0.54456913 -1.8257644   0.7855744 ]
[ 0.25464892  0.06965506  0.433326    0.50689125  2.0680907  -0.10173228
 -0.29707474 -0.49590364 -0.83789575 -1.5695776   0.75174403 -0.88835776
  0.3451357   0.65740615 -1.8226322   0.8955693 ]
[ 0.3223434   0.01004046  0.44880933  0.5760494   2.0144906  -0.09209359
 -0.23221302 -0.4908595  -0.85183716 -1.4913212   0.65596056 -0.8610207
  0.33625454  0.68126595 -1.8893725   0.83052367]
[ 0.42373618 -0.05423706  0.48549956  0.635615    2.0212224  -0.07768349
 -0.2192488  -0.47758564 -0.83345556 -1.4186518   0.58494246 -0.8132912
  0.27372053  0.64174306 -1.9813025   0.772978  ]
[ 0.42417192 -0.08175294  0.5413641   0.6816696   2.0023837  -0.0244255
 -0.23408961 -0.43227348 -0.7621894  -1.3612224   0.47818646 -0.7183095
  0.24106038  0.57663953 -2.0541298   0.6836215 ]
[ 0.31279415 -0.0448329   0.49033228  0.6357752   2.1096423  -0.06413833
 -0.30868423 -0.41071758 -0.7341041  -1.4368168   0.5767118  -0.7360531
  0.27790424  0.55099267 -1.9977791   0.7416985 ]
[ 2.2648349e-01  1.4509022e-03  4.3597850e-01  5.6286037e-01
  2.2044411e+00 -7.2905302e-02 -3.7533590e-01 -4.3661252e-01
 -7.3064482e-01 -1.5043297e+00  6.8363672e-01 -7.5952780e-01
  3.3683699e-01  5.3700149e-01 -1.9271027e+00  7.8212994e-01]
[ 0.2261684   0.04414773  0.35544616  0.46613902  2.3037848  -0.10952238
 -0.4339753  -0.46851444 -0.73533183 -1.5637758   0.846025   -0.8370783
  0.35380477  0.5136675  -1.8408802   0.84655035]
[ 0.30122235  0.07038237  0.34679872  0.4807577   2.2496316  -0.12006235
 -0.37877735 -0.47555813 -0.7747696  -1.5336008   0.8584916  -0.837062
  0.30354095  0.5726029  -1.9046065   0.80610657]
[ 0.3246788   0.08717619  0.373431    0.52522916  2.193833   -0.10806526
 -0.32919654 -0.48820266 -0.8137952  -1.5225807   0.8198252  -0.8147942
  0.28938022  0.60107684 -1.9291134   0.75495017]
[ 0.32026094  0.11986034  0.40760145  0.49625617  2.1368713  -0.10383908
 -0.3060184  -0.5156524  -0.85811585 -1.5254441   0.82161933 -0.83397216
  0.31768805  0.6413075  -1.8826942   0.72780216]
[ 0.36649472  0.0807617   0.48809427  0.5065242   2.0622063  -0.06908619
 -0.24836953 -0.53930867 -0.9160331  -1.4567791   0.745711   -0.83748186
  0.34052148  0.6592518  -1.8795283   0.65765715]
[ 0.41871595 -0.04941754  0.5712083   0.5122675   2.0140495  -0.03165448
 -0.22198479 -0.5637705  -1.026058   -1.3727534   0.64509404 -0.8490283
  0.46609908  0.6529745  -1.7795506   0.57053006]
[ 4.1836315e-01 -1.6978624e-01  6.3699490e-01  5.3541219e-01
  2.0197392e+00  1.8264368e-03 -2.5865480e-01 -5.6249106e-01
 -1.0750984e+00 -1.3170605e+00  5.5045760e-01 -8.2431614e-01
  5.6113166e-01  6.1147344e-01 -1.6982841e+00  5.2460968e-01]
[ 0.3506302  -0.2543517   0.7463853   0.5360054   1.953034    0.09036205
 -0.2751741  -0.49635035 -1.0431534  -1.2763027   0.36315432 -0.7386028
  0.64930063  0.5398728  -1.6240215   0.43080607]
[ 0.21374011 -0.23041351  0.7716624   0.44901624  2.0334132   0.09251209
 -0.35906288 -0.41945082 -1.0220978  -1.3772501   0.35216892 -0.75268376
  0.6747333   0.4821349  -1.4884056   0.5368023 ]
[ 0.09337143 -0.1102244   0.6676981   0.39361915  2.110912   -0.02216034
 -0.4262797  -0.3961068  -0.99898213 -1.5507299   0.53981525 -0.8341669
  0.6637331   0.49623212 -1.4284598   0.7669362 ]
[ 0.09424593 -0.07068915  0.6187617   0.40368634  2.0775323  -0.0785266
 -0.39125165 -0.39335707 -0.9631103  -1.616079    0.60249174 -0.91634005
  0.61162096  0.5796333  -1.4731705   0.8838275 ]
[ 0.15369828 -0.06592105  0.5895237   0.4979404   1.9235675  -0.06569954
 -0.2735216  -0.401805   -0.9621283  -1.6024351   0.5548924  -0.87891674
  0.5629314   0.6535943  -1.576945    0.85945356]
[ 0.10495938 -0.08522291  0.6450749   0.5451559   1.8970197  -0.00957134
 -0.318577   -0.34656477 -0.88131696 -1.5405352   0.37896663 -0.7845763
  0.57286197  0.59447867 -1.6314207   0.82787704]
[ 0.13619384 -0.10826044  0.5882044   0.5932132   1.9904264  -0.05915002
 -0.36344433 -0.35967976 -0.81289256 -1.4965502   0.43327895 -0.7848316
  0.4624743   0.6822485  -1.8137497   0.8811124 ]
[ 0.2591093  -0.08185355  0.5676956   0.7707664   1.839111    0.01564617
 -0.27364025 -0.36145842 -0.70844203 -1.3976319   0.34537348 -0.603559
  0.25740153  0.6958743  -2.1102586   0.7487436 ]
[ 0.09077261 -0.01381147  0.5204143   0.76520187  1.9705017   0.05372819
 -0.44469684 -0.31674272 -0.5958738  -1.4490769   0.39088506 -0.52990115
  0.21541524  0.61379385 -2.079799    0.7743857 ]
[-0.04039129  0.04506609  0.40254092  0.7337346   2.132386    0.05023532
 -0.6052041  -0.3110357  -0.50185794 -1.5371547   0.54881716 -0.5544235
  0.25128087  0.50181663 -2.0089047   0.86160755]
[ 0.0407723   0.0302899   0.3202924   0.81919795  2.1083746   0.02094306
 -0.47169748 -0.44503373 -0.6295404  -1.4985574   0.6287469  -0.6713265
  0.2492646   0.7137764  -2.0951738   0.8470901 ]
[ 0.02893686  0.0056265   0.32479793  0.83266485  2.0622706   0.05450399
 -0.4664443  -0.40595064 -0.6275743  -1.4323432   0.52621496 -0.6276229
  0.3112059   0.7386869  -2.1431496   0.7839491 ]
[ 0.2500792  -0.07192606  0.3013572   0.9032256   1.9629366  -0.02769781
 -0.237035   -0.49269882 -0.7738827  -1.3898741   0.5456528  -0.7227961
  0.27265006  0.89110243 -2.1925883   0.7449069 ]
[ 0.284656   -0.04401749  0.3669917   0.9186284   1.884285    0.02323313
 -0.2209492  -0.47015485 -0.7749058  -1.3610219   0.48357782 -0.667071
  0.18669698  0.8427378  -2.2153678   0.725484  ]
[ 0.20685299 -0.03808244  0.4823423   0.935853    1.707206    0.07335998
 -0.20398025 -0.3476846  -0.70113516 -1.2810798   0.3054792  -0.5795022
  0.13019931  0.8725632  -2.2934604   0.69264203]
[ 0.2508889  -0.06659956  0.5116602   0.88188475  1.7358005   0.05216577
 -0.18160848 -0.3755645  -0.70798534 -1.3172646   0.3504995  -0.6333209
  0.17740302  0.8064413  -2.225074    0.7015666 ]
[ 0.36370713 -0.10873964  0.4938233   0.80538577  1.8165467  -0.02216736
 -0.14013553 -0.43763906 -0.7697677  -1.3436391   0.43339175 -0.72049177
  0.2441456   0.76156473 -2.1502955   0.7356752 ]
[ 0.3470802  -0.15448411  0.60151166  0.7200036   1.8555241   0.02329648
 -0.24815409 -0.40346423 -0.74035656 -1.3098032   0.32646015 -0.65584975
  0.32570222  0.6639152  -2.0975404   0.7064195 ]
[ 0.24591036 -0.10257032  0.5488718   0.73430306  1.9826393   0.05597795
 -0.4060022  -0.36298522 -0.66399044 -1.3534355   0.35921842 -0.58042306
  0.29367468  0.56708986 -2.0630078   0.7066878 ]
[ 0.09990728 -0.00401627  0.45117563  0.7121707   2.0964115   0.01948352
 -0.5196482  -0.3239929  -0.6099452  -1.4857503   0.50656986 -0.5883004
  0.26313493  0.5323764  -1.9992371   0.8163598 ]
[ 2.6743447e-02  8.3370350e-02  3.9293334e-01  7.0136070e-01
  2.1070647e+00  1.0574788e-03 -5.3065544e-01 -3.3496851e-01
 -5.6565255e-01 -1.5739567e+00  6.1688316e-01 -6.2508518e-01
  2.1608236e-01  5.4823071e-01 -1.9949108e+00  9.0140885e-01]
[ 0.09874346  0.08964617  0.32837602  0.76369673  2.0819414  -0.03833658
 -0.40753573 -0.4479362  -0.6351098  -1.5849596   0.725495   -0.75757855
  0.19541347  0.6688256  -2.0472465   0.936783  ]
[ 0.24834104  0.03703495  0.32000688  0.7767705   1.9736341  -0.06046324
 -0.24403338 -0.48480067 -0.70809615 -1.4863842   0.67782146 -0.78179055
  0.1873943   0.7869254  -2.1393      0.8639611 ]
[ 0.29466286 -0.0799936   0.3902213   0.7988102   2.0141742  -0.02571398
 -0.27381745 -0.4704852  -0.71995085 -1.3906914   0.5657941  -0.73223203
  0.24526206  0.7179274  -2.1421132   0.77093756]
[ 0.29352823 -0.08762009  0.41680017  0.78178453  2.0306957  -0.01800996
 -0.3021006  -0.45272428 -0.7282674  -1.3665302   0.53715885 -0.6868019
  0.26463604  0.7037172  -2.1498053   0.72455573]
[ 0.1848588  -0.03239867  0.49344125  0.7252637   2.0165238  -0.00295989
 -0.385391   -0.36846527 -0.7106372  -1.4268671   0.48236555 -0.60924184
  0.27825147  0.6493171  -2.0687504   0.73733795]
[ 0.09746075  0.02864671  0.45589033  0.7131597   2.0453863  -0.02654671
 -0.41954127 -0.364498   -0.68932897 -1.5468991   0.5704937  -0.6522937
  0.28623468  0.65753204 -2.0171752   0.8276671 ]
[ 0.11322658  0.09829597  0.3946317   0.7043568   2.0269802  -0.07407246
 -0.39490515 -0.418938   -0.71076304 -1.6387203   0.71470886 -0.7499951
  0.2421546   0.67164814 -1.9720995   0.96422327]
[ 1.2987523e-01  4.6159595e-02  4.3574587e-01  7.8912723e-01
  1.9346106e+00 -7.3926972e-04 -3.3425805e-01 -4.3162411e-01
 -7.1701038e-01 -1.5442669e+00  5.9134549e-01 -7.4647677e-01
  2.2878249e-01  7.0312202e-01 -2.0352461e+00  9.2002869e-01]
[ 0.27580023 -0.04656761  0.44823438  0.82806987  1.8216715  -0.02777096
 -0.19651465 -0.44108805 -0.75875    -1.4281311   0.50943387 -0.72878623
  0.20770848  0.7702298  -2.1192966   0.8512846 ]
[ 0.36221007 -0.10029693  0.5138313   0.793839    1.8105247  -0.02019515
 -0.2218798  -0.39414203 -0.7215227  -1.3733139   0.40340838 -0.6850606
  0.18703708  0.724104   -2.1649559   0.8515872 ]
[ 0.27003926 -0.06107806  0.5765917   0.746447    1.8578151   0.02580924
 -0.3579992  -0.30772203 -0.6419567  -1.3765385   0.31252122 -0.5740528
  0.17913756  0.61889833 -2.126388    0.82459146]
[ 0.1124964   0.05422193  0.45779648  0.7696463   1.979866    0.00589267
 -0.4924191  -0.27244654 -0.5413558  -1.4737693   0.44562674 -0.5400561
  0.11235569  0.59593976 -2.1144123   0.870097  ]
[-0.03615728  0.1090389   0.35608286  0.73888266  2.1455169   0.01995716
 -0.6627312  -0.23116994 -0.4137124  -1.554182    0.55204165 -0.5450443
  0.11507294  0.49988762 -2.0700943   0.9498127 ]
[ 0.02615324  0.1126684   0.29704335  0.80136377  2.191501   -0.00657115
 -0.5985477  -0.34910145 -0.4535985  -1.5617149   0.68558854 -0.66441506
  0.08855359  0.5819212  -2.132834    0.9540272 ]
[ 8.4987715e-02  6.1757397e-02  2.9502445e-01  8.3673179e-01
  2.1870670e+00 -1.3570428e-03 -5.6319302e-01 -3.5032156e-01
 -4.5737523e-01 -1.5013859e+00  6.6000032e-01 -6.6899359e-01
  7.0134208e-02  5.9548080e-01 -2.1949630e+00  9.1618955e-01]
[ 0.13503611  0.00681668  0.2885348   0.8478845   2.1916938  -0.02042791
 -0.49898133 -0.35003224 -0.4767316  -1.4593174   0.6433735  -0.6754859
  0.08585216  0.5987838  -2.2173839   0.8677828 ]
[ 0.32903904 -0.00245461  0.26222974  0.7428918   2.138918   -0.12444719
 -0.29559296 -0.40787548 -0.58642375 -1.459707    0.72520685 -0.7409132
  0.06622143  0.6833707  -2.2325335   0.868264  ]
[ 0.2465485   0.02984719  0.333435    0.7353445   2.1180534  -0.07867323
 -0.33581844 -0.3620867  -0.53870994 -1.431791    0.65219086 -0.66853553
  0.07138053  0.645435   -2.261292    0.8090202 ]
[ 0.32927105  0.06044587  0.28400284  0.6487048   2.190443   -0.15308022
 -0.2844095  -0.45547572 -0.6469323  -1.5342696   0.82239455 -0.80704784
  0.13791409  0.639414   -2.1243176   0.859299  ]
[ 0.3461291   0.08143415  0.3157748   0.574911    2.19757    -0.16239683
 -0.30113244 -0.45536113 -0.6753497  -1.553218    0.8406628  -0.80218184
  0.16023727  0.5831539  -2.0561786   0.87280923]
[ 0.33635882  0.08102784  0.32236415  0.5780023   2.1883283  -0.15274167
 -0.30193052 -0.46790272 -0.7039968  -1.5498257   0.8391134  -0.80650425
  0.17077148  0.5844096  -2.02358     0.87316906]
[ 0.3174246   0.07731637  0.33003148  0.56985694  2.183855   -0.14280464
 -0.30452684 -0.47750816 -0.73126066 -1.5437291   0.82896566 -0.81146115
  0.19192548  0.5864314  -1.9888728   0.8819658 ]
[ 0.3161847   0.07448234  0.34195969  0.57316536  2.172226   -0.13149467
 -0.2965446  -0.49130982 -0.7573234  -1.5404047   0.8131876  -0.8143471
  0.20829892  0.59676516 -1.9754841   0.87830955]
[ 0.31343445  0.0694771   0.3599387   0.58308136  2.1622214  -0.12171992
 -0.29308885 -0.5023616  -0.7804492  -1.5335251   0.7960706  -0.8187792
  0.22663316  0.60538566 -1.9646269   0.8656589 ]
[ 0.31200108  0.04481041  0.37814453  0.58238107  2.1828594  -0.10965967
 -0.30823895 -0.51382285 -0.8103956  -1.5154963   0.7809609  -0.82771075
  0.26045123  0.59029424 -1.9362026   0.8565342 ]
[ 0.2957336   0.03644694  0.3913517   0.5702078   2.1871433  -0.0955798
 -0.31436735 -0.51837474 -0.84001863 -1.5161531   0.7689946  -0.82599735
  0.29207605  0.58782023 -1.8958219   0.84321547]
[ 0.28043956  0.04139049  0.39473158  0.55341595  2.178681   -0.08446527
 -0.32034698 -0.50831383 -0.83698225 -1.5224512   0.75321114 -0.82188064
  0.29838383  0.5945493  -1.8745139   0.84135264]
[ 0.26485512  0.02406592  0.3873396   0.5653645   2.186298   -0.08596808
 -0.32945722 -0.49905992 -0.81194484 -1.5197996   0.7462708  -0.83270943
  0.3069912   0.58604133 -1.8790852   0.858426  ]
[ 0.29886684  0.04137826  0.3760748   0.56724375  2.175436   -0.10660715
 -0.31122643 -0.50651395 -0.80802995 -1.5297663   0.78075373 -0.8321317
  0.26064247  0.5840093  -1.9014937   0.8792774 ]
[ 0.28843254  0.04119093  0.38898063  0.5590454   2.1698418  -0.09614996
 -0.3126435  -0.50333065 -0.8171422  -1.5296484   0.7540768  -0.8272146
  0.28020293  0.5906819  -1.8904092   0.8722032 ]
[ 0.29452178  0.00965811  0.38531137  0.5740913   2.1867163  -0.10261931
 -0.3196362  -0.49317455 -0.8045942  -1.5160654   0.7372476  -0.831845
  0.30317038  0.58654135 -1.9095234   0.86780006]
[ 3.0742043e-01  6.9591406e-05  3.7660190e-01  5.7986450e-01
  2.1970732e+00 -1.1482189e-01 -3.1962684e-01 -4.9042121e-01
 -7.9718518e-01 -1.5189707e+00  7.5406361e-01 -8.3616364e-01
  2.9605961e-01  5.7674575e-01 -1.9084387e+00  8.6495429e-01]
[ 0.27855617  0.02309456  0.37200356  0.5501566   2.2018008  -0.11599363
 -0.3364243  -0.47968134 -0.78539187 -1.5370616   0.76758564 -0.8308791
  0.28866762  0.5649327  -1.8782018   0.88522166]
[ 0.23433566  0.02835664  0.38278946  0.5384921   2.2232118  -0.11270519
 -0.36484033 -0.46280828 -0.75544083 -1.5372837   0.7526484  -0.82500935
  0.29480582  0.5604456  -1.881787    0.8936965 ]
[ 0.3036495   0.04880235  0.34155416  0.5696646   2.1916037  -0.12775955
 -0.31126598 -0.47962055 -0.75522816 -1.5292118   0.7902295  -0.8187262
  0.23967919  0.58806455 -1.9636669   0.88004684]
[ 0.31064782  0.04401239  0.34356     0.57403344  2.1934905  -0.12851487
 -0.31157508 -0.48262486 -0.75604314 -1.5291157   0.7955091  -0.8204948
  0.23837268  0.5855229  -1.9647175   0.8753842 ]
[ 0.30575508  0.04665272  0.34372944  0.5712074   2.1884894  -0.1238627
 -0.3128069  -0.48541433 -0.7610774  -1.5344157   0.79770356 -0.8231943
  0.23921748  0.5826667  -1.9482458   0.8813826 ]
[ 0.29474935  0.05745166  0.35093498  0.56465685  2.181842   -0.12380192
 -0.3118363  -0.48694873 -0.77177924 -1.5355898   0.795846   -0.82080233
  0.23834927  0.5880264  -1.9363915   0.8833796 ]
[ 0.3110785   0.05114885  0.36042294  0.5589105   2.1988428  -0.11290567
 -0.31407762 -0.49723744 -0.7857374  -1.5098376   0.78570855 -0.81852496
  0.2535376   0.58931226 -1.9506009   0.84674156]
[ 0.32029262  0.04762241  0.3801368   0.56077754  2.1992135  -0.10627928
 -0.31283057 -0.50843555 -0.82433814 -1.4997479   0.78246725 -0.8182092
  0.28511915  0.58895665 -1.9412749   0.8118683 ]
[ 0.30869287  0.04942915  0.39778763  0.54508936  2.1999078  -0.09228739
 -0.32072788 -0.51907575 -0.8551817  -1.5049553   0.78560746 -0.8204238
  0.30447876  0.590316   -1.8985853   0.7948326 ]
[ 0.28131047  0.04337803  0.4002266   0.54130304  2.1967106  -0.07298398
 -0.33293948 -0.5169286  -0.86367166 -1.5150001   0.7738533  -0.8221567
  0.32193226  0.58111984 -1.8536289   0.8030907 ]
[ 0.2921626   0.06762515  0.40858898  0.54144865  2.1630402  -0.08082591
 -0.31391668 -0.52544224 -0.8601878  -1.5258222   0.7834298  -0.8286012
  0.27656984  0.5924207  -1.8621002   0.8384752 ]
[ 0.29607135  0.04257917  0.42656985  0.5553198   2.1454113  -0.07864646
 -0.30480605 -0.5252644  -0.8765003  -1.512387    0.747846   -0.83516467
  0.30120873  0.5995103  -1.8571001   0.84228516]
[ 0.31313008 -0.01086805  0.45500642  0.57975304  2.1499577  -0.08275302
 -0.29516453 -0.5346864  -0.9105171  -1.493534    0.71286476 -0.8465823
  0.3550586   0.59525883 -1.8438572   0.8226112 ]
[ 0.29059595 -0.0454121   0.4830157   0.56555736  2.1658418  -0.08019161
 -0.30677003 -0.5329778  -0.93456125 -1.4932563   0.6868467  -0.8570701
  0.41356912  0.5876616  -1.7822603   0.80466413]
[ 0.23715356 -0.02648327  0.49585629  0.51378286  2.1815143  -0.07353336
 -0.34039825 -0.5104722  -0.9210003  -1.5259237   0.6774333  -0.87239504
  0.4423391   0.57665646 -1.7116153   0.8242549 ]
[ 0.14441767  0.01667757  0.5007471   0.44736546  2.2435088  -0.06951748
 -0.45335442 -0.46568227 -0.85885984 -1.5486637   0.71389216 -0.85069877
  0.40749788  0.50286806 -1.6595697   0.89933985]
[ 0.2228504   0.03681147  0.44101557  0.5217152   2.2152705  -0.07036188
 -0.36999235 -0.5094537  -0.8578841  -1.511162    0.73057353 -0.82710516
  0.34198502  0.5695139  -1.8104477   0.8443512 ]
[ 0.27218983  0.04099535  0.41386962  0.54355437  2.1867714  -0.07354505
 -0.3258044  -0.5188321  -0.86682385 -1.5006166   0.74380076 -0.8201598
  0.33507296  0.59798425 -1.8698889   0.80735195]
[ 0.30204886  0.04206035  0.4126373   0.5581809   2.1798549  -0.07712933
 -0.3142112  -0.5343574  -0.8812745  -1.5003619   0.7645414  -0.8264769
  0.31879354  0.6030483  -1.8779593   0.79577535]
[ 0.28981617  0.02993604  0.42816812  0.55027246  2.186274   -0.0655999
 -0.32935274 -0.53576785 -0.89689076 -1.5062541   0.7559014  -0.832919
  0.331987    0.5795654  -1.829416    0.8100933 ]
[ 0.2763968   0.04519806  0.43721136  0.5335217   2.1657004  -0.0588962
 -0.3246525  -0.5345444  -0.8997158  -1.5161321   0.746123   -0.835062
  0.32447672  0.5929777  -1.8176485   0.83199036]
[ 0.26803562  0.01610517  0.45129648  0.5562626   2.1595013  -0.0597031
 -0.32503712 -0.5240147  -0.8988908  -1.5074482   0.7072733  -0.8384684
  0.35683584  0.59931177 -1.8180834   0.8237225 ]
[ 0.2984043  -0.0274563   0.45559055  0.570179    2.1731515  -0.08047368
 -0.31686267 -0.52684563 -0.90663385 -1.492776    0.7042014  -0.8555528
  0.37374967  0.5829261  -1.819182    0.8338175 ]
[ 0.2724747  -0.02992545  0.46926865  0.54978395  2.1851459  -0.08680169
 -0.32925767 -0.52126855 -0.91808635 -1.5117264   0.7027747  -0.8555006
  0.40501747  0.5741479  -1.764884    0.8252085 ]
[ 0.16648452 -0.02610015  0.49177256  0.50456375  2.2012198  -0.07710101
 -0.37906304 -0.49116054 -0.8961772  -1.5399455   0.67845905 -0.8618226
  0.4668324   0.5957158  -1.7080971   0.8420838 ]
[ 0.11437087 -0.03618914  0.4731744   0.48363534  2.2463498  -0.07899044
 -0.44331464 -0.46476522 -0.8438503  -1.5350298   0.69737715 -0.8546979
  0.4775947   0.56376064 -1.7043183   0.8731028 ]
[ 0.24959143 -0.01450273  0.39137045  0.56141317  2.178725   -0.08872883
 -0.32900402 -0.506801   -0.8442376  -1.5240877   0.74251044 -0.83921945
  0.36743104  0.6113971  -1.8484895   0.8595818 ]
[ 0.16799714 -0.01880402  0.40049213  0.57109374  2.157433   -0.07937001
 -0.34770775 -0.47964326 -0.82676065 -1.5270256   0.703048   -0.8403484
  0.4176044   0.6568699  -1.846674    0.8590845 ]
[ 0.2520147  -0.01657052  0.37513074  0.5986472   2.121096   -0.09391411
 -0.29608458 -0.49187487 -0.81633055 -1.5186279   0.7174497  -0.8340883
  0.3626651   0.661498   -1.912698    0.8584199 ]
[ 0.24572441 -0.04251202  0.37596688  0.62536275  2.0537798  -0.09512997
 -0.25239745 -0.48064756 -0.8299757  -1.4923353   0.6706797  -0.8404032
  0.40599242  0.72530156 -1.9359963   0.832348  ]
[ 0.29633874 -0.04613556  0.3984776   0.62612784  2.0041983  -0.09022406
 -0.21276864 -0.47874403 -0.82740355 -1.4694284   0.62984025 -0.8424959
  0.38709682  0.74321663 -1.95536     0.8024703 ]
[ 0.33451173 -0.11276461  0.42518187  0.65116537  2.024419   -0.07058229
 -0.21324244 -0.45979482 -0.7970698  -1.4242765   0.5551207  -0.8261131
  0.3757789   0.70032424 -1.9815576   0.783217  ]
[ 0.3840738  -0.05610896  0.41432506  0.6783236   1.946999   -0.09487484
 -0.1794419  -0.4254043  -0.75017256 -1.4309561   0.5803245  -0.77128077
  0.2560137   0.71789324 -2.0687406   0.76228637]
[ 0.33267474 -0.07827605  0.50503623  0.6823039   1.9512848  -0.04724254
 -0.21492036 -0.3991409  -0.71007764 -1.3885524   0.47871646 -0.70470893
  0.2742184   0.6844436  -2.1108434   0.70594007]
[ 0.33678716 -0.04948516  0.4484605   0.6686591   2.027098   -0.08364414
 -0.23659572 -0.40941802 -0.6990255  -1.4332485   0.5752269  -0.728816
  0.2534376   0.6449095  -2.0940773   0.74175084]
[ 0.3727555  -0.02013012  0.37451392  0.62261     2.0629487  -0.13363932
 -0.23607835 -0.44466534 -0.73390895 -1.4805235   0.7094244  -0.8025163
  0.24647085  0.69306743 -2.0867608   0.8203244 ]
[ 0.31713954 -0.06228469  0.43837228  0.66329324  2.0799594  -0.07218374
 -0.28783777 -0.3868119  -0.6786567  -1.4227803   0.5736927  -0.70826876
  0.25184518  0.5998023  -2.090666    0.74746484]
[ 0.33718735 -0.00767269  0.34344143  0.61507684  2.1136603  -0.13171384
 -0.27202123 -0.4344884  -0.71192956 -1.4843346   0.7354483  -0.7833742
  0.24918088  0.658894   -2.0780184   0.8145911 ]
[ 0.30212343  0.00492784  0.38576856  0.617177    2.0823064  -0.08701045
 -0.2620389  -0.4326598  -0.7217273  -1.4429967   0.67835504 -0.75047433
  0.29414314  0.66798204 -2.0821218   0.70712376]
[ 0.33492863  0.00938539  0.36421233  0.5818699   2.1253784  -0.113598
 -0.27513832 -0.46575475 -0.7655052  -1.4794543   0.74456674 -0.8112632
  0.33476058  0.6751429  -2.0326047   0.73491395]
[ 3.3762830e-01  8.7933242e-04  4.1625515e-01  6.1737740e-01
  2.0635381e+00 -9.8141536e-02 -2.5451493e-01 -4.6582121e-01
 -8.3478403e-01 -1.4774907e+00  6.9229376e-01 -7.9696339e-01
  3.4541661e-01  6.9177520e-01 -1.9901679e+00  7.1418786e-01]
[ 0.37116     0.02344134  0.47942996  0.6092392   1.9853752  -0.08398797
 -0.23337822 -0.46214563 -0.84779006 -1.4905007   0.6654714  -0.7859516
  0.28671506  0.6871295  -1.9752678   0.73317206]
[ 0.28194997 -0.01820112  0.5505344   0.6380002   1.9391587  -0.04322023
 -0.2532335  -0.41671333 -0.8126615  -1.4477553   0.541813   -0.7364942
  0.3346318   0.6576734  -1.9480908   0.69376224]
[ 0.3419726  -0.04280224  0.5200841   0.5849881   1.893034   -0.11909564
 -0.19211479 -0.45477462 -0.90052384 -1.4699879   0.6283409  -0.8212522
  0.38494214  0.76793957 -1.9098608   0.75075924]
[ 2.9204735e-01 -2.3906180e-01  6.3929385e-01  6.1768758e-01
  1.9448560e+00  8.2899256e-05 -2.6060814e-01 -4.0864426e-01
 -8.7212485e-01 -1.3143754e+00  3.3594787e-01 -7.3040408e-01
  5.6294453e-01  6.4448756e-01 -1.8694750e+00  6.1479735e-01]
[ 0.35649577 -0.12894134  0.5657732   0.5679382   2.0126894  -0.08793353
 -0.27271855 -0.4533576  -0.88985807 -1.4539374   0.5058736  -0.81033313
  0.49338365  0.6572286  -1.8204151   0.7207575 ]
[ 0.2306144  -0.14211968  0.6865139   0.533899    1.9933732   0.08371361
 -0.43270135 -0.29278606 -0.74539614 -1.4239845   0.26807612 -0.61368567
  0.48508197  0.46680623 -1.747509    0.6115283 ]
[ 0.08822556  0.02503613  0.57384723  0.5086383   2.1217818   0.04373851
 -0.52706784 -0.30824405 -0.67368925 -1.5331161   0.48953676 -0.6372794
  0.38558823  0.4570487  -1.7704303   0.72194374]
[ 0.12675819  0.02954179  0.4940587   0.6268501   2.1199405   0.0184597
 -0.46147975 -0.38950747 -0.6971313  -1.4991419   0.55918866 -0.680406
  0.36844406  0.5231536  -1.9192803   0.74514294]
[ 0.24554229 -0.03436263  0.48041517  0.7134422   2.0465431  -0.00311451
 -0.30450234 -0.4932198  -0.8347629  -1.4415777   0.5673698  -0.7932557
  0.40145454  0.6948334  -1.9622087   0.6790107 ]
[ 0.4231472  -0.03766011  0.49883127  0.6474146   1.9867169  -0.07059042
 -0.19056189 -0.5076606  -0.9037884  -1.4057803   0.58753264 -0.8184255
  0.30723107  0.72794825 -1.9821091   0.6994872 ]
[ 0.39139885 -0.07792623  0.58590215  0.6814911   1.933281    0.00818981
 -0.21155104 -0.46245813 -0.8420712  -1.3449571   0.4684298  -0.7049813
  0.28794402  0.6415509  -2.0151162   0.6188934 ]
[ 0.24652937 -0.0893626   0.60581475  0.64364225  2.0132227   0.03280203
 -0.30162024 -0.44728845 -0.8586949  -1.3677738   0.45661622 -0.69563854
  0.3920893   0.61657614 -1.9188654   0.63073313]
[ 2.6899093e-01 -1.0042570e-01  5.4310542e-01  5.9463561e-01
  2.1030006e+00 -2.0894707e-04 -3.0680913e-01 -5.1778418e-01
 -9.1660452e-01 -1.4000256e+00  5.7084721e-01 -7.7732193e-01
  4.8191658e-01  6.1505491e-01 -1.8535169e+00  6.5421844e-01]
[ 0.2730503  -0.11303854  0.478716    0.5339745   2.185738   -0.051061
 -0.37452382 -0.49916118 -0.919449   -1.4695442   0.6436336  -0.8455021
  0.5215639   0.5584389  -1.7232144   0.7642109 ]
[ 0.29979885 -0.04250464  0.46800166  0.5459319   2.0848114  -0.07870348
 -0.32029516 -0.47171003 -0.9236202  -1.4967849   0.6584444  -0.83393925
  0.42675257  0.6277299  -1.7642076   0.7855346 ]
[ 0.1975271  -0.04768033  0.5381527   0.56058395  2.03262    -0.03944585
 -0.33920392 -0.40174466 -0.87149227 -1.4741726   0.51737124 -0.7596797
  0.44649777  0.6193408  -1.7612927   0.7478625 ]
[ 0.26563862 -0.02316749  0.4912478   0.5671972   2.0062363  -0.07480759
 -0.260539   -0.45826286 -0.8686806  -1.4942932   0.6007725  -0.8486825
  0.40082303  0.6980022  -1.8589764   0.82402676]
[ 0.39205915 -0.10326608  0.4976055   0.6400258   1.9499667  -0.07169449
 -0.19192114 -0.48120904 -0.904672   -1.4029033   0.53638804 -0.83117944
  0.39487872  0.7210108  -1.9403505   0.7583786 ]
[ 0.42799377 -0.23783927  0.53233373  0.67444724  1.9459425  -0.0494001
 -0.22452152 -0.43717796 -0.8728725  -1.3080112   0.40768677 -0.77023995
  0.4629612   0.67561924 -1.9643501   0.6972998 ]
[ 0.333607   -0.30234003  0.6049799   0.6742109   1.9506476   0.00797311
 -0.2982616  -0.34015837 -0.82119274 -1.2629907   0.25594234 -0.6680747
  0.52635634  0.6104563  -1.9334888   0.6199646 ]
[ 0.20319907 -0.14627108  0.544979    0.6416656   1.9861158  -0.04609067
 -0.3313943  -0.32761818 -0.79010695 -1.4034783   0.39622682 -0.67972594
  0.49387082  0.658779   -1.9174429   0.67830545]
[ 0.09959827 -0.12203076  0.5445379   0.5398285   2.1558316  -0.03455106
 -0.46173796 -0.33498073 -0.75259525 -1.4519686   0.4824048  -0.70146215
  0.53040874  0.56240326 -1.8155463   0.722498  ]
[ 0.14133716 -0.07868554  0.46283698  0.6413302   2.1290662  -0.06199439
 -0.3912092  -0.43442878 -0.8100808  -1.5182686   0.61773044 -0.8031634
  0.4997642   0.6429974  -1.8567375   0.78345203]
[ 0.2178262  -0.03849538  0.50356114  0.66774386  1.9543575  -0.05435811
 -0.2748868  -0.4454906  -0.85845834 -1.5086306   0.5680549  -0.80221987
  0.43357697  0.73242795 -1.8982017   0.76709926]
[ 0.3395976  -0.04329277  0.5524564   0.71940464  1.7320522  -0.03487999
 -0.11207944 -0.43188542 -0.8708955  -1.4196068   0.4528284  -0.76708525
  0.34411964  0.7993473  -2.0139728   0.7156919 ]
[ 0.41792735 -0.05194394  0.5590269   0.69755363  1.7061691  -0.06211304
 -0.08937718 -0.44048467 -0.8745297  -1.4379076   0.48566645 -0.80318403
  0.2822476   0.785077   -2.0036879   0.7932456 ]
[ 0.47092542 -0.15503661  0.6847127   0.72650826  1.6159494   0.05012839
 -0.08353425 -0.4090188  -0.8209442  -1.3114291   0.27067924 -0.7004801
  0.28537723  0.7204263  -2.0660357   0.6808033 ]
[ 0.38927212 -0.20690294  0.6669711   0.7255221   1.7489382   0.03446992
 -0.24307565 -0.3446042  -0.7264606  -1.3051306   0.23066561 -0.63311064
  0.31047934  0.63268054 -2.0660732   0.7476315 ]
[ 3.2648540e-01 -1.4814351e-01  5.9105694e-01  7.0124608e-01
  1.9123638e+00 -6.5031651e-05 -3.6782616e-01 -3.0323431e-01
 -6.5069765e-01 -1.3604676e+00  3.0839902e-01 -6.0781395e-01
  2.7073750e-01  5.5459338e-01 -2.0442150e+00  7.8171682e-01]
[ 0.17173684 -0.01709588  0.48121744  0.68375874  2.0469468  -0.02200389
 -0.484557   -0.27577415 -0.5712639  -1.478729    0.45265445 -0.58701533
  0.20608762  0.52393275 -2.0163128   0.8548991 ]
[ 0.01537866  0.01757554  0.38142186  0.65182793  2.2223153  -0.03584088
 -0.63724434 -0.25888517 -0.49046683 -1.5600371   0.5976578  -0.6058787
  0.25742635  0.44859138 -1.9431646   0.9097128 ]
[ 0.05616254  0.02787689  0.28646415  0.7595278   2.240776   -0.0395143
 -0.5355958  -0.40479565 -0.5468484  -1.547317    0.73033047 -0.7170714
  0.24177858  0.62131256 -2.083793    0.87837887]
[ 0.13706502  0.0259135   0.26021066  0.78653073  2.208325   -0.02425181
 -0.45807013 -0.4385237  -0.60241306 -1.5025232   0.71779084 -0.73051083
  0.24886736  0.6671788  -2.1222155   0.7919299 ]
[ 0.25876945  0.0210573   0.2654354   0.7867366   2.1076255  -0.05624586
 -0.30945694 -0.48463959 -0.70968235 -1.4637334   0.7180533  -0.7683883
  0.250822    0.7829772  -2.1702511   0.73371613]
[ 0.26878107 -0.0102657   0.30687127  0.7866436   2.1081996  -0.0482247
 -0.29714304 -0.5026224  -0.7671827  -1.4224684   0.6768553  -0.7386459
  0.27596265  0.7623146  -2.1283548   0.6905767 ]
[ 0.2559331  -0.01149501  0.37520972  0.7603892   2.017479   -0.02439891
 -0.251764   -0.50892055 -0.82886857 -1.3906889   0.6338915  -0.71590793
  0.3151744   0.79654056 -2.1021144   0.63842523]
[ 0.22263722 -0.04095752  0.513402    0.76029253  1.8882248   0.04170895
 -0.22012801 -0.47884625 -0.87868786 -1.3466976   0.47675902 -0.69508994
  0.36902398  0.8185234  -2.0612016   0.58847195]
[ 0.3682531  -0.07880436  0.54621524  0.6413032   1.9035622  -0.06315415
 -0.19646673 -0.4997262  -0.96424323 -1.4526904   0.56607723 -0.80848294
  0.40229493  0.7411968  -1.8697962   0.7260792 ]
[ 0.32447717 -0.13667172  0.6101788   0.6815762   1.8005852  -0.03886859
 -0.18620457 -0.4530457  -0.9886463  -1.4316908   0.45399675 -0.7650191
  0.47772685  0.74271786 -1.8245459   0.69362366]
[ 0.23646948 -0.23241076  0.74572843  0.6396047   1.7150081   0.05332861
 -0.21457128 -0.37678236 -0.98636997 -1.3807493   0.21935058 -0.6876252
  0.62883306  0.70804155 -1.7380946   0.62882215]
[ 0.17988698 -0.27518687  0.7482462   0.5582197   1.8392885   0.07636633
 -0.3281741  -0.32305396 -0.94435805 -1.3962193   0.13146344 -0.6911638
  0.67527694  0.6171788  -1.6354393   0.7321444 ]
[ 0.13976006 -0.19116747  0.6261253   0.63210636  1.9429181  -0.03013878
 -0.4191722  -0.3149394  -0.8581568  -1.4676695   0.27155322 -0.72239137
  0.54258454  0.6681279  -1.7523544   0.90332747]
[ 0.149753   -0.23289232  0.604179    0.8093087   1.8090017   0.09755336
 -0.40838894 -0.21250887 -0.688263   -1.2855127   0.05575789 -0.45705336
  0.36510196  0.6818534  -2.036481    0.71238154]
[ 0.00304822 -0.10143439  0.546215    0.7706957   1.9487318   0.08932211
 -0.54690206 -0.14277309 -0.56411135 -1.4066981   0.16546933 -0.42174268
  0.28340584  0.6110437  -2.0360494   0.76899433]
[-0.0482253  -0.06390566  0.46089253  0.8606514   2.000803    0.06973212
 -0.5592015  -0.19977434 -0.5478924  -1.4238557   0.25769073 -0.4661058
  0.28680292  0.659266   -2.1124706   0.79328525]
[ 0.01178104 -0.13023093  0.3795842   0.9792495   2.040724    0.05652985
 -0.5178265  -0.31298637 -0.6300558  -1.4001037   0.3465256  -0.5715744
  0.32807845  0.72970647 -2.1384518   0.7953201 ]
[ 0.04656661 -0.18691155  0.36980066  1.0391403   1.989741    0.0798407
 -0.4646441  -0.32432312 -0.66583014 -1.3045073   0.27654815 -0.5333543
  0.31792113  0.80081767 -2.216055    0.73897666]
[ 0.05702865 -0.20261283  0.3930108   1.0712967   1.7909803   0.10745319
 -0.35182768 -0.24301681 -0.6532513  -1.1764511   0.11496802 -0.44306535
  0.27175876  0.9440729  -2.361433    0.6415974 ]
[ 0.0978532  -0.21123219  0.43534142  1.0363519   1.8294666   0.07680698
 -0.33177966 -0.26986545 -0.6958107  -1.2421548   0.17638145 -0.49439842
  0.3003896   0.87203753 -2.29131     0.67227226]
[ 0.21291165 -0.14738771  0.43624878  1.0221593   1.7667572  -0.01345295
 -0.19188352 -0.38918823 -0.8256196  -1.3507795   0.3525815  -0.6095475
  0.28194833  0.88189423 -2.2076023   0.7424875 ]
[ 0.10058641 -0.12411545  0.57534885  0.9444788   1.6644261   0.07517038
 -0.25103104 -0.26320142 -0.71137416 -1.2776847   0.17036831 -0.51831186
  0.24968323  0.83441085 -2.2090278   0.70151365]
[ 0.15529187 -0.11480801  0.59958994  0.82993305  1.7125747   0.0491529
 -0.24620596 -0.2908414  -0.7149623  -1.3262564   0.21375406 -0.57613784
  0.30172533  0.72079    -2.080122    0.72951734]
[ 0.32317525 -0.05997954  0.51087976  0.79283285  1.7487808  -0.05039303
 -0.19117257 -0.36972687 -0.7263347  -1.3248054   0.35571742 -0.6496193
  0.19492194  0.76044005 -2.1183715   0.76866615]
[ 0.19528827 -0.07659222  0.63075006  0.7979529   1.7813431   0.18582222
 -0.41174656 -0.23793328 -0.5463199  -1.2236897   0.05979745 -0.4466261
  0.19221613  0.60527086 -2.1762934   0.63379467]
[ 0.08259194  0.08796194  0.56043303  0.7971312   1.9346771   0.16836126
 -0.51991665 -0.2748325  -0.4984033  -1.3600515   0.27590275 -0.43930665
  0.0727768   0.60277206 -2.175901    0.65025747]
[-0.0122624   0.19250187  0.4634161   0.761215    2.0534942   0.161661
 -0.6385616  -0.29401684 -0.45090765 -1.4651239   0.5005388  -0.45207137
  0.0063388   0.53279376 -2.1418655   0.74957156]
[-0.02358371  0.20725504  0.4071785   0.71678597  2.156895    0.12105642
 -0.7020748  -0.29384032 -0.396241   -1.5268017   0.6579819  -0.5023596
  0.00695216  0.45450395 -2.134744    0.8179525 ]
[ 0.0857463   0.04940837  0.37586266  0.7897692   2.2211897   0.0367951
 -0.5883386  -0.38574487 -0.548427   -1.4926695   0.70014846 -0.6426496
  0.1301996   0.54722106 -2.1103702   0.79589987]
[ 1.5225355e-01  5.0121249e-04  3.9060444e-01  7.0415735e-01
  2.1975830e+00 -9.5347343e-03 -4.9453822e-01 -3.9253023e-01
 -6.0327303e-01 -1.5010942e+00  6.6841269e-01 -7.2790056e-01
  2.5721884e-01  5.6440330e-01 -2.0448785e+00  8.0329037e-01]
[ 0.2660688  -0.05377499  0.36001548  0.6333727   2.1625974  -0.14616975
 -0.30627233 -0.466722   -0.7740399  -1.5363201   0.74478287 -0.8662403
  0.38789177  0.6654771  -1.9514961   0.8461674 ]
[ 0.22783077  0.03952388  0.38057977  0.4559404   2.1399257  -0.17245686
 -0.33273062 -0.4508857  -0.7992864  -1.6085339   0.81529874 -0.8982843
  0.3789071   0.64906085 -1.7949283   0.9400552 ]
[ 0.19042668 -0.01821418  0.4090818   0.49020156  2.1938243  -0.11203909
 -0.4020249  -0.40503517 -0.7240795  -1.5221672   0.70267123 -0.83128536
  0.38538212  0.5866893  -1.8613727   0.8860359 ]
[ 3.5941252e-01 -1.8782199e-03  3.5831568e-01  6.2197787e-01
  2.1022537e+00 -1.2739274e-01 -2.4812818e-01 -4.4842070e-01
 -7.4663508e-01 -1.4655294e+00  7.1248513e-01 -8.0256301e-01
  2.6620609e-01  6.6078907e-01 -2.0544682e+00  7.7721781e-01]
[ 3.7285966e-01  1.6446679e-03  4.0489644e-01  5.9872401e-01
  2.0773389e+00 -1.1294426e-01 -2.3849054e-01 -4.6096435e-01
 -7.8086871e-01 -1.4630729e+00  6.9278300e-01 -7.9904282e-01
  2.9095227e-01  6.8213880e-01 -2.0528908e+00  7.4931043e-01]
[ 3.0995774e-01  1.0606289e-03  4.4626775e-01  6.3177466e-01
  2.0179513e+00 -7.2256252e-02 -2.2690806e-01 -4.5329493e-01
 -8.0334252e-01 -1.4415363e+00  6.2368172e-01 -7.6287067e-01
  3.3460954e-01  6.9697005e-01 -2.0268300e+00  6.8557566e-01]
[ 0.3653043   0.02639034  0.43507737  0.57098615  2.0593843  -0.10491677
 -0.24574535 -0.49634948 -0.8229397  -1.4921372   0.7272447  -0.8250102
  0.28065667  0.67670304 -1.9786062   0.78771484]
[ 0.35024077 -0.02817293  0.49620885  0.6431468   2.0031917  -0.04016219
 -0.22224072 -0.4695011  -0.8286126  -1.4366678   0.5981039  -0.76544774
  0.308776    0.64755195 -1.9882606   0.6924614 ]
[ 0.40041333 -0.01228786  0.47449842  0.5970243   2.0133007  -0.10632785
 -0.23167089 -0.466111   -0.8350729  -1.4941175   0.67021394 -0.81153345
  0.28344128  0.6406956  -1.9394877   0.780635  ]
[ 0.3042927  -0.11030319  0.5448571   0.63614196  1.9843729  -0.05593194
 -0.2507773  -0.40355474 -0.8116337  -1.4389743   0.48990697 -0.7589574
  0.42881113  0.61927974 -1.9119161   0.6954775 ]
[ 0.32493997 -0.04623541  0.4639577   0.5470621   2.0320776  -0.13802236
 -0.24401836 -0.4489637  -0.8480158  -1.5216587   0.6595713  -0.8575729
  0.42423573  0.6660842  -1.8582697   0.8098305 ]
[ 0.24256289 -0.13816783  0.5306555   0.5100392   2.1536171  -0.06350597
 -0.37341338 -0.39746824 -0.7941687  -1.4426601   0.50468886 -0.7915985
  0.51129484  0.53048366 -1.7957084   0.77824616]
[ 0.26351428 -0.04433864  0.40914354  0.54327905  2.2016869  -0.11219344
 -0.37767053 -0.43096367 -0.7633753  -1.5028433   0.69534874 -0.83149415
  0.3572585   0.56911606 -1.8872627   0.87820977]
[ 0.30261022 -0.01214177  0.43420452  0.623007    2.0802245  -0.07844081
 -0.28779635 -0.42784303 -0.73873585 -1.4550085   0.6457022  -0.7376613
  0.27800137  0.64655393 -2.062141    0.75149405]
[ 0.26176387  0.02823304  0.410458    0.58584726  2.0604026  -0.10424662
 -0.2769267  -0.44984907 -0.7750772  -1.5124819   0.7043501  -0.77748966
  0.3403237   0.6883706  -1.9965334   0.77624387]
[ 0.31431964  0.03135764  0.38760847  0.5490419   2.044737   -0.12831263
 -0.25267607 -0.48999733 -0.82562715 -1.5289314   0.73806024 -0.858387
  0.3730767   0.72832596 -1.9469728   0.8302413 ]
[ 0.34281668 -0.03875833  0.42253476  0.61992097  1.9877297  -0.11040775
 -0.2005653  -0.48870468 -0.8721875  -1.4560041   0.6394864  -0.8586003
  0.40028542  0.7806096  -1.9762436   0.77180266]
[ 0.37231168 -0.07596809  0.4828454   0.63322026  1.963939   -0.09576488
 -0.18679515 -0.4923728  -0.89525425 -1.4069042   0.5923152  -0.83310795
  0.36635914  0.78086025 -1.9906439   0.74693716]
[ 0.31765252 -0.15147753  0.5906575   0.705586    1.8796177   0.04054221
 -0.19396485 -0.46514946 -0.8854004  -1.2908013   0.3908299  -0.6958851
  0.42394733  0.72576606 -2.012629    0.57650524]
[ 0.34447014 -0.13260725  0.56434906  0.6667386   1.9157425   0.00320347
 -0.18945423 -0.5114199  -0.9376551  -1.2988795   0.46420878 -0.7502356
  0.4613997   0.73999083 -1.9704239   0.5868582 ]
[ 0.3633238  -0.1716812   0.56048834  0.6258314   1.9813312   0.00676416
 -0.22497018 -0.5263984  -0.9552358  -1.2951496   0.47544557 -0.78154236
  0.53922623  0.677245   -1.8922718   0.5735999 ]
[ 0.35559565 -0.07496891  0.5171552   0.58927166  1.9441057  -0.04841583
 -0.20789114 -0.51121783 -0.98956317 -1.39722     0.5720244  -0.8083851
  0.48370472  0.72087586 -1.832099    0.64677495]
[ 0.2793235  -0.1286865   0.64944494  0.6053362   1.9116309   0.05220153
 -0.24419716 -0.42892432 -0.94675934 -1.3277141   0.33468845 -0.7378753
  0.50671315  0.67478997 -1.806556    0.5656088 ]
[ 0.3770341  -0.09712605  0.59331006  0.6821525   1.8506193   0.01400497
 -0.15053812 -0.4762907  -0.92733365 -1.3468254   0.41857362 -0.78320396
  0.40237227  0.71475637 -1.920387    0.60809433]
[ 0.4481334  -0.11381469  0.5793811   0.6376478   1.8717333  -0.03521196
 -0.14596379 -0.48338968 -0.9390731  -1.3745315   0.48074692 -0.82776326
  0.36847982  0.7002801  -1.9025017   0.69701576]
[ 0.44604874 -0.274893    0.6795598   0.6884863   1.8328692   0.0542842
 -0.1670537  -0.4334031  -0.8783113  -1.223045    0.24866538 -0.7182461
  0.45968062  0.62985414 -1.9457455   0.5565604 ]
[ 4.4108731e-01 -2.8168267e-01  6.4186829e-01  6.3302660e-01
  1.9793370e+00  1.0141336e-03 -2.6080966e-01 -4.1814694e-01
 -8.3120978e-01 -1.2719334e+00  3.4072408e-01 -7.3981333e-01
  4.7456875e-01  5.2787423e-01 -1.9000959e+00  6.2114656e-01]
[ 0.33076626 -0.21490368  0.5800576   0.58670485  2.0598252  -0.03325986
 -0.3341533  -0.38033906 -0.8044224  -1.3783467   0.42137665 -0.7370897
  0.49625483  0.5163413  -1.820898    0.67231286]
[ 0.15865865 -0.07886957  0.49960464  0.48478493  2.1908917  -0.07735112
 -0.46500903 -0.34807262 -0.7457061  -1.5114347   0.5934595  -0.735443
  0.44790307  0.479464   -1.7320778   0.80515194]
[ 0.15741578  0.0099315   0.42138878  0.4637541   2.251041   -0.0898212
 -0.4665633  -0.411153   -0.718703   -1.5408471   0.7307769  -0.7713188
  0.39253324  0.4941806  -1.8029398   0.847345  ]
[ 0.2612308   0.05881413  0.35559377  0.5358739   2.1650174  -0.12888315
 -0.33859962 -0.4822896  -0.7764979  -1.5565397   0.81128997 -0.84418726
  0.33135477  0.65301216 -1.9250807   0.8464161 ]
[ 0.3248884   0.04858952  0.38273743  0.5687114   2.0827227  -0.11651876
 -0.270615   -0.4899806  -0.8123388  -1.5183837   0.75150025 -0.84220326
  0.31002182  0.690059   -1.9626405   0.8192155 ]
[ 0.3582939   0.02074148  0.41973075  0.6146862   2.0390172  -0.10546281
 -0.2313782  -0.48462898 -0.849703   -1.4584194   0.6785323  -0.8220599
  0.28877085  0.6915429  -1.9672543   0.7721828 ]
[ 0.39942357  0.00790564  0.4828488   0.62521446  1.9396496  -0.06768234
 -0.16341689 -0.48531762 -0.87408525 -1.4048421   0.5892449  -0.7930956
  0.29004297  0.7172605  -2.0100062   0.70905715]
[ 0.38306665 -0.09407175  0.5665258   0.69221586  1.8958079   0.00718236
 -0.16031519 -0.47445178 -0.8850153  -1.3241265   0.42815655 -0.7436863
  0.38860887  0.70733964 -2.0034056   0.5736639 ]
[ 0.41839457 -0.15601723  0.5218061   0.6491593   2.0289848  -0.05381842
 -0.23302254 -0.47734818 -0.87161285 -1.3502318   0.53518456 -0.7825303
  0.37823823  0.6367076  -1.9488789   0.66375774]
[ 0.3757163  -0.14735827  0.60806507  0.6267122   2.0299516   0.01004636
 -0.28151196 -0.4388644  -0.8426844  -1.3417022   0.44607988 -0.7130412
  0.37599415  0.5528     -1.9188458   0.61650515]
[ 2.4751110e-01 -5.3162672e-02  5.8593524e-01  5.8679682e-01
  2.0968704e+00 -3.2832622e-04 -3.7242317e-01 -3.7853098e-01
 -7.9355860e-01 -1.4584316e+00  4.8377004e-01 -6.8931180e-01
  3.7059000e-01  5.1401341e-01 -1.8516709e+00  6.7389631e-01]
[ 0.15753976 -0.0028745   0.49519905  0.49921757  2.198276   -0.06795983
 -0.45898682 -0.37757373 -0.75689137 -1.5787208   0.65156376 -0.7732363
  0.4211348   0.45539266 -1.7522068   0.85798585]
[ 0.20444426  0.02488071  0.42832813  0.53396285  2.146224   -0.12305684
 -0.35635155 -0.45208806 -0.7847122  -1.6279739   0.75846034 -0.85904086
  0.39455757  0.5594036  -1.7987579   0.92085886]
[ 0.2248867   0.03140072  0.44730988  0.5073482   2.1037858  -0.12036826
 -0.3160087  -0.45482787 -0.7993644  -1.606118    0.72707343 -0.8752003
  0.38003126  0.59581906 -1.7944927   0.91848785]
[ 0.2262278   0.01170644  0.460641    0.5039287   2.1396863  -0.13069633
 -0.35956126 -0.42917338 -0.7388147  -1.5593863   0.69826776 -0.8829571
  0.32574433  0.593262   -1.8470974   0.9592384 ]
[ 0.3798743   0.02210793  0.4016606   0.64068425  2.0529199  -0.11520531
 -0.24429393 -0.44229454 -0.6988452  -1.4890459   0.7050597  -0.7740282
  0.14520606  0.6114033  -2.0793433   0.8496483 ]
[ 0.26899275  0.04968112  0.44183785  0.625877    2.0849903  -0.0753938
 -0.31831485 -0.4249653  -0.67200565 -1.4920369   0.66653204 -0.7195197
  0.19049066  0.5826615  -2.0506034   0.80660665]
[ 0.25263143  0.08115035  0.3728868   0.58507127  2.164897   -0.09387097
 -0.34426022 -0.46191755 -0.6774874  -1.5490192   0.7645877  -0.76858974
  0.20904896  0.5849551  -2.0075011   0.85442543]
[ 0.20745483  0.0954437   0.29817542  0.5570413   2.2113938  -0.12719373
 -0.39767784 -0.47013178 -0.68996084 -1.6113527   0.8620928  -0.8280495
  0.24215     0.6191686  -1.9497391   0.95150566]
[ 0.21856818  0.06193583  0.29571685  0.618261    2.1998944  -0.10934298
 -0.3846624  -0.4686772  -0.69511753 -1.5823829   0.82790565 -0.79170245
  0.20823304  0.6195265  -1.9916092   0.94286937]
[ 0.2184947   0.03712923  0.30261755  0.696262    2.1486883  -0.06844173
 -0.34413448 -0.46560282 -0.67191106 -1.5370157   0.75829875 -0.7637635
  0.18767244  0.64309776 -2.0612767   0.8873965 ]
[ 0.27510223  0.0540113   0.3185359   0.66603625  2.0740113  -0.10631952
 -0.2692384  -0.46710935 -0.69449073 -1.5548851   0.768654   -0.80020654
  0.1920718   0.67240846 -2.049995    0.88901883]
[ 0.31221944  0.03665219  0.3302666   0.6059916   2.0453515  -0.14553282
 -0.2397671  -0.45660645 -0.7071959  -1.5367438   0.75296724 -0.8303062
  0.22454949  0.67937183 -2.036505    0.9342004 ]
[ 0.3045288   0.03326343  0.3370909   0.62645406  2.0454407  -0.14500692
 -0.24692972 -0.45947665 -0.72391677 -1.5092467   0.7261893  -0.8167779
  0.23165837  0.6984943  -2.0332363   0.89987564]
[ 0.33989525  0.01325783  0.36167845  0.67488253  2.0355866  -0.105395
 -0.23184744 -0.4693695  -0.73465145 -1.468063    0.66420823 -0.7815721
  0.20807067  0.7206937  -2.0981736   0.837084  ]
[ 0.3156946  -0.00328431  0.38573176  0.7209778   2.0625625  -0.04705945
 -0.280454   -0.43906718 -0.6873212  -1.4326893   0.5961026  -0.71157074
  0.17348263  0.65860903 -2.1375318   0.79066133]
[ 0.29728767  0.01161595  0.31829172  0.6944965   2.1179724  -0.09786365
 -0.3116395  -0.4292175  -0.6596514  -1.4704216   0.70262516 -0.7341242
  0.13523276  0.66074604 -2.132169    0.8633458 ]
[ 0.21581638  0.01467187  0.36885822  0.74650973  2.0668108  -0.03750191
 -0.32724398 -0.38307866 -0.6017625  -1.4101212   0.58983344 -0.66317374
  0.13949254  0.6815513  -2.2059534   0.7690566 ]
[ 0.29306892  0.01455066  0.3269382   0.6492009   2.1378148  -0.1007985
 -0.28515184 -0.47567576 -0.70798004 -1.5084985   0.74582785 -0.8051853
  0.249464    0.6831443  -2.076653    0.8250844 ]
[ 0.29924875 -0.00674236  0.34219718  0.582373    2.172062   -0.14107795
 -0.30890208 -0.4740491  -0.76018393 -1.5137403   0.7784959  -0.8334532
  0.31731877  0.6568979  -1.9979115   0.85292244]
[ 0.31137246  0.00611296  0.36612073  0.5928558   2.13942    -0.11951537
 -0.30504224 -0.47347713 -0.76903087 -1.5153496   0.761775   -0.81067306
  0.29346833  0.6490696  -2.002794    0.8407012 ]
[ 0.28325638  0.00832337  0.4044363   0.65038294  2.0439744  -0.07304295
 -0.25877064 -0.4473895  -0.7646424  -1.4864469   0.6605075  -0.7634966
  0.2967045   0.67522126 -2.0291777   0.7634382 ]
[ 0.3370098   0.0221088   0.36322793  0.6074953   2.049437   -0.12078796
 -0.2411587  -0.46409136 -0.7536539  -1.5276515   0.7338439  -0.8322614
  0.25636595  0.6617919  -1.9943348   0.869634  ]
[ 0.3243129  -0.00497489  0.37364465  0.62960374  1.9900557  -0.13274045
 -0.20269975 -0.44856367 -0.7618422  -1.5032585   0.6916055  -0.8317887
  0.28926158  0.7116037  -2.007587    0.84943235]
[ 0.35862148  0.00516694  0.43107772  0.63098705  1.9291623  -0.11315813
 -0.17472461 -0.4721251  -0.8104743  -1.4894211   0.66283095 -0.8304888
  0.28842816  0.74519503 -2.0167935   0.82052153]
[ 0.39203125 -0.11068261  0.5186553   0.69187456  1.9338032  -0.02828697
 -0.19963089 -0.46388787 -0.79154915 -1.3994839   0.50702095 -0.76642346
  0.33060253  0.66799706 -2.0539613   0.73269564]
[ 0.37395024 -0.0538922   0.43522382  0.66245824  2.011708   -0.08916052
 -0.24775127 -0.4488693  -0.7711178  -1.4736947   0.6448184  -0.77854836
  0.24931896  0.62779456 -2.0183053   0.84052485]
[ 0.26603228 -0.01916534  0.49655133  0.6241146   2.005835   -0.04228608
 -0.3232161  -0.37235588 -0.68359995 -1.4699599   0.54311866 -0.67857105
  0.22895746  0.5706566  -1.9980873   0.8173119 ]
[ 0.21398315  0.06861196  0.42625633  0.56875944  2.0560508  -0.09447287
 -0.3310284  -0.39380768 -0.6626776  -1.5390984   0.6720225  -0.7314027
  0.21456055  0.60115373 -1.9874874   0.88684493]
[ 0.28379437  0.11923786  0.31924802  0.55192184  2.0820918  -0.15550815
 -0.29253265 -0.47439042 -0.69467145 -1.5922719   0.8369362  -0.843994
  0.19907251  0.6703008  -2.0025115   0.9639286 ]
[ 0.26115817  0.08107147  0.3297646   0.6077717   2.1116743  -0.1370947
 -0.30917138 -0.48394394 -0.7079692  -1.5716379   0.7952065  -0.8252121
  0.22076163  0.674723   -2.0134091   0.93598634]
[ 0.2506761   0.0887619   0.324552    0.64693063  2.0989413  -0.11261386
 -0.3153326  -0.48578888 -0.70892775 -1.551054    0.7942904  -0.797773
  0.17079368  0.72042155 -2.0654528   0.91002274]
[ 0.18160336  0.05820886  0.36617234  0.71473175  2.1244552  -0.01797866
 -0.39516005 -0.42995724 -0.6369456  -1.4849126   0.6735399  -0.67538285
  0.14305939  0.60894763 -2.0991745   0.83497334]
[ 0.2049027   0.01859484  0.27754995  0.7397396   2.1581569  -0.05287142
 -0.35441607 -0.4654066  -0.64971685 -1.499205    0.7287313  -0.74733216
  0.19184718  0.669875   -2.1106403   0.8568939 ]
[ 0.2259578   0.00420385  0.29492217  0.712464    2.1306303  -0.07220589
 -0.32229263 -0.4650751  -0.67867994 -1.4837952   0.7225441  -0.76594526
  0.23414901  0.70155257 -2.101616    0.8285902 ]
[ 0.2497038  -0.0299811   0.32454056  0.69047487  2.118033   -0.07826899
 -0.29418123 -0.4841938  -0.7259099  -1.4793231   0.6985728  -0.79892313
  0.31259808  0.72120464 -2.0727391   0.81297433]
[ 0.29847565 -0.01610413  0.33626822  0.6347033   2.0962307  -0.11767007
 -0.2754373  -0.46829376 -0.7577175  -1.4921535   0.7107021  -0.8181074
  0.30537793  0.707496   -2.0269568   0.849342  ]
[ 0.29791516 -0.03167295  0.36423272  0.6746316   2.0426142  -0.09353483
 -0.2502353  -0.45369196 -0.7462372  -1.4607604   0.6592268  -0.78263456
  0.28037447  0.7386082  -2.0912185   0.8167118 ]
[ 0.27246445 -0.02455577  0.40223962  0.7277617   1.9843388  -0.0516382
 -0.24272975 -0.4301538  -0.7169325  -1.4305325   0.5795909  -0.7255552
  0.26697534  0.7160845  -2.1075468   0.7428297 ]
[ 0.353477   -0.02930621  0.39468855  0.73444825  1.9463822  -0.07472391
 -0.17035612 -0.4746027  -0.7650227  -1.4425184   0.6100927  -0.78510803
  0.26143655  0.76977646 -2.117618    0.75158787]
[ 0.38986912 -0.06480746  0.47202483  0.7043406   1.9134128  -0.07335731
 -0.15163541 -0.4331076  -0.76030385 -1.4017622   0.52128136 -0.7647785
  0.2712467   0.7226271  -2.098414    0.7148706 ]
[ 0.4252755  -0.06786661  0.44332036  0.65258276  1.9731086  -0.12068258
 -0.17533056 -0.4419137  -0.7658995  -1.426008    0.5973009  -0.800671
  0.2520648   0.70994616 -2.0794117   0.78742564]
[ 0.36370844 -0.08949269  0.51612955  0.684775    1.9522254  -0.04142792
 -0.21855967 -0.39105344 -0.710805   -1.356235    0.45199805 -0.69460136
  0.26364738  0.64311445 -2.105715    0.6929671 ]
[ 0.37094253 -0.06155685  0.45920578  0.6475187   2.034023   -0.08283742
 -0.23044291 -0.41810426 -0.7291525  -1.4142768   0.57619506 -0.74897075
  0.26252168  0.6554936  -2.1041865   0.745256  ]
[ 0.34355018 -0.0356635   0.4054678   0.6286224   2.0997796  -0.10443193
 -0.27143636 -0.41702086 -0.7053314  -1.4684833   0.6538534  -0.76171523
  0.25225505  0.6090167  -2.0573297   0.792476  ]
[ 0.31227893  0.01927545  0.34349102  0.58123577  2.110606   -0.1565353
 -0.2884572  -0.4378891  -0.72970974 -1.5574758   0.77708006 -0.8147646
  0.25235283  0.6528002  -1.9998386   0.90289915]
[ 0.2812279  -0.01257406  0.3746237   0.62960577  2.0664115  -0.12350699
 -0.25614503 -0.40892595 -0.70823723 -1.500206    0.6714314  -0.7629841
  0.26328602  0.663726   -2.0500412   0.8376584 ]
[ 0.34701005  0.02165237  0.33556518  0.5907211   2.089026   -0.15132684
 -0.25755066 -0.4509569  -0.707532   -1.5482428   0.7674161  -0.8384431
  0.22285208  0.65059394 -2.0330648   0.9307157 ]
[ 0.33024198 -0.0276422   0.32985526  0.64840585  2.0554042  -0.14649543
 -0.23019178 -0.43254843 -0.71381605 -1.4974648   0.70621574 -0.81094515
  0.25908324  0.6889404  -2.067354    0.87459356]
[ 0.35282046 -0.0081587   0.3681757   0.61863524  2.0628276  -0.13469413
 -0.24127582 -0.44349822 -0.71304923 -1.4907017   0.70093185 -0.80187666
  0.22922532  0.67219174 -2.0711179   0.8656303 ]
[ 0.3152284  -0.00324287  0.3965027   0.66243756  2.028447   -0.10525887
 -0.24199085 -0.41483945 -0.6967975  -1.4763801   0.6328221  -0.75089896
  0.23769698  0.6785239  -2.0968716   0.7990382 ]
[ 0.33135137  0.0275187   0.33800265  0.6154024   2.0754948  -0.139798
 -0.2582232  -0.44639248 -0.7115123  -1.5200794   0.7481953  -0.8102031
  0.2177968   0.70480835 -2.071824    0.8658856 ]
[ 0.29751095 -0.00283099  0.37555543  0.66806644  2.0791337  -0.09268284
 -0.27950248 -0.41610765 -0.6656262  -1.471442    0.64933014 -0.7343545
  0.20595208  0.6474562  -2.1111825   0.81559885]
[ 0.33951116  0.02827206  0.3130164   0.659237    2.0771976  -0.13070725
 -0.26583323 -0.43566912 -0.67886204 -1.50192     0.74028957 -0.7727966
  0.16459414  0.6838481  -2.1053002   0.85128367]
[ 0.3005402  -0.03276289  0.3733136   0.7461551   2.016708   -0.06199417
 -0.24563873 -0.39855018 -0.6426953  -1.413976    0.58957636 -0.7189089
  0.16918273  0.7147429  -2.197358    0.76451814]
[ 0.3525324  -0.01438595  0.3354661   0.61647165  2.1121259  -0.15756062
 -0.26844543 -0.42913064 -0.6928455  -1.5122753   0.74539757 -0.8055693
  0.2181015   0.63815624 -2.0527093   0.8810868 ]
[ 0.36007014  0.02641108  0.34895617  0.59307325  2.071092   -0.15433021
 -0.25501004 -0.42969638 -0.7204323  -1.5183651   0.75119483 -0.7891667
  0.19936748  0.67929447 -2.0562577   0.85983086]
[ 0.3234548  -0.04665506  0.41772947  0.64063555  2.0897517  -0.08258349
 -0.29490638 -0.39924902 -0.6901777  -1.4421817   0.5935721  -0.71683997
  0.24529982  0.6198325  -2.0827541   0.7889296 ]
[ 0.3667676  -0.03339846  0.3193029   0.6212517   2.1498532  -0.14830045
 -0.29664832 -0.41798383 -0.6920617  -1.4979469   0.724752   -0.7867218
  0.21874006  0.61774725 -2.0551205   0.87641877]
[ 0.36690533  0.00279877  0.32794613  0.59319526  2.115828   -0.1626041
 -0.2945884  -0.40159783 -0.6874095  -1.5159438   0.73758495 -0.7660874
  0.17553563  0.63412017 -2.056911    0.8987387 ]
[ 0.30627242 -0.05272251  0.37514436  0.65800494  2.094269   -0.1219034
 -0.306519   -0.34502086 -0.6481257  -1.4462299   0.582723   -0.679031
  0.21422048  0.6164246  -2.1014469   0.81924593]
[ 0.36948255 -0.07826702  0.30841786  0.6406636   2.143338   -0.18527266
 -0.28434253 -0.37844482 -0.67859375 -1.4686534   0.66751504 -0.7750133
  0.23091142  0.65122575 -2.1016724   0.90623397]
[ 0.38342854 -0.17014523  0.31882215  0.73647577  2.158151   -0.1731655
 -0.2867526  -0.34346214 -0.65722656 -1.3911272   0.5714782  -0.71529496
  0.23190248  0.6127511  -2.1583602   0.84734964]
[ 0.35415158 -0.18433866  0.32758123  0.76062685  2.145031   -0.14257215
 -0.29089957 -0.33991703 -0.66124016 -1.3638334   0.53261817 -0.67186385
  0.2365675   0.62717927 -2.1757731   0.8101276 ]
[ 0.2509449  -0.17501613  0.36707768  0.765048    2.1584177  -0.09159116
 -0.36963162 -0.2896673  -0.6118291  -1.3522704   0.46763128 -0.631506
  0.26177573  0.58626336 -2.1595166   0.7872756 ]
[ 0.33508578 -0.13701653  0.29874912  0.7274217   2.1608443  -0.1549832
 -0.29451233 -0.3564066  -0.6491345  -1.4188458   0.60580087 -0.70511734
  0.23836255  0.6137119  -2.152898    0.85394144]
[ 0.34281406 -0.11917226  0.3022445   0.736448    2.1240609  -0.15218602
 -0.27383283 -0.35861215 -0.65867805 -1.4224366   0.5960287  -0.71206796
  0.22927487  0.63454664 -2.1466396   0.8435297 ]
[ 0.34785318 -0.1466682   0.3314743   0.72942746  2.1089883  -0.1591276
 -0.26463413 -0.35912636 -0.6747289  -1.4077693   0.5630096  -0.71794194
  0.25830862  0.6482827  -2.1465983   0.8545146 ]
[ 0.35448518 -0.16393135  0.33074385  0.75301015  2.0980039  -0.15987554
 -0.25645763 -0.35214603 -0.6889351  -1.3873781   0.53560245 -0.7081944
  0.27026042  0.6565068  -2.141845    0.8247652 ]
[ 0.37334874 -0.15439174  0.35887867  0.725921    2.1171772  -0.14584243
 -0.2803947  -0.36355996 -0.70306385 -1.3858886   0.5365589  -0.7058531
  0.25013417  0.64935815 -2.130579    0.8228458 ]
[ 0.28192058 -0.18972142  0.40247193  0.77984524  2.1066592  -0.06890987
 -0.34559447 -0.2989475  -0.6248607  -1.328993    0.409959   -0.6312111
  0.26959485  0.59476155 -2.1607668   0.7668707 ]
[ 0.33351827 -0.1413298   0.32679057  0.7208087   2.1339335  -0.16105914
 -0.30328107 -0.35229057 -0.67846626 -1.4049524   0.58709335 -0.7025422
  0.23710528  0.6326849  -2.1287048   0.8661412 ]
[ 0.24620919 -0.16061722  0.37879074  0.77204096  2.1101296  -0.08759532
 -0.34743074 -0.29956076 -0.6332141  -1.357871    0.44754046 -0.63485324
  0.27358693  0.6136377  -2.1462078   0.78944314]
[ 0.35067248 -0.1674097   0.32983175  0.74000657  2.1276193  -0.15125719
 -0.26527622 -0.36929306 -0.69728345 -1.3966573   0.5523623  -0.7137784
  0.2826168   0.65749377 -2.1449459   0.82965624]
[ 0.33020833 -0.20391922  0.3371718   0.7652947   2.12432    -0.15328649
 -0.27488393 -0.3550198  -0.7161813  -1.3790984   0.5252296  -0.70270026
  0.32304698  0.6679889  -2.136593    0.8117572 ]
[ 0.3235541  -0.16709825  0.34646356  0.74313504  2.1273913  -0.13852046
 -0.29634976 -0.3680697  -0.72813195 -1.3948686   0.54584223 -0.6959838
  0.29853994  0.65490234 -2.114864    0.8282949 ]
[ 0.22380345 -0.17305586  0.40194774  0.8060325   2.0760531  -0.04883299
 -0.3312421  -0.3124511  -0.6760653  -1.3470383   0.4017642  -0.6275171
  0.30955583  0.6425215  -2.1277823   0.7452203 ]
[ 0.313133   -0.16519585  0.34706336  0.7643405   2.066083   -0.12954257
 -0.2534126  -0.36208147 -0.71000224 -1.3889786   0.51082057 -0.7091676
  0.30650768  0.6842024  -2.1272876   0.8179468 ]
[ 0.34146807 -0.17268948  0.35707957  0.7822177   2.0355268  -0.13048747
 -0.23417254 -0.35737002 -0.7147458  -1.3665175   0.48267823 -0.6923575
  0.29154307  0.6802907  -2.1395974   0.8010973 ]
[ 0.3575861  -0.167617    0.38251698  0.79331636  2.0029976  -0.10919338
 -0.22365601 -0.36307958 -0.72824967 -1.3458836   0.44335228 -0.67688113
  0.2803954   0.70572037 -2.142641    0.75441897]
[ 0.30354443 -0.21428628  0.454307    0.80151385  2.0161176  -0.04116481
 -0.31167826 -0.31034696 -0.64699876 -1.2982962   0.3376063  -0.63187176
  0.29864198  0.6284687  -2.150251    0.72661984]
[ 0.3838711  -0.17949519  0.3809388   0.7476209   2.0667195  -0.13968639
 -0.27236468 -0.3548953  -0.6945484  -1.3646271   0.5136025  -0.68592274
  0.24069655  0.6372043  -2.132342    0.81689274]
[ 0.22842368 -0.18342644  0.44103876  0.7731852   2.0654945  -0.05582239
 -0.36892745 -0.2901144  -0.6573556  -1.3125058   0.37455648 -0.5927888
  0.29254028  0.6276531  -2.122838    0.7434348 ]
[ 0.20931152 -0.1908386   0.42948622  0.73308706  2.1377537  -0.06741745
 -0.39293852 -0.3096661  -0.6720868  -1.3453724   0.41786784 -0.6139692
  0.3536532   0.61454904 -2.1063697   0.76554334]
[ 0.33718497 -0.15805754  0.33494377  0.71883965  2.1589053  -0.1486828
 -0.3002875  -0.38516313 -0.7405651  -1.4197556   0.59021014 -0.72975576
  0.32388955  0.63667667 -2.0846283   0.8305567 ]
[ 0.3033862  -0.13614707  0.34767765  0.73111135  2.0948124  -0.13224955
 -0.2869957  -0.38732472 -0.75836885 -1.4234225   0.57087696 -0.70573825
  0.31387633  0.6772584  -2.0747945   0.8306839 ]
[ 0.18019713 -0.17081137  0.39974648  0.7728212   2.0413847  -0.06692696
 -0.32017732 -0.33034495 -0.7309724  -1.3597146   0.41338617 -0.64279425
  0.38587812  0.69755584 -2.0740895   0.7684956 ]
[ 0.28147268 -0.17328304  0.37467653  0.75064725  2.0200076  -0.13351253
 -0.23136988 -0.40511027 -0.8227358  -1.3889668   0.49748248 -0.73440075
  0.4107874   0.77495974 -2.073661    0.8172908 ]
[ 0.3443563  -0.2249835   0.4328608   0.84804785  1.9629406  -0.0638276
 -0.20203047 -0.4126045  -0.8448083  -1.2748412   0.3564475  -0.67068005
  0.40541258  0.7509056  -2.1290374   0.6820146 ]
[ 0.37800735 -0.23928504  0.4918498   0.84075564  1.9293305  -0.00695185
 -0.21024129 -0.40857238 -0.85113466 -1.2424196   0.2910437  -0.64725524
  0.39427757  0.7100422  -2.1137798   0.64339465]
[ 0.24311595 -0.19491062  0.56487477  0.84757483  1.8865435   0.07367599
 -0.2933985  -0.32128322 -0.77517265 -1.2241943   0.18359339 -0.5661639
  0.35846353  0.67156905 -2.0886967   0.5935496 ]
[ 0.2141988  -0.15756857  0.5463654   0.8085879   1.8942814   0.03838456
 -0.284647   -0.3383752  -0.7880669  -1.2693303   0.2513405  -0.60552263
  0.3660883   0.7047397  -2.048397    0.62848777]
[ 0.23151532 -0.20540385  0.5323075   0.7878896   1.911527    0.02160567
 -0.28067556 -0.35917044 -0.8123237  -1.2685064   0.2643951  -0.6349754
  0.43752027  0.7155961  -2.0345085   0.6535973 ]
[ 0.3493572  -0.23901924  0.5103809   0.78003347  1.9835535  -0.03044834
 -0.26090518 -0.4567445  -0.9013115  -1.290375    0.37460282 -0.690155
  0.45182544  0.71637607 -2.0104814   0.67272174]
[ 0.21981081 -0.31519157  0.620272    0.81463873  1.9924752   0.11315919
 -0.38433257 -0.36928108 -0.8345543  -1.1967745   0.17021006 -0.5720221
  0.5246662   0.62162334 -1.995794    0.5465429 ]
[ 0.16504292 -0.23915875  0.60926384  0.7501166   2.0521271   0.08094351
 -0.39541155 -0.35130674 -0.8218042  -1.2985333   0.27982557 -0.6091984
  0.49545082  0.5921049  -1.9301506   0.57761323]
[ 0.09081444 -0.10480718  0.56533843  0.68309134  2.0290127   0.04711537
 -0.39810395 -0.342129   -0.8044256  -1.4296373   0.37196723 -0.6451793
  0.45884877  0.6087729  -1.8297908   0.66159326]
[ 0.14578822 -0.05786306  0.4958342   0.5749148   2.0493298  -0.06022716
 -0.37727922 -0.35733718 -0.8178829  -1.5169673   0.5103859  -0.77810365
  0.44007882  0.6225888  -1.7468174   0.84275484]
[ 0.24724397 -0.16843608  0.48582372  0.7338306   1.943478   -0.06080905
 -0.25576347 -0.3864246  -0.84048975 -1.4092476   0.40419236 -0.7568243
  0.4508078   0.708127   -1.9153827   0.78512985]
[ 0.3913446  -0.25534996  0.5211881   0.7715044   1.8623536  -0.03476554
 -0.20949355 -0.40988794 -0.8515685  -1.2729418   0.30044085 -0.6881604
  0.4289977   0.74077433 -2.0264647   0.69269645]
[ 0.3506824  -0.37292248  0.63598627  0.7744607   1.870465    0.12295494
 -0.36188826 -0.3015479  -0.7411044  -1.1374719   0.04848392 -0.52079356
  0.44095796  0.5940418  -2.0546246   0.60990137]
[ 0.28131908 -0.2906038   0.6064685   0.7378847   1.9685198   0.09163515
 -0.42598838 -0.24307604 -0.6744026  -1.2113602   0.1480869  -0.50717825
  0.3596243   0.516284   -2.014295    0.61577475]
[ 0.17646748 -0.18677409  0.51452124  0.66891253  2.046104   -0.01931442
 -0.44278115 -0.22650726 -0.65185475 -1.3461413   0.32726955 -0.5470162
  0.3450245   0.5590289  -1.9701736   0.71576834]
[ 0.11262598 -0.10259811  0.47902808  0.62027514  2.1257956  -0.07229088
 -0.45973736 -0.26175553 -0.66003877 -1.4636776   0.45695072 -0.59696203
  0.36888605  0.5422659  -1.9062173   0.78282535]
[ 0.21324782 -0.11005379  0.40636024  0.7398635   2.1018162  -0.1192269
 -0.32648116 -0.42259687 -0.78386176 -1.4708624   0.57534754 -0.7483883
  0.41428822  0.68358696 -1.9854138   0.7966978 ]
[ 0.2942279  -0.18371093  0.4354052   0.7742942   2.0869489  -0.09481682
 -0.3000068  -0.4281075  -0.80389947 -1.3992456   0.49379715 -0.7388632
  0.4163989   0.6662637  -2.0040367   0.74784106]
[ 0.3594618  -0.16799638  0.431878    0.76594627  2.0155098  -0.07439654
 -0.250585   -0.42694455 -0.8253156  -1.3395321   0.47253698 -0.69450897
  0.3258584   0.6890968  -2.0454385   0.72621644]
[ 0.20767054 -0.1737136   0.5119913   0.7737874   1.9766213   0.04936355
 -0.35023212 -0.2929988  -0.71074986 -1.2684349   0.2496742  -0.5507127
  0.32710224  0.61167324 -2.0401006   0.6403719 ]
[ 0.226191   -0.14334568  0.47153917  0.7423547   2.030156   -0.02415113
 -0.314623   -0.3571662  -0.7442337  -1.3467853   0.39417055 -0.6440286
  0.3582059   0.65528554 -2.0594242   0.71812683]
[ 0.28059423 -0.13714072  0.40361223  0.7544777   2.0369608  -0.09329388
 -0.2509132  -0.43614087 -0.8173561  -1.3948004   0.5412406  -0.72163385
  0.38324314  0.69510204 -2.0207736   0.73864233]
[ 0.29611447 -0.15898368  0.45784673  0.72231996  2.0500803  -0.06073307
 -0.279728   -0.46977836 -0.8730666  -1.3693777   0.51304394 -0.7148441
  0.42441773  0.70656997 -1.9908539   0.7074407 ]
[ 0.2035403  -0.19314384  0.54152167  0.76475     2.0811145   0.07863931
 -0.39188027 -0.39930934 -0.8088649  -1.2723426   0.33124667 -0.5996029
  0.44569597  0.58322006 -1.9779297   0.5707763 ]
[ 0.304999   -0.07866511  0.4539315   0.6855003   2.0661254  -0.05069511
 -0.30058753 -0.45423776 -0.8741601  -1.3998358   0.55796826 -0.7077175
  0.37792164  0.6501232  -1.9513061   0.6815869 ]
[ 0.12638505 -0.11362667  0.5761758   0.6757723   2.0132768   0.06298218
 -0.35882264 -0.38257855 -0.8449243  -1.3545434   0.35850015 -0.6147423
  0.47823176  0.6360767  -1.8722197   0.5729096 ]
[ 0.23705454 -0.07575215  0.50753105  0.686322    1.9892441  -0.01655659
 -0.24456027 -0.52756    -0.9669002  -1.4228919   0.5389822  -0.7510028
  0.4790454   0.7178488  -1.8458134   0.6556122 ]
[ 0.24542055 -0.17640986  0.5596031   0.6708138   1.9997431   0.05752344
 -0.2833185  -0.5086986  -0.98889124 -1.3504978   0.3983128  -0.7585678
  0.54886186  0.6545766  -1.7567106   0.64966834]
[ 0.40209183 -0.23807582  0.5969656   0.7482392   1.8750111   0.04130079
 -0.21285415 -0.5482694  -1.0232503  -1.2638541   0.36292458 -0.72483695
  0.5128034   0.7184042  -1.8616861   0.5715919 ]
[ 0.3066299  -0.36760965  0.736652    0.7113787   1.8311666   0.21452491
 -0.33943602 -0.38346693 -0.90582913 -1.141974    0.0621763  -0.5652768
  0.5799573   0.53836644 -1.8025796   0.47915238]
[ 0.24256139 -0.26755488  0.7008929   0.6527564   1.9176729   0.13220623
 -0.31391677 -0.375315   -0.91205484 -1.2723712   0.17730153 -0.64969504
  0.5638221   0.56061614 -1.7473952   0.5483729 ]
[ 0.177389   -0.14626886  0.6521      0.5692105   2.0017579   0.044569
 -0.34988064 -0.39683008 -0.93230027 -1.3903289   0.3267886  -0.7216271
  0.54926854  0.5818686  -1.6685289   0.66631854]
[ 0.21086374 -0.14269494  0.5609914   0.51846224  2.1110988  -0.06664512
 -0.38296765 -0.43500477 -0.9386345  -1.4450464   0.50918424 -0.8523134
  0.54865277  0.60955685 -1.6854156   0.8475157 ]
[ 0.3535651  -0.18665206  0.48222518  0.68964255  1.993606   -0.03854112
 -0.26011342 -0.445046   -0.91186    -1.3402475   0.44922185 -0.735583
  0.4329362   0.66388065 -1.8950863   0.70998377]
[ 0.28350693 -0.26494312  0.551649    0.7055825   2.002754    0.04562618
 -0.35556364 -0.37855005 -0.8388384  -1.2586483   0.27545598 -0.64064896
  0.46183425  0.6021279  -1.899656    0.6693023 ]
[ 0.24495892 -0.23981953  0.4683879   0.6933784   2.0965161  -0.03218645
 -0.3733849  -0.37131196 -0.81444585 -1.3288809   0.39241078 -0.6801126
  0.46261796  0.59151167 -1.908482    0.7623456 ]
[ 0.24535365 -0.11915383  0.40396848  0.6539041   2.0815175  -0.12327571
 -0.31729674 -0.43088943 -0.8907862  -1.4603271   0.5996727  -0.7546619
  0.42011538  0.7056438  -1.9033216   0.85542357]
[ 0.12776354 -0.22326186  0.50885856  0.68973     2.0885735  -0.01526074
 -0.3887438  -0.35606223 -0.8480488  -1.3527038   0.3489393  -0.6404351
  0.5532405   0.67117375 -1.9109719   0.7090144 ]
[ 0.25414357 -0.19989221  0.41469723  0.7026361   2.095489   -0.09728526
 -0.28348354 -0.44336396 -0.90675753 -1.4105136   0.51037943 -0.7883009
  0.53134733  0.7216072  -1.9200996   0.7830907 ]
[ 0.2554325  -0.16556387  0.4177076   0.72573775  1.9811302  -0.08677016
 -0.24059229 -0.40945596 -0.9078299  -1.3974949   0.44694525 -0.7632505
  0.47642785  0.77768576 -1.9151223   0.7701749 ]
[ 0.21712784 -0.18358037  0.49765864  0.7715203   1.918123   -0.02737988
 -0.2474935  -0.3258575  -0.8275741  -1.3284842   0.27961195 -0.6817795
  0.42019978  0.73993266 -1.9591945   0.7012422 ]
[ 0.2617705  -0.18759193  0.5282796   0.8488064   1.8172054   0.03683458
 -0.22344431 -0.30875093 -0.7317556  -1.265184    0.21442111 -0.6094514
  0.32812756  0.71522033 -2.116909    0.6532315 ]
[ 0.4041871  -0.2280803   0.49478325  0.84805965  1.8024269  -0.02936648
 -0.15820445 -0.37970203 -0.787308   -1.257788    0.27541843 -0.6485963
  0.33860794  0.74911654 -2.1253922   0.66179   ]
[ 0.33107734 -0.35213345  0.6225152   0.82509106  1.8491738   0.09091354
 -0.32593983 -0.29207492 -0.72528946 -1.152519    0.05273803 -0.53513664
  0.44326383  0.6403331  -2.0986917   0.5837312 ]
[ 0.30282974 -0.31886393  0.59325206  0.7719053   1.978431    0.06820339
 -0.38384983 -0.28162295 -0.7065029  -1.1890686   0.13362423 -0.52730805
  0.4348646   0.5684964  -2.069294    0.5820259 ]
[ 0.21194473 -0.23473904  0.57129323  0.6956438   2.0509408   0.03012761
 -0.43977395 -0.21520612 -0.660738   -1.3133408   0.2280787  -0.5044538
  0.37993905  0.5391378  -2.0087562   0.62938154]
[ 0.13074425 -0.12115085  0.5465362   0.6447474   2.0922914  -0.02440627
 -0.46115574 -0.23230377 -0.65129125 -1.4618585   0.39764708 -0.56235665
  0.34187642  0.54637325 -1.9461397   0.7230916 ]
[ 0.13724427 -0.03897296  0.46292868  0.6669445   2.093441   -0.10930762
 -0.42278162 -0.30952972 -0.6874151  -1.5934591   0.5848793  -0.6987832
  0.34173495  0.54706335 -1.9090755   0.9032961 ]
[ 0.22840592 -0.06025597  0.4488352   0.7021116   1.961552   -0.13713047
 -0.2810915  -0.35692346 -0.7541627  -1.5471468   0.5567524  -0.74492425
  0.32119352  0.6675046  -1.976395    0.94060147]
[ 0.31644183 -0.11631069  0.44843212  0.77128613  1.8412666  -0.13651368
 -0.19131558 -0.36855716 -0.79493254 -1.4527346   0.45620188 -0.7486843
  0.30654913  0.76354855 -2.0502384   0.9240597 ]
[ 0.3741524  -0.19498932  0.49643874  0.7933401   1.8514044  -0.08182847
 -0.25967208 -0.33279434 -0.72021866 -1.3682855   0.3360229  -0.66260374
  0.25804934  0.685695   -2.101053    0.89343596]
[ 0.23795791 -0.20125587  0.54896647  0.81848735  1.8414673   0.02474503
 -0.40885767 -0.19349341 -0.5902454  -1.3026714   0.13730034 -0.4871561
  0.23073058  0.6296148  -2.137235    0.81821954]
[ 0.05096277 -0.10350762  0.4833805   0.79390883  1.9868304   0.01371394
 -0.5705811  -0.12887628 -0.49360782 -1.3945997   0.23109524 -0.41556635
  0.19881694  0.6031089  -2.118894    0.8321805 ]
[-7.1478441e-02 -1.9323245e-02  4.0204734e-01  8.3301765e-01
  2.1216886e+00 -2.0254552e-03 -6.6473114e-01 -1.7989974e-01
 -4.5189437e-01 -1.4980280e+00  4.1407341e-01 -4.5051208e-01
  2.0290160e-01  5.6843346e-01 -2.1403229e+00  9.0579665e-01]
[-0.0655681  -0.06108003  0.3295626   0.95150435  2.1977413   0.00351573
 -0.61778533 -0.33467376 -0.54823786 -1.4980079   0.55439043 -0.5750977
  0.24922848  0.64130914 -2.1508389   0.8913476 ]
[-0.04975126 -0.04806605  0.30011973  0.95170945  2.1630034   0.03172691
 -0.5805057  -0.374669   -0.5840817  -1.4742647   0.5671717  -0.5779251
  0.2536547   0.67473495 -2.1419697   0.8556608 ]
[ 0.00244985 -0.04145619  0.29164904  0.967873    2.0517747   0.04711636
 -0.50073624 -0.37003762 -0.6169515  -1.4481694   0.5038123  -0.5786988
  0.25140104  0.74787265 -2.1762733   0.83519477]
[ 0.17364702 -0.07187063  0.29117095  0.9799488   1.8646955  -0.0358768
 -0.24644527 -0.41322264 -0.7384144  -1.4159639   0.4683865  -0.64886904
  0.24078064  0.8998863  -2.2179546   0.8367907 ]
[ 0.17834857 -0.10811923  0.35436988  1.0252466   1.759701   -0.0104042
 -0.20339295 -0.40298843 -0.7791287  -1.3633277   0.3626956  -0.6343964
  0.24668221  0.93366086 -2.209875    0.8171406 ]
[ 0.24472606 -0.20432489  0.42471424  1.0381968   1.6796948   0.04001525
 -0.18064292 -0.38325164 -0.7997028  -1.242875    0.20733802 -0.57757574
  0.2447056   0.9489387  -2.251268    0.77538776]
[ 0.17257719 -0.30153674  0.5076094   1.0405508   1.5904939   0.1395053
 -0.26555    -0.21262646 -0.67835414 -1.0990095  -0.06179821 -0.4298857
  0.24831705  0.9387725  -2.3464293   0.7194531 ]
[ 0.20250645 -0.33052364  0.5622697   0.98916423  1.6200523   0.13323879
 -0.3156663  -0.13774115 -0.6221628  -1.0856682  -0.11484601 -0.3661079
  0.2281559   0.8385725  -2.3483913   0.7082997 ]
[ 0.1154211  -0.20115621  0.55258363  0.98154175  1.7098482   0.10681871
 -0.3665966  -0.17115404 -0.6124269  -1.2150705   0.02672329 -0.38608897
  0.18616182  0.81138504 -2.2920527   0.71668875]
[-0.07434133 -0.00836053  0.52860427  0.8869759   1.8392773   0.06418793
 -0.50649905 -0.18754849 -0.6041934  -1.4620693   0.23313943 -0.43941897
  0.21695542  0.7467243  -2.1135662   0.849377  ]
[-0.11234061  0.08426996  0.44966564  0.8763377   1.9112164   0.0642859
 -0.55058295 -0.21906607 -0.55204016 -1.540234    0.34260747 -0.48569345
  0.17967081  0.69634384 -2.1174388   0.9464916 ]
[-0.05895705  0.02427455  0.39082327  1.0050676   1.9260786   0.07830161
 -0.5063852  -0.30321538 -0.5578103  -1.4651304   0.3792816  -0.5489627
  0.1144232   0.74805576 -2.193616    0.9399864 ]
[ 0.03881513 -0.04183834  0.39144284  1.0481416   1.8678648   0.09922806
 -0.47712559 -0.24271913 -0.48239368 -1.3305935   0.26020235 -0.48164907
  0.00908924  0.7419578  -2.319526    0.88940704]
[ 0.10090382 -0.05031648  0.36391926  1.0416361   1.781526    0.07702691
 -0.38333273 -0.1776164  -0.40900102 -1.2240133   0.17769296 -0.40803847
 -0.08924808  0.8034113  -2.4722624   0.83632743]
[ 0.02801447  0.06513508  0.3718033   0.93045044  1.900779    0.07721405
 -0.49149674 -0.21055421 -0.39696565 -1.327418    0.32398522 -0.4399341
 -0.06801079  0.72844857 -2.3813694   0.8598223 ]
[-0.03545507  0.15702401  0.34546012  0.8532861   2.061766    0.06711645
 -0.6077605  -0.24931633 -0.37305564 -1.4737155   0.49713644 -0.48482093
 -0.01453732  0.60600644 -2.2725663   0.89480746]
[ 0.01163239  0.10663891  0.29652473  0.8688982   2.2235131   0.03176003
 -0.61526334 -0.36268905 -0.45652422 -1.5152605   0.66816527 -0.61109006
  0.04704111  0.5616845  -2.1768327   0.8915335 ]
[ 0.07559942  0.08529395  0.29155344  0.8602667   2.1863167   0.03707638
 -0.552286   -0.37169564 -0.4867137  -1.4594473   0.66051507 -0.60801864
  0.02323399  0.6071185  -2.2357056   0.85437584]
[ 1.1354339e-01  6.5877609e-02  2.8187895e-01  8.4036446e-01
  2.1251981e+00 -3.8559362e-04 -4.2283836e-01 -3.6453241e-01
 -5.0370950e-01 -1.4265550e+00  6.3226157e-01 -6.2190044e-01
  4.6526246e-02  6.9296831e-01 -2.2860329e+00  7.9262352e-01]
[ 0.30129912  0.06963709  0.280845    0.6887444   2.1897917  -0.11685766
 -0.30725977 -0.48007712 -0.66491604 -1.5131283   0.80975753 -0.78348976
  0.12778267  0.6450044  -2.1183414   0.83734477]
[ 0.30905265  0.07588945  0.32867622  0.65536237  2.1742756  -0.10616801
 -0.2959904  -0.48799413 -0.7085007  -1.5157362   0.7917784  -0.77521116
  0.16177903  0.6229228  -2.0805035   0.8156854 ]
[ 0.30608588  0.06782584  0.3468121   0.58453524  2.1644669  -0.13420978
 -0.2928968  -0.4961566  -0.7698454  -1.5395534   0.81531113 -0.81146705
  0.2389591   0.6290921  -1.9903599   0.84755725]
[ 0.26453415  0.02183777  0.36333632  0.5842948   2.1756918  -0.11201356
 -0.31060284 -0.5150279  -0.81256056 -1.5172434   0.78548133 -0.8232425
  0.31888276  0.6390109  -1.9400371   0.8434105 ]
[ 0.25241312 -0.0148511   0.3763694   0.5833041   2.190871   -0.08010735
 -0.3227826  -0.5360307  -0.85347    -1.4807975   0.7607856  -0.82196045
  0.37694186  0.646808   -1.912842    0.79939693]
[ 0.26299983 -0.01345138  0.4035247   0.5790338   2.147892   -0.05967836
 -0.31290588 -0.5227143  -0.8812766  -1.494133    0.7208228  -0.8227232
  0.39614838  0.64715123 -1.8751488   0.7888536 ]
[ 0.24966963 -0.01802994  0.43011245  0.6096126   2.0738559  -0.06209052
 -0.2971354  -0.48997235 -0.8909796  -1.527138    0.674887   -0.832712
  0.41142982  0.6798846  -1.8620129   0.8162265 ]
[ 0.25449675  0.00490315  0.45463118  0.63397586  1.9524637  -0.08408482
 -0.24731717 -0.46071234 -0.8920453  -1.5641077   0.6608145  -0.83480537
  0.36897367  0.7193675  -1.8695374   0.87011975]
[ 0.24678597 -0.01754593  0.50511944  0.64815885  1.8384281  -0.06612734
 -0.18467481 -0.45937094 -0.92247283 -1.5494686   0.5915898  -0.83693665
  0.39596224  0.78293574 -1.8821456   0.87650394]
[ 0.2915758  -0.09844985  0.55952203  0.6938826   1.80483    -0.02158663
 -0.16572104 -0.46300715 -0.92272264 -1.4683374   0.47260752 -0.8142334
  0.41354656  0.7595481  -1.9122677   0.83579284]
[ 0.39429355 -0.14258376  0.5666026   0.7005564   1.7928568  -0.01279262
 -0.20326376 -0.4415831  -0.8394577  -1.4142838   0.44716105 -0.7500273
  0.32109553  0.6762264  -2.0086162   0.8782713 ]
[ 0.239279   -0.13443343  0.6019007   0.7426262   1.8074396   0.02090292
 -0.3393728  -0.34017175 -0.7434704  -1.3930548   0.32429525 -0.6098956
  0.32936338  0.628112   -1.9839776   0.81488764]
[ 0.1015152  -0.01514863  0.48706836  0.7212423   1.9037491  -0.01019598
 -0.4225835  -0.28903642 -0.6704439  -1.5049092   0.4103705  -0.5897974
  0.2776083   0.65732235 -1.9733822   0.88634074]
[-0.0628012   0.05712925  0.41468206  0.69992507  2.0391943  -0.02983491
 -0.55097854 -0.29054812 -0.59289217 -1.5898582   0.5298711  -0.59915715
  0.27052522  0.6554413  -1.9504904   0.97303563]
[ 0.00452504  0.07598609  0.29089662  0.8364555   2.0733147  -0.03657475
 -0.4987616  -0.4233578  -0.6064889  -1.5759691   0.66687    -0.6902524
  0.18101451  0.7510067  -2.089161    1.0140082 ]
[-0.05571248  0.06736396  0.28009963  0.97099686  2.0697944   0.08062715
 -0.5651662  -0.4103958  -0.55062115 -1.5071832   0.58019197 -0.6094306
  0.11811376  0.7357279  -2.1821184   0.9495083 ]
[-0.02407001  0.03292448  0.27913648  0.9840274   2.0102456   0.08024438
 -0.49790612 -0.41523093 -0.5883221  -1.4520729   0.548351   -0.59439933
  0.11296529  0.7906207  -2.2233784   0.9270136 ]
[ 0.0188904  -0.01090003  0.27213156  0.98559445  1.8828838   0.05956208
 -0.36934036 -0.34671462 -0.54713416 -1.3497654   0.43654466 -0.5511719
  0.10096426  0.896695   -2.3584695   0.8473064 ]
[ 0.11881407 -0.0312613   0.25694543  0.9444175   1.9573257   0.01323008
 -0.32565346 -0.4506077  -0.6699854  -1.4094067   0.55308676 -0.660569
  0.19096656  0.8700663  -2.247391    0.85685426]
[ 0.21425703 -0.05842004  0.3131174   0.9240114   1.8977197  -0.01756071
 -0.24009319 -0.45185566 -0.734589   -1.3992937   0.50305545 -0.67461777
  0.20373264  0.8965076  -2.2473931   0.8373699 ]
[ 0.09045817 -0.03694507  0.38653     0.97751874  1.79459     0.04877549
 -0.26624852 -0.37612802 -0.7043058  -1.3725717   0.38879254 -0.5952015
  0.19797708  0.9348755  -2.3004842   0.79684055]
[ 0.16742006  0.0068084   0.35503608  0.9312188   1.8253157  -0.01213877
 -0.21817526 -0.43870434 -0.74483967 -1.4469396   0.51816    -0.66966534
  0.16195868  0.8840626  -2.231401    0.87905157]
[ 0.11909609  0.00874599  0.43256003  0.9453311   1.6952938   0.04826406
 -0.2067914  -0.33978397 -0.6650424  -1.3446246   0.34122992 -0.58926934
  0.10490973  0.91753376 -2.3283012   0.82696116]
[ 0.16790362  0.02884386  0.39860767  0.9117333   1.7752628   0.02680241
 -0.21888033 -0.37647167 -0.6095091  -1.3539193   0.4234673  -0.62236106
  0.06261304  0.8268698  -2.3008356   0.8263957 ]
[ 0.26580352  0.02605935  0.39359966  0.854111    1.8490988  -0.01409451
 -0.19894864 -0.4273715  -0.62876046 -1.3722833   0.50445855 -0.66700304
  0.04214979  0.7790438  -2.2665274   0.8268488 ]
[ 0.14905782  0.11194336  0.43547344  0.8603631   1.8352363   0.06053736
 -0.29678583 -0.37166113 -0.5402943  -1.3540456   0.4324185  -0.57079554
 -0.00260835  0.77630377 -2.3252015   0.7658172 ]
[ 0.11310587  0.20597863  0.40061584  0.7762406   2.0039632   0.03816357
 -0.41689968 -0.4155194  -0.52907616 -1.4910865   0.6137173  -0.60360914
  0.00255724  0.6550927  -2.20666     0.82166624]
[ 0.00887339  0.2394557   0.34531203  0.7712343   2.1181889   0.07391593
 -0.54209423 -0.3921434  -0.43585187 -1.5233167   0.68972725 -0.60070163
 -0.01892664  0.57814556 -2.1961887   0.85373557]
[ 1.5684824e-01  2.1820612e-01  3.0692202e-01  7.0873910e-01
  2.1680396e+00 -8.2512197e-05 -4.4327873e-01 -4.8598996e-01
 -5.3431696e-01 -1.5631549e+00  8.4717274e-01 -7.2106647e-01
 -1.9009966e-02  6.0875070e-01 -2.1404991e+00  8.6093152e-01]
[ 0.06808619  0.22808687  0.35578257  0.6777752   2.1463175   0.03686736
 -0.49918634 -0.39221668 -0.43487734 -1.5361073   0.76442844 -0.6561469
  0.0088062   0.5681048  -2.177898    0.80865544]
[ 0.27761203  0.17005327  0.31578928  0.59351975  2.1809378  -0.09259354
 -0.32015374 -0.5151165  -0.6239543  -1.6044433   0.92172706 -0.866039
  0.11419873  0.6298406  -2.0478106   0.83284634]
[ 0.32705277  0.19191475  0.35754895  0.505806    2.1574776  -0.11664791
 -0.2821992  -0.51858217 -0.6647297  -1.6384389   0.95560664 -0.8796228
  0.13914214  0.58493686 -1.9849432   0.83154905]
[ 0.36011344  0.22844946  0.38186306  0.3933807   2.1451697  -0.15450326
 -0.28571877 -0.5184571  -0.70287347 -1.6793693   1.0038824  -0.92003936
  0.15602419  0.5594164  -1.8918641   0.8927515 ]
[ 0.32879153  0.21063487  0.37546116  0.38552445  2.1578517  -0.14527044
 -0.30132106 -0.52298737 -0.7178034  -1.6655586   0.9950489  -0.9253203
  0.1989166   0.5725619  -1.8712629   0.8929661 ]
[ 0.32778507  0.20883003  0.3835774   0.3822779   2.1669598  -0.13787207
 -0.3089317  -0.52846634 -0.72666705 -1.6554735   0.9959567  -0.92529374
  0.2062782   0.56734335 -1.8702673   0.8816311 ]
[ 0.32788095  0.19391182  0.38586825  0.36695427  2.1925867  -0.12988405
 -0.326728   -0.52981985 -0.73877746 -1.6307678   0.99703777 -0.9225305
  0.2363226   0.5760886  -1.8648094   0.8325261 ]
[ 0.33245698  0.19515806  0.3909778   0.3426946   2.1948094  -0.12290772
 -0.33046287 -0.52817917 -0.7569572  -1.6179088   1.0058713  -0.9206669
  0.2643476   0.57911956 -1.8478973   0.7836833 ]
[ 0.325778    0.18579206  0.4186627   0.30946535  2.1977315  -0.12173824
 -0.33912006 -0.5277244  -0.78476894 -1.6005945   0.997316   -0.9239613
  0.29689357  0.59423256 -1.821871    0.7569982 ]
[ 0.3089003   0.19515169  0.44822615  0.3102981   2.1566975  -0.12724563
 -0.324377   -0.5404285  -0.8437001  -1.5998104   0.99030226 -0.9129425
  0.33157593  0.6363624  -1.792814    0.72579736]
[ 0.33159864  0.161271    0.51159257  0.33849585  2.0886667  -0.10765842
 -0.2849459  -0.5490433  -0.915946   -1.6013676   0.912186   -0.9157032
  0.3522772   0.6629461  -1.7700806   0.7483392 ]
[ 0.3127679   0.11633828  0.57250196  0.40020093  2.0157247  -0.09828126
 -0.26012558 -0.5333819  -0.95676774 -1.605595    0.8377363  -0.9192661
  0.35961658  0.6719538  -1.7344677   0.78454673]
[ 0.32173604  0.07680194  0.64503205  0.4605011   1.8856386  -0.08544599
 -0.21236888 -0.51242083 -1.0007287  -1.6096388   0.7632866  -0.91078794
  0.3619369   0.68333757 -1.7119713   0.8084181 ]
[ 0.34312183 -0.07669779  0.7882949   0.51037514  1.7874295   0.0036038
 -0.13709392 -0.47348794 -1.0059265  -1.5377678   0.50778437 -0.86297333
  0.49102694  0.62083614 -1.6525242   0.65242493]
[ 0.32486606 -0.05678641  0.73710644  0.44829434  1.8307292  -0.03064439
 -0.2042367  -0.42809877 -0.9302624  -1.57424     0.5109305  -0.8802207
  0.48406172  0.565378   -1.6127068   0.78022593]
[ 0.22872047 -0.12095213  0.77395964  0.41930634  1.9183209   0.10838191
 -0.44119972 -0.3081802  -0.7477605  -1.5190727   0.28227484 -0.73259664
  0.5555866   0.31392837 -1.5344266   0.77090245]
[ 0.13782506  0.00590872  0.60692847  0.4834122   2.074911    0.04077238
 -0.5310641  -0.31038758 -0.641236   -1.5442187   0.4566644  -0.68151104
  0.3968367   0.3726614  -1.7107807   0.8122017 ]
[ 0.04398375  0.1380373   0.46753162  0.5453015   2.1664193   0.01997851
 -0.6112844  -0.3164173  -0.5384542  -1.587561    0.62283957 -0.6430972
  0.2364038   0.4096392  -1.8419707   0.8593725 ]
[ 0.00661329  0.15606357  0.35148042  0.6235157   2.2406497   0.00661731
 -0.62696195 -0.35070285 -0.4629262  -1.6095511   0.7361635  -0.66796863
  0.19495559  0.43288627 -1.9609429   0.90088165]
[ 0.12439512  0.15338299  0.2900948   0.6806828   2.2321038  -0.03466564
 -0.48589793 -0.46274453 -0.5390879  -1.5988548   0.8563113  -0.7990886
  0.12928616  0.5881733  -2.062242    0.8973304 ]
[ 0.1643284   0.14397535  0.3028058   0.6780973   2.2024188  -0.03558894
 -0.4338407  -0.47253045 -0.54925495 -1.587363    0.85896856 -0.8127074
  0.11997779  0.60188067 -2.0768306   0.8631834 ]
[ 0.23032674  0.1514127   0.32952827  0.60953516  2.128783   -0.07211371
 -0.3278752  -0.51038146 -0.6415927  -1.610377    0.8949051  -0.86423504
  0.17515834  0.6752588  -2.044631    0.84233046]
[ 0.3024524   0.13512874  0.36436564  0.5181316   2.1005752  -0.10104208
 -0.26297936 -0.5383266  -0.7108574  -1.6093496   0.9052866  -0.9098755
  0.24242464  0.67967844 -1.9997685   0.8496868 ]
[ 0.3540511   0.1494113   0.39704022  0.43830222  2.071777   -0.13224459
 -0.2502088  -0.5268518  -0.7544524  -1.6041539   0.9147568  -0.9244259
  0.23458843  0.6504803  -1.9354318   0.8841816 ]
[ 0.4027446   0.1533627   0.41451082  0.45329008  2.0168808  -0.13996384
 -0.22386062 -0.50224626 -0.7487996  -1.5980443   0.88987446 -0.90930814
  0.18790138  0.65635794 -1.9777019   0.8917672 ]
[ 0.39723006  0.1542284   0.4315819   0.47803298  1.9617188  -0.13868831
 -0.17703767 -0.49083632 -0.74298173 -1.6018667   0.85859144 -0.8891899
  0.18253478  0.6684787  -1.9881413   0.86219853]
[ 0.3254734   0.20428595  0.3870276   0.43255624  1.9823326  -0.15955365
 -0.22783709 -0.4987163  -0.72659415 -1.6543043   0.93081045 -0.92441857
  0.1941915   0.70206803 -1.9341618   0.9360134 ]
[ 0.3590109   0.15676233  0.4341814   0.47459024  1.9242668  -0.10673656
 -0.14150532 -0.52560216 -0.7741364  -1.577145    0.81869096 -0.9083195
  0.26306352  0.7766143  -2.0091538   0.79985416]
[ 0.34491616  0.11012937  0.41129583  0.48576894  2.0795372  -0.10301149
 -0.28204185 -0.523362   -0.76526767 -1.5839651   0.84659654 -0.92940694
  0.26688355  0.67342865 -1.9485096   0.8842699 ]
[ 0.3796505   0.09042541  0.4443923   0.5414605   2.0470445  -0.10063412
 -0.28426242 -0.46996397 -0.74135077 -1.5568264   0.790713   -0.84745467
  0.16979277  0.6326128  -2.0104353   0.8811555 ]
[ 0.26009578  0.09230933  0.503733    0.5985539   1.9370639  -0.06454663
 -0.26652235 -0.40631208 -0.6942085  -1.5502675   0.6811453  -0.76931995
  0.1624623   0.7016597  -2.073321    0.85253906]
[ 0.2741682   0.19788712  0.46395597  0.47014886  1.9126046  -0.14023738
 -0.23040871 -0.45099068 -0.73616403 -1.6883618   0.8407507  -0.8530591
  0.19567642  0.6791456  -1.9439732   0.97874784]
[ 0.23362036  0.20787875  0.39023247  0.4568638   1.9227352  -0.16011706
 -0.25500885 -0.48458156 -0.73220193 -1.698041    0.8940589  -0.943892
  0.24109156  0.7471031  -1.9270598   1.0812418 ]
[ 0.30351266  0.1816319   0.4117764   0.5204197   1.898037   -0.13492303
 -0.20636351 -0.50595176 -0.7560121  -1.6497881   0.83517015 -0.9254261
  0.19435522  0.7641821  -1.9972079   1.0389721 ]
[ 0.29534718  0.1862284   0.43454447  0.58602035  1.9304619  -0.09097393
 -0.2564524  -0.49131447 -0.72786343 -1.6168883   0.7910756  -0.8314829
  0.12013865  0.7057459  -2.0500958   0.9861495 ]
[ 0.2036221   0.18182696  0.4722023   0.6619737   1.8967928  -0.04981307
 -0.2926014  -0.42951664 -0.68368876 -1.5649319   0.67542017 -0.70249665
  0.09863277  0.7262352  -2.1127906   0.8870155 ]
[ 0.0611768   0.19535525  0.40707922  0.68061966  2.0205617  -0.02266762
 -0.42739233 -0.44627985 -0.637673   -1.6041263   0.72985744 -0.69059765
  0.15653351  0.6766418  -2.0602145   0.93111324]
[-0.03743576  0.13811092  0.31525317  0.751367    2.1709619   0.02668629
 -0.5476067  -0.46916324 -0.579104   -1.5885956   0.74979335 -0.72081745
  0.22141027  0.6359042  -2.0275748   0.9316519 ]
[ 0.045791    0.12025113  0.30591416  0.78558433  2.1264606   0.02685658
 -0.4837276  -0.50510687 -0.62802845 -1.567826    0.77035594 -0.75372475
  0.18195672  0.70346636 -2.0700626   0.91116667]
[ 0.04809783  0.15390265  0.33366632  0.780945    2.0830505   0.04533469
 -0.48587617 -0.4871459  -0.60883075 -1.5767729   0.75616074 -0.72214067
  0.13059166  0.67560595 -2.0725782   0.9156702 ]
[ 0.14167932  0.18370213  0.33759582  0.7484886   1.932841   -0.01542358
 -0.31030622 -0.50829995 -0.693027   -1.579908    0.77346325 -0.76773393
  0.09194466  0.8154489  -2.109668    0.9289541 ]
[ 0.16041827  0.19589666  0.39734405  0.7424375   1.8145252  -0.00368099
 -0.22595935 -0.490311   -0.7174808  -1.5691204   0.68627477 -0.75911605
  0.1188094   0.85801697 -2.1386456   0.8996533 ]
[ 0.22986034  0.11745092  0.38301963  0.75949687  1.8745058  -0.01675546
 -0.2056767  -0.5272845  -0.74716675 -1.5287691   0.67876095 -0.7954527
  0.14753309  0.8216895  -2.1123936   0.8896445 ]
[ 0.2610603   0.02684483  0.4353158   0.7818304   1.8881642   0.01113717
 -0.234767   -0.49090847 -0.72857046 -1.4202671   0.5673731  -0.73399353
  0.13051115  0.79148924 -2.1747832   0.8556875 ]
[ 0.2276607   0.02025042  0.5075651   0.8106035   1.8560911   0.05364627
 -0.28351894 -0.4188149  -0.6772968  -1.3662316   0.44141668 -0.6212621
  0.09150486  0.77042687 -2.2447376   0.79696697]
[ 0.13871233  0.10833794  0.48103914  0.7713192   1.9284636   0.0111859
 -0.36993474 -0.39407057 -0.6531342  -1.489014    0.54804015 -0.61170214
  0.08842321  0.719215   -2.1697237   0.8599712 ]
[ 0.01105669  0.18824717  0.42584944  0.7100009   2.0191987  -0.01415172
 -0.49510917 -0.38263094 -0.60616237 -1.6417574   0.68228716 -0.64695966
  0.14550078  0.6053502  -2.018877    0.99061453]
[-0.00622542  0.20065565  0.3508385   0.7511715   2.047874   -0.00737914
 -0.47613686 -0.44244432 -0.59650105 -1.6481802   0.731591   -0.7315556
  0.13677554  0.6596573  -2.0304894   1.0353101 ]
[ 0.09103136  0.19359285  0.34532246  0.7855929   1.9883118   0.01118197
 -0.39645272 -0.46783066 -0.6042179  -1.5740589   0.70513093 -0.7447567
  0.0617559   0.7041853  -2.1132991   0.98785955]
[ 0.09653912  0.15838777  0.36607218  0.78479683  2.0292296   0.05701821
 -0.43907198 -0.43238717 -0.5499749  -1.5078992   0.6417288  -0.7167589
  0.05556802  0.6413277  -2.1484609   0.93546647]
[ 0.211399    0.11817437  0.33524984  0.7815201   2.0228891   0.01480963
 -0.35319072 -0.4489614  -0.5834071  -1.4388702   0.6511017  -0.7093404
  0.03458015  0.71525943 -2.2502742   0.8670578 ]
[ 0.21915321  0.16354086  0.4116148   0.7426696   2.0021455   0.01532757
 -0.36277717 -0.41527978 -0.5865652  -1.4462277   0.613002   -0.65712947
  0.01826518  0.7120613  -2.2719123   0.8084074 ]
[ 0.15268485  0.20067498  0.3857197   0.70850164  2.0910594   0.01151389
 -0.44612962 -0.4247132  -0.5703804  -1.5433967   0.7257361  -0.684492
  0.05846649  0.6265055  -2.1701684   0.8458575 ]
[ 0.07061689  0.16156688  0.3315916   0.6564257   2.2399073  -0.01145999
 -0.5461491  -0.4400277  -0.5402271  -1.6221304   0.8275908  -0.77187973
  0.18082091  0.5440475  -2.0072362   0.8959669 ]
[ 0.15412843  0.15071817  0.3439376   0.6418403   2.1895347  -0.02686732
 -0.46482563 -0.48255497 -0.5868459  -1.5900382   0.8452052  -0.8146881
  0.16853555  0.5992012  -2.0336132   0.87420905]
[ 0.13656187  0.11253228  0.3746885   0.6175009   2.1552606   0.00349335
 -0.44552127 -0.47323817 -0.60464984 -1.5557859   0.79334706 -0.8348751
  0.27651295  0.6453835  -2.0408244   0.80457056]
[ 0.3260024   0.05224832  0.36115474  0.5331187   2.086007   -0.11892933
 -0.25616366 -0.5099142  -0.7577095  -1.5431054   0.84023535 -0.9413266
  0.35032973  0.758231   -2.011961    0.7951932 ]
[ 0.3725708   0.09184168  0.42447653  0.45671648  2.0277638  -0.15404543
 -0.24104531 -0.5045886  -0.82250357 -1.5715173   0.8651072  -0.9371541
  0.30297816  0.741827   -1.9443077   0.85700303]
[ 0.4029603   0.1261311   0.49495873  0.49469408  1.8730395  -0.11709132
 -0.13675573 -0.4937439  -0.84560287 -1.5622436   0.7838049  -0.86423665
  0.23832014  0.7654106  -1.9802227   0.78345704]
[ 0.35396284  0.14469811  0.5278978   0.47460374  1.8473212  -0.12636408
 -0.16145416 -0.46493188 -0.8293772  -1.6256377   0.76962405 -0.8781578
  0.25997168  0.7339791  -1.9479307   0.8880826 ]
[ 0.2968108   0.13766262  0.48207778  0.47634286  1.8548553  -0.15179203
 -0.18799439 -0.48843485 -0.8636362  -1.6660273   0.83274287 -0.9441468
  0.292853    0.7755464  -1.8789068   1.0019734 ]
[ 0.35138863  0.07803705  0.5483176   0.52165955  1.7800286  -0.08870223
 -0.13652046 -0.49478596 -0.8858946  -1.5731348   0.7045185  -0.8801898
  0.30094814  0.7762116  -1.9390522   0.90312564]
[ 0.33822814 -0.03655986  0.59471303  0.57441366  1.8283697  -0.03466499
 -0.18009298 -0.48644716 -0.86534584 -1.4839699   0.54507864 -0.8198024
  0.38088188  0.72528523 -1.9410381   0.8247425 ]
[ 0.19962789  0.03127855  0.47844225  0.60240805  1.9245179  -0.06947235
 -0.33560133 -0.44874257 -0.8066765  -1.5635713   0.65228426 -0.7807064
  0.33626586  0.7194193  -1.9184923   0.94786626]
[ 0.03432306  0.02947737  0.5371629   0.62427473  1.9982342   0.02671105
 -0.5084177  -0.3318778  -0.6642299  -1.5298176   0.4731174  -0.629643
  0.31587332  0.612126   -1.9038509   0.8861922 ]
[ 0.01887382  0.1265291   0.38343292  0.7380923   1.9914852   0.02017534
 -0.46795362 -0.39683652 -0.6061696  -1.5608025   0.6155583  -0.6624507
  0.20276466  0.6859107  -2.051522    0.934096  ]
[ 5.1397007e-02  1.2140455e-01  2.9187232e-01  8.1876022e-01
  1.9736131e+00 -1.2115396e-03 -3.9336041e-01 -4.5152751e-01
 -5.9701240e-01 -1.5497911e+00  6.6870105e-01 -7.7371335e-01
  1.7217907e-01  7.9772931e-01 -2.1116786e+00  9.5511711e-01]
[ 0.10497835  0.09337535  0.3104629   0.8369573   1.9657532   0.03461452
 -0.35943308 -0.45963627 -0.5885952  -1.4787633   0.6180371  -0.772894
  0.14706598  0.80588233 -2.1751719   0.88742447]
[ 0.13957706  0.02861194  0.35653368  0.8869982   1.9595706   0.09349311
 -0.3574069  -0.43110734 -0.55375284 -1.3669269   0.5096983  -0.7294332
  0.13255522  0.8003403  -2.2712214   0.76784694]
[ 0.27845326 -0.01668813  0.43188825  0.8204085   1.9177834   0.09686567
 -0.2396282  -0.4330669  -0.59565663 -1.2561014   0.43481502 -0.67759246
  0.11710465  0.83471155 -2.365759    0.6111667 ]
[ 0.38200963  0.05415686  0.44379377  0.6865696   1.9856657   0.01248121
 -0.23428965 -0.45925435 -0.6774038  -1.3707039   0.6167799  -0.7243719
  0.09854288  0.744672   -2.2645495   0.66515744]
[ 0.3357708   0.12258483  0.43860775  0.60951257  1.9722755  -0.05082023
 -0.24187449 -0.45589668 -0.7044326  -1.501227    0.73459464 -0.7602855
  0.13163419  0.7454039  -2.1582823   0.7441215 ]
[ 0.26562715  0.1888049   0.43709508  0.5282501   1.9281187  -0.10284469
 -0.22457126 -0.47490588 -0.7452971  -1.615909    0.8255085  -0.8353685
  0.21823156  0.7795094  -2.037118    0.82981026]
[ 0.30299133  0.18768647  0.42844373  0.41049975  1.9372135  -0.15960553
 -0.22674784 -0.5196287  -0.8108276  -1.6576971   0.9068366  -0.96256125
  0.29698157  0.79279345 -1.9081237   0.9508499 ]
[ 0.36232626  0.100053    0.47169694  0.46932587  1.9212544  -0.1222106
 -0.18546903 -0.5344435  -0.85902756 -1.5620806   0.79208857 -0.95438826
  0.31626028  0.7768289  -1.9202049   0.89520454]
[ 0.4349187   0.03267095  0.5231126   0.540022    1.9012668  -0.08758361
 -0.18992043 -0.50714487 -0.8504139  -1.5137398   0.7033437  -0.88580334
  0.28701386  0.69558644 -1.9499947   0.83090246]
[ 4.1142005e-01 -3.9026738e-04  5.8086491e-01  5.7495290e-01
  1.8319061e+00 -6.1512895e-02 -1.7514375e-01 -4.3451715e-01
 -7.9790437e-01 -1.4716074e+00  5.7615328e-01 -7.9086691e-01
  2.6884890e-01  6.6951591e-01 -1.9597203e+00  7.3981953e-01]
[ 0.28091815  0.08217774  0.51281726  0.5450266   1.8661757  -0.09132192
 -0.21980715 -0.3983348  -0.74326503 -1.5580509   0.62475747 -0.7760013
  0.26999223  0.69084173 -1.9217937   0.80180514]
[ 0.14936435  0.04521228  0.4712904   0.52110356  2.0874572  -0.06269781
 -0.3907707  -0.37280947 -0.63972884 -1.5549884   0.6026107  -0.8021368
  0.3437686   0.577861   -1.8896196   0.884095  ]
[ 0.27995425  0.06893847  0.35818788  0.5996833   2.1380649  -0.08867517
 -0.33292478 -0.4826731  -0.6557759  -1.5394887   0.771309   -0.8819021
  0.22922221  0.637309   -2.0320377   0.89947176]
[ 0.24733464  0.02539021  0.38896662  0.66708004  2.1568832  -0.02043023
 -0.37333784 -0.46234503 -0.6158525  -1.4930928   0.7232787  -0.80780363
  0.22351876  0.58972037 -2.081612    0.7962287 ]
[ 0.27331582  0.07277317  0.42224494  0.6036562   2.0347466  -0.04566418
 -0.27662754 -0.45628828 -0.6551588  -1.4742767   0.71652216 -0.7781881
  0.20182273  0.7304824  -2.1552277   0.7474333 ]
[ 0.27416387  0.11451156  0.39023095  0.48072523  2.0877583  -0.1015067
 -0.29405627 -0.48960003 -0.7065832  -1.5543474   0.84511393 -0.8410503
  0.29040936  0.70853525 -2.016688    0.7752449 ]
[ 0.25623384  0.09467683  0.33323902  0.4803904   2.134842   -0.13092346
 -0.3344466  -0.50582075 -0.73062444 -1.5726283   0.90671283 -0.9232416
  0.34490854  0.73903656 -1.9731823   0.84602034]
[ 0.33243972  0.07588471  0.38489264  0.54572046  2.0306823  -0.10916092
 -0.22146647 -0.5402491  -0.80813855 -1.5332355   0.8438512  -0.91765225
  0.3359551   0.79160607 -1.9994881   0.75024927]
[ 0.38851228  0.13629755  0.47056016  0.4845435   1.8792751  -0.12202436
 -0.15203552 -0.5376183  -0.8678892  -1.5632652   0.8261417  -0.9245189
  0.28933126  0.8073208  -1.9550076   0.804167  ]
[ 0.45465055  0.10233948  0.5514971   0.5552417   1.7079376  -0.08464067
 -0.02338481 -0.5353442  -0.91833466 -1.4948065   0.6917385  -0.8962922
  0.27217802  0.8469636  -2.0001445   0.7315629 ]
[ 0.44182682  0.04255351  0.58047724  0.5596759   1.7118254  -0.06914684
 -0.04558278 -0.5246178  -0.9435314  -1.4977468   0.6610492  -0.9130781
  0.312285    0.8222839  -1.938517    0.7618308 ]
[ 0.5536397  -0.03502329  0.6922206   0.58440363  1.5941114  -0.01266906
  0.03215251 -0.5222322  -0.9520441  -1.3940399   0.4845794  -0.8365534
  0.30290756  0.79269266 -1.9848268   0.6583458 ]
[ 0.52036    -0.0813155   0.70738494  0.5593224   1.7148333   0.01260788
 -0.09620691 -0.49165958 -0.88744783 -1.4111241   0.44309855 -0.81003773
  0.3506222   0.6530624  -1.9184711   0.6944567 ]
[ 0.33589384 -0.0327478   0.6266228   0.56742936  1.8414911  -0.0254808
 -0.24458718 -0.4077645  -0.80012053 -1.4936224   0.4788552  -0.7413053
  0.35702366  0.5956734  -1.8612792   0.7678155 ]
[ 0.09195931  0.03409617  0.57780385  0.4930195   2.0683627  -0.01780761
 -0.48641095 -0.33085635 -0.6934448  -1.582104    0.5462983  -0.692114
  0.35103673  0.49222437 -1.7644119   0.8818361 ]
[ 0.04739607  0.10455015  0.44933614  0.59420794  2.1103168  -0.03746248
 -0.47328082 -0.4001705  -0.6475563  -1.6062101   0.6610273  -0.7161237
  0.28399178  0.5650295  -1.9137815   0.9500744 ]
[ 0.07894991  0.13236398  0.34852272  0.6322592   2.1363137  -0.06397206
 -0.46599856 -0.48723632 -0.6767894  -1.6407131   0.8220682  -0.8121772
  0.25649637  0.6445097  -1.9403273   1.0080274 ]
[ 0.04526297  0.09765069  0.34201926  0.7435676   2.1034744  -0.01045999
 -0.43668252 -0.5294854  -0.70561016 -1.5898416   0.7783737  -0.78560364
  0.25434053  0.71898377 -1.9987481   0.942412  ]
[ 0.05186657  0.10551076  0.34330204  0.7170922   2.0645447   0.02523354
 -0.4138426  -0.5569528  -0.74197483 -1.5584779   0.7554743  -0.7760598
  0.2871217   0.7578425  -1.9993455   0.90744   ]
[ 0.12626043  0.10976267  0.34385377  0.7534422   1.9231468   0.02471668
 -0.2838149  -0.56645715 -0.79051983 -1.4956932   0.70517236 -0.76443195
  0.27272534  0.90767926 -2.1136432   0.8131048 ]
[ 0.18523186  0.04282295  0.32363653  0.7627082   1.9701443   0.00342228
 -0.27345842 -0.61365634 -0.8365656  -1.4684496   0.72417367 -0.8162783
  0.29109874  0.9050711  -2.0472808   0.8128165 ]
[ 0.21408477  0.03776685  0.38224426  0.8173313   1.8846737   0.05214096
 -0.25442475 -0.5622679  -0.8520187  -1.4246746   0.5963252  -0.7361231
  0.23664013  0.8871641  -2.0912225   0.77716386]
[ 0.1816707   0.02465442  0.4830956   0.87314093  1.723615    0.08695877
 -0.1888331  -0.5011615  -0.89895535 -1.403431    0.44010916 -0.6974355
  0.27319062  0.99144256 -2.1366398   0.7112987 ]
[ 0.16552404 -0.02898723  0.50082797  0.90313065  1.7204275   0.0969007
 -0.19384173 -0.46826228 -0.87954795 -1.3927912   0.37260324 -0.6959694
  0.30696908  0.9309576  -2.0962822   0.721737  ]
[ 0.2708473  -0.14148207  0.506379    0.91835225  1.6517828   0.0635096
 -0.12864798 -0.46645918 -0.8918389  -1.3231452   0.3235578  -0.70162046
  0.33062452  0.9306509  -2.112897    0.73227084]
[ 0.29808775 -0.2780431   0.63805705  0.9088677   1.5820625   0.14585221
 -0.16232838 -0.3185534  -0.75369704 -1.1325951   0.00457675 -0.5488788
  0.30260533  0.8304676  -2.193695    0.6362318 ]
[ 0.30896375 -0.18712446  0.59469926  0.841568    1.677743    0.08249177
 -0.19479151 -0.31735608 -0.69966567 -1.2235835   0.15056285 -0.5658198
  0.22649634  0.76222366 -2.1955066   0.70021397]
[ 0.20788474 -0.03417414  0.5560836   0.7796191   1.8014367   0.02780037
 -0.31892353 -0.29026175 -0.60836804 -1.3619363   0.28441355 -0.5391705
  0.16261461  0.66977257 -2.1297328   0.7582846 ]
[ 0.10551312  0.0734415   0.4599862   0.79035455  1.9522717   0.00961827
 -0.40332085 -0.31439024 -0.55381554 -1.4610751   0.44131398 -0.5672115
  0.11581214  0.66030395 -2.1613014   0.82058734]
[-0.00968806  0.12112293  0.3706893   0.80292845  2.1142707   0.05576022
 -0.56116533 -0.33911684 -0.47363535 -1.5121758   0.55469847 -0.587752
  0.13164443  0.5856002  -2.1384768   0.8550943 ]
[ 0.08307902  0.05757457  0.32140714  0.8389369   2.1584477   0.05860566
 -0.52947515 -0.4185977  -0.5461457  -1.4719934   0.62895596 -0.6366946
  0.1168227   0.650344   -2.1814494   0.8373512 ]
[ 0.06449405  0.04104281  0.31572953  0.82687795  2.1347444   0.08301665
 -0.56309044 -0.33433372 -0.49718413 -1.4093924   0.5610479  -0.5623562
  0.12295792  0.6274938  -2.236465    0.7907375 ]
[ 0.21266846 -0.0450903   0.29556522  0.82069576  2.1506703  -0.0102222
 -0.39250627 -0.43460554 -0.66240126 -1.3943428   0.6355495  -0.6716982
  0.22024374  0.7297068  -2.2151563   0.722174  ]
[ 0.18754128 -0.01647793  0.39249182  0.7734693   2.0209825  -0.02910946
 -0.32804853 -0.3849942  -0.6910284  -1.4106796   0.55538595 -0.661994
  0.2787032   0.7695452  -2.196395    0.7013578 ]
[ 0.29791787  0.00273712  0.39179453  0.69653267  1.9820553  -0.11120369
 -0.23104754 -0.45889392 -0.8074192  -1.5154308   0.66741    -0.8165571
  0.32833797  0.7846615  -2.038058    0.79145694]
[ 0.31162345 -0.01390905  0.47268096  0.66467375  1.9038576  -0.11040545
 -0.21066508 -0.43545595 -0.8431389  -1.5218527   0.60094804 -0.8258036
  0.3431145   0.7392932  -1.946146    0.83735687]
[ 0.37575704 -0.07104497  0.53726685  0.6863653   1.7830927  -0.09394608
 -0.12536845 -0.4251376  -0.88144684 -1.4498984   0.5091579  -0.8020937
  0.3186761   0.7960075  -1.9978899   0.8042142 ]
[ 0.41351452 -0.1767341   0.6577756   0.72300947  1.7243294   0.02109137
 -0.13151231 -0.39748457 -0.8391603  -1.3182324   0.29991522 -0.69917536
  0.331781    0.716499   -2.0545192   0.6878151 ]
[ 0.4045117  -0.18224654  0.6486654   0.7142783   1.8044761   0.01439306
 -0.2321086  -0.3674999  -0.76056445 -1.3205369   0.2981375  -0.6540786
  0.29129127  0.6277187  -2.074412    0.7488346 ]
[ 0.27747688 -0.12366134  0.58719665  0.71334654  1.9304316   0.00856093
 -0.39195862 -0.3020706  -0.6548947  -1.3815273   0.3242457  -0.5996996
  0.288022    0.5390109  -2.007991    0.75745314]
[ 0.08380771 -0.02495596  0.45523018  0.69194186  2.0545433  -0.03301595
 -0.50745255 -0.24838503 -0.59103465 -1.5265367   0.4630682  -0.6033327
  0.29286945  0.53308016 -1.9452492   0.87493247]
[-0.01616985  0.02514148  0.42408094  0.65225106  2.167645   -0.02874811
 -0.6054584  -0.25701657 -0.54549617 -1.5560362   0.5308481  -0.6078792
  0.30181065  0.52430695 -1.9260174   0.88740003]
[ 0.08948765  0.012736    0.33283082  0.8096368   2.1927843  -0.01768295
 -0.50722843 -0.404133   -0.5786403  -1.5138676   0.646583   -0.7072581
  0.2215122   0.61397135 -2.1003513   0.8777733 ]
[ 0.13357309 -0.01610987  0.31048235  0.8300916   2.1888385  -0.01844616
 -0.46254587 -0.41885462 -0.5960268  -1.4829514   0.653376   -0.704696
  0.20705059  0.62504256 -2.1267266   0.8443152 ]
[ 0.20455638 -0.02083153  0.2948807   0.7973786   2.1166196  -0.05501185
 -0.35275    -0.4460783  -0.65992844 -1.4477583   0.67119324 -0.72043765
  0.195593    0.7236823  -2.1680768   0.8321272 ]
[ 0.15602772 -0.00847629  0.3473278   0.79451954  2.0143805  -0.02063909
 -0.31880817 -0.41939998 -0.6626185  -1.3953059   0.5736971  -0.66766626
  0.23255157  0.79408646 -2.2202046   0.76350677]
[ 0.25082523 -0.02631871  0.32669216  0.726597    2.0491223  -0.06861012
 -0.25175261 -0.50755084 -0.7919668  -1.4508622   0.67193687 -0.79068816
  0.34658188  0.8238082  -2.1070437   0.76207274]
[ 0.3205955  -0.05344577  0.3736311   0.67561233  2.0379224  -0.08749052
 -0.23495083 -0.50712407 -0.8487133  -1.4312205   0.6406716  -0.82443845
  0.3598507   0.79012835 -2.041162    0.79432285]
[ 0.34412313 -0.07313876  0.41668406  0.76000553  1.9548149  -0.03967291
 -0.20021465 -0.47631997 -0.83962744 -1.3580517   0.5352353  -0.73881876
  0.3037098   0.7740267  -2.1006284   0.6989266 ]
[ 0.28709665 -0.04685484  0.5120671   0.81541836  1.8048338   0.03902537
 -0.15445572 -0.42938584 -0.8154065  -1.282902    0.37061673 -0.6876259
  0.27564895  0.83417064 -2.166481    0.60336655]
[ 0.3693726  -0.00646292  0.55162084  0.6931119   1.8266256  -0.02080864
 -0.12354697 -0.47534123 -0.8708596  -1.3770683   0.4833103  -0.7683212
  0.3036665   0.74503094 -2.0296578   0.6600708 ]
[ 0.4216582  -0.04084869  0.53379124  0.6481363   1.8845196  -0.03567139
 -0.14066908 -0.50897443 -0.9110586  -1.3549054   0.52765715 -0.7996836
  0.33246154  0.7449979  -1.9890448   0.6475422 ]
[ 0.4611763  -0.17314108  0.64886415  0.6736123   1.8426489   0.07342324
 -0.17248136 -0.4996973  -0.9018656  -1.22861     0.34410727 -0.69195753
  0.4348958   0.6717911  -2.0168443   0.48682755]
[ 0.37222353 -0.16341111  0.6541394   0.64434355  2.0152164   0.0847076
 -0.30369312 -0.4586698  -0.8666328  -1.2678179   0.37163717 -0.67372
  0.41813993  0.5400833  -1.9195936   0.5076396 ]
[ 0.28312358 -0.061032    0.56977826  0.5996205   2.0647414   0.00585867
 -0.32575887 -0.4350924  -0.8634157  -1.415369    0.5190499  -0.7232924
  0.41092134  0.5738572  -1.865133    0.62148535]
[ 0.14495365 -0.01785714  0.576171    0.5043556   2.1497529  -0.00599432
 -0.42489767 -0.4191455  -0.8296715  -1.4994857   0.58289105 -0.7303212
  0.43689188  0.5315632  -1.7478426   0.71159756]
[ 0.18980995  0.01044779  0.48849717  0.47748145  2.1626427  -0.06860527
 -0.3828967  -0.49376696 -0.8680998  -1.5632942   0.7406844  -0.8558723
  0.43516326  0.5657392  -1.7146854   0.84341794]
[ 0.26597333 -0.02417488  0.5046078   0.5147343   2.0501223  -0.07522913
 -0.2959471  -0.5017074  -0.9105013  -1.5345904   0.6707425  -0.88595563
  0.47443572  0.6368886  -1.74086     0.8174574 ]
[ 0.33970958 -0.08540152  0.50677687  0.5339842   1.9722602  -0.10484345
 -0.22894606 -0.50361556 -0.96438867 -1.4926226   0.6071713  -0.9181941
  0.5181709   0.7140859  -1.735994    0.80782115]
[ 0.30366832 -0.12905535  0.53574526  0.5585068   1.9659439  -0.0511062
 -0.24624033 -0.46277118 -0.9346153  -1.4500284   0.5157368  -0.8548311
  0.5280051   0.6789919  -1.739595    0.7456912 ]
[ 0.24461761 -0.18542203  0.63511163  0.5524965   1.9856026   0.01779317
 -0.3158351  -0.36727852 -0.8517564  -1.3607178   0.31767505 -0.7230794
  0.5419008   0.60928535 -1.8011833   0.6623131 ]
[ 0.25603873 -0.170809    0.5462703   0.62734663  2.057616   -0.00248382
 -0.30489928 -0.4374857  -0.8386017  -1.358502    0.43229073 -0.746388
  0.50009334  0.6598748  -1.932771    0.6724702 ]
[ 0.27799612 -0.05564649  0.42804432  0.5887537   2.1158442  -0.08470862
 -0.323052   -0.4705375  -0.8393648  -1.4600985   0.66145635 -0.81482905
  0.38618734  0.6584725  -1.9221098   0.81834507]
[ 0.28664604 -0.01281545  0.47939557  0.65189075  1.969393   -0.0503436
 -0.2342521  -0.4521543  -0.8361918  -1.4332774   0.5747117  -0.7448816
  0.33544844  0.71933186 -2.0140269   0.72303265]
[ 0.24602318  0.00673282  0.4742859   0.62616163  1.9307537  -0.06780765
 -0.20044926 -0.4676134  -0.8641078  -1.4575154   0.5803297  -0.79144084
  0.40490708  0.78351235 -1.9845508   0.74394906]
[ 0.3115026   0.0218284   0.4450968   0.5851299   1.9375875  -0.10392924
 -0.18893495 -0.5120971  -0.9003501  -1.4580276   0.6564479  -0.8727986
  0.3719102   0.7994336  -1.9324963   0.805339  ]
[ 0.40318584 -0.02417914  0.5213478   0.67736423  1.8416443  -0.02625255
 -0.12744302 -0.51954335 -0.92970276 -1.3696005   0.5253916  -0.80068034
  0.33627212  0.78131473 -1.9920437   0.66363263]
[ 0.4195693  -0.11633657  0.6257101   0.7298133   1.7984657   0.07225414
 -0.1501642  -0.50392854 -0.8980366  -1.2674873   0.3499788  -0.709827
  0.3728445   0.7271984  -2.0197215   0.5253374 ]
[ 0.37354484 -0.11438391  0.623264    0.7091921   1.9026673   0.05590997
 -0.21544056 -0.45227656 -0.84075785 -1.2972562   0.385182   -0.6813362
  0.30663824  0.6238279  -1.9941075   0.5722858 ]
[ 0.2604665  -0.06142924  0.61121845  0.66515344  1.9566475   0.0466591
 -0.2775202  -0.42060733 -0.8197299  -1.3837655   0.42751008 -0.6883284
  0.36012334  0.6247128  -1.9500288   0.6077247 ]
[ 0.20931664 -0.07155492  0.5702345   0.62195987  2.0746615   0.00882208
 -0.3497272  -0.4379881  -0.81867456 -1.4409454   0.50265586 -0.73515373
  0.441442    0.58678496 -1.8741308   0.67331153]
[ 0.18059541 -0.07963894  0.46554708  0.5517168   2.1983624  -0.04876195
 -0.40424013 -0.47126085 -0.8364538  -1.5157814   0.65666413 -0.8313093
  0.506205    0.55951756 -1.7732422   0.8071076 ]
[ 0.16950236 -0.05875074  0.46237636  0.5611384   2.1226206  -0.06228054
 -0.36983132 -0.45893034 -0.8568841  -1.5062015   0.64977485 -0.81324756
  0.5015284   0.6412997  -1.8130356   0.79527485]
[ 0.19932067 -0.06934668  0.5226156   0.6005862   2.0513299  -0.00903124
 -0.31906456 -0.44913658 -0.84403497 -1.4568231   0.5237634  -0.7506065
  0.46101013  0.6577449  -1.8746688   0.71895343]
[ 0.20786974 -0.00699042  0.42721096  0.5522677   2.030618   -0.11007486
 -0.322753   -0.4402638  -0.83048594 -1.5591295   0.67461556 -0.8590765
  0.41417012  0.69965017 -1.8180649   0.9098188 ]
[ 0.34568715  0.02531833  0.466851    0.639609    1.8056513  -0.11511815
 -0.1623239  -0.43862408 -0.8341792  -1.5256279   0.6281408  -0.82157993
  0.28267807  0.7962296  -1.9884093   0.8620863 ]
[ 0.2836757  -0.07524413  0.57154846  0.716544    1.7277387  -0.03230794
 -0.14040527 -0.39478612 -0.8333483  -1.4229723   0.40347463 -0.7513655
  0.36420745  0.801232   -2.014423    0.7594148 ]
[ 0.35548714 -0.08742676  0.5115806   0.68660784  1.7466274  -0.1002958
 -0.12687536 -0.43962416 -0.8851248  -1.430887    0.49525768 -0.8247639
  0.35070562  0.8713261  -2.008238    0.85100937]
[ 0.39780408 -0.23093691  0.6485957   0.74675393  1.7479665   0.05326921
 -0.21275142 -0.41001663 -0.8153694  -1.2724469   0.24306397 -0.64386594
  0.36626774  0.71837914 -2.0930512   0.71560425]
[ 0.27356237 -0.1856867   0.56404847  0.77858466  1.8671929   0.04454144
 -0.32583815 -0.36153266 -0.75133294 -1.299412    0.27801633 -0.58196676
  0.34479287  0.6767739  -2.095398    0.7350799 ]
[ 0.12745449 -0.112029    0.48240194  0.76433927  1.9639037   0.00795145
 -0.4084095  -0.3194585  -0.6966441  -1.3797758   0.37102365 -0.5725666
  0.3298522   0.69855565 -2.070372    0.77791756]
[ 0.05791908 -0.02001993  0.43050724  0.76373494  2.0058835  -0.00681953
 -0.4266897  -0.34649163 -0.67406607 -1.4659693   0.47382587 -0.6116859
  0.31889838  0.71915036 -2.058025    0.80599135]
[ 0.08727763 -0.0027732   0.358081    0.7940727   2.0317433  -0.02294304
 -0.40484634 -0.43194923 -0.7039278  -1.5072782   0.582487   -0.72998583
  0.3197538   0.7502677  -2.0183964   0.8670906 ]
[ 0.14148787 -0.08444506  0.3588712   0.9187673   1.9373243   0.01833172
 -0.32394788 -0.43880683 -0.7408837  -1.3898995   0.4482011  -0.7085222
  0.31607062  0.8425417  -2.112452    0.78334326]
[ 3.4335786e-01 -1.7039959e-01  3.6635607e-01  9.5109254e-01
  1.7840652e+00 -1.2213275e-03 -1.3623019e-01 -4.6098375e-01
 -8.2988816e-01 -1.2319133e+00  3.4268612e-01 -6.9188845e-01
  2.6641411e-01  9.7038794e-01 -2.2396972e+00  6.9996840e-01]
[ 0.30430633 -0.24095798  0.5069957   0.9445788   1.733573    0.13505065
 -0.21021597 -0.35474148 -0.75115293 -1.0651271   0.09228905 -0.5400505
  0.26900297  0.90226614 -2.3292255   0.5603749 ]
[ 0.28315577 -0.28108096  0.53864413  0.91655666  1.818321    0.11975093
 -0.25511497 -0.33895776 -0.7563869  -1.0885224   0.11582649 -0.5349051
  0.376297    0.8082531  -2.266372    0.49823484]
[ 0.27415222 -0.19829273  0.5378739   0.8273166   1.8912522   0.04680323
 -0.2423824  -0.35077885 -0.80608004 -1.2325451   0.2556282  -0.6070894
  0.38151795  0.7951452  -2.1671932   0.550625  ]
[ 0.2258915  -0.09474711  0.572648    0.71779     1.8917634  -0.02576278
 -0.26065248 -0.33122003 -0.8423794  -1.4196428   0.36742464 -0.65038425
  0.3917013   0.7404661  -1.9948146   0.6729114 ]
[ 0.20082207 -0.05356918  0.5589139   0.7349667   1.8513005  -0.07220159
 -0.23952934 -0.3439883  -0.8478795  -1.5021896   0.4326488  -0.7061173
  0.3828057   0.75843257 -1.9824321   0.79253584]
[ 0.20206542 -0.1164986   0.55867577  0.7444533   1.8467004  -0.06855115
 -0.25211018 -0.35489035 -0.8619903  -1.5039651   0.42308527 -0.73801744
  0.409594    0.7298006  -1.9235252   0.87162095]
[ 0.23223686 -0.2371444   0.6563877   0.80797756  1.7637434   0.0062409
 -0.28713349 -0.27472633 -0.7462266  -1.3719473   0.20274648 -0.6176271
  0.38289627  0.62986165 -2.0124764   0.8289609 ]
[ 0.22668116 -0.25494334  0.7051628   0.7858032   1.731377    0.07810966
 -0.3718497  -0.20832717 -0.6599649  -1.284747    0.06740929 -0.52126014
  0.32365227  0.6006514  -2.0547361   0.8007784 ]
[ 0.14201958 -0.11640396  0.5907253   0.7973224   1.7958002   0.02927079
 -0.4204175  -0.2312268  -0.63049483 -1.4017975   0.20531619 -0.51554084
  0.26951715  0.6470383  -2.0469196   0.853737  ]
[-0.06433932  0.0059227   0.52313066  0.72682464  1.9798943   0.05118445
 -0.6544145  -0.15505266 -0.51734173 -1.51846     0.27219397 -0.43000573
  0.2413306   0.5744322  -1.9491034   0.8864502 ]
[-0.15079835  0.08613253  0.37182665  0.87607384  2.072205    0.07264327
 -0.7134073  -0.21817884 -0.4324873  -1.52547     0.41911656 -0.4243111
  0.14615092  0.6113237  -2.1510377   0.93303645]
[-0.11502633  0.03446043  0.2925776   0.98638     2.1717513   0.09623182
 -0.69004333 -0.3471621  -0.49649906 -1.4970015   0.5583798  -0.5223237
  0.15175906  0.6633481  -2.1918728   0.87367153]
[-0.11236139  0.03537366  0.26425114  1.0138752   2.128323    0.14394656
 -0.67863274 -0.3488093  -0.5017853  -1.4474866   0.54325426 -0.49784398
  0.14864147  0.70664394 -2.232677    0.8015024 ]
[-0.08791576  0.0405223   0.25762075  1.0068635   2.0327868   0.14005543
 -0.6029253  -0.32268795 -0.5289958  -1.4342058   0.48647982 -0.50746876
  0.18661508  0.77143973 -2.2433515   0.7713548 ]
[ 0.08870853 -0.0395963   0.2729175   1.033107    1.8995647   0.04397944
 -0.35031945 -0.3675556  -0.6534977  -1.3775679   0.43273386 -0.58317834
  0.20275405  0.8957647  -2.2786295   0.7455376 ]
[ 0.20948176 -0.10862797  0.34208375  1.0514967   1.8207433   0.01602472
 -0.23566225 -0.38358253 -0.7018858  -1.3174007   0.34191993 -0.60717124
  0.18611337  0.883745   -2.2571263   0.72397804]
[ 0.26023874 -0.17356719  0.4430727   0.9921231   1.7320621   0.02238068
 -0.1980745  -0.34936196 -0.7139917  -1.262014    0.2733333  -0.5661682
  0.19674721  0.86354095 -2.252699    0.693184  ]
[ 0.18120596 -0.26615492  0.60098046  0.9627701   1.598408    0.13528214
 -0.28728294 -0.17146608 -0.5791848  -1.1253961  -0.01772596 -0.4126524
  0.23356827  0.8333465  -2.3305616   0.60180044]
[ 0.21358077 -0.27729577  0.6895255   0.9007616   1.7095833   0.14285904
 -0.33581764 -0.21269555 -0.621764   -1.1686022  -0.01207865 -0.42632955
  0.2770329   0.72283614 -2.2501485   0.60536456]
[ 0.14013031 -0.1051232   0.6720232   0.78157777  1.8494368   0.11768405
 -0.46408352 -0.24018049 -0.6209531  -1.4091299   0.1805003  -0.46458513
  0.26610363  0.57601804 -2.0380173   0.72198105]
[-0.02721937  0.05082581  0.5549236   0.6931678   1.9759197   0.06435214
 -0.6076481  -0.17628653 -0.5387291  -1.6054783   0.3692802  -0.46592698
  0.23811471  0.46708998 -1.8923992   0.87076664]
[-0.07171289  0.10446791  0.49058288  0.73513675  1.9826615   0.0309794
 -0.5919892  -0.19089302 -0.5011559  -1.5913285   0.43210593 -0.48576346
  0.1738424   0.5117528  -2.0065842   0.95063436]
[ 0.01237971  0.04046576  0.41850376  0.8746465   1.9827656   0.00767907
 -0.48934516 -0.30706555 -0.5636008  -1.5268649   0.47810715 -0.61268294
  0.16715762  0.6396481  -2.1070437   0.9571069 ]
[ 0.11449718 -0.04179987  0.37865928  0.9463045   1.9938562  -0.00541688
 -0.42789906 -0.32398778 -0.5575284  -1.422381    0.41305882 -0.6199812
  0.12985888  0.65686274 -2.1809838   0.91777265]
[ 0.26651496 -0.02787488  0.31469688  0.92567647  1.9229755  -0.04895318
 -0.3066759  -0.3339228  -0.56667805 -1.3440077   0.42594653 -0.59710705
 -0.00885403  0.75708044 -2.3201346   0.9117322 ]
[ 0.1028466   0.0163411   0.37096962  0.9096977   1.9244642   0.03445045
 -0.4649884  -0.15605383 -0.3758352  -1.2920831   0.27161837 -0.4281599
 -0.06855546  0.6859025  -2.4056158   0.8445465 ]
[ 0.02531626  0.12044857  0.3483574   0.85184157  2.0758789   0.02191976
 -0.5657243  -0.22319059 -0.37313262 -1.4467514   0.5020872  -0.50184095
 -0.05270866  0.6057146  -2.3203511   0.90259284]
[ 0.05887121  0.12700005  0.32535845  0.76862776  2.2452912  -0.02589283
 -0.6155529  -0.32181972 -0.4229106  -1.5638161   0.72254884 -0.6253109
  0.02279441  0.5092477  -2.1653194   0.9309436 ]
[ 0.07014381  0.09309176  0.32919186  0.77516395  2.255384   -0.01455167
 -0.6280193  -0.31519952 -0.4253232  -1.5366883   0.7290398  -0.6372796
  0.03955851  0.50287217 -2.1616635   0.89222777]
[ 0.10644992  0.07191397  0.3219744   0.72230387  2.2425282  -0.04465815
 -0.54631126 -0.35167184 -0.4879939  -1.553137    0.7535474  -0.703464
  0.14368394  0.53363734 -2.1159735   0.8742441 ]
[ 0.25097612  0.0489486   0.27881595  0.63783944  2.1949177  -0.15009148
 -0.3451769  -0.44892272 -0.6547237  -1.5739537   0.8352793  -0.8217672
  0.23393059  0.6624745  -2.06954     0.888035  ]
[ 0.22530374  0.06685778  0.3078868   0.5516556   2.2153761  -0.15079908
 -0.37547436 -0.4738009  -0.69797975 -1.5859594   0.8517189  -0.8390716
  0.3079559   0.6394986  -1.9730123   0.8977237 ]
[ 0.28776032  0.06560718  0.3138762   0.5596851   2.1256773  -0.14760184
 -0.30182585 -0.48340577 -0.7594265  -1.5545075   0.820453   -0.84365624
  0.28579134  0.7154545  -1.9924179   0.8758928 ]
[ 0.3128447   0.02743659  0.35485     0.6242394   2.0588822  -0.11429252
 -0.28147286 -0.45865917 -0.7649452  -1.5343025   0.7337455  -0.8099855
  0.26387817  0.7067814  -2.0139706   0.8616537 ]
[ 3.15066278e-01 -1.54332817e-03  3.82731825e-01  7.04187512e-01
  1.97776294e+00 -1.01579085e-01 -2.39480287e-01 -4.33865160e-01
 -7.57215440e-01 -1.50464988e+00  6.61489427e-01 -7.74656177e-01
  2.30720550e-01  7.06452012e-01 -2.04598856e+00  8.46443534e-01]
[ 0.30883136 -0.01724901  0.44361085  0.7358479   1.8597994  -0.07221417
 -0.1722223  -0.4441093  -0.80070513 -1.4679536   0.58177376 -0.7749219
  0.2566476   0.79815006 -2.0896907   0.81873035]
[ 0.35479897 -0.08620782  0.5485469   0.70138943  1.820513   -0.04970149
 -0.1552181  -0.42518073 -0.8332173  -1.4196211   0.45064974 -0.75525445
  0.32495904  0.7425064  -2.0401988   0.78443587]
[ 0.41648164 -0.11658289  0.500086    0.68111295  1.9149185  -0.0808605
 -0.22598155 -0.42882147 -0.7896358  -1.4234135   0.5163462  -0.7739618
  0.2750958   0.6750172  -2.0417025   0.8671099 ]
[ 0.3267138  -0.14030401  0.53914225  0.72965807  1.8891331  -0.03472003
 -0.29472908 -0.33536085 -0.6987532  -1.3581523   0.38255847 -0.64414746
  0.28116426  0.6292729  -2.0671768   0.7581352 ]
[ 0.18704517 -0.04459846  0.4951868   0.67394745  2.0006392  -0.03702139
 -0.41717392 -0.2660597  -0.6098876  -1.4502196   0.40885344 -0.5994844
  0.2578737   0.58521235 -2.0159154   0.7983573 ]
[ 0.06426206  0.02071963  0.43058863  0.65808856  2.1316652  -0.04582132
 -0.5150348  -0.27592504 -0.5344278  -1.5320046   0.5289831  -0.6186491
  0.25985664  0.54192114 -1.9937067   0.8482895 ]
[ 0.12015098  0.02986296  0.32095605  0.7400727   2.1941667  -0.06408887
 -0.4731508  -0.4012344  -0.5804675  -1.5519825   0.710952   -0.74730754
  0.2282279   0.59261227 -2.0524497   0.9024636 ]
[ 1.4715835e-01 -7.8030524e-04  3.0490008e-01  7.9243004e-01
  2.1897261e+00 -2.7601948e-02 -4.5078951e-01 -4.2254004e-01
 -5.9562451e-01 -1.4769247e+00  6.7301160e-01 -7.1674633e-01
  2.0948920e-01  6.2938339e-01 -2.1246314e+00  8.3575755e-01]
[ 0.25725108 -0.01523064  0.29318863  0.7743601   2.1051517  -0.05274638
 -0.3217156  -0.44938007 -0.6797017  -1.4089221   0.66801834 -0.7063119
  0.20354867  0.7496117  -2.2047887   0.7500049 ]
[ 0.2081939  -0.02285154  0.4034647   0.769559    2.037633   -0.01889473
 -0.3327824  -0.39509788 -0.68650687 -1.40676     0.5691668  -0.6692301
  0.24430704  0.7435714  -2.1927333   0.7095987 ]
[ 0.29902038  0.01917057  0.36951998  0.6935871   2.0491862  -0.11550101
 -0.27405876 -0.45551902 -0.76988304 -1.5374866   0.7230746  -0.79826444
  0.24884877  0.716886   -2.0374846   0.8343166 ]
[ 0.29793695  0.0998766   0.42266074  0.5950693   1.9351943  -0.13714169
 -0.2440767  -0.43866763 -0.78861046 -1.6006186   0.75282854 -0.7933778
  0.21304063  0.70872515 -1.958561    0.9036999 ]
[ 0.22535789  0.00466091  0.51299447  0.6554744   1.8531523  -0.07269999
 -0.21056004 -0.40580964 -0.80375385 -1.5135831   0.54496294 -0.74578947
  0.31967744  0.75022614 -1.9798765   0.83114135]
[ 0.2944621  -0.04304801  0.45035     0.65952075  1.8711731  -0.1409663
 -0.18386297 -0.44782272 -0.85986406 -1.5043293   0.59123856 -0.83227843
  0.3496545   0.82217216 -1.9734682   0.9151484 ]
[ 0.32664928 -0.1554934   0.5345491   0.7091225   1.8808258  -0.06693594
 -0.25517502 -0.42747125 -0.8269251  -1.4146197   0.4466208  -0.72559655
  0.35838673  0.75180686 -2.022305    0.85098904]
[ 0.21787545 -0.18828776  0.599088    0.773024    1.8758554   0.07686026
 -0.39607802 -0.30096895 -0.69553924 -1.318209    0.19789995 -0.5240971
  0.33253932  0.62322634 -2.0369995   0.7267264 ]
[ 0.0427063  -0.03543489  0.46745148  0.73750883  2.0247219   0.0432419
 -0.5321493  -0.2410126  -0.5672674  -1.4581587   0.3767134  -0.5078796
  0.23548365  0.5576035  -2.0048432   0.829594  ]
[-0.02709164  0.03630269  0.39938468  0.76192486  2.0512366   0.01176044
 -0.5405414  -0.26889545 -0.5324635  -1.5123034   0.4776197  -0.5579635
  0.2407228   0.6097085  -2.040832    0.8610547 ]
[ 5.9119165e-02  2.4029880e-03  3.3023864e-01  8.6376840e-01
  2.0555229e+00 -7.1562530e-04 -4.2927399e-01 -4.1062039e-01
 -6.2549698e-01 -1.4749486e+00  5.6644905e-01 -6.9699901e-01
  2.6915783e-01  7.5863779e-01 -2.1346376e+00  8.3470201e-01]
[ 0.17256281 -0.04740965  0.34837392  0.92173165  2.0252728   0.04649012
 -0.36571524 -0.45022112 -0.68348014 -1.3800459   0.47382897 -0.67563945
  0.2637987   0.77744925 -2.1869044   0.72404504]
[ 0.3306412  -0.09657542  0.37121016  0.9145955   1.9546131   0.03688163
 -0.2492936  -0.46822008 -0.75526905 -1.2781608   0.43097958 -0.6522258
  0.2125727   0.8326521  -2.2696743   0.64543474]
[ 0.22639844 -0.10722487  0.4467569   0.9156133   1.8928849   0.09615519
 -0.30331594 -0.36544165 -0.6847819  -1.1940746   0.29995304 -0.53578454
  0.1851826   0.8219794  -2.3360863   0.59976214]
[ 0.20417714 -0.06058335  0.48632854  0.8547036   1.9028416   0.06122331
 -0.30056995 -0.38689232 -0.73358977 -1.2981844   0.39823374 -0.59095573
  0.24395004  0.7950103  -2.240849    0.62311506]
[ 0.21406095 -0.02409177  0.52505004  0.787472    1.8891891   0.03474241
 -0.26559085 -0.42657608 -0.8074442  -1.4023275   0.46456417 -0.689829
  0.31836197  0.77872336 -2.0952616   0.65877277]
[ 0.29327273 -0.05542496  0.52322257  0.68213856  1.9622838  -0.058656
 -0.27200156 -0.462919   -0.87005883 -1.5214329   0.5732535  -0.8174299
  0.39016688  0.66134727 -1.8790048   0.81644785]
[ 0.3005028  -0.086408    0.5561347   0.7037263   1.844196   -0.05315213
 -0.20014718 -0.45458207 -0.9109273  -1.4831642   0.5214073  -0.82381284
  0.3895524   0.73970795 -1.8932078   0.8145014 ]
[ 0.33487853 -0.16573127  0.6531061   0.6863414   1.7607914   0.02208373
 -0.16072729 -0.42654    -0.8972136  -1.349474    0.3229753  -0.74052715
  0.45154214  0.73053414 -1.9392716   0.67693424]
[ 0.29096422 -0.19463082  0.63922566  0.6380065   1.9314282   0.05144085
 -0.30557692 -0.42233855 -0.8252697  -1.3615572   0.30508894 -0.71656924
  0.476613    0.61479676 -1.8915637   0.7325886 ]
[ 0.21499714 -0.09763084  0.48870382  0.626267    2.0905755  -0.05635282
 -0.4069667  -0.40833026 -0.76987875 -1.4639895   0.5213743  -0.7692655
  0.40812674  0.6303135  -1.8924811   0.85182726]
[ 0.15271786 -0.04199929  0.45966014  0.72236925  2.013119   -0.00236855
 -0.4175133  -0.3348847  -0.6836294  -1.4391187   0.45547742 -0.59983635
  0.32226604  0.63957137 -2.0167432   0.7349087 ]
[ 0.02986741 -0.00460179  0.44833502  0.67015755  2.125895    0.00355183
 -0.5279976  -0.30785012 -0.63495255 -1.5179431   0.5064365  -0.6039135
  0.35107136  0.60375756 -1.956308    0.7807091 ]
[ 0.13624498  0.01903205  0.35022837  0.80123866  2.0742671  -0.02457348
 -0.39959678 -0.41650623 -0.6779411  -1.5314195   0.63335615 -0.7195115
  0.26464236  0.70993876 -2.0774293   0.82437116]
[ 0.14786132 -0.04049785  0.3930419   0.81981677  2.0381668  -0.02676116
 -0.36280507 -0.41737494 -0.69962007 -1.4845679   0.57930744 -0.73475325
  0.2725696   0.700356   -2.06395     0.84544545]
[ 0.28544107 -0.07027074  0.3874377   0.8026891   1.9191784  -0.07494236
 -0.19471535 -0.44121942 -0.7648744  -1.3980772   0.5491459  -0.73320454
  0.23100014  0.8040541  -2.13799     0.8003352 ]
[ 0.27137    -0.08436547  0.48841858  0.8091418   1.8417332   0.01004967
 -0.20096867 -0.3909689  -0.7305697  -1.3057709   0.3848827  -0.6490451
  0.21804297  0.78411734 -2.1991467   0.7144618 ]
[ 0.27849394 -0.08509846  0.52957666  0.7137477   1.9516617  -0.02110009
 -0.28583845 -0.414028   -0.7253129  -1.3920757   0.45136324 -0.668574
  0.30238694  0.661351   -2.0769467   0.74240077]
[ 0.2548556  -0.04171136  0.43361396  0.7072345   2.0067036  -0.08243278
 -0.3230751  -0.4139282  -0.7380246  -1.4622507   0.5655066  -0.692873
  0.29092568  0.70608443 -2.0500062   0.8040414 ]
[ 0.0594877  -0.05983205  0.46925315  0.73538697  2.0588417   0.05997306
 -0.49696955 -0.27173638 -0.60494834 -1.408391    0.34174746 -0.53659356
  0.32622147  0.59269446 -2.0296013   0.72984344]
[ 0.07624275 -0.0226424   0.4232176   0.7709483   2.090951    0.04164319
 -0.48167658 -0.30662245 -0.59068733 -1.4288733   0.42197472 -0.58491063
  0.28622165  0.6106144  -2.0846083   0.7437666 ]
[ 0.20780373 -0.03859502  0.3898173   0.825524    2.0787663  -0.00663314
 -0.36375332 -0.4290827  -0.6773059  -1.4241617   0.55687606 -0.70614976
  0.24910423  0.70555675 -2.1532948   0.748744  ]
[ 0.18780637 -0.05254655  0.4558111   0.8070906   2.061377    0.028124
 -0.38842973 -0.41022515 -0.6872618  -1.385684    0.5066891  -0.6693114
  0.2935353   0.660892   -2.1261926   0.6787707 ]
[ 0.28230956 -0.05212517  0.512444    0.8030518   1.8860772   0.02447037
 -0.23215203 -0.42170364 -0.7951654  -1.3083618   0.42084652 -0.65540475
  0.27818805  0.8011354  -2.1913896   0.6055429 ]
[ 0.33511066 -0.06014445  0.58190376  0.7035794   1.9373732   0.00598044
 -0.25463915 -0.44028386 -0.8427871  -1.4117063   0.4617762  -0.7126501
  0.34328645  0.6785753  -2.01396     0.6480206 ]
[ 0.29775846 -0.05707446  0.5136019   0.67824036  2.000929   -0.06729693
 -0.283772   -0.42745337 -0.82960844 -1.463672    0.5669691  -0.7690748
  0.3220416   0.6625856  -1.9579293   0.77716434]
[ 0.23589239 -0.07795915  0.60700506  0.68084735  1.8845339   0.00994385
 -0.2525426  -0.38733476 -0.82008344 -1.388446    0.41322628 -0.67264915
  0.3639024   0.68148845 -1.9781824   0.65987474]
[ 0.1907467  -0.11384211  0.6324705   0.66121113  1.9825338   0.0575135
 -0.33155018 -0.4072383  -0.8271775  -1.3999186   0.38407063 -0.68309844
  0.45072713  0.6145008  -1.9063841   0.6553141 ]
[ 0.19521949 -0.11229585  0.54688096  0.6529918   2.1002421  -0.0068505
 -0.42190403 -0.43045574 -0.8075777  -1.5094193   0.5071243  -0.78116596
  0.47965822  0.5436176  -1.7978563   0.80758655]
[ 0.2399569  -0.05586169  0.5069434   0.673232    1.9897152  -0.0454323
 -0.3717605  -0.38379878 -0.7760864  -1.5264256   0.53537273 -0.74024296
  0.35157135  0.6045349  -1.8771759   0.8422653 ]
[ 0.10195875 -0.04123158  0.5834432   0.67350835  1.915918    0.03151724
 -0.41147533 -0.29235104 -0.70765924 -1.4906704   0.37161332 -0.61800873
  0.33733413  0.6301189  -1.8918701   0.7739531 ]
[ 0.068669   -0.04406238  0.48498154  0.7276377   2.0028605   0.00940468
 -0.43733525 -0.33792087 -0.6924942  -1.5015728   0.4620579  -0.66342765
  0.35815254  0.62490296 -1.9443175   0.8501164 ]
[ 0.20104475 -0.10478093  0.42643347  0.7937691   2.0638676  -0.01978954
 -0.37381905 -0.4329339  -0.70576316 -1.4434249   0.5301657  -0.7487465
  0.30655015  0.65206856 -2.0421364   0.86397946]
[ 0.29978865 -0.08465     0.39453173  0.77690905  1.9833333  -0.0666634
 -0.267117   -0.4358415  -0.7307272  -1.4175215   0.56497806 -0.72450864
  0.23291178  0.7441079  -2.1401296   0.83504075]
[ 0.16109642 -0.07053081  0.46859807  0.7256257   2.0148203  -0.01028002
 -0.39249152 -0.3338117  -0.6584264  -1.393321    0.4276812  -0.6000333
  0.29227096  0.65455353 -2.0827262   0.7609705 ]
[ 0.10395266 -0.00768116  0.39999196  0.7216814   2.0881054  -0.03018608
 -0.42451072 -0.35090137 -0.6394298  -1.4734846   0.53141946 -0.62658095
  0.29387444  0.6734365  -2.0760047   0.7816564 ]
[ 0.15410075  0.03185393  0.33063307  0.73838264  2.1192691  -0.06124044
 -0.41503844 -0.41267842 -0.6591791  -1.5479934   0.66764045 -0.7257309
  0.25287396  0.6770258  -2.0445259   0.8627566 ]
[ 0.15154016  0.00833621  0.3582951   0.8437191   2.0553455  -0.00580252
 -0.37758124 -0.42282563 -0.6551987  -1.5036827   0.60068417 -0.71481115
  0.19833711  0.6885458  -2.108502    0.8508846 ]
[ 0.2784801   0.00444686  0.3500463   0.83362055  1.9423176  -0.0419907
 -0.23830327 -0.43571424 -0.6881554  -1.4200798   0.5816083  -0.695838
  0.12230293  0.76176274 -2.2057936   0.816617  ]
[ 0.2646091  -0.07141377  0.44447556  0.8521406   1.8611816   0.00868642
 -0.23055008 -0.38725108 -0.68060887 -1.2961454   0.4084421  -0.6376958
  0.18264407  0.80226743 -2.2664304   0.70670825]
[ 3.0085388e-01 -1.4678013e-01  4.7978887e-01  7.9538018e-01
  1.9812248e+00  1.7640367e-03 -2.7064127e-01 -4.2009887e-01
 -7.1809846e-01 -1.2936604e+00  4.1398472e-01 -6.6697824e-01
  3.0439597e-01  7.2225356e-01 -2.1919053e+00  6.6740167e-01]
[ 0.2944949  -0.05976833  0.4460977   0.65392053  2.074266   -0.08654878
 -0.33140332 -0.4350396  -0.7792657  -1.4324362   0.6069652  -0.71651924
  0.3319971   0.6717297  -2.0267894   0.7502588 ]
[ 0.15347703 -0.07317966  0.5353237   0.6861288   2.0281863   0.02168689
 -0.42115507 -0.33186504 -0.7190815  -1.4235723   0.40866143 -0.5833558
  0.35780272  0.6236002  -1.9828415   0.6819599 ]
[ 0.03671465  0.00779536  0.48717624  0.68528634  2.0733304   0.00252371
 -0.47713247 -0.3210706  -0.6871128  -1.5631357   0.51239645 -0.6241901
  0.36556715  0.60109603 -1.9221895   0.78900254]
[ 0.13246512  0.02799687  0.44510722  0.7186135   2.0307121  -0.04999412
 -0.38150972 -0.41739258 -0.7330403  -1.5899277   0.6310471  -0.75864035
  0.3054934   0.64837694 -1.9469115   0.9064164 ]
[ 0.23043981 -0.05897315  0.46658373  0.80973864  1.873859   -0.0296721
 -0.22898073 -0.45265827 -0.8009599  -1.4617906   0.5313612  -0.7607591
  0.28888226  0.76276463 -2.0395827   0.8347963 ]
[ 0.34972662 -0.11582879  0.529363    0.7913405   1.7747952  -0.02300179
 -0.15539446 -0.42881432 -0.8143667  -1.3815054   0.41914344 -0.73067534
  0.27442765  0.75575894 -2.0824459   0.80081576]
[ 0.3732702  -0.15589502  0.6406185   0.72971123  1.7568991   0.0216442
 -0.21761611 -0.37495273 -0.7716402  -1.3489453   0.279406   -0.65601414
  0.29828364  0.66951776 -2.0691867   0.78792405]
[ 0.24081855 -0.09365215  0.5596212   0.75530064  1.8589752   0.01310246
 -0.34485817 -0.32203433 -0.66854256 -1.3862991   0.3149273  -0.5887669
  0.24858403  0.6372963  -2.0579104   0.7990962 ]
[ 0.00533916 -0.00317183  0.45638523  0.72517765  2.0568216   0.04901802
 -0.5861191  -0.22889455 -0.51513755 -1.4735129   0.38143152 -0.5128084
  0.2368267   0.5406474  -2.011991    0.84981024]
[-0.02895064  0.08655933  0.366939    0.7761775   2.163447    0.06436102
 -0.64214194 -0.29101768 -0.46578717 -1.5122802   0.51889837 -0.53676414
  0.18270472  0.5332355  -2.094252    0.8487255 ]
[ 0.07057254  0.0624926   0.30213904  0.8526743   2.188514    0.03607416
 -0.55537593 -0.40404573 -0.5473286  -1.4982121   0.65690166 -0.6577491
  0.16207609  0.6216124  -2.1643505   0.8413148 ]
[ 0.04125801  0.04901055  0.2918082   0.87125075  2.1471207   0.04719259
 -0.53008044 -0.40440083 -0.5652195  -1.4729722   0.6331658  -0.6502558
  0.20297067  0.6751901  -2.1722615   0.80219287]
[ 0.21037617 -0.00407849  0.2709055   0.85302484  2.0526416  -0.02459523
 -0.3095721  -0.47814125 -0.69842947 -1.4084074   0.64568377 -0.7195651
  0.21601152  0.8242997  -2.2113068   0.74427235]
[ 0.18315049 -0.01616205  0.3488335   0.8186102   2.021038    0.01271288
 -0.30628794 -0.45369267 -0.7149787  -1.3512529   0.5548924  -0.6812068
  0.2748691   0.8010561  -2.2021937   0.67129636]
[ 0.32888293 -0.05443279  0.39356124  0.7792345   2.0407953  -0.04050568
 -0.23442893 -0.49820304 -0.8099022  -1.3845184   0.60000455 -0.75062907
  0.2764743   0.7701722  -2.1131833   0.6564284 ]
[ 0.34784788 -0.06047915  0.48807794  0.75827146  1.9859743  -0.02851565
 -0.22150569 -0.465419   -0.8236887  -1.412023    0.5618842  -0.7346293
  0.27193886  0.707944   -2.067966    0.6510689 ]
[ 0.2673866   0.00777373  0.6056137   0.6672123   1.8977749  -0.01528524
 -0.23233292 -0.4330152  -0.84567416 -1.4935099   0.5339046  -0.73237395
  0.33195847  0.6663877  -1.9348876   0.6692349 ]
[ 0.18926355 -0.00651916  0.5981099   0.62563074  1.9080741  -0.02213531
 -0.24488917 -0.43569723 -0.8856741  -1.5406451   0.5270237  -0.7615409
  0.4237678   0.6810209  -1.8334671   0.7409383 ]
[ 0.15225807 -0.07769251  0.53360087  0.52339095  2.0794365  -0.08587772
 -0.34095487 -0.4139525  -0.8576959  -1.496659    0.5449408  -0.8401987
  0.48061657  0.63826317 -1.7428303   0.87203807]
[ 0.3751823  -0.14500228  0.53937376  0.6826916   1.9596946  -0.02344411
 -0.24991956 -0.4160451  -0.78331405 -1.344909    0.42397618 -0.69846374
  0.30880532  0.62838316 -2.044925    0.74985105]
[ 0.25014538 -0.07305555  0.6126015   0.6887704   1.9631647   0.06675564
 -0.39309758 -0.34408188 -0.66443527 -1.3568971   0.34088275 -0.5590925
  0.2629164   0.5275268  -2.022181    0.661019  ]
[ 0.10633099  0.04724948  0.48054296  0.6390549   2.0821524   0.01235577
 -0.48301047 -0.3449304  -0.62368125 -1.5005668   0.5443123  -0.60840183
  0.26877534  0.51173943 -1.94855     0.78268415]
[ 0.00657731  0.08933527  0.42180848  0.6201283   2.1470883   0.0073144
 -0.53496486 -0.36438447 -0.62997293 -1.5605527   0.60414445 -0.6180688
  0.33955675  0.52483225 -1.8945984   0.80975664]
[ 1.2067084e-01  1.6058683e-03  3.5539812e-01  7.1326923e-01
  2.1635261e+00 -2.7873199e-02 -4.1226500e-01 -5.0112629e-01
 -7.6363087e-01 -1.4871430e+00  6.8052244e-01 -7.7111030e-01
  3.7787336e-01  6.9142330e-01 -1.9545996e+00  7.7871364e-01]
[ 0.27215266 -0.0914978   0.35601956  0.80736685  2.0985382  -0.02224244
 -0.29201275 -0.50459313 -0.81156504 -1.3539261   0.57858527 -0.7296525
  0.30989817  0.7683799  -2.093352    0.6685135 ]
[ 0.29165858 -0.09642402  0.44745272  0.81506747  2.0033605   0.00311986
 -0.26571316 -0.4578519  -0.823431   -1.3417542   0.48952088 -0.66434824
  0.28757292  0.7338259  -2.1079564   0.6450099 ]
[ 0.1680949  -0.04707338  0.55214965  0.772349    1.9021432   0.05169703
 -0.27917248 -0.37942538 -0.7914969  -1.352186    0.37145692 -0.6201537
  0.3125216   0.7438017  -2.057489    0.61246216]
[ 0.16949466 -0.01582511  0.5109845   0.6353427   2.0093827  -0.01142837
 -0.33038458 -0.40234938 -0.7887435  -1.4937109   0.5105964  -0.7346802
  0.40192533  0.61141783 -1.8608124   0.7541463 ]
[ 0.2596299  -0.05968718  0.48893374  0.62277734  1.9678462  -0.08135518
 -0.24633837 -0.4480818  -0.8745872  -1.4794576   0.55441135 -0.81616306
  0.41580573  0.7263278  -1.8583746   0.79402745]
[ 0.3087245  -0.14480221  0.5675368   0.63558614  1.9538186  -0.05048445
 -0.2611031  -0.40572706 -0.85416603 -1.3829025   0.41648102 -0.73876154
  0.42769614  0.70188826 -1.9363365   0.72474146]
[ 0.3157702  -0.21987872  0.6861892   0.70771724  1.886586    0.08496469
 -0.33893627 -0.31404495 -0.73505706 -1.2923101   0.1747433  -0.53962374
  0.38251752  0.5960571  -2.0348449   0.5977544 ]
[ 0.16640946 -0.1475099   0.6072906   0.69875014  2.0309818   0.0746676
 -0.4940371  -0.23612168 -0.6407126  -1.4152658   0.26985618 -0.5175363
  0.33499557  0.4954334  -1.95174     0.6868592 ]
[ 0.09193619 -0.04606933  0.5189271   0.6860053   2.0538013  -0.0184147
 -0.48896003 -0.23579744 -0.62545276 -1.5325079   0.43721193 -0.5705979
  0.29017538  0.526297   -1.9410073   0.821187  ]
[ 0.04302163 -0.03239334  0.4721055   0.6882226   2.059182   -0.04512043
 -0.5020281  -0.24939242 -0.62307584 -1.5582336   0.4921105  -0.6099144
  0.3200298   0.52932584 -1.9351984   0.9208412 ]
[ 0.13147363 -0.09157244  0.4376956   0.8064314   2.004412   -0.06115847
 -0.37264088 -0.3624012  -0.7265917  -1.4904724   0.48346376 -0.7035214
  0.33390626  0.6821202  -2.0238526   0.92146385]
[ 0.22773588 -0.18874907  0.4444096   0.8322647   1.9685681  -0.09542868
 -0.32698467 -0.3590053  -0.7357954  -1.4245493   0.42045468 -0.67949224
  0.3348754   0.70245373 -2.0756202   0.9222752 ]
[ 0.24481928 -0.20802486  0.4160499   0.89756376  1.9025853  -0.07770421
 -0.3178794  -0.3121008  -0.7169754  -1.3511738   0.34264502 -0.57364815
  0.2722965   0.7570816  -2.1692772   0.85921115]
[ 0.03583097 -0.15451726  0.44880852  0.8757375   1.9559839   0.0446057
 -0.5095713  -0.16646802 -0.5825958  -1.330678    0.19274679 -0.4351856
  0.24372873  0.688588   -2.1528869   0.8131255 ]
[-0.05044182 -0.09364755  0.39333877  0.9155742   2.0435767   0.03652481
 -0.5430696  -0.21029294 -0.5351426  -1.3949445   0.29275745 -0.45865315
  0.24774309  0.6946336  -2.178293    0.8076971 ]
[ 0.01000261 -0.08747523  0.32551628  1.0024238   2.097683    0.01660507
 -0.50199544 -0.35155228 -0.5984605  -1.4302361   0.45225114 -0.57574475
  0.25764295  0.74286944 -2.2072086   0.81373376]
[-0.03020598 -0.07094936  0.34659833  0.99645245  2.0969288   0.08926727
 -0.5500579  -0.3502523  -0.59368235 -1.4111893   0.42710313 -0.54114854
  0.27796754  0.7253686  -2.192935    0.74487513]
[ 0.00795701 -0.08792279  0.3599121   1.0111089   2.0026155   0.12620533
 -0.49389642 -0.29974312 -0.59989023 -1.3210213   0.31048995 -0.5025102
  0.24184468  0.76556915 -2.2459347   0.6884223 ]
[ 0.11864258 -0.15387079  0.3753776   1.0535372   1.8849434   0.07408214
 -0.3210144  -0.29880184 -0.6482862  -1.2513682   0.22761865 -0.5042001
  0.21303706  0.8412592  -2.3130708   0.66391885]
[ 2.6668373e-01 -1.2654456e-01  3.7063581e-01  9.9475640e-01
  1.8562968e+00 -1.6392485e-03 -2.2651117e-01 -3.6908430e-01
 -7.2150266e-01 -1.3060635e+00  3.5537189e-01 -5.8058184e-01
  1.6870704e-01  8.1869829e-01 -2.2528615e+00  7.1626657e-01]
[ 0.15109695 -0.17131379  0.49130028  0.97976387  1.716314    0.05571345
 -0.25548097 -0.2556957  -0.65637803 -1.2216132   0.17634234 -0.501411
  0.22329397  0.8590561  -2.2913966   0.6602082 ]
[ 0.17822075 -0.23323055  0.5265567   0.9162425   1.7571542   0.08181279
 -0.2538697  -0.29383653 -0.6992267  -1.1955637   0.13958646 -0.52108413
  0.36134315  0.79642606 -2.2049918   0.60226023]
[ 0.3086952  -0.22262254  0.540088    0.8123201   1.8873011  -0.04155595
 -0.24315143 -0.35516196 -0.7882492  -1.31259     0.29846546 -0.6055971
  0.36447945  0.7330051  -2.1151693   0.69959986]
[ 0.13603818 -0.18338835  0.67227334  0.79677904  1.8455575   0.1470941
 -0.42901558 -0.20399694 -0.64023095 -1.2925278   0.07170568 -0.42082357
  0.31584236  0.61096966 -2.0826912   0.61619806]
[ 0.05224582 -0.04930656  0.60281736  0.76496935  1.90116     0.07594144
 -0.4705493  -0.18044913 -0.59070814 -1.4407278   0.2309238  -0.43219104
  0.24245343  0.613415   -2.0512538   0.6948125 ]
[-0.0741758   0.06981403  0.53947544  0.7287613   1.9824957   0.03440151
 -0.55653936 -0.18173936 -0.53327215 -1.6030939   0.3928333  -0.48634118
  0.25418502  0.5192437  -1.9530119   0.8361661 ]
[-1.34124905e-02 -3.82563774e-03  4.86022651e-01  8.18461597e-01
  1.98442841e+00 -1.44288386e-03 -4.63914067e-01 -2.97920167e-01
 -6.10367358e-01 -1.56568265e+00  4.57421362e-01 -6.28612876e-01
  2.83086717e-01  6.21848226e-01 -1.99530768e+00  8.98747444e-01]
[ 0.06852269 -0.05746949  0.50704753  0.9052187   1.910094    0.05908431
 -0.44280896 -0.2988335  -0.56941664 -1.4486797   0.34833008 -0.57675886
  0.17881547  0.645203   -2.1184738   0.8578563 ]
[ 0.13803859 -0.08155821  0.52469283  0.86102563  1.8998266   0.0833353
 -0.4612236  -0.26446372 -0.5251685  -1.371322    0.2638318  -0.5234062
  0.13136236  0.6197731  -2.179927    0.85301936]
[ 0.08968185 -0.09455478  0.4714957   0.9068347   1.889919    0.0929088
 -0.47207698 -0.1814317  -0.44933453 -1.2734034   0.17963144 -0.39184493
  0.05613246  0.7080692  -2.3231404   0.7562537 ]
[-0.03112548  0.03511134  0.40051228  0.803584    2.084146    0.07628338
 -0.67483467 -0.18986854 -0.41778913 -1.4565487   0.39671433 -0.4181508
  0.13631633  0.54973394 -2.1734443   0.84827346]
[-0.05076358  0.07621584  0.34151822  0.85065806  2.1499107   0.07690671
 -0.69591856 -0.23971161 -0.42884177 -1.493384    0.51603734 -0.46310702
  0.12448406  0.561756   -2.2053447   0.8476965 ]
[ 0.01005334  0.00715496  0.29970664  0.9364999   2.2071006   0.05364057
 -0.61347944 -0.35090157 -0.5317733  -1.4680264   0.5821627  -0.5707825
  0.17992736  0.61018693 -2.1851106   0.79934645]
[ 0.07725407  0.01667248  0.2933651   0.9511067   2.1275392   0.05318189
 -0.5294997  -0.3639523  -0.5602304  -1.4268439   0.5453377  -0.58246624
  0.15818392  0.65594536 -2.2186723   0.7685496 ]
[ 0.22972313 -0.03029377  0.29280144  0.93957347  2.0042949  -0.00940685
 -0.32945314 -0.40808597 -0.64896286 -1.367091    0.5179718  -0.635108
  0.16459452  0.7519992  -2.241565    0.73294324]
[ 0.301572   -0.12253809  0.37755758  0.89658177  1.9598427  -0.04574621
 -0.24677816 -0.41693348 -0.73211825 -1.3239075   0.4510878  -0.67180634
  0.2503458   0.75428915 -2.1620572   0.6924139 ]
[ 0.38507852 -0.22500372  0.4672126   0.86876076  1.9681956  -0.0333292
 -0.24256527 -0.42829555 -0.7794269  -1.2533402   0.36724538 -0.65607405
  0.2889585   0.7211555  -2.152073    0.66272295]
[ 0.27913633 -0.2397708   0.576374    0.79219836  2.0174327   0.05806584
 -0.39181107 -0.35327935 -0.74008864 -1.2532413   0.28077477 -0.5626564
  0.35881016  0.5759011  -2.067542    0.62736017]
[ 0.19031163 -0.23784688  0.59358394  0.7283915   2.1113544   0.05948371
 -0.476161   -0.29883942 -0.7233902  -1.300712    0.30112305 -0.5800532
  0.40327057  0.5272499  -1.9832838   0.6440997 ]
[ 0.10490444 -0.16396292  0.52689564  0.6861653   2.1505256   0.0075126
 -0.44784746 -0.35353526 -0.771871   -1.4327993   0.4445571  -0.66627896
  0.48322955  0.558614   -1.8761295   0.7116699 ]
[ 0.1552738  -0.04495839  0.4398448   0.5614149   2.1683965  -0.09150232
 -0.4028736  -0.4218689  -0.841389   -1.5514047   0.6482277  -0.7829289
  0.44572917  0.5826883  -1.7508379   0.8541397 ]
[ 0.17270093 -0.06521516  0.4437495   0.5792526   2.1042361  -0.08982672
 -0.36662608 -0.3866093  -0.80793333 -1.499377    0.5555339  -0.7828919
  0.43723083  0.64188963 -1.8274513   0.8601034 ]
[ 0.35033238 -0.11903073  0.41479263  0.75461656  1.9702505  -0.11079749
 -0.2123116  -0.41876912 -0.8221656  -1.3900756   0.47941947 -0.7673737
  0.34461194  0.73274887 -2.0250444   0.7841908 ]
[ 0.38455266 -0.21314254  0.47351566  0.760801    1.9569533  -0.07106082
 -0.23012738 -0.40059328 -0.80334455 -1.3158427   0.40044823 -0.7102197
  0.3416358   0.6906322  -2.0529633   0.75105613]
[ 0.25720954 -0.25004584  0.53694373  0.80703723  1.9335136   0.04532059
 -0.32501268 -0.32994536 -0.751243   -1.232526    0.23390862 -0.589595
  0.37946346  0.6461223  -2.055582    0.6542216 ]
[ 0.23529127 -0.25601712  0.52157325  0.7779654   2.0425353   0.02502974
 -0.37485498 -0.35883325 -0.779115   -1.2561095   0.28708342 -0.6054307
  0.43817988  0.6352918  -2.0392613   0.66634834]
[ 0.20637801 -0.22052844  0.46681556  0.7478318   2.1252296  -0.00239042
 -0.3898023  -0.38178042 -0.7836772  -1.3197726   0.40654787 -0.6482714
  0.47000018  0.61022276 -2.0062797   0.67919654]
[ 0.265558   -0.08251769  0.39172447  0.6566293   2.130045   -0.09123661
 -0.3297728  -0.4373808  -0.831221   -1.4274043   0.6188326  -0.7236577
  0.38509125  0.6458213  -1.9621197   0.75440425]
[ 1.4960632e-01 -7.8380004e-02  4.6745434e-01  6.6653150e-01
  2.0772102e+00  4.9314648e-04 -3.5613474e-01 -3.7336227e-01
 -8.0374259e-01 -1.3650093e+00  4.2427969e-01 -6.2939614e-01
  4.3669701e-01  6.4201814e-01 -1.9458029e+00  6.4946216e-01]
[ 0.31277552  0.01726134  0.4274022   0.6181321   2.0412195  -0.09616246
 -0.24464789 -0.48128217 -0.8938826  -1.417914    0.6053789  -0.78939325
  0.37031382  0.72652537 -1.9525354   0.72107834]
[ 0.3771637  -0.05319289  0.50302184  0.6949022   1.9508474  -0.0230835
 -0.1926762  -0.5109346  -0.9404723  -1.3186928   0.48381728 -0.7286359
  0.3931428   0.70839226 -1.9583931   0.5737403 ]
[ 0.4135433  -0.13830669  0.59280294  0.71174794  1.8825706   0.05731642
 -0.19494608 -0.5418799  -0.9808879  -1.2224128   0.37717587 -0.68132234
  0.44176865  0.6874096  -1.9234947   0.4735427 ]
[ 0.32600635 -0.2816267   0.7747034   0.6951118   1.8749564   0.28527662
 -0.36552352 -0.4332665  -0.9112114  -1.1049259   0.10919751 -0.53406906
  0.48968276  0.50182503 -1.8444923   0.3686716 ]
[ 0.31737986 -0.25330406  0.75293624  0.6629393   1.9547222   0.18910208
 -0.34968886 -0.45045692 -0.95917094 -1.2175734   0.23423426 -0.6324529
  0.5316098   0.5092437  -1.777641    0.4405764 ]
[ 0.21220927 -0.2466052   0.7718693   0.51822513  2.0706458   0.14832155
 -0.43994075 -0.4036067  -0.969195   -1.3254249   0.3054364  -0.656735
  0.61560965  0.4625075  -1.6044168   0.49570265]
[ 0.11630239 -0.17683038  0.6550325   0.44766802  2.1705432   0.04104384
 -0.4423603  -0.43251625 -0.9877879  -1.4549564   0.48831397 -0.7744145
  0.6940271   0.4466609  -1.4879092   0.65801036]
[ 0.12166804 -0.13740055  0.58329433  0.32220727  2.1838117  -0.0632935
 -0.43065315 -0.4372905  -1.012718   -1.5283438   0.6258832  -0.9012063
  0.6831228   0.5089466  -1.3900646   0.8394367 ]
[ 0.13797872 -0.11568698  0.5765212   0.37196854  2.1126904  -0.09476195
 -0.38119465 -0.43599087 -0.99611616 -1.5177357   0.5867321  -0.9431183
  0.6436699   0.6318826  -1.4957879   0.8886404 ]
[ 0.11971278 -0.13728766  0.61114085  0.44331545  2.0400805  -0.08851925
 -0.37223917 -0.3857809  -0.9740556  -1.4792473   0.47972336 -0.8919422
  0.6271519   0.68136996 -1.5547584   0.8502003 ]
[ 0.29413575 -0.2206049   0.55687916  0.69637764  1.9020452  -0.01221285
 -0.22375126 -0.41276446 -0.93038493 -1.3437113   0.3165035  -0.744108
  0.5220779   0.70744294 -1.8310779   0.6856591 ]
[ 0.25372893 -0.31728247  0.62993973  0.654076    1.959356    0.0875828
 -0.3525474  -0.3467695  -0.8581768  -1.2596349   0.1416903  -0.6359831
  0.5802644   0.58580583 -1.796372    0.63559204]
[ 0.36778194 -0.28806424  0.49376518  0.7175803   1.9954847  -0.04957995
 -0.29281917 -0.39647838 -0.84944326 -1.2856356   0.34957606 -0.6968221
  0.46227103  0.6639904  -1.9644792   0.7344898 ]
[ 0.24919133 -0.33941835  0.589466    0.7227413   1.9949217   0.0629852
 -0.3931157  -0.24882178 -0.73169124 -1.2126586   0.1519551  -0.5336893
  0.4398798   0.55269545 -1.9731338   0.6272367 ]
[ 0.20705488 -0.15735784  0.4803732   0.74035764  2.0237708  -0.01873542
 -0.34633857 -0.32821605 -0.7538841  -1.3687668   0.37883526 -0.62889135
  0.3690274   0.62305343 -1.9785999   0.721346  ]
[ 0.20874953 -0.153662    0.4414567   0.6587909   2.1002784  -0.07997531
 -0.3644906  -0.3125424  -0.7179667  -1.4106051   0.4246931  -0.6689806
  0.38171017  0.5883454  -1.9389143   0.8096914 ]
[ 0.3305413  -0.13413043  0.36805418  0.74019325  2.0187602  -0.15496197
 -0.23095271 -0.3855726  -0.766949   -1.4317276   0.52698517 -0.76718444
  0.32080847  0.716027   -2.0636985   0.8811591 ]
[ 0.33356327 -0.17879951  0.41401044  0.78929716  1.9848423  -0.13052867
 -0.23693931 -0.36977673 -0.77580625 -1.3870751   0.4584592  -0.7180834
  0.31257296  0.7298796  -2.0955474   0.8349387 ]
[ 0.26389906 -0.28902856  0.5017098   0.83539474  1.9836686  -0.01980012
 -0.33055004 -0.30823365 -0.71742696 -1.2836256   0.26351964 -0.61447954
  0.38201648  0.6489318  -2.1137533   0.7596046 ]
[ 0.29697984 -0.25845477  0.41422454  0.8027857   2.0535517  -0.08005022
 -0.28959608 -0.36597413 -0.76608735 -1.3296466   0.40675873 -0.6540581
  0.36205247  0.67400205 -2.108074    0.80430096]
[ 0.1544119  -0.2227648   0.44589156  0.8111437   2.0701504  -0.02823737
 -0.39062428 -0.310288   -0.70685565 -1.3071783   0.35651222 -0.57570547
  0.35229388  0.66371745 -2.1202688   0.7699891 ]
[ 0.14724775 -0.13425067  0.37232268  0.8029319   2.0632415  -0.04078835
 -0.36025196 -0.36141515 -0.70862776 -1.3856735   0.47392693 -0.6308987
  0.3310666   0.6795193  -2.1003366   0.8165779 ]
[ 0.21662469 -0.04925848  0.31727824  0.7728811   2.0072124  -0.10187279
 -0.26723254 -0.44884762 -0.78203017 -1.4583397   0.6036996  -0.7250069
  0.30470613  0.7706195  -2.0749373   0.88194275]
[ 0.22907451 -0.08801419  0.3336159   0.85771626  1.9325186  -0.0506842
 -0.23138657 -0.4418828  -0.79328364 -1.3903568   0.48443776 -0.69246656
  0.3129513   0.8147074  -2.1197217   0.80864394]
[ 0.23882127 -0.15727004  0.3493158   0.945012    1.9037056   0.02427822
 -0.2198393  -0.4701386  -0.83320075 -1.2765057   0.35546973 -0.65764713
  0.3566235   0.8421074  -2.1326547   0.69505644]
[ 0.3064781  -0.25299597  0.4133939   0.99206793  1.8497425   0.07274969
 -0.23131163 -0.4523018  -0.8279535  -1.1487191   0.23033115 -0.6006209
  0.36118302  0.85393226 -2.194704    0.58716965]
[ 0.28679806 -0.35656586  0.52050185  0.9489323   1.780832    0.16345139
 -0.26561826 -0.2996627  -0.7513444  -1.0146998  -0.01585612 -0.4669637
  0.37009436  0.7861609  -2.2340267   0.50324976]
[ 0.23435839 -0.25459912  0.5287918   0.8890791   1.8377107   0.11310422
 -0.26791936 -0.30067462 -0.75684613 -1.1211712   0.08849593 -0.5015957
  0.34433466  0.7589242  -2.134021    0.4988262 ]
[ 0.16716313 -0.21445484  0.57744527  0.74725235  1.9744724   0.05005061
 -0.37825358 -0.2606633  -0.7215488  -1.2681501   0.20889702 -0.5495106
  0.39489257  0.6358349  -2.0202308   0.61632496]
[ 0.18036719 -0.15956664  0.5129195   0.7735095   1.9979099   0.00996713
 -0.32906336 -0.3374617  -0.76359224 -1.3426192   0.35178775 -0.62890613
  0.3988387   0.6323987  -2.0007536   0.6649784 ]
[ 0.24434614 -0.14336611  0.50221413  0.7138233   2.0106525  -0.03599586
 -0.28128707 -0.407044   -0.8407587  -1.375536    0.43411055 -0.69787157
  0.44340986  0.66771305 -1.9368263   0.6631711 ]
[ 0.29603904 -0.2421931   0.595684    0.7297457   1.9686378   0.05033949
 -0.30723426 -0.33860773 -0.77738065 -1.2428467   0.20752108 -0.60644114
  0.48173636  0.5946599  -1.9995477   0.5470316 ]
[ 0.34111065 -0.1508774   0.56789726  0.6541147   2.0174217  -0.04965213
 -0.28184125 -0.36355874 -0.8047193  -1.359504    0.3857369  -0.6557601
  0.4180463   0.6316363  -1.9830554   0.59114397]
[ 0.10891598 -0.14835803  0.69354296  0.5738681   2.0424514   0.10562204
 -0.4799644  -0.20309281 -0.66684544 -1.3681014   0.19184116 -0.49779963
  0.4694081   0.47640324 -1.8399746   0.49982056]
[ 0.09061418 -0.14876625  0.66661924  0.6046107   2.1066978   0.06151899
 -0.48681784 -0.21868715 -0.66261864 -1.4336547   0.28671628 -0.53611803
  0.43044972  0.48672086 -1.8799156   0.59153616]
[ 0.12045701 -0.11567293  0.56805193  0.6960756   2.1123729  -0.0162761
 -0.4508876  -0.30875522 -0.7314066  -1.5159137   0.46471566 -0.6552164
  0.43872324  0.50153285 -1.861365    0.7154182 ]
[ 0.15237176 -0.13689415  0.57442725  0.73622864  2.0374322  -0.03490829
 -0.4214661  -0.31393987 -0.75090045 -1.5093453   0.45438385 -0.68225026
  0.40791067  0.53317827 -1.8660578   0.78336746]
[ 0.14835116 -0.14866729  0.61456263  0.7490422   1.8915924   0.00783662
 -0.32519162 -0.2964626  -0.7543122  -1.4486971   0.3412587  -0.64626646
  0.40055647  0.60409623 -1.9114374   0.73595434]
[ 0.18672737 -0.08177283  0.54268086  0.6909603   1.9138063  -0.06289432
 -0.29879    -0.3387398  -0.75872004 -1.5341206   0.45372906 -0.7177576
  0.3700242   0.60044754 -1.869441    0.87163496]
[ 0.19443414 -0.16470294  0.6101098   0.6395262   1.94664     0.00842948
 -0.42676583 -0.24277441 -0.6567681  -1.4338484   0.25528958 -0.60651934
  0.35914713  0.5269495  -1.9047744   0.864004  ]
[ 0.22395416 -0.08252253  0.46663648  0.74776024  1.983715   -0.06476653
 -0.40809804 -0.31329805 -0.64112365 -1.4476684   0.42275757 -0.5959045
  0.20087714  0.6491721  -2.090255    0.91787636]
[ 0.01023323  0.01835684  0.4519732   0.7679742   2.0206757   0.06298977
 -0.64959604 -0.18376814 -0.4489441  -1.4704106   0.34604663 -0.41092306
  0.14804533  0.5192021  -2.099039    0.8879019 ]
[-0.05927308  0.06555314  0.3636171   0.78435737  2.1443372   0.04076304
 -0.7058147  -0.21245296 -0.42093235 -1.530826    0.5023386  -0.45882297
  0.13245836  0.47598714 -2.0885992   0.93918955]
[-9.6187834e-03 -2.0101795e-02  2.7222767e-01  9.2087013e-01
  2.1664953e+00  5.4461957e-04 -5.9224433e-01 -3.3581281e-01
 -5.1559573e-01 -1.4813020e+00  5.8778059e-01 -5.9292853e-01
  1.5191698e-01  6.3591594e-01 -2.1591134e+00  9.4106519e-01]
[ 0.01650488 -0.04569742  0.24002457  0.96075475  2.111521    0.01680978
 -0.5284487  -0.35424367 -0.5519804  -1.4284828   0.53119147 -0.5948245
  0.19345078  0.7314576  -2.218357    0.8891493 ]
[ 0.14567992 -0.13909714  0.21746998  1.0354803   2.0226033  -0.02618005
 -0.32974333 -0.4197053  -0.6692916  -1.3420807   0.47823468 -0.63497114
  0.2563877   0.8865887  -2.3040216   0.7870753 ]
[ 2.1710186e-01 -1.6731131e-01  2.7849680e-01  1.0191181e+00
  2.0301831e+00 -2.1279515e-03 -3.0820286e-01 -4.2914066e-01
 -7.1709478e-01 -1.3135763e+00  4.2095104e-01 -6.1941320e-01
  2.6404333e-01  8.1993353e-01 -2.2572949e+00  7.2722369e-01]
[ 0.26053494 -0.15774736  0.32701534  1.0147369   1.9770234   0.02475894
 -0.28407398 -0.4144866  -0.7202021  -1.2799613   0.37965506 -0.5862961
  0.1911871   0.7847458  -2.2686145   0.71409196]
[ 0.13195576 -0.16410461  0.3876602   1.0166769   1.8800122   0.06290416
 -0.3182419  -0.3028453  -0.6519464  -1.2206349   0.24952371 -0.5156144
  0.20664029  0.81259215 -2.304771    0.6918321 ]
[ 0.14651914 -0.16367333  0.3975578   0.9346811   1.8696315   0.03000478
 -0.2740433  -0.34297794 -0.7263185  -1.2451932   0.30063292 -0.58797956
  0.31710044  0.85578096 -2.2295227   0.67866516]
[ 0.28922793 -0.21050969  0.43067294  0.87803876  1.9505953   0.00566066
 -0.22157471 -0.45906678 -0.84644926 -1.2579441   0.3690301  -0.680093
  0.422191    0.788713   -2.1101222   0.60978377]
[ 0.38833845 -0.24382953  0.51011544  0.81024426  1.9678419   0.02123849
 -0.24231556 -0.46247488 -0.8516302  -1.2078569   0.32719952 -0.64915365
  0.42041078  0.675279   -2.0698228   0.56253964]
[ 0.2744152  -0.19771908  0.59490407  0.7828163   1.9615633   0.12085195
 -0.3573777  -0.376365   -0.788721   -1.202425    0.2465049  -0.5610456
  0.38551372  0.5883404  -2.0371819   0.52153856]
[ 0.17595425 -0.09177985  0.56198996  0.71934325  1.9624964   0.10062194
 -0.35781112 -0.35423872 -0.7788357  -1.296696    0.3302554  -0.57872355
  0.34359452  0.6193677  -1.9633217   0.566637  ]
[ 0.21289441 -0.09742515  0.52698445  0.7057351   1.9724522   0.03892738
 -0.30994013 -0.3836112  -0.7880043  -1.3494258   0.38102794 -0.65311974
  0.35869676  0.6393312  -1.938459    0.6455959 ]
[ 0.35904372 -0.15016486  0.48028818  0.70347476  1.9740299  -0.07366018
 -0.20746927 -0.47384113 -0.8994974  -1.380859    0.4978252  -0.7893398
  0.4038032   0.71053565 -1.930384    0.73894864]
[ 0.398527   -0.26144686  0.55556095  0.7254089   1.9655056  -0.04436006
 -0.2326664  -0.46865654 -0.92130804 -1.3004634   0.42427093 -0.735216
  0.44166946  0.68298167 -1.9378061   0.66591877]
[ 0.2688372  -0.38782522  0.69497776  0.67439383  1.9900887   0.12959087
 -0.40344733 -0.34021005 -0.8208216  -1.1855037   0.15307279 -0.5838895
  0.5859164   0.52609617 -1.8678926   0.52006453]
[ 0.20699108 -0.2680625   0.6056803   0.62669766  2.0752664   0.05477577
 -0.4092647  -0.3399586  -0.8330997  -1.3215761   0.31366137 -0.6447095
  0.5594022   0.51062214 -1.7787673   0.60048723]
[ 0.14361496 -0.09892738  0.49297506  0.49969906  2.1550481  -0.05161694
 -0.45262152 -0.32548898 -0.7994704  -1.4972293   0.5410562  -0.72206104
  0.46575165  0.49346837 -1.6687511   0.7912205 ]
[ 0.14045049 -0.01062534  0.4193303   0.52665675  2.0887475  -0.1360624
 -0.3796955  -0.36201665 -0.78220314 -1.5429068   0.643483   -0.78602016
  0.39380485  0.6372193  -1.794347    0.91445255]
[ 0.28428498 -0.07251541  0.3902057   0.6616554   1.972009   -0.15250829
 -0.22264472 -0.42942446 -0.84001684 -1.468279    0.59617144 -0.7980052
  0.37422836  0.7728957  -1.967041    0.8660343 ]
[ 0.32432297 -0.19435538  0.45647755  0.7563962   1.9339111  -0.0834201
 -0.19878203 -0.45119542 -0.8991295  -1.3487897   0.4237968  -0.73875034
  0.46160802  0.7838029  -1.998605    0.7349578 ]
[ 0.38142043 -0.3082401   0.537342    0.76419604  1.9216516  -0.01642162
 -0.25438592 -0.42426053 -0.8786739  -1.2576531   0.29068902 -0.65661746
  0.47797194  0.7170226  -2.0065663   0.6713973 ]
[ 0.2560331  -0.33501822  0.64079267  0.74537385  1.8961474   0.14179388
 -0.39226347 -0.25280505 -0.7487262  -1.1821588   0.05213616 -0.47951722
  0.44953927  0.5700153  -1.9758333   0.57198304]
[ 0.16480194 -0.17408669  0.5911449   0.71263677  1.950042    0.05823303
 -0.39400998 -0.25753853 -0.7344765  -1.3217005   0.20835929 -0.5252658
  0.39260677  0.60343146 -1.9512962   0.6385373 ]
[ 7.5223520e-02 -1.4689665e-01  5.5183828e-01  6.8227655e-01
  2.0416400e+00  1.0330379e-04 -4.4000512e-01 -2.6211095e-01
 -7.2958678e-01 -1.4119393e+00  3.0029070e-01 -5.7787734e-01
  4.5906824e-01  5.8682692e-01 -1.8769772e+00  7.1230733e-01]
[ 0.16244566 -0.19672248  0.48221207  0.7685771   2.0124469  -0.05900748
 -0.31747532 -0.3827521  -0.85172987 -1.3938433   0.3899718  -0.7149878
  0.5273434   0.7183486  -1.9425294   0.76128227]
[ 0.3419842  -0.22556074  0.49807873  0.8389596   1.8826702  -0.03987656
 -0.20085526 -0.43976054 -0.9083249  -1.2740355   0.31975478 -0.68300116
  0.42471617  0.7984704  -2.0556355   0.6830689 ]
[ 0.27582476 -0.30508804  0.6215599   0.86087304  1.8667338   0.14746052
 -0.32409975 -0.34931105 -0.8180569  -1.1608661   0.07430449 -0.54338825
  0.4408888   0.6470932  -2.043557    0.5671545 ]
[ 0.2380949  -0.20640627  0.5762842   0.8367298   1.8826427   0.1056734
 -0.32469013 -0.3299521  -0.7733902  -1.2208674   0.16076069 -0.5434669
  0.3576373   0.6360475  -2.0467927   0.6117427 ]
[ 0.1164678  -0.18738312  0.56352454  0.7842908   1.9335384   0.06487896
 -0.36015925 -0.2776467  -0.75745636 -1.2687342   0.20087281 -0.54236186
  0.39545053  0.67208326 -2.010551    0.6339156 ]
[ 0.15480712 -0.15784399  0.52592003  0.79371166  1.9857302   0.047545
 -0.3349633  -0.38391295 -0.818793   -1.3190444   0.31253025 -0.634091
  0.44705915  0.67383707 -1.9864296   0.6550938 ]
[ 0.2572307  -0.20554776  0.5105616   0.7779542   2.0678926   0.00839086
 -0.3301492  -0.47949648 -0.8824894  -1.3418553   0.4002232  -0.7109792
  0.48890895  0.6477556  -1.9224565   0.67503095]
[ 0.32924578 -0.22336212  0.5374988   0.7994421   2.0029194   0.04550519
 -0.28706497 -0.4372097  -0.85896015 -1.2411575   0.29640543 -0.63000834
  0.40598696  0.62305576 -2.005481    0.60187435]
[ 0.19172446 -0.15455283  0.6095913   0.7499082   2.0161748   0.12432698
 -0.4067165  -0.3360756  -0.75799483 -1.2816658   0.25454465 -0.5461575
  0.33844644  0.55845034 -1.9886951   0.5876325 ]
[ 0.12697352 -0.10029004  0.5351268   0.7340803   2.0268528   0.05635688
 -0.376869   -0.36353487 -0.7889946  -1.375646    0.36534205 -0.61384034
  0.39972773  0.6075971  -1.9250553   0.6539887 ]
[ 0.19748423 -0.1294454   0.47674298  0.6742019   2.111258   -0.04385505
 -0.35517982 -0.44670543 -0.86321384 -1.4437864   0.52428484 -0.761618
  0.4594093   0.608144   -1.8363987   0.793852  ]
[ 0.29746437 -0.21257205  0.47499496  0.7514028   2.0084457  -0.02260034
 -0.24623379 -0.4787101  -0.9324722  -1.3276744   0.4160591  -0.7373854
  0.4798933   0.7066718  -1.9226196   0.70710725]
[ 0.29023775 -0.24273011  0.50115734  0.73939276  2.0248075  -0.02482559
 -0.305183   -0.45871598 -0.9388367  -1.3199948   0.40278378 -0.7232841
  0.50802463  0.6973292  -1.9081929   0.7194211 ]
[ 0.1684397  -0.33827412  0.5842071   0.75550985  2.0167959   0.09435169
 -0.3966878  -0.34090766 -0.85840684 -1.2297983   0.1815733  -0.58605754
  0.6044729   0.60501164 -1.8942333   0.5914567 ]
[ 0.18581438 -0.19729352  0.49307713  0.70810974  2.003393   -0.02323875
 -0.29304662 -0.39670458 -0.9246956  -1.3753492   0.38365382 -0.7094556
  0.5514129   0.70893437 -1.8459399   0.69362223]
[ 0.14027902 -0.17720945  0.5582527   0.70623046  1.9505562   0.02066613
 -0.3223148  -0.33713144 -0.8807627  -1.3789794   0.27812433 -0.6640185
  0.52943736  0.70771873 -1.8284124   0.66054285]
[ 0.22761734 -0.15212469  0.49074444  0.7238341   1.9291319  -0.07164773
 -0.27641058 -0.35980403 -0.8563493  -1.4525498   0.39332977 -0.7631195
  0.4581086   0.71652937 -1.857652    0.8178657 ]
[ 0.3244942  -0.19925578  0.5286866   0.8098294   1.7437496  -0.06500808
 -0.16322586 -0.36151838 -0.86762655 -1.3529214   0.31947464 -0.6952291
  0.36542177  0.8225132  -2.023111    0.7771204 ]
[ 0.25388682 -0.3398586   0.653147    0.81663686  1.7317778   0.14294487
 -0.32486108 -0.22610994 -0.7025212  -1.1820333  -0.01335019 -0.5127167
  0.40278387  0.6638938  -2.0561428   0.6523949 ]
[ 0.31394157 -0.3725647   0.62653977  0.82149756  1.8324745   0.07741331
 -0.3403829  -0.26873386 -0.71900475 -1.1749398   0.0603336  -0.5383066
  0.40239844  0.6298623  -2.0930877   0.70238274]
[ 0.25221997 -0.27248952  0.54534084  0.80499095  1.9222763   0.03931909
 -0.42511287 -0.2525098  -0.65806735 -1.2384064   0.17031327 -0.5190401
  0.3716678   0.5949205  -2.0742984   0.7003366 ]
[ 0.12713318 -0.18316907  0.5026157   0.6983352   2.0556493   0.03362231
 -0.5223075  -0.20648456 -0.60876334 -1.3081956   0.25950223 -0.47591886
  0.36262888  0.5761434  -2.0262136   0.6774743 ]
[ 0.01305025 -0.05821274  0.44138703  0.7253434   2.1535628   0.01978088
 -0.562067   -0.24031839 -0.59722614 -1.4379578   0.41250262 -0.5191033
  0.37350202  0.55787146 -2.0016255   0.6827143 ]
[ 0.11955006 -0.04972986  0.38053146  0.8137348   2.1840873  -0.01949491
 -0.4684399  -0.39288664 -0.6781494  -1.4540783   0.5614336  -0.6723727
  0.3401242   0.629723   -2.049911    0.7191068 ]
[ 0.18600169 -0.08592404  0.36551523  0.91823065  2.0640526   0.00727652
 -0.3438062  -0.44624764 -0.75239784 -1.3562543   0.49467134 -0.65389717
  0.32022634  0.7251352  -2.125859    0.6437882 ]
[ 0.32005173 -0.12341356  0.4151744   0.876091    1.9407612   0.0042132
 -0.19605833 -0.49417958 -0.84532183 -1.2468803   0.44214827 -0.66380966
  0.31336582  0.8015789  -2.1473927   0.56068516]
[ 0.22046867 -0.24013531  0.58355653  0.8324456   1.8625265   0.13348468
 -0.24748676 -0.4002295  -0.81699544 -1.134416    0.21257119 -0.5694281
  0.46756777  0.7344109  -2.083856    0.3960685 ]
[ 0.3686736  -0.21125641  0.62043226  0.6962034   1.9750538  -0.01475859
 -0.24185601 -0.4631381  -0.9323408  -1.3105186   0.41726732 -0.7111377
  0.47441357  0.6541073  -1.9019549   0.5351387 ]
[ 0.20169    -0.23026304  0.7954626   0.66017556  1.8933939   0.16245884
 -0.37892762 -0.3243799  -0.8452171  -1.3354492   0.18671902 -0.611021
  0.5144843   0.54048437 -1.7773492   0.502705  ]
[ 0.11427398 -0.07185434  0.7279169   0.593991    1.9117291   0.08148698
 -0.383644   -0.32387334 -0.84807456 -1.53708     0.3573689  -0.66105396
  0.47096163  0.52463174 -1.679662    0.6854951 ]
[ 0.11742302 -0.08152411  0.6736227   0.5661456   1.9297085   0.05194234
 -0.39407438 -0.3356735  -0.8540543  -1.5499375   0.41707224 -0.71683794
  0.4754297   0.5073246  -1.6512268   0.81085837]
[ 0.20447913 -0.18207847  0.58326155  0.640031    1.9456635  -0.03549542
 -0.35175988 -0.3322615  -0.80754775 -1.4937856   0.38868028 -0.7621648
  0.48157334  0.54526293 -1.7587074   0.90344465]
[ 0.30374715 -0.20633073  0.5765944   0.67855096  1.8798857  -0.10172896
 -0.30338407 -0.33566362 -0.8112623  -1.4508102   0.34963828 -0.7480647
  0.42093977  0.6933344  -1.8915794   0.91468734]
[ 0.18111858 -0.18417364  0.6161691   0.7139806   1.8605763   0.07119434
 -0.49074206 -0.17469645 -0.5985206  -1.3789889   0.09732632 -0.48518604
  0.34477526  0.5439056  -1.9614904   0.8130506 ]
[ 0.00262589  0.00558124  0.48191017  0.6702986   2.068889    0.01962041
 -0.67906344 -0.16701846 -0.51248825 -1.5399574   0.37720734 -0.48241034
  0.23211344  0.47721952 -1.9213241   0.9401988 ]
[-0.0520496   0.03051729  0.35078132  0.81957054  2.1249404   0.01513476
 -0.68265855 -0.205915   -0.4442714  -1.5151533   0.48738593 -0.48270273
  0.13766745  0.5378094  -2.119982    0.97134554]
[-0.03703777 -0.01485468  0.28072438  0.9107623   2.159153   -0.01381032
 -0.606079   -0.3328154  -0.52652127 -1.5134506   0.5896541  -0.6001643
  0.17679346  0.65151167 -2.1464205   0.9942381 ]
[-0.02181782 -0.05367357  0.25411388  0.99963313  2.072961    0.00593501
 -0.52436006 -0.3566893  -0.57719666 -1.454715    0.5355279  -0.59276557
  0.21029814  0.7647195  -2.2209296   0.9280451 ]
[ 0.11022717 -0.14346285  0.22593     1.0373892   1.9915917  -0.03122851
 -0.32890537 -0.42506075 -0.69051504 -1.3751388   0.49873146 -0.6485672
  0.2635607   0.89476025 -2.2758963   0.8625657 ]
[ 0.14283106 -0.1504172   0.23968133  1.0439154   1.9723238  -0.0184633
 -0.29586643 -0.44770986 -0.7395805  -1.3356831   0.46094066 -0.62536585
  0.281412    0.8930148  -2.2544599   0.79800105]
[ 0.17805138 -0.1493341   0.30952227  1.0369714   1.9041313   0.01481744
 -0.28719866 -0.41270676 -0.7542634  -1.3091244   0.37355626 -0.5827274
  0.23949091  0.89605343 -2.2677875   0.77470636]
[ 0.04387061 -0.08584403  0.386244    1.0541377   1.7918316   0.10474263
 -0.3434401  -0.30515724 -0.6749183  -1.2973422   0.23853831 -0.4916225
  0.19668803  0.8985802  -2.2975173   0.74587077]
[ 0.18164477 -0.08259863  0.3726481   1.0222418   1.7631967   0.01442542
 -0.21639259 -0.3992164  -0.7784366  -1.362898    0.36219144 -0.61841613
  0.20322165  0.9068359  -2.2231336   0.82100046]
[ 0.14416644 -0.11379771  0.4453284   1.0201547   1.6719948   0.10499658
 -0.24844892 -0.29222295 -0.67781734 -1.255378    0.15793958 -0.5332879
  0.1641933   0.8891722  -2.2869081   0.77584493]
[ 0.30435255 -0.17494437  0.44592714  0.9598713   1.7072166   0.04905423
 -0.20143148 -0.3336409  -0.69056386 -1.2237453   0.19729164 -0.57454556
  0.14810982  0.8191873  -2.2620456   0.79538083]
[ 0.30031326 -0.24222322  0.5187767   0.9276571   1.6614367   0.08906471
 -0.2677238  -0.18980022 -0.54300594 -1.1030973   0.01327233 -0.4458806
  0.0970467   0.7527988  -2.3514867   0.74634093]
[ 0.21213718 -0.1426545   0.51636624  0.88341844  1.8274939   0.08433177
 -0.38646722 -0.18752405 -0.47557792 -1.1893421   0.10136323 -0.4197506
  0.07444273  0.67054784 -2.317826    0.71298325]
[ 0.07194223  0.0536079   0.46908283  0.7916673   2.0437942   0.05952869
 -0.57455707 -0.22148487 -0.4469753  -1.4024489   0.35570687 -0.46042594
  0.08183215  0.5500671  -2.1965656   0.79319334]
[-0.00508386  0.13838108  0.38904446  0.75911134  2.1747904   0.04740133
 -0.6624837  -0.25298148 -0.4126954  -1.5235596   0.56005895 -0.50409764
  0.07580636  0.47600347 -2.1412265   0.8508142 ]
[ 0.03213751  0.07397959  0.32663217  0.8187941   2.2588875   0.01112257
 -0.6060712  -0.37712854 -0.5067494  -1.5216825   0.7015687  -0.642492
  0.12622929  0.53586495 -2.1230392   0.85935175]
[ 0.09754498  0.05313144  0.3121962   0.802866    2.2259505   0.00258261
 -0.53781575 -0.39704722 -0.5432908  -1.4855413   0.7040933  -0.66470367
  0.12262783  0.5724429  -2.1403942   0.8417732 ]
[ 0.22309408  0.05546027  0.30397835  0.7406314   2.1661055  -0.05177138
 -0.37841055 -0.45720267 -0.6429402  -1.4962429   0.7429019  -0.7364712
  0.1478177   0.6498939  -2.1225598   0.8214636 ]
[ 0.3120266   0.01127842  0.31928945  0.6756483   2.1362576  -0.12690386
 -0.26950166 -0.479676   -0.73478967 -1.516765    0.7597313  -0.82415646
  0.2316999   0.6868022  -2.0613468   0.8464176 ]
[ 0.2862193  -0.01889523  0.3417708   0.6112889   2.1640007  -0.13054074
 -0.29774603 -0.4796958  -0.76535416 -1.5148616   0.7568903  -0.82678
  0.31632853  0.63736475 -1.9773302   0.8634818 ]
[ 0.26256844 -0.02437758  0.35760608  0.59760606  2.1272495  -0.11614002
 -0.28240058 -0.49012542 -0.80971396 -1.5026867   0.73547614 -0.8285743
  0.3699293   0.68930566 -1.9565449   0.83606035]
[ 0.23710361 -0.08063434  0.37244654  0.59897876  2.1443126  -0.08836003
 -0.3011244  -0.47988787 -0.8242016  -1.465153    0.6703099  -0.8347904
  0.4406256   0.7028621  -1.9414943   0.8136034 ]
[ 0.29044038 -0.08303659  0.36395684  0.64880633  2.10165    -0.09870553
 -0.2759566  -0.46109456 -0.80429393 -1.4539042   0.6541763  -0.80316657
  0.36818415  0.68563986 -1.9887177   0.8206517 ]
[ 0.30833417 -0.02214098  0.39069515  0.6568462   1.969635   -0.1151376
 -0.21954246 -0.43238544 -0.7999095  -1.4972156   0.65349275 -0.78718805
  0.29235822  0.7442757  -2.021666    0.84500456]
[ 0.27970067 -0.01900956  0.45811692  0.6897695   1.8572735  -0.08431673
 -0.17248943 -0.40073162 -0.78140324 -1.4824789   0.5445553  -0.76482016
  0.31300622  0.76778173 -2.0448136   0.8045381 ]
[ 0.3326821  -0.01339498  0.42989868  0.6871517   1.8353195  -0.11732872
 -0.13989267 -0.4301417  -0.7899262  -1.5052168   0.5946767  -0.8194908
  0.28747937  0.7776008  -2.0439143   0.8814125 ]
[ 0.37710488 -0.03440511  0.48771706  0.7072407   1.8059295  -0.08363418
 -0.13553283 -0.43559808 -0.7975918  -1.4517311   0.5222405  -0.7988128
  0.2530295   0.7678225  -2.0717137   0.85395086]
[ 0.4091611  -0.1178298   0.5767434   0.74967366  1.7800512  -0.00787846
 -0.17370939 -0.4087521  -0.7406523  -1.3468857   0.38076082 -0.6835896
  0.23506024  0.7103663  -2.1602592   0.75897264]
[ 0.27841887 -0.09020145  0.54788965  0.7414693   1.9158809   0.00714494
 -0.32246545 -0.35961932 -0.677368   -1.3544666   0.38026565 -0.60345143
  0.2434431   0.63957614 -2.135846    0.751606  ]
[ 0.18568806 -0.00605793  0.47247902  0.7334161   2.0341635  -0.01399922
 -0.4122548  -0.35683647 -0.6455675  -1.4281262   0.5019954  -0.5966128
  0.20438547  0.61576277 -2.1130989   0.7891103 ]
[ 0.11606898  0.07798555  0.41881362  0.7279098   2.1041102  -0.01784015
 -0.46124583 -0.38210547 -0.62097394 -1.515922    0.6282114  -0.6246387
  0.18631844  0.59591216 -2.0777285   0.8108961 ]
[ 0.06761597  0.10308373  0.3369636   0.7258721   2.187655   -0.03242786
 -0.49023223 -0.46185952 -0.64004403 -1.5785456   0.7559644  -0.7380478
  0.23490982  0.6061801  -1.9943922   0.8863268 ]
[ 0.0804943   0.07752174  0.3302864   0.80085886  2.1137307   0.02069459
 -0.43351918 -0.51203656 -0.70434135 -1.507513    0.6987762  -0.72547305
  0.26744455  0.7064389  -2.055644    0.8085271 ]
[ 0.230299    0.02013543  0.34727663  0.8210434   1.9927795   0.01695611
 -0.2911254  -0.53684336 -0.8066665  -1.4357917   0.6295061  -0.74077415
  0.2685067   0.79511005 -2.0892665   0.74257123]
[ 0.3174607  -0.08957036  0.4314224   0.82901984  1.9763094   0.02871984
 -0.28303945 -0.5024809  -0.84817946 -1.386377    0.5220327  -0.73680115
  0.28194955  0.7368064  -2.0421386   0.7273756 ]
[ 0.33091992 -0.10515877  0.49243623  0.82734907  1.8868729   0.00714607
 -0.2548233  -0.42666036 -0.8208498  -1.3847764   0.44780692 -0.694014
  0.24095324  0.7192602  -2.066154    0.7626854 ]
[ 0.16618167 -0.09249936  0.59820855  0.77667737  1.7885815   0.02913914
 -0.25047103 -0.33500615 -0.80605733 -1.3833427   0.3233255  -0.6447856
  0.33946204  0.772104   -2.052299    0.732791  ]
[ 0.11285341 -0.02790329  0.58102167  0.6544546   1.8711313  -0.03590531
 -0.2848959  -0.39879274 -0.86320907 -1.5403316   0.4801076  -0.75020677
  0.45958272  0.75043    -1.9058926   0.86394453]
[ 0.18285789 -0.01488101  0.4824775   0.6381702   1.952926   -0.07637436
 -0.3032895  -0.47129187 -0.8707434  -1.5728221   0.60148585 -0.8471464
  0.41463432  0.74830914 -1.8820108   0.9887718 ]
[ 0.19994022 -0.0056002   0.46254426  0.6620517   1.9533736  -0.0785438
 -0.34437093 -0.3936523  -0.77096057 -1.5164218   0.54938173 -0.7619504
  0.26584935  0.734383   -1.9677871   0.98357373]
[ 0.11151212  0.04694907  0.5022085   0.7709737   1.895174    0.01900526
 -0.42686453 -0.2689358  -0.5720741  -1.4528618   0.38658863 -0.52314675
  0.11010467  0.6416687  -2.1062553   0.8344468 ]
[ 1.1679769e-03  1.4195833e-01  4.1384140e-01  7.7180845e-01
  1.9766757e+00  1.2170514e-02 -4.9198776e-01 -2.7784449e-01
 -4.9487084e-01 -1.5287695e+00  5.0831360e-01 -5.4782522e-01
  8.6010262e-02  6.4258468e-01 -2.1243739e+00  8.8201410e-01]
[-0.00990542  0.1484055   0.33677676  0.8388237   2.0803628   0.01249505
 -0.53084743 -0.34655815 -0.4595294  -1.5668762   0.60774714 -0.6310557
  0.08615864  0.6381455  -2.1399431   0.90771264]
[ 0.04203393  0.103232    0.33736405  0.85387504  2.139645    0.04451944
 -0.53146875 -0.40089622 -0.49408397 -1.5212162   0.6239606  -0.6498575
  0.07400174  0.6399349  -2.1584835   0.8670682 ]
[ 0.06392026  0.07424922  0.3284889   0.84956753  2.1565967   0.06631111
 -0.5606957  -0.36805052 -0.48201108 -1.4551271   0.6201388  -0.5938514
  0.01889437  0.62844193 -2.2186134   0.8389386 ]
[ 0.03374454  0.02852893  0.35121304  0.77194846  2.1432576   0.07560397
 -0.5934935  -0.25857398 -0.41749144 -1.3817425   0.51773345 -0.4999265
  0.07971016  0.57801247 -2.2454958   0.7817217 ]
[ 0.15552853 -0.00681611  0.32575995  0.8060756   2.0851593  -0.03429855
 -0.38886365 -0.32573122 -0.5542067  -1.4257048   0.5906995  -0.6136323
  0.14148304  0.7225943  -2.2786539   0.7631261 ]
[ 0.24434343  0.05561791  0.3323273   0.66731656  2.1057942  -0.14205894
 -0.32915664 -0.41895103 -0.6924197  -1.6124804   0.7830504  -0.7852537
  0.23276646  0.66900635 -2.0496097   0.907251  ]
[ 0.22202983  0.09539138  0.37253293  0.60589087  2.0158067  -0.16989791
 -0.29754907 -0.4193446  -0.72870433 -1.6589578   0.79106987 -0.8318058
  0.25562626  0.6862618  -1.9670036   0.99967736]
[ 0.2537691   0.06995413  0.40186778  0.6392797   1.8450235  -0.16263251
 -0.18030398 -0.443038   -0.8131617  -1.6124365   0.72407424 -0.84321547
  0.27899018  0.82770807 -2.0057545   0.98982304]
[ 0.2732703  -0.0350843   0.44894838  0.71842515  1.8331314  -0.10264403
 -0.16546579 -0.44444156 -0.8270563  -1.4963783   0.56334734 -0.7867508
  0.3092286   0.8096307  -2.041579    0.9107623 ]
[ 0.34566277 -0.0521351   0.49268466  0.72197086  1.8416233  -0.06893989
 -0.22074588 -0.4219327  -0.7799355  -1.4216253   0.49064884 -0.70697814
  0.20822375  0.7553826  -2.1087463   0.8914763 ]
[ 0.24515498 -0.05143559  0.5633055   0.79436934  1.8298073   0.0379923
 -0.34141365 -0.31855342 -0.6552869  -1.3510826   0.28756574 -0.5270401
  0.16683196  0.66344345 -2.155599    0.7769413 ]
[ 0.10057914  0.09359062  0.4642354   0.7903514   1.9432129   0.01986866
 -0.45583782 -0.29679275 -0.56133413 -1.4717963   0.4450778  -0.5208191
  0.08450077  0.63768905 -2.143032    0.8392889 ]
[-0.09325426  0.16069923  0.3833881   0.8051686   2.052482    0.04520685
 -0.60657537 -0.28240675 -0.47296304 -1.5726879   0.5397998  -0.5374645
  0.1329349   0.6035149  -2.0901983   0.9044035 ]
[-0.01848037  0.08314516  0.31616777  0.8955097   2.1039567   0.04488595
 -0.5417775  -0.41726518 -0.5811537  -1.529556    0.6047863  -0.6458352
  0.17068925  0.71549594 -2.128266    0.8982316 ]
[ 0.04306816  0.02015536  0.32350174  0.9279229   2.112208    0.09366596
 -0.5575171  -0.37771973 -0.54832613 -1.4299799   0.5204147  -0.58609295
  0.11219396  0.6759417  -2.2099514   0.8487269 ]
[ 0.20585878 -0.04307453  0.32135573  0.9195738   2.059903    0.02894823
 -0.4067543  -0.3915871  -0.6077104  -1.3560454   0.52200896 -0.5915665
  0.06120887  0.7069101  -2.2724319   0.8084386 ]
[ 0.12599687 -0.05863766  0.38935286  0.8976204   1.953099    0.01126256
 -0.36163238 -0.28606814 -0.5424913  -1.3150228   0.41329518 -0.54342216
  0.11512289  0.7814217  -2.351153    0.7329481 ]
[ 0.15970246  0.04265895  0.39395866  0.7496425   2.047149   -0.03895702
 -0.3530531  -0.4118739  -0.6637137  -1.4560126   0.6116277  -0.6799123
  0.22107819  0.71197134 -2.1418273   0.77154976]
[ 0.16496001  0.04430611  0.39737466  0.6207014   2.124518   -0.06804313
 -0.3719157  -0.48448366 -0.7732351  -1.5316591   0.6941667  -0.80499953
  0.40313157  0.6930621  -1.9311867   0.78914726]
[ 0.31358522  0.01774313  0.41069946  0.66726446  2.0754535  -0.03956738
 -0.28211552 -0.52935016 -0.8563781  -1.4335983   0.6509506  -0.79236805
  0.33117017  0.7318332  -1.9998051   0.6970781 ]
[ 0.38430113 -0.01027554  0.4313244   0.68702936  2.05513    -0.00951322
 -0.27175036 -0.51586115 -0.8618876  -1.3351572   0.6107286  -0.7199812
  0.23688975  0.7002452  -2.05522     0.6335915 ]
[ 0.27826995 -0.00692109  0.5284984   0.7972277   1.9168723   0.10540488
 -0.27071086 -0.4452861  -0.80901116 -1.2187583   0.39109984 -0.5906581
  0.20752001  0.7325212  -2.167664    0.50782365]
[ 0.3067792  -0.02200959  0.5723078   0.68060213  1.9874461   0.06060211
 -0.2556925  -0.49613175 -0.88816404 -1.2978481   0.48506612 -0.68414974
  0.33250213  0.6973716  -2.0189793   0.4953572 ]
[ 0.377191   -0.03661958  0.5475379   0.52476376  2.1021643  -0.05132564
 -0.26486522 -0.5433004  -0.9741942  -1.4038837   0.67486    -0.82580835
  0.43658715  0.60653573 -1.7983809   0.5860826 ]
[ 0.35837394 -0.09656467  0.6295813   0.4575778   2.0998604  -0.02243449
 -0.29897186 -0.5376387  -1.0455344  -1.4115705   0.6294559  -0.837492
  0.55963993  0.5804134  -1.6515315   0.5425378 ]
[ 0.23950598 -0.20507307  0.780861    0.43020564  2.112355    0.10698612
 -0.41752568 -0.4357647  -1.0256926  -1.3775365   0.3785876  -0.75654626
  0.67930233  0.44068417 -1.4653908   0.47054744]
[ 0.17956606 -0.09013076  0.6737164   0.39275497  2.1840286  -0.0338936
 -0.45002016 -0.3994912  -0.9742807  -1.5557034   0.58750975 -0.8491362
  0.5661943   0.44806433 -1.4609522   0.7463618 ]
[ 0.13032706 -0.11879363  0.707077    0.4415664   2.1049962   0.0085907
 -0.41352814 -0.3567445  -0.9048635  -1.5255682   0.479669   -0.7776192
  0.5709692   0.4473401  -1.5198332   0.688873  ]
[ 0.11984636 -0.0969217   0.63127077  0.37246993  2.1143289  -0.09020237
 -0.41139522 -0.38432345 -0.9283449  -1.5741065   0.6154891  -0.8871727
  0.596994    0.5304495  -1.5035423   0.8622961 ]
[ 0.2214654  -0.19699518  0.6176977   0.41036758  2.1023986  -0.08454491
 -0.37960264 -0.38198182 -0.91257477 -1.5015128   0.4909752  -0.8775118
  0.6541201   0.5114616  -1.5541099   0.84744227]
[ 0.2727607  -0.17128195  0.5810369   0.52264404  2.046295   -0.05563544
 -0.36107463 -0.42318946 -0.8874195  -1.4913114   0.45034575 -0.83066046
  0.6183141   0.5732984  -1.6643454   0.7863983 ]
[ 0.1608039  -0.16741526  0.58109134  0.5507976   2.0378902   0.02349635
 -0.49733776 -0.27866536 -0.7549796  -1.4409497   0.3254341  -0.64552724
  0.58076614  0.47454396 -1.7044195   0.7193354 ]
[ 0.0642922  -0.04518422  0.53876996  0.57603544  2.133197    0.04856083
 -0.5530591  -0.28478992 -0.6826254  -1.4809047   0.4232958  -0.6119993
  0.43796843  0.50369465 -1.8201811   0.7180333 ]
[ 0.13311522 -0.0078795   0.45390645  0.7396525   2.0857155   0.03252281
 -0.43403354 -0.38516054 -0.67832494 -1.4488242   0.5132563  -0.6705717
  0.3419237   0.60859466 -2.032124    0.71141744]
[ 0.19287108 -0.04522648  0.4311517   0.7803707   2.0665905  -0.00720794
 -0.3487046  -0.4623354  -0.7470134  -1.4540747   0.59030426 -0.77638966
  0.34820673  0.68877566 -2.028764    0.7340189 ]
[ 0.3140995  -0.05091907  0.444241    0.74225765  1.9464121  -0.06037412
 -0.18806109 -0.5121228  -0.8514663  -1.4018514   0.6174971  -0.79571927
  0.3171273   0.7942034  -2.0550332   0.6997939 ]
[ 0.3197539  -0.08969857  0.5739587   0.67517126  1.8679936   0.02181324
 -0.17390318 -0.5146626  -0.92327154 -1.3479481   0.48455206 -0.75221956
  0.41899163  0.7662059  -1.9820318   0.6123645 ]
[ 0.32611075 -0.15432194  0.58649397  0.6817098   1.949393    0.04865402
 -0.25127777 -0.49959236 -0.9042271  -1.3358009   0.4239204  -0.7457903
  0.4713544   0.6679605  -1.9157013   0.6089599 ]
[ 0.3470219  -0.08585372  0.50092643  0.6428281   1.9739472  -0.05605588
 -0.24802065 -0.4773696  -0.89825296 -1.4636122   0.58055484 -0.82011795
  0.40011525  0.6773894  -1.8852947   0.7751984 ]
[ 0.21400051 -0.09063441  0.58893764  0.65583605  1.8511839  -0.01733531
 -0.24806865 -0.38195774 -0.85677737 -1.4535172   0.4219038  -0.73996484
  0.44918245  0.71471286 -1.8697033   0.72489876]
[ 0.15111816 -0.06455475  0.57451093  0.61978066  1.8902416  -0.02313673
 -0.24575321 -0.41510612 -0.8771359  -1.4963119   0.46399122 -0.7627366
  0.47130433  0.74725026 -1.8438885   0.77494484]
[ 0.22980976 -0.0574472   0.46638426  0.59356153  1.9605824  -0.0839254
 -0.25550336 -0.4631142  -0.86776906 -1.505367    0.58068913 -0.86355495
  0.4375082   0.73899466 -1.8509172   0.90910757]
[ 0.3761161  -0.10033508  0.48163062  0.70653856  1.8807714  -0.04369586
 -0.19846813 -0.4781561  -0.83105624 -1.396354    0.5216962  -0.7726406
  0.3182652   0.75923264 -2.060735    0.800261  ]
[ 0.26924413 -0.12808341  0.5428756   0.75262463  1.860479    0.0359161
 -0.2818261  -0.38739997 -0.7355231  -1.3191751   0.341541   -0.6235425
  0.3275895   0.6927757  -2.0815377   0.69495326]
[ 0.17013593 -0.03377139  0.49058515  0.7296236   1.9468486   0.0115017
 -0.33361715 -0.37294704 -0.726149   -1.376025    0.4169371  -0.6172502
  0.29249367  0.7294716  -2.0828655   0.7182394 ]
[ 0.15368506  0.00967585  0.43323413  0.752167    1.9811112   0.00858489
 -0.32551464 -0.43654552 -0.75813866 -1.4221275   0.50196177 -0.67528045
  0.34367132  0.78094953 -2.0928102   0.70852315]
[ 0.21689133 -0.02810469  0.36870408  0.75539744  2.078429   -0.01740794
 -0.34229022 -0.50655156 -0.7937618  -1.4235084   0.6017398  -0.7634059
  0.35871047  0.75752896 -2.0395877   0.7411586 ]
[ 0.27026996 -0.06865868  0.4047451   0.8411292   1.9974922   0.06001412
 -0.28660217 -0.52105606 -0.82861555 -1.2910419   0.51162744 -0.69711846
  0.31934488  0.7843194  -2.1200223   0.58211404]
[ 0.2635606  -0.10158436  0.53563255  0.8288809   1.8504088   0.12870954
 -0.23282775 -0.46919006 -0.8488277  -1.1564565   0.32029533 -0.61606693
  0.34752193  0.8374974  -2.1805096   0.44603643]
[ 0.27790794 -0.12667836  0.5971448   0.75191104  1.8950211   0.09778841
 -0.22398385 -0.47351664 -0.90904295 -1.2491024   0.36902696 -0.67260957
  0.42525405  0.7717313  -2.0388088   0.46077472]
[ 0.34931162 -0.03137526  0.6009134   0.61234486  1.9052906  -0.02629294
 -0.19890666 -0.5064603  -0.9963697  -1.4444114   0.5654925  -0.8005246
  0.40963498  0.7308034  -1.848007    0.63766587]
[ 0.27971157 -0.14569616  0.749441    0.65337735  1.8110392   0.08144842
 -0.21695547 -0.46501142 -0.9974395  -1.3743117   0.34652883 -0.7409893
  0.5341274   0.6778547  -1.7900305   0.55265677]
[ 0.27452224 -0.21719727  0.7120474   0.6075867   1.8411452   0.05993403
 -0.2115731  -0.46943393 -1.0204103  -1.3816191   0.3443877  -0.7913682
  0.6319753   0.6528901  -1.6844946   0.60951316]
[ 0.18186125 -0.22749071  0.69527245  0.4991265   1.9606079  -0.0050821
 -0.33304822 -0.41239962 -0.98237866 -1.4237515   0.36586717 -0.82548255
  0.6817625   0.6139093  -1.5811007   0.75611484]
[ 0.26289362 -0.33562955  0.8224608   0.5741322   1.847769    0.14812534
 -0.3606427  -0.33870226 -0.8857268  -1.28274     0.0667925  -0.634452
  0.65309656  0.5438962  -1.7122555   0.5890467 ]
[ 0.16522102 -0.17850299  0.6762289   0.64056003  1.930261    0.08028909
 -0.44258222 -0.29854375 -0.80479753 -1.4531163   0.21976046 -0.6233187
  0.5534158   0.53494704 -1.7315267   0.6958314 ]
[ 0.02826268  0.02453392  0.589254    0.64763933  1.9541206   0.02027206
 -0.48724255 -0.2539013  -0.72205937 -1.6140267   0.40109769 -0.61609584
  0.36728758  0.56060904 -1.779713    0.85021335]
[-0.01881568  0.01419334  0.52179295  0.7215156   1.9786144   0.04493778
 -0.4930853  -0.27561364 -0.64890754 -1.563194    0.40682667 -0.59722674
  0.3336219   0.5708775  -1.9046463   0.87934226]
[ 0.08009896 -0.06389338  0.44586024  0.8553982   1.9591911   0.02538803
 -0.39950353 -0.39038137 -0.69558144 -1.4619452   0.46147734 -0.6851896
  0.30792186  0.70290154 -2.0648756   0.8909656 ]
[ 2.7420765e-01 -1.4863643e-01  4.5717901e-01  8.6548269e-01
  1.9066303e+00  1.6374573e-03 -2.8735766e-01 -4.0844592e-01
 -7.2832394e-01 -1.3475726e+00  3.9782551e-01 -6.7733860e-01
  2.3398510e-01  7.4811763e-01 -2.1771259e+00  8.5500419e-01]
[ 0.19822094 -0.11679734  0.48482847  0.8948924   1.8647721   0.05847424
 -0.3347693  -0.35187712 -0.6803113  -1.2857966   0.3077289  -0.5616163
  0.19830187  0.77686775 -2.249266    0.75916225]
[ 0.08543415  0.03696024  0.43580008  0.7986156   1.9707677   0.02927284
 -0.48199147 -0.31149203 -0.6130557  -1.4647806   0.4552683  -0.54340345
  0.18916917  0.66748446 -2.1011784   0.814443  ]
[-0.06721704  0.08820111  0.3665219   0.78905183  2.077722    0.0695714
 -0.620097   -0.26745415 -0.5010438  -1.5304129   0.49135652 -0.53709954
  0.21203616  0.60131514 -2.0582664   0.8563782 ]
[ 0.04207537  0.05416521  0.30913335  0.8741161   2.0882995   0.02711217
 -0.5139767  -0.37373126 -0.5512794  -1.4997017   0.5939895  -0.6693622
  0.16718304  0.685567   -2.1387715   0.8746685 ]
[ 0.09080878 -0.02506868  0.32902575  0.91462076  2.085585    0.03319132
 -0.47605246 -0.37952915 -0.5654446  -1.4088612   0.52594054 -0.65576875
  0.1720611   0.7118598  -2.200935    0.8150851 ]
[ 0.22229156 -0.09318496  0.3191077   0.9322812   2.0330524   0.01772847
 -0.33063015 -0.41989106 -0.6470149  -1.3009689   0.48632413 -0.6561531
  0.17888674  0.80147266 -2.2802112   0.69853985]
[ 0.24101433 -0.11611491  0.45265684  0.8380122   1.9675404   0.01622948
 -0.3062036  -0.3474607  -0.66099465 -1.2680546   0.39690402 -0.58284295
  0.21228056  0.7749304  -2.30097     0.6408106 ]
[ 0.22394323 -0.05256972  0.45791072  0.76993775  2.0142124  -0.01843694
 -0.31006092 -0.37374207 -0.7009346  -1.4053376   0.5197708  -0.64259356
  0.24484797  0.70997286 -2.162643    0.68532294]
[ 0.24734735  0.07478407  0.4209694   0.6126688   2.0175557  -0.13434997
 -0.3023829  -0.42012018 -0.7701324  -1.6110153   0.7484751  -0.75665116
  0.23133247  0.66758376 -1.9623506   0.9037701 ]
[ 0.09938993  0.04814877  0.47135043  0.6442522   1.9971025  -0.04962578
 -0.36719337 -0.3562874  -0.69216734 -1.5733382   0.5910121  -0.6794432
  0.29171246  0.5991405  -1.9388517   0.88289595]
[ 0.20414619  0.03896111  0.43106514  0.66448414  1.9061215  -0.11233561
 -0.23365848 -0.45874634 -0.8097271  -1.5753702   0.66593355 -0.8176796
  0.32008356  0.7689408  -1.9565544   0.93336344]
[ 0.3101081  -0.05943152  0.46252608  0.725121    1.8729461  -0.08474951
 -0.19498028 -0.4422608  -0.79365766 -1.4467791   0.52571976 -0.7585798
  0.28943914  0.7517171  -2.0417335   0.85057   ]
[ 0.32596287 -0.06098588  0.50339806  0.7408347   1.8956134  -0.04508415
 -0.24757    -0.41327438 -0.7427362  -1.4103396   0.44125262 -0.68346465
  0.22954705  0.7072403  -2.0875337   0.81273234]
[ 0.15909982  0.01973896  0.56215614  0.75915873  1.9211489   0.07012723
 -0.4261567  -0.29236135 -0.5867028  -1.4368178   0.30422428 -0.5152241
  0.17122835  0.61015147 -2.0814168   0.7277974 ]
[-0.00403222  0.11517848  0.4581903   0.71568257  2.088993    0.07227973
 -0.5999618  -0.24277477 -0.44852918 -1.5153055   0.4562212  -0.49273267
  0.10945977  0.50671875 -2.0569963   0.8069662 ]
[-0.01139141  0.15523195  0.368522    0.77928495  2.1399798   0.0541962
 -0.5986576  -0.31933224 -0.44755274 -1.5295684   0.603662   -0.57058686
  0.10656816  0.5489348  -2.15217     0.8416457 ]
[ 0.11708995  0.03230857  0.35093102  0.7970215   2.2233937   0.03210152
 -0.5178547  -0.42905158 -0.5802558  -1.4641926   0.6507362  -0.67605925
  0.19891424  0.6025087  -2.136066    0.7627484 ]
[ 0.13859382 -0.01097517  0.35536247  0.7837659   2.2188587   0.04026639
 -0.5111694  -0.3957345  -0.6034284  -1.4144789   0.6206778  -0.65463555
  0.23303509  0.5929707  -2.1382735   0.7068308 ]
[ 0.29462075 -0.02469165  0.36026686  0.7403927   2.1253362  -0.04640215
 -0.3215615  -0.4337778  -0.7288164  -1.4166304   0.6447376  -0.6944907
  0.20879999  0.68638164 -2.1491241   0.7160837 ]
[ 0.21548887  0.0153344   0.4472022   0.7318902   2.0314984  -0.03091739
 -0.31239304 -0.39626247 -0.7280592  -1.4543645   0.58824885 -0.6749118
  0.22095005  0.69682086 -2.1222148   0.73356014]
[ 0.24915381  0.06462131  0.4263188   0.592638    2.0322251  -0.12745771
 -0.28877106 -0.46249813 -0.81698483 -1.5968817   0.7592785  -0.8115795
  0.29156932  0.6783514  -1.9249357   0.90247   ]
[ 0.22851297 -0.02452534  0.48993412  0.6055137   1.9872383  -0.08848758
 -0.27883554 -0.4816634  -0.8920435  -1.5524184   0.6510904  -0.82600576
  0.41343135  0.6974791  -1.8520397   0.8897319 ]
[ 0.2952029  -0.14768735  0.5013487   0.6545545   1.9218174  -0.07704138
 -0.2257009  -0.4818174  -0.94953537 -1.4139202   0.5134086  -0.81868446
  0.47988003  0.75782025 -1.8785369   0.83371794]
[ 0.33657086 -0.19900973  0.55428565  0.70179355  1.8972824  -0.03528846
 -0.25426963 -0.432352   -0.9040648  -1.3353121   0.35896388 -0.72601396
  0.46210495  0.7133283  -1.9318091   0.75686586]
[ 0.2241675  -0.16909912  0.6479263   0.71996355  1.8417677   0.0600969
 -0.33492005 -0.29591987 -0.81543314 -1.354983    0.1601098  -0.5783352
  0.4401614   0.66866565 -1.920358    0.6692137 ]
[ 0.01849081 -0.00578131  0.57615393  0.6984553   1.9671116   0.06616149
 -0.49458194 -0.22448781 -0.6670932  -1.5048453   0.28443044 -0.53978574
  0.32917294  0.5999376  -1.8871628   0.75200623]
[-0.00375803  0.02055453  0.48249322  0.8175812   1.9817365   0.04123511
 -0.46953973 -0.3056057  -0.6387862  -1.5117226   0.40787452 -0.59373176
  0.29323274  0.65930474 -2.033322    0.8206364 ]
[ 0.09620294 -0.06629588  0.43812317  0.88938266  2.0180402   0.05970173
 -0.42210436 -0.40552694 -0.6997434  -1.4127821   0.4309779  -0.65219986
  0.28352994  0.70258534 -2.0729847   0.7787261 ]
[ 0.17762475 -0.15905544  0.49695843  0.8671524   2.0224228   0.10243879
 -0.4360695  -0.35536832 -0.680773   -1.2799501   0.30110866 -0.5753482
  0.2739554   0.6595727  -2.159411    0.70657223]
[ 0.19527376 -0.16764608  0.5048539   0.90700686  1.9080633   0.10123371
 -0.3647864  -0.2921167  -0.6411611  -1.1662437   0.19422647 -0.47760844
  0.241936    0.74301594 -2.3071086   0.57836074]
[ 0.12241299 -0.05388447  0.4876296   0.8226005   2.011725    0.04875224
 -0.40601176 -0.34170932 -0.70001805 -1.3623819   0.40961176 -0.5664299
  0.27691108  0.7270556  -2.1599631   0.6433735 ]
[ 0.01001693  0.0406457   0.4977854   0.7068205   2.068912    0.04252299
 -0.501354   -0.31803593 -0.6804104  -1.5464189   0.48394185 -0.59706336
  0.35597867  0.59707093 -1.9336116   0.73857576]
[ 7.0054427e-02  3.2761440e-02  4.5651188e-01  7.2895586e-01
  2.0825315e+00  7.1659684e-04 -4.4610682e-01 -4.0730423e-01
 -7.3783362e-01 -1.5646812e+00  5.7853049e-01 -7.2252923e-01
  3.3756799e-01  6.3240987e-01 -1.9071476e+00  8.3368093e-01]
[ 0.15317984 -0.07857633  0.47652206  0.84051955  1.9768534   0.04164796
 -0.34687155 -0.4207437  -0.7617432  -1.4076949   0.46138754 -0.68775046
  0.31427065  0.7020613  -2.0360453   0.73592234]
[ 0.31421298 -0.17598811  0.52571666  0.829913    1.8456112   0.02396932
 -0.21815817 -0.42480484 -0.7967978  -1.2555773   0.3472129  -0.65069735
  0.3323894   0.7517217  -2.1284966   0.6376797 ]
[ 0.2655376  -0.26708034  0.6889543   0.8232188   1.7927786   0.12563792
 -0.30132252 -0.3043254  -0.73544157 -1.1858032   0.07456087 -0.52086675
  0.4007124   0.67390573 -2.115287    0.5401441 ]
[ 0.1655943  -0.09651525  0.6512581   0.7094959   1.945288    0.08303554
 -0.44486183 -0.28964654 -0.7148808  -1.4499476   0.25597575 -0.5663688
  0.40549812  0.531419   -1.892972    0.67070276]
[ 0.02121014  0.04211856  0.59133303  0.63958716  2.0078743   0.05193143
 -0.52892905 -0.24355367 -0.6392229  -1.5669327   0.39891487 -0.55809104
  0.29675403  0.53090066 -1.8426294   0.76634187]
[-0.0596002   0.04215709  0.5147448   0.7028382   2.057792    0.05973614
 -0.5797578  -0.24098298 -0.5562984  -1.5686085   0.45066538 -0.5421627
  0.28767172  0.509342   -1.9424381   0.83304214]
[ 0.02780588 -0.04003797  0.48197913  0.80619955  2.0793521   0.05088345
 -0.48658258 -0.3864506  -0.6620343  -1.483254    0.49932343 -0.6611457
  0.32429177  0.6394828  -2.034723    0.8100503 ]
[ 0.13040397 -0.10334271  0.5108239   0.83600444  2.044469    0.0470799
 -0.45746437 -0.3875527  -0.69067854 -1.4316155   0.4327014  -0.64610875
  0.31132585  0.6442665  -2.0661306   0.7897709 ]
[ 0.12974979 -0.05145301  0.5182115   0.82012194  1.9625149   0.05034956
 -0.45777076 -0.3117534  -0.66265583 -1.4683888   0.38336676 -0.58458585
  0.28057736  0.6267399  -2.0746915   0.8052457 ]
[ 0.08353341  0.03974845  0.52095973  0.7921533   1.8669002   0.00443115
 -0.39822674 -0.2671583  -0.6569584  -1.5082959   0.39644533 -0.5441971
  0.19999462  0.69074476 -2.0668254   0.8139278 ]
[-0.05167227  0.0385934   0.46954814  0.780887    1.9611804   0.01660948
 -0.50010794 -0.23907109 -0.56534165 -1.5341594   0.41932344 -0.55233306
  0.24576339  0.64586705 -2.048956    0.88365984]
[ 0.0418519  -0.04016312  0.40687615  0.91299707  1.9793339   0.01202391
 -0.4172527  -0.38479728 -0.6546229  -1.4686604   0.4781835  -0.65702856
  0.26154014  0.7375242  -2.115886    0.8759384 ]
[ 0.12951362 -0.1280499   0.43787247  0.9312395   1.9709332   0.05084673
 -0.40162668 -0.3758975  -0.6578173  -1.3398724   0.37012026 -0.59563243
  0.2308422   0.7386196  -2.2074296   0.81093216]
[ 0.17238322 -0.08889232  0.46145505  0.9650038   1.8580755   0.07546523
 -0.37508893 -0.31642884 -0.62548935 -1.2785419   0.28268403 -0.48454466
  0.12409868  0.7909506  -2.3380265   0.7393909 ]
[ 0.04068521  0.05289619  0.45594198  0.90055734  1.8851111   0.08708705
 -0.4527715  -0.3017764  -0.59583706 -1.41798     0.38075444 -0.47759753
  0.11282049  0.7579111  -2.2405562   0.77831465]
[-0.08224173  0.15369615  0.41349635  0.7584807   2.0302062   0.06714906
 -0.6186819  -0.2541054  -0.50763875 -1.6043627   0.50571775 -0.5216085
  0.17916337  0.54599863 -2.0064135   0.9139539 ]
[-5.1274302e-04  6.3779578e-02  3.8052022e-01  8.7497342e-01
  2.0038648e+00  3.1319380e-02 -4.8793548e-01 -3.7558618e-01
 -6.0340893e-01 -1.5317420e+00  5.4427946e-01 -6.5554941e-01
  1.8125471e-01  7.2318685e-01 -2.1022232e+00  9.2478228e-01]
[ 0.07685898 -0.0427059   0.38190058  0.9509039   1.9715703   0.07186429
 -0.44716406 -0.37179512 -0.6039462  -1.3946819   0.43100113 -0.62266994
  0.17011493  0.7461886  -2.1858573   0.8358204 ]
[ 0.20760016 -0.1541207   0.42521724  0.9420377   1.9338529   0.05657922
 -0.38131478 -0.3436826  -0.6210195  -1.281919    0.3160977  -0.57459986
  0.1845775   0.7552843  -2.2793655   0.7784778 ]
[ 0.16453841 -0.15123415  0.4587511   0.9580637   1.8613951   0.0665168
 -0.3596951  -0.2831618  -0.59976184 -1.2307061   0.23450466 -0.49715018
  0.18483068  0.80732775 -2.35562     0.7022543 ]
[ 0.0674464  -0.04969797  0.4352232   0.8870634   1.9634469   0.03969976
 -0.4329285  -0.29644427 -0.61557436 -1.3807608   0.38504586 -0.52758944
  0.206197    0.75563776 -2.2391632   0.76602   ]
[-0.01628225  0.03266398  0.42312512  0.7581943   2.0522087   0.01080365
 -0.5305899  -0.28210592 -0.5742785  -1.5478394   0.5017746  -0.59183484
  0.28151718  0.6120805  -2.0318084   0.8713177 ]
[ 0.06075382  0.03019487  0.37626153  0.8212482   1.9945202  -0.02445976
 -0.4030128  -0.38561177 -0.6383349  -1.5533912   0.5940747  -0.7292438
  0.25749356  0.7283282  -2.0618834   0.9022764 ]
[ 0.13931495 -0.04604249  0.3818856   0.86579114  1.9129171  -0.03629134
 -0.29586738 -0.3957726  -0.6722585  -1.4621127   0.5217386  -0.7257001
  0.25448367  0.77815044 -2.1221738   0.8690626 ]
[ 0.30199638 -0.08900726  0.39135307  0.869167    1.8000402  -0.0584964
 -0.13086793 -0.42424577 -0.72437704 -1.335252    0.4561906  -0.71416163
  0.19170512  0.88937914 -2.2448096   0.78495723]
[ 0.25076294 -0.10801105  0.51462996  0.8790246   1.8114805   0.07606022
 -0.237789   -0.38348547 -0.65605736 -1.2421194   0.28398475 -0.5823528
  0.19074409  0.82196206 -2.3206425   0.6612296 ]
[ 0.23118019  0.02089903  0.49140793  0.77364385  1.9705617   0.04113778
 -0.36415473 -0.4101852  -0.65899533 -1.4110465   0.49527636 -0.5929369
  0.15522026  0.67406785 -2.1849167   0.7310773 ]
[ 0.13571206  0.08061375  0.44332868  0.73470795  2.0230079   0.03434276
 -0.45112506 -0.3683537  -0.6035342  -1.489667    0.5662176  -0.5738198
  0.13721372  0.6195818  -2.1062841   0.78317225]
[-0.00712792  0.10616889  0.36166766  0.7305178   2.0693545   0.03175128
 -0.5306512  -0.32048407 -0.5254855  -1.5368397   0.58951724 -0.5984442
  0.20397253  0.6052395  -2.0669262   0.8567254 ]
[ 0.12334581 -0.00952183  0.3219542   0.78359973  2.0683398  -0.03898948
 -0.37498707 -0.4296065  -0.6564474  -1.487632    0.6185915  -0.75435704
  0.2961355   0.75049937 -2.0818982   0.83810127]
[ 0.32392317 -0.08104321  0.3271341   0.8491739   1.9789461  -0.05229008
 -0.20587513 -0.46769148 -0.7188858  -1.3525116   0.5360695  -0.73632795
  0.22427182  0.82225007 -2.2102427   0.7258169 ]
[ 0.3777265  -0.16906804  0.4408988   0.84145725  1.9671543  -0.00917124
 -0.22610998 -0.4302075  -0.72519606 -1.2710712   0.4312586  -0.6673834
  0.25059235  0.76091737 -2.2436585   0.62911195]
[ 0.2999441  -0.12274015  0.53114414  0.81229085  1.905709    0.04611823
 -0.27698922 -0.34710488 -0.67039883 -1.2465445   0.3265849  -0.5758892
  0.22628503  0.7027826  -2.2437375   0.58929616]
[ 0.2683194  -0.00859027  0.53157127  0.65669054  1.9747896  -0.02756559
 -0.30970407 -0.35850245 -0.7148007  -1.4282726   0.4853243  -0.6391301
  0.27228516  0.6287233  -2.0320916   0.6618725 ]
[ 1.7297873e-01 -1.2032449e-03  5.0856936e-01  6.3828111e-01
  2.0587409e+00 -2.9942071e-02 -3.8003406e-01 -3.5398847e-01
 -6.9112098e-01 -1.4813883e+00  5.0189143e-01 -6.7295754e-01
  3.4925997e-01  5.7249415e-01 -1.9587612e+00  7.3141110e-01]
[ 0.25501353 -0.04846232  0.47086543  0.644182    2.1180265  -0.08672108
 -0.3316896  -0.44669485 -0.76922    -1.4815114   0.62318015 -0.7989008
  0.36689976  0.6212129  -1.9594332   0.78723127]
[ 0.3534165  -0.03102331  0.49329147  0.63898057  1.9882609  -0.08299368
 -0.2185606  -0.4769767  -0.8539211  -1.4151409   0.607501   -0.76490015
  0.33502105  0.73158646 -2.0375233   0.6928395 ]
[ 0.33499876 -0.12249272  0.6207279   0.6577877   1.9964718   0.03396787
 -0.2879872  -0.44415563 -0.8504839  -1.3192436   0.41605887 -0.6851862
  0.39848655  0.6286228  -1.994922    0.5735673 ]
[ 0.309308   -0.08497333  0.54793817  0.63570994  2.0488102  -0.00808061
 -0.3147082  -0.42839748 -0.8327007  -1.4029697   0.50069106 -0.72102904
  0.39103812  0.59226143 -1.9214723   0.64847815]
[ 0.20838344  0.00677901  0.50418663  0.57511014  2.043542   -0.0705792
 -0.35327953 -0.39747655 -0.8122848  -1.5253236   0.5990268  -0.7675797
  0.38141966  0.61386603 -1.8324658   0.7926456 ]
[ 0.1365259  -0.0814445   0.6204254   0.5993715   2.0061526   0.01264939
 -0.3489963  -0.37525958 -0.83040893 -1.4372909   0.41338444 -0.69458616
  0.4778768   0.6359279  -1.839927    0.6670284 ]
[ 0.20212512 -0.1218729   0.5386849   0.6337967   2.1002278  -0.01075516
 -0.3451957  -0.46944818 -0.8695715  -1.4403783   0.51460344 -0.80094135
  0.50605166  0.59539086 -1.8069919   0.73751605]
[ 0.34865737 -0.16692789  0.5361203   0.6714312   2.0109627  -0.03675736
 -0.2609654  -0.48795477 -0.9141445  -1.368873    0.48041186 -0.8061636
  0.47524825  0.68807304 -1.9063962   0.6981624 ]
[ 0.33019933 -0.1981752   0.61505985  0.69958353  1.9029408   0.03161131
 -0.24017644 -0.42223683 -0.863767   -1.2879925   0.31282368 -0.69081503
  0.47433677  0.6495201  -1.9401963   0.58475405]
[ 0.22468066 -0.11311281  0.6145114   0.62085223  1.9857117   0.02866196
 -0.3069258  -0.39617038 -0.8368193  -1.3721402   0.37844416 -0.68902487
  0.42993703  0.6261796  -1.8796065   0.64551884]
[ 0.15500483 -0.03596231  0.5530717   0.6065001   2.056033    0.03038985
 -0.36398757 -0.39848146 -0.7883345  -1.4519547   0.45518732 -0.6982769
  0.41977516  0.5721592  -1.8502913   0.703099  ]
[ 0.21490458 -0.05694991  0.47741714  0.61787635  2.0920093  -0.05492352
 -0.33598834 -0.4605275  -0.83647835 -1.4911053   0.586234   -0.8264599
  0.45059413  0.63035285 -1.84646     0.8055242 ]
[ 0.3514009  -0.0819976   0.48194647  0.6582804   1.9941156  -0.05821439
 -0.21406946 -0.48184174 -0.85474646 -1.3747191   0.56241196 -0.7875958
  0.35686296  0.7046587  -1.9977179   0.702001  ]
[ 0.3647739  -0.07704522  0.57337344  0.64684117  1.9485039   0.00384939
 -0.21813461 -0.46608377 -0.8631605  -1.3282479   0.4631341  -0.7351877
  0.369903    0.679781   -2.0093365   0.6049715 ]
[ 0.31219357 -0.09987658  0.5804024   0.62706006  2.0529385   0.02235378
 -0.3023727  -0.44134885 -0.84739    -1.3462962   0.42520434 -0.73134214
  0.43607062  0.6121154  -1.938118    0.5975236 ]
[ 3.0361667e-01  1.8965036e-03  4.8070240e-01  5.7689720e-01
  2.1204238e+00 -6.4395748e-02 -3.2527933e-01 -4.6859375e-01
 -8.5806304e-01 -1.4678893e+00  6.5041065e-01 -8.2250434e-01
  3.4960583e-01  6.1429465e-01 -1.8839203e+00  7.5714910e-01]
[ 0.28621262 -0.00645931  0.5439004   0.62732196  1.9978158  -0.0382878
 -0.24848935 -0.45140156 -0.85111505 -1.4110622   0.555431   -0.73841715
  0.34235704  0.66025335 -1.962918    0.65494984]
[ 0.30330268 -0.0072202   0.54211414  0.59336597  2.0400567  -0.01538444
 -0.24714784 -0.49587107 -0.8790201  -1.4351366   0.58534515 -0.7761459
  0.37102208  0.630925   -1.9040267   0.6542648 ]
[ 0.29721493 -0.07743052  0.4891332   0.5692233   2.1469648  -0.0753398
 -0.31571466 -0.49794397 -0.89219606 -1.4652615   0.6645678  -0.85704505
  0.42498484  0.6074483  -1.8152387   0.7597804 ]
[ 0.3500294  -0.09950578  0.5318334   0.5827897   2.1056335  -0.06748945
 -0.28723824 -0.48994374 -0.8866354  -1.4284246   0.62974054 -0.7962234
  0.40892404  0.5792679  -1.8561954   0.68286073]
[ 0.23932481 -0.06415494  0.61012435  0.5369809   2.0870838   0.02400997
 -0.34428138 -0.45791212 -0.88430846 -1.4441687   0.5433539  -0.73582685
  0.46804482  0.51885283 -1.7566059   0.61848974]
[ 0.14492631  0.02687427  0.5408604   0.43291873  2.170569   -0.03002473
 -0.42157203 -0.43633634 -0.8799054  -1.5445126   0.65937865 -0.7975026
  0.48421305  0.4980918  -1.6405575   0.7581337 ]
[ 0.19026844  0.02363203  0.45478106  0.42909938  2.1897087  -0.09943217
 -0.40462622 -0.46302634 -0.85172844 -1.5739911   0.7481912  -0.8848093
  0.46995598  0.56174207 -1.7036489   0.88273823]
[ 0.2595963   0.03252998  0.4560275   0.5321282   2.0661128  -0.08386027
 -0.28029102 -0.51529783 -0.90169543 -1.5267534   0.7241428  -0.86088437
  0.38658413  0.66918224 -1.7949703   0.8033968 ]
[ 0.24718876 -0.01116069  0.52739394  0.55297315  2.0251865  -0.04899472
 -0.2717063  -0.48189798 -0.895655   -1.4880173   0.60171235 -0.8369703
  0.39250177  0.6874861  -1.7980759   0.76326036]
[ 0.36372328 -0.12932877  0.5520939   0.67665625  1.9600611  -0.01289862
 -0.20665339 -0.47527242 -0.8536995  -1.3606945   0.47064057 -0.7598146
  0.39349395  0.65950143 -1.951144    0.6321658 ]
[ 0.3551907  -0.1092416   0.516271    0.6134191   2.0413911  -0.0796208
 -0.24963579 -0.4719326  -0.86285096 -1.4357989   0.58013594 -0.79438454
  0.4000327   0.6456711  -1.9080918   0.7205323 ]
[ 0.22197878 -0.13921496  0.6347669   0.58887386  2.0466049   0.02895196
 -0.3302617  -0.4130869  -0.829758   -1.3936037   0.39995623 -0.69552505
  0.5047478   0.58588755 -1.849075    0.5970973 ]
[ 0.15344486 -0.09379874  0.5586384   0.50464255  2.1880956   0.00429262
 -0.43017372 -0.40435427 -0.79132557 -1.466747    0.5201523  -0.7304422
  0.48986846  0.5051203  -1.7510889   0.70664126]
[ 0.19788748 -0.03050118  0.40703076  0.51035017  2.205051   -0.09008361
 -0.42299604 -0.41921178 -0.7769049  -1.5481958   0.7028621  -0.81357497
  0.4216506   0.53109384 -1.771349    0.864889  ]
[ 0.25415617  0.0161545   0.3980775   0.5623706   2.0381749  -0.1271005
 -0.28596738 -0.4372012  -0.8139364  -1.5260242   0.7047742  -0.8207483
  0.3322286   0.71870524 -1.9166963   0.8704041 ]
[ 0.3111506  -0.02875383  0.4744319   0.647681    1.9365381  -0.07113189
 -0.1999697  -0.44690657 -0.8292147  -1.4360968   0.5583099  -0.7533429
  0.3286738   0.7412761  -2.0266356   0.75695354]
[ 0.36778727 -0.0668655   0.44827223  0.6799446   1.9260839  -0.08371586
 -0.17243555 -0.47680345 -0.8682852  -1.416366    0.5450536  -0.7935575
  0.35770786  0.76449597 -2.0115387   0.7638934 ]
[ 0.4319775  -0.13033743  0.51215804  0.682164    1.9563856  -0.07458519
 -0.21928234 -0.4519809  -0.8522833  -1.36588     0.47857374 -0.7637314
  0.3427956   0.70505905 -2.0164459   0.7273194 ]
[ 0.40204763 -0.17127408  0.5992521   0.6757814   1.9042553   0.0111187
 -0.24239019 -0.3648525  -0.78077763 -1.2646166   0.3125034  -0.63072765
  0.34695566  0.6291756  -2.0508904   0.58151627]
[ 0.20229693 -0.12409277  0.60464084  0.62428117  2.017445    0.02404968
 -0.37568265 -0.30035308 -0.74503946 -1.3284465   0.31253085 -0.57787323
  0.40954694  0.5928479  -1.9433422   0.56572455]
[ 0.10379738 -0.11353874  0.5301713   0.62859625  2.193787    0.0222471
 -0.47957402 -0.32655662 -0.71446747 -1.3896139   0.42737085 -0.60095084
  0.45860595  0.50907725 -1.8967867   0.60746354]
[ 0.18272117 -0.11227913  0.4558711   0.6845897   2.219118   -0.03628744
 -0.41264883 -0.4105155  -0.7830956  -1.4391677   0.5622981  -0.7182003
  0.42633423  0.55772555 -1.9016402   0.6865328 ]
[ 0.27422643 -0.07856181  0.4432465   0.72806615  2.083042   -0.0710393
 -0.28389066 -0.4435175  -0.8291542  -1.4050188   0.5701001  -0.69954515
  0.32830688  0.66533005 -2.0167212   0.69588554]
[ 0.12982127 -0.09331673  0.5386834   0.7081474   2.060146    0.03050006
 -0.37431294 -0.3791843  -0.7922312  -1.3838395   0.44124594 -0.6440319
  0.4001432   0.608997   -1.9383161   0.64759904]
[ 0.26748195 -0.1097424   0.4792202   0.6648156   2.0072396  -0.06882644
 -0.23933561 -0.44514075 -0.893565   -1.4295807   0.5334246  -0.7751988
  0.43725538  0.6828723  -1.8742412   0.72594696]
[ 0.26536244 -0.17583016  0.55125487  0.68376     1.9675175  -0.04362644
 -0.24477586 -0.43745127 -0.89906824 -1.3819861   0.39148527 -0.77073264
  0.53447694  0.6788223  -1.8206005   0.6633292 ]
[ 0.33485317 -0.23061189  0.64356124  0.6688935   1.9236606   0.04483268
 -0.24268694 -0.40517968 -0.85520804 -1.3205532   0.26368576 -0.6747316
  0.5156242   0.60420793 -1.869051    0.5561749 ]
[ 0.14571315 -0.13705759  0.7516356   0.48173028  2.0075471   0.1872484
 -0.49298796 -0.26488012 -0.7324991  -1.3854859   0.21211545 -0.534691
  0.52076805  0.41502872 -1.7230886   0.50649816]
[ 0.14143234 -0.12843129  0.6606835   0.61232805  2.0652308   0.14050099
 -0.50615495 -0.27128172 -0.6717943  -1.380422    0.27637416 -0.52108127
  0.43709216  0.46954808 -1.8900421   0.52307904]
[ 0.14577898 -0.1081558   0.56524146  0.64643925  2.1235244   0.04955307
 -0.4972685  -0.29343626 -0.69941443 -1.4700624   0.41907716 -0.6035727
  0.43149668  0.44347066 -1.8556734   0.6641816 ]
[ 0.19629481 -0.07357222  0.50045335  0.69727     2.0632596  -0.04230941
 -0.38110757 -0.3786264  -0.7890705  -1.515       0.54542166 -0.7312415
  0.36440462  0.5760833  -1.8715508   0.80454177]
[ 0.23230667 -0.13056675  0.5376633   0.7195221   1.9262177  -0.01253864
 -0.27912775 -0.35200587 -0.7945765  -1.4072468   0.395122   -0.68530476
  0.35699168  0.65078634 -1.9654722   0.7719785 ]
[ 0.3554114  -0.17993332  0.49034148  0.7059733   1.9389946  -0.10287802
 -0.23497681 -0.3939065  -0.81317616 -1.4038017   0.47154984 -0.76790905
  0.3674683   0.6524339  -1.9679722   0.84731185]
[ 0.37489137 -0.2567258   0.5371047   0.7208057   1.9643214  -0.09376854
 -0.28991643 -0.37514526 -0.79359597 -1.3620164   0.39186093 -0.72629154
  0.4082822   0.63571763 -1.9837875   0.8113497 ]
[ 0.22872218 -0.26827556  0.58811945  0.7354892   1.9889492   0.01935435
 -0.44286624 -0.26744628 -0.71336687 -1.3298725   0.20073816 -0.58529025
  0.488238    0.57391745 -1.9481647   0.69374275]
[ 0.05114152 -0.11389794  0.50007695  0.6415799   2.1525846   0.01999483
 -0.59557986 -0.20916569 -0.64904344 -1.4627348   0.34916753 -0.53480643
  0.44072667  0.5079959  -1.8521191   0.7194729 ]
[ 0.01011931 -0.0256458   0.40752262  0.71960443  2.218399    0.0299406
 -0.6168242  -0.25456864 -0.5904687  -1.4973955   0.48929158 -0.5418771
  0.33957916  0.5066718  -1.9668556   0.7377161 ]
[ 0.08402085 -0.04135434  0.33591965  0.8433326   2.179553   -0.01531216
 -0.49328384 -0.36449057 -0.6210477  -1.4728845   0.59116256 -0.6286666
  0.280567    0.64348495 -2.1158223   0.75832313]
[ 0.06944148 -0.08796138  0.3480131   0.87327147  2.125703   -0.01588844
 -0.4416318  -0.38342977 -0.6774894  -1.4318227   0.5345246  -0.65080297
  0.35246396  0.68959683 -2.0851192   0.74432254]
[ 0.2410287  -0.14114013  0.35833797  0.89547     1.9662317  -0.03744069
 -0.22559626 -0.46371904 -0.8205306  -1.3185716   0.4680892  -0.6810568
  0.36894697  0.8361181  -2.1542037   0.6680657 ]
[ 0.2869243  -0.23310462  0.4803923   0.8866712   1.9280014   0.04663559
 -0.21017905 -0.4668123  -0.8600658  -1.2153324   0.324972   -0.64496344
  0.4621562   0.7692455  -2.1074176   0.5070556 ]
[ 0.37319756 -0.23882225  0.61180174  0.78683996  1.9090201   0.05374201
 -0.20976648 -0.4482643  -0.87999475 -1.218566    0.27258316 -0.61719924
  0.4562642   0.6608372  -2.0317113   0.47287187]
[ 0.18184575 -0.1802376   0.775375    0.6875465   1.8814303   0.22223361
 -0.35936505 -0.3270835  -0.80294037 -1.2482905   0.1029572  -0.5216656
  0.46429482  0.58115995 -1.8939407   0.3898012 ]
[ 0.08787858 -0.11800136  0.7212908   0.61156607  1.929541    0.17743443
 -0.40775648 -0.30330017 -0.79603606 -1.3668745   0.1921747  -0.55795693
  0.4979499   0.5602379  -1.7767446   0.506967  ]
[ 0.10344718 -0.19812942  0.6642402   0.63504213  2.0145726   0.14881848
 -0.43292016 -0.34708518 -0.8230559  -1.3481573   0.23503432 -0.60659605
  0.591638    0.50033045 -1.7419288   0.5636944 ]
[ 0.30811825 -0.2968657   0.62287843  0.7306971   1.959554    0.0861245
 -0.2851276  -0.46196073 -0.94654834 -1.2518463   0.28258234 -0.7030012
  0.5679523   0.6150881  -1.8294144   0.5579783 ]
[ 0.33979243 -0.35085797  0.7161467   0.77075875  1.8351295   0.15196593
 -0.31852522 -0.36035085 -0.8747374  -1.164118    0.09364889 -0.5865273
  0.5289341   0.5881486  -1.8977982   0.4819123 ]
[ 0.29184204 -0.29568836  0.72426224  0.6938144   1.8606774   0.11275677
 -0.34971386 -0.29103607 -0.8242458  -1.2903839   0.13587472 -0.61277544
  0.51570714  0.53767174 -1.8172833   0.5659331 ]
[ 0.1900073  -0.19069342  0.6683328   0.61762637  1.9125023   0.00845469
 -0.32620937 -0.28756016 -0.851303   -1.4374746   0.28010517 -0.6688523
  0.5045      0.6021821  -1.7720187   0.71322507]
[ 0.10163617 -0.15916245  0.6032583   0.5903116   2.02975    -0.01537148
 -0.41485867 -0.30349946 -0.83956814 -1.4989854   0.36882752 -0.67550796
  0.5325326   0.56046027 -1.7243475   0.81083506]
[ 0.16889371 -0.23131005  0.49705163  0.67711264  2.0862763  -0.08388979
 -0.4253173  -0.32797557 -0.80757    -1.4430177   0.41623062 -0.71439487
  0.51426995  0.6116239  -1.8725739   0.9018343 ]
[ 0.27209562 -0.22680137  0.5018045   0.829502    1.9460919  -0.07703491
 -0.3192402  -0.31612793 -0.7700196  -1.3739914   0.34569883 -0.60612774
  0.35849556  0.67988384 -2.07396     0.7924898 ]
[ 0.0634558  -0.11468036  0.5367479   0.7762006   1.923764    0.01480284
 -0.4766136  -0.18193212 -0.63542664 -1.4328649   0.25596958 -0.49190053
  0.3151557   0.6252775  -1.9918932   0.7801292 ]
[-0.0478706  -0.00957583  0.48645836  0.7130186   2.0064995  -0.02858256
 -0.53280574 -0.18545187 -0.5799582  -1.5627158   0.39140108 -0.5389105
  0.29964918  0.59165287 -1.904361    0.8723005 ]
[ 0.01796476 -0.02558698  0.3813609   0.8598956   2.01072    -0.0428758
 -0.4445408  -0.3323251  -0.61030084 -1.512503    0.49747315 -0.6413694
  0.2531677   0.6988227  -2.0620296   0.9225224 ]
[ 0.09263773 -0.09180816  0.35531554  0.98710096  1.9733232   0.03138257
 -0.41659635 -0.33306935 -0.58668864 -1.3777809   0.35975763 -0.5850252
  0.19096248  0.7260822  -2.1877542   0.83036023]
[ 0.28885666 -0.1382746   0.3511385   0.9895485   1.8900697   0.01846686
 -0.28497922 -0.3480749  -0.59942967 -1.2537029   0.29499066 -0.5401879
  0.06179294  0.80355895 -2.3506572   0.7824521 ]
[ 0.12012712 -0.11200798  0.42222008  0.97722757  1.8974721   0.10733924
 -0.44416946 -0.19168779 -0.4557391  -1.2160656   0.18357399 -0.39252177
  0.02147338  0.73672783 -2.4080815   0.7174475 ]
[ 0.04678246 -0.04267281  0.38147452  0.88135797  2.0414686   0.06510997
 -0.52687144 -0.22332075 -0.4685987  -1.3226163   0.35822836 -0.4442203
  0.10741457  0.6806403  -2.3134456   0.7430955 ]
[ 1.5285641e-02  1.6011149e-03  3.8042706e-01  7.9298013e-01
  2.1610420e+00  2.9199850e-02 -6.1625946e-01 -2.4275085e-01
 -4.9785891e-01 -1.4778910e+00  4.9438697e-01 -5.1521313e-01
  2.2536579e-01  5.4809320e-01 -2.1330996e+00  8.0068856e-01]
[ 0.10704496 -0.09854466  0.37629262  0.86718893  2.147497   -0.03757609
 -0.48874465 -0.31365988 -0.6156535  -1.4834982   0.53795445 -0.6453363
  0.266867    0.62612474 -2.1134822   0.8326432 ]
[ 0.19277307 -0.10010017  0.37562662  0.8725662   2.047585   -0.08651133
 -0.35702544 -0.33610636 -0.6527964  -1.4693037   0.5417236  -0.66863877
  0.20697     0.6603957  -2.1391768   0.8780963 ]
[ 0.23968677 -0.07594761  0.3915765   0.8314179   1.9176111  -0.11122137
 -0.2414573  -0.3682058  -0.7227607  -1.4497992   0.5396539  -0.6790218
  0.21534853  0.74810946 -2.1535752   0.8843498 ]
[ 0.16661297 -0.12501375  0.45285606  0.79957116  1.9044313  -0.06842265
 -0.2883629  -0.33274788 -0.71552813 -1.4111478   0.41185474 -0.6597133
  0.33027706  0.7217137  -2.0959582   0.87589025]
[ 0.2973074  -0.1484139   0.41731253  0.78398263  1.9491065  -0.11213081
 -0.254754   -0.3891346  -0.7502023  -1.4002657   0.46354786 -0.7172324
  0.28248358  0.7411242  -2.114951    0.91982996]
[ 0.26003826 -0.15163973  0.43032318  0.8566739   1.9290905  -0.03959859
 -0.3159786  -0.3589621  -0.68105876 -1.3456953   0.38172364 -0.58868724
  0.22773063  0.7075733  -2.1693692   0.82268846]
[ 0.03754347 -0.06947671  0.43221897  0.8331744   1.9871887   0.07286328
 -0.5289964  -0.20734385 -0.5212778  -1.3636898   0.27223194 -0.45952803
  0.20075865  0.63402987 -2.1384704   0.7861845 ]
[-0.04143213  0.04573407  0.3587848   0.8243432   2.0750237   0.0616913
 -0.5932255  -0.23722176 -0.45955604 -1.4849284   0.4297951  -0.5019083
  0.1807257   0.60116816 -2.1324706   0.843387  ]
[ 0.07299586 -0.02208469  0.30378824  0.9334806   2.0876622   0.00703065
 -0.45826378 -0.3694595  -0.5553752  -1.4461836   0.53968376 -0.6516613
  0.18753305  0.7233223  -2.2175152   0.83198005]
[ 0.06931428 -0.06836443  0.3389193   0.94946176  2.0983758   0.04457965
 -0.48380023 -0.36033365 -0.54648256 -1.3860893   0.4859078  -0.63681024
  0.2130979   0.7041811  -2.233858    0.77638364]
[ 0.2143354  -0.11507876  0.32328954  0.92199934  2.0608833   0.01672954
 -0.3334342  -0.43282962 -0.66617996 -1.3132356   0.50331986 -0.6710328
  0.23088996  0.79023546 -2.27252     0.70343614]
[ 0.22694345 -0.12360994  0.424424    0.85947436  1.9659061   0.02255218
 -0.28298324 -0.3751623  -0.67647725 -1.2582794   0.40848422 -0.6129048
  0.24071093  0.80942297 -2.3081145   0.6372422 ]
[ 0.25295797 -0.08070006  0.4088344   0.79341555  2.002741   -0.03002074
 -0.2637094  -0.4158954  -0.7333595  -1.3804235   0.5376391  -0.6878227
  0.2787189   0.7563919  -2.1817346   0.7028021 ]
[ 0.3163108   0.02712383  0.40657106  0.6505014   1.938543   -0.12285095
 -0.2032458  -0.4508761  -0.8176066  -1.5219063   0.6822359  -0.78243744
  0.27217144  0.7530659  -2.0258412   0.8436626 ]
[ 0.26308846  0.00373723  0.48369354  0.684327    1.8112192  -0.07663642
 -0.16239807 -0.4382406  -0.8458565  -1.4826568   0.5644532  -0.7704037
  0.33757663  0.8162616  -2.0236526   0.79949474]
[ 0.31984654 -0.05800131  0.4739496   0.68888587  1.8190867  -0.09312043
 -0.14204583 -0.46910805 -0.8881472  -1.4426275   0.54498696 -0.81161916
  0.3739472   0.83022296 -1.9969162   0.8151802 ]
[ 0.39857787 -0.15147631  0.55039644  0.7288718   1.7768131  -0.01947994
 -0.13390383 -0.46703202 -0.88268244 -1.3141582   0.39326975 -0.739549
  0.37172276  0.8072429  -2.0632052   0.7046673 ]
[ 0.34205666 -0.21204169  0.6650213   0.7659741   1.7784449   0.08666467
 -0.25977224 -0.36497718 -0.79959995 -1.2476987   0.16099882 -0.58713835
  0.39092246  0.69177276 -2.0780556   0.62593913]
[ 0.24281736 -0.09871577  0.59923756  0.78504807  1.8286453   0.0504881
 -0.32324594 -0.30567867 -0.73582655 -1.365148    0.24907771 -0.55844116
  0.3008502   0.6849096  -2.0711377   0.6791688 ]
[ 0.04851534 -0.02510789  0.55470276  0.76842654  1.9044878   0.02913542
 -0.4142676  -0.2599369  -0.67554283 -1.4608938   0.33535272 -0.5651472
  0.29375008  0.6952851  -2.0103855   0.7469238 ]
[ 0.01895847 -0.02747835  0.4735694   0.78605974  2.001511    0.03009995
 -0.4566788  -0.30934316 -0.63605744 -1.4698349   0.4174947  -0.6242324
  0.33744335  0.64841604 -2.0312378   0.80804443]
[ 0.1026059  -0.10756671  0.4464383   0.8721873   2.03068     0.04325886
 -0.40095377 -0.4186612  -0.7055187  -1.402169    0.45091972 -0.68671423
  0.3483477   0.7069941  -2.0771883   0.7608723 ]
[ 0.16624942 -0.1582646   0.4832399   0.87401855  2.0199597   0.06292789
 -0.38469714 -0.40675655 -0.69501483 -1.3215744   0.38153067 -0.64764184
  0.3343442   0.70351297 -2.1420646   0.69061244]
[ 0.18402636 -0.10613471  0.5267742   0.8792201   1.8882401   0.08851892
 -0.32957286 -0.3515223  -0.683084   -1.2906005   0.30408338 -0.54180753
  0.2444115   0.76456726 -2.2380345   0.6190866 ]
[ 0.11497221  0.05822113  0.514233    0.74302053  1.938365    0.01313758
 -0.3924467  -0.3532098  -0.7063255  -1.5443357   0.50416017 -0.60270154
  0.26221624  0.68195474 -2.0232384   0.756512  ]
[ 0.01000687  0.05419791  0.44222265  0.7259041   2.015352    0.01874025
 -0.4836739  -0.31082875 -0.6358176  -1.5820144   0.5187418  -0.6394175
  0.3133814   0.59246856 -1.9411545   0.87162703]
[ 0.13197877 -0.04016524  0.4161908   0.8429635   1.9173119  -0.01440509
 -0.3140134  -0.40519604 -0.71373457 -1.4639361   0.50843686 -0.7270695
  0.28777808  0.76157844 -2.079794    0.8590499 ]
[ 0.3345844  -0.10522468  0.44152737  0.8575634   1.7769588  -0.04259961
 -0.13275316 -0.4177414  -0.76091325 -1.3490093   0.4254151  -0.71899754
  0.20611148  0.8457573  -2.1933932   0.7965654 ]
[ 0.31660166 -0.15441315  0.5582409   0.8547079   1.7498817   0.05345865
 -0.20358579 -0.34593728 -0.6714899  -1.2426672   0.24649501 -0.5875003
  0.18101904  0.77403146 -2.284666    0.71612674]
[ 0.22019148 -0.05374429  0.54238427  0.7675495   1.9032357   0.01868417
 -0.35683125 -0.33979976 -0.63471526 -1.38262     0.37682772 -0.56778175
  0.21072192  0.65754336 -2.1364627   0.73757946]
[ 0.07958786  0.01763708  0.45884523  0.766493    2.0199597   0.03849981
 -0.47991696 -0.30741516 -0.5836938  -1.4551585   0.43019897 -0.52965844
  0.22398433  0.63470507 -2.1070263   0.7583839 ]
[-0.04678483  0.05303683  0.3817981   0.75990045  2.1522434   0.04814759
 -0.6453822  -0.25519392 -0.49204916 -1.5446807   0.50166094 -0.5223021
  0.26128614  0.51710546 -2.043326    0.8436526 ]
[ 0.05464695  0.02135328  0.35113177  0.853381    2.117862    0.01283965
 -0.5018004  -0.38363653 -0.5865532  -1.5306277   0.5998114  -0.67435145
  0.2162195   0.65917444 -2.11719     0.8759325 ]
[ 0.09247407  0.02452349  0.35333517  0.89262915  2.0214543   0.01375091
 -0.41714302 -0.38178232 -0.5927902  -1.4924401   0.5747715  -0.66898954
  0.15072474  0.69579875 -2.1669497   0.86828774]
[ 0.20459595 -0.02632595  0.37630352  0.8440765   1.9170916  -0.03694424
 -0.27157134 -0.3896251  -0.65953225 -1.4410212   0.53011864 -0.6914029
  0.18268803  0.7675322  -2.1989655   0.8592037 ]
[ 0.24519989 -0.0860305   0.4251035   0.86434805  1.8779757  -0.00759176
 -0.23033373 -0.3825437  -0.65983826 -1.3277929   0.420389   -0.65964806
  0.19043784  0.7995614  -2.2690532   0.7624463 ]
[ 0.32223013 -0.10573709  0.42646116  0.79417455  1.9785229  -0.04756945
 -0.24680729 -0.43131012 -0.71430194 -1.3595442   0.5116167  -0.6989414
  0.23093212  0.74189657 -2.2006593   0.76064223]
[ 0.26377377 -0.05589746  0.4995748   0.7637348   1.9484222  -0.00714144
 -0.33985686 -0.36727935 -0.68439615 -1.3947424   0.4603849  -0.60812914
  0.22025335  0.6761688  -2.163405    0.75035775]
[ 0.13962242  0.0148836   0.45860583  0.7578245   1.9980066  -0.02290314
 -0.41540852 -0.33526686 -0.6546201  -1.4998124   0.52755725 -0.6014593
  0.21120982  0.6571673  -2.084612    0.8146383 ]
[-0.02318649  0.07538806  0.38633314  0.7589936   2.0255573  -0.02411561
 -0.4758854  -0.32708895 -0.6114613  -1.5879301   0.60335195 -0.64045763
  0.2703237   0.65807766 -2.0176609   0.89903975]
[ 0.04964945  0.02659363  0.36080575  0.8147219   1.9899734  -0.03281857
 -0.3683399  -0.42947882 -0.6954899  -1.5440699   0.62143624 -0.73517877
  0.29199228  0.7827543  -2.0644429   0.90035915]
[ 0.24742344 -0.05056252  0.35929742  0.8779869   1.8732731  -0.03987727
 -0.19424447 -0.4569746  -0.7497346  -1.4168243   0.52737415 -0.7208411
  0.21076703  0.8570322  -2.1870797   0.8284092 ]
[ 0.27630633 -0.10732438  0.45081156  0.8828495   1.8513696   0.00260936
 -0.23320358 -0.40782148 -0.6910218  -1.3329656   0.41841063 -0.63096094
  0.1696148   0.78728426 -2.2369885   0.76308715]
[ 0.14372787 -0.07928759  0.514744    0.8884527   1.8095624   0.07307031
 -0.31922048 -0.3163993  -0.6077838  -1.2828739   0.28058773 -0.5057931
  0.17598642  0.78039867 -2.2640483   0.66924363]
[ 0.06224548  0.08685333  0.46599928  0.77396226  1.9213407   0.03927272
 -0.41323504 -0.3290903  -0.5957428  -1.4905984   0.45611602 -0.53011656
  0.18853506  0.6897713  -2.1110425   0.75132525]
[-0.05188277  0.08940743  0.43060055  0.79047936  2.0397873   0.07722744
 -0.5678204  -0.27720708 -0.50259334 -1.5496091   0.44523636 -0.52449745
  0.23275633  0.5750277  -2.0561514   0.8185161 ]
[ 0.05231216  0.03601174  0.38479468  0.88243324  2.0368118   0.0282444
 -0.4452335  -0.40964556 -0.5982387  -1.5215535   0.56991255 -0.67406833
  0.17745657  0.7060014  -2.1169698   0.8598526 ]
[ 0.10301552  0.01221656  0.39877945  0.8717807   1.9807132   0.04305672
 -0.4054196  -0.409545   -0.6227248  -1.4570624   0.5284108  -0.63613904
  0.14228348  0.73245084 -2.1644406   0.8495363 ]
[ 0.07638784 -0.05486212  0.4349462   0.87052786  1.8817494   0.09012751
 -0.41265607 -0.28401303 -0.55099565 -1.3278744   0.32983205 -0.5290352
  0.16493198  0.7551577  -2.2779124   0.7985332 ]
[ 0.2068388  -0.12309296  0.43289906  0.8783062   1.8938586   0.02299463
 -0.2884023  -0.37537748 -0.6736358  -1.2946289   0.39432007 -0.61365443
  0.21253939  0.8140875  -2.281061    0.755412  ]
[ 0.28722617 -0.07854084  0.40334472  0.8168392   1.9530842  -0.0587257
 -0.2684489  -0.41883913 -0.74070776 -1.4273382   0.540191   -0.6809073
  0.22007947  0.760778   -2.1741884   0.83012086]
[ 0.14916015  0.0114573   0.4871994   0.78227794  1.8408654  -0.0405521
 -0.28731102 -0.3574671  -0.7650908  -1.5040759   0.48601517 -0.63369566
  0.2732225   0.81072617 -2.1189218   0.8312788 ]
[ 0.05645703  0.02435613  0.47991028  0.7902502   1.8597463  -0.0411692
 -0.3163463  -0.34501565 -0.7471671  -1.542462    0.46884298 -0.65471524
  0.30836266  0.8026002  -2.0688558   0.89361364]
[ 0.10348032  0.01355349  0.4042636   0.8288083   1.8759302  -0.04123244
 -0.30136862 -0.4139444  -0.7431419  -1.5339153   0.5352385  -0.7367729
  0.2656576   0.8149365  -2.0643096   0.963854  ]
[ 0.15192424 -0.05511458  0.434354    0.9452699   1.862848    0.04186568
 -0.31490386 -0.3907369  -0.6632091  -1.3756374   0.38774243 -0.6412569
  0.15118569  0.7600672  -2.1791077   0.8523092 ]
[ 0.25640163 -0.06935219  0.45336407  0.8942831   1.7405937   0.04291502
 -0.24667796 -0.30291227 -0.58618844 -1.2443895   0.28217024 -0.54725015
  0.01982248  0.80772173 -2.3562627   0.82128936]
[ 0.16138513 -0.021156    0.43123993  0.90109885  1.7944286   0.05395005
 -0.3196884  -0.30071712 -0.5442493  -1.2740847   0.3074563  -0.5195464
  0.05037313  0.8120135  -2.3596249   0.7925478 ]
[ 0.07128502  0.05782754  0.3748827   0.90205926  1.9600563   0.04900863
 -0.42810345 -0.3487332  -0.5333776  -1.3839645   0.4355166  -0.544644
  0.07726751  0.7663674  -2.294929    0.8067935 ]
[ 0.00869931  0.12578478  0.3358292   0.8043067   2.159111    0.06946722
 -0.5872669  -0.3792145  -0.49140793 -1.5201299   0.6172886  -0.59095865
  0.10370853  0.5767168  -2.1293328   0.8671796 ]
[ 0.13133515  0.12933122  0.2757626   0.801105    2.1417313   0.01222682
 -0.48157915 -0.44152394 -0.5379298  -1.5083804   0.738391   -0.65039474
 -0.00617935  0.6557257  -2.184808    0.894337  ]
[ 0.02885019  0.11553983  0.3093014   0.8003665   2.1054177   0.03804536
 -0.54887336 -0.30373272 -0.3998359  -1.4531426   0.61005175 -0.5617216
  0.00372827  0.6155473  -2.2476997   0.8563706 ]
[ 0.20614775  0.00350962  0.27647606  0.80282545  2.1357949  -0.06676988
 -0.34779012 -0.42918032 -0.6004059  -1.4679476   0.70897895 -0.7554718
  0.15681356  0.7260609  -2.2002125   0.8160343 ]
[ 0.3151579  -0.02976766  0.32299453  0.68508995  2.1557097  -0.09719203
 -0.27615613 -0.47059947 -0.6932481  -1.457734    0.7188752  -0.78632045
  0.24768445  0.68292356 -2.136826    0.7822633 ]
[ 0.33507982 -0.03839474  0.34981164  0.6271921   2.1589236  -0.13247997
 -0.2933929  -0.44768968 -0.7411332  -1.4929956   0.73178023 -0.79599553
  0.28683427  0.6377033  -2.0484872   0.82741296]
[ 0.32561913  0.01200272  0.36811945  0.6228465   2.085471   -0.12857105
 -0.2843793  -0.42842278 -0.75709414 -1.5327553   0.7393142  -0.78187305
  0.23945062  0.66171396 -2.032366    0.85638314]
[ 0.2764942   0.04310295  0.43195382  0.63492405  2.0027645  -0.10698175
 -0.27306244 -0.40548468 -0.7477513  -1.560833    0.68444806 -0.7527216
  0.2251626   0.65295607 -2.0222237   0.8838457 ]
[ 0.25030458  0.0795595   0.39045393  0.6149461   1.9420065  -0.14599963
 -0.23963805 -0.43728346 -0.780101   -1.622953    0.75919306 -0.8175748
  0.24798115  0.72487104 -1.9846733   0.9888607 ]
[ 0.25651866  0.03228672  0.4297966   0.6444639   1.8798723  -0.12070699
 -0.21076569 -0.4636058  -0.8395815  -1.5615747   0.67344296 -0.82013005
  0.30568585  0.7942647  -1.9905937   0.95958537]
[ 0.32924283 -0.09725603  0.4779907   0.72895885  1.8744339  -0.06662671
 -0.2219274  -0.4480551  -0.83021355 -1.4509158   0.50699943 -0.76185155
  0.3181281   0.7433103  -2.043096    0.9076268 ]
[ 0.2779445  -0.09616657  0.47954315  0.7772361   1.8711958  -0.06019438
 -0.28189445 -0.40055132 -0.78936195 -1.4425539   0.47099543 -0.68384343
  0.2743511   0.74854374 -2.068101    0.8892757 ]
[ 0.11126914 -0.02614683  0.51090926  0.7821505   1.8835146   0.02626399
 -0.43033543 -0.26196283 -0.64145154 -1.4453247   0.31316295 -0.5307273
  0.23490414  0.6716026  -2.052136    0.8226429 ]
[-0.01056607  0.05621517  0.46541634  0.75227034  1.9969132   0.0356859
 -0.53202754 -0.25409028 -0.55162364 -1.5176105   0.41734704 -0.5383205
  0.1878855   0.6407963  -2.050135    0.8723847 ]
[-0.01249279  0.06253661  0.34206003  0.8748584   2.0651722   0.0331018
 -0.52172583 -0.36629397 -0.54965293 -1.5267383   0.55152446 -0.65373003
  0.19820496  0.6843192  -2.116033    0.905865  ]
[ 0.04664201 -0.00272134  0.31302133  0.9074276   2.0920136   0.04809595
 -0.50109375 -0.39289358 -0.57408875 -1.4498926   0.5303973  -0.66424507
  0.19848472  0.70983654 -2.1566157   0.8647388 ]
[ 0.09446134 -0.05674357  0.31558865  0.95579356  2.0481067   0.09320708
 -0.47668314 -0.3788399  -0.5861533  -1.3413279   0.44688082 -0.61232454
  0.17872596  0.75548583 -2.2524798   0.78188455]
[ 0.17491123 -0.1178064   0.3478721   0.9483551   1.9424549   0.07525008
 -0.34115472 -0.3261845  -0.57356703 -1.2024335   0.330366   -0.53243387
  0.15458068  0.8447919  -2.4129994   0.6475462 ]
[ 0.21066055 -0.04178751  0.36675575  0.8226225   2.0340142   0.01358314
 -0.35657862 -0.37992978 -0.6421481  -1.3430663   0.5067538  -0.6299693
  0.20534857  0.7402236  -2.2485397   0.70337677]
[ 0.31993318  0.00330938  0.34971583  0.7492994   1.980983   -0.09130488
 -0.24232821 -0.4503982  -0.75716484 -1.4685676   0.6635345  -0.7584988
  0.22960524  0.7883991  -2.125475    0.7723994 ]
[ 0.23039453 -0.00464492  0.45443314  0.74747705  1.8338411  -0.04855198
 -0.20637897 -0.39356312 -0.7634125  -1.4370304   0.52456886 -0.73149556
  0.28806445  0.8408424  -2.1206756   0.74878305]
[ 0.33037788 -0.04030556  0.44739228  0.6369979   1.8463695  -0.16026312
 -0.15271854 -0.44204122 -0.8753542  -1.5037563   0.62482154 -0.8695011
  0.3637019   0.85325736 -1.9828243   0.89045084]
[ 0.38680944 -0.13176191  0.52693504  0.6717692   1.8458369  -0.08774154
 -0.14546017 -0.4677837  -0.9114909  -1.3770939   0.49828506 -0.80875933
  0.37140682  0.819059   -2.007148    0.7793516 ]
[ 0.34632203 -0.2624363   0.6367606   0.71444625  1.8501076   0.05081551
 -0.25498927 -0.38612127 -0.8111852  -1.2331427   0.2522467  -0.6349305
  0.4397346   0.66422325 -2.04884     0.63351643]
[ 0.23509607 -0.17899558  0.58883274  0.7214814   1.927892    0.00855193
 -0.33513132 -0.33546633 -0.79292804 -1.3575419   0.31994548 -0.6178975
  0.43451667  0.658298   -1.9846007   0.6676672 ]
[ 0.12708846 -0.01130264  0.5113479   0.7234308   1.889246   -0.04620218
 -0.33230293 -0.31449345 -0.78786486 -1.5279611   0.44573122 -0.6347184
  0.3671379   0.7322074  -1.9382346   0.76220083]
[-0.02059745  0.04332464  0.4943688   0.664803    1.9890461  -0.02835594
 -0.47127074 -0.2620898  -0.68814147 -1.6132996   0.480928   -0.6370329
  0.3569135   0.6371509  -1.8560168   0.880966  ]
[ 0.07657246 -0.00829123  0.43052626  0.82658356  1.9310936  -0.04126045
 -0.34256786 -0.39101705 -0.73128664 -1.5362113   0.5306702  -0.7100905
  0.3036575   0.7561935  -2.0282555   0.90241176]
[ 0.20949526 -0.11814392  0.4574206   0.92267764  1.8080494   0.00976156
 -0.23676333 -0.40273252 -0.7504214  -1.3427169   0.37726492 -0.6444714
  0.22975245  0.83118343 -2.1967616   0.81042403]
[ 0.24547532 -0.19671063  0.56190836  0.9129117   1.7294804   0.07985263
 -0.26949915 -0.30291677 -0.6589111  -1.2007463   0.17001137 -0.50559366
  0.18516333  0.8038782  -2.3208203   0.7266475 ]
[ 0.1338931  -0.07978071  0.5564822   0.902118    1.8083982   0.10492238
 -0.3857413  -0.30210957 -0.62407905 -1.3073522   0.2265052  -0.4687469
  0.1759065   0.7414481  -2.2410152   0.72161263]
[-0.04318757  0.06712879  0.48415804  0.7821265   1.9760262   0.08844373
 -0.5770774  -0.24702302 -0.54383266 -1.5224321   0.3807465  -0.47069865
  0.20058493  0.5861655  -2.0367372   0.8453802 ]
[-0.13579798  0.15751544  0.40929452  0.78560656  2.0155742   0.06791784
 -0.633437   -0.2396703  -0.4973219  -1.6125126   0.48827448 -0.5013928
  0.17275056  0.5821128  -2.026997    0.9418206 ]
[-0.06902605  0.10538999  0.3800771   0.91064227  1.9832871   0.05331967
 -0.51022923 -0.37727293 -0.6065086  -1.5715069   0.5356973  -0.643296
  0.1825227   0.76418877 -2.1185758   0.9538108 ]
[-0.01488801  0.03170643  0.39080676  0.9956458   1.9389346   0.10250435
 -0.48823953 -0.38580355 -0.613111   -1.4524803   0.43964678 -0.5934057
  0.1468716   0.7962374  -2.211342    0.8863805 ]
[ 0.04421058 -0.07327642  0.42276874  1.0057671   1.8967327   0.11686802
 -0.4629301  -0.33895487 -0.6096226  -1.3396788   0.32545868 -0.5341188
  0.1625148   0.78277844 -2.2708244   0.83862436]
[ 0.09451331 -0.1017464   0.42456833  1.0316703   1.760992    0.09471614
 -0.31687474 -0.30738062 -0.6133464  -1.2338642   0.22900638 -0.46673927
  0.13380513  0.91349    -2.4188383   0.7382539 ]
[ 0.06786473  0.01691241  0.4358657   0.9258307   1.8658993   0.05947071
 -0.37127766 -0.36622638 -0.6884514  -1.3857652   0.4038322  -0.53192693
  0.14755806  0.84664977 -2.2737231   0.812811  ]
[ 0.02759936  0.1293523   0.4404077   0.8298212   1.9091156   0.0326543
 -0.42839032 -0.3984595  -0.68278056 -1.5548108   0.5473665  -0.5832529
  0.15223578  0.7686095  -2.1179304   0.8978529 ]
[-0.04889789  0.12765467  0.3917849   0.8921485   1.9273361   0.04484116
 -0.43997088 -0.42947388 -0.69488955 -1.5959669   0.5748621  -0.6557565
  0.20633598  0.7994779  -2.0686767   0.94094944]
[-0.01957877  0.08553485  0.4396903   0.92452824  1.8890219   0.1094292
 -0.43826875 -0.41639113 -0.6812426  -1.5229299   0.46550077 -0.6330086
  0.15883979  0.7853333  -2.0979898   0.92306197]
[ 0.040408    0.00895303  0.43378028  0.9478712   1.8277069   0.16244403
 -0.4292044  -0.33188537 -0.60119504 -1.3779957   0.30359563 -0.56478137
  0.10534533  0.77078426 -2.1907663   0.86516106]
[ 0.16185197 -0.08268826  0.40853605  0.9952227   1.7305752   0.09482141
 -0.30802664 -0.25063485 -0.5157936  -1.2108358   0.1684875  -0.4872662
  0.009639    0.85087836 -2.3930337   0.795434  ]
[ 0.14736998  0.00242218  0.42935556  0.9239286   1.8230679   0.07362023
 -0.36470243 -0.26037955 -0.5033872  -1.2771615   0.27127293 -0.4805316
 -0.0229474   0.77913296 -2.3779318   0.80400485]
[ 0.06390163  0.12274329  0.3898577   0.88396186  1.9454243   0.07508232
 -0.47199303 -0.31080562 -0.48526603 -1.3635457   0.43172225 -0.48612174
 -0.02559578  0.7374281  -2.3392475   0.79999435]
[-0.01598076  0.18559791  0.36145085  0.8132084   2.133508    0.10364144
 -0.6328869  -0.31637937 -0.43667072 -1.4777853   0.5626751  -0.50800276
  0.04361796  0.5720196  -2.211388    0.7914369 ]
[ 0.0877869   0.15875304  0.34011275  0.7762358   2.2457278   0.05095486
 -0.5984274  -0.43078417 -0.5383174  -1.5323153   0.7546708  -0.6521036
  0.08013473  0.5479096  -2.111689    0.78742266]
[ 0.1110595   0.11356026  0.35102147  0.7664253   2.206511    0.05355152
 -0.5565714  -0.43291396 -0.58626413 -1.4830246   0.73434734 -0.64006126
  0.08889409  0.5874184  -2.1126213   0.7628337 ]
[ 0.11875005  0.09579134  0.3761117   0.71290857  2.159433    0.03851778
 -0.49647704 -0.40200835 -0.5801585  -1.4629298   0.67022216 -0.6349146
  0.138058    0.5743999  -2.110221    0.7669347 ]
[ 0.30618423  0.03669704  0.35230404  0.64516103  2.1464558  -0.11052865
 -0.28981352 -0.5034698  -0.78005964 -1.5176485   0.78300846 -0.8235552
  0.25422418  0.67818654 -2.0267806   0.8143921 ]
[ 0.30917826 -0.00971519  0.41437775  0.5874636   2.1383185  -0.11929154
 -0.29286927 -0.5029949  -0.84445083 -1.5150964   0.7549305  -0.83209926
  0.34741384  0.65359724 -1.934713    0.8098644 ]
[ 0.25714183 -0.11440025  0.43347582  0.59771913  2.1625233  -0.10364747
 -0.31294462 -0.5062254  -0.8959648  -1.4692361   0.68348336 -0.85202616
  0.48993772  0.64578235 -1.8456722   0.7931932 ]
[ 0.22209606 -0.09877298  0.4798842   0.5684857   2.0976467  -0.10397583
 -0.29466698 -0.48369735 -0.93362904 -1.5119379   0.64725983 -0.8580825
  0.5213503   0.6756164  -1.763985    0.8008231 ]
[ 0.11978598 -0.0483884   0.5478008   0.51483077  2.0659714  -0.07885899
 -0.3535202  -0.41965356 -0.9057522  -1.5845006   0.59104705 -0.86832714
  0.5238798   0.66963243 -1.6792641   0.87404555]
[ 0.11002235  0.00814645  0.4945448   0.5582272   1.9860016  -0.09701635
 -0.3421831  -0.37477934 -0.83790654 -1.5958378   0.61312354 -0.825229
  0.42147717  0.6786464  -1.7762814   0.9498752 ]
[ 0.27570412 -0.00463875  0.47286123  0.6768138   1.806192   -0.10358814
 -0.15250017 -0.427047   -0.84701794 -1.5149405   0.5833968  -0.7933257
  0.3077921   0.8138874  -2.0101347   0.8830105 ]
[ 0.29120323 -0.06942356  0.55224067  0.72835714  1.7729594  -0.02752951
 -0.150568   -0.41048035 -0.82529795 -1.4222428   0.40795833 -0.73284644
  0.32514086  0.7648319  -2.0455537   0.8057524 ]
[ 0.3117333  -0.05817915  0.5108298   0.7173735   1.8509438  -0.06272938
 -0.2313964  -0.42966112 -0.79954445 -1.4561676   0.5042261  -0.73880833
  0.25801405  0.75738114 -2.0670552   0.89966285]
[ 0.19122304 -0.07926688  0.5584301   0.8117577   1.8274517   0.02138643
 -0.35005465 -0.34066367 -0.7075833  -1.3880587   0.33367968 -0.5653631
  0.26083356  0.72339    -2.1107073   0.7773303 ]
[ 0.0732621   0.00938444  0.4857648   0.8100826   1.9322016   0.04167629
 -0.4586293  -0.2992943  -0.6406544  -1.4569886   0.36768347 -0.5204979
  0.20996991  0.6894779  -2.0999873   0.8244324 ]
[-0.08769073  0.06789428  0.39992976  0.81562835  2.0632443   0.07973299
 -0.61065483 -0.274392   -0.5154207  -1.5120244   0.4453146  -0.5145032
  0.21132927  0.60583305 -2.0716143   0.8679798 ]
[-0.01295474  0.0262022   0.33725315  0.8890211   2.109529    0.0527683
 -0.54923964 -0.3931737  -0.5714255  -1.4934925   0.56864864 -0.65042806
  0.21029341  0.6858975  -2.12135     0.88157415]
[ 0.00991367  0.00268148  0.33698994  0.95164317  2.0371327   0.0860718
 -0.50792074 -0.39987102 -0.60177517 -1.4371481   0.51226056 -0.61721814
  0.21210733  0.7643906  -2.1945794   0.811683  ]
[ 0.06782506 -0.03551634  0.3775558   0.9286116   1.9571145   0.08976013
 -0.4385437  -0.36988515 -0.6493989  -1.3865368   0.41321588 -0.603804
  0.23829857  0.79738295 -2.2155542   0.7952446 ]
[ 0.18589945 -0.07996349  0.4231132   0.9472332   1.8195003   0.03519563
 -0.26460472 -0.35916376 -0.71007127 -1.3382447   0.3451218  -0.6044134
  0.19396725  0.8772048  -2.2737212   0.7668406 ]
[ 0.23917496 -0.0468833   0.38984987  0.9050277   1.8158798  -0.05583412
 -0.19724363 -0.412391   -0.7747718  -1.4289472   0.50867426 -0.6935761
  0.18991724  0.8801155  -2.2043092   0.85065997]
[ 0.1727519  -0.03578401  0.52372575  0.87595594  1.6945703   0.0212703
 -0.20704682 -0.3105869  -0.6942141  -1.332356    0.31401652 -0.59293544
  0.1566479   0.858126   -2.2727187   0.79233134]
[ 0.17516646 -0.02978135  0.5198108   0.8450996   1.7429552   0.01036546
 -0.2104108  -0.34700817 -0.68775284 -1.3904546   0.3654391  -0.64300287
  0.19240454  0.80343753 -2.2007499   0.8194917 ]
[ 0.2545143   0.0277185   0.44954738  0.74191606  1.9009701  -0.08006895
 -0.2614003  -0.41769797 -0.7000392  -1.4966803   0.5609878  -0.7461041
  0.16032296  0.71303195 -2.0764518   0.93951005]
[ 0.2452294   0.0622309   0.4687864   0.768571    1.8609965  -0.01134414
 -0.3105065  -0.34904823 -0.5961649  -1.4323945   0.46522918 -0.60088235
  0.04749549  0.6882404  -2.196431    0.85795844]
[ 0.06246698  0.11619411  0.42027062  0.78255737  1.9710426   0.02800199
 -0.48196858 -0.29724705 -0.50113153 -1.4577448   0.4725952  -0.52340055
  0.05545171  0.6561102  -2.1920633   0.85840684]
[-0.03891741  0.1565562   0.33490196  0.820068    2.1122031   0.06182042
 -0.6126942  -0.2922607  -0.39707825 -1.5101697   0.56292576 -0.5373225
  0.03854383  0.5879078  -2.2095551   0.89422894]
[ 0.02621471  0.11337843  0.30649063  0.80607307  2.2342334   0.03093974
 -0.599278   -0.41371435 -0.49457178 -1.5575464   0.740975   -0.6615838
  0.09729204  0.58038914 -2.1226315   0.8819462 ]
[ 0.08319186  0.08556029  0.29864058  0.8031763   2.1952806   0.02754042
 -0.55626994 -0.39078447 -0.50415474 -1.5013002   0.71356577 -0.6436489
  0.05191575  0.60327005 -2.1641765   0.8657543 ]
[ 0.06342564  0.05805775  0.30550176  0.76323766  2.127865    0.00994664
 -0.49135512 -0.35072583 -0.49021378 -1.4745057   0.6528613  -0.6324905
  0.14058617  0.6528375  -2.1985784   0.82941806]
[ 0.24762578  0.00413681  0.27291209  0.71496487  2.115089   -0.12098914
 -0.28911728 -0.45734328 -0.67974234 -1.5081844   0.7619677  -0.8063835
  0.25614357  0.75334805 -2.1243181   0.82467157]
[ 0.282136   -0.02649583  0.32796568  0.70232594  2.076839   -0.10696056
 -0.24928555 -0.48791075 -0.75610256 -1.478123    0.72023463 -0.8176653
  0.31984738  0.77464086 -2.106419    0.78789055]
[ 0.29427212 -0.02740652  0.36637586  0.6618619   2.049733   -0.10345204
 -0.24212356 -0.48945656 -0.80389404 -1.4639072   0.6967579  -0.80430347
  0.35237867  0.7386285  -2.0366778   0.7739565 ]
[ 0.32678333 -0.00809741  0.42264456  0.6489774   1.9917023  -0.07505921
 -0.22444952 -0.49970475 -0.8282827  -1.4478328   0.6634202  -0.78613245
  0.30948997  0.7456447  -2.0387394   0.762037  ]
[ 0.28021264 -0.0159902   0.49818388  0.6806222   1.9078554  -0.02093023
 -0.2171491  -0.46037704 -0.82894516 -1.4143962   0.5366212  -0.7256854
  0.3303365   0.73846227 -2.0211053   0.69335115]
[ 0.35377243  0.04128041  0.4714423   0.64106447  1.8382639  -0.08902371
 -0.15708238 -0.4787385  -0.8755684  -1.4665706   0.6041756  -0.7974599
  0.29508966  0.809114   -1.9976327   0.7723536 ]
[ 0.34940678 -0.0636064   0.57076347  0.7238055   1.7709538   0.00427198
 -0.14236534 -0.4320785  -0.8407279  -1.3508741   0.37607864 -0.728176
  0.34588313  0.76063925 -2.029586    0.6462938 ]
[ 0.43631902 -0.05762959  0.51401794  0.691043    1.7837565  -0.08592014
 -0.10658647 -0.45645365 -0.8712506  -1.3795598   0.47949705 -0.7980241
  0.31312504  0.81966877 -2.0312753   0.7116602 ]
[ 0.42669296 -0.197599    0.6749193   0.7042952   1.8153918   0.08661689
 -0.2077848  -0.37734812 -0.7575506  -1.2229505   0.1830571  -0.61694324
  0.33823925  0.62552965 -2.0557213   0.53779924]
[ 0.3593747  -0.17024502  0.6224597   0.6865516   1.9652723   0.02968671
 -0.2808318  -0.3391134  -0.70232356 -1.2871432   0.28615236 -0.6152969
  0.3114954   0.5934154  -2.0974712   0.5956086 ]
[ 0.2539664  -0.09732938  0.5509462   0.65538657  2.110548   -0.03351026
 -0.36872852 -0.34601936 -0.6866289  -1.3991554   0.48099533 -0.64977896
  0.3108982   0.55797136 -2.0443034   0.66392565]
[ 0.19844407 -0.01982682  0.5030265   0.60686415  2.1429112  -0.06542693
 -0.39755282 -0.37217766 -0.7046871  -1.5248457   0.6077393  -0.70003414
  0.33347964  0.54807675 -1.9533348   0.76030785]
[ 0.13024215  0.00528278  0.44553405  0.562668    2.1944675  -0.08645181
 -0.47391695 -0.36547977 -0.6972627  -1.6269805   0.6920855  -0.76380557
  0.38831124  0.49654254 -1.8130512   0.8798806 ]
[ 0.15582702 -0.00721516  0.42384905  0.6013133   2.1082406  -0.10800898
 -0.39572257 -0.40250808 -0.72964615 -1.6097534   0.6954881  -0.8204554
  0.37953794  0.5984827  -1.869611    0.94975585]
[ 0.21949244 -0.02507571  0.40538615  0.6286135   1.97841    -0.1314899
 -0.2642519  -0.4413568  -0.81144655 -1.5550343   0.67841405 -0.8448316
  0.3634985   0.75059545 -1.9375122   0.95554256]
[ 0.27452064 -0.02401063  0.4445096   0.67285836  1.8601936  -0.10193721
 -0.19235288 -0.45778903 -0.8647951  -1.4890327   0.59515226 -0.8023836
  0.3386253   0.8356123  -2.0269833   0.9047672 ]
[ 0.30982322 -0.12588601  0.53190947  0.78241163  1.8152844  -0.01624503
 -0.20746858 -0.42582446 -0.83745825 -1.3816878   0.39177197 -0.695716
  0.34698346  0.78612936 -2.102703    0.7915369 ]
[ 0.2861626  -0.06630729  0.48892465  0.8015113   1.8226343  -0.06594424
 -0.23609677 -0.3862878  -0.81473386 -1.4746048   0.4683233  -0.68658006
  0.26229253  0.7927421  -2.099908    0.8738022 ]
[ 0.11494587  0.02325729  0.5444336   0.8148867   1.7685543   0.00237029
 -0.326034   -0.2759741  -0.69689626 -1.4919331   0.34525087 -0.5676392
  0.20710516  0.74601066 -2.0817275   0.8413614 ]
[ 0.03365948  0.03133518  0.51706094  0.79678804  1.8711522   0.02923873
 -0.3992637  -0.26534805 -0.6120443  -1.4844496   0.3556094  -0.58126295
  0.20096473  0.6997077  -2.0845764   0.8608309 ]
[ 0.1085607   0.01045607  0.40435544  0.8923184   1.9657516   0.01696284
 -0.4003347  -0.3671129  -0.58774173 -1.464504    0.47139186 -0.65739465
  0.14594738  0.67499256 -2.1448765   0.90131295]
[ 0.15250418 -0.01976934  0.40571865  0.88146573  1.9877498   0.04089772
 -0.42004722 -0.34328112 -0.5616997  -1.3869083   0.41557598 -0.6175342
  0.11270083  0.66973406 -2.229722    0.8815967 ]
[ 1.7132799e-01 -8.5529091e-04  3.8498765e-01  9.2037737e-01
  1.9201587e+00  5.2095611e-02 -4.0093040e-01 -2.8566208e-01
 -4.9768716e-01 -1.2947838e+00  3.4061176e-01 -5.1397145e-01
  1.7354101e-03  7.5092006e-01 -2.4037650e+00  8.2250166e-01]
[ 0.09502918  0.05497861  0.35351104  0.8768679   2.0267766   0.05594919
 -0.48242742 -0.3202665  -0.49946553 -1.3832514   0.48598415 -0.53951526
  0.04113492  0.71226364 -2.3395329   0.8285533 ]
[ 0.02744247  0.0940429   0.31021208  0.7855219   2.1830583   0.02199191
 -0.5917119  -0.3191957  -0.45551044 -1.5048412   0.6366519  -0.60615444
  0.0986081   0.5798634  -2.1782432   0.8874651 ]
[ 0.14051087  0.05744714  0.28230464  0.77957565  2.2005615  -0.03647703
 -0.486365   -0.414752   -0.5426258  -1.5337697   0.7448286  -0.7147894
  0.13732879  0.62836945 -2.1449654   0.8701765 ]
[ 0.08894543  0.00910901  0.31392416  0.81414604  2.1747105  -0.00880587
 -0.49186715 -0.38532153 -0.5517527  -1.4787939   0.681089   -0.70817566
  0.19973648  0.65856564 -2.157942    0.80700034]
[ 0.25508577 -0.03927562  0.32091612  0.74156916  2.1072652  -0.08484913
 -0.28193495 -0.4801572  -0.7194737  -1.4615016   0.702588   -0.80327064
  0.29035157  0.7671405  -2.1377046   0.78616035]
[ 0.28511912 -0.0321937   0.36419368  0.6571212   2.0656638  -0.12648721
 -0.24533877 -0.47834358 -0.80650294 -1.4894905   0.71416223 -0.8051449
  0.35526094  0.7407424  -2.0404305   0.8048624 ]
[ 0.31552446 -0.03577594  0.42085543  0.65936077  1.9918464  -0.10352951
 -0.22445676 -0.47218904 -0.844261   -1.4917583   0.659484   -0.79344785
  0.3341325   0.75564784 -2.0287247   0.8210146 ]
[ 0.22333117 -0.02645953  0.47591552  0.71217555  1.87034    -0.06648348
 -0.19153282 -0.43770987 -0.8582365  -1.4970927   0.57464737 -0.7596878
  0.36780015  0.79357153 -2.011311    0.7938553 ]
[ 0.25926223  0.05216737  0.48512936  0.6668021   1.7950783  -0.10846923
 -0.15789676 -0.45726863 -0.8863632  -1.5689248   0.6416755  -0.8077022
  0.304386    0.8277273  -1.9868332   0.90839946]
[ 0.24988714 -0.00586178  0.5713965   0.74531084  1.6693285  -0.01834512
 -0.09411927 -0.42519864 -0.86407834 -1.4486624   0.42613047 -0.74025476
  0.31848842  0.81532764 -2.039537    0.8046609 ]
[ 0.32361802  0.02467785  0.52382404  0.72550064  1.7052711  -0.05789383
 -0.12044476 -0.4453579  -0.7997615  -1.4629146   0.5099119  -0.7703279
  0.21360548  0.7946032  -2.051371    0.85365677]
[ 0.34505737 -0.0222451   0.5953519   0.7536624   1.6865523   0.03420139
 -0.16153988 -0.3904131  -0.6902302  -1.3456194   0.32211566 -0.65372735
  0.17821677  0.71713763 -2.1373954   0.7323388 ]
[ 0.19660325  0.07382911  0.5483546   0.76242936  1.8221133   0.0668437
 -0.31043974 -0.33494633 -0.58001316 -1.3980701   0.3345007  -0.57265455
  0.10805997  0.66171235 -2.1586308   0.74679774]
[ 0.06701973  0.16664128  0.4802123   0.7749624   2.0029883   0.07914965
 -0.48176408 -0.31918484 -0.48505172 -1.4528713   0.43461046 -0.52849066
  0.03753266  0.600655   -2.1918488   0.7841402 ]
[-0.0112272   0.24113417  0.3859231   0.7712071   2.1208284   0.09496219
 -0.5954817  -0.3289307  -0.39561477 -1.5284837   0.6221483  -0.549834
 -0.02143968  0.5335534  -2.2085812   0.8391622 ]
[ 0.06765191  0.21687126  0.3587261   0.6992229   2.2201576   0.03797941
 -0.5703314  -0.43418425 -0.48689753 -1.5831625   0.8084936  -0.68802166
  0.03858522  0.528992   -2.104218    0.8582517 ]
[ 0.06443472  0.24829999  0.37896568  0.63599336  2.1649756   0.04513706
 -0.56856906 -0.3856395  -0.43986544 -1.567774    0.78841853 -0.6715635
  0.04436605  0.52270854 -2.1354115   0.8429405 ]
[ 0.15809357  0.16899253  0.3581516   0.6361748   2.2102084  -0.03182832
 -0.45358902 -0.4752997  -0.5841466  -1.5943947   0.86939204 -0.8229871
  0.15217039  0.5888275  -2.0418305   0.82825696]
[ 0.30847874  0.18368182  0.3610122   0.5020075   2.1292877  -0.12629572
 -0.28098527 -0.5465923  -0.7342174  -1.6278973   0.95560104 -0.91244954
  0.21157718  0.68046266 -1.9739473   0.8360856 ]
[ 0.31614286  0.19119962  0.4132741   0.4057528   2.1175942  -0.12271774
 -0.28486973 -0.56313664 -0.78379947 -1.6426862   0.9743581  -0.927104
  0.265503    0.64096224 -1.8788824   0.84407634]
[ 0.2800827   0.15956973  0.42311516  0.39231253  2.1097422  -0.11060926
 -0.29364565 -0.5758696  -0.83376014 -1.6100934   0.9497074  -0.9314669
  0.32988578  0.67354155 -1.830183    0.8329458 ]
[ 0.31074852  0.11535512  0.44098487  0.4033769   2.0787082  -0.09934701
 -0.27012593 -0.56704736 -0.8702179  -1.5789174   0.88636893 -0.9448366
  0.34957573  0.6809903  -1.8195031   0.84984857]
[ 0.3185213   0.09550067  0.4610951   0.45242777  2.0387561  -0.10441548
 -0.25018287 -0.5439416  -0.8753044  -1.5874891   0.8423932  -0.9388566
  0.3372162   0.68388784 -1.8277613   0.8645995 ]
[ 0.3195656   0.15333657  0.48489887  0.4802491   1.9089472  -0.10963899
 -0.20270404 -0.5248609  -0.86667794 -1.6135759   0.8381011  -0.91617566
  0.26411211  0.72371423 -1.8672178   0.89518607]
[ 0.3211618   0.09176022  0.5611597   0.51639724  1.8261433  -0.0675021
 -0.1226416  -0.5112623  -0.88616294 -1.579165    0.69242513 -0.90583193
  0.33376718  0.75635415 -1.8812424   0.8196169 ]
[ 0.33755058  0.0840904   0.49528018  0.51196563  1.87507    -0.08848561
 -0.14611149 -0.52531666 -0.87892836 -1.5809892   0.73639745 -0.94056475
  0.32651907  0.755566   -1.8778851   0.8832315 ]
[ 0.39837176  0.05169663  0.51976     0.53234166  1.9309766  -0.06356315
 -0.17998478 -0.50630033 -0.81345636 -1.5216719   0.6709382  -0.8927537
  0.25009298  0.6807277  -1.9585135   0.8681365 ]
[ 0.3683467   0.02754347  0.5434502   0.5882507   1.9080677  -0.03698102
 -0.20133217 -0.44830513 -0.7234235  -1.4599298   0.58776546 -0.7629299
  0.21623881  0.6537096  -2.0517476   0.75365704]
[ 0.28534693  0.13026455  0.47769794  0.56438124  2.006177   -0.07204304
 -0.3093622  -0.42593366 -0.65676343 -1.5482972   0.70122236 -0.7296649
  0.15042529  0.6028541  -2.0224319   0.81178284]
[ 0.13343409  0.13089451  0.39647055  0.5704137   2.1530256  -0.06921276
 -0.4489347  -0.3936075  -0.56452674 -1.6077505   0.7383343  -0.73033464
  0.21593392  0.51434284 -1.9629793   0.89402217]
[ 0.15259509  0.1573715   0.290694    0.5702231   2.1892276  -0.10225669
 -0.42425507 -0.45456004 -0.58356965 -1.6349065   0.8781353  -0.8384867
  0.20474496  0.6023207  -1.9761963   0.9398006 ]
[ 0.19513497  0.11026125  0.2980044   0.6528967   2.1579385  -0.05887071
 -0.35308963 -0.5035109  -0.612772   -1.5716331   0.84173954 -0.8507875
  0.21023396  0.6811732  -2.0771134   0.8469923 ]
[ 0.17731944  0.11328106  0.34659675  0.6397837   2.1652017  -0.02267522
 -0.38702506 -0.5017725  -0.62306786 -1.5773437   0.8202087  -0.83219254
  0.22094066  0.6188215  -2.026123    0.83430064]
[ 0.34401107  0.11833646  0.376035    0.6132285   2.0346088  -0.07437265
 -0.2509601  -0.5047978  -0.6812676  -1.5610895   0.82493955 -0.83912295
  0.13491328  0.68782914 -2.1048665   0.84773934]
[ 0.32527047  0.14689119  0.42489138  0.58395326  1.952961   -0.09032631
 -0.21179931 -0.47758228 -0.70180446 -1.5827212   0.81759894 -0.8303129
  0.1262527   0.7127701  -2.088615    0.85761297]
[ 0.33489364  0.22016494  0.41931432  0.4601368   1.9210266  -0.14952472
 -0.21490261 -0.49480432 -0.74567807 -1.6801914   0.9211687  -0.90395707
  0.15287718  0.7063747  -1.9622028   0.9851821 ]
[ 0.3165043   0.19304335  0.4738223   0.48824492  1.8322842  -0.1125534
 -0.13479067 -0.5056923  -0.78109676 -1.6213353   0.80206156 -0.88654107
  0.2276669   0.786248   -2.0149968   0.9044158 ]
[ 0.27527708  0.15894702  0.39722443  0.5106486   1.9361004  -0.12493827
 -0.22161949 -0.5387971  -0.797073   -1.6234837   0.8569008  -0.9433215
  0.26324755  0.8023943  -1.9693534   0.98830587]
[ 0.3134853   0.14486316  0.43335873  0.5711183   1.9754521  -0.07318057
 -0.2624607  -0.52038753 -0.7704466  -1.5665125   0.78532857 -0.8272904
  0.16736872  0.7080261  -2.024692    0.9140385 ]
[ 0.28194872  0.15839157  0.47595078  0.63236564  1.9192928  -0.03770325
 -0.27017915 -0.45687753 -0.71879363 -1.5192502   0.6814436  -0.7107159
  0.09212624  0.7116899  -2.0968583   0.8228968 ]
[ 0.20340674  0.18183342  0.40938878  0.6346773   2.013265   -0.05374498
 -0.36090052 -0.43148375 -0.63951296 -1.5623417   0.7346466  -0.7089211
  0.0875267   0.63777024 -2.0635562   0.8867138 ]
[ 0.12690587  0.15500207  0.33668882  0.6791207   2.0995874  -0.05429947
 -0.4089604  -0.4509018  -0.61325943 -1.5869398   0.75962216 -0.7765622
  0.17632125  0.6474553  -2.0405545   0.9215153 ]
[ 0.14347285  0.09694448  0.35286546  0.72789174  2.0747163  -0.02104844
 -0.36910567 -0.48785955 -0.68121564 -1.5290648   0.70560724 -0.7964057
  0.24282375  0.7267684  -2.0620272   0.84337175]
[ 0.19115928  0.05016032  0.39410743  0.7105308   2.1366467   0.03036406
 -0.411321   -0.47863263 -0.67696905 -1.4855479   0.6430541  -0.7662228
  0.23862422  0.62192476 -2.0461488   0.8150751 ]
[ 0.33807307  0.04416359  0.39329788  0.6863636   2.0853353  -0.02870632
 -0.32673243 -0.4588252  -0.71285003 -1.4586332   0.67686594 -0.74466413
  0.12456839  0.6634861  -2.1213648   0.80450284]
[ 0.28125226  0.05717247  0.45995092  0.66083574  2.0015006  -0.04480053
 -0.31571382 -0.37902874 -0.6716048  -1.4542439   0.60620403 -0.69437927
  0.1289111   0.69227135 -2.1480713   0.7836503 ]
[ 0.22170977  0.07402681  0.4373777   0.58307207  2.0230012  -0.1087724
 -0.3090474  -0.3922425  -0.6904632  -1.5464954   0.6854145  -0.77958345
  0.26779014  0.70796484 -2.0438201   0.8358879 ]
[ 0.23625939  0.06458245  0.3904456   0.4838644   2.0919983  -0.16905685
 -0.32611483 -0.45970988 -0.76927    -1.6091197   0.80280316 -0.91282016
  0.3836604   0.7159146  -1.8901685   0.9362313 ]
[ 0.20223455 -0.01264895  0.4160328   0.5411866   2.139346   -0.12375823
 -0.35603875 -0.4701384  -0.8020624  -1.5609808   0.7325083  -0.89144975
  0.45045853  0.68981457 -1.8780174   0.8910139 ]
[ 0.2799786   0.01317121  0.4259264   0.56536025  2.0765777  -0.14216504
 -0.31614184 -0.43677482 -0.8134223  -1.5506107   0.724332   -0.82924145
  0.30539057  0.7284357  -1.9603497   0.8967269 ]
[ 0.22305778  0.00457985  0.514375    0.66932756  1.9638923  -0.06094139
 -0.31521234 -0.36021242 -0.72637194 -1.512129    0.56812674 -0.67806345
  0.2502909   0.6569476  -2.0422273   0.80834997]
[ 0.16159213  0.0580026   0.47357637  0.64524585  1.9455849  -0.09656991
 -0.30910063 -0.3607567  -0.7135663  -1.5862005   0.6238069  -0.7227227
  0.27303216  0.6648196  -1.9855692   0.8965384 ]
[ 0.18772921  0.08213668  0.41688776  0.61693776  1.912533   -0.13503388
 -0.25805965 -0.42453653 -0.7532668  -1.6381161   0.714818   -0.84012574
  0.28561455  0.72443026 -1.9404182   1.0204923 ]
[ 0.23128876  0.03893669  0.4361437   0.6926199   1.8557351  -0.10920276
 -0.2032969  -0.42592305 -0.75421965 -1.5584532   0.6131759  -0.80979186
  0.24772426  0.75294584 -2.0121474   0.9752367 ]
[ 0.3257957   0.02319616  0.48736992  0.74438405  1.830889   -0.05941593
 -0.19557895 -0.4264714  -0.71802115 -1.4808215   0.52843463 -0.71837777
  0.13147792  0.72706574 -2.1438382   0.9118786 ]
[ 0.17552343  0.05239246  0.53704417  0.77791643  1.8854939   0.02962382
 -0.37046522 -0.36495423 -0.61843383 -1.4618176   0.44179183 -0.5794169
  0.09852936  0.6605348  -2.1593919   0.8630012 ]
[ 0.02782675  0.10794606  0.4327898   0.77429235  2.0133433   0.03350002
 -0.541402   -0.32716823 -0.5469559  -1.5117118   0.5229957  -0.5288824
  0.09925052  0.60995835 -2.1184971   0.9233406 ]
[-0.09497054  0.15542886  0.33387965  0.778319    2.1258626   0.05910486
 -0.68235797 -0.2963467  -0.43482557 -1.5619079   0.60263693 -0.52593106
  0.1035433   0.5411991  -2.098765    0.96829545]
[-0.00553886  0.09701879  0.26887816  0.8434907   2.1648016   0.0115676
 -0.56492126 -0.4208394  -0.5272875  -1.5653465   0.7171152  -0.67024034
  0.12833206  0.6323551  -2.1042864   0.9666275 ]
[ 0.00567802  0.06860025  0.22793694  0.8871994   2.1450965   0.02053561
 -0.5197466  -0.42648238 -0.5230707  -1.508351    0.6955911  -0.6710622
  0.12790601  0.6975453  -2.1701927   0.91264784]
[ 0.15890543  0.0552393   0.20147495  0.87105596  2.0825741  -0.00438429
 -0.36594996 -0.4734307  -0.59298235 -1.4434612   0.693198   -0.7071411
  0.12823942  0.79812926 -2.2450848   0.80998963]
[ 0.17586902  0.01596458  0.25372043  0.86587965  2.0828254   0.01968896
 -0.36668944 -0.4492774  -0.625704   -1.3971794   0.62406987 -0.686366
  0.19085637  0.7931222  -2.2448711   0.71095425]
[ 0.26784235 -0.04008173  0.3263463   0.83472216  2.0614166  -0.02188102
 -0.3017858  -0.44436747 -0.7153634  -1.4062107   0.59651214 -0.69505
  0.21286044  0.7720165  -2.195785    0.7104657 ]
[ 0.21575364  0.00792463  0.3921665   0.82978976  1.9756317  -0.02722077
 -0.2823287  -0.433753   -0.75572044 -1.4603703   0.6111796  -0.6782468
  0.19976614  0.78803545 -2.1778388   0.7572606 ]
[ 0.14302123  0.05813609  0.51205647  0.8194343   1.8461113   0.01808553
 -0.2747097  -0.3916143  -0.7342948  -1.4378722   0.517109   -0.6213711
  0.16098411  0.7858227  -2.196841    0.7578064 ]
[ 0.22322798  0.03641177  0.5312522   0.75014937  1.8228123  -0.00252245
 -0.20568123 -0.441346   -0.78341514 -1.4669102   0.5592112  -0.7054213
  0.21946684  0.74679524 -2.0914445   0.7694705 ]
[ 0.3116271   0.04345842  0.514317    0.63319105  1.8713137  -0.11108122
 -0.19405398 -0.44715795 -0.81169844 -1.5221007   0.6281778  -0.81638175
  0.25052118  0.6803769  -1.9364092   0.8731837 ]
[ 0.31760365  0.03771179  0.57949555  0.6155043   1.8610141  -0.0726879
 -0.23549846 -0.41699725 -0.76095456 -1.5081751   0.5263074  -0.7644042
  0.25077114  0.6366645  -1.9321592   0.83299845]
[ 0.14283204  0.06717859  0.6908196   0.60332954  1.8637192   0.10085742
 -0.395667   -0.30377224 -0.6225512  -1.478122    0.28719896 -0.5837703
  0.25680536  0.5462104  -1.9000406   0.6912405 ]
[-6.1706302e-04  2.4067917e-01  4.9937600e-01  6.4586776e-01
  2.0778885e+00  9.0414241e-02 -5.8695596e-01 -3.2080606e-01
 -4.9945813e-01 -1.6004347e+00  5.3884614e-01 -5.7560861e-01
  1.3921836e-01  4.4934589e-01 -1.9289516e+00  8.0251664e-01]
[-0.02551693  0.2700049   0.41472244  0.6496315   2.2110565   0.09388249
 -0.69570196 -0.32165527 -0.39736646 -1.6078618   0.7142453  -0.5845105
  0.03491211  0.3821269  -2.0193946   0.85162145]
[ 0.09029768  0.20468728  0.36828357  0.7046617   2.243317    0.03307895
 -0.5943042  -0.41400346 -0.5041097  -1.557997    0.79965866 -0.68432015
  0.01530279  0.5158869  -2.1065662   0.854027  ]
[ 0.08574712  0.20453854  0.39969     0.6093173   2.212949    0.01374122
 -0.55197364 -0.37744612 -0.48873115 -1.5659134   0.7767124  -0.69037235
  0.10216828  0.51347154 -2.0894158   0.81180257]
[ 0.25733942  0.20106833  0.3520577   0.5014913   2.2027617  -0.12020388
 -0.37554803 -0.50005156 -0.67310435 -1.6590456   0.9520443  -0.8988066
  0.19009785  0.6051752  -1.9399248   0.8729063 ]
[ 0.3010363   0.24485913  0.37987638  0.37212577  2.1844857  -0.16207375
 -0.3600563  -0.51906526 -0.73143053 -1.6933825   1.0148182  -0.9339291
  0.20713559  0.5660814  -1.8311628   0.9310075 ]
[ 0.31101632  0.26175785  0.4079655   0.33753848  2.1599336  -0.15505838
 -0.3418284  -0.53273237 -0.7580703  -1.6883885   1.01583    -0.9369133
  0.20305213  0.5726556  -1.8164198   0.92984885]
[ 0.3397083   0.24362044  0.4272066   0.37052804  2.1288705  -0.15333366
 -0.29708552 -0.5528909  -0.80440474 -1.6712463   0.9947194  -0.9434837
  0.21227136  0.62304413 -1.8372715   0.8882314 ]
[ 0.33424485  0.18982089  0.43732005  0.39165634  2.152769   -0.11806421
 -0.3085138  -0.5540373  -0.81690633 -1.6495984   0.9613124  -0.9291674
  0.25650653  0.5644253  -1.8001045   0.855324  ]
[ 0.30739284  0.16790657  0.4251718   0.38240588  2.1664681  -0.12122997
 -0.32178697 -0.5471263  -0.81077623 -1.6526146   0.9596259  -0.94133914
  0.27322102  0.5522234  -1.7609501   0.88967484]
[ 0.24869296  0.16938417  0.43592668  0.35232654  2.1791408  -0.11796151
 -0.34389943 -0.543265   -0.80378044 -1.668402    0.94356537 -0.94443715
  0.30999047  0.5747529  -1.7211574   0.8983919 ]
[ 0.19586386  0.12874767  0.44391412  0.3593033   2.2141376  -0.1057289
 -0.3884619  -0.5334343  -0.77553064 -1.6505291   0.9180868  -0.94619703
  0.37399408  0.58004993 -1.733958    0.888021  ]
[ 0.30234388  0.12743661  0.41569838  0.39942628  2.1874745  -0.12136602
 -0.33527768 -0.5426852  -0.79457134 -1.6195414   0.9433821  -0.93638265
  0.31658533  0.5763798  -1.813558    0.8610076 ]
[ 0.26815256  0.1362248   0.40695637  0.38718605  2.159322   -0.13025796
 -0.33963406 -0.5224039  -0.7968136  -1.6421204   0.9505709  -0.93717396
  0.33589604  0.60206187 -1.7845036   0.87349975]
[ 0.19238487  0.12858973  0.42381868  0.36086702  2.1648808  -0.11680009
 -0.37165487 -0.5094832  -0.76410663 -1.6433485   0.9181385  -0.94160306
  0.36398935  0.6174366  -1.758527    0.9038618 ]
[ 0.27084106  0.15504064  0.41376072  0.37909704  2.0804346  -0.11714997
 -0.28281575 -0.5527677  -0.80270606 -1.6099449   0.92518616 -0.9427589
  0.33530745  0.7033285  -1.8464407   0.8580251 ]
[ 0.3463317   0.12745403  0.4399435   0.41973385  2.0070455  -0.11251894
 -0.22084823 -0.55384505 -0.8437849  -1.5783201   0.87414724 -0.9393736
  0.33090588  0.7243384  -1.8892448   0.833037  ]
[ 0.38906106  0.07734114  0.48775214  0.48564512  1.9431225  -0.10324128
 -0.19170107 -0.5325964  -0.8787837  -1.5667149   0.7948822  -0.93289596
  0.33997864  0.7321202  -1.9062414   0.82652044]
[ 0.3296067   0.12443297  0.52057636  0.5301196   1.8125229  -0.11001899
 -0.15236072 -0.50998765 -0.9099432  -1.609884    0.79291105 -0.9026054
  0.3077694   0.79250765 -1.9083445   0.85737836]
[ 0.3406272   0.10413875  0.629629    0.54604197  1.6721977  -0.04892369
 -0.05782592 -0.50156796 -0.927529   -1.5631832   0.6322288  -0.8588964
  0.3096137   0.83241653 -1.9412575   0.7952553 ]
[ 0.28379947  0.05729824  0.60775244  0.5489208   1.7387692  -0.05087285
 -0.08766793 -0.5081377  -0.9193274  -1.5438305   0.6112043  -0.8870393
  0.37994853  0.817552   -1.9128609   0.8288423 ]
[ 0.29090732  0.06605999  0.49166235  0.53927034  1.8372236  -0.09249893
 -0.18863358 -0.52722275 -0.87331516 -1.559017    0.72989225 -0.92538583
  0.3175182   0.8127681  -1.9221338   0.9718727 ]
[ 0.2996338   0.04520056  0.5822214   0.6047398   1.7994843  -0.01309098
 -0.19340071 -0.48465872 -0.8202661  -1.4855361   0.56487626 -0.7624718
  0.26447943  0.73429227 -1.9892919   0.8181882 ]
[ 0.17917553  0.17111441  0.50858057  0.6288279   1.8291357  -0.02666492
 -0.28109166 -0.4485721  -0.74358743 -1.5710248   0.62359583 -0.6937439
  0.17916162  0.7401926  -1.9835732   0.8567888 ]
[-0.00750512  0.16761713  0.42771545  0.6525527   2.0457146   0.01684051
 -0.4957377  -0.3955255  -0.59553754 -1.5998131   0.6242248  -0.6674226
  0.18754697  0.6148883  -1.9377244   0.93525445]
[ 0.06519945  0.25548962  0.3153709   0.6786123   2.0691543  -0.02482241
 -0.4670402  -0.48344174 -0.5830061  -1.6395975   0.8104369  -0.7631906
  0.07336008  0.6514481  -2.0065193   1.0242822 ]
[ 0.05960881  0.18475187  0.32514137  0.80094796  2.0064292   0.04646733
 -0.43948555 -0.46047053 -0.5648969  -1.5305828   0.6882282  -0.72301626
  0.05680706  0.74342704 -2.1607914   0.93927014]
[ 0.02519218  0.1227205   0.36165679  0.78534997  2.0287578   0.08347782
 -0.4706152  -0.37627235 -0.4780696  -1.4507781   0.57558936 -0.6568812
  0.09494065  0.69033283 -2.2192256   0.8522436 ]
[ 0.24341819  0.06641622  0.31673473  0.72951627  2.099102   -0.01701856
 -0.3291512  -0.5082617  -0.6557678  -1.4629589   0.7496834  -0.80086386
  0.1276243   0.754846   -2.187453    0.8397148 ]
[ 0.25147098  0.10419208  0.4028279   0.691343    2.0238168  -0.01428507
 -0.3207003  -0.44845882 -0.6570137  -1.4762774   0.6931023  -0.71065485
  0.1009236   0.7348549  -2.2065575   0.7951125 ]
[ 0.20858292  0.15988262  0.38554454  0.6309652   2.0040069  -0.06702244
 -0.32458264 -0.45760998 -0.67937344 -1.5980643   0.79173124 -0.76754254
  0.15684554  0.72157097 -2.0825622   0.8847292 ]
[ 0.1716793   0.18988279  0.36110315  0.5556273   1.9800205  -0.12003528
 -0.30536565 -0.49804792 -0.7427681  -1.6987149   0.8923117  -0.8746891
  0.24766524  0.75102955 -1.9397331   1.0012819 ]
[ 0.20859346  0.17532098  0.3869612   0.5143908   1.9027216  -0.12158902
 -0.25363144 -0.5028037  -0.77668846 -1.666007    0.84034884 -0.9195677
  0.26729092  0.79188097 -1.9256804   1.0517279 ]
[ 0.31985968  0.12474279  0.40987706  0.5961347   1.8402563  -0.0854897
 -0.17283863 -0.50308263 -0.77336866 -1.555302    0.7365468  -0.88734055
  0.18041846  0.8009055  -2.0404758   0.97979367]
[ 0.36520433  0.03488274  0.4575571   0.7341675   1.8644047  -0.01772881
 -0.19027157 -0.47466707 -0.69937927 -1.4227808   0.6013843  -0.76611334
  0.09536918  0.7122596  -2.1706743   0.8413874 ]
[ 0.33767352  0.08327058  0.51364756  0.71339506  1.8193785  -0.00251666
 -0.20845222 -0.41788712 -0.65540445 -1.4039849   0.52352846 -0.698794
  0.066578    0.73157257 -2.2192016   0.7813078 ]
[ 0.22777581  0.18425281  0.47317934  0.63343126  1.9303005  -0.04598194
 -0.31776765 -0.40405932 -0.6276856  -1.5361599   0.63576716 -0.7011157
  0.11178929  0.67727435 -2.0987744   0.8253479 ]
[ 0.09080194  0.17037284  0.40044063  0.67665756  2.145636    0.00413793
 -0.51936287 -0.3904758  -0.539831   -1.5655936   0.6671542  -0.6948203
  0.16552976  0.5280583  -2.048244    0.87994003]
[ 0.1489833   0.16035202  0.32832092  0.7058911   2.2302456  -0.01642212
 -0.49195084 -0.46827635 -0.57230854 -1.5686518   0.8117298  -0.78034246
  0.10290571  0.58178335 -2.080615    0.8773071 ]
[ 0.18858328  0.17653272  0.35677832  0.6841296   2.1894345  -0.00642577
 -0.44784942 -0.4830912  -0.6154505  -1.5487524   0.81808203 -0.76414126
  0.08915529  0.61165714 -2.101901    0.81960917]
[ 0.17437927  0.17658758  0.41907182  0.60927755  2.131376   -0.0219759
 -0.37094805 -0.4592585  -0.6294409  -1.5364008   0.7770718  -0.7467819
  0.14411299  0.65015525 -2.09939     0.7455772 ]
[ 0.31406108  0.2227715   0.37564594  0.4633562   2.1490035  -0.14091481
 -0.3081761  -0.53643453 -0.73604083 -1.6536381   0.9752387  -0.9126379
  0.1825688   0.6311061  -1.923173    0.8649375 ]
[ 0.34028345  0.23575163  0.4136656   0.3854199   2.1095583  -0.15606956
 -0.28612182 -0.5518408  -0.79118544 -1.6699345   0.99765265 -0.9393915
  0.20189361  0.63242817 -1.8506619   0.8970339 ]
[ 0.3108825   0.18129152  0.42511147  0.38037625  2.142488   -0.11676363
 -0.2986516  -0.56410074 -0.8138849  -1.6447016   0.958838   -0.93219244
  0.27156615  0.6005494  -1.8037937   0.8703688 ]
[ 0.2729442   0.12940857  0.4269859   0.38540393  2.1659997  -0.10290378
 -0.321325   -0.5731131  -0.8412081  -1.6238587   0.932295   -0.94091034
  0.35454     0.62027    -1.7775185   0.85960865]
[ 0.2836557   0.09369311  0.43639794  0.38493887  2.166851   -0.10641699
 -0.33660263 -0.5527574  -0.8475515  -1.6042477   0.9005475  -0.946805
  0.36853567  0.6072127  -1.7663788   0.88623637]
[ 0.27897197  0.08399867  0.43303448  0.39036393  2.1415992  -0.13085097
 -0.33216906 -0.5115658  -0.830313   -1.6166928   0.8765564  -0.9487518
  0.3618036   0.6067545  -1.7538477   0.91995686]
[ 0.26337856  0.11460378  0.43203354  0.3806542   2.0881994  -0.15073332
 -0.31275058 -0.47712532 -0.7849756  -1.6461575   0.86383754 -0.9462465
  0.32706547  0.62971383 -1.7634901   0.95268   ]
[ 0.26119536  0.09665649  0.4377349   0.38873738  2.0497165  -0.14312592
 -0.2761255  -0.46493325 -0.7493464  -1.6203773   0.8208683  -0.9563117
  0.33644545  0.67789024 -1.8313185   0.9422668 ]
[ 0.37611037  0.09737302  0.41589698  0.45720214  1.9942284  -0.13142481
 -0.18334445 -0.4931899  -0.7578095  -1.5681634   0.80400753 -0.936962
  0.27650595  0.71324724 -1.9703842   0.8736518 ]
[ 0.41861993  0.06014814  0.42141214  0.5143522   2.0226665  -0.11479131
 -0.19432792 -0.49386072 -0.7521855  -1.5142146   0.7742601  -0.9076886
  0.25027522  0.6999525  -2.0510542   0.83098495]
[ 0.4442018   0.06722765  0.4566474   0.5432335   1.9879051  -0.09786808
 -0.17737044 -0.46877375 -0.73158085 -1.4839144   0.7465622  -0.82851666
  0.1831266   0.710733   -2.1298318   0.73883533]
[ 0.39475054  0.12931466  0.46884575  0.5046984   2.009948   -0.11121324
 -0.24716446 -0.4483184  -0.71749985 -1.5243908   0.7791397  -0.79502714
  0.16188653  0.65300083 -2.0671375   0.7717848 ]
[ 0.30615056  0.12732856  0.44634357  0.5021291   2.0580578  -0.13137671
 -0.27818987 -0.43570542 -0.7189287  -1.5687771   0.7855481  -0.818754
  0.24132666  0.62843627 -1.9849201   0.8061695 ]
[ 0.24397345  0.11005169  0.3844723   0.49452725  2.126871   -0.14150187
 -0.34284884 -0.46513265 -0.7008507  -1.6141205   0.85394204 -0.9174778
  0.31197622  0.63138    -1.922467    0.9158562 ]
[ 0.29548988  0.1176664   0.40402135  0.4912048   2.075807   -0.13209291
 -0.26859373 -0.51898724 -0.7660031  -1.5789173   0.8628171  -0.9236151
  0.29253855  0.6957184  -1.9323435   0.8515395 ]
[ 0.32382387  0.09666745  0.45733625  0.49118727  2.0366235  -0.08556468
 -0.23338342 -0.5397344  -0.82978916 -1.5290594   0.8097374  -0.89405715
  0.3258114   0.7090667  -1.9378242   0.7618554 ]
[ 0.40927133  0.05795491  0.55495715  0.4892459   1.9868139  -0.07102514
 -0.17430317 -0.5303362  -0.89902335 -1.4966533   0.72179925 -0.86759454
  0.32223988  0.7076509  -1.9459215   0.6948158 ]
[ 0.33497906  0.12355216  0.48750395  0.47121233  2.0126352  -0.11145593
 -0.2590447  -0.50445163 -0.8652399  -1.600857    0.8328576  -0.9016758
  0.28718704  0.67191976 -1.8697736   0.8565022 ]
[ 0.26218444  0.11459273  0.56661415  0.51308453  1.8845161  -0.07594424
 -0.194319   -0.47981882 -0.8754368  -1.5733714   0.71109736 -0.83537894
  0.3272415   0.7318475  -1.8867048   0.77295935]
[ 0.25842708  0.10522489  0.52053404  0.4524885   1.9247274  -0.08909897
 -0.19012491 -0.51761717 -0.8796011  -1.5773615   0.7520426  -0.8853682
  0.3736093   0.74465656 -1.8484379   0.82096136]
[ 0.24550089  0.07741102  0.47161883  0.4442441   2.0018406  -0.09380607
 -0.25440484 -0.518045   -0.8591043  -1.5668699   0.75265163 -0.93782806
  0.38714272  0.7171062  -1.8083389   0.91006315]
[ 0.32418904  0.05983099  0.5170903   0.54672986  1.9781479  -0.08312826
 -0.25573325 -0.48225635 -0.8213216  -1.5336978   0.67481935 -0.84330595
  0.2781422   0.6781747  -1.9257967   0.85486305]
[ 0.30040616  0.07763343  0.58879113  0.6176008   1.8799883  -0.01865051
 -0.25903964 -0.4346072  -0.74696004 -1.5164955   0.57742417 -0.711856
  0.19714747  0.6333268  -1.9792697   0.7580975 ]
[ 0.08764914  0.10868571  0.499468    0.6352736   1.9862406  -0.0043254
 -0.4058772  -0.38711107 -0.676118   -1.5964979   0.602013   -0.68263674
  0.27451113  0.59045726 -1.9065584   0.8429465 ]
[ 0.02165235  0.09793037  0.44900346  0.65063286  2.0664306   0.02560439
 -0.47329393 -0.40340835 -0.6466533  -1.5830381   0.6070315  -0.70103437
  0.32566613  0.57603467 -1.9245182   0.88160056]
[ 0.20375457  0.03523825  0.4019617   0.72573906  2.08173    -0.00694734
 -0.35839134 -0.5055884  -0.71272004 -1.4924368   0.6726197  -0.79279023
  0.22341602  0.678117   -2.0530427   0.86651194]
[ 0.3077733   0.06657376  0.42465392  0.6996641   2.0072856  -0.03702648
 -0.29760268 -0.47107363 -0.7021968  -1.4796097   0.6798996  -0.7380018
  0.11027859  0.667587   -2.1060307   0.8332685 ]
[ 0.20074184  0.09335585  0.47612542  0.69368166  1.9426581  -0.01201327
 -0.3139567  -0.4057808  -0.6590301  -1.4700506   0.5921726  -0.6719381
  0.13802734  0.698127   -2.1237645   0.78617936]
[ 0.10331192  0.11757515  0.42220682  0.59644586  2.0566747  -0.05125955
 -0.40680963 -0.39874318 -0.62723714 -1.5744693   0.6728894  -0.7349001
  0.27545136  0.6186384  -1.9772495   0.8763644 ]
[ 0.14783867  0.09224562  0.3635417   0.62951946  2.109696   -0.05804136
 -0.39826643 -0.47971982 -0.6807006  -1.5612707   0.7469257  -0.83761626
  0.3082135   0.6896267  -1.9848884   0.8816761 ]
[ 0.18236628 -0.01448253  0.3850822   0.7562315   2.133041    0.01839423
 -0.38664287 -0.50858957 -0.7068286  -1.4525745   0.6641749  -0.8171484
  0.31457534  0.7022948  -2.0662384   0.75965166]
[ 0.21903725  0.00713461  0.4392139   0.6919262   2.1034164   0.01337342
 -0.38542074 -0.47631186 -0.7168285  -1.4792533   0.64910597 -0.7780328
  0.2679584   0.65142053 -2.035992    0.7934975 ]
[ 0.2326098   0.0402726   0.50281054  0.67071354  1.9163916  -0.0166487
 -0.26272067 -0.42525417 -0.7341957  -1.4536679   0.5831734  -0.74069643
  0.21688497  0.7869556  -2.116159    0.7621469 ]
[ 0.2780115   0.09711303  0.47442445  0.5965475   1.8602438  -0.08047794
 -0.19106977 -0.44639897 -0.75629026 -1.5489477   0.6788715  -0.8331542
  0.24673457  0.7865058  -2.0527437   0.8565588 ]
[ 0.30591857  0.07900053  0.42152748  0.50711423  1.8587704  -0.15854251
 -0.17423007 -0.46804103 -0.8026886  -1.6045872   0.78237927 -0.96883833
  0.33044472  0.79975384 -1.9360336   0.9982775 ]
[ 0.38461506  0.06836013  0.46721515  0.52263916  1.805122   -0.13316952
 -0.09814467 -0.4917686  -0.8356811  -1.5260943   0.7185112  -0.93553543
  0.27052504  0.847391   -2.011171    0.91444665]
[ 0.4290758  -0.01475904  0.57542884  0.5858672   1.827735   -0.02121757
 -0.10524331 -0.4945302  -0.8040371  -1.3928703   0.5353774  -0.81902236
  0.27455574  0.7733494  -2.1139255   0.724576  ]
[ 0.36506942  0.02482317  0.5231123   0.62083435  1.9264555  -0.04560582
 -0.23651388 -0.4645986  -0.7613486  -1.4584849   0.6039709  -0.7688292
  0.22234598  0.7058326  -2.0935683   0.79978985]
[ 0.25190037  0.08748256  0.46246076  0.6382383   1.9320538  -0.07491627
 -0.3154722  -0.4100659  -0.7245643  -1.5685135   0.66999245 -0.74029744
  0.1980519   0.71391857 -2.0429387   0.8898522 ]
[ 0.05696949  0.08306001  0.436282    0.6529151   2.002542   -0.05332244
 -0.4524742  -0.32806185 -0.6239475  -1.6184933   0.6266898  -0.7088746
  0.26703113  0.6304515  -1.97782     0.97842276]
[ 0.11351814  0.08912827  0.35314184  0.70097363  1.9570662  -0.06521241
 -0.32957578 -0.44325027 -0.6743587  -1.5993912   0.7272235  -0.84992903
  0.25786364  0.7719594  -2.0493143   1.0117573 ]
[ 0.20808916  0.06789784  0.37966576  0.7238382   1.9191029  -0.04367568
 -0.25565478 -0.47351852 -0.6860951  -1.532966    0.67350394 -0.8507172
  0.2036154   0.7658116  -2.1079626   0.97952557]
[ 0.3414505   0.07447417  0.40145063  0.6951461   1.857086   -0.0540815
 -0.16710122 -0.49550372 -0.70713454 -1.483796    0.6726752  -0.83987284
  0.11613083  0.79875124 -2.1805186   0.93920916]
[ 0.31770235  0.10731614  0.46632394  0.7224749   1.842056   -0.00856647
 -0.20732081 -0.43537506 -0.65029985 -1.439318    0.58873403 -0.721925
  0.04367732  0.7650489  -2.2594      0.83405906]
[ 0.25962734  0.1898996   0.41058245  0.6338191   1.9068432  -0.06096103
 -0.28565335 -0.4297204  -0.62801117 -1.5542791   0.71695745 -0.7401372
  0.07460324  0.74504024 -2.1638029   0.8934355 ]
[ 0.10496365  0.16750786  0.35064968  0.6819995   2.0440133  -0.0224043
 -0.4225122  -0.40909153 -0.5570003  -1.5596416   0.702154   -0.72770107
  0.1658676   0.69568473 -2.128756    0.8835648 ]
[ 0.05102759  0.09331881  0.2960033   0.7673617   2.172093    0.00271901
 -0.5100626  -0.44564074 -0.5432967  -1.562116    0.754765   -0.7864331
  0.21471271  0.6791301  -2.1197734   0.90509146]
[ 0.10982747  0.08340234  0.328142    0.77745783  2.173511    0.02739275
 -0.4965456  -0.45061874 -0.54372495 -1.5268795   0.743828   -0.75781554
  0.14390826  0.6441685  -2.1452606   0.85591394]
[ 0.16760667  0.08525437  0.34549657  0.7548036   2.0717845  -0.00566373
 -0.38803723 -0.44270715 -0.58001465 -1.52963     0.7449478  -0.7706208
  0.12865004  0.68802696 -2.1676972   0.86374843]
[ 0.25058722  0.14608322  0.37939355  0.6220207   1.9063988  -0.08713239
 -0.19710642 -0.46190572 -0.6633211  -1.5680015   0.7885461  -0.8155416
  0.16503015  0.7931804  -2.1443791   0.8512071 ]
[ 0.29790562  0.13614953  0.3461445   0.5367355   1.9341345  -0.13195978
 -0.17203286 -0.52229416 -0.72024673 -1.5985667   0.86744136 -0.93764305
  0.23970094  0.81354636 -2.0407014   0.91946965]
[ 0.3417415   0.12325201  0.41203767  0.4986151   1.917291   -0.10932003
 -0.15020645 -0.5449046  -0.78066367 -1.5630394   0.8230999  -0.93757933
  0.2821489   0.7994267  -2.0133367   0.8673941 ]
[ 0.39999932  0.10672341  0.4417511   0.54656154  1.931567   -0.07572822
 -0.17090212 -0.5476371  -0.7889563  -1.5162473   0.7737992  -0.8941952
  0.21905899  0.7617081  -2.057694    0.83504534]
[ 0.41744357  0.11941078  0.47860104  0.5941713   1.8610615  -0.05334702
 -0.15714364 -0.5113134  -0.7762059  -1.5086174   0.7154843  -0.8083355
  0.1448942   0.7486246  -2.1010718   0.79995495]
[ 0.31744838  0.14745036  0.44239062  0.5828825   1.8409323  -0.08495401
 -0.1831625  -0.47318164 -0.74430865 -1.5665257   0.748136   -0.80237436
  0.15787113  0.78717136 -2.065733    0.86200535]
[ 0.20628123  0.11659092  0.41072196  0.6163397   1.847265   -0.0737261
 -0.19977328 -0.4559335  -0.7257124  -1.5652155   0.70582944 -0.83737963
  0.2468814   0.8624563  -2.0787127   0.89153177]
[ 0.3029318   0.0914806   0.36584038  0.5428115   1.9228693  -0.1330162
 -0.21405084 -0.48814172 -0.758158   -1.5954916   0.7974607  -0.93793595
  0.25007087  0.8082916  -1.9963652   1.0127565 ]
[ 0.368344    0.0059815   0.39488718  0.6753313   1.9243958  -0.07164711
 -0.17399675 -0.49734432 -0.7420112  -1.4674757   0.68216884 -0.8565427
  0.18656068  0.7938868  -2.1414204   0.8847677 ]
[ 0.3349879   0.02957308  0.4651414   0.6759007   1.9129579  -0.023136
 -0.21791963 -0.4390266  -0.68169796 -1.432156    0.60382164 -0.74199784
  0.13490368  0.73290133 -2.1794968   0.78814983]
[ 0.35561448  0.14530732  0.42747253  0.5526919   1.9357697  -0.10354649
 -0.2332799  -0.45558602 -0.70186436 -1.556359    0.7555878  -0.7775553
  0.1258993   0.705349   -2.0799434   0.8711683 ]
[ 0.23718485  0.14358562  0.35648927  0.55949885  2.0018897  -0.1254563
 -0.28386277 -0.43657416 -0.67325735 -1.5825279   0.7724379  -0.78941786
  0.20056644  0.73468155 -2.0485125   0.902136  ]
[ 0.19745107  0.07935143  0.26617083  0.59976757  2.1151502  -0.12965497
 -0.35598868 -0.4624373  -0.66749567 -1.5758426   0.81510246 -0.85918295
  0.2618255   0.7527581  -2.0241523   0.9579929 ]
[ 0.28357825  0.00786143  0.27254042  0.7417377   2.101088   -0.0832025
 -0.2995947  -0.47237578 -0.67455316 -1.4658442   0.70999956 -0.7817938
  0.18332532  0.76501256 -2.1528003   0.83122617]
[ 0.30036563 -0.03380395  0.33189723  0.8066659   2.0381494  -0.0504552
 -0.28065294 -0.42768407 -0.6782074  -1.4135647   0.6097988  -0.709809
  0.15605116  0.7478312  -2.2265687   0.79364556]
[ 2.1507272e-01 -2.8122365e-04  4.1362613e-01  8.0067968e-01
  1.9778954e+00 -3.5245270e-02 -3.0443040e-01 -3.5751915e-01
 -6.2793511e-01 -1.4258606e+00  5.4304254e-01 -6.5798551e-01
  1.4548211e-01  7.1863234e-01 -2.2289071e+00  7.8723300e-01]
[ 0.30476508  0.06029592  0.37930232  0.6943287   1.9717655  -0.12521923
 -0.21306291 -0.4473628  -0.7257061  -1.5510108   0.7268637  -0.8009693
  0.18158582  0.73464185 -2.101817    0.8780058 ]
[ 0.2542719   0.0596036   0.46497837  0.63280976  1.9210348  -0.09148313
 -0.22824863 -0.43263736 -0.75616676 -1.5518452   0.6563681  -0.782524
  0.2655425   0.71815205 -2.0293803   0.86570436]
[ 0.26914436  0.01388277  0.4128317   0.60758984  2.0000157  -0.12786134
 -0.25550106 -0.47569698 -0.8069485  -1.5561087   0.70948744 -0.84901017
  0.3221013   0.7335091  -1.9684842   0.93959874]
[ 0.23972483  0.00807216  0.41718397  0.6208336   2.0522532  -0.10151142
 -0.31038773 -0.48039475 -0.8075987  -1.5049956   0.68342096 -0.8059551
  0.29912847  0.7240551  -1.9831597   0.91747046]
[ 0.18999042  0.01103086  0.48752183  0.72073054  2.0007446  -0.00510259
 -0.36389285 -0.41303858 -0.7329173  -1.4567344   0.54119277 -0.6322898
  0.23494272  0.6658263  -2.0800464   0.79613507]
[ 0.11220517  0.06617564  0.43052703  0.7186054   2.0239823  -0.02672829
 -0.40908307 -0.39560366 -0.69128734 -1.5473986   0.60551816 -0.65248114
  0.22777756  0.6648465  -2.0335546   0.87440795]
[ 0.10308133  0.11688449  0.3530902   0.6897528   2.00596    -0.07414947
 -0.38939455 -0.44329166 -0.7138444  -1.614188    0.7328774  -0.7469903
  0.2178318   0.73202074 -1.9792064   0.9814502 ]
[ 0.01982537  0.02785844  0.39709923  0.7980502   1.9813391   0.02444175
 -0.42229968 -0.42742032 -0.71647966 -1.5376523   0.5654734  -0.7132989
  0.31175247  0.75871444 -2.0090768   0.911438  ]
[ 0.16843286 -0.09845649  0.38123307  0.9007436   1.8976898   0.0173203
 -0.27890578 -0.4850761  -0.815673   -1.3978108   0.45968252 -0.71839714
  0.3269992   0.8734852  -2.0983253   0.833473  ]
[ 0.28260523 -0.20972197  0.4348591   0.93558276  1.8413353   0.03992104
 -0.25839782 -0.43356013 -0.79479265 -1.2481188   0.30776453 -0.6200676
  0.28223345  0.8653086  -2.2178645   0.7551056 ]
[ 0.19967616 -0.22971773  0.5148045   0.9818846   1.7356262   0.10989279
 -0.3076695  -0.25499186 -0.68625146 -1.1677109   0.07537588 -0.45891747
  0.23629029  0.8471945  -2.3051548   0.67010677]
[ 0.07437648 -0.07394928  0.48857147  0.91275203  1.8009472   0.06396937
 -0.3528096  -0.25677618 -0.665137   -1.3437496   0.23081031 -0.49611887
  0.2221077   0.8402179  -2.2106264   0.729592  ]
[-0.05880428  0.01095398  0.469171    0.8289126   1.926597    0.04192084
 -0.48102704 -0.24239008 -0.62109375 -1.5185363   0.35487914 -0.5531541
  0.30472416  0.7089523  -2.0459862   0.8441164 ]
[ 0.01378212 -0.03314167  0.44028568  0.93852395  1.8913912   0.0321738
 -0.37548622 -0.3784493  -0.72176945 -1.4903123   0.42068896 -0.6658411
  0.31059653  0.8320525  -2.1109087   0.8643419 ]
[ 0.10770526 -0.10776506  0.453997    0.99548596  1.8279715   0.06999831
 -0.31660238 -0.3939895  -0.7465979  -1.3520845   0.31099367 -0.61006117
  0.26446652  0.86627424 -2.20581     0.8011958 ]
[ 0.16298869 -0.15616113  0.48133484  0.980662    1.7008722   0.1023114
 -0.27588838 -0.27992526 -0.6512962  -1.1747637   0.14281324 -0.46501532
  0.1556571   0.9131118  -2.3838525   0.70843136]
[ 0.13300088 -0.08502831  0.4890491   0.9750023   1.7589791   0.08964725
 -0.33273116 -0.2658219  -0.6264478  -1.2512779   0.20882778 -0.4437538
  0.1285939   0.8538879  -2.3611953   0.69042546]
[-7.42000353e-04  7.20195696e-02  4.76332426e-01  9.31393445e-01
  1.81596410e+00  7.92216286e-02 -4.01338190e-01 -2.93133974e-01
 -6.13054395e-01 -1.41318786e+00  3.53217870e-01 -4.66098875e-01
  1.11612394e-01  8.17987740e-01 -2.25131083e+00  7.45907664e-01]
[-0.1250793   0.1678991   0.48610076  0.8319977   1.9350891   0.09183033
 -0.52994484 -0.28320128 -0.5465004  -1.5868247   0.44082913 -0.5139394
  0.16095951  0.64885557 -2.0586581   0.85123694]
[-0.0323815   0.15212695  0.43017864  0.8905123   1.9478874   0.08590209
 -0.4438649  -0.41129437 -0.5973905  -1.5736977   0.5438113  -0.62907964
  0.10244696  0.71463174 -2.0945888   0.8856462 ]
[ 0.0309844   0.11004031  0.4430099   0.88557374  1.9242014   0.14447278
 -0.450733   -0.3592206  -0.52602804 -1.4651887   0.4419771  -0.56134963
  0.01933648  0.658356   -2.1685605   0.84258044]
[ 0.08980113  0.03319971  0.47464585  0.8642985   1.8486586   0.16178057
 -0.4869308  -0.18814333 -0.37099755 -1.3048806   0.24901934 -0.4286437
 -0.05378454  0.617313   -2.3349476   0.79679805]
[ 0.16635749 -0.00328886  0.47430444  0.9053548   1.8737133   0.12022777
 -0.4023335  -0.2553869  -0.41625953 -1.2369897   0.26008493 -0.4414111
 -0.01381184  0.69203323 -2.4186773   0.65770966]
[ 0.06740744  0.13448647  0.43159407  0.75436366  2.106801    0.09678413
 -0.5891013  -0.29751652 -0.45161128 -1.4288359   0.50989234 -0.5068789
  0.08637836  0.51797926 -2.1947424   0.7280073 ]
[ 0.03766107  0.19858262  0.41406617  0.6299147   2.2425702   0.06417382
 -0.6817523  -0.3214629  -0.49410325 -1.5779877   0.6822821  -0.5801551
  0.18766335  0.40796557 -2.0061498   0.76328695]
[ 0.11169465  0.16040352  0.36084694  0.6984179   2.2542844   0.02298334
 -0.5610916  -0.4446137  -0.61219156 -1.5798725   0.80446357 -0.72535115
  0.19478814  0.5439172  -2.0269494   0.7631406 ]
[ 0.14983146  0.14777283  0.37531087  0.68114406  2.2077508   0.0078178
 -0.49579757 -0.47486275 -0.6466653  -1.5705417   0.81694126 -0.76063883
  0.18402323  0.5764291  -2.0073838   0.77364427]
[ 0.3110136   0.1278017   0.4064353   0.5878786   2.1314716  -0.05471388
 -0.32765868 -0.5382614  -0.7648756  -1.5709546   0.85723704 -0.850935
  0.17943282  0.6405802  -1.956475    0.7865417 ]
[ 0.3644138   0.06500949  0.483382    0.5194309   2.0952477  -0.07273722
 -0.27009848 -0.5374907  -0.8557501  -1.562658    0.80063343 -0.8676877
  0.29431504  0.61572486 -1.8732628   0.76449054]
[ 0.36859077  0.00608598  0.51469386  0.42049566  2.13995    -0.1156945
 -0.3007984  -0.51756966 -0.9153822  -1.5866401   0.7920097  -0.91119945
  0.4086465   0.5596649  -1.7112945   0.8133173 ]
[ 0.3042488  -0.03564499  0.49646515  0.42113203  2.1471772  -0.12700221
 -0.3337986  -0.4743991  -0.9020809  -1.5888585   0.76064616 -0.90811425
  0.4837479   0.5673847  -1.6775854   0.83225214]
[ 0.15748665 -0.06407411  0.5309197   0.36252218  2.2510772  -0.10168447
 -0.46834412 -0.3962179  -0.8161701  -1.5818775   0.67636806 -0.86063516
  0.535058    0.43426389 -1.5588553   0.8687708 ]
[ 0.09052546  0.03403928  0.4582457   0.3478093   2.2614264  -0.14406951
 -0.49204808 -0.41310734 -0.75447077 -1.6320724   0.80335176 -0.9046246
  0.4382392   0.5491861  -1.6512797   0.98089945]
[ 0.15886664  0.05306589  0.39908615  0.44027323  2.1976578  -0.15210512
 -0.4155733  -0.42556643 -0.72644407 -1.5971916   0.7948133  -0.8681752
  0.3566597   0.6111437  -1.808149    0.95247996]
[ 0.33662257  0.01732905  0.34896815  0.60712373  2.0908666  -0.12996152
 -0.24834807 -0.47395557 -0.74765676 -1.5121267   0.74196196 -0.82568014
  0.26555818  0.6701914  -2.0298615   0.85521996]
[ 3.4565768e-01  4.3517054e-04  3.6266035e-01  6.2864369e-01
  2.0686505e+00 -1.2923324e-01 -2.2940925e-01 -4.5632124e-01
 -7.5026983e-01 -1.4938154e+00  7.0274431e-01 -8.1592101e-01
  2.5942892e-01  6.7553949e-01 -2.0312886e+00  8.2817441e-01]
[ 0.35660622  0.01286057  0.39591163  0.6111842   2.0411706  -0.12534836
 -0.22973303 -0.46533862 -0.76134825 -1.4923371   0.71159446 -0.81313974
  0.24200353  0.6930965  -2.0454051   0.8332902 ]
[ 0.29268247 -0.04014792  0.45800048  0.6665852   2.027491   -0.06650266
 -0.25225022 -0.4354629  -0.7524804  -1.4225935   0.5855857  -0.7307727
  0.29418156  0.66284007 -2.0536938   0.7280898 ]
[ 0.3605082  -0.0201859   0.4053305   0.6192419   2.0870888  -0.10261478
 -0.24428709 -0.48721838 -0.7929061  -1.4610888   0.687254   -0.80588835
  0.28085715  0.66858435 -2.0311625   0.8004098 ]
[ 0.32710853 -0.03007085  0.43957466  0.65936196  2.0705783  -0.06215017
 -0.25597936 -0.45774847 -0.77686846 -1.4425814   0.62018263 -0.76476395
  0.28876236  0.63759834 -2.036058    0.7455004 ]
[ 0.3095425   0.02789164  0.37465817  0.5948701   2.1015835  -0.11444496
 -0.28876007 -0.47121382 -0.77397346 -1.507364    0.7517649  -0.8124825
  0.26809725  0.65683    -1.9932947   0.8419317 ]
[ 0.27245638  0.01669603  0.4413697   0.6263408   2.0507126  -0.06611617
 -0.26278216 -0.46756974 -0.7986142  -1.4518902   0.6365314  -0.76009876
  0.3225029   0.65907735 -1.9985336   0.7429701 ]
[ 0.3244596   0.01136196  0.40825915  0.5870594   2.058634   -0.09043572
 -0.23569664 -0.5202499  -0.8694441  -1.4684498   0.70948255 -0.82709706
  0.3697289   0.72283363 -1.966058    0.7484244 ]
[ 0.33670273 -0.05828983  0.4455505   0.6099943   2.0854402  -0.06491791
 -0.25127587 -0.5204526  -0.8959077  -1.4214637   0.63976073 -0.82216805
  0.4065811   0.6975653  -1.9359825   0.7104345 ]
[ 0.35518152 -0.037912    0.47158346  0.5939782   2.0726385  -0.05298223
 -0.26752236 -0.52584547 -0.8969383  -1.4075257   0.6725956  -0.7949734
  0.35129452  0.6756351  -1.9416796   0.69248915]
[ 0.2874635  -0.04844626  0.57928103  0.62277186  1.9934661   0.02910993
 -0.2719849  -0.4876688  -0.9025566  -1.3635776   0.51789504 -0.7116865
  0.3836437   0.6421745  -1.9209592   0.609052  ]
[ 0.30956036 -0.04140935  0.5517236   0.59514344  1.9947357  -0.0099835
 -0.24285638 -0.50928444 -0.93939495 -1.4307883   0.5632569  -0.797235
  0.44232172  0.6744497  -1.857688    0.65783453]
[ 0.29291847 -0.070425    0.49982938  0.58393675  1.9968383  -0.08054923
 -0.24573009 -0.50598043 -0.9760519  -1.472799    0.61579335 -0.87977266
  0.497959    0.7126528  -1.7695065   0.7650522 ]
[ 0.3054842  -0.1435197   0.57004875  0.5887695   1.9244581  -0.05915212
 -0.20128831 -0.49329844 -1.0218761  -1.424929    0.51766664 -0.86733663
  0.5589031   0.7590108  -1.7651541   0.7137656 ]
[ 0.31046757 -0.271062    0.7128576   0.59932953  1.9306576   0.08888747
 -0.24370451 -0.45847145 -0.9924221  -1.2958757   0.24941392 -0.7737426
  0.6230643   0.6322157  -1.7241882   0.5705273 ]
[ 0.29647478 -0.21364208  0.6107496   0.62509024  2.0283246   0.00745431
 -0.32761386 -0.42492652 -0.8779956  -1.3684326   0.37773794 -0.8075468
  0.52792937  0.60387427 -1.801544    0.7063802 ]
[ 0.30441833 -0.19263132  0.5880818   0.67939883  1.933471   -0.01266754
 -0.26919448 -0.37221426 -0.8016149  -1.3560352   0.37057412 -0.71983206
  0.45619184  0.6269659  -1.9181855   0.6423958 ]
[ 0.24437308 -0.03129744  0.5253533   0.6135191   1.9356636  -0.05491374
 -0.26158413 -0.3817069  -0.78867096 -1.4794302   0.51904905 -0.72797453
  0.36893004  0.65159684 -1.8989213   0.72928035]
[ 0.15252458 -0.02807336  0.49991935  0.54774857  2.072937   -0.04492663
 -0.37391672 -0.3754482  -0.7512333  -1.5035565   0.53409326 -0.75163114
  0.43469372  0.5888319  -1.835132    0.79988295]
[ 0.29446116 -0.06901832  0.4047616   0.6493945   2.0780406  -0.09845938
 -0.2860392  -0.46465164 -0.78875923 -1.4583114   0.635586   -0.827826
  0.3809569   0.7066196  -1.9940155   0.80164844]
[ 0.39119703 -0.06030679  0.44266328  0.6618663   2.045391   -0.07452209
 -0.2623629  -0.45166382 -0.77126944 -1.3920404   0.6091787  -0.7342566
  0.263238    0.6521097  -2.0767007   0.71811855]
[ 0.3049864  -0.00480981  0.52319664  0.6600002   1.9932896   0.00245379
 -0.3031144  -0.404378   -0.7639328  -1.3533646   0.49256736 -0.6415081
  0.27829477  0.63517934 -2.0596764   0.59951127]
[ 0.2931467   0.02845134  0.5213568   0.6150774   2.0708318  -0.01511213
 -0.32755834 -0.43340793 -0.7866579  -1.393308    0.5563956  -0.6886603
  0.3121187   0.6070584  -2.0172145   0.61705863]
[ 0.31353784  0.03749234  0.45085913  0.5883497   2.1064856  -0.07926547
 -0.30718076 -0.5078738  -0.8594319  -1.4767911   0.7218385  -0.80825126
  0.36088893  0.63537467 -1.9030476   0.6885689 ]
[ 0.33711332  0.02594311  0.51875377  0.58276504  2.0205798  -0.02525808
 -0.26342845 -0.5462577  -0.9251229  -1.435211    0.6633377  -0.7872194
  0.36860415  0.65970397 -1.8781885   0.6436882 ]
[ 0.3671928  -0.11569308  0.6240603   0.61555254  1.9967289   0.07489387
 -0.26098475 -0.5509094  -0.9743649  -1.2884203   0.48388243 -0.7382149
  0.4283882   0.6266559  -1.86669     0.5330372 ]
[ 0.42590833 -0.12174261  0.57686734  0.5549086   2.081368   -0.02076794
 -0.27406827 -0.540357   -1.0157721  -1.359592    0.5956977  -0.8195715
  0.42552203  0.5950107  -1.8020207   0.65732455]
[ 0.32236934 -0.20025578  0.6662446   0.59432805  2.0107598   0.01816129
 -0.27928138 -0.47694144 -1.0151231  -1.3395416   0.4311413  -0.77389956
  0.58796096  0.5938529  -1.7437162   0.55970067]
[ 0.1704529  -0.17787762  0.66916263  0.49972573  2.0526488  -0.00857506
 -0.32336536 -0.4443737  -1.024154   -1.441246    0.4695374  -0.82737607
  0.6877179   0.591979   -1.5784607   0.6439619 ]
[ 0.106001   -0.1099271   0.62362105  0.31896845  2.1283698  -0.08062333
 -0.38454276 -0.44153315 -1.0144383  -1.5248388   0.6074097  -0.9479343
  0.6602391   0.61346686 -1.4491131   0.8630328 ]
[ 0.14727995 -0.05948304  0.6423442   0.39767677  2.0728893  -0.05086582
 -0.35206187 -0.45307636 -1.008915   -1.4977195   0.54335034 -0.91757375
  0.5888588   0.64658654 -1.5512209   0.81993484]
[ 0.21944168 -0.11300015  0.61758405  0.53575385  2.0515976  -0.03825969
 -0.35001665 -0.4345441  -0.9272421  -1.4282856   0.48085746 -0.8511804
  0.51872265  0.63501275 -1.7265619   0.7753245 ]
[ 0.34784642 -0.12821595  0.60098195  0.6866426   1.858361    0.00992448
 -0.19487318 -0.43791574 -0.885156   -1.3273137   0.40320405 -0.73148775
  0.39242372  0.6769875  -1.932897    0.6199976 ]
[ 0.32180494 -0.09656888  0.60638106  0.6616545   1.8683538   0.01858813
 -0.20040557 -0.44198865 -0.90113413 -1.3770711   0.39054373 -0.7382611
  0.41323024  0.6879413  -1.8924925   0.64004755]
[ 0.28662315 -0.14260356  0.574715    0.6264142   2.0682273   0.010279
 -0.33641195 -0.42159042 -0.81899035 -1.3931801   0.40758651 -0.75679445
  0.44265118  0.54708135 -1.843003    0.7125648 ]
[ 0.32893163 -0.08722095  0.46199146  0.6344701   2.0856366  -0.08610321
 -0.30130523 -0.43707508 -0.80206215 -1.4547887   0.5933794  -0.8056348
  0.34957224  0.6225432  -1.9429538   0.80529946]
[ 0.240797   -0.11915703  0.5473641   0.64188355  2.0553713  -0.02821128
 -0.33199537 -0.38032433 -0.7589248  -1.387684    0.44988894 -0.69694036
  0.40568858  0.6077601  -1.9718297   0.687043  ]
[ 0.24892402 -0.05982698  0.48494333  0.58420134  2.1537166  -0.05655784
 -0.3422599  -0.44251022 -0.78260857 -1.4601834   0.5950601  -0.7717203
  0.4020269   0.5784745  -1.9236715   0.7552168 ]
[ 2.36205578e-01 -7.66006124e-04  3.82119834e-01  5.34283459e-01
  2.20555830e+00 -1.10927306e-01 -3.80399793e-01 -4.44590241e-01
 -7.63951957e-01 -1.55549455e+00  7.49917865e-01 -8.45371127e-01
  3.81977051e-01  5.69720030e-01 -1.86470103e+00  8.74011219e-01]
[ 0.26679984  0.05471193  0.3630654   0.5545026   2.0943446  -0.13962033
 -0.29900566 -0.4686516  -0.7833239  -1.5534359   0.7935979  -0.85088986
  0.29930463  0.69397163 -1.945339    0.88746214]
[ 0.27051038  0.03683567  0.4269212   0.62288535  2.015878   -0.07964833
 -0.24184099 -0.46449518 -0.77217346 -1.4955463   0.6814173  -0.7723953
  0.28430873  0.6757212  -2.0043502   0.7797327 ]
[ 0.32968858  0.04068524  0.39300078  0.61031735  1.9964454  -0.09860434
 -0.20960498 -0.5025484  -0.80632275 -1.5122843   0.7196538  -0.8401993
  0.29549044  0.71444905 -1.9843928   0.8197401 ]
[ 0.38065487 -0.02797208  0.43374807  0.6372555   2.0142093  -0.08995082
 -0.2184628  -0.49507457 -0.8213321  -1.4628347   0.6476785  -0.8367485
  0.30590856  0.677383   -1.9666847   0.7867485 ]
[ 0.38436076 -0.07491491  0.4564107   0.6548687   2.0219798  -0.07103525
 -0.22708777 -0.47984427 -0.8013731  -1.4165199   0.61544216 -0.7872112
  0.30127072  0.66069806 -2.013064    0.7374416 ]
[ 0.27242142 -0.05142004  0.5352937   0.63405836  1.9958451  -0.01106237
 -0.28438115 -0.43734235 -0.795696   -1.4074621   0.5105817  -0.703328
  0.3707879   0.63762176 -1.9677341   0.66194814]
[ 0.24987331 -0.04586435  0.5123373   0.5739636   2.1139274  -0.0208459
 -0.33294094 -0.45469943 -0.81090224 -1.4325972   0.562054   -0.7420364
  0.39151007  0.6103861  -1.9125588   0.7003971 ]
[ 0.2978518   0.01800041  0.3829335   0.55317163  2.1577506  -0.10297726
 -0.3281298  -0.4790241  -0.81134206 -1.5275006   0.7519537  -0.8407923
  0.33149406  0.61807865 -1.8907833   0.8358906 ]
[ 0.30851734  0.05935558  0.39540023  0.5908793   2.055109   -0.11006484
 -0.27220115 -0.47914284 -0.80370253 -1.5317074   0.75673336 -0.8051532
  0.26725522  0.67842484 -1.9673803   0.82304573]
[ 0.19730575 -0.01236501  0.47806627  0.6262231   2.0194666  -0.04084762
 -0.28447527 -0.4570714  -0.8080498  -1.4541714   0.59978485 -0.7376236
  0.36920595  0.68462276 -1.9526886   0.7349752 ]
[ 3.1435853e-01  1.9810260e-03  4.3246073e-01  5.9298277e-01
  2.0290473e+00 -7.6738149e-02 -2.4031138e-01 -5.3662091e-01
 -8.9427006e-01 -1.4623740e+00  6.9084966e-01 -8.3787602e-01
  3.8337708e-01  7.1665448e-01 -1.9177672e+00  7.6791942e-01]
[ 0.39937824 -0.09755924  0.48879504  0.6540311   2.0232136  -0.04794038
 -0.22109446 -0.5188004  -0.916103   -1.3834623   0.5668477  -0.81070757
  0.41029721  0.675053   -1.939771    0.67823553]
[ 0.38961837 -0.05158485  0.51424354  0.6419372   1.9648396  -0.03954291
 -0.22483465 -0.46864992 -0.8712452  -1.4203155   0.55386126 -0.7755314
  0.34109783  0.65541416 -1.9363426   0.6883429 ]
[ 0.24021788 -0.05979213  0.6139685   0.6025601   1.9542748   0.01852405
 -0.3089652  -0.36608022 -0.7867719  -1.4128205   0.41939625 -0.6919707
  0.35349205  0.5916206  -1.8669746   0.66100895]
[ 0.25931025 -0.01062185  0.53488827  0.6221696   1.9755032  -0.02203379
 -0.24152529 -0.4579064  -0.83832705 -1.4598416   0.5367921  -0.76959866
  0.37457353  0.6677325  -1.9154155   0.70707625]
[ 0.2775817  -0.07157507  0.4821257   0.58532345  2.1271226  -0.05718211
 -0.3202922  -0.5019077  -0.8554676  -1.4728944   0.6270043  -0.836514
  0.44570976  0.61523855 -1.8493601   0.76899177]
[ 0.38745052 -0.09873668  0.48864585  0.59146434  2.1212041  -0.06024517
 -0.3028633  -0.49761304 -0.8534994  -1.4008768   0.64464945 -0.8028366
  0.38068876  0.61546564 -1.9491438   0.69561064]
[ 0.30197912 -0.11848243  0.5748165   0.592216    2.0784945   0.00437776
 -0.3481643  -0.42001286 -0.8206364  -1.3793852   0.5014108  -0.7077416
  0.43347868  0.55381566 -1.8940872   0.60541475]
[ 0.19363995 -0.01789218  0.5287097   0.5085388   2.1347194  -0.03328362
 -0.39404705 -0.4055856  -0.80276585 -1.5102435   0.6039021  -0.7482068
  0.40656716  0.5567273  -1.7792237   0.7220055 ]
[ 0.18177006  0.09187582  0.44037265  0.43973225  2.1261497  -0.12614131
 -0.39652658 -0.42530018 -0.773126   -1.6211313   0.7793356  -0.8626132
  0.35197097  0.59370553 -1.7548962   0.9255377 ]
[ 0.32919067  0.05849767  0.41850644  0.548427    1.9552749  -0.14066584
 -0.20853344 -0.4788331  -0.84135866 -1.5444508   0.73525655 -0.8860426
  0.32061297  0.765672   -1.9342108   0.87000495]
[ 0.40377274 -0.07584143  0.4971613   0.6352126   1.9618934  -0.07276826
 -0.18998183 -0.4957789  -0.88030416 -1.4200501   0.5694364  -0.8261142
  0.36800188  0.69428825 -1.9409043   0.7344334 ]
[ 0.4864242  -0.18119083  0.5540506   0.6615344   1.9615192  -0.04501552
 -0.20767033 -0.44948253 -0.82992554 -1.3346856   0.46432814 -0.77004576
  0.34037733  0.61989087 -1.9949715   0.6841725 ]
[ 0.3924647  -0.18564689  0.6319084   0.6274369   1.959973    0.00791222
 -0.3232041  -0.3298969  -0.7192014  -1.3364512   0.32657987 -0.6624209
  0.36362016  0.49051794 -1.9269092   0.6430285 ]
[ 0.2402684  -0.06927328  0.5603081   0.5501843   2.0659149  -0.0538197
 -0.38636643 -0.31470093 -0.68228924 -1.4786683   0.4820169  -0.6872544
  0.35573348  0.5176124  -1.87303     0.73722774]
[ 0.12641884  0.00579996  0.46336833  0.48672056  2.2094364  -0.10133421
 -0.46893066 -0.3537575  -0.6791175  -1.5724308   0.67816997 -0.7512471
  0.38812524  0.48731765 -1.7929089   0.8416157 ]
[ 0.18834814  0.01592213  0.37708068  0.54258394  2.243131   -0.1160837
 -0.4216215  -0.43973222 -0.6889613  -1.5695207   0.7760332  -0.83119184
  0.37251478  0.55352247 -1.9005474   0.8654852 ]
[ 0.30013257  0.03458488  0.3496468   0.57373655  2.1436946  -0.14972696
 -0.31077865 -0.46648937 -0.7735884  -1.5571206   0.8018152  -0.8479702
  0.28917098  0.6700847  -1.9720204   0.88180673]
[ 0.2947095   0.08342491  0.38243198  0.5786897   2.0658505  -0.1313442
 -0.30211097 -0.44132456 -0.75109035 -1.5924461   0.79027975 -0.798041
  0.22208461  0.6448558  -1.9714029   0.8929204 ]
[ 0.19541089  0.0722314   0.43849635  0.6261726   1.971994   -0.08887041
 -0.28261203 -0.4135758  -0.7409964  -1.5680273   0.67849535 -0.7399341
  0.269333    0.67663157 -1.9759163   0.847443  ]
[ 0.27776983  0.07311757  0.39431408  0.575658    1.943866   -0.13799031
 -0.22583242 -0.4540525  -0.78765595 -1.5965731   0.741754   -0.8382486
  0.2740538   0.73176205 -1.953099    0.95081174]
[ 0.31707063  0.00425762  0.43500978  0.65971607  1.9147787  -0.10656722
 -0.18932298 -0.45521992 -0.80349827 -1.5208185   0.6206423  -0.8186592
  0.2790393   0.7426548  -2.0107002   0.89960873]
[ 0.3272918  -0.04251282  0.48043013  0.7129477   1.9080054  -0.08315925
 -0.23025203 -0.42715222 -0.7591392  -1.4631097   0.5549339  -0.74061424
  0.2250628   0.7234364  -2.0878541   0.867245  ]
[ 0.24160568 -0.04694416  0.55314356  0.73664457  1.9193398   0.02561613
 -0.3512208  -0.35941392 -0.6586734  -1.4014055   0.40086365 -0.5935993
  0.20814505  0.6138599  -2.0992353   0.7751065 ]
[ 0.14152548  0.06103317  0.47831315  0.72539467  2.0096867   0.00656101
 -0.43460965 -0.35522616 -0.6135354  -1.4924002   0.5116666  -0.58323133
  0.1691773   0.59331787 -2.0643153   0.8135306 ]
[ 5.0642394e-02  9.2935316e-02  3.7456137e-01  7.0700109e-01
  2.1491401e+00 -1.5998051e-03 -5.5782282e-01 -3.3605841e-01
 -5.3267288e-01 -1.5582632e+00  6.1544907e-01 -6.2673664e-01
  1.9693092e-01  4.9296784e-01 -2.0030339e+00  9.0750343e-01]
[ 0.10399769  0.04655863  0.29583755  0.80930555  2.1428657  -0.02696703
 -0.4380928  -0.4450275  -0.6082872  -1.5063031   0.68015176 -0.72624075
  0.18885648  0.661584   -2.1044037   0.8953539 ]
[ 0.24288087  0.05965657  0.27775842  0.81384933  2.0524793  -0.05427677
 -0.29433346 -0.47969532 -0.6750384  -1.4468887   0.68652266 -0.72580105
  0.1127153   0.77783126 -2.204227    0.8229803 ]
[ 0.19949253  0.02205473  0.35487086  0.83550894  2.07181     0.05209366
 -0.36386296 -0.45174375 -0.6641719  -1.3532819   0.55124056 -0.64583087
  0.16453615  0.73886716 -2.244305    0.6948794 ]
[ 0.26797423 -0.0165209   0.3294899   0.7701975   2.166185   -0.02290956
 -0.3626789  -0.46726745 -0.7198211  -1.4151652   0.6650686  -0.7128581
  0.23005088  0.6615807  -2.1221843   0.7106308 ]
[ 0.2811768  -0.01890528  0.3908779   0.73422706  2.1163182  -0.03093578
 -0.3342846  -0.45734912 -0.74740326 -1.41448     0.63488084 -0.70460385
  0.23518679  0.66281015 -2.0934327   0.7072588 ]
[ 0.1944992   0.01286234  0.46897393  0.70992297  2.0215306   0.00651198
 -0.31375104 -0.4248156  -0.75359493 -1.4335648   0.55723107 -0.69230664
  0.2902004   0.68509424 -2.0448635   0.6773184 ]
[ 0.25125566  0.03896052  0.4478057   0.55829597  2.0996873  -0.09695551
 -0.32736674 -0.48139292 -0.8195535  -1.56861     0.7271656  -0.8452961
  0.37109476  0.6323627  -1.8636001   0.8428669 ]
[ 0.2863604  -0.03700272  0.47426882  0.587654    2.0606036  -0.07674953
 -0.27551547 -0.5051727  -0.8797272  -1.5015757   0.66282415 -0.8627682
  0.40511304  0.6563264  -1.8454663   0.8161726 ]
[ 0.34348685 -0.08483891  0.50686646  0.6026061   1.9621954  -0.07547206
 -0.22063084 -0.48834687 -0.9150003  -1.4460123   0.5935879  -0.8357499
  0.42837685  0.7109647  -1.8786991   0.7592505 ]
[ 0.2932183  -0.22230129  0.594561    0.6327885   1.9868906   0.00506918
 -0.3046516  -0.44105715 -0.8859795  -1.3584534   0.3736317  -0.74676853
  0.5836421   0.61864185 -1.8154106   0.6458203 ]
[ 0.2729154  -0.10183044  0.47744456  0.5473704   2.0761213  -0.07927486
 -0.31548327 -0.44902688 -0.8872086  -1.4732711   0.5867821  -0.81659347
  0.46333924  0.64162505 -1.790993    0.81382763]
[ 0.18443146 -0.08195196  0.52297574  0.58217305  2.050682   -0.02812911
 -0.36818284 -0.3588219  -0.79660827 -1.4296054   0.45984292 -0.68790996
  0.42038026  0.604599   -1.856497    0.74716055]
[ 0.25230572 -0.00664583  0.47376376  0.6667036   2.0116467  -0.03950152
 -0.29022878 -0.42073935 -0.7678445  -1.4575571   0.541844   -0.71207714
  0.31376737  0.66070944 -2.0101883   0.74791825]
[ 0.25868765 -0.01447778  0.3956697   0.6464938   2.0467782  -0.11443068
 -0.27832294 -0.45815492 -0.80547446 -1.5070305   0.65925604 -0.8145466
  0.33861405  0.7093321  -1.9464457   0.851141  ]
[ 0.33638805 -0.02407141  0.4362227   0.6679207   1.9489155  -0.0908365
 -0.20457754 -0.45318842 -0.8430494  -1.4341705   0.57679594 -0.7457441
  0.29173297  0.7504853  -2.017038    0.7682891 ]
[ 0.31981796 -0.13163559  0.52302676  0.7264412   1.9757817   0.0121462
 -0.27767938 -0.4131047  -0.796564   -1.3317072   0.36673978 -0.64869183
  0.34870964  0.6621591  -2.0375254   0.66315305]
[ 0.37432402 -0.12396705  0.45113358  0.71205926  2.0730853  -0.07327595
 -0.3054214  -0.3958471  -0.7733588  -1.374769    0.48228592 -0.6924026
  0.27722234  0.6264683  -2.0441432   0.75009   ]
[ 0.21206126 -0.16273928  0.5300537   0.7552756   2.0529475   0.00623405
 -0.38799682 -0.29411033 -0.6770414  -1.3299774   0.34047255 -0.5857606
  0.31109577  0.57670355 -2.0737011   0.6873352 ]
[ 0.11358134 -0.11041192  0.48646265  0.69430226  2.1160705  -0.01873782
 -0.427308   -0.29882088 -0.6823236  -1.3924077   0.40852085 -0.5883013
  0.3773875   0.5652319  -1.9778385   0.69712234]
[ 0.19356552 -0.09998844  0.4302004   0.64263594  2.2195947  -0.07755569
 -0.41178846 -0.3926813  -0.75099885 -1.4683551   0.5601624  -0.7164666
  0.40479127  0.54389906 -1.9019101   0.7903068 ]
[ 0.2485121  -0.14605613  0.41636127  0.71863365  2.1688817  -0.09480511
 -0.36655167 -0.37994015 -0.7429494  -1.4313376   0.527301   -0.7030133
  0.37939283  0.58552504 -1.9851105   0.76886415]
[ 0.26958746 -0.12439253  0.40587655  0.7317063   2.0776463  -0.11992009
 -0.30611768 -0.37944028 -0.7809938  -1.409373    0.5421467  -0.6884145
  0.31983885  0.67162675 -2.0374217   0.7912848 ]
[ 0.09440748 -0.173502    0.50627166  0.7454373   2.0635052   0.00853844
 -0.3904826  -0.31456414 -0.75014526 -1.3395399   0.343436   -0.58756113
  0.44667315  0.6471405  -2.0104346   0.6712864 ]
[ 0.23762572 -0.14080797  0.44123736  0.727276    2.0687146  -0.05900965
 -0.27653742 -0.42793995 -0.8438032  -1.4041345   0.47478142 -0.71716654
  0.4484558   0.6896054  -1.9717611   0.71592504]
[ 0.23998637 -0.20026064  0.49236745  0.7442619   2.0586095  -0.03281184
 -0.33510137 -0.37611976 -0.8054026  -1.4121708   0.39875972 -0.707413
  0.471105    0.6204708  -1.918739    0.7253402 ]
[ 0.27291244 -0.1689612   0.4964384   0.77402705  1.9078583  -0.07226495
 -0.2525222  -0.35070318 -0.81701005 -1.3980097   0.39600837 -0.67953867
  0.36576438  0.72650343 -1.9881405   0.75069064]
[ 0.11712869 -0.20949082  0.6077973   0.7506342   1.8843578   0.05547843
 -0.3631503  -0.2391934  -0.7164132  -1.2971132   0.18170735 -0.54595315
  0.39837936  0.67042655 -1.9990276   0.6653007 ]
[ 0.17341849 -0.22787607  0.55160034  0.75972015  1.9513718   0.03647443
 -0.36229745 -0.27471346 -0.7175753  -1.3294003   0.21343    -0.5783342
  0.43857917  0.60843444 -1.998072    0.71797645]
[ 0.30326408 -0.25465912  0.5140324   0.8004357   2.0039544  -0.03300846
 -0.3445004  -0.3543628  -0.73760515 -1.3338934   0.33813646 -0.6566671
  0.36541182  0.6065284  -2.0285823   0.77434886]
[ 0.27553156 -0.20487316  0.52927554  0.8054695   1.9124607   0.01586409
 -0.37168702 -0.253494   -0.62946326 -1.2863219   0.2568714  -0.54176205
  0.244097    0.58822274 -2.0973659   0.71922123]
[ 0.12876883 -0.14044549  0.48260403  0.7404474   1.9676416  -0.0182207
 -0.4415813  -0.19615284 -0.59506905 -1.3565931   0.29187995 -0.5210381
  0.28191912  0.6325643  -2.05045     0.7587716 ]
[ 0.1040173  -0.13046995  0.41125888  0.74492913  2.0941646  -0.04653262
 -0.4788351  -0.2009689  -0.5670307  -1.406915    0.3280625  -0.53697795
  0.32325405  0.5919851  -2.0425668   0.7797121 ]
[ 0.26791638 -0.19297825  0.3449673   0.85522383  2.122536   -0.1107562
 -0.3739578  -0.30486813 -0.6164105  -1.3740187   0.448263   -0.64982593
  0.24253102  0.6583967  -2.1800184   0.8284448 ]
[ 0.33505574 -0.19643034  0.36517993  0.91511756  2.0032563  -0.09378858
 -0.3019243  -0.29139337 -0.62429106 -1.316502    0.41797152 -0.58693755
  0.13523415  0.7103075  -2.2921996   0.7836394 ]
[ 0.15066525 -0.16731767  0.45683345  0.8212169   2.0045843  -0.03933302
 -0.4213175  -0.19391595 -0.5418192  -1.2899634   0.33670118 -0.49508238
  0.1725013   0.66179186 -2.250523    0.75656533]
[ 0.13563117 -0.09810947  0.43292642  0.6907674   2.1301053  -0.08579536
 -0.4773547  -0.2301497  -0.5841497  -1.4520123   0.45640916 -0.5606425
  0.295466    0.5355963  -2.054831    0.8320702 ]
[ 0.23925173 -0.12270355  0.3688257   0.74328667  2.147469   -0.15565853
 -0.37539458 -0.33039385 -0.6639961  -1.4732494   0.55914074 -0.7002027
  0.29657412  0.61972696 -2.0757828   0.8902232 ]
[ 0.27304068 -0.11865467  0.38767582  0.7938371   2.064706   -0.15253899
 -0.3309566  -0.3157502  -0.6628004  -1.4674633   0.51310444 -0.67775697
  0.2495955   0.6459758  -2.1169894   0.88195515]
[ 0.25703365 -0.07475837  0.37688556  0.7887267   1.9820019  -0.1505766
 -0.3017837  -0.3070069  -0.67570037 -1.454537    0.50464743 -0.6452053
  0.20771892  0.7267311  -2.1491363   0.882374  ]
[ 0.09181588 -0.13436067  0.47205263  0.83183396  2.0244114  -0.01231171
 -0.45908076 -0.2073538  -0.5893706  -1.3699207   0.26749593 -0.52479184
  0.302792    0.65252554 -2.1331906   0.7525629 ]
[ 0.17371356 -0.18727687  0.41985685  0.8395222   2.1562588  -0.04442706
 -0.46201926 -0.31302068 -0.64844245 -1.3738425   0.39524865 -0.6048964
  0.3470736   0.61274683 -2.1221185   0.7754229 ]
[ 0.13564438 -0.2187926   0.44512552  0.9129122   2.1379158   0.02898515
 -0.49980727 -0.28784043 -0.6351516  -1.2997534   0.3286484  -0.55175066
  0.33132082  0.61869276 -2.1755192   0.6896788 ]
[ 0.13472354 -0.19474383  0.44739184  0.91523397  2.0021713   0.01063356
 -0.39469403 -0.240466   -0.63994443 -1.255384    0.26921695 -0.5056926
  0.27290836  0.73744357 -2.2588794   0.65954655]
[ 0.04391501 -0.09109284  0.4893543   0.79048216  2.0413144  -0.01203658
 -0.4317487  -0.28005138 -0.7008809  -1.4446497   0.39647335 -0.5854337
  0.39591122  0.6740328  -2.0374691   0.7143641 ]
[ 0.09128854 -0.0934127   0.45486394  0.76688844  2.0719047  -0.07836078
 -0.37917024 -0.3799587  -0.7783667  -1.4928868   0.5113328  -0.69191325
  0.44121456  0.6896737  -1.9608629   0.79237103]
[ 9.2702053e-02 -2.0783696e-01  4.7863817e-01  8.4864187e-01
  1.9979788e+00  5.4783822e-04 -3.5107669e-01 -3.8392648e-01
 -8.2010716e-01 -1.3697326e+00  3.6624637e-01 -6.7134011e-01
  5.0894380e-01  7.2945458e-01 -1.9647634e+00  7.0722091e-01]
[ 0.29129028 -0.22211091  0.5021375   0.94205874  1.800258    0.03174316
 -0.18214348 -0.43064132 -0.8499483  -1.2071741   0.25023362 -0.61649734
  0.3778357   0.8300821  -2.142102    0.5823618 ]
[ 0.19607814 -0.22528484  0.70326006  0.80763227  1.7866532   0.18399838
 -0.34418425 -0.28753924 -0.7389797  -1.2017493   0.03636565 -0.4882279
  0.4120594   0.6463892  -2.048238    0.5182427 ]
[ 0.13234237 -0.09927227  0.62994045  0.8110682   1.8071846   0.13594325
 -0.32561544 -0.31375003 -0.725762   -1.3081704   0.15867622 -0.5187942
  0.35727105  0.6919547  -2.0319743   0.55866563]
[-1.88461540e-03 -1.02371514e-01  6.59874797e-01  7.32442081e-01
  1.92485654e+00  1.81785986e-01 -4.73938644e-01 -2.44644731e-01
 -6.55034184e-01 -1.38361263e+00  1.50796503e-01 -4.72026587e-01
  4.07940477e-01  6.08499765e-01 -1.92336881e+00  5.50902069e-01]
[ 0.05750796 -0.1232362   0.62385684  0.76808757  2.0139358   0.18341376
 -0.47202906 -0.34136158 -0.69680107 -1.3649163   0.26499337 -0.5365014
  0.41490427  0.60507286 -2.0082958   0.56923515]
[ 0.15310867 -0.14278957  0.6012699   0.79962844  2.0489602   0.16684416
 -0.4654366  -0.4071447  -0.741631   -1.3424814   0.33246213 -0.5806599
  0.39348054  0.58470166 -1.9982821   0.5547169 ]
[ 0.11080042 -0.16899762  0.630745    0.7079109   2.0457435   0.19359323
 -0.49654824 -0.28384954 -0.6827957  -1.2789838   0.21768041 -0.4975074
  0.4176951   0.49834448 -1.968633    0.5109447 ]
[ 0.12184558 -0.1332462   0.6283397   0.72253203  2.0271325   0.10352664
 -0.3862853  -0.34672752 -0.7880875  -1.298065    0.29535156 -0.5806628
  0.43669638  0.60188925 -1.9679254   0.51982945]
[ 0.1554363  -0.04741451  0.5766752   0.6790861   2.005484    0.06879719
 -0.31021762 -0.42314243 -0.85848254 -1.394951    0.4168845  -0.6759778
  0.4321981   0.64179957 -1.8835888   0.5769066 ]
[ 0.18013532 -0.0858845   0.5304707   0.6359998   2.0280795   0.01260017
 -0.32325506 -0.44192734 -0.8982937  -1.4288572   0.4597767  -0.7546198
  0.50482774  0.6302291  -1.7616718   0.6758437 ]
[ 0.3772079  -0.22713277  0.57035494  0.73694634  1.9273838  -0.00365047
 -0.23073952 -0.4839922  -0.91729754 -1.283733    0.39376107 -0.7159402
  0.43937474  0.67592824 -1.9185003   0.6176298 ]
[ 0.30586606 -0.3080279   0.7317425   0.7287829   1.8693578   0.18738106
 -0.30791184 -0.3919225  -0.8691257  -1.1881773   0.13157943 -0.5891002
  0.49575633  0.57368577 -1.8951418   0.4785664 ]
[ 0.25929442 -0.26469868  0.729757    0.6571495   1.9615974   0.15957718
 -0.38171607 -0.35992378 -0.8071928  -1.2722332   0.17205064 -0.60204315
  0.49710083  0.5088159  -1.832181    0.53103834]
[ 0.17245872 -0.228331    0.66197926  0.57424885  2.0711331   0.07766263
 -0.46397415 -0.32306603 -0.7908528  -1.4118276   0.3047429  -0.6537877
  0.5664175   0.44873324 -1.6859486   0.64119685]
[ 0.16555774 -0.12258341  0.5154725   0.58166045  2.1108098  -0.05976503
 -0.39277428 -0.37834835 -0.84933835 -1.5049433   0.5211851  -0.74429846
  0.49925262  0.56014    -1.7293133   0.79292166]
[ 9.7433306e-02 -1.5481214e-01  5.5633509e-01  5.8636302e-01
  2.1256506e+00 -1.9831092e-03 -4.3768749e-01 -3.5025626e-01
 -8.4826660e-01 -1.4350976e+00  4.0108022e-01 -6.6121674e-01
  5.5146056e-01  5.6272417e-01 -1.7361351e+00  7.0802897e-01]
[ 0.22473828 -0.18839794  0.45155105  0.6969037   2.1340728  -0.0554779
 -0.36078057 -0.41362697 -0.83957577 -1.402486    0.46858343 -0.7323577
  0.49435538  0.6129295  -1.8908863   0.7644383 ]
[ 0.3303424  -0.16319744  0.43026274  0.7667805   2.0292163  -0.07850324
 -0.26934487 -0.42543435 -0.83832836 -1.3793478   0.49929658 -0.72122526
  0.360071    0.68418616 -2.0045664   0.7420956 ]
[ 0.17715605 -0.12756011  0.50045     0.7931266   1.922477    0.02692386
 -0.30033004 -0.3664611  -0.7986574  -1.3390286   0.3444511  -0.6251609
  0.38303983  0.68708247 -1.9903085   0.67470104]
[ 0.21159157 -0.13337956  0.4960714   0.7301325   1.9542987  -0.00515916
 -0.27967635 -0.38428804 -0.82150936 -1.3462092   0.36726588 -0.66178876
  0.40665135  0.69704354 -1.9825077   0.71448815]
[ 0.33158007 -0.14441882  0.46358365  0.7470169   1.9688425  -0.05219777
 -0.21342912 -0.48427686 -0.90479505 -1.350142    0.4577089  -0.74521625
  0.42520684  0.74710166 -1.9942983   0.70971644]
[ 3.8224921e-01 -2.4380183e-01  5.3176844e-01  7.6506531e-01
  1.9360857e+00  1.3440236e-03 -2.5781372e-01 -4.7460103e-01
 -9.0646219e-01 -1.2653633e+00  3.5052052e-01 -6.7404902e-01
  4.7742242e-01  7.0803958e-01 -2.0013051e+00  6.2876761e-01]
[ 0.24722084 -0.29131368  0.6362874   0.75193685  1.957278    0.15235764
 -0.39361876 -0.3351329  -0.8092405  -1.1634195   0.13233207 -0.51201046
  0.46092898  0.5519614  -1.9552948   0.52557486]
[ 0.19606121 -0.12345507  0.5635727   0.73263425  1.9868786   0.07871643
 -0.35077208 -0.38908306 -0.8460202  -1.3125805   0.3246942  -0.6059042
  0.41639107  0.61539686 -1.9166418   0.5898371 ]
[ 0.12877521 -0.10707428  0.5751231   0.6784977   2.03412     0.05461608
 -0.37705135 -0.39337516 -0.84684324 -1.378648    0.36704847 -0.63254374
  0.46267977  0.62041205 -1.858021    0.63346744]
[ 0.19751213 -0.12777224  0.5061077   0.70473623  2.05527    -0.03691939
 -0.30740407 -0.49414834 -0.93896294 -1.4335296   0.53636557 -0.777259
  0.50519764  0.6632152  -1.8254696   0.7355207 ]
[ 0.29542324 -0.16910574  0.53993285  0.69079554  1.955054    0.0130524
 -0.21690527 -0.5506669  -1.0280926  -1.3295119   0.47401708 -0.76222956
  0.5313299   0.7324731  -1.8526208   0.6354615 ]
[ 0.24711493 -0.30850542  0.63648653  0.72911865  1.9183562   0.158627
 -0.311888   -0.48329782 -1.0047407  -1.2277393   0.20498773 -0.67058635
  0.6759566   0.6395872  -1.7687533   0.5213397 ]
[ 0.28766575 -0.21719301  0.57256687  0.681015    1.9451498   0.01445809
 -0.28312218 -0.4482805  -0.9938822  -1.3675182   0.36105672 -0.7628684
  0.574448    0.6792916  -1.7448418   0.66373396]
[ 0.19917557 -0.18249431  0.6669386   0.66697454  1.8644447   0.07744104
 -0.32368192 -0.32674924 -0.8865591  -1.3755969   0.23761356 -0.6524011
  0.4903913   0.6350012  -1.7755108   0.6466769 ]
[ 0.11540918 -0.1424905   0.64100724  0.6585805   1.8785417   0.05455042
 -0.32578278 -0.33044976 -0.8593091  -1.4425328   0.28026375 -0.6672165
  0.48993263  0.6622037  -1.7834904   0.73538876]
[ 0.1859436  -0.16880147  0.53840005  0.6470358   1.9543102  -0.05362219
 -0.32015854 -0.38637394 -0.8909551  -1.441727    0.39964923 -0.77436364
  0.5171059   0.6960486  -1.7990506   0.86452943]
[ 0.36882445 -0.3165454   0.55821514  0.7719527   1.8800972  -0.03201851
 -0.28297606 -0.37652475 -0.8467504  -1.2703466   0.25052428 -0.6528803
  0.4488159   0.7061287  -2.0157828   0.77127737]
[ 0.23516679 -0.31113273  0.63874644  0.7963899   1.8810227   0.12923619
 -0.4513096  -0.22727194 -0.6981289  -1.2055385   0.0054841  -0.46460932
  0.4309743   0.56894255 -2.0168552   0.65008056]
[ 0.12036252 -0.13861743  0.5389434   0.74232465  1.9878346   0.07589646
 -0.50567615 -0.19484964 -0.62834793 -1.3762364   0.18543072 -0.4660099
  0.33152705  0.57446563 -1.9871649   0.705446  ]
[-2.3729206e-04 -1.5512651e-02  4.8707858e-01  7.1098185e-01
  2.1177623e+00  5.0872445e-02 -5.9646118e-01 -2.2247548e-01
 -5.7691336e-01 -1.4890401e+00  3.6358899e-01 -5.1621741e-01
  2.9890987e-01  5.2188331e-01 -1.9368150e+00  7.7078420e-01]
[ 0.06034082 -0.06858543  0.40052003  0.8830436   2.1248136   0.04110576
 -0.51932794 -0.3576539  -0.6436472  -1.4293549   0.44712466 -0.60998356
  0.32271928  0.63949525 -2.093209    0.76787186]
[ 0.14962235 -0.19803591  0.40150213  0.9548895   2.0982957   0.04138315
 -0.42560896 -0.39491367 -0.72004086 -1.2948077   0.35564494 -0.62530005
  0.39371666  0.6931881  -2.1355996   0.66704214]
[ 0.37199736 -0.2635336   0.41243428  0.93937236  1.9661564  -0.00330508
 -0.24635187 -0.4188357  -0.8064536  -1.2039351   0.3190266  -0.6309713
  0.32942522  0.7753259  -2.2019012   0.6195754 ]
[ 0.26100355 -0.22774073  0.5158503   0.9034195   1.9025915   0.05919854
 -0.29978737 -0.30505747 -0.7347997  -1.2045233   0.20542538 -0.54682064
  0.27861255  0.73419    -2.1925595   0.60934407]
[ 0.1976683  -0.12796266  0.5231701   0.77043396  1.9941843  -0.00683374
 -0.3579518  -0.3198364  -0.7408516  -1.388984    0.39779937 -0.63486284
  0.29422146  0.62530434 -2.0267558   0.7644929 ]
[ 0.17886741 -0.10027368  0.49360904  0.73090464  1.9586102  -0.03440126
 -0.30730036 -0.35092893 -0.76603454 -1.4349478   0.4473173  -0.6874549
  0.3406909   0.6709384  -2.0011106   0.8267851 ]
[ 0.26470444 -0.14496222  0.4304653   0.6988537   1.9612004  -0.12430443
 -0.25252134 -0.401645   -0.8409033  -1.4389194   0.50783074 -0.77069366
  0.42078552  0.74391425 -1.9695733   0.8824991 ]
[ 0.34592405 -0.2521844   0.47260943  0.749168    1.9885845  -0.08675461
 -0.29237804 -0.39002654 -0.82213974 -1.3481065   0.37764192 -0.71639663
  0.42912498  0.69546014 -2.0127242   0.826861  ]
[ 0.30869526 -0.26137063  0.49905235  0.8042369   1.9428746  -0.0441587
 -0.33968836 -0.28484052 -0.7493473  -1.3359888   0.24683042 -0.6082158
  0.3853626   0.6739047  -2.0326285   0.75937927]
[ 0.11412469 -0.13448182  0.54015714  0.7365613   1.9482046   0.02894177
 -0.51457655 -0.12387502 -0.58953977 -1.4265856   0.18559815 -0.46051884
  0.30144927  0.6007419  -2.0007641   0.7614735 ]
[-0.03704049 -0.05856107  0.48022324  0.75236857  2.0609002  -0.01991401
 -0.5771187  -0.14316514 -0.5307196  -1.5081851   0.3477028  -0.49652952
  0.29141665  0.5760933  -2.0124145   0.8435136 ]
[ 0.04570235 -0.10888026  0.41100568  0.9085037   2.058059   -0.04085457
 -0.4869327  -0.28956833 -0.61372006 -1.459796    0.44241628 -0.6072184
  0.28714672  0.68025935 -2.1350071   0.8757617 ]
[ 0.0962907  -0.20890653  0.41955227  0.95076734  2.0646477  -0.02630476
 -0.45017758 -0.30261227 -0.63799345 -1.363526    0.3658196  -0.5876621
  0.32163182  0.6857911  -2.1774294   0.81392777]
[ 0.24499495 -0.18508217  0.40524775  0.9528791   1.9464527  -0.06292243
 -0.31472453 -0.30843157 -0.6888381  -1.3256003   0.35371938 -0.55120957
  0.21457028  0.772058   -2.2765563   0.78612   ]
[ 0.06475257 -0.09403259  0.5009922   0.8850788   1.9197216   0.00463858
 -0.44182104 -0.20083216 -0.61621857 -1.3922912   0.2802875  -0.47880143
  0.22123304  0.7203948  -2.1981144   0.789705  ]
[-0.00581687 -0.00489696  0.47644788  0.8623084   1.9192054  -0.00270969
 -0.46072865 -0.21012291 -0.5857667  -1.4962144   0.34263882 -0.51839226
  0.21604304  0.70910436 -2.136328    0.86408186]
[ 0.0141265  -0.01719094  0.4251806   0.86606944  1.9738209  -0.04594823
 -0.449509   -0.29285234 -0.61014223 -1.530208    0.44625983 -0.60136855
  0.2300249   0.7135347  -2.0962474   0.945428  ]
[-0.00365991 -0.10366003  0.4375721   1.0017902   1.93138     0.06959997
 -0.49848375 -0.2814877  -0.5948328  -1.4054271   0.3027062  -0.536736
  0.22257356  0.74904877 -2.1797028   0.85714006]
[ 0.06474842 -0.204757    0.47006598  1.0113888   1.8806083   0.11202737
 -0.5058651  -0.20965023 -0.5576866  -1.2689705   0.13531327 -0.44546658
  0.20194486  0.7570621  -2.2907295   0.8155015 ]
[ 0.12537023 -0.2047637   0.46284175  1.0345528   1.775008    0.11076136
 -0.4182579  -0.156086   -0.5215017  -1.164027    0.03964304 -0.36384884
  0.11931083  0.80253327 -2.4078026   0.7294544 ]
[ 0.03370667 -0.07548751  0.42727965  0.970463    1.8811004   0.08194123
 -0.48696166 -0.19514701 -0.5283102  -1.3135388   0.22819316 -0.4069655
  0.10952003  0.76276124 -2.3080945   0.7852978 ]
[-0.07632056  0.05161657  0.4040799   0.84776896  2.0015197   0.05030323
 -0.61460066 -0.18289718 -0.5017231  -1.5257158   0.38181108 -0.46643704
  0.1768569   0.63045335 -2.106744    0.9017929 ]
[-0.04133712 -0.02220801  0.36651868  0.9704393   1.9838035   0.02439127
 -0.525527   -0.2914586  -0.5928976  -1.4963567   0.4227756  -0.5840195
  0.22786672  0.75894916 -2.1624749   0.93244284]
[ 0.02180152 -0.13249528  0.37107703  1.0814105   1.9207933   0.0593948
 -0.4689889  -0.29447812 -0.6132366  -1.3541594   0.2917561  -0.53837043
  0.22633974  0.81371367 -2.2611308   0.84375226]
[ 0.21137568 -0.27545807  0.38288355  1.1042775   1.8265069   0.00293549
 -0.30046543 -0.31658223 -0.69643694 -1.2175653   0.21393724 -0.5206763
  0.21301436  0.9054762  -2.35992     0.78943616]
[ 0.07690631 -0.23302059  0.46917334  1.0254484   1.7888798   0.08105904
 -0.39663118 -0.17710572 -0.5932168  -1.1715221   0.08338054 -0.38782015
  0.20094447  0.8423937  -2.3694553   0.72194636]
[ 0.03488938 -0.1588401   0.4447709   0.98119366  1.878823    0.04544602
 -0.4165823  -0.20804122 -0.6110724  -1.2504753   0.1954208  -0.4289462
  0.19268152  0.8186021  -2.2964249   0.74161625]
[-0.02686105 -0.03167297  0.4458434   0.89195013  1.932153    0.02941314
 -0.45903134 -0.25878748 -0.6191575  -1.4454973   0.33396584 -0.5125847
  0.2547419   0.7629053  -2.1441922   0.81409407]
[ 3.7938591e-02  1.3802817e-02  3.8348779e-01  9.2326391e-01
  1.9401379e+00 -1.3483748e-03 -4.1244769e-01 -3.7128729e-01
 -6.6298676e-01 -1.5231726e+00  4.6660486e-01 -6.3234264e-01
  2.2595033e-01  7.9005396e-01 -2.0958037e+00  8.8862598e-01]
[-0.01733524 -0.0462723   0.4226436   1.0206239   1.8970562   0.12473734
 -0.47315288 -0.34000218 -0.636      -1.4216146   0.3188414  -0.55618083
  0.21097143  0.80016863 -2.1466362   0.81015885]
[ 0.07260597 -0.1699332   0.43521923  1.0369874   1.8277324   0.19887659
 -0.46936578 -0.27412304 -0.6053995  -1.2464828   0.11571171 -0.47156447
  0.21623841  0.798982   -2.240874    0.7409343 ]
[ 0.18700342 -0.3493471   0.44954997  1.0742226   1.6659657   0.16932084
 -0.29691857 -0.14684592 -0.5608652  -1.0009391  -0.14101072 -0.32771507
  0.18401292  0.9013797  -2.4383025   0.5894526 ]
[ 0.14505452 -0.23102438  0.48517066  0.9844297   1.829134    0.11324997
 -0.4048493  -0.17429262 -0.5619101  -1.1546901   0.06693532 -0.3796754
  0.18556423  0.7688923  -2.3535786   0.64123374]
[ 0.08155073 -0.12130485  0.4829503   0.9026637   1.9114405   0.05181739
 -0.42769766 -0.2147794  -0.58890754 -1.3124186   0.25830728 -0.45262417
  0.1885241   0.7396587  -2.2447236   0.70727766]
[ 1.6615486e-02 -2.4301708e-03  4.5483369e-01  7.8475153e-01
  2.0013225e+00  1.5107483e-03 -5.0045985e-01 -2.4368092e-01
 -5.8936036e-01 -1.5173967e+00  4.2923126e-01 -5.4990256e-01
  2.5478110e-01  6.0276097e-01 -2.0323784e+00  8.5838681e-01]
[ 0.0859983  -0.05868543  0.39539078  0.8395974   1.9991785  -0.03814167
 -0.40610474 -0.34444824 -0.66700286 -1.5120022   0.48822767 -0.6786211
  0.29073372  0.6853357  -2.0265346   0.91699445]
[ 0.18339244 -0.17338355  0.39132875  0.9710768   1.891662   -0.0163758
 -0.30994982 -0.35214466 -0.6812391  -1.3453629   0.35086906 -0.62946224
  0.24581608  0.7809689  -2.178188    0.83705264]
[ 0.33467227 -0.27824992  0.44642997  0.9422811   1.8347822  -0.02176083
 -0.26995087 -0.31800744 -0.66737556 -1.2192179   0.22033039 -0.560966
  0.22009711  0.78847796 -2.2768116   0.7882371 ]
[ 0.18217734 -0.28677183  0.511019    0.94179976  1.843742    0.08237833
 -0.41419467 -0.17814028 -0.5595352  -1.1506156   0.04076269 -0.39757138
  0.23032704  0.7288068  -2.306255    0.69309175]
[ 0.06390576 -0.13054538  0.45970744  0.83290863  2.043511    0.05130328
 -0.5654042  -0.18357357 -0.539557   -1.3540995   0.26388    -0.43615493
  0.2346822   0.6008992  -2.1412332   0.7649239 ]
[-0.00538488 -0.02574471  0.40607747  0.786692    2.1189644   0.02467164
 -0.6025608  -0.20373146 -0.50198334 -1.4707955   0.4179429  -0.47916326
  0.22801718  0.5545994  -2.0943124   0.81394947]
[ 0.0602917  -0.02668479  0.32693377  0.8934166   2.1076922  -0.01041718
 -0.5014633  -0.32549918 -0.56300664 -1.477529    0.520947   -0.61507905
  0.21961257  0.6502732  -2.1352077   0.84358823]
[ 0.11465733 -0.10023711  0.3266889   0.934831    2.0506217  -0.01861876
 -0.40635687 -0.3550356  -0.6183037  -1.4025025   0.45130554 -0.6399759
  0.26753563  0.73227257 -2.1786346   0.8079959 ]
[ 0.29000965 -0.18967506  0.31035691  0.9901001   1.9399557  -0.0556324
 -0.23344009 -0.39061    -0.70512235 -1.2636366   0.37657    -0.6360136
  0.239567    0.8515231  -2.281549    0.7200528 ]
[ 0.33265367 -0.2547427   0.42334375  0.9438785   1.9516294   0.00386634
 -0.28769225 -0.36431113 -0.70160425 -1.1966435   0.28409836 -0.5633399
  0.25517002  0.7748491  -2.2892992   0.6464968 ]
[ 0.20127888 -0.21316695  0.5131531   0.921024    1.9476738   0.09090586
 -0.3808353  -0.27414203 -0.6324444  -1.1654968   0.18183532 -0.46725708
  0.22704199  0.68935275 -2.2667751   0.5852506 ]
[ 0.18093053 -0.12243564  0.50709665  0.7658175   2.0545514   0.00612142
 -0.41453964 -0.2928427  -0.6691617  -1.3503015   0.39053988 -0.56454057
  0.2675612   0.5862691  -2.0826647   0.6986562 ]
[ 0.13567212 -0.04600682  0.46613136  0.72135764  2.0467079  -0.02413318
 -0.39500397 -0.31509477 -0.6715403  -1.4433266   0.46249276 -0.6238583
  0.3027784   0.60165656 -2.0065944   0.7533514 ]
[ 0.2165709  -0.06109841  0.41405663  0.69432104  2.044788   -0.11523347
 -0.30078432 -0.415929   -0.7895413  -1.4934266   0.5866748  -0.7644775
  0.37932312  0.68712026 -1.9436104   0.82752883]
[ 0.3029788  -0.15077546  0.43445435  0.73601806  1.9934177  -0.10286758
 -0.23286903 -0.43071595 -0.8405956  -1.3778647   0.4632135  -0.74483585
  0.42616248  0.7453984  -2.0037699   0.7461156 ]
[ 0.3871061  -0.21313873  0.5028405   0.7645246   2.0091262  -0.04530612
 -0.2690747  -0.42246836 -0.82139826 -1.288531    0.3792618  -0.67022765
  0.3611666   0.6820356  -2.0600305   0.66382563]
[ 0.2525401  -0.19936265  0.631256    0.74200773  1.9930931   0.13580814
 -0.42500463 -0.28688535 -0.68544185 -1.2245634   0.18724968 -0.4925019
  0.30423403  0.5268037  -2.0599167   0.557865  ]
[ 0.19365981 -0.09854707  0.5815791   0.65314865  2.0897875   0.06223568
 -0.43551096 -0.315267   -0.6915084  -1.3219737   0.36298653 -0.548043
  0.32460183  0.53218865 -2.018601    0.58745384]
[ 0.15140383  0.0027615   0.5020157   0.6005062   2.136897    0.01185613
 -0.42248297 -0.3925125  -0.75496274 -1.4312763   0.5603     -0.644056
  0.39220947  0.52700305 -1.9051235   0.6254875 ]
[ 0.17899552 -0.05173302  0.48791638  0.5847069   2.1430113  -0.03892807
 -0.37174422 -0.4739812  -0.88819474 -1.4540664   0.6153954  -0.77396667
  0.53362304  0.60967433 -1.7847633   0.6446215 ]
[ 0.3348116  -0.13357621  0.51357734  0.6627421   2.0507166  -0.0560945
 -0.25754386 -0.5053611  -0.9893416  -1.3792012   0.5351212  -0.7897608
  0.4857419   0.7016233  -1.8439308   0.6299197 ]
[ 3.5460562e-01 -1.5480101e-01  5.8887684e-01  6.7179799e-01
  1.9773462e+00 -5.6541711e-04 -2.6745078e-01 -4.5818225e-01
 -9.5937765e-01 -1.3814961e+00  4.5414194e-01 -7.3460591e-01
  4.1894299e-01  6.4072818e-01 -1.8276221e+00  6.3702476e-01]
[ 0.17012036 -0.2259779   0.7168954   0.6813274   1.9079872   0.12003591
 -0.37662238 -0.32491934 -0.86269933 -1.3393072   0.22598934 -0.6127203
  0.5069322   0.5785365  -1.7842305   0.5762288 ]
[ 0.16117546 -0.26737747  0.66512454  0.6537134   1.9165785   0.02364862
 -0.3295012  -0.35357803 -0.9283346  -1.391023    0.32126364 -0.717601
  0.622293    0.6221151  -1.7321863   0.6933413 ]
[ 0.19180778 -0.2800819   0.6301163   0.5728868   2.0024197  -0.04990333
 -0.33193487 -0.378146   -0.95594674 -1.4828854   0.36583963 -0.81683445
  0.6948117   0.58849907 -1.6108894   0.82588977]
[ 0.19435325 -0.21397737  0.62607723  0.57686746  1.9767158  -0.07754306
 -0.35489017 -0.37621737 -0.9135062  -1.5032322   0.35406733 -0.8120378
  0.6205121   0.65762347 -1.6549422   0.86914235]
[ 0.09328855 -0.18784438  0.6131527   0.6084014   1.952746    0.08649734
 -0.5338711  -0.20567842 -0.7184706  -1.4360588   0.17293319 -0.5475797
  0.5205022   0.49230632 -1.710138    0.7677051 ]
[ 0.00610008 -0.07884055  0.51185405  0.6838039   2.0453227   0.05682603
 -0.5693507  -0.22606143 -0.6624996  -1.456811    0.299544   -0.50875777
  0.3907209   0.57492435 -1.8961289   0.7975826 ]
[-0.02207204 -0.06445332  0.40475374  0.8762024   2.0576391   0.080705
 -0.5564536  -0.26196566 -0.59827024 -1.3914387   0.31660646 -0.47724706
  0.32260674  0.65639645 -2.1225986   0.7453283 ]
[ 0.06744023 -0.14228661  0.35649785  1.0100628   2.0770786   0.07729043
 -0.44940948 -0.40619087 -0.7136542  -1.3451582   0.3714674  -0.6021801
  0.3738343   0.757933   -2.156168    0.68605953]
[ 0.24842334 -0.17933023  0.32465166  1.0567552   1.9436729   0.04310928
 -0.26359984 -0.46424866 -0.7981783  -1.2260509   0.34367263 -0.58888614
  0.29682955  0.8645385  -2.2639546   0.6222622 ]
[ 0.10283528 -0.19180186  0.44735447  1.0247047   1.8768988   0.1367288
 -0.33307785 -0.3458395  -0.73688984 -1.1388272   0.16741379 -0.49549174
  0.3186242   0.8477496  -2.2722206   0.54927677]
[ 0.14617391 -0.20311339  0.50295895  0.95589936  1.8400548   0.15955335
 -0.2880901  -0.36231023 -0.7909063  -1.1511282   0.15959576 -0.51655906
  0.37103528  0.81538737 -2.1697261   0.4866794 ]
[ 0.31975743 -0.22031721  0.54006743  0.8949873   1.8584915   0.04518193
 -0.20313156 -0.45281392 -0.9043007  -1.2561477   0.29914227 -0.6599131
  0.39650378  0.77647644 -2.0472474   0.57015026]
[ 0.20889986 -0.23359787  0.67845106  0.82856625  1.774852    0.12260567
 -0.26419696 -0.3616075  -0.8769187  -1.2524916   0.15474102 -0.6014549
  0.50455326  0.6982368  -1.9549007   0.529981  ]
[ 0.15002765 -0.2510497   0.71486163  0.77546453  1.7683054   0.12830798
 -0.26452214 -0.36772805 -0.9251293  -1.3059431   0.15772069 -0.6285154
  0.58931416  0.72531164 -1.8761799   0.5660837 ]
[ 0.15732439 -0.31448263  0.72535163  0.7071125   1.8065532   0.17303166
 -0.29179114 -0.37047213 -0.93552226 -1.2632797   0.07197624 -0.6150396
  0.66068965  0.6791576  -1.7823389   0.5489995 ]
[ 0.2253032  -0.25783724  0.6503755   0.71442825  1.9077564   0.09500647
 -0.33799255 -0.35716447 -0.8526985  -1.3163319   0.15838271 -0.6193093
  0.54589975  0.59379107 -1.8401482   0.65203416]
[ 0.19459388 -0.19410776  0.6800089   0.71295834  1.8334068   0.14137486
 -0.36292595 -0.2609726  -0.72892535 -1.2787962   0.09188198 -0.49499202
  0.38210577  0.5983456  -1.9470055   0.59321344]
[ 0.04611031 -0.03493898  0.5630988   0.7315648   1.917791    0.08669688
 -0.43421286 -0.2511202  -0.6354949  -1.409002    0.26346987 -0.4950757
  0.3135677   0.60752046 -1.9840488   0.6782816 ]
[-0.03031066 -0.05361561  0.58323383  0.7470979   2.0063946   0.12090679
 -0.48956713 -0.262873   -0.6285032  -1.4221976   0.25196797 -0.49906725
  0.39503697  0.614745   -1.988789    0.617566  ]
[ 0.03631764 -0.11031587  0.52520996  0.81147844  2.1231072   0.11252441
 -0.48674497 -0.39186117 -0.71724886 -1.4273423   0.3785165  -0.6244667
  0.47268838  0.6275362  -1.9619648   0.5923295 ]
[ 0.13145451 -0.13395353  0.567572    0.8417155   2.0168183   0.1615709
 -0.4567214  -0.3620594  -0.7222203  -1.3568261   0.29035607 -0.5571923
  0.36185303  0.65605175 -2.0426462   0.5623834 ]
[ 0.04696235 -0.17261752  0.5905543   0.77814496  1.968713    0.19299023
 -0.50865805 -0.20272295 -0.6264769  -1.2960904   0.16364539 -0.43256363
  0.33657914  0.56363195 -2.0186095   0.5752574 ]
[ 0.12158944 -0.15484607  0.53856003  0.871788    1.8710003   0.05396418
 -0.29910603 -0.2746857  -0.7126231  -1.2710916   0.24023962 -0.523826
  0.28684697  0.74452096 -2.1551194   0.6215766 ]
[ 0.13380034 -0.1248133   0.55727607  0.76650107  1.927866    0.01650534
 -0.30629086 -0.36096555 -0.80015343 -1.3985851   0.3849848  -0.64508665
  0.40783677  0.6798896  -1.9770238   0.69908154]
[ 0.22270468 -0.18425974  0.5150891   0.7421992   1.9486883  -0.05412804
 -0.2760746  -0.3798572  -0.8105329  -1.3915094   0.39510733 -0.70726
  0.45749468  0.64761186 -1.911039    0.7488884 ]
[ 0.36346513 -0.18420255  0.58163583  0.73130524  1.8565553  -0.0233871
 -0.2086107  -0.38862625 -0.8296549  -1.3251727   0.2954364  -0.6663574
  0.3765443   0.68461484 -1.9927523   0.69084847]
[ 0.21067841 -0.13612483  0.66399825  0.73157     1.8348614   0.12307982
 -0.3606341  -0.26752204 -0.68067694 -1.304583    0.07590261 -0.5039245
  0.36674258  0.6085628  -1.997855    0.5981693 ]
[ 0.0550184  -0.04217169  0.6440133   0.6311523   2.0141697   0.14226316
 -0.55040807 -0.21507807 -0.59440404 -1.4463332   0.1958962  -0.45690697
  0.3426801   0.5267785  -1.9190823   0.6366483 ]
[-2.0555020e-03 -1.7256141e-02  5.0878257e-01  7.5089729e-01
  2.1075199e+00  1.3202932e-01 -6.2010264e-01 -2.3843536e-01
 -5.4989529e-01 -1.4445912e+00  3.4606355e-01 -4.5189914e-01
  2.8922716e-01  4.9717432e-01 -2.0410626e+00  6.9740933e-01]
[ 0.07117423 -0.12599687  0.45969564  0.8289353   2.1711059   0.0778764
 -0.55581635 -0.33188647 -0.6732459  -1.3743337   0.40664417 -0.57362306
  0.3433954   0.5938374  -2.063914    0.708273  ]
[ 0.09336436 -0.12293343  0.4698336   0.86525697  2.083836    0.09148381
 -0.48024035 -0.3197252  -0.68029946 -1.3100945   0.3430141  -0.52781916
  0.3240276   0.6294025  -2.136868    0.63747925]
[ 1.4346223e-01 -1.4385203e-01  4.6324235e-01  8.4269017e-01
  2.0930696e+00  1.1712953e-03 -3.6489481e-01 -4.1781133e-01
 -8.2914591e-01 -1.3628376e+00  4.3175811e-01 -6.6545951e-01
  4.5221972e-01  6.9775331e-01 -2.0191040e+00  6.3745093e-01]
[ 0.09554978 -0.14080556  0.5429366   0.74042475  2.025205    0.03304588
 -0.33391994 -0.40091658 -0.8646003  -1.345239    0.36251125 -0.66474044
  0.5498592   0.6977431  -1.9353927   0.5971503 ]
[ 1.7901987e-01 -1.4315507e-01  5.2661020e-01  7.0371270e-01
  2.0220208e+00  1.3475940e-03 -2.8122026e-01 -4.6426582e-01
 -9.3246919e-01 -1.3926022e+00  4.1852027e-01 -7.3997980e-01
  5.4782760e-01  6.8945020e-01 -1.8231354e+00  6.4987671e-01]
[ 0.24330875 -0.16821119  0.55718917  0.7162895   1.9301075   0.03133584
 -0.24551153 -0.45232907 -0.94501305 -1.3098729   0.32364947 -0.7471722
  0.4920446   0.7347176  -1.827815    0.6294066 ]
[ 0.2675224  -0.246452    0.67459095  0.81528175  1.7872088   0.1607352
 -0.26859683 -0.38584825 -0.822202   -1.1957968   0.13076988 -0.576186
  0.4404912   0.64580303 -1.9753933   0.5033945 ]
[ 0.21057272 -0.29779235  0.73421717  0.7476972   1.8022244   0.19556217
 -0.31183642 -0.32384998 -0.8162726  -1.1845994   0.05420218 -0.54559183
  0.50704485  0.6369977  -1.9340916   0.47961426]
[ 0.26059636 -0.27923578  0.71135175  0.70536035  1.885988    0.1552665
 -0.30224302 -0.3632455  -0.84172547 -1.231195    0.12916988 -0.58889854
  0.5062844   0.61488926 -1.9226459   0.5155484 ]
[ 0.26300818 -0.23826595  0.67904675  0.66774654  1.9647694   0.11559419
 -0.40302143 -0.32852808 -0.7760073  -1.340352    0.20091395 -0.5995165
  0.48471922  0.49543786 -1.845713    0.619923  ]
[ 0.2125707  -0.17317164  0.5829421   0.6595376   1.9995667  -0.00704699
 -0.41121107 -0.3098609  -0.7820653  -1.4441674   0.36858773 -0.64897794
  0.44171247  0.5392296  -1.817221    0.7534452 ]
[ 1.0022376e-01 -1.3584106e-01  5.7644522e-01  6.5810889e-01
  1.9831425e+00 -1.3573557e-03 -4.2945886e-01 -2.6111197e-01
 -7.4108285e-01 -1.4222977e+00  3.3225816e-01 -5.7717484e-01
  4.1690716e-01  5.8213317e-01 -1.8773460e+00  7.6077276e-01]
[ 0.12704381 -0.14312491  0.5231461   0.7069704   2.0164752  -0.00405688
 -0.39731774 -0.31333938 -0.7626525  -1.419996    0.34458527 -0.6175543
  0.44724625  0.6078011  -1.9269276   0.7768019 ]
[ 0.22410965 -0.19182979  0.46950936  0.785423    2.0271611  -0.07417818
 -0.3335441  -0.4009542  -0.81487286 -1.4122444   0.42193842 -0.71868694
  0.44850475  0.69746816 -1.9734987   0.8107107 ]
[ 0.24931939 -0.18159649  0.44211048  0.7957374   1.9661391  -0.07727424
 -0.31043223 -0.36651847 -0.8104946  -1.3518797   0.39816645 -0.6558651
  0.378626    0.7514219  -2.0348568   0.77120745]
[ 0.05032239 -0.17844474  0.5512208   0.796924    1.93157     0.0891742
 -0.4406957  -0.24060848 -0.7110527  -1.2891062   0.1608305  -0.48175842
  0.43868446  0.7044245  -2.0419972   0.62127864]
[ 0.01313758 -0.14948407  0.55067194  0.82852376  1.9848688   0.09638886
 -0.45122114 -0.25858805 -0.7276113  -1.374726    0.1966174  -0.513862
  0.47005445  0.6967548  -1.9979107   0.5972799 ]
[ 0.11775999 -0.17067787  0.5076856   0.8608737   2.051618    0.04281682
 -0.44096518 -0.36037847 -0.75561655 -1.4320147   0.37059176 -0.6509186
  0.423065    0.6410306  -1.9567041   0.71462524]
[ 0.1426969  -0.17643796  0.5310983   0.90639555  1.9012368   0.06528123
 -0.37342206 -0.34275454 -0.75317615 -1.3505753   0.3021896  -0.5952905
  0.34620583  0.6925529  -2.035192    0.70065963]
[ 0.17229958 -0.25476223  0.5554034   0.8637993   1.7317219   0.07270686
 -0.24598964 -0.24647579 -0.72118    -1.1662523   0.09712048 -0.50415915
  0.3342272   0.8074983  -2.1546683   0.61737216]
[ 0.21444292 -0.26792654  0.58503294  0.7920462   1.8337818   0.05565362
 -0.29288518 -0.26892072 -0.74278677 -1.2410815   0.13307016 -0.56051403
  0.40659118  0.68944836 -2.0701118   0.695179  ]
[ 0.3692252  -0.22115967  0.5339755   0.8026349   1.8596447  -0.06619622
 -0.2510531  -0.33991632 -0.77783567 -1.3310611   0.2829824  -0.6324067
  0.325694    0.7267482  -2.101664    0.7839421 ]
[ 0.19805701 -0.20301676  0.6030654   0.82355183  1.814168    0.06340629
 -0.40141648 -0.19761506 -0.6619407  -1.304723    0.09510522 -0.47180533
  0.3201775   0.66807914 -2.0800319   0.6980212 ]
[ 0.00788773 -0.0980667   0.549493    0.7410995   1.9602448   0.0493613
 -0.5598307  -0.11480995 -0.554916   -1.4138865   0.17335458 -0.4165991
  0.30646616  0.5964321  -2.0085876   0.7492468 ]
[-0.04862267 -0.11565671  0.49743333  0.8192628   2.0603554   0.05719284
 -0.59092414 -0.14289354 -0.5464342  -1.4064136   0.21987996 -0.4412354
  0.34167966  0.60748875 -2.081562    0.73577344]
[ 0.0534457  -0.1774337   0.4562146   0.9697278   2.0873897   0.03614781
 -0.5285357  -0.24591954 -0.6081398  -1.3804786   0.30045512 -0.53621805
  0.31636524  0.6537348  -2.1703904   0.73655945]
[ 0.09500074 -0.16018197  0.49668446  0.9720866   1.9785664   0.03037083
 -0.45833802 -0.23162937 -0.62770313 -1.3711978   0.27278417 -0.51465976
  0.253372    0.6877264  -2.193826    0.73339796]
[ 0.06362528 -0.08655668  0.5245265   0.926325    1.808368    0.02588023
 -0.37480846 -0.16657732 -0.5786916  -1.3461068   0.20872685 -0.467498
  0.17406914  0.7804502  -2.2696948   0.7413596 ]
[ 0.01584585 -0.0667672   0.5318314   0.8276514   1.921621   -0.01015207
 -0.4299975  -0.21083315 -0.62107766 -1.4823403   0.30346805 -0.55496675
  0.31569296  0.66657174 -2.0806446   0.8413998 ]
[ 0.04010987 -0.14464283  0.5011914   0.88594484  1.9545351  -0.00667647
 -0.44009477 -0.2854626  -0.66941327 -1.4445204   0.32623503 -0.60007703
  0.35511705  0.6939004  -2.0624757   0.86331254]
[ 0.10696819 -0.22035809  0.54755294  0.9300682   1.9017426   0.07447995
 -0.46991578 -0.24613924 -0.613735   -1.2945731   0.17561437 -0.4954701
  0.2830093   0.69571495 -2.2040267   0.7925762 ]
[ 0.12342875 -0.20251207  0.53292876  1.0008138   1.7746456   0.10492785
 -0.4048206  -0.17640579 -0.57771933 -1.192223    0.0406323  -0.38249633
  0.17935976  0.7918437  -2.3404126   0.6896664 ]
[ 7.8358653e-04 -2.7462408e-02  5.0312257e-01  8.8445342e-01
  1.9100742e+00  8.1139140e-02 -5.2212203e-01 -1.8736872e-01
 -5.6638396e-01 -1.4067422e+00  2.2921212e-01 -4.1543704e-01
  1.7605288e-01  7.0442152e-01 -2.1738498e+00  7.7703732e-01]
[-0.1170605   0.07418326  0.43442217  0.8390393   1.9911541   0.07805504
 -0.62136686 -0.16309622 -0.47415894 -1.5251896   0.34268332 -0.43137652
  0.15912178  0.62531936 -2.0994575   0.85898656]
[-6.7184471e-02 -4.0657521e-04  4.0053338e-01  9.6320230e-01
  2.0056412e+00  5.7722498e-02 -5.5524421e-01 -2.8086674e-01
 -5.4647297e-01 -1.4875463e+00  3.9749137e-01 -5.5025810e-01
  1.9014497e-01  7.2418225e-01 -2.1670353e+00  8.8614047e-01]
[ 0.00815824 -0.07680157  0.4028507   1.0533066   1.9407966   0.11185522
 -0.52359825 -0.26679936 -0.5316595  -1.374222    0.28493547 -0.5040305
  0.14792182  0.7376765  -2.261427    0.8183897 ]
[ 0.05908073 -0.16961959  0.4606432   1.0239094   1.895763    0.10145533
 -0.49159676 -0.21160212 -0.541715   -1.2936926   0.18503967 -0.457568
  0.16508877  0.73794705 -2.2968326   0.7986677 ]
[ 0.09778237 -0.19647731  0.4621404   1.0302805   1.799477    0.08712326
 -0.40456143 -0.16373059 -0.5196031  -1.1855428   0.08591346 -0.3867312
  0.13298713  0.8107607  -2.4002042   0.7124991 ]
[ 0.05744971 -0.12144461  0.4302783   0.9538641   1.9356422   0.05289904
 -0.45412922 -0.20108327 -0.5335132  -1.2866219   0.23013096 -0.43086973
  0.14304936  0.74699557 -2.3203402   0.76186943]
[ 0.0146999  -0.01846874  0.4064582   0.85702455  2.048298    0.02877352
 -0.52670795 -0.25112715 -0.52954686 -1.4580139   0.40102538 -0.50825423
  0.21469922  0.6145097  -2.143285    0.8172838 ]
[ 0.03298105 -0.04982597  0.36344355  0.9250145   2.076823    0.02093145
 -0.49705234 -0.34476578 -0.59665436 -1.4608572   0.47598237 -0.5990041
  0.24269359  0.67838925 -2.1336048   0.832605  ]
[ 0.06906177 -0.08899949  0.33650205  0.9520502   2.0457616   0.03927671
 -0.46587783 -0.35281092 -0.61731887 -1.39344     0.42162496 -0.5832219
  0.2649845   0.71332866 -2.1759572   0.80118215]
[ 0.25812003 -0.16982941  0.30455557  1.0123122   1.9283531   0.01280175
 -0.27375087 -0.3850948  -0.69900846 -1.2462537   0.3244043  -0.5703429
  0.20162404  0.85432374 -2.3081234   0.7191647 ]
[ 0.1685594  -0.21481712  0.41573524  0.9868082   1.9156857   0.09965558
 -0.35997623 -0.26769626 -0.6248626  -1.163954    0.15437917 -0.46215814
  0.22585411  0.786586   -2.318481    0.6185438 ]
[ 0.29976505 -0.19500372  0.386083    0.91966754  1.9925302  -0.01680914
 -0.3016926  -0.34179002 -0.6956733  -1.2544912   0.35403016 -0.56975657
  0.22276537  0.72997284 -2.2474093   0.67798793]
[ 0.15894656 -0.16960916  0.48883033  0.8710675   1.932045    0.04630903
 -0.3469583  -0.23636086 -0.6292516  -1.21574     0.21084318 -0.48320955
  0.24365732  0.7269502  -2.2413697   0.60266227]
[ 0.17091067 -0.08903805  0.5300266   0.77755076  2.031313    0.01595524
 -0.3929593  -0.3072272  -0.6943614  -1.3702791   0.34272745 -0.5825459
  0.32249543  0.60602015 -2.0603442   0.6615098 ]
[ 0.26425332 -0.13787642  0.48049483  0.7456904   2.1109161  -0.06537621
 -0.35780838 -0.35821077 -0.7191446  -1.4161867   0.4487247  -0.6991855
  0.35017523  0.57089436 -2.002943    0.7493909 ]
[ 0.3609841  -0.13940015  0.45156565  0.78288645  1.9655854  -0.09201746
 -0.23616008 -0.37134847 -0.7686912  -1.3451029   0.4355186  -0.65576506
  0.28233486  0.68023205 -2.094218    0.705083  ]
[ 0.19767669 -0.24587765  0.60412896  0.7672862   2.0088983   0.05178044
 -0.41681114 -0.24948063 -0.68106496 -1.252338    0.19359885 -0.52782464
  0.38383576  0.5795761  -2.0538812   0.59849346]
[ 0.20921603 -0.22623858  0.55523604  0.73508346  2.1283844   0.01111448
 -0.4145658  -0.3084589  -0.7168662  -1.3205475   0.31778136 -0.5907527
  0.42277855  0.54595983 -2.0115547   0.6218813 ]
[ 0.20525828 -0.14316057  0.47487563  0.6892246   2.1760824  -0.07808073
 -0.43108732 -0.32365784 -0.7331991  -1.4672282   0.5052897  -0.6561042
  0.37720138  0.53184915 -1.9316418   0.7677967 ]
[ 0.12525372 -0.12144673  0.51729155  0.6653032   2.1163228  -0.02514462
 -0.46466717 -0.26779857 -0.6788747  -1.4856608   0.44003934 -0.60851246
  0.37649745  0.50976086 -1.9107807   0.7766693 ]
[ 0.14726175 -0.06442203  0.4356419   0.68387717  2.08256    -0.09049615
 -0.38514075 -0.349765   -0.7180218  -1.5615792   0.57223415 -0.72808015
  0.37170604  0.5747885  -1.8974478   0.89521694]
[ 0.18286401 -0.09832941  0.4257199   0.6791145   2.0017333  -0.11537623
 -0.30238646 -0.36867276 -0.77483004 -1.520373    0.53336287 -0.76056516
  0.4076003   0.67309105 -1.9105084   0.9165519 ]
[ 0.30712682 -0.16255045  0.39690238  0.7313948   1.9399207  -0.14706844
 -0.22182684 -0.36704254 -0.7841288  -1.4010141   0.44465894 -0.76580584
  0.3634658   0.7723091  -2.030087    0.8922222 ]
[ 0.38907686 -0.22927347  0.4683477   0.78638756  1.9464182  -0.06765066
 -0.26348191 -0.35318038 -0.7119154  -1.278125    0.32991606 -0.62882775
  0.2825528   0.6940496  -2.1654987   0.7637104 ]
[ 0.21088405 -0.21022661  0.52419627  0.80975467  1.9687256   0.09038389
 -0.4655736  -0.19801083 -0.5534155  -1.233979    0.13979518 -0.4562078
  0.26904434  0.5752921  -2.171522    0.6624902 ]
[ 0.12851235 -0.10427551  0.4476909   0.7753193   2.0766962   0.032149
 -0.5066004  -0.20751038 -0.5205746  -1.3496349   0.32037616 -0.48117083
  0.22004776  0.58098716 -2.1554074   0.70675164]
[ 0.11090007 -0.02286332  0.37302324  0.7881009   2.1282287  -0.00512686
 -0.50657445 -0.27040416 -0.52185583 -1.4496567   0.4943753  -0.5707145
  0.21212511  0.5536695  -2.1279101   0.7802843 ]
[ 0.16591626 -0.11426444  0.3435818   0.8493513   2.168349   -0.05850024
 -0.44110432 -0.34173617 -0.58442193 -1.4188013   0.53960055 -0.66603965
  0.24130878  0.6239495  -2.1549678   0.812572  ]
[ 0.29892564 -0.17894761  0.3361643   0.8720478   2.0880103  -0.08657721
 -0.29276294 -0.3840283  -0.68574303 -1.343126    0.51513    -0.6700752
  0.26551655  0.71700203 -2.217651    0.7265914 ]
[ 0.3145626  -0.22761777  0.4040181   0.843979    2.090461   -0.07100932
 -0.29924783 -0.40430623 -0.7563809  -1.3173897   0.48151714 -0.669042
  0.34878474  0.704918   -2.1730673   0.6878684 ]
[ 0.19150648 -0.23116076  0.49813953  0.76073146  2.116968   -0.00722225
 -0.40154648 -0.35509852 -0.7569014  -1.3361752   0.40958643 -0.62799203
  0.47438088  0.6007115  -2.019558    0.641023  ]
[ 0.2492621  -0.11283545  0.4048794   0.6885722   2.0750475  -0.09809468
 -0.2914673  -0.41231847 -0.8296617  -1.4533937   0.57658464 -0.70990556
  0.4053349   0.6638132  -1.9508461   0.75776875]
[ 0.13776769 -0.10209292  0.4643349   0.6272501   2.042996   -0.05493809
 -0.36000234 -0.33792016 -0.7873673  -1.4680748   0.46957427 -0.6756841
  0.44117633  0.63284504 -1.8408139   0.77667534]
[ 0.2619515  -0.06290318  0.40158486  0.7157314   1.9060376  -0.12605575
 -0.20009342 -0.4231553  -0.8356651  -1.4634577   0.551087   -0.7722926
  0.36601204  0.7860328  -1.9821402   0.84407866]
[ 0.28958985 -0.18464789  0.46222767  0.78614694  1.8383245  -0.08700671
 -0.16906413 -0.4220186  -0.8921448  -1.3470849   0.40052718 -0.73487157
  0.4325838   0.82987404 -2.0039408   0.7647249 ]
[ 0.35982877 -0.30392244  0.5467467   0.8389622   1.7738562   0.03644652
 -0.16877358 -0.4362865  -0.8856653  -1.2045183   0.20420761 -0.628939
  0.48613295  0.78342813 -2.0600123   0.615901  ]
[ 0.27205434 -0.373645    0.69200677  0.78784543  1.7910293   0.22158203
 -0.3655954  -0.2743895  -0.774329   -1.1119657  -0.08059172 -0.4522749
  0.47421646  0.6125045  -2.010727    0.5492531 ]
[ 0.23728092 -0.26871434  0.61873245  0.77323973  1.8664844   0.14740647
 -0.3931059  -0.23624353 -0.6987003  -1.2159417   0.06327753 -0.46631727
  0.37348917  0.5825929  -2.0050275   0.58067405]
[ 0.12213117 -0.1639744   0.5470192   0.7525725   1.9396648   0.04932949
 -0.42118412 -0.22762027 -0.6658173  -1.337304    0.2242206  -0.5104453
  0.3488359   0.632003   -1.9891323   0.6620488 ]
[ 0.03534148 -0.15093267  0.5018681   0.7351264   2.0277143   0.0080031
 -0.46517524 -0.22825369 -0.67151546 -1.4123299   0.30418554 -0.54309016
  0.42890325  0.626102   -1.9557655   0.72371227]
[ 0.16985697 -0.23512015  0.44722766  0.8585831   2.0370648  -0.04333477
 -0.36908945 -0.34459436 -0.7603558  -1.3753164   0.3529849  -0.66919297
  0.45979452  0.6902734  -2.0133014   0.758043  ]
[ 0.39636445 -0.29372302  0.48298925  0.9266896   1.8671589  -0.03993462
 -0.21374217 -0.351869   -0.7788602  -1.2612746   0.2570993  -0.62320244
  0.31600738  0.77218115 -2.1781151   0.6817742 ]
[ 0.27783582 -0.22907706  0.59979355  0.8095254   1.8342283   0.02794107
 -0.34293464 -0.21819937 -0.67024726 -1.3086405   0.17131634 -0.52395976
  0.28507286  0.6201871  -2.091364    0.7202837 ]
[ 0.12648728 -0.15681072  0.58491766  0.73711973  1.8737442  -0.01455277
 -0.39406255 -0.16634727 -0.63425195 -1.4018503   0.2343028  -0.5084065
  0.30003825  0.6362106  -2.0395603   0.78753364]
[ 0.06799714 -0.11595263  0.5304508   0.7361215   1.9710834  -0.05378765
 -0.44924825 -0.20239437 -0.63769853 -1.4659579   0.31680423 -0.5429338
  0.34289584  0.6042471  -2.015609    0.8819963 ]
[ 0.16888501 -0.18363914  0.45639214  0.82004374  2.0152009  -0.10271104
 -0.38973707 -0.31044918 -0.69869405 -1.4562321   0.40265426 -0.6650028
  0.35283628  0.6650927  -2.0629227   0.957194  ]
[ 0.24861026 -0.16506779  0.42263564  0.88360167  1.9029697  -0.11876621
 -0.31636006 -0.30673173 -0.70930433 -1.3919059   0.392723   -0.5826064
  0.21083426  0.78032225 -2.2068799   0.92289513]
[ 0.01629533 -0.10873209  0.45926657  0.8958849   1.9275669   0.02856606
 -0.5241848  -0.16283093 -0.5635987  -1.3711776   0.22754529 -0.44370586
  0.19675067  0.6967618  -2.1754267   0.8698162 ]
[-0.06057255 -0.02992825  0.4089798   0.8902254   1.9690268   0.03372831
 -0.55128545 -0.17514692 -0.4985524  -1.4401265   0.31826127 -0.4663926
  0.16542545  0.69910395 -2.17767     0.8849948 ]
[-0.01826761 -0.03486757  0.33316675  0.98683196  2.0537322   0.02764435
 -0.5421578  -0.286026   -0.5099475  -1.4690905   0.42664203 -0.5736778
  0.16028403  0.68673164 -2.1692703   0.8990818 ]
[ 0.02608516 -0.07125066  0.30848807  1.0016243   2.0531836   0.0453491
 -0.5313162  -0.28157374 -0.49935287 -1.399342    0.38300976 -0.5505918
  0.13011658  0.7082035  -2.2347999   0.88229597]
[ 0.07337902 -0.12450582  0.27905208  1.0566021   1.9942265   0.06859872
 -0.49779075 -0.24885973 -0.47480983 -1.2785769   0.29509842 -0.49063635
  0.09242423  0.7576083  -2.3586252   0.824457  ]
[ 0.18020996 -0.1800807   0.2787722   1.0669057   1.8549337   0.03933846
 -0.33124825 -0.18631479 -0.4447834  -1.1504812   0.16584271 -0.4230526
  0.03078855  0.8566949  -2.5310483   0.7375456 ]
[ 1.8966572e-01 -1.4731832e-01  2.9520720e-01  9.7087592e-01
  2.0343261e+00  1.1892840e-04 -3.9382154e-01 -2.6549214e-01
 -5.1013672e-01 -1.2678198e+00  3.6467236e-01 -5.1459610e-01
  8.9524277e-02  7.1509147e-01 -2.3802223e+00  7.8402913e-01]
[ 0.26124135 -0.13671751  0.26443386  0.8820225   2.0795512  -0.09239034
 -0.33956957 -0.32429165 -0.59271663 -1.3478324   0.5244161  -0.6081282
  0.132178    0.7262883  -2.295919    0.8318695 ]
[ 0.1447989  -0.1365112   0.3363679   0.88438416  2.0230057  -0.05077495
 -0.36318725 -0.28202492 -0.58196    -1.3190496   0.41300774 -0.5679247
  0.24033909  0.76925516 -2.3026576   0.7552507 ]
[ 0.31112757 -0.15393637  0.32248473  0.836277    2.0522192  -0.13964176
 -0.2425826  -0.38835025 -0.7391561  -1.4095109   0.5385823  -0.719778
  0.30573735  0.783898   -2.1896489   0.7955793 ]
[ 0.32933053 -0.14877465  0.39785606  0.78356457  2.0142822  -0.1504164
 -0.2527631  -0.35432592 -0.7633381  -1.4480915   0.51418185 -0.71038836
  0.30293265  0.72162354 -2.1114905   0.84049815]
[ 0.29976428 -0.09854399  0.45008534  0.7945965   1.9256103  -0.13423972
 -0.25454652 -0.33196583 -0.7610259  -1.4732826   0.4976781  -0.6695176
  0.23248315  0.70886445 -2.1060672   0.88613766]
[ 0.10568689 -0.10788722  0.5431159   0.795169    1.878149   -0.03010063
 -0.34305805 -0.25414866 -0.694065   -1.4037049   0.33958977 -0.5802642
  0.27883583  0.6941856  -2.0931916   0.8366731 ]
[ 0.17718561 -0.09776191  0.46768856  0.80623597  1.8882749  -0.05246967
 -0.28492028 -0.32511654 -0.7045684  -1.4072052   0.39071354 -0.6505095
  0.29312307  0.7044225  -2.1102529   0.87201464]
[ 0.3067852  -0.11065932  0.43877286  0.78763837  1.9076478  -0.10537942
 -0.24810953 -0.3794454  -0.73788756 -1.4094261   0.45193738 -0.7080294
  0.24765524  0.73326206 -2.118222    0.9114399 ]
[ 0.26728708 -0.10180972  0.4360695   0.855749    1.9142182  -0.03954132
 -0.3213993  -0.3281345  -0.64375025 -1.349513    0.36209193 -0.5886203
  0.1753589   0.68025887 -2.1753366   0.8235487 ]
[ 0.03578229  0.02472403  0.46458736  0.83207214  1.9730971   0.07805026
 -0.54097164 -0.20879129 -0.48633853 -1.3854183   0.2848403  -0.45538846
  0.12266233  0.6224555  -2.180184    0.7873336 ]
[-0.03570723  0.10887058  0.4035654   0.83764917  2.0767503   0.08506946
 -0.6067325  -0.2381912  -0.43338498 -1.4770187   0.4226056  -0.47984782
  0.10363414  0.59021825 -2.1895533   0.80108947]
[ 0.01044965  0.07341608  0.3708554   0.8575686   2.1967273   0.05396042
 -0.60898364 -0.36375552 -0.49886537 -1.5066782   0.6166424  -0.6181307
  0.13315074  0.5797902  -2.1586957   0.8294776 ]
[ 0.06583349  0.06341395  0.3703913   0.8285184   2.1932511   0.06546279
 -0.58799237 -0.3710193  -0.50945216 -1.470068    0.63038194 -0.6222425
  0.11094274  0.5530945  -2.149723    0.79463685]
[ 0.14543168  0.02439901  0.37817067  0.8182765   2.1706214   0.03092797
 -0.4806931  -0.4128189  -0.60273314 -1.4232295   0.6275414  -0.65769213
  0.14693284  0.608494   -2.1633086   0.7528989 ]
[ 0.21697898  0.03489104  0.39823803  0.72711265  2.0748262  -0.03344755
 -0.3066282  -0.44216958 -0.7122849  -1.427495    0.6357811  -0.69275874
  0.21788505  0.7028691  -2.1572268   0.725122  ]
[ 0.27014443  0.04892891  0.36008427  0.56708     2.15306    -0.12185149
 -0.3122465  -0.5147821  -0.80515945 -1.5401107   0.81151664 -0.83679897
  0.31781268  0.6628378  -1.9458462   0.8513444 ]
[ 2.4699931e-01  2.0243437e-03  3.7945205e-01  5.9550315e-01
  2.1171715e+00 -8.6239696e-02 -2.8837860e-01 -5.3414118e-01
 -8.6542243e-01 -1.4800055e+00  7.5355566e-01 -8.1946391e-01
  3.8864636e-01  6.9617409e-01 -1.9253585e+00  7.8295672e-01]
[ 0.29919967 -0.0309651   0.42544842  0.5981337   2.0687308  -0.05705602
 -0.25928053 -0.5337652  -0.9087756  -1.4583819   0.6749773  -0.8229486
  0.39480782  0.6992432  -1.8943431   0.76864207]
[ 0.30438906 -0.04837992  0.44718426  0.6409278   2.0342274  -0.04867131
 -0.25710338 -0.49614874 -0.8858615  -1.4560398   0.61217505 -0.80827177
  0.38174346  0.67955166 -1.8896961   0.7538905 ]
[ 0.31069654 -0.01330327  0.4778778   0.64640296  1.9073292  -0.08026791
 -0.2016786  -0.46605563 -0.878966   -1.4764996   0.60937244 -0.8059436
  0.34675974  0.75411963 -1.9352283   0.7690876 ]
[ 0.22232553 -0.1146446   0.5810981   0.65068686  1.894611    0.00418269
 -0.2217581  -0.4278552  -0.8877468  -1.3976755   0.4108582  -0.76437813
  0.48894182  0.7376653  -1.8893464   0.67406684]
[ 0.31686738 -0.11228379  0.51265895  0.60925233  1.9690523  -0.0511965
 -0.21795829 -0.4941396  -0.92747366 -1.4253831   0.51257885 -0.84627783
  0.4788312   0.7372316  -1.8512529   0.75356543]
[ 0.3669877  -0.20115796  0.5819562   0.66551477  1.970858    0.00637689
 -0.27592245 -0.43169937 -0.82347757 -1.3351135   0.36331493 -0.7670709
  0.43411145  0.6409772  -1.941087    0.70717347]
[ 0.35396227 -0.16885947  0.58798754  0.6865474   1.8970175   0.00646482
 -0.28742903 -0.33405465 -0.71160513 -1.321226    0.3311457  -0.6352855
  0.33764923  0.5897876  -2.0203686   0.64747685]
[ 0.20681205 -0.08081385  0.529549    0.6294335   1.9694555  -0.04595439
 -0.334126   -0.31213146 -0.70054245 -1.4196167   0.42693454 -0.6463331
  0.3597843   0.63846123 -1.9684862   0.71017563]
[ 0.12100674 -0.0800779   0.50708985  0.5997135   2.112906   -0.04579932
 -0.40568337 -0.3528251  -0.7108547  -1.4632065   0.48497596 -0.68012726
  0.4578835   0.598902   -1.9091094   0.7285666 ]
[ 0.24178104 -0.07717115  0.43360585  0.6693172   2.126633   -0.09118562
 -0.33690447 -0.4495089  -0.78017056 -1.5016305   0.6380402  -0.8150921
  0.41763043  0.6495837  -1.9620428   0.8010289 ]
[ 0.33594304 -0.02608193  0.43426818  0.6756922   1.9722283  -0.12607026
 -0.22660771 -0.44227344 -0.82911396 -1.5092459   0.66360915 -0.79570514
  0.28183776  0.7537049  -2.0297642   0.8318013 ]
[ 0.2437036   0.01075121  0.5505344   0.6938654   1.8546228  -0.05365992
 -0.23628974 -0.38004094 -0.7981168  -1.5090574   0.53270835 -0.69890654
  0.26030043  0.70890516 -2.0166516   0.8011368 ]
[ 0.23880796  0.02287819  0.53514147  0.6626034   1.8407415  -0.05801318
 -0.21168096 -0.3952175  -0.79391533 -1.5232537   0.5300369  -0.7352971
  0.27925128  0.70269775 -1.9991592   0.8711114 ]
[ 0.30198604  0.00967439  0.45481968  0.67096156  1.8249075  -0.10980191
 -0.16530564 -0.43146548 -0.8014572  -1.5309608   0.6001619  -0.8186162
  0.2737762   0.74563986 -2.0086846   0.9535856 ]
[ 0.3348755  -0.00783096  0.47359642  0.67213786  1.8595626  -0.1085163
 -0.21721664 -0.42257515 -0.7636756  -1.4978081   0.57074547 -0.79979086
  0.21710214  0.73382455 -2.0450943   0.97054875]
[ 0.2630407  -0.04147374  0.5370573   0.75215375  1.8408077  -0.01638964
 -0.3094611  -0.35147876 -0.67689735 -1.4226224   0.40243793 -0.6256908
  0.19757256  0.6773162  -2.1149514   0.8549751 ]
[ 0.05583832  0.01875408  0.45440847  0.77351916  2.0077746   0.01745918
 -0.50155246 -0.2979791  -0.5718765  -1.4538475   0.4194518  -0.539283
  0.18232608  0.6368286  -2.0988946   0.8663782 ]
[-0.07745775  0.06731249  0.33696356  0.7835509   2.1725476   0.04102628
 -0.65961826 -0.29046518 -0.46356326 -1.530139    0.55598414 -0.54051816
  0.18337241  0.5490753  -2.0781856   0.9214692 ]
[ 0.02629169  0.0699366   0.27182657  0.84554166  2.1834838   0.01150054
 -0.5510894  -0.42551365 -0.54229325 -1.544129    0.71192694 -0.6619067
  0.15547702  0.67160255 -2.1532273   0.89922774]
[-0.03674854  0.07140245  0.28251824  0.86437434  2.159218    0.06452122
 -0.5982313  -0.39134443 -0.5049942  -1.5251799   0.665833   -0.63643324
  0.17437129  0.6505926  -2.1435394   0.8718376 ]
[ 0.03942797  0.0458444   0.26616877  0.8854677   2.0791378   0.03514556
 -0.45927516 -0.42068473 -0.563882   -1.4930944   0.63921034 -0.6867374
  0.18676484  0.7426035  -2.172517    0.8439641 ]
[ 0.28142452  0.00947209  0.263427    0.8276925   1.9492054  -0.07297504
 -0.20052746 -0.45776287 -0.6736916  -1.4453061   0.63520825 -0.7644706
  0.16216038  0.83962095 -2.206437    0.81931365]
[ 0.3279247  -0.05854973  0.3286504   0.8408206   1.9179335  -0.03790413
 -0.17300145 -0.43611893 -0.6828368  -1.3401169   0.51596713 -0.7271015
  0.18910286  0.8199024  -2.250568    0.72865117]
[ 0.40295234 -0.10940218  0.41759548  0.8254625   1.9005394  -0.01301886
 -0.15565656 -0.4374652  -0.7184925  -1.2570946   0.43784505 -0.70311815
  0.22242048  0.8026587  -2.2708588   0.61368126]
[ 0.3559754  -0.1235079   0.54091036  0.787532    1.8822453   0.0630243
 -0.21027195 -0.41250315 -0.7253436  -1.2156069   0.35689613 -0.64458084
  0.2743311   0.77611935 -2.268704    0.51714563]
[ 0.33288392 -0.05349185  0.530712    0.65338594  2.0351396   0.00516031
 -0.2858463  -0.44990388 -0.7938811  -1.3710072   0.55612916 -0.6976736
  0.31530783  0.6533811  -2.0719652   0.5978638 ]
[ 0.28699577  0.01615609  0.52435255  0.61260056  2.0534127  -0.0202137
 -0.31386682 -0.4494589  -0.80633897 -1.4484313   0.61693805 -0.7087884
  0.28720874  0.6286356  -2.0026593   0.6834303 ]
[ 0.24484214  0.05330396  0.5220054   0.5839757   2.022958   -0.04683346
 -0.30310854 -0.4693039  -0.8404225  -1.5060381   0.6507891  -0.76178247
  0.33658993  0.6514103  -1.9217373   0.74630105]
[ 0.26840192  0.0090525   0.48578233  0.5487655   1.9913658  -0.10634638
 -0.2652299  -0.50992805 -0.9274729  -1.5288918   0.6896194  -0.87413484
  0.45648843  0.7301041  -1.8273138   0.8253171 ]
[ 0.29388484 -0.10532522  0.53977495  0.5904079   1.937289   -0.06132305
 -0.21064854 -0.5198788  -0.99494183 -1.4341755   0.54921883 -0.88423073
  0.53714633  0.7423628  -1.7713253   0.7553784 ]
[ 0.38632756 -0.12862243  0.5884975   0.59195375  1.8406804  -0.04227895
 -0.16548966 -0.51015025 -1.0171953  -1.3865709   0.46026525 -0.86342573
  0.5095922   0.76225644 -1.7687104   0.7056199 ]
[ 0.3880546  -0.23241678  0.7395218   0.62012327  1.8208946   0.13298824
 -0.2525306  -0.41303912 -0.8843626  -1.258288    0.14806618 -0.6719233
  0.508531    0.55582535 -1.7960691   0.5533483 ]
[ 0.30833167 -0.11957739  0.62654185  0.62656367  1.9653928   0.03974887
 -0.3010386  -0.39457247 -0.80395174 -1.3648657   0.35623524 -0.6930361
  0.36373875  0.5558475  -1.8856388   0.6824986 ]
[ 0.2620265  -0.03089604  0.5389969   0.668431    1.9744427  -0.01915181
 -0.2663432  -0.42116815 -0.7882582  -1.4178103   0.4930114  -0.71941984
  0.320786    0.6531774  -1.9923303   0.7067131 ]
[ 0.25931162 -0.06294931  0.48600253  0.62644947  2.0955024  -0.04973151
 -0.29803038 -0.47542477 -0.818081   -1.448241    0.5827702  -0.7924899
  0.41960055  0.6387035  -1.9394515   0.73871344]
[ 0.23958473 -0.06034798  0.3965187   0.5709154   2.2059503  -0.08730485
 -0.36647725 -0.50016624 -0.82905656 -1.496419    0.7267672  -0.8583371
  0.4342957   0.62298405 -1.8575408   0.8238059 ]
[ 0.25405344 -0.0390515   0.42178065  0.59494424  2.1255493  -0.07605865
 -0.33449432 -0.44842237 -0.80776423 -1.4977703   0.67486924 -0.78882134
  0.35848874  0.63983965 -1.9213854   0.8087727 ]
[ 0.2100255   0.00517828  0.45846868  0.6113857   2.055191   -0.06285869
 -0.3357813  -0.4044176  -0.75407183 -1.5334895   0.6315385  -0.73024166
  0.3067505   0.6261316  -1.9465504   0.82829016]
[ 0.2573589   0.09279852  0.38665837  0.55534744  1.9901778  -0.14441231
 -0.2856076  -0.43899566 -0.7738355  -1.6386452   0.7882593  -0.8455256
  0.26301944  0.674758   -1.9062948   0.996154  ]
[ 0.28891388  0.04996074  0.42464185  0.61947346  1.868284   -0.12532865
 -0.19106634 -0.45235747 -0.7994291  -1.5795956   0.69437236 -0.84095895
  0.28004363  0.7560011  -1.9818214   0.9580682 ]
[ 0.30550584 -0.04250154  0.45804447  0.6638106   1.8272445  -0.11083909
 -0.17847484 -0.44787413 -0.85077065 -1.5010041   0.5782067  -0.8336896
  0.34818372  0.8015717  -1.9779224   0.92869127]
[ 0.34855834 -0.13440153  0.50130945  0.712039    1.8634422  -0.07114882
 -0.22816849 -0.44390377 -0.8419477  -1.4188159   0.47217828 -0.7692085
  0.34726405  0.7758523  -2.0357683   0.8887224 ]
[ 0.2855319  -0.16103466  0.55282766  0.78451246  1.8486847   0.04016512
 -0.31818917 -0.3425086  -0.72552145 -1.324853    0.2609132  -0.5827049
  0.2924851   0.6872419  -2.1093867   0.775733  ]
[ 0.11210594 -0.04665499  0.47873837  0.7717272   1.9791911   0.02530288
 -0.45206237 -0.28660378 -0.6310397  -1.4078496   0.36736608 -0.5407085
  0.21203475  0.66564906 -2.0982344   0.8179904 ]
[ 0.07338769  0.06378817  0.37905648  0.80146056  2.0228248  -0.00639953
 -0.47722808 -0.31160563 -0.5621765  -1.4960377   0.5177193  -0.58434284
  0.1602293   0.65944284 -2.1390526   0.8681448 ]
[ 0.07968281  0.0533716   0.30978268  0.850237    2.062019   -0.01993693
 -0.45170355 -0.37379    -0.5573472  -1.5117868   0.5911877  -0.6857346
  0.16868153  0.7026402  -2.1461      0.8991724 ]
[ 0.13504246 -0.01638655  0.31387526  0.8919549   2.0345747  -0.00887087
 -0.3910938  -0.38728657 -0.5939088  -1.425182    0.5306623  -0.6931311
  0.19023791  0.7442002  -2.186899    0.82977515]
[ 0.30023074 -0.1174442   0.3175658   0.9267249   2.0007238  -0.0193179
 -0.26933247 -0.41082782 -0.6551716  -1.2980413   0.4526034  -0.6773312
  0.1540817   0.8207115  -2.3015952   0.7397208 ]
[ 0.24972741 -0.11920212  0.3975353   0.890512    2.0073485   0.02992887
 -0.34227854 -0.33708006 -0.6033285  -1.245136    0.37635216 -0.56820405
  0.13584158  0.7547084  -2.3592741   0.6929622 ]
[ 0.21817335 -0.0900185   0.43187198  0.82739127  2.0392582   0.00558701
 -0.36977917 -0.3113544  -0.60611945 -1.310096    0.4397536  -0.5764133
  0.1638053   0.70766354 -2.2950072   0.68470347]
[ 0.18295968 -0.0152971   0.43937215  0.738664    2.054575   -0.0404404
 -0.36090574 -0.35806793 -0.6501794  -1.4767395   0.58592016 -0.6764504
  0.24585366  0.6690694  -2.134873    0.7585887 ]
[ 0.2091802   0.05948695  0.4105924   0.5959113   2.0635796  -0.14821354
 -0.34438437 -0.40957528 -0.7352511  -1.6499574   0.75699186 -0.8127612
  0.30092     0.6245155  -1.8994873   0.94808435]
[ 0.16973206  0.01423128  0.42734247  0.60864705  1.973901   -0.13176887
 -0.2966796  -0.41352302 -0.76858723 -1.6079718   0.68272626 -0.84634674
  0.3721632   0.7096963  -1.8943485   0.9710492 ]
[ 0.31559008 -0.03377374  0.42947975  0.69290286  1.8307327  -0.13495257
 -0.1450104  -0.4571218  -0.8447339  -1.4831762   0.6058076  -0.8327549
  0.32218444  0.8524257  -2.0445848   0.8935846 ]
[ 0.37629157 -0.1192492   0.50928533  0.72786915  1.8420147  -0.03317339
 -0.18591726 -0.4725638  -0.8422367  -1.3921505   0.48648852 -0.74412835
  0.3189718   0.7682274  -2.0895228   0.81232864]
[ 0.27318913 -0.11318356  0.57252896  0.76979333  1.8551658   0.04601888
 -0.30632108 -0.38444826 -0.7610631  -1.3505543   0.33543986 -0.5938535
  0.28409272  0.66932875 -2.0979428   0.7643254 ]
[ 0.15574211  0.00454123  0.5076825   0.7648668   1.8832783  -0.0067137
 -0.35941845 -0.33839712 -0.7199642  -1.4777327   0.44361287 -0.5871353
  0.21654852  0.7044277  -2.076037    0.8515032 ]
[ 1.8568516e-03  8.6408004e-02  4.5074892e-01  7.7517730e-01
  1.8865417e+00 -2.8760185e-02 -3.8772154e-01 -3.3677965e-01
 -6.9350564e-01 -1.5768734e+00  5.2801883e-01 -6.2089145e-01
  2.4475202e-01  7.6209390e-01 -2.0486133e+00  9.2764795e-01]
[ 0.05110016  0.0969842   0.3966311   0.7883396   1.9221866  -0.05178444
 -0.37719738 -0.40610275 -0.69646806 -1.6068723   0.6092814  -0.71429884
  0.21700826  0.75627595 -2.0415566   1.0301183 ]
[ 0.09735756  0.03558452  0.40861163  0.9341346   1.8709242   0.02831542
 -0.35000548 -0.43016118 -0.6856981  -1.4794769   0.48198533 -0.66337234
  0.14104478  0.7901719  -2.149161    0.94078386]
[ 0.07198155 -0.01835329  0.43686944  0.97779876  1.878732    0.08561124
 -0.4271717  -0.3483655  -0.597546   -1.3883839   0.35248536 -0.58110017
  0.0899565   0.7393833  -2.213796    0.9121946 ]
[ 0.09372286  0.01373812  0.44410306  0.93889314  1.7944505   0.08014876
 -0.3752359  -0.2638963  -0.5372249  -1.3278207   0.27495986 -0.48067436
 -0.00573943  0.7894716  -2.3444118   0.8746371 ]
[ 0.0027723   0.11244378  0.3812303   0.88322276  1.9098499   0.05394709
 -0.46914482 -0.285037   -0.47723693 -1.4102085   0.43014058 -0.49659356
 -0.02209941  0.7372904  -2.2900627   0.91056585]
[-0.06521776  0.18277906  0.31890765  0.8247615   2.0831554   0.05148568
 -0.6020359  -0.31216085 -0.4155673  -1.5428808   0.59547234 -0.55486023
  0.02017285  0.6006745  -2.1720424   0.96102464]
[ 0.00619174  0.16447535  0.27927756  0.8214529   2.1872163   0.02405268
 -0.59124166 -0.40845934 -0.45234865 -1.566948    0.7388558  -0.6469803
  0.00606329  0.58013695 -2.1341183   0.9650024 ]
[ 0.04665126  0.13883011  0.25625277  0.83421737  2.1624227   0.03089464
 -0.566409   -0.38563296 -0.43455037 -1.5107225   0.71629953 -0.61864907
 -0.04481889  0.6138813  -2.2095304   0.9420517 ]
[ 0.04953991  0.1416361   0.23960003  0.804397    2.127717    0.01615653
 -0.5266515  -0.3256057  -0.38178888 -1.4844942   0.6717423  -0.5941518
 -0.0298851   0.6261805  -2.275197    0.91111785]
[ 0.24636562  0.04891411  0.20429818  0.7810583   2.1888926  -0.08714263
 -0.35122654 -0.43160334 -0.53401816 -1.501626    0.77376676 -0.7473769
  0.04890375  0.66866934 -2.2251658   0.885293  ]
[ 0.2872703   0.04994573  0.2315814   0.7159777   2.197536   -0.10633526
 -0.33483952 -0.418394   -0.5426461  -1.5086523   0.78521764 -0.73775804
  0.05661724  0.61622274 -2.196471    0.87182987]
[ 0.3126355   0.04452686  0.25179976  0.6918419   2.1955388  -0.1221021
 -0.31506974 -0.42176884 -0.5666367  -1.5100405   0.7923953  -0.75036234
  0.07581331  0.6093396  -2.1760468   0.85438424]
[ 0.3304329   0.05178054  0.28091627  0.65299976  2.1858213  -0.14072302
 -0.28889507 -0.43397576 -0.6110932  -1.5272808   0.8055657  -0.77509534
  0.11251785  0.61143845 -2.1412654   0.8528284 ]
[ 0.35249314  0.07188331  0.30187318  0.57518685  2.1922767  -0.17353824
 -0.29441485 -0.43855342 -0.64592874 -1.5587447   0.842546   -0.8038189
  0.1418074   0.58200425 -2.0689335   0.89119196]
[ 0.32500386  0.05347383  0.304524    0.5805694   2.189864   -0.16539252
 -0.29915202 -0.44924426 -0.67843753 -1.5488046   0.83369863 -0.8090685
  0.1930817   0.60712254 -2.0519817   0.88147676]
[ 0.2992683   0.02622096  0.30843514  0.5765032   2.195439   -0.15689129
 -0.30658633 -0.45874232 -0.70936626 -1.5386919   0.8156115  -0.81211394
  0.24563763  0.62135047 -2.0167723   0.8772863 ]
[ 2.7443630e-01  3.1837821e-04  3.0969235e-01  5.9059000e-01
  2.1855161e+00 -1.4287898e-01 -3.1080031e-01 -4.6717101e-01
 -7.4037230e-01 -1.5234631e+00  7.9316473e-01 -8.1515312e-01
  2.9936895e-01  6.4777052e-01 -2.0029819e+00  8.6805087e-01]
[ 0.24880509 -0.01252749  0.3228288   0.6063385   2.1618285  -0.12753156
 -0.3046577  -0.4826029  -0.7785667  -1.5140711   0.7735407  -0.8177475
  0.34521908  0.68237704 -1.9920992   0.8542781 ]
[ 0.25832433 -0.02526123  0.35210913  0.6226026   2.1093445  -0.11717071
 -0.28832552 -0.47807232 -0.8038019  -1.5245187   0.7296459  -0.8148676
  0.35414556  0.6921798  -1.9766912   0.8765923 ]
[ 0.25431395 -0.01410057  0.38073802  0.6563381   1.9718975  -0.11845879
 -0.23538665 -0.44919357 -0.8341831  -1.5453329   0.6807071  -0.8171045
  0.36274108  0.76082647 -1.9745938   0.88758385]
[ 0.28753728 -0.01509746  0.41048017  0.6739713   1.8579222  -0.11251856
 -0.16906475 -0.43372837 -0.823135   -1.5301374   0.6245409  -0.83286923
  0.33763394  0.7932639  -1.992951    0.89138204]
[ 0.2980729  -0.08373838  0.45155224  0.7131022   1.8008072  -0.09664492
 -0.13108954 -0.42100668 -0.8239024  -1.4613435   0.52437246 -0.81856185
  0.34933442  0.8150832  -2.017694    0.8677062 ]
[ 0.34231576 -0.09581386  0.4984756   0.7439863   1.7307351  -0.06726199
 -0.11005352 -0.42032433 -0.8222476  -1.4003891   0.44562227 -0.76712084
  0.30506676  0.8470062  -2.093536    0.8279036 ]
[ 0.32345006 -0.15697667  0.598707    0.75362164  1.7842823   0.04030648
 -0.23054662 -0.39762706 -0.76270974 -1.297092    0.2877671  -0.6410352
  0.31740072  0.7557734  -2.1490555   0.7346077 ]
[ 0.28700036 -0.08084391  0.51042455  0.8100046   1.872518    0.01936799
 -0.31356344 -0.37308758 -0.709132   -1.34627     0.38332492 -0.58681595
  0.20888107  0.7267377  -2.193791    0.74731624]
[ 0.15109634  0.01557416  0.45998755  0.8098709   1.9277576   0.01760271
 -0.4032581  -0.33097628 -0.64886427 -1.4532198   0.44842014 -0.5602802
  0.17736828  0.7004738  -2.14222     0.7962743 ]
[-0.00551472  0.06273957  0.41167125  0.8115671   1.9747512   0.01283438
 -0.47996837 -0.3008276  -0.59066916 -1.5269853   0.49420738 -0.5764243
  0.2132366   0.70668626 -2.0948825   0.85631144]
[ 2.7394775e-02  7.7861967e-03  3.5284334e-01  8.7152827e-01
  2.0277653e+00 -1.6113624e-03 -4.5521578e-01 -3.9653715e-01
 -6.3790429e-01 -1.5105236e+00  5.6563294e-01 -6.7953253e-01
  2.4893948e-01  7.5507867e-01 -2.1003675e+00  8.9368993e-01]
[ 0.11831107 -0.10870209  0.36113983  0.9536131   1.9786198   0.0471554
 -0.3765728  -0.41479    -0.6804085  -1.3680832   0.4343493  -0.65863305
  0.26349455  0.7944471  -2.1788402   0.80014306]
[ 0.29852253 -0.19337413  0.39685202  0.91894484  1.9091351   0.00387425
 -0.24938135 -0.41402283 -0.72936535 -1.2604465   0.37759307 -0.6297556
  0.23042154  0.82485676 -2.2675781   0.7449322 ]
[ 0.21300319 -0.16758624  0.46748406  0.9388367   1.8269116   0.07408354
 -0.30981869 -0.29879028 -0.6327148  -1.2066329   0.23301443 -0.5113667
  0.18425874  0.79586256 -2.3298562   0.6832514 ]
[ 0.14640447 -0.06071669  0.45847806  0.86655056  1.8722092   0.03320736
 -0.32363543 -0.32077426 -0.6510266  -1.3412715   0.36345428 -0.5665462
  0.21363854  0.7864848  -2.2211661   0.7066171 ]
[ 0.06004673 -0.02052604  0.42692208  0.74557716  1.9904282  -0.01168037
 -0.40108627 -0.31637886 -0.6388377  -1.4893771   0.44752708 -0.6509568
  0.35090917  0.68994856 -2.0257726   0.8107006 ]
[ 0.17400296 -0.09342538  0.3502388   0.79418266  2.0142787  -0.0596027
 -0.3068238  -0.41825837 -0.7039677  -1.4298313   0.52074975 -0.7734744
  0.35931718  0.780252   -2.0666604   0.8257942 ]
[ 0.3560594  -0.14823255  0.35755494  0.8983841   1.864172   -0.02521479
 -0.14326811 -0.45150843 -0.749935   -1.2534156   0.41888523 -0.71574956
  0.23863196  0.90744126 -2.2776647   0.6845134 ]
[ 0.32833785 -0.18506081  0.5036446   0.872592    1.8380632   0.08836544
 -0.2237927  -0.36370295 -0.6580197  -1.1365228   0.25145936 -0.579715
  0.22290654  0.82075137 -2.363648    0.53879464]
[ 0.31957164 -0.09344842  0.50509     0.7936071   1.9451958   0.05743508
 -0.25874373 -0.39494163 -0.6954378  -1.2342002   0.40126616 -0.6113409
  0.22982064  0.72614783 -2.2714171   0.5358347 ]
[ 0.31381956  0.02771744  0.5071347   0.632657    1.9798071  -0.03015021
 -0.25492    -0.42783803 -0.77980655 -1.4150051   0.57019794 -0.69785887
  0.29819357  0.6880983  -2.0644593   0.61086655]
[ 0.24258287  0.01248364  0.5019585   0.6218699   1.9943184  -0.03854197
 -0.25751454 -0.44569498 -0.82027566 -1.4509318   0.5647027  -0.7477029
  0.3952817   0.71370256 -1.9740549   0.64843625]
[ 0.31556496 -0.01801294  0.4650777   0.60220015  2.0321894  -0.08918514
 -0.23895183 -0.49878216 -0.8579256  -1.4676665   0.6533891  -0.85120213
  0.37900868  0.70603126 -1.9189984   0.750667  ]
[ 0.40456468 -0.08595677  0.54340667  0.6373449   1.9232166  -0.04445794
 -0.15533884 -0.51140463 -0.9210987  -1.3771219   0.5666821  -0.81312627
  0.3690926   0.7515812  -1.9786675   0.64934194]
[ 0.40026832 -0.18755081  0.66804165  0.6791953   1.9086597   0.0511998
 -0.22155018 -0.46098226 -0.87807417 -1.2715952   0.38150382 -0.70015633
  0.40334454  0.6203751  -1.9653059   0.5260374 ]
[ 0.36368808 -0.15656015  0.6380404   0.6260722   1.9769421   0.01568944
 -0.24443412 -0.4613772  -0.89803374 -1.3655709   0.44145006 -0.75899553
  0.46122056  0.5892897  -1.8605709   0.59006095]
[ 0.23901005 -0.05602808  0.5962318   0.5744134   1.9619429  -0.02214751
 -0.25975782 -0.4445312  -0.91869605 -1.4668157   0.50952184 -0.7605191
  0.5182135   0.6288439  -1.771882    0.63224906]
[ 0.09679569 -0.0167924   0.563639    0.42865986  2.1575541  -0.00219053
 -0.4361537  -0.41911572 -0.8661358  -1.5286417   0.5833699  -0.7805748
  0.5274898   0.48851728 -1.6036199   0.7737018 ]
[ 1.4972135e-01 -1.2047619e-03  4.8797783e-01  4.9892458e-01
  2.1202023e+00 -8.2269646e-02 -3.7796161e-01 -4.6110648e-01
 -8.7764567e-01 -1.5300922e+00  6.7473716e-01 -8.4667146e-01
  4.5003909e-01  6.4560252e-01 -1.7403343e+00  8.5795480e-01]
[ 0.34905657 -0.0126144   0.48802012  0.6673502   1.9461349  -0.05473402
 -0.21429119 -0.48702034 -0.8894588  -1.452575    0.5977046  -0.76775837
  0.2949522   0.73015034 -1.9790211   0.74690115]
[ 0.2749438  -0.04070123  0.56968415  0.71116936  1.93451     0.01236253
 -0.27307355 -0.41943258 -0.82151014 -1.4427087   0.47540003 -0.69379365
  0.289423    0.6324642  -1.9640987   0.71753865]
[ 0.26238215  0.01136554  0.51315075  0.66825646  1.907086   -0.068409
 -0.23350064 -0.43926114 -0.85066783 -1.5258894   0.59076697 -0.7643726
  0.29394394  0.7070409  -1.9490669   0.8430128 ]
[ 0.17861083 -0.09007582  0.6025635   0.6748477   1.9529903   0.01932582
 -0.3072436  -0.40852147 -0.82399195 -1.4419619   0.4100154  -0.70970243
  0.42150593  0.6477745  -1.9142802   0.7514459 ]
[ 0.21139565 -0.08386949  0.49251413  0.63265276  2.0991654  -0.03121044
 -0.38330767 -0.44187245 -0.8003403  -1.4863294   0.52505255 -0.77241707
  0.41354012  0.58684355 -1.8624798   0.86879194]
[ 0.19891599 -0.06666537  0.48457676  0.6842495   2.086399   -0.0309132
 -0.43487048 -0.35821727 -0.71473515 -1.450331    0.47225556 -0.6836915
  0.32022297  0.58361727 -1.95731     0.83394796]
[ 0.13844836  0.0197674   0.49122453  0.74331194  2.0194554   0.02226362
 -0.44568315 -0.29629242 -0.6075422  -1.4415711   0.418516   -0.556313
  0.19270949  0.59621036 -2.074742    0.74584734]
[ 0.04814338  0.10236108  0.4128602   0.7287816   2.1261      0.00569644
 -0.5271856  -0.3194801  -0.5411547  -1.5302668   0.55104864 -0.5989447
  0.20405185  0.53887427 -2.0487964   0.8165504 ]
[ 0.11633567  0.06586142  0.3758924   0.7945142   2.1358407   0.00573645
 -0.45624548 -0.43103284 -0.63183606 -1.498825    0.6357867  -0.70157635
  0.22188282  0.6368585  -2.0864663   0.78317124]
[ 0.16751537 -0.02455726  0.41181287  0.7822513   2.1663077   0.03013138
 -0.4476772  -0.44101587 -0.6661385  -1.4144727   0.5708314  -0.689234
  0.27883023  0.604123   -2.0847716   0.71878606]
[ 0.34941423 -0.07252522  0.41655788  0.7657994   2.119484   -0.02605506
 -0.3143697  -0.44921964 -0.7350563  -1.351599    0.57641613 -0.68463266
  0.20577092  0.63403475 -2.146077    0.6716153 ]
[ 0.27244598 -0.02376695  0.4972919   0.7497799   2.0525136   0.00375117
 -0.32349247 -0.38859922 -0.71935093 -1.3532537   0.4992699  -0.6389803
  0.18888918  0.6426362  -2.1416395   0.6419594 ]
[ 0.23374335  0.03595268  0.5080595   0.5860554   2.1262972  -0.05727184
 -0.3636468  -0.40344945 -0.74443334 -1.5218366   0.63959414 -0.7247605
  0.28720918  0.53081274 -1.9152492   0.7465457 ]
[ 0.21843886  0.06231483  0.44618168  0.5297495   2.1437116  -0.10635038
 -0.3523094  -0.46299568 -0.78687656 -1.6008955   0.7536176  -0.83696765
  0.35351753  0.5735072  -1.8311924   0.86432326]
[ 0.18352942 -0.01942035  0.45858765  0.52231467  2.158374   -0.07745346
 -0.36818668 -0.47776443 -0.83822423 -1.5469884   0.6923925  -0.8575634
  0.46291512  0.59266794 -1.7676976   0.8497418 ]
[ 0.3113874  -0.11543264  0.44168368  0.5769008   2.1385581  -0.08342094
 -0.30775827 -0.4946019  -0.8748123  -1.4285095   0.63183564 -0.8406819
  0.44885793  0.64608    -1.8779892   0.79175824]
[ 0.3099691  -0.13406956  0.4827705   0.622755    2.09315    -0.0668585
 -0.31973895 -0.4315566  -0.8567651  -1.4252841   0.54951465 -0.7677241
  0.42450008  0.6292807  -1.9057726   0.7585311 ]
[ 0.23585956 -0.06789103  0.52895194  0.6343311   2.0019696  -0.05173
 -0.32620665 -0.36726242 -0.7999297  -1.485286    0.51206744 -0.70383734
  0.37785253  0.6307191  -1.9103634   0.7539962 ]
[ 0.08504704 -0.02083013  0.49802417  0.567764    2.031777   -0.076134
 -0.39731318 -0.33502227 -0.7491843  -1.5870893   0.5671135  -0.7302326
  0.4299585   0.6135161  -1.8197024   0.8907956 ]
[ 0.18732436  0.02441538  0.43389457  0.5715628   1.9396868  -0.14031453
 -0.25703722 -0.4456907  -0.8461364  -1.612161    0.70128834 -0.86542475
  0.3952717   0.7745532  -1.8746561   0.98382854]
[ 0.24442157 -0.03143378  0.44841784  0.6136917   1.8822095  -0.12254371
 -0.2079184  -0.43676257 -0.8563997  -1.5233507   0.5880017  -0.8560262
  0.37690645  0.8124801  -1.9310243   0.9697442 ]
[ 0.3574096  -0.0795953   0.5089539   0.7584939   1.8241047  -0.05444013
 -0.1924969  -0.42265606 -0.7763213  -1.422528    0.46948043 -0.7104902
  0.21853752  0.7465399  -2.1254182   0.8655777 ]
[ 0.258874   -0.04126535  0.55934304  0.7891104   1.8116257   0.02269286
 -0.30326483 -0.33147177 -0.6639689  -1.3905175   0.3497982  -0.57310957
  0.15545584  0.6628849  -2.130011    0.7885026 ]
[ 0.10369444  0.0319003   0.47247472  0.77055204  1.9146278  -0.00436441
 -0.40752655 -0.28034705 -0.5821719  -1.4604782   0.41296116 -0.55572647
  0.14944264  0.66356194 -2.103994    0.843928  ]
[-0.02999405  0.03831517  0.38235557  0.78884846  2.0757577   0.02449889
 -0.5512725  -0.26958358 -0.4990112  -1.4980755   0.45911637 -0.5752376
  0.2287211   0.61079615 -2.08794     0.8732424 ]
[ 0.04291546 -0.01766268  0.31392914  0.8882244   2.157802    0.03484178
 -0.5105649  -0.4077806  -0.57371473 -1.4677292   0.5668228  -0.677045
  0.24602827  0.689577   -2.1530993   0.834772  ]
[ 0.10946302 -0.05008038  0.29726818  0.91043645  2.1490319   0.05300325
 -0.49224454 -0.40993342 -0.59627235 -1.3924326   0.55789626 -0.63435227
  0.19623151  0.68972766 -2.2137597   0.79070413]
[ 0.12862602 -0.05578096  0.31020868  0.94436836  1.9840075   0.03803382
 -0.38330737 -0.32350597 -0.56418335 -1.3331046   0.4518695  -0.5544833
  0.12482317  0.80622387 -2.3650079   0.753948  ]
[ 0.16065535  0.03991449  0.3670307   0.8138487   1.951256   -0.02105635
 -0.32363743 -0.37869075 -0.6481042  -1.4710538   0.5804518  -0.64262617
  0.16175959  0.78710306 -2.2238548   0.81168604]
[ 0.22603826  0.03468883  0.35556498  0.7611877   1.9224802  -0.09602092
 -0.24008918 -0.45288062 -0.7596108  -1.5502933   0.68868715 -0.77232707
  0.24535124  0.80572283 -2.0931325   0.8914396 ]
[ 0.25134218 -0.0424355   0.44179147  0.78073156  1.8099375  -0.0911842
 -0.15878072 -0.45392576 -0.83817804 -1.4785788   0.5607088  -0.77392983
  0.3284618   0.86215514 -2.0884519   0.8551878 ]
[ 0.3499582  -0.10845201  0.4984475   0.7426728   1.7579525  -0.08924391
 -0.12695786 -0.45292473 -0.88511467 -1.3871139   0.47154385 -0.765667
  0.3229168   0.8850857  -2.0828211   0.8336898 ]
[ 0.3832694  -0.17193255  0.5957627   0.7832013   1.7352431   0.03105983
 -0.20261729 -0.3775633  -0.7882155  -1.2614682   0.24889192 -0.602446
  0.27775165  0.7458254  -2.1567297   0.7206398 ]
[ 0.23426147 -0.08889836  0.5768014   0.81250924  1.7904212   0.05311846
 -0.31839713 -0.30096272 -0.70872736 -1.3385302   0.22569628 -0.52074444
  0.24186237  0.71301144 -2.13317     0.7253167 ]
[ 0.03775256  0.01496512  0.5054159   0.8358701   1.8662605   0.0342425
 -0.41589457 -0.2654857  -0.63973826 -1.4565115   0.31932452 -0.5187037
  0.21903498  0.75789785 -2.111632    0.78443396]
[-0.0722954   0.0328737   0.41430455  0.87549335  1.9957569   0.06735937
 -0.529988   -0.29904562 -0.5909406  -1.5097826   0.39561933 -0.56004274
  0.27355498  0.70481    -2.0812612   0.8538041 ]
[ 0.05387837 -0.06223267  0.38125426  0.9594774   2.0321746   0.09582599
 -0.48245126 -0.40263015 -0.6495198  -1.4041584   0.42160416 -0.6099944
  0.23511705  0.74996436 -2.1651902   0.8136443 ]
[ 0.09485632 -0.17643759  0.42082247  0.9870779   1.9907238   0.1317579
 -0.49453306 -0.29975295 -0.5979332  -1.2555577   0.26875073 -0.51281095
  0.21313424  0.7143574  -2.2540443   0.73214877]
[ 0.166207   -0.19204706  0.42875892  1.003925    1.8023659   0.07931146
 -0.321421   -0.23673399 -0.5836552  -1.1763391   0.16867916 -0.455999
  0.17082779  0.8467553  -2.3981133   0.65697384]
[ 0.12553637 -0.05426316  0.47376284  0.8735291   1.8606465   0.00887387
 -0.3290469  -0.30276483 -0.6774166  -1.3681333   0.36591274 -0.5667307
  0.2174664   0.8193351  -2.2286134   0.7445959 ]
[ 7.2028711e-02 -3.7548543e-04  4.5459610e-01  7.6872647e-01
  1.9484227e+00 -1.4966791e-02 -3.7911144e-01 -3.3512014e-01
 -6.8725508e-01 -1.5256377e+00  4.6982464e-01 -6.7556512e-01
  3.2738626e-01  7.0322716e-01 -2.0208049e+00  8.6310136e-01]
[ 0.1542453  -0.04512336  0.39385056  0.80513287  1.9384937  -0.03700834
 -0.29979187 -0.41815907 -0.7301858  -1.472569    0.50821066 -0.7568518
  0.32173294  0.7747281  -2.044516    0.87643325]
[ 0.32312202 -0.13740084  0.39196095  0.9071245   1.8310283  -0.01532063
 -0.17095813 -0.43985686 -0.75371635 -1.2736053   0.39138767 -0.6955514
  0.21818423  0.8832053  -2.2433155   0.74662197]
[ 0.25490227 -0.19841929  0.5229379   0.93763846  1.7598193   0.09276293
 -0.26028925 -0.30882877 -0.65166676 -1.1656005   0.15887459 -0.52285093
  0.23097734  0.8420142  -2.3596537   0.6251512 ]
[ 0.19418879 -0.11911745  0.5310932   0.9032277   1.8685745   0.07184532
 -0.32154936 -0.32310408 -0.67574006 -1.2782577   0.26244503 -0.52542126
  0.23088023  0.7775917  -2.2728412   0.6349746 ]
[ 1.16846144e-01  3.34037840e-02  5.06298184e-01  7.68665671e-01
  1.96091676e+00 -6.41222287e-04 -4.05242503e-01 -3.30454409e-01
 -6.70515716e-01 -1.51683331e+00  4.95464742e-01 -5.88113904e-01
  2.11975172e-01  6.59718394e-01 -2.07615137e+00  7.99766898e-01]
[ 0.00318326  0.07772724  0.4715949   0.7628364   1.9943587  -0.00891951
 -0.48159084 -0.29743546 -0.6058427  -1.5932578   0.53765345 -0.6159302
  0.23908798  0.6060316  -2.0192878   0.8990685 ]
[ 0.05591205  0.05833204  0.45035204  0.80284375  1.9470768  -0.00480326
 -0.39087576 -0.40252957 -0.6778019  -1.5592012   0.5948764  -0.7027168
  0.22616616  0.69927263 -2.045505    0.91721886]
[ 0.09244689 -0.0354217   0.48202628  0.8388842   1.8997701   0.01838678
 -0.35360253 -0.3999971  -0.69497126 -1.4744396   0.47386533 -0.68182623
  0.2887436   0.71964973 -2.066622    0.85955095]
[ 0.27926198 -0.08425633  0.488187    0.8504674   1.8252642  -0.00410668
 -0.22979887 -0.44622588 -0.7683751  -1.4038067   0.42782122 -0.66899574
  0.24430665  0.81697065 -2.1805775   0.8178539 ]
[ 0.14553106 -0.03622656  0.5474962   0.8205841   1.872975    0.07895465
 -0.39362127 -0.3664363  -0.69012433 -1.3977344   0.33265644 -0.5370046
  0.22804546  0.7270647  -2.1513286   0.7838189 ]
[-0.03557264  0.01939114  0.45894614  0.8331791   1.9835002   0.10987625
 -0.5503864  -0.30102995 -0.6018027  -1.4416478   0.3703414  -0.4758075
  0.2234859   0.69724584 -2.117495    0.7947013 ]
[-0.14291833  0.09771708  0.35797468  0.85788023  2.071755    0.14557523
 -0.67840326 -0.27005094 -0.49343848 -1.5132401   0.45180458 -0.48419714
  0.21051626  0.63228124 -2.111184    0.8378658 ]
[-0.02343756  0.05898881  0.35418707  0.916283    2.058512    0.10164469
 -0.54342854 -0.38688037 -0.59315604 -1.4889536   0.5190987  -0.62032014
  0.20487027  0.73891306 -2.1415026   0.81319106]
[ 0.05263605  0.02884687  0.3743445   0.97937125  1.971062    0.11989619
 -0.47240812 -0.36705357 -0.58148754 -1.4073942   0.42498946 -0.61264056
  0.15061383  0.75925577 -2.2125783   0.7591906 ]
[ 0.1333627  -0.0658039   0.4193294   1.0066049   1.8844593   0.12221358
 -0.36593145 -0.36187902 -0.61631614 -1.2923701   0.3065001  -0.59340966
  0.18122324  0.800213   -2.2678897   0.67248833]
[ 0.28925216 -0.12110702  0.4595681   0.92301065  1.7812895   0.07152586
 -0.19745411 -0.36404023 -0.6754974  -1.1763391   0.25504443 -0.59222704
  0.16633768  0.86150485 -2.3299031   0.6081537 ]
[ 0.32908377 -0.14295134  0.5409632   0.8597294   1.8529606   0.09992544
 -0.25807613 -0.3716988  -0.6748004  -1.1633065   0.25047332 -0.55776733
  0.17341366  0.750031   -2.3136764   0.5824486 ]
[ 0.29915595 -0.05438567  0.53358585  0.79602563  1.9728487   0.06713517
 -0.30970895 -0.39089385 -0.69525975 -1.2666681   0.4071865  -0.58658683
  0.16841848  0.66617465 -2.2187278   0.5682177 ]
[ 0.27631617  0.04623242  0.52819663  0.6255151   2.0555177  -0.01968316
 -0.3479306  -0.40182835 -0.72163445 -1.4647379   0.58924073 -0.6709386
  0.23343568  0.5662563  -2.0172348   0.6844246 ]
[ 0.1303105   0.04475093  0.47247458  0.5814501   2.1159863  -0.03835989
 -0.41577977 -0.38664702 -0.6980971  -1.5443685   0.6254737  -0.72574884
  0.3682267   0.5483108  -1.8923706   0.77985656]
[ 0.21846476  0.0564655   0.42490783  0.5335139   2.0794857  -0.10332511
 -0.3114731  -0.50183475 -0.83636796 -1.5717916   0.7667842  -0.8683612
  0.39280692  0.69053364 -1.8378716   0.834638  ]
[ 0.26253608 -0.03845294  0.46725282  0.56662965  2.1030622  -0.06978124
 -0.3057485  -0.5013734  -0.8676914  -1.5064945   0.65009874 -0.8580328
  0.42604208  0.6608292  -1.8352468   0.81231105]
[ 0.37244356 -0.05032842  0.4945568   0.65348136  2.012972   -0.07322037
 -0.25039488 -0.4488204  -0.8339628  -1.4718822   0.6171996  -0.77190197
  0.27190813  0.6643554  -1.9905045   0.7664113 ]
[ 0.2773375  -0.06615814  0.5840655   0.670091    1.9618286  -0.01951695
 -0.30713624 -0.35253084 -0.7452769  -1.4564993   0.4754211  -0.6774598
  0.28512517  0.57854384 -1.9822323   0.736114  ]
[ 0.17358294 -0.02844227  0.5358716   0.6156882   1.981719   -0.06345451
 -0.31387883 -0.36016315 -0.76172626 -1.5459244   0.5522151  -0.731616
  0.36075106  0.61890185 -1.8975096   0.829373  ]
[ 0.16852185  0.02954793  0.44569302  0.523854    2.053255   -0.11535478
 -0.33246383 -0.42893505 -0.7824259  -1.6034781   0.69392306 -0.8321613
  0.3927458   0.6381537  -1.8267275   0.9460646 ]
[ 0.20648758 -0.01322699  0.4196824   0.57098615  2.0955548  -0.11246178
 -0.3760705  -0.4163076  -0.74029976 -1.5323162   0.6310531  -0.80705214
  0.3494977   0.61763185 -1.9009235   0.9794863 ]
[ 0.31925678  0.01697484  0.41617236  0.7229041   1.9715803  -0.09362707
 -0.28969878 -0.4164277  -0.72434676 -1.4906077   0.6105709  -0.7147995
  0.16130479  0.7211917  -2.127522    0.88418996]
[ 0.17983206  0.03652032  0.48434997  0.78044873  1.9215282  -0.02467246
 -0.36736566 -0.31103775 -0.6593365  -1.4864775   0.4758924  -0.5899825
  0.1402289   0.68901354 -2.144215    0.8419266 ]
[ 0.05768519  0.05960692  0.43190923  0.7776918   1.9678875  -0.03421966
 -0.43462712 -0.29854563 -0.6103648  -1.5304039   0.51957065 -0.60231954
  0.18926771  0.6933428  -2.113079    0.895538  ]
[ 0.09167637 -0.00777917  0.39373183  0.8352953   2.0291612  -0.03888537
 -0.4279487  -0.37887746 -0.65368855 -1.5113461   0.5490704  -0.6863575
  0.2519006   0.7187761  -2.1103935   0.91461754]
[ 0.10955273 -0.09289476  0.43120614  0.8966489   2.0509567   0.00905759
 -0.44771782 -0.38445416 -0.66695327 -1.4519703   0.47034898 -0.66757405
  0.2721463   0.6721486  -2.1130042   0.87957513]
[ 0.14521329 -0.06650827  0.44071254  0.8772602   2.0016582   0.01279083
 -0.41960898 -0.35909885 -0.64995915 -1.4134868   0.45059434 -0.6231533
  0.18097202  0.67641634 -2.1563325   0.8693762 ]
[ 1.4162044e-01 -1.3137186e-02  4.5250449e-01  8.6592805e-01
  1.8841999e+00  1.9055962e-03 -3.4676954e-01 -2.8296533e-01
 -5.8828962e-01 -1.3609515e+00  3.7800375e-01 -5.4252583e-01
  9.6677810e-02  7.5646001e-01 -2.2718303e+00  7.9427063e-01]
[ 0.07228091  0.0748383   0.42309022  0.76812714  1.9901946  -0.03258688
 -0.40971535 -0.33524388 -0.5995008  -1.5207918   0.538093   -0.62444466
  0.19066414  0.69992876 -2.121821    0.8550347 ]
[ 0.03270438  0.02914822  0.36907738  0.7901695   2.1405978  -0.01361401
 -0.504445   -0.39450774 -0.6024341  -1.5214983   0.5840123  -0.698009
  0.29126385  0.6695756  -2.0561895   0.8529062 ]
[ 0.10354175 -0.0200933   0.3795511   0.8987954   2.101323    0.06585493
 -0.48972338 -0.40414914 -0.62014186 -1.4392321   0.51927507 -0.64465255
  0.22269794  0.6840277  -2.1579137   0.7655786 ]
[ 0.11780214 -0.01538058  0.40901613  0.8947519   2.0400453   0.07628756
 -0.47951895 -0.35211343 -0.6194116  -1.4176259   0.48131353 -0.5963066
  0.15675418  0.6802379  -2.1991959   0.788019  ]
[ 0.1734575   0.01725682  0.4463535   0.8484319   1.8923805   0.00998692
 -0.33356783 -0.32112533 -0.63858134 -1.3949801   0.4655779  -0.5736769
  0.06727023  0.7619263  -2.283809    0.8277998 ]
[ 0.12921742  0.06941399  0.4495973   0.7813567   1.8842051  -0.03026498
 -0.31095186 -0.37384316 -0.687346   -1.4923728   0.5764359  -0.65015215
  0.16356422  0.7685772  -2.1803105   0.8685573 ]
[ 0.20055747  0.0287325   0.43749294  0.7324789   1.9096944  -0.07138486
 -0.24789305 -0.47632116 -0.8145069  -1.5427778   0.6386043  -0.7644456
  0.29804412  0.78716266 -2.0438743   0.8952075 ]
[ 0.21555118 -0.03543001  0.47757244  0.70324963  1.942765   -0.06798714
 -0.2952991  -0.46755153 -0.8446339  -1.523304    0.5682687  -0.7853705
  0.35438317  0.7444889  -1.9673736   0.94980896]
[ 0.24241552 -0.00256371  0.49961796  0.74418     1.8926331  -0.04735831
 -0.32314357 -0.42185965 -0.8017165  -1.4886724   0.511762   -0.67786425
  0.22838584  0.7402752  -2.0410817   0.9134613 ]
[ 0.06596588  0.05076314  0.5594664   0.7924464   1.8732189   0.07396752
 -0.47562432 -0.28050092 -0.6545781  -1.47907     0.31474045 -0.5013627
  0.1776212   0.66138077 -2.0486429   0.8397709 ]
[-0.13270104  0.128301    0.45524293  0.7725696   1.9925778   0.07953651
 -0.62146413 -0.24695937 -0.54186356 -1.5724179   0.4440681  -0.50728226
  0.17773415  0.6192486  -2.0020392   0.9287194 ]
[-0.08778019  0.08397071  0.38759097  0.88609135  2.022991    0.07030086
 -0.57967454 -0.3639453  -0.59527624 -1.5506303   0.5175072  -0.6223847
  0.21379122  0.7242385  -2.0725384   0.9380969 ]
[-0.01021868 -0.03462052  0.37633142  0.99443734  2.0149891   0.09966613
 -0.53797424 -0.38994065 -0.6393548  -1.4348409   0.41969013 -0.5997304
  0.21166793  0.78189313 -2.159982    0.87741774]
[ 0.02367548 -0.09514663  0.36840218  0.9981726   2.0247006   0.12670705
 -0.52253723 -0.36027446 -0.64118445 -1.3382266   0.34826723 -0.55055845
  0.20373169  0.7683195  -2.2113204   0.82444495]
[ 0.02972899 -0.14048317  0.38394576  1.0380893   1.87892     0.10940365
 -0.416995   -0.21081915 -0.56823456 -1.2378092   0.17690863 -0.42699766
  0.14529791  0.8534651  -2.3683152   0.71729726]
[ 0.01118094  0.00819171  0.40729982  0.9205186   1.9096162   0.04214434
 -0.4235894  -0.28221017 -0.6103631  -1.4345663   0.39990982 -0.53778446
  0.17981747  0.8156433  -2.2563279   0.8166245 ]
[ 0.02978465  0.05417616  0.40632662  0.8564631   1.9379795  -0.02003548
 -0.41206652 -0.33725023 -0.6558668  -1.5604607   0.52932775 -0.65592647
  0.22337241  0.76291215 -2.1128502   0.9241126 ]
[ 0.0146266   0.01108063  0.43709928  0.88473547  1.905886    0.01717584
 -0.3882123  -0.3699537  -0.68478227 -1.5054983   0.4669304  -0.6738826
  0.26133764  0.7851943  -2.0921855   0.89981955]
[ 0.11493788 -0.09296056  0.43334842  0.96638966  1.8427703   0.04403344
 -0.32142055 -0.3803485  -0.6970135  -1.3658136   0.35569042 -0.6227654
  0.23541383  0.8190807  -2.1893644   0.8239592 ]
[ 0.22616646 -0.15704212  0.47906122  0.9477395   1.7328768   0.07029931
 -0.26424596 -0.29659203 -0.63379604 -1.2086303   0.19325602 -0.5141746
  0.13271625  0.8715905  -2.3794613   0.7628007 ]
[ 0.15021363 -0.08760809  0.4956246   0.96386784  1.7793137   0.09673657
 -0.3564586  -0.28205603 -0.6060708  -1.2580184   0.21298099 -0.45966107
  0.11270821  0.82387275 -2.3582628   0.7354609 ]
[ 0.02358095  0.05938692  0.45473534  0.91573125  1.8660316   0.08976816
 -0.45179558 -0.2905639  -0.57361585 -1.4202658   0.35261312 -0.46851397
  0.09544793  0.7762796  -2.2584238   0.79632276]
[-0.14083499  0.16591582  0.42714992  0.8024513   2.0056486   0.07795255
 -0.641353   -0.23342505 -0.49833757 -1.6292967   0.4713084  -0.4955325
  0.18266916  0.57816964 -2.0351005   0.9362496 ]
[-0.07521021  0.12142022  0.40227762  0.91621125  1.960316    0.0488322
 -0.5158512  -0.35634044 -0.59703916 -1.5846695   0.54050463 -0.6306821
  0.1668695   0.7488695  -2.1351938   0.9618225 ]
[-0.06767376  0.05158814  0.44724423  0.9766183   1.8980141   0.10712143
 -0.51347834 -0.33487362 -0.5966572  -1.4938202   0.4192481  -0.5826689
  0.17082466  0.7648738  -2.1829488   0.9062958 ]
[ 0.03625605 -0.06121377  0.45732355  1.0115416   1.8459972   0.10422821
 -0.4299709  -0.33568925 -0.62861264 -1.3553872   0.31946307 -0.55576104
  0.1553795   0.8134057  -2.2707455   0.86052334]
[ 0.1361947  -0.05247849  0.46643934  0.94342154  1.7674462   0.06699049
 -0.31864142 -0.30933955 -0.6221819  -1.2661682   0.27417237 -0.48937377
  0.07937012  0.8666226  -2.379518    0.8013571 ]
[ 0.06217104  0.05175238  0.42068434  0.91892874  1.8657169   0.05831071
 -0.40709752 -0.32051378 -0.5993195  -1.3689926   0.3877645  -0.48457465
  0.0677958   0.8167955  -2.3114676   0.8082649 ]
[ 0.00230695  0.1973851   0.40638342  0.8280958   1.9473107   0.06552307
 -0.4899954  -0.37856    -0.5740511  -1.5399582   0.54776585 -0.52493775
  0.06872352  0.7228115  -2.1587949   0.84973013]
[-0.12401702  0.1998479   0.36082095  0.8863945   2.03997     0.11110818
 -0.59033644 -0.39858446 -0.53487694 -1.5915029   0.5745523  -0.5804409
  0.11997862  0.71008325 -2.0921102   0.88142794]
[-0.04619404  0.1313071   0.35255152  0.92945653  2.0489411   0.16002883
 -0.57461923 -0.4344985  -0.55893314 -1.5032552   0.5319223  -0.5809682
  0.09475808  0.7404456  -2.1504173   0.8294212 ]
[-0.03738773  0.02825401  0.36223766  0.9925293   2.0003533   0.24144308
 -0.6127869  -0.32673696 -0.49799624 -1.3542902   0.36263636 -0.47713584
  0.08612019  0.7254833  -2.2691417   0.742399  ]
[ 0.0707039  -0.13504688  0.39308876  0.98269147  1.9383116   0.19730286
 -0.5139806  -0.21704774 -0.48096418 -1.191146    0.18754533 -0.41102752
  0.13246097  0.7209112  -2.3611767   0.64847785]
[ 0.17143701 -0.15154232  0.4390522   0.9684536   1.8801037   0.07418732
 -0.3373621  -0.26108003 -0.5946323  -1.2121384   0.24471024 -0.4783196
  0.17209439  0.80595887 -2.3768804   0.6138599 ]
[ 0.16346689 -0.02263088  0.4687438   0.8224988   1.9400876  -0.01566658
 -0.32304472 -0.3504053  -0.69583446 -1.4253079   0.47516233 -0.6264291
  0.23484762  0.7530823  -2.1680791   0.7315401 ]
[ 7.6119542e-02 -1.7098189e-04  4.8615327e-01  7.1744972e-01
  1.9844468e+00 -2.5902707e-02 -3.6949128e-01 -3.7673330e-01
 -7.3104537e-01 -1.5369132e+00  5.3073519e-01 -7.1194088e-01
  3.8211948e-01  6.6844523e-01 -1.9509037e+00  8.2396775e-01]
[ 0.15717101 -0.03693441  0.45007628  0.71284807  1.9456764  -0.05136347
 -0.28074244 -0.45384306 -0.8103105  -1.4955382   0.5649017  -0.79510754
  0.4001519   0.7616975  -1.9519203   0.84989816]
[ 0.33093578 -0.12280674  0.46428123  0.7683438   1.8428934  -0.04355621
 -0.15663908 -0.48208684 -0.86700094 -1.3304956   0.45802984 -0.76200616
  0.33878344  0.85412943 -2.0842185   0.7538933 ]
[ 0.33155847 -0.21048665  0.5761428   0.88320714  1.7810293   0.10903408
 -0.22235115 -0.39644426 -0.74087733 -1.1675148   0.18854994 -0.57787263
  0.2810437   0.76212156 -2.2288349   0.58848655]
[ 0.2651039  -0.06176668  0.5952552   0.75456893  1.8886912   0.08105347
 -0.32153916 -0.38672104 -0.7194058  -1.3572972   0.3346029  -0.58203363
  0.26167005  0.63945425 -2.070995    0.639695  ]
[ 0.10672621  0.03383932  0.51944053  0.72514856  1.9676508   0.04700086
 -0.40581694 -0.3561259  -0.6676638  -1.4715201   0.43595567 -0.59452385
  0.27197915  0.644692   -2.0107846   0.7186716 ]
[ 0.02300465  0.02368262  0.42973298  0.7176715   2.0950847   0.05012627
 -0.5010885  -0.36131614 -0.6458537  -1.5101354   0.508215   -0.64006525
  0.3617319   0.58190787 -1.9556576   0.7901705 ]
[ 0.18647331 -0.07023382  0.41121912  0.8395004   2.0700707   0.05015894
 -0.37425745 -0.4830463  -0.75651217 -1.368095    0.5084506  -0.7222932
  0.3404569   0.7207004  -2.0822513   0.6917432 ]
[ 0.39953312 -0.14655901  0.4618557   0.8260784   1.985177    0.01932102
 -0.25375685 -0.46426457 -0.8007755  -1.269297    0.43852225 -0.6921891
  0.28284004  0.72365963 -2.16616     0.61374134]
[ 0.33542365 -0.08876742  0.53611314  0.8117341   1.8857315   0.0507899
 -0.24307236 -0.394389   -0.7508373  -1.2521821   0.35858425 -0.6183974
  0.21856418  0.7214772  -2.1986213   0.58517   ]
[ 0.24373694 -0.00866124  0.5581933   0.65975165  1.9502014  -0.01387756
 -0.28768814 -0.39875332 -0.78712696 -1.4038258   0.49036556 -0.6730761
  0.31688613  0.6687406  -2.0044613   0.6496752 ]
[ 0.23754227 -0.01795114  0.5441092   0.62510884  1.9969053  -0.02015893
 -0.26848632 -0.46712846 -0.8614834  -1.4304844   0.54073256 -0.7498323
  0.4133649   0.6850431  -1.936785    0.6702336 ]
[ 0.24486971 -0.08260588  0.5434656   0.63467896  2.0896804  -0.01859167
 -0.33619422 -0.49636668 -0.9080359  -1.4721767   0.5673522  -0.8154308
  0.476054    0.63398206 -1.820542    0.7223637 ]
[ 0.38452086 -0.09980909  0.56784314  0.64353     1.9706662  -0.05578417
 -0.26060897 -0.45735088 -0.9287375  -1.4473069   0.53920186 -0.7875106
  0.36907092  0.6769287  -1.9040111   0.75138295]
[ 0.2555353  -0.11729715  0.666111    0.6707471   1.9089394   0.00962896
 -0.3068947  -0.37305152 -0.8489828  -1.4281156   0.39113253 -0.68455875
  0.39889804  0.605445   -1.8767561   0.6897124 ]
[ 0.10337436 -0.06530754  0.6314151   0.6095632   1.9325012  -0.02165384
 -0.33668774 -0.35302332 -0.8613496  -1.527997    0.45050853 -0.7091447
  0.45147425  0.65724885 -1.7857573   0.789548  ]
[ 0.0640377  -0.05894926  0.56473476  0.5340255   2.04114    -0.05914418
 -0.40896994 -0.38431078 -0.850787   -1.579979    0.54828596 -0.81953394
  0.505269    0.6347206  -1.7115743   0.95148647]
[ 0.17418839 -0.08926377  0.5047424   0.6737907   2.044917   -0.03633585
 -0.3826186  -0.43430972 -0.8023483  -1.5178709   0.51637167 -0.785039
  0.42261523  0.6132511  -1.854716    0.9220785 ]
[ 0.23141856 -0.01728165  0.46361977  0.6825938   1.958943   -0.06144477
 -0.3591748  -0.36226058 -0.7368998  -1.4720389   0.49697304 -0.688121
  0.25995785  0.68135273 -1.9837048   0.8750397 ]
[ 0.09127284  0.01697709  0.53000045  0.730614    1.9660972   0.05851084
 -0.484912   -0.2368977  -0.57950246 -1.4381311   0.3012803  -0.51697797
  0.21977094  0.613206   -2.0507596   0.7468668 ]
[-0.01625896  0.08246125  0.40417784  0.79387724  2.077175    0.05236669
 -0.5616334  -0.2716732  -0.49974012 -1.4929395   0.4585271  -0.55020607
  0.20521     0.59889495 -2.1104286   0.7987665 ]
[ 0.07180665  0.01497892  0.3564014   0.8550345   2.1570678   0.0412785
 -0.509149   -0.40934005 -0.5966666  -1.4518903   0.5811822  -0.6727294
  0.22530606  0.65052414 -2.122424    0.77414656]
[ 0.12817405 -0.05049222  0.35274556  0.8916046   2.1484365   0.05726667
 -0.47856998 -0.40134114 -0.62260044 -1.3652751   0.5401667  -0.6269211
  0.20366251  0.6745316  -2.1981492   0.708585  ]
[ 0.21508029 -0.04848402  0.38953242  0.841025    2.0437732   0.00938304
 -0.36006895 -0.35110426 -0.6492547  -1.3373674   0.49878988 -0.5809441
  0.12969197  0.7345156  -2.2720692   0.6979734 ]
[ 0.18007842 -0.00711505  0.44752416  0.78547764  2.0100036  -0.01982222
 -0.34733972 -0.34841415 -0.67163557 -1.451194    0.54841685 -0.6303328
  0.193457    0.7023597  -2.1801333   0.7503987 ]
[ 0.23909386  0.04096282  0.4331594   0.6831013   2.027621   -0.094898
 -0.28971314 -0.43115133 -0.7478905  -1.5886176   0.69351614 -0.7688714
  0.24962649  0.65436405 -1.9987173   0.86475104]
[ 0.19404434  0.03462736  0.48196465  0.59264815  1.9779898  -0.09999155
 -0.29314893 -0.4345304  -0.8161114  -1.6301342   0.67465794 -0.81104267
  0.35942185  0.6562545  -1.8421428   0.9244897 ]
[ 0.18837948 -0.08838746  0.47500953  0.6042222   2.0248551  -0.10586412
 -0.3339406  -0.38168737 -0.7853917  -1.5157111   0.5383488  -0.80454874
  0.42635426  0.641507   -1.8486687   0.93547726]
[ 0.35633498 -0.09208944  0.49275818  0.68449193  1.9317592  -0.09015433
 -0.26597965 -0.38946453 -0.7476207  -1.405207    0.4702763  -0.71072733
  0.2589096   0.700853   -2.079055    0.85079515]
[ 0.22305813 -0.09186517  0.5576133   0.7710203   1.886885    0.02154596
 -0.39040866 -0.27630982 -0.633721   -1.3764349   0.2737401  -0.5256434
  0.24038383  0.62989676 -2.1029599   0.7578898 ]
[ 0.01536226  0.00654466  0.47772208  0.757137    2.0315566   0.0129281
 -0.5556892  -0.20161755 -0.53163576 -1.5112444   0.39127982 -0.51021916
  0.21048792  0.57003397 -2.0545201   0.86114705]
[-0.03257828  0.07919378  0.40003037  0.79336125  2.06159    -0.01084779
 -0.5427866  -0.2843141  -0.52313894 -1.564582    0.5443834  -0.5961933
  0.19633514  0.6091201  -2.0928893   0.934275  ]
[ 0.05320897  0.0194672   0.36430818  0.8568268   2.0567853  -0.00921287
 -0.4676629  -0.3948681  -0.618875   -1.5117773   0.58979595 -0.675428
  0.2101254   0.7079566  -2.1260724   0.91437703]
[ 0.08540189 -0.05732485  0.37217137  0.90047634  2.055962    0.02703841
 -0.4533956  -0.3758112  -0.60466653 -1.4115635   0.49559975 -0.63693416
  0.22183576  0.69535744 -2.1885352   0.84037256]
[ 0.26205236 -0.0668318   0.36064067  0.883036    1.963094   -0.05726848
 -0.27568036 -0.40541562 -0.7067401  -1.3848938   0.5241625  -0.6467166
  0.15427388  0.80335295 -2.2608018   0.81776476]
[ 0.13515624  0.02112432  0.45324254  0.88811666  1.8714917   0.01723812
 -0.32931867 -0.32304257 -0.646156   -1.3909079   0.40564147 -0.5421327
  0.12413635  0.8040568  -2.284616    0.75976557]
[ 0.07168052  0.09367356  0.43445802  0.76911134  1.962085   -0.03453542
 -0.39079243 -0.3512327  -0.65544176 -1.5519098   0.5527328  -0.6142076
  0.19437227  0.7250489  -2.0935588   0.85667497]
[ 0.06198748  0.05298492  0.37181658  0.7684691   2.0550778  -0.04123475
 -0.4461248  -0.3902282  -0.643412   -1.540795    0.5903324  -0.6693412
  0.22551262  0.7096178  -2.0582623   0.9243473 ]
[ 0.06791078 -0.04680489  0.39824557  0.9132455   2.032675    0.07068876
 -0.4633991  -0.39381096 -0.6525294  -1.4131166   0.44901156 -0.5998731
  0.2325662   0.73637694 -2.1558335   0.79014367]
[ 0.11434911 -0.11237105  0.43479258  0.9393172   1.9696376   0.10417434
 -0.46486196 -0.2799008  -0.5891781  -1.3041556   0.27715263 -0.5093754
  0.18859379  0.7182102  -2.2604306   0.7377895 ]
[ 0.20804772 -0.09671003  0.47608024  0.94674844  1.8701864   0.05996789
 -0.3358159  -0.29286104 -0.63521075 -1.2959992   0.2726664  -0.49837914
  0.12649935  0.7843338  -2.3162549   0.6880563 ]
[ 0.0987817  -0.00502529  0.4690086   0.88353235  1.895571    0.04258787
 -0.39900404 -0.26396006 -0.597406   -1.4168155   0.34543002 -0.5153574
  0.14449611  0.734898   -2.2054393   0.7537689 ]
[ 0.00539045 -0.02563643  0.44620767  0.753557    2.0776942   0.00854721
 -0.5459417  -0.2225573  -0.5488843  -1.5149661   0.40196672 -0.5612978
  0.29414898  0.5529343  -2.0022292   0.8504713 ]
[ 1.0326437e-01 -1.3975094e-01  4.0661001e-01  8.9825374e-01
  2.0462677e+00  1.1125967e-03 -4.4833589e-01 -3.1081313e-01
 -6.2965357e-01 -1.3919604e+00  3.7850323e-01 -6.1925328e-01
  3.0180389e-01  6.9589365e-01 -2.1323640e+00  8.0628479e-01]
[ 0.21825925 -0.2287103   0.47612852  0.9054657   2.0219207   0.0324638
 -0.43922225 -0.26924047 -0.59015316 -1.2865298   0.25959826 -0.54649687
  0.2541815   0.63271236 -2.2246146   0.74648637]
[ 0.22555518 -0.20575914  0.4688026   0.94193923  1.930279    0.03824809
 -0.37519398 -0.23188186 -0.5475453  -1.203418    0.21249518 -0.4655226
  0.14490461  0.6799652  -2.3340983   0.6812287 ]
[ 0.16843231 -0.08210038  0.45690376  0.78187656  2.032783   -0.0062578
 -0.46224913 -0.24571781 -0.56345105 -1.3736773   0.3909083  -0.5197589
  0.18752515  0.58723843 -2.1517243   0.7631749 ]
[ 0.07820393 -0.04472827  0.41095108  0.73847055  2.1314645  -0.01669905
 -0.51708275 -0.2548781  -0.55779874 -1.437477    0.44359607 -0.538973
  0.28719628  0.5655279  -2.0876994   0.7651568 ]
[ 0.1808227  -0.10254262  0.35129336  0.82917213  2.1650066  -0.06044202
 -0.42679685 -0.36582047 -0.64819837 -1.3997152   0.51231223 -0.6721967
  0.3289075   0.6388732  -2.1157546   0.74903804]
[ 0.35616976 -0.18059509  0.36456507  0.91409004  2.0630565  -0.04965555
 -0.28411025 -0.39040732 -0.7085605  -1.2819449   0.42012566 -0.6461309
  0.26345688  0.7209399  -2.2316396   0.6298715 ]
[ 0.34555915 -0.15519398  0.4472343   0.85827494  2.038096   -0.02856391
 -0.3016786  -0.3788424  -0.7338204  -1.3045858   0.41946584 -0.60778683
  0.25499263  0.66468877 -2.1738207   0.61397773]
[ 0.16114028 -0.1484632   0.5607622   0.7327424   2.0829692   0.0113518
 -0.44328743 -0.2747264  -0.6787764  -1.314649    0.34808603 -0.55636597
  0.31340337  0.5688905  -2.0495782   0.64585155]
[ 0.13401544 -0.12778041  0.5361396   0.7115563   2.1118093   0.0130027
 -0.42297286 -0.33185935 -0.7318157  -1.3828846   0.41978678 -0.6045564
  0.39013204  0.5721458  -1.9803555   0.6532775 ]
[ 0.23751144 -0.13135536  0.4830277   0.6878494   2.1622777  -0.06208789
 -0.37723255 -0.43046808 -0.81636494 -1.4568621   0.5583669  -0.7487394
  0.4272011   0.5657567  -1.8774626   0.7412429 ]
[ 0.260099   -0.18435779  0.5091531   0.6804041   2.143133   -0.04979978
 -0.36267704 -0.41080084 -0.81529856 -1.4141041   0.4828114  -0.7358664
  0.4774913   0.54438245 -1.8672707   0.7041934 ]
[ 0.27953362 -0.1060684   0.517682    0.6519649   2.027802   -0.05050209
 -0.27640265 -0.4274444  -0.86410224 -1.405255    0.50305736 -0.7161151
  0.45122313  0.6216931  -1.8941143   0.6468473 ]
[ 0.12922117 -0.12549396  0.6329206   0.5416497   2.113069    0.06530546
 -0.435968   -0.3481172  -0.8511715  -1.3849472   0.34734243 -0.6487175
  0.55222553  0.5171647  -1.7173408   0.5730649 ]
[ 0.24734513 -0.15050529  0.5201694   0.6458237   2.1649168   0.00323156
 -0.38301238 -0.4301836  -0.8608818  -1.387191    0.45981708 -0.74452484
  0.5132863   0.54536754 -1.8188591   0.6362496 ]
[ 0.2859287  -0.15730885  0.520064    0.71224445  2.081768   -0.0182251
 -0.32541    -0.4317872  -0.864256   -1.3746374   0.47346607 -0.7189865
  0.42752257  0.60222584 -1.9018157   0.6489622 ]
[ 0.23729038 -0.17304349  0.5548293   0.72563297  1.9860489   0.04630415
 -0.31530923 -0.3662623  -0.8166441  -1.2807137   0.34187698 -0.622225
  0.37498987  0.6044787  -1.939419    0.60084856]
[ 0.25130582 -0.20924151  0.5617099   0.7095176   1.9919527   0.02424113
 -0.29223287 -0.4055778  -0.8504144  -1.3066814   0.36841917 -0.68089616
  0.46005565  0.63022375 -1.9263904   0.63246834]
[ 0.36732942 -0.22079897  0.5264798   0.67653525  2.062876   -0.06971159
 -0.2610288  -0.46229163 -0.90554523 -1.3614901   0.48433256 -0.77808255
  0.47967902  0.5913228  -1.8631876   0.69368184]
[ 0.31826657 -0.19055593  0.55667895  0.6078658   2.0311837  -0.06560943
 -0.2868489  -0.44039446 -0.9274623  -1.4474962   0.4950673  -0.78859127
  0.53069454  0.6139468  -1.7630504   0.7179468 ]
[ 0.13026583 -0.191259    0.6469828   0.5192792   2.0631254   0.02873562
 -0.43458757 -0.32013255 -0.87517184 -1.42864     0.33888927 -0.6656218
  0.5962213   0.5094677  -1.617487    0.6622506 ]
[ 0.1255267  -0.13339715  0.5433387   0.5407902   2.1622157   0.01648222
 -0.4567069  -0.37687808 -0.8508614  -1.4312702   0.45516545 -0.68509334
  0.53164035  0.5094393  -1.7084398   0.72202694]
[ 0.17714927 -0.12004203  0.44286448  0.6302192   2.1531177  -0.05276166
 -0.38651273 -0.4179089  -0.8482064  -1.4263083   0.52389807 -0.7388575
  0.4928853   0.6085905  -1.8311975   0.75787854]
[ 0.30343118 -0.10745623  0.44102407  0.71885073  2.0436585  -0.07120222
 -0.274581   -0.44864655 -0.88050044 -1.374819    0.51136476 -0.7202753
  0.37477884  0.7126173  -1.9835688   0.71788776]
[ 0.19558525 -0.14876167  0.54654044  0.76076835  1.9734344   0.06707327
 -0.32706603 -0.35008466 -0.8016251  -1.3089774   0.29858527 -0.6110889
  0.3971695   0.63270015 -1.9834063   0.6192867 ]
[ 0.3113622  -0.10083785  0.480781    0.7132591   1.9443245  -0.06534725
 -0.22043416 -0.4501113  -0.9022795  -1.3939836   0.48236412 -0.7546037
  0.38923723  0.7374526  -1.9511532   0.7435283 ]
[ 0.23873635 -0.25327682  0.56879085  0.7852839   1.9074656   0.06371655
 -0.2840704  -0.40116054 -0.88671386 -1.256259    0.23960352 -0.6619247
  0.53895473  0.6901838  -1.9290749   0.5983883 ]
[ 0.36759776 -0.2777019   0.5507089   0.7153541   1.9794214  -0.02154967
 -0.25598687 -0.43605608 -0.93350565 -1.280657    0.33816195 -0.7226743
  0.48707223  0.68570215 -1.9066238   0.67069936]
[ 0.27942884 -0.31368393  0.6897017   0.73583937  1.9444431   0.1363866
 -0.38733423 -0.2842406  -0.7624073  -1.2038686   0.08597238 -0.54725534
  0.45172325  0.5110949  -1.9213823   0.5426127 ]
[ 0.21937057 -0.17518121  0.57677984  0.6899358   2.0013015   0.01012446
 -0.3814693  -0.29007316 -0.7556194  -1.3729931   0.30099687 -0.6025475
  0.42097807  0.5615298  -1.9127445   0.6713128 ]
[ 0.08744343 -0.10874529  0.5650701   0.57660896  2.1239762  -0.02718985
 -0.46805525 -0.29357275 -0.75667465 -1.4768157   0.42893973 -0.6387359
  0.47677016  0.5167291  -1.7937307   0.7524977 ]
[ 0.15509994 -0.11566629  0.48515186  0.6834733   2.1320844  -0.0287033
 -0.38845366 -0.39663443 -0.8106079  -1.4464952   0.47595853 -0.6950474
  0.47811526  0.59781957 -1.8866199   0.72385436]
[ 0.2347426  -0.1518332   0.47311515  0.72872126  2.1226425  -0.04203382
 -0.3610074  -0.4053406  -0.8156334  -1.3913423   0.4317316  -0.71629065
  0.46261168  0.6081681  -1.9281397   0.7133829 ]
[ 0.3351295  -0.10761263  0.47921294  0.75122267  2.017017   -0.0590058
 -0.27538806 -0.42232877 -0.83926666 -1.3540838   0.45870814 -0.681561
  0.32407814  0.67537665 -2.0375524   0.6978495 ]
[ 0.16626891 -0.09928013  0.582534    0.7409492   1.9675941   0.08601178
 -0.35266772 -0.35235542 -0.7860706  -1.2754523   0.29643124 -0.5577697
  0.36719447  0.63863593 -2.0184007   0.5543499 ]
[ 0.1404211  -0.11984169  0.6118378   0.68631333  2.0132535   0.11203907
 -0.3731727  -0.38291305 -0.8168599  -1.2936227   0.31185713 -0.5797949
  0.48867002  0.61155653 -1.933326    0.47886372]
[ 0.26635325 -0.17405333  0.5768955   0.6636885   2.121887    0.03960412
 -0.3659212  -0.47032467 -0.88391435 -1.3594186   0.4480855  -0.72498596
  0.52922076  0.5419036  -1.8113902   0.5596386 ]
[ 0.30421662 -0.16571006  0.61022955  0.68701345  2.0357182   0.04257762
 -0.34071225 -0.43942195 -0.9055937  -1.3727906   0.4142395  -0.7021134
  0.45269686  0.5713086  -1.802715    0.56896794]
[ 0.22031026 -0.17522767  0.7162104   0.6678921   1.9436508   0.12167969
 -0.39025885 -0.32346442 -0.82176733 -1.3598951   0.23985204 -0.6002718
  0.43386763  0.5421932  -1.8198497   0.5632831 ]
[ 0.14644165 -0.1637731   0.7279357   0.59503835  1.9937289   0.07900202
 -0.39113897 -0.33481807 -0.8542616  -1.4409648   0.32711852 -0.66672546
  0.5139392   0.53951234 -1.7497389   0.63808215]
[ 0.17088185 -0.19163153  0.61309224  0.5475451   2.1037679  -0.00788463
 -0.41630954 -0.40876612 -0.908936   -1.4873593   0.48072952 -0.78836983
  0.60780185  0.49619085 -1.6381493   0.7914276 ]
[ 0.2530133  -0.268885    0.57742345  0.544342    2.1140518  -0.04774059
 -0.42308718 -0.38062155 -0.9026254  -1.409837    0.39271474 -0.8027051
  0.6196377   0.5380131  -1.6653973   0.8281763 ]
[ 0.27688685 -0.23331621  0.56316245  0.6610677   2.002954   -0.03543627
 -0.3694176  -0.31965393 -0.8425519  -1.3835449   0.31434986 -0.6880435
  0.51389873  0.580701   -1.7961162   0.7188092 ]
[ 0.08864076 -0.12881958  0.5545999   0.5941156   2.0573642  -0.00816787
 -0.5183743  -0.18787001 -0.70197994 -1.4552431   0.30270138 -0.5624784
  0.44877738  0.518681   -1.7621056   0.7264929 ]
[ 0.00293955 -0.08778168  0.4949844   0.67787945  2.1304085  -0.02109682
 -0.5355843  -0.23384075 -0.6699203  -1.4918133   0.38417795 -0.5632371
  0.44375294  0.5736928  -1.8903784   0.75164866]
[ 0.12854354 -0.13747017  0.4425896   0.8230916   2.176955   -0.0191898
 -0.4538981  -0.3979319  -0.73495424 -1.4054244   0.4787003  -0.6600713
  0.41516858  0.64521354 -2.0346305   0.69467264]
[ 0.15596822 -0.19620928  0.5170892   0.86567223  2.1282024   0.0801402
 -0.48498154 -0.35089213 -0.7205494  -1.3421804   0.35329702 -0.61233157
  0.41254702  0.586587   -2.0356998   0.6014848 ]
[ 0.22705893 -0.15010378  0.5104359   0.818892    2.0321472   0.04990136
 -0.3871182  -0.35271809 -0.7416283  -1.3386934   0.35977483 -0.6063558
  0.33760804  0.6132462  -2.0363805   0.62353724]
[ 0.15086134 -0.13872139  0.5642446   0.7565072   1.9658878   0.04516681
 -0.38288373 -0.2660181  -0.70146644 -1.318642    0.2854523  -0.57262933
  0.32133818  0.6243581  -2.0116584   0.63891256]
[ 0.1843514  -0.13812943  0.53177905  0.7496638   1.9622662  -0.00555768
 -0.3125883  -0.35120893 -0.7780968  -1.3749717   0.37131557 -0.6778528
  0.40783453  0.6799857  -1.9969018   0.71018547]
[ 0.30390316 -0.21099308  0.5142886   0.7367058   2.0233917  -0.0424358
 -0.2957709  -0.42723098 -0.8471365  -1.3710938   0.41701263 -0.7399995
  0.45815057  0.6411292  -1.9222596   0.7243736 ]
[ 0.42139858 -0.28574497  0.55189055  0.72687155  1.9863335  -0.02347841
 -0.2870968  -0.39913258 -0.8288266  -1.2679081   0.32067907 -0.68777025
  0.40791455  0.6110961  -1.9847788   0.69883496]
[ 0.3101526  -0.2932004   0.6427649   0.68247753  1.99193     0.08899759
 -0.43857282 -0.25315708 -0.69166076 -1.2086949   0.15888752 -0.53082544
  0.42714533  0.47260362 -1.9603357   0.55827796]
[ 0.17606191 -0.16355483  0.57961005  0.5884943   2.0695395   0.00986113
 -0.44737402 -0.24482262 -0.7118837  -1.3587978   0.31375664 -0.56024873
  0.45515975  0.53428364 -1.8993409   0.6191889 ]
[ 0.09670738 -0.08254192  0.51905286  0.5493757   2.208444   -0.02746849
 -0.50504047 -0.30063298 -0.7397679  -1.4631612   0.49286327 -0.6311951
  0.46253616  0.4855729  -1.7844002   0.6824528 ]
[ 0.21848626 -0.07868892  0.43656975  0.6754812   2.1870549  -0.06801567
 -0.3928203  -0.41728845 -0.7720555  -1.4756683   0.59501374 -0.7606772
  0.3971237   0.5720798  -1.9156411   0.76322794]
[ 0.3039554  -0.08932285  0.42403498  0.71155345  2.0633118  -0.10654354
 -0.27126876 -0.44470388 -0.8443657  -1.4207811   0.5714521  -0.76134634
  0.35286272  0.68551415 -1.9893258   0.7790205 ]
[ 0.2889757  -0.15236886  0.49576926  0.7515358   1.9816139  -0.05465789
 -0.23363356 -0.44491535 -0.89139634 -1.3582387   0.48660713 -0.70430547
  0.3990193   0.70759237 -1.9949367   0.68258846]
[ 0.18421805 -0.24704254  0.61221087  0.7337717   1.9861958   0.08155002
 -0.33546406 -0.38146725 -0.8692136  -1.2943939   0.28647405 -0.6498183
  0.51917195  0.63471925 -1.8957264   0.5920163 ]
[ 0.33727622 -0.20150462  0.54038495  0.68580806  2.015361   -0.04049834
 -0.27541596 -0.47036582 -0.9339485  -1.4018451   0.43787462 -0.7894939
  0.52809346  0.64798534 -1.8085871   0.690766  ]
[ 2.6965985e-01 -1.9394675e-01  5.5467302e-01  6.7380875e-01
  1.9574524e+00  1.0011733e-03 -3.0097601e-01 -3.9868268e-01
 -8.7827861e-01 -1.3923343e+00  3.5103813e-01 -7.2994590e-01
  5.1957619e-01  6.2207431e-01 -1.7851254e+00  6.9323933e-01]
[ 0.10576697 -0.13447027  0.5853495   0.5645741   2.0265288   0.02078724
 -0.45160827 -0.2750761  -0.7881851  -1.4333109   0.3440215  -0.6314187
  0.48782653  0.54066515 -1.7521925   0.756214  ]
[ 0.10291485 -0.18110041  0.5246062   0.74952656  2.0023923   0.02453911
 -0.36486053 -0.32696396 -0.7877931  -1.3637505   0.29936928 -0.6037076
  0.4898819   0.6878024  -1.9719931   0.68072593]
[ 0.21262899 -0.19276577  0.4675002   0.7478126   2.0769231  -0.06129024
 -0.34662575 -0.40360266 -0.84120405 -1.4417119   0.4448182  -0.7362748
  0.49152452  0.66932154 -1.9150864   0.79272336]
[ 0.2988676  -0.15359478  0.4686429   0.7855722   1.9511913  -0.06745527
 -0.27606535 -0.37604156 -0.7993864  -1.4039047   0.4487353  -0.66591483
  0.31137028  0.6743618  -2.0275073   0.7947384 ]
[ 0.09918744 -0.13956079  0.55537283  0.7746201   1.9039539   0.0204274
 -0.3828015  -0.25752997 -0.69855064 -1.3690141   0.28104642 -0.54792273
  0.33313715  0.6422703  -1.9951613   0.7442096 ]
[ 0.0594094  -0.14073369  0.51433676  0.7577386   1.9123182  -0.02041075
 -0.34449688 -0.27963194 -0.7422625  -1.4086784   0.31407085 -0.5772934
  0.42053968  0.71434987 -1.9852556   0.77040005]
[ 0.18104723 -0.13822894  0.44903105  0.7979686   1.9576101  -0.07401753
 -0.28307098 -0.399756   -0.7967887  -1.4328868   0.43997365 -0.7044979
  0.39419746  0.7392092  -2.0176606   0.85424864]
[ 0.2928709  -0.14382322  0.46991748  0.85840017  1.9188588  -0.02473603
 -0.2593023  -0.4111777  -0.7647794  -1.3409834   0.36181906 -0.6323111
  0.25050953  0.73215467 -2.1285262   0.7856757 ]
[ 0.12852125 -0.08428706  0.52061015  0.8771367   1.9431645   0.12743224
 -0.43278462 -0.32324332 -0.64018035 -1.3139184   0.24533796 -0.4912041
  0.20000243  0.6544486  -2.157287    0.71010876]
[ 0.00380698 -0.02125203  0.47411117  0.82013005  2.004559    0.12419508
 -0.54106885 -0.27157885 -0.5846604  -1.3807234   0.3141608  -0.4605729
  0.24743395  0.6450426  -2.125177    0.7160963 ]
[ 0.00900051  0.0261324   0.42309922  0.8379625   2.0662136   0.13661003
 -0.5601461  -0.33265585 -0.62197876 -1.4114258   0.40455765 -0.5161732
  0.2829997   0.6403316  -2.1138892   0.69356906]
[ 0.14448304 -0.10248943  0.4029716   0.93443614  2.10192     0.10334554
 -0.43940622 -0.4403417  -0.76933897 -1.342795    0.39758307 -0.6384444
  0.36669147  0.6826369  -2.073777    0.634422  ]
[ 0.33136588 -0.14290835  0.39060307  0.9401867   1.9877045   0.03252046
 -0.2602109  -0.4577744  -0.8190791  -1.2475678   0.38190237 -0.62522227
  0.2453469   0.7625067  -2.1839974   0.62476766]
[ 0.22060446 -0.11293827  0.47401658  0.9216118   1.8585122   0.11310863
 -0.28354537 -0.3482152  -0.73283213 -1.1828377   0.2547211  -0.5286779
  0.19180055  0.7558406  -2.2210107   0.57859296]
[ 0.21473145 -0.1678401   0.537266    0.82873726  1.9016527   0.06338693
 -0.28064626 -0.36766377 -0.7689676  -1.2424352   0.28877217 -0.6049021
  0.33725843  0.71194804 -2.0848727   0.5916769 ]
[ 0.3237725  -0.20461583  0.5249537   0.7205528   2.0429385  -0.0443479
 -0.2748395  -0.4819023  -0.9148487  -1.3623735   0.45965344 -0.74914014
  0.5021496   0.63951415 -1.895545    0.67381865]
[ 0.28176862 -0.24549094  0.5852643   0.6574831   2.1213284   0.02110964
 -0.360513   -0.47017336 -0.925889   -1.3489873   0.42132252 -0.7370073
  0.57699776  0.5548798  -1.7868773   0.6127545 ]
[ 0.25068092 -0.24890058  0.6709434   0.59081805  2.1269996   0.08938883
 -0.42155656 -0.3813705  -0.8659028  -1.289368    0.29082337 -0.6541078
  0.5711644   0.48514682 -1.7800232   0.5213795 ]
[ 0.16067842 -0.10311806  0.5832193   0.5892645   2.1470447   0.04255413
 -0.41895828 -0.3775629  -0.8185692  -1.4253446   0.4396779  -0.6777653
  0.495683    0.52406865 -1.7979656   0.5968544 ]
[ 0.10377342  0.02579145  0.5139547   0.44472772  2.1620367  -0.06293124
 -0.43398246 -0.41368508 -0.86072433 -1.572213    0.6725947  -0.8052643
  0.45871377  0.5820042  -1.6582216   0.8108217 ]
[ 0.21627286 -0.06470406  0.47764668  0.59500045  2.0852382  -0.05759084
 -0.32745677 -0.4376672  -0.8609994  -1.4736865   0.57555264 -0.7777575
  0.43145496  0.613562   -1.8072811   0.77769625]
[ 0.37444338 -0.1678899   0.50279564  0.7014434   1.953126   -0.04941631
 -0.20483673 -0.47672457 -0.91315997 -1.3623003   0.47753197 -0.7776028
  0.42311683  0.6897148  -1.9139683   0.70497185]
[ 0.39469057 -0.2634139   0.5644485   0.71747243  1.9507259  -0.03111752
 -0.2547409  -0.4571287  -0.91346645 -1.3026137   0.39230144 -0.7377841
  0.48396975  0.63750094 -1.8893719   0.66737676]
[ 0.29976076 -0.33416605  0.6853177   0.6652919   1.9421955   0.09493407
 -0.3526425  -0.35164064 -0.8569869  -1.2373013   0.18479896 -0.6273313
  0.57693225  0.5482146  -1.8417091   0.5601225 ]
[ 0.1775423  -0.21484265  0.6608367   0.5613328   2.041744    0.07765079
 -0.41309124 -0.31595826 -0.8435938  -1.3423054   0.25274903 -0.6146612
  0.56576824  0.5259067  -1.7403338   0.5806231 ]
[ 0.13249895 -0.09537315  0.5469463   0.5133333   2.1959767   0.00482758
 -0.49398628 -0.33075207 -0.8105771  -1.456117    0.4475677  -0.67514735
  0.5048419   0.46472588 -1.6867126   0.7029577 ]
[ 0.18298101 -0.06039975  0.45270753  0.5966111   2.1692662  -0.08260107
 -0.3999691  -0.39939123 -0.8206617  -1.4719515   0.57538676 -0.7538024
  0.42784747  0.60428005 -1.8520806   0.7979822 ]
[ 0.2677024  -0.0644539   0.46879587  0.7172608   2.0266228  -0.07147752
 -0.27844876 -0.45570827 -0.87073195 -1.3995883   0.5506626  -0.7001992
  0.36728874  0.6960642  -1.9941037   0.70142376]
[ 0.14294264 -0.14668432  0.59983176  0.7551056   2.0088398   0.11871126
 -0.368303   -0.42143375 -0.8586837  -1.3018216   0.32376346 -0.6148103
  0.47513357  0.6228195  -1.9205744   0.54208815]
[ 0.29922938 -0.18754193  0.55716246  0.7259213   2.0638113   0.02407113
 -0.31080133 -0.49277478 -0.9247751  -1.3495086   0.43432528 -0.74760664
  0.4895501   0.5959938  -1.8402655   0.6225038 ]
[ 0.34180623 -0.20011708  0.59081805  0.74667597  1.9404866   0.02422187
 -0.23892109 -0.46592268 -0.93877155 -1.3097346   0.36305147 -0.6980698
  0.4691499   0.6393216  -1.8865535   0.5799969 ]
[ 0.15689307 -0.20825472  0.7036861   0.6712296   1.9301453   0.12447046
 -0.35859695 -0.3675855  -0.88958895 -1.3262136   0.23452905 -0.6183555
  0.54076517  0.59066355 -1.7783711   0.5519557 ]
[ 0.13462284 -0.18014386  0.675981    0.56405413  2.0544837   0.09272531
 -0.3820911  -0.43301147 -0.95433104 -1.373671    0.35141876 -0.7129435
  0.63042206  0.56815565 -1.6663868   0.58975625]
[ 0.2311368  -0.16670981  0.5822023   0.6047044   2.137384    0.05573196
 -0.39161372 -0.50781417 -0.9587663  -1.3709133   0.45771724 -0.77555805
  0.5965167   0.5316045  -1.685504    0.6203021 ]
[ 0.29876867 -0.15536515  0.58217514  0.58598757  2.0991118   0.04469214
 -0.37670806 -0.4627933  -0.9519035  -1.3203094   0.42978206 -0.74301356
  0.52992994  0.545252   -1.7399051   0.59403765]
[ 0.24680647 -0.14375424  0.6347413   0.63289213  1.9482533   0.10349435
 -0.31824973 -0.41768757 -0.9392912  -1.2683448   0.31069088 -0.6257669
  0.5197542   0.6148063  -1.8117062   0.46889287]
[ 0.19271564 -0.12119208  0.626803    0.61531794  2.0041175   0.09493636
 -0.33427662 -0.453157   -0.95425016 -1.3263013   0.36691648 -0.66702133
  0.52353793  0.6200293  -1.7367035   0.5060734 ]
[ 0.2725882  -0.18622501  0.5594662   0.6336912   2.056747    0.02751086
 -0.31689915 -0.50950956 -0.99311477 -1.3553548   0.45720714 -0.7787069
  0.55321246  0.60173833 -1.7018831   0.6402091 ]
[ 0.45553046 -0.24830088  0.60635567  0.66993004  1.9586151  -0.01055116
 -0.2317799  -0.49797463 -1.0145994  -1.2830641   0.42448205 -0.75910264
  0.45572576  0.6258899  -1.8248266   0.6312437 ]
[ 0.3193292  -0.37396866  0.77186507  0.6177257   1.9279095   0.17077038
 -0.3587262  -0.35062927 -0.93298626 -1.2165812   0.10526862 -0.63281703
  0.6135857   0.48004475 -1.687705    0.5019983 ]
[ 0.23683825 -0.28006712  0.65886605  0.56979954  2.0045686   0.01863306
 -0.36032534 -0.3503012  -0.9388994  -1.3629246   0.29310077 -0.7285818
  0.6744272   0.52508354 -1.6417481   0.6418045 ]
[ 0.15608628 -0.24041662  0.60348976  0.42089415  2.1518323  -0.04144055
 -0.428366   -0.34171978 -0.9208418  -1.4683893   0.4038155  -0.799831
  0.7346548   0.45663768 -1.5024751   0.78224117]
[ 0.13821018 -0.13742495  0.53681636  0.39289182  2.174627   -0.1645447
 -0.4145803  -0.3477009  -0.8941735  -1.5182573   0.5564818  -0.87761545
  0.5876831   0.62940204 -1.6285365   0.9374992 ]
[ 0.1676642  -0.15216067  0.5063734   0.5747794   2.1595263  -0.09880728
 -0.43718228 -0.31600133 -0.79962564 -1.428245    0.4522737  -0.75679255
  0.44933486  0.6040871  -1.816941    0.86024314]
[ 0.2444518  -0.18063559  0.4539331   0.78365356  2.0329838  -0.03138652
 -0.33536655 -0.30465034 -0.6827941  -1.3258264   0.3721185  -0.6242751
  0.3027432   0.613593   -2.0897195   0.7336171 ]
[ 0.29076654 -0.12280822  0.3825512   0.7484554   2.0088801  -0.11643084
 -0.25106713 -0.36913782 -0.75303024 -1.3956971   0.4958474  -0.68663025
  0.311783    0.6963159  -2.0732205   0.79809713]
[ 0.20375998 -0.17241646  0.42927265  0.77239317  2.0216153  -0.06493846
 -0.31711835 -0.3286236  -0.73203784 -1.3371017   0.3732843  -0.64767504
  0.38905185  0.69704974 -2.0736651   0.7508057 ]
[ 0.35250583 -0.20208792  0.39486867  0.74669427  2.081046   -0.11947481
 -0.27004892 -0.38339204 -0.777984   -1.3529155   0.46052986 -0.715458
  0.35360166  0.6857066  -2.0756185   0.78588915]
[ 0.36890292 -0.20033379  0.45582637  0.7943163   2.0171516  -0.06286879
 -0.26030272 -0.33117074 -0.71707296 -1.3166177   0.371179   -0.60307187
  0.26243135  0.63101196 -2.1389904   0.690091  ]
[ 1.6820951e-01 -1.8872671e-01  5.3141713e-01  7.3660159e-01
  2.0462811e+00  1.0665118e-03 -4.1271529e-01 -2.0351064e-01
 -6.1029017e-01 -1.3164237e+00  2.5737566e-01 -5.1281273e-01
  3.0499026e-01  5.7691336e-01 -2.0781522e+00  6.6069239e-01]
[ 0.11828168 -0.12980379  0.47710934  0.73253465  2.1162531  -0.05571833
 -0.4241098  -0.2768932  -0.6527646  -1.4276836   0.41296282 -0.5959822
  0.39226776  0.5763191  -2.0366893   0.73666286]
[ 0.19397008 -0.15521426  0.43643516  0.75344217  2.1507313  -0.09112354
 -0.36226755 -0.39316174 -0.77333575 -1.4343727   0.5084852  -0.70069563
  0.4327112   0.642636   -1.9890816   0.743377  ]
[ 0.19646542 -0.20990583  0.48623872  0.76407546  2.1048987  -0.03009067
 -0.39957616 -0.33068633 -0.73513496 -1.3993622   0.3830361  -0.6579079
  0.44712123  0.5726941  -1.9796593   0.7507152 ]
[ 0.31517884 -0.18486385  0.4486096   0.82256556  1.947472   -0.07968004
 -0.24155688 -0.35895616 -0.7943052  -1.3849818   0.41877204 -0.65602285
  0.31168088  0.70657635 -2.0920396   0.7843793 ]
[ 0.15613624 -0.11363471  0.5204898   0.81981194  1.8810961  -0.01510266
 -0.31331176 -0.29483277 -0.744649   -1.4067284   0.35348716 -0.61101544
  0.298529    0.69667804 -2.05942     0.796868  ]
[ 0.15587863 -0.12256487  0.5038129   0.7994901   1.8369205  -0.0332628
 -0.26166493 -0.32994455 -0.7847632  -1.4248729   0.3695545  -0.66355604
  0.37280646  0.7517188  -2.0366044   0.83236486]
[ 0.29844087 -0.18067503  0.44663072  0.76979935  1.885775   -0.1094193
 -0.225075   -0.3788669  -0.8171325  -1.3923047   0.40470886 -0.72194016
  0.37183034  0.7694644  -2.0357738   0.8815395 ]
[ 0.35481066 -0.24095817  0.497999    0.79291636  1.858897   -0.06215625
 -0.27709576 -0.30167735 -0.75620353 -1.3127124   0.25185007 -0.6085509
  0.30777377  0.7272018  -2.1211905   0.85510033]
[ 0.14578426 -0.20556316  0.55253017  0.83756506  1.8545498   0.06989054
 -0.46397337 -0.13515252 -0.58219683 -1.2920773   0.05985082 -0.40276527
  0.25205585  0.65762866 -2.1554146   0.7730888 ]
[ 1.9987226e-03 -4.8855327e-02  4.7087264e-01  8.4891337e-01
  1.9401054e+00  1.6049191e-02 -5.3852546e-01 -1.3425572e-01
 -5.1789653e-01 -1.4325535e+00  2.6255745e-01 -4.2865935e-01
  1.6869895e-01  6.6286498e-01 -2.1729450e+00  8.7083709e-01]
[-5.0917275e-02  5.1372536e-02  3.9208427e-01  8.5289466e-01
  2.0156476e+00  8.6717011e-04 -5.8405650e-01 -1.9949645e-01
 -4.8550510e-01 -1.5284224e+00  4.3009716e-01 -5.0976658e-01
  1.4628296e-01  6.1593521e-01 -2.1459124e+00  9.7186530e-01]
[-2.3138721e-02 -2.8583422e-02  3.5859936e-01  9.6543539e-01
  2.0248952e+00 -2.1842084e-04 -5.3944582e-01 -2.7765420e-01
 -5.3930676e-01 -1.4750574e+00  4.4319242e-01 -5.7274592e-01
  1.6710523e-01  6.9857627e-01 -2.1848347e+00  9.5437604e-01]
[ 0.01993976 -0.13091932  0.3641084   1.0433203   1.983901    0.0116958
 -0.5173572  -0.24226841 -0.53195965 -1.3615317   0.32380283 -0.51759636
  0.16790764  0.74421483 -2.2738144   0.8846488 ]
[ 0.15104687 -0.18386701  0.35318524  1.0595251   1.9202974  -0.01077379
 -0.37723988 -0.29810077 -0.61160177 -1.2872155   0.29534116 -0.5132247
  0.16325721  0.8467806  -2.3627472   0.8201334 ]
[ 0.00524833 -0.07129873  0.4226362   0.9994739   1.9201723   0.0801689
 -0.51013917 -0.1885597  -0.50165904 -1.3031565   0.22349417 -0.39436436
  0.11115758  0.76331806 -2.3575919   0.7660958 ]
[-0.0824479   0.04308816  0.40751457  0.8768719   2.0678172   0.0776947
 -0.64318925 -0.2181532  -0.47751445 -1.4983474   0.41724938 -0.4566442
  0.15639631  0.6042081  -2.1544917   0.8487603 ]
[-0.03255131  0.05043115  0.35801643  0.9261981   2.0691078   0.05127438
 -0.5734848  -0.3213511  -0.53712755 -1.5265998   0.5073058  -0.5707517
  0.15233393  0.66276544 -2.1384358   0.89326465]
[ 0.02453729  0.01087006  0.35376397  0.9699353   1.9802796   0.07226553
 -0.5041562  -0.31432647 -0.5397327  -1.4317516   0.4289558  -0.55570287
  0.1138942   0.7205125  -2.2180283   0.8577193 ]
[ 0.09064384 -0.0859561   0.3702008   0.97195834  1.9549456   0.06622336
 -0.4501547  -0.2987674  -0.5570243  -1.3427637   0.32894057 -0.55563533
  0.17344782  0.7245429  -2.2261753   0.80263937]
[ 0.36720827 -0.2467802   0.35689765  0.98495674  1.8908913  -0.03564002
 -0.24813621 -0.3360619  -0.64893353 -1.2039578   0.27623382 -0.56942827
  0.14008126  0.80494833 -2.3308785   0.76180184]
[ 0.22779775 -0.22655372  0.45082036  0.96014535  1.873949    0.07327312
 -0.38198617 -0.18545517 -0.4989747  -1.1310792   0.09869531 -0.40979347
  0.09873693  0.7022503  -2.3799267   0.68987334]
[ 0.15533492 -0.1860046   0.42271328  0.8938948   2.0148857   0.01002341
 -0.4251544  -0.2120072  -0.52791965 -1.2302179   0.24988759 -0.4727486
  0.17546996  0.6793739  -2.2929235   0.7073267 ]
[ 0.11851015 -0.10532565  0.41006604  0.77182823  2.1625257  -0.04347754
 -0.49185938 -0.2490151  -0.5388819  -1.4108328   0.4292943  -0.562977
  0.25230426  0.5745264  -2.1427903   0.7911533 ]
[ 0.20966299 -0.07494746  0.32758665  0.7660595   2.2085054  -0.09883257
 -0.4281829  -0.3604495  -0.6063595  -1.4795845   0.61363494 -0.6803087
  0.23642664  0.58507097 -2.0924902   0.8404066 ]
[ 0.1756582  -0.10777135  0.35220855  0.8012228   2.1730282  -0.04800799
 -0.44716525 -0.33148035 -0.59304893 -1.4257736   0.526981   -0.6555571
  0.26067933  0.58943415 -2.1224072   0.81734383]
[ 0.2902809  -0.19020507  0.32901794  0.8475126   2.1016815  -0.11283138
 -0.27856904 -0.36859044 -0.6904667  -1.3569653   0.5056995  -0.67957765
  0.2890376   0.7130734  -2.207891    0.770805  ]
[ 0.3262546  -0.16501379  0.36006886  0.7960669   2.0967457  -0.11511882
 -0.2693724  -0.3766214  -0.72495586 -1.3604826   0.5091563  -0.66551936
  0.28411332  0.6787654  -2.168284    0.75607526]
[ 0.24135521 -0.16705076  0.42708215  0.80456746  2.0900865  -0.03775054
 -0.3402147  -0.3395782  -0.686797   -1.3406621   0.41689736 -0.63366663
  0.31188235  0.6316083  -2.1373763   0.7211989 ]
[ 0.2954712  -0.15280215  0.3678907   0.77178806  2.0781105  -0.10825936
 -0.27312884 -0.38949814 -0.7427194  -1.3856373   0.5280118  -0.69613266
  0.3259048   0.6688248  -2.1078663   0.7829277 ]
[ 0.2461731  -0.12489506  0.39103624  0.7558402   2.044162   -0.09571616
 -0.26629406 -0.4181375  -0.799853   -1.3901526   0.52813387 -0.6914053
  0.37646323  0.7179386  -2.0638232   0.7528132 ]
[ 0.19018373 -0.13240531  0.4684493   0.7803779   2.0110574   0.00388101
 -0.30436975 -0.41408485 -0.8134502  -1.3426272   0.40947008 -0.65646416
  0.42645302  0.7034713  -2.0355713   0.666202  ]
[ 0.34479442 -0.14375024  0.43856573  0.7585287   2.005548   -0.06813715
 -0.23194692 -0.46143198 -0.85783064 -1.378576    0.48405594 -0.7365683
  0.39319292  0.71911204 -2.0038617   0.70010453]
[ 0.32991654 -0.15522146  0.47975594  0.77195555  1.9502933  -0.04301027
 -0.23512828 -0.44622055 -0.85828817 -1.3467518   0.44344673 -0.69220483
  0.35792062  0.70523095 -2.0013545   0.70086545]
[ 0.13163674 -0.19163351  0.5743791   0.77019024  1.9095371   0.09226672
 -0.34483927 -0.33426875 -0.80834484 -1.2727573   0.24304762 -0.5726744
  0.42038742  0.6869965  -1.9722122   0.6278845 ]
[ 0.1744109  -0.21789761  0.5374754   0.7625531   1.9467055   0.08123786
 -0.31291094 -0.3841601  -0.8509682  -1.2805024   0.2558367  -0.6187185
  0.49220648  0.6886395  -1.9510956   0.637445  ]
[ 0.35332617 -0.21716663  0.4857687   0.756569    1.9851074  -0.02400459
 -0.25518677 -0.46843815 -0.911983   -1.3224318   0.39512908 -0.7356463
  0.4571306   0.688158   -1.9390829   0.714938  ]
[ 0.3582011  -0.22624347  0.51908815  0.7777591   1.9151764  -0.00550246
 -0.23603621 -0.38525346 -0.843814   -1.2857475   0.29425508 -0.66008776
  0.41041788  0.6557583  -1.9871864   0.66001064]
[ 0.18710712 -0.21559708  0.5995046   0.695684    1.9432516   0.0780093
 -0.3616897  -0.25876313 -0.7545003  -1.2508311   0.15300511 -0.5394598
  0.43309933  0.60651857 -1.9464935   0.5912917 ]
[ 0.12423252 -0.17782919  0.539347    0.69089603  2.048537    0.03794371
 -0.3939845  -0.29651684 -0.7607808  -1.304624    0.2630258  -0.5827789
  0.4987803   0.6212317  -1.9324563   0.5849594 ]
[ 0.25464302 -0.18879144  0.47521776  0.7115938   2.144899   -0.03011063
 -0.35614693 -0.3935588  -0.81174123 -1.3551309   0.4159762  -0.7033316
  0.4683198   0.6155724  -1.9470465   0.6608261 ]
[ 0.35289255 -0.19133678  0.48700485  0.79742527  2.031573   -0.03742807
 -0.28660306 -0.3584419  -0.7833232  -1.3159497   0.3809138  -0.62442267
  0.3185187   0.6408831  -2.071948    0.618865  ]
[ 0.14120623 -0.15755144  0.5976299   0.7598846   2.0079353   0.02048333
 -0.42577472 -0.24179795 -0.6908492  -1.3652846   0.31224328 -0.56413907
  0.32918584  0.5993239  -2.0189319   0.6561203 ]
[ 0.079454   -0.15283561  0.5823286   0.7208003   2.0163524  -0.00978968
 -0.41059613 -0.27705255 -0.75003487 -1.4334161   0.377567   -0.6040804
  0.42949662  0.6116811  -1.9396099   0.7207946 ]
[ 0.1474222  -0.19943433  0.5154809   0.6755775   2.068154   -0.07886745
 -0.36473995 -0.3702075  -0.8451006  -1.4599547   0.46660623 -0.7277677
  0.5294457   0.6147342  -1.8246315   0.81765145]
[ 0.23313141 -0.2689682   0.54880965  0.71504956  2.0155284  -0.06554787
 -0.34955868 -0.34222525 -0.8477176  -1.4051975   0.3272993  -0.71090317
  0.54640996  0.6289637  -1.86708     0.80671424]
[ 0.27104044 -0.16659154  0.5663231   0.76211023  1.8516445  -0.0566278
 -0.2739549  -0.29690248 -0.79443294 -1.4301257   0.300804   -0.6046681
  0.38465622  0.69599473 -1.9930236   0.746957  ]
[ 0.0108079  -0.08376126  0.6204045   0.65050375  1.8974602   0.02675585
 -0.50051576 -0.12879582 -0.65414846 -1.4870508   0.1814385  -0.47600955
  0.3959068   0.6032223  -1.8424675   0.75402975]
[-0.0753409  -0.06239261  0.5400784   0.7522925   1.9999897   0.0408156
 -0.55299056 -0.15164387 -0.5757594  -1.5007359   0.21925946 -0.46943498
  0.3780508   0.58992666 -1.9705642   0.80753136]
[ 0.06098373 -0.13661459  0.4457287   0.9245847   2.0298724   0.018961
 -0.45857573 -0.29737765 -0.6596149  -1.406498    0.299977   -0.5772424
  0.31952995  0.700887   -2.1045964   0.8071229 ]
[ 0.10769983 -0.1654932   0.4791711   0.9869568   1.9275627   0.08710843
 -0.46405387 -0.2227817  -0.59814465 -1.3157828   0.18014227 -0.4836842
  0.21015468  0.70583594 -2.22784     0.75798297]
[ 0.11927986 -0.1631206   0.46681094  1.0203671   1.7395058   0.08540378
 -0.3632932  -0.1382623  -0.52870065 -1.1942753   0.06000881 -0.38779888
  0.11282708  0.83067644 -2.3865469   0.6898297 ]
[ 0.04885625 -0.12957558  0.45126018  0.96230155  1.8578812   0.03414635
 -0.4034831  -0.1637795  -0.54224485 -1.2713038   0.16712491 -0.4410471
  0.16859427  0.8068058  -2.3152535   0.7338293 ]
[ 0.06063552 -0.09504974  0.47043887  0.89821416  1.9847734   0.0462301
 -0.4606399  -0.22405891 -0.56806123 -1.3770628   0.2617897  -0.5164709
  0.24634376  0.6845676  -2.2002597   0.7537484 ]
[ 0.10901661 -0.10658161  0.47615758  0.91540277  2.0664325   0.06259178
 -0.50068504 -0.28548688 -0.56035364 -1.378125    0.34130877 -0.53607523
  0.19772859  0.6073245  -2.1874146   0.7423178 ]
[ 0.13625714 -0.06643695  0.47278523  0.86235964  2.0343323   0.06090381
 -0.5132664  -0.23410901 -0.52171624 -1.3506655   0.33008236 -0.49712506
  0.14665729  0.5702888  -2.2085423   0.74223197]
[ 0.11746766 -0.07595788  0.47494522  0.89767265  1.9455045   0.05554267
 -0.42364264 -0.23219433 -0.5340928  -1.2631521   0.24958701 -0.4530797
  0.15151826  0.71538436 -2.3189006   0.65456116]
[ 0.06004535 -0.05244871  0.4802054   0.79007775  2.0964756   0.03249176
 -0.5189059  -0.25240558 -0.5873507  -1.4126217   0.35986298 -0.5267533
  0.32464418  0.5760102  -2.095665    0.6894576 ]
[ 0.11322842 -0.13921554  0.44512635  0.82226115  2.1941993  -0.00638662
 -0.48595363 -0.37665546 -0.69254357 -1.4097278   0.47723794 -0.6493718
  0.38438636  0.6051755  -2.0334544   0.7136195 ]
[ 0.2301683  -0.14127323  0.45512947  0.8861331   2.1080494   0.0392861
 -0.39735216 -0.41421556 -0.733304   -1.3226806   0.445108   -0.59698176
  0.2623618   0.6278666  -2.1359055   0.6464218 ]
[ 0.16224769 -0.0983876   0.514713    0.81624335  2.0465713   0.06592496
 -0.4156538  -0.3405137  -0.70076275 -1.3231109   0.3736858  -0.5642982
  0.2646183   0.6129209  -2.1171062   0.6631169 ]
[ 0.16669068 -0.078581    0.53019655  0.74883413  2.0121553   0.02237911
 -0.34999752 -0.37645477 -0.7744858  -1.4109014   0.4241461  -0.6593406
  0.37104204  0.6249488  -1.9834156   0.6947474 ]
[ 0.26430067 -0.08196089  0.45698625  0.6745447   2.0064013  -0.09469278
 -0.26228732 -0.45845312 -0.88087004 -1.4787916   0.57592076 -0.8053154
  0.41310924  0.7074968  -1.8886101   0.81788766]
[ 0.24568625 -0.1796312   0.49100155  0.66212684  2.0350082  -0.02862938
 -0.30800423 -0.42033163 -0.89406556 -1.4069452   0.42523843 -0.7835452
  0.5083469   0.6374302  -1.7912308   0.7733712 ]
[ 0.39740586 -0.22141838  0.49681193  0.72766846  1.9714231  -0.02748888
 -0.2639957  -0.40698403 -0.8320384  -1.3260767   0.3419915  -0.71155196
  0.3954125   0.65372217 -1.9633429   0.73208535]
[ 0.31799763 -0.27464938  0.564577    0.74356645  1.9985164   0.04574053
 -0.39010587 -0.25423875 -0.6590706  -1.2540795   0.18935391 -0.560106
  0.32256246  0.52317524 -2.0177875   0.6657995 ]
[ 0.24104173 -0.17833236  0.48431954  0.72906744  2.0782151  -0.03753998
 -0.3932401  -0.28206187 -0.6368848  -1.353485    0.3958164  -0.61707795
  0.29469606  0.5627924  -2.0748863   0.7498852 ]
[ 0.18607491 -0.11565131  0.42421874  0.670304    2.1498272  -0.07312773
 -0.4228589  -0.28269288 -0.6238968  -1.4195732   0.47096592 -0.62063944
  0.31101322  0.54610354 -2.013644    0.7784405 ]
[ 0.24331634 -0.09434702  0.35341945  0.626388    2.2093756  -0.15037198
 -0.39278337 -0.36710992 -0.6999809  -1.5164812   0.6546694  -0.7718681
  0.3543725   0.58571213 -1.9693394   0.9027731 ]
[ 0.29704008 -0.12751572  0.3412448   0.7117294   2.1367471  -0.1725667
 -0.31488177 -0.37208495 -0.72998106 -1.4777634   0.6420211  -0.73739415
  0.30156177  0.6550871  -2.0702686   0.88237685]
[ 0.23936673 -0.11020193  0.36977267  0.71745425  2.0904727  -0.14811338
 -0.31909254 -0.39189658 -0.76947075 -1.4886749   0.6370362  -0.7031603
  0.3154518   0.6906265  -2.0487742   0.8841692 ]
[ 0.10464122 -0.13625476  0.42677373  0.75452137  2.0451136  -0.04772358
 -0.3734004  -0.35129708 -0.7384471  -1.4183264   0.47263584 -0.62541234
  0.394297    0.68915635 -2.0393047   0.806699  ]
[ 0.2567523  -0.08765857  0.3558257   0.7240922   2.0120175  -0.1282952
 -0.25217557 -0.44417864 -0.8104575  -1.468725    0.6100623  -0.7682696
  0.34395012  0.7539371  -2.0300305   0.9002727 ]
[ 0.27282256 -0.07568859  0.38402456  0.77169234  1.9232029  -0.09160478
 -0.21139903 -0.44220933 -0.81537974 -1.426459    0.5279087  -0.7233348
  0.30862778  0.75768733 -2.0449214   0.8516711 ]
[ 0.2724566  -0.03681485  0.4081362   0.80837137  1.82855    -0.05084239
 -0.18319641 -0.4433926  -0.82458603 -1.3966577   0.4586548  -0.69613683
  0.25917965  0.8158742  -2.0647476   0.81214523]
[ 0.1404672  -0.14665326  0.48116952  0.8921356   1.8086491   0.10916132
 -0.28577182 -0.3568504  -0.7612416  -1.274921    0.17951454 -0.5817909
  0.35523736  0.8053997  -2.0891004   0.68895215]
[ 3.3143854e-01 -2.0216489e-01  4.0097514e-01  9.0894115e-01
  1.8536770e+00  1.1788390e-03 -2.1577390e-01 -4.4628650e-01
 -8.4312075e-01 -1.2530327e+00  3.0014125e-01 -6.5258855e-01
  3.2883799e-01  8.6999160e-01 -2.1334367e+00  7.1469545e-01]
[ 0.30806112 -0.33968148  0.47215572  0.9800631   1.7954407   0.1511989
 -0.29807085 -0.26890674 -0.6930241  -1.0433362  -0.02999922 -0.4427145
  0.25506464  0.7988061  -2.2777367   0.5923297 ]
[ 0.25581798 -0.27835077  0.50855625  0.9244229   1.8709091   0.10726924
 -0.34404206 -0.22113493 -0.6289214  -1.1333777   0.07287962 -0.43343773
  0.20967321  0.6898223  -2.2449827   0.6038264 ]
[ 0.20005663 -0.19988796  0.49633035  0.8285438   1.9673218   0.01067497
 -0.35267183 -0.22267196 -0.6086616  -1.2755077   0.2644544  -0.5239636
  0.20915289  0.65537524 -2.1764817   0.6886945 ]
[ 0.17339933 -0.08964512  0.44518358  0.71665573  2.0431492  -0.07885237
 -0.362292   -0.31242403 -0.6759322  -1.4521292   0.4932449  -0.6626694
  0.31375328  0.6227506  -2.0347207   0.825873  ]
[ 0.21967742 -0.10158875  0.4029433   0.66787785  2.1000187  -0.13524668
 -0.33510143 -0.38039553 -0.75237817 -1.4863278   0.56426775 -0.7504176
  0.39950475  0.64858437 -1.9645821   0.87036294]
[ 0.32258525 -0.17894506  0.4014412   0.7261386   2.067624   -0.14213276
 -0.2896556  -0.38425088 -0.79441625 -1.4074212   0.48389426 -0.74467814
  0.377773    0.7176736  -2.0457091   0.85637665]
[ 0.33603543 -0.16488548  0.42044935  0.7920208   2.010762   -0.0967529
 -0.3232785  -0.3369481  -0.7230048  -1.3930022   0.46322554 -0.63900965
  0.25434613  0.65446985 -2.100742    0.81028193]
[ 0.15101969 -0.15552223  0.5016087   0.7641063   1.9904172   0.00269451
 -0.4531928  -0.20906691 -0.60057247 -1.3730409   0.32121173 -0.5272676
  0.24483748  0.5839406  -2.0667422   0.7900543 ]
[ 0.07945244 -0.09756763  0.43268865  0.7445944   2.0306883  -0.05823477
 -0.4360536  -0.23630615 -0.6004612  -1.4499518   0.42395258 -0.5698592
  0.2901779   0.6193414  -2.0495925   0.8437559 ]
[ 0.13865542 -0.12650946  0.3697645   0.7874495   2.1042135  -0.10961908
 -0.39836374 -0.35456946 -0.6770711  -1.4572192   0.5227524  -0.69874334
  0.360488    0.66824734 -2.0472949   0.8852515 ]
[ 0.32047668 -0.19980057  0.3714091   0.8906399   2.0053818  -0.08751907
 -0.25833097 -0.38119614 -0.71026266 -1.3338244   0.41687664 -0.6680806
  0.27597585  0.76186085 -2.2233477   0.7829295 ]
[ 0.30255118 -0.13140717  0.41915148  0.8332179   1.9821866  -0.08826165
 -0.32894483 -0.3404562  -0.7018369  -1.4112668   0.45837855 -0.61169076
  0.22167563  0.69584215 -2.1549902   0.820207  ]
[ 0.0735375  -0.06781484  0.49666125  0.80462503  1.9691963   0.03081057
 -0.50444895 -0.20083793 -0.57380974 -1.4334748   0.3278245  -0.48953447
  0.20268016  0.6183833  -2.1016529   0.81426346]
[-0.0073262  -0.00962797  0.42773277  0.782794    2.0272567  -0.01656785
 -0.53582907 -0.2295264  -0.5576202  -1.5086224   0.4509614  -0.5321938
  0.23249225  0.6038244  -2.0670276   0.9087267 ]
[ 0.10424346 -0.0956711   0.37081176  0.89844626  2.0168364  -0.03579273
 -0.4228838  -0.33818084 -0.64159554 -1.4546745   0.47308478 -0.64925796
  0.26324812  0.6932776  -2.129123    0.91574275]
[ 0.29432708 -0.185419    0.37416825  0.9450013   1.9116652  -0.07923353
 -0.2608476  -0.35618776 -0.682975   -1.3549317   0.40766263 -0.6416184
  0.19190596  0.7678412  -2.2423403   0.8766902 ]
[ 0.25509325 -0.14072588  0.40392208  0.92391634  1.9022052  -0.06245992
 -0.3151179  -0.32116526 -0.6506042  -1.3667223   0.395092   -0.5849498
  0.15111613  0.7238163  -2.2161078   0.86886644]
[ 0.060584   -0.10351075  0.4592231   0.8504671   1.9311421  -0.00960098
 -0.47541395 -0.19124943 -0.5647936  -1.384875    0.290368   -0.49185714
  0.19186029  0.68420804 -2.1566632   0.878518  ]
[-0.03015245 -0.06839295  0.38471428  0.8655866   2.0431561  -0.00729501
 -0.54200274 -0.20552191 -0.5153924  -1.4423709   0.33859885 -0.49607134
  0.2395406   0.68884957 -2.165472    0.88200915]
[ 0.05726477 -0.0508497   0.3167678   0.91104853  2.1527228  -0.02371247
 -0.54729706 -0.3349192  -0.5463359  -1.4661093   0.51888144 -0.5948802
  0.18033303  0.6491206  -2.1736555   0.9214185 ]
[ 0.03865214 -0.03508978  0.32496515  0.99567807  2.0941825   0.07035565
 -0.58056307 -0.3041967  -0.49649554 -1.4061027   0.47359356 -0.5188831
  0.08605774  0.6406672  -2.2530434   0.8369342 ]
[ 0.06192835 -0.04125309  0.31307212  0.9329397   2.0644603   0.02869429
 -0.52924937 -0.2926795  -0.5240263  -1.3900299   0.4682253  -0.5341581
  0.11101671  0.672094   -2.2400906   0.8668457 ]
[ 0.07300868 -0.0769559   0.29039887  0.9506895   1.9554828   0.00476634
 -0.3993911  -0.29018217 -0.56546843 -1.3224821   0.39415646 -0.5272225
  0.17342135  0.8221592  -2.3258026   0.8090472 ]
[ 0.24934383 -0.11725135  0.2684396   0.9565439   2.0056603  -0.04415596
 -0.28801483 -0.40904093 -0.6835309  -1.3480384   0.47010237 -0.6443639
  0.23153779  0.8164555  -2.2667649   0.7673914 ]
[ 0.3178106  -0.2166898   0.34939608  0.98696774  1.9851446  -0.02941099
 -0.27296463 -0.39296895 -0.7227947  -1.2604291   0.36056143 -0.61452043
  0.24304871  0.79642975 -2.259661    0.6911167 ]
[ 0.29254287 -0.24243394  0.40830174  0.9525918   1.9535061  -0.0128412
 -0.30583733 -0.33221182 -0.7088115  -1.2297691   0.30347648 -0.54637015
  0.25490755  0.7397792  -2.24234     0.67497236]
[ 0.1512125  -0.21578574  0.5216946   0.87838316  1.9241463   0.05293508
 -0.3714861  -0.23170206 -0.6564055  -1.214178    0.17260137 -0.4761401
  0.29500622  0.72090936 -2.2083366   0.6158006 ]
[ 0.11707203 -0.14138708  0.5449219   0.77759874  2.0184886   0.02659621
 -0.41087407 -0.2777844  -0.70598906 -1.3681867   0.29474217 -0.5721737
  0.37262693  0.6247407  -2.0154467   0.6770914 ]
[ 0.21687517 -0.16516912  0.48787203  0.77296555  2.0789876  -0.05498608
 -0.38713685 -0.35358733 -0.7296007  -1.4367559   0.43488184 -0.70865977
  0.39260396  0.5790993  -1.9511108   0.7885936 ]
[ 0.30381814 -0.1566709   0.46523792  0.7838741   1.9985716  -0.06166849
 -0.30198923 -0.36343604 -0.74311465 -1.3863076   0.432686   -0.6848535
  0.2949442   0.6188048  -2.0136168   0.7779768 ]
[ 0.2481676  -0.17843352  0.51921594  0.78645265  1.9163635   0.01115332
 -0.3147269  -0.30200118 -0.717522   -1.2846749   0.26256898 -0.5977594
  0.32270584  0.6716431  -2.0762498   0.69541186]
[ 0.24571677 -0.2412878   0.5033954   0.7643366   2.0354025  -0.00665478
 -0.37745497 -0.307526   -0.6955277  -1.2885516   0.2591262  -0.5940856
  0.4152313   0.6235941  -2.0784485   0.704632  ]
[ 0.32961002 -0.19887389  0.41278148  0.72369814  2.1721253  -0.09269919
 -0.3534932  -0.39748046 -0.77902234 -1.3358881   0.5060537  -0.6968186
  0.3688395   0.6374634  -2.0653455   0.7301341 ]
[ 2.1945119e-01 -1.7521095e-01  4.8320571e-01  7.3939437e-01
  2.1169636e+00  2.0298033e-03 -4.2555308e-01 -2.9283887e-01
 -6.9439864e-01 -1.3069677e+00  3.8447404e-01 -5.8093804e-01
  3.3081821e-01  5.7365000e-01 -2.0698910e+00  6.5528125e-01]
[ 0.17367712 -0.12152033  0.46701676  0.664708    2.1119256  -0.05238932
 -0.42786995 -0.2666115  -0.6672716  -1.4171685   0.45145646 -0.6068839
  0.3379807   0.5879408  -2.0018916   0.72954357]
[ 0.24437246 -0.02247309  0.4125564   0.64688504  2.0620923  -0.14568487
 -0.33353466 -0.36838657 -0.75411016 -1.5620826   0.65293473 -0.75859386
  0.3112677   0.6417991  -1.9364096   0.8767482 ]
[ 0.19219023 -0.08464032  0.47834477  0.6929965   2.021047   -0.10322817
 -0.32982725 -0.38037813 -0.78019875 -1.5207223   0.54746044 -0.76535225
  0.3914342   0.65842474 -1.9235475   0.87290823]
[ 0.37336868 -0.17883368  0.46941528  0.7446126   1.9168541  -0.11047544
 -0.20960005 -0.41107225 -0.8470709  -1.3800551   0.44713944 -0.75160295
  0.36794177  0.7369088  -2.015616    0.81243676]
[ 0.45293397 -0.28451556  0.5437416   0.73762876  1.9050646  -0.05360945
 -0.2574172  -0.35361606 -0.79433197 -1.2816057   0.298428   -0.6611872
  0.35357174  0.6395459  -2.045961    0.76314217]
[ 0.307841   -0.3028183   0.6188446   0.72533643  1.9021763   0.05763183
 -0.43117046 -0.16289692 -0.63066864 -1.22037     0.05729369 -0.480608
  0.35776708  0.5059513  -2.006155    0.66351366]
[ 0.16037735 -0.15496054  0.51512504  0.6772162   2.023868   -0.0285376
 -0.49883652 -0.13908747 -0.5827975  -1.379533    0.24554658 -0.49604672
  0.3352844   0.55043745 -1.9911251   0.7282034 ]
[ 0.02379291 -0.0663331   0.47342762  0.66646916  2.1826687  -0.05894661
 -0.59503    -0.17497018 -0.574849   -1.5081253   0.4102493  -0.53906214
  0.38318396  0.5100064  -1.9417455   0.7758694 ]
[ 0.10953413 -0.12946473  0.40723833  0.808956    2.262836   -0.04520369
 -0.5317441  -0.32068467 -0.62354356 -1.4377911   0.5243198  -0.63550895
  0.36078316  0.56949294 -2.0840805   0.7265769 ]
[ 0.15316372 -0.15781143  0.41716853  0.8796085   2.2038624   0.00292195
 -0.485704   -0.31570187 -0.6386169  -1.3720223   0.45154524 -0.60334575
  0.32487902  0.57983017 -2.129399    0.64893645]
[ 0.28654903 -0.10969162  0.41278607  0.8293196   2.0706544  -0.06669819
 -0.32316917 -0.34176543 -0.69795096 -1.3819172   0.48070893 -0.62283236
  0.24779554  0.66554004 -2.1582317   0.669061  ]
[ 0.13447753 -0.08784344  0.5322802   0.73161507  2.0258222  -0.02189328
 -0.3947031  -0.26588386 -0.66660464 -1.416602    0.3931537  -0.59954756
  0.33498433  0.6105684  -2.0227056   0.67421573]
[ 0.19072975 -0.13784388  0.49836248  0.70278513  2.0724988  -0.09928269
 -0.34834465 -0.35260305 -0.7672528  -1.4633278   0.48317027 -0.7135172
  0.43494493  0.62890625 -1.9357471   0.77006894]
[ 0.21733484 -0.24269862  0.5616307   0.7499981   2.044896   -0.01572198
 -0.3491235  -0.41226822 -0.85301554 -1.3808951   0.37886137 -0.70259583
  0.54449594  0.64024097 -1.9045074   0.6831417 ]
[ 0.26090246 -0.31835842  0.6382426   0.7349334   2.0203216   0.05554403
 -0.42096776 -0.33507448 -0.7973372  -1.3241656   0.23280191 -0.6270193
  0.5303812   0.53116506 -1.8924801   0.67038333]
[ 0.18613951 -0.2868817   0.66245544  0.7470136   1.8923452   0.0978436
 -0.40279245 -0.24098866 -0.74952424 -1.2788365   0.14119259 -0.52848476
  0.47365212  0.59181786 -1.942743    0.59516144]
[ 0.05815439 -0.15774041  0.5965402   0.7062961   1.9233196   0.00925086
 -0.3982367  -0.24366066 -0.76601934 -1.423082    0.26981252 -0.55839944
  0.47876844  0.6457962  -1.8743823   0.69607306]
[-0.01310853 -0.1454157   0.5556568   0.66514695  2.0104897  -0.02236371
 -0.42903918 -0.28047556 -0.8144754  -1.510576    0.36729565 -0.62832963
  0.55063975  0.6304022  -1.7761803   0.8063672 ]
[ 0.11188996 -0.17001417  0.49209303  0.81415766  1.9448754  -0.04076073
 -0.3176201  -0.37916976 -0.8342811  -1.42825     0.3779866  -0.69702166
  0.481968    0.7346813  -1.9386003   0.81360245]
[ 0.30940586 -0.17943922  0.5090209   0.8574799   1.7749392  -0.04528057
 -0.19168934 -0.3895883  -0.8275405  -1.3313202   0.3172977  -0.6449692
  0.31690407  0.81119156 -2.0808184   0.75747925]
[ 0.14408794 -0.17642224  0.57084286  0.90083283  1.7231166   0.11434914
 -0.31371614 -0.2691511  -0.6901572  -1.2402549   0.0864508  -0.49241877
  0.31354243  0.7528697  -2.1092682   0.6473282 ]
[ 0.03200893 -0.13880864  0.5615901   0.8722507   1.8008554   0.13973567
 -0.412292   -0.21216252 -0.6200122  -1.2871277   0.07183578 -0.45043334
  0.31747428  0.7679343  -2.1240768   0.6443571 ]
[-0.00438941 -0.12479217  0.54684675  0.8945931   1.9065145   0.17851998
 -0.47198987 -0.25481537 -0.5996601  -1.3286308   0.13125446 -0.44907874
  0.3320151   0.74789435 -2.147813    0.6047957 ]
[ 0.11591313 -0.13119572  0.49594626  0.9354572   1.9918458   0.1386616
 -0.47603816 -0.34169164 -0.6603874  -1.3604469   0.278337   -0.52093536
  0.2611464   0.6978777  -2.1516736   0.6895037 ]
[ 0.03514811 -0.1289719   0.4756444   0.87108165  1.951236    0.15505208
 -0.52951586 -0.18187524 -0.5476788  -1.3035232   0.20208243 -0.39530727
  0.20913112  0.6143242  -2.1708739   0.70702165]
[ 0.0962865  -0.14818892  0.45374712  0.92939436  1.8344002   0.03853754
 -0.33468503 -0.21711378 -0.6289297  -1.2676188   0.22676906 -0.48373637
  0.2096895   0.7993611  -2.2549808   0.7089931 ]
[ 1.1748333e-01 -1.2707934e-01  4.8018202e-01  8.7243634e-01
  1.8378744e+00 -1.1709444e-03 -2.8354883e-01 -2.7753019e-01
 -6.8446064e-01 -1.3583235e+00  3.0712050e-01 -5.7483947e-01
  2.8823170e-01  7.8848994e-01 -2.1691928e+00  7.4705017e-01]
[ 0.20507054 -0.1426474   0.4299311   0.81401384  1.9222653  -0.11810414
 -0.2569029  -0.3551568  -0.7443093  -1.4378277   0.43480626 -0.71511966
  0.36153427  0.7401406  -2.0258842   0.855142  ]
[ 0.31421432 -0.20556898  0.46507344  0.8126712   1.8478158  -0.09887415
 -0.2292144  -0.33503097 -0.7374487  -1.3298798   0.3367354  -0.63639826
  0.30726168  0.784441   -2.124927    0.79291236]
[ 0.11907272 -0.22149849  0.5716685   0.8440954   1.8779118   0.10713935
 -0.4434474  -0.18991034 -0.57648814 -1.245993    0.06476115 -0.43186346
  0.32279     0.6714854  -2.1620831   0.6538134 ]
[ 0.07012212 -0.11837733  0.51247036  0.8473002   2.0013688   0.08951932
 -0.51658744 -0.20452245 -0.533749   -1.3399618   0.2089694  -0.4273153
  0.23676448  0.6301471  -2.1824098   0.6892314 ]
[ 0.02694822 -0.00677362  0.4447724   0.8130418   2.0973687   0.07622832
 -0.57169175 -0.24107897 -0.49223557 -1.467579    0.4121046  -0.4714346
  0.1842992   0.53420144 -2.124683    0.7514559 ]
[ 0.10605519 -0.01244239  0.3634492   0.86028993  2.106334    0.01514826
 -0.48697227 -0.33477682 -0.5566809  -1.4703104   0.52273744 -0.5914915
  0.15576127  0.607524   -2.1347249   0.8168758 ]
[ 0.11583064 -0.04203822  0.36469388  0.82518256  2.0345838   0.00272806
 -0.45772725 -0.27124736 -0.52580065 -1.403812    0.4325985  -0.5598232
  0.1905736   0.63569164 -2.1947913   0.8200711 ]
[ 0.3025604  -0.19319613  0.34192437  0.9259097   1.985404   -0.08394524
 -0.25764272 -0.35895318 -0.674795   -1.3034207   0.39956826 -0.64526
  0.25699553  0.78448164 -2.2560728   0.73881996]
[ 0.3698316  -0.26893997  0.44175667  0.8956255   2.0144477  -0.03727011
 -0.2868422  -0.36710054 -0.7096423  -1.2261503   0.320187   -0.60192806
  0.29574972  0.72485113 -2.255014    0.6483625 ]
[ 0.25975943 -0.24330612  0.5152895   0.8156589   2.0519621   0.02828031
 -0.40865493 -0.2964739  -0.6801944  -1.2378572   0.28288752 -0.53281295
  0.3550279   0.5938629  -2.163938    0.6174843 ]
[ 0.15840736 -0.17604193  0.5261158   0.7320808   2.09067     0.02395448
 -0.45092973 -0.26776093 -0.68370664 -1.3106029   0.33440813 -0.54225487
  0.37000874  0.5918277  -2.063531    0.6258584 ]
[ 1.2271011e-01 -8.7542877e-02  4.9473152e-01  7.0964515e-01
  2.0741584e+00  5.5072753e-04 -4.1164121e-01 -3.1139025e-01
 -7.1862519e-01 -1.4209360e+00  4.1970474e-01 -6.0496557e-01
  3.8800392e-01  6.1271507e-01 -1.9691095e+00  6.6363257e-01]
[ 0.23188743 -0.0825939   0.45927614  0.7018188   2.0595446  -0.08796439
 -0.32655296 -0.3939724  -0.77904314 -1.4805763   0.5298391  -0.7585568
  0.38794705  0.6428555  -1.9308485   0.79250914]
[ 0.35444918 -0.15088557  0.47312385  0.7582506   1.9072508  -0.11472567
 -0.17623308 -0.42232364 -0.8696389  -1.3807185   0.4566671  -0.7637593
  0.3797388   0.7694394  -2.0164084   0.75887203]
[ 0.3896195  -0.2758506   0.5517893   0.7640046   1.8669792  -0.02584047
 -0.20264485 -0.42927933 -0.8991315  -1.2604564   0.31629255 -0.68710786
  0.4777152   0.7297914  -1.9969921   0.63882095]
[ 0.26352182 -0.43763122  0.7042467   0.7513334   1.8625205   0.15252146
 -0.37941223 -0.29470792 -0.82045496 -1.1461079   0.00449536 -0.53081894
  0.6228549   0.5973912  -1.927481    0.53199047]
[ 0.27119237 -0.3203448   0.6279588   0.73902196  1.9399035   0.0563245
 -0.36793417 -0.2969693  -0.8243836  -1.2766044   0.15945156 -0.5871803
  0.5387362   0.583817   -1.8935837   0.6091619 ]
[ 0.17330213 -0.17175128  0.5972015   0.62480617  1.9705013  -0.01682504
 -0.4061819  -0.23702045 -0.7561823  -1.4401336   0.31187135 -0.5949961
  0.41366792  0.5835499  -1.8347057   0.7470567 ]
[ 0.06834611 -0.06684412  0.5645765   0.64986753  1.9798714  -0.04847454
 -0.42803732 -0.23952231 -0.6904875  -1.5405678   0.41040173 -0.5995897
  0.35340875  0.5709079  -1.863093    0.84668386]
[ 0.1436173  -0.07659147  0.48152393  0.730169    1.9238675  -0.11406288
 -0.30101877 -0.35824174 -0.7769381  -1.5466517   0.5181934  -0.7281159
  0.37469298  0.695879   -1.9361622   0.9385479 ]
[ 0.19801219 -0.17910698  0.4910729   0.81056184  1.8462269  -0.09700029
 -0.2642277  -0.37341374 -0.81577814 -1.4410522   0.39590418 -0.709777
  0.41276354  0.786118   -2.0030792   0.90997285]
[ 0.33937258 -0.21132123  0.49564943  0.83190024  1.8066337  -0.04769709
 -0.24898425 -0.36148626 -0.79425323 -1.3304846   0.26842552 -0.6260475
  0.30779034  0.7834164  -2.1094518   0.86324394]
[ 0.14038588 -0.18877849  0.5362678   0.86110735  1.8416088   0.12335511
 -0.4690054  -0.16134162 -0.5939754  -1.2668785   0.01370604 -0.38770908
  0.23724504  0.6643571  -2.1381285   0.75490975]
[-0.0093173  -0.05761945  0.4568008   0.8498538   1.955714    0.11476743
 -0.5932737  -0.13845077 -0.5023676  -1.356733    0.1901566  -0.3690456
  0.15873857  0.6697939  -2.1692486   0.7678068 ]
[-0.05998459  0.05223762  0.34671947  0.9292766   1.9971039   0.08995296
 -0.6015725  -0.19120152 -0.4421161  -1.4104643   0.34583464 -0.42443258
  0.10853422  0.70323026 -2.2886932   0.8143364 ]
[ 0.00417604 -0.0238233   0.34749317  0.9981872   2.0887203   0.08289289
 -0.57622445 -0.30166546 -0.5426536  -1.4186494   0.4109138  -0.5395574
  0.18420741  0.6821228  -2.2070508   0.77770436]
[ 0.08734713 -0.07824127  0.3702723   1.0330852   2.0601609   0.09801593
 -0.53395927 -0.28819767 -0.54228413 -1.3305147   0.3329089  -0.5110562
  0.140012    0.665197   -2.2574513   0.7193473 ]
[ 0.17701165 -0.15923455  0.36835608  1.0302175   2.0174432   0.03972105
 -0.4168604  -0.31174302 -0.6049114  -1.2469298   0.3184294  -0.51146936
  0.1459743   0.7253224  -2.3098521   0.7004606 ]
[ 0.1390073  -0.1417964   0.4681686   0.92401993  1.9514682   0.07859409
 -0.40104556 -0.25197053 -0.5966222  -1.1918596   0.23333502 -0.4646957
  0.20556498  0.73140717 -2.3153598   0.58975106]
[ 0.17120805 -0.16445771  0.5102682   0.857437    2.0605075   0.05631842
 -0.4085347  -0.3161883  -0.6770134  -1.2726473   0.31007996 -0.556054
  0.33693856  0.6435038  -2.1681392   0.57384264]
[ 0.24530879 -0.13975327  0.47129422  0.7116461   2.1702676  -0.05821031
 -0.40273094 -0.37638396 -0.7687418  -1.4593      0.5175521  -0.711381
  0.4059531   0.5593866  -1.923837    0.7213583 ]
[ 0.21109629 -0.09568743  0.48770422  0.7004903   2.0877786  -0.05881755
 -0.3884552  -0.33736974 -0.7338706  -1.4959834   0.51805866 -0.6827152
  0.33151597  0.5564233  -1.9228233   0.7871668 ]
[ 0.12323809 -0.13694926  0.54356635  0.71128726  2.0036936  -0.00444951
 -0.3776782  -0.28139392 -0.71232045 -1.4198757   0.363347   -0.61596763
  0.37266144  0.60780823 -1.9622558   0.74863064]
[ 0.21553393 -0.15633866  0.48029193  0.6905413   2.082271   -0.06912336
 -0.35707623 -0.3817262  -0.7844177  -1.4615036   0.4910894  -0.73827225
  0.4227851   0.5812201  -1.8927221   0.84344244]
[ 0.31971943 -0.2620535   0.49521858  0.72722036  2.0457702  -0.07210309
 -0.3475396  -0.3618768  -0.77807647 -1.3871181   0.39601526 -0.731698
  0.43119192  0.58745664 -1.9452026   0.8483285 ]
[ 0.32822052 -0.21358833  0.46619692  0.7660412   1.9581614  -0.10467379
 -0.30940092 -0.3038755  -0.72031105 -1.3853631   0.39294428 -0.6502647
  0.34251693  0.6399937  -2.0375855   0.7946223 ]
[ 0.11601343 -0.16824152  0.5196208   0.70160264  1.984766   -0.03427311
 -0.47173434 -0.17797598 -0.63228416 -1.4192766   0.2628693  -0.5185444
  0.38782555  0.600507   -1.9677572   0.782828  ]
[-0.00439605 -0.09905586  0.4390034   0.69516313  2.1491587  -0.0591518
 -0.54979956 -0.22082475 -0.60705936 -1.4986439   0.41965276 -0.5567661
  0.38034782  0.5710727  -1.9371439   0.84675044]
[ 0.10759942 -0.12252609  0.34114438  0.83903027  2.1496017  -0.08886128
 -0.46185416 -0.32236165 -0.62084156 -1.4645306   0.52750564 -0.6422555
  0.28117257  0.6503087  -2.109152    0.90373576]
[ 0.20204334 -0.1147169   0.34203982  0.93084794  1.9793068  -0.09072107
 -0.31685352 -0.31973517 -0.65131927 -1.420147    0.47721887 -0.5972295
  0.17908564  0.7657515  -2.2534468   0.8530218 ]
[ 0.15743347 -0.03341443  0.40024656  0.9135245   1.876013   -0.09211103
 -0.29120848 -0.2973987  -0.66988033 -1.4632723   0.45453843 -0.58314085
  0.1600299   0.79749286 -2.241835    0.87974757]
[ 0.01028753 -0.01960463  0.5059905   0.8573967   1.8828739  -0.02896693
 -0.3887524  -0.23593406 -0.6096603  -1.4763482   0.3479115  -0.5566834
  0.23570605  0.7301107  -2.1589956   0.8725398 ]
[ 0.08890449 -0.04200767  0.45175582  0.87372077  1.9940007  -0.03236682
 -0.39861238 -0.3398396  -0.62033427 -1.4787692   0.42733693 -0.62973213
  0.21654649  0.6813848  -2.1108353   0.8879749 ]
[ 0.0957204  -0.0464397   0.4907481   0.9096279   1.9429954   0.067077
 -0.45733732 -0.28255016 -0.53205854 -1.4013311   0.32118273 -0.5264982
  0.11231115  0.65141785 -2.2129776   0.83533764]
[ 0.02383264 -0.01677896  0.4468194   0.85497284  1.9390469   0.10541739
 -0.5613845  -0.15982579 -0.41743675 -1.3384111   0.24867722 -0.416094
  0.08532226  0.607788   -2.2544315   0.8206131 ]
[ 0.03624948  0.00342112  0.3961812   0.96073455  1.9352729   0.06761249
 -0.47786862 -0.20715527 -0.44470352 -1.3176186   0.27752113 -0.450149
  0.05013592  0.74683654 -2.3854594   0.7756039 ]
[-0.00692156  0.11377765  0.40282267  0.8676116   2.0767236   0.07999475
 -0.58046675 -0.281497   -0.45603928 -1.4884808   0.4783792  -0.51841754
  0.09471854  0.60437703 -2.2260551   0.8073176 ]
[ 0.01757031  0.07491848  0.36151162  0.8575819   2.1777673   0.04256537
 -0.5858065  -0.3468434  -0.4835084  -1.5039783   0.6113867  -0.6207644
  0.11341455  0.57619774 -2.167624    0.8431138 ]
[ 0.05968105  0.06097493  0.36546797  0.82546806  2.158154    0.04992628
 -0.56808233 -0.34400874 -0.47540098 -1.4664103   0.61209786 -0.62128335
  0.09153642  0.5718807  -2.1760025   0.82231617]
[ 0.16037865  0.01629184  0.3529735   0.81607896  2.1087935   0.01385556
 -0.43453473 -0.3907399  -0.5667347  -1.4291312   0.6044538  -0.6743771
  0.14023718  0.64844894 -2.1881804   0.78686905]
[ 0.2760509  -0.04736697  0.38724867  0.761063    2.0495203  -0.05508899
 -0.26976603 -0.4086505  -0.6656171  -1.3976681   0.5827445  -0.7081275
  0.2108101   0.7158251  -2.2115657   0.7420346 ]
[ 0.34590808 -0.0114573   0.37190315  0.6259966   2.1382313  -0.13068806
 -0.28736082 -0.44860584 -0.71652144 -1.5022922   0.7275692  -0.796667
  0.2431015   0.61146414 -2.043754    0.83822787]
[ 0.3340381   0.02948816  0.38098937  0.6136464   2.0730894  -0.12450884
 -0.27231732 -0.43700904 -0.72998655 -1.5174097   0.72342503 -0.78539264
  0.23305917  0.6522907  -2.0377367   0.82963574]
[ 0.2634704   0.00334255  0.4429884   0.6170203   2.0883453  -0.07921199
 -0.3080343  -0.41733375 -0.71049213 -1.4888679   0.63279325 -0.75017244
  0.28711537  0.6154343  -2.0149584   0.7827738 ]
[ 0.2650966   0.00230939  0.35199377  0.57314366  2.163615   -0.13578793
 -0.3286932  -0.46932405 -0.74035484 -1.5293398   0.77039564 -0.8521139
  0.32018703  0.63370574 -1.9495261   0.89220774]
[ 0.32543677  0.02449096  0.37022924  0.5786709   2.1020164  -0.11602247
 -0.26538804 -0.48435527 -0.7785515  -1.469404    0.7579792  -0.80711854
  0.28822184  0.6936504  -2.026647    0.7696773 ]
[ 0.33212525 -0.02548308  0.45117417  0.63458097  2.0643866  -0.04524552
 -0.25111955 -0.47082925 -0.7985822  -1.4091005   0.6245396  -0.7585808
  0.33038375  0.66520345 -2.0503364   0.66627055]
[ 0.34522298 -0.00928171  0.39392427  0.62190604  2.1126194  -0.09085353
 -0.27256334 -0.47753412 -0.8013689  -1.4742054   0.71213233 -0.8055183
  0.3089657   0.63636225 -1.9798378   0.7425846 ]
[ 0.32029828  0.04415954  0.4203053   0.60982096  2.010121   -0.09868234
 -0.23286633 -0.47672987 -0.8201235  -1.501646    0.7151127  -0.79677784
  0.2807402   0.6952082  -1.9629443   0.7574261 ]
[ 0.24529748 -0.03135308  0.52495515  0.61219263  1.988966   -0.03344988
 -0.24771777 -0.45854837 -0.8358324  -1.431896    0.54846615 -0.7562443
  0.38497463  0.7006401  -1.9477665   0.6987796 ]
[ 0.35885423 -0.06781909  0.4814341   0.5881572   2.0336754  -0.07848663
 -0.21975109 -0.51568913 -0.9015031  -1.4380198   0.6374827  -0.84868926
  0.39555612  0.69491255 -1.9070145   0.7492248 ]
[ 0.41124544 -0.14564756  0.5292041   0.6427387   1.9863617  -0.06452201
 -0.2248781  -0.4707439  -0.89403677 -1.4055729   0.54130566 -0.8187963
  0.4006919   0.66152114 -1.921726    0.73393285]
[ 0.33544153 -0.15078957  0.60714924  0.67737395  1.9195988  -0.01858532
 -0.2508524  -0.40122294 -0.8418552  -1.4134871   0.41472954 -0.73316973
  0.42448705  0.6151301  -1.8864555   0.6623948 ]
[ 0.20414738 -0.03175606  0.54497963  0.6181079   1.9138263  -0.05360133
 -0.27114362 -0.37311602 -0.8305454  -1.5391617   0.5125964  -0.73736155
  0.4034873   0.65552807 -1.8312817   0.7804281 ]
[ 9.6644834e-02 -1.0771066e-03  5.0946093e-01  5.1250994e-01
  2.0416255e+00 -5.5753835e-02 -3.9596787e-01 -3.6754203e-01
 -7.9881382e-01 -1.5849663e+00  5.8237439e-01 -7.5236273e-01
  4.3146530e-01  5.8649176e-01 -1.7453001e+00  9.1112328e-01]
[ 0.28593987 -0.02490465  0.4099586   0.62737024  2.01948    -0.10922159
 -0.27627426 -0.45481578 -0.8101513  -1.5011932   0.6365166  -0.8057772
  0.31054503  0.70781136 -1.9796467   0.93333435]
[ 0.30512157 -0.01874661  0.43269777  0.7052588   1.9672558  -0.09383518
 -0.27930808 -0.41919017 -0.7775839  -1.4781214   0.5911797  -0.725441
  0.22236617  0.7169888  -2.0725257   0.8908722 ]
[ 0.1917069  -0.00676871  0.4985589   0.76529175  1.8881716  -0.04629892
 -0.3061963  -0.34003147 -0.7323501  -1.462826    0.45880833 -0.6272112
  0.23793706  0.7434844  -2.106192    0.80906713]
[ 0.04977455  0.00875859  0.47160178  0.74874085  1.9834427  -0.01860721
 -0.4066468  -0.3233883  -0.67138577 -1.484477    0.4469448  -0.6086283
  0.29616317  0.72059596 -2.0685606   0.822756  ]
[ 0.09428893  0.00869412  0.40933147  0.78213614  2.0478175  -0.0208579
 -0.43149003 -0.40165156 -0.69032276 -1.5195673   0.5412744  -0.6888291
  0.2857987   0.7066094  -2.043696    0.8897998 ]
[ 0.11051865 -0.04615376  0.44780856  0.9181908   1.9973781   0.06541365
 -0.4405242  -0.38893682 -0.6824069  -1.4498901   0.4298721  -0.63234264
  0.23772578  0.7090715  -2.1169221   0.8074604 ]
[ 0.11814632 -0.02887927  0.45674783  0.88275194  1.949342    0.06368597
 -0.43921632 -0.31156904 -0.6186878  -1.4158586   0.39093155 -0.579941
  0.14999093  0.66645956 -2.1633687   0.8468523 ]
[ 0.12625411 -0.03733138  0.47561282  0.90840995  1.7754158   0.02902091
 -0.30546778 -0.274154   -0.6276656  -1.3381208   0.3154618  -0.55162066
  0.11942463  0.84677154 -2.2987723   0.80160123]
[ 0.08139481 -0.03455865  0.47387785  0.8753559   1.8879888   0.03388631
 -0.35060805 -0.33187294 -0.6512855  -1.3785635   0.35687372 -0.6015104
  0.24080257  0.7926233  -2.200328    0.7707161 ]
[ 0.14073656 -0.08043079  0.45582104  0.8097466   2.0749412  -0.0025921
 -0.44793248 -0.39626545 -0.69787437 -1.4704764   0.48418793 -0.68686014
  0.30835184  0.64308107 -2.0373979   0.8704425 ]
[ 0.15115078 -0.06797435  0.47268954  0.88064563  1.9818933   0.04689336
 -0.4417974  -0.33652952 -0.6527382  -1.4224161   0.39595327 -0.59998983
  0.22146639  0.66296613 -2.1514919   0.8251519 ]
[ 0.12006561 -0.00521656  0.4930951   0.8636225   1.8478295   0.0024146
 -0.34825775 -0.2649022  -0.62989265 -1.4152467   0.36343437 -0.53806627
  0.12246101  0.76502514 -2.236768    0.8262828 ]
[ 0.04240672  0.09221537  0.4603583   0.76003206  1.9545386  -0.02857753
 -0.4332138  -0.30979806 -0.6102129  -1.5579621   0.5328656  -0.5995152
  0.17086688  0.6628404  -2.0890603   0.9220525 ]
[ 0.04216629  0.01719086  0.40022698  0.83591306  2.0250995  -0.01144062
 -0.44610327 -0.3948025  -0.649686   -1.5306683   0.56618387 -0.6795516
  0.2355453   0.69704473 -2.076238    0.93902254]
[ 0.09272566 -0.07649788  0.4160847   0.8814125   2.0143304   0.01073258
 -0.44573602 -0.3792805  -0.6540745  -1.4484903   0.4625114  -0.6350181
  0.259439    0.69698834 -2.137343    0.910246  ]
[ 0.17689162 -0.10071278  0.40035683  0.93313885  1.9371265   0.00254822
 -0.36182952 -0.41173273 -0.7238841  -1.3788177   0.4388917  -0.59521514
  0.2226295   0.80563194 -2.231731    0.8518181 ]
[ 0.00806362 -0.03890642  0.42806262  0.9574752   1.8981409   0.09385146
 -0.46785888 -0.30168682 -0.6338729  -1.3570318   0.3151163  -0.4800709
  0.1952059   0.80995035 -2.251758    0.79082704]
[-0.10817287  0.06394106  0.39394498  0.84639186  2.0569313   0.11332951
 -0.6344653  -0.28140527 -0.55045974 -1.5111709   0.4310701  -0.5052143
  0.23188023  0.62912476 -2.064255    0.8589609 ]
[-0.01715455  0.0748435   0.34593272  0.9143218   2.0342247   0.08010548
 -0.5378348  -0.37903672 -0.5710732  -1.5001204   0.52245975 -0.626696
  0.16553326  0.72653687 -2.136821    0.8752586 ]
[ 0.0579535   0.046115    0.3715502   0.97131234  1.9608974   0.11115079
 -0.47624397 -0.36882848 -0.5579244  -1.4116946   0.43927628 -0.6091012
  0.0915137   0.74660605 -2.2194102   0.8153342 ]
[ 0.12472372 -0.04786522  0.3968099   1.0137959   1.8836672   0.12032764
 -0.38635033 -0.35538095 -0.5860229  -1.296496    0.32400274 -0.5882022
  0.12648094  0.7911967  -2.2741222   0.7180299 ]
[ 0.30464584 -0.12155084  0.42665562  0.931812    1.8416278   0.06258664
 -0.24819636 -0.36449254 -0.6498211  -1.1960082   0.2628454  -0.584412
  0.12614655  0.84073365 -2.343621    0.67292386]
[ 0.2670397  -0.14332795  0.45106888  0.9008373   1.9391963   0.07050301
 -0.32117525 -0.340995   -0.6338533  -1.1886413   0.28753212 -0.5475682
  0.15225777  0.75470906 -2.3344295   0.6462964 ]
[ 0.23091781 -0.08889859  0.4581446   0.8263861   2.0355544   0.03020594
 -0.36276224 -0.34917727 -0.6494362  -1.2757866   0.41768187 -0.5834911
  0.17272122  0.68375754 -2.2577434   0.6714648 ]
[ 0.20109382 -0.02377519  0.45168287  0.71392787  2.082152   -0.02840896
 -0.3539261  -0.36989552 -0.6770705  -1.4301026   0.5492133  -0.6658519
  0.25135627  0.6418961  -2.1115212   0.731259  ]
[ 0.21355295  0.05529349  0.3920362   0.55983824  2.1223178  -0.1304238
 -0.35410434 -0.4314285  -0.7287691  -1.5991901   0.7583922  -0.82254905
  0.33768135  0.60181606 -1.8947918   0.8886015 ]
[ 0.24299526  0.02942149  0.393485    0.5420316   2.0287585  -0.13739248
 -0.27410915 -0.470654   -0.81064874 -1.5602015   0.74202263 -0.88337994
  0.39098036  0.7353972  -1.8955864   0.89498395]
[ 0.30745205 -0.05295943  0.42743903  0.60744107  1.985924   -0.10856254
 -0.21170945 -0.49157447 -0.873864   -1.4604571   0.63019997 -0.8646647
  0.43528286  0.7855106  -1.9532425   0.80233747]
[ 0.3618     -0.11017732  0.47488552  0.64034116  2.0058446  -0.0818146
 -0.22436447 -0.4928004  -0.88895655 -1.3865095   0.5672795  -0.8243578
  0.40105492  0.7711922  -1.9938109   0.7421975 ]
[ 0.32016915 -0.15085533  0.5692666   0.68748814  1.9423952   0.02619676
 -0.26882613 -0.40044826 -0.795537   -1.3124573   0.3797991  -0.6642026
  0.37039044  0.65293014 -2.0365844   0.6386162 ]
[ 0.24966073 -0.04739765  0.5364661   0.65961087  1.9267895  -0.03674808
 -0.26388973 -0.38327658 -0.79810476 -1.4465468   0.48273635 -0.7103303
  0.3561653   0.69897974 -1.9889807   0.7271509 ]
[ 0.21130991 -0.01587887  0.49185556  0.6448518   1.8883173  -0.08603074
 -0.2186542  -0.41867757 -0.83595645 -1.5128028   0.56387043 -0.78929555
  0.40292543  0.7747609  -1.9389759   0.80329955]
[ 0.23015556 -0.05279848  0.4401257   0.6112056   1.9149673  -0.12201444
 -0.22245982 -0.44476348 -0.85644263 -1.5026829   0.6055791  -0.86528623
  0.44324118  0.8085505  -1.9028862   0.88294566]
[ 0.39223918 -0.0913616   0.49360532  0.69560987  1.8381774  -0.08383977
 -0.12956455 -0.46287352 -0.8651043  -1.3842278   0.49175683 -0.7959408
  0.31684482  0.8272942  -2.0564022   0.7771773 ]
[ 0.40464133 -0.16862538  0.6358479   0.7462647   1.7944447   0.05042304
 -0.21496165 -0.3815381  -0.757369   -1.2897812   0.27442607 -0.6249178
  0.27634707  0.66926086 -2.1210144   0.66531205]
[ 0.28336856 -0.08777656  0.5721752   0.74378085  1.8491819  -0.00869208
 -0.29978904 -0.31036258 -0.6939787  -1.401964    0.36490023 -0.6032814
  0.23062205  0.6471089  -2.088373    0.7660693 ]
[ 1.3288835e-01 -1.5930117e-03  5.2161539e-01  7.2907865e-01
  1.8848187e+00 -5.1432889e-02 -3.4558734e-01 -3.0527303e-01
 -7.0042640e-01 -1.5140555e+00  4.6645784e-01 -6.2229639e-01
  2.6564321e-01  6.9923878e-01 -2.0387943e+00  8.4601611e-01]
[ 0.06400565 -0.02321488  0.45350212  0.7459257   1.9876312  -0.03511061
 -0.40354356 -0.34619057 -0.69751966 -1.5329792   0.49042577 -0.66634494
  0.3530022   0.6789354  -2.0030336   0.9034227 ]
[ 0.15615544 -0.07566817  0.39711398  0.80423176  2.04042    -0.04888669
 -0.3831723  -0.41231036 -0.7069581  -1.4861038   0.54706645 -0.72841007
  0.28937897  0.68428147 -2.0558746   0.9479893 ]
[ 0.28348604 -0.0598165   0.39228916  0.8837555   1.8906314  -0.05529986
 -0.2560733  -0.40451688 -0.7097457  -1.3995594   0.5063298  -0.65054333
  0.11314551  0.7888502  -2.240646    0.88380814]
[ 1.3385212e-01  6.2863170e-03  4.6556640e-01  8.6222160e-01
  1.8414268e+00  1.9987493e-03 -3.3379918e-01 -2.9185763e-01
 -6.1945808e-01 -1.3789237e+00  3.7836623e-01 -5.3411388e-01
  8.5490130e-02  7.6914585e-01 -2.2595544e+00  8.3980924e-01]
[ 0.06010311  0.1013458   0.42243248  0.7542138   1.9433781  -0.0374493
 -0.39892435 -0.3265933  -0.607638   -1.5339558   0.5269984  -0.6052417
  0.1631746   0.723102   -2.1277907   0.91315365]
[ 0.04910962  0.08432236  0.3401124   0.8034623   2.069777   -0.02893196
 -0.4733271  -0.39827305 -0.6046739  -1.5404179   0.6037899  -0.66950893
  0.1973571   0.71483105 -2.1028006   0.9266065 ]
[ 0.05169823  0.01483378  0.35995212  0.9400387   2.075647    0.08489372
 -0.53718156 -0.38532695 -0.59431684 -1.4562594   0.4957587  -0.60441357
  0.16384435  0.69755214 -2.177077    0.83844244]
[ 0.0597275  -0.00518883  0.38095993  0.9613652   2.0123851   0.11263336
 -0.53671974 -0.31443688 -0.56791174 -1.3952686   0.40894923 -0.52625054
  0.1029708   0.68894863 -2.239039    0.8240778 ]
[ 0.07741038 -0.02573495  0.41972455  0.94973266  1.8504359   0.0349891
 -0.38359478 -0.22027913 -0.55876917 -1.3504642   0.31515008 -0.48747858
  0.06230849  0.8182195  -2.3509107   0.8151169 ]
[ 0.0472845   0.04939437  0.4481933   0.8505229   1.894297   -0.01974737
 -0.39043382 -0.29416242 -0.6149612  -1.4863101   0.47846526 -0.59643626
  0.15912858  0.77300495 -2.2225723   0.89188987]
[ 0.12427463  0.00751505  0.43239564  0.82696974  1.9949627  -0.04028183
 -0.3747805  -0.40419212 -0.6819616  -1.5273349   0.56442845 -0.7037536
  0.22466917  0.69870394 -2.0981114   0.9252353 ]
[ 0.10573001 -0.04758277  0.49911374  0.83173215  2.0064704   0.01441424
 -0.4410235  -0.37402934 -0.6524899  -1.4940695   0.48603526 -0.67050594
  0.23396668  0.6179573  -2.0630774   0.9153622 ]
[ 0.08694105 -0.00270459  0.4827868   0.8145119   1.9816777   0.01413904
 -0.47257844 -0.34629148 -0.6214038  -1.4967209   0.47624415 -0.61692595
  0.20891538  0.62119913 -2.080735    0.9199394 ]
[ 3.8373303e-02  4.1569192e-02  4.6296746e-01  7.9815376e-01
  1.9433101e+00 -4.6703516e-04 -4.7054973e-01 -3.1331375e-01
 -6.2298948e-01 -1.4972693e+00  4.6540886e-01 -5.4021156e-01
  1.8471684e-01  6.9553292e-01 -2.1035075e+00  8.8696086e-01]
[-0.14599112  0.06318359  0.38490447  0.840253    2.0675094   0.05912753
 -0.63600713 -0.2961239  -0.54356575 -1.5447438   0.47620854 -0.51470804
  0.26576984  0.6541027  -2.0654044   0.90654385]
[-0.0611963   0.05128955  0.33363277  0.9359865   2.092876    0.06068267
 -0.57209617 -0.4191267  -0.61148816 -1.5505339   0.5858099  -0.6277501
  0.22127423  0.7244475  -2.1084435   0.91485393]
[-0.02328227  0.07063898  0.33631468  0.9446046   2.0413723   0.07822628
 -0.5417415  -0.42206126 -0.6122518  -1.5306646   0.5850358  -0.60987777
  0.13418964  0.71660775 -2.1292908   0.93289346]
[-0.05119663  0.08232033  0.345951    0.9937914   1.9130834   0.09218746
 -0.4832867  -0.36857215 -0.5948531  -1.4774157   0.50667346 -0.57468647
  0.08291875  0.7870388  -2.2155488   0.9322041 ]
[ 0.05756354  0.07272287  0.3595361   0.9526535   1.7315042   0.05341803
 -0.27060062 -0.33692962 -0.5989068  -1.3941985   0.403752   -0.5739297
  0.04666067  0.9061694  -2.3327205   0.89271164]
[ 0.21409819  0.03318803  0.3490406   0.90413606  1.803792   -0.00888813
 -0.21409509 -0.44029227 -0.6915876  -1.4311764   0.50425136 -0.67607456
  0.08671303  0.8352358  -2.2200065   0.9216819 ]
[ 2.6753619e-01 -2.3194015e-02  3.9536780e-01  9.1896641e-01
  1.8034668e+00  1.2415946e-03 -2.3833248e-01 -3.9701858e-01
 -6.5108186e-01 -1.3617990e+00  4.1344485e-01 -6.2590277e-01
  3.1894628e-02  8.1022775e-01 -2.2840974e+00  9.0831167e-01]
[ 0.13789478  0.01671644  0.4404157   0.9360175   1.7976532   0.06644385
 -0.36610806 -0.2766406  -0.53379375 -1.3184717   0.29777417 -0.49646887
 -0.02794182  0.78101647 -2.3596013   0.8739365 ]
[ 0.03490035  0.09271014  0.3942149   0.8819934   1.9317553   0.04814004
 -0.47905666 -0.2719879  -0.46586722 -1.391866    0.41669115 -0.48829904
 -0.03752503  0.70717543 -2.301962    0.89944136]
[-0.06023866  0.172674    0.3384555   0.79933935  2.1068122   0.04502791
 -0.62858444 -0.2742037  -0.38243693 -1.532386    0.58780295 -0.5219859
 -0.00358494  0.5562553  -2.17814     0.94793713]
[ 2.3170143e-02  1.5396044e-01  2.8295678e-01  7.9165947e-01
  2.2175949e+00 -1.9051715e-03 -5.9607661e-01 -3.9262244e-01
 -4.4193453e-01 -1.5806475e+00  7.6087886e-01 -6.5907657e-01
  2.3428576e-02  5.4540640e-01 -2.1206799e+00  9.6606380e-01]
[ 0.06203075  0.13265319  0.26356652  0.8011473   2.1956246   0.00297866
 -0.5620785  -0.38528603 -0.43855095 -1.539593    0.7528804  -0.6525172
 -0.00492382  0.5811349  -2.1765678   0.93812275]
[ 0.08183249  0.12646852  0.24619809  0.76503587  2.187447   -0.01100507
 -0.5167432  -0.36692113 -0.43206874 -1.5343496   0.7380483  -0.66590744
  0.0381075   0.5898336  -2.1930876   0.91723365]
[ 0.27728087  0.05331547  0.20642579  0.7314642   2.1958442  -0.11668608
 -0.3291002  -0.43919712 -0.55074775 -1.5224532   0.80300236 -0.7683597
  0.06287526  0.6556312  -2.1906598   0.89979327]
[ 0.2872703   0.04994573  0.2315814   0.7159777   2.197536   -0.10633526
 -0.33483952 -0.418394   -0.5426461  -1.5086523   0.78521764 -0.73775804
  0.05661724  0.61622274 -2.196471    0.87182987]
[ 0.3126355   0.04452686  0.25179976  0.6918419   2.1955388  -0.1221021
 -0.31506974 -0.42176884 -0.5666367  -1.5100405   0.7923953  -0.75036234
  0.07581331  0.6093396  -2.1760468   0.85438424]
[ 0.32773146  0.0568409   0.28403434  0.65396     2.1864078  -0.13922524
 -0.2892368  -0.43819022 -0.61821926 -1.5258482   0.80728614 -0.7744055
  0.11372572  0.613546   -2.142027    0.8494771 ]
[ 0.34791192  0.08676224  0.31243026  0.5745398   2.1957383  -0.16774711
 -0.2972664  -0.45112944 -0.6666169  -1.5550371   0.8455946  -0.8012725
  0.14788577  0.5853595  -2.0680108   0.8778221 ]
[ 0.34118432  0.08535522  0.32233998  0.57645094  2.194919   -0.15396085
 -0.30232322 -0.4673435  -0.699461   -1.5492814   0.8390151  -0.80172664
  0.16972902  0.5844014  -2.0395823   0.86709034]
[ 0.3276964   0.07574572  0.32466355  0.5778111   2.1850038  -0.1430932
 -0.30460215 -0.47552767 -0.72404784 -1.5450466   0.8297218  -0.80620563
  0.18984205  0.5883543  -2.0023143   0.86913145]
[ 0.3176019   0.0724607   0.3358873   0.57268417  2.1735573  -0.13617852
 -0.30236644 -0.4838625  -0.7417294  -1.5415264   0.8207656  -0.8163983
  0.19827883  0.58856213 -1.9765365   0.88664234]
[ 0.3122856   0.07403404  0.35049492  0.5748415   2.164948   -0.1294818
 -0.29537818 -0.4957416  -0.7688691  -1.5393963   0.8087023  -0.81875896
  0.21049018  0.597964   -1.962816    0.88462466]
[ 0.31468734  0.05758702  0.37169886  0.5812417   2.1623607  -0.11416147
 -0.29250395 -0.5100583  -0.79962385 -1.5275011   0.7818468  -0.82368785
  0.24282353  0.6059102  -1.9502274   0.8670138 ]
[ 0.30285373  0.02758979  0.38347793  0.5906191   2.1833827  -0.10225805
 -0.30924538 -0.5127201  -0.821403   -1.5101286   0.7560834  -0.83077717
  0.28634045  0.5965145  -1.9263986   0.8530456 ]
[ 0.29319292  0.0287514   0.3917544   0.5728424   2.1948419  -0.0963544
 -0.3227635  -0.51432025 -0.83187723 -1.5161371   0.76622003 -0.83029157
  0.29280314  0.5808756  -1.8924      0.8497524 ]
[ 0.2517821   0.03900255  0.3940106   0.54891384  2.197089   -0.08292317
 -0.33898023 -0.5036386  -0.8276547  -1.5220209   0.75342834 -0.82432777
  0.3061057   0.58019316 -1.8598073   0.85661334]
[ 0.25802475  0.05112696  0.38717908  0.5547179   2.1850457  -0.09151649
 -0.32492933 -0.5024536  -0.8172442  -1.5222785   0.7614174  -0.82134676
  0.28913555  0.59298974 -1.886625    0.85436374]
[ 0.2896474   0.05109809  0.37590772  0.5671269   2.1766806  -0.10193853
 -0.3113763  -0.50914156 -0.81056374 -1.5255312   0.77822423 -0.8272233
  0.26733088  0.593207   -1.9118506   0.8659916 ]
[ 0.28955632  0.05137702  0.3823989   0.5769456   2.1651013  -0.09849556
 -0.30326188 -0.51644135 -0.8224883  -1.5260452   0.77708536 -0.8276105
  0.2667629   0.59978837 -1.9062693   0.8589238 ]
[ 0.29708755  0.04559743  0.3955934   0.55876213  2.1802597  -0.08736365
 -0.31494373 -0.52108514 -0.83660567 -1.5075063   0.763157   -0.8294643
  0.2857955   0.5931998  -1.8909336   0.83526593]
[ 0.2918942   0.0125047   0.4053626   0.5364934   2.2156768  -0.07408482
 -0.33094537 -0.51792395 -0.8497648  -1.4741371   0.74849474 -0.830084
  0.35465232  0.58336645 -1.877092    0.76988095]
[ 0.29020682  0.0033114   0.40963745  0.50873005  2.2344735  -0.06672596
 -0.3393577  -0.51707643 -0.8632436  -1.4621699   0.76370656 -0.82650346
  0.3986569   0.5941812  -1.866497    0.7002109 ]
[ 0.24484532 -0.02697474  0.4332088   0.49541682  2.2451432  -0.04364796
 -0.36084828 -0.5143572  -0.89977074 -1.4579748   0.74435925 -0.83258
  0.484411    0.6042491  -1.8092973   0.6536587 ]
[ 0.27614608  0.00846422  0.45058942  0.4906191   2.230804   -0.048238
 -0.35024238 -0.52345914 -0.9236247  -1.4711341   0.76036406 -0.8321064
  0.42466488  0.58188653 -1.7912115   0.6775352 ]
[ 0.30218363  0.04070187  0.4881372   0.5055132   2.1644852  -0.04657398
 -0.31473947 -0.5213424  -0.9477434  -1.483257    0.72504556 -0.8262545
  0.38746327  0.60481393 -1.793853    0.6773037 ]
[ 3.1889153e-01  1.1796892e-03  5.4852754e-01  5.2849692e-01
  2.0835679e+00 -5.7700135e-02 -2.6546401e-01 -5.2115858e-01
 -9.8366737e-01 -1.4617224e+00  6.7641407e-01 -8.4378177e-01
  4.1783148e-01  6.2404442e-01 -1.7770628e+00  6.7248881e-01]
[ 0.32154852 -0.1304858   0.6255318   0.53925186  2.0062256  -0.05261113
 -0.21648255 -0.52745575 -1.0578117  -1.419718    0.6002923  -0.86773396
  0.5609748   0.63168246 -1.6781842   0.6223464 ]
[ 0.31741124 -0.21374328  0.73762286  0.4487186   1.9464146   0.02028995
 -0.21642396 -0.5488796  -1.1337712  -1.4151322   0.47371426 -0.87819225
  0.7269377   0.6097672  -1.470763    0.5523965 ]
[ 0.21650586 -0.28453535  0.83097345  0.34541875  1.999088    0.14314105
 -0.38839066 -0.5073083  -1.1152557  -1.4074589   0.3329389  -0.8511537
  0.8730546   0.45144647 -1.2385001   0.5587101 ]
[ 0.18354371 -0.26444802  0.73581713  0.35823384  2.0353565   0.19307233
 -0.4868835  -0.41984287 -1.0099877  -1.3642067   0.32151166 -0.73385364
  0.8114914   0.3302681  -1.2958157   0.5649446 ]
[ 0.12258001 -0.13913544  0.6471182   0.39450043  2.0811114   0.07404449
 -0.4750506  -0.38852608 -0.9458548  -1.4586502   0.45481014 -0.75308204
  0.66888076  0.46178484 -1.4682909   0.6868499 ]
[ 0.1267601  -0.06117297  0.6174191   0.4530409   2.0038142  -0.00327993
 -0.35796788 -0.42292482 -0.97041285 -1.5125042   0.5080876  -0.80988485
  0.60004884  0.657074   -1.6096809   0.7465193 ]
[ 0.20578837  0.00907879  0.52169716  0.46015254  1.9125038  -0.10078526
 -0.2611535  -0.4729802  -0.98131067 -1.5808836   0.6643341  -0.95995486
  0.517385    0.78878385 -1.679054    0.92653596]
[ 0.2745881  -0.05128864  0.57499385  0.5826907   1.8151248  -0.04983626
 -0.17403492 -0.4713317  -0.9871297  -1.519083    0.5294846  -0.9038642
  0.46054506  0.7946479  -1.7531073   0.84491336]
[ 0.3414909  -0.19176854  0.68163764  0.6810867   1.7315956   0.04625732
 -0.16783477 -0.44039717 -0.92374027 -1.3686707   0.2955017  -0.77747434
  0.46122319  0.73387235 -1.8747336   0.733885  ]
[ 0.34685618 -0.2854336   0.7154701   0.71744114  1.7502918   0.08244642
 -0.27636617 -0.3697086  -0.8121332  -1.2600685   0.15200412 -0.6177833
  0.45459318  0.63014483 -1.9595783   0.691221  ]
[ 0.25644952 -0.2090069   0.6447782   0.7190097   1.857795    0.03996263
 -0.358705   -0.34284848 -0.7910172  -1.372057    0.2522536  -0.60552245
  0.45246798  0.6348505  -1.9384177   0.72156686]
[ 0.04561404 -0.09180018  0.559759    0.68808186  2.0129893   0.03353821
 -0.5142622  -0.29761133 -0.7141914  -1.4914595   0.3582889  -0.5670187
  0.4170432   0.6066691  -1.8722607   0.7929672 ]
[-0.08017988 -0.01705401  0.42849335  0.7023864   2.156416    0.0377339
 -0.6121374  -0.33539787 -0.6380464  -1.5584943   0.52753735 -0.59845483
  0.38942516  0.56000155 -1.8649166   0.87193596]
[-0.01833783  0.01298948  0.33112058  0.8259915   2.1136718   0.03183748
 -0.489921   -0.47476125 -0.6955565  -1.515942    0.63981116 -0.69395554
  0.32111678  0.7296281  -2.0180402   0.868231  ]
[ 0.01941617 -0.00954209  0.3198051   0.85905015  2.0498018   0.05778528
 -0.428686   -0.4811434  -0.7216018  -1.4610459   0.56697875 -0.6900977
  0.34995723  0.78652537 -2.0606835   0.8101281 ]
[ 0.20062093 -0.05045157  0.32613522  0.9382      1.8653123   0.02842729
 -0.22475033 -0.5027169  -0.8230072  -1.3727249   0.47764453 -0.6946082
  0.2951997   0.92911756 -2.1668212   0.7385688 ]
[ 0.2301664  -0.08409731  0.3920634   0.9911046   1.7329435   0.06293751
 -0.15962037 -0.47493845 -0.8531005  -1.3066365   0.35314524 -0.66796327
  0.28455672  0.98653066 -2.2012277   0.6763418 ]
[ 0.19344917 -0.16687879  0.47735614  1.0200016   1.616733    0.13128269
 -0.16238327 -0.36862284 -0.79827815 -1.1788133   0.13147363 -0.5782784
  0.28969753  1.0124805  -2.2625914   0.60319185]
[ 0.21177566 -0.23393643  0.5322855   0.97538394  1.6027731   0.13470893
 -0.14971462 -0.33759832 -0.7899636  -1.1376625   0.07777031 -0.5572551
  0.3261242   0.9812989  -2.2591634   0.5807214 ]
[ 0.27527457 -0.23804708  0.6059069   0.9276034   1.6224425   0.14583191
 -0.1623294  -0.30828205 -0.7228085  -1.1109987   0.04165181 -0.50495195
  0.24818912  0.8566183  -2.2816274   0.56180423]
[ 0.27039093 -0.16048232  0.63734597  0.87238455  1.6734207   0.1060266
 -0.20817001 -0.30171627 -0.6886599  -1.2193296   0.14368598 -0.50624865
  0.20663151  0.7712158  -2.2447438   0.60551053]
[ 0.17372644 -0.00830723  0.61126506  0.77447206  1.8079392   0.03991974
 -0.30997825 -0.3231024  -0.6755446  -1.4383086   0.33900395 -0.55649316
  0.22238162  0.6773516  -2.0738604   0.70203173]
[-0.02437491  0.00726767  0.5500553   0.76095134  1.9338825   0.06144413
 -0.46158785 -0.24065658 -0.58315927 -1.5039599   0.3203606  -0.5285392
  0.28326052  0.6352003  -2.0231385   0.780049  ]
[-1.7806014e-02  1.2822688e-03  4.9527526e-01  7.8061450e-01
  2.0342064e+00  8.5601680e-02 -5.1715839e-01 -3.0356172e-01
 -5.7574749e-01 -1.5080976e+00  3.8191947e-01 -5.7336342e-01
  2.9781938e-01  5.8865088e-01 -2.0242546e+00  8.2297868e-01]
[ 0.14280435 -0.0551867   0.42308205  0.89631796  2.0200195   0.06171414
 -0.42481333 -0.4029941  -0.6369866  -1.4002025   0.43690854 -0.60995984
  0.18035856  0.6868264  -2.1637492   0.8119591 ]
[ 0.11091395 -0.02990669  0.4181282   0.84817946  1.9855926   0.08088527
 -0.4841133  -0.2753158  -0.541839   -1.3671361   0.3623232  -0.51225
  0.12523234  0.61994374 -2.214392    0.84126216]
[ 1.49351031e-01 -2.24558171e-02  4.00705725e-01  8.88305187e-01
  1.86524546e+00  2.02558935e-03 -3.14303905e-01 -3.01923126e-01
 -6.04736865e-01 -1.34115505e+00  3.91798973e-01 -5.67686856e-01
  1.14907905e-01  8.32299590e-01 -2.32515001e+00  7.97629058e-01]
[ 0.11119485 -0.02515963  0.37485763  0.84762114  1.9373642  -0.02240381
 -0.32489872 -0.34482667 -0.62991434 -1.3960694   0.45642227 -0.640169
  0.23306897  0.8286827  -2.2373981   0.79690874]
[ 0.17420146 -0.05778885  0.34858567  0.78498065  2.0683696  -0.0676221
 -0.34892565 -0.42988038 -0.7180882  -1.4621156   0.56756526 -0.7516758
  0.33271188  0.7743334  -2.093916    0.84623164]
[ 0.23729324 -0.11560728  0.41307837  0.8952352   2.0101702   0.00363996
 -0.32879972 -0.4089095  -0.7169789  -1.3650255   0.4525454  -0.65630287
  0.2286963   0.75560164 -2.2069361   0.7651478 ]
[ 0.13714814 -0.06915431  0.49440974  0.87126637  1.9067453   0.03920499
 -0.3835625  -0.29481012 -0.64100236 -1.3842882   0.38159546 -0.5696808
  0.18465017  0.7142328  -2.230056    0.80680525]
[ 1.12197615e-01  1.19953160e-03  4.96613592e-01  8.48986626e-01
  1.79639912e+00 -1.90308541e-02 -2.77253062e-01 -3.39719653e-01
 -7.19966054e-01 -1.44124913e+00  4.58610475e-01 -6.26470447e-01
  2.21656412e-01  8.37359130e-01 -2.19659472e+00  8.10796738e-01]
[ 0.14931107  0.02085481  0.49275178  0.7383159   1.8385013  -0.04983403
 -0.24986549 -0.41387734 -0.7862474  -1.5340948   0.5472163  -0.72075975
  0.30629042  0.76635414 -2.0317063   0.8938023 ]
[ 0.13815644 -0.03622199  0.4484211   0.77657276  1.9159353  -0.03648884
 -0.30245942 -0.4311151  -0.74288386 -1.4976314   0.5304005  -0.7594676
  0.31192508  0.725042   -1.9999834   0.9289878 ]
[ 0.28231454 -0.04106842  0.44444513  0.8403133   1.8086485  -0.03002288
 -0.19115517 -0.457853   -0.7530263  -1.391341    0.46802673 -0.7083127
  0.19314292  0.85224044 -2.1793323   0.8285717 ]
[ 0.13781603 -0.01591199  0.5029782   0.8264966   1.867266    0.08087723
 -0.37442547 -0.35341868 -0.651511   -1.361491    0.3139133  -0.5454854
  0.2154684   0.7415329  -2.1669707   0.7480541 ]
[ 0.02449392  0.0746443   0.4380204   0.85687715  1.9447758   0.09816959
 -0.49880534 -0.32446367 -0.59136623 -1.4417921   0.4030284  -0.49671713
  0.1533408   0.731548   -2.18271     0.7778473 ]
[-0.10272779  0.12893112  0.36717063  0.8823698   2.0299501   0.12221215
 -0.59476644 -0.31145486 -0.5128881  -1.5100687   0.4989539  -0.5143588
  0.13986976  0.6968502  -2.1772532   0.8258737 ]
[ 0.00548097  0.07955889  0.3382988   0.8820957   2.10747     0.06273535
 -0.5362899  -0.41872564 -0.5883254  -1.5292877   0.6276152  -0.6360023
  0.13158163  0.66615427 -2.1094913   0.8864063 ]
[ 0.02948763  0.04769475  0.35375938  0.92454255  1.9926865   0.08395876
 -0.47085863 -0.37728873 -0.56444234 -1.4509676   0.53563756 -0.6005832
  0.09715188  0.71819293 -2.2099235   0.85852134]
[ 0.11272894 -0.02236191  0.38070995  0.9367927   1.8169998   0.0267693
 -0.25668323 -0.35381007 -0.60920507 -1.3537623   0.4279023  -0.5941077
  0.13711001  0.85889846 -2.3044324   0.75965977]
[ 0.28922597 -0.06512251  0.41708508  0.79997367  1.9260223  -0.06870216
 -0.21871932 -0.43296987 -0.72355896 -1.4383726   0.53926104 -0.7163558
  0.21784127  0.74547064 -2.1416767   0.83545226]
[ 0.28652826 -0.01404847  0.45149684  0.7567585   1.9017938  -0.07627603
 -0.24747357 -0.40086198 -0.7146795  -1.4786017   0.54492867 -0.68290293
  0.17993847  0.7152647  -2.114829    0.8590124 ]
[ 0.10073729  0.01253228  0.5076587   0.7907728   1.940239    0.01605177
 -0.40579    -0.32895923 -0.6199973  -1.4726877   0.43050465 -0.5574644
  0.19234355  0.6502131  -2.0892472   0.799011  ]
[-0.02720323  0.05611308  0.42192227  0.7611141   2.099769    0.0490656
 -0.5563997  -0.32794583 -0.52397525 -1.52478     0.52504766 -0.5590664
  0.21588454  0.55442196 -2.053255    0.8578049 ]
[ 0.07723419  0.07045938  0.3331709   0.8273541   2.1185317   0.02231076
 -0.47644314 -0.445994   -0.5993228  -1.5093104   0.6492798  -0.6546152
  0.15569644  0.64589435 -2.11579     0.8698689 ]
[ 0.08098705  0.08734655  0.33459237  0.79733264  2.0820613   0.04512018
 -0.4870401  -0.40121642 -0.5535448  -1.4845324   0.6004712  -0.6222611
  0.13877328  0.60989034 -2.1411011   0.88239324]
[ 0.2121377   0.02459708  0.2664344   0.8348586   2.0551152  -0.03513928
 -0.31973442 -0.48439342 -0.6701008  -1.4580158   0.67194307 -0.7158276
  0.14945011  0.74611235 -2.1659045   0.8557377 ]
[ 2.2252879e-01  6.2214432e-04  2.9390961e-01  8.3159447e-01
  2.0109563e+00 -1.6605239e-02 -2.9709795e-01 -4.7570771e-01
 -7.0332313e-01 -1.3894600e+00  6.0837406e-01 -6.9869840e-01
  1.9440821e-01  8.1517905e-01 -2.2140660e+00  7.8183651e-01]
[ 0.1932453  -0.02147998  0.38173935  0.8611084   1.9699876   0.05607626
 -0.3224515  -0.43390402 -0.7015852  -1.3269155   0.4641698  -0.65181637
  0.2421807   0.7985353  -2.2313197   0.6843378 ]
[ 0.35113406 -0.06662548  0.36663514  0.7918059   2.0565603  -0.03082831
 -0.27088374 -0.47410947 -0.7621825  -1.3859842   0.5832317  -0.75576335
  0.22902837  0.72821295 -2.1145332   0.7167586 ]
[ 0.32056278 -0.07259412  0.41614857  0.7731291   1.9913498  -0.02187009
 -0.26016062 -0.42335576 -0.7414797  -1.3708385   0.5398425  -0.71088564
  0.2171386   0.71455485 -2.1267204   0.7165927 ]
[ 0.21835952 -0.06577903  0.49574715  0.73415387  1.9248121  -0.016704
 -0.2507616  -0.37844452 -0.7410067  -1.3430184   0.45263785 -0.6708899
  0.29156274  0.7650815  -2.132946    0.67712134]
[ 0.2933182  -0.02764441  0.5068637   0.6180336   2.0200057  -0.05241894
 -0.25837713 -0.46779856 -0.8258154  -1.4556497   0.58809155 -0.7774464
  0.36872607  0.6659975  -1.969231    0.7355296 ]
[ 0.33617985 -0.08641159  0.4466916   0.6151606   2.0973096  -0.09697688
 -0.31239182 -0.4551815  -0.8084444  -1.475218    0.6388533  -0.8462453
  0.3847254   0.6164975  -1.9102795   0.8206808 ]
[ 0.34242192 -0.07268081  0.45504045  0.60016745  2.023437   -0.11572263
 -0.2951704  -0.40624222 -0.7815546  -1.4809172   0.6284363  -0.79250234
  0.34341237  0.6338319  -1.9250208   0.807244  ]
[ 0.19822511 -0.07006986  0.5354031   0.59125936  1.973603   -0.04549063
 -0.32518768 -0.34164897 -0.75412875 -1.443618    0.4639349  -0.68246454
  0.4039517   0.6373983  -1.890308    0.7120059 ]
[ 0.16286965 -0.06929235  0.50619173  0.54248786  2.1073608  -0.06260718
 -0.381778   -0.3653509  -0.74408853 -1.4765204   0.5155664  -0.7292107
  0.43682736  0.5932678  -1.850655    0.78049546]
[ 0.31709075 -0.03631263  0.40932417  0.636752    2.0705009  -0.12695278
 -0.28862554 -0.43471232 -0.77522206 -1.5176566   0.66336185 -0.8325942
  0.33496374  0.68044186 -1.984576    0.8503871 ]
[ 0.34629637  0.00979882  0.4242383   0.6378739   1.9780582  -0.13312502
 -0.24216485 -0.4178625  -0.7661391  -1.5289418   0.68192303 -0.80185777
  0.2236791   0.7009026  -2.0229945   0.87677515]
[ 0.24211547 -0.00899349  0.50385463  0.65915424  1.9279009  -0.06312899
 -0.26938334 -0.35260952 -0.70087683 -1.4661884   0.5218016  -0.6847984
  0.25016728  0.66290516 -2.0411217   0.783234  ]
[ 0.22238812 -0.0177882   0.46479893  0.64221394  2.0068212  -0.07292463
 -0.27869925 -0.4042452  -0.7236117  -1.4739106   0.55877936 -0.7323131
  0.32332653  0.67260766 -2.0235763   0.8010165 ]
[ 0.28453422 -0.05332427  0.40983206  0.6393443   2.1000261  -0.12122264
 -0.31664845 -0.4355896  -0.74200195 -1.5074804   0.63993585 -0.81199837
  0.31977758  0.65449584 -1.9990441   0.9072548 ]
[ 0.3103394  -0.02118374  0.43057403  0.6792165   2.0076287  -0.119045
 -0.316364   -0.38620636 -0.72427005 -1.5201044   0.63880855 -0.72549945
  0.21923313  0.6677599  -2.0636983   0.8889576 ]
[ 0.18571845  0.01936345  0.51166624  0.7026988   1.9295175  -0.05930512
 -0.367483   -0.31369093 -0.6714478  -1.5376389   0.53185856 -0.6286551
  0.20638688  0.6333879  -2.0448256   0.8689257 ]
[ 0.04537194  0.05651143  0.45440388  0.67171955  2.0041542  -0.05791999
 -0.44208932 -0.29345408 -0.61060613 -1.6084843   0.56619734 -0.6520418
  0.2559448   0.58990824 -1.9888119   0.9806177 ]
[ 0.12516214  0.05732328  0.36428303  0.72701025  1.9991865  -0.08545541
 -0.35383087 -0.4060908  -0.6456006  -1.5849226   0.6704122  -0.7753162
  0.21576957  0.67126435 -2.0451298   1.0387557 ]
[ 0.26685032  0.00751894  0.36348206  0.821852    1.9042482  -0.07863291
 -0.23501785 -0.42745638 -0.6662219  -1.4767687   0.59792393 -0.7393789
  0.10873816  0.763545   -2.2069626   0.9656733 ]
[ 0.2376988   0.01664343  0.39797312  0.82868826  1.9164178  -0.05392156
 -0.29910016 -0.4017919  -0.64821005 -1.4622271   0.56237775 -0.6648088
  0.08908685  0.74758446 -2.2313817   0.93313664]
[ 0.10742308  0.07941007  0.42245206  0.7930079   1.9610531  -0.01609331
 -0.4430608  -0.34031856 -0.59225625 -1.4828485   0.5288531  -0.5794235
  0.10722484  0.6978477  -2.1823256   0.90817624]
[-0.02003663  0.11521729  0.3575266   0.83256197  2.081118    0.03968188
 -0.5818249  -0.32903898 -0.5084008  -1.5270424   0.5651807  -0.5504679
  0.11838591  0.6230715  -2.1509614   0.9055548 ]
[-0.0422229   0.10821252  0.2907565   0.8680337   2.1800761   0.04519643
 -0.6147617  -0.4028983  -0.49828196 -1.5553778   0.69063365 -0.63453305
  0.12120142  0.63107336 -2.1367183   0.9198826 ]
[-0.02297971  0.10295562  0.2634049   0.8992966   2.158426    0.06228282
 -0.5918967  -0.40137663 -0.48429543 -1.5131992   0.67533314 -0.63080245
  0.08320606  0.65025115 -2.1742256   0.89333665]
[ 0.04422401  0.08943067  0.27132744  0.9071312   2.1027331   0.06168196
 -0.51263636 -0.4081866  -0.5028429  -1.4749137   0.63633436 -0.6396319
  0.07644288  0.6855122  -2.2166026   0.8482939 ]
[ 0.21693572  0.01462429  0.26683855  0.85696477  2.0366359  -0.01054068
 -0.3103982  -0.43849403 -0.61264026 -1.4196466   0.6218349  -0.7033845
  0.12329867  0.7723239  -2.2468128   0.79788816]
[ 0.33136114 -0.04689956  0.3197508   0.80201304  2.0498216  -0.05765427
 -0.2542531  -0.43387324 -0.6423     -1.3897961   0.59306604 -0.72458965
  0.13785194  0.7122255  -2.2167482   0.78428376]
[ 0.36294216 -0.06536894  0.35887665  0.79460317  2.0126717  -0.0619463
 -0.22506809 -0.41963345 -0.6733492  -1.3634174   0.57098377 -0.7114901
  0.15488191  0.7268346  -2.23596     0.73606557]
[ 0.28365603 -0.0673065   0.4428761   0.7590653   1.9935621  -0.03264708
 -0.2599916  -0.37916845 -0.66798156 -1.3371208   0.5039687  -0.679884
  0.20458584  0.7301903  -2.230579    0.69663334]
[ 0.28810018 -0.02787504  0.41184202  0.6211565   2.1081493  -0.10127286
 -0.2942931  -0.43408212 -0.73296016 -1.4775925   0.67269593 -0.76639014
  0.31459472  0.6444383  -2.0505981   0.7869276 ]
[ 0.26914868  0.02712066  0.36794877  0.57480156  2.097939   -0.13453245
 -0.300008   -0.47301093 -0.7968384  -1.5304645   0.77714205 -0.825321
  0.33922344  0.7125533  -1.9840647   0.84343183]
[ 0.2783658  -0.0259215   0.43763533  0.6156577   2.0389457  -0.07455304
 -0.27247563 -0.46014184 -0.80215454 -1.4822164   0.6385995  -0.78468895
  0.37157488  0.69470966 -1.9959953   0.7860857 ]
[ 0.29439303  0.00661424  0.39076144  0.6041335   1.9901607  -0.13313949
 -0.25561613 -0.45351958 -0.81997216 -1.5411211   0.70071423 -0.8437111
  0.34625185  0.7354376  -1.9452317   0.8915032 ]
[ 0.33212668  0.02999904  0.44173527  0.6188478   1.8359387  -0.14477845
 -0.1688181  -0.433932   -0.83934146 -1.5256894   0.6553565  -0.8398735
  0.2841494   0.81666994 -1.9899915   0.89511204]
[ 0.28076732 -0.06488875  0.5491499   0.71118665  1.7609227  -0.05498829
 -0.14420906 -0.39102444 -0.8214717  -1.4179304   0.42282748 -0.74891555
  0.35693187  0.7975615  -2.0413709   0.76870817]
[ 0.35718006 -0.0667623   0.49090257  0.694526    1.7734181  -0.1126164
 -0.1145699  -0.44881216 -0.8800229  -1.4326273   0.5231151  -0.8276474
  0.33380437  0.86749727 -2.0344653   0.8422201 ]
[ 0.43407756 -0.16619687  0.6065117   0.7221934   1.7810949   0.03004659
 -0.17737749 -0.43413982 -0.81077397 -1.2900052   0.32732353 -0.6816436
  0.29293483  0.69950324 -2.0989628   0.7257568 ]
[ 0.32804772 -0.10183873  0.5706132   0.73535943  1.8893917   0.02845067
 -0.30178273 -0.36607203 -0.7229148  -1.3224512   0.3391726  -0.5987147
  0.22019176  0.617341   -2.0990708   0.74708545]
[ 0.2132802   0.00373566  0.47875094  0.71352196  1.9682801  -0.03004038
 -0.37511826 -0.32243666 -0.65581185 -1.4320376   0.46375003 -0.60340536
  0.18707797  0.6284355  -2.0827096   0.8110708 ]
[ 0.10431461  0.02956152  0.42435122  0.70154923  2.023974   -0.06835575
 -0.40209502 -0.31521136 -0.6192126  -1.4979702   0.5244595  -0.64867055
  0.25566357  0.68451405 -2.0804706   0.85158837]
[ 0.14735915  0.02505746  0.35434967  0.71692276  2.111831   -0.08681289
 -0.4065041  -0.4242155  -0.6763402  -1.5309359   0.65544116 -0.7685065
  0.29328996  0.7155402  -2.0425963   0.8849901 ]
[ 0.14292748 -0.0609759   0.3914156   0.8310253   2.139094    0.01762108
 -0.44427997 -0.42693013 -0.6830819  -1.4547398   0.5268611  -0.7169239
  0.30255622  0.6684969  -2.0742571   0.80745566]
[ 0.24600144 -0.07518202  0.3876812   0.8308693   2.063291   -0.02164038
 -0.36555308 -0.38655987 -0.6910752  -1.4200548   0.52322    -0.68114775
  0.19049518  0.70429975 -2.1605508   0.82115537]
[ 0.1984479  -0.05091067  0.4581093   0.8307252   1.917736   -0.02358421
 -0.3209726  -0.2847173  -0.6119321  -1.3770742   0.4337384  -0.59978944
  0.12702233  0.738901   -2.2673535   0.7949139 ]
[ 0.1439076  -0.02239978  0.44297725  0.7566134   1.9396003  -0.06797596
 -0.30374023 -0.33340907 -0.65702    -1.4764528   0.54016507 -0.6921483
  0.25015706  0.73874605 -2.143804    0.84973794]
[ 0.17230037  0.00767985  0.40405887  0.62811774  2.021309   -0.13177893
 -0.31510878 -0.43399826 -0.75987756 -1.5858845   0.6920786  -0.8331288
  0.35230762  0.71741706 -1.9440769   0.97879946]
[ 0.1854124  -0.06018464  0.42610613  0.6979853   2.0722554  -0.06649219
 -0.35797387 -0.4445916  -0.7335759  -1.5092931   0.5926526  -0.7888104
  0.35320592  0.6435309  -1.9735556   0.9322524 ]
[ 0.307355   -0.02523692  0.40549213  0.7570834   1.9496797  -0.07716741
 -0.27234757 -0.4211678  -0.7226294  -1.4705849   0.5947496  -0.7022577
  0.1728271   0.7260798  -2.145712    0.890087  ]
[ 0.16740258  0.02307765  0.437076    0.7783821   1.9244814  -0.03520696
 -0.35354745 -0.3402885  -0.6444187  -1.4776828   0.51622784 -0.6124741
  0.14854051  0.7036451  -2.1340191   0.86598015]
[ 0.08239849  0.06924669  0.3813092   0.76616806  1.9786625  -0.04183494
 -0.40381107 -0.3304997  -0.5875119  -1.5280262   0.5623295  -0.6330787
  0.1585449   0.6961965  -2.1227639   0.9228169 ]
[ 0.12268329  0.03846364  0.32079715  0.8347602   2.0038807  -0.04902128
 -0.3603356  -0.41632456 -0.6363808  -1.527571    0.6261541  -0.72076243
  0.17733948  0.7712084  -2.1496532   0.93471795]
[ 0.12800883 -0.04639532  0.3459044   0.8956424   2.044057   -0.01080887
 -0.39557505 -0.41971102 -0.6477928  -1.4507338   0.53950924 -0.68063915
  0.20156634  0.7290088  -2.1568818   0.89305955]
[ 0.27637616 -0.07005499  0.32504138  0.89233935  1.9788525  -0.01874408
 -0.29644907 -0.41096336 -0.660746   -1.35704     0.49752825 -0.6241094
  0.09354164  0.7700759  -2.2833905   0.8538445 ]
[ 0.18687771 -0.03248381  0.40423593  0.8948056   1.9266641   0.01614148
 -0.3452279  -0.31425568 -0.58942115 -1.3213825   0.3946045  -0.5283736
  0.04970808  0.76578027 -2.3423712   0.7993718 ]
[ 0.12346411  0.04286948  0.3612322   0.8227631   2.0002933  -0.03168395
 -0.36754394 -0.32705015 -0.55168617 -1.4404482   0.5257175  -0.6015706
  0.09468083  0.7150252  -2.2500288   0.8512707 ]
[ 0.16342697  0.09628092  0.30796066  0.7201565   2.0935907  -0.10677574
 -0.38330543 -0.4085222  -0.6018063  -1.5537474   0.71081656 -0.7275117
  0.15848646  0.68562263 -2.105589    0.9212186 ]
[ 0.08459952  0.02323422  0.3526008   0.82661474  2.1320531   0.00431472
 -0.45889074 -0.41263467 -0.6070151  -1.48279     0.5901398  -0.6928514
  0.2434742   0.67373294 -2.1180701   0.80818146]
[ 0.14149603 -0.05242574  0.3626151   0.8197657   2.1723213   0.03719753
 -0.46738076 -0.40063387 -0.6111118  -1.3954928   0.5365632  -0.65692985
  0.26317367  0.63377875 -2.1528473   0.73307544]
[ 0.30140147 -0.06769178  0.33811593  0.8259939   2.0957553  -0.01176213
 -0.32433313 -0.41872033 -0.6891961  -1.3399097   0.5590259  -0.65542066
  0.16624843  0.70476115 -2.2322216   0.7090988 ]
[ 0.2209506  -0.03287082  0.4427595   0.8028259   1.9819009  -0.00448907
 -0.33332366 -0.3318463  -0.65400374 -1.3623371   0.4771467  -0.6022193
  0.16112868  0.7349692  -2.242812    0.70291436]
[ 0.17507659  0.02126833  0.4238963   0.72225344  1.9649684  -0.06621019
 -0.28864694 -0.3860724  -0.72473824 -1.502356    0.61462927 -0.7223376
  0.27216816  0.75673246 -2.0856915   0.7887591 ]
[ 0.22671875  0.01929596  0.43555441  0.5834889   1.9804916  -0.14006798
 -0.2717422  -0.44065914 -0.8107357  -1.5928429   0.70388156 -0.844674
  0.3710037   0.73437905 -1.9128727   0.92714083]
[ 0.30927125 -0.0656794   0.45343074  0.6255633   1.907978   -0.12279879
 -0.18354902 -0.4684109  -0.891122   -1.4745278   0.5941725  -0.8565426
  0.3958645   0.8190671  -1.9471967   0.8710332 ]
[ 0.37368077 -0.14562681  0.52202785  0.6834572   1.9121923  -0.05682454
 -0.23300318 -0.42446327 -0.8197645  -1.378896    0.4621234  -0.7483537
  0.3261103   0.70373166 -2.0237782   0.81093323]
[ 0.2961467  -0.13833869  0.61007035  0.731482    1.8476841   0.02446932
 -0.30019128 -0.3093973  -0.7084793  -1.3365762   0.2792606  -0.5888012
  0.28831318  0.633997   -2.0573652   0.6888262 ]
[ 0.1733413   0.00898588  0.51729715  0.7123316   1.8971627  -0.02890849
 -0.35506573 -0.27420005 -0.65145445 -1.4579642   0.39336294 -0.58206886
  0.23809063  0.65500194 -2.0332944   0.75318646]
[ 0.06381544 -0.00598362  0.4660918   0.6758268   2.0840962  -0.00537376
 -0.48230892 -0.25015947 -0.5785534  -1.4896702   0.40057412 -0.5958535
  0.35114422  0.5710092  -1.9868896   0.74926627]
[ 0.17348734 -0.04583053  0.39015463  0.77459097  2.1524282  -0.0290981
 -0.43024808 -0.38733    -0.6379941  -1.4267473   0.52879155 -0.7148847
  0.3157031   0.64048916 -2.080354    0.7415644 ]
[ 0.25070703 -0.08923086  0.42672452  0.84453076  2.085548    0.018376
 -0.38670778 -0.37269843 -0.6632613  -1.3467196   0.4685228  -0.6472579
  0.21620318  0.66993386 -2.1880174   0.67399544]
[ 0.28995037 -0.04055718  0.49284783  0.8218371   1.9323561   0.0291137
 -0.29796433 -0.32270503 -0.64549416 -1.3094839   0.39819133 -0.5695947
  0.10229099  0.71426743 -2.29462     0.6590137 ]
[ 0.25332195  0.02658748  0.4918162   0.7310971   1.9895874  -0.03916902
 -0.3137586  -0.34149244 -0.6515434  -1.4434841   0.5570904  -0.6413512
  0.10638555  0.65220344 -2.1823611   0.76751006]
[ 0.24573402  0.03199166  0.47617632  0.6285626   2.0242474  -0.11284836
 -0.3022415  -0.3934862  -0.72996885 -1.5797675   0.69714946 -0.74807423
  0.24168849  0.6143203  -1.9897873   0.8613464 ]
[ 0.22496238 -0.04075015  0.46537048  0.600231    2.0628803  -0.14249894
 -0.3300554  -0.4266556  -0.7976257  -1.5816133   0.68568474 -0.8289728
  0.37285852  0.6426414  -1.8701706   0.9316797 ]
[ 0.24856877 -0.09549737  0.49529648  0.5969961   2.0940003  -0.09542428
 -0.36437982 -0.42455178 -0.8029674  -1.5539113   0.57831645 -0.8055088
  0.42404976  0.5741502  -1.8307562   0.9307335 ]
[ 0.23603854 -0.02783089  0.44997612  0.6327704   2.0047963  -0.10507842
 -0.37789074 -0.36949453 -0.75809956 -1.5633599   0.59809756 -0.7396967
  0.31092972  0.6105086  -1.8996785   0.9685329 ]
[ 0.04797731  0.00389454  0.48236203  0.599859    2.0734584  -0.0160781
 -0.5861366  -0.22829501 -0.58785504 -1.5764601   0.4869837  -0.6041183
  0.2858065   0.46803522 -1.8285294   0.9518193 ]
[ 0.01758991  0.04928718  0.37120423  0.7375171   2.0356083  -0.048296
 -0.48523626 -0.31353667 -0.5724728  -1.5700371   0.58723974 -0.6516618
  0.23160827  0.63321745 -2.0387797   0.98892844]
[ 7.3362149e-02 -7.9953374e-04  3.0777568e-01  8.1587732e-01
  2.0272491e+00 -6.2522329e-02 -3.9871350e-01 -4.0850696e-01
 -6.4998281e-01 -1.5306110e+00  6.2101555e-01 -7.4491608e-01
  2.6130018e-01  7.7747667e-01 -2.0966041e+00  9.7989094e-01]
[ 0.20932993 -0.08935477  0.2864241   0.88926256  1.9681318  -0.07558201
 -0.2745511  -0.44407263 -0.7133323  -1.4297847   0.5612427  -0.7339069
  0.23050794  0.88152903 -2.2162347   0.91834104]
[ 0.21944626 -0.10193563  0.29128394  0.93390816  1.97347    -0.02695329
 -0.30246636 -0.43550342 -0.7094962  -1.3532295   0.50500035 -0.6447679
  0.16874364  0.8618425  -2.2727191   0.85933036]
[ 0.09459005 -0.0839588   0.37129167  0.94483757  1.8962595   0.03497441
 -0.38696355 -0.28337806 -0.6089363  -1.3140924   0.34150138 -0.5107614
  0.14667676  0.84174716 -2.3413749   0.8227399 ]
[ 0.06496586  0.04187588  0.36051276  0.8841747   1.9095825   0.01442872
 -0.38377398 -0.34004018 -0.6043256  -1.4517174   0.4886921  -0.5920281
  0.150462    0.81692344 -2.2517934   0.8595791 ]
[ 0.10988225  0.02944553  0.3343893   0.84867066  1.9401985  -0.03822454
 -0.33329988 -0.4235974  -0.68494886 -1.5205331   0.59260124 -0.7245604
  0.22149539  0.8167845  -2.1129155   0.9143036 ]
[ 0.1295256  -0.06692117  0.36284083  0.9080205   1.9290726   0.00838315
 -0.32290232 -0.41457525 -0.69277513 -1.4107668   0.45771256 -0.69286233
  0.25680634  0.8099291  -2.1417444   0.8478181 ]
[ 0.33399078 -0.1256368   0.36999965  0.9362413   1.8453544   0.0154412
 -0.19504699 -0.42789206 -0.72337466 -1.2666479   0.34931725 -0.64556324
  0.15970913  0.8530512  -2.28144     0.76711714]
[ 0.2845048  -0.16136515  0.48209706  0.9485304   1.7562921   0.07778709
 -0.26653808 -0.27115643 -0.60953915 -1.172656    0.14982662 -0.49778253
  0.08744764  0.83647287 -2.4068763   0.7253002 ]
[ 0.23296055 -0.08449353  0.46245342  0.9196707   1.8172172   0.03549428
 -0.3208031  -0.26717818 -0.5838913  -1.2742704   0.28221732 -0.5135686
  0.0712318   0.7710856  -2.3548026   0.7701917 ]
[ 0.11538038 -0.01730372  0.44019252  0.84998685  1.9116113  -0.01799517
 -0.372729   -0.2880043  -0.6058831  -1.4047185   0.42809147 -0.5736988
  0.14824818  0.7568738  -2.2335029   0.8290523 ]
[ 0.04691278 -0.01132293  0.41568226  0.7668563   2.0484571  -0.02625089
 -0.4669354  -0.32447207 -0.6244973  -1.5045323   0.50815696 -0.64529973
  0.30366212  0.6490902  -2.05905     0.89223623]
[ 0.10968664 -0.07891504  0.379425    0.85205585  2.0756836  -0.02484922
 -0.41295558 -0.41937622 -0.7027153  -1.4589814   0.54968727 -0.7087019
  0.30668104  0.729884   -2.1140847   0.8841944 ]
[ 0.2520008  -0.08667715  0.37772048  0.8817913   1.9793316  -0.05242104
 -0.28604263 -0.4291504  -0.74359846 -1.4025458   0.5282024  -0.67641217
  0.19646505  0.7925084  -2.2181149   0.851761  ]
[ 1.6870818e-01 -2.3485992e-02  4.6089417e-01  8.6250162e-01
  1.8968151e+00 -9.1635139e-04 -3.2797968e-01 -3.5236129e-01
 -6.9456238e-01 -1.4150546e+00  4.5291510e-01 -5.9766704e-01
  1.5056536e-01  7.7096993e-01 -2.2241130e+00  8.3768958e-01]
[ 0.06080605  0.0672738   0.4472921   0.76285547  1.9196459  -0.03808036
 -0.37692967 -0.3464198  -0.6841506  -1.5469621   0.5446037  -0.6372432
  0.2279191   0.7319075  -2.0538795   0.89001334]
[ 0.03403412  0.01761762  0.39692461  0.77299505  1.9789896  -0.04926861
 -0.40735015 -0.37984952 -0.7032733  -1.5588329   0.56045383 -0.71629107
  0.3134994   0.7668006  -2.0108147   0.9555723 ]
[ 0.02475074 -0.07040007  0.42213225  0.9450672   1.9405174   0.05698649
 -0.40803033 -0.4140427  -0.72632706 -1.4433038   0.41222066 -0.66751385
  0.3309574   0.82254237 -2.0991144   0.8409063 ]
[ 0.1312963  -0.11324424  0.43242043  0.9786035   1.900328    0.0875482
 -0.38071913 -0.4083527  -0.72076213 -1.3516324   0.32914397 -0.6156763
  0.24866065  0.80931187 -2.1842258   0.82378435]
[ 0.15832777 -0.10755497  0.4452633   0.991809    1.7441819   0.09646922
 -0.3097408  -0.27731282 -0.6378883  -1.2396271   0.18887433 -0.4716238
  0.09977195  0.8668829  -2.3554292   0.77219343]
[ 7.9284355e-02 -1.6514659e-04  4.1518465e-01  9.3798220e-01
  1.7826058e+00  4.6774659e-02 -3.3035138e-01 -2.6851556e-01
 -5.9126091e-01 -1.3478310e+00  3.2043254e-01 -5.1096809e-01
  7.8140654e-02  8.4484273e-01 -2.3150730e+00  8.2578313e-01]
[ 0.03833492  0.02417899  0.41103235  0.89404     1.8315283   0.0150549
 -0.3359965  -0.29596543 -0.5836666  -1.4216206   0.39873606 -0.5818372
  0.13899615  0.8409998  -2.2612996   0.8552494 ]
[ 0.11002855 -0.01353729  0.39199206  0.88162583  1.9618328  -0.01231393
 -0.3514536  -0.42203054 -0.6658429  -1.4801154   0.508858   -0.6884254
  0.21255293  0.7915667  -2.1400678   0.88397515]
[ 0.10007864 -0.05809786  0.42448777  0.91425884  1.98484     0.07231782
 -0.43103534 -0.40871468 -0.6337091  -1.4064445   0.4165237  -0.6063944
  0.21165407  0.7379594  -2.1850803   0.8339237 ]
[ 0.05618554 -0.0545696   0.40722895  0.9034227   1.9634876   0.11418078
 -0.5291594  -0.2516963  -0.51769304 -1.3455147   0.3016736  -0.47057325
  0.15250644  0.65196085 -2.2609627   0.84708416]
[ 0.10605729 -0.02347878  0.3952847   0.9340383   1.8692869   0.03096399
 -0.3745669  -0.3004425  -0.6111065  -1.3719494   0.39774457 -0.5401019
  0.10813631  0.8300031  -2.33184     0.847793  ]
[ 0.05022465  0.07141271  0.3822469   0.85821784  1.8783805  -0.00727335
 -0.37240112 -0.32343012 -0.60118234 -1.4998914   0.5227647  -0.6161922
  0.1294256   0.80522233 -2.2234197   0.91484535]
[ 0.09460519  0.04125392  0.3548155   0.8178093   1.9354227  -0.04602243
 -0.34126997 -0.41662925 -0.6728759  -1.5476916   0.6123251  -0.7384297
  0.21396646  0.7969971  -2.1047072   0.9713184 ]
[ 0.12845674 -0.05486502  0.36075908  0.9048767   1.9458698   0.01194889
 -0.3466359  -0.422052   -0.67529637 -1.415645    0.47850862 -0.68948686
  0.23967822  0.7751827  -2.1518903   0.87877655]
[ 0.32052416 -0.11314336  0.396345    0.9197763   1.8478177   0.00547931
 -0.24765961 -0.4030308  -0.7072052  -1.3104268   0.38444167 -0.6292055
  0.14590156  0.824677   -2.2961617   0.8268317 ]
[ 0.20391159 -0.08163754  0.47696024  0.9665906   1.7714729   0.06580342
 -0.32465202 -0.28635097 -0.6167701  -1.2700293   0.240926   -0.49307337
  0.09239838  0.82227516 -2.377189    0.7730185 ]
[ 0.0988193   0.04645975  0.449541    0.8927728   1.8394836   0.0213516
 -0.3860678  -0.28694278 -0.6065143  -1.426047    0.40772185 -0.5316521
  0.0737951   0.784088   -2.2770393   0.86768866]
[-2.1937614e-02  1.2716396e-01  4.3573624e-01  8.0808306e-01
  1.9429648e+00  1.8038958e-03 -4.8884493e-01 -3.1466442e-01
 -6.0355771e-01 -1.5761406e+00  5.3607070e-01 -5.7314682e-01
  1.5715218e-01  6.9823909e-01 -2.1032615e+00  9.4554198e-01]
[-0.01995649  0.04396057  0.3896036   0.8977647   2.0173924   0.0212798
 -0.50607026 -0.3961423  -0.64327085 -1.545059    0.55846244 -0.6473999
  0.21388693  0.72216684 -2.1038804   0.96837264]
[ 0.017562   -0.05265164  0.42342678  0.9768306   1.9715087   0.05333211
 -0.49297157 -0.3805235  -0.66916186 -1.4375894   0.4402728  -0.58934623
  0.20831423  0.7620055  -2.1837995   0.92102754]
[ 0.13955769 -0.05641959  0.42621583  0.9804767   1.8912932   0.04658096
 -0.3877572  -0.39920586 -0.7011677  -1.3890721   0.4053247  -0.56064546
  0.14889239  0.7840889  -2.240417    0.8790638 ]
[-1.4286697e-03  1.5933480e-02  4.5884490e-01  9.2034566e-01
  1.8570563e+00  6.4796649e-02 -4.4340277e-01 -3.0124328e-01
 -6.1955559e-01 -1.3872428e+00  3.6321002e-01 -4.9286589e-01
  1.1464940e-01  7.9558295e-01 -2.2386403e+00  8.6139947e-01]
[-0.15352765  0.09601916  0.38000885  0.8317238   2.0241616   0.09294011
 -0.6315175  -0.2831021  -0.527903   -1.5261763   0.46588725 -0.52431476
  0.21142507  0.6502853  -2.0481305   0.9146268 ]
[-0.05531866  0.07945983  0.31689525  0.92428935  2.0435386   0.1185614
 -0.55229646 -0.40916118 -0.5881982  -1.4824909   0.52100027 -0.6097769
  0.18456559  0.7755688  -2.1394668   0.84272707]
[-0.00626901  0.05930036  0.30958042  1.0166095   2.0151772   0.1834903
 -0.5510067  -0.41224208 -0.5889824  -1.4022763   0.43680048 -0.565946
  0.1417217   0.80102956 -2.2189255   0.74959624]
[ 0.08232643  0.02573286  0.31907693  1.0216581   2.0003684   0.17757443
 -0.50014234 -0.40404695 -0.6154411  -1.3361803   0.39267227 -0.54201937
  0.08443575  0.7763096  -2.251674    0.7363264 ]
[ 0.16546075  0.00717717  0.33722764  1.0330753   1.840244    0.17916773
 -0.3780095  -0.31904778 -0.54841447 -1.1840092   0.241182   -0.425718
 -0.02950838  0.81973046 -2.4305959   0.656037  ]
[ 0.22189482 -0.03339236  0.3866436   0.9394536   1.9003557   0.11610235
 -0.34356868 -0.3327499  -0.583228   -1.1786056   0.30130506 -0.49609345
  0.06938151  0.78383416 -2.3924127   0.6012492 ]
[ 0.24282208 -0.09146167  0.46172172  0.8590988   1.9822181   0.05190202
 -0.32176852 -0.36231852 -0.6821326  -1.2352921   0.3857234  -0.582475
  0.23822312  0.7408287  -2.267281    0.53578943]
[ 0.36625212 -0.14428353  0.49331647  0.6882931   2.135771   -0.07461655
 -0.28786644 -0.4565085  -0.86516607 -1.3569258   0.57849574 -0.74966156
  0.37971798  0.6568635  -2.0079646   0.6004648 ]
[ 0.3122974  -0.13473454  0.58839244  0.59333795  2.1112456  -0.02408179
 -0.33995026 -0.41146445 -0.87295306 -1.4093564   0.5114705  -0.71786654
  0.42986304  0.53981936 -1.8508594   0.6331259 ]
[ 0.14641777 -0.06216075  0.56334364  0.5522245   2.1372256  -0.05153848
 -0.43501955 -0.34928027 -0.83519    -1.5552803   0.54792106 -0.72593117
  0.45685706  0.49609837 -1.7302773   0.8105211 ]
[ 0.08655076 -0.0428732   0.5392152   0.47312933  2.1152987  -0.13585845
 -0.45496735 -0.34935275 -0.8647207  -1.6273777   0.6636233  -0.82051307
  0.4835496   0.57042366 -1.6386726   0.9729676 ]
[ 0.13253088 -0.1719971   0.52928007  0.6279467   1.992955   -0.11014356
 -0.33222744 -0.3757919  -0.9077981  -1.5330981   0.5168675  -0.8010389
  0.5719696   0.66927016 -1.7471988   0.90542984]
[ 0.23293078 -0.1926843   0.5417431   0.63978183  1.8825058  -0.13475658
 -0.23802967 -0.386576   -0.9689479  -1.4842455   0.41775292 -0.82967436
  0.56826454  0.79308283 -1.792022    0.9196845 ]
[ 0.243094   -0.15687928  0.56963444  0.67533684  1.8624846  -0.06937382
 -0.31150264 -0.33652693 -0.8826833  -1.4743686   0.31763378 -0.7337149
  0.46510702  0.732818   -1.842902    0.9122677 ]
[ 0.08343875 -0.11168154  0.6170977   0.67903423  1.8505356   0.07177547
 -0.5317201  -0.10882701 -0.6353204  -1.4572532   0.11560027 -0.4658347
  0.34782377  0.54930395 -1.8725748   0.8392498 ]
[-0.01027524 -0.05888797  0.5209066   0.8511852   1.8493351   0.02025758
 -0.4858431  -0.13050786 -0.5558902  -1.4261595   0.19332466 -0.43983006
  0.20167875  0.7276766  -2.1488113   0.86127865]
[-0.07672005 -0.01670364  0.44669858  0.89970696  1.9496475   0.02022686
 -0.5617494  -0.1858594  -0.5384281  -1.4820367   0.2981779  -0.4879766
  0.22477463  0.7013032  -2.1548781   0.93571174]
[ 9.3384535e-04 -9.6746601e-02  4.0102521e-01  1.0224349e+00
  1.9978234e+00  4.6695560e-02 -5.4575139e-01 -2.6929393e-01
 -5.7672435e-01 -1.4171656e+00  3.1876585e-01 -5.2865630e-01
  1.8588352e-01  7.2211039e-01 -2.2113776e+00  9.2022961e-01]
[ 0.0293968  -0.09430172  0.38865742  1.0407915   1.9421345   0.07121756
 -0.53154266 -0.22314481 -0.5403405  -1.342708    0.26831245 -0.46422663
  0.08051274  0.73927623 -2.2970653   0.90257394]
[ 0.03593793 -0.05097989  0.39397568  0.9869598   1.8268112   0.04366369
 -0.45887318 -0.14025947 -0.47169465 -1.3049078   0.21708581 -0.41399282
  0.00972527  0.7953414  -2.388159    0.88870513]
[-0.04851484  0.00297755  0.37811923  0.9504569   1.8866237   0.02013061
 -0.49538928 -0.18359697 -0.4785463  -1.4099878   0.33323294 -0.4770867
  0.08482432  0.8000494  -2.3093178   0.91632426]
[-0.05560501 -0.02987741  0.3422935   0.9568243   2.0572953   0.02305558
 -0.5634608  -0.2923455  -0.5380775  -1.4776152   0.42603374 -0.5745692
  0.21531577  0.7238571  -2.16646     0.9246399 ]
[ 0.00903304 -0.07687826  0.32446468  1.0247804   2.0606902   0.05796546
 -0.5653429  -0.29067853 -0.53126544 -1.407498    0.37471324 -0.5372386
  0.15894058  0.7105374  -2.2367802   0.8945755 ]
[ 0.06848235 -0.10031017  0.32374045  1.0557834   1.9872364   0.07617763
 -0.52536744 -0.2573122  -0.5155598  -1.3237009   0.32453042 -0.47049904
  0.06701364  0.72831    -2.3340836   0.8634676 ]
[ 0.09063452 -0.08632736  0.32387802  1.0238405   1.7934082   0.0061797
 -0.3608672  -0.16440204 -0.49066114 -1.2763879   0.2580848  -0.42714986
  0.00825674  0.8680757  -2.4660258   0.86656916]
[ 0.06388406 -0.01088576  0.34680003  0.90858     1.9070861  -0.02916266
 -0.404797   -0.22836688 -0.5234759  -1.4099045   0.40840396 -0.53751504
  0.08082166  0.76002544 -2.3042533   0.9428417 ]
[ 0.17751524 -0.05512641  0.31674057  0.9069171   1.9426582  -0.10065816
 -0.307304   -0.33828378 -0.624526   -1.4463947   0.50684017 -0.65518796
  0.15136676  0.785495   -2.2395356   0.94906014]
[ 0.1920753  -0.12419318  0.36253986  0.9392406   1.9919214  -0.05858461
 -0.36932236 -0.30101892 -0.5808053  -1.3659611   0.39117554 -0.61717826
  0.14881733  0.70026356 -2.2461996   0.9059655 ]
[ 0.2843457  -0.10141112  0.37472475  0.93090665  1.9479725  -0.05519097
 -0.32457718 -0.30943543 -0.5731883  -1.3193978   0.38380745 -0.5727016
  0.04604072  0.7214406  -2.337511    0.8712605 ]
[ 0.0699428   0.00612116  0.42549998  0.8988737   1.9613403   0.03737269
 -0.5030516  -0.1857008  -0.42222118 -1.3257022   0.32197803 -0.44647974
  0.00324838  0.6534662  -2.343633    0.8159472 ]
[-0.02221562  0.08347277  0.3937733   0.76960987  2.1379287   0.01769364
 -0.6496766  -0.21176572 -0.4092536  -1.5112015   0.5076951  -0.5179973
  0.12875341  0.5173051  -2.1498437   0.8856495 ]
[-7.4078501e-03  5.0270241e-02  3.3041918e-01  8.3235705e-01
  2.2151425e+00  1.9363270e-03 -6.1543930e-01 -3.2818815e-01
 -4.8348150e-01 -1.5327886e+00  6.2784052e-01 -6.3743085e-01
  1.8668856e-01  5.8081973e-01 -2.1275604e+00  8.7547511e-01]
[ 6.7281999e-02  1.2875081e-03  3.4218216e-01  8.3703727e-01
  2.2209277e+00  1.2249261e-02 -5.7399827e-01 -3.6282209e-01
 -5.2081525e-01 -1.4907945e+00  6.2882507e-01 -6.6631305e-01
  1.8672189e-01  5.8103728e-01 -2.1371703e+00  8.4085196e-01]
[ 0.12743722 -0.0236607   0.32012683  0.86265785  2.1667101   0.00323107
 -0.48058933 -0.37778893 -0.5468214  -1.4558766   0.6176669  -0.6813291
  0.16693768  0.6256629  -2.1720517   0.81297505]
[ 0.29981798 -0.03524481  0.29859152  0.749356    2.0717428  -0.1203156
 -0.2555599  -0.43183795 -0.68181026 -1.4629029   0.68719125 -0.76541096
  0.19784585  0.75413066 -2.1729896   0.8320907 ]
[ 0.19794858 -0.03330533  0.3672629   0.73463213  2.007157   -0.07298517
 -0.259975   -0.39347517 -0.6681341  -1.420669    0.5852334  -0.72313976
  0.2782835   0.7782284  -2.1838334   0.7694584 ]
[ 0.32887757  0.00247931  0.33908576  0.59025     2.059615   -0.15677191
 -0.22799139 -0.4649373  -0.7584752  -1.5136905   0.7424229  -0.86729795
  0.3020132   0.74755293 -2.0343962   0.8781001 ]
[ 0.37293333 -0.06016562  0.37679157  0.6643737   2.0618918  -0.11240437
 -0.22343633 -0.44672853 -0.7414751  -1.4515772   0.6551671  -0.8039061
  0.2732404   0.67776054 -2.0762885   0.7974294 ]
[ 0.3474342  -0.03009376  0.3823095   0.6551195   2.0196214  -0.12250517
 -0.22053127 -0.41587663 -0.7179514  -1.4679585   0.65994275 -0.77920306
  0.2432384   0.69619006 -2.0885808   0.80257475]
[ 0.2685266  -0.01195665  0.451305    0.6492489   1.9862669  -0.08694727
 -0.23347786 -0.40212417 -0.71479404 -1.4501146   0.59225833 -0.72474515
  0.28248134  0.7027638  -2.084353    0.73751044]
[ 0.29998022 -0.01610369  0.41025987  0.642491    2.0013986  -0.09477226
 -0.20799084 -0.45538434 -0.75892717 -1.4551373   0.632841   -0.7834079
  0.32450968  0.7374711  -2.0765176   0.76199824]
[ 0.35471374 -0.04503537  0.39119774  0.63382655  2.069098   -0.11259022
 -0.24503097 -0.4722287  -0.7775014  -1.4643438   0.67472667 -0.82259357
  0.31522045  0.6982981  -2.0367901   0.80295885]
[ 0.34752128 -0.05570531  0.41580468  0.66920996  2.0134892  -0.09574442
 -0.23084363 -0.45180336 -0.77367526 -1.4465122   0.64285487 -0.7715181
  0.30114537  0.7124944  -2.077716    0.76259816]
[ 0.23401567 -0.030607    0.48405957  0.645866    1.9681427  -0.05479563
 -0.253845   -0.4272541  -0.7805791  -1.4301069   0.5604113  -0.71824074
  0.35956356  0.72314245 -2.0227122   0.70377797]
[ 0.24720626 -0.03046218  0.46747583  0.62626773  1.9618034  -0.06630638
 -0.2252682  -0.4385621  -0.80435336 -1.4501045   0.5560601  -0.7650656
  0.39878276  0.7478673  -2.0039876   0.7414398 ]
[ 0.33991927 -0.01386555  0.41557646  0.6237513   1.9226471  -0.13274382
 -0.17203936 -0.46356994 -0.8443736  -1.5008005   0.65080273 -0.86783725
  0.34949723  0.80810726 -1.9802574   0.83102876]
[ 0.3763379  -0.02956674  0.4811895   0.67215055  1.893804   -0.09233786
 -0.17798644 -0.4416573  -0.8067419  -1.4698321   0.59455705 -0.79584324
  0.24730131  0.72765386 -2.0237865   0.8089388 ]
[ 0.30598795 -0.04350053  0.5688422   0.7208687   1.7812942  -0.02088831
 -0.16890182 -0.38889563 -0.77249014 -1.4151322   0.44863153 -0.6873137
  0.25716847  0.7322551  -2.073069    0.71595347]
[ 0.28066593 -0.06861399  0.55481166  0.7023595   1.8437399  -0.03640596
 -0.19677684 -0.4087407  -0.80167085 -1.4177712   0.4556361  -0.71205807
  0.3160955   0.743995   -2.0459456   0.7527551 ]
[ 0.3087435  -0.1363543   0.4932155   0.6967775   1.9626185  -0.042867
 -0.2521445  -0.43375713 -0.7825903  -1.3923881   0.48733124 -0.73290265
  0.3530272   0.6873126  -2.053257    0.7999967 ]
[ 0.26792926 -0.06724636  0.40896124  0.6707633   2.030579   -0.08880357
 -0.33533373 -0.42053694 -0.7521857  -1.4477816   0.6019117  -0.71464956
  0.29147786  0.6822838  -2.0271237   0.86549634]
[ 1.3222119e-01 -7.1234748e-02  4.7931328e-01  7.2903633e-01
  1.9974712e+00 -4.0505230e-04 -4.1642609e-01 -3.2219863e-01
 -6.8612933e-01 -1.4261847e+00  4.1314378e-01 -5.7164931e-01
  3.0622798e-01  6.6563833e-01 -2.0387249e+00  7.7461004e-01]
[ 0.03949875  0.01000104  0.38844427  0.73121357  2.0264313  -0.03747901
 -0.44677144 -0.30482063 -0.6224505  -1.5397829   0.513394   -0.6127277
  0.29476792  0.6755269  -2.029711    0.8838326 ]
[ 0.13388348  0.01740029  0.33625454  0.77287847  1.9618868  -0.09539114
 -0.3237878  -0.4098443  -0.70652616 -1.550469    0.62757146 -0.7615561
  0.27457544  0.8170017  -2.0629075   0.9392319 ]
[ 0.19876765 -0.08327016  0.375897    0.90341175  1.8886181  -0.01807942
 -0.26014614 -0.42908707 -0.7400912  -1.405681    0.4595647  -0.7080961
  0.26438648  0.8509933  -2.1647222   0.8338159 ]
[ 0.2868568  -0.14398733  0.44389877  0.91204894  1.8488026   0.03050068
 -0.24958578 -0.3857119  -0.7202956  -1.2871307   0.32181668 -0.63331616
  0.19465032  0.7975398  -2.236365    0.78445816]
[ 0.32425672 -0.16682276  0.5296861   0.92501223  1.710264    0.0629888
 -0.22611523 -0.26968756 -0.62052906 -1.1656168   0.15565549 -0.50234354
  0.08781951  0.80533135 -2.3842921   0.694816  ]
[ 0.24415322 -0.09569059  0.4935394   0.88499814  1.8085178   0.02223397
 -0.27945304 -0.27807754 -0.6111799  -1.272736    0.27695554 -0.53613013
  0.12904316  0.7755542  -2.314839    0.7148137 ]
[ 0.13007927 -0.00844528  0.46192676  0.77940625  1.961544   -0.03426801
 -0.3878358  -0.28285944 -0.6107133  -1.4364151   0.4205088  -0.5786444
  0.2227635   0.6977362  -2.144457    0.77501017]
[ 0.04049385 -0.04409239  0.4276297   0.8060373   2.1200092   0.03370279
 -0.51681435 -0.3061971  -0.5733284  -1.4298459   0.4127831  -0.59594697
  0.33424592  0.6215331  -2.1170058   0.75200284]
[ 0.1459362  -0.0867073   0.39339435  0.8723775   2.1611028   0.03578284
 -0.4831234  -0.37942797 -0.6369812  -1.4119889   0.49938235 -0.65287095
  0.283639    0.6391891  -2.1435642   0.72651476]
[ 0.17684007 -0.05687238  0.41821685  0.8303819   2.0843222   0.01900354
 -0.44159514 -0.34419742 -0.6334913  -1.4242394   0.49893036 -0.636902
  0.21964338  0.6364778  -2.1454911   0.76252496]
[ 0.17838292 -0.03328783  0.46037227  0.82841015  1.8699824  -0.01786594
 -0.2931865  -0.3101099  -0.6617863  -1.3826557   0.44252014 -0.6189199
  0.19111557  0.80771846 -2.239457    0.74057215]
[ 0.19383676 -0.04609368  0.45819163  0.758982    1.9288905  -0.05039316
 -0.2657111  -0.3940794  -0.73723114 -1.4299269   0.52373105 -0.7130654
  0.30161783  0.77534974 -2.1170995   0.77578   ]
[ 0.23585376 -0.08932374  0.48280883  0.6748609   2.014979   -0.07267836
 -0.28747782 -0.4503247  -0.80566484 -1.472784    0.5546218  -0.80983305
  0.40882355  0.6866693  -1.9433445   0.83838904]
[ 0.4108728  -0.10456514  0.50318515  0.6953534   1.8862832  -0.09786109
 -0.19423762 -0.43798494 -0.824736   -1.4181378   0.5223497  -0.77958876
  0.28583807  0.7604188  -2.066654    0.8231762 ]
[ 0.30860415 -0.10752131  0.59209955  0.7292569   1.8364699  -0.0140538
 -0.29135114 -0.3324725  -0.73628634 -1.405946    0.37647775 -0.6391494
  0.2841779   0.6470902  -2.0382009   0.7530159 ]
[ 1.7176980e-01  1.2666851e-03  5.3398740e-01  7.0278567e-01
  1.8511471e+00 -5.4701306e-02 -3.3213654e-01 -2.8775817e-01
 -7.0887148e-01 -1.5295916e+00  4.3991596e-01 -6.3210857e-01
  2.7225322e-01  6.7596149e-01 -1.9826002e+00  8.4615552e-01]
[ 0.04829344 -0.02061888  0.49310526  0.69400024  1.9868605  -0.03670746
 -0.4219369  -0.29259324 -0.6671086  -1.5460345   0.44608483 -0.65282947
  0.33695042  0.6473128  -1.941261    0.8964588 ]
[ 0.18273339 -0.04836468  0.3754571   0.77452946  2.0735314  -0.07244492
 -0.38459998 -0.39352116 -0.64235336 -1.4858468   0.5736773  -0.73453474
  0.2247934   0.63697064 -2.06887     0.9592001 ]
[ 0.3238128  -0.04184935  0.36226594  0.84101164  1.95248    -0.0742621
 -0.2628536  -0.39096266 -0.63857394 -1.3978622   0.5428418  -0.6647968
  0.06189871  0.73527974 -2.263248    0.88134825]
[ 1.5918788e-01 -1.1945635e-03  4.2393294e-01  8.3895475e-01
  1.9362404e+00 -1.7785802e-02 -3.5637513e-01 -2.9185984e-01
 -5.5345649e-01 -1.3686302e+00  4.3362880e-01 -5.5927265e-01
  8.0906242e-02  7.2196966e-01 -2.2901702e+00  8.0910474e-01]
[ 0.09532648  0.08254436  0.37468016  0.72597945  2.0851593  -0.05887192
 -0.4530465  -0.34166452 -0.55738163 -1.5326848   0.6242056  -0.6379535
  0.17001773  0.64237034 -2.129121    0.8787689 ]
[ 0.06493647  0.06603135  0.30576342  0.7459979   2.2099853  -0.03518276
 -0.53261936 -0.3944021  -0.56184036 -1.5525293   0.6941783  -0.68665045
  0.2316693   0.63302034 -2.088722    0.86882627]
[ 0.07121907  0.01740574  0.3434718   0.8470112   2.1899445   0.04026862
 -0.5601913  -0.38691106 -0.57974243 -1.5028021   0.6283593  -0.6557815
  0.21264052  0.62686604 -2.135722    0.80944884]
[ 0.08595926  0.02621694  0.37569016  0.84398556  2.0990498   0.03211356
 -0.5206896  -0.3505456  -0.5821942  -1.5063391   0.60080004 -0.6371784
  0.17593326  0.6375183  -2.1381745   0.8234812 ]
[ 0.22699532  0.03100292  0.4025218   0.8075619   1.9286687  -0.05423237
 -0.29791424 -0.38649955 -0.7041072  -1.5135291   0.6050731  -0.6981363
  0.16173574  0.75709593 -2.1583061   0.85796463]
[ 0.20743509  0.03369625  0.50430924  0.7543443   1.7987022  -0.05237588
 -0.22063616 -0.35721022 -0.71819824 -1.4874588   0.51046777 -0.69620925
  0.20013218  0.7759165  -2.1549044   0.8677681 ]
[ 0.2538966   0.00285185  0.47758597  0.68876666  1.8465035  -0.12642267
 -0.2091268  -0.42264885 -0.79699296 -1.5531431   0.6075345  -0.8174612
  0.29033592  0.7559534  -2.0032585   0.97497785]
[ 0.36187026 -0.04195324  0.51648474  0.6907431   1.8215828  -0.10248188
 -0.20900571 -0.4163335  -0.7910676  -1.4675379   0.52476054 -0.76782954
  0.21863346  0.7512828  -2.072368    0.95143425]
[ 0.26328713 -0.06368232  0.597093    0.7478944   1.8366153   0.01892971
 -0.34998757 -0.33139634 -0.6934568  -1.4098314   0.34248877 -0.60316354
  0.21396005  0.6371242  -2.0877206   0.8479187 ]
[ 0.08823025  0.05653311  0.4716085   0.7650815   1.9511611   0.00701174
 -0.4931504  -0.27702695 -0.5820924  -1.5030494   0.43728358 -0.5493617
  0.14959899  0.61024016 -2.057383    0.8960161 ]
[-0.07682552  0.10318309  0.37542397  0.73228747  2.1289372   0.03420955
 -0.67983496 -0.22332244 -0.4366111  -1.5668449   0.520979   -0.537979
  0.14638028  0.51152444 -2.0134187   0.9559929 ]
[-1.6362012e-03  1.2516145e-01  2.8852555e-01  8.1730211e-01
  2.1687093e+00  6.5265531e-03 -6.0693944e-01 -3.5570630e-01
 -4.5657143e-01 -1.5651042e+00  6.7855442e-01 -6.6103375e-01
  8.1011318e-02  5.9570271e-01 -2.1262629e+00  9.8520899e-01]
[ 0.04866849  0.07959776  0.2813297   0.85809344  2.1613913   0.01032389
 -0.5810343  -0.3463041  -0.44152912 -1.5057348   0.6532327  -0.65489817
  0.04838729  0.61208606 -2.2022738   0.94994104]
[ 0.09412784  0.02432824  0.2632653   0.8798354   2.1727586  -0.00277827
 -0.5285264  -0.34326917 -0.44505757 -1.4597441   0.6331332  -0.6567954
  0.06037446  0.615126   -2.2317643   0.8938899 ]
[ 0.2802141  -0.01070346  0.23557644  0.8160874   2.1297417  -0.08699149
 -0.32481125 -0.39879864 -0.54606515 -1.4405819   0.6851658  -0.71557665
  0.04832042  0.7084292  -2.2808275   0.86743087]
[ 0.22271097  0.02318671  0.29986745  0.7568685   2.1182122  -0.06909622
 -0.35542548 -0.3428726  -0.49435553 -1.4374148   0.64680046 -0.66025335
  0.05166112  0.64912343 -2.2825518   0.83903617]
[ 0.3232755   0.02927154  0.23615193  0.6863056   2.199253   -0.14825149
 -0.30262044 -0.4221038  -0.5684764  -1.53039     0.80878323 -0.7887384
  0.09243856  0.62692845 -2.159603    0.8850583 ]
[ 0.33694398  0.03554632  0.26909733  0.6544731   2.1856797  -0.14863732
 -0.28797323 -0.41665262 -0.5850326  -1.5349054   0.80328065 -0.77797633
  0.10679485  0.6057595  -2.1480305   0.86794454]
[ 0.36060303  0.05616237  0.28471234  0.5764174   2.19444    -0.18304473
 -0.29416075 -0.41726476 -0.6083468  -1.5674028   0.8439695  -0.80858946
  0.128594    0.57330227 -2.0827193   0.91112167]
[ 0.3560596   0.05401658  0.28666323  0.57600754  2.1987643  -0.1789763
 -0.29799047 -0.4219633  -0.61912155 -1.5654147   0.84100753 -0.80982876
  0.13805723  0.5705319  -2.0708473   0.9109243 ]
[ 0.3489909   0.04685635  0.28371775  0.57486635  2.2005248  -0.17532319
 -0.30017513 -0.42405495 -0.6296891  -1.5585577   0.83503103 -0.80836105
  0.14971595  0.5718487  -2.058169    0.9107601 ]
[ 0.3456663   0.04475648  0.28586298  0.57340527  2.1983018  -0.17283544
 -0.30028838 -0.42356077 -0.63088715 -1.5561869   0.8287296  -0.8097249
  0.15532286  0.5743884  -2.0576017   0.9127302 ]
[ 0.3464362   0.05209232  0.28888476  0.57621324  2.1963973  -0.17347528
 -0.29893717 -0.42879122 -0.63689077 -1.557958    0.8348526  -0.80882967
  0.15014702  0.5750525  -2.0578275   0.9106188 ]
[ 0.34507534  0.05056452  0.29254127  0.57652146  2.1973424  -0.16990323
 -0.29893485 -0.43416923 -0.6481077  -1.5525793   0.83179533 -0.80827874
  0.15686694  0.57690144 -2.0524373   0.90460986]
[ 0.33751482  0.05203206  0.29645085  0.5753497   2.198654   -0.16561477
 -0.30138385 -0.43832684 -0.6579221  -1.5479596   0.8260418  -0.81010425
  0.1673677   0.5792752  -2.0470052   0.9035231 ]
[ 0.34019655  0.05457649  0.3018481   0.5755717   2.1991818  -0.16279788
 -0.3022645  -0.44559222 -0.6688167  -1.5471025   0.82962865 -0.808897
  0.1689119   0.57874453 -2.0413232   0.8957326 ]
[ 0.33292758  0.06147813  0.31090456  0.5725005   2.199086   -0.15495506
 -0.30612618 -0.45631117 -0.69385207 -1.5382677   0.8254577  -0.8093661
  0.18190376  0.58200777 -2.0282955   0.8884392 ]
[ 0.3293431   0.07083593  0.32601902  0.5689855   2.1987052  -0.14840105
 -0.30641896 -0.46890694 -0.7223331  -1.5370643   0.8230254  -0.8068678
  0.19539917  0.5860609  -2.014513    0.8732977 ]
[ 0.3251148   0.07330101  0.33597717  0.57271314  2.1911838  -0.13553126
 -0.30536348 -0.4843549  -0.75046027 -1.5327964   0.8170336  -0.8066475
  0.21223652  0.5909944  -1.9965111   0.8599836 ]
[ 0.3151763   0.07206725  0.34844953  0.57738304  2.1823664  -0.1251145
 -0.3074972  -0.49506956 -0.7752625  -1.533377    0.81204957 -0.8098426
  0.22741862  0.5954379  -1.9691277   0.8516774 ]
[ 0.30937234  0.06911789  0.3640431   0.5691172   2.1777039  -0.11586914
 -0.3083474  -0.5091971  -0.7959767  -1.5282263   0.8086731  -0.82242334
  0.2337375   0.59070146 -1.9418885   0.8667097 ]
[ 0.29692253  0.07209439  0.3853051   0.5645619   2.1665413  -0.10125445
 -0.3069168  -0.5246387  -0.8363861  -1.5225127   0.7918687  -0.82289153
  0.2594594   0.6019534  -1.9131801   0.85626316]
[ 0.3016611   0.05516196  0.42012328  0.5630466   2.1591382  -0.08718873
 -0.30144185 -0.5399499  -0.88378954 -1.5070555   0.76425457 -0.8269702
  0.29566494  0.61193335 -1.8884704   0.83014715]
[ 0.28460988  0.01933597  0.43885106  0.5668708   2.1787162  -0.06955821
 -0.3181753  -0.54692334 -0.9204537  -1.4871304   0.73188245 -0.8331423
  0.35673147  0.60267085 -1.8425372   0.80380106]
[ 0.27647322  0.02996734  0.45850968  0.55446136  2.171915   -0.05745776
 -0.32081643 -0.5580554  -0.94425267 -1.5035738   0.7408428  -0.83490103
  0.3637435   0.5989529  -1.8022579   0.79173636]
[ 0.20339198  0.02354203  0.482018    0.52450895  2.1927497  -0.030827
 -0.37040943 -0.5351122  -0.92493457 -1.5113094   0.70662504 -0.8417913
  0.38778076  0.58288336 -1.7410475   0.8189856 ]
[ 0.22357492  0.02060246  0.45073265  0.55367774  2.157621   -0.0384323
 -0.33367878 -0.5503648  -0.92738324 -1.5078964   0.7173475  -0.8386763
  0.3928387   0.62631905 -1.7920097   0.81198204]
[ 0.24794193  0.00566778  0.46605712  0.5544831   2.1572533  -0.0423807
 -0.33123654 -0.5620405  -0.9447851  -1.4970614   0.72103417 -0.84286225
  0.3847982   0.6107408  -1.7832035   0.82163966]
[ 0.24688852 -0.03028895  0.47654447  0.57251644  2.1549263  -0.03210811
 -0.3291088  -0.5580292  -0.9703248  -1.4835974   0.6791114  -0.8493223
  0.4344545   0.6225175  -1.7675918   0.7988677 ]
[ 0.22140077 -0.05043418  0.48235035  0.57580864  2.142082   -0.04024542
 -0.3280382  -0.54808176 -0.98273486 -1.4838796   0.65563285 -0.8504025
  0.49824414  0.65386474 -1.7520657   0.7711026 ]
[ 0.14542158 -0.08062185  0.5151384   0.5397543   2.1703506  -0.02535355
 -0.37069476 -0.5245694  -0.958083   -1.4853929   0.6352594  -0.86791545
  0.5380511   0.6366789  -1.6915528   0.78862417]
[ 0.15400402 -0.05077664  0.48912287  0.5499055   2.119184   -0.02103439
 -0.34268445 -0.5202594  -0.9469229  -1.4881997   0.6385652  -0.85657465
  0.5009452   0.66633636 -1.7088249   0.78275645]
[ 0.23167065 -0.04511973  0.4936182   0.5951579   2.0541663  -0.01675517
 -0.28816468 -0.5192631  -0.9343702  -1.4704365   0.5875664  -0.8462478
  0.44753066  0.6785009  -1.781202    0.7792144 ]
[ 0.2725997  -0.09653446  0.46951422  0.65466654  2.0246918  -0.03922587
 -0.24668682 -0.5065645  -0.9122944  -1.437489    0.56828845 -0.84012544
  0.44950587  0.70587325 -1.8593314   0.7570235 ]
[ 0.30674714 -0.08329958  0.4896427   0.6531278   1.9450611  -0.05588951
 -0.19870843 -0.49315006 -0.9170378  -1.426821    0.5716847  -0.81136245
  0.40813804  0.73865116 -1.907888    0.7434038 ]
[ 0.23533301 -0.1876813   0.5912517   0.65234256  1.9458911   0.04250473
 -0.25618702 -0.44918385 -0.9056595  -1.3402822   0.35741606 -0.75100315
  0.5538658   0.7143019  -1.8711408   0.627528  ]
[ 0.30018035 -0.19378313  0.46653175  0.6409051   2.0516515  -0.0390086
 -0.2585475  -0.50060654 -0.9059347  -1.3756069   0.5119337  -0.8478694
  0.5465988   0.70904934 -1.867964    0.7244803 ]
[ 0.33104306 -0.1360878   0.45982933  0.6337256   2.0055614  -0.05504278
 -0.25260195 -0.45921263 -0.861277   -1.3970137   0.5417121  -0.78130734
  0.41836897  0.6912322  -1.9338223   0.7574214 ]
[ 0.22273251 -0.1103458   0.5489624   0.6386292   1.949208   -0.00910564
 -0.28756768 -0.36555055 -0.80306053 -1.3783894   0.3864264  -0.6742349
  0.40285268  0.6842671  -1.9396805   0.6972159 ]
[ 0.317166   -0.0386465   0.47540945  0.6823875   1.8826063  -0.07113212
 -0.17356119 -0.41872254 -0.8180622  -1.4277694   0.503576   -0.7579341
  0.34081608  0.7624722  -2.0366356   0.7412957 ]
[ 0.3501039  -0.0560657   0.4206825   0.6729034   1.8814497  -0.1277353
 -0.15058218 -0.43523416 -0.81956637 -1.4397205   0.57584274 -0.82846564
  0.3491754   0.79571646 -2.0331917   0.8094495 ]
[ 0.37777144 -0.07426409  0.47661018  0.67698705  1.8259153  -0.1108242
 -0.12289739 -0.4492806  -0.8709959  -1.3878247   0.51665455 -0.81073153
  0.36102128  0.85261106 -2.043819    0.74559796]
[ 0.3887828  -0.19660637  0.6422981   0.71940935  1.8619525   0.05965774
 -0.21388969 -0.40237695 -0.7926505  -1.2357256   0.23310718 -0.64591455
  0.36500376  0.6847233  -2.0852458   0.5745338 ]
[ 0.40184945 -0.11037268  0.56630147  0.71962214  1.9228703  -0.01110115
 -0.239611   -0.3843442  -0.7614808  -1.3446093   0.41364366 -0.66943085
  0.24077547  0.65805846 -2.1157997   0.6729642 ]
[ 0.262084   -0.04293906  0.5481682   0.6838704   1.9557949  -0.0499619
 -0.32665825 -0.33065602 -0.708411   -1.4577507   0.5081002  -0.65759826
  0.23189111  0.62908876 -2.046731    0.7639493 ]
[ 0.16016884 -0.02150066  0.51107454  0.6576868   1.9766191  -0.07659417
 -0.3493499  -0.34287065 -0.7364676  -1.5174887   0.5454074  -0.68413365
  0.3175264   0.6605866  -1.9702251   0.83489454]
[ 0.18244462 -0.04779217  0.4658513   0.64121693  2.0555902  -0.08681476
 -0.35808837 -0.40516552 -0.7697253  -1.531062    0.5837077  -0.7714109
  0.37915593  0.6346619  -1.9136903   0.90952384]
[ 0.23815103 -0.07427899  0.46732777  0.70668733  2.0226738  -0.08409338
 -0.336861   -0.4162635  -0.76982504 -1.5066869   0.5528483  -0.7870519
  0.35487273  0.6533616  -1.9728215   0.9203434 ]
[ 0.31106988 -0.03566971  0.42736322  0.70194906  1.9063343  -0.12701714
 -0.25033656 -0.38627347 -0.75885373 -1.4689033   0.56952566 -0.75291157
  0.23495516  0.7685094  -2.0758698   0.90372324]
[ 0.15207282 -0.07885443  0.51061505  0.7411708   1.8953788  -0.02671243
 -0.3435913  -0.2672525  -0.6626445  -1.3850957   0.33128756 -0.5942189
  0.2933791   0.7206508  -2.081843    0.7605496 ]
[ 0.09193604 -0.05894471  0.4714864   0.7654599   2.0066807  -0.01189051
 -0.39442188 -0.32910413 -0.66836154 -1.4339745   0.4028155  -0.6363596
  0.35263234  0.7245519  -2.0859241   0.76853335]
[ 0.12301497 -0.08129738  0.38559312  0.8124606   2.157594   -0.00672513
 -0.46105647 -0.4068246  -0.66454554 -1.4611442   0.53365797 -0.7135688
  0.33747512  0.64343584 -2.0489175   0.81710213]
[ 0.16569483 -0.0827782   0.3884664   0.89577025  2.0379398   0.01506603
 -0.40502682 -0.38189277 -0.66386974 -1.4263273   0.49903908 -0.6576587
  0.23262258  0.704827   -2.1650357   0.80769986]
[ 0.13232812 -0.02034798  0.44961324  0.8858986   1.8040345  -0.00764135
 -0.27542818 -0.3123911  -0.67639554 -1.4064709   0.42419234 -0.61362207
  0.19753656  0.8674472  -2.2734427   0.78786045]
[ 0.14268398  0.00475183  0.45387086  0.8043169   1.8352337  -0.0280785
 -0.2437475  -0.36909276 -0.7035095  -1.4662006   0.4973956  -0.69440615
  0.2454514   0.81723654 -2.1710467   0.8404032 ]
[ 0.20281458 -0.02785343  0.40142792  0.7325388   1.8857296  -0.09836236
 -0.23358913 -0.42545265 -0.7579762  -1.5183512   0.61061174 -0.8131299
  0.31256682  0.78889257 -2.0314145   0.94002646]
[ 0.30283862 -0.06214087  0.43330574  0.7869661   1.860204   -0.0591614
 -0.18504699 -0.4538776  -0.75222176 -1.3990929   0.5429634  -0.7431718
  0.22167948  0.8126458  -2.160339    0.8180556 ]
[ 0.2552033  -0.02199402  0.5383543   0.7442589   1.8594843   0.00886366
 -0.294612   -0.37232587 -0.69916165 -1.3963783   0.4220972  -0.60468566
  0.20451716  0.6949813  -2.1490092   0.7736061 ]
[ 0.13860817  0.09412585  0.48473722  0.7759986   1.8738073  -0.00677345
 -0.3576277  -0.36491406 -0.6734579  -1.497744    0.5033173  -0.574463
  0.14704755  0.7412857  -2.1377108   0.82016027]
[ 1.8178606e-02  1.6641302e-01  4.3556899e-01  7.8597403e-01
  1.9439232e+00 -9.1421604e-04 -4.4030094e-01 -3.6589074e-01
 -6.3265741e-01 -1.6073574e+00  5.8798414e-01 -5.9729111e-01
  1.3194296e-01  7.0113790e-01 -2.0855029e+00  9.2979640e-01]
[ 0.02989778  0.19790843  0.35951453  0.76449525  2.035003   -0.00942179
 -0.48899132 -0.4280673  -0.59754777 -1.6282911   0.7109545  -0.6634393
  0.06844664  0.64948094 -2.0516021   1.0262209 ]
[ 0.03707575  0.10276265  0.37442738  0.8978774   1.9653854   0.07518235
 -0.4880976  -0.3968411  -0.5704082  -1.4916773   0.55286866 -0.6051928
  0.03433954  0.7021432  -2.1701157   0.9518682 ]
[ 0.08333777  0.02658389  0.4010211   0.88914406  1.9089407   0.06430554
 -0.4551447  -0.2831376  -0.47999287 -1.3806899   0.39386863 -0.53403443
  0.03331494  0.68974334 -2.278787    0.89087236]
[ 0.26364958 -0.01062087  0.36865562  0.85636646  1.9597868  -0.06442849
 -0.31401366 -0.38885242 -0.61230683 -1.40347     0.52865875 -0.6454929
  0.05484462  0.73490125 -2.2516418   0.89190066]
[ 0.09082448  0.0652947   0.41057968  0.864361    1.9628065   0.03436393
 -0.46451968 -0.28104413 -0.49333882 -1.3978305   0.4233265  -0.50994766
  0.03192779  0.68081856 -2.2717395   0.82183087]
[-0.03296731  0.14364995  0.36154455  0.7473874   2.1567407   0.0322227
 -0.652693   -0.25564554 -0.4002998  -1.5622365   0.5764893  -0.53013486
  0.08831215  0.49615878 -2.0927658   0.89580405]
[-0.00394901  0.12588593  0.3009181   0.8034016   2.2217574  -0.00333031
 -0.6005336  -0.38064402 -0.4728577  -1.5853204   0.73996675 -0.66004944
  0.08945823  0.5763577  -2.1132884   0.9328238 ]
[ 0.05138775  0.0985712   0.292718    0.8129573   2.2181609   0.01009971
 -0.5730142  -0.38184708 -0.46645865 -1.534036    0.7318517  -0.6522811
  0.04389311  0.5778429  -2.1606345   0.89961463]
[ 0.09245108  0.07104015  0.29136944  0.79227173  2.2000294  -0.00433732
 -0.52104944 -0.3666119  -0.4716453  -1.5171144   0.71507996 -0.6581154
  0.07922937  0.56108034 -2.1682873   0.872035  ]
[ 0.26805067  0.01702083  0.24488416  0.7229997   2.1563287  -0.11440454
 -0.3158302  -0.4222443  -0.58630806 -1.5078747   0.77309    -0.7529402
  0.12833768  0.650129   -2.1659105   0.87098825]
[ 0.26376575  0.01221883  0.27624053  0.67499983  2.1571534  -0.12720838
 -0.3031521  -0.4410324  -0.63302135 -1.5222839   0.77799815 -0.7807027
  0.2010982   0.67034036 -2.1246095   0.8640131 ]
[ 0.28826433  0.05721838  0.2897437   0.60394317  2.1256223  -0.15407528
 -0.28480145 -0.4543673  -0.68057966 -1.5509765   0.8068178  -0.80056036
  0.2205482   0.66861355 -2.0565438   0.8885323 ]
[ 0.32626387  0.04282597  0.31114802  0.6312334   2.0934587  -0.13371854
 -0.26695186 -0.4533659  -0.69677526 -1.5291133   0.7615389  -0.7954976
  0.21050605  0.68683195 -2.0805635   0.85874766]
[ 0.3400237   0.05490793  0.3260805   0.64944744  2.0846024  -0.12840375
 -0.26431733 -0.44965744 -0.6975101  -1.5081103   0.7449326  -0.7781056
  0.17540944  0.66486233 -2.0951355   0.84738046]
[ 0.34750646  0.04937889  0.35821447  0.64476407  2.0445037  -0.11260636
 -0.23490393 -0.4650422  -0.7387612  -1.4567139   0.715788   -0.7635872
  0.20161827  0.72738236 -2.1211      0.76690036]
[ 2.6874778e-01 -2.9865926e-02  4.4112986e-01  7.2645313e-01
  1.9789352e+00  1.4819801e-04 -2.3256965e-01 -4.3654585e-01
 -7.4251497e-01 -1.3146771e+00  5.0616366e-01 -6.8637526e-01
  3.1332436e-01  7.7640188e-01 -2.1928833e+00  5.8128345e-01]
[ 0.3940398  -0.02766114  0.4499054   0.59471333  2.0810456  -0.08094038
 -0.24832714 -0.49701756 -0.85465777 -1.4599762   0.6876467  -0.82401025
  0.36175302  0.67047536 -1.9763765   0.68954605]
[ 0.37904087 -0.01398433  0.50214255  0.63026154  2.0209465  -0.0561493
 -0.2570143  -0.46807605 -0.86546564 -1.487498    0.66044945 -0.78243744
  0.29683188  0.64832366 -1.9636822   0.7169541 ]
[ 0.2722159   0.03264608  0.60356987  0.638083    1.9373783  -0.00889586
 -0.28304297 -0.43167734 -0.8526783  -1.5289472   0.58324116 -0.7248007
  0.28505966  0.62240297 -1.9176134   0.7348984 ]
[ 0.25689113  0.01620093  0.60331297  0.5999165   1.9261494  -0.03526394
 -0.2608326  -0.43611646 -0.85709447 -1.5594871   0.59046686 -0.785705
  0.33377847  0.6148828  -1.8775959   0.8353664 ]
[ 0.3117784  -0.01181615  0.53011906  0.5460302   1.9429967  -0.10609563
 -0.23814595 -0.4691291  -0.8692945  -1.5664521   0.6680165  -0.89645565
  0.38203332  0.6269954  -1.8128847   0.93050593]
[ 0.34571892 -0.07527245  0.53598636  0.5166193   1.9941486  -0.1076055
 -0.2886725  -0.46424094 -0.8412076  -1.5219681   0.60126597 -0.90328664
  0.4309019   0.59099615 -1.7747252   0.9306558 ]
[ 0.24037154 -0.08413474  0.5685213   0.5385548   2.0663247  -0.03113895
 -0.43511906 -0.37513572 -0.7270376  -1.497106    0.4728149  -0.78752434
  0.44687882  0.4877246  -1.7550904   0.8396759 ]
[ 1.4542855e-01  5.2930873e-02  4.9240541e-01  5.6816423e-01
  2.1126387e+00 -1.3191670e-03 -5.3641778e-01 -3.0675510e-01
 -6.0679305e-01 -1.5226719e+00  5.1737565e-01 -6.4221877e-01
  3.0805212e-01  4.4668841e-01 -1.8636272e+00  8.0491334e-01]
[ 0.06337038  0.15110976  0.40443978  0.5973348   2.2415404   0.00805858
 -0.6059284  -0.36104733 -0.5468859  -1.5724962   0.7006692  -0.6607233
  0.20429485  0.4615189  -1.9530756   0.8366898 ]
[ 0.16672684  0.20016542  0.30682722  0.6818112   2.2437413  -0.02524134
 -0.48300466 -0.48217326 -0.600201   -1.5942644   0.8702675  -0.7673453
  0.11676973  0.579041   -2.0749812   0.82911587]
[ 0.19269875  0.20200634  0.33578593  0.66157085  2.2097368  -0.01556048
 -0.4421943  -0.5074208  -0.6544488  -1.5850003   0.8780696  -0.7881704
  0.13906425  0.6003951  -2.0473294   0.78631514]
[ 0.25825447  0.20659614  0.382857    0.5575942   2.1769671  -0.05314045
 -0.36960667 -0.5439087  -0.7282789  -1.614604    0.9146385  -0.84733516
  0.17760062  0.6084464  -1.956228    0.7957718 ]
[ 0.2982339   0.19833292  0.41805544  0.4748446   2.1284103  -0.10251419
 -0.2984775  -0.580319   -0.8168963  -1.6332407   0.947275   -0.9126631
  0.2404248   0.6574423  -1.8771946   0.8242918 ]
[ 0.3264757   0.18540338  0.47908944  0.37792268  2.1358607  -0.09545254
 -0.30964965 -0.5812858  -0.86830556 -1.6453193   0.94808185 -0.9287096
  0.28139257  0.58159435 -1.763435    0.84269524]
[ 0.30947605  0.12845254  0.4901371   0.3851038   2.1535401  -0.09856904
 -0.32570806 -0.5618051  -0.8987592  -1.625576    0.9014899  -0.946057
  0.33624664  0.56887025 -1.7101246   0.86042196]
[ 0.26566842  0.12293583  0.49105287  0.37573335  2.1560655  -0.11166582
 -0.34226313 -0.5347614  -0.88407934 -1.6451308   0.89171153 -0.9560243
  0.3662839   0.5636782  -1.6694819   0.87850046]
[ 0.16873117  0.09473893  0.5114223   0.3371777   2.2099526  -0.09792937
 -0.4030477  -0.5170592  -0.83960533 -1.6476371   0.8616432  -0.9697305
  0.4279662   0.5466645  -1.616573    0.90271264]
[ 0.16649158  0.10522349  0.49390864  0.32330346  2.2033165  -0.0918145
 -0.39907026 -0.5244691  -0.8226824  -1.6303883   0.8763302  -0.95576984
  0.43453875  0.5924145  -1.6594288   0.85566694]
[ 0.2565414   0.10145859  0.49007034  0.3313871   2.2076974  -0.0832949
 -0.37762403 -0.52643675 -0.8352917  -1.5912206   0.86846685 -0.9516466
  0.40088835  0.58072406 -1.7284014   0.82269967]
[ 0.3391676   0.10706349  0.4651751   0.3638271   2.1807582  -0.10459266
 -0.34445074 -0.5090004  -0.84712505 -1.5754654   0.87590754 -0.9241457
  0.33609667  0.58096516 -1.7919064   0.8129856 ]
[ 0.36157674  0.18536372  0.46583518  0.3978075   2.0501063  -0.12353881
 -0.2890182  -0.51693356 -0.85506356 -1.6093849   0.9093784  -0.88232213
  0.26579747  0.6486311  -1.8527489   0.8092575 ]
[ 0.28723288  0.12270971  0.54685396  0.40862495  2.0025003  -0.08404054
 -0.25666553 -0.5293094  -0.90399295 -1.5744987   0.8036249  -0.8629901
  0.37755278  0.6931266  -1.8131654   0.7446246 ]
[ 0.28662175  0.10645137  0.5008826   0.351846    2.046217   -0.10789845
 -0.30555472 -0.5621541  -0.93933666 -1.589616    0.8594534  -0.9574462
  0.42682973  0.7228556  -1.7323091   0.85965   ]
[ 0.36227027 -0.004084    0.5530376   0.4498784   1.9687868  -0.09615129
 -0.23536435 -0.55646485 -1.0320323  -1.512538    0.70942533 -0.94426715
  0.4752418   0.7688131  -1.7475151   0.8054986 ]
[ 0.36991733 -0.06746008  0.6089597   0.49669284  1.9543979  -0.06035215
 -0.25244325 -0.50397074 -1.0095596  -1.5031248   0.61651886 -0.8877269
  0.46410912  0.6807068  -1.721826    0.77851856]
[ 0.27979797 -0.07339509  0.68745875  0.53613335  1.8192383  -0.03497751
 -0.20972376 -0.4241131  -0.9913532  -1.514134    0.47479826 -0.81381685
  0.5142014   0.69949526 -1.7069495   0.7194586 ]
[ 0.09824112 -0.10743926  0.70133483  0.49265832  1.9131092  -0.02393382
 -0.33220428 -0.3529005  -0.9554831  -1.5441787   0.40569225 -0.78022385
  0.5951583   0.65677035 -1.6022106   0.80173063]
[ 0.10391021 -0.12794974  0.57418424  0.54222107  2.0004563  -0.07667658
 -0.35351276 -0.3977595  -0.9116289  -1.504477    0.4783341  -0.8717949
  0.57788813  0.72850007 -1.7112296   0.9192343 ]
[ 0.30679265 -0.15296     0.51040614  0.7055478   1.9294132  -0.05810476
 -0.27351284 -0.41987434 -0.8478055  -1.3963643   0.41837806 -0.7655339
  0.3993794   0.71735257 -1.9543877   0.8478608 ]
[ 0.22339682 -0.18922463  0.5850565   0.7761651   1.8468393   0.04258364
 -0.3073432  -0.29727167 -0.75031626 -1.3111222   0.18266666 -0.58493066
  0.39106253  0.71378726 -2.0415425   0.68249977]
