[0. 0. 0. 0. 0. 0. 0. 0. 0. 0. 0. 0. 0. 0. 0. 0.]
[0. 0. 0. 0. 0. 0. 0. 0. 0. 0. 0. 0. 0. 0. 0. 0.]
[0. 0. 0. 0. 0. 0. 0. 0. 0. 0. 0. 0. 0. 0. 0. 0.]
[0. 0. 0. 0. 0. 0. 0. 0. 0. 0. 0. 0. 0. 0. 0. 0.]
[0. 0. 0. 0. 0. 0. 0. 0. 0. 0. 0. 0. 0. 0. 0. 0.]
[0. 0. 0. 0. 0. 0. 0. 0. 0. 0. 0. 0. 0. 0. 0. 0.]
[0. 0. 0. 0. 0. 0. 0. 0. 0. 0. 0. 0. 0. 0. 0. 0.]
[0. 0. 0. 0. 0. 0. 0. 0. 0. 0. 0. 0. 0. 0. 0. 0.]
[0. 0. 0. 0. 0. 0. 0. 0. 0. 0. 0. 0. 0. 0. 0. 0.]
[0. 0. 0. 0. 0. 0. 0. 0. 0. 0. 0. 0. 0. 0. 0. 0.]
[ 0.14590389  0.14214064  0.6446105   0.37642652  2.2406554   0.00395457
 -0.51559734 -0.08713135 -0.35605773 -1.7564955   0.6569234  -0.5703164
  0.34069774  0.21969321 -1.8694662   0.33449012]
[ 0.1550146   0.18869634  0.6571828   0.3041689   2.214391   -0.01915954
 -0.5202812  -0.10214402 -0.35913235 -1.7675991   0.7393228  -0.5870633
  0.28942847  0.25564358 -1.8576298   0.35954422]
[ 0.08321746  0.20418605  0.7426325   0.25108194  2.1638086   0.09043494
 -0.5880539  -0.05617065 -0.30076924 -1.8042047   0.6081505  -0.4825694
  0.3776408   0.1580989  -1.7696263   0.2713965 ]
[ 0.08312483  0.15068388  0.6773923   0.3692141   2.244569    0.01786289
 -0.5519768  -0.11906189 -0.40117675 -1.8017219   0.655571   -0.5850585
  0.43395495  0.22447355 -1.7892516   0.34250134]
[ 0.11248221  0.17764854  0.68428886  0.32365075  2.2337544  -0.02635451
 -0.5412318  -0.10926127 -0.39931312 -1.8275211   0.7137394  -0.6182179
  0.3800396   0.22385582 -1.7882065   0.41336107]
[ 0.11527389  0.21961698  0.70644265  0.2864098   2.165235    0.00836248
 -0.5651227  -0.09675623 -0.3530144  -1.8406318   0.7124378  -0.57856756
  0.3022419   0.19807011 -1.772485    0.44653577]
[ 0.04852443  0.18220982  0.72570884  0.33469278  2.1424942   0.06144508
 -0.5730374  -0.0936182  -0.3458609  -1.8181808   0.62132394 -0.52007747
  0.38896355  0.18883064 -1.7493976   0.3577361 ]
[ 0.02427357  0.14451905  0.667159    0.41536874  2.2133555   0.01791049
 -0.5564818  -0.16155455 -0.41704994 -1.7944447   0.65770566 -0.59609765
  0.42896318  0.2341032  -1.7536347   0.42992043]
[ 0.04378271  0.20224035  0.6453718   0.35180208  2.2368085  -0.03177707
 -0.55607194 -0.15447535 -0.40037975 -1.8216139   0.7009987  -0.61011535
  0.36362028  0.23770411 -1.7447687   0.494248  ]
[-0.00597464  0.2633596   0.6372752   0.3707745   2.1880312   0.0050124
 -0.5766807  -0.14224389 -0.35187936 -1.8431374   0.7464179  -0.5663641
  0.32344714  0.26289004 -1.816214    0.46041307]
[-0.04389534  0.24725461  0.6734581   0.42009482  2.171304    0.1040116
 -0.569111   -0.14780706 -0.3143584  -1.7964087   0.6654765  -0.4897163
  0.2821303   0.24500537 -1.8533041   0.35776886]
[-0.05728438  0.25997072  0.637719    0.44645086  2.1853764   0.07699329
 -0.5713351  -0.19620328 -0.35994855 -1.796819    0.7292858  -0.5306123
  0.3037552   0.28154904 -1.8493516   0.39311218]
[-0.05468705  0.22422647  0.65643036  0.45706302  2.1644783   0.10213091
 -0.5705919  -0.19158122 -0.3604096  -1.7786983   0.6958653  -0.53083295
  0.3240056   0.27256268 -1.837334    0.37918067]
[-0.04316864  0.19020231  0.6897546   0.44987854  2.1728387   0.12149584
 -0.54444826 -0.2187274  -0.37733093 -1.7704933   0.66381174 -0.55163
  0.3145867   0.2560491  -1.7999451   0.39977187]
[-0.02153435  0.23705907  0.68832016  0.45486054  2.1103947   0.10278549
 -0.5169476  -0.25386867 -0.41414124 -1.7707382   0.70117813 -0.55510825
  0.2599831   0.29888514 -1.8039135   0.4366776 ]
[-0.07441713  0.28817534  0.71816117  0.3536939   2.057227    0.1988643
 -0.57877284 -0.21895485 -0.3388161  -1.8243058   0.64714634 -0.49074325
  0.27579966  0.2056624  -1.7016363   0.43884525]
[-0.04176297  0.2332057   0.6729986   0.45387006  2.11974     0.17301965
 -0.5189377  -0.29874054 -0.43648472 -1.7592865   0.64649713 -0.55830216
  0.28526825  0.26548508 -1.748764    0.46896607]
[ 0.00512479  0.2081376   0.61115205  0.45661288  2.142096    0.12325819
 -0.5346786  -0.2656354  -0.44017658 -1.6954529   0.64042723 -0.5549272
  0.23098281  0.2590406  -1.7904141   0.5644129 ]
[-0.02156875  0.16549453  0.62124217  0.41904527  2.1769245   0.13255687
 -0.59122485 -0.21566644 -0.41595173 -1.666527    0.5566202  -0.508061
  0.281155    0.19878788 -1.7566042   0.58516514]
[ 1.2881902e-01  1.4865698e-01  4.3892986e-01  5.7921582e-01
  2.1855080e+00  6.1410072e-04 -3.6792117e-01 -3.8228220e-01
 -6.0691249e-01 -1.5388362e+00  6.5966570e-01 -6.4000690e-01
  1.9394472e-01  4.6159381e-01 -1.9511849e+00  6.5351343e-01]
[ 0.09643815  0.12201192  0.49507275  0.5860268   2.1604865   0.11127903
 -0.39228526 -0.33288646 -0.56172675 -1.4577684   0.5559638  -0.5604192
  0.21742027  0.4326164  -1.9953619   0.48039824]
[ 0.19883755  0.06818461  0.44905075  0.52271414  2.2818198   0.02292803
 -0.38571692 -0.32869896 -0.5965128  -1.479038    0.6405042  -0.6336126
  0.27953047  0.38411024 -1.942782    0.4751726 ]
[ 0.1815178   0.09531345  0.4691975   0.49424058  2.2722735   0.05870942
 -0.43520388 -0.29160076 -0.59370345 -1.4670118   0.6353597  -0.6176356
  0.2847219   0.37047103 -1.927322    0.42576632]
[ 0.19901507  0.07622671  0.48742586  0.5097708   2.2103174   0.08400334
 -0.343471   -0.2569201  -0.61679715 -1.3780082   0.52110153 -0.58044773
  0.29399955  0.42510518 -1.9820654   0.3027944 ]
[ 0.3467458   0.01739624  0.44725466  0.42798328  2.3001294  -0.05874625
 -0.3217511  -0.23736922 -0.6281389  -1.4142021   0.6274537  -0.6543655
  0.33581364  0.39382914 -1.9667561   0.33616525]
[ 3.8736036e-01 -4.2666715e-02  6.0247141e-01  3.4372565e-01
  2.2741075e+00 -9.1862679e-04 -3.6063719e-01 -1.6404904e-01
 -6.4866096e-01 -1.4250664e+00  5.3128946e-01 -6.3988167e-01
  4.3739653e-01  2.9626852e-01 -1.8426449e+00  1.9833288e-01]
[ 0.49123573 -0.08605668  0.63751394  0.23184085  2.1953676  -0.03534133
 -0.36011928 -0.06469366 -0.58411956 -1.372206    0.50641483 -0.5726023
  0.38569513  0.23888688 -1.8300327   0.1620543 ]
[ 0.43763238 -0.08669475  0.76338136  0.11557903  2.1568666   0.05565936
 -0.48351175  0.01790387 -0.55497    -1.4812591   0.4177169  -0.55808413
  0.60143775  0.09802982 -1.6128035   0.05497281]
[ 0.53336644 -0.05243425  0.6493751   0.01407906  2.2659485  -0.1775299
 -0.43819523  0.01174016 -0.62993324 -1.5613883   0.6199289  -0.67696
  0.55079114  0.15750632 -1.5526612   0.23451915]
[ 0.48109347 -0.08375322  0.800429   -0.08864149  2.26259    -0.08787961
 -0.54724264  0.06712627 -0.6024393  -1.6176615   0.48527408 -0.64258415
  0.6916221   0.00461748 -1.3699989   0.19567247]
[ 0.4404444  -0.06359937  0.7171992  -0.03418046  2.335545   -0.16218543
 -0.5634433   0.05020369 -0.6194285  -1.6326513   0.62208307 -0.7209127
  0.6808647   0.08742306 -1.4408048   0.25200415]
[ 0.39473754 -0.07803801  0.7234125  -0.05644792  2.3393042  -0.13435173
 -0.58111125  0.05024762 -0.61246955 -1.636948    0.5987282  -0.6908782
  0.7188562   0.01614116 -1.359557    0.2575952 ]
[ 3.4849530e-01 -6.6328883e-02  7.3825532e-01 -1.3218766e-02
  2.3674703e+00 -1.7011289e-01 -5.8228320e-01  1.0673881e-03
 -6.7964256e-01 -1.6528648e+00  6.1071366e-01 -7.2749549e-01
  7.1355665e-01  8.1871822e-02 -1.3602498e+00  3.4294567e-01]
[ 0.31252605 -0.0588267   0.7692327  -0.03972929  2.2850952  -0.13969895
 -0.5852655   0.00874487 -0.6481702  -1.6850771   0.6050638  -0.72343343
  0.7316803   0.06638077 -1.312196    0.36617884]
[ 0.27032945 -0.05706446  0.7785913   0.04385737  2.2894273  -0.15548208
 -0.5592487  -0.07736737 -0.70265543 -1.7042841   0.63617337 -0.7929697
  0.66338503  0.1551965  -1.3182139   0.48665625]
[ 0.2700048  -0.0324688   0.832672    0.02614961  2.174836   -0.10297398
 -0.52590287 -0.08454798 -0.69881815 -1.7263416   0.58248043 -0.7459717
  0.6222087   0.16168112 -1.3076841   0.51193666]
[ 2.2912672e-01 -6.5427425e-04  7.8346366e-01  6.3051447e-02
  2.1167808e+00 -4.4263415e-02 -5.5126673e-01 -8.8167980e-02
 -6.1309147e-01 -1.7296915e+00  5.2419078e-01 -6.8383956e-01
  6.0445660e-01  9.5040374e-02 -1.2915926e+00  5.4709810e-01]
[ 0.20257476  0.02362954  0.67435193  0.19251783  2.1895282  -0.0927922
 -0.51812494 -0.17688558 -0.6124444  -1.7050812   0.6105058  -0.75849736
  0.50922334  0.18725489 -1.4260359   0.66464984]
[ 0.20452185  0.13026527  0.61627835  0.2336855   2.187233   -0.11751463
 -0.49525666 -0.17323932 -0.5516666  -1.715148    0.62586635 -0.69323575
  0.3890906   0.20225015 -1.5726341   0.6960937 ]
[ 0.13541684  0.18760994  0.5756628   0.3129545   2.215322   -0.05023195
 -0.57854843 -0.13528767 -0.44208306 -1.6959991   0.6442466  -0.5991663
  0.27525884  0.2255235  -1.7362173   0.62926793]
[ 1.3466915e-01  1.7634709e-01  5.5838001e-01  4.4672585e-01
  2.2431092e+00  9.9031033e-04 -5.5374420e-01 -1.8795203e-01
 -4.3636808e-01 -1.6642189e+00  6.4848995e-01 -5.7627434e-01
  2.2936988e-01  2.6877671e-01 -1.8939215e+00  5.6555653e-01]
[ 0.14738265  0.17945202  0.4981051   0.45568824  2.2943711  -0.05277356
 -0.5513254  -0.20733616 -0.43806362 -1.6926985   0.76950157 -0.6189004
  0.20200968  0.33832687 -1.9467182   0.5817841 ]
[ 0.10656597  0.16939881  0.5664258   0.43130904  2.2745638  -0.00885015
 -0.5898198  -0.1355149  -0.38061762 -1.6901886   0.70223343 -0.5559982
  0.21895981  0.2682827  -1.9286029   0.50799274]
[ 0.17986903  0.13155442  0.5169462   0.42086983  2.3309855  -0.0957333
 -0.5563456  -0.18418644 -0.43953615 -1.6980051   0.78792506 -0.65388167
  0.23050532  0.2948103  -1.8919137   0.5843147 ]
[ 0.12856543  0.15822618  0.5582098   0.40731907  2.2952974  -0.07564294
 -0.5742147  -0.16107807 -0.43616158 -1.7422155   0.78276575 -0.645655
  0.30781004  0.27374098 -1.8452883   0.5245554 ]
[ 0.11619642  0.13053904  0.5825241   0.32979086  2.3447526  -0.09434821
 -0.5918942  -0.16534133 -0.45173064 -1.7521956   0.79956    -0.6891545
  0.36326352  0.2622183  -1.7553345   0.52762765]
[ 0.10333677  0.14686424  0.5952977   0.33372492  2.3416045  -0.06985497
 -0.5798722  -0.17645265 -0.47415668 -1.7567009   0.77905834 -0.66294694
  0.38461787  0.27790862 -1.7540493   0.4666443 ]
[ 0.09314395  0.16324651  0.59854716  0.35909712  2.2988648  -0.02976645
 -0.5576004  -0.18512581 -0.49380693 -1.752085    0.74861467 -0.6448741
  0.39400563  0.26954257 -1.763809    0.45695657]
[ 0.1116102   0.17114925  0.64285475  0.2835295   2.2668529   0.00667282
 -0.55905974 -0.12899815 -0.42269325 -1.7628912   0.7053793  -0.59098434
  0.36953518  0.1771909  -1.7076685   0.39108163]
[ 0.11294607  0.14265528  0.61894494  0.30952942  2.2892623  -0.03059648
 -0.5235669  -0.16669993 -0.47295842 -1.7194774   0.7661336  -0.6469239
  0.36656225  0.27389818 -1.7410824   0.37296695]
[ 0.09287866  0.14113082  0.67565805  0.25189942  2.254085    0.03751509
 -0.5300191  -0.1311241  -0.45211047 -1.7297214   0.65893763 -0.58414334
  0.4345027   0.1873293  -1.6554016   0.29948506]
[ 0.10062206  0.10661414  0.678357    0.32292986  2.2740686   0.02728207
 -0.52382183 -0.20721035 -0.5550407  -1.7242563   0.64128953 -0.6467998
  0.4813717   0.25136822 -1.6381838   0.3648041 ]
[ 0.1047401   0.14992802  0.691833    0.33972356  2.1789067   0.07499313
 -0.494955   -0.20444874 -0.52323896 -1.7605972   0.63190997 -0.62977004
  0.43778172  0.24082808 -1.6588433   0.37493554]
[ 0.10519044  0.16217792  0.7064951   0.27819777  2.1376007   0.12602511
 -0.5146984  -0.11606459 -0.4365816  -1.7537254   0.5829598  -0.5374158
  0.40655595  0.15791288 -1.6763887   0.32363477]
[ 0.10974625  0.14625555  0.65639144  0.3069908   2.1527467   0.07633871
 -0.52603114 -0.10926966 -0.46073875 -1.7062433   0.597649   -0.5275909
  0.35333294  0.1820831  -1.6926756   0.39521325]
[ 0.12998267  0.08667358  0.5961917   0.3284429   2.182549    0.0391703
 -0.5233532  -0.14701506 -0.4900311  -1.6511362   0.58362883 -0.55463564
  0.43448263  0.21545729 -1.7078089   0.43281746]
[ 0.1828879   0.12136166  0.5110658   0.4422699   2.1797948  -0.00377929
 -0.40529957 -0.24041398 -0.54793084 -1.6126893   0.64227855 -0.61049527
  0.3750257   0.32416773 -1.8376077   0.43499452]
[ 0.11702738  0.17099902  0.51071906  0.32523668  2.2854857  -0.08048218
 -0.50770247 -0.18185595 -0.49339256 -1.7109426   0.7486492  -0.6503537
  0.36271924  0.27046388 -1.7316139   0.5241786 ]
[ 0.10061185  0.20337561  0.57420444  0.26421183  2.248648   -0.01421224
 -0.5652121  -0.11692341 -0.40001845 -1.7274759   0.7077033  -0.55848134
  0.31231695  0.2117505  -1.7478812   0.46427172]
[ 0.18869089  0.1032639   0.5153807   0.4841264   2.2541747  -0.02748116
 -0.44198027 -0.21583422 -0.46461636 -1.6027311   0.6668941  -0.6035055
  0.24034862  0.34994325 -1.9488232   0.4572959 ]
[ 0.12507604  0.16227655  0.5996922   0.4341218   2.1960578   0.05008658
 -0.50900245 -0.17306048 -0.4220391  -1.6962843   0.6470841  -0.5594629
  0.33694577  0.27412158 -1.8606377   0.34700933]
[ 0.19402263  0.15212227  0.5975055   0.38508672  2.1794965   0.00657105
 -0.4741636  -0.14048919 -0.41654754 -1.680122    0.655245   -0.56103694
  0.28085598  0.26747137 -1.8856484   0.39243117]
[ 0.11223052  0.1713581   0.7055771   0.28612012  2.1885498   0.07242512
 -0.5793556  -0.08968885 -0.35628027 -1.7600218   0.6178789  -0.51826715
  0.37370846  0.16851662 -1.7257745   0.28339082]
[ 0.13688974  0.15005083  0.635356    0.39082393  2.2142441   0.010745
 -0.5233598  -0.14570303 -0.43421865 -1.7364893   0.6971817  -0.5872699
  0.3685139   0.26351148 -1.842387    0.3525303 ]
[ 0.12210896  0.16894591  0.6990868   0.25308836  2.2410522   0.04172217
 -0.5668117  -0.09460426 -0.38478357 -1.7819092   0.65890217 -0.5635985
  0.37690127  0.14696491 -1.6924187   0.32700378]
[ 0.12970267  0.19987357  0.6138324   0.3134684   2.2724068  -0.04759603
 -0.5473816  -0.15658404 -0.46001524 -1.7774225   0.7673133  -0.6355004
  0.3375112   0.24534142 -1.7527974   0.45306307]
[ 0.10226669  0.17955086  0.64782363  0.2690927   2.2446408  -0.00320651
 -0.5686823  -0.10239444 -0.40774685 -1.7918026   0.71563756 -0.59247065
  0.4118913   0.1850178  -1.7133774   0.37634268]
[ 0.08248269  0.1638427   0.6282285   0.31522402  2.2921689  -0.03561176
 -0.5545157  -0.16945092 -0.47520375 -1.7751586   0.7545611  -0.6440807
  0.39471698  0.24799582 -1.7063862   0.4356125 ]
[ 0.0872767   0.1662899   0.65118355  0.3140381   2.2594466  -0.01320208
 -0.55281126 -0.17836417 -0.49025637 -1.7571942   0.7304031  -0.61962914
  0.40744638  0.26608986 -1.7169259   0.3992651 ]
[ 0.09277773  0.13459517  0.7108799   0.29271168  2.216764    0.06577356
 -0.5579969  -0.13205478 -0.4595557  -1.7651584   0.6210322  -0.57271594
  0.4606494   0.16941218 -1.6677214   0.34236607]
[ 0.07774712  0.14071974  0.65791094  0.33510476  2.2531765   0.02775026
 -0.5184068  -0.2226493  -0.5200154  -1.7310104   0.71426547 -0.6425446
  0.41560388  0.25843287 -1.6869017   0.39370424]
[ 0.05109404  0.19319682  0.69992465  0.24052374  2.1929288   0.07059099
 -0.54771936 -0.15172961 -0.45965648 -1.780171    0.66744155 -0.5484145
  0.43896407  0.20260227 -1.6544087   0.33661366]
[ 0.00433761  0.18627587  0.6613329   0.30295545  2.2233338   0.08044718
 -0.53433883 -0.20400286 -0.49791107 -1.785516    0.6620425  -0.5871316
  0.45099038  0.22276945 -1.6212933   0.39056522]
[ 0.01572647  0.17408133  0.65487975  0.3545474   2.2321792   0.06163142
 -0.51389664 -0.27950472 -0.5769316  -1.7521727   0.69807196 -0.6617154
  0.45642143  0.27047366 -1.622153    0.44445825]
[ 0.00988366  0.14536771  0.6674419   0.36802608  2.164496    0.10423144
 -0.5366736  -0.21682724 -0.5185629  -1.710767    0.61866605 -0.6064084
  0.4240547   0.22085449 -1.6432219   0.46595773]
[-0.03509001  0.06961007  0.683838    0.34146017  2.153725    0.14221227
 -0.5429637  -0.1623693  -0.50576174 -1.6641499   0.48773798 -0.53672695
  0.5142458   0.18257347 -1.5826885   0.40998212]
[ 0.10967971  0.06748686  0.5460333   0.52274585  2.1232238  -0.00799737
 -0.36141682 -0.2654181  -0.6073089  -1.567639    0.5789501  -0.6121441
  0.33539099  0.41770825 -1.8392365   0.5176753 ]
[ 0.07773898  0.08485977  0.66275436  0.4266452   2.1033428   0.094953
 -0.4429183  -0.2069891  -0.49930134 -1.6101284   0.50144506 -0.5534878
  0.36252075  0.28978622 -1.7702118   0.4345108 ]
[ 0.11156432  0.19155121  0.5477692   0.50616384  2.122254    0.03479207
 -0.35624784 -0.3221118  -0.5299914  -1.6403234   0.668239   -0.6112121
  0.2726727   0.41059202 -1.9017884   0.45208114]
[-0.01605453  0.27251208  0.55708325  0.37187785  2.173766    0.09761986
 -0.55762947 -0.19132738 -0.39561352 -1.7289972   0.67210233 -0.54435545
  0.25707233  0.24933405 -1.7613862   0.5039545 ]
[ 1.0226965e-04  2.1461435e-01  5.4528594e-01  4.0907311e-01
  2.2121627e+00  7.7249497e-02 -5.5338687e-01 -1.7709973e-01
 -3.8535315e-01 -1.6943877e+00  6.4754772e-01 -5.0483674e-01
  2.8542551e-01  2.4890006e-01 -1.8166287e+00  4.4839373e-01]
[ 0.15831052  0.1849113   0.41814083  0.5396472   2.1970365  -0.0188369
 -0.40645298 -0.26619652 -0.49082294 -1.5681301   0.7105557  -0.58557415
  0.15288255  0.4435481  -2.0326786   0.52176774]
[ 0.08201568  0.16723537  0.5864123   0.5306662   2.1681104   0.09788607
 -0.46336308 -0.20669861 -0.4285738  -1.6034462   0.60207695 -0.51818424
  0.23252027  0.3697025  -1.9809608   0.31545797]
[ 0.13764197  0.14656916  0.5838986   0.4423062   2.213655    0.0119161
 -0.4703516  -0.18691294 -0.42990246 -1.6643223   0.6852938  -0.5710394
  0.2744952   0.34194192 -1.9280784   0.36412087]
[ 0.07736626  0.13284568  0.7242912   0.35299698  2.1909108   0.13055947
 -0.57775    -0.09316774 -0.33761752 -1.6983397   0.57300717 -0.49449578
  0.34055525  0.20095558 -1.8322151   0.25796992]
[ 0.10647702  0.15764628  0.62831736  0.4096054   2.2387118   0.02368383
 -0.5139305  -0.16070238 -0.45360392 -1.7321694   0.6849279  -0.5838281
  0.38375822  0.27228883 -1.8284171   0.3174003 ]
[ 0.11472382  0.18736611  0.68474495  0.26091105  2.2168317   0.05159601
 -0.5529233  -0.08741052 -0.39294815 -1.7702738   0.65236187 -0.5497301
  0.38550642  0.17115888 -1.7333946   0.312531  ]
[ 0.08120827  0.17749855  0.6720221   0.30669484  2.24164     0.03039241
 -0.54774487 -0.11217699 -0.40999383 -1.7767124   0.68262416 -0.5689856
  0.42336974  0.20828934 -1.7294334   0.27075547]
[ 6.1243307e-02  1.7371300e-01  6.6814721e-01  3.1069121e-01
  2.2570252e+00  2.2321821e-03 -5.5155641e-01 -1.4037281e-01
 -4.4559732e-01 -1.7964674e+00  7.4465668e-01 -6.2332207e-01
  4.4095364e-01  2.5263077e-01 -1.7221365e+00  3.1801254e-01]
[ 0.03284852  0.1863872   0.74200815  0.24928689  2.2190843   0.08078736
 -0.55213565 -0.1285578  -0.42738852 -1.8169329   0.664107   -0.56219333
  0.48431787  0.18150124 -1.6518297   0.24722612]
[ 0.0795687   0.19640999  0.72570544  0.30783635  2.204081    0.04966255
 -0.52898234 -0.1783199  -0.48691034 -1.8051903   0.6873773  -0.60706174
  0.43838722  0.23441908 -1.6859024   0.3198322 ]
[ 0.06854449  0.22572355  0.77088976  0.23681927  2.1131566   0.11854992
 -0.53506774 -0.13120668 -0.41600013 -1.8201916   0.6447021  -0.5617126
  0.44414368  0.15240872 -1.6465662   0.285777  ]
[ 0.0598171   0.22149082  0.73793894  0.24207155  2.1360202   0.08031402
 -0.534828   -0.16733596 -0.4429408  -1.7951906   0.6836344  -0.58593374
  0.39564282  0.19014814 -1.6266025   0.3583475 ]
[ 0.06132431  0.22686517  0.7394613   0.24916129  2.11309     0.06851655
 -0.5301724  -0.18401691 -0.4659298  -1.809886    0.6738613  -0.5900444
  0.35813403  0.21747771 -1.6252267   0.45333353]
[ 0.06324609  0.18081793  0.7421386   0.28173578  2.1294863   0.1024531
 -0.52434033 -0.20301786 -0.44801235 -1.802252    0.6277391  -0.568051
  0.39719585  0.22030559 -1.6257197   0.38011798]
[ 0.08295525  0.19774495  0.67053634  0.34820572  2.1770911   0.10066716
 -0.521081   -0.26935726 -0.47146505 -1.7437195   0.702742   -0.6343567
  0.3143417   0.24816747 -1.7060144   0.45942086]
[ 0.07567201  0.26030725  0.6521105   0.2784018   2.162717    0.15247749
 -0.560966   -0.23080909 -0.42521492 -1.7405016   0.6510483  -0.5541237
  0.31503102  0.1717426  -1.6559674   0.40499878]
[ 0.02538802  0.19094534  0.58777654  0.33648565  2.242043    0.07568268
 -0.5887619  -0.22230458 -0.49319926 -1.688328    0.64923215 -0.57526183
  0.37790707  0.21988857 -1.689502    0.51145506]
[ 0.03145295  0.08898262  0.5860241   0.4579544   2.2933016   0.07150502
 -0.56747913 -0.24793947 -0.57189435 -1.6014827   0.60710937 -0.5995742
  0.36596423  0.30647862 -1.75523     0.4923303 ]
[ 0.1183369   0.09832249  0.5291613   0.4557473   2.2706203  -0.01545464
 -0.5144881  -0.28113443 -0.62770873 -1.5935342   0.704474   -0.66222674
  0.3068676   0.3909751  -1.7816147   0.56062096]
[ 0.1762749   0.01725915  0.59193057  0.50732243  2.167522    0.08395886
 -0.46252218 -0.2135675  -0.57195646 -1.4736038   0.4938116  -0.5384002
  0.30145302  0.3417337  -1.8737056   0.40626281]
[ 0.21720311  0.01092538  0.54176265  0.47000366  2.2327383  -0.03067985
 -0.41604963 -0.25770503 -0.5997942  -1.5394081   0.58138764 -0.6473802
  0.376786    0.31543916 -1.8036344   0.5058845 ]
[ 0.15843771  0.07099181  0.58033055  0.45732617  2.20576    -0.02125523
 -0.43489867 -0.22453573 -0.5924376  -1.6315022   0.58179224 -0.6432743
  0.3990849   0.2756105  -1.7408901   0.51831406]
[ 0.16891758  0.10940586  0.5445835   0.26521593  2.2636056  -0.0896764
 -0.52676266 -0.10850374 -0.4877719  -1.6549953   0.6303345  -0.60846776
  0.35722205  0.18906376 -1.6840082   0.59402466]
[ 0.22298913  0.09630074  0.48203698  0.41420263  2.301232   -0.10747521
 -0.42731696 -0.24003592 -0.56195235 -1.5869491   0.7168133  -0.6768683
  0.28199786  0.3554361  -1.8980957   0.5870138 ]
[ 0.20763893  0.15719339  0.46287552  0.42055517  2.2507844  -0.07420591
 -0.43274108 -0.21442947 -0.5086056  -1.6088593   0.7372992  -0.59429425
  0.20119886  0.3543796  -1.9472061   0.5463605 ]
[ 1.13267824e-01  1.38621852e-01  5.63966870e-01  4.18658555e-01
  2.26284027e+00 -6.90255314e-04 -5.49178243e-01 -1.37621447e-01
 -4.37656552e-01 -1.66130984e+00  6.29830420e-01 -5.49107015e-01
  2.94118255e-01  2.16669440e-01 -1.85074806e+00  5.05817890e-01]
[ 0.20582369  0.09636591  0.46945524  0.3885552   2.3338501  -0.14465107
 -0.485631   -0.19095948 -0.50443333 -1.6337658   0.7484094  -0.6788151
  0.3104637   0.30298135 -1.8685955   0.61092305]
[ 0.19526152  0.12263794  0.49961695  0.43305102  2.2654388  -0.10423247
 -0.42781058 -0.19313693 -0.47626376 -1.6470158   0.7406827  -0.6436828
  0.25999027  0.3401     -1.9285606   0.52029926]
[ 0.1522164   0.16613296  0.56230146  0.31906205  2.2934823  -0.09504104
 -0.5336083  -0.17433839 -0.4544211  -1.7147497   0.76457703 -0.6471906
  0.29597673  0.29352674 -1.7905447   0.52024263]
[ 0.11757797  0.15428948  0.6075401   0.40666285  2.2379384   0.00870519
 -0.5283954  -0.17829838 -0.43305546 -1.7432728   0.6940368  -0.6066909
  0.37725466  0.26990673 -1.8271716   0.39591652]
[ 0.08684679  0.208463    0.6217839   0.33526844  2.2668762   0.01744238
 -0.55942136 -0.17746994 -0.41654688 -1.7879053   0.7643941  -0.6227353
  0.34349063  0.2477969  -1.780452    0.40546632]
[ 0.09774871  0.25718302  0.63316303  0.28006878  2.2103343   0.04216387
 -0.5618612  -0.10869499 -0.36599264 -1.8012202   0.7152356  -0.535772
  0.31041133  0.1979734  -1.7841581   0.36654928]
[ 0.08799022  0.19608942  0.6449679   0.32030088  2.2331803   0.02185069
 -0.58814275 -0.12324286 -0.38624787 -1.7805288   0.7123774  -0.5714422
  0.36010697  0.18362042 -1.7574437   0.39978278]
[ 0.06328149  0.15001085  0.6330831   0.42223015  2.23452     0.008632
 -0.53218675 -0.19642052 -0.46167022 -1.7456706   0.7128894  -0.63326293
  0.37110737  0.2579957  -1.7683598   0.43776503]
[ 0.07786893  0.14052312  0.6660121   0.30916306  2.2299247  -0.01551914
 -0.53259736 -0.18461256 -0.4775169  -1.7485459   0.7230791  -0.6425687
  0.3779011   0.2558997  -1.68739     0.46314734]
[ 0.07145794  0.13515776  0.72498953  0.27519003  2.1851697   0.04935816
 -0.5486239  -0.16204722 -0.4679442  -1.7647917   0.61894184 -0.5780503
  0.45270076  0.18254885 -1.6438205   0.42407188]
[ 0.0956279   0.13416687  0.6760329   0.3445391   2.222077    0.0361197
 -0.5254943  -0.24429882 -0.51869214 -1.7382371   0.68518287 -0.63817227
  0.39541537  0.25097004 -1.6925853   0.47278515]
[ 0.01705008  0.22101721  0.66826886  0.3289829   2.1714158   0.09730284
 -0.5107396  -0.24604475 -0.5055882  -1.7634344   0.6625954  -0.57967085
  0.40009847  0.2223041  -1.672851    0.44552833]
[ 0.01675649  0.20985651  0.6147032   0.33732104  2.2148926   0.03625507
 -0.54507846 -0.22172816 -0.4946478  -1.7504419   0.6852325  -0.59840584
  0.36854395  0.22698793 -1.6769683   0.53635347]
[ 0.0171632   0.17622481  0.5817114   0.41523823  2.2244287   0.03265693
 -0.51728034 -0.26378807 -0.54596347 -1.7074867   0.6827611  -0.6397467
  0.35417098  0.28675777 -1.7146285   0.5785104 ]
[ 0.04805893  0.13235441  0.5791944   0.5013882   2.1823916   0.03304838
 -0.47567946 -0.2946928  -0.57832575 -1.6279376   0.6536695  -0.62728775
  0.32612592  0.37316036 -1.8059418   0.53868026]
[ 0.12592474  0.05877932  0.58614373  0.5890917   2.0967603   0.10592622
 -0.3920684  -0.27670303 -0.5648146  -1.4830266   0.4978512  -0.5454003
  0.28795213  0.41772476 -1.9845345   0.43422276]
[ 0.12067802  0.15250623  0.532483    0.5473095   2.125541    0.02175568
 -0.3615601  -0.30518526 -0.58089787 -1.5831864   0.6304851  -0.57853806
  0.2704691   0.43038124 -1.9280756   0.46175736]
[ 0.03589416  0.15722045  0.63537323  0.44619304  2.1643403   0.08609629
 -0.5123669  -0.23495293 -0.5240506  -1.6627893   0.590042   -0.5543669
  0.35167035  0.27929816 -1.7713907   0.470551  ]
[-0.02709237  0.20157151  0.64116406  0.44490036  2.2013907   0.10980494
 -0.5437115  -0.26233098 -0.4930293  -1.682051    0.6629506  -0.5660413
  0.28840625  0.30524638 -1.7723248   0.44686118]
[ 0.03147553  0.21925922  0.5604073   0.3831186   2.2303565  -0.01037647
 -0.50324804 -0.27986813 -0.5226401  -1.7010254   0.763357   -0.60850143
  0.28905743  0.35402378 -1.7736229   0.526473  ]
[-0.03008804  0.1805114   0.65896165  0.41094607  2.1977096   0.14371474
 -0.57600963 -0.2187517  -0.43608332 -1.6808993   0.6098275  -0.52256644
  0.3157529   0.25825676 -1.7472519   0.39036134]
[ 0.07588042  0.16999844  0.5812129   0.41582927  2.2544463   0.07042233
 -0.4793548  -0.31811532 -0.54006064 -1.6496649   0.69563913 -0.6506029
  0.31918776  0.30691236 -1.7472849   0.45234355]
[ 0.12980601  0.18695815  0.5398105   0.42449045  2.2066622   0.07153457
 -0.40698537 -0.27057266 -0.5013399  -1.6039991   0.6486391  -0.57695836
  0.26951098  0.29154295 -1.8397276   0.3857104 ]
[ 0.099311    0.14183837  0.6343703   0.30345246  2.2563267   0.12927435
 -0.519537   -0.17948493 -0.4320217  -1.639271    0.5694408  -0.54501116
  0.36440325  0.17769465 -1.7240431   0.31651127]
[ 0.22474813  0.06761754  0.54895526  0.42634717  2.2886755   0.04010961
 -0.37769002 -0.2881922  -0.5894686  -1.5262213   0.62646806 -0.6454774
  0.36755553  0.34273124 -1.8651451   0.3100564 ]
[ 0.2750269   0.04941756  0.6077546   0.36254779  2.2705846   0.06860686
 -0.4217132  -0.20197749 -0.54656893 -1.5150204   0.57076746 -0.6028804
  0.3761221   0.2556258  -1.8625774   0.26319283]
[ 0.24513884  0.0022838   0.72072065  0.24799728  2.2633972   0.09724065
 -0.50008965 -0.09384082 -0.53806555 -1.5220789   0.48989505 -0.56359476
  0.5030087   0.18932652 -1.7638305   0.1675893 ]
[ 0.37886843 -0.05986558  0.6090908   0.23081139  2.2934718  -0.11066896
 -0.41002187 -0.1160712  -0.6432201  -1.4787922   0.61255294 -0.67413723
  0.46942434  0.24319653 -1.7578871   0.36329627]
[ 0.28594354 -0.05743576  0.6811233   0.23638888  2.2506473  -0.03677742
 -0.48813945 -0.06520444 -0.616096   -1.5356423   0.5351519  -0.6191021
  0.5278469   0.1850358  -1.6549537   0.32088217]
[ 0.389008   -0.02400551  0.59942997  0.13208732  2.2703109  -0.20636263
 -0.4366756  -0.06685682 -0.6729661  -1.591514    0.6759453  -0.7205013
  0.49196225  0.253604   -1.5823373   0.44349512]
[ 0.32054806 -0.06676634  0.70888436  0.08763986  2.2515118  -0.12838945
 -0.4988625  -0.06240543 -0.6416446  -1.6310015   0.60014    -0.7395325
  0.5961481   0.17213167 -1.4404684   0.42649904]
[ 0.26607925  0.0152855   0.72690976  0.09140553  2.2303262  -0.10080349
 -0.5231468  -0.12928173 -0.6497354  -1.6791359   0.60741216 -0.7173808
  0.60859156  0.17460768 -1.4049175   0.44030008]
[ 0.24103394  0.07209155  0.73563737  0.04716856  2.200224   -0.01979224
 -0.5699012  -0.09511421 -0.54321104 -1.7118845   0.57102525 -0.64406663
  0.59539235  0.09299486 -1.4137108   0.39832497]
[ 0.17702702  0.13975553  0.68877625  0.17357048  2.220002   -0.04844571
 -0.5293775  -0.15945417 -0.5597463  -1.7307266   0.6683241  -0.66170317
  0.50849646  0.19228025 -1.5368636   0.4138647 ]
[ 0.13402957  0.18137749  0.65520287  0.23510155  2.2394414  -0.06651519
 -0.5606466  -0.1711107  -0.5304568  -1.7730833   0.77371335 -0.6788187
  0.380114    0.234729   -1.6422657   0.5471182 ]
[ 0.08929135  0.14207911  0.6939206   0.22785345  2.2113647   0.033905
 -0.61655843 -0.11992936 -0.44690886 -1.7569634   0.6538329  -0.5720747
  0.39426643  0.12606955 -1.5825598   0.479137  ]
[ 0.14626643  0.03700947  0.6234349   0.46987668  2.2286298   0.00455229
 -0.46924233 -0.26249185 -0.58718234 -1.6269934   0.63505197 -0.65857255
  0.39769405  0.3066331  -1.7641537   0.47429723]
[ 0.20961234  0.06288985  0.6142189   0.36610103  2.2271912  -0.05169947
 -0.43541113 -0.25240788 -0.57809436 -1.6548353   0.6549148  -0.6920164
  0.39128166  0.27965534 -1.7481501   0.56508696]
[ 0.12157591  0.2006691   0.6278725   0.25215262  2.235363   -0.06777222
 -0.5236168  -0.25271404 -0.56448114 -1.7349937   0.75684845 -0.70424217
  0.34476975  0.2854048  -1.6309602   0.61617196]
[ 0.07560012  0.17230947  0.57899857  0.37243095  2.2413688   0.03632962
 -0.54896367 -0.2093075  -0.5005938  -1.6985089   0.6560894  -0.6097257
  0.3561136   0.22439484 -1.7133276   0.52648735]
[ 0.0791834   0.16181096  0.55458826  0.41189098  2.2781188  -0.0074749
 -0.55842656 -0.19599484 -0.48678035 -1.676067    0.667776   -0.610892
  0.3013221   0.27038643 -1.769531    0.5401476 ]
[ 0.14776652  0.17639792  0.5221545   0.43582907  2.25918    -0.06307854
 -0.5235072  -0.21790981 -0.501526   -1.6650903   0.7373714  -0.64671654
  0.22179759  0.3437533  -1.866382    0.60054314]
[ 0.17694396  0.10992391  0.6003162   0.5070694   2.1809618   0.03673403
 -0.48452473 -0.15151992 -0.41446263 -1.5850459   0.5852903  -0.54054654
  0.17623675  0.31135136 -1.9924713   0.4375581 ]
[ 0.19238496  0.12430618  0.5669083   0.44363865  2.249066   -0.04497771
 -0.49513397 -0.18311325 -0.4504612  -1.6798165   0.70113707 -0.62692493
  0.26762825  0.3090337  -1.8893487   0.47085953]
[ 0.20884244  0.16001916  0.60364795  0.3673578   2.221733   -0.02880685
 -0.51730216 -0.1339984  -0.41218573 -1.71647     0.67769855 -0.58774626
  0.2732909   0.2314826  -1.8704544   0.47856227]
[ 0.17380202  0.18442634  0.6208833   0.2869279   2.2690008  -0.04937696
 -0.5715285  -0.10408795 -0.3910487  -1.783782    0.7138766  -0.5983244
  0.32224974  0.18639565 -1.7761583   0.47298247]
[ 0.1871041   0.18870972  0.5791806   0.31309527  2.2933223  -0.08118314
 -0.56761944 -0.13472846 -0.4256979  -1.7686754   0.80431795 -0.6457804
  0.2798937   0.22210868 -1.8137133   0.52614796]
[ 0.17491642  0.18752138  0.60157967  0.24559791  2.2998862  -0.07145003
 -0.5765792  -0.10490613 -0.39220643 -1.7666309   0.780696   -0.6195177
  0.31418115  0.17696981 -1.7643116   0.4694721 ]
[ 0.14800265  0.15395525  0.58963585  0.30923277  2.3436902  -0.10708716
 -0.58573496 -0.17132296 -0.4852882  -1.7535741   0.8022868  -0.6773817
  0.36289036  0.24840498 -1.7541888   0.5333665 ]
[ 0.1166385   0.12957563  0.62333727  0.3071579   2.333406   -0.07950237
 -0.5874907  -0.19045886 -0.51726115 -1.761575    0.78180975 -0.6885007
  0.41872844  0.25714725 -1.7064899   0.51965714]
[ 0.1289012   0.13317741  0.6417345   0.32065725  2.2925086  -0.04747786
 -0.5630981  -0.18849948 -0.5273383  -1.7562116   0.75677633 -0.6743356
  0.389125    0.25882182 -1.7014602   0.4922276 ]
[ 0.142625    0.1333152   0.6609489   0.31567997  2.248301   -0.02989065
 -0.5433892  -0.1861339  -0.53137046 -1.7396009   0.7246142  -0.66403186
  0.3637108   0.2426615  -1.7010285   0.5200209 ]
[ 0.09863907  0.13957267  0.7052255   0.27925515  2.2149944   0.00801566
 -0.563391   -0.18113637 -0.5514051  -1.7633388   0.6486265  -0.6092367
  0.45537466  0.17840709 -1.5827463   0.48002663]
[ 0.0622146   0.11057992  0.65006924  0.35079694  2.2443993  -0.01170447
 -0.5398089  -0.2695363  -0.6068684  -1.7404026   0.6891796  -0.6977712
  0.45532113  0.25752208 -1.5761232   0.5824388 ]
[ 0.03692276  0.15698233  0.6595351   0.2973117   2.2130573  -0.00503017
 -0.5207243  -0.24585505 -0.5791558  -1.7668213   0.65684146 -0.65065634
  0.4747292   0.22045095 -1.5630013   0.5765935 ]
[ 0.04803376  0.18171307  0.6147134   0.3265924   2.2301092  -0.0605484
 -0.5312993  -0.294185   -0.63120925 -1.7186066   0.7550899  -0.71338856
  0.34814897  0.3555295  -1.6507069   0.70408994]
[-0.00500007  0.14024928  0.610286    0.41704616  2.2258778   0.07711808
 -0.5540744  -0.26259115 -0.54047513 -1.6880076   0.6281775  -0.6064903
  0.34315184  0.25977224 -1.6697309   0.5860038 ]
[ 0.06306585  0.17363083  0.505687    0.50295407  2.1966558  -0.00256868
 -0.4633081  -0.33734444 -0.5843543  -1.6629188   0.709343   -0.64311975
  0.2542156   0.38736424 -1.7969589   0.6611309 ]
[ 0.05986113  0.1637487   0.5737106   0.46548948  2.1940818   0.05631638
 -0.50550985 -0.249802   -0.48259854 -1.6291358   0.5884751  -0.5850168
  0.2330296   0.30173874 -1.8299137   0.60801965]
[ 0.16919892  0.14734037  0.47838125  0.45897478  2.250238   -0.0503133
 -0.4282104  -0.3169422  -0.5632222  -1.594421    0.69201225 -0.6767366
  0.2267164   0.39040422 -1.8654544   0.6454567 ]
[ 0.16151574  0.14867964  0.48414207  0.52276623  2.2359798   0.04673629
 -0.4659348  -0.27715227 -0.48617905 -1.5456212   0.6405742  -0.60451186
  0.17625184  0.36468476 -1.9532864   0.5101342 ]
[ 0.19443883  0.09897616  0.5393848   0.44726473  2.2685173   0.0668989
 -0.50891566 -0.16890799 -0.42967185 -1.5155357   0.54467833 -0.5372821
  0.21794632  0.28221065 -1.9560772   0.41150397]
[ 0.32559246  0.10309048  0.42113742  0.45764154  2.2808518  -0.04351675
 -0.3951884  -0.20899244 -0.4950018  -1.4950849   0.6671125  -0.59117573
  0.17996857  0.38923913 -2.067693    0.42657137]
[ 0.24407125  0.02400864  0.55797356  0.42671576  2.3247375   0.01277003
 -0.49007672 -0.10614224 -0.4590795  -1.5047054   0.57604516 -0.55756676
  0.26903424  0.29044056 -1.9875294   0.32928786]
[ 0.32449502 -0.02902842  0.5108503   0.38506043  2.3759334  -0.08533849
 -0.47280246 -0.12307717 -0.5584785  -1.515155    0.6457554  -0.62145865
  0.38217625  0.26889953 -1.9075772   0.37025234]
[ 0.39356324 -0.08569007  0.55513275  0.33491817  2.324119   -0.10826495
 -0.42966086 -0.10819551 -0.59935546 -1.4778489   0.60584724 -0.6303376
  0.43438902  0.26622418 -1.844663    0.31827077]
[ 0.3610467  -0.12472504  0.63507646  0.21369669  2.3558216  -0.11980321
 -0.49205193 -0.04914787 -0.6238971  -1.5502808   0.57930434 -0.6938041
  0.61212397  0.1638479  -1.6163394   0.2980465 ]
[ 0.3553885  -0.07390074  0.7118907   0.07378964  2.3552444  -0.16826202
 -0.535284   -0.0519776  -0.6631246  -1.6135374   0.59663355 -0.74786955
  0.62681776  0.13739812 -1.45278     0.40374756]
[ 0.33749965 -0.04794484  0.7146228   0.04229287  2.2863874  -0.1428051
 -0.5156901  -0.06622783 -0.65816563 -1.63974     0.56891185 -0.7088465
  0.6737496   0.11837845 -1.4170011   0.40959865]
[ 0.2565088  -0.01317969  0.7096699   0.12350516  2.2837994  -0.13304475
 -0.53697664 -0.1123253  -0.6574569  -1.6887586   0.61271125 -0.75913286
  0.63776314  0.1521554  -1.4141041   0.49685907]
[ 0.27155274 -0.0237101   0.7044779   0.15351905  2.2467835  -0.1362941
 -0.5007416  -0.08839762 -0.6367651  -1.6705215   0.6013997  -0.736155
  0.533857    0.171536   -1.4948556   0.56328547]
[ 0.27392146 -0.02688744  0.68997616  0.14246045  2.2169433  -0.10758354
 -0.5245987  -0.07488804 -0.6001072  -1.6151785   0.5776013  -0.659447
  0.47096428  0.1628515  -1.5416336   0.574396  ]
[ 0.27962422 -0.05899625  0.6167027   0.2616924   2.1955404  -0.09944417
 -0.45341247 -0.16820464 -0.62429    -1.5700251   0.59376633 -0.6925337
  0.45832992  0.24830541 -1.6608791   0.6332383 ]
[ 0.2110562   0.06613822  0.5807756   0.32844168  2.148703   -0.08057465
 -0.4038952  -0.26554373 -0.65890265 -1.6427233   0.64497834 -0.6858667
  0.48216826  0.28833652 -1.6489162   0.59618586]
[ 0.10407724  0.11743829  0.6045779   0.2631429   2.2558017  -0.12590452
 -0.54088426 -0.2418474  -0.62682056 -1.725807    0.71922696 -0.7441869
  0.43963733  0.26396716 -1.5400001   0.7439898 ]
[ 0.03286424  0.14746852  0.56361544  0.31687832  2.2640953  -0.06400007
 -0.57696515 -0.2029484  -0.5320195  -1.7093306   0.71349937 -0.66331136
  0.36082762  0.27747783 -1.6449621   0.68098104]
[ 0.07600223  0.14996684  0.52963483  0.4808514   2.2228012  -0.02897404
 -0.4934619  -0.30760247 -0.58718455 -1.6434126   0.72893846 -0.6800825
  0.25732785  0.41790992 -1.831575    0.6712042 ]
[ 0.12076543  0.12505847  0.53397477  0.5754968   2.1287007   0.06157175
 -0.4518591  -0.25921947 -0.49691328 -1.5288616   0.572943   -0.5514458
  0.17124811  0.39426455 -1.9891592   0.55214643]
[ 0.1367468   0.1334519   0.48754653  0.52289516  2.2107089  -0.00779153
 -0.45217258 -0.30689257 -0.5439235  -1.5968866   0.67021775 -0.6409457
  0.28146455  0.38125357 -1.8954163   0.5800001 ]
[ 0.16715541  0.15759067  0.45672017  0.5144745   2.1816878  -0.0135804
 -0.4107089  -0.26619107 -0.5248642  -1.58191     0.675892   -0.59312534
  0.21456786  0.41176262 -1.9822506   0.551607  ]
[ 0.05738628  0.14190951  0.5647832   0.42564875  2.266503    0.03619909
 -0.5725711  -0.19218388 -0.4688995  -1.6677663   0.61856616 -0.581177
  0.3111775   0.26559803 -1.7599955   0.5144617 ]
[ 0.15355827  0.13116054  0.5360536   0.5261618   2.2078483   0.01891795
 -0.48633122 -0.24432714 -0.495821   -1.618592    0.65054023 -0.60084534
  0.24480331  0.3693915  -1.9236529   0.48782557]
[ 0.11458578  0.14306301  0.6115407   0.4848598   2.165978    0.09177264
 -0.5021848  -0.17046103 -0.428053   -1.6074442   0.57503796 -0.5247277
  0.24063888  0.30713484 -1.9318975   0.3832089 ]
[ 0.1752207   0.15755549  0.55356807  0.42552415  2.2199183  -0.0245545
 -0.5012399  -0.15019841 -0.43501067 -1.6758302   0.6704764  -0.57982814
  0.25374737  0.2827271  -1.896101    0.48033553]
[ 0.196421    0.11053412  0.6226429   0.34641677  2.2208235  -0.00811522
 -0.5623256  -0.06203947 -0.36822766 -1.6853138   0.57849705 -0.53347474
  0.29848376  0.16093251 -1.8244187   0.46535796]
[ 0.22775486  0.10179622  0.54189324  0.44298053  2.2655559  -0.080353
 -0.48002377 -0.17360786 -0.46077776 -1.6569703   0.70857877 -0.6537647
  0.26776522  0.31469482 -1.9208124   0.5113012 ]
[ 0.2226824   0.19437423  0.5367606   0.30195236  2.2454524  -0.12340031
 -0.47164744 -0.12652868 -0.41869155 -1.7187144   0.7856743  -0.6086901
  0.24395986  0.29836875 -1.8951881   0.48912162]
[ 0.12386139  0.17827868  0.6269871   0.27208883  2.288049   -0.03235873
 -0.5895281  -0.10184213 -0.39162022 -1.7997904   0.7304767  -0.58553773
  0.3907259   0.19565205 -1.7666893   0.41477045]
[ 0.10437506  0.16374263  0.5908362   0.34528142  2.3412435  -0.05728524
 -0.5856172  -0.17351025 -0.47016686 -1.7791908   0.7872639  -0.6558044
  0.3947504   0.24524756 -1.771662    0.47549772]
[ 0.09771932  0.18445794  0.599201    0.30686325  2.3072326  -0.05381946
 -0.5757185  -0.16771977 -0.46469975 -1.770339    0.8182456  -0.6468971
  0.36876944  0.24362807 -1.7482593   0.45527667]
[ 0.08231637  0.18103449  0.6561904   0.2619321   2.251813   -0.02268818
 -0.5726117  -0.12391715 -0.44838637 -1.78025     0.747471   -0.6088289
  0.39581037  0.18878572 -1.6818678   0.42690697]
[ 0.07366415  0.11751225  0.6699148   0.31104118  2.271723   -0.04795619
 -0.55462736 -0.20612118 -0.53439254 -1.7481397   0.7544016  -0.688684
  0.4357226   0.26649544 -1.6450164   0.47930974]
[ 0.11130545  0.10951648  0.72615564  0.3197686   2.1975403   0.01302763
 -0.53358346 -0.21649972 -0.54387844 -1.746204    0.6612476  -0.6605681
  0.42797256  0.24741983 -1.6166251   0.45866233]
[ 0.08027589  0.14120248  0.72412694  0.32505074  2.144986    0.06949689
 -0.52561796 -0.2303143  -0.51287854 -1.7565845   0.65203416 -0.6435843
  0.41674128  0.2427042  -1.6325982   0.4603827 ]
[ 0.05996817  0.17833117  0.72846293  0.27710944  2.1113763   0.12503906
 -0.5475239  -0.18830729 -0.44585007 -1.7718025   0.59906274 -0.5559298
  0.41820222  0.17086238 -1.6252562   0.4214941 ]
[ 0.0715876   0.1727911   0.62821364  0.32030696  2.1984382   0.07646713
 -0.58126986 -0.19641896 -0.44718766 -1.7060976   0.6420746  -0.57485855
  0.34270293  0.18534483 -1.6833541   0.5098703 ]
[ 0.03512426  0.15045284  0.61558324  0.38060862  2.222192    0.07406032
 -0.5824618  -0.23776957 -0.5124424  -1.6814913   0.60404205 -0.5806336
  0.434276    0.21871719 -1.6759684   0.49448967]
[ 0.09236269  0.13109402  0.50741935  0.5122627   2.2336853  -0.02117757
 -0.47896093 -0.3047064  -0.6079976  -1.6133763   0.6751477  -0.6487509
  0.3287053   0.39158332 -1.8412071   0.604912  ]
[ 0.0109331   0.11638983  0.5839023   0.47035512  2.2058396   0.04266694
 -0.49551782 -0.27260756 -0.57678235 -1.6092579   0.627049   -0.60667646
  0.3482305   0.34108606 -1.7633665   0.536275  ]
[ 0.1293916   0.08277862  0.58525     0.52393997  2.17485     0.02483032
 -0.42287606 -0.31325185 -0.60988194 -1.5738466   0.6442761  -0.65330285
  0.28183728  0.42198792 -1.847873    0.5082966 ]
[ 0.16020663  0.08501683  0.6797582   0.45242566  2.1136537   0.0976865
 -0.41024083 -0.2601083  -0.55534375 -1.553138    0.5571877  -0.58773243
  0.26967257  0.35139588 -1.8593693   0.41181064]
[ 0.15290849  0.15305002  0.64440084  0.34995416  2.1970267   0.02843316
 -0.4753179  -0.30826202 -0.58562434 -1.6757793   0.6677526  -0.6691338
  0.34644645  0.28894323 -1.6770113   0.52118385]
[ 0.10531549  0.1867055   0.6088993   0.36787862  2.1756225   0.06928559
 -0.51116174 -0.21814713 -0.4756391  -1.6602733   0.5895968  -0.5885101
  0.33283466  0.2524694  -1.7790486   0.503504  ]
[ 0.11247726  0.14813605  0.58042353  0.35520953  2.2519972   0.02563747
 -0.5248519  -0.19433042 -0.5223804  -1.6770651   0.58778715 -0.61233926
  0.38019025  0.22029749 -1.7175362   0.5477818 ]
[ 0.21202452  0.11636317  0.48155862  0.41861114  2.2838166  -0.10054158
 -0.47368535 -0.21663027 -0.547204   -1.5928488   0.7006383  -0.6692809
  0.23581533  0.37579745 -1.9044997   0.6418945 ]
[ 0.15540794  0.07125013  0.5455036   0.51746047  2.226173    0.01939965
 -0.46433038 -0.1863262  -0.50618327 -1.5163205   0.58477783 -0.56780374
  0.2530576   0.3618326  -1.9749136   0.43496734]
[ 0.24740529  0.07540113  0.48442912  0.42850313  2.2736967  -0.10523043
 -0.4171846  -0.20516375 -0.52862084 -1.5685775   0.71506846 -0.62350386
  0.29472828  0.37563998 -1.9506505   0.45793325]
[ 0.16789685  0.07894282  0.62775767  0.3842873   2.287627   -0.04749325
 -0.48140615 -0.17869529 -0.55699414 -1.6487501   0.63975346 -0.6404275
  0.42166343  0.27588135 -1.777566    0.40085435]
[ 0.15825698  0.15541174  0.6322966   0.2450423   2.3101308  -0.11719668
 -0.56663215 -0.16076894 -0.5280882  -1.7509568   0.7718746  -0.70889413
  0.38961932  0.2498709  -1.6734654   0.5519356 ]
[ 0.16189     0.11512806  0.63888574  0.29926163  2.266934   -0.04526015
 -0.51867336 -0.12228122 -0.47000533 -1.7162749   0.71028984 -0.63118017
  0.37985477  0.24858697 -1.7424934   0.37723875]
[ 0.13472852  0.12781253  0.65100586  0.29317835  2.2726526  -0.02506476
 -0.5376529  -0.15190385 -0.47159785 -1.7328495   0.7251665  -0.6590768
  0.37813297  0.23025489 -1.7072408   0.4261182 ]
[ 0.15891013  0.12401674  0.69089174  0.2553063   2.2506108   0.01292992
 -0.5493404  -0.13782522 -0.47923452 -1.7351301   0.6291254  -0.59370613
  0.43858224  0.19905968 -1.6721948   0.36102653]
[ 0.15760876  0.11225379  0.668214    0.31062984  2.2331252   0.00908093
 -0.5516466  -0.18249702 -0.5243581  -1.7265549   0.6760658  -0.6563598
  0.4330172   0.21932463 -1.6908684   0.46806931]
[ 0.16375458  0.15855774  0.65730697  0.26732635  2.1920114   0.03837283
 -0.5606409  -0.14802969 -0.46837562 -1.7356211   0.6611165  -0.59746885
  0.38764888  0.17850211 -1.6697111   0.430513  ]
[ 0.15836674  0.12957823  0.63560027  0.2579865   2.21563    -0.00234116
 -0.5613533  -0.11122076 -0.4656559  -1.7071584   0.6783129  -0.5893035
  0.3715439   0.22404692 -1.7012005   0.421228  ]
[ 0.14697137  0.06909065  0.64346945  0.2798094   2.2361321   0.01715724
 -0.5608808  -0.11596981 -0.46516824 -1.6569321   0.60345024 -0.592872
  0.40289155  0.19792326 -1.6781524   0.42797217]
[ 0.15433557  0.0823295   0.5942701   0.37620693  2.270291   -0.0318579
 -0.53090775 -0.24005136 -0.5697271  -1.649327    0.66611785 -0.677212
  0.44927245  0.28431544 -1.6960227   0.47474498]
[ 0.1718589   0.06684995  0.60371774  0.41603127  2.2171988   0.01611133
 -0.51107013 -0.2068657  -0.54382384 -1.6391312   0.61160696 -0.62812793
  0.43877903  0.23578808 -1.7384121   0.44466758]
[ 0.15735778  0.10770943  0.61779845  0.23969975  2.2469962  -0.00878195
 -0.5958384  -0.11995097 -0.4725906  -1.6792686   0.64201146 -0.6011294
  0.3905328   0.16331773 -1.6295662   0.49985552]
[ 0.23553105  0.07178289  0.5588337   0.43225822  2.2292645  -0.04034519
 -0.47427264 -0.19687505 -0.5379661  -1.597865    0.65112984 -0.62066597
  0.2835967   0.3009023  -1.8419307   0.5030588 ]
[ 2.5378713e-01  3.9682329e-02  6.1865020e-01  3.7090766e-01
  2.1990006e+00  1.1008739e-03 -4.9895996e-01 -1.5634519e-01
 -4.9487281e-01 -1.5651386e+00  5.7827228e-01 -5.9458554e-01
  2.9267654e-01  2.3236105e-01 -1.7831066e+00  4.6208805e-01]
[ 0.28450412  0.06675294  0.54834193  0.4280758   2.2185142  -0.01694952
 -0.44307694 -0.24302018 -0.53380704 -1.580075    0.65106237 -0.6621694
  0.33116817  0.2713563  -1.7997303   0.4342764 ]
[ 0.34633225  0.04517395  0.54893225  0.34057787  2.2896202  -0.09445183
 -0.43162203 -0.18867643 -0.53655154 -1.5726808   0.6553863  -0.6738084
  0.35735065  0.22114113 -1.7984902   0.4471902 ]
[ 0.33294967  0.07805537  0.60680115  0.1608042   2.3537052  -0.09427442
 -0.56393874 -0.11821918 -0.51107013 -1.6257503   0.68773806 -0.65591484
  0.34853902  0.12829271 -1.6652768   0.4950653 ]
[ 0.36077338  0.04866253  0.55545604  0.29241735  2.3839865  -0.10179587
 -0.5112848  -0.2059422  -0.60730714 -1.5590867   0.7604058  -0.72280353
  0.3229286   0.2543754  -1.8079169   0.49192724]
[ 0.3688813   0.0173539   0.5624701   0.33020273  2.3414502  -0.05075805
 -0.45986146 -0.18420069 -0.6181006  -1.4876761   0.6913437  -0.6572371
  0.3443082   0.2491358  -1.8502661   0.3527707 ]
[ 0.38849503 -0.03319098  0.5393453   0.14736767  2.4590883  -0.1936231
 -0.51865077 -0.15906909 -0.6837598  -1.547312    0.81281996 -0.78315735
  0.49293238  0.21445124 -1.6375967   0.45484614]
[ 0.37555188 -0.06762022  0.57715625  0.15549031  2.3905606  -0.20612366
 -0.4452631  -0.19005634 -0.7809442  -1.5609255   0.7462588  -0.81313705
  0.6300102   0.23477867 -1.5698446   0.47808018]
[ 0.36263388 -0.03120933  0.6458382   0.05046383  2.3502316  -0.27260843
 -0.46805683 -0.2047302  -0.8587656  -1.6189184   0.77522    -0.91494894
  0.62810344  0.2978637  -1.4096482   0.6289568 ]
[ 0.27274087 -0.08376558  0.7012355   0.03390081  2.347046   -0.19250798
 -0.52455914 -0.15272558 -0.8166463  -1.6186816   0.69405    -0.8682581
  0.68184423  0.16628745 -1.2717893   0.591531  ]
[ 0.26678    -0.11300846  0.7229253   0.06070735  2.284062   -0.17547016
 -0.5240297  -0.14737102 -0.8117382  -1.6193244   0.63382095 -0.86076814
  0.67959136  0.18563809 -1.2521632   0.6316997 ]
[ 0.25755078 -0.12563321  0.7568573   0.03744311  2.204967   -0.17170319
 -0.49355373 -0.15103158 -0.7969691  -1.6133671   0.5804769  -0.83895075
  0.68261546  0.22188406 -1.2791249   0.6912333 ]
[ 0.21897712 -0.03368827  0.71737444  0.11690464  2.1320877  -0.10861987
 -0.48650664 -0.21298769 -0.7573527  -1.6640947   0.59990513 -0.8180723
  0.6138485   0.2578706  -1.3170617   0.70618314]
[ 0.18833496 -0.01323469  0.6802885   0.20710953  2.1608787  -0.06287301
 -0.47197208 -0.22997682 -0.70478094 -1.6243187   0.545112   -0.7707264
  0.5708664   0.24018244 -1.4125044   0.6622378 ]
[ 0.20453438  0.13557312  0.6242861   0.24544847  2.1850097  -0.13589355
 -0.46155596 -0.24593492 -0.6313551  -1.6494465   0.6876329  -0.73525834
  0.32924262  0.32874602 -1.6266447   0.71112776]
[ 0.10652196  0.15545541  0.57174474  0.3141762   2.2554255  -0.01173936
 -0.5871645  -0.19689138 -0.4808573  -1.6311023   0.65432215 -0.61829174
  0.25704756  0.22657481 -1.6829828   0.6315997 ]
[ 0.10025351  0.12535973  0.5350416   0.5495785   2.2398238   0.0489845
 -0.4812525  -0.30037957 -0.57289606 -1.5457135   0.6137681  -0.60606253
  0.25694558  0.40982056 -1.9148843   0.49949703]
[ 0.16054551  0.11727271  0.52309316  0.46602663  2.303592   -0.02265062
 -0.5160172  -0.29931965 -0.6063494  -1.603273    0.71083033 -0.6805438
  0.27933353  0.3749168  -1.8524746   0.6053722 ]
[ 0.15091366  0.09097464  0.54028934  0.5582287   2.2286048   0.06122547
 -0.4709054  -0.235152   -0.5404306  -1.5368049   0.5915514  -0.56388414
  0.25934735  0.35420933 -1.9590439   0.4250048 ]
[ 0.20357755  0.08196122  0.5264932   0.47225046  2.277889   -0.03978281
 -0.47173795 -0.22794595 -0.573318   -1.5995462   0.68606627 -0.6467072
  0.29888943  0.32364517 -1.8706453   0.5154952 ]
[ 0.1879068   0.07243774  0.59766513  0.4316283   2.225581   -0.00376426
 -0.45910853 -0.17594358 -0.5427783  -1.5675331   0.6147365  -0.5944823
  0.3251887   0.3080167  -1.8790659   0.41225109]
[ 0.18243071  0.04742472  0.5596325   0.3070914   2.352073   -0.10012536
 -0.53278434 -0.17597325 -0.58039016 -1.6405933   0.7062836  -0.69985706
  0.4549219   0.25730664 -1.6955456   0.5152263 ]
[ 0.22038217  0.04665225  0.5643197   0.35198683  2.3050237  -0.08693124
 -0.47573787 -0.16158468 -0.5408637  -1.6270107   0.65838146 -0.6633178
  0.41086537  0.23916546 -1.784523    0.49942565]
[ 0.21949725  0.16393404  0.5467082   0.22076564  2.3058999  -0.17334113
 -0.4919494  -0.15655889 -0.5342221  -1.6864649   0.7862655  -0.68012965
  0.3374596   0.29378414 -1.7516636   0.5589943 ]
[ 0.15697135  0.11948808  0.5982939   0.30422544  2.2910578  -0.06108056
 -0.5131531  -0.1604386  -0.48997965 -1.6935629   0.7312588  -0.6418629
  0.39272866  0.26328415 -1.7731924   0.42939934]
[ 0.08040206  0.15871248  0.6616886   0.28035498  2.278215    0.00249341
 -0.5666836  -0.1501106  -0.46932632 -1.7621963   0.71259487 -0.61450726
  0.4086585   0.21678722 -1.6763561   0.39260864]
[ 0.0977961   0.14861642  0.6553434   0.33466735  2.2561479  -0.01506683
 -0.5428581  -0.20015728 -0.5293833  -1.7329409   0.72034454 -0.6407686
  0.41770506  0.28297308 -1.7086216   0.4095838 ]
[ 0.08839137  0.13020656  0.71017724  0.28246078  2.210686    0.06831226
 -0.56648195 -0.14494202 -0.4647234  -1.7446829   0.62896043 -0.5914993
  0.45532292  0.1668982  -1.6369902   0.3604077 ]
[ 0.07306137  0.14665964  0.6752806   0.3285568   2.2186477   0.0187791
 -0.52426064 -0.23257034 -0.5505787  -1.7289032   0.71498966 -0.65128934
  0.4164787   0.27345103 -1.6529392   0.4287141 ]
[ 0.07595458  0.16699712  0.7154369   0.26556218  2.142521    0.07060425
 -0.5517374  -0.16720006 -0.4856413  -1.7494062   0.6241385  -0.5534412
  0.4068757   0.20375374 -1.6265895   0.41692266]
[ 0.03194811  0.10871425  0.708933    0.32818523  2.1899428   0.07833596
 -0.55828035 -0.21304417 -0.51890165 -1.7419913   0.60364985 -0.5984008
  0.46060038  0.21215439 -1.5938365   0.45812875]
[ 0.07143889  0.12952085  0.6672784   0.40282702  2.2005084   0.06022729
 -0.5057906  -0.28504404 -0.5611234  -1.7100313   0.6786445  -0.6441978
  0.387181    0.29207796 -1.6766602   0.44822627]
[ 0.04568303  0.173786    0.6289285   0.3357805   2.1767      0.09838984
 -0.53580046 -0.20902188 -0.47739315 -1.7023084   0.6219407  -0.577098
  0.35465205  0.19730285 -1.6636537   0.4905371 ]
[ 0.05059064  0.11955234  0.61795115  0.39500862  2.2216659   0.09300289
 -0.54118454 -0.22711563 -0.51341933 -1.6672167   0.5473631  -0.5737592
  0.40875039  0.19756886 -1.6488578   0.47947925]
[ 0.14201404  0.12804303  0.5000844   0.5298463   2.2119915   0.01091177
 -0.43459982 -0.30504733 -0.60306567 -1.5939839   0.63693124 -0.6483526
  0.29399928  0.3757875  -1.8613527   0.57768744]
[ 0.11651251  0.08594101  0.55218565  0.51479816  2.1943033   0.0492014
 -0.44418183 -0.20165424 -0.5218635  -1.5706667   0.54174864 -0.5652254
  0.3086729   0.30389127 -1.8664402   0.459516  ]
[ 0.2308728   0.05788498  0.50444925  0.52931017  2.2208965  -0.04322665
 -0.39051327 -0.2188113  -0.5111408  -1.5465708   0.6060716  -0.6191385
  0.22156644  0.38969693 -1.9843147   0.5099554 ]
[ 0.1968068   0.09056731  0.63001853  0.47970605  2.1332633   0.06900387
 -0.43997288 -0.16415134 -0.44072685 -1.553402    0.5094572  -0.53260946
  0.23944494  0.3255895  -1.9720957   0.38187402]
[ 0.23048337  0.12160468  0.5557176   0.4090847   2.2399297  -0.03674645
 -0.46327686 -0.1776545  -0.45661706 -1.6562526   0.64305365 -0.6063212
  0.28340945  0.27900046 -1.8973469   0.48870897]
[ 0.16862777  0.1919491   0.5805794   0.35506886  2.2301655  -0.023518
 -0.5315331  -0.098051   -0.36845848 -1.7165629   0.6640715  -0.56176645
  0.25713646  0.21172857 -1.8823019   0.47957373]
[ 0.20450988  0.1919656   0.5508824   0.23764896  2.3098316  -0.13250954
 -0.5754744  -0.10037346 -0.39585963 -1.7350895   0.7961649  -0.6306103
  0.25922647  0.21908991 -1.8252532   0.58482444]
[ 0.20550327  0.12873976  0.50245875  0.42441997  2.2968526  -0.11360912
 -0.46031266 -0.16528209 -0.4327096  -1.666774    0.7692901  -0.61937255
  0.26326632  0.3439197  -1.9863408   0.46340775]
[ 0.11098778  0.16557464  0.606881    0.33137724  2.3311398  -0.07111033
 -0.5734452  -0.17121604 -0.4778058  -1.7857323   0.7888303  -0.66096216
  0.3791929   0.25440404 -1.7644072   0.49172097]
[ 0.11932875  0.15957399  0.63336813  0.3160481   2.3012877  -0.03489717
 -0.5722261  -0.16771932 -0.47143507 -1.7782322   0.76784384 -0.65062296
  0.4007925   0.2289155  -1.74174     0.44345555]
[ 0.10450263  0.15817769  0.65458363  0.3173173   2.26551    -0.02404084
 -0.55775315 -0.16798356 -0.4875641  -1.7738167   0.76166624 -0.6656537
  0.38793284  0.21401894 -1.7064722   0.47417077]
[ 0.09161733  0.1564978   0.6725093   0.28765196  2.2375112  -0.02734671
 -0.55201304 -0.18504035 -0.5078609  -1.7676554   0.7576857  -0.6591226
  0.39658347  0.22590394 -1.6585693   0.48679924]
[ 0.0986766   0.14614949  0.7065693   0.28298134  2.194283    0.00222296
 -0.55423605 -0.18546614 -0.5185961  -1.7766056   0.6693328  -0.62706983
  0.4179825   0.20229693 -1.6152611   0.51413554]
[ 7.0356250e-02  1.2327840e-01  6.6019356e-01  3.5424584e-01
  2.2170966e+00 -1.9520574e-03 -5.4057062e-01 -2.5602973e-01
 -5.5650824e-01 -1.7554970e+00  7.0671958e-01 -6.9081557e-01
  4.1339582e-01  2.7024397e-01 -1.6393963e+00  5.8448023e-01]
[ 0.07922147  0.15550524  0.63909346  0.3284126   2.208753    0.02081098
 -0.5330459  -0.24230663 -0.51484805 -1.7335532   0.7049529  -0.6401957
  0.37380284  0.2636846  -1.6791061   0.5266028 ]
[ 0.04725232  0.18103614  0.59074223  0.36011547  2.2196193   0.06305058
 -0.57655853 -0.21982317 -0.46483707 -1.6960108   0.6645107  -0.5917713
  0.34047267  0.21970427 -1.7121489   0.5341331 ]
[ 0.01194167  0.14808223  0.59320986  0.42580333  2.2363064   0.08371009
 -0.6027867  -0.22720805 -0.49429637 -1.6871493   0.59195936 -0.5581987
  0.4115564   0.23005466 -1.6818113   0.4777758 ]
[ 0.1166608   0.14298756  0.50771606  0.5516225   2.2139916   0.01845813
 -0.48907834 -0.29462427 -0.5763768  -1.6105702   0.66659075 -0.63661414
  0.27320623  0.39167398 -1.8716495   0.55571723]
[ 0.07662908  0.10975833  0.5485991   0.50664735  2.2192588   0.05232176
 -0.49690446 -0.21004395 -0.49377555 -1.5826976   0.6118527  -0.5739064
  0.2707208   0.31700915 -1.8366718   0.43698025]
[ 0.16178994  0.08748645  0.5520689   0.54028994  2.2055683   0.04207883
 -0.4517347  -0.2615715  -0.5167471  -1.554362    0.6333322  -0.60987085
  0.25272673  0.40840715 -1.9306469   0.39422518]
[ 0.18811354  0.07445304  0.63706     0.45905995  2.1441598   0.11734096
 -0.4752366  -0.1866663  -0.47639942 -1.5403068   0.5109933  -0.5134796
  0.28140092  0.31916118 -1.9085114   0.3196649 ]
[ 0.20252475  0.12208419  0.58114296  0.41221255  2.2069533   0.04955498
 -0.49763268 -0.1968784  -0.47778398 -1.663023    0.6167738  -0.583463
  0.34566492  0.2542562  -1.81779     0.39990437]
[ 0.18292508  0.15163198  0.6109196   0.34979385  2.2131307   0.02081781
 -0.52744347 -0.08311327 -0.40138006 -1.7054598   0.6212406  -0.53886163
  0.32428196  0.1681487  -1.8288107   0.3958623 ]
[ 0.20320436  0.14501211  0.58890593  0.21003333  2.2852767  -0.07752187
 -0.5821285  -0.06547685 -0.4252685  -1.72712     0.7100936  -0.595983
  0.3218951   0.15011452 -1.6986086   0.5155464 ]
[ 0.21921249  0.04970286  0.53783685  0.40114146  2.3286176  -0.11099662
 -0.48685485 -0.16978064 -0.5128846  -1.6367238   0.69495076 -0.6570948
  0.36553827  0.29124293 -1.8379126   0.4792912 ]
[ 0.19009049  0.06137403  0.58775187  0.36691698  2.3204741  -0.09212343
 -0.50922775 -0.14319302 -0.49829665 -1.6877226   0.6722926  -0.6598561
  0.4436459   0.23503661 -1.7945557   0.46212873]
[ 0.15065971  0.12648003  0.6062714   0.24988003  2.3573241  -0.12271407
 -0.5552579  -0.15701023 -0.501212   -1.735432    0.78576267 -0.71584624
  0.40118533  0.26222712 -1.7209841   0.52540505]
[ 0.16187224  0.16291392  0.5900148   0.32773453  2.2899761  -0.06996001
 -0.4865226  -0.17481239 -0.5047713  -1.7149423   0.7406379  -0.6243671
  0.36679986  0.26388115 -1.8116859   0.43727255]
[ 0.08610664  0.18767588  0.64927304  0.27915102  2.2681718  -0.01180764
 -0.56907177 -0.16322455 -0.4715956  -1.7885456   0.7474908  -0.62651694
  0.4242733   0.19286235 -1.6911625   0.4413561 ]
[ 0.064816    0.15840824  0.6353275   0.3238799   2.2617154  -0.03980092
 -0.5357762  -0.20053795 -0.5181078  -1.7679408   0.75917035 -0.676183
  0.39752334  0.24589078 -1.6621819   0.5105421 ]
[ 0.04829736  0.12406351  0.6567794   0.31176764  2.2446756  -0.00678776
 -0.5218785  -0.21647719 -0.5290268  -1.7356184   0.7322247  -0.67021644
  0.40868402  0.26840553 -1.6392317   0.47974396]
[ 0.07907882  0.12708353  0.69773006  0.29503036  2.1921828   0.04374443
 -0.51245093 -0.20435867 -0.5266907  -1.7323363   0.6154438  -0.61057246
  0.41908798  0.21616332 -1.6089725   0.46670443]
[ 0.08078047  0.13593982  0.63992566  0.35830444  2.1947327   0.0459159
 -0.5031214  -0.26850557 -0.5429557  -1.7206409   0.6660273  -0.6545335
  0.37815276  0.27462327 -1.651033    0.52503645]
[ 0.06389908  0.19444713  0.6361466   0.337915    2.1425118   0.12642065
 -0.48818216 -0.2507816  -0.49823737 -1.7171329   0.5890419  -0.5742863
  0.37438214  0.21169665 -1.6532567   0.464209  ]
[ 0.04645247  0.19139102  0.5463437   0.37337884  2.2164426   0.04950674
 -0.519548   -0.22043991 -0.48346362 -1.6868527   0.65574443 -0.59733003
  0.3297314   0.25098845 -1.7315235   0.53979015]
[ 0.056229    0.12721103  0.56938833  0.40317088  2.2391787   0.08024102
 -0.54047996 -0.18650514 -0.4736967  -1.6371534   0.5648245  -0.5516962
  0.33977014  0.22590086 -1.7414032   0.48400432]
[ 0.18792458  0.09364043  0.48920888  0.53862906  2.2173018  -0.00239354
 -0.42854732 -0.25063616 -0.53036946 -1.5405142   0.6145582  -0.5950504
  0.22076818  0.39660567 -1.9699764   0.5166679 ]
[ 0.2026591   0.08938284  0.55594105  0.53710806  2.1461527   0.06705064
 -0.40322727 -0.19722536 -0.494835   -1.4988621   0.51404715 -0.5276357
  0.21314819  0.35227293 -2.0275483   0.42591038]
[ 0.2515432   0.12187803  0.45904246  0.45843282  2.2189415  -0.07552366
 -0.39201206 -0.18844163 -0.4740003  -1.5815058   0.6883248  -0.58811367
  0.19497578  0.36006802 -2.0108778   0.51385236]
[ 0.19232027  0.09357256  0.5682042   0.36565074  2.2646363  -0.04277237
 -0.51317316 -0.11773561 -0.4522527  -1.6458647   0.5958274  -0.5772754
  0.33896574  0.18860973 -1.8164154   0.5158989 ]
[ 0.26775014  0.02905284  0.5064834   0.46054047  2.2904263  -0.12628542
 -0.4122869  -0.18082014 -0.5085785  -1.5667162   0.6487872  -0.64664304
  0.3045352   0.34367993 -1.9667528   0.5127555 ]
[ 0.2158691   0.09964603  0.54032767  0.3807726   2.2844405  -0.10573147
 -0.46842617 -0.14628914 -0.47978467 -1.653546    0.69456685 -0.61984664
  0.34154588  0.28254914 -1.8803577   0.4692135 ]
[ 0.1333768   0.12460537  0.5961388   0.33034214  2.3261905  -0.06015239
 -0.5601519  -0.13919684 -0.45184192 -1.7265819   0.7359068  -0.6402049
  0.37850553  0.23740926 -1.7809122   0.45087212]
[ 0.11654906  0.14198628  0.600886    0.34335595  2.3157783  -0.06486728
 -0.5269053  -0.14275865 -0.46603146 -1.7344517   0.7277871  -0.6173971
  0.40753517  0.26941934 -1.8046767   0.38610354]
[ 0.06174516  0.18145859  0.62248415  0.3287705   2.315222   -0.02325195
 -0.5743081  -0.17175986 -0.46615753 -1.7944969   0.78279376 -0.643779
  0.41729027  0.24462049 -1.7372364   0.40955788]
[ 0.07001845  0.20341775  0.66023177  0.2925237   2.2604327   0.0035595
 -0.5588933  -0.13233387 -0.43477502 -1.8035002   0.73117465 -0.60019827
  0.39449134  0.20706157 -1.7031424   0.3624441 ]
[ 0.05715735  0.17482343  0.6617522   0.3249812   2.252483   -0.00902586
 -0.54816425 -0.16076744 -0.45355725 -1.7872143   0.7538169  -0.64477885
  0.4108469   0.2534343  -1.7025349   0.36858872]
[ 0.07046214  0.17057893  0.7281703   0.27329525  2.2006826   0.06344038
 -0.5298489  -0.13699386 -0.4272367  -1.793932    0.66003054 -0.5875888
  0.41971192  0.19636954 -1.6570104   0.30044287]
[ 0.08815323  0.19673494  0.713395    0.31542665  2.178233    0.05848174
 -0.5146244  -0.18388025 -0.45789132 -1.7919289   0.67031765 -0.6056222
  0.37756246  0.24233308 -1.678962    0.3449176 ]
[ 0.07642612  0.24111588  0.7425864   0.25561476  2.0956352   0.14595509
 -0.53279483 -0.13160232 -0.35731354 -1.8320049   0.61401296 -0.5388104
  0.41170445  0.1651256  -1.6754032   0.27062398]
[ 0.0692012   0.25415277  0.69098866  0.27817172  2.1700509   0.10776842
 -0.537687   -0.15635271 -0.36907518 -1.8262247   0.69390833 -0.5673637
  0.34943244  0.17232016 -1.7244219   0.34764904]
[ 0.05391847  0.27317733  0.65500116  0.27720433  2.1843848   0.06989673
 -0.556004   -0.12597957 -0.3517643  -1.819286    0.7173972  -0.5312867
  0.3094142   0.20548041 -1.7513702   0.34240633]
[ 0.06743939  0.21803913  0.66785574  0.30832273  2.208573    0.07207422
 -0.5802954  -0.11867006 -0.35964856 -1.8030545   0.6750189  -0.5371624
  0.34674773  0.18825698 -1.7691543   0.3684178 ]
[ 0.11600506  0.19165674  0.5938308   0.41183156  2.2445674   0.00934396
 -0.5121562  -0.18739012 -0.41916528 -1.7485077   0.7243433  -0.6019994
  0.29851514  0.2579697  -1.8483188   0.42353135]
[ 0.07092981  0.24101701  0.62058777  0.33889267  2.2315748  -0.01817424
 -0.5453363  -0.16115077 -0.4190796  -1.8101467   0.7829632  -0.6102926
  0.3236582   0.2644537  -1.7788849   0.42297283]
[ 0.05167824  0.22456917  0.68058527  0.28743058  2.2091086   0.05044455
 -0.58410627 -0.11742572 -0.3490068  -1.8252376   0.69984114 -0.55768526
  0.36403248  0.17449288 -1.7226331   0.36672145]
[ 0.0615549   0.1853863   0.64598846  0.3626399   2.2672894  -0.01175185
 -0.558217   -0.16791299 -0.42370123 -1.8036028   0.74654037 -0.6190574
  0.3785919   0.26268294 -1.7598193   0.38597816]
[ 0.06674634  0.22367637  0.67116416  0.35569602  2.2140949   0.04357512
 -0.5518633  -0.15948646 -0.40161428 -1.8171852   0.73518026 -0.5973769
  0.35077882  0.23928586 -1.7806332   0.35956842]
[ 0.04018563  0.23198514  0.7094435   0.28581542  2.207955    0.08950789
 -0.57156694 -0.11285679 -0.33623213 -1.8299106   0.6931613  -0.547345
  0.35944086  0.18691444 -1.728914    0.27208447]
[ 0.06196885  0.25439328  0.66409886  0.3163033   2.2205539   0.03054392
 -0.55838287 -0.1435761  -0.38868752 -1.8326213   0.7522915  -0.58191055
  0.33604524  0.22161332 -1.7673175   0.36699137]
[ 0.07259111  0.24150935  0.67327994  0.28834257  2.202113    0.04861785
 -0.56620425 -0.11920025 -0.35242778 -1.8356377   0.7124084  -0.5639356
  0.3357775   0.1893675  -1.7332954   0.35954893]
[ 0.05895865  0.22001365  0.6738686   0.33752823  2.2122025   0.0294341
 -0.5580331  -0.13990109 -0.39015663 -1.8308985   0.73407793 -0.59750056
  0.37300605  0.22930162 -1.7435611   0.3431212 ]
[ 0.08197751  0.22618154  0.6702992   0.31736842  2.1954093   0.03093775
 -0.5422863  -0.14359644 -0.3799241  -1.8181674   0.7465042  -0.59511346
  0.31451923  0.23207314 -1.769192    0.38535103]
[ 0.05936377  0.25155038  0.71995276  0.26844618  2.1636615   0.08159326
 -0.5700987  -0.10363588 -0.3309757  -1.8597149   0.6787089  -0.5173236
  0.36124817  0.18230474 -1.7113603   0.27662078]
[ 0.0713274   0.23509035  0.6570953   0.34696016  2.2005315   0.03665566
 -0.5560063  -0.14891252 -0.39128166 -1.8289496   0.73722667 -0.5883672
  0.3460217   0.23466316 -1.7874937   0.38809544]
[ 0.04795763  0.25563926  0.67798936  0.2700038   2.1987107   0.06813423
 -0.57375133 -0.11214252 -0.32938612 -1.8511835   0.7197261  -0.54585636
  0.3692261   0.171945   -1.7290974   0.3132308 ]
[ 0.08314911  0.25815186  0.62484586  0.30276182  2.2299907  -0.01094125
 -0.547742   -0.15530464 -0.4063383  -1.8088373   0.79377234 -0.5928902
  0.31479865  0.25415185 -1.7900009   0.40356645]
[ 0.03389649  0.23938465  0.68398273  0.2685192   2.2061214   0.05725928
 -0.5884548  -0.13425915 -0.36083204 -1.8294783   0.7271066  -0.5596377
  0.3862907   0.18179311 -1.7047755   0.34490103]
[ 0.04588579  0.19779606  0.68331134  0.3545354   2.2255502   0.02347424
 -0.5646761  -0.19523072 -0.4559198  -1.8039029   0.7449618  -0.62915725
  0.38284624  0.24490717 -1.716275    0.4151464 ]
[ 0.02053712  0.21590877  0.6976448   0.33468014  2.1781123   0.04594392
 -0.5568907  -0.19876595 -0.4393304  -1.8214369   0.751952   -0.61878747
  0.37221456  0.24862817 -1.7031552   0.4260378 ]
[ 0.02056651  0.21104376  0.76928556  0.25974914  2.1357446   0.11822458
 -0.57026744 -0.16783878 -0.4062646  -1.8284256   0.6487842  -0.538489
  0.41110533  0.17987548 -1.6317679   0.34044752]
[ 0.03620212  0.20295715  0.6954599   0.3433673   2.180172    0.07224742
 -0.5550556  -0.23946032 -0.47522965 -1.7891121   0.7251904  -0.61930704
  0.35143915  0.2463663  -1.6887233   0.46870083]
[ 0.00849171  0.23760112  0.72445726  0.2911145   2.1305108   0.12908442
 -0.56013876 -0.24245317 -0.4684131  -1.8124453   0.6588521  -0.5705
  0.4250536   0.18097806 -1.6037432   0.42736253]
[-0.00697879  0.20755601  0.6342993   0.38700032  2.1979368   0.05619389
 -0.570668   -0.2761827  -0.5345319  -1.7563308   0.7212813  -0.63610584
  0.3659133   0.25004855 -1.659375    0.5800096 ]
[-0.05395819  0.15989545  0.6369035   0.37203845  2.2329319   0.08889942
 -0.5886401  -0.23670068 -0.50756043 -1.7093842   0.63889986 -0.58060515
  0.39242882  0.24391636 -1.6351812   0.50475276]
[ 0.07991912  0.12396877  0.577049    0.47937432  2.2127552   0.02037538
 -0.48541078 -0.31455955 -0.60990334 -1.6069256   0.67363214 -0.64566225
  0.29318056  0.3903121  -1.7986991   0.56973374]
[ 0.08236344  0.11225642  0.6449218   0.5396649   2.1214027   0.14159119
 -0.4760035  -0.31142074 -0.5652951  -1.5488138   0.55341357 -0.5653678
  0.28701764  0.37738812 -1.880346    0.44177476]
[ 0.1058227   0.15501253  0.6038721   0.48571005  2.1703496   0.07138959
 -0.47399455 -0.35199332 -0.6025319  -1.6451572   0.65728176 -0.64396346
  0.33486986  0.34929305 -1.767699    0.5098057 ]
[ 0.07970449  0.16633901  0.61125827  0.41950884  2.1807115   0.09771907
 -0.51233995 -0.24359445 -0.51825076 -1.6188698   0.5912645  -0.5864399
  0.29047015  0.27232307 -1.7738184   0.5028389 ]
[ 0.08986573  0.07834597  0.6009495   0.4019073   2.262003    0.04645777
 -0.53473264 -0.223501   -0.5541976  -1.59623     0.5816848  -0.60870975
  0.3726786   0.26979288 -1.7166245   0.48833808]
[ 0.19713305  0.05170397  0.54345     0.47106975  2.2525256  -0.00583349
 -0.47274375 -0.29042378 -0.5880897  -1.5496242   0.64400244 -0.65434873
  0.2952625   0.35167417 -1.8483112   0.5609444 ]
[ 0.17736931  0.07279143  0.6188966   0.46674386  2.1865134   0.06545471
 -0.45537916 -0.27143282 -0.5799224  -1.533045    0.53553605 -0.59350234
  0.32313937  0.34210113 -1.8418198   0.44235006]
[ 0.19421643  0.09368031  0.53839695  0.42011517  2.2589989  -0.06697576
 -0.42995968 -0.28393635 -0.62568444 -1.6013817   0.6781057  -0.68184423
  0.35983858  0.3503919  -1.821171    0.57654494]
[ 0.12089263  0.06642033  0.61212426  0.31816682  2.3016849  -0.02370493
 -0.5507884  -0.18631926 -0.56310576 -1.6579812   0.63787824 -0.6434204
  0.40795565  0.19568977 -1.6455742   0.56982785]
[ 0.13930336  0.08881141  0.5550339   0.3784351   2.2818599  -0.09042165
 -0.49028358 -0.28923735 -0.67443377 -1.6166363   0.74266094 -0.71557236
  0.36612576  0.34644604 -1.6933      0.632054  ]
[ 0.18274805  0.04226146  0.6008617   0.42564267  2.2047954  -0.04323571
 -0.44597894 -0.25719506 -0.64552104 -1.5742862   0.60667574 -0.6553113
  0.3819451   0.32500333 -1.757385    0.5676931 ]
[ 0.19780327  0.13925496  0.5381652   0.3390873   2.2236528  -0.15331392
 -0.41119218 -0.29209524 -0.6625985  -1.6853139   0.75641453 -0.7435261
  0.3705504   0.3758715  -1.7331196   0.7041646 ]
[ 0.12369747  0.20482774  0.5865923   0.3032116   2.1921768  -0.10384961
 -0.4625762  -0.29149696 -0.6462852  -1.7080009   0.78598326 -0.7328965
  0.30618212  0.38418284 -1.6896191   0.7121464 ]
[ 0.08545361  0.09464217  0.5973643   0.3686189   2.2256064   0.00941555
 -0.51244193 -0.22280093 -0.5407163  -1.6218536   0.5921081  -0.61927193
  0.3787383   0.24628177 -1.733464    0.61371577]
[ 0.14541633  0.13238418  0.5151912   0.44892222  2.2344522  -0.06667725
 -0.42503476 -0.3492729  -0.64664364 -1.6170723   0.7068137  -0.69495666
  0.32469046  0.40380782 -1.8222008   0.67314446]
[ 0.1015029   0.19044016  0.5189424   0.4203983   2.2195096  -0.05555882
 -0.48105794 -0.3382813  -0.61271477 -1.6528671   0.7383104  -0.67109346
  0.26663846  0.3984058  -1.7826077   0.7048939 ]
[-0.05325902  0.19701515  0.6143507   0.47354513  2.2028384   0.06780712
 -0.5714301  -0.2902003  -0.55077446 -1.7042986   0.6537789  -0.5887283
  0.34168157  0.32623845 -1.7302557   0.57236147]
[ 0.00752396  0.18087502  0.5585929   0.47930413  2.2318337   0.00225645
 -0.5408002  -0.33079058 -0.5950447  -1.6796993   0.73155415 -0.66575605
  0.2854897   0.39515305 -1.768582    0.6711153 ]
[-0.03503844  0.15004921  0.6256477   0.5555293   2.159642    0.12139895
 -0.5197642  -0.321945   -0.5859012  -1.6180623   0.5935521  -0.57718337
  0.31237483  0.3812983  -1.8091533   0.5257473 ]
[ 0.06533939  0.14870684  0.5628546   0.57224596  2.1721125   0.04227835
 -0.46096015 -0.3817595  -0.6278108  -1.6173489   0.68945134 -0.6585747
  0.27686185  0.4299953  -1.8540077   0.6003946 ]
[-0.01301674  0.16610727  0.5903613   0.4688391   2.197188    0.08194372
 -0.5367092  -0.2838     -0.534671   -1.6419369   0.62887436 -0.5812805
  0.31939584  0.3105571  -1.7866215   0.5748743 ]
[ 0.08969275  0.2202503   0.4753932   0.45780325  2.1905847  -0.05626516
 -0.42820102 -0.35435057 -0.6176242  -1.6414621   0.78189915 -0.64465636
  0.20273414  0.45342392 -1.8462595   0.68049353]
[-0.03390611  0.14889619  0.59471345  0.5500221   2.189235    0.10431711
 -0.50208473 -0.32308125 -0.5468518  -1.6183264   0.61638945 -0.59323376
  0.28535247  0.38074738 -1.8477335   0.55446756]
[ 0.05622252  0.18106829  0.516493    0.54591     2.1995845   0.03599384
 -0.43621176 -0.39689302 -0.6163978  -1.6569424   0.7125719  -0.6511269
  0.2925983   0.3952923  -1.8347957   0.618055  ]
[ 1.2941658e-04  1.8967585e-01  5.0066519e-01  5.5346137e-01
  2.1940632e+00  5.1837690e-02 -4.6300086e-01 -3.9072943e-01
 -6.1906385e-01 -1.6450500e+00  7.0627296e-01 -6.4051735e-01
  2.8129417e-01  4.3629581e-01 -1.8248228e+00  6.3189316e-01]
[-0.08433318  0.15193662  0.59334916  0.55243003  2.1822934   0.13883588
 -0.52355945 -0.30632493 -0.54989654 -1.634145    0.5932709  -0.55318016
  0.31696314  0.36065546 -1.7892797   0.5092733 ]
[ 0.06133191  0.13940513  0.48490947  0.57293403  2.2045643   0.02891242
 -0.42892504 -0.35001916 -0.57747805 -1.5995764   0.6750783  -0.6331698
  0.26182726  0.42715397 -1.8909813   0.5843293 ]
[-0.04765668  0.16383937  0.5892404   0.5877596   2.1714065   0.15136172
 -0.46821523 -0.3382997  -0.5714714  -1.587841    0.5881305  -0.57322574
  0.29331598  0.44043246 -1.8747339   0.43172154]
[ 0.0403012   0.1948425   0.50648093  0.51279354  2.217776    0.03205457
 -0.4300813  -0.33830214 -0.5370079  -1.6341374   0.69386005 -0.6211192
  0.26145443  0.4006164  -1.8811451   0.54114294]
[-0.06662201  0.2065279   0.5993826   0.45399636  2.1806583   0.1436755
 -0.51061594 -0.26651168 -0.4843493  -1.6541564   0.5924649  -0.5441186
  0.3356789   0.29930487 -1.7896411   0.46201468]
[ 0.09316822  0.14245623  0.5115199   0.5197946   2.1866882   0.01556823
 -0.4030108  -0.31936058 -0.5735908  -1.591123    0.65468615 -0.6229367
  0.26768476  0.40703478 -1.8988771   0.5698916 ]
[ 0.00416174  0.15748985  0.59558564  0.5123514   2.1437702   0.10739865
 -0.4538474  -0.27646872 -0.52021074 -1.6241192   0.6105914  -0.5668457
  0.29762632  0.35964984 -1.8655796   0.47438708]
[ 0.11548652  0.17012337  0.5547612   0.5109041   2.0947292   0.04189466
 -0.36035034 -0.3053169  -0.54574764 -1.6044277   0.6513655  -0.5796832
  0.2173332   0.41724882 -1.9073827   0.4854529 ]
[ 0.02739207  0.14814094  0.69779533  0.42873335  2.1197803   0.15580277
 -0.50149536 -0.23310766 -0.47293368 -1.6514966   0.5238127  -0.55614865
  0.31493518  0.26418358 -1.7623479   0.4535795 ]
[ 0.08686538  0.20182303  0.5907535   0.4489793   2.1396115   0.04590177
 -0.42300615 -0.32609257 -0.5785086  -1.6714445   0.6551321  -0.6275408
  0.31048188  0.33703956 -1.796017    0.5663024 ]
[ 1.5112221e-03  2.1953550e-01  5.8518714e-01  3.9521033e-01
  2.1561425e+00  6.8828717e-02 -5.4547966e-01 -2.3867729e-01
 -4.9015889e-01 -1.6782745e+00  6.3516068e-01 -5.6901789e-01
  3.0426139e-01  2.8333420e-01 -1.7731320e+00  6.0761309e-01]
[-0.02062902  0.2152411   0.5579856   0.47795734  2.177795    0.07440199
 -0.536851   -0.25851542 -0.4887342  -1.6574728   0.64711684 -0.54372835
  0.26863492  0.33646306 -1.855871    0.56623906]
[ 0.11487085  0.21183893  0.44066867  0.4789353   2.1980114  -0.0626777
 -0.44639486 -0.31253782 -0.56147546 -1.6179806   0.7768181  -0.6119271
  0.18512125  0.46357203 -1.9304928   0.63517094]
[-0.0310239   0.17758814  0.61916816  0.51761705  2.212363    0.08796767
 -0.5644218  -0.27644223 -0.5141827  -1.6646378   0.64983094 -0.561753
  0.26303416  0.33494282 -1.8136593   0.5214812 ]
[ 0.02262004  0.20853817  0.5397654   0.5075152   2.2082922   0.01070471
 -0.4926765  -0.33179772 -0.55377805 -1.6940225   0.75501055 -0.6308701
  0.26888996  0.39316472 -1.8198181   0.5678884 ]
[-0.05572715  0.19806872  0.60972035  0.46547064  2.196814    0.07387796
 -0.5486065  -0.257572   -0.49571028 -1.6936575   0.65230095 -0.5761752
  0.34859186  0.2873935  -1.7528279   0.5062555 ]
[ 0.05650784  0.15526778  0.5598971   0.45401368  2.279011   -0.0088317
 -0.5081296  -0.33287448 -0.57700324 -1.6533868   0.73312694 -0.6870955
  0.30883995  0.37475005 -1.7789761   0.5850986 ]
[ 0.08314835  0.18168414  0.5746502   0.51562405  2.1824048   0.05472907
 -0.41571975 -0.3415922  -0.5484716  -1.6292546   0.67079645 -0.605126
  0.23805246  0.39804596 -1.880113    0.47787565]
[-0.02533207  0.2042398   0.66917866  0.43879923  2.157382    0.1635643
 -0.57092243 -0.23553605 -0.42664748 -1.6810793   0.6137891  -0.5166829
  0.2669507   0.28078157 -1.818443    0.4348944 ]
[ 0.00591754  0.19738047  0.63193905  0.4588174   2.1798542   0.11233385
 -0.5370072  -0.275521   -0.47523683 -1.6987259   0.6707027  -0.5644551
  0.28010356  0.27684718 -1.8152893   0.50906336]
[ 0.10582827  0.15827556  0.5678545   0.5056712   2.1758664   0.02383507
 -0.44956666 -0.30748087 -0.5431814  -1.6711738   0.6893913  -0.61325896
  0.25248355  0.3565134  -1.8558037   0.5633425 ]
[ 0.01248555  0.14828613  0.6560122   0.47917777  2.1729717   0.09249
 -0.55724597 -0.25843656 -0.5192826  -1.6827466   0.60793734 -0.58309495
  0.32115197  0.26852173 -1.7585465   0.5593312 ]
[ 1.0372164e-01  1.3244775e-01  5.4959381e-01  4.9548882e-01
  2.2097917e+00  5.6729914e-04 -4.6306521e-01 -3.3599395e-01
 -6.0609704e-01 -1.6365535e+00  6.9516385e-01 -6.7714036e-01
  2.8058162e-01  3.4511977e-01 -1.7872814e+00  6.5587395e-01]
[ 0.05029394  0.1659527   0.5441627   0.42420298  2.194861    0.00467622
 -0.4950099  -0.2937177  -0.5599047  -1.628999    0.65698224 -0.627469
  0.30587173  0.31158942 -1.7576946   0.6681479 ]
[ 0.11321614  0.12846063  0.55226004  0.53687084  2.167537    0.03783504
 -0.430341   -0.3160748  -0.5835031  -1.5419605   0.60125506 -0.6028951
  0.24639435  0.41119605 -1.9373894   0.5765976 ]
[ 0.11611954  0.16522616  0.50833315  0.42094785  2.2794514  -0.0549377
 -0.48490268 -0.3583051  -0.59818333 -1.6363682   0.7615098  -0.71081764
  0.27377957  0.3826708  -1.8168857   0.71675056]
[ 0.04742434  0.21754566  0.5253542   0.50875294  2.2061267   0.0467881
 -0.47485313 -0.3776146  -0.59065104 -1.6656353   0.7325311  -0.6451255
  0.24480772  0.3988663  -1.8281218   0.6156047 ]
[-0.0035913   0.16919601  0.5826269   0.48278457  2.2023273   0.1087988
 -0.50176555 -0.32963938 -0.57069576 -1.6065359   0.62573737 -0.61442024
  0.29751515  0.3688159  -1.8159733   0.5649229 ]
[ 0.08309517  0.11159577  0.53581095  0.49613166  2.2292542   0.04731794
 -0.45490375 -0.37243232 -0.66406536 -1.6022403   0.6779979  -0.6745386
  0.35529548  0.38141695 -1.784058    0.5944588 ]
[ 0.10197476  0.09602252  0.5293366   0.5258318   2.1866133   0.02953398
 -0.42626077 -0.36491066 -0.681493   -1.5587088   0.6496831  -0.6801567
  0.32497352  0.4265526  -1.8305657   0.63267624]
[ 0.07803626  0.07478288  0.59092486  0.52318174  2.1438136   0.07932477
 -0.3796354  -0.35709077 -0.7158351  -1.4909211   0.5609955  -0.64581585
  0.3426541   0.47340107 -1.8357455   0.5154351 ]
[ 0.18451819  0.11327259  0.51939887  0.4229107   2.1725261  -0.06557869
 -0.3606401  -0.3566482  -0.70323926 -1.577657    0.70153975 -0.70820916
  0.2963745   0.44659454 -1.8024921   0.6800969 ]
[ 0.08268242  0.08212146  0.64033544  0.45887476  2.1625714   0.08073121
 -0.44226456 -0.31504616 -0.6682691  -1.5781536   0.5572745  -0.6472978
  0.41360098  0.35914403 -1.7313055   0.50274837]
[ 0.13719603  0.09963927  0.5425354   0.4004342   2.203749   -0.04749682
 -0.44744554 -0.28724366 -0.63377196 -1.5656154   0.65607685 -0.6932591
  0.30705503  0.3769236  -1.7589018   0.6735188 ]
[ 0.10842945  0.0535209   0.60016775  0.48555344  2.1536922   0.05947481
 -0.42787886 -0.2808352  -0.60970366 -1.5045538   0.5003776  -0.6165875
  0.37506142  0.36319488 -1.8395607   0.5384398 ]
[ 0.20345417  0.12554593  0.47016674  0.49162883  2.1271474  -0.06922682
 -0.32625693 -0.3280684  -0.6693269  -1.5400915   0.65665185 -0.6660956
  0.26889655  0.4782957  -1.9122314   0.6518439 ]
[ 0.10636095  0.01880115  0.622944    0.4983794   2.1832323   0.06065161
 -0.4614826  -0.27141374 -0.6232591  -1.5048136   0.5012765  -0.6208858
  0.37184086  0.36277714 -1.8114563   0.5249078 ]
[ 0.16912329  0.04167839  0.5391544   0.5342767   2.1527267  -0.00718533
 -0.3944765  -0.3138457  -0.6268643  -1.5198231   0.60433924 -0.6379346
  0.34198126  0.4213566  -1.8751045   0.52759963]
[ 0.11262562  0.07317914  0.64140683  0.511279    2.1026607   0.08446623
 -0.44809523 -0.27187172 -0.5984077  -1.5249698   0.5237835  -0.56928253
  0.30063957  0.40278393 -1.8622954   0.47782198]
[ 0.04271702  0.10397325  0.652388    0.45419678  2.1530445   0.08158791
 -0.4959045  -0.28442422 -0.58982015 -1.621018    0.55667174 -0.5912528
  0.40716925  0.3053181  -1.7353847   0.5187958 ]
[ 0.0736924   0.12765329  0.5644456   0.530184    2.189902    0.02461872
 -0.45773894 -0.36274707 -0.6424621  -1.6220013   0.689632   -0.68102807
  0.34269613  0.40827712 -1.821055    0.5953279 ]
[ 0.01545426  0.15377681  0.5765959   0.3948717   2.2065134   0.04018996
 -0.51689374 -0.27553785 -0.5679641  -1.6531693   0.64751005 -0.61321104
  0.36846063  0.27346385 -1.6892617   0.6008457 ]
[ 0.13051383  0.15553036  0.49926862  0.47900477  2.1552055  -0.03547568
 -0.4051656  -0.37598428 -0.6765037  -1.566908    0.70518214 -0.67085296
  0.27606824  0.47809225 -1.8330698   0.6475089 ]
[ 0.05617758  0.08616006  0.6399482   0.5573428   2.1012454   0.12981509
 -0.44797617 -0.36874396 -0.672428   -1.5408324   0.5396348  -0.60978365
  0.38105413  0.41440663 -1.8181145   0.5089779 ]
[ 0.02817609  0.125846    0.59104794  0.525035    2.1587236   0.05312942
 -0.40110883 -0.40990362 -0.7088129  -1.6400194   0.66754377 -0.7059255
  0.37704226  0.43439975 -1.7353127   0.6005777 ]
[-0.0191997   0.12032139  0.6235274   0.46919465  2.144197    0.10311019
 -0.44981995 -0.33800727 -0.6390613  -1.6102883   0.57579464 -0.6420074
  0.36877868  0.36477128 -1.6905644   0.58036804]
[ 0.08395763  0.09903715  0.630676    0.550695    2.078627    0.13892612
 -0.38167825 -0.36826718 -0.6335352  -1.5189354   0.54001963 -0.61875856
  0.26850948  0.42405623 -1.8647223   0.5290984 ]
[ 0.11756819  0.12375055  0.55501777  0.47184318  2.1689537   0.03946189
 -0.38859266 -0.3937252  -0.64306945 -1.579909    0.6494367  -0.69343334
  0.30590865  0.40512675 -1.7903131   0.6135682 ]
[ 0.02556751  0.19205669  0.56970876  0.4920438   2.116807    0.099594
 -0.47043356 -0.32562345 -0.5990656  -1.614859    0.5756398  -0.6060947
  0.3100974   0.3617633  -1.7766361   0.6128807 ]
[ 0.06631353  0.14282559  0.5439089   0.54985404  2.1336815   0.05658914
 -0.43300477 -0.3340463  -0.64031047 -1.5681179   0.56304634 -0.6414856
  0.3001693   0.44596452 -1.8289413   0.6065947 ]
[ 0.1552721   0.17925258  0.4467249   0.56691134  2.110862    0.00341723
 -0.34819433 -0.34894305 -0.5945857  -1.5743082   0.6750085  -0.6557208
  0.16449033  0.48192644 -1.9351025   0.636011  ]
[ 0.11410189  0.11848778  0.5377265   0.5665515   2.0938277   0.04963563
 -0.39445907 -0.26091287 -0.53206253 -1.5369023   0.5563263  -0.5987756
  0.15462494  0.4433051  -1.9669243   0.6167551 ]
[ 0.12592025  0.09919085  0.589922    0.5252942   2.1352413   0.06581775
 -0.43455744 -0.24744317 -0.5104178  -1.5000141   0.542613   -0.57072365
  0.1379228   0.39582393 -1.9715889   0.5760921 ]
[ 0.23695107  0.16525324  0.4294746   0.464041    2.1453087  -0.06918541
 -0.3857689  -0.2650385  -0.5019187  -1.5534647   0.70462644 -0.6069262
  0.11977391  0.38345665 -1.9781036   0.6743848 ]
[ 0.14885595  0.11318936  0.5464988   0.4005701   2.2141097  -0.00690124
 -0.5153471  -0.21034086 -0.48970693 -1.586264    0.58733094 -0.5945921
  0.3021224   0.25008383 -1.8082889   0.6108256 ]
[ 0.17914946  0.17498514  0.46226478  0.34326482  2.2692955  -0.12868826
 -0.47196388 -0.25746924 -0.5450164  -1.6032137   0.7349865  -0.6880475
  0.22033612  0.35917267 -1.8403842   0.7583335 ]
[ 0.12125622  0.17489433  0.46294603  0.4425624   2.2237332  -0.02505065
 -0.43145323 -0.2607651  -0.5083374  -1.5743548   0.6456745  -0.61022764
  0.23172374  0.35558927 -1.9097341   0.62464064]
[ 0.15996096  0.12886338  0.48796493  0.48026448  2.2541392  -0.02711948
 -0.44644016 -0.32432216 -0.5715661  -1.584293    0.69601893 -0.7047979
  0.2663084   0.37843543 -1.9037201   0.6731071 ]
[ 0.22344165  0.12478852  0.47435933  0.42398566  2.2378185  -0.03748589
 -0.39408812 -0.30906126 -0.58865786 -1.5566924   0.71105754 -0.688384
  0.21193409  0.35706162 -1.8844702   0.65655166]
[ 0.25825167  0.16771357  0.42047334  0.37246308  2.1582859  -0.04659576
 -0.32259634 -0.27886727 -0.56593925 -1.4904438   0.7116507  -0.6284744
  0.17064106  0.40956086 -1.9405171   0.56412834]
[ 0.24696985  0.04545035  0.562394    0.3439402   2.2353683  -0.03461854
 -0.40868574 -0.2255607  -0.5879227  -1.4768369   0.56155264 -0.65427816
  0.34718806  0.27635655 -1.8052065   0.53287303]
[ 0.28799537  0.08161004  0.49388748  0.31379774  2.258761   -0.14768842
 -0.36993074 -0.31109917 -0.7372462  -1.5336559   0.70906043 -0.80342084
  0.39449036  0.40868688 -1.7576828   0.6760706 ]
[ 0.30475968  0.18505916  0.4099845   0.3244375   2.143046   -0.12755588
 -0.28122753 -0.27357668 -0.664883   -1.5165727   0.71803343 -0.6934109
  0.24094716  0.39857587 -1.8612028   0.65759194]
[ 0.24354692  0.09687141  0.52540886  0.3192566   2.165258   -0.08940093
 -0.33626953 -0.21977937 -0.649438   -1.505502    0.64061254 -0.69962823
  0.30970865  0.34594056 -1.8193505   0.63414955]
[ 0.31341633  0.08591672  0.44010463  0.28795233  2.186895   -0.1591404
 -0.34760475 -0.23844175 -0.6755053  -1.5032967   0.7623969  -0.7163111
  0.23303282  0.4031194  -1.8067856   0.69676065]
[ 0.27968925  0.04523674  0.52492523  0.278904    2.1177568  -0.09923191
 -0.36919865 -0.24792886 -0.68035996 -1.525224    0.7006875  -0.6859913
  0.31029934  0.3587272  -1.7190949   0.6717956 ]
[ 0.17857298  0.06400131  0.61640215  0.33168003  2.0991955  -0.02959861
 -0.38735384 -0.29438624 -0.70028216 -1.6032956   0.618682   -0.7072442
  0.43623132  0.31771022 -1.6132704   0.63468164]
[ 0.16061208  0.1532119   0.5358817   0.22290227  2.1881924  -0.18159482
 -0.43320122 -0.28577632 -0.6841094  -1.6846212   0.7884017  -0.7940587
  0.37896347  0.35725772 -1.5797352   0.8265034 ]
[ 0.0987616   0.17187166  0.54959804  0.2473722   2.223702   -0.09743316
 -0.50990367 -0.2516292  -0.59111065 -1.6857706   0.73133945 -0.7038929
  0.3448182   0.2916972  -1.5964105   0.74425733]
[ 0.16090275  0.19140373  0.47250766  0.41873655  2.2110438  -0.0728866
 -0.4303742  -0.35110217 -0.6278788  -1.5767716   0.76569414 -0.736029
  0.20176682  0.482915   -1.8549687   0.71005374]
[ 0.12689832  0.1673443   0.47616893  0.5346884   2.1934812   0.0629627
 -0.42366332 -0.32035822 -0.5749849  -1.483016    0.62495637 -0.59493905
  0.19546673  0.4502551  -1.9691938   0.49228153]
[ 0.21609525  0.22509351  0.3652978   0.414253    2.24584    -0.05615284
 -0.43402275 -0.3105278  -0.574052   -1.5392191   0.79427993 -0.6092874
  0.13040853  0.45173773 -1.9481531   0.5898609 ]
[ 0.10653806  0.07435393  0.5719283   0.52150035  2.26588     0.10462036
 -0.47725263 -0.26195475 -0.56961715 -1.5161507   0.57126695 -0.5781525
  0.33520457  0.3541717  -1.8875679   0.33712637]
[ 2.3184749e-01  2.3469066e-02  5.5104268e-01  4.7069135e-01
  2.2909472e+00 -5.3694844e-04 -4.3352166e-01 -2.3461029e-01
 -5.9897870e-01 -1.5255911e+00  6.2782121e-01 -6.2410671e-01
  3.4089977e-01  3.3289558e-01 -1.8826450e+00  3.8222688e-01]
[ 0.18481067 -0.00545067  0.6862377   0.44634494  2.2089794   0.10755476
 -0.46192056 -0.21986099 -0.6235968  -1.498141    0.5115776  -0.59218115
  0.42068368  0.2963795  -1.7908661   0.27786782]
[ 0.2819457  -0.04381105  0.65831786  0.3361932   2.246469    0.01881683
 -0.46731454 -0.19123265 -0.63256615 -1.5499661   0.5605823  -0.64268816
  0.5106248   0.20293203 -1.6498209   0.3116216 ]
[ 0.25652808 -0.05551219  0.6916525   0.285132    2.241894    0.0170073
 -0.44271153 -0.14376186 -0.625666   -1.538513    0.4954031  -0.64230776
  0.53332114  0.16032374 -1.6241153   0.342982  ]
[ 0.3183577   0.01143536  0.6590751   0.15138748  2.2958617  -0.15061355
 -0.48674855 -0.12123942 -0.6395204  -1.5937485   0.5984202  -0.6984348
  0.46402234  0.18025355 -1.5760597   0.5470996 ]
[ 3.4683114e-01 -1.9000471e-03  5.9145021e-01  2.5986964e-01
  2.2841187e+00 -1.2382188e-01 -4.3527156e-01 -1.6504815e-01
 -6.1215460e-01 -1.5646681e+00  6.1063755e-01 -6.9099945e-01
  3.9181966e-01  2.2299063e-01 -1.7127979e+00  5.5782950e-01]
[ 0.3063443   0.05344975  0.5914339   0.3163651   2.252397   -0.08043511
 -0.44532973 -0.17270194 -0.5835096  -1.6207787   0.6172929  -0.6661326
  0.37832975  0.20513964 -1.7191899   0.52587336]
[ 0.3265288   0.06826385  0.53806144  0.29184628  2.2837682  -0.14578387
 -0.45347443 -0.15872021 -0.5689875  -1.6304156   0.69998634 -0.6863566
  0.3330602   0.25231585 -1.7684548   0.5777126 ]
[ 0.24808976  0.05746807  0.59052527  0.26918125  2.2947981  -0.07562319
 -0.54165995 -0.10891056 -0.5111739  -1.6559296   0.6263712  -0.63715684
  0.39815834  0.16993773 -1.6958475   0.5304447 ]
[ 0.2679936   0.06077325  0.5325221   0.2753909   2.3734462  -0.15367088
 -0.5268197  -0.16974838 -0.55569196 -1.6434561   0.7416505  -0.712973
  0.3653869   0.26406884 -1.7453158   0.5859063 ]
[ 0.26188985  0.05392008  0.5418268   0.380544    2.3285148  -0.10290457
 -0.46463162 -0.15201823 -0.5342283  -1.6005142   0.65221035 -0.6474193
  0.35452634  0.26148206 -1.8664398   0.48924178]
[ 0.2807315   0.11192302  0.55744237  0.18691921  2.3761358  -0.21292114
 -0.5599389  -0.11402967 -0.50345147 -1.6736695   0.7980341  -0.71917516
  0.30554065  0.23167284 -1.7534406   0.6491218 ]
[ 0.29390314  0.06964989  0.5287124   0.36882198  2.3169954  -0.16598499
 -0.468265   -0.14207773 -0.5002073  -1.644137    0.7242854  -0.6737345
  0.30452606  0.2660721  -1.8628607   0.5414172 ]
[ 0.2359952   0.08594304  0.5905153   0.28508407  2.3395724  -0.1532814
 -0.54678154 -0.12907931 -0.49146184 -1.7124884   0.75847673 -0.7184341
  0.3484103   0.2387679  -1.7286701   0.55542004]
[ 0.23768392  0.07595126  0.61753905  0.29013243  2.3243759  -0.1254158
 -0.53266585 -0.12365462 -0.5004717  -1.7172012   0.7012073  -0.6860919
  0.3897577   0.22980532 -1.7308474   0.506615  ]
[ 0.25511956  0.08462913  0.6058279   0.2911742   2.3252578  -0.09551078
 -0.53820753 -0.14441893 -0.50967276 -1.7067372   0.69864976 -0.68730956
  0.37528032  0.21843009 -1.7409103   0.5259491 ]
[ 0.2731369   0.12141545  0.59842503  0.26428527  2.2925136  -0.07740253
 -0.5384515  -0.10255799 -0.46270952 -1.7069578   0.68091863 -0.6267179
  0.3431366   0.16340145 -1.7616838   0.49629277]
[ 0.22951984  0.12944075  0.5712074   0.25780818  2.3136814  -0.11169618
 -0.5560967  -0.08645391 -0.45440617 -1.719738    0.756462   -0.64075553
  0.3421186   0.17998983 -1.7577829   0.50284725]
[ 0.18309323  0.12178757  0.5886223   0.257329    2.3290706  -0.12803686
 -0.5623562  -0.09608123 -0.46665794 -1.7414618   0.7528518  -0.6536096
  0.36854285  0.19389641 -1.72321     0.5335177 ]
[ 0.19279741  0.09852213  0.5892932   0.30088472  2.353154   -0.15979926
 -0.5644245  -0.14462712 -0.5204673  -1.7413318   0.7538196  -0.7140969
  0.38221788  0.25296783 -1.7190969   0.59993094]
[ 0.18708403  0.09440171  0.5895249   0.32189077  2.325804   -0.12730627
 -0.55249584 -0.14805311 -0.5061428  -1.7404932   0.74361885 -0.7125489
  0.4076105   0.24821535 -1.7263997   0.5533233 ]
[ 0.18520284  0.129563    0.59764016  0.30733287  2.2960384  -0.08984595
 -0.53408045 -0.15923294 -0.49388734 -1.7354534   0.76111686 -0.6896003
  0.34157982  0.23276944 -1.7289512   0.53724563]
[ 0.17032929  0.18313083  0.6067029   0.2629302   2.2639613  -0.07578821
 -0.5466095  -0.12586205 -0.45190302 -1.7464851   0.7332736  -0.61789006
  0.3301714   0.20664012 -1.7315714   0.49615946]
[ 0.15995184  0.16356221  0.61353886  0.2859959   2.265019   -0.05815161
 -0.55170476 -0.13393876 -0.45111388 -1.7630485   0.7054839  -0.62499195
  0.3754958   0.19868541 -1.7327232   0.50538373]
[ 0.16783744  0.16490838  0.57681847  0.33078927  2.3052382  -0.09290658
 -0.5495404  -0.18970694 -0.47061127 -1.7561066   0.78123474 -0.7026312
  0.30800733  0.26037934 -1.7627112   0.5887197 ]
[ 0.12133487  0.22849128  0.58589035  0.33469248  2.2407136  -0.06486748
 -0.5489596  -0.17804901 -0.45347124 -1.7832613   0.79045975 -0.63654804
  0.2901848   0.26758653 -1.7934015   0.5575991 ]
[ 1.2614337e-01  1.7321125e-01  6.3872039e-01  3.2217991e-01
  2.2298908e+00  9.0552866e-04 -5.8091938e-01 -1.3304390e-01
 -4.0146518e-01 -1.7683376e+00  6.9005352e-01 -5.7871753e-01
  3.1205109e-01  1.9055863e-01 -1.7607387e+00  4.9611273e-01]
[ 0.11820765  0.15384743  0.5909779   0.41889954  2.263909   -0.03129404
 -0.54500467 -0.18852423 -0.45254412 -1.7375898   0.736441   -0.6316093
  0.32237405  0.27030775 -1.8223302   0.4895292 ]
[ 0.13152786  0.17262563  0.5919801   0.34558493  2.2783973  -0.06288509
 -0.56681716 -0.17311065 -0.4592401  -1.7524545   0.7608402  -0.64953005
  0.32095736  0.23980343 -1.7752078   0.5556385 ]
[ 0.1357818   0.17979622  0.6099234   0.3014571   2.2825503  -0.04316134
 -0.58034194 -0.13858955 -0.41067338 -1.7632675   0.7165315  -0.60918784
  0.30435237  0.192745   -1.7376156   0.5179845 ]
[ 0.11030474  0.19586699  0.5741707   0.36749732  2.2839344  -0.07103497
 -0.5462773  -0.20477898 -0.4753023  -1.7627218   0.79842216 -0.66157144
  0.30717593  0.29367083 -1.7893289   0.53760284]
[ 0.10687313  0.17987967  0.59577495  0.33681625  2.2960587  -0.02705601
 -0.5700991  -0.15265585 -0.40500426 -1.7471969   0.73622644 -0.6182035
  0.30999207  0.22458363 -1.794759    0.4850851 ]
[ 0.10261132  0.18847713  0.59794515  0.3693003   2.2933757  -0.04648222
 -0.5668667  -0.1815491  -0.44909495 -1.7698189   0.7570906  -0.6406968
  0.30481628  0.26701945 -1.7882897   0.519615  ]
[ 0.15459919  0.17316131  0.6230087   0.38983607  2.237433   -0.01992452
 -0.55118454 -0.17297526 -0.44223303 -1.7497555   0.72896653 -0.6152528
  0.2736992   0.26819924 -1.8255312   0.4834407 ]
[ 0.11889932  0.18067795  0.65517527  0.356429    2.2047024   0.02937152
 -0.55121756 -0.11677808 -0.35917333 -1.7454262   0.6772877  -0.55917114
  0.29376477  0.20322151 -1.826511    0.39134547]
[ 0.1164618   0.18592569  0.6071993   0.3211835   2.2765975  -0.0605974
 -0.5532867  -0.1526365  -0.4344181  -1.7770183   0.78436893 -0.632659
  0.328883    0.25794852 -1.7769406   0.46369767]
[ 0.13554004  0.18335816  0.6421033   0.2820712   2.2688107  -0.00885938
 -0.56716156 -0.11917044 -0.3997914  -1.7858541   0.69969225 -0.581207
  0.3512548   0.18915626 -1.750942    0.4154245 ]
[ 0.13011807  0.18983535  0.5928751   0.35196966  2.2983115  -0.03760316
 -0.55676556 -0.17796631 -0.44936776 -1.776181    0.76913846 -0.64987814
  0.3365141   0.23872688 -1.7709929   0.46707577]
[ 0.14230657  0.21335089  0.59402496  0.32601196  2.262872   -0.03429988
 -0.5500039  -0.13788828 -0.40730515 -1.7819579   0.7731929  -0.62656164
  0.29165223  0.20961106 -1.7910321   0.4717329 ]
[ 0.12879363  0.21035436  0.6131464   0.2782759   2.2489421  -0.0275566
 -0.55057085 -0.10568805 -0.3703679  -1.776054    0.7473405  -0.5835024
  0.29227477  0.20017686 -1.7704837   0.41919452]
[ 0.13933524  0.14555219  0.6033858   0.33547744  2.2984316  -0.05570052
 -0.5545908  -0.15384921 -0.4477458  -1.743355    0.7496065  -0.6373132
  0.3504723   0.26768336 -1.7864234   0.44319716]
[ 0.13525625  0.12117159  0.64136064  0.38118222  2.2705665   0.02016527
 -0.53105897 -0.1589594  -0.44189852 -1.7342641   0.68147546 -0.6026621
  0.40691718  0.2502145  -1.8224719   0.3330694 ]
[ 0.1470576   0.19191161  0.63737357  0.30401     2.2700067  -0.00644822
 -0.53357965 -0.15217495 -0.45636877 -1.7790493   0.73169154 -0.6187376
  0.37393394  0.21590702 -1.7629769   0.39051747]
[ 0.15545735  0.21883433  0.6488156   0.24803929  2.2256696   0.01219134
 -0.55151784 -0.0836124  -0.38019595 -1.7887027   0.7127633  -0.5648204
  0.33288026  0.15115424 -1.7427295   0.35834104]
[ 0.12845728  0.19107163  0.6430982   0.2533675   2.2547717  -0.03199784
 -0.55513257 -0.09031308 -0.39516243 -1.7887299   0.73892784 -0.60107696
  0.37024528  0.17901376 -1.7204916   0.3766251 ]
[ 0.14133325  0.14206517  0.64220536  0.28765714  2.294373   -0.0660182
 -0.5414475  -0.14784935 -0.47245637 -1.7606128   0.7460753  -0.6687851
  0.37024975  0.23821671 -1.7031975   0.45314345]
[ 0.14274661  0.14853108  0.6751701   0.3194059   2.2423854  -0.030634
 -0.5400781  -0.14941405 -0.47277445 -1.7802258   0.6752019  -0.6314994
  0.39852586  0.22943926 -1.7012224   0.42947668]
[ 1.6043012e-01  1.5727557e-01  6.7308277e-01  3.1444761e-01
  2.2089696e+00 -4.0679573e-04 -5.3127998e-01 -1.4494255e-01
 -4.5128003e-01 -1.7848589e+00  6.8217945e-01 -6.2778860e-01
  3.9156479e-01  2.2079793e-01 -1.7360935e+00  4.2192331e-01]
[ 0.10848329  0.20531225  0.6859242   0.27093562  2.1855278   0.03997498
 -0.55090463 -0.11854745 -0.39891174 -1.8053497   0.6971816  -0.58456516
  0.3631178   0.16486791 -1.7178304   0.40830675]
[ 0.12910153  0.2349246   0.6487689   0.24783102  2.2061067   0.0066318
 -0.55582595 -0.11414039 -0.38949206 -1.7888649   0.71450865 -0.56201077
  0.29681858  0.18682724 -1.7284502   0.42242974]
[ 0.1342208   0.19599923  0.62595546  0.2899681   2.2441645  -0.01197094
 -0.56448126 -0.1391065  -0.41153392 -1.7739273   0.72199285 -0.59592515
  0.34906226  0.17954329 -1.7324631   0.44388613]
[ 0.13477974  0.16750567  0.58043206  0.33636895  2.3060293  -0.05718204
 -0.55914485 -0.20187703 -0.46287018 -1.7387102   0.7848665  -0.6699015
  0.3244456   0.24396077 -1.7423751   0.51077366]
[ 0.12884426  0.19391458  0.58019274  0.29442227  2.2851205  -0.06284443
 -0.5550033  -0.19103718 -0.4532198  -1.7353694   0.7929519  -0.649099
  0.29534394  0.26850492 -1.7615728   0.52637017]
[ 0.0927891   0.15624878  0.64123863  0.30737197  2.2635343   0.0131431
 -0.560824   -0.15959004 -0.4358541  -1.7387768   0.68705165 -0.57936
  0.3841371   0.22392312 -1.7449757   0.40349978]
[ 0.12109841  0.08708061  0.6391206   0.39552015  2.3139176   0.01688337
 -0.5296657  -0.23280673 -0.52700657 -1.6848961   0.6878228  -0.6488998
  0.38550133  0.27586573 -1.7799705   0.43379268]
[ 0.1090451   0.12986696  0.6431457   0.4019714   2.2299073   0.06242318
 -0.5101356  -0.22558828 -0.5350989  -1.6928355   0.65072644 -0.59679
  0.3909      0.24166933 -1.7552096   0.40950423]
[ 0.10641088  0.1048978   0.6817693   0.27974007  2.2158456   0.04547212
 -0.5494064  -0.15259954 -0.50974166 -1.7093184   0.61098117 -0.5828133
  0.44640946  0.15833375 -1.641165    0.45046157]
[ 9.5278919e-02  7.1576104e-02  6.5827781e-01  3.6803275e-01
  2.2164958e+00 -2.3696720e-04 -4.8856872e-01 -1.8009375e-01
 -5.5581856e-01 -1.6653893e+00  5.9952343e-01 -6.1806130e-01
  4.1459227e-01  2.2909105e-01 -1.6916945e+00  5.0373280e-01]
[ 0.11525921  0.08775324  0.6281208   0.3097812   2.2672317  -0.09701455
 -0.49959928 -0.22050217 -0.629426   -1.6678693   0.67937785 -0.70852464
  0.4165253   0.314964   -1.6309576   0.59553415]
[ 1.7544706e-01  4.1075002e-02  6.2129104e-01  4.1857696e-01
  2.1859548e+00  1.2718685e-03 -4.4139928e-01 -2.0349386e-01
 -5.5142927e-01 -1.5799557e+00  5.3983033e-01 -6.0215539e-01
  3.9362437e-01  2.6341575e-01 -1.7671223e+00  4.6116894e-01]
[ 0.13068053  0.15669392  0.57205945  0.38044578  2.2427266  -0.01642756
 -0.50706816 -0.22682123 -0.5125246  -1.671408    0.6634059  -0.6449003
  0.32952064  0.26359576 -1.7497822   0.550135  ]
[ 0.10962199  0.20404926  0.53630245  0.43712434  2.178032   -0.00470034
 -0.44645134 -0.20362218 -0.4677824  -1.6595497   0.64948815 -0.5647687
  0.27584952  0.2985163  -1.8825033   0.4985756 ]
[ 0.07998633  0.1621792   0.5672296   0.3668673   2.2653375   0.02165783
 -0.5415238  -0.1344758  -0.37548882 -1.6878599   0.6632228  -0.5539449
  0.29439506  0.2363008  -1.8532255   0.4447052 ]
[ 0.17100616  0.17839041  0.47193855  0.4669757   2.256038   -0.03920363
 -0.42321578 -0.24398896 -0.46784943 -1.6361465   0.7604781  -0.6131581
  0.20846546  0.38760823 -1.9851431   0.46286973]
[ 0.16476676  0.12826045  0.58500177  0.39860833  2.2663703   0.00890758
 -0.49957043 -0.16679132 -0.42186514 -1.663125    0.68574816 -0.56658053
  0.30656227  0.29142442 -1.9082146   0.340914  ]
[ 0.09250158  0.16440998  0.6631309   0.363699    2.2358298   0.06005294
 -0.5504416  -0.13539144 -0.40328613 -1.7175786   0.6623255  -0.56680745
  0.3561111   0.20469025 -1.8155876   0.33702344]
[ 0.11046268  0.18805972  0.6179675   0.33423686  2.2673492  -0.030054
 -0.53446805 -0.17761908 -0.4780702  -1.758487    0.7641999  -0.63691777
  0.34021783  0.25864    -1.7431301   0.43196663]
[ 0.10465952  0.16851342  0.6766965   0.32577583  2.1879096   0.02413248
 -0.5446028  -0.11613479 -0.43922296 -1.7676704   0.66029394 -0.58444536
  0.38679686  0.21210778 -1.7250656   0.3832701 ]
[ 0.08964261  0.12671068  0.66074437  0.3360176   2.2075639   0.01958445
 -0.566506   -0.15186346 -0.4558271  -1.7730408   0.7126768  -0.6390791
  0.4188524   0.24655683 -1.6922888   0.41309142]
[ 0.11571002  0.1670415   0.6934715   0.33022323  2.1537797   0.06273834
 -0.5421067  -0.18565777 -0.46479207 -1.7539618   0.6725081  -0.59218264
  0.37049717  0.23984273 -1.70217     0.3879684 ]
[ 0.10137341  0.19062991  0.66064215  0.32274514  2.1143353   0.10340059
 -0.540588   -0.15160418 -0.41468197 -1.7279459   0.60745823 -0.52829427
  0.36433262  0.21080145 -1.7312343   0.37242416]
[ 0.14927253  0.20428531  0.62057763  0.2307835   2.1966958   0.00558213
 -0.5900537  -0.14035825 -0.411547   -1.7611386   0.7080761  -0.5802338
  0.33713382  0.15989533 -1.6703123   0.49935037]
[ 0.115467    0.17897108  0.5447599   0.4169138   2.2412918  -0.01625169
 -0.5126578  -0.20719142 -0.45612192 -1.7234682   0.71269166 -0.61328775
  0.3084659   0.25453898 -1.8087088   0.5229088 ]
[ 0.08943528  0.24158564  0.6005053   0.26438174  2.2338722  -0.02411297
 -0.59928256 -0.16115497 -0.41194567 -1.7875106   0.7618385  -0.5889268
  0.29188243  0.23032919 -1.7192663   0.5373928 ]
[ 0.04362606  0.16122669  0.58727646  0.48888487  2.2390826   0.05235339
 -0.5544907  -0.22879636 -0.4460371  -1.7217777   0.70693976 -0.58651286
  0.32618886  0.3221143  -1.8640163   0.42748132]
[ 0.02974036  0.14861736  0.61457175  0.43381873  2.2881446   0.05889773
 -0.5807024  -0.21888968 -0.4652226  -1.7452996   0.70241016 -0.59574425
  0.3894648   0.26916018 -1.7824312   0.40671754]
[ 0.08131544  0.14056268  0.58156526  0.46662036  2.240171    0.0509695
 -0.5408145  -0.16985045 -0.4572544  -1.6794374   0.6468421  -0.56338644
  0.34111065  0.25188854 -1.8663571   0.43005508]
[ 0.06687968  0.10978679  0.59597695  0.34910566  2.2810001   0.00259801
 -0.5822714  -0.09245358 -0.3975293  -1.6873182   0.61538166 -0.5438956
  0.4144978   0.17031825 -1.7543198   0.40669203]
[ 0.16082542  0.09185141  0.5098802   0.4592628   2.2821918  -0.096342
 -0.4161957  -0.21607085 -0.5212096  -1.6092342   0.6992418  -0.6401286
  0.3425634   0.37857613 -1.9144306   0.44345555]
[ 0.10812683  0.1323622   0.6195383   0.36891252  2.2594335  -0.04388113
 -0.4620195  -0.20535679 -0.5045157  -1.6640066   0.70061177 -0.6244565
  0.38094756  0.3236236  -1.8049732   0.36747396]
[ 0.04435353  0.17435394  0.70797807  0.34990346  2.2198048   0.05003988
 -0.5497043  -0.20597172 -0.4798974  -1.7890141   0.6926031  -0.6198064
  0.43642622  0.25101957 -1.6858032   0.35566375]
[ 0.04102677  0.2016813   0.7573198   0.3362463   2.1354256   0.1236167
 -0.5260363  -0.21785983 -0.46697626 -1.819233    0.66812724 -0.60392624
  0.40178576  0.23098609 -1.6787899   0.36864582]
[ 0.02934604  0.2567448   0.7861922   0.26728696  2.061898    0.15950492
 -0.53846693 -0.18059723 -0.42037934 -1.8337256   0.64757276 -0.5321201
  0.3593251   0.18393275 -1.6410873   0.3466757 ]
[ 0.04245093  0.21323764  0.74121565  0.26211303  2.0976195   0.12474086
 -0.5602366  -0.18718508 -0.4175263  -1.8064606   0.65594476 -0.5580989
  0.3466731   0.16279052 -1.6156263   0.4540313 ]
[ 0.02348518  0.17693375  0.70788676  0.31706923  2.1585903   0.10389632
 -0.5391374  -0.27596876 -0.5129016  -1.7652905   0.6522113  -0.6112826
  0.42004108  0.19221869 -1.5850418   0.49498338]
[ 0.02262697  0.16142532  0.6122001   0.41556588  2.2099938   0.03112096
 -0.53973997 -0.31354347 -0.5828954  -1.724479    0.70475924 -0.6539381
  0.36890236  0.2891379  -1.6658808   0.6262801 ]
[-0.01343552  0.15549326  0.6091353   0.39073375  2.22784     0.07599426
 -0.5807723  -0.27194348 -0.53169745 -1.7153171   0.6261536  -0.6027709
  0.36479786  0.22466883 -1.6280527   0.63273823]
[ 0.11583815  0.16281624  0.49316922  0.46998328  2.21163    -0.02363988
 -0.4781623  -0.3388649  -0.6065149  -1.6219736   0.70923805 -0.6651443
  0.21029031  0.38812676 -1.8009713   0.7403879 ]
[ 0.12149729  0.0882213   0.5368973   0.6004508   2.1680865   0.08242845
 -0.44999823 -0.2910811  -0.5438536  -1.4951457   0.5510999  -0.57271945
  0.17294979  0.40671462 -1.9600166   0.5433471 ]
[ 0.23331186  0.04543152  0.4853952   0.55988455  2.2291782  -0.00446263
 -0.39701775 -0.31021106 -0.57826793 -1.4844843   0.6009844  -0.64960605
  0.22951321  0.41008696 -1.9488003   0.53773415]
[ 0.22783005  0.03669085  0.5019746   0.55487835  2.246751    0.03691728
 -0.45660192 -0.25427994 -0.545036   -1.4569862   0.5529025  -0.60126305
  0.26182884  0.38663647 -1.9836655   0.44705635]
[ 0.24046473  0.00739952  0.53560466  0.5177935   2.2599838   0.0667844
 -0.4356049  -0.19278803 -0.54077274 -1.4023737   0.4778173  -0.5471993
  0.31651273  0.36534715 -2.039536    0.32141384]
[ 0.30792212  0.00808766  0.48271817  0.42639503  2.3407798  -0.07762418
 -0.42555553 -0.18362166 -0.59981525 -1.4709194   0.63676727 -0.6264882
  0.3102883   0.36965853 -1.9897457   0.44454306]
[ 0.1872678   0.02408012  0.5658743   0.4664572   2.2568817   0.02497595
 -0.49003524 -0.13934962 -0.58192337 -1.495753    0.58191913 -0.5563993
  0.38164607  0.31129953 -1.903812    0.31591806]
[ 0.25094086 -0.09083548  0.5850662   0.3883791   2.3243906  -0.07888238
 -0.4973995  -0.13509364 -0.6249298  -1.5208695   0.61346084 -0.6633354
  0.502601    0.26610583 -1.7331864   0.36375508]
[ 0.2960244  -0.15055105  0.66987354  0.34553653  2.248561   -0.10980393
 -0.40416366 -0.13470474 -0.6769676  -1.5290562   0.5246806  -0.6870605
  0.5735961   0.2835438  -1.6526734   0.35331142]
[ 0.26918316 -0.0256326   0.7607867   0.13834079  2.2132697  -0.08954939
 -0.5166763  -0.14899516 -0.6681944  -1.6757253   0.5816662  -0.7412017
  0.574448    0.20800312 -1.4146019   0.49235454]
[ 0.26223674  0.03279638  0.71049774  0.08205203  2.1736774  -0.04442286
 -0.5233127  -0.13514106 -0.5753611  -1.6777405   0.58447486 -0.6899316
  0.5511638   0.15403064 -1.4188159   0.47192365]
[ 0.20642169  0.11539753  0.64872634  0.19412857  2.204214   -0.00984741
 -0.5036445  -0.17744808 -0.5402058  -1.6981995   0.6267178  -0.6624627
  0.4806562   0.17990771 -1.5244713   0.41736192]
[ 1.97641671e-01  1.18663944e-01  6.03289604e-01  2.06874460e-01
  2.27993202e+00  1.78929861e-03 -5.65467358e-01 -9.08926353e-02
 -4.69376862e-01 -1.65309215e+00  5.92174172e-01 -5.82152963e-01
  4.16624546e-01  1.31977871e-01 -1.62134957e+00  3.90004069e-01]
[ 0.19325896  0.06612483  0.6106825   0.25212437  2.3268065   0.01080324
 -0.58760464 -0.07672961 -0.47081375 -1.6200241   0.59644306 -0.57110155
  0.42986926  0.16556263 -1.7165921   0.34385207]
[ 0.2628419   0.0070853   0.5617565   0.43989816  2.3034036  -0.01811784
 -0.4565932  -0.1551928  -0.5521294  -1.5290908   0.6019557  -0.6119338
  0.35793987  0.29766634 -1.9265099   0.36777   ]
[ 2.3476449e-01  3.5437427e-02  6.2481213e-01  3.9477223e-01
  2.2225873e+00  1.7089158e-03 -4.5375958e-01 -1.1719964e-01
 -5.6957328e-01 -1.5364783e+00  5.5923796e-01 -5.5801833e-01
  4.0294820e-01  2.9635614e-01 -1.8846182e+00  2.9552478e-01]
[ 0.26438078 -0.01520762  0.6338371   0.26700187  2.2825265  -0.11162971
 -0.5126157  -0.10768749 -0.59541214 -1.6352507   0.65238774 -0.6779641
  0.5099169   0.23167768 -1.679911    0.4471293 ]
[ 0.23098075 -0.04254509  0.70587754  0.30950278  2.2044024  -0.0736921
 -0.44406304 -0.14299169 -0.60831326 -1.6613382   0.6019858  -0.68164825
  0.565916    0.25491887 -1.6548498   0.38643998]
[ 0.15552223  0.07135577  0.793061    0.16863649  2.1733937  -0.06609327
 -0.54784954 -0.16640815 -0.63185287 -1.803189    0.6560903  -0.722082
  0.5360316   0.19892421 -1.4157324   0.5589941 ]
[ 0.10896502  0.14610007  0.7354356   0.13813925  2.1135821  -0.01601863
 -0.5809902  -0.15258119 -0.5348815  -1.847215    0.6594545  -0.6620444
  0.50063574  0.1480002  -1.3822612   0.5874637 ]
[ 0.09284751  0.18469854  0.64348125  0.27284265  2.1748047  -0.0589649
 -0.54689777 -0.24315998 -0.54460645 -1.7985512   0.72561544 -0.70669925
  0.38179532  0.23832326 -1.5131642   0.6623647 ]
[ 0.08097701  0.22411326  0.58420444  0.31265217  2.2107582  -0.03879033
 -0.5619536  -0.21998954 -0.47687903 -1.741565    0.7506105  -0.6724411
  0.2651431   0.2637033  -1.6663055   0.64961326]
[ 0.02876536  0.2049146   0.58098155  0.32167673  2.2577841   0.03255861
 -0.6209372  -0.15579855 -0.38146654 -1.7029632   0.6776859  -0.5567878
  0.29442722  0.23185773 -1.7195044   0.46503645]
[ 0.09915011  0.17648348  0.5390547   0.54748166  2.2280774   0.06884255
 -0.51085186 -0.2707513  -0.47399125 -1.624541    0.65362144 -0.59371555
  0.2432982   0.3962305  -1.974786    0.45225373]
[ 0.03861304  0.20356199  0.5980822   0.5106889   2.1960957   0.1317445
 -0.57173955 -0.22703668 -0.45534414 -1.6566391   0.6380945  -0.5284206
  0.27786428  0.3539618  -1.9372351   0.3806181 ]
[ 0.11976268  0.16983095  0.5629172   0.45352978  2.2360203   0.02672976
 -0.5424882  -0.20430994 -0.46412572 -1.6889389   0.7564331  -0.5926399
  0.24525216  0.3237811  -1.9118197   0.46359682]
[ 0.06591942  0.09894603  0.6981864   0.36266294  2.2305882   0.0803512
 -0.6148615  -0.12328987 -0.42178637 -1.6582842   0.63567346 -0.548319
  0.3022799   0.2312158  -1.7809759   0.39304885]
[ 1.4276078e-01  1.2078321e-02  6.6394377e-01  4.1270727e-01
  2.2404981e+00 -6.4664183e-04 -5.3897780e-01 -2.3671333e-01
 -6.0359097e-01 -1.6291866e+00  6.3488686e-01 -6.4939564e-01
  4.4338566e-01  3.0898446e-01 -1.7126236e+00  4.6571293e-01]
[ 0.13984954  0.04144593  0.6556123   0.34234887  2.1873965   0.02407967
 -0.5051934  -0.241003   -0.6022905  -1.6742805   0.6023262  -0.6672355
  0.50710446  0.25637007 -1.6041479   0.49464574]
[ 0.11894174  0.12374043  0.6239697   0.23729631  2.2517402  -0.0447894
 -0.50211155 -0.27272746 -0.6192452  -1.705582    0.69836843 -0.7182682
  0.47810784  0.28343722 -1.5229969   0.5304391 ]
[ 0.12541744  0.14552262  0.59208393  0.26292706  2.2805476  -0.01829172
 -0.53384715 -0.21431008 -0.5734327  -1.6459471   0.66676193 -0.652463
  0.40399116  0.24541423 -1.6341422   0.5093771 ]
[ 0.08934765  0.08175782  0.6160041   0.2627171   2.305769    0.08984973
 -0.6113864  -0.14052033 -0.4930892  -1.6155571   0.56675756 -0.5598286
  0.46182758  0.15898898 -1.6249107   0.3671321 ]
[ 0.15145883  0.04935222  0.5403794   0.5320943   2.239245    0.07096036
 -0.4234662  -0.27070212 -0.6320349  -1.4809946   0.562085   -0.6153529
  0.39070502  0.38913232 -1.8882933   0.337421  ]
[ 0.21376438 -0.03227013  0.58230805  0.49769282  2.2195294   0.07409695
 -0.38627896 -0.19315886 -0.61551124 -1.3817459   0.44550738 -0.56482446
  0.4150331   0.35816726 -1.9414663   0.25764003]
[ 0.34001297 -0.06413063  0.59707683  0.38250285  2.253715   -0.05189469
 -0.37030786 -0.20012334 -0.689211   -1.4443976   0.5488398  -0.6516398
  0.45019522  0.3443461  -1.8247707   0.3296563 ]
[ 0.34688106 -0.12571037  0.6939887   0.33667636  2.1555648   0.00752146
 -0.40074182 -0.14516705 -0.62555563 -1.4420636   0.46011978 -0.6106366
  0.49010593  0.25812542 -1.731253    0.2797398 ]
[ 0.24937673 -0.04868132  0.7947446   0.216713    2.1037633   0.07166501
 -0.5032391  -0.09789937 -0.57356465 -1.5665855   0.43707156 -0.5859727
  0.54130554  0.15694673 -1.5325518   0.28689373]
[ 0.32199872 -0.00441226  0.6934614   0.10244699  2.154259   -0.12076449
 -0.43926698 -0.10838078 -0.6016215  -1.6429049   0.5929244  -0.7007818
  0.4759572   0.20497534 -1.5145981   0.545376  ]
[ 0.23139516  0.01239258  0.72436655  0.1290143   2.1794007  -0.0131404
 -0.51226723 -0.14290337 -0.5739092  -1.6622576   0.5077743  -0.6463598
  0.5279705   0.09747569 -1.4176117   0.5189856 ]
[ 0.21549058  0.00640854  0.6064892   0.26891133  2.27402    -0.07643595
 -0.507177   -0.19475284 -0.60487026 -1.6058718   0.60420966 -0.6954788
  0.45699722  0.1978493  -1.5885028   0.6041477 ]
[ 0.19478932  0.04820932  0.5846658   0.21781704  2.2793202  -0.04851991
 -0.55115014 -0.15473095 -0.54584974 -1.6133686   0.580436   -0.6196293
  0.43882713  0.14517483 -1.579385    0.58562505]
[ 0.22977667  0.05214388  0.47614413  0.41654736  2.3039565  -0.11612523
 -0.43584767 -0.25751385 -0.6462462  -1.5366905   0.6484866  -0.67918473
  0.34574348  0.35553288 -1.8142284   0.6194524 ]
[ 0.16190846  0.04008385  0.51953906  0.4627071   2.2926667  -0.02885319
 -0.46482652 -0.19981596 -0.5935036  -1.5259571   0.5765481  -0.60874754
  0.35510188  0.30623436 -1.8397774   0.50451154]
[ 0.21777281  0.01309989  0.5065859   0.4584641   2.3353634  -0.06939881
 -0.45393762 -0.24206898 -0.62183154 -1.5199229   0.6489891  -0.6888811
  0.34489614  0.33497235 -1.8534244   0.54720896]
[ 0.34964448 -0.0520793   0.46408302  0.50038564  2.2616417  -0.10296937
 -0.3161229  -0.20936832 -0.5948942  -1.3969696   0.54406023 -0.62270963
  0.3069689   0.34664088 -2.000196    0.47711354]
[ 0.31737018  0.0172532   0.47824112  0.43978134  2.2595437  -0.12365945
 -0.3266245  -0.2102991  -0.5977882  -1.4703104   0.62567556 -0.6461532
  0.330478    0.33966917 -1.9530916   0.47495604]
[ 0.28999844  0.10499625  0.5062758   0.26349875  2.2954564  -0.1677762
 -0.42809963 -0.18730614 -0.59749776 -1.5974728   0.7575076  -0.6745269
  0.32531103  0.29927    -1.794954    0.563687  ]
[ 0.22594991  0.04876479  0.61455166  0.34075862  2.2689426  -0.07576623
 -0.43722978 -0.20662257 -0.6131665  -1.6066484   0.6543051  -0.65619737
  0.43124193  0.24841185 -1.7560316   0.47341698]
[ 0.18563032  0.08554927  0.65942186  0.30001655  2.2358203  -0.04274564
 -0.5024239  -0.19014311 -0.59749395 -1.6904427   0.6700914  -0.6610797
  0.41766825  0.20857187 -1.6720177   0.5510272 ]
[ 0.18659115  0.06996746  0.64984643  0.35342497  2.21261    -0.02894985
 -0.44625133 -0.21066606 -0.57763875 -1.664294    0.6616815  -0.65004814
  0.39009234  0.24712415 -1.7292087   0.49071303]
[ 0.16906983  0.11220939  0.6088432   0.28524965  2.2643857  -0.05630735
 -0.49877352 -0.22518083 -0.5707499  -1.6929235   0.7413194  -0.6984376
  0.3595831   0.23877573 -1.6478847   0.56972915]
[ 0.18110394  0.10728107  0.56662554  0.28783423  2.2904568  -0.05474619
 -0.5037447  -0.2448504  -0.565692   -1.6441759   0.71348894 -0.70556927
  0.36181635  0.24950404 -1.6833909   0.60509527]
[ 0.14902577  0.14715941  0.54143566  0.33477464  2.2914891  -0.03624437
 -0.516564   -0.28588837 -0.60100555 -1.6535698   0.6923153  -0.6911566
  0.38743868  0.27117962 -1.6806694   0.6133092 ]
[ 0.12073705  0.13850737  0.51730067  0.4116939   2.295412   -0.0093766
 -0.53699505 -0.27233356 -0.6017693  -1.6240126   0.68369645 -0.66644955
  0.35032865  0.3115911  -1.7551371   0.59867793]
[ 0.10590615  0.09785469  0.54904234  0.4668538   2.2682273   0.03351695
 -0.5284159  -0.20938821 -0.5389705  -1.6000807   0.62177885 -0.5986146
  0.34128556  0.3101471  -1.8139479   0.45094466]
[ 0.1981502   0.0534527   0.54283714  0.4905921   2.2757611  -0.01742548
 -0.49195004 -0.20809221 -0.5424285  -1.575227    0.6435095  -0.6175388
  0.28593746  0.34458748 -1.8892069   0.46194467]
[ 0.14874187  0.01888965  0.6535956   0.45884138  2.2365768   0.06289709
 -0.5151091  -0.16236094 -0.51542395 -1.5522285   0.5240774  -0.5648216
  0.38653022  0.29814085 -1.846878    0.31870577]
[ 0.21722662  0.02606381  0.6044814   0.42426294  2.2780507  -0.00547229
 -0.4789661  -0.19534396 -0.5638801  -1.6063862   0.60709274 -0.6440007
  0.45413813  0.26474568 -1.7935607   0.36334932]
[ 0.19554037  0.09455319  0.61699975  0.22692469  2.2896316  -0.06739514
 -0.5112531  -0.1104909  -0.5107793  -1.6709559   0.6326888  -0.6202106
  0.47478318  0.14729299 -1.6762995   0.44482446]
[ 0.20503788  0.1091573   0.58805895  0.22045894  2.3015208  -0.17283182
 -0.47416848 -0.15342383 -0.573584   -1.6543163   0.73623216 -0.6963239
  0.38079512  0.2770706  -1.7272174   0.5928001 ]
[ 0.17931446  0.08314243  0.62107503  0.3451119   2.2322278  -0.05895349
 -0.42671752 -0.20961413 -0.56111443 -1.6611506   0.6778995  -0.64634395
  0.39510646  0.27353248 -1.7655995   0.47678298]
[ 0.15708622  0.10468161  0.6787052   0.29003748  2.22165    -0.01180649
 -0.5004717  -0.20045865 -0.558043   -1.716548    0.6736722  -0.664904
  0.3894723   0.228617   -1.6311849   0.4961709 ]
[ 0.17115587  0.11259776  0.657857    0.27325758  2.204087   -0.00280077
 -0.4853093  -0.21160316 -0.5569158  -1.7050087   0.66473734 -0.66991293
  0.37917757  0.2270278  -1.634553    0.5346233 ]
[ 0.15346727  0.13913281  0.6472305   0.28846097  2.2074645   0.02624909
 -0.48705983 -0.239548   -0.54174733 -1.7017353   0.6153244  -0.64519465
  0.4175048   0.19028491 -1.6177423   0.5074759 ]
[ 0.14564374  0.16419254  0.55277854  0.3415068   2.2604594  -0.05349047
 -0.4923412  -0.2578981  -0.5646287  -1.6647608   0.68877906 -0.69644785
  0.35016385  0.28493553 -1.7226431   0.62700564]
[ 0.11094743  0.12786624  0.5665235   0.35917896  2.27926     0.02873695
 -0.5254663  -0.21580441 -0.5363792  -1.6271222   0.58578765 -0.60774416
  0.41128722  0.22990103 -1.7387466   0.5116428 ]
[ 0.21992473  0.08540229  0.48770562  0.431286    2.281225   -0.07804154
 -0.44567695 -0.26270068 -0.62156045 -1.542077    0.6770407  -0.6681094
  0.28700742  0.39201108 -1.9016889   0.61877835]
[ 0.14490734  0.0654195   0.5703966   0.5086767   2.2072692   0.04115739
 -0.46213707 -0.2354596  -0.57933074 -1.5091599   0.6006261  -0.57763135
  0.28698367  0.37198618 -1.9304072   0.4503479 ]
[ 0.21909885  0.10473602  0.5166789   0.436899    2.2080836  -0.08994468
 -0.39801925 -0.2666703  -0.61180323 -1.6013874   0.7463521  -0.6505338
  0.27567345  0.38132724 -1.8676351   0.553951  ]
[ 0.12127547  0.06155277  0.67133635  0.39551857  2.236899   -0.02364404
 -0.44612163 -0.249615   -0.62995565 -1.6596504   0.6572162  -0.6840499
  0.41642648  0.30784705 -1.7058815   0.48593408]
[ 0.14764719  0.09151362  0.6511285   0.25554064  2.2943509  -0.09022081
 -0.5239727  -0.24073434 -0.6221365  -1.6973534   0.7288174  -0.75640225
  0.4040497   0.27056986 -1.5769733   0.62546813]
[ 0.17719813  0.08511204  0.57606196  0.3470506   2.2788978  -0.02865181
 -0.5033665  -0.25789163 -0.5944284  -1.6208092   0.66261727 -0.69834006
  0.38849622  0.25482047 -1.6712749   0.5649319 ]
[ 0.17120391  0.15049565  0.5391096   0.34027207  2.2692254  -0.03915989
 -0.50396097 -0.25216502 -0.562153   -1.6418766   0.6718144  -0.662624
  0.3764388   0.2548507  -1.7081957   0.5581501 ]
[ 0.13536733  0.14116865  0.54741114  0.39865354  2.275001   -0.01512761
 -0.5246045  -0.20524344 -0.5195173  -1.6281302   0.64995253 -0.61465436
  0.30478263  0.2888837  -1.8023163   0.52775276]
[ 0.09150387  0.10683405  0.5678333   0.4384335   2.2972548   0.02023542
 -0.5428896  -0.18634433 -0.4859708  -1.6434914   0.6572337  -0.58783084
  0.3505885   0.29948765 -1.8412327   0.41214854]
[ 0.19722691  0.07752268  0.5882917   0.44289094  2.2882686   0.00554901
 -0.5056824  -0.2097424  -0.51684034 -1.6284153   0.6866292  -0.62664765
  0.30436838  0.30349368 -1.8836963   0.42941317]
[ 0.17431208  0.08634193  0.64661896  0.3846724   2.2374768   0.02419479
 -0.51745695 -0.17277716 -0.49208203 -1.6432467   0.63230085 -0.58995306
  0.35908848  0.24036732 -1.8006179   0.38270238]
[ 0.17003277  0.10960568  0.6230573   0.35198513  2.2460752  -0.05053222
 -0.49701196 -0.19111697 -0.55097187 -1.7113514   0.6901754  -0.65226746
  0.40889916  0.24109511 -1.7135417   0.4817761 ]
[ 0.14073375  0.10031154  0.6733217   0.24644141  2.2470772  -0.0635213
 -0.53863657 -0.1400709  -0.5003188  -1.7581974   0.65933794 -0.65632516
  0.44583496  0.16487744 -1.605531    0.54331505]
[ 0.12780257  0.11959877  0.64327395  0.24828808  2.2619715  -0.14431426
 -0.5551311  -0.20107958 -0.56856704 -1.7317612   0.7578934  -0.72723734
  0.37173375  0.27262193 -1.6221135   0.7101408 ]
[ 0.13372879  0.09014187  0.6362969   0.3557495   2.2066257  -0.04886539
 -0.5290478  -0.22404805 -0.54407513 -1.6909536   0.67505836 -0.65583766
  0.3379634   0.25458843 -1.708663    0.6727751 ]
[ 0.09624902  0.13119653  0.61730874  0.42607874  2.159215   -0.01948845
 -0.4582983  -0.28634888 -0.5713344  -1.6951644   0.66802955 -0.6391672
  0.36342078  0.3094055  -1.7420292   0.6007829 ]
[ 0.03430445  0.17964208  0.56799394  0.41204014  2.22359    -0.02618422
 -0.5358816  -0.29875767 -0.5553099  -1.7318214   0.7596642  -0.67804855
  0.30701947  0.3016259  -1.6897434   0.69356376]
[ 0.05741915  0.17521814  0.5780803   0.37865677  2.2260814   0.01640512
 -0.5429449  -0.24114382 -0.48485747 -1.6822889   0.6522517  -0.61727107
  0.26639065  0.24091017 -1.7093807   0.65065527]
[ 0.10670674  0.20024562  0.48980546  0.48611918  2.1996055  -0.04341664
 -0.46713525 -0.337401   -0.579361   -1.6263962   0.7190212  -0.6838485
  0.19654414  0.42037868 -1.8505433   0.7361106 ]
[ 0.11937813  0.14904681  0.4768277   0.6129037   2.1429915   0.04803818
 -0.44113618 -0.2793146  -0.503062   -1.5322192   0.5759741  -0.57240325
  0.14250596  0.4153269  -2.0119004   0.6193369 ]
[ 0.16179681  0.12947103  0.45237058  0.56015205  2.216163   -0.03601963
 -0.4442323  -0.28443852 -0.5243032  -1.5894465   0.6626121  -0.64470977
  0.19236597  0.41412959 -1.9578903   0.6549775 ]
[ 0.22459182  0.1154191   0.45993003  0.5808264   2.168948   -0.02614544
 -0.39792243 -0.22421703 -0.4580432  -1.5237223   0.6142256  -0.5765022
  0.11797116  0.43862024 -2.114045    0.55850923]
[ 0.15689556  0.11367466  0.5751065   0.49673     2.214614    0.03389292
 -0.4929266  -0.18273093 -0.44126493 -1.5705676   0.61240673 -0.5523802
  0.20736423  0.34500116 -2.0216842   0.4598542 ]
[ 0.15261051  0.14634739  0.5040797   0.45224506  2.2909024  -0.04957517
 -0.51162946 -0.23564723 -0.49796352 -1.6476107   0.76171297 -0.6375321
  0.24933088  0.3462679  -1.9175888   0.5514114 ]
[ 0.10343604  0.1774859   0.53908414  0.3569632   2.2746038  -0.05492067
 -0.5569668  -0.16135828 -0.44447154 -1.694079    0.72953427 -0.5907771
  0.32828483  0.25172582 -1.8428345   0.5421268 ]
[ 0.20107639  0.1687155   0.48891202  0.3254605   2.286396   -0.19298978
 -0.4766817  -0.21618548 -0.5329762  -1.7053773   0.8345829  -0.7067579
  0.2784874   0.3438304  -1.8321354   0.69809425]
[ 0.12824933  0.19054541  0.5906342   0.31428558  2.2491782  -0.12185321
 -0.53326064 -0.2379239  -0.5354513  -1.7494472   0.84859866 -0.7232846
  0.26738182  0.3530577  -1.7386831   0.6588038 ]
[ 0.13341995  0.12512316  0.6395137   0.40253615  2.1976974  -0.01008213
 -0.5198985  -0.19129431 -0.4619727  -1.7019632   0.69014865 -0.61948127
  0.28759378  0.27729872 -1.7748234   0.4815806 ]
[ 0.1777089   0.1322315   0.64968204  0.32783064  2.2147224   0.00378518
 -0.5247037  -0.1941799  -0.44361258 -1.7052352   0.6743115  -0.651662
  0.29425058  0.22549498 -1.7229235   0.49960965]
[ 0.172085    0.19537565  0.60950434  0.33624223  2.2230935   0.0309247
 -0.50204414 -0.23209772 -0.44348964 -1.7044439   0.69501466 -0.62993425
  0.30554116  0.25183126 -1.7718827   0.42002398]
[ 0.15666297  0.21188875  0.58376086  0.31071413  2.2293441   0.07568463
 -0.55070895 -0.15668564 -0.39417624 -1.6858629   0.6356617  -0.551833
  0.29524451  0.17489143 -1.7976024   0.41955954]
[ 0.12877673  0.15095098  0.5905043   0.34827173  2.2861888   0.05713119
 -0.616559   -0.14582783 -0.43960914 -1.6762493   0.6410863  -0.5498409
  0.3644291   0.19002506 -1.7894405   0.4150619 ]
[ 0.19294077  0.08592439  0.54675394  0.46803308  2.2711987  -0.02125989
 -0.5305587  -0.18789917 -0.53968394 -1.6172888   0.70009005 -0.6203378
  0.304251    0.307713   -1.8993454   0.49401313]
[ 0.21246962  0.00225859  0.62733036  0.45154715  2.2220745  -0.00570504
 -0.4960041  -0.14379318 -0.54142725 -1.5415251   0.5935886  -0.5848038
  0.29738265  0.31004125 -1.8850133   0.43339166]
[ 0.2822473  -0.06021916  0.6328494   0.38839167  2.266959   -0.0794687
 -0.5008569  -0.17690513 -0.62397885 -1.6000332   0.6197979  -0.6973205
  0.41097403  0.27340597 -1.6907074   0.51045245]
[ 0.31454858  0.00760308  0.621859    0.26240882  2.202945   -0.10042383
 -0.47974434 -0.1539429  -0.57752174 -1.6604589   0.6382024  -0.7199349
  0.4493195   0.2080504  -1.6205885   0.5666234 ]
[ 0.26934314  0.08002581  0.6143807   0.1465787   2.2787147  -0.15758045
 -0.52119577 -0.17520584 -0.561353   -1.6965487   0.7258934  -0.76133263
  0.43488652  0.2083917  -1.5318414   0.6088587 ]
[ 0.25003946  0.09225485  0.58855754  0.20618527  2.3403409  -0.1408077
 -0.53398055 -0.18469849 -0.54400915 -1.6560793   0.7140655  -0.7318384
  0.4029459   0.21826275 -1.6332169   0.57284844]
[ 0.22462197  0.08486255  0.55097896  0.20118132  2.397346   -0.07205068
 -0.6007974  -0.10767996 -0.4852833  -1.6368481   0.6940962  -0.6402197
  0.40844005  0.19597617 -1.7103544   0.45205507]
[ 0.24382105  0.07609844  0.52152574  0.36901715  2.3819938  -0.07005443
 -0.5362235  -0.19897279 -0.5842791  -1.5864999   0.7523481  -0.6834875
  0.32317454  0.3116498  -1.8587548   0.49373507]
[ 0.21942535  0.01643208  0.5700149   0.42747816  2.3060837  -0.01371121
 -0.49400172 -0.16141218 -0.5932358  -1.515265    0.62422365 -0.6045396
  0.38109758  0.30052477 -1.8779627   0.36528304]
[ 0.28677467 -0.05216071  0.5620386   0.36960775  2.336381   -0.12836573
 -0.4709515  -0.17178515 -0.66724616 -1.5553197   0.69512206 -0.70526147
  0.46440163  0.29184872 -1.7173297   0.4141148 ]
[ 0.25303233 -0.06227972  0.68278706  0.2292176   2.259337   -0.08963208
 -0.50460327 -0.15530518 -0.7062756  -1.6276106   0.6464397  -0.745541
  0.6122805   0.22199592 -1.5018113   0.4412648 ]
[ 0.2590641  -0.01230077  0.7206025   0.09128928  2.234482   -0.14413226
 -0.52306384 -0.18499109 -0.74391615 -1.6795971   0.6621312  -0.79689974
  0.6080229   0.22806326 -1.3455445   0.5872178 ]
[ 0.22953343  0.02246703  0.7142254   0.09767775  2.1553178  -0.08449121
 -0.5109409  -0.17968532 -0.68558043 -1.7056471   0.63492286 -0.7557521
  0.57361585  0.20192535 -1.3719221   0.62618244]
[ 0.23000637  0.09728548  0.6478099   0.1443002   2.1649578  -0.06556637
 -0.48404256 -0.18822274 -0.58016545 -1.7017481   0.64029056 -0.68996924
  0.4524623   0.16464943 -1.4620425   0.5925766 ]
[ 0.22425063  0.12801282  0.56732845  0.23332696  2.2464986  -0.11960702
 -0.46421963 -0.22236797 -0.5730489  -1.6376854   0.73080456 -0.7159963
  0.3210355   0.27929395 -1.6750069   0.63982666]
[ 0.17975211  0.13952127  0.5831563   0.25592503  2.2829165   0.00585113
 -0.5467802  -0.19928423 -0.49729818 -1.6193581   0.66142744 -0.61564654
  0.3273787   0.17124137 -1.665026    0.49521342]
[ 2.6811403e-01  6.6675946e-02  5.1073086e-01  4.6364164e-01
  2.2923756e+00  1.3385639e-03 -4.4143257e-01 -2.9630813e-01
 -6.2382305e-01 -1.4956961e+00  6.3540220e-01 -6.5868747e-01
  3.0094454e-01  3.5403857e-01 -1.8735050e+00  4.5238718e-01]
[ 0.24473938  0.04928674  0.5696734   0.4501143   2.2680788   0.06534488
 -0.44234842 -0.21323523 -0.57774305 -1.4719931   0.5543577  -0.5979838
  0.33919212  0.3303948  -1.9243933   0.30714464]
[ 0.30938414  0.04846192  0.531402    0.33306456  2.3605552  -0.08041155
 -0.47495288 -0.1778887  -0.5805639  -1.5418777   0.69732314 -0.66250443
  0.31269962  0.2921047  -1.8648037   0.45219955]
[ 0.2886509  -0.01633948  0.6165236   0.42349997  2.26064     0.0343953
 -0.46625027 -0.1389845  -0.5883619  -1.4758848   0.52963746 -0.5668415
  0.38325018  0.29010406 -1.8882319   0.2618151 ]
[ 0.33517492 -0.11018844  0.60770416  0.31751382  2.328302   -0.09540891
 -0.488201   -0.13572499 -0.6545143  -1.5305499   0.5947949  -0.6931714
  0.5554242   0.22944629 -1.6872618   0.37763482]
[ 0.3044244  -0.09964719  0.67886245  0.24960434  2.2638936  -0.07561035
 -0.5106142  -0.10355885 -0.66416425 -1.6000986   0.5627943  -0.7132166
  0.6293691   0.15994492 -1.5411423   0.41205254]
[ 0.3093695  -0.01701938  0.72235996  0.04275341  2.255563   -0.1923649
 -0.52221024 -0.0857905  -0.686169   -1.6787102   0.64963853 -0.7456945
  0.5866275   0.1778169  -1.4039251   0.5461605 ]
[ 0.24476095 -0.02550545  0.75699544  0.0682015   2.20952    -0.10190108
 -0.56425726 -0.08478014 -0.6103505  -1.6905476   0.5971428  -0.7172989
  0.5957947   0.1353209  -1.3661778   0.51077557]
[ 0.17866412  0.047852    0.67473394  0.16600378  2.2667966  -0.12745537
 -0.52640283 -0.1969448  -0.62520576 -1.7171825   0.69607717 -0.7741733
  0.4925521   0.20137885 -1.4501995   0.65636456]
[ 0.14444785  0.10345407  0.6544166   0.22030231  2.2569478  -0.1234596
 -0.5076487  -0.24343336 -0.63337016 -1.7282864   0.71192354 -0.744349
  0.4570199   0.22870359 -1.5265019   0.69388944]
[ 0.13764837  0.11392202  0.60983604  0.25215378  2.252348   -0.04225207
 -0.5480784  -0.20926766 -0.55146396 -1.6818383   0.6722516  -0.66141343
  0.37389165  0.19351919 -1.5984854   0.6503753 ]
[ 0.19057961  0.132206    0.5088393   0.38659093  2.2576275  -0.0529646
 -0.44375396 -0.32191533 -0.62931836 -1.6029952   0.7182756  -0.7212274
  0.30064455  0.35053095 -1.7452762   0.63513947]
[ 0.2671786   0.10647027  0.49493828  0.4598379   2.2359786  -0.01735044
 -0.39704186 -0.29680434 -0.58812153 -1.5083692   0.6406079  -0.6470555
  0.2405509   0.3451632  -1.8824918   0.5050769 ]
[ 0.20669241  0.05498861  0.5909886   0.40258065  2.2850327   0.05523307
 -0.47237372 -0.243486   -0.59135866 -1.4738203   0.5657111  -0.60696596
  0.32355064  0.30013627 -1.825491    0.38246563]
[ 0.23979111  0.06817196  0.51286083  0.4527774   2.2913718   0.02703071
 -0.41567582 -0.28400534 -0.62302196 -1.4866297   0.62988484 -0.6468423
  0.33726665  0.32652256 -1.8788693   0.40346488]
[ 0.29157242  0.0089389   0.54223025  0.41478887  2.2714047   0.03860946
 -0.3684148  -0.2272332  -0.6443289  -1.3885252   0.5376306  -0.6081196
  0.3703169   0.3335441  -1.9358704   0.31375957]
[ 0.3226114  -0.02873569  0.53434926  0.2922065   2.3531919  -0.09766789
 -0.41267014 -0.2249304  -0.7202574  -1.4713697   0.6757809  -0.7239854
  0.4513177   0.28643918 -1.7428297   0.46073794]
[ 0.32561144 -0.06290862  0.5830268   0.2912049   2.2963977  -0.05899761
 -0.3826659  -0.1971755  -0.7448042  -1.4751692   0.62401694 -0.6871532
  0.52332246  0.2876287  -1.679035    0.3058496 ]
[ 0.2841959  -0.13688126  0.66965294  0.19771504  2.2886329  -0.02849028
 -0.45929566 -0.11139204 -0.7546851  -1.4691541   0.4959437  -0.69116306
  0.6692232   0.16796964 -1.4849863   0.31350952]
[ 0.2991992  -0.09924714  0.6627546   0.01869932  2.3012943  -0.20046692
 -0.47740954 -0.08849844 -0.7363184  -1.5305876   0.58115625 -0.80444527
  0.66752094  0.2165204  -1.4064281   0.5557247 ]
[ 0.31111437 -0.06273656  0.605183    0.10239203  2.2339528  -0.17303441
 -0.40113363 -0.15024748 -0.77634746 -1.5309874   0.57709354 -0.73709935
  0.64422846  0.24991545 -1.4408188   0.507269  ]
[ 0.27480608 -0.03915913  0.70102644  0.07286315  2.1663294  -0.13039851
 -0.43073374 -0.09616893 -0.6677039  -1.5825529   0.5328907  -0.7448288
  0.59499234  0.23434785 -1.4848324   0.5586661 ]
[ 0.25030145  0.00506719  0.6710679   0.13374893  2.143105   -0.01692365
 -0.47832832 -0.07375394 -0.57080734 -1.5881581   0.5180736  -0.59316075
  0.4888389   0.16824092 -1.5155724   0.4139011 ]
[ 0.27239797  0.05646473  0.54043686  0.22992241  2.1775496  -0.08930713
 -0.40731126 -0.15272823 -0.58485514 -1.5608737   0.63707125 -0.6374117
  0.40634614  0.27680773 -1.6890529   0.48155874]
[ 0.17145114  0.02131788  0.64808404  0.19543178  2.2224681   0.04131174
 -0.512532   -0.14393443 -0.55404335 -1.571212    0.5127207  -0.60601914
  0.5291256   0.14240491 -1.5234613   0.38265637]
[ 0.16984601  0.04967586  0.53905517  0.37698767  2.2710004  -0.01300341
 -0.4043966  -0.21997908 -0.61479086 -1.5571458   0.54936963 -0.63702476
  0.5005263   0.2654923  -1.7141294   0.39472485]
[ 0.16203545  0.08468363  0.56263256  0.24284145  2.2917702  -0.05155521
 -0.47726092 -0.11637601 -0.532493   -1.562314    0.5705365  -0.61274827
  0.4329145   0.22676626 -1.7082384   0.4444852 ]
[ 0.28754932  0.03578038  0.55772054  0.3589039   2.2884345  -0.03896711
 -0.37070546 -0.21487102 -0.60627574 -1.4999007   0.611465   -0.65895796
  0.34095484  0.3341509  -1.8807147   0.40888748]
[ 0.2979651   0.02187481  0.5772665   0.4099105   2.1597075   0.02840558
 -0.32957387 -0.19130869 -0.5599825  -1.4352348   0.5306633  -0.5578508
  0.33860192  0.32384494 -1.9331738   0.2671496 ]
[ 0.24313602 -0.01921257  0.7155212   0.2496068   2.187652    0.08555748
 -0.47168717 -0.13675328 -0.56483746 -1.4886739   0.46593404 -0.55136174
  0.53776133  0.15709135 -1.7092676   0.24712595]
[ 0.31321844 -0.00718278  0.5847374   0.2204341   2.2325752  -0.10697477
 -0.35374284 -0.2062488  -0.7027956  -1.5315096   0.6215843  -0.68857276
  0.53297454  0.2772215  -1.6635554   0.4320464 ]
[ 0.21741553  0.01819941  0.70683724  0.09056706  2.268093   -0.0756738
 -0.4883008  -0.16347206 -0.6899492  -1.6085819   0.6131381  -0.7101186
  0.5655581   0.17750596 -1.460595    0.49675784]
[ 0.2078244  -0.03879616  0.6995687   0.23544233  2.2461834  -0.01897727
 -0.43862915 -0.18420115 -0.6909501  -1.5530803   0.5398815  -0.68352526
  0.5483877   0.21132728 -1.5599655   0.4340968 ]
[ 0.21208091  0.00299686  0.65278465  0.195425    2.2381773  -0.07804911
 -0.43637976 -0.22651705 -0.7245503  -1.5902088   0.6191042  -0.72182375
  0.54221135  0.23945686 -1.5258087   0.5600575 ]
[ 0.15318082 -0.03788694  0.66344917  0.28812313  2.197602    0.01088695
 -0.4506507  -0.27189228 -0.7582108  -1.5665061   0.52147317 -0.71413785
  0.6163877   0.23787284 -1.469387    0.53932273]
[ 0.12436564 -0.04954527  0.6706286   0.3330997   2.168346    0.01118937
 -0.41555595 -0.24954703 -0.7466359  -1.5387249   0.45282412 -0.69927907
  0.6194715   0.26642817 -1.5335661   0.5464837 ]
[ 0.15831392  0.0254759   0.6130898   0.32768074  2.1768806  -0.05823538
 -0.41303897 -0.24881446 -0.7263089  -1.5696347   0.55368334 -0.69386387
  0.45820397  0.33180314 -1.6123928   0.64014375]
[ 0.12816939  0.05604574  0.6421762   0.43418732  2.083366    0.04024995
 -0.4121148  -0.23039074 -0.62189513 -1.5604193   0.5064708  -0.59764993
  0.3563406   0.3386085  -1.7651459   0.5610482 ]
[ 0.14347047  0.07545879  0.6176551   0.4450943   2.1227791   0.05122843
 -0.42167282 -0.26546693 -0.59981525 -1.5595412   0.53343785 -0.5965126
  0.35287467  0.30035454 -1.7557743   0.51479185]
[ 0.20742193  0.15752539  0.4681469   0.4821291   2.1293187  -0.04951204
 -0.34629765 -0.30302754 -0.59198457 -1.5534925   0.6617778  -0.6398489
  0.22885147  0.42513198 -1.9111477   0.59637165]
[ 0.09217425  0.15502584  0.5597948   0.37634557  2.2332587   0.00352744
 -0.49810582 -0.22209585 -0.52755105 -1.6223072   0.5889549  -0.6103266
  0.3389766   0.2733899  -1.7318943   0.552975  ]
[ 0.18490086  0.16982348  0.47261629  0.4564608   2.2424808  -0.06393103
 -0.4423929  -0.28362325 -0.548797   -1.5726957   0.6843999  -0.6581298
  0.20867583  0.41119805 -1.9311708   0.6330849 ]
[ 0.11590986  0.17198321  0.54368865  0.5500676   2.2009563   0.1019038
 -0.48187995 -0.25471643 -0.48636788 -1.5526026   0.6049124  -0.5405314
  0.19834654  0.38158354 -2.0157225   0.417027  ]
[ 0.19647308  0.15435751  0.488166    0.46369275  2.263026   -0.01567648
 -0.45009327 -0.24251421 -0.50440425 -1.5937407   0.7361587  -0.590838
  0.2227287   0.3853827  -2.003997    0.4449862 ]
[ 0.08435887  0.08150192  0.6380558   0.38838553  2.3111656   0.07248972
 -0.59032583 -0.15770742 -0.47912255 -1.6246593   0.62850463 -0.563937
  0.3723893   0.21452808 -1.7733746   0.34889346]
[ 0.15590835  0.07192388  0.5639969   0.4034018   2.3183384  -0.04178085
 -0.48383752 -0.2555881  -0.6077728  -1.6125084   0.70871264 -0.6859269
  0.40078655  0.29499727 -1.7365535   0.4612283 ]
[ 0.11859007  0.07650349  0.65404963  0.33319432  2.261438   -0.02941424
 -0.46066523 -0.22090414 -0.62084335 -1.6466042   0.65936315 -0.6697412
  0.467177    0.25951368 -1.6741993   0.44699717]
[ 0.1417367   0.08645155  0.65611386  0.19010144  2.3040767  -0.09711044
 -0.48493442 -0.21910653 -0.63073814 -1.6851345   0.7317577  -0.7672001
  0.44171253  0.26843932 -1.5501239   0.57352054]
[ 0.17246187  0.07338355  0.6442296   0.28288504  2.2551942   0.01276189
 -0.4460388  -0.23105042 -0.6173061  -1.6301817   0.63233125 -0.67427427
  0.43134755  0.2384878  -1.6060874   0.417284  ]
[ 0.23364349  0.0800066   0.6308075   0.21225743  2.2460017   0.00706517
 -0.44769758 -0.21833232 -0.5849455  -1.5809534   0.6133076  -0.6622468
  0.43175277  0.2012172  -1.6300583   0.42416248]
[ 0.24794967  0.11643956  0.6228793   0.20263398  2.2409484   0.04030676
 -0.43979225 -0.23927112 -0.5840085  -1.5608106   0.5920394  -0.64870584
  0.4420506   0.16798283 -1.649785    0.40543538]
[ 0.24146886  0.1353885   0.52738464  0.23997578  2.2791662  -0.02525689
 -0.4190008  -0.24305925 -0.62415385 -1.526748    0.6542885  -0.6489576
  0.40670627  0.25997636 -1.7277254   0.4274284 ]
[ 0.24077292  0.00771386  0.582459    0.27370828  2.3021533   0.02551994
 -0.44499508 -0.15463422 -0.60363185 -1.45703     0.5524853  -0.6040347
  0.46680206  0.22412622 -1.7667677   0.30595246]
[ 0.39496166 -0.06051334  0.5365797   0.32434058  2.312138   -0.07129757
 -0.34906712 -0.23894748 -0.7462648  -1.3623127   0.6222592  -0.6719653
  0.4065362   0.3317751  -1.8301586   0.351983  ]
[ 4.0273705e-01 -1.2272878e-01  6.2899125e-01  3.3709371e-01
  2.1971862e+00  8.3240867e-04 -3.2964867e-01 -2.4833477e-01
 -7.7744669e-01 -1.3051637e+00  5.0217175e-01 -6.5076095e-01
  5.0998926e-01  3.0629489e-01 -1.7581688e+00  2.5364590e-01]
[ 0.31776685 -0.17818901  0.72957504  0.2218792   2.2122512   0.01319071
 -0.4493304  -0.15629557 -0.78043145 -1.3959007   0.44407076 -0.6983651
  0.6847266   0.16781896 -1.4893614   0.30600977]
[ 0.36529142 -0.15267149  0.64902616  0.05404795  2.2586637  -0.19687164
 -0.44070905 -0.13053226 -0.855079   -1.4806566   0.57287854 -0.79034007
  0.7026898   0.19688222 -1.3233912   0.5291009 ]
[ 0.33739775 -0.21146698  0.7369176   0.04819149  2.183944   -0.12581381
 -0.46998367 -0.10160311 -0.804063   -1.4793799   0.44920287 -0.77590454
  0.74460745  0.16352297 -1.2837894   0.5470725 ]
[ 0.27760673 -0.14122689  0.77914655  0.07555902  2.0926025  -0.04598422
 -0.44621125 -0.1361182  -0.7628969  -1.5359656   0.45318785 -0.7550785
  0.6907333   0.18744513 -1.3404787   0.5664525 ]
[ 0.27225804 -0.06000419  0.67705166  0.18452068  2.1564946  -0.09497782
 -0.39903975 -0.21501978 -0.7305333  -1.5922911   0.561792   -0.74824584
  0.56274     0.22732575 -1.4385761   0.59725106]
[ 0.17947116  0.008793    0.68826616  0.18184444  2.2021027  -0.0640385
 -0.5185162  -0.16992949 -0.62746334 -1.6487061   0.5760349  -0.70218515
  0.49854812  0.16197376 -1.4525856   0.6494962 ]
[ 0.11032116  0.11316884  0.580198    0.26884285  2.2340431  -0.0612492
 -0.5375763  -0.2208757  -0.60177064 -1.6748167   0.6484164  -0.66866463
  0.42332545  0.2104913  -1.532183    0.6738551 ]
[ 0.14699642  0.1331326   0.50126207  0.41880196  2.238112   -0.0982969
 -0.4603339  -0.29754698 -0.64740413 -1.6071064   0.6780195  -0.71195847
  0.31003395  0.38691622 -1.7450012   0.7209733 ]
[ 0.12483332  0.13901548  0.5419822   0.51052916  2.186895   -0.0079082
 -0.4365757  -0.26510412 -0.58468467 -1.5881082   0.5950615  -0.61785513
  0.26827016  0.37775654 -1.8470669   0.5640967 ]
[ 0.15148646  0.16025725  0.503726    0.48185715  2.240745   -0.0499218
 -0.48168626 -0.2549736  -0.5171026  -1.6329712   0.72141725 -0.65703213
  0.20305118  0.39380088 -1.9136215   0.611747  ]
[ 0.13609083  0.10682072  0.54820186  0.532097    2.214986    0.04954616
 -0.4653198  -0.19386944 -0.44757137 -1.5413424   0.6003692  -0.54144776
  0.18935871  0.36571485 -2.0259004   0.4257161 ]
[ 0.21058956  0.13894415  0.4525283   0.442214    2.274006   -0.06305157
 -0.43403095 -0.2124759  -0.46622428 -1.6081512   0.75535285 -0.5988366
  0.21590404  0.38139957 -2.0159981   0.4825468 ]
[ 0.07799939  0.14836296  0.5575141   0.3919367   2.3038983  -0.00811868
 -0.55591595 -0.15937191 -0.469239   -1.6820698   0.7000788  -0.58036166
  0.3692584   0.24355146 -1.845478    0.46279198]
[ 0.13177833  0.12754272  0.50730723  0.33069426  2.365033   -0.11930031
 -0.5267611  -0.19759884 -0.5289882  -1.6667478   0.7774581  -0.6779085
  0.3541932   0.27536923 -1.7735865   0.58082676]
[ 0.13946946  0.11256065  0.5201728   0.42752656  2.264153   -0.09222821
 -0.4121302  -0.22466202 -0.5379191  -1.6269907   0.71587515 -0.6542262
  0.34129697  0.34184784 -1.8542302   0.49563855]
[ 0.07251838  0.12148511  0.62036836  0.28693947  2.2693589  -0.08080061
 -0.5115878  -0.21267088 -0.5461039  -1.7167565   0.7419282  -0.7047039
  0.42223516  0.2724015  -1.6363056   0.5603615 ]
[ 7.5693265e-02  9.4210699e-02  6.8622464e-01  3.2645515e-01
  2.2127888e+00  7.7064487e-04 -4.9308127e-01 -2.3879686e-01
 -5.7048315e-01 -1.7231480e+00  6.5612894e-01 -6.8738991e-01
  4.2986846e-01  2.6618257e-01 -1.5992604e+00  5.2174461e-01]
[ 0.05535697  0.1496397   0.7116983   0.35382098  2.1157284   0.07027466
 -0.4422025  -0.27852792 -0.57902205 -1.7450634   0.61792296 -0.6567144
  0.43628693  0.28640828 -1.6038094   0.46523494]
[ 0.05399637  0.19157648  0.7307715   0.28233117  2.06177     0.13996741
 -0.49799347 -0.1921618  -0.4483509  -1.7791996   0.5471183  -0.5587018
  0.3833204   0.18714318 -1.6079407   0.4645455 ]
[ 0.05663093  0.25080392  0.6699058   0.30033344  2.0800114   0.08645113
 -0.5121902  -0.21229951 -0.43833536 -1.7664154   0.631549   -0.58045006
  0.28339976  0.20969085 -1.6992403   0.6021776 ]
[ 0.06322385  0.23895168  0.5687503   0.36567116  2.122018    0.03380561
 -0.52189696 -0.21701701 -0.438589   -1.6916202   0.66558707 -0.56825817
  0.21032223  0.25608236 -1.7953774   0.67233336]
[ 0.07724576  0.17307568  0.5040332   0.48268938  2.1695294   0.01768661
 -0.5074788  -0.24227348 -0.46552363 -1.5746608   0.62828285 -0.5702283
  0.17228091  0.33814004 -1.9501121   0.71155006]
[ 0.19728968  0.18190941  0.36886448  0.48441148  2.1832988  -0.09963384
 -0.39860892 -0.33971184 -0.5817583  -1.5372897   0.7725323  -0.6498326
  0.13452479  0.50717944 -2.000259    0.74205315]
[ 0.14738847  0.1317831   0.4535171   0.5616024   2.1812084  -0.01767101
 -0.410384   -0.36271796 -0.6073755  -1.5389267   0.67164195 -0.6370828
  0.20076728  0.4800486  -1.9694074   0.6785406 ]
[ 0.05310363  0.1377856   0.54123104  0.5895894   2.1863544   0.07052705
 -0.46898633 -0.34104234 -0.60905915 -1.582744    0.60309035 -0.6069025
  0.2537518   0.4233307  -1.8708174   0.58174276]
[ 0.075404    0.14161669  0.5208011   0.5299315   2.235981    0.00275438
 -0.49317408 -0.3440673  -0.6277047  -1.6224209   0.6980194  -0.66923875
  0.29382637  0.42785615 -1.8237507   0.61558455]
[ 0.06912543  0.0818352   0.5617127   0.597484    2.1618438   0.11229706
 -0.43794876 -0.27167982 -0.5511688  -1.5131553   0.53935355 -0.5644932
  0.26695746  0.38895702 -1.9313024   0.4453848 ]
[ 0.09054912  0.06550013  0.54620075  0.52445006  2.230713    0.04613971
 -0.45964783 -0.29432258 -0.604652   -1.5618098   0.5887471  -0.63649774
  0.37762982  0.36447376 -1.8206539   0.5008168 ]
[ 0.14180109  0.06687377  0.57466274  0.51386946  2.1484199   0.04226019
 -0.39586264 -0.24547419 -0.5958792  -1.5092919   0.49911427 -0.5862182
  0.313656    0.37854847 -1.8955972   0.50711197]
[ 0.14248614  0.0731604   0.54499614  0.47563848  2.2021198  -0.01336422
 -0.40134698 -0.23543628 -0.5825806  -1.5738143   0.59088814 -0.6086674
  0.33402693  0.35683915 -1.876504    0.5292541 ]
[ 0.18951504  0.1392798   0.48987412  0.4663342   2.1534395  -0.04321951
 -0.3616935  -0.23014322 -0.5367021  -1.5945197   0.67359823 -0.6018485
  0.22151192  0.38603026 -1.9195459   0.5258585 ]
[ 0.18040052  0.12153699  0.6068808   0.31915477  2.1942534   0.0059272
 -0.48280782 -0.15344737 -0.44571084 -1.6282524   0.60646886 -0.5891007
  0.28633916  0.22178979 -1.7815392   0.49571982]
[ 0.27588215  0.13375351  0.5256403   0.4314193   2.1813817  -0.048872
 -0.34456903 -0.2507666  -0.52228355 -1.5553287   0.6347779  -0.6345011
  0.24044797  0.3687625  -1.9284      0.449117  ]
[ 0.1996943   0.18160932  0.542884    0.32819584  2.269687   -0.02789142
 -0.5035213  -0.19530678 -0.46814403 -1.620251    0.703663   -0.644006
  0.2747558   0.2754914  -1.8280789   0.46860185]
[ 0.20063224  0.15389678  0.56337106  0.2732905   2.2945175   0.03334819
 -0.520434   -0.13695452 -0.43023318 -1.6008933   0.6436543  -0.55784726
  0.34022057  0.22989579 -1.8526783   0.3181573 ]
[ 0.32693613  0.11942859  0.48004454  0.33544612  2.2980907  -0.06359891
 -0.4168529  -0.17839107 -0.5355648  -1.5298201   0.72765315 -0.5994281
  0.23886903  0.37424237 -1.9933106   0.36755297]
[ 0.1918359   0.02665694  0.70931345  0.34304732  2.2824993   0.06776075
 -0.54986006 -0.11437204 -0.5428907  -1.584826    0.5730098  -0.5715817
  0.41490793  0.2302818  -1.7836716   0.25478715]
[ 0.27539364 -0.01803642  0.6855543   0.30398116  2.26006    -0.03396585
 -0.49785113 -0.15832147 -0.6388298  -1.6223581   0.6607424  -0.6934069
  0.498344    0.24153383 -1.6579005   0.34424204]
[ 0.2409327  -0.04732551  0.7871974   0.19170079  2.180465    0.0101443
 -0.5124366  -0.09778503 -0.65096605 -1.666555    0.5327225  -0.6631893
  0.6177014   0.14064372 -1.4563148   0.34407216]
[ 0.23881486 -0.07119823  0.7520181   0.03767673  2.2378385  -0.11318184
 -0.5543013  -0.12178747 -0.7097629  -1.66156     0.5859709  -0.7750042
  0.6838059   0.15646826 -1.2909567   0.56478953]
[ 0.2661675  -0.05194126  0.7048337   0.03074622  2.1971786  -0.11527123
 -0.5104991  -0.13676858 -0.66538316 -1.6205755   0.57604015 -0.7648398
  0.62701905  0.16976035 -1.3507192   0.60579705]
[ 0.2287648   0.03006751  0.61733395  0.1499649   2.2384248  -0.10789777
 -0.48194274 -0.19283296 -0.63600534 -1.6382717   0.62922275 -0.7484871
  0.53187734  0.20597415 -1.4664316   0.6028775 ]
[ 0.19286844  0.10546176  0.5746621   0.20382142  2.2507596  -0.09743954
 -0.49387217 -0.16815045 -0.5786408  -1.6341028   0.6406562  -0.6665782
  0.4383115   0.21504202 -1.6072353   0.58659446]
[ 0.16289072  0.11922457  0.54072523  0.2909359   2.295561   -0.07248238
 -0.5452896  -0.17437401 -0.5327083  -1.6207062   0.6602488  -0.63664126
  0.34468096  0.2562852  -1.7371004   0.6108378 ]
[ 0.24421978  0.05658429  0.47182813  0.507934    2.266451   -0.04782919
 -0.40742308 -0.26678914 -0.60407233 -1.5394518   0.6301815  -0.65477204
  0.30091482  0.39893943 -1.9205952   0.52208036]
[ 0.20704901  0.02721635  0.5617223   0.47389165  2.2491808  -0.01961943
 -0.47166505 -0.171388   -0.54653883 -1.565655    0.58575016 -0.62011224
  0.36215237  0.29100227 -1.8799582   0.4720223 ]
[ 0.22566661 -0.01144299  0.5881754   0.42305407  2.2210815  -0.02727165
 -0.41429558 -0.15433972 -0.5625577  -1.4844701   0.52183884 -0.5847696
  0.374726    0.28544295 -1.843784    0.39595383]
[ 0.25944933  0.04720583  0.53870714  0.3897048   2.2452006  -0.09937066
 -0.3796186  -0.21112855 -0.5862559  -1.5589492   0.63944924 -0.6463351
  0.37308916  0.3382596  -1.8431523   0.44866568]
[ 0.17112836  0.03870375  0.6681981   0.2932806   2.2626474  -0.07053894
 -0.4696836  -0.16917005 -0.5913203  -1.660009    0.59378797 -0.67006874
  0.5157357   0.21623807 -1.6546631   0.48211104]
[ 0.14480254  0.12151229  0.64721906  0.22912712  2.2817414  -0.0912359
 -0.49427003 -0.19999398 -0.5692103  -1.7172903   0.7363194  -0.7348469
  0.39014474  0.25867972 -1.6228256   0.5797087 ]
[ 0.1730926   0.12178211  0.63417435  0.2789451   2.22542    -0.00981216
 -0.42975292 -0.2055277  -0.54907817 -1.6343187   0.6500595  -0.62713164
  0.35894036  0.2564617  -1.6991615   0.41069   ]
[ 0.184383    0.12433036  0.642056    0.2206196   2.251794    0.01817775
 -0.48321596 -0.19130437 -0.51826465 -1.6508871   0.6439694  -0.64683896
  0.4036518   0.19032855 -1.6555973   0.42249542]
[ 0.22286192  0.13395406  0.5963585   0.2576117   2.2943418  -0.01399169
 -0.4597819  -0.2411412  -0.5713323  -1.6266024   0.6713978  -0.68830717
  0.37797546  0.23025918 -1.6887773   0.46285424]
[ 0.21288137  0.16960241  0.54091036  0.2863361   2.276259   -0.03245934
 -0.44715977 -0.22836593 -0.57134354 -1.611105    0.7076813  -0.67002726
  0.35301247  0.27914023 -1.7661806   0.45792428]
[ 0.2222619   0.06508149  0.55547917  0.28424582  2.3229384   0.00270629
 -0.46271262 -0.12635593 -0.5253683  -1.5467798   0.60045326 -0.6041119
  0.42902645  0.22173667 -1.8088663   0.32188892]
[ 0.3604247   0.01108869  0.48692703  0.3306685   2.3210015  -0.08508613
 -0.3673151  -0.19483311 -0.68429106 -1.4536654   0.6710833  -0.6514095
  0.37444273  0.37184712 -1.8821045   0.34171146]
[ 0.35702103 -0.1110599   0.63223916  0.30035177  2.2880979  -0.03925752
 -0.43018302 -0.14346294 -0.68132013 -1.4260315   0.53641444 -0.6513218
  0.5153515   0.25821197 -1.7409977   0.28374296]
[ 0.29216367 -0.1050427   0.7128382   0.25179508  2.2174802  -0.00621205
 -0.46500406 -0.0877828  -0.66460335 -1.4851416   0.51052576 -0.64664686
  0.5885228   0.19838922 -1.6081476   0.24349456]
[ 0.3713686  -0.02119591  0.6825104   0.03991576  2.2339814  -0.15794894
 -0.46335697 -0.08233903 -0.6992028  -1.6174872   0.652026   -0.7083782
  0.5493825   0.1923374  -1.4301083   0.41270256]
[ 0.24889438 -0.06078434  0.8155689  -0.01433249  2.1863067  -0.05178344
 -0.5381729  -0.07657392 -0.6776122  -1.6555395   0.50508296 -0.6938878
  0.70616376  0.09064139 -1.2606394   0.43268228]
[ 0.21840219 -0.0062005   0.7219693   0.06505992  2.1945815  -0.07854775
 -0.4975021  -0.1821599  -0.6707729  -1.6737369   0.5957569  -0.7572504
  0.618437    0.17605619 -1.3343155   0.5712105 ]
[ 0.21324325  0.03090015  0.68141186  0.12697394  2.211609   -0.05369213
 -0.4373508  -0.22447166 -0.6855077  -1.6284971   0.5986234  -0.7339368
  0.56310725  0.19259597 -1.4034995   0.50819886]
[ 0.20551574  0.06438632  0.6145013   0.1723088   2.2554271  -0.01785211
 -0.48577446 -0.17729826 -0.59510297 -1.5803282   0.58108056 -0.65510714
  0.48029098  0.1366723  -1.5237777   0.4844769 ]
[ 2.0876732e-01  5.8356334e-02  5.7511026e-01  2.0231912e-01
  2.3044462e+00  7.2427836e-05 -5.0669116e-01 -1.8124257e-01
 -5.8757621e-01 -1.5409012e+00  5.6966311e-01 -6.4581341e-01
  4.5156375e-01  1.5283899e-01 -1.5888891e+00  4.8773831e-01]
[ 0.2650401   0.05053068  0.48069614  0.40897098  2.2628186  -0.03846204
 -0.32956666 -0.28979978 -0.69284564 -1.4421953   0.59497696 -0.6782547
  0.38160002  0.38750023 -1.8351139   0.43064818]
[ 0.31787822 -0.02740053  0.557267    0.4073103   2.2532864   0.00886726
 -0.33210707 -0.20974521 -0.6570543  -1.360249    0.48515677 -0.6149483
  0.3822598   0.32036716 -1.8910389   0.3112586 ]
[ 0.39172536 -0.05009797  0.54680365  0.35478562  2.3113425  -0.05980855
 -0.31756565 -0.20725079 -0.69066364 -1.4046332   0.5831691  -0.6822442
  0.43528384  0.35152587 -1.8833468   0.26911774]
[ 0.39948443 -0.04047767  0.57851183  0.24457327  2.2728653  -0.07703131
 -0.3777644  -0.14611039 -0.67697895 -1.4249395   0.6029622  -0.64382917
  0.43928075  0.26657027 -1.7710285   0.30285475]
[ 0.29134226 -0.09623076  0.7294838   0.20335796  2.2284214   0.02568201
 -0.47193685 -0.09395964 -0.67273337 -1.4844263   0.45984656 -0.62968785
  0.6440898   0.13441938 -1.5728786   0.25317222]
[ 0.3598803  -0.03755879  0.61132944  0.12422068  2.2558372  -0.17693442
 -0.4317879  -0.10170303 -0.76191986 -1.5779909   0.6440184  -0.73322374
  0.58441514  0.21662025 -1.4782013   0.4588724 ]
[ 0.29839674 -0.09287563  0.77808785  0.04049272  2.1812873  -0.0848321
 -0.5214876  -0.03464774 -0.7069875  -1.6228945   0.5326244  -0.7227668
  0.6652457   0.12327294 -1.3416824   0.46403083]
[ 0.26215196 -0.02937964  0.73871994  0.05746423  2.1943138  -0.13737532
 -0.50634307 -0.1252445  -0.7146727  -1.6611478   0.631127   -0.75539464
  0.59955275  0.19637273 -1.3745062   0.58346206]
[ 0.24922857  0.04331792  0.6595516   0.08558849  2.1333022  -0.08897509
 -0.45801216 -0.16893902 -0.63498276 -1.6768554   0.6521832  -0.71094406
  0.51457644  0.20024054 -1.4216388   0.5829805 ]
[ 0.19909641  0.09893587  0.64723504  0.11616793  2.1880112  -0.05894817
 -0.47415408 -0.21056588 -0.5899329  -1.6860578   0.6285979  -0.70091474
  0.49006706  0.15624015 -1.4210407   0.5803329 ]
[ 0.18766066  0.15642652  0.57083476  0.20516996  2.2667713  -0.10625826
 -0.47961554 -0.24815992 -0.5906786  -1.6422628   0.7296072  -0.7315961
  0.36032107  0.2809143  -1.6331656   0.63757986]
[ 0.14137495  0.18792674  0.54593956  0.2515686   2.2985663   0.01707718
 -0.5554015  -0.21441951 -0.50381047 -1.6418282   0.69214255 -0.6248123
  0.32318056  0.19623734 -1.6718624   0.51869726]
[ 0.21558443  0.10885706  0.4904479   0.48407483  2.2728972   0.01803667
 -0.4226013  -0.2975448  -0.60297585 -1.5216614   0.64092946 -0.64542335
  0.2952473   0.40665087 -1.9052486   0.4184925 ]
[ 0.2522402   0.04494866  0.591607    0.5074812   2.2315507   0.11673598
 -0.4276967  -0.21038052 -0.56736195 -1.4488199   0.5091054  -0.5775329
  0.30722624  0.34032285 -1.9615259   0.24067822]
[ 0.3428608  -0.01559923  0.6198892   0.35603568  2.3135486   0.0035356
 -0.44789642 -0.16474679 -0.5923036  -1.5058562   0.60695183 -0.6471952
  0.39309365  0.28591937 -1.8532727   0.2519675 ]
[ 3.9390117e-01 -4.9656719e-02  6.6826957e-01  2.8400522e-01
  2.2419648e+00 -8.4078015e-04 -4.3455654e-01 -7.9877093e-02
 -5.7202405e-01 -1.4475032e+00  5.1128590e-01 -5.8139116e-01
  4.0281075e-01  2.2234817e-01 -1.8203194e+00  2.0724809e-01]
[ 0.36206856 -0.04584412  0.72489685  0.17033127  2.2436957  -0.0405748
 -0.4971837  -0.03940168 -0.5848358  -1.5542886   0.53905845 -0.6202636
  0.54604965  0.15215679 -1.6703678   0.261728  ]
[ 0.39935333  0.00940872  0.63772297  0.10590696  2.2759192  -0.21176782
 -0.4712925  -0.07321767 -0.6659878  -1.6735466   0.7158999  -0.7283557
  0.52395207  0.20262238 -1.5384905   0.44634104]
[ 0.28041172 -0.03952789  0.76802194  0.0490782   2.253612   -0.12634292
 -0.5686235  -0.06523952 -0.67118114 -1.7321392   0.64652616 -0.76149476
  0.63362056  0.12389375 -1.3386023   0.5043679 ]
[ 0.25054216 -0.02718608  0.76230365  0.01852678  2.2305913  -0.11453861
 -0.57918704 -0.0713649  -0.6392561  -1.7351444   0.6067404  -0.71226144
  0.61723346  0.08565018 -1.3036594   0.5706955 ]
[ 0.25173768 -0.00565656  0.6844994   0.08335175  2.2378948  -0.15620947
 -0.5507988  -0.13194196 -0.6384902  -1.6990334   0.6756181  -0.7751435
  0.53071123  0.19686985 -1.4129889   0.67218316]
[ 0.20612678  0.07185429  0.6384922   0.15910566  2.2555954  -0.14830373
 -0.51764816 -0.21064138 -0.6279505  -1.6879085   0.70850575 -0.76575124
  0.4678573   0.22154868 -1.4716612   0.6645799 ]
[ 0.1573259   0.10728077  0.6039811   0.24330178  2.2916858  -0.1242875
 -0.5408651  -0.23053476 -0.6028868  -1.6778129   0.70543844 -0.73005116
  0.42018628  0.24792889 -1.567844    0.66122615]
[ 0.11272053  0.145203    0.5727807   0.27927917  2.2979753  -0.06542714
 -0.5714997  -0.19642627 -0.5401088  -1.6793299   0.67768276 -0.6440394
  0.37406567  0.24563535 -1.6445507   0.5986796 ]
[ 0.16211121  0.11494752  0.53045565  0.47225302  2.2871566  -0.01987964
 -0.50242096 -0.2823783  -0.5845803  -1.6013243   0.7017052  -0.6759767
  0.27001274  0.37752697 -1.8660313   0.57570726]
[ 0.19689408  0.06658616  0.57952297  0.5194564   2.2336488   0.0555765
 -0.44982466 -0.20919201 -0.5145198  -1.5189288   0.5594617  -0.5614414
  0.22237733  0.33579826 -1.9957199   0.43402824]
[ 0.21749692  0.0565114   0.5089649   0.44943482  2.3070037  -0.06585193
 -0.43963823 -0.24836144 -0.57613283 -1.5584551   0.68600947 -0.6420696
  0.3149702   0.33404714 -1.8864712   0.49833813]
[ 0.1415588   0.01160247  0.5945902   0.3759901   2.3093204  -0.00901728
 -0.5217282  -0.17762022 -0.5510074  -1.5799859   0.5904325  -0.6199645
  0.45632654  0.22401497 -1.7517376   0.46229944]
[ 0.21389084 -0.00422869  0.542189    0.39991614  2.3223646  -0.13414724
 -0.40753213 -0.24335968 -0.66046774 -1.5903108   0.64609706 -0.7276933
  0.46842498  0.32448933 -1.7387518   0.54758316]
[ 0.14070974  0.10664475  0.62196404  0.2533241   2.2845783  -0.11740489
 -0.50321406 -0.20925143 -0.6179678  -1.705879    0.72762555 -0.7507001
  0.41266337  0.28325787 -1.6096703   0.64538854]
[ 0.12744     0.08482233  0.64905447  0.35852495  2.2170434  -0.03348582
 -0.4529572  -0.20314045 -0.58450913 -1.6994683   0.64033884 -0.66438234
  0.3740175   0.27419418 -1.6834679   0.554582  ]
[ 0.14857955  0.12674621  0.61515194  0.3575223   2.2089722  -0.02876306
 -0.48252043 -0.2133967  -0.5571274  -1.71542     0.66158956 -0.66281766
  0.33021322  0.24860203 -1.671476    0.5953387 ]
[ 0.1723406   0.10984981  0.5961007   0.34807143  2.1815846   0.00256971
 -0.49704042 -0.16598038 -0.4741741  -1.6483551   0.5867148  -0.60781157
  0.3129632   0.20197825 -1.7224871   0.5644614 ]
[ 0.218908    0.12705708  0.5127875   0.37409312  2.2433393  -0.05708374
 -0.47686863 -0.21128538 -0.49091434 -1.5988576   0.6455493  -0.6365599
  0.26378945  0.26918393 -1.8334926   0.61259   ]
[ 0.24358721  0.16201703  0.43740916  0.4132536   2.2346466  -0.07461983
 -0.43382683 -0.20033272 -0.4716863  -1.5599539   0.67183167 -0.57227385
  0.17711481  0.33112115 -1.9837795   0.58623666]
[ 0.15160246  0.13841283  0.45346078  0.39856136  2.3220773  -0.03205284
 -0.54607475 -0.17257431 -0.4515964  -1.600482    0.6662387  -0.5771249
  0.25462335  0.26165763 -1.9032745   0.59780157]
[ 0.26787215  0.08596626  0.39059198  0.45230395  2.3276882  -0.08181797
 -0.44568866 -0.21940371 -0.5047304  -1.5252651   0.7334784  -0.60266095
  0.20281751  0.393768   -2.0448158   0.5263414 ]
[ 0.23208134  0.02032788  0.5047191   0.47045237  2.3223474  -0.04727243
 -0.43358168 -0.22590485 -0.5732085  -1.5324531   0.6555791  -0.61920655
  0.34280092  0.32698116 -1.9267142   0.43614706]
[ 0.1641335   0.01463487  0.5746764   0.40627122  2.3436656  -0.01861452
 -0.5283223  -0.21464685 -0.60924286 -1.6036984   0.6395035  -0.6478988
  0.47169298  0.2500515  -1.7281672   0.4404058 ]
[ 0.16288088 -0.01682654  0.6332313   0.38246387  2.3051782  -0.02722841
 -0.49164706 -0.21733153 -0.67415255 -1.6044452   0.59836    -0.6978324
  0.5524254   0.24802084 -1.6574835   0.45930696]
[ 0.19061854 -0.02545908  0.6479844   0.2896457   2.2900028  -0.1072587
 -0.47917557 -0.20331407 -0.71148235 -1.6059717   0.6293578  -0.75940365
  0.5262583   0.27710098 -1.5832866   0.58340496]
[ 0.27915415 -0.05495697  0.62024176  0.33768293  2.2237303  -0.07893106
 -0.41523963 -0.19434197 -0.68097585 -1.5226429   0.5518844  -0.6686831
  0.48006383  0.27930328 -1.6903784   0.48993963]
[ 0.2373174  -0.01642795  0.6255611   0.3222403   2.1563742  -0.046895
 -0.42556602 -0.20286362 -0.6381273  -1.5385478   0.5574802  -0.6555683
  0.46463805  0.28318802 -1.6875511   0.5216625 ]
[ 0.18763158  0.02716507  0.60766226  0.30389363  2.2041297   0.00339002
 -0.47662163 -0.19302598 -0.57330155 -1.5798527   0.56593966 -0.6451471
  0.43620592  0.23096725 -1.6627384   0.52213347]
[ 0.23791066  0.09437498  0.5154376   0.3415638   2.2424736  -0.07563649
 -0.39321908 -0.24007149 -0.5836364  -1.5721788   0.6751563  -0.6672956
  0.34366116  0.3095283  -1.8029562   0.53334135]
[ 0.18924701  0.08599487  0.5713412   0.27073553  2.303841   -0.0046335
 -0.5612055  -0.17208835 -0.51035064 -1.5709021   0.6271341  -0.61600864
  0.3752943   0.17472048 -1.696243    0.49122387]
[ 0.2906502   0.03510103  0.5084383   0.44692072  2.2894135  -0.02494841
 -0.42638868 -0.27373648 -0.61680585 -1.4866679   0.61955845 -0.6592429
  0.3500857   0.3582995  -1.8707554   0.41484842]
[ 0.24774735  0.05778158  0.5566016   0.39444885  2.2702706  -0.00534833
 -0.45770225 -0.19977246 -0.5780139  -1.536854    0.61468333 -0.6256426
  0.39841077  0.31827208 -1.82887     0.32559982]
[ 0.22337309 -0.03931738  0.6827086   0.38477105  2.2930493   0.03737814
 -0.5015395  -0.1280957  -0.57397425 -1.5225767   0.49237666 -0.6018063
  0.45030418  0.24789071 -1.7780488   0.282695  ]
[ 0.2847449  -0.03245933  0.7081094   0.4062397   2.2340453   0.02982633
 -0.46954212 -0.2121501  -0.6848032  -1.5527735   0.5608772  -0.6509851
  0.4937933   0.2947108  -1.759639    0.29791048]
[ 0.3426029  -0.08609208  0.7492922   0.23354617  2.153743    0.03452737
 -0.4909388  -0.0900648  -0.62287086 -1.5342818   0.48482865 -0.60834205
  0.55136174  0.14384918 -1.6097759   0.29684418]
[ 0.30671766 -0.07387593  0.73693097  0.1995056   2.172843   -0.01528428
 -0.5036191  -0.08323502 -0.6165776  -1.5790433   0.52308375 -0.6620123
  0.55524266  0.13940503 -1.538026    0.38999283]
[ 0.299079   -0.00511932  0.7058889   0.0445185   2.2407403  -0.1968669
 -0.5185583  -0.10703238 -0.6772792  -1.680143    0.6717248  -0.75723684
  0.5371463   0.19049732 -1.411268    0.6247609 ]
[ 0.2328744   0.02106287  0.7241155   0.07256243  2.2083957  -0.09089784
 -0.54518306 -0.1246144  -0.59709036 -1.7049294   0.61682    -0.7199244
  0.53323495  0.16312459 -1.4097459   0.58083564]
[ 0.20202217  0.11547823  0.6083991   0.18542536  2.2865446  -0.11862683
 -0.5207105  -0.23302951 -0.5955788  -1.7048687   0.7329947  -0.7527722
  0.43643552  0.24400839 -1.5333865   0.61028606]
[ 0.22753891  0.13814111  0.56259626  0.2468832   2.3174088  -0.10655651
 -0.52055734 -0.221904   -0.5775085  -1.6347119   0.74961257 -0.7277212
  0.35048372  0.27280647 -1.6790186   0.5629112 ]
[ 0.2205759   0.12592006  0.5712162   0.22602853  2.347919   -0.01535664
 -0.58219707 -0.15876177 -0.48985043 -1.6112871   0.68996894 -0.62450606
  0.31859905  0.16122773 -1.6796477   0.45752668]
[ 0.2769597   0.08590619  0.5298573   0.43882817  2.3072705  -0.01315255
 -0.44687328 -0.26219267 -0.6092257  -1.5342823   0.673972   -0.66295946
  0.29847124  0.3424415  -1.8701794   0.39910093]
[ 0.28834733  0.0242022   0.60239637  0.41376486  2.2888465   0.02408187
 -0.4352835  -0.16927752 -0.58283406 -1.4789724   0.5792334  -0.6145527
  0.3468504   0.296943   -1.9055369   0.2700408 ]
[ 0.35196695 -0.03418049  0.6009633   0.23432426  2.4024072  -0.08889043
 -0.5088209  -0.11935887 -0.62390757 -1.5368142   0.6975709  -0.6933913
  0.47014302  0.23535761 -1.7496402   0.31029516]
[ 0.42590204 -0.11704881  0.6475099   0.25901946  2.3153973  -0.06417195
 -0.43140084 -0.11117319 -0.6721499  -1.4673952   0.5623044  -0.6426082
  0.54164827  0.19677205 -1.7364175   0.23934369]
[ 0.31532162 -0.0643665   0.707136    0.15100083  2.295545   -0.05146926
 -0.52175707 -0.07149078 -0.68068707 -1.589791    0.5657718  -0.6762916
  0.67021275  0.1218162  -1.5259377   0.30444354]
[ 0.34430528 -0.02690133  0.66616213  0.02587868  2.3318157  -0.22746515
 -0.52046317 -0.06125466 -0.6972723  -1.6645269   0.71208006 -0.7978499
  0.6046968   0.1466213  -1.3874972   0.5089171 ]
[ 3.1712705e-01 -4.7429778e-02  7.7841747e-01 -5.2240492e-05
  2.2700136e+00 -1.6753201e-01 -5.3353262e-01 -5.7441205e-02
 -7.0198077e-01 -1.6865088e+00  6.2505686e-01 -7.7888948e-01
  6.0545176e-01  1.3939038e-01 -1.3260047e+00  5.2162945e-01]
[ 0.26382664 -0.0266784   0.7620216   0.04682875  2.229344   -0.15783577
 -0.55639756 -0.07991072 -0.66393554 -1.7049589   0.5986151  -0.75796586
  0.60087234  0.15859766 -1.3524425   0.60094005]
[ 0.19770405  0.02014673  0.7079526   0.12849364  2.1950142  -0.10572531
 -0.55936193 -0.14878136 -0.62250674 -1.721048    0.63532126 -0.75374705
  0.56444424  0.19324514 -1.3976598   0.62864023]
[ 0.15946648  0.11544794  0.6613286   0.2055734   2.1797261  -0.07861657
 -0.5190295  -0.20716794 -0.61521673 -1.7447592   0.668143   -0.7162375
  0.48120874  0.23216298 -1.4862449   0.627281  ]
[ 0.17596483  0.14012066  0.60884124  0.26365936  2.21005    -0.04519746
 -0.5279522  -0.14770707 -0.5096742  -1.6778702   0.6302513  -0.625635
  0.34083876  0.21470785 -1.6425464   0.55337226]
[ 0.16290113  0.18493953  0.5898938   0.23339872  2.2627711  -0.01050801
 -0.587693   -0.17113246 -0.4329483  -1.6959822   0.72195756 -0.6152768
  0.25840458  0.17292656 -1.6758722   0.5627921 ]
[ 0.17984565  0.13809305  0.5075428   0.41071433  2.3144417  -0.02332621
 -0.5043145  -0.26323646 -0.5099287  -1.6115372   0.7521444  -0.6517388
  0.2555279   0.3406225  -1.8756756   0.4973957 ]
[ 0.10222542  0.15215921  0.572346    0.3690685   2.3171263   0.02828572
 -0.5453747  -0.21453118 -0.5043298  -1.6353992   0.6767384  -0.601497
  0.33867833  0.26771495 -1.815896    0.44840765]
[ 0.15272322  0.10262492  0.54358643  0.35855     2.3643813  -0.04605202
 -0.56011534 -0.27506056 -0.62418616 -1.6328461   0.74066687 -0.7095846
  0.41632223  0.30872205 -1.7472681   0.5664441 ]
[ 0.16712812  0.06327087  0.5790661   0.45071775  2.276174    0.01724922
 -0.4941824  -0.24909952 -0.6185854  -1.6135105   0.6600025  -0.6655137
  0.4069509   0.29860097 -1.7763668   0.4527758 ]
[ 0.20131366  0.03694526  0.5944492   0.37434843  2.2227008  -0.02682706
 -0.44837588 -0.19818644 -0.6384718  -1.5810416   0.6371283  -0.66203773
  0.39249867  0.29602033 -1.7236735   0.47865325]
[ 0.21854898 -0.02696235  0.68311137  0.271603    2.1859334  -0.02100527
 -0.518103   -0.13476259 -0.61949813 -1.5828302   0.53977126 -0.6289927
  0.45881328  0.21188977 -1.5835123   0.5027524 ]
[ 0.21467814 -0.00539917  0.6050121   0.35812873  2.1490684  -0.04264066
 -0.44915548 -0.21491031 -0.64317447 -1.6239761   0.58347857 -0.71228755
  0.46898818  0.2756661  -1.630449    0.62811685]
[ 0.2750812   0.15173025  0.51030576  0.21841829  2.1657467  -0.15982735
 -0.38985157 -0.2428172  -0.6262386  -1.6716864   0.7388869  -0.7395574
  0.3184056   0.30572015 -1.6285416   0.74139655]
[ 0.2064487   0.14624016  0.5190255   0.30575457  2.2230923  -0.10987123
 -0.44262394 -0.22002701 -0.5581853  -1.648475    0.68515265 -0.6912887
  0.30188248  0.27038774 -1.7122343   0.6902325 ]
[ 0.15304694  0.16666809  0.5237713   0.28843763  2.2759774  -0.03850237
 -0.56713474 -0.16653381 -0.44466996 -1.669219    0.6748074  -0.6059489
  0.2733483   0.18280247 -1.7164333   0.63351864]
[ 0.21546176  0.1359709   0.4334074   0.47390264  2.2840164  -0.07700718
 -0.46051222 -0.2599368  -0.5153094  -1.5800294   0.7032796  -0.6444588
  0.19293094  0.36914235 -1.9481081   0.63976514]
[ 0.18147826  0.13849464  0.49877134  0.48756647  2.2532067  -0.0111828
 -0.47031084 -0.20620391 -0.47286645 -1.5576574   0.63355815 -0.5847689
  0.18207194  0.36321324 -2.0212808   0.5444027 ]
[ 0.26422575  0.14586215  0.43748355  0.37002015  2.3193812  -0.12008836
 -0.47401792 -0.19676718 -0.48543572 -1.6128004   0.78220326 -0.63630146
  0.19635285  0.35095707 -1.981534    0.59953964]
[ 0.19153337  0.07994845  0.52934647  0.4314266   2.3124852  -0.03588371
 -0.5266668  -0.16930686 -0.48835546 -1.6141059   0.70117795 -0.61322594
  0.29684746  0.25507843 -1.8934416   0.4981881 ]
[ 0.26172987  0.04095409  0.52801514  0.40280408  2.3202653  -0.092196
 -0.4876841  -0.17164963 -0.51953256 -1.5873866   0.67285794 -0.64012015
  0.33030602  0.26200637 -1.8688812   0.5044168 ]
[ 0.25200933  0.08837865  0.5394131   0.39054862  2.2568648  -0.13942194
 -0.40039882 -0.20788915 -0.5812279  -1.6308095   0.7047833  -0.67792404
  0.37532797  0.32739586 -1.8588505   0.5182063 ]
[ 0.19853123  0.08554274  0.63689506  0.22447829  2.3382182  -0.13549198
 -0.541242   -0.17598054 -0.5636657  -1.7050594   0.75832236 -0.74826133
  0.388722    0.2613588  -1.6467543   0.5833403 ]
[ 0.22375211  0.08133747  0.6118102   0.27167732  2.3159723  -0.06754472
 -0.5134776  -0.16361551 -0.54683554 -1.644865    0.69080555 -0.66758513
  0.39580336  0.22742257 -1.7097063   0.45015827]
[ 0.2639623   0.04447236  0.61340153  0.27808768  2.3277805  -0.04804466
 -0.52612126 -0.16354358 -0.5395891  -1.5947468   0.66267717 -0.6571106
  0.41363272  0.20412676 -1.7306122   0.40487155]
[ 0.28341463  0.04653006  0.62069005  0.25082105  2.3346455  -0.04221019
 -0.49590406 -0.17059901 -0.5617473  -1.5651089   0.6545085  -0.6444356
  0.43956918  0.22091563 -1.7447121   0.32423896]
[ 0.24173935  0.09224803  0.6166978   0.2100883   2.3571184  -0.06117291
 -0.5183543  -0.17896654 -0.58849555 -1.626543    0.7535716  -0.68150294
  0.42956424  0.23281708 -1.680877    0.35330647]
[ 0.24919176  0.01777753  0.6871633   0.18562034  2.3693757  -0.00949257
 -0.53605354 -0.12323052 -0.5926603  -1.5884533   0.6331974  -0.65884346
  0.52668047  0.17721632 -1.6270678   0.23746304]
[ 0.29041114 -0.04218267  0.6865045   0.19309977  2.3933892  -0.04338985
 -0.52824265 -0.16761538 -0.71391904 -1.5630921   0.6814838  -0.7258353
  0.5966314   0.23511752 -1.571818    0.22563305]
[ 0.29423702 -0.09819958  0.7529386   0.15125981  2.3095295   0.02098705
 -0.51202697 -0.15053932 -0.74808514 -1.5301278   0.5557909  -0.6897491
  0.6837654   0.16781974 -1.4562278   0.19458339]
[ 0.27573338 -0.16797666  0.83347625  0.11713     2.1941993   0.1094685
 -0.50644046 -0.114227   -0.7724017  -1.474914    0.3653589  -0.6444332
  0.8338374   0.07547687 -1.3414309   0.16316238]
[ 0.29097348 -0.15202138  0.7642261   0.01146284  2.2507994  -0.10688628
 -0.5010275  -0.07924147 -0.8135623  -1.547162    0.5109877  -0.78611517
  0.79349643  0.13801865 -1.2595973   0.4409318 ]
[ 0.2805404  -0.18196252  0.8217942   0.0290335   2.1394641  -0.00530591
 -0.50143564 -0.08324422 -0.8157784  -1.543103    0.41112685 -0.70660436
  0.8205487   0.08768173 -1.1905749   0.3917114 ]
[ 0.27151385 -0.14912331  0.7417579   0.06683626  2.1461143  -0.05848465
 -0.47794428 -0.11490075 -0.7804136  -1.5528511   0.47203913 -0.72686136
  0.7340411   0.1466132  -1.2570021   0.4963066 ]
[ 0.20081826 -0.07999092  0.7620133   0.07533681  2.087915   -0.00941635
 -0.4920867  -0.12018033 -0.69184834 -1.605931    0.4570178  -0.70561033
  0.6809578   0.15124068 -1.2779548   0.52738476]
[ 0.18815318  0.05999313  0.6695014   0.17685601  2.1498098  -0.09943295
 -0.43452626 -0.21770473 -0.66789234 -1.6702614   0.5915473  -0.7225872
  0.5002288   0.24530068 -1.4440463   0.6393448 ]
[ 0.13770379  0.12031932  0.6469901   0.27312273  2.1758313  -0.009767
 -0.4825955  -0.19959755 -0.54450023 -1.6556752   0.57264847 -0.6398956
  0.34180194  0.22034311 -1.5924951   0.59914494]
[ 0.1211802   0.19373353  0.58208114  0.28845805  2.2182462   0.04690401
 -0.525717   -0.23884296 -0.48568988 -1.6643797   0.6463513  -0.5926739
  0.2959277   0.19159548 -1.679669    0.5644581 ]
[ 0.23439142  0.10888331  0.46555334  0.496349    2.256963    0.02248533
 -0.40238905 -0.3281749  -0.5637258  -1.4926157   0.6541943  -0.6272977
  0.24282627  0.3595657  -1.9474354   0.47736412]
[ 0.17010242  0.07948855  0.55863523  0.43965822  2.3041904   0.11255588
 -0.5214647  -0.24369974 -0.53419936 -1.4954307   0.5692236  -0.57410693
  0.31534353  0.27009222 -1.846875    0.34988633]
[ 0.31347588  0.05173467  0.47596192  0.44895667  2.3101058  -0.02092918
 -0.39603725 -0.27505928 -0.61446255 -1.4674231   0.6576606  -0.64920664
  0.28348997  0.38994288 -1.9487276   0.39383322]
[ 0.21657333  0.02725077  0.62768763  0.4271226   2.2769902   0.07923323
 -0.45013967 -0.2051003  -0.5956325  -1.4849911   0.5598606  -0.61057425
  0.32740355  0.3299143  -1.9016201   0.32586765]
[ 0.31088585 -0.03156121  0.5867492   0.3651641   2.294618   -0.0535476
 -0.4454022  -0.21055396 -0.6853739  -1.5231663   0.64340395 -0.6773982
  0.46343145  0.26142707 -1.785354    0.43880337]
[ 0.34221014 -0.16320196  0.5928503   0.32863864  2.277102   -0.07339948
 -0.42769608 -0.20562783 -0.76606554 -1.4517171   0.57379    -0.719813
  0.62053066  0.24714883 -1.6512932   0.42820072]
[ 0.3470662  -0.18335494  0.6136019   0.28044024  2.2299547  -0.13125049
 -0.3800456  -0.19708999 -0.8109164  -1.4752779   0.5528891  -0.7709881
  0.6677303   0.2779985  -1.5601795   0.49406284]
[ 0.26322392 -0.08262683  0.66827166  0.049103    2.2542298  -0.202474
 -0.49678808 -0.14825888 -0.79307234 -1.6074612   0.65477383 -0.8139723
  0.6407002   0.2182459  -1.3116875   0.6702424 ]
[ 0.22615895 -0.04433177  0.75095254  0.08889878  2.168575   -0.08764412
 -0.50703156 -0.15895705 -0.7170868  -1.6307108   0.56096196 -0.78542
  0.6203279   0.20783694 -1.346814    0.6158693 ]
[ 0.17923748  0.09208144  0.6676812   0.17014925  2.1861966  -0.13454147
 -0.45505676 -0.2599141  -0.6902291  -1.6994444   0.6881705  -0.80116713
  0.47563273  0.3008528  -1.477182    0.7232863 ]
[ 0.16709259  0.13788638  0.6176837   0.27668417  2.2029023  -0.09614719
 -0.47914082 -0.27514642 -0.64404845 -1.6795034   0.71778166 -0.7454357
  0.35393843  0.33041614 -1.6044756   0.683838  ]
[ 0.13744755  0.0908598   0.6381256   0.27902204  2.235369    0.02808307
 -0.59383726 -0.20508409 -0.52135843 -1.6148508   0.5969847  -0.6330884
  0.3610255   0.19098154 -1.6286265   0.60080576]
[ 0.20381315  0.09300464  0.56258684  0.4705967   2.228722    0.02976831
 -0.482444   -0.3229625  -0.60198    -1.5494622   0.6327921  -0.65022016
  0.30951253  0.36290234 -1.8268526   0.49783468]
[ 0.1774278   0.0878965   0.59301984  0.46466738  2.2239778   0.09730337
 -0.49797645 -0.23391005 -0.564139   -1.4966866   0.54665345 -0.57581025
  0.28611565  0.3523852  -1.8741043   0.36682352]
[ 0.15272193  0.06758095  0.57352513  0.3756153   2.3452516   0.02242494
 -0.5723542  -0.18317387 -0.53526574 -1.5720961   0.64573467 -0.62209135
  0.35973015  0.25929934 -1.7674019   0.4046689 ]
[ 0.24429348  0.03995992  0.5488982   0.424609    2.3421237  -0.02097087
 -0.48214522 -0.25093645 -0.6252066  -1.5417455   0.70188916 -0.67488027
  0.3512688   0.3673338  -1.867738    0.39500743]
[ 0.2165163   0.0151589   0.610899    0.4012228   2.284321    0.03802557
 -0.4467361  -0.20761307 -0.6462783  -1.4991009   0.58326983 -0.62170655
  0.427252    0.30428672 -1.8051374   0.29492053]
[ 0.25068656 -0.04561973  0.598617    0.27456033  2.3816628  -0.08285977
 -0.49147636 -0.20365934 -0.7194221  -1.5492308   0.6691354  -0.74291295
  0.5714091   0.24685268 -1.5989348   0.39386064]
[ 0.30072325 -0.07641417  0.60284704  0.28129405  2.2781487  -0.08160331
 -0.3961932  -0.19060948 -0.767509   -1.5147536   0.58981365 -0.72283125
  0.61354554  0.24934597 -1.5983073   0.38499105]
[ 0.2536591  -0.03560299  0.72914475  0.0332974   2.2873764  -0.09647422
 -0.52298427 -0.08587762 -0.7097395  -1.6194191   0.6062746  -0.7253293
  0.62264764  0.17452423 -1.3656456   0.4087874 ]
[ 0.26611766 -0.11659744  0.744769    0.19763884  2.2142072   0.00616666
 -0.4284773  -0.14696097 -0.7438364  -1.527859    0.44873828 -0.6871237
  0.6879027   0.17679639 -1.434166    0.2937413 ]
[ 0.2418472  -0.01266637  0.7301493   0.06740562  2.2262874  -0.09727065
 -0.4713359  -0.14655212 -0.6969865  -1.6304175   0.567612   -0.7480726
  0.64261216  0.2034646  -1.4231136   0.5052228 ]
[ 0.2069391   0.04612722  0.7086855   0.13132046  2.1825671  -0.04079131
 -0.45798692 -0.17843609 -0.67675316 -1.6327736   0.5787578  -0.6901225
  0.55805534  0.23607862 -1.5002626   0.48616153]
[ 0.16955046  0.02529447  0.6672169   0.26921684  2.1874077   0.04337506
 -0.4911376  -0.1166514  -0.543802   -1.6205982   0.49942055 -0.59673756
  0.49618044  0.15964477 -1.6057503   0.412903  ]
[ 0.21461613  0.09025384  0.6148421   0.24256408  2.230489   -0.03904915
 -0.53237873 -0.13458033 -0.5628799  -1.6087391   0.61202186 -0.6113854
  0.39906642  0.21857956 -1.6351557   0.45907173]
[ 0.2790531   0.0731989   0.5466911   0.37272245  2.1656651  -0.0358033
 -0.41976324 -0.19596788 -0.55187386 -1.5167793   0.5861227  -0.59159595
  0.32604092  0.31645846 -1.8300207   0.43141156]
[ 0.12921181  0.03240247  0.6315171   0.32685947  2.2507682   0.04114274
 -0.5359578  -0.15346263 -0.516866   -1.6013886   0.51095366 -0.59261847
  0.50373334  0.19943997 -1.6310917   0.36025158]
[ 0.18196517  0.05517947  0.5636202   0.4538622   2.263098   -0.02784083
 -0.43889672 -0.20008357 -0.5627445  -1.6167797   0.5946614  -0.6522853
  0.42609063  0.31583723 -1.8151646   0.41438484]
[ 0.24099073  0.08032883  0.6876629   0.2542904   2.2528372  -0.01779483
 -0.52697915 -0.07835175 -0.46007672 -1.6496146   0.5807902  -0.5757841
  0.33954972  0.18443717 -1.7699922   0.41143864]
[ 0.25672013  0.07062698  0.59436375  0.41496888  2.2382686  -0.03648112
 -0.42439634 -0.17775014 -0.5076716  -1.6079319   0.64275247 -0.58911407
  0.34031686  0.28615957 -1.896765    0.34622663]
[ 0.13746521  0.0977501   0.6872081   0.29714313  2.24352     0.04663211
 -0.55028903 -0.12315921 -0.48202807 -1.6857246   0.61888456 -0.5786088
  0.4394105   0.17356321 -1.7093674   0.33850494]
[ 0.15359756  0.09998122  0.6401292   0.24466825  2.2966418  -0.074332
 -0.53384316 -0.1187037  -0.52172613 -1.7422707   0.64944094 -0.63386583
  0.476451    0.16104062 -1.6158113   0.47583476]
[ 0.19142511  0.09609539  0.62523454  0.22696796  2.317311   -0.13195898
 -0.52291816 -0.16278335 -0.5632434  -1.7051356   0.727242   -0.7356071
  0.39537042  0.24307747 -1.6447289   0.60403484]
[ 0.22317341  0.06520712  0.59761995  0.28085464  2.3027127  -0.08464427
 -0.45928374 -0.16202757 -0.52549326 -1.6537025   0.6942271  -0.67649525
  0.37349397  0.2553514  -1.7338089   0.4578414 ]
[ 0.166227    0.13776842  0.62897587  0.28763968  2.261985   -0.01105139
 -0.5006148  -0.17784    -0.5183244  -1.7108072   0.6768662  -0.63800657
  0.38933557  0.21919945 -1.6917255   0.4359858 ]
[ 0.13975047  0.13403496  0.62704134  0.28220582  2.2643766   0.01586397
 -0.55074614 -0.17263564 -0.5127148  -1.7190031   0.621771   -0.6104709
  0.4405674   0.19580345 -1.6528225   0.45452747]
[ 0.18342157  0.11502662  0.59424436  0.32929808  2.2814512  -0.01736152
 -0.5214237  -0.17922035 -0.5279273  -1.6867933   0.65602267 -0.65014124
  0.38583523  0.23021546 -1.7221832   0.48714408]
[ 0.20106868  0.07720203  0.55693567  0.3288438   2.2948794  -0.02835559
 -0.51907957 -0.0987388  -0.47354084 -1.6271856   0.6743389  -0.62000155
  0.33581117  0.23175797 -1.8142078   0.43414372]
[ 0.22001156  0.04004122  0.561922    0.29893067  2.2866101  -0.02514035
 -0.5121159  -0.07563617 -0.4632721  -1.5432429   0.56336606 -0.5523778
  0.3574199   0.18898538 -1.7791512   0.38785696]
[ 0.31883305 -0.0388608   0.492033    0.37986943  2.2979531  -0.10378543
 -0.42150527 -0.19120586 -0.5944282  -1.4724096   0.59187585 -0.64649653
  0.4279456   0.32862487 -1.8579786   0.4442423 ]
[ 0.28568643  0.08176954  0.5391885   0.3506981   2.226155   -0.09062221
 -0.405128   -0.20427594 -0.60105336 -1.62413     0.6591748  -0.6599616
  0.43209487  0.3069488  -1.7898521   0.44888526]
[ 0.22164936  0.09318265  0.6341303   0.20691474  2.2813063  -0.11960693
 -0.5142005  -0.15569735 -0.5896865  -1.693998    0.73748165 -0.7288919
  0.44279307  0.24132094 -1.6266772   0.5272454 ]
[ 0.24100065  0.0797087   0.6623286   0.16650882  2.2216573  -0.03413787
 -0.5759533  -0.08117046 -0.5085502  -1.6721232   0.6423029  -0.602584
  0.4022197   0.13806361 -1.5888468   0.46562868]
[ 0.25960103 -0.01010472  0.61395025  0.3379151   2.2227044  -0.05285678
 -0.468686   -0.21813878 -0.62051004 -1.5748036   0.6115873  -0.6928646
  0.45578256  0.27106327 -1.6986784   0.5207206 ]
[ 0.28973615  0.02686341  0.6145326   0.30848905  2.19037    -0.07774105
 -0.38894987 -0.2394429  -0.62673104 -1.6089617   0.60482687 -0.70281065
  0.46208316  0.2566922  -1.6789291   0.52815473]
[ 0.22057872  0.09924265  0.5941287   0.22040486  2.2713244  -0.13843696
 -0.51114124 -0.19695133 -0.58773696 -1.6668621   0.717807   -0.7499153
  0.38984582  0.23160926 -1.6155784   0.68551457]
[ 0.22304139  0.13448632  0.5624803   0.21076424  2.2808657  -0.10643587
 -0.54907316 -0.17772979 -0.5304524  -1.655023    0.7189371  -0.66103774
  0.32250082  0.19903418 -1.6660173   0.65683585]
[ 0.29018018  0.08130667  0.4940959   0.35966927  2.2998004  -0.13935296
 -0.47311345 -0.2559872  -0.61120236 -1.5665675   0.73025775 -0.68905175
  0.2463549   0.36234635 -1.8351669   0.6686642 ]
[ 0.1834067   0.0553607   0.5830263   0.4542337   2.2724028  -0.03408327
 -0.5142462  -0.2225677  -0.5947403  -1.6070639   0.6129561  -0.65133554
  0.35435456  0.30168942 -1.7825966   0.5480819 ]
[ 0.19497594  0.06068491  0.55642664  0.38819206  2.3244286  -0.12021597
 -0.5231889  -0.22117157 -0.61130124 -1.6473185   0.72166836 -0.72840464
  0.3798753   0.31113356 -1.7498643   0.62438345]
[ 0.18343592  0.04158904  0.6016207   0.40611967  2.2859545  -0.0693561
 -0.49170026 -0.19632223 -0.6053799  -1.5955192   0.632192   -0.64114076
  0.38198942  0.28546557 -1.7721592   0.50971454]
[ 0.1781583   0.05813336  0.5905278   0.3404316   2.3462253  -0.1086603
 -0.54907596 -0.22145629 -0.6068319  -1.6654269   0.7158402  -0.7149778
  0.4198401   0.28145456 -1.6969612   0.5921854 ]
[ 0.17665769  0.04200609  0.60887563  0.3887116   2.2888207  -0.08548587
 -0.4920295  -0.20819446 -0.586975   -1.6420438   0.6457328  -0.6733829
  0.42813548  0.26295042 -1.7516998   0.5557704 ]
[ 0.16320518  0.12018828  0.6065963   0.2556065   2.3135872  -0.13640966
 -0.5265049  -0.21068826 -0.56376296 -1.7015755   0.7809515  -0.7435826
  0.33390817  0.27902812 -1.6727836   0.66392934]
[ 0.19896452  0.10359678  0.60886085  0.3288088   2.2749703  -0.05509689
 -0.464219   -0.2162703  -0.5369693  -1.6289222   0.68354464 -0.6536946
  0.31978488  0.25230655 -1.7458258   0.48673344]
[ 0.18509121  0.09925931  0.5909711   0.3014483   2.3321252  -0.03981426
 -0.5294132  -0.22675137 -0.53385746 -1.6501801   0.72406375 -0.68832934
  0.37652832  0.23743983 -1.6993425   0.47715655]
[ 0.21577951  0.11409166  0.5689567   0.30345875  2.3536067  -0.03467619
 -0.5091165  -0.2501306  -0.5720101  -1.6364542   0.7133864  -0.70541847
  0.36985627  0.24331176 -1.7058723   0.48913297]
[ 0.2280105   0.12617746  0.56284744  0.33155552  2.323016    0.00249592
 -0.4902583  -0.23679288 -0.58152604 -1.6070688   0.6810938  -0.66420174
  0.3616652   0.24749525 -1.7565043   0.4278903 ]
[ 0.26060152  0.03145186  0.5734123   0.35487375  2.3284543   0.01367035
 -0.47690934 -0.16058604 -0.5741785  -1.5138513   0.59688467 -0.6287188
  0.39353034  0.24039125 -1.8157552   0.3280291 ]
[ 0.35889718 -0.07820317  0.55687785  0.33912885  2.3696594  -0.06447109
 -0.43381587 -0.14799316 -0.62650764 -1.4588871   0.6351708  -0.6665572
  0.44525138  0.27413258 -1.8380321   0.28241473]
[ 0.42453116 -0.14869082  0.617561    0.28330752  2.3217533  -0.07385121
 -0.4259549  -0.11516377 -0.69270474 -1.402332    0.5234057  -0.63964474
  0.5292102   0.22703393 -1.7495406   0.26814902]
[ 0.3738112  -0.10917468  0.68179333  0.23323143  2.246852   -0.06463645
 -0.4303824  -0.10801093 -0.71983904 -1.4869543   0.5378694  -0.6818048
  0.6088917   0.22186673 -1.6474411   0.29180273]
[ 0.36608887 -0.00752241  0.6502554   0.05416725  2.290517   -0.21310738
 -0.49139127 -0.08243065 -0.6979009  -1.6503016   0.7315057  -0.77527744
  0.554815    0.17463227 -1.4266838   0.4785529 ]
[ 0.3264436  -0.07684102  0.8076456  -0.01717154  2.2442493  -0.12207103
 -0.543352   -0.05971382 -0.6978909  -1.6417614   0.6005841  -0.7577485
  0.63554466  0.11975303 -1.303038    0.43981305]
[ 0.25472787 -0.06934986  0.77007306 -0.0050636   2.2088501  -0.0934751
 -0.5628158  -0.08164497 -0.6612304  -1.6628021   0.5460004  -0.71309507
  0.67786825  0.09418321 -1.2690521   0.5256044 ]
[ 0.22963007 -0.02367937  0.6980557   0.10366757  2.212437   -0.10860815
 -0.52961123 -0.19123432 -0.6877037  -1.6562817   0.6077817  -0.7871603
  0.61454844  0.21018043 -1.3633571   0.6340734 ]
[ 0.22386149  0.07725831  0.66477853  0.14035432  2.1806774  -0.08626895
 -0.47223806 -0.2348341  -0.66377366 -1.6685168   0.64810175 -0.74809873
  0.51359594  0.2322067  -1.4597385   0.61532474]
[ 0.14318241  0.09343468  0.6324436   0.264068    2.2194057  -0.03820783
 -0.50982696 -0.19956619 -0.61196035 -1.6620067   0.6286737  -0.66652036
  0.4321584   0.22222474 -1.5808032   0.5947589 ]
[ 0.10247998  0.09373052  0.6140935   0.2962982   2.2689333  -0.00814046
 -0.5769839  -0.22195116 -0.5893265  -1.6714875   0.64325964 -0.6376401
  0.4239482   0.19901298 -1.5823023   0.6079403 ]
[ 0.16406354  0.04940722  0.5599329   0.53125286  2.2034779  -0.00427109
 -0.43630034 -0.3417352  -0.6940416  -1.5592196   0.62363845 -0.69742405
  0.35265064  0.4017945  -1.7982807   0.6053233 ]
[ 0.14800674  0.02066265  0.6050372   0.50027907  2.1741433   0.0390893
 -0.4299292  -0.27066177 -0.66163087 -1.5181869   0.51501966 -0.6293297
  0.37773338  0.36282828 -1.8225014   0.54775536]
[ 0.20529261  0.10154933  0.51010966  0.37918124  2.2310023  -0.1071576
 -0.42862406 -0.2497062  -0.6372755  -1.574724    0.7119587  -0.69289356
  0.2674096   0.37515786 -1.7907264   0.6617049 ]
[ 2.5072083e-01  3.5475820e-02  5.5472255e-01  4.3233204e-01
  2.2076306e+00  3.2725184e-05 -4.1667429e-01 -2.4722011e-01
 -5.8574700e-01 -1.4453822e+00  5.7452571e-01 -5.9837127e-01
  2.9595691e-01  3.3119226e-01 -1.8770449e+00  4.4262925e-01]
[ 0.31459838  0.11963847  0.47823054  0.41187555  2.2577393  -0.05577645
 -0.38251477 -0.31022772 -0.59940493 -1.520744    0.70441365 -0.672984
  0.2996544   0.36441603 -1.8940052   0.44089794]
[ 0.25071505  0.14581594  0.5528142   0.305795    2.3210826  -0.03247324
 -0.49970993 -0.27921352 -0.632582   -1.5836197   0.73328686 -0.6999005
  0.3482027   0.30664033 -1.7533691   0.47366634]
[ 0.22246177  0.06434817  0.5950238   0.3552664   2.3161      0.03847438
 -0.5063231  -0.20902371 -0.57668924 -1.535322    0.6184281  -0.63443345
  0.37610444  0.239785   -1.7546988   0.34306026]
[ 0.34160936 -0.02328323  0.5839      0.3834978   2.3282685  -0.02011614
 -0.43230838 -0.23542829 -0.6379951  -1.4857867   0.66058415 -0.69144
  0.38400567  0.30121422 -1.8466752   0.3391262 ]
[ 0.36973336 -0.10589652  0.6670554   0.35315865  2.255075    0.0158565
 -0.4205554  -0.21578936 -0.71897924 -1.4409623   0.5491665  -0.6597986
  0.49517822  0.25905284 -1.7405708   0.28529423]
[ 0.36232    -0.14997736  0.6699554   0.19769993  2.306585   -0.03825434
 -0.47373837 -0.17882204 -0.7453649  -1.5009463   0.5787393  -0.7294239
  0.65510494  0.19369784 -1.5184425   0.3201087 ]
[ 0.3026257  -0.16941278  0.6695237   0.16632143  2.3026457  -0.03632823
 -0.48981246 -0.1208939  -0.7412561  -1.5219395   0.51285416 -0.7629134
  0.7620522   0.09613029 -1.3688462   0.35185772]
[ 0.324653   -0.1626989   0.69090754 -0.01580686  2.3546722  -0.27130407
 -0.49346575 -0.0866339  -0.77370507 -1.5759374   0.6095795  -0.8718157
  0.7384954   0.1778628  -1.284695    0.6005086 ]
[ 0.26838407 -0.07781695  0.70693976  0.04617739  2.2895627  -0.16501908
 -0.5059604  -0.1209925  -0.7653089  -1.5895846   0.59335583 -0.78904444
  0.65584195  0.17685473 -1.3362863   0.5730138 ]
[ 0.25590172 -0.01749574  0.6822371   0.0957693   2.2308216  -0.18236668
 -0.48467016 -0.17094633 -0.7438837  -1.6408592   0.670259   -0.8211417
  0.5991552   0.278114   -1.4357111   0.6462017 ]
[ 0.25481877  0.01622836  0.66753095  0.19366288  2.202762   -0.12757127
 -0.49653524 -0.18061025 -0.67988    -1.6531055   0.6673745  -0.7450608
  0.47797808  0.27144113 -1.5022945   0.5932609 ]
[ 0.2228919   0.04750738  0.6613819   0.23048592  2.1368668  -0.08492645
 -0.46031898 -0.18541177 -0.63054353 -1.6301916   0.6405667  -0.67830575
  0.42422786  0.2785048  -1.6026039   0.58899623]
[ 0.11775486  0.08227573  0.7073457   0.23905066  2.128642    0.04145838
 -0.577274   -0.20246863 -0.5444539  -1.706611    0.5807022  -0.61549824
  0.4859082   0.13790074 -1.4761908   0.56185335]
[ 0.16740821  0.07311641  0.58414197  0.4507626   2.1926072  -0.01591697
 -0.46589875 -0.2812625  -0.5997263  -1.6322968   0.6171475  -0.6837613
  0.36628065  0.2901197  -1.723308    0.62239605]
[ 0.18315284  0.1540981   0.5620337   0.30012497  2.2083876  -0.05690496
 -0.5211542  -0.2090311  -0.53671587 -1.6450564   0.67374706 -0.6473606
  0.27001023  0.24793091 -1.6856369   0.66689545]
[ 0.27216363  0.1033055   0.48672086  0.43159777  2.2562451  -0.08790372
 -0.45131955 -0.27493963 -0.5545417  -1.5320642   0.6885915  -0.68739665
  0.17049506  0.38664714 -1.9178066   0.673251  ]
[ 0.22994229  0.09856202  0.5505346   0.5198231   2.2153404   0.0456531
 -0.46282095 -0.24888857 -0.5316419  -1.4873184   0.5694807  -0.5786166
  0.18767945  0.36612022 -1.9767517   0.45909232]
[ 0.291622    0.05251894  0.5126461   0.46604282  2.318369   -0.02474971
 -0.48707825 -0.26259008 -0.59800243 -1.5255077   0.6487956  -0.67349684
  0.28116128  0.356892   -1.9157826   0.5165324 ]
[ 0.3184665   0.04056581  0.5691447   0.42821008  2.3001523  -0.0034565
 -0.4777276  -0.16659999 -0.5627419  -1.5043942   0.59386885 -0.6122304
  0.27771705  0.29456678 -1.9335165   0.3906028 ]
[ 0.32122025  0.02441092  0.54226226  0.27081943  2.3928607  -0.14236832
 -0.5413629  -0.11500306 -0.56981945 -1.5802019   0.7519817  -0.6907814
  0.34582072  0.2776335  -1.7931799   0.45937473]
[ 0.27088436 -0.05911212  0.66628325  0.32431656  2.337641   -0.0405569
 -0.52437    -0.08105798 -0.5819095  -1.5194652   0.5598772  -0.62487954
  0.4482481   0.25338697 -1.7760137   0.29500154]
[ 0.28350073 -0.05963976  0.6383385   0.2404726   2.3865933  -0.15923288
 -0.54099196 -0.08953501 -0.64871216 -1.6472038   0.63987225 -0.72768575
  0.6274733   0.19085239 -1.6110992   0.43036246]
[ 0.2588689  -0.04322858  0.6615304   0.13181014  2.3758178  -0.21802323
 -0.55853665 -0.07680366 -0.66718787 -1.6805449   0.6935806  -0.8165067
  0.6061858   0.18948731 -1.4535338   0.5555925 ]
[ 0.30194354 -0.01771724  0.6932386   0.07687543  2.3044581  -0.17320116
 -0.52467334 -0.07152395 -0.6406306  -1.6637332   0.6665971  -0.772698
  0.5201441   0.16194047 -1.4524314   0.5499388 ]
[ 0.28283244  0.00401756  0.67757374  0.09011589  2.2560916  -0.16863962
 -0.48479694 -0.10124725 -0.64105624 -1.6738955   0.63871866 -0.7291125
  0.5424048   0.16953549 -1.4612802   0.5582043 ]
[ 0.22639361  0.047289    0.6814753   0.07756139  2.2494445  -0.14511226
 -0.5313109  -0.13324197 -0.5920288  -1.7288086   0.6789783  -0.76173955
  0.50688213  0.2009625  -1.4303242   0.61566705]
[ 0.19367203  0.114745    0.619692    0.15338099  2.2757418  -0.11783071
 -0.49787846 -0.19925289 -0.576577   -1.7069212   0.70479804 -0.7420465
  0.4536063   0.23306589 -1.5165383   0.5701849 ]
[ 0.21151868  0.14843175  0.5785585   0.22103453  2.2958722  -0.09681056
 -0.49857727 -0.18918976 -0.5399209  -1.6494633   0.70072603 -0.7038145
  0.37799424  0.24607155 -1.6797043   0.5375789 ]
[ 0.25161478  0.16639358  0.5834505   0.1798317   2.2922208  -0.01188142
 -0.5535157  -0.12886854 -0.45292544 -1.6411902   0.6720934  -0.60692275
  0.29470867  0.15064618 -1.7120473   0.4746124 ]
[ 0.29620045  0.1524647   0.50715303  0.3599915   2.2676659  -0.04793043
 -0.44305906 -0.21870987 -0.52616686 -1.5543574   0.71893036 -0.6382182
  0.21474485  0.31869093 -1.9089291   0.45736942]
[ 0.30210018  0.06262611  0.5830809   0.31217036  2.292661   -0.03479291
 -0.47244707 -0.10382936 -0.47056502 -1.5171854   0.6176104  -0.5947
  0.2789579   0.25076646 -1.910072    0.354906  ]
[ 0.41361886  0.0370542   0.5278526   0.24067995  2.3345985  -0.16145954
 -0.41859722 -0.13655226 -0.5972454  -1.5294341   0.74743664 -0.66854215
  0.32901928  0.3268075  -1.8543644   0.35945484]
[ 0.35114232 -0.0493548   0.679966    0.20176223  2.3215897  -0.06452896
 -0.5190432  -0.14164609 -0.66974366 -1.5742193   0.6385412  -0.7088366
  0.54536855  0.2020905  -1.621403    0.35859862]
[ 0.3262705  -0.05625397  0.71061814  0.1800006   2.2566733  -0.03559594
 -0.502221   -0.10840498 -0.66848826 -1.5747422   0.56697714 -0.6757122
  0.62215817  0.12198601 -1.559305    0.34641838]
[ 0.33405885 -0.02964171  0.6771559   0.05562801  2.3264508  -0.21417637
 -0.51641655 -0.08787017 -0.7177576  -1.6441729   0.7122167  -0.7933342
  0.56780756  0.16657254 -1.4078641   0.5287277 ]
[ 0.26309943 -0.0555004   0.75145686  0.04326415  2.2911384  -0.13042267
 -0.555817   -0.06737264 -0.69913393 -1.6718781   0.61249375 -0.75204176
  0.61743104  0.11966299 -1.3184911   0.5097315 ]
[ 0.21896616 -0.04012327  0.6888448   0.09203017  2.3039882  -0.18507865
 -0.5459444  -0.1531447  -0.7313997  -1.6782849   0.6559054  -0.81326807
  0.62657815  0.20202312 -1.3470159   0.66910213]
[ 0.20789655 -0.00727051  0.66583985  0.10686282  2.2440972  -0.1272809
 -0.52007025 -0.1760098  -0.6781711  -1.6634299   0.64592165 -0.80038357
  0.57959825  0.23374458 -1.4081602   0.6599893 ]
[ 0.25926572  0.07748271  0.617037    0.14560382  2.2395442  -0.13719894
 -0.44996125 -0.19899763 -0.6422327  -1.6178353   0.6568648  -0.7461363
  0.44495553  0.267191   -1.555245    0.60209733]
[ 0.24876793  0.10986876  0.5519408   0.23336883  2.2857296  -0.1092702
 -0.47119132 -0.18695053 -0.5611352  -1.5860239   0.6812182  -0.6765666
  0.36186033  0.2529304  -1.7023642   0.5273545 ]
[ 1.7131537e-01  1.2358005e-01  6.0014313e-01  2.1440935e-01
  2.3265679e+00 -1.8212140e-03 -5.6035268e-01 -1.6965529e-01
 -4.9588832e-01 -1.6292099e+00  6.7372906e-01 -6.3307428e-01
  3.6370948e-01  1.6433457e-01 -1.6493282e+00  4.5882043e-01]
[ 0.22755143  0.09503686  0.5487235   0.3833037   2.3088937  -0.00637262
 -0.43730345 -0.29020137 -0.6082217  -1.5507698   0.6836444  -0.66504085
  0.3579835   0.3450617  -1.8279562   0.38922432]
[ 0.2101866   0.04427664  0.6361896   0.33996177  2.2935913   0.05037842
 -0.44691116 -0.1981942  -0.5954444  -1.5179236   0.58161455 -0.6233289
  0.42099285  0.26925904 -1.8091301   0.29400325]
[ 0.30131269 -0.0093889   0.6106276   0.2039078   2.3820937  -0.0654767
 -0.48262382 -0.17660321 -0.6542099  -1.5231813   0.68478805 -0.70358676
  0.4739929   0.24710524 -1.6979845   0.35989904]
[ 0.33667892 -0.06997756  0.6422533   0.25819275  2.2740464  -0.0230486
 -0.42831144 -0.16614285 -0.68964034 -1.4616711   0.5652197  -0.64735055
  0.5301771   0.21813293 -1.6794475   0.2893055 ]
[ 2.6105914e-01 -8.9736298e-02  7.4047959e-01  1.8896870e-01
  2.2432766e+00  6.6314486e-04 -4.5850962e-01 -1.3719952e-01
 -7.0433682e-01 -1.4896786e+00  4.9209791e-01 -6.7280132e-01
  6.3711452e-01  1.8374023e-01 -1.5483614e+00  3.0276400e-01]
[ 0.3399555  -0.07536824  0.6334235   0.08699944  2.2989957  -0.18717685
 -0.45673877 -0.12464549 -0.76805913 -1.5464188   0.6180186  -0.76466185
  0.6257337   0.20423034 -1.4055954   0.47862834]
[ 0.265827   -0.11002108  0.73456305  0.08825868  2.2426326  -0.10295995
 -0.5083945  -0.09575512 -0.7415797  -1.5524298   0.52353585 -0.7542307
  0.6740955   0.16880384 -1.3559659   0.48051134]
[ 0.28796202 -0.12686054  0.73761237  0.10578109  2.1669002  -0.07633093
 -0.48102355 -0.09273231 -0.7159127  -1.5181122   0.45086575 -0.68358946
  0.65971315  0.15832141 -1.3935097   0.4777165 ]
[ 0.3110934  -0.02944424  0.6261307   0.16543777  2.157934   -0.10712466
 -0.4094324  -0.13769905 -0.64693815 -1.5613575   0.56714374 -0.703228
  0.50156415  0.228827   -1.5507935   0.5469676 ]
[ 0.26829562  0.03635316  0.6783682   0.17918344  2.1869307  -0.03845137
 -0.43543896 -0.16158567 -0.60636103 -1.5857474   0.54256386 -0.67225194
  0.4724516   0.17823932 -1.5413526   0.4566144 ]
[ 0.2771416   0.07378405  0.5762483   0.23122609  2.273461   -0.08894761
 -0.4437639  -0.16632038 -0.54881    -1.5660102   0.64807546 -0.6564142
  0.38148314  0.21014938 -1.7000129   0.45529133]
[ 0.2270581   0.08227431  0.6257728   0.18675187  2.3033195   0.0038524
 -0.53448695 -0.1394022  -0.5039775  -1.5934155   0.617071   -0.6180582
  0.4080554   0.12521866 -1.6261568   0.39124298]
[ 0.29049832  0.07691383  0.5460235   0.37367377  2.3028789  -0.02852864
 -0.41370177 -0.22684519 -0.5889514  -1.5473771   0.6378828  -0.6468147
  0.37247694  0.28270894 -1.832501    0.35462317]
[ 3.0600348e-01  5.5558950e-02  6.2439924e-01  3.3279249e-01
  2.2772288e+00  1.2126208e-03 -4.0192285e-01 -1.6758402e-01
 -5.8708954e-01 -1.5238001e+00  5.9567249e-01 -6.2395644e-01
  3.8626745e-01  2.7299795e-01 -1.8592983e+00  2.5986120e-01]
[ 0.34018037  0.0273056   0.610573    0.20139411  2.3692055  -0.06557252
 -0.49571544 -0.13139586 -0.57778245 -1.5770457   0.7159303  -0.6821164
  0.4262723   0.23051147 -1.7648786   0.3219914 ]
[ 0.38680235 -0.05015091  0.66142976  0.23136878  2.2780738  -0.0196082
 -0.46803683 -0.09854319 -0.615767   -1.5064408   0.57052624 -0.6012924
  0.507504    0.18365821 -1.7395313   0.22565594]
[ 0.3317135  -0.0580662   0.70679426  0.15213612  2.2550461  -0.05076211
 -0.5023914  -0.06232574 -0.6467905  -1.5688326   0.5470805  -0.6567539
  0.610313    0.150511   -1.5870712   0.3293995 ]
[ 0.3688612  -0.04134998  0.63473547  0.04313282  2.3138623  -0.22255234
 -0.48694363 -0.05575792 -0.6735455  -1.6311477   0.7037648  -0.77210486
  0.5681707   0.18487892 -1.4440742   0.465691  ]
[ 0.32903707 -0.10805424  0.7710268   0.01724258  2.2967992  -0.11297397
 -0.526535   -0.04717581 -0.68090063 -1.6209625   0.5724555  -0.75820905
  0.64165115  0.12272966 -1.336095    0.39351678]
[ 0.33527446 -0.09869285  0.77064335 -0.03065649  2.2633843  -0.08991814
 -0.5360288  -0.03205986 -0.6543124  -1.5772506   0.48832408 -0.69044226
  0.6833704   0.09275289 -1.3317608   0.36142462]
[ 0.26751027 -0.04437523  0.6759094   0.06592809  2.2999861  -0.09260885
 -0.5454205  -0.13000035 -0.6644701  -1.5880497   0.5756601  -0.7439676
  0.67518127  0.15912104 -1.3888351   0.43535107]
[ 0.24781647  0.02966445  0.6595204   0.12377296  2.2909284  -0.07838822
 -0.49604282 -0.17274089 -0.6632701  -1.6132519   0.6072257  -0.72574055
  0.6094329   0.19780421 -1.4699072   0.40960735]
[ 0.23047252  0.04652568  0.66327137  0.1793496   2.2729657  -0.02880002
 -0.5059612  -0.09660473 -0.6237671  -1.5970366   0.5605204  -0.6239699
  0.5325184   0.18555912 -1.5746734   0.33292192]
[ 0.2550511   0.0125192   0.67151386  0.19875494  2.2512648   0.02110504
 -0.5319097  -0.07383324 -0.5623743  -1.5687168   0.54188794 -0.5852677
  0.47366896  0.15122122 -1.6184555   0.3150074 ]
[ 0.34040263 -0.11877079  0.62438893  0.33988148  2.2684548  -0.00524143
 -0.42977262 -0.15775129 -0.6562861  -1.4355471   0.5172087  -0.6535701
  0.5277691   0.22857447 -1.705705    0.26391584]
[ 0.41421834 -0.09376106  0.59664226  0.28531843  2.2196822  -0.05519068
 -0.3529568  -0.1323256  -0.65283936 -1.4311593   0.49334717 -0.651715
  0.5345759   0.2009509  -1.7094195   0.28449756]
[ 0.3589881  -0.0283711   0.66694564  0.04020786  2.3263729  -0.11469314
 -0.5061776  -0.03801186 -0.6114589  -1.5709627   0.5561284  -0.6729946
  0.58973634  0.09382796 -1.4860866   0.3505311 ]
[ 0.38862354 -0.02770621  0.60375065  0.14397702  2.3672879  -0.15950426
 -0.4456244  -0.07805298 -0.633509   -1.5454895   0.61633885 -0.71010906
  0.53205884  0.18408208 -1.6498954   0.36670217]
[ 0.42880946 -0.01790566  0.6359855   0.14060804  2.348826   -0.14209124
 -0.46302152 -0.05263293 -0.60127497 -1.5684603   0.63144606 -0.6902246
  0.4552001   0.17365916 -1.6730648   0.34561676]
[ 0.4167913   0.00519637  0.6474054   0.14242914  2.3114288  -0.10321172
 -0.5141938  -0.01848786 -0.5568458  -1.6167247   0.6201812  -0.6511618
  0.47773165  0.14381105 -1.6485491   0.29445314]
[ 0.43356133 -0.03662208  0.7203857   0.09602441  2.2652328  -0.06058115
 -0.5271012   0.01978334 -0.5254139  -1.6115787   0.5616959  -0.6484335
  0.51251274  0.10599639 -1.5972141   0.23981437]
[ 0.4460637  -0.02762782  0.6770355   0.071399    2.3284953  -0.16984347
 -0.5164605   0.01084194 -0.5601741  -1.6554438   0.6266643  -0.69259655
  0.54772866  0.12016787 -1.5784489   0.32320786]
[ 0.43324536 -0.02727237  0.7045016   0.01729271  2.3321395  -0.19111446
 -0.5722448   0.04094764 -0.5572885  -1.6815981   0.6499315  -0.7234181
  0.5896059   0.12164625 -1.5314484   0.34644657]
[ 0.44087714 -0.01212119  0.7095484  -0.00516948  2.3307993  -0.16047542
 -0.57289237  0.0528601  -0.508134   -1.6921864   0.64983547 -0.68087023
  0.5453532   0.04261471 -1.5065594   0.31728142]
[ 0.39691252 -0.02474963  0.68452847  0.07156109  2.3906596  -0.20155473
 -0.5695295   0.01992762 -0.5873531  -1.6817001   0.69391644 -0.7443091
  0.5828382   0.14445679 -1.5491368   0.32377285]
[ 0.42424673 -0.02968141  0.71148145 -0.03854681  2.3632975  -0.17398417
 -0.59459144  0.07270305 -0.5335355  -1.683869    0.6459231  -0.67991763
  0.59006417  0.04181574 -1.4656492   0.30059746]
[ 0.3725539  -0.05590653  0.68940866  0.05133704  2.4235709  -0.21025226
 -0.59659445  0.02946668 -0.6005505  -1.6691749   0.6724745  -0.7460476
  0.6097032   0.13263747 -1.4876869   0.33630472]
[ 0.40842882 -0.06641523  0.70560044  0.04510469  2.3624806  -0.17489421
 -0.5757801   0.03050323 -0.5999251  -1.648148    0.6535708  -0.7534849
  0.6322365   0.12678684 -1.4906195   0.29391947]
[ 0.4299353  -0.05358934  0.750306   -0.03372844  2.3313985  -0.17889857
 -0.5704373   0.04507565 -0.5910119  -1.672178    0.62156343 -0.7140414
  0.6325911   0.08363706 -1.4360929   0.30581284]
[ 4.1222057e-01 -3.1187575e-02  7.5889570e-01  5.9085786e-03
  2.3209939e+00 -1.4690425e-01 -5.6007010e-01 -1.9373596e-04
 -6.3063145e-01 -1.6763388e+00  6.0622376e-01 -7.2495967e-01
  6.3698614e-01  1.0639594e-01 -1.4341724e+00  3.0800623e-01]
[ 0.40195733 -0.03238586  0.75582683 -0.0551956   2.2849205  -0.11562304
 -0.583234    0.06430627 -0.5456542  -1.699927    0.5920319  -0.6757622
  0.6575592   0.04065585 -1.3981138   0.2582278 ]
[ 0.41074848 -0.02985773  0.7079923   0.00507284  2.3421922  -0.17335291
 -0.5522645   0.01388868 -0.59762657 -1.6560936   0.6347309  -0.7246264
  0.59491014  0.093034   -1.4568907   0.34037298]
[ 0.416996   -0.03476798  0.73511255 -0.0267986   2.3169847  -0.17156272
 -0.5578424   0.03579244 -0.57222813 -1.652767    0.62683356 -0.70995605
  0.60302675  0.10644887 -1.4725807   0.30777898]
[ 0.3946525  -0.00555232  0.72172195 -0.01081805  2.3183827  -0.13418488
 -0.57299757  0.03899325 -0.54325736 -1.6812      0.60461515 -0.6648328
  0.59422433  0.0489462  -1.4421732   0.28467268]
[ 0.36290318 -0.04625135  0.72008497  0.06920703  2.3686283  -0.1551611
 -0.5589345  -0.01418423 -0.5982067  -1.6600769   0.64463866 -0.7444842
  0.62133265  0.15171838 -1.5066645   0.2952173 ]
[ 0.41041774 -0.02169574  0.7331344  -0.00917103  2.3421016  -0.12900737
 -0.5640529   0.05218613 -0.55942017 -1.6642034   0.59883    -0.67137253
  0.5923085   0.06973242 -1.4835119   0.25314587]
[ 0.39685327 -0.01479949  0.7318784   0.00834767  2.3392758  -0.14043973
 -0.5615652   0.01112246 -0.5824819  -1.650226    0.671734   -0.71758896
  0.5730992   0.16287586 -1.5386894   0.258384  ]
[ 0.4059133  -0.03907406  0.73146826  0.04317288  2.3117993  -0.06555561
 -0.5321018   0.02976161 -0.57090557 -1.6251361   0.5591336  -0.64591974
  0.64387864  0.06413075 -1.4986687   0.13359198]
[ 0.43630046 -0.05384464  0.7488884  -0.02477013  2.3458068  -0.15169057
 -0.5570049   0.02734843 -0.6144834  -1.6272885   0.61823237 -0.7244799
  0.64579177  0.10477114 -1.4592226   0.233634  ]
[ 0.4217959  -0.02961702  0.7577302  -0.05492252  2.320101   -0.12242085
 -0.57764286  0.06710513 -0.5718418  -1.6668774   0.603799   -0.6653186
  0.6512722   0.03654704 -1.4076037   0.18504193]
[ 0.42625222 -0.07516605  0.76766574 -0.00645685  2.3245807  -0.12826021
 -0.56195843  0.02982709 -0.6386956  -1.63989     0.5959767  -0.72874343
  0.6723291   0.10949405 -1.4204638   0.22111318]
[ 0.46399707 -0.06633192  0.7954075  -0.07141879  2.2742581  -0.09325495
 -0.5613346   0.0611365  -0.60596544 -1.6439301   0.52721727 -0.65409565
  0.6775924   0.00904916 -1.3688532   0.20466132]
[ 0.46473703 -0.06182446  0.732901   -0.00349041  2.3020413  -0.14973485
 -0.5510949   0.02237156 -0.65273535 -1.6347538   0.57468766 -0.7254633
  0.67137307  0.07770155 -1.4035228   0.2879219 ]
[ 4.9554881e-01 -7.7549241e-02  7.1892136e-01 -9.6565425e-02
  2.2706141e+00 -1.4470096e-01 -5.6809640e-01  9.5390119e-02
 -5.6330544e-01 -1.6525724e+00  5.5883145e-01 -6.7951858e-01
  6.9543952e-01 -8.5148218e-05 -1.3657374e+00  2.6375058e-01]
[ 0.48678932 -0.06162385  0.7251755  -0.05850891  2.3299634  -0.20864472
 -0.53705794  0.05477415 -0.61091197 -1.6372473   0.60477793 -0.7243565
  0.61121917  0.08163557 -1.4530138   0.3492527 ]
[ 0.4519156  -0.05443181  0.73760283 -0.06607761  2.3036492  -0.16781048
 -0.573767    0.0948388  -0.563058   -1.6763397   0.57739204 -0.6790646
  0.6722423   0.04599128 -1.4406153   0.28777963]
[ 4.12787497e-01 -3.68146971e-02  6.95445955e-01 -1.51705742e-03
  2.37665510e+00 -2.14774847e-01 -5.66808581e-01  4.36424762e-02
 -5.81547379e-01 -1.67629051e+00  6.81565940e-01 -7.37564087e-01
  6.02519512e-01  1.08389355e-01 -1.49432302e+00  3.39579105e-01]
[ 0.368084   -0.02483072  0.7080665   0.03697712  2.38376    -0.16367133
 -0.5760068   0.0202932  -0.58368176 -1.6922601   0.6676088  -0.73192626
  0.59059393  0.10207286 -1.4717184   0.31756243]
[ 0.389942    0.00723214  0.70774585 -0.04684005  2.3598313  -0.17545143
 -0.58917964  0.05542243 -0.55292314 -1.7021185   0.65576935 -0.6899605
  0.6032166   0.0471172  -1.4294271   0.31136507]
[ 0.3525925  -0.04355853  0.714945   -0.00298967  2.389065   -0.1979371
 -0.5884491   0.01736264 -0.57321984 -1.6672928   0.6800698  -0.76481533
  0.636339    0.15505424 -1.4840872   0.32744765]
[ 0.34050912 -0.01285454  0.7477053   0.03396674  2.3739421  -0.13728848
 -0.5602299  -0.02816643 -0.60234976 -1.6758865   0.6540243  -0.7282251
  0.60355884  0.13246343 -1.4691007   0.27761412]
[ 0.39307457  0.01216424  0.7881799   0.00618373  2.2871866  -0.11475445
 -0.5468756  -0.00638431 -0.61081475 -1.6899792   0.6034344  -0.701613
  0.61473805  0.13023908 -1.4773401   0.26207298]
[ 0.3937693   0.02589101  0.78846896  0.0122374   2.217361   -0.03471277
 -0.56962574  0.02885533 -0.5221443  -1.7245312   0.5825373  -0.6461339
  0.61146134  0.02964227 -1.4331249   0.18761568]
[ 3.6911985e-01 -1.7997057e-03  7.6179391e-01  4.3037154e-02
  2.2939770e+00 -1.0311465e-01 -5.5077147e-01 -1.5732974e-03
 -5.8262354e-01 -1.7154499e+00  6.3447458e-01 -7.0611393e-01
  5.9970033e-01  1.2218876e-01 -1.4714855e+00  2.5750691e-01]
[ 0.40453196  0.00555527  0.77326506 -0.06776857  2.2671127  -0.07348142
 -0.56913     0.04669947 -0.53873885 -1.7009153   0.5472693  -0.63216245
  0.61815786  0.01404122 -1.4077914   0.26431742]
[ 0.40098873 -0.02629383  0.70791817  0.01768777  2.3350582  -0.17124082
 -0.55892956  0.01735798 -0.5933398  -1.6650909   0.6051008  -0.7091225
  0.60688937  0.11694767 -1.498696    0.36795244]
[ 3.5541040e-01 -5.0514014e-03  6.8688411e-01  9.7511850e-02
  2.3277497e+00 -1.2976709e-01 -5.5548573e-01  2.0930232e-03
 -5.5136484e-01 -1.6894944e+00  6.5899146e-01 -7.2177202e-01
  6.0546988e-01  1.0834173e-01 -1.5335900e+00  2.9396144e-01]
[ 3.97902906e-01 -1.37886999e-03  7.29366660e-01  1.54351648e-02
  2.33427048e+00 -1.51537344e-01 -5.38073242e-01  2.57969461e-02
 -5.39924502e-01 -1.67090297e+00  6.44055247e-01 -6.97285950e-01
  5.23635864e-01  1.03311524e-01 -1.52817810e+00  3.03862631e-01]
[ 0.3636205   0.05104036  0.749233   -0.01608091  2.318987   -0.11767937
 -0.59040844  0.04347802 -0.51410353 -1.748895    0.62724763 -0.642961
  0.56170684  0.06547081 -1.4845814   0.2848563 ]
[ 3.4947547e-01  1.3214332e-02  6.9726104e-01  9.6036181e-02
  2.3436272e+00 -1.7182170e-01 -5.7927763e-01  1.2276411e-03
 -5.3572178e-01 -1.7279947e+00  6.8631279e-01 -7.3781371e-01
  5.4689246e-01  1.5309203e-01 -1.5479027e+00  3.6571121e-01]
[ 0.34190315  0.02606491  0.70975584  0.097028    2.3227997  -0.12962557
 -0.5570469  -0.01257707 -0.52933216 -1.7249031   0.6794902  -0.7241694
  0.5621475   0.15359764 -1.5555311   0.2902131 ]
[ 0.37114954  0.05861716  0.764197    0.0090145   2.298921   -0.10856734
 -0.5665913   0.02219442 -0.5118254  -1.751347    0.6375449  -0.6667682
  0.5356105   0.0951613  -1.520859    0.2839252 ]
[ 0.3528905   0.06107163  0.7454196  -0.01622083  2.281303   -0.09774267
 -0.58900434  0.06041057 -0.46190435 -1.7743422   0.6459311  -0.6286582
  0.585876    0.06040884 -1.5050174   0.22789523]
[ 0.3406795   0.02993395  0.71477264  0.09951576  2.3423638  -0.1266068
 -0.5620424  -0.01214598 -0.5446473  -1.7268299   0.6893761  -0.72120684
  0.55706036  0.13636932 -1.5542822   0.2871563 ]
[ 0.3399982   0.05181774  0.75554067  0.01638285  2.319733   -0.09523493
 -0.5828261   0.01180491 -0.511936   -1.7449868   0.6833577  -0.68811166
  0.56999815  0.0998471  -1.5134246   0.23589353]
[ 0.34110984  0.06836312  0.76455355 -0.02115739  2.3083782  -0.08133402
 -0.58372587  0.02521456 -0.5057497  -1.7556832   0.6602599  -0.6507045
  0.5625835   0.05100913 -1.4628894   0.22840436]
[ 0.3219579   0.01206076  0.72972214  0.04112007  2.346725   -0.12756468
 -0.58066905 -0.0111035  -0.56074136 -1.717704    0.68507624 -0.7278897
  0.6175757   0.15242653 -1.5011381   0.2690228 ]
[ 0.3404317   0.03734269  0.76540774  0.03033221  2.3034132  -0.09539916
 -0.5632004  -0.00860366 -0.5601794  -1.7237456   0.6509922  -0.69700587
  0.5804641   0.10993568 -1.4780067   0.2570062 ]
[ 0.36091018  0.02352395  0.76531297  0.03279799  2.2756827  -0.09139596
 -0.5629528  -0.01251596 -0.56365174 -1.7197434   0.6445179  -0.70207494
  0.5834304   0.1251169  -1.477421    0.2677783 ]
[ 0.36093011  0.03702066  0.7836878  -0.01928743  2.2357926  -0.0586645
 -0.5751489   0.02194097 -0.5246943  -1.7403492   0.582512   -0.63685703
  0.6310137   0.03531794 -1.4116814   0.22786602]
[ 3.4677500e-01  1.2436181e-03  7.5269133e-01  4.2461183e-02
  2.2806630e+00 -1.0602619e-01 -5.6830931e-01 -3.1589195e-02
 -5.6905305e-01 -1.7122347e+00  6.3829577e-01 -7.1936393e-01
  5.9451550e-01  1.2691389e-01 -1.4578488e+00  3.3240423e-01]
[ 0.35108984  0.02003682  0.7682519  -0.02359209  2.2639635  -0.08539687
 -0.5788814   0.02986704 -0.52640027 -1.7318462   0.5833045  -0.6437896
  0.6231902   0.06192739 -1.426277    0.26506224]
[ 0.34004375  0.00282654  0.7346384   0.0562758   2.30571    -0.12300192
 -0.56301856 -0.00663279 -0.550526   -1.7082876   0.65572214 -0.71382356
  0.5750849   0.13465884 -1.5058296   0.31664094]
[ 0.32412094  0.02506123  0.7469026   0.01444589  2.3027472  -0.09032385
 -0.57302034  0.01878611 -0.5063054  -1.7215983   0.6164833  -0.6547425
  0.58400524  0.07091054 -1.467523    0.25997692]
[ 0.29990563  0.03379424  0.7275654   0.09655909  2.3423936  -0.11669211
 -0.5560236  -0.04965919 -0.5806996  -1.7100681   0.6587321  -0.713476
  0.57480246  0.14133188 -1.5110279   0.31384784]
[ 0.32982087  0.01638364  0.75150746  0.03119773  2.3236682  -0.08028787
 -0.58162415  0.00476    -0.5245118  -1.7061508   0.60204756 -0.65902585
  0.5810408   0.06625935 -1.4730208   0.26827654]
[ 3.4318265e-01  6.0336886e-04  6.9648719e-01  1.2875943e-01
  2.3430095e+00 -1.3630739e-01 -5.4965544e-01 -3.6268406e-02
 -5.9204417e-01 -1.6679758e+00  6.5185910e-01 -7.3173064e-01
  5.3695238e-01  1.6369280e-01 -1.5456555e+00  3.4722826e-01]
[ 0.3651647   0.011081    0.757717    0.04459119  2.264098   -0.08787545
 -0.5633172   0.01972418 -0.526735   -1.6793556   0.6175777  -0.67637664
  0.5402995   0.14570831 -1.5577316   0.27427596]
[ 0.40463886 -0.01857587  0.78061885  0.12367121  2.2123523  -0.01706487
 -0.48317367 -0.01542608 -0.5452573  -1.6395983   0.49512902 -0.6064393
  0.5869896   0.11061893 -1.587383    0.14449419]
[ 3.4355325e-01  3.3390146e-02  7.3065454e-01  4.9795639e-02
  2.3017449e+00 -1.1304285e-01 -5.6679040e-01  1.5596152e-04
 -5.4786998e-01 -1.7420324e+00  6.6026962e-01 -6.9274276e-01
  6.1491352e-01  1.3010199e-01 -1.5216180e+00  2.6864120e-01]
[ 3.7066585e-01  4.6562403e-02  7.3405755e-01 -2.2040159e-03
  2.2904315e+00 -8.3287783e-02 -5.7502550e-01  3.8443457e-02
 -4.8734888e-01 -1.7376579e+00  6.4250821e-01 -6.4861101e-01
  5.7836354e-01  3.1760287e-02 -1.4826831e+00  2.3277071e-01]
[ 0.3322597   0.02625111  0.71984684  0.03332434  2.3661046  -0.15023759
 -0.57138884  0.01215232 -0.5496166  -1.7172172   0.6978757  -0.7134875
  0.5732296   0.13832648 -1.5262195   0.2779209 ]
[ 0.32975546  0.03744851  0.7537573   0.00711851  2.3335023  -0.09762257
 -0.58183736  0.0331377  -0.5286516  -1.7268829   0.64712876 -0.6571237
  0.5797063   0.06865579 -1.4709256   0.22105832]
[ 0.30285794 -0.00439782  0.7331181   0.0487904   2.368507   -0.12592188
 -0.59084785 -0.00816733 -0.5745618  -1.7076725   0.67589366 -0.73421574
  0.6306718   0.15877497 -1.4843984   0.260287  ]
[ 0.31968608  0.00869477  0.76466143  0.06758005  2.3100924  -0.07453617
 -0.5624873  -0.01592971 -0.57703274 -1.7051804   0.628526   -0.70348966
  0.6161288   0.10998856 -1.459178    0.22059211]
[ 0.348527    0.01118967  0.78300464 -0.00382143  2.2706437  -0.07899286
 -0.5704757   0.01363917 -0.5588799  -1.7193133   0.62548774 -0.69206536
  0.6305517   0.11846478 -1.4449829   0.21466231]
[ 0.3750846   0.02752167  0.80746686 -0.03723276  2.2172146  -0.01980703
 -0.5551218   0.03636158 -0.5183486  -1.7209812   0.54379016 -0.62051487
  0.6353362   0.02864118 -1.4102726   0.1581794 ]
[ 0.3285479   0.03813384  0.7658367   0.02210227  2.2610085  -0.09543501
 -0.57085276 -0.00500446 -0.55272305 -1.7509611   0.6455232  -0.6876421
  0.61787957  0.11982612 -1.4574335   0.2707891 ]
[ 0.3556535   0.0597194   0.7799692  -0.02633005  2.2257645  -0.05192565
 -0.5688132   0.02926472 -0.48811135 -1.759814    0.5779923  -0.6227372
  0.59832263  0.04042236 -1.4343569   0.23504195]
[ 0.32388085  0.05522162  0.75021327  0.02467741  2.2688065  -0.11020682
 -0.5638611   0.00370672 -0.5190445  -1.748636    0.67273384 -0.69487286
  0.56609523  0.14440593 -1.5128529   0.28951335]
[ 0.337428    0.06443353  0.7630647   0.00569701  2.2585633  -0.06050904
 -0.5710343   0.02738073 -0.4747139  -1.7383846   0.6080364  -0.619032
  0.5556723   0.05885218 -1.4835851   0.21700792]
[ 0.28961062  0.03027418  0.7394927   0.05830051  2.3151996  -0.09684188
 -0.5696583  -0.01730581 -0.5329472  -1.7145458   0.665455   -0.6952418
  0.59234715  0.15768993 -1.5300131   0.25665012]
[ 0.29449156  0.07114863  0.7757134   0.03741341  2.2712712  -0.03617782
 -0.56457704 -0.00312186 -0.49299031 -1.7276211   0.6059728  -0.62373984
  0.56933373  0.07308966 -1.4916326   0.18931031]
[ 0.28813988  0.0386124   0.742832    0.10190074  2.33289    -0.08513814
 -0.5474507  -0.04731812 -0.552779   -1.721201    0.6657649  -0.7065531
  0.58562255  0.1675214  -1.5502394   0.23537663]
[ 0.3163581   0.06456123  0.7989602   0.03891687  2.262389   -0.01570396
 -0.5572384   0.00372459 -0.5096248  -1.738946    0.61230636 -0.6343258
  0.5659269   0.08096126 -1.5061849   0.16409582]
[ 0.30966803  0.04579791  0.770872    0.04958776  2.2735243  -0.0516771
 -0.56863403 -0.02606897 -0.54980296 -1.7212429   0.66777295 -0.68684614
  0.57023346  0.16389379 -1.5258858   0.22582993]
[ 0.32559314  0.01690446  0.806719    0.04814551  2.2060704   0.05013721
 -0.54741544  0.00894591 -0.5143393  -1.7033489   0.50067157 -0.59145725
  0.6607857   0.04619805 -1.4602087   0.09156211]
[ 0.32071573  0.01386624  0.75132704  0.01525552  2.296285   -0.0981616
 -0.5706514   0.00446083 -0.56074095 -1.7223911   0.6401528  -0.6954876
  0.64391917  0.12821294 -1.4620731   0.24392724]
[ 0.34109387  0.03439047  0.77130437 -0.0137296   2.2605207  -0.05452925
 -0.5618062   0.03583208 -0.516327   -1.7167839   0.5757041  -0.62677515
  0.6241596   0.04529448 -1.4379193   0.1877291 ]
[ 0.31311774  0.02440819  0.7612677   0.00639981  2.2957504  -0.10920522
 -0.57735544  0.0253747  -0.54057485 -1.726773    0.64144003 -0.68267596
  0.6196345   0.14056136 -1.4819424   0.23890261]
[ 0.30435178  0.01878694  0.7867376   0.00539656  2.2687213  -0.03721707
 -0.58146733  0.04380367 -0.48871708 -1.7266805   0.5871191  -0.6226358
  0.6255189   0.06257202 -1.4477763   0.14746091]
[ 0.27174193 -0.00425255  0.7763146   0.06437812  2.3115356  -0.06169015
 -0.5634298  -0.01024949 -0.5596685  -1.7137451   0.6237761  -0.6894786
  0.6639616   0.16031161 -1.4972557   0.17330992]
[ 0.28647894  0.05154197  0.83192617 -0.01569137  2.2466187   0.0158453
 -0.5597515   0.00755415 -0.52606183 -1.7240143   0.5352129  -0.60159105
  0.66359484  0.04944115 -1.421245    0.10586296]
[ 0.25293413  0.04470368  0.7909508   0.03953902  2.284972   -0.03429664
 -0.5632014  -0.0124816  -0.5569604  -1.7375923   0.6269301  -0.67212516
  0.65256953  0.14760323 -1.4681331   0.1502442 ]
[ 0.27443144  0.05598576  0.83692825  0.0195689   2.2027743   0.06728301
 -0.54921746  0.01793135 -0.48751816 -1.7241627   0.5394159  -0.5910913
  0.644914    0.04488889 -1.4431452   0.03376684]
[ 0.2971174   0.04580485  0.8139513   0.01909788  2.2499459  -0.00992154
 -0.5482664  -0.01110654 -0.5585939  -1.711981    0.5866444  -0.6469848
  0.6032864   0.12626916 -1.4595731   0.15052706]
[ 0.29357314  0.05303658  0.84697706 -0.00277817  2.159828    0.07658431
 -0.55256665  0.01598337 -0.49564743 -1.714833    0.48462397 -0.5667329
  0.6537574   0.03251036 -1.405124    0.06574872]
[ 0.29061803  0.00744739  0.7896079   0.07849979  2.2230337  -0.00348518
 -0.53538036 -0.01379544 -0.5396567  -1.7149322   0.5691231  -0.65336734
  0.6581572   0.12358661 -1.4938781   0.1600774 ]
[ 2.8985390e-01  7.8567453e-02  8.4699202e-01  1.4876605e-03
  2.1672487e+00  7.5638600e-02 -5.3368962e-01  1.8888802e-03
 -4.7085220e-01 -1.7493982e+00  5.0297248e-01 -5.6777340e-01
  6.2556732e-01  2.8031001e-02 -1.4476610e+00  9.6766010e-02]
[ 0.31372887  0.08881055  0.7794762   0.03511925  2.2284389  -0.0482311
 -0.53311515  0.00833535 -0.5049907  -1.7581211   0.589894   -0.6168908
  0.55255806  0.11194359 -1.5234721   0.22568087]
[ 0.28449836  0.0946935   0.78512263  0.05112291  2.1804185   0.02413695
 -0.57499367  0.02781048 -0.4180684  -1.7937342   0.5733893  -0.5821139
  0.57216257  0.0353709  -1.4841319   0.17201464]
[ 0.28985766  0.0748798   0.7406539   0.10663317  2.2633145  -0.06893151
 -0.54058176 -0.02183301 -0.47821602 -1.7647187   0.64445317 -0.66347873
  0.4954253   0.13546082 -1.5616171   0.29952282]
[ 0.28236204  0.12730119  0.7780334   0.03178843  2.2314265  -0.01874735
 -0.56492597  0.00753826 -0.41046214 -1.791596    0.5840395  -0.57513326
  0.5058958   0.06096457 -1.5330548   0.23493186]
[ 0.2427598   0.08586862  0.71584564  0.11845944  2.3093963  -0.09476105
 -0.5510834  -0.02145679 -0.47758144 -1.7662582   0.6602434  -0.65263355
  0.5397953   0.18876834 -1.6436049   0.2962001 ]
[ 0.23412769  0.1174854   0.7353038   0.17174524  2.2789528  -0.00355667
 -0.52853745 -0.05904993 -0.45289403 -1.7691221   0.652846   -0.61774117
  0.5133944   0.14612186 -1.6747662   0.20241503]
[ 0.20080857  0.14238206  0.73154545  0.14394712  2.2822611  -0.0123314
 -0.5493436  -0.02619067 -0.45218205 -1.7876877   0.69004846 -0.60217565
  0.5169261   0.15168741 -1.6625054   0.17834395]
[ 1.9738165e-01  1.2475796e-01  7.6433718e-01  9.7489074e-02
  2.2603333e+00  2.8694784e-02 -5.7548237e-01 -8.0069603e-04
 -4.1174278e-01 -1.7957315e+00  6.3730425e-01 -5.7727838e-01
  5.3776562e-01  6.6840120e-02 -1.5604861e+00  1.5254042e-01]
[ 0.16842575  0.07869227  0.73437196  0.17432636  2.3263116  -0.04450976
 -0.5495809  -0.076929   -0.54536456 -1.7574816   0.6809207  -0.664004
  0.5757573   0.18286942 -1.5646461   0.22850576]
[ 0.17112397  0.0859259   0.75879127  0.1769433   2.257899    0.0079071
 -0.5420675  -0.07794686 -0.5290369  -1.7695177   0.6438771  -0.65294844
  0.5741135   0.16596796 -1.5384985   0.21516328]
[ 0.18170232  0.07806868  0.7768326   0.1189224   2.2339861   0.02483661
 -0.54548234 -0.04609463 -0.5023389  -1.7631404   0.6063026  -0.6330404
  0.5910948   0.14941554 -1.5098312   0.18601069]
[ 0.20673501  0.12523213  0.8008898   0.11088018  2.1830075   0.06254932
 -0.5203361  -0.06675576 -0.48584905 -1.7715414   0.57364625 -0.601814
  0.5700537   0.12913048 -1.524873    0.1562994 ]
[ 0.18871802  0.15374297  0.7748143   0.06196081  2.1866446   0.04625709
 -0.54301023 -0.03928119 -0.42998514 -1.7962615   0.6237329  -0.58878154
  0.53047407  0.12198273 -1.5288439   0.18578315]
[ 0.17305657  0.18299921  0.8087098   0.0524842   2.1535163   0.11603143
 -0.5412191  -0.03208647 -0.36951277 -1.8027271   0.56767863 -0.5244829
  0.53115046  0.06617136 -1.5262364   0.09030636]
[ 0.16302657  0.15978476  0.7385303   0.12591474  2.2584176   0.00690761
 -0.5415872  -0.0556782  -0.4353548  -1.7882408   0.67447555 -0.5997645
  0.4972542   0.17998931 -1.6290432   0.19251284]
[ 0.16473018  0.16973636  0.8169149   0.10165093  2.183506    0.11485863
 -0.552221   -0.02460477 -0.37711298 -1.801799    0.58418596 -0.51991683
  0.4982795   0.0987499  -1.5952069   0.08238832]
[ 0.17622213  0.12528941  0.7469675   0.18782635  2.2215276   0.04332312
 -0.5278837  -0.07562496 -0.45474395 -1.7438399   0.6655762  -0.5937197
  0.48945323  0.20829043 -1.6842897   0.16003165]
[ 0.17398456  0.12731543  0.8464837   0.13848275  2.119781    0.16636139
 -0.5353583  -0.025611   -0.39533147 -1.7465852   0.51321614 -0.50682056
  0.54833055  0.08799073 -1.6028942   0.03257493]
[ 0.19140483  0.0661184   0.7582698   0.15389264  2.2405517   0.01543692
 -0.5381896  -0.04877884 -0.49849662 -1.7385738   0.61864436 -0.6211492
  0.57895005  0.17884403 -1.5706127   0.15917452]
[ 0.20201747  0.1030222   0.85304147  0.06193994  2.1513374   0.12478228
 -0.54893154 -0.00488448 -0.42814288 -1.7648933   0.49935588 -0.5338864
  0.60262734  0.0584466  -1.486466    0.05472745]
[ 0.19889636  0.09812438  0.75457734  0.1331943   2.2315857   0.00919586
 -0.5349073  -0.04389372 -0.483391   -1.7608101   0.6270739  -0.617216
  0.5572413   0.16792731 -1.574899    0.1840698 ]
[ 0.16690177  0.11515472  0.83056915  0.05631558  2.1658673   0.11657975
 -0.5597283   0.00313225 -0.41162172 -1.7808332   0.5363561  -0.5297122
  0.6179589   0.07769044 -1.4986691   0.03711335]
[ 0.18739028  0.10123126  0.75942785  0.11095419  2.2534928   0.02180451
 -0.5462462  -0.03676796 -0.4695302  -1.7550924   0.63415545 -0.6035296
  0.5540093   0.15581866 -1.5828336   0.1614227 ]
[ 1.6609050e-01  1.1605112e-01  8.2369405e-01  5.6918107e-02
  2.1935601e+00  1.0931804e-01 -5.6235611e-01  9.4792841e-04
 -4.0904912e-01 -1.7678913e+00  5.4379731e-01 -5.2089310e-01
  6.2627703e-01  7.0259333e-02 -1.5221974e+00  1.7655194e-02]
[ 0.15367267  0.07625578  0.76233745  0.14844438  2.2578504   0.03238877
 -0.53104526 -0.04678415 -0.50137913 -1.7375109   0.6303358  -0.6137272
  0.6257628   0.18299063 -1.591128    0.09427961]
[ 1.2558790e-01  7.4654736e-02  8.6934245e-01  4.2025167e-02
  2.1900790e+00  1.5193956e-01 -5.5690575e-01 -9.6693635e-05
 -4.4483614e-01 -1.7619104e+00  5.1025277e-01 -5.2322018e-01
  7.0025039e-01  8.5927658e-02 -1.4628991e+00 -6.0966682e-02]
[ 0.16270705  0.08389859  0.81426257  0.13082084  2.2149506   0.07325505
 -0.5121151  -0.0484068  -0.51923865 -1.7410682   0.5629044  -0.601241
  0.63133556  0.17932157 -1.5412767   0.05270519]
[ 0.14969441  0.07394111  0.90078914  0.01775875  2.111525    0.19476216
 -0.5535423   0.01585555 -0.4376541  -1.7648985   0.4505257  -0.5216915
  0.7178066   0.04794877 -1.3885643  -0.07415198]
[ 0.20552063  0.03744108  0.8748137   0.09047762  2.134753    0.12733349
 -0.50710255 -0.02697803 -0.5063842  -1.709996    0.47868752 -0.5960711
  0.65929997  0.12903026 -1.4719876   0.02326864]
[ 0.1944346   0.0442087   0.94435626 -0.01988267  2.0362644   0.22671859
 -0.5297993   0.04711994 -0.4066638  -1.7217668   0.3697508  -0.48954082
  0.68581057  0.03571795 -1.3808264  -0.09627037]
[ 0.21390355  0.07028513  0.9372307   0.01653504  2.033381    0.20545511
 -0.5142325   0.03486482 -0.41828877 -1.7314017   0.368959   -0.5006703
  0.65506744  0.04339463 -1.4384519  -0.03428949]
[ 0.2202538   0.08658125  0.8592836   0.06219355  2.1152098   0.12217939
 -0.52483016 -0.00423065 -0.43192878 -1.7636449   0.49707332 -0.55994475
  0.6102533   0.11296459 -1.5159646   0.05802454]
[ 0.20528877  0.1478452   0.90551263  0.04442491  2.0433028   0.21006277
 -0.52601975  0.02196692 -0.35139173 -1.7796667   0.45794278 -0.476937
  0.5524898   0.03402607 -1.5275807  -0.01985412]
[ 0.15919106  0.13402331  0.82698786  0.07576243  2.1219022   0.12353029
 -0.5838558   0.02895262 -0.3650035  -1.8105211   0.535612   -0.5075098
  0.57272243  0.05755182 -1.5149775   0.0903103 ]
[ 0.16910306  0.14169689  0.8225498   0.09180661  2.1567063   0.09393202
 -0.5680683  -0.00297392 -0.38404816 -1.7991873   0.5587346  -0.52430665
  0.55730045  0.07565419 -1.5465612   0.10257032]
[ 0.18683545  0.12221275  0.7426301   0.17997125  2.2234244   0.0149225
 -0.5249612  -0.06142963 -0.46188492 -1.7577101   0.64872324 -0.61010104
  0.494625    0.18692817 -1.6388487   0.2015256 ]
[ 0.15597443  0.16411066  0.8231818   0.08315319  2.1579995   0.11228442
 -0.5512332  -0.02378207 -0.39418703 -1.7808647   0.5627865  -0.5159739
  0.55117774  0.09059707 -1.5464437   0.05503453]
[ 0.14224376  0.12255242  0.75070655  0.16283351  2.2356448   0.02969529
 -0.52238977 -0.07079674 -0.46262473 -1.7754738   0.676425   -0.60909086
  0.54711086  0.19191366 -1.6249564   0.15058115]
[ 0.12896709  0.17848064  0.81299675  0.0744752   2.1806548   0.13605788
 -0.54055    -0.05850922 -0.39607844 -1.8016255   0.58352035 -0.524902
  0.5514924   0.081434   -1.5197427   0.05764273]
[ 0.15210316  0.16255847  0.75647336  0.19264744  2.2292209   0.04846337
 -0.5129021  -0.10037351 -0.48184833 -1.773556    0.669021   -0.6138908
  0.5039698   0.19008058 -1.6174195   0.14090215]
[ 0.16950959  0.13721696  0.8331504   0.08347741  2.1748629   0.14366964
 -0.5524845  -0.03018733 -0.40128246 -1.7910178   0.5753701  -0.5573596
  0.5601501   0.06431258 -1.5195528   0.05334674]
[ 0.19807677  0.09841618  0.784622    0.14620939  2.218031    0.06946635
 -0.5073197  -0.08399305 -0.4872195  -1.7308772   0.6232358  -0.61177456
  0.5430097   0.18651253 -1.6047184   0.10169923]
[ 0.17133917  0.14097957  0.8501668   0.07319121  2.1321733   0.1835751
 -0.5234234  -0.03897268 -0.42192945 -1.7569754   0.48386154 -0.5091638
  0.5748727   0.09037538 -1.5299473   0.02343711]
[ 0.2613115   0.11642923  0.77941835  0.08422907  2.1956394   0.04679837
 -0.51474935 -0.04881153 -0.49234667 -1.7590101   0.57014817 -0.6151341
  0.551324    0.12856826 -1.5391788   0.18377078]
[ 0.2844097   0.14623111  0.785301    0.10621736  2.1531577   0.04468593
 -0.52245414 -0.02585224 -0.41633123 -1.7934883   0.6076292  -0.59098625
  0.47078356  0.10227691 -1.5906662   0.18659791]
[ 0.23947313  0.10353035  0.8377597   0.04537514  2.1367772   0.09430297
 -0.57807183  0.0418256  -0.3720894  -1.7822783   0.52605426 -0.52096844
  0.52683645  0.04851256 -1.5245855   0.12303896]
[ 0.24436155  0.0624571   0.79710746  0.07428704  2.2105393   0.03797155
 -0.5776893   0.01747799 -0.408393   -1.7580535   0.52267724 -0.54108953
  0.56225574  0.06432704 -1.5370929   0.17629936]
[ 0.23667356  0.02905505  0.70523155  0.19680946  2.3012352  -0.050132
 -0.5383486  -0.03958164 -0.50066125 -1.7260069   0.5912859  -0.6369197
  0.6040925   0.18506294 -1.6501087   0.24061146]
[ 0.23649077  0.10036094  0.72721726  0.15872136  2.2779129  -0.0113504
 -0.5322781  -0.04340836 -0.48085427 -1.7579533   0.6263613  -0.6170904
  0.5524964   0.13180733 -1.6309159   0.21011636]
[ 0.19495884  0.12341197  0.7370652   0.08226686  2.2886996  -0.02099179
 -0.56966174  0.00484515 -0.44349185 -1.7731016   0.6600615  -0.59488094
  0.52660424  0.12577364 -1.5878614   0.19337621]
[ 0.18827102  0.11638352  0.7684175   0.09390935  2.2524803   0.02258342
 -0.58058083  0.01024687 -0.41218096 -1.7632697   0.61784995 -0.56934184
  0.5355228   0.086727   -1.5754609   0.15435104]
[ 0.17942679  0.03550072  0.7322877   0.16720414  2.322209   -0.04436746
 -0.5485509  -0.04346444 -0.5191984  -1.7071955   0.63441956 -0.6522689
  0.59489554  0.20961304 -1.6022294   0.18778554]
[ 0.20029593  0.02418995  0.7837184   0.19845168  2.2592874   0.02939491
 -0.5036309  -0.07359673 -0.5287586  -1.6992006   0.58323735 -0.64159244
  0.6208733   0.19470747 -1.5969341   0.09237231]
[ 0.17767769  0.08541898  0.82307833  0.12490194  2.196651    0.08976444
 -0.5114762  -0.07001422 -0.51409066 -1.7402287   0.5642849  -0.6126646
  0.63626707  0.13172019 -1.5342293   0.09678566]
[ 0.1827872   0.14735942  0.89020145  0.02459556  2.0887709   0.19171704
 -0.52361    -0.05534386 -0.46293926 -1.7715139   0.49223486 -0.5399848
  0.63812566  0.04194743 -1.4259497   0.02534013]
[ 0.19660304  0.11499912  0.80789167  0.062327    2.1868114   0.05988859
 -0.5354891  -0.04642051 -0.48730916 -1.7826707   0.6144473  -0.6120054
  0.5715526   0.13767627 -1.4892089   0.14691874]
[ 0.19227415  0.13325335  0.8631309   0.02427166  2.1230047   0.14292477
 -0.5397336  -0.02197922 -0.40312234 -1.7834337   0.53353083 -0.5420394
  0.571894    0.05306846 -1.4642932   0.06146101]
[ 0.18840227  0.13620596  0.78780526  0.09535094  2.195538    0.0480055
 -0.5391755  -0.05933931 -0.48318028 -1.7702574   0.6079265  -0.60254365
  0.5131996   0.14170632 -1.5257704   0.2149519 ]
[ 0.18945989  0.11318884  0.8190311   0.10017382  2.1451497   0.12332163
 -0.54865855 -0.03643278 -0.4318594  -1.766625    0.4886012  -0.54186213
  0.57742697  0.06427596 -1.4763775   0.12893638]
[ 2.1879503e-01  7.2317407e-02  7.2899419e-01  1.9633350e-01
  2.2312150e+00 -1.7081707e-03 -5.1766598e-01 -6.7411982e-02
 -4.6591416e-01 -1.7413976e+00  6.0968828e-01 -6.3257617e-01
  5.2682108e-01  1.7485853e-01 -1.6294111e+00  2.4569288e-01]
[ 2.20051736e-01  1.20219424e-01  8.02263856e-01  6.53441921e-02
  2.18020034e+00  8.18379000e-02 -5.65131307e-01  5.59687614e-05
 -3.82229686e-01 -1.77540874e+00  5.25491357e-01 -5.29285312e-01
  5.26908755e-01  6.55896962e-02 -1.54373145e+00  1.55486152e-01]
[ 0.23526554  0.10399447  0.72774124  0.1315433   2.243295   -0.01042772
 -0.55888075 -0.00478995 -0.44128424 -1.7366436   0.58833945 -0.5788614
  0.46201763  0.17562845 -1.6502979   0.2634217 ]
[ 0.23138341  0.07446028  0.79641     0.19484201  2.1667306   0.08563252
 -0.5302955   0.01572912 -0.37634796 -1.7342523   0.49154097 -0.523409
  0.50289524  0.11233058 -1.6898489   0.1270226 ]
[ 0.26970947  0.09502269  0.7149869   0.19963399  2.2579408  -0.04958634
 -0.5184248  -0.03062562 -0.42851228 -1.7606484   0.6485244  -0.62250435
  0.43887004  0.16193542 -1.7106498   0.28342217]
[ 0.24345532  0.12845035  0.76622677  0.10321122  2.221601    0.00780172
 -0.577954    0.0262376  -0.3694463  -1.7886868   0.579198   -0.538412
  0.467568    0.07575739 -1.616738    0.22060847]
[ 0.23241916  0.04008697  0.6957838   0.19659789  2.2975526  -0.07906252
 -0.55775416  0.00552007 -0.44080734 -1.7426641   0.6190635  -0.62301904
  0.53798723  0.17858805 -1.6920477   0.28061357]
[ 0.25239405  0.03904568  0.72694933  0.21659544  2.289241   -0.0405523
 -0.52290696 -0.0323898  -0.4463625  -1.7359812   0.60107124 -0.6220759
  0.533443    0.17345902 -1.7132193   0.22823258]
[ 0.20005946  0.10796169  0.73785764  0.19312198  2.2800908  -0.01982239
 -0.5358859  -0.05412827 -0.48411474 -1.7714481   0.6426774  -0.6037208
  0.5425614   0.17519939 -1.6810608   0.21748641]
[ 0.14445914  0.10842727  0.7863909   0.10214259  2.2444682   0.05281546
 -0.59493315  0.0141662  -0.42535058 -1.8070446   0.5955337  -0.5397542
  0.6315683   0.08770351 -1.5675735   0.11093068]
[ 0.15800582  0.07208257  0.75148106  0.17895734  2.288981   -0.01301866
 -0.5497447  -0.04957302 -0.51646936 -1.7768462   0.64176947 -0.6398076
  0.5814077   0.16282135 -1.5865867   0.24428122]
[ 0.19355103  0.11544572  0.7745856   0.14262632  2.2328868  -0.00260946
 -0.5475379  -0.04697024 -0.48444015 -1.7686857   0.6405392  -0.6245693
  0.5100318   0.16608709 -1.5751671   0.22217986]
[ 0.18836138  0.07932048  0.7858899   0.1109734   2.203318    0.02386094
 -0.54084533 -0.03284847 -0.47747555 -1.7272995   0.60817266 -0.63139963
  0.54742384  0.16261616 -1.550716    0.19746557]
[ 0.2041264   0.0439353   0.79546356  0.11667202  2.1989205   0.06600951
 -0.51222914 -0.07702033 -0.4794239  -1.6794412   0.5433327  -0.62142086
  0.5726944   0.15200925 -1.5304229   0.1531349 ]
[ 0.24559441  0.07781877  0.8162324   0.11915283  2.16329     0.08727761
 -0.49721265 -0.0849588  -0.4650941  -1.682265    0.49920112 -0.5780209
  0.5600867   0.1615817  -1.5799413   0.1027769 ]
[ 0.23168477  0.14977594  0.82477915  0.06467547  2.1092274   0.15850383
 -0.53085315 -0.03649311 -0.39204735 -1.7566983   0.49971008 -0.5498436
  0.55397063  0.07776983 -1.5571568   0.09911625]
[ 0.26128802  0.13489214  0.7900334   0.0987858   2.1888916   0.09165913
 -0.5298801  -0.05883877 -0.44158608 -1.7149417   0.5936331  -0.5749288
  0.4746515   0.15751006 -1.6479328   0.12150411]
[ 0.22241831  0.08626191  0.84326917  0.13085923  2.1439033   0.17750616
 -0.5663963   0.00623322 -0.39610738 -1.6786854   0.49699792 -0.4918991
  0.50431395  0.10459359 -1.636493   -0.00672054]
[ 0.27634764 -0.02427181  0.8270322   0.09422317  2.195036    0.12402672
 -0.5978919   0.03066144 -0.4529055  -1.6480339   0.44050083 -0.52600926
  0.63876593  0.02264121 -1.5068873   0.04933713]
[ 0.31425175 -0.05697587  0.7721557   0.22545445  2.2387383   0.02899677
 -0.529649   -0.06561426 -0.5887378  -1.6221062   0.49958572 -0.6505414
  0.6664443   0.12660187 -1.5550908   0.1414521 ]
[ 3.6831278e-01 -1.9024124e-02  7.6951724e-01  2.3153787e-02
  2.2731681e+00 -8.6664379e-02 -5.3302395e-01  2.0509064e-03
 -5.8560616e-01 -1.6756033e+00  5.6973827e-01 -6.9112337e-01
  6.3538301e-01  1.1344008e-01 -1.4595711e+00  2.4511632e-01]
[ 0.36182398 -0.01985147  0.8228966  -0.00810114  2.224694    0.00278029
 -0.5511512   0.02285034 -0.54173225 -1.6634266   0.49448496 -0.60637665
  0.6532896   0.02580302 -1.4212171   0.14975902]
[ 0.341722    0.00388891  0.75235933  0.03584204  2.3034203  -0.07352865
 -0.56343406 -0.00912138 -0.5742871  -1.6902704   0.5806544  -0.6736151
  0.6373519   0.10258752 -1.480324    0.256589  ]
[ 0.34079713 -0.01901012  0.74682695  0.04245385  2.3042579  -0.08412757
 -0.55139583  0.01175141 -0.5548811  -1.6739323   0.5894068  -0.6798302
  0.6459275   0.09749634 -1.4919412   0.22423296]
[ 0.31753418  0.02403192  0.75411     0.07189909  2.322701   -0.07090797
 -0.54629433 -0.01987556 -0.5565635  -1.7088139   0.6104378  -0.6778466
  0.5838726   0.0906903  -1.4998325   0.254389  ]
[ 3.1510398e-01  2.8965572e-02  7.9214472e-01  1.1749804e-03
  2.2905738e+00 -6.0805432e-02 -5.6473565e-01  2.4156014e-02
 -5.4566061e-01 -1.7164772e+00  5.8770096e-01 -6.3206220e-01
  6.2336743e-01  7.7645190e-02 -1.4597162e+00  1.8589328e-01]
[ 0.2816214   0.00726833  0.735386    0.06798366  2.322933   -0.07977746
 -0.5791142  -0.00785033 -0.5473515  -1.7127078   0.6493827  -0.6968625
  0.6190077   0.12979388 -1.4899461   0.248667  ]
[ 0.28720665 -0.01310988  0.7567883   0.07343686  2.3258145  -0.06493475
 -0.55499065 -0.02830542 -0.5870679  -1.6854998   0.60895026 -0.68783605
  0.651295    0.14102806 -1.4749266   0.19935507]
[ 0.29440168  0.0136526   0.7812811   0.04360138  2.3019457  -0.02873082
 -0.5527233  -0.00729007 -0.57201725 -1.6877187   0.5548573  -0.6487797
  0.65970635  0.09357879 -1.4594035   0.16078189]
[ 0.3312892   0.01281302  0.8010456  -0.00806765  2.2461019  -0.01140633
 -0.54445374  0.02765635 -0.52804685 -1.6853348   0.5325129  -0.6241661
  0.6463916   0.06791581 -1.4537085   0.13563174]
[ 0.31468382  0.05581085  0.76938915  0.06865503  2.273005   -0.03325204
 -0.5307285  -0.03002118 -0.54199696 -1.6969362   0.61015666 -0.66662467
  0.5851695   0.11591606 -1.512923    0.16654497]
[ 0.33202285  0.03378806  0.81492937 -0.00322504  2.2503598  -0.02501455
 -0.53509843  0.01153713 -0.53492266 -1.7061193   0.58043814 -0.6450054
  0.6173905   0.11623331 -1.4970446   0.13483103]
[ 0.30070224  0.05110728  0.86720276 -0.00490347  2.1870823   0.08519222
 -0.55198795 -0.00712136 -0.5142768  -1.7152498   0.49942932 -0.5738841
  0.6579265   0.0271575  -1.4236538   0.05917419]
[ 0.32762787  0.02665777  0.79515666  0.06868158  2.244512   -0.0160409
 -0.53648454 -0.02701708 -0.5776672  -1.7017772   0.5718203  -0.65611714
  0.6312643   0.11903761 -1.4886621   0.16551521]
[ 0.35165077  0.04330369  0.8185064   0.00906939  2.1678176   0.03841179
 -0.54723245  0.01945608 -0.49833345 -1.7227564   0.53568155 -0.6207342
  0.6286118   0.01343183 -1.4369446   0.146503  ]
[ 0.34383625  0.05192578  0.7842654   0.00848465  2.2693207  -0.07147487
 -0.5311326  -0.01532156 -0.5534979  -1.7280219   0.6257446  -0.6803721
  0.57070625  0.10438003 -1.4830472   0.253488  ]
[ 3.0654064e-01  5.5248342e-02  8.0778182e-01 -2.1192767e-02
  2.2495677e+00  1.9704669e-03 -5.6516039e-01  3.4621655e-04
 -5.2331531e-01 -1.7424364e+00  5.5346382e-01 -6.0389185e-01
  6.3218766e-01  4.4993710e-02 -1.4215734e+00  1.7347153e-01]
[ 0.29248214  0.00641094  0.72048104  0.04923624  2.3453453  -0.0955447
 -0.5623728  -0.02280196 -0.5727889  -1.6932808   0.6423624  -0.6886962
  0.64693797  0.14648573 -1.5071732   0.2413152 ]
[ 0.28998727  0.03272814  0.7279739   0.079644    2.3226047  -0.05043887
 -0.5495684  -0.03771008 -0.5644882  -1.6890644   0.6314283  -0.6781073
  0.6112685   0.10510617 -1.5075203   0.22448501]
[ 2.8334585e-01  5.2846540e-02  7.6117265e-01  1.4863509e-02
  2.3215365e+00 -6.7523561e-02 -5.6814587e-01 -1.6627222e-03
 -5.4255867e-01 -1.7199891e+00  6.4221638e-01 -6.6496742e-01
  5.9495795e-01  1.1208747e-01 -1.4822190e+00  2.1203952e-01]
[ 0.25056314  0.03098444  0.8230696   0.03459189  2.271876    0.01133329
 -0.57287604  0.01011375 -0.5263912  -1.7328684   0.5692085  -0.62002766
  0.6331832   0.07537335 -1.4303386   0.11738393]
[ 0.26009026 -0.01617641  0.77562845  0.07509336  2.3113885  -0.04413661
 -0.5577179  -0.04122547 -0.60916317 -1.6919117   0.60506713 -0.68979514
  0.6695043   0.16605684 -1.456098    0.19006649]
[ 0.2780301  -0.00542472  0.8092955   0.04811816  2.2424502   0.02508247
 -0.5557234  -0.02532954 -0.5875346  -1.672197    0.51555794 -0.6494702
  0.7066511   0.0976146  -1.4121382   0.13128921]
[ 0.30019003 -0.00714117  0.795337    0.01845709  2.2266529   0.01489883
 -0.5474623   0.00575813 -0.5534681  -1.665734    0.52401674 -0.63765997
  0.6960289   0.08740804 -1.4410785   0.12939772]
[ 0.29567823 -0.00221794  0.825099   -0.01235649  2.2103581   0.05322246
 -0.5344551   0.03107603 -0.51779443 -1.6489084   0.46871305 -0.58258307
  0.6891858   0.03556513 -1.4137762   0.04706888]
[ 0.30994606  0.00410256  0.78849924  0.0064697   2.2728353  -0.03514941
 -0.5151971   0.01018465 -0.5461346  -1.6640322   0.5665716  -0.63275963
  0.6458019   0.13078251 -1.5091742   0.11144207]
[ 0.27567136  0.04799949  0.85380125 -0.00451347  2.2035828   0.0849807
 -0.5443558  -0.00725035 -0.51034486 -1.6987985   0.51319325 -0.5686754
  0.6704184   0.04503185 -1.4360816   0.01759037]
[ 0.25848833  0.01653851  0.8064512   0.0560173   2.264643    0.01550483
 -0.54140806 -0.03132284 -0.5839543  -1.6995682   0.58171517 -0.6596199
  0.68168116  0.14098671 -1.4583802   0.09608576]
[ 0.27450225  0.02993459  0.87397385 -0.01967636  2.1695108   0.11742149
 -0.5457915   0.00711378 -0.52243656 -1.7004198   0.47421846 -0.575158
  0.7081792   0.01638361 -1.360704   -0.00476392]
[ 0.30647373  0.01906961  0.85048884  0.00443485  2.2128239   0.03418662
 -0.54055184 -0.01928495 -0.5817369  -1.6969509   0.5095212  -0.6318518
  0.6519253   0.08472644 -1.3914284   0.13481395]
[ 0.32940966  0.01578951  0.86445713 -0.02695754  2.1306453   0.0838426
 -0.54934597  0.03221124 -0.5187186  -1.683371    0.42942387 -0.57491404
  0.6781335   0.01540746 -1.3570592   0.07691629]
[ 0.36933714 -0.01185885  0.7945957   0.04290212  2.1906624  -0.02569569
 -0.52614725  0.0107231  -0.5444344  -1.6717994   0.51131827 -0.6538315
  0.60498875  0.09966303 -1.4803485   0.23918572]
[ 3.57978046e-01  1.08335735e-02  8.26952636e-01 -2.67282128e-04
  2.14660883e+00  3.42573114e-02 -5.34404457e-01  5.16601093e-02
 -4.68575478e-01 -1.68654251e+00  4.40857589e-01 -5.62858522e-01
  6.30657077e-01  2.54047327e-02 -1.47246742e+00  1.47008091e-01]
[ 0.36750728  0.00798985  0.7571231   0.07464059  2.2368417  -0.06695315
 -0.4960041   0.01173784 -0.5078852  -1.6987976   0.53835034 -0.6293682
  0.581012    0.1194995  -1.5864137   0.23944297]
[ 0.34168386  0.08173063  0.7689663   0.04771439  2.2154083  -0.01455248
 -0.5515981   0.01362632 -0.44587493 -1.7657686   0.56678    -0.59261495
  0.5509564   0.03479339 -1.5347494   0.23298922]
[ 0.31351724  0.09873801  0.7085379   0.10385475  2.305257   -0.1207757
 -0.5546884  -0.00770066 -0.48633566 -1.7630659   0.6982294  -0.6754136
  0.47549152  0.13989681 -1.6083199   0.3239113 ]
[ 0.29445744  0.07927937  0.7573406   0.03586194  2.288372   -0.04723899
 -0.5839388   0.03074279 -0.42944002 -1.7672224   0.6320801  -0.61606896
  0.5436829   0.06613078 -1.5547457   0.21866083]
[ 0.27828234  0.05891274  0.73232746  0.09738041  2.3641899  -0.10035002
 -0.57070965 -0.04132824 -0.51778185 -1.7292858   0.6839338  -0.6821874
  0.53297246  0.1533536  -1.5894274   0.27893823]
[ 0.30010766  0.05068213  0.73526347  0.10818751  2.3279805  -0.07827826
 -0.5525726  -0.04676009 -0.5484523  -1.7214034   0.66514    -0.6853596
  0.56358904  0.18044505 -1.5955871   0.24502087]
[ 0.2856269   0.06034749  0.7681042   0.09771881  2.2909813  -0.03647244
 -0.54521084 -0.04552856 -0.5212967  -1.7356895   0.6639053  -0.67861736
  0.57985836  0.12894592 -1.5615078   0.19489594]
[ 0.2819832   0.06033804  0.78865796  0.09667671  2.2909484  -0.01540345
 -0.5359006  -0.04724411 -0.555322   -1.739891    0.64444983 -0.6711789
  0.5650585   0.11801028 -1.523885    0.18906818]
[ 0.296659    0.05167069  0.82863396  0.01123926  2.246454    0.02609856
 -0.5758723  -0.01682074 -0.5415941  -1.7251555   0.55778944 -0.61305416
  0.6137578   0.03782274 -1.4193628   0.1690809 ]
[ 0.29750744 -0.01552879  0.734336    0.08112258  2.3144348  -0.0720429
 -0.57390565 -0.02353596 -0.588869   -1.6712888   0.5986227  -0.68892527
  0.65632355  0.12071171 -1.4635834   0.24373147]
[ 0.31184524 -0.050773    0.72909075  0.07066995  2.309213   -0.04892179
 -0.5437708  -0.02908292 -0.6125404  -1.655524    0.5771294  -0.70882094
  0.70716107  0.12726331 -1.439913    0.2048265 ]
[ 0.35995692 -0.0095301   0.7853915  -0.01048272  2.2882915  -0.05554634
 -0.534417    0.00369581 -0.5710516  -1.6520439   0.53643405 -0.64621925
  0.61989987  0.08099996 -1.4596531   0.21300486]
[ 0.3177398   0.02515384  0.7937624  -0.01168205  2.2491593  -0.03314686
 -0.5637856   0.04506831 -0.51952904 -1.715922    0.54567724 -0.62628883
  0.65168905  0.07976647 -1.4687634   0.17847559]
[ 0.3353582   0.00846381  0.7424978   0.06448011  2.2993455  -0.07637453
 -0.5299676  -0.0117933  -0.5459123  -1.6927124   0.6198451  -0.68429303
  0.5929552   0.12196673 -1.5233843   0.22750024]
[ 0.2809054   0.02465298  0.78625965  0.04806575  2.2956853  -0.03774417
 -0.56708103  0.00526587 -0.5347662  -1.7146494   0.60591334 -0.64422095
  0.60486823  0.10983165 -1.4916761   0.17494838]
[ 2.7337214e-01  1.0415584e-02  7.9456878e-01 -1.0353291e-02
  2.2551935e+00 -1.3525945e-03 -5.9372103e-01  5.1124573e-02
 -5.0733817e-01 -1.6874142e+00  5.2142996e-01 -5.8808219e-01
  6.7851049e-01  5.3898979e-02 -1.4363019e+00  1.3214424e-01]
[ 0.28867704 -0.05535744  0.75651485  0.04782843  2.327994   -0.07540379
 -0.55940497  0.00640577 -0.56661093 -1.642622    0.5630156  -0.67217684
  0.6889723   0.1541727  -1.4918348   0.17608471]
[ 0.29588103 -0.01857203  0.78712255  0.1107589   2.2737432  -0.00240731
 -0.51127017 -0.03887655 -0.5858719  -1.6416938   0.54633737 -0.6485617
  0.6737365   0.136216   -1.5124633   0.07914782]
[ 0.28691113  0.00633793  0.87110555 -0.04914599  2.2123756   0.06551114
 -0.560103    0.05604215 -0.5285813  -1.6770607   0.4820295  -0.58551705
  0.702283    0.05476758 -1.4058542   0.01078973]
[ 2.6019448e-01  8.2857162e-03  8.6605275e-01 -5.2897038e-04
  2.2034373e+00  1.0035120e-01 -5.5778033e-01  9.7810505e-03
 -5.3724927e-01 -1.6789310e+00  4.8352042e-01 -5.7557344e-01
  7.1615165e-01  3.1456262e-02 -1.3813488e+00 -6.2855659e-03]
[ 0.27384174 -0.03850718  0.8370827   0.03184147  2.2619822   0.03383541
 -0.5396137  -0.02728865 -0.6194755  -1.6544533   0.5183166  -0.6433231
  0.72990906  0.1224303  -1.4048193   0.06114789]
[ 0.2953574  -0.02540205  0.8804105  -0.04687962  2.1588433   0.12509337
 -0.53662825  0.01492643 -0.5672486  -1.6194941   0.39128107 -0.56430644
  0.7641058  -0.00643231 -1.3267546   0.00625318]
[ 0.34103104 -0.04059902  0.82407254 -0.00629408  2.2174094   0.01153872
 -0.52931887  0.00843607 -0.6164544  -1.610503    0.46062988 -0.6359848
  0.6963004   0.09131803 -1.3965304   0.13147071]
[ 3.5702026e-01 -4.1850410e-02  8.6108017e-01 -1.1314562e-02
  2.1255243e+00  9.1403425e-02 -5.2048957e-01  5.5971127e-02
 -5.3379649e-01 -1.6241039e+00  3.6900058e-01 -5.6450081e-01
  7.0642936e-01  1.4472827e-03 -1.3801740e+00  5.3027235e-02]
[ 0.3730822  -0.05230617  0.82464314  0.02089792  2.184026   -0.01467825
 -0.47637954  0.01693173 -0.56737965 -1.64112     0.46440095 -0.62943166
  0.6626457   0.1118646  -1.4750488   0.14357121]
[ 0.34302968  0.01228716  0.84967595 -0.03533389  2.147297    0.07244147
 -0.53847253  0.02877942 -0.50676167 -1.6762289   0.41457772 -0.5586084
  0.6655594   0.01242827 -1.39916     0.11557571]
[ 3.43890846e-01 -1.35994551e-03  7.54837811e-01  3.60652395e-02
  2.24570775e+00 -5.05478866e-02 -5.33680141e-01  2.41244640e-02
 -5.34609675e-01 -1.66088963e+00  5.36137521e-01 -6.28600538e-01
  6.39783263e-01  1.07889995e-01 -1.53882158e+00  2.07796216e-01]
[ 0.32343778  0.02369871  0.7731955   0.05891125  2.226342    0.01517326
 -0.53933203  0.03854743 -0.47037277 -1.6776159   0.5131671  -0.5855211
  0.6095342   0.02751081 -1.5351061   0.14455144]
[ 0.35439047  0.03210979  0.742329    0.07962088  2.292585   -0.09075371
 -0.50271434 -0.00304801 -0.5166012  -1.6781495   0.59660894 -0.6476501
  0.5234975   0.12712571 -1.593997    0.23314676]
[ 0.31191173  0.08053975  0.7954141   0.03658779  2.2391543  -0.02185509
 -0.56667465  0.02021487 -0.46069503 -1.7589331   0.6092125  -0.61236703
  0.5420679   0.07570596 -1.5172448   0.17374921]
[ 0.2895219   0.01449618  0.74373066  0.09805532  2.3083696  -0.07023549
 -0.5559746  -0.03184474 -0.5341958  -1.719793    0.6561865  -0.6990517
  0.58893365  0.16815154 -1.5482452   0.23942277]
[ 0.29729733  0.05293792  0.7950932   0.04934831  2.2800386  -0.00952277
 -0.5556553  -0.0496119  -0.5428096  -1.7151883   0.59159005 -0.6374563
  0.6049161   0.11133133 -1.5037298   0.17848651]
[ 0.28319973  0.05506321  0.7699395   0.04974933  2.2760744  -0.01893731
 -0.56132615 -0.01033499 -0.5359914  -1.732618    0.61359125 -0.6374117
  0.63205385  0.10929967 -1.5194461   0.17331052]
[ 0.26829553  0.05117571  0.7623367   0.035619    2.2695615   0.00335794
 -0.5586168   0.00508357 -0.50447595 -1.725634    0.6143087  -0.61178505
  0.6497328   0.04668625 -1.4726422   0.11143373]
[ 0.25833914  0.03654338  0.7629935   0.04653822  2.3455024  -0.05899554
 -0.55583704 -0.02788086 -0.5902342  -1.6988065   0.6598084  -0.6783365
  0.60078174  0.13697532 -1.4828308   0.19205694]
[ 0.22623336  0.02308598  0.8026775  -0.0125515   2.2937481   0.02135587
 -0.5899958   0.01817491 -0.5537313  -1.6877968   0.57102406 -0.6043862
  0.6996094   0.06863274 -1.4006544   0.06813982]
[ 0.2596181  -0.05915285  0.7606363   0.09215339  2.3263364  -0.02807811
 -0.544921   -0.04291466 -0.6479405  -1.6120079   0.55664206 -0.69448125
  0.7219574   0.14309722 -1.4248879   0.13961682]
[ 0.32181916 -0.05221564  0.8231807   0.04171641  2.246945    0.01932087
 -0.49967265 -0.04516873 -0.6491728  -1.6098524   0.46793038 -0.67661655
  0.73389524  0.11307933 -1.377361    0.08769853]
[ 0.36076263  0.00526072  0.8725481  -0.03561067  2.144181    0.04846039
 -0.47769436  0.00486062 -0.5629245  -1.6450493   0.46405277 -0.62224406
  0.6689341   0.07855207 -1.408798    0.04840936]
[ 0.32087103  0.02077515  0.8958848  -0.07369258  2.1096072   0.12730873
 -0.5269915   0.02203325 -0.5154209  -1.7029057   0.44594708 -0.5748511
  0.71039903  0.01533512 -1.3434689   0.01196631]
[ 0.3493144   0.04625742  0.854191   -0.01883902  2.1759915   0.05831045
 -0.49786192 -0.03674693 -0.5707866  -1.6762089   0.48038593 -0.6038535
  0.65074295  0.07097063 -1.4277116   0.09160616]
[ 3.0386770e-01  6.3282557e-02  8.4251535e-01 -1.9895900e-02
  2.1403060e+00  9.7770050e-02 -5.5968767e-01  3.7110366e-02
 -4.7560209e-01 -1.7245026e+00  4.9945006e-01 -5.6188750e-01
  6.7463404e-01  8.5048674e-04 -1.4403192e+00  6.5912917e-02]
[ 0.32161066  0.06051067  0.7849962   0.01749956  2.204654    0.03245391
 -0.5391029   0.00947521 -0.48804235 -1.7181187   0.56880575 -0.6116838
  0.6090433   0.02485552 -1.4654354   0.13447514]
[ 0.31002992  0.06021211  0.7771152   0.00670744  2.2932887  -0.06453304
 -0.54105157 -0.01013416 -0.5518849  -1.7168562   0.6367903  -0.65777636
  0.57517433  0.11736516 -1.4888678   0.20199268]
[ 0.26795     0.05863739  0.8023678   0.00317132  2.2597494   0.01102581
 -0.5724012   0.00717942 -0.51479506 -1.7410603   0.5789665  -0.6098903
  0.63461065  0.06082187 -1.4305617   0.13033739]
[ 0.30049235  0.01383977  0.74044675  0.07313053  2.3212755  -0.05698191
 -0.5458189  -0.04576702 -0.5717965  -1.6835678   0.6268622  -0.69924796
  0.60181785  0.14471467 -1.497442    0.22648847]
[ 0.30998665  0.07067873  0.7713319   0.05230828  2.2663069  -0.01654716
 -0.5307599  -0.04501569 -0.55686533 -1.6977268   0.60759556 -0.65895385
  0.5903823   0.11093269 -1.4899777   0.16354355]
[ 0.3144744   0.04071432  0.79571855 -0.00465616  2.253631   -0.01525515
 -0.54657954  0.00983496 -0.5218321  -1.7024132   0.59574074 -0.63832
  0.6117614   0.10399445 -1.4852486   0.13361931]
[ 0.29587442  0.04842764  0.8293211  -0.00980111  2.2293167   0.06037209
 -0.5511035  -0.01673404 -0.51069295 -1.7013962   0.5491525  -0.57554567
  0.6373298   0.04818838 -1.4442039   0.05473147]
[ 0.2739913   0.0188115   0.7889498   0.05866861  2.295414   -0.00722969
 -0.5480784  -0.03982499 -0.603605   -1.6919066   0.6119417  -0.6544157
  0.6721631   0.14306659 -1.4842818   0.11005018]
[ 2.9977489e-01  1.0388697e-02  8.1173074e-01  6.6834094e-04
  2.2366834e+00  6.0844399e-02 -5.5540591e-01  7.3851645e-04
 -5.6397754e-01 -1.6766630e+00  5.1994503e-01 -6.0055530e-01
  7.1036702e-01  1.0721621e-02 -1.3878245e+00  6.6576876e-02]
[ 0.29448524 -0.01138041  0.7922416   0.02879738  2.3046982  -0.02346058
 -0.5443222  -0.02641263 -0.6409606  -1.6575073   0.5720109  -0.66914713
  0.68407977  0.10900347 -1.4072996   0.1410845 ]
[ 0.29399237 -0.02231858  0.8080201  -0.04558651  2.2353828   0.04489139
 -0.5608926   0.03799619 -0.5782646  -1.6442074   0.4896891  -0.6012872
  0.7272774   0.01930535 -1.3300503   0.0708601 ]
[ 0.33204874 -0.09701511  0.7846614  -0.02527732  2.3043747  -0.05322637
 -0.5292935   0.00904937 -0.65078455 -1.5855167   0.4968338  -0.66505945
  0.74748814  0.1136487  -1.379673    0.14392535]
[ 0.33512646 -0.06579678  0.8020443   0.01445184  2.2506094  -0.0122295
 -0.51485574 -0.01921657 -0.6528819  -1.5763128   0.44640398 -0.6485321
  0.7486986   0.08542381 -1.3891877   0.14345743]
[ 0.38628834 -0.05245876  0.82011575 -0.00871154  2.177853    0.01450039
 -0.5012215   0.02486439 -0.58082265 -1.5927633   0.43040496 -0.61773294
  0.68005973  0.0610031  -1.4260466   0.13105328]
[ 0.3688217  -0.00811052  0.8412588   0.0060291   2.1384702   0.05554568
 -0.5240487   0.04548275 -0.5103055  -1.6595205   0.42839518 -0.5772472
  0.64534295  0.01289067 -1.4129366   0.09578122]
[ 0.38800412 -0.02199761  0.8169694   0.00718633  2.1874824  -0.04429203
 -0.5026885   0.02402173 -0.549544   -1.669276    0.5117826  -0.63684803
  0.60789955  0.11636226 -1.4827383   0.19494572]
[ 0.30648658  0.00991033  0.8335994  -0.01540562  2.1557276   0.05020272
 -0.56598985  0.03006101 -0.49892625 -1.7092226   0.45562488 -0.5653095
  0.6827223   0.03433339 -1.4035381   0.14697501]
[ 0.31990105  0.00344535  0.7350954   0.08389465  2.2513428  -0.0495922
 -0.5435187  -0.01836223 -0.5532809  -1.6814712   0.55363595 -0.64110714
  0.62388486  0.12128446 -1.5344414   0.27947885]
[ 0.3048575   0.02433844  0.7380966   0.05297016  2.242231   -0.0345142
 -0.5511652   0.03607358 -0.47957078 -1.7042449   0.5557357  -0.5944415
  0.6225477   0.04910127 -1.5249093   0.210888  ]
[ 0.28862694  0.03548414  0.6982525   0.10985462  2.3233514  -0.12567642
 -0.5265231  -0.00438133 -0.51570415 -1.6996031   0.652002   -0.6625972
  0.5228685   0.14038484 -1.5922396   0.30620068]
[ 0.25015786  0.05966281  0.7737872   0.06291886  2.2797558  -0.04615747
 -0.58772755  0.01228157 -0.47993916 -1.7468723   0.58904964 -0.5990241
  0.5405961   0.09196596 -1.4966127   0.24592109]
[ 2.2542226e-01 -7.3272886e-04  7.1171832e-01  1.7724827e-01
  2.3052323e+00 -1.0070840e-01 -5.6628180e-01 -4.0604435e-02
 -5.3588724e-01 -1.7080467e+00  6.2915605e-01 -6.9454587e-01
  6.0596615e-01  2.0684548e-01 -1.5669851e+00  3.0227372e-01]
[ 0.24910016 -0.00339002  0.75336516  0.15051928  2.2660427  -0.03724409
 -0.53691137 -0.04869326 -0.5204012  -1.7051818   0.5799066  -0.67981106
  0.59451324  0.17308518 -1.5469145   0.2611545 ]
[ 0.24058974  0.07242768  0.7958595   0.1138377   2.2231045   0.00707518
 -0.5406414  -0.04416338 -0.49607182 -1.7430319   0.55415905 -0.6057286
  0.5869265   0.14329354 -1.5503931   0.19056444]
[ 0.22281608  0.09433673  0.8121112   0.07760495  2.186272    0.06215674
 -0.56419915  0.01920278 -0.424726   -1.7598778   0.53845626 -0.56061286
  0.562081    0.08357321 -1.548001    0.1449802 ]
[ 0.20112245  0.10090063  0.79508185  0.10452501  2.2158391   0.0686634
 -0.55833924 -0.00672521 -0.41549596 -1.7669265   0.5728191  -0.5567651
  0.5770417   0.07664767 -1.5823681   0.11850576]
[ 0.19048175  0.12830879  0.7354496   0.15310106  2.2896519  -0.01715696
 -0.5447928  -0.06070601 -0.50081646 -1.7435592   0.679267   -0.6191276
  0.5113653   0.17837165 -1.6235416   0.19025831]
[ 1.8631878e-01  9.1611400e-02  7.9699755e-01  8.2570389e-02
  2.2359033e+00  6.7368448e-02 -5.6975496e-01  4.7883390e-05
 -4.4873437e-01 -1.7420880e+00  5.5779505e-01 -5.6239718e-01
  5.8337206e-01  8.5961871e-02 -1.5269092e+00  1.0704589e-01]
[ 0.23315272  0.06611928  0.75581545  0.18099475  2.272184   -0.00871652
 -0.5065785  -0.09181692 -0.5275352  -1.6969812   0.62428814 -0.6654973
  0.5609566   0.18680288 -1.60037     0.16313133]
[ 0.21462174  0.07943153  0.8050577   0.12473886  2.2171102   0.04817602
 -0.5058452  -0.07326907 -0.5284096  -1.7360573   0.61517936 -0.6451213
  0.5920528   0.1678031  -1.5516531   0.12018992]
[ 0.20679012  0.11099853  0.8809781   0.01063664  2.1517797   0.17059663
 -0.53371555 -0.05840987 -0.47528428 -1.74528     0.5115803  -0.5543294
  0.6337875   0.04834566 -1.4301698   0.01451936]
[ 0.2018464   0.10577428  0.812569    0.08715452  2.2354302   0.0641963
 -0.52503884 -0.08367147 -0.5559214  -1.745491    0.6071035  -0.62940794
  0.6234496   0.14496377 -1.5141209   0.11588411]
[ 0.20806536  0.11069363  0.8300101   0.0624979   2.166611    0.14512274
 -0.5312361  -0.05574772 -0.49051085 -1.7513587   0.5521914  -0.59119594
  0.6398352   0.03363581 -1.4591455   0.07469799]
[ 0.21017018  0.11561248  0.76845294  0.06236684  2.2714095   0.00912166
 -0.53310764 -0.0718297  -0.555192   -1.7479465   0.6605213  -0.6447498
  0.5671474   0.1359047  -1.4816206   0.18108371]
[ 0.18192217  0.09166943  0.81582516  0.02953481  2.214919    0.09547795
 -0.5604166  -0.02800166 -0.49798316 -1.73999     0.5659157  -0.58938324
  0.6327608   0.06635565 -1.4241114   0.09054415]
[ 1.9212158e-01  4.0546834e-02  7.6250017e-01  6.5642178e-02
  2.3106401e+00 -2.7883425e-04 -5.4141462e-01 -6.8563484e-02
 -5.8149356e-01 -1.7084377e+00  6.0528839e-01 -6.6440737e-01
  6.5764028e-01  1.5647706e-01 -1.4546075e+00  1.7571394e-01]
[ 0.21137185  0.07494251  0.791699    0.09807575  2.2555904   0.04883789
 -0.51553154 -0.09873279 -0.5872221  -1.7118111   0.567102   -0.64063966
  0.65527296  0.144806   -1.4728363   0.12548265]
[ 0.21279788  0.09249211  0.8128541   0.03645638  2.2063224   0.06743158
 -0.5337925  -0.03304585 -0.51162153 -1.7476661   0.5727126  -0.6168555
  0.6170849   0.11276908 -1.4680008   0.1259361 ]
[ 0.20417401  0.10873878  0.8476132   0.03311648  2.1476731   0.14081363
 -0.5368967  -0.01769159 -0.4549612  -1.7452786   0.51692116 -0.5537257
  0.6132232   0.05865649 -1.4541155   0.0353075 ]
[ 0.20070615  0.08519296  0.79910344  0.05462775  2.233865    0.03716438
 -0.54720604 -0.03373761 -0.5183537  -1.7348623   0.5847931  -0.6069495
  0.5972328   0.14824544 -1.4938986   0.14017215]
[ 0.18350406  0.06270672  0.8686662   0.04766492  2.1533346   0.15800592
 -0.5549407  -0.00666833 -0.46869427 -1.716931    0.4525959  -0.52797633
  0.6843222   0.05311639 -1.4407109  -0.00577353]
[ 0.23847759  0.03806948  0.79040384  0.1333173   2.2154605   0.05566024
 -0.5039624  -0.0563131  -0.5309496  -1.6892055   0.5378037  -0.6216719
  0.6244401   0.14446035 -1.5453596   0.11417699]
[ 0.21194045  0.10021949  0.8608484   0.02222946  2.1392884   0.13805135
 -0.5354985  -0.00685115 -0.44350892 -1.7355545   0.49307656 -0.5473672
  0.6433199   0.05115063 -1.4590281   0.0104633 ]
[ 0.214753    0.08629025  0.8275712   0.05524556  2.2173634   0.05325795
 -0.52214515 -0.02908072 -0.49447903 -1.7398946   0.57567036 -0.6220845
  0.58125234  0.13197318 -1.5139244   0.123386  ]
[ 0.18322295  0.10746691  0.8761961   0.02887406  2.1659026   0.15478817
 -0.548043   -0.03644025 -0.46113768 -1.7549928   0.51345325 -0.5438467
  0.6532103   0.06167947 -1.4614438   0.00309583]
[ 0.18825862  0.09464259  0.7995638   0.12975621  2.2349272   0.0679459
 -0.52281266 -0.08073462 -0.5456916  -1.7331126   0.6010851  -0.6284682
  0.6149321   0.14482859 -1.525452    0.10470283]
[ 0.19474833  0.08878332  0.8521743   0.03826544  2.1680536   0.14826922
 -0.5439365  -0.03001263 -0.48102474 -1.7515873   0.5250079  -0.5741068
  0.6805345   0.04671403 -1.4445468   0.02513859]
[ 0.21676433  0.1251534   0.7941033   0.07016037  2.239561    0.03688644
 -0.5133909  -0.07644054 -0.52799547 -1.7435926   0.63442534 -0.63946307
  0.56088936  0.14168493 -1.5155605   0.14288366]
[ 0.17080949  0.11021273  0.8410369   0.01349898  2.187944    0.12843956
 -0.55519354 -0.02624819 -0.48231703 -1.7620449   0.5446044  -0.56878495
  0.64261186  0.06694923 -1.4207938   0.05340486]
[ 0.20069137  0.08058856  0.8030136   0.07412018  2.258336    0.05462059
 -0.52824104 -0.07889946 -0.5485543  -1.7241703   0.57803714 -0.63556427
  0.6427939   0.13585167 -1.4709393   0.10380135]
[ 0.21457139  0.08369628  0.8193682   0.08485164  2.2143435   0.08949034
 -0.5144238  -0.06542601 -0.5175014  -1.7276926   0.56988496 -0.622966
  0.620904    0.11809649 -1.5137721   0.09064143]
[ 0.20078412  0.12484586  0.8722603  -0.01026136  2.1482496   0.1748548
 -0.5281584  -0.04547712 -0.47590765 -1.7354034   0.51337063 -0.55296904
  0.66521454  0.0428935  -1.4236057  -0.02898849]
[ 0.22089915  0.09215812  0.821212    0.032974    2.2278452   0.0760581
 -0.5249685  -0.05833588 -0.54312736 -1.7226261   0.5748211  -0.6266368
  0.6104902   0.11572206 -1.4518055   0.10067509]
[ 0.2379349   0.08395335  0.8921011  -0.01783753  2.1414418   0.16414537
 -0.5343289  -0.02894779 -0.47431016 -1.7217947   0.49250475 -0.56182736
  0.66258633  0.04915622 -1.4221328  -0.02121202]
[ 0.22031717  0.05861868  0.8291384   0.06482087  2.219371    0.06197149
 -0.5189916  -0.05949857 -0.55473435 -1.7202291   0.6001525  -0.64740115
  0.63908416  0.14201498 -1.4859473   0.09449989]
[ 0.23326835  0.04152026  0.8830415  -0.00830302  2.1550717   0.16816686
 -0.54177135 -0.03457699 -0.5219355  -1.7017384   0.45871982 -0.56621546
  0.69781274  0.02522819 -1.3782072   0.03329335]
[ 0.2775249   0.03173411  0.8130106   0.06080344  2.2312634   0.03199823
 -0.5296177  -0.05529577 -0.5825838  -1.6835499   0.5263265  -0.63123405
  0.63852435  0.11446522 -1.4514312   0.15523444]
[ 0.27163067  0.02378888  0.8209831   0.05132133  2.149706    0.0901975
 -0.5362463   0.00287593 -0.49531063 -1.6980356   0.48564893 -0.6019302
  0.65658444  0.03817836 -1.4405429   0.12711766]
[ 0.26319665  0.01498286  0.7872925   0.04522176  2.2395742  -0.00258687
 -0.5328812  -0.03283973 -0.56257915 -1.6827759   0.5434097  -0.6471516
  0.63192874  0.12116809 -1.435224    0.19776414]
[ 0.2350504   0.05160433  0.8007674   0.03496815  2.232515    0.02318333
 -0.55980265 -0.01483668 -0.53255117 -1.6963543   0.51246    -0.5936306
  0.62871635  0.11288188 -1.4549034   0.16820659]
[ 0.25095648  0.02171868  0.805558    0.0835323   2.166132    0.0769362
 -0.53998864  0.00911073 -0.48759574 -1.6836653   0.45752296 -0.56332666
  0.65699303  0.06831146 -1.4844705   0.10801611]
[ 2.7409998e-01  6.0418408e-02  7.5363517e-01  1.7746136e-01
  2.2248063e+00  1.8222332e-04 -4.9343175e-01 -6.3835450e-02
 -5.1326388e-01 -1.6995909e+00  5.8751923e-01 -6.3895774e-01
  5.4761797e-01  1.4320607e-01 -1.5963593e+00  1.8337782e-01]
[ 0.26963463  0.10377488  0.8396028   0.02853082  2.1618161   0.06910987
 -0.5442882   0.0089937  -0.44540158 -1.7415161   0.5475951  -0.56619537
  0.5187786   0.07026385 -1.5125239   0.1378288 ]
[ 0.24036369  0.08574589  0.8067852   0.08982863  2.2099981   0.05413798
 -0.5573586  -0.02131008 -0.44777536 -1.7532904   0.5429719  -0.5686381
  0.5460839   0.07376437 -1.5231926   0.16934593]
[ 0.23536482  0.03903077  0.72378415  0.19196264  2.2863278  -0.04045531
 -0.5266124  -0.07303745 -0.5408408  -1.7256294   0.6013919  -0.65778285
  0.599002    0.17705432 -1.5920289   0.25154677]
[ 0.25526148  0.06839281  0.74934876  0.14324924  2.2589936   0.01069384
 -0.532013   -0.06006185 -0.50611794 -1.7503258   0.5855059  -0.63385475
  0.58308065  0.11763613 -1.5707824   0.2298178 ]
[ 0.24466887  0.11466875  0.73545647  0.09133741  2.2674243  -0.01874747
 -0.55740273 -0.01828116 -0.46400928 -1.7684329   0.6336507  -0.60699964
  0.5237721   0.11804096 -1.5876852   0.24164884]
[ 0.21724398  0.10520323  0.7577075   0.08806607  2.253446    0.02230636
 -0.5767262   0.01726804 -0.42122564 -1.7653043   0.60044545 -0.5727228
  0.5449421   0.06998714 -1.5693715   0.17567022]
[ 0.20888261  0.05880728  0.7129379   0.11483274  2.3554113  -0.07090589
 -0.56192887 -0.02569697 -0.48900452 -1.734174    0.6560159  -0.6509546
  0.55678666  0.16612314 -1.6024587   0.25402826]
[ 0.20970568  0.07549803  0.7471067   0.17502534  2.3058038  -0.01831574
 -0.52948195 -0.06319423 -0.515583   -1.7311764   0.6280148  -0.6343426
  0.56803095  0.16895549 -1.6191175   0.17932577]
[ 0.18752666  0.07009311  0.76082236  0.1224205   2.282759    0.00475927
 -0.54389226 -0.04323797 -0.50595224 -1.7403157   0.6256646  -0.63803804
  0.6060827   0.16036543 -1.5630944   0.15965125]
[ 0.2020528   0.09152337  0.79831064  0.10902645  2.24779     0.04346164
 -0.5270082  -0.06209841 -0.5012575  -1.7353405   0.60740936 -0.6305245
  0.59371734  0.14647958 -1.5526931   0.113626  ]
[ 0.20813052  0.09268977  0.8214592   0.09263702  2.213959    0.07744835
 -0.52297163 -0.06142329 -0.51894283 -1.7337444   0.57609785 -0.6077207
  0.5846137   0.13456503 -1.5230278   0.11093085]
[ 0.22155428  0.08453128  0.8752183   0.03783811  2.139051    0.15498355
 -0.54338884 -0.02604708 -0.47010335 -1.7299507   0.47327846 -0.5393966
  0.63575846  0.05371846 -1.4420733   0.01818716]
[ 0.22569218  0.03708059  0.8038697   0.12226065  2.2092698   0.04894524
 -0.51817906 -0.05047143 -0.52869153 -1.7218697   0.5631987  -0.64616907
  0.6222987   0.14819531 -1.5219523   0.15202159]
[ 0.20077297  0.08085787  0.87834626  0.03609399  2.138173    0.15385349
 -0.5374445  -0.02463528 -0.4689775  -1.7547703   0.48166364 -0.54868245
  0.6694606   0.0515994  -1.4512755   0.03803208]
[ 0.20234537  0.0867928   0.8029033   0.06650517  2.2426224   0.05598302
 -0.55133677 -0.03778166 -0.53518385 -1.7481655   0.5456323  -0.59189636
  0.6163718   0.1260287  -1.4817101   0.14812937]
[ 0.19915178  0.06183893  0.8152813   0.06602833  2.1702836   0.1148304
 -0.5667524   0.01521333 -0.45464745 -1.7390997   0.49337864 -0.5474413
  0.6861284   0.04801983 -1.4760634   0.05758301]
[ 2.41545826e-01  5.70453294e-02  7.49989212e-01  1.23133995e-01
  2.25548434e+00 -3.84598970e-05 -5.26542306e-01 -2.78394856e-02
 -5.00250697e-01 -1.70461273e+00  5.96610308e-01 -6.30587995e-01
  5.64856231e-01  1.27942502e-01 -1.56771386e+00  1.87901333e-01]
[ 0.20030935  0.07801247  0.817721    0.03114718  2.2144294   0.06366099
 -0.5662383   0.02053033 -0.4327425  -1.7377844   0.52509    -0.54920304
  0.6081012   0.0785505  -1.4953649   0.08868708]
[ 0.21269524  0.04562306  0.7901803   0.11054663  2.2539573  -0.00821047
 -0.5310452  -0.01892836 -0.49163485 -1.7189734   0.55001014 -0.6215847
  0.59414643  0.1672202  -1.5589584   0.17188212]
[ 0.19819692  0.03957445  0.801175    0.14936122  2.210518    0.05665535
 -0.52554566 -0.04210174 -0.4862915  -1.7281717   0.54390633 -0.6094203
  0.6325334   0.16042821 -1.5617235   0.10493088]
[ 0.22684753  0.10500357  0.85304815  0.09740447  2.1478086   0.1028666
 -0.51665795 -0.03562065 -0.45739833 -1.7562803   0.5382713  -0.5773349
  0.59164447  0.11735442 -1.5613469   0.06746544]
[ 0.18575731  0.1147448   0.84856796  0.03681137  2.1357327   0.14649443
 -0.557968    0.01489056 -0.39673764 -1.7734253   0.5160045  -0.5282494
  0.60816115  0.05029981 -1.4979961   0.03992722]
[ 0.1846588   0.12459037  0.84638613  0.04854266  2.174707    0.12908679
 -0.5507809  -0.02209426 -0.44025406 -1.7546463   0.52716064 -0.53650033
  0.6105202   0.06657729 -1.4950825   0.03029692]
[ 0.18849173  0.09231377  0.7844898   0.10559444  2.252178    0.03244549
 -0.53538316 -0.05031785 -0.50294167 -1.7440637   0.62611103 -0.6258997
  0.5859722   0.15845497 -1.5619447   0.13933693]
[ 0.18059687  0.12322416  0.84978163  0.07101952  2.1582353   0.14111103
 -0.5332128  -0.04307315 -0.45323068 -1.7451146   0.541525   -0.5560831
  0.59642524  0.07328355 -1.4975754   0.0359573 ]
[ 0.20803444  0.10067024  0.79979086  0.11119661  2.2198834   0.04729498
 -0.5261091  -0.07165299 -0.52183104 -1.7338135   0.6173595  -0.6303427
  0.55399394  0.1624755  -1.5333169   0.14187033]
[ 0.18826213  0.07915746  0.8725796   0.04662149  2.1488      0.15326758
 -0.5449435  -0.0231514  -0.46405712 -1.7412018   0.49735528 -0.5520703
  0.66918975  0.05929665 -1.4517171   0.00443318]
[ 0.21930616  0.05930234  0.80212796  0.12872799  2.2139797   0.06491438
 -0.5043593  -0.09027199 -0.55701834 -1.7115421   0.5661527  -0.62917894
  0.6067731   0.1530778  -1.5114266   0.13499458]
[ 0.22188537  0.08896516  0.8734986   0.00647356  2.1290004   0.15389176
 -0.548698   -0.01519554 -0.47013387 -1.7523153   0.46386606 -0.5425736
  0.66593856  0.04611424 -1.4138466   0.0373899 ]
[ 0.24891941  0.08642475  0.7807771   0.08936758  2.2124712   0.0327983
 -0.5210203  -0.03741338 -0.49568066 -1.7436508   0.5936058  -0.63518524
  0.55920607  0.12520099 -1.541676    0.19328189]
[ 0.21386656  0.09685957  0.8272241   0.03788202  2.1787715   0.10645149
 -0.55690944 -0.01133326 -0.45281196 -1.7523924   0.5328025  -0.5539466
  0.59969014  0.05616204 -1.4738641   0.09670578]
[ 0.21918264  0.07881854  0.77222824  0.08618636  2.2671888   0.01053528
 -0.56490767 -0.02770758 -0.5107888  -1.7230476   0.57413363 -0.6000847
  0.57631713  0.12952253 -1.524759    0.18514505]
[ 0.24375153  0.03963488  0.7995079   0.1083411   2.1906738   0.0679711
 -0.5488356   0.00691089 -0.45008293 -1.7143028   0.4867336  -0.5625844
  0.6014172   0.06386024 -1.5305992   0.14409134]
[ 0.2471344   0.06339905  0.7345179   0.1732811   2.2501128  -0.03289609
 -0.5176692  -0.06022347 -0.51091635 -1.7196827   0.6069722  -0.64633095
  0.55858266  0.18194757 -1.5903966   0.21023245]
[ 0.23646207  0.07388967  0.8024085   0.07310034  2.215505    0.02034023
 -0.5497483   0.00431533 -0.45752883 -1.746783    0.5671265  -0.6012082
  0.5363772   0.13656032 -1.550603    0.18698363]
[ 0.22166796  0.07525517  0.84134805  0.07078864  2.1750088   0.09782225
 -0.5644339   0.01148969 -0.41416436 -1.7480438   0.4917647  -0.5236418
  0.6070276   0.07155571 -1.5429668   0.07339308]
[ 0.2204715   0.07045268  0.7547415   0.1796908   2.2580333   0.01020171
 -0.52639735 -0.05002498 -0.50236    -1.7335281   0.59339637 -0.61641735
  0.58282447  0.16793337 -1.6299074   0.16670488]
[ 0.23384607  0.1010927   0.81910866  0.07583512  2.189901    0.1031879
 -0.54424125 -0.01242933 -0.44349188 -1.7458566   0.5327119  -0.5580882
  0.59262     0.04927504 -1.5426385   0.09369139]
[ 0.21380162  0.12888941  0.7434265   0.10070197  2.2779844  -0.02327006
 -0.5419336  -0.04719845 -0.49772072 -1.7349031   0.67531765 -0.6286408
  0.52028406  0.161037   -1.5864564   0.18549491]
[ 0.18932772  0.08649793  0.8196437   0.07201485  2.2125916   0.08209218
 -0.55964243 -0.00714543 -0.46120635 -1.7386472   0.56438154 -0.58185256
  0.58869904  0.08772586 -1.5143331   0.10423984]
[ 0.24452825  0.04988025  0.7792052   0.1384697   2.2711282  -0.00859028
 -0.5197776  -0.07928514 -0.54257    -1.7031183   0.5831511  -0.6526391
  0.55663115  0.1683225  -1.5473081   0.21020801]
[ 0.25240207  0.0482633   0.7923346   0.17283818  2.1908896   0.03952833
 -0.49949354 -0.07189119 -0.52715325 -1.7102535   0.58075273 -0.63839614
  0.5867559   0.17082983 -1.5787218   0.13581395]
[ 0.26827365  0.05457398  0.84901536  0.03957938  2.1254997   0.14119442
 -0.5333078  -0.01776384 -0.45935875 -1.7264388   0.4832588  -0.5759459
  0.6189184   0.02526539 -1.4547254   0.10725908]
[ 0.28423566  0.0825852   0.7682171   0.05602127  2.236429   -0.00698921
 -0.54226494 -0.04252184 -0.51147985 -1.721678    0.58066654 -0.6102419
  0.5589765   0.12598129 -1.527856    0.2190171 ]
[ 0.21777566  0.06175981  0.77674115  0.06510013  2.2119641   0.0461668
 -0.57104456  0.02059906 -0.44410807 -1.7686245   0.54354465 -0.57588696
  0.63320255  0.06663383 -1.5059433   0.16913642]
[ 0.24505277  0.0631008   0.7330853   0.10688676  2.3014565  -0.0360113
 -0.5484748  -0.0406937  -0.5035084  -1.7389643   0.61463875 -0.6414523
  0.54593056  0.12903276 -1.5573874   0.27768344]
[ 0.21124968  0.0917217   0.718078    0.14033064  2.290481   -0.05591267
 -0.5609419  -0.02377281 -0.50922024 -1.7381935   0.654058   -0.6134752
  0.5320794   0.17549244 -1.6046598   0.24103956]
[ 0.18807968  0.02638879  0.76163274  0.09275186  2.2442987   0.02811971
 -0.59017515  0.04273681 -0.4409732  -1.7129505   0.5525084  -0.56841993
  0.61469203  0.08430935 -1.5232848   0.14574435]
[ 0.19910526 -0.01954158  0.7241481   0.16381595  2.32808    -0.04797953
 -0.54343677 -0.0350113  -0.5374619  -1.6518654   0.5757154  -0.64137423
  0.6298666   0.18954287 -1.5708039   0.18368718]
[ 0.21557996  0.01940653  0.77191174  0.16947843  2.2537427   0.0028395
 -0.50546753 -0.05083381 -0.55293244 -1.6657321   0.5391814  -0.6130502
  0.6462682   0.19202232 -1.5868698   0.10870663]
[ 0.20569329  0.03668786  0.8458012   0.05745538  2.1710231   0.1030957
 -0.5256966   0.00412295 -0.48651162 -1.6987202   0.48018655 -0.5630559
  0.6769525   0.10111199 -1.4942782   0.02828678]
[ 0.19421105  0.09845962  0.8298127   0.13646996  2.1939247   0.10017264
 -0.49870864 -0.08449158 -0.5183881  -1.7162653   0.57558525 -0.60468173
  0.6002822   0.15884088 -1.5569777   0.0335478 ]
[ 0.1549771   0.09939089  0.9013227   0.01553856  2.1213174   0.20414615
 -0.5548375  -0.00247205 -0.45586252 -1.7376906   0.48352116 -0.52395517
  0.65934986  0.05502158 -1.4383624  -0.04114918]
[ 0.18151909  0.0641158   0.88237447  0.03854375  2.1328187   0.18042845
 -0.540089   -0.02661548 -0.4879734  -1.7101414   0.45171422 -0.5423416
  0.6805009   0.0478931  -1.4054997  -0.00484648]
[ 0.24078636  0.03350515  0.81965524  0.12220426  2.1818128   0.07863818
 -0.50325364 -0.0687048  -0.5563523  -1.6894916   0.5208647  -0.6228658
  0.62746966  0.14359307 -1.4846516   0.10164287]
[ 2.7077508e-01  6.2278103e-02  8.9037716e-01  1.7709821e-02
  2.0786901e+00  1.5965112e-01 -5.1752865e-01  1.3235658e-03
 -4.5252833e-01 -1.7206638e+00  4.2269754e-01 -5.5530113e-01
  6.2136090e-01  2.4195572e-02 -1.4193717e+00  6.1373312e-02]
[ 0.26794252  0.06043635  0.81734943  0.06395976  2.1735332   0.02963259
 -0.52088034 -0.01926849 -0.48179626 -1.7410418   0.53962857 -0.6206008
  0.55615795  0.12378548 -1.5060366   0.20551825]
[ 2.5022420e-01  8.0643758e-02  8.5615891e-01  3.1778514e-02
  2.1297467e+00  1.2895720e-01 -5.4878539e-01  9.3578995e-04
 -4.2799646e-01 -1.7586893e+00  4.5335111e-01 -5.2983791e-01
  6.0394651e-01  4.3653764e-02 -1.4751918e+00  1.0741589e-01]
[ 0.24087934  0.07816654  0.7513544   0.10304825  2.2521286   0.00501736
 -0.5486287  -0.02058387 -0.47304496 -1.7466402   0.57951814 -0.6043034
  0.5700509   0.13225889 -1.5940119   0.2232023 ]
[ 0.22712211  0.1117124   0.7640943   0.10345634  2.21176     0.0620855
 -0.55828345  0.00492097 -0.42328778 -1.758138    0.5463089  -0.54085505
  0.5611707   0.065936   -1.5856941   0.15457799]
[ 2.1504745e-01  9.3037672e-02  6.9916904e-01  1.1425974e-01
  2.3075550e+00 -6.5769590e-02 -5.6726867e-01 -5.8119593e-04
 -4.6109954e-01 -1.7448375e+00  6.7357528e-01 -6.1798882e-01
  5.0997782e-01  1.6015469e-01 -1.6236324e+00  2.5704542e-01]
[ 0.1897606   0.07026799  0.75920033  0.13173757  2.259782    0.00590354
 -0.5718617   0.02897776 -0.41565448 -1.7409003   0.58785874 -0.56634754
  0.54081047  0.10810566 -1.5981128   0.1560929 ]
[ 0.22840944  0.02510233  0.72337514  0.20357935  2.2952666  -0.05217088
 -0.526708   -0.05431128 -0.5232489  -1.6864808   0.60908955 -0.6511334
  0.53789973  0.20495006 -1.630017    0.24456632]
[ 0.21846303  0.01654208  0.7766594   0.16747224  2.2331643  -0.00460788
 -0.53984034 -0.02036295 -0.49086332 -1.7054278   0.53871214 -0.61636084
  0.62175775  0.16730115 -1.5808414   0.16424885]
[ 0.24657588  0.02696688  0.79207456  0.18139753  2.1894069   0.04173911
 -0.49424854 -0.04905362 -0.48744863 -1.7078358   0.5415142  -0.6218468
  0.59542876  0.16100974 -1.611407    0.140291  ]
[ 0.20987709  0.12191206  0.86175203  0.03886179  2.128607    0.14037724
 -0.5408394  -0.00698762 -0.41721353 -1.7599443   0.49035662 -0.5203618
  0.60932964  0.05880104 -1.5035025   0.03238453]
[ 0.21059282  0.12645462  0.8001634   0.06552926  2.2151902   0.0498082
 -0.55491936 -0.0080786  -0.4508028  -1.7734343   0.5961464  -0.58003634
  0.54874194  0.12126358 -1.5560865   0.13513988]
[ 0.1941021   0.09453791  0.8288517   0.0780668   2.1945188   0.11471859
 -0.5539619  -0.01257018 -0.41767946 -1.7741169   0.5569099  -0.546878
  0.6123584   0.05945203 -1.5416708   0.05572576]
[ 0.18936203  0.11530615  0.77412015  0.14040573  2.265208    0.03151109
 -0.5306459  -0.07980644 -0.51123005 -1.7407198   0.6528886  -0.61214507
  0.55485237  0.16249305 -1.595094    0.12775798]
[ 0.1804113   0.07946744  0.82933444  0.05524954  2.2106855   0.11370407
 -0.5645216  -0.01568259 -0.48500234 -1.72975     0.52224106 -0.5640698
  0.6291083   0.06968645 -1.4590617   0.07267085]
[ 0.22925942  0.03256497  0.7887624   0.12231235  2.2571092   0.02701899
 -0.52906215 -0.06027855 -0.53795314 -1.6936916   0.56276953 -0.6377222
  0.6379543   0.15642537 -1.5226411   0.11200649]
[ 0.2558941   0.01011128  0.82119447  0.11769209  2.1962686   0.06413069
 -0.49766898 -0.05685485 -0.5651747  -1.684918    0.5270164  -0.6363427
  0.6276979   0.15107092 -1.4985628   0.11290821]
[ 0.2736318   0.04570848  0.88961524 -0.02809156  2.1146426   0.15973316
 -0.54140556 -0.00236648 -0.47715768 -1.6804578   0.41478616 -0.54550445
  0.64932764  0.03181381 -1.4008859   0.04109462]
[ 0.27939832  0.02960455  0.81213856  0.05854026  2.202814    0.03961176
 -0.5277431  -0.02236218 -0.5365801  -1.6938689   0.5021539  -0.6136489
  0.6457224   0.11545549 -1.5037744   0.15934801]
[ 0.278272    0.02755858  0.8406566   0.06735553  2.1483097   0.11713576
 -0.53257185 -0.00324396 -0.4730361  -1.702       0.44036692 -0.56143725
  0.64401734  0.02490719 -1.4853952   0.1148292 ]
[ 0.28985113  0.0410381   0.7816454   0.09225731  2.2421317  -0.0116149
 -0.53168327 -0.01970617 -0.51765    -1.6896808   0.5447206  -0.60859936
  0.5422994   0.1180346  -1.5410966   0.21667309]
[ 0.26007873  0.03955569  0.77110386  0.09613464  2.185469    0.02901978
 -0.5734061   0.03696855 -0.4440399  -1.7110449   0.52113724 -0.57779473
  0.56408656  0.0638779  -1.5291917   0.21652794]
[ 0.28113937 -0.00860066  0.73490965  0.13525537  2.2781272  -0.07095717
 -0.54100114 -0.01577899 -0.5071449  -1.6834606   0.54799455 -0.643347
  0.55677336  0.1414342  -1.553129    0.29899237]
[ 0.296958    0.00595266  0.7310009   0.2066154   2.2616172  -0.06157514
 -0.507341   -0.04519534 -0.5273725  -1.6943598   0.5345663  -0.63099885
  0.5594468   0.16624293 -1.6246656   0.2794662 ]
[ 0.27241093  0.060208    0.75099725  0.10564838  2.2219243  -0.01797548
 -0.54814637  0.01812978 -0.449992   -1.738527    0.5358216  -0.5726307
  0.57158744  0.09317384 -1.5837642   0.23026507]
[ 0.2693253   0.06928381  0.71090305  0.17359821  2.2780788  -0.04230093
 -0.5298606  -0.03749131 -0.4811253  -1.7368721   0.6137575  -0.6291879
  0.49919552  0.14125064 -1.6514097   0.30335286]
[ 0.26720008  0.10756365  0.71341646  0.13090654  2.287364   -0.05866541
 -0.56020236 -0.01762674 -0.44349432 -1.7435598   0.6453414  -0.6090914
  0.44857064  0.13973054 -1.6572338   0.30038717]
[ 0.2060236   0.08947765  0.75964963  0.14390789  2.2552326   0.00792564
 -0.5736653   0.01968489 -0.4262948  -1.7508717   0.5985329  -0.56489086
  0.54708916  0.10007385 -1.6420304   0.17579058]
[ 0.23227327  0.02305248  0.6810157   0.20829901  2.360395   -0.07489093
 -0.54263085 -0.06211289 -0.5139704  -1.6903412   0.6610243  -0.6663155
  0.5305821   0.19016996 -1.6623294   0.27425382]
[ 0.22384325  0.04922249  0.7288466   0.18004474  2.3126519  -0.04142887
 -0.5282716  -0.05277266 -0.517128   -1.7147541   0.6124066  -0.63629276
  0.57749206  0.18068114 -1.636705    0.20928788]
[ 0.2218037   0.07174988  0.7209848   0.17520347  2.2796488  -0.01987915
 -0.5250587  -0.05857593 -0.50681525 -1.7296149   0.63999915 -0.65302557
  0.5538522   0.15949038 -1.6142277   0.2323257 ]
[ 1.9608584e-01  8.3727203e-02  7.6549315e-01  1.0021470e-01
  2.2790191e+00 -1.4071942e-03 -5.5104411e-01 -3.6062259e-02
 -4.9881011e-01 -1.7469324e+00  6.1921573e-01 -6.2159616e-01
  5.7162219e-01  1.5171917e-01 -1.5421196e+00  1.7778966e-01]
[ 0.2090112   0.06809694  0.77455175  0.165564    2.226576    0.02531915
 -0.5362507  -0.03676959 -0.49807987 -1.7294798   0.5836664  -0.60419214
  0.5696989   0.15023573 -1.583083    0.16090643]
[ 0.2169514   0.04921586  0.8147294   0.08803166  2.1941628   0.08136107
 -0.56888354  0.01236524 -0.44477302 -1.7303963   0.49345523 -0.5503974
  0.61347216  0.06996627 -1.4877179   0.09372353]
[ 0.26369157  0.0528498   0.7700461   0.16932394  2.2211614   0.00324187
 -0.49906898 -0.06647426 -0.5279831  -1.7179203   0.5651338  -0.6493584
  0.5877744   0.16867241 -1.5762639   0.18242285]
[ 0.27692938  0.10888505  0.8012843   0.05492632  2.179714    0.0310823
 -0.5311732  -0.01535179 -0.44891924 -1.7600868   0.56373036 -0.6071642
  0.5000636   0.10686816 -1.5271467   0.21567814]
[ 2.68799633e-01  1.22656465e-01  8.44770432e-01  4.99339774e-02
  2.13133383e+00  9.72569808e-02 -5.39225876e-01 -2.07968941e-03
 -3.98029417e-01 -1.77063680e+00  4.97535765e-01 -5.32893896e-01
  5.25711656e-01  6.23592734e-02 -1.53908992e+00  1.28366128e-01]
[ 0.24939223  0.11912002  0.7591937   0.12335704  2.2255166  -0.00708068
 -0.5379859  -0.03933864 -0.44980413 -1.7791897   0.6351526  -0.61627275
  0.5071315   0.1527425  -1.6395514   0.24591699]
[ 0.20271726  0.13424036  0.8000471   0.10857089  2.2097516   0.09349116
 -0.5624478  -0.03330998 -0.42415112 -1.7752434   0.581123   -0.54035264
  0.55317056  0.06994458 -1.5791353   0.10618395]
[ 0.22920322  0.08880936  0.7208868   0.15522034  2.2992904  -0.01673197
 -0.56471807 -0.04113404 -0.498708   -1.7386421   0.64857453 -0.61857784
  0.5282876   0.13640623 -1.61968     0.23959175]
[ 2.1553433e-01  6.9830969e-02  7.4483240e-01  1.2459824e-01
  2.2742441e+00  5.0649943e-04 -5.6940019e-01 -4.0301741e-03
 -4.5261592e-01 -1.7353170e+00  6.0477680e-01 -5.8275330e-01
  5.9049869e-01  8.3477817e-02 -1.5813310e+00  1.6292694e-01]
[ 0.21831128  0.04764201  0.7146766   0.18211135  2.3254254  -0.04897316
 -0.5125977  -0.09380431 -0.5816151  -1.7054112   0.6708902  -0.6891376
  0.55866843  0.19562185 -1.5834312   0.24975315]
[ 0.19595024  0.06456969  0.756178    0.08608431  2.3177276  -0.02319202
 -0.5599671  -0.05189685 -0.5545789  -1.7222745   0.6203149  -0.64334697
  0.60381615  0.1614165  -1.5041094   0.20134588]
[ 0.21773286  0.02768804  0.77052     0.16203506  2.2574987   0.01690093
 -0.5314458  -0.05408127 -0.5570385  -1.7059605   0.55516076 -0.6394189
  0.6355563   0.14343587 -1.5316626   0.18005623]
[ 0.22832432  0.03430711  0.76637447  0.12163645  2.2383873   0.0349599
 -0.5269684  -0.06614824 -0.53902787 -1.7062238   0.57319623 -0.64740485
  0.64119947  0.13646671 -1.5137088   0.17121626]
[ 0.23959012  0.09242816  0.7969596   0.05403104  2.1956792   0.04509901
 -0.5361996  -0.02861266 -0.49858576 -1.7175201   0.5525308  -0.5917699
  0.5623161   0.10299119 -1.4931362   0.17203009]
[ 0.18893962  0.0707186   0.79573727  0.05274735  2.1874259   0.06912272
 -0.574659    0.02717694 -0.42990288 -1.7453142   0.5224533  -0.5547748
  0.6135932   0.08267511 -1.4806147   0.12078424]
[ 0.22911808  0.05637972  0.78713787  0.12198017  2.2314503  -0.0043336
 -0.52267945 -0.03243267 -0.49316758 -1.7325134   0.549439   -0.618169
  0.5782656   0.15648657 -1.5557237   0.19673738]
[ 0.25224042  0.08404641  0.75631356  0.16697665  2.19274     0.01052464
 -0.5147238  -0.04722886 -0.46703625 -1.739514    0.5932101  -0.61191285
  0.4886803   0.1630685  -1.606437    0.22743289]
[ 0.22880718  0.09610613  0.84887564  0.04064074  2.123635    0.12442305
 -0.57238734  0.03737111 -0.35117513 -1.7573961   0.45810032 -0.5050198
  0.5553622   0.02615046 -1.4908876   0.08322785]
[ 0.24016424  0.07118028  0.73879725  0.13171773  2.2400491  -0.0208657
 -0.54553384 -0.0216201  -0.45314533 -1.7341716   0.61711437 -0.61688954
  0.51498914  0.161534   -1.6243216   0.24933343]
[ 0.2333436   0.08957921  0.7941528   0.08921497  2.2028496   0.0689971
 -0.5639296  -0.00616055 -0.41650265 -1.7298721   0.5109864  -0.5139498
  0.5430441   0.07944803 -1.5715517   0.13686457]
[ 0.21858664  0.06689309  0.7094578   0.19338724  2.267075   -0.03122351
 -0.5458324  -0.03458301 -0.48662987 -1.7267202   0.62972194 -0.6093546
  0.5427629   0.19101287 -1.6704323   0.23315437]
[ 0.21711974  0.05837838  0.77809054  0.13625804  2.2293792   0.04788963
 -0.5597402   0.01031502 -0.41994375 -1.7358153   0.55726576 -0.5550735
  0.56879413  0.07561989 -1.5929675   0.12899467]
[ 0.23640342  0.04672972  0.72643244  0.1883379   2.2959104  -0.03523938
 -0.52572787 -0.05995663 -0.53799313 -1.6865892   0.6298662  -0.6267587
  0.5241944   0.1874919  -1.6314976   0.21526949]
[ 0.19528118  0.04208932  0.781921    0.0759101   2.2375507   0.04402549
 -0.5895073   0.01558351 -0.48081502 -1.7013229   0.523505   -0.5475933
  0.6429798   0.08989623 -1.5014536   0.11732821]
[ 0.24111089 -0.04581897  0.72431904  0.1906271   2.2951868  -0.02665162
 -0.5170582  -0.05474539 -0.5603467  -1.6387846   0.55009663 -0.6717916
  0.63002855  0.17230019 -1.5691832   0.22851248]
[ 2.3600046e-01  3.2335170e-02  7.6748466e-01  1.5590394e-01
  2.2561622e+00 -1.4150679e-03 -5.0478268e-01 -6.6384487e-02
 -5.4982948e-01 -1.6845465e+00  5.5221784e-01 -6.3041645e-01
  6.1665452e-01  1.7051636e-01 -1.5564594e+00  1.5292594e-01]
[ 0.2267488   0.06211562  0.8233687   0.07533504  2.1889904   0.05884
 -0.53418964  0.0060525  -0.49306506 -1.7144781   0.5174225  -0.5741663
  0.6017225   0.11389289 -1.5222865   0.10858746]
[ 0.22920647  0.04705206  0.82863694  0.06899448  2.1679177   0.11354458
 -0.56071484  0.00881177 -0.44555312 -1.7259429   0.47315064 -0.5450331
  0.6250614   0.05232526 -1.4817195   0.08926733]
[ 0.24157068  0.06259066  0.7647459   0.15514617  2.2277226   0.00390509
 -0.51560104 -0.04998754 -0.510948   -1.7079194   0.57010967 -0.61334413
  0.5959116   0.15863569 -1.5923967   0.15588851]
[ 0.1918889   0.05735728  0.8106745   0.05835984  2.1980333   0.08135792
 -0.5548149   0.02153396 -0.43454495 -1.756621    0.51959157 -0.562511
  0.64760095  0.06876872 -1.4977653   0.09560402]
[ 0.20436493  0.0893743   0.78308994  0.10208641  2.269412    0.01273819
 -0.5278768  -0.04935818 -0.502066   -1.7351996   0.5790741  -0.60954845
  0.57439554  0.15318236 -1.5530957   0.15632442]
[ 0.21543929  0.1066304   0.7756743   0.1398588   2.2074513   0.03537361
 -0.53919375 -0.02356918 -0.47469753 -1.7475693   0.59086055 -0.5973354
  0.53836626  0.13568373 -1.5833155   0.16686206]
[ 0.23624833  0.07366186  0.8304755   0.07792174  2.1554203   0.09222767
 -0.55341256  0.02010664 -0.4050374  -1.7573099   0.52552855 -0.5622643
  0.5943368   0.05713347 -1.5259275   0.08475417]
[ 0.25878146  0.06884109  0.7912245   0.13018627  2.213614    0.0155444
 -0.4983634  -0.05701517 -0.4923161  -1.7250717   0.59459144 -0.627946
  0.5144556   0.15964352 -1.5869981   0.18735944]
[ 0.22140832  0.10303164  0.83386403  0.02719769  2.157019    0.09184972
 -0.56535494  0.00475574 -0.4279193  -1.7610626   0.5016221  -0.53016496
  0.5969917   0.07854176 -1.4838556   0.09798925]
[ 0.24655056  0.06395813  0.7630609   0.12899749  2.232131    0.00650411
 -0.52976644 -0.04140254 -0.48416004 -1.7494465   0.5830948  -0.62940705
  0.5833231   0.15272689 -1.5882413   0.20972276]
[ 0.2556119   0.12147374  0.7836983   0.12593052  2.2031472   0.04495212
 -0.52818316 -0.04528705 -0.43938702 -1.7710193   0.60758513 -0.59445506
  0.51563066  0.1083974  -1.6208658   0.17912921]
[ 0.2133998   0.13384056  0.79724175  0.06098278  2.2006989   0.07975532
 -0.58246815  0.01758748 -0.41673142 -1.745569    0.56029445 -0.52870667
  0.5198651   0.0645621  -1.5365212   0.1074623 ]
[ 0.19813263  0.03928917  0.76409596  0.09383203  2.2480512   0.02322263
 -0.5896456   0.0293496  -0.44574103 -1.7202555   0.5634444  -0.57199895
  0.6062687   0.08973114 -1.5338103   0.15169546]
[ 2.2917828e-01  1.8313825e-03  7.2971028e-01  2.0355675e-01
  2.3114893e+00 -4.6539079e-02 -5.2099049e-01 -6.9441319e-02
 -5.3873241e-01 -1.6754980e+00  5.9669507e-01 -6.6414577e-01
  5.9681100e-01  1.8800375e-01 -1.6008154e+00  2.0590088e-01]
[ 2.4314161e-01  4.4522405e-02  7.7381402e-01  1.6924074e-01
  2.2540188e+00 -5.9666636e-04 -5.0061309e-01 -7.3446617e-02
 -5.5166161e-01 -1.7053108e+00  5.8148539e-01 -6.4356101e-01
  5.9658927e-01  1.7725690e-01 -1.5814015e+00  1.6244695e-01]
[ 0.24653569  0.07683782  0.8351008   0.05371989  2.1853447   0.08957033
 -0.54820514 -0.0170911  -0.48946795 -1.722421    0.5189527  -0.5779797
  0.61913157  0.06683952 -1.4728845   0.08073153]
[ 0.27098435  0.05821291  0.7860707   0.1254725   2.2319102   0.02091506
 -0.520553   -0.0526845  -0.5172738  -1.7269481   0.58147645 -0.643938
  0.5639032   0.12786277 -1.5487626   0.19053444]
[ 0.24606934  0.10839956  0.83713454  0.03977551  2.1702895   0.08240493
 -0.5477024  -0.01708115 -0.44348487 -1.7643363   0.53806937 -0.56916815
  0.58740634  0.06152724 -1.5072159   0.12376828]
[ 2.3954086e-01  8.1643388e-02  7.7873039e-01  7.0509300e-02
  2.2610989e+00  7.9554319e-04 -5.4548156e-01 -4.1212358e-02
 -5.1653588e-01 -1.7639706e+00  5.9396279e-01 -6.3817525e-01
  5.7892442e-01  1.2964140e-01 -1.5137199e+00  2.3356891e-01]
[ 0.25549307  0.08113716  0.7596528   0.10672762  2.2693238   0.00328864
 -0.5503713  -0.0515895  -0.5008987  -1.743138    0.59323543 -0.62537235
  0.57223076  0.11765709 -1.5591122   0.2204403 ]
[ 0.2314806   0.0840426   0.7594944   0.1275411   2.2674005   0.00244761
 -0.5471927  -0.02782476 -0.4903902  -1.7448997   0.6099561  -0.6181232
  0.581132    0.1189823  -1.5993853   0.19199558]
[ 0.23008657  0.08816627  0.7774582   0.08253794  2.2406907   0.0450787
 -0.55875605 -0.01228154 -0.46178252 -1.7437317   0.5586864  -0.5777249
  0.5701396   0.05999446 -1.5327423   0.1818994 ]
[ 0.21006016  0.06367153  0.7293701   0.10863521  2.3256505  -0.05909692
 -0.5573899  -0.03263421 -0.52842045 -1.7280045   0.63050956 -0.63865507
  0.5678543   0.17344648 -1.5485655   0.23249722]
[ 0.21334629  0.05319797  0.7470007   0.15700619  2.2731473  -0.00940381
 -0.5372171  -0.03411921 -0.503373   -1.7246869   0.6157544  -0.64416057
  0.5790053   0.16302593 -1.6012514   0.19926529]
[ 0.20185748  0.05610555  0.7896198   0.12320842  2.2737224   0.02232811
 -0.5343046  -0.05116565 -0.5204258  -1.7204206   0.58265    -0.6229993
  0.60029775  0.15766817 -1.5579684   0.1452631 ]
[ 0.21075645  0.0777318   0.7845435   0.15035746  2.2193077   0.04911065
 -0.52654856 -0.05240829 -0.51197386 -1.7262449   0.5599961  -0.596809
  0.5926277   0.1380198  -1.5584109   0.13567299]
[ 0.21333615  0.05672897  0.81691265  0.06182989  2.1726344   0.09809332
 -0.5574787   0.01054387 -0.43870753 -1.739275    0.5075194  -0.56059957
  0.6419492   0.06089419 -1.4875786   0.08767008]
[ 0.21919045  0.09538217  0.77185166  0.11850877  2.23661     0.02344014
 -0.51883185 -0.06017257 -0.5036227  -1.7306087   0.605992   -0.62799275
  0.5599233   0.14843555 -1.5521437   0.16062467]
[ 0.21139331  0.11212025  0.8005115   0.05865974  2.2157414   0.03737838
 -0.5555357  -0.01400046 -0.47228464 -1.7446091   0.5809411  -0.58655524
  0.5313157   0.13623396 -1.5224695   0.1582284 ]
[ 0.22961602  0.08444502  0.8437265   0.0838223   2.1447525   0.1112365
 -0.55156887  0.00789574 -0.41442284 -1.7487595   0.47897658 -0.5280434
  0.58867466  0.06225405 -1.518321    0.07023908]
[ 0.27767277  0.05640327  0.7575799   0.18400624  2.1990662   0.00262433
 -0.49001485 -0.05358731 -0.47465047 -1.7276322   0.58548105 -0.63681793
  0.5120622   0.16622859 -1.6351852   0.22439179]
[ 0.24756435  0.12145386  0.820135    0.03970984  2.1427822   0.08621708
 -0.5553166   0.00548726 -0.38709325 -1.7837852   0.52089995 -0.53236336
  0.5552396   0.0528694  -1.5200485   0.13307312]
[ 2.35487968e-01  8.84055495e-02  7.60127485e-01  1.14413336e-01
  2.25178862e+00 -7.93173895e-05 -5.58538258e-01 -1.38197867e-02
 -4.55770403e-01 -1.75581682e+00  5.90517282e-01 -5.98439097e-01
  5.26746392e-01  1.34373739e-01 -1.59991300e+00  2.29078859e-01]
[ 0.21481664  0.08797859  0.7997484   0.12156041  2.212302    0.06993827
 -0.5654444   0.00743508 -0.40975887 -1.7688684   0.53977704 -0.54202574
  0.5970558   0.06985854 -1.605311    0.11537238]
[ 0.22552328  0.08548987  0.713953    0.1918571   2.3022037  -0.03499569
 -0.5312731  -0.0507958  -0.49476606 -1.7423184   0.66068375 -0.63070726
  0.5330778   0.17011893 -1.6600574   0.20866683]
[ 0.21749675  0.0950173   0.7848925   0.07263844  2.2594788   0.04030855
 -0.56728613  0.00685273 -0.4362     -1.7609034   0.5774543  -0.5702182
  0.5636076   0.07283096 -1.5489404   0.13893244]
[ 0.24795981  0.0829947   0.7344303   0.14209606  2.3019476  -0.05225936
 -0.5345248  -0.05795087 -0.51332676 -1.7198288   0.64101124 -0.6547146
  0.51361257  0.17011991 -1.599596    0.24715674]
[ 0.25342596  0.05342698  0.776512    0.142118    2.2393055  -0.00431652
 -0.53108317 -0.03810702 -0.50115144 -1.7298237   0.58563125 -0.64479905
  0.54110324  0.15400311 -1.5706351   0.22248368]
[ 0.27575785  0.05524404  0.8074867   0.13043585  2.2076802   0.02572014
 -0.52180845 -0.04856165 -0.48654002 -1.7284199   0.54496163 -0.6254138
  0.5571551   0.1382037  -1.5742617   0.18965933]
[ 0.2473121   0.06599493  0.81105024  0.1256814   2.1960893   0.04776756
 -0.52973855 -0.03798512 -0.48733956 -1.7432029   0.54535246 -0.6004802
  0.5836529   0.12797444 -1.5804017   0.17455436]
[ 0.2580778   0.07877851  0.8118819   0.08267625  2.1651354   0.10388131
 -0.55260754 -0.01058178 -0.44727212 -1.7443985   0.47813338 -0.5451587
  0.59800893  0.03582214 -1.5217998   0.1569334 ]
[ 0.26615152  0.07391602  0.71722656  0.1188756   2.2822795  -0.04233366
 -0.5454527  -0.02885993 -0.4931407  -1.735228    0.62513036 -0.62238455
  0.5456563   0.12801698 -1.6032356   0.26267877]
[ 0.2412262   0.09039053  0.7484853   0.117872    2.240263    0.0075976
 -0.55670536  0.00592543 -0.43127584 -1.7517102   0.60183144 -0.5890769
  0.51568997  0.07036489 -1.5908667   0.2281898 ]
[ 0.24548097  0.06752233  0.70886666  0.11938366  2.3260517  -0.09372091
 -0.561086   -0.0247831  -0.49797758 -1.721967    0.6489997  -0.65121365
  0.47957602  0.1580338  -1.5850776   0.3339542 ]
[ 0.23191187  0.03745977  0.7107047   0.17694978  2.2988362  -0.06804244
 -0.5536232  -0.0313517  -0.501423   -1.7180531   0.61744225 -0.64469993
  0.55847245  0.17477015 -1.6192265   0.27935696]
[ 2.5406656e-01 -1.6394288e-03  7.0495045e-01  2.0220661e-01
  2.2951877e+00 -4.9659576e-02 -5.2007329e-01 -5.7063855e-02
 -5.0575829e-01 -1.6863024e+00  5.9637910e-01 -6.6589153e-01
  5.5171144e-01  1.7822342e-01 -1.6347883e+00  2.8788862e-01]
[ 0.2649013   0.08544851  0.73753494  0.15714893  2.2420998  -0.01441248
 -0.5240355  -0.06047175 -0.49490935 -1.717967    0.57257164 -0.6050082
  0.51270926  0.15697023 -1.6077461   0.24517402]
[ 0.2708168   0.08903064  0.7438236   0.10879549  2.217046   -0.02162548
 -0.5611981   0.01557947 -0.43407002 -1.7472023   0.5919565  -0.59647036
  0.47337896  0.12627077 -1.6072143   0.28140792]
[ 0.27643585  0.06600248  0.7711202   0.14181015  2.1951814   0.01664853
 -0.55410653  0.02021682 -0.38213977 -1.7508491   0.5258361  -0.5516815
  0.4874137   0.07116666 -1.619313    0.23527773]
[ 0.2828874   0.05912391  0.71657854  0.21541059  2.25681    -0.06997864
 -0.519724   -0.04295385 -0.47743464 -1.7151535   0.61289465 -0.61367285
  0.4581345   0.19425602 -1.7058117   0.2982964 ]
[ 0.26405048  0.03630286  0.7516862   0.13189436  2.2296803   0.00792395
 -0.57683074  0.02976967 -0.41185394 -1.7291739   0.51252913 -0.5449121
  0.5385114   0.07367393 -1.6088655   0.24481729]
[ 0.26845998  0.00929153  0.67262006  0.22865546  2.3242583  -0.08911003
 -0.5330148  -0.04341118 -0.48755947 -1.6890526   0.6118707  -0.64229584
  0.54229224  0.18185833 -1.7009737   0.295545  ]
[ 0.26186967  0.0425266   0.6971823   0.2035191   2.299054   -0.06788211
 -0.53646654 -0.01503031 -0.4831066  -1.7204155   0.6182725  -0.6199169
  0.50132304  0.1518639  -1.6805309   0.29722962]
[ 0.24417439  0.06232608  0.7393794   0.12365778  2.2917075  -0.03781027
 -0.5811599   0.0228593  -0.43016142 -1.7330116   0.58404505 -0.57834923
  0.5189954   0.09774278 -1.6138645   0.23819208]
[ 0.25795394  0.0299035   0.70043576  0.21594675  2.3243396  -0.08149034
 -0.53299415 -0.03751911 -0.51452816 -1.6988369   0.6344613  -0.65120184
  0.5257963   0.17861034 -1.6796525   0.27731165]
[ 0.2570024   0.00378405  0.6949067   0.16864184  2.3348637  -0.06742095
 -0.5423855  -0.0448113  -0.5171529  -1.6685024   0.63123465 -0.66357327
  0.5619103   0.18092284 -1.6336066   0.25210035]
[ 0.24341002  0.01491845  0.74712116  0.1459649   2.3008237  -0.02655095
 -0.5366584  -0.03537429 -0.516789   -1.6842449   0.57789195 -0.62801147
  0.6154083   0.15019013 -1.5994484   0.17737599]
[ 0.24888992  0.01636506  0.7431361   0.15199782  2.2901423  -0.01549999
 -0.5198923  -0.04507432 -0.5254904  -1.6882004   0.5758253  -0.6383787
  0.60558903  0.14431927 -1.5963367   0.19943362]
[ 2.2818804e-01  5.0758928e-02  7.8700924e-01  9.4743274e-02
  2.2635231e+00 -1.5111208e-03 -5.4437649e-01 -1.7086167e-02
 -5.0615901e-01 -1.7195880e+00  5.8253562e-01 -6.1360282e-01
  6.0314167e-01  1.3451073e-01 -1.5466268e+00  1.5006068e-01]
[ 0.23804045  0.0229754   0.7675872   0.15999256  2.2391677   0.00944157
 -0.53613245 -0.02017995 -0.5115982  -1.7154766   0.57625896 -0.6262747
  0.5917174   0.13811825 -1.5681629   0.18045509]
[ 0.2599998   0.0131161   0.8406145   0.05292707  2.1928248   0.07122613
 -0.5599102   0.01329606 -0.47550935 -1.7001941   0.4681673  -0.5551393
  0.63038963  0.05649181 -1.4586859   0.09544549]
[ 2.6701826e-01  4.2915941e-04  7.6185238e-01  1.3440016e-01
  2.2384770e+00 -2.0341542e-02 -5.2637541e-01 -3.2752119e-02
 -5.5427969e-01 -1.6780717e+00  5.2434129e-01 -6.4493382e-01
  6.3368869e-01  1.6027352e-01 -1.5260584e+00  2.1082740e-01]
[ 2.9863653e-01  1.6281927e-02  7.9238361e-01  5.5891491e-02
  2.1830242e+00  2.4162348e-02 -5.3434575e-01  1.5894740e-03
 -4.8936519e-01 -1.6841228e+00  4.7985068e-01 -6.0573959e-01
  6.0832614e-01  9.8811366e-02 -1.4868075e+00  1.9015506e-01]
[ 0.30480355  0.05236132  0.8097811   0.09252805  2.183358    0.02068249
 -0.51524377 -0.00965192 -0.47356647 -1.7025248   0.5028101  -0.58929116
  0.55942     0.11727752 -1.5769404   0.17137161]
[ 0.24827488  0.0672516   0.8242172   0.062863    2.1608212   0.06368493
 -0.5474983   0.03693874 -0.41915673 -1.732324    0.51391304 -0.5429212
  0.5894016   0.07690358 -1.5713716   0.11325154]
[ 0.22317557  0.07542817  0.8241245   0.10533656  2.2081478   0.09097128
 -0.5613961  -0.01547448 -0.4571368  -1.7270195   0.51506734 -0.53110814
  0.5958524   0.06946838 -1.5666319   0.09526342]
[ 0.21181393  0.03412377  0.73267806  0.17375486  2.2926927  -0.01741353
 -0.5542692  -0.03906708 -0.5320532  -1.7077802   0.62105584 -0.62942517
  0.60223347  0.17481442 -1.6013794   0.18388712]
[ 0.2368203   0.03461245  0.7984058   0.11968589  2.2173483   0.05105622
 -0.55135494  0.00984618 -0.46648392 -1.7164567   0.52915144 -0.5850624
  0.61070436  0.05857354 -1.5407001   0.13903818]
[ 0.22410432  0.03342949  0.74242795  0.14191803  2.3035083  -0.04650266
 -0.5290989  -0.06087433 -0.5704664  -1.7081509   0.62023723 -0.6645261
  0.5878774   0.17680915 -1.5377787   0.2354888 ]
[ 0.215125    0.04721511  0.7921914   0.06641988  2.252569    0.00458661
 -0.5582893  -0.01823773 -0.5270196  -1.7170311   0.5485287  -0.61930144
  0.6181141   0.13030455 -1.4787847   0.19181962]
[ 0.24171264  0.01994364  0.760399    0.1321784   2.2442462   0.0175934
 -0.5292305  -0.04090663 -0.51015204 -1.6817713   0.543711   -0.6328149
  0.60719675  0.13760985 -1.5492816   0.18687896]
[ 0.22529253  0.07922648  0.7825375   0.12033089  2.2190583   0.0307757
 -0.5198909  -0.049751   -0.5046609  -1.7188514   0.55358    -0.6066959
  0.61574525  0.13732554 -1.5463641   0.12835008]
[ 0.21778134  0.08999435  0.80941737  0.0616313   2.203153    0.0608421
 -0.5364932  -0.00821338 -0.46113792 -1.7346985   0.5608165  -0.5787355
  0.5646303   0.11766285 -1.5383174   0.11670692]
[ 0.19794942  0.09395026  0.8589729   0.05970769  2.1613774   0.16060528
 -0.5444177  -0.01801448 -0.4258593  -1.7230517   0.47018617 -0.50996256
  0.60256857  0.04829407 -1.4931035   0.00346493]
[ 0.22979894  0.09724464  0.7637337   0.15661101  2.2301621   0.02310813
 -0.5211627  -0.07140569 -0.51457465 -1.7171599   0.6292915  -0.62662214
  0.5480341   0.16988638 -1.5984199   0.14665957]
[ 0.21764156  0.06436043  0.85661346  0.05121625  2.1741366   0.1279657
 -0.5527689  -0.00983556 -0.46711388 -1.7458217   0.51349294 -0.568213
  0.6505753   0.05253406 -1.4676844   0.0456587 ]
[ 0.23739581  0.07622579  0.7884703   0.12705934  2.246885    0.03143803
 -0.50989807 -0.08764718 -0.55325633 -1.722179    0.6011647  -0.63500774
  0.57417166  0.15515158 -1.5381289   0.15419975]
[ 0.23761316  0.09156501  0.83881825  0.03033194  2.1774402   0.11178263
 -0.54898226 -0.0228166  -0.49532056 -1.7482697   0.49843138 -0.5624972
  0.625589    0.05087306 -1.4421005   0.10383341]
[ 0.2725714   0.07212259  0.7419104   0.09896274  2.2588115  -0.0103007
 -0.52380687 -0.07543765 -0.5379397  -1.7111673   0.61935365 -0.6687333
  0.5830691   0.13199057 -1.52871     0.22617748]
[ 0.27287918  0.07799579  0.7778326   0.06908052  2.239881    0.021308
 -0.5348712  -0.03848846 -0.51397026 -1.7131445   0.5855713  -0.6179055
  0.5553964   0.09793333 -1.5219573   0.19015452]
[ 0.22758412  0.07513412  0.7971081   0.03833678  2.2331066   0.05262528
 -0.5720307  -0.00562617 -0.47206774 -1.7191836   0.52960503 -0.5651728
  0.6244462   0.06044626 -1.4844587   0.12661389]
[ 0.20854652  0.01063724  0.75323176  0.10945175  2.3159356  -0.04272647
 -0.53995657 -0.03471254 -0.5481127  -1.7112265   0.59658116 -0.659798
  0.6650132   0.16371866 -1.5393295   0.19956662]
[ 0.21867457  0.05076941  0.7606228   0.13847773  2.2990193   0.01421137
 -0.5232695  -0.09098344 -0.56896174 -1.7153616   0.6156591  -0.65988046
  0.62870884  0.1572437  -1.5426885   0.1637284 ]
[ 0.1989189   0.10160854  0.8068615   0.04568574  2.2644377   0.03801302
 -0.5543741  -0.03722699 -0.53662455 -1.7457359   0.6112429  -0.61551404
  0.61593485  0.11487931 -1.4883592   0.12550879]
[ 0.19522175  0.06642188  0.807968    0.06941286  2.215077    0.08036219
 -0.55421066 -0.01056253 -0.49635172 -1.7343156   0.5534278  -0.6037813
  0.6369766   0.06042205 -1.4625326   0.12185119]
[ 0.21312442  0.0446723   0.7736393   0.0795262   2.2909818  -0.01799467
 -0.5310919  -0.06675841 -0.5739812  -1.7070935   0.59604764 -0.66354644
  0.61482036  0.15872972 -1.4626062   0.19992593]
[ 0.20516697  0.04397545  0.81136876  0.09617423  2.2176998   0.0411445
 -0.5261882  -0.05629439 -0.54384136 -1.7100041   0.54127395 -0.6365706
  0.6368171   0.14104946 -1.468323    0.15333156]
[ 0.24001734  0.04442317  0.82692367  0.05649652  2.1777      0.0710871
 -0.532322   -0.0320439  -0.49944916 -1.7149203   0.49468428 -0.6192497
  0.616504    0.10821037 -1.4511572   0.16098464]
[ 0.25964078  0.10312225  0.8419569   0.09852681  2.1333537   0.08618196
 -0.51553583 -0.05079065 -0.47174606 -1.7388127   0.51400286 -0.5849587
  0.56965005  0.117338   -1.5267142   0.11068051]
[ 0.21104915  0.08553012  0.8601314   0.03861261  2.1131966   0.14566061
 -0.55745566  0.02847602 -0.39413357 -1.7558212   0.4747476  -0.52891403
  0.59822536  0.05056621 -1.487253    0.0613826 ]
[ 0.22179642  0.09697638  0.85110044  0.04358563  2.1519716   0.13447091
 -0.5523058  -0.00429418 -0.39784026 -1.7406152   0.47369432 -0.51235723
  0.5784802   0.0437401  -1.4989252   0.05503599]
[ 0.22382633  0.09993218  0.75448143  0.12238805  2.2473235  -0.01076445
 -0.5511643  -0.02905113 -0.48482552 -1.7558365   0.6304683  -0.61353767
  0.5399884   0.16698274 -1.6090084   0.2162035 ]
[ 0.2268401   0.08150493  0.8038748   0.11477677  2.20137     0.07088502
 -0.553615   -0.00629668 -0.4200217  -1.755323    0.5651598  -0.56723315
  0.5699426   0.05909186 -1.5712569   0.1247818 ]
[ 0.19713719  0.08600631  0.7431061   0.16129407  2.3010159  -0.02141359
 -0.5321027  -0.07064493 -0.5270974  -1.734524    0.6655692  -0.64092237
  0.5463767   0.1767117  -1.6051956   0.20112145]
[ 0.17617922  0.09252486  0.7975296   0.08356848  2.2459397   0.0701006
 -0.5754326  -0.02013179 -0.48398113 -1.7387784   0.56238985 -0.5697872
  0.6230751   0.08025365 -1.4975315   0.09909456]
[ 0.21973486  0.02654437  0.7308448   0.14184783  2.3155503  -0.03433555
 -0.53181374 -0.05700394 -0.54585826 -1.7002014   0.6033392  -0.6721538
  0.600961    0.1733996  -1.5424163   0.21999793]
[ 0.2484519   0.08254305  0.7640732   0.15237746  2.2349555   0.00874931
 -0.50028974 -0.08724866 -0.5316397  -1.7187579   0.60386175 -0.6572868
  0.5553959   0.16322958 -1.5521686   0.18128589]
[ 0.25848174  0.10030778  0.8282153   0.04285275  2.1799185   0.05470148
 -0.5367052  -0.02245562 -0.4756287  -1.7531261   0.5603131  -0.6097847
  0.5221465   0.10984669 -1.4942273   0.18312962]
[ 0.26476026  0.07913361  0.8605428   0.05492622  2.1296082   0.1193881
 -0.5446507  -0.01195389 -0.42844287 -1.7496716   0.4712069  -0.53855526
  0.57459295  0.04743839 -1.4903986   0.10796878]
[ 0.27827364  0.0543053   0.7680367   0.15320511  2.2148929   0.00407191
 -0.5259265  -0.04078811 -0.4895504  -1.7306961   0.5540305  -0.6200677
  0.5367866   0.13776632 -1.5971581   0.25212288]
[ 2.8881159e-01  8.7500751e-02  8.0338401e-01  8.5492536e-02
  2.1661961e+00  7.6539591e-02 -5.4933161e-01  6.4333976e-04
 -4.1832662e-01 -1.7619425e+00  4.9824300e-01 -5.5252445e-01
  5.6980073e-01  3.8539957e-02 -1.5627778e+00  1.7758234e-01]
[ 0.27242395  0.08832403  0.7101507   0.11815429  2.297772   -0.05683716
 -0.5436868  -0.02320727 -0.4737362  -1.7569526   0.63451016 -0.6183287
  0.5152627   0.13582811 -1.6370302   0.2874825 ]
[ 0.24683611  0.08494641  0.7488433   0.09245419  2.2808995   0.00760551
 -0.5779664   0.00892894 -0.4334015  -1.7517602   0.577741   -0.55791163
  0.54332495  0.06604727 -1.5948868   0.20626664]
[ 0.23072883  0.04250432  0.6825012   0.14743009  2.3666065  -0.10175107
 -0.56770545 -0.01664072 -0.51256245 -1.7109588   0.66890156 -0.65125
  0.55067044  0.17363557 -1.638511    0.28545076]
[ 0.22950959  0.02346166  0.7139681   0.18996951  2.3344848  -0.06213498
 -0.5507694  -0.02153913 -0.50047845 -1.6992915   0.6274157  -0.6509048
  0.5535208   0.14829063 -1.6424351   0.25479585]
[ 0.22072558 -0.00367934  0.73907536  0.18301502  2.3342984  -0.0554045
 -0.5234095  -0.04732097 -0.5563379  -1.6713889   0.5974613  -0.65571743
  0.5984775   0.1890449  -1.6042188   0.2018164 ]
[ 2.1193215e-01  4.8664333e-03  7.6498091e-01  1.6697888e-01
  2.2867901e+00  1.2702749e-03 -5.2848589e-01 -6.0472429e-02
 -5.6010783e-01 -1.6781528e+00  5.7779241e-01 -6.4869392e-01
  6.3814497e-01  1.7156708e-01 -1.5572937e+00  1.5406641e-01]
[ 0.20702305  0.00762535  0.7832897   0.10505708  2.2674065   0.03775785
 -0.53970516 -0.04165252 -0.54140514 -1.6874273   0.5486288  -0.6353587
  0.68025905  0.13553049 -1.5056851   0.12346999]
[ 0.23627515  0.05821538  0.8103487   0.09892693  2.2217693   0.05624939
 -0.50820315 -0.07047749 -0.54865104 -1.7016656   0.52471983 -0.6138172
  0.64489603  0.11709426 -1.4992926   0.11952464]
[ 0.24770541  0.07684194  0.8228115   0.04881936  2.1848357   0.05715177
 -0.53005624 -0.01278353 -0.4838686  -1.7392365   0.5385195  -0.60437125
  0.5757556   0.10633294 -1.486638    0.1448997 ]
[ 0.2135627   0.08599799  0.85613096  0.05130079  2.1375453   0.1193635
 -0.5497352   0.00216589 -0.4395112  -1.7575378   0.49823546 -0.54912615
  0.62573975  0.06469036 -1.4729626   0.05800966]
[ 0.23115668  0.0570731   0.8023594   0.10615444  2.2086806   0.02897582
 -0.5367996  -0.03530516 -0.51800525 -1.7336792   0.55232203 -0.60967124
  0.5634689   0.147505   -1.5154805   0.19913656]
[ 0.24387273  0.06503145  0.855735    0.04869329  2.1321802   0.12169381
 -0.5661831   0.01627637 -0.43209028 -1.732029    0.42307526 -0.51620996
  0.61966956  0.05245438 -1.471226    0.08510209]
[ 0.26165766  0.04504571  0.7566613   0.15515606  2.2034626   0.00467249
 -0.5186639  -0.02012611 -0.4827946  -1.7083235   0.5570215  -0.6205306
  0.58841586  0.14509536 -1.6214149   0.20155919]
[ 0.24180987  0.07874407  0.80139667  0.05950217  2.1988964   0.07719336
 -0.5514868   0.00782776 -0.41778165 -1.7254221   0.52210134 -0.5483829
  0.56934863  0.05278966 -1.5357956   0.11481152]
[ 0.21306702  0.09035767  0.7811597   0.07715784  2.279126   -0.00302128
 -0.558846   -0.01226602 -0.48816705 -1.7238458   0.59173745 -0.5833586
  0.56357205  0.15310502 -1.5931016   0.1593328 ]
[ 0.19961241  0.06795514  0.7896904   0.13198659  2.2233758   0.06012724
 -0.55147696 -0.00827161 -0.4517334  -1.7334058   0.56575024 -0.5694519
  0.58464843  0.09324255 -1.5808071   0.12298384]
[ 0.24937865  0.05103806  0.74198407  0.20384255  2.269334   -0.01826021
 -0.49967295 -0.09117009 -0.5397154  -1.7032416   0.6201532  -0.6699021
  0.5282327   0.18360499 -1.6092287   0.23161574]
[ 0.25645116  0.08993341  0.7972405   0.12416885  2.1974287   0.01919728
 -0.5354847  -0.04065714 -0.49597996 -1.7437248   0.5891808  -0.61771214
  0.5179609   0.13686809 -1.5542632   0.20720248]
[ 0.22257158  0.02637369  0.8288593   0.07637     2.172687    0.0727357
 -0.5684932   0.00956465 -0.4679416  -1.7382272   0.48920783 -0.56327146
  0.62778497  0.07206385 -1.4594008   0.14552292]
[ 0.27227622  0.00886784  0.7559921   0.16871394  2.2391124  -0.01751764
 -0.5239449  -0.07008465 -0.54000413 -1.7016922   0.52645326 -0.64318514
  0.59815127  0.15643886 -1.5477136   0.2686767 ]
[ 0.303763    0.07061662  0.7487642   0.10790773  2.2068524  -0.01142811
 -0.54182446 -0.01815391 -0.46976107 -1.7358906   0.53511846 -0.6039332
  0.5196633   0.11253963 -1.5737867   0.30176872]
[ 0.29066736  0.07235175  0.7741823   0.10778223  2.173752    0.02928077
 -0.5586237   0.0305712  -0.4012661  -1.7420642   0.52264667 -0.5637087
  0.49830222  0.05870096 -1.5761192   0.23295009]
[ 0.26439887  0.07222674  0.7016389   0.12896994  2.2841654  -0.08675524
 -0.5681801   0.01914329 -0.4205841  -1.7356303   0.63507557 -0.61684227
  0.44151035  0.14153714 -1.6517296   0.3427511 ]
[ 0.24450949  0.06779863  0.7426401   0.14784323  2.2596703  -0.02506707
 -0.5823182   0.02151575 -0.40208545 -1.7414742   0.55480313 -0.54450893
  0.4808837   0.09892683 -1.6519607   0.27887604]
[ 0.2686978   0.01905197  0.64413035  0.2520209   2.333216   -0.12209557
 -0.5414626  -0.04081059 -0.47399083 -1.7031301   0.63002986 -0.6526066
  0.48596054  0.20628357 -1.7357533   0.3828381 ]
[ 0.2695032   0.05312536  0.6603154   0.26456985  2.2975318  -0.09110834
 -0.5171831  -0.05307764 -0.46133024 -1.7120739   0.65902394 -0.6511955
  0.46457577  0.19709869 -1.7463973   0.3164104 ]
[ 0.25534335  0.0930481   0.69857997  0.16930726  2.2903476  -0.06569555
 -0.5588883  -0.0071646  -0.4243152  -1.7353411   0.6492635  -0.6077768
  0.43101582  0.14412643 -1.6902024   0.3086677 ]
[ 0.22357197  0.08102195  0.7414844   0.12939382  2.2727578  -0.02219852
 -0.58318645  0.02361655 -0.4102687  -1.7496402   0.57470506 -0.54859906
  0.5359927   0.10773287 -1.6359049   0.20728084]
[ 0.24247912  0.01102203  0.68201894  0.24623847  2.329832   -0.08519418
 -0.5249101  -0.05726498 -0.4992663  -1.7007227   0.64390695 -0.667178
  0.53007764  0.21294884 -1.712292    0.2969369 ]
[ 0.24868684  0.07074431  0.7157267   0.20546226  2.2976563  -0.04237865
 -0.523053   -0.07380234 -0.49248472 -1.7187777   0.6435515  -0.647421
  0.5070116   0.18305422 -1.6721117   0.24627852]
[ 0.22296295  0.09845524  0.7643937   0.1513102   2.2560456  -0.00433898
 -0.54551506 -0.02907904 -0.4778915  -1.7531192   0.6440941  -0.6173361
  0.5321871   0.14470871 -1.6367146   0.19571622]
[ 0.21568413  0.0684685   0.7805136   0.11936978  2.2522573   0.04243358
 -0.5663262  -0.01235106 -0.45712367 -1.7470152   0.5638572  -0.5793041
  0.56918913  0.07300922 -1.5454537   0.16953184]
[ 0.22059862  0.0444487   0.7293854   0.1765473   2.3106918  -0.04755866
 -0.52791774 -0.07339936 -0.5461655  -1.7195858   0.62430894 -0.65803057
  0.5877032   0.18699068 -1.5892013   0.2292616 ]
[ 0.22785023  0.06977607  0.74606925  0.14340088  2.2565722  -0.00935655
 -0.53380436 -0.04844525 -0.5057293  -1.7446527   0.6149738  -0.6499957
  0.56522197  0.14468911 -1.5694044   0.24151926]
[ 0.21427612  0.08524005  0.77209187  0.088778    2.2572827   0.00378829
 -0.55564535 -0.03573017 -0.49203482 -1.7547319   0.5990429  -0.6161691
  0.5710289   0.13700703 -1.5226707   0.19651476]
[ 0.23309025  0.07841278  0.77439135  0.14118406  2.2182078   0.01472299
 -0.54226965 -0.02010498 -0.47780713 -1.7464199   0.568344   -0.596504
  0.54421735  0.13433349 -1.5834656   0.20753777]
[ 0.24806702  0.05085653  0.7909132   0.10055778  2.19086     0.04693767
 -0.5629159   0.02252779 -0.40718642 -1.7482564   0.5057473  -0.5563665
  0.54322356  0.06988838 -1.5357548   0.18904914]
[ 0.28445205  0.07397563  0.74146736  0.18088529  2.2118595  -0.03081041
 -0.51421356 -0.0405038  -0.47962007 -1.7260406   0.56666446 -0.61913145
  0.48819718  0.15680502 -1.6290989   0.28597623]
[ 0.26989707  0.06322005  0.74712384  0.11980112  2.210252   -0.03990887
 -0.55784655  0.00346816 -0.43617254 -1.7437344   0.57595015 -0.6049005
  0.4840557   0.13578436 -1.5960406   0.32062906]
[ 0.2269319   0.0533018   0.7991053   0.12541434  2.1699862   0.04355479
 -0.5751669   0.02249504 -0.3915909  -1.7501023   0.49663153 -0.5213113
  0.5667492   0.08940051 -1.602164    0.19389793]
[ 0.25255185  0.03787417  0.7129487   0.197312    2.26055    -0.04909872
 -0.5408522  -0.03171597 -0.47009096 -1.7165257   0.60087883 -0.606897
  0.49315816  0.1864793  -1.6957461   0.31902125]
[ 0.25772896  0.07203188  0.7471629   0.14133582  2.225574    0.00785063
 -0.57180095  0.01703239 -0.4018589  -1.7380126   0.5296154  -0.53815675
  0.4945752   0.08220479 -1.6376579   0.26233572]
[ 0.25307918  0.06237486  0.6711633   0.23395205  2.3008783  -0.09082553
 -0.5405262  -0.04144433 -0.45928162 -1.7044029   0.6512743  -0.6323481
  0.44480547  0.18301022 -1.7253021   0.34456366]
[ 0.18354551  0.04440054  0.7375687   0.15675136  2.284203   -0.02535576
 -0.57978815  0.01928077 -0.4287355  -1.7150166   0.5697545  -0.56577766
  0.54863566  0.12919837 -1.6317518   0.22065398]
[ 0.22695604 -0.02743804  0.6859757   0.25533563  2.3411105  -0.08839347
 -0.5429422  -0.06378709 -0.5292686  -1.6338125   0.5865326  -0.6460441
  0.540159    0.23087582 -1.690326    0.30465084]
[ 0.2465353  -0.02264     0.7301901   0.24017343  2.2775886  -0.03516561
 -0.53615683 -0.03656461 -0.5056888  -1.6517477   0.52918017 -0.6295427
  0.566123    0.19323754 -1.6643499   0.24709114]
[ 0.25443822  0.00532335  0.7651242   0.23964672  2.222542    0.01112383
 -0.49753293 -0.05710723 -0.5050124  -1.6639029   0.5670099  -0.6349375
  0.5592137   0.19175011 -1.6849686   0.17163733]
[ 0.23326015  0.03061509  0.8508067   0.14802879  2.1633658   0.11669393
 -0.51388043 -0.00694997 -0.4556294  -1.662351    0.4549715  -0.53006357
  0.5423145   0.10024512 -1.59742     0.0688509 ]
[ 0.21146066  0.07846469  0.79558384  0.06879468  2.22327     0.05384222
 -0.5842615   0.00251889 -0.46294603 -1.7389088   0.531182   -0.5526434
  0.6086582   0.08546732 -1.5090663   0.13504514]
[ 0.26297513  0.01967025  0.7123885   0.16369517  2.2807975  -0.04916808
 -0.5276393  -0.04185646 -0.5156484  -1.6938223   0.606761   -0.6677432
  0.56537735  0.16296552 -1.5999472   0.27040708]
[ 0.27437162  0.06553143  0.7225169   0.15527958  2.258081   -0.02834179
 -0.51687497 -0.06418183 -0.5082072  -1.7055981   0.61480075 -0.6452414
  0.5087298   0.16212852 -1.593151    0.24956512]
[ 2.43642017e-01  1.04511574e-01  7.83035219e-01  5.39846942e-02
  2.21633601e+00 -1.85108779e-03 -5.70061743e-01  1.18594347e-02
 -4.45526212e-01 -1.76189649e+00  5.90276837e-01 -5.84036708e-01
  5.25074720e-01  1.24683224e-01 -1.55747688e+00  2.15819746e-01]
[ 0.20804305  0.04126007  0.7729735   0.109767    2.2295353   0.02473305
 -0.5736836   0.02235574 -0.40931377 -1.7668959   0.54670554 -0.5587579
  0.6008025   0.07972249 -1.5603672   0.17963195]
[ 0.22633488  0.04369085  0.7228509   0.21605484  2.2972727  -0.03313398
 -0.5207577  -0.08263131 -0.5420799  -1.7076622   0.6004046  -0.6305734
  0.56407773  0.19531845 -1.627788    0.22668767]
[ 0.18865852  0.06808268  0.72481036  0.13141517  2.256218   -0.01399467
 -0.57746315  0.00418545 -0.48490015 -1.7280071   0.6168629  -0.59819126
  0.59589374  0.14169471 -1.5819324   0.20354323]
[ 0.20380847  0.02228832  0.7746048   0.11717772  2.220745    0.04782639
 -0.5696789   0.03072157 -0.4322567  -1.7049633   0.5146192  -0.5596016
  0.6069008   0.06535069 -1.5209992   0.1289984 ]
[ 0.20294686  0.03260578  0.7404423   0.17233987  2.286      -0.04286377
 -0.5210763  -0.04400758 -0.52726173 -1.6920286   0.6053732  -0.63096976
  0.5750346   0.20338301 -1.5948257   0.18116191]
[ 0.19284773  0.06451689  0.82147866  0.0781572   2.1940143   0.05234965
 -0.55189764  0.02124241 -0.45478377 -1.7223641   0.5210767  -0.5606977
  0.600925    0.11905649 -1.5251629   0.09367821]
[ 0.23312318  0.03463181  0.77118605  0.17718905  2.233148    0.02860288
 -0.50086945 -0.06988373 -0.5060117  -1.6942507   0.55793965 -0.64107466
  0.563536    0.17596634 -1.5949814   0.17836142]
[ 0.25278205  0.12400212  0.8345133   0.12929699  2.135332    0.08483507
 -0.49764434 -0.06618518 -0.45872432 -1.7393272   0.5416743  -0.5781082
  0.5299245   0.13163102 -1.5790279   0.09999622]
[ 0.23324843  0.11712679  0.847247    0.04710487  2.0989537   0.14466149
 -0.543816    0.01208594 -0.38647395 -1.7592785   0.4991249  -0.53337467
  0.53908575  0.04434215 -1.5110013   0.09623043]
[ 0.22908092  0.11769867  0.8344536   0.05119732  2.1521833   0.11792929
 -0.5419067  -0.03229303 -0.41822425 -1.7453432   0.5300466  -0.54108536
  0.5635186   0.06824346 -1.5129918   0.07198486]
[ 0.24662213  0.09157993  0.7681349   0.14265034  2.2275105   0.02249417
 -0.5285197  -0.05580407 -0.5012867  -1.7282946   0.6050225  -0.6104722
  0.524312    0.15398183 -1.6064476   0.19542617]
[ 0.25356072  0.08434891  0.8266428   0.07467285  2.1788206   0.11694823
 -0.5547133  -0.02157042 -0.42220145 -1.7338715   0.5101124  -0.54196817
  0.5894073   0.02556171 -1.5267833   0.08555632]
[ 0.2623617   0.0985687   0.72826016  0.17095535  2.2767959  -0.03379232
 -0.511595   -0.0802037  -0.53732324 -1.7304909   0.6818587  -0.66251737
  0.49484682  0.15987034 -1.6180756   0.24857767]
[ 0.24677625  0.09090294  0.76485956  0.05890325  2.2663317   0.02002312
 -0.5718995  -0.02416067 -0.47968015 -1.7444744   0.601498   -0.60299724
  0.5589935   0.06278291 -1.4956043   0.19608307]
[ 0.25633723  0.0257411   0.7182366   0.12377685  2.3416157  -0.08276816
 -0.5357605  -0.06613901 -0.5838831  -1.7042027   0.64159715 -0.68323976
  0.59443563  0.1694128  -1.545923    0.28052425]
[ 0.2512853   0.02456382  0.71138     0.14475277  2.3173776  -0.0336351
 -0.53114206 -0.0968978  -0.5862625  -1.6856073   0.63676393 -0.6860215
  0.6032149   0.16231424 -1.5427855   0.25974256]
[ 0.25376484  0.05575352  0.74071044  0.09132577  2.297155   -0.01871577
 -0.5415193  -0.06250419 -0.5736695  -1.6984526   0.6065488  -0.65696895
  0.6028215   0.12383479 -1.4932384   0.22225218]
[ 0.2523262   0.05881803  0.7422732   0.11489262  2.2951064  -0.02610134
 -0.54140824 -0.03968584 -0.5367316  -1.7173786   0.6116254  -0.6527387
  0.5864301   0.11363585 -1.5287812   0.21616106]
[ 0.22996679  0.05663316  0.79667217  0.0522049   2.2670803   0.01482867
 -0.5527089  -0.01742537 -0.53385437 -1.7211177   0.55923337 -0.5994579
  0.6275336   0.09089696 -1.4618979   0.13787067]
[ 0.22792959  0.04816927  0.7505151   0.11496184  2.3065457  -0.01919577
 -0.5407247  -0.07453512 -0.5784767  -1.6999044   0.6121689  -0.6657556
  0.61056805  0.16280982 -1.5135281   0.20655093]
[ 0.226553    0.0417227   0.76945037  0.07958876  2.2822504   0.00426358
 -0.5371941  -0.04087778 -0.5418121  -1.7063391   0.58030415 -0.6484689
  0.6474387   0.13927993 -1.5065567   0.15687911]
[ 0.23566356  0.06679917  0.79862726  0.11725805  2.2440379   0.04665411
 -0.51440513 -0.06793065 -0.54144907 -1.7148044   0.5731015  -0.638367
  0.62181246  0.10767658 -1.5189202   0.12970528]
[ 0.25459853  0.08925106  0.82779247  0.03795309  2.2163048   0.05682213
 -0.5378071  -0.02619354 -0.5087788  -1.7377659   0.55339736 -0.6079695
  0.5704071   0.08751408 -1.4719356   0.14325729]
[ 0.2484786   0.09933925  0.8378478   0.05894386  2.1617131   0.09433224
 -0.5408911  -0.01760339 -0.4612092  -1.74597     0.53442967 -0.58111453
  0.5878754   0.06023332 -1.4909096   0.09966073]
[ 0.26901197  0.06711437  0.76273906  0.09241583  2.2492185  -0.01113734
 -0.5240067  -0.06263089 -0.53230053 -1.7343419   0.60817254 -0.67046535
  0.5479811   0.14415178 -1.5156195   0.25975344]
[ 0.28833708  0.11485758  0.785699    0.05395099  2.2116995   0.01874706
 -0.5378027  -0.05847947 -0.4951722  -1.7523985   0.56299317 -0.6101403
  0.5341551   0.11130935 -1.5068291   0.2297155 ]
[ 2.71409333e-01  9.65222344e-02  7.59745777e-01  9.87103954e-02
  2.20252895e+00 -1.44882943e-03 -5.37431955e-01 -1.85372271e-02
 -4.59777743e-01 -1.77701151e+00  5.98583341e-01 -6.11356258e-01
  5.30820549e-01  1.23026386e-01 -1.58778262e+00  2.61444390e-01]
[ 0.25414443  0.10324433  0.77212477  0.09861428  2.2046392   0.05102757
 -0.5480944  -0.01964083 -0.41040903 -1.7706025   0.57253385 -0.56717193
  0.5335516   0.05254277 -1.5725136   0.19371244]
[ 0.21895754  0.10733193  0.7062663   0.12140337  2.3204455  -0.06274108
 -0.56518316 -0.03091006 -0.5051681  -1.7530754   0.6779954  -0.61722827
  0.51596963  0.15966983 -1.620225    0.27584308]
[ 2.1164460e-01  5.4272600e-02  7.3175418e-01  1.3285530e-01
  2.2929416e+00 -1.7878891e-03 -5.8935547e-01  1.1845805e-02
 -4.5584613e-01 -1.7337379e+00  5.8280528e-01 -5.7073963e-01
  5.7888740e-01  7.5892858e-02 -1.5705888e+00  1.9653368e-01]
[ 0.25783068  0.00431032  0.6763829   0.21359316  2.3423653  -0.09845635
 -0.5254135  -0.05445486 -0.5303953  -1.6776695   0.6257953  -0.6825987
  0.526337    0.18480575 -1.6308737   0.31935936]
[ 0.24298891  0.05529609  0.7204499   0.17038321  2.281767   -0.06899333
 -0.53173614 -0.04529134 -0.5153378  -1.7203414   0.6349199  -0.66202706
  0.543784    0.1872463  -1.6088041   0.26482636]
[ 2.1110506e-01  2.5135618e-02  7.9085547e-01  8.6480945e-02
  2.2618530e+00 -1.4389552e-02 -5.6175882e-01 -2.0048381e-03
 -4.9383777e-01 -1.7359293e+00  5.6799924e-01 -6.2038630e-01
  6.0429841e-01  1.5698829e-01 -1.5349782e+00  2.0578258e-01]
[ 0.23288064  0.0154838   0.78781676  0.15826306  2.2474039   0.02363308
 -0.53684515 -0.04544462 -0.50972277 -1.69995     0.5191972  -0.6007921
  0.6236179   0.16140416 -1.5847661   0.153679  ]
[ 0.23091844  0.05294113  0.7771803   0.13806003  2.2220757   0.03241914
 -0.5327581  -0.01839575 -0.47685155 -1.7249029   0.55030596 -0.6008238
  0.61581075  0.13226554 -1.6095572   0.156741  ]
[ 0.21257862  0.09935526  0.8042965   0.08415584  2.1988506   0.08931296
 -0.54323596 -0.00935866 -0.43880963 -1.7396837   0.5489278  -0.5651469
  0.59179074  0.05592644 -1.5461107   0.10173762]
[ 0.19730878  0.10425179  0.7794011   0.0713945   2.2801123   0.00586928
 -0.5543744  -0.02842016 -0.50102454 -1.7194408   0.6109992  -0.602609
  0.5269388   0.14648455 -1.539489    0.16969629]
[ 1.5994684e-01  7.2451696e-02  8.1009066e-01  9.6106693e-02
  2.2066262e+00  7.6065525e-02 -5.7515818e-01  1.7442063e-03
 -4.4978651e-01 -1.7193502e+00  5.4879946e-01 -5.5752295e-01
  6.2548870e-01  1.1377029e-01 -1.5296977e+00  6.3369125e-02]
[ 0.21451625 -0.00574263  0.78503954  0.18335187  2.2485619   0.02225762
 -0.5029174  -0.07497235 -0.55066603 -1.6854486   0.554392   -0.6678446
  0.623964    0.18731849 -1.5525916   0.16649178]
[ 0.2498004   0.0684045   0.8334513   0.14136061  2.1727529   0.07839967
 -0.48931685 -0.09068106 -0.5299953  -1.7165588   0.53577244 -0.6140708
  0.5900074   0.16458014 -1.5396042   0.09002594]
[ 0.21521585  0.09193784  0.8965521   0.02488393  2.092165    0.19370298
 -0.5541929   0.01485596 -0.4364558  -1.7460492   0.43098515 -0.524775
  0.62296766  0.02093099 -1.4306856   0.03193485]
[ 0.27053255  0.07371756  0.82589805  0.06044398  2.1332924   0.11242733
 -0.5382949  -0.00905501 -0.44471702 -1.7385654   0.48617873 -0.56467366
  0.5894269   0.03580781 -1.4844086   0.13887963]
[ 0.2773586   0.09464912  0.7552207   0.08404434  2.230464   -0.02054126
 -0.5299376  -0.03098942 -0.4866847  -1.743776    0.5853235  -0.6061427
  0.5322045   0.13969153 -1.5712909   0.24008188]
[ 0.23753695  0.08308363  0.7774287   0.08836485  2.2038593   0.04971482
 -0.5615212   0.01496946 -0.40892354 -1.7606856   0.54040724 -0.55782306
  0.5549493   0.06174053 -1.5551261   0.17957613]
[ 0.21645765  0.07356153  0.73276603  0.13340466  2.3116674  -0.04186253
 -0.5556333  -0.01841719 -0.47421294 -1.7459774   0.61808944 -0.61739683
  0.5592543   0.16020778 -1.6216495   0.21756801]
[ 0.22603135  0.08272152  0.7267791   0.18784018  2.2818036  -0.01772032
 -0.54032534 -0.02350671 -0.47016525 -1.7457968   0.63129437 -0.6049194
  0.53061074  0.14686498 -1.6614958   0.19631831]
[ 0.19812305  0.08583502  0.7796935   0.09261309  2.2617257   0.03348291
 -0.57559025  0.01286787 -0.43359357 -1.7607269   0.57372314 -0.5610479
  0.59383595  0.07684164 -1.5545874   0.12199434]
[ 0.21825257  0.06772218  0.7280906   0.17861232  2.3011289  -0.03597625
 -0.5258876  -0.06470282 -0.52820337 -1.7251234   0.6550675  -0.6628114
  0.56209874  0.17937267 -1.6071203   0.20635536]
[ 2.3532212e-01  7.7768639e-02  7.8161031e-01  7.6429375e-02
  2.2619560e+00  1.9492141e-03 -5.4608041e-01 -3.2721415e-02
 -4.9888483e-01 -1.7321421e+00  5.9847391e-01 -6.3350952e-01
  5.5341685e-01  1.4125934e-01 -1.5339928e+00  1.9696411e-01]
[ 0.23659495  0.07193444  0.8089279   0.11743145  2.2111158   0.03423128
 -0.5270605  -0.04656799 -0.4923129  -1.7367299   0.5736025  -0.62168825
  0.5918774   0.14588757 -1.5614631   0.13948432]
[ 0.23086509  0.08607341  0.805035    0.11998332  2.1952746   0.05685043
 -0.5177989  -0.04504733 -0.4757169  -1.7582518   0.578924   -0.6150093
  0.5683802   0.12423482 -1.5708014   0.16283773]
[ 0.1960096   0.12950763  0.854575    0.04514455  2.1532986   0.13575
 -0.54271364 -0.03640668 -0.44448096 -1.7711655   0.5244199  -0.53673744
  0.62557244  0.06394316 -1.5016869   0.04846086]
[ 0.21426189  0.11432755  0.7587613   0.10311498  2.2494152   0.01354546
 -0.54341805 -0.04823805 -0.499801   -1.7593994   0.62716573 -0.61694247
  0.564157    0.14279954 -1.5562408   0.18376346]
[ 0.22597165  0.09960284  0.8205191   0.05077888  2.1915917   0.09351146
 -0.55879575 -0.01028298 -0.42505956 -1.7688204   0.54234797 -0.56322014
  0.5976779   0.04149426 -1.4896516   0.09757233]
[ 0.23588483  0.11503041  0.760466    0.13988768  2.2505145  -0.0127587
 -0.52108383 -0.06606312 -0.5062421  -1.7360548   0.6516673  -0.64614826
  0.5012203   0.16820568 -1.5881171   0.2010574 ]
[ 0.18656373  0.08753421  0.8429674   0.05064753  2.2070096   0.09009695
 -0.56324506 -0.01038724 -0.46094346 -1.7564684   0.54167825 -0.57863504
  0.60130733  0.08708346 -1.4744196   0.09405595]
[ 0.20078969  0.05593235  0.7942386   0.12890497  2.2664504   0.03497016
 -0.5356782  -0.07460479 -0.5334417  -1.7363119   0.58258694 -0.6263541
  0.6412456   0.15333469 -1.5345323   0.12746644]
[ 0.21353903  0.05975567  0.7864659   0.14304043  2.2378674   0.04988512
 -0.52424353 -0.06268417 -0.525723   -1.7340691   0.57591194 -0.62796104
  0.6052486   0.14080274 -1.550178    0.1582369 ]
[ 0.23705575  0.11383249  0.8283863   0.06955335  2.1541593   0.11684258
 -0.5452661  -0.01880385 -0.44760266 -1.7622563   0.53046703 -0.5671472
  0.5926793   0.04085042 -1.5008047   0.10345657]
[ 0.24661621  0.10615052  0.7672531   0.08058575  2.2468843  -0.00775949
 -0.5448785  -0.02812015 -0.4942031  -1.7576882   0.6201164  -0.63005966
  0.5237919   0.12342125 -1.5257914   0.22271553]
[ 2.5141647e-01  8.2168862e-02  8.1804883e-01  4.7821730e-02
  2.2024796e+00  5.9635025e-02 -5.5769539e-01 -3.6966204e-04
 -4.4315034e-01 -1.7459667e+00  5.2380067e-01 -5.6775129e-01
  5.5499244e-01  6.0827784e-02 -1.4897193e+00  1.5087107e-01]
[ 0.25149655  0.0708902   0.74735224  0.11787158  2.266715   -0.0463768
 -0.53742963 -0.04676616 -0.5152737  -1.7240698   0.5857311  -0.638503
  0.57909423  0.17383039 -1.573409    0.23843417]
[ 0.22814512  0.06601922  0.77342147  0.11475845  2.234734    0.0196957
 -0.53198653 -0.04145463 -0.4922738  -1.741443    0.5811567  -0.61720383
  0.60960376  0.1476582  -1.5831456   0.17866607]
[ 0.24374413  0.10445972  0.7876064   0.09724939  2.2350364   0.03952088
 -0.53072083 -0.05156749 -0.48464257 -1.7449672   0.6042067  -0.5984436
  0.53152883  0.12918332 -1.5925967   0.17674524]
[ 1.79522246e-01  1.37427479e-01  8.21895242e-01  9.22413096e-02
  2.19049454e+00  1.02068044e-01 -5.75703800e-01  8.94135213e-04
 -4.27144617e-01 -1.76655650e+00  5.82398534e-01 -5.40827155e-01
  5.69311500e-01  6.71936497e-02 -1.56954062e+00  7.94521198e-02]
[ 0.1823022   0.06148318  0.7825033   0.11990385  2.2573864   0.05189497
 -0.570125   -0.0132508  -0.4824636  -1.7356746   0.57926536 -0.59625834
  0.5966117   0.07404824 -1.5213751   0.15967269]
[ 0.18846492  0.01503893  0.72220963  0.16787055  2.3359928  -0.04652387
 -0.5340913  -0.08268766 -0.5751362  -1.6847668   0.62510073 -0.6778392
  0.6069063   0.1910397  -1.5328134   0.22954492]
[ 0.20438437  0.03672935  0.7591173   0.14302936  2.2459896   0.0032058
 -0.521507   -0.06524213 -0.5571245  -1.6993582   0.5674266  -0.653825
  0.6276999   0.16792938 -1.514378    0.20407891]
[ 0.21619613  0.04150045  0.77511925  0.08035032  2.23668     0.01962855
 -0.53035337 -0.04743728 -0.52655196 -1.7145973   0.55551785 -0.6426323
  0.6326405   0.15663357 -1.4828534   0.17797807]
[ 0.22513346  0.10948905  0.82854337  0.09932705  2.168973    0.07427325
 -0.50585943 -0.05908115 -0.4972015  -1.7362064   0.5588989  -0.5888937
  0.57560647  0.15852275 -1.5542065   0.08684154]
[ 0.15605278  0.09830448  0.8557      0.03189263  2.1308973   0.17896211
 -0.56806576  0.02707767 -0.37571415 -1.7590301   0.47981414 -0.50065047
  0.63580406  0.03155877 -1.4742074  -0.00653575]
[ 0.17938979  0.12638214  0.8336013   0.06000389  2.1814113   0.12545876
 -0.55096054 -0.02796666 -0.44279057 -1.7526758   0.5412303  -0.5377513
  0.6057519   0.0744022  -1.5008264   0.02835658]
[ 0.21233383  0.09336893  0.77361107  0.12694123  2.2346482   0.02459688
 -0.52663815 -0.05348326 -0.503754   -1.7347991   0.6197002  -0.62979805
  0.5433977   0.16104987 -1.5668371   0.17199358]
[ 0.2283483   0.10785697  0.85326195  0.06723395  2.1446896   0.11650093
 -0.53862953 -0.01961438 -0.4281005  -1.7477539   0.5232873  -0.5551608
  0.56322515  0.0687323  -1.5023197   0.06246337]
[ 0.22877412  0.06466691  0.80090123  0.13460055  2.197885    0.03202691
 -0.51293695 -0.06113337 -0.51985085 -1.7372677   0.592157   -0.6329595
  0.5717771   0.17107466 -1.5509609   0.16701722]
[ 0.22667393  0.07382898  0.8761803   0.04470145  2.1309676   0.15070485
 -0.5438852  -0.02320021 -0.4540093  -1.7471898   0.45821267 -0.53642696
  0.6318794   0.04512113 -1.4437218   0.05454778]
[ 0.23560035  0.06141119  0.7776777   0.13013041  2.2186596   0.02751541
 -0.5327646  -0.04335909 -0.5043866  -1.7401756   0.56375766 -0.61426
  0.60708106  0.14365599 -1.5642369   0.18052307]
[ 0.23866007  0.10413535  0.81365395  0.06845625  2.1677914   0.10394549
 -0.5482597  -0.0065246  -0.4276871  -1.768451    0.5305773  -0.5566427
  0.604767    0.03503336 -1.515395    0.10112064]
[ 0.23964056  0.11393365  0.76309097  0.06772487  2.2719936  -0.0063471
 -0.55618584 -0.01748544 -0.47224313 -1.7606701   0.6210047  -0.61084664
  0.508149    0.1147608  -1.5556965   0.2282284 ]
[ 2.23467231e-01  1.13775514e-01  7.84454226e-01  7.80032128e-02
  2.23700857e+00  3.47634815e-02 -5.75189888e-01  3.49232549e-04
 -4.30135578e-01 -1.75372827e+00  5.78500926e-01 -5.64251959e-01
  5.47384679e-01  8.08999389e-02 -1.55003774e+00  1.41200215e-01]
[ 0.24191532  0.03549507  0.7377082   0.14334749  2.3025403  -0.04895689
 -0.5369063  -0.03612997 -0.5047468  -1.7188389   0.6204076  -0.6684948
  0.55461705  0.17839321 -1.5993464   0.24739738]
[ 0.2604906   0.07146813  0.77488846  0.15328887  2.252423    0.00310306
 -0.51088697 -0.07401405 -0.5017151  -1.7186035   0.58617735 -0.63576484
  0.5503565   0.15868    -1.6042846   0.18135235]
[ 0.22366922  0.09330679  0.79310465  0.11629583  2.236531    0.02215248
 -0.532244   -0.04833787 -0.5090024  -1.75431     0.60082895 -0.6238841
  0.5791874   0.1531868  -1.5719391   0.16761337]
[ 0.23165321  0.09106193  0.8363714   0.08352824  2.1804945   0.1185367
 -0.54298    -0.02623607 -0.45164913 -1.7569313   0.5258526  -0.56626475
  0.61551344  0.04588037 -1.5260367   0.08527075]
[ 0.24627814  0.10542259  0.77041835  0.12042926  2.2685115   0.00467811
 -0.5280434  -0.06343244 -0.5313184  -1.7363803   0.6257141  -0.6296856
  0.5367541   0.13803998 -1.5717528   0.19166632]
[ 2.4378181e-01  9.4568372e-02  7.8747928e-01  8.4323384e-02
  2.2079587e+00  5.1204614e-02 -5.6325185e-01 -9.7713468e-04
 -4.5364958e-01 -1.7499253e+00  5.7229865e-01 -5.8965266e-01
  5.6275940e-01  5.6650855e-02 -1.5219207e+00  1.6527089e-01]
[ 0.2491707   0.05040783  0.73849326  0.10543492  2.3045747  -0.05651157
 -0.5395118  -0.0384851  -0.51666677 -1.737059    0.62409645 -0.66725415
  0.56386673  0.14699386 -1.5430725   0.2653538 ]
[ 0.24284828  0.07716384  0.7680366   0.13594615  2.2652287  -0.00464692
 -0.5234179  -0.0726663  -0.52671593 -1.7559383   0.60608363 -0.6426377
  0.5646483   0.14411521 -1.5590955   0.229683  ]
[ 0.24297056  0.0911947   0.76131237  0.08916272  2.2575276  -0.00744855
 -0.5597728  -0.02950879 -0.49145356 -1.7661324   0.58978546 -0.6232093
  0.5555007   0.1184723  -1.5250337   0.24688058]
[ 0.26424107  0.09748662  0.7463306   0.12699544  2.239226   -0.00777062
 -0.54379183 -0.034263   -0.46249184 -1.7662321   0.61509115 -0.6314104
  0.5462773   0.11146177 -1.5885992   0.23631144]
[ 0.24974795  0.09798685  0.7430867   0.09275424  2.2633348  -0.02982998
 -0.5478387  -0.01600329 -0.4533556  -1.7664385   0.63865745 -0.6222582
  0.513996    0.12523898 -1.5948803   0.25479078]
[ 0.21556997  0.11456875  0.78339326  0.07056794  2.2519474   0.03690467
 -0.5729941  -0.01054608 -0.43516025 -1.7627308   0.56725866 -0.54901665
  0.54752856  0.08558159 -1.5499299   0.15425165]
[ 0.20679335  0.06181109  0.7164395   0.14891747  2.325692   -0.05117768
 -0.5542878  -0.03689609 -0.5032903  -1.7339548   0.651338   -0.6454015
  0.5741459   0.1851901  -1.6341795   0.23638988]
[ 0.22214952  0.06945     0.7437893   0.18313918  2.2870984  -0.0065234
 -0.52824855 -0.0525578  -0.48594174 -1.7322481   0.62269354 -0.63390476
  0.55026656  0.1476548  -1.6331164   0.19271894]
[ 0.20293298  0.08661597  0.77451265  0.14460292  2.256183    0.00822966
 -0.533577   -0.04293758 -0.5039462  -1.7427597   0.62591285 -0.609483
  0.5607812   0.160794   -1.591041    0.14810482]
[ 0.18466827  0.0657057   0.8241022   0.06262543  2.2131014   0.08518404
 -0.5702107   0.00525851 -0.45662937 -1.7339443   0.5447255  -0.56907445
  0.6280739   0.08032493 -1.4899018   0.06937335]
[ 0.22895184  0.01829619  0.7677566   0.13903674  2.2840948   0.00734624
 -0.522216   -0.06762449 -0.5567007  -1.6801294   0.5687277  -0.6589223
  0.6099226   0.16082755 -1.5340046   0.18164735]
[ 0.2568522   0.06867367  0.8026926   0.11833978  2.2146897   0.04697366
 -0.509572   -0.07234351 -0.53480375 -1.7043388   0.5377341  -0.6215991
  0.61429423  0.13069633 -1.5226886   0.12042852]
[ 0.27262747  0.07979777  0.82438946  0.04901691  2.1728692   0.06201215
 -0.51818544 -0.01724731 -0.47729993 -1.7419065   0.5440893  -0.61752164
  0.5609144   0.09649809 -1.5070267   0.16394977]
[ 0.26193723  0.12127509  0.84100056  0.04948756  2.1319149   0.11278917
 -0.5272482  -0.03148001 -0.43332425 -1.7486708   0.5211443  -0.55648726
  0.5367096   0.05961437 -1.5071968   0.11467206]
[ 2.4748936e-01  1.0206866e-01  7.7545583e-01  8.6760178e-02
  2.2205575e+00  5.6321768e-04 -5.4800022e-01 -3.0868366e-02
 -4.9418515e-01 -1.7609297e+00  5.9364349e-01 -6.0422158e-01
  5.4704392e-01  1.5052216e-01 -1.5559521e+00  2.1867438e-01]
[ 0.24202058  0.05563774  0.80833066  0.10796469  2.1719747   0.09253254
 -0.55492634 -0.0074569  -0.43127137 -1.7497013   0.50337166 -0.55252016
  0.59965307  0.04455386 -1.5281737   0.14412208]
[ 0.27006388  0.07408626  0.722562    0.18144219  2.260632   -0.02904418
 -0.5305501  -0.05189738 -0.50360316 -1.7212797   0.613336   -0.62129176
  0.5154811   0.14821903 -1.6256859   0.24639559]
[ 0.26025727  0.0817522   0.7542698   0.08859547  2.2283378   0.00917949
 -0.57604235  0.03060052 -0.42249054 -1.7494214   0.5709296  -0.57878995
  0.53219664  0.05214188 -1.5496347   0.21685228]
[ 0.2540149   0.04724768  0.7114819   0.11506345  2.3202426  -0.09149051
 -0.5572811  -0.00726724 -0.46990624 -1.737026    0.6318316  -0.65055674
  0.5247949   0.1422678  -1.5908146   0.30834287]
[ 0.24881396  0.0712005   0.7112766   0.17953709  2.3175666  -0.06830424
 -0.52961326 -0.06999171 -0.51884544 -1.734981    0.642393   -0.64747894
  0.5195207   0.18437253 -1.638287    0.28272447]
[ 0.22866392  0.070931    0.72898066  0.12191451  2.2992136  -0.0441132
 -0.55772305 -0.02038405 -0.4740057  -1.7559078   0.6319044  -0.6295862
  0.5613843   0.15430768 -1.6166801   0.24956591]
[ 0.23824897  0.0767588   0.72948325  0.18620254  2.2787614  -0.01842117
 -0.5346023  -0.04608167 -0.4782095  -1.740217    0.6211779  -0.6273307
  0.5266362   0.14364271 -1.6386261   0.2305809 ]
[ 0.237173    0.08968597  0.7547713   0.13822022  2.261919   -0.01446668
 -0.55243385 -0.0226501  -0.4643952  -1.7462568   0.6228355  -0.60832375
  0.50705427  0.14418042 -1.6163518   0.21657953]
[ 0.20493901  0.06962151  0.7955067   0.09704508  2.2300353   0.03928508
 -0.5750264   0.01963279 -0.43209466 -1.7451233   0.5519829  -0.56190634
  0.59877175  0.09026396 -1.5575888   0.1194825 ]
[ 0.20070091  0.00996636  0.73751193  0.17107104  2.3172164  -0.03313946
 -0.53647995 -0.05824348 -0.54560363 -1.6989762   0.61174107 -0.65729034
  0.624148    0.19191901 -1.5825926   0.19428715]
[ 0.22954755  0.05272288  0.7960207   0.11825454  2.252006    0.0335929
 -0.5326475  -0.05517497 -0.53736955 -1.7131306   0.53431976 -0.614401
  0.6303264   0.1378526  -1.5397527   0.15450399]
[ 0.25319105  0.08833849  0.7910407   0.11763374  2.2025647   0.03404445
 -0.5199475  -0.03912356 -0.49527246 -1.7231903   0.57484394 -0.61864567
  0.5412985   0.13434987 -1.5695102   0.1752487 ]
[ 2.5422925e-01  9.7223975e-02  8.3567369e-01  7.1153425e-02
  2.1371434e+00  9.0794340e-02 -5.3971756e-01 -8.8019075e-04
 -4.3689871e-01 -1.7399151e+00  5.3233832e-01 -5.7062846e-01
  5.3615266e-01  6.5968074e-02 -1.5184546e+00  1.3161376e-01]
[ 0.24005285  0.06698018  0.77285236  0.09567548  2.2341695  -0.019319
 -0.55164206 -0.02770604 -0.49109632 -1.731509    0.6045874  -0.6267147
  0.52830726  0.15552267 -1.5472212   0.24592812]
[ 1.92273065e-01  3.50737087e-02  8.33550811e-01  1.05193995e-01
  2.17986894e+00  7.97124952e-02 -5.56872964e-01 -1.61083939e-03
 -4.58280265e-01 -1.73461556e+00  4.67214018e-01 -5.40538967e-01
  6.52720869e-01  8.98839682e-02 -1.51823771e+00  1.20008662e-01]
[ 0.21517996  0.04774936  0.7364737   0.1969783   2.2629013   0.01399421
 -0.51825494 -0.09955488 -0.53829587 -1.7171758   0.5826343  -0.6408051
  0.6220787   0.18623051 -1.604016    0.20125802]
[ 0.22908592  0.12254816  0.760957    0.08988763  2.2296169   0.04132758
 -0.55123764 -0.0285573  -0.47352862 -1.7479      0.602254   -0.5925388
  0.5469919   0.102968   -1.5539204   0.16928512]
[ 0.21612418  0.11592243  0.77352864  0.07805974  2.2144675   0.04868731
 -0.57949525  0.02638213 -0.40021715 -1.7482525   0.5898917  -0.556513
  0.50117195  0.06217683 -1.5470984   0.15169792]
[ 0.21424094  0.0635346   0.7924964   0.09791304  2.2503903   0.01615832
 -0.5640949   0.00310079 -0.44242793 -1.7299502   0.5623434  -0.5879693
  0.52417296  0.10799565 -1.5399457   0.17936608]
[ 0.2241137   0.03279598  0.7368315   0.1959044   2.2785907  -0.04690013
 -0.51791966 -0.07743829 -0.52009124 -1.7128646   0.621949   -0.6644368
  0.5607394   0.21708839 -1.6203291   0.23978563]
[ 0.2180889   0.04534019  0.7820522   0.17429428  2.2377973   0.03085251
 -0.5230547  -0.07404757 -0.51449454 -1.7296356   0.56335306 -0.63080466
  0.59884745  0.16658029 -1.5768162   0.17823179]
[ 0.2649413   0.08304767  0.79534465  0.15213458  2.1845398   0.06873095
 -0.51249737 -0.05462167 -0.47059122 -1.7488079   0.5374     -0.5926771
  0.57142895  0.10704653 -1.5928959   0.15379377]
[ 0.27672297  0.12933502  0.80428255  0.07343165  2.1518607   0.08459713
 -0.5514101   0.01279051 -0.39330244 -1.7664413   0.5305916  -0.5443064
  0.5094998   0.025844   -1.5536153   0.15759659]
[ 0.2766896   0.09467068  0.7716811   0.07006471  2.2164237   0.01226608
 -0.5686696   0.02084238 -0.40831017 -1.7695265   0.5629653  -0.57769555
  0.49401015  0.06441823 -1.5434375   0.23345742]
[ 0.26884416  0.07659458  0.72330093  0.1190272   2.2939477  -0.0833835
 -0.5500372  -0.02697164 -0.47237903 -1.7428935   0.6323354  -0.6446288
  0.4974691   0.1593633  -1.619077    0.31989595]
[ 0.25953835  0.06138963  0.7338108   0.17060907  2.2776177  -0.0433718
 -0.5472032  -0.0398329  -0.48005933 -1.7423303   0.6023032  -0.6257374
  0.5165203   0.15099494 -1.6453682   0.30139646]
[ 0.27378172  0.07002022  0.72935903  0.16707356  2.2788944  -0.02872382
 -0.54232377 -0.04953168 -0.4784689  -1.7348185   0.60653895 -0.62296
  0.5326226   0.13991256 -1.6559641   0.26363677]
[ 0.24349411  0.08334223  0.71386397  0.16714682  2.2895706  -0.03868616
 -0.5417409  -0.03244232 -0.47290286 -1.7426319   0.6715227  -0.6342468
  0.515319    0.13836798 -1.6657915   0.25327343]
[ 0.2189757   0.10193231  0.7327744   0.10412063  2.298696   -0.00882897
 -0.5728343  -0.01557044 -0.4517209  -1.7430128   0.6299774  -0.59502983
  0.5185434   0.08466323 -1.5842308   0.23013365]
[ 0.20952034  0.06534277  0.6990325   0.12607098  2.3676085  -0.09780473
 -0.5588407  -0.05959112 -0.5520397  -1.7138321   0.68530506 -0.6671573
  0.55836356  0.19659893 -1.5993378   0.29042917]
[ 0.20585509  0.02127884  0.6987679   0.21054931  2.33965    -0.05276753
 -0.5350949  -0.08504625 -0.5471097  -1.6851187   0.65922385 -0.68863684
  0.57861435  0.19089429 -1.6113173   0.24799821]
[ 2.0115125e-01  5.1680796e-02  7.6249564e-01  1.5760429e-01
  2.2912614e+00 -1.1184781e-03 -5.2260077e-01 -9.0109885e-02
 -5.7001191e-01 -1.7067640e+00  6.2515289e-01 -6.6177589e-01
  6.0952497e-01  1.8012908e-01 -1.5384549e+00  1.5759924e-01]
[ 0.20578904  0.07232893  0.7992829   0.10660523  2.224893    0.04429994
 -0.53725874 -0.05410423 -0.5357467  -1.7202053   0.5924207  -0.6287299
  0.5977725   0.13795297 -1.5036768   0.14399727]
[ 0.19018927  0.03462286  0.840741    0.05034484  2.1944363   0.10695294
 -0.567102   -0.00405524 -0.48899704 -1.7235305   0.4918631  -0.57928896
  0.6728376   0.0717057  -1.4183521   0.0721256 ]
[ 0.23125434  0.05781968  0.7882819   0.13680318  2.2312932   0.03386845
 -0.5042684  -0.08821592 -0.563361   -1.7214874   0.57068944 -0.6508666
  0.6296421   0.15025511 -1.5066655   0.15147492]
[ 0.21258804  0.09201818  0.80768186  0.0385547   2.2040954   0.05423473
 -0.5461939  -0.01715792 -0.47982234 -1.7639763   0.5751687  -0.6036178
  0.60363674  0.10888593 -1.4825162   0.14269367]
[ 0.20548773  0.11467896  0.8367693   0.04913713  2.164225    0.12212571
 -0.54514724 -0.0149538  -0.43946534 -1.7623056   0.5101859  -0.54135877
  0.61220115  0.05819178 -1.4788039   0.05351273]
[ 2.0068905e-01  1.0004739e-01  7.6257259e-01  8.8966958e-02
  2.2514281e+00  1.1820190e-03 -5.4639906e-01 -2.7132805e-02
 -4.8767567e-01 -1.7620790e+00  6.2237942e-01 -6.1477965e-01
  5.7304573e-01  1.5670411e-01 -1.5483202e+00  1.7627147e-01]
[ 1.92424700e-01  1.06125668e-01  8.39617133e-01  6.75421208e-02
  2.17299438e+00  1.17598295e-01 -5.57577491e-01 -1.41823292e-03
 -4.22532737e-01 -1.76035178e+00  5.14873862e-01 -5.40553093e-01
  6.04146838e-01  6.67141899e-02 -1.49904704e+00  4.31123003e-02]
[ 0.19849297  0.08305065  0.78013563  0.12104372  2.2391868   0.02073242
 -0.5413389  -0.03250103 -0.48748064 -1.7488725   0.6108521  -0.6150729
  0.5771314   0.16816323 -1.5697784   0.14136377]
[ 0.21193449  0.09751148  0.87016886  0.05341043  2.1454055   0.13297775
 -0.5481875   0.00412837 -0.42259598 -1.7548431   0.49875456 -0.5347497
  0.6052341   0.05839633 -1.50195     0.02698371]
[ 0.20664921  0.08259593  0.791263    0.11890988  2.2237544   0.03118406
 -0.5350915  -0.0373676  -0.4881362  -1.7525375   0.6027038  -0.6168625
  0.57730335  0.15999457 -1.5640658   0.14489782]
[ 0.21865249  0.11117289  0.86963874  0.06345916  2.1194007   0.14116131
 -0.53411186 -0.01167312 -0.4304343  -1.7679365   0.49496478 -0.5369286
  0.5980948   0.05420582 -1.5029522   0.05702443]
[ 0.25359526  0.09497161  0.7748122   0.1184474   2.2042356   0.01043077
 -0.52976424 -0.03996931 -0.46915436 -1.7631264   0.59795094 -0.61912906
  0.5014723   0.13770893 -1.5596812   0.23629077]
[ 0.24404159  0.11601005  0.83752805  0.05158661  2.1280415   0.09041868
 -0.55828017  0.01004846 -0.3896     -1.7823967   0.5177261  -0.53692377
  0.5690628   0.05629694 -1.5232896   0.11552806]
[ 0.25274372  0.0638644   0.76067054  0.12304612  2.2235866  -0.00801359
 -0.54024434 -0.02413929 -0.4642573  -1.7398317   0.59596395 -0.61722976
  0.5135249   0.15039566 -1.5907474   0.24936357]
[ 0.26781338  0.0943702   0.8151804   0.07251514  2.1675847   0.0709483
 -0.564284    0.00454286 -0.40866202 -1.7455498   0.48079094 -0.52346927
  0.5339352   0.06380463 -1.544708    0.16339727]
[ 0.26010627  0.07818006  0.72027326  0.17340781  2.2327244  -0.04696691
 -0.53705436 -0.02092369 -0.46237174 -1.748894    0.6180425  -0.6229149
  0.50452286  0.17484489 -1.6670644   0.29381603]
[ 0.25032836  0.07151695  0.7721227   0.1160624   2.2187746   0.0319984
 -0.56242174  0.00688907 -0.39953238 -1.7499378   0.55574495 -0.5540311
  0.5200828   0.0724556  -1.6018412   0.19912156]
[ 0.23754048  0.07046127  0.7107022   0.17400342  2.3078156  -0.05540106
 -0.5635504  -0.0368487  -0.4954641  -1.7007993   0.64092547 -0.6081229
  0.4781372   0.17748635 -1.6615808   0.27366337]
[ 2.3506443e-01  2.6556779e-02  7.3960102e-01  1.5088829e-01
  2.2535050e+00 -5.7117193e-04 -5.8905017e-01  2.8543839e-02
 -4.4457388e-01 -1.6934967e+00  5.4069889e-01 -5.5376589e-01
  5.6655037e-01  9.4982721e-02 -1.6152929e+00  2.0754297e-01]
[ 0.27203065 -0.02999106  0.68947923  0.24453886  2.316133   -0.07906528
 -0.5128937  -0.0650401  -0.5205177  -1.6552277   0.5915407  -0.6812167
  0.54815763  0.19180354 -1.6569483   0.29682103]
[ 0.26377916  0.0380401   0.7292422   0.192188    2.2724843  -0.05327427
 -0.50593007 -0.05527151 -0.52114785 -1.7009737   0.6057428  -0.63903105
  0.5286282   0.18986559 -1.6301353   0.23381615]
[ 0.24200764  0.03779151  0.80478877  0.08122905  2.2252862   0.04369142
 -0.57082176  0.01507507 -0.46840286 -1.7117481   0.49274516 -0.5595078
  0.5855696   0.07610938 -1.5121281   0.16575542]
[ 0.27712446 -0.00758501  0.7333914   0.14708552  2.2864032  -0.02655439
 -0.5480942  -0.02228737 -0.4998115  -1.6699884   0.5470843  -0.62387276
  0.61101246  0.14641204 -1.610656    0.20762253]
[ 0.2775263  -0.00736603  0.72878     0.16456181  2.2746315  -0.02837729
 -0.52432466 -0.01456056 -0.5067268  -1.6650095   0.5820905  -0.6258052
  0.6066121   0.14493206 -1.6434075   0.18144368]
[ 0.26340872  0.02497146  0.7807096   0.0596401   2.2729971   0.02591295
 -0.5587386   0.02764198 -0.45582145 -1.6899954   0.5155463  -0.56428874
  0.6055168   0.05645665 -1.5519483   0.13360605]
[ 0.25576037  0.01274315  0.7476503   0.11735992  2.3323777  -0.073071
 -0.5136956  -0.02675385 -0.558961   -1.6777071   0.5940077  -0.64453924
  0.61384934  0.17516217 -1.5993336   0.19149211]
[ 0.22186844  0.0166548   0.74943656  0.13750258  2.2947516  -0.00313836
 -0.5455314  -0.03788202 -0.5417134  -1.6886104   0.60744125 -0.6553265
  0.6238771   0.14171338 -1.5475878   0.17215145]
[ 0.2625633   0.01355192  0.80082303  0.10725645  2.23938     0.03326713
 -0.5180919  -0.05458532 -0.5676391  -1.6562439   0.5230705  -0.6322385
  0.6233366   0.12324562 -1.4854481   0.1338321 ]
[ 0.23524368  0.01792314  0.8052596   0.08762822  2.1999183   0.02899302
 -0.53457063 -0.01542384 -0.5405737  -1.6695541   0.52272683 -0.6183759
  0.65376693  0.12722112 -1.4773834   0.12250678]
[ 0.22596487 -0.01964728  0.8477093   0.04042698  2.1496053   0.09785345
 -0.533236    0.01581487 -0.5230559  -1.6789331   0.4462327  -0.5806669
  0.7276762   0.07698904 -1.4085946   0.0592841 ]
[ 0.23687804  0.03598161  0.8251504   0.11797867  2.2030659   0.07354135
 -0.4922366  -0.08286755 -0.56594145 -1.6954901   0.51120365 -0.6174862
  0.65649056  0.13640562 -1.4944376   0.09652985]
[ 0.21170788  0.10265522  0.8440755   0.01635793  2.1387095   0.12172952
 -0.5508623   0.01111905 -0.47612962 -1.7487218   0.5051323  -0.5453208
  0.6497366   0.05768232 -1.4487892   0.05497842]
[ 0.211369    0.08149933  0.81231385  0.05598729  2.1802363   0.11083294
 -0.5462036  -0.01312057 -0.4516377  -1.7555546   0.5452334  -0.5800711
  0.6379183   0.03980695 -1.465728    0.08142519]
[ 0.22924313  0.11631177  0.76318735  0.07013799  2.261747   -0.00590545
 -0.5247897  -0.05845417 -0.51821315 -1.7333996   0.6306849  -0.62811035
  0.50734913  0.14605542 -1.5238062   0.21699591]
[ 1.8349484e-01  1.0631096e-01  8.1348264e-01  4.0056407e-02
  2.1906552e+00  7.7028312e-02 -5.7441032e-01  8.5262954e-04
 -4.4715017e-01 -1.7489258e+00  5.3132707e-01 -5.4771143e-01
  6.1339784e-01  9.2424497e-02 -1.4690400e+00  8.3722413e-02]
[ 0.204007    0.02042594  0.7800436   0.11644862  2.2540987   0.00714539
 -0.5274341  -0.03931617 -0.5179688  -1.7205722   0.5812364  -0.64649636
  0.64098233  0.17767653 -1.544915    0.16000524]
[ 0.22711737  0.0857221   0.8238654   0.12807839  2.1858635   0.07533158
 -0.50400895 -0.07421602 -0.5074123  -1.7287464   0.5572394  -0.6004178
  0.5754641   0.1585094  -1.5652441   0.10725379]
[ 0.1803385   0.11471827  0.86350363  0.03708144  2.124924    0.15491812
 -0.57429624  0.02006721 -0.42512852 -1.7715914   0.49411064 -0.5155695
  0.61852324  0.05832503 -1.4712874   0.03463984]
[ 0.22120515  0.05434116  0.8272028   0.08199645  2.159264    0.10642864
 -0.5521408   0.00432908 -0.44949895 -1.7386818   0.49975556 -0.5689889
  0.6218728   0.04792306 -1.4891326   0.11947111]
[ 0.21133426  0.06013362  0.75962335  0.13230613  2.2536383  -0.00422666
 -0.5376021  -0.04997735 -0.5170028  -1.7072426   0.6038689  -0.6219304
  0.5565238   0.16557331 -1.5497725   0.19190128]
[ 0.18620472  0.06565931  0.8125175   0.07558294  2.18303     0.07888834
 -0.571198    0.02290315 -0.4444684  -1.7228949   0.49946842 -0.5495346
  0.6108752   0.08359607 -1.4972559   0.11233153]
[ 0.20782149  0.01969616  0.76004076  0.12063611  2.2729     -0.01639699
 -0.53842294 -0.02444924 -0.48459736 -1.7109768   0.5611289  -0.63555497
  0.6095088   0.16771229 -1.5593917   0.19782373]
[ 0.22618201  0.09253199  0.7832698   0.18366566  2.1978898   0.03616697
 -0.4969224  -0.07224399 -0.5000062  -1.732831    0.5703201  -0.5971319
  0.55655754  0.1810212  -1.6120924   0.1289241 ]
[ 0.17200828  0.10250147  0.83799374  0.04824901  2.1481166   0.13262205
 -0.5825727   0.03384505 -0.39435348 -1.7671387   0.50750077 -0.51905245
  0.59807163  0.06398587 -1.4905081   0.0524623 ]
[ 0.20954593  0.09460957  0.83278674  0.08657773  2.1623907   0.10132477
 -0.5498966   0.00368484 -0.41504335 -1.7444063   0.51936996 -0.53973556
  0.576024    0.07420622 -1.5404997   0.07290439]
[ 0.24336882  0.07652753  0.76777285  0.15372308  2.2168999   0.00818236
 -0.5230862  -0.04807578 -0.49534455 -1.7191076   0.59411216 -0.62002146
  0.51088744  0.17218645 -1.5957226   0.20519666]
[ 0.25373423  0.08727359  0.85597515  0.06978126  2.1312969   0.10251646
 -0.5500876   0.00641891 -0.41900748 -1.7423588   0.48682564 -0.53807914
  0.5644109   0.06260025 -1.5216639   0.09539294]
[ 0.24386577  0.05777596  0.7620312   0.16506703  2.2233124   0.00539436
 -0.51171726 -0.05670557 -0.4905429  -1.7307106   0.60527813 -0.64179415
  0.54997694  0.16555741 -1.6191849   0.21937017]
[ 0.23366404  0.1258002   0.82923824  0.06582928  2.1595674   0.10716312
 -0.541509   -0.04083119 -0.4454673  -1.7531004   0.51652026 -0.53984916
  0.5592059   0.06245551 -1.5186684   0.12666386]
[ 0.22453626  0.10060465  0.7312814   0.11574824  2.2559626  -0.02391818
 -0.55693835 -0.03933605 -0.49451083 -1.7513758   0.64332193 -0.6188096
  0.5415288   0.16089079 -1.5897048   0.24952593]
[ 0.21725984  0.08774206  0.7804157   0.11543781  2.216652    0.05574777
 -0.55651116 -0.01778447 -0.42577618 -1.7507738   0.5920308  -0.57864946
  0.56156933  0.06756914 -1.5661566   0.14650366]
[ 0.18988252  0.09240557  0.7160737   0.15977335  2.3108702  -0.04137304
 -0.53892004 -0.07381299 -0.53434753 -1.7268473   0.69262284 -0.6462188
  0.5330485   0.18657467 -1.603178    0.23085046]
[ 0.16967803  0.07032691  0.7863597   0.08524914  2.2712142   0.05143986
 -0.58862895 -0.0184397  -0.49335375 -1.7286091   0.557998   -0.56871146
  0.6146912   0.08660088 -1.4772447   0.12762281]
[ 0.22930646  0.00783831  0.7134012   0.18353705  2.3144922  -0.03970354
 -0.52133673 -0.0805466  -0.5507735  -1.6775463   0.6183702  -0.69147795
  0.58928907  0.18552853 -1.5758832   0.24393582]
[ 0.23926553  0.08737371  0.76067466  0.14901611  2.240747    0.00451216
 -0.5023946  -0.09017003 -0.5383024  -1.7202075   0.6160303  -0.6600351
  0.555902    0.1731965  -1.553015    0.18492934]
[ 0.21104462  0.09411555  0.8104725   0.04525398  2.212531    0.04457886
 -0.557392   -0.01907783 -0.49227563 -1.7532028   0.5718282  -0.59844506
  0.5787053   0.12667958 -1.4812319   0.15334205]
[ 0.21155281  0.0502529   0.86205256  0.05116469  2.1697333   0.13708481
 -0.5597149  -0.00720618 -0.4587888  -1.7280747   0.45266256 -0.53122807
  0.65542114  0.05806006 -1.4581839   0.03885689]
[ 0.26013333  0.03590111  0.76836455  0.1587036   2.2343006   0.02958741
 -0.50953245 -0.05516911 -0.51474273 -1.69754     0.559008   -0.6236371
  0.5934918   0.14871693 -1.5997337   0.15774503]
[ 0.22911961  0.08908512  0.8235531   0.04357638  2.1859577   0.10161509
 -0.5530358  -0.00592285 -0.451896   -1.7346042   0.52362454 -0.5553207
  0.6308555   0.04360812 -1.5009091   0.07483669]
[ 0.19965391  0.05319916  0.7978779   0.06727215  2.2831495   0.01719494
 -0.561892   -0.01594276 -0.51932853 -1.7338539   0.5857796  -0.6217302
  0.6282389   0.12645414 -1.5093392   0.14888945]
[ 0.19368899  0.05600942  0.8375305   0.06571401  2.2368197   0.09655554
 -0.56366605 -0.01611988 -0.50196046 -1.7275028   0.51168025 -0.558198
  0.66592306  0.07849292 -1.4829334   0.05117445]
[ 0.23710208  0.02356636  0.77056354  0.13041127  2.2798126   0.00435044
 -0.5254362  -0.06402657 -0.58394897 -1.682819    0.56435776 -0.6526768
  0.63150233  0.16010584 -1.5233271   0.17743859]
[ 0.26616493  0.03517387  0.7904879   0.08132783  2.2252088   0.03424609
 -0.52995986 -0.03866623 -0.53864145 -1.6809978   0.5314588  -0.63399947
  0.62023735  0.11678217 -1.4986022   0.16702119]
[ 0.28411636  0.02582198  0.83712626  0.04971254  2.1805294   0.06086125
 -0.52239305 -0.01758924 -0.5188092  -1.6683495   0.48419696 -0.60358757
  0.60574067  0.09761521 -1.4860033   0.13725904]
[ 0.25915018  0.02472719  0.8628128   0.04856467  2.151159    0.10267786
 -0.5277268   0.01118004 -0.47008005 -1.6706966   0.42137808 -0.55398333
  0.6278266   0.06294669 -1.4889771   0.08401804]
[ 0.2952028   0.01311005  0.8117484   0.11628298  2.2252734   0.01469052
 -0.49000368 -0.05348327 -0.5469402  -1.6755673   0.4754981  -0.62431884
  0.6229211   0.14617443 -1.5468763   0.16370218]
[ 0.28351265  0.07188846  0.80467033  0.11420407  2.179947    0.06699925
 -0.5207201  -0.05678804 -0.49988118 -1.7168248   0.54383993 -0.608609
  0.58414173  0.10574641 -1.5575336   0.15147711]
[ 0.2568128   0.07869193  0.838237    0.04874406  2.1667545   0.11896034
 -0.55542386  0.00844797 -0.43456897 -1.7129444   0.507572   -0.5591085
  0.58004236  0.02938936 -1.5123127   0.08500121]
[ 0.22884242  0.09478569  0.7822925   0.07494083  2.256626    0.0328357
 -0.56294    -0.01110548 -0.4725011  -1.742471    0.5873175  -0.58985835
  0.58880633  0.06609369 -1.5410509   0.15358321]
[ 0.20660286  0.03929403  0.73670834  0.11323547  2.3547654  -0.06484749
 -0.5449646  -0.04894    -0.5639044  -1.7263062   0.64907515 -0.66626644
  0.6139013   0.15958454 -1.5374405   0.22728844]
[ 0.22010522  0.02857271  0.71594936  0.17051789  2.334032   -0.03075886
 -0.530314   -0.08869644 -0.5762775  -1.7127491   0.65026605 -0.6886745
  0.6100373   0.16017222 -1.545649    0.23135218]
[ 0.21973176  0.08536529  0.74729043  0.10325799  2.3004766  -0.01970269
 -0.5399849  -0.06571945 -0.55180585 -1.7354653   0.6470534  -0.6606702
  0.59824336  0.12996121 -1.5125453   0.20237844]
[ 0.21876666  0.06639832  0.7605571   0.0649631   2.2948947  -0.00975898
 -0.55094707 -0.03872764 -0.55264723 -1.7364756   0.6112618  -0.65695363
  0.6132311   0.11827751 -1.460631    0.20649485]
[ 0.21236292  0.04121631  0.7847871   0.04912684  2.2844148  -0.00243578
 -0.55365753 -0.02476904 -0.5366719  -1.7203842   0.5594121  -0.6287597
  0.64175236  0.13411054 -1.4582301   0.16534045]
[ 0.23535824  0.05719198  0.7949735   0.10578306  2.2217507   0.02469441
 -0.5171309  -0.03775201 -0.5241477  -1.7247108   0.52921575 -0.62806433
  0.61741424  0.14267282 -1.5230865   0.17355403]
[ 0.235257    0.07892404  0.8010073   0.06489039  2.201529    0.04361892
 -0.5360199  -0.02005219 -0.4811984  -1.7531801   0.5466399  -0.6074017
  0.60701585  0.12798092 -1.5131452   0.1510087 ]
[ 0.24005005  0.10302655  0.83852893  0.07395151  2.1641717   0.08476207
 -0.5377036  -0.00829352 -0.45249644 -1.7496865   0.530373   -0.5636488
  0.55304056  0.1015594  -1.5462844   0.11383718]
[ 0.22951427  0.08483584  0.84054583  0.0727841   2.129291    0.12117635
 -0.57180846  0.04047894 -0.38850683 -1.7455654   0.48370188 -0.5163429
  0.5546719   0.05208812 -1.5356545   0.09348135]
[ 0.24993734  0.0790598   0.82903165  0.09628103  2.1545053   0.07874288
 -0.54497635  0.01259046 -0.41598043 -1.7305552   0.49602008 -0.5393346
  0.57055485  0.07079762 -1.5700717   0.10832007]
[ 0.25978166  0.05253844  0.7333379   0.16660349  2.2572365  -0.02323439
 -0.5137579  -0.05238521 -0.48750672 -1.7179334   0.60790104 -0.64437836
  0.520104    0.16495721 -1.6226714   0.24798155]
[ 0.2656543   0.116871    0.7953992   0.07541515  2.2039149   0.03575723
 -0.544495   -0.02698722 -0.4392086  -1.75748     0.5470209  -0.5627445
  0.5229069   0.10135873 -1.562391    0.17725477]
[ 2.4276586e-01  8.9887366e-02  7.5224912e-01  1.4930551e-01
  2.2235227e+00 -1.2649022e-03 -5.3791547e-01 -2.5825005e-02
 -4.5541421e-01 -1.7515728e+00  6.1592466e-01 -6.0958701e-01
  5.2889651e-01  1.4481089e-01 -1.6421096e+00  2.2356038e-01]
[ 0.23834856  0.08464988  0.79718894  0.10947726  2.2084796   0.05918395
 -0.5555452  -0.00789809 -0.41579682 -1.75942     0.54952943 -0.5559697
  0.55030835  0.06355378 -1.576299    0.15635231]
[ 0.25722238  0.08396158  0.74078566  0.17134759  2.271968   -0.0319317
 -0.5333947  -0.05819329 -0.5192689  -1.7261884   0.6290692  -0.6196104
  0.50445735  0.17003675 -1.6344477   0.2424525 ]
[ 0.25608468  0.05007397  0.7717533   0.11219601  2.228837    0.01849479
 -0.57046485  0.01656602 -0.44778356 -1.7372547   0.55131453 -0.5818437
  0.55508757  0.06924751 -1.5529964   0.20856091]
[ 0.26425916  0.01507268  0.6946934   0.19976902  2.3132243  -0.08318757
 -0.5249115  -0.0577705  -0.51852256 -1.705933    0.62371695 -0.6801093
  0.5509378   0.17097268 -1.6213564   0.30959776]
[ 0.2607801   0.05344084  0.74916905  0.14148872  2.276425   -0.0433598
 -0.5336138  -0.04534454 -0.5219007  -1.7408478   0.57934904 -0.6346487
  0.53995514  0.1376809  -1.5706949   0.30346295]
[ 0.2614283   0.05270488  0.73397833  0.12046225  2.2760444  -0.05230046
 -0.56749713 -0.01175106 -0.46997023 -1.7388973   0.5827254  -0.6227482
  0.5348622   0.13455859 -1.5826448   0.30031657]
[ 0.24668682  0.04543109  0.7181804   0.18581766  2.2734277  -0.04409577
 -0.5471583  -0.01666375 -0.4673378  -1.7373127   0.5996197  -0.6300573
  0.5635638   0.1487618  -1.6468985   0.25664183]
[ 0.24290058  0.06753962  0.71956444  0.15898436  2.2952201  -0.04676246
 -0.5516349  -0.01976408 -0.4612275  -1.7365701   0.62621367 -0.6158924
  0.5011876   0.14214417 -1.63724     0.26438397]
[ 0.22012988  0.08071908  0.7746786   0.10238292  2.2715118   0.0100389
 -0.57981247  0.01677176 -0.43461308 -1.745743    0.54449785 -0.5572041
  0.5406547   0.10400315 -1.585727    0.18561582]
[ 0.25106022  0.06752207  0.6944332   0.20114526  2.2949586  -0.0621847
 -0.53095376 -0.04384784 -0.47601193 -1.7178129   0.64896035 -0.6492444
  0.5078074   0.1759383  -1.681606    0.2685892 ]
[ 0.22644806  0.05991111  0.731227    0.16105549  2.2939422  -0.05044425
 -0.53708005 -0.03076939 -0.48083153 -1.7233343   0.6373974  -0.6427853
  0.5302659   0.1821116  -1.6357563   0.22603635]
[ 0.22157343  0.07958331  0.7738911   0.15986855  2.254287    0.01070405
 -0.53735864 -0.04259517 -0.47047    -1.7316374   0.60824966 -0.6026975
  0.5442928   0.15797412 -1.6420332   0.16146512]
[ 0.20286334  0.08059208  0.82048607  0.11247578  2.21543     0.09013057
 -0.55624664 -0.01192701 -0.46069688 -1.7415394   0.5235822  -0.55141294
  0.61137754  0.08023974 -1.553921    0.08248615]
[ 0.25113806  0.05690985  0.7334776   0.19537278  2.2807798  -0.0047
 -0.5071332  -0.09262175 -0.53859216 -1.7053745   0.6231391  -0.6648571
  0.5760696   0.16610284 -1.6023185   0.17907727]
[ 0.2745728   0.09905057  0.78947383  0.07989271  2.2312694   0.01948354
 -0.52670586 -0.03632933 -0.4811287  -1.7462876   0.5995016  -0.6331768
  0.52141225  0.10305353 -1.5510838   0.20504436]
[ 0.2569291   0.12438057  0.824786    0.05602173  2.1789193   0.07259159
 -0.543815   -0.02791332 -0.44426402 -1.7615944   0.55071276 -0.572563
  0.5289218   0.06714864 -1.5182711   0.15534809]
[ 0.24370642  0.06682014  0.76077414  0.10229538  2.2650733  -0.02780255
 -0.5434756  -0.04146757 -0.5135213  -1.7569323   0.60306966 -0.64510334
  0.57192725  0.1547675  -1.5417954   0.2511889 ]
[ 0.25489408  0.0619296   0.75874746  0.15491319  2.2494895   0.01690841
 -0.5347853  -0.06017113 -0.49146095 -1.7479718   0.5841975  -0.63068074
  0.5742918   0.12184453 -1.5827097   0.21865353]
[ 2.47694582e-01  1.00357726e-01  7.54762888e-01  1.13295816e-01
  2.25600481e+00 -1.41242146e-03 -5.49602032e-01 -2.74284184e-02
 -4.75269884e-01 -1.76633990e+00  6.07349932e-01 -6.03817999e-01
  5.54952204e-01  1.14195824e-01 -1.60153294e+00  2.24977881e-01]
[ 0.23188122  0.09688509  0.7507933   0.09164716  2.252376    0.02429425
 -0.5757087   0.0132247  -0.43052793 -1.7691876   0.58691573 -0.5693359
  0.5598669   0.0530223  -1.5528663   0.18430331]
[ 0.24673612  0.07018305  0.7049898   0.10503359  2.3415246  -0.07725735
 -0.560024   -0.015447   -0.4838276  -1.7381957   0.6417713  -0.6455084
  0.51481944  0.13789324 -1.584375    0.29262698]
[ 0.2625772   0.08553288  0.71729136  0.15650678  2.2927086  -0.06598216
 -0.5391832  -0.03535877 -0.487844   -1.7278029   0.6320071  -0.6417944
  0.49690104  0.15749937 -1.6303332   0.27742997]
[ 0.24342632  0.04513907  0.73305094  0.13370216  2.2866197  -0.06770803
 -0.5451406  -0.01355535 -0.473037   -1.7337631   0.6175701  -0.64859927
  0.54297704  0.18024606 -1.6129948   0.2610168 ]
[ 0.25837377  0.04477098  0.78707486  0.17451088  2.2284424   0.01208873
 -0.51715624 -0.04477962 -0.4730951  -1.7271278   0.5533943  -0.61605734
  0.5512678   0.15250456 -1.6296628   0.19209853]
[ 0.2642513   0.08525223  0.7806009   0.1483465   2.2051249   0.01871564
 -0.53797233 -0.02761494 -0.46338606 -1.7452049   0.5589919  -0.59454143
  0.50670636  0.12695202 -1.6065762   0.22905056]
[ 0.28067964  0.09072685  0.81021374  0.11028864  2.1518803   0.06993036
 -0.5550278   0.01248863 -0.40706405 -1.759948    0.51619524 -0.55482376
  0.53896314  0.0502039  -1.5801178   0.17245984]
[ 0.29359677  0.0804937   0.7278582   0.14985433  2.2603803  -0.04908623
 -0.5323826  -0.03756838 -0.45967835 -1.7418759   0.6308     -0.6396089
  0.44756907  0.13561337 -1.6397531   0.32497635]
[ 2.7000505e-01  1.2512061e-01  7.5471658e-01  1.0718312e-01
  2.2269244e+00 -1.0550529e-03 -5.6223905e-01 -8.1029115e-03
 -4.2048997e-01 -1.7608645e+00  5.7974088e-01 -5.6014627e-01
  4.5752963e-01  8.6587116e-02 -1.6030422e+00  2.5868472e-01]
[ 0.28889462  0.0629938   0.673497    0.16144174  2.3028557  -0.10573368
 -0.5468915  -0.03367848 -0.4773747  -1.7339563   0.64526963 -0.65340364
  0.466225    0.17112969 -1.6663252   0.39866844]
[ 0.287121    0.07134087  0.6784593   0.21759348  2.2931793  -0.08307625
 -0.5318948  -0.05559959 -0.45136398 -1.7314346   0.6510712  -0.6446165
  0.4352941   0.15767808 -1.7083166   0.36669007]
[ 0.27200633  0.09346661  0.6693543   0.22003718  2.289339   -0.09340095
 -0.53695554 -0.04131358 -0.48073238 -1.7393649   0.6736101  -0.629647
  0.4236135   0.17526034 -1.7095737   0.36624002]
[ 0.2333808   0.06167963  0.69914484  0.15471178  2.2965488  -0.04861575
 -0.59535694  0.02331088 -0.40950853 -1.751633    0.60516    -0.5742889
  0.52504766  0.08434954 -1.636832    0.2827096 ]
[ 0.26163632  0.00817763  0.63608265  0.2522458   2.37577    -0.13971683
 -0.5365461  -0.04924398 -0.51177984 -1.6950436   0.6473819  -0.6733141
  0.501804    0.19035836 -1.7062552   0.39110413]
[ 0.24444401  0.0424593   0.64636624  0.21900892  2.3513489  -0.1125627
 -0.5398119  -0.0531266  -0.51139724 -1.716973    0.67564124 -0.66502887
  0.523939    0.20150296 -1.6863453   0.33114514]
[ 0.2507341   0.04559317  0.6846358   0.15999831  2.335774   -0.09839132
 -0.5539444  -0.00831302 -0.47555828 -1.7335991   0.6567519  -0.65284985
  0.5000099   0.16200928 -1.6482942   0.32609138]
[ 0.26119718  0.0502132   0.6983022   0.19017234  2.3131542  -0.07450423
 -0.5362582  -0.03372167 -0.4689478  -1.7211008   0.6413722  -0.64678586
  0.4780771   0.16406256 -1.6776125   0.31248537]
[ 0.23421249  0.07145135  0.72326595  0.1592314   2.2932637  -0.07215821
 -0.5542029  -0.0168754  -0.46994004 -1.7478838   0.62026685 -0.6256795
  0.5261889   0.16867474 -1.6407124   0.28069305]
[ 0.22555256  0.03984322  0.7165384   0.19763434  2.2881386  -0.04009495
 -0.5358277  -0.03978141 -0.47111902 -1.7278258   0.6114837  -0.6369365
  0.5470849   0.17081335 -1.6517804   0.25461522]
[ 0.19870757  0.07845601  0.7473157   0.15228045  2.2754004  -0.01350078
 -0.5505609  -0.03374234 -0.46724015 -1.7401764   0.6086987  -0.60527885
  0.5737109   0.17176184 -1.6291349   0.17962456]
[ 0.21284303  0.09987368  0.75561297  0.15677398  2.2330952   0.00588117
 -0.5469662  -0.01540151 -0.45937473 -1.7471269   0.6027101  -0.59015673
  0.52648926  0.15066347 -1.6337229   0.1956834 ]
[ 0.20125604  0.06195845  0.81966543  0.09833859  2.1980274   0.07146095
 -0.5743963   0.02755005 -0.40404886 -1.7546377   0.5247086  -0.5387984
  0.5918388   0.08306762 -1.5523444   0.0901688 ]
[ 0.21935794  0.06534834  0.76254535  0.1988405   2.2409606  -0.00363456
 -0.51266766 -0.05385237 -0.48915482 -1.7220484   0.6345016  -0.63354564
  0.535442    0.19136062 -1.6550732   0.16611454]
[ 0.17868356  0.07382598  0.83552825  0.06295328  2.2003665   0.09485909
 -0.5630245  -0.00241411 -0.44905186 -1.7499698   0.5442091  -0.5625942
  0.6143621   0.08801799 -1.5067146   0.0845265 ]
[ 0.21405244  0.06259605  0.78576654  0.13170348  2.2546296   0.02431277
 -0.532127   -0.06979968 -0.52867806 -1.7190039   0.55256665 -0.6167189
  0.6165852   0.153127   -1.5399721   0.15790823]
[ 0.20843062  0.06379041  0.7724737   0.13729437  2.2202613   0.03241872
 -0.5257453  -0.04763434 -0.5010651  -1.72586     0.5840533  -0.627145
  0.60027295  0.16364512 -1.5709438   0.1616054 ]
[ 0.17890653  0.10521062  0.83591807  0.05024701  2.154543    0.12911913
 -0.54729545 -0.00508155 -0.42564186 -1.742575    0.538803   -0.5489806
  0.62198764  0.07953673 -1.5057977   0.02317674]
[ 0.15750943  0.07888219  0.80325234  0.05991521  2.2458339   0.05250685
 -0.5640483  -0.01631354 -0.49774498 -1.7274036   0.5888575  -0.58317107
  0.61392045  0.1568952  -1.5127618   0.08751376]
[ 0.16110986  0.02195858  0.8899541   0.04713842  2.1581016   0.18486787
 -0.56428015  0.02030849 -0.44712067 -1.6885611   0.41311264 -0.49709016
  0.72604895  0.04654897 -1.4480338  -0.08510003]
[ 0.23326746  0.01995482  0.80665576  0.15800452  2.220262    0.05911009
 -0.49498683 -0.07171909 -0.55161065 -1.6766014   0.5460946  -0.6505064
  0.6314869   0.16474693 -1.5533682   0.10289969]
[ 0.24548955  0.09176929  0.89898443  0.01774572  2.1041434   0.15888055
 -0.52581596 -0.01432447 -0.45726138 -1.7257016   0.46177274 -0.5458976
  0.61463535  0.04804434 -1.4383972   0.00887655]
[ 2.3798856e-01  4.3428600e-02  8.8180220e-01  1.8908251e-02
  2.1465716e+00  8.4307045e-02 -5.3702873e-01  1.1240065e-03
 -5.0222653e-01 -1.7258899e+00  4.9152312e-01 -5.9459686e-01
  6.1934876e-01  1.1897894e-01 -1.4368435e+00  9.7470984e-02]
[ 0.2348556   0.0212974   0.9158617   0.03100159  2.07228     0.1739392
 -0.5280998   0.00371395 -0.45736647 -1.7032688   0.40164584 -0.53410375
  0.6612493   0.05077484 -1.4311626   0.03009483]
[ 0.24274902  0.03775661  0.83874285  0.10446718  2.1503556   0.09198658
 -0.5261157  -0.04198983 -0.52043915 -1.7128283   0.46846437 -0.58322585
  0.6643327   0.1268495  -1.505122    0.10933118]
[ 0.23855758  0.05491052  0.8459877   0.05403284  2.1140928   0.1628511
 -0.54504365  0.01961617 -0.4385624  -1.7133545   0.42896485 -0.5225222
  0.66982853  0.00297947 -1.4680545   0.0393536 ]
[ 0.22496495  0.06300075  0.80616856  0.0429912   2.2073784   0.07047854
 -0.5604558   0.02933194 -0.45132798 -1.7143707   0.53062385 -0.5523527
  0.615384    0.06219664 -1.5174433   0.08739688]
[ 1.8675475e-01  9.2123844e-02  7.8849459e-01  6.5765545e-02
  2.2556181e+00  5.1033475e-02 -5.7225001e-01  6.7766604e-04
 -4.5422634e-01 -1.7213112e+00  5.7677823e-01 -5.6773293e-01
  5.9943342e-01  8.7597586e-02 -1.5416468e+00  9.7217098e-02]
[ 0.1773341   0.02569743  0.7692685   0.09165715  2.3274112  -0.02458848
 -0.54625434 -0.02884184 -0.53378755 -1.703393    0.6011924  -0.65077025
  0.6431163   0.17946862 -1.5373791   0.15539932]
[ 0.20096628  0.01889423  0.78972113  0.1700025   2.2818062   0.03918865
 -0.50522196 -0.09385834 -0.5709564  -1.6788204   0.5689436  -0.65027356
  0.6692003   0.18610406 -1.5544491   0.07152496]
[ 0.22149575  0.05255085  0.85961294  0.07948796  2.1927052   0.10692056
 -0.5114359  -0.05399844 -0.5434963  -1.7067875   0.5111448  -0.6150904
  0.64947903  0.11805866 -1.4795386   0.06232683]
[ 0.2288043   0.07524756  0.90720004  0.00409908  2.1015542   0.18192115
 -0.52721643 -0.01382734 -0.47655553 -1.7094208   0.4398399  -0.55362856
  0.6661922   0.04022061 -1.4078648  -0.0142931 ]
[ 0.23918621  0.03856622  0.86648405  0.02792594  2.177004    0.09320507
 -0.51872224 -0.0301037  -0.53592676 -1.709705    0.49836746 -0.6146637
  0.66091794  0.11366709 -1.4416672   0.0797147 ]
[ 2.2553897e-01  5.1927485e-02  9.1439646e-01  4.5066475e-04
  2.1049945e+00  1.9294706e-01 -5.2217567e-01 -2.1127129e-02
 -4.8072657e-01 -1.7019088e+00  4.2036033e-01 -5.4185545e-01
  6.8264067e-01  3.5106413e-02 -1.4096758e+00 -8.8413954e-03]
[ 0.24691474  0.05670938  0.85122585  0.04069555  2.193882    0.10388929
 -0.52690107 -0.04215208 -0.5342999  -1.6988903   0.4865083  -0.59475577
  0.64419425  0.0950264  -1.4665306   0.08965245]
[ 0.259711    0.07040837  0.85191935  0.05527492  2.13212     0.13820533
 -0.5286331  -0.01370988 -0.46606365 -1.7212337   0.47444525 -0.5582794
  0.6317421   0.02509707 -1.4798399   0.07314715]
[ 0.24051745  0.07748005  0.8074503   0.05538964  2.2312925   0.03495538
 -0.5436667  -0.02567489 -0.5069827  -1.7391554   0.57264525 -0.615991
  0.5824075   0.10584786 -1.4974489   0.16790469]
[ 0.22569795  0.07471518  0.82458436  0.06804552  2.1944478   0.08847284
 -0.55561596 -0.01105214 -0.4779132  -1.7408737   0.5037255  -0.5607373
  0.59970057  0.06140505 -1.4874551   0.13960072]
[ 0.22864118  0.02626989  0.74721676  0.12073858  2.289739   -0.03060577
 -0.5541634  -0.02820185 -0.53912234 -1.716576    0.5531446  -0.6244128
  0.6210282   0.1555591  -1.5253179   0.22531626]
[ 0.25368875  0.01583909  0.748294    0.16456191  2.2310772   0.01310415
 -0.52454406 -0.0331734  -0.51727045 -1.700798    0.5343195  -0.62744683
  0.61938983  0.12749621 -1.5703281   0.21375361]
[ 0.2749595   0.04961018  0.7493509   0.07816447  2.231423   -0.01130328
 -0.55154526  0.01175346 -0.4640134  -1.7089918   0.5589756  -0.59699535
  0.55793536  0.1006282  -1.5621711   0.23100905]
[ 0.24457285  0.06192973  0.7808116   0.08343031  2.211198    0.03097344
 -0.5509173   0.03446507 -0.42488033 -1.7181362   0.4992927  -0.5421548
  0.5578328   0.07258575 -1.5645039   0.17110571]
[ 0.27117452  0.02208212  0.717981    0.14778483  2.2857509  -0.07847296
 -0.5168124  -0.01072366 -0.4651467  -1.6882198   0.58268994 -0.6355497
  0.5087882   0.17238505 -1.6494364   0.2856001 ]
[ 0.2541809   0.07500414  0.7500108   0.18058357  2.2319293  -0.02236168
 -0.5309199  -0.02828505 -0.4540209  -1.7353338   0.57901734 -0.60656404
  0.50266373  0.1615893  -1.6496334   0.24089804]
[ 0.23908739  0.06119793  0.7374207   0.18020478  2.2157216  -0.02164484
 -0.5323572  -0.00869405 -0.42956358 -1.7442906   0.59474653 -0.5993327
  0.5119771   0.162253   -1.6610165   0.24211991]
[ 0.23280975  0.0847064   0.803627    0.10549631  2.1867294   0.06001429
 -0.56436217  0.01782503 -0.3869606  -1.7619278   0.5029423  -0.51879627
  0.5416302   0.0792076  -1.5862802   0.15005103]
[ 0.2608234   0.0717871   0.71479905  0.2044836   2.2466862  -0.03963864
 -0.5286268  -0.02707525 -0.45354906 -1.7357805   0.6054306  -0.6077984
  0.47911605  0.1754165  -1.6969297   0.28018445]
[ 0.2587091   0.08761405  0.7736588   0.1383117   2.1974697   0.02698118
 -0.56689775  0.03581213 -0.37349704 -1.754948    0.5409676  -0.53939354
  0.50206393  0.07152904 -1.6332829   0.1819477 ]
[ 0.27492803  0.05934102  0.7147465   0.20506759  2.2655735  -0.06326859
 -0.53138494 -0.01692361 -0.44740134 -1.7302725   0.61768544 -0.6223416
  0.45714244  0.1692011  -1.6997448   0.29726392]
[ 0.25976667  0.08550748  0.77966624  0.13230416  2.2228134   0.00473123
 -0.5654504   0.01807052 -0.3902791  -1.7494411   0.5477143  -0.5479518
  0.49333906  0.0941352  -1.6419367   0.20473938]
[ 0.27749577  0.04542289  0.70182264  0.2140567   2.2919416  -0.07290761
 -0.5289769  -0.03972401 -0.47821957 -1.7288135   0.6120905  -0.64361125
  0.50235236  0.19022337 -1.7018592   0.30890304]
[ 0.28466994  0.08242219  0.7351783   0.18230663  2.264066   -0.03226239
 -0.5285367  -0.04199423 -0.44519347 -1.7403457   0.61061215 -0.62158155
  0.4823435   0.14098418 -1.6892887   0.26561636]
[ 0.27173397  0.1021796   0.73259056  0.17353253  2.263936   -0.03297699
 -0.5409108  -0.0213203  -0.44725904 -1.7551237   0.63597745 -0.6097339
  0.45816413  0.13616136 -1.6862104   0.26804823]
[ 2.3935810e-01  9.2930399e-02  7.5425136e-01  1.3321976e-01
  2.2509041e+00 -9.2256517e-04 -5.6864375e-01  9.7174048e-03
 -4.0759772e-01 -1.7713621e+00  6.0349500e-01 -5.7543170e-01
  5.2445853e-01  8.0056608e-02 -1.6373800e+00  2.2033627e-01]
[ 0.2481802   0.05527133  0.70173323  0.19385883  2.3380582  -0.08431382
 -0.5415422  -0.04852571 -0.51160926 -1.7362789   0.65251267 -0.65180844
  0.5091155   0.16130838 -1.6489203   0.31325307]
[ 0.23155221  0.03796836  0.67667663  0.19955024  2.3427896  -0.08256214
 -0.5509056  -0.05132926 -0.5177916  -1.7263167   0.66822946 -0.6648105
  0.5562118   0.18301284 -1.6407125   0.2875877 ]
[ 0.24656829  0.04255287  0.71292925  0.17110315  2.3137693  -0.06049833
 -0.5475336  -0.02347483 -0.49118367 -1.731822    0.6258306  -0.6489941
  0.5464371   0.14082067 -1.6198142   0.27250093]
[ 0.22200349  0.05349109  0.7122819   0.15309982  2.3155117  -0.06092716
 -0.54882896 -0.03318158 -0.4970275  -1.7375278   0.63825595 -0.6461735
  0.5633234   0.16146608 -1.6019837   0.25501668]
[ 0.23493297  0.07334857  0.7464425   0.1085522   2.289257   -0.04518648
 -0.5541052  -0.01356211 -0.4906837  -1.752451    0.5897833  -0.6251565
  0.5508288   0.14019571 -1.5628924   0.26104218]
[ 0.24260585  0.05672739  0.7414654   0.14464614  2.2695363  -0.02900025
 -0.5425242  -0.0273887  -0.47168583 -1.7308114   0.6020381  -0.628492
  0.54074085  0.15845534 -1.6080234   0.22993663]
[ 0.24254116  0.08018769  0.7740942   0.11396001  2.236278    0.00792193
 -0.53445846 -0.02111514 -0.46352118 -1.725395    0.59098434 -0.6117077
  0.5593804   0.15069608 -1.6158813   0.16179474]
[ 0.21336551  0.07000957  0.7833233   0.0984703   2.247416    0.02611597
 -0.5502492  -0.01657879 -0.45963907 -1.7274421   0.59537536 -0.5959079
  0.57434046  0.13931859 -1.5958967   0.14263484]
[ 0.20033929  0.07438806  0.8502908   0.06832673  2.2026286   0.12000127
 -0.55781776 -0.01131701 -0.4596564  -1.7175395   0.49556446 -0.5260698
  0.6410823   0.07894363 -1.5397791   0.02251652]
[ 0.1931483   0.05650229  0.76289773  0.15417562  2.273633    0.02228359
 -0.5249545  -0.06366712 -0.5335237  -1.7098122   0.6282345  -0.63594514
  0.6193553   0.17864372 -1.6036556   0.1260992 ]
[ 0.18013237  0.07715007  0.84628266  0.06133356  2.20663     0.13258879
 -0.547969   -0.03496398 -0.5042037  -1.7124214   0.5381055  -0.56048965
  0.6568085   0.07291901 -1.473433    0.00270272]
[ 0.20828605  0.02638024  0.8135637   0.08953598  2.2581458   0.05375168
 -0.5368481  -0.06434099 -0.59456456 -1.6651003   0.5617413  -0.6305816
  0.6385593   0.15523511 -1.4665837   0.09696467]
[ 0.22971575 -0.01243016  0.87369156  0.03339281  2.1493979   0.14463136
 -0.5438363  -0.00531239 -0.530703   -1.6373545   0.40471786 -0.5518972
  0.7160967   0.04728508 -1.37881     0.00411302]
[ 0.2661745  -0.04667891  0.8275725   0.12251453  2.183453    0.07457354
 -0.48660478 -0.08424266 -0.63237953 -1.6302092   0.45314407 -0.6601669
  0.7198458   0.14580543 -1.4063046   0.09893502]
[ 0.29904953  0.01343165  0.90704596 -0.01006781  2.1052291   0.13448234
 -0.5017534  -0.03065574 -0.55864817 -1.6677402   0.38130593 -0.585161
  0.6818434   0.05864462 -1.3600401   0.07925681]
[ 0.30274895  0.03126564  0.9020378  -0.00781678  2.0634048   0.1711216
 -0.5296501   0.01394607 -0.49092054 -1.6731228   0.36139613 -0.5215584
  0.65055007  0.01287879 -1.4035167   0.06254835]
[ 0.28555146  0.02420785  0.83021784  0.0403136   2.1291234   0.12139471
 -0.5447148   0.0229198  -0.4598257  -1.7035059   0.43167382 -0.5553749
  0.6614943   0.01561563 -1.4642321   0.11102475]
[ 0.2716864   0.02001385  0.7600188   0.08883289  2.2609086  -0.00742864
 -0.536142   -0.01137953 -0.49857578 -1.6875465   0.55846536 -0.6145022
  0.6053311   0.10080342 -1.5705506   0.2071825 ]
[ 0.23242421  0.05303297  0.77006704  0.0641017   2.2798448   0.03767204
 -0.5710807   0.00951692 -0.4819438  -1.7113682   0.5247662  -0.5560175
  0.62520725  0.05275618 -1.5269746   0.14459787]
[ 0.23222235  0.01716772  0.69945806  0.13202229  2.3613973  -0.08778904
 -0.5294126  -0.02651221 -0.5458785  -1.6887537   0.6327141  -0.6632589
  0.6145171   0.16405511 -1.5939462   0.2296834 ]
[ 0.22456253  0.04748647  0.7162695   0.148295    2.3381321  -0.05010958
 -0.53754807 -0.04733016 -0.53026694 -1.7130123   0.657018   -0.67399186
  0.5758872   0.14862229 -1.5795906   0.22310075]
[ 0.20738778  0.03942799  0.7699795   0.09772386  2.3152366  -0.00830882
 -0.5322334  -0.05650228 -0.5662516  -1.6911017   0.6132213  -0.6466985
  0.61275816  0.16435675 -1.527698    0.15425137]
[ 0.20277658  0.03736172  0.79355234  0.05957103  2.2683072   0.02804477
 -0.55180657 -0.03675538 -0.5402136  -1.688772    0.55803347 -0.6166476
  0.6447466   0.13964155 -1.4819185   0.12973413]
[ 0.20181322 -0.00506008  0.81265366  0.12275107  2.216267    0.07827733
 -0.52019227 -0.04958027 -0.54910904 -1.6765137   0.5036717  -0.6315676
  0.72055554  0.1401957  -1.4868642   0.06584215]
[ 0.21811981  0.05838785  0.8647646   0.07581931  2.1743708   0.11704002
 -0.50086576 -0.06111578 -0.5441412  -1.7132384   0.4984192  -0.60101485
  0.6882831   0.10667397 -1.4563553   0.01725941]
[ 2.2263822e-01  8.5791633e-02  9.0315312e-01 -2.8314004e-02
  2.1071661e+00  1.8296719e-01 -5.3879505e-01 -5.9254230e-03
 -4.9655169e-01 -1.7160785e+00  4.3819398e-01 -5.2987421e-01
  6.5014780e-01  4.2957723e-02 -1.3731314e+00 -1.0298968e-03]
[ 0.21346907  0.0642587   0.8860205  -0.01060688  2.111929    0.16697375
 -0.55762005  0.00912041 -0.45597625 -1.7181209   0.4403011  -0.5337523
  0.68996286  0.03235362 -1.389889   -0.00572244]
[ 0.2690007   0.01510193  0.815887    0.0911307   2.178259    0.05815691
 -0.5063566  -0.03194945 -0.5320363  -1.6780233   0.51020443 -0.63324195
  0.60989535  0.12070048 -1.5090587   0.16877417]
[ 0.24541834  0.05467293  0.870364    0.03147293  2.129415    0.13208139
 -0.53485364 -0.00429842 -0.46275344 -1.7088842   0.44942003 -0.5393046
  0.63566065  0.05414863 -1.4640585   0.0554556 ]
[ 0.2174286   0.0317065   0.80537015  0.10968815  2.218432    0.02824438
 -0.5180655  -0.02610509 -0.53064346 -1.7175653   0.53511375 -0.60785306
  0.64986813  0.14824478 -1.5370142   0.13826406]
[ 0.21115276  0.05246684  0.81824464  0.07820147  2.1754208   0.11882968
 -0.5558853  -0.01690622 -0.4671267  -1.7376674   0.49867696 -0.565831
  0.6469181   0.04550409 -1.4674853   0.11092107]
[ 0.20577517  0.09517829  0.7384957   0.1183625   2.2630959  -0.01766166
 -0.5467277  -0.04162341 -0.5197154  -1.7308567   0.6174755  -0.6152998
  0.5711019   0.1618897  -1.5519108   0.20051293]
[ 0.19646147  0.07328212  0.7828303   0.06647532  2.207366    0.05349771
 -0.5676671   0.02897059 -0.42913622 -1.7445221   0.5400051  -0.57285655
  0.5844675   0.0726406  -1.4969679   0.15214963]
[ 0.1910918   0.06612375  0.75109637  0.10507049  2.2869759  -0.03365855
 -0.5460211  -0.0299107  -0.48810977 -1.7169069   0.6073783  -0.6219634
  0.55475855  0.18036982 -1.5536896   0.19516681]
[ 0.20336764  0.08173954  0.7736152   0.16925763  2.2045379   0.02032686
 -0.52691245 -0.03703349 -0.48611158 -1.7280254   0.57892835 -0.59568155
  0.54968905  0.18579693 -1.6095741   0.16203108]
[ 0.19035149  0.06241669  0.830286    0.09508207  2.14281     0.11812343
 -0.55685616  0.0123626  -0.40132228 -1.7527411   0.48892507 -0.52591145
  0.6262932   0.07996599 -1.5234402   0.05690125]
[ 0.2329143   0.0906833   0.79789907  0.18357156  2.168037    0.04958355
 -0.49123698 -0.06234206 -0.48007578 -1.737244    0.5719184  -0.5958224
  0.5412708   0.17544535 -1.6277593   0.127694  ]
[ 0.1995453   0.10853722  0.8256086   0.05710546  2.13539     0.12532386
 -0.5728677   0.02928645 -0.37799135 -1.769152    0.5174396  -0.51685506
  0.558051    0.06166998 -1.5161673   0.07956369]
[ 2.22978070e-01  8.81081074e-02  8.28169823e-01  8.92103016e-02
  2.16280985e+00  9.84283090e-02 -5.49680769e-01  1.12058525e-03
 -4.18663085e-01 -1.74099505e+00  4.96452749e-01 -5.30033767e-01
  5.67117691e-01  6.70952722e-02 -1.53732049e+00  1.00449964e-01]
[ 0.22443883  0.0578149   0.73760325  0.16559057  2.2464733  -0.01123669
 -0.5315512  -0.04604906 -0.48595175 -1.7244469   0.61279297 -0.6180378
  0.5454664   0.17917441 -1.6180077   0.21299908]
[ 2.0476568e-01  9.5738754e-02  8.2465887e-01  7.8819782e-02
  2.1754878e+00  1.0291724e-01 -5.5571878e-01 -1.0764599e-03
 -4.2579874e-01 -1.7534087e+00  5.1074374e-01 -5.3301948e-01
  5.8832645e-01  7.5468101e-02 -1.5251156e+00  8.1892245e-02]
[ 0.2029124   0.07154344  0.7426917   0.1504716   2.2589061  -0.0062363
 -0.54758537 -0.03095348 -0.48603743 -1.7370818   0.61494756 -0.60775256
  0.5580412   0.17395866 -1.6085355   0.19743614]
[ 0.20771971  0.0832942   0.81126153  0.10087311  2.191632    0.09081843
 -0.56067216  0.00404421 -0.4413364  -1.7412136   0.5052968  -0.5262965
  0.58512545  0.06923514 -1.5293038   0.09463162]
[ 0.22588491  0.04360256  0.73381895  0.1644265   2.2513683  -0.01791111
 -0.5376185  -0.02697381 -0.49110597 -1.7152821   0.6099831  -0.6207509
  0.56287175  0.17517304 -1.6157297   0.20479496]
[ 0.22748618  0.05127097  0.80483913  0.09635854  2.1758204   0.07343225
 -0.5545937   0.02319488 -0.4274165  -1.7110001   0.49296466 -0.53633654
  0.5845477   0.06678474 -1.536586    0.11452565]
[ 0.22197685  0.01693208  0.7331988   0.16470106  2.2673848  -0.03830018
 -0.53748596 -0.01849605 -0.49902305 -1.7011149   0.58121955 -0.62227154
  0.58608854  0.18496826 -1.5999807   0.2073138 ]
[ 0.24888925  0.04092244  0.8138722   0.10131054  2.1940262   0.03239383
 -0.52846897  0.01655618 -0.44483986 -1.7290859   0.48712283 -0.564818
  0.6063623   0.1135921  -1.571085    0.12889338]
[ 0.2205106   0.05363439  0.758618    0.16183108  2.2250385   0.00367628
 -0.5247033  -0.0276157  -0.47579488 -1.7343235   0.58462465 -0.6085858
  0.5775878   0.17511551 -1.6156797   0.17183653]
[ 0.21150835  0.10583436  0.83579     0.05624071  2.1570144   0.10735049
 -0.5595213   0.02457581 -0.3963527  -1.7580445   0.4971761  -0.51711714
  0.5751612   0.06291904 -1.530029    0.07201553]
[ 2.1111941e-01  8.8688992e-02  7.7366459e-01  9.6515171e-02
  2.2353158e+00  8.6723957e-03 -5.6069458e-01  1.4456690e-03
 -4.4411096e-01 -1.7516199e+00  5.9452426e-01 -5.8912969e-01
  5.5069304e-01  1.4045279e-01 -1.5952799e+00  1.8638328e-01]
[ 0.19099686  0.0932084   0.8178085   0.11520673  2.1800847   0.09093698
 -0.5572722   0.00850374 -0.41109258 -1.7357848   0.5331661  -0.5310947
  0.5729456   0.09002569 -1.5796896   0.06506089]
[ 0.22049773  0.06235573  0.7594984   0.16725564  2.2412248   0.00903531
 -0.52921736 -0.04033739 -0.4875229  -1.7155186   0.59319305 -0.61523294
  0.5300323   0.17348011 -1.6181481   0.1961116 ]
[ 0.22264166  0.08913986  0.85020894  0.09956338  2.1505938   0.10704507
 -0.54291487 -0.00280467 -0.4143715  -1.7320805   0.491996   -0.533228
  0.581388    0.07673025 -1.551764    0.05117372]
[ 0.22085409  0.04371507  0.77586734  0.17277062  2.215117    0.01966146
 -0.5067764  -0.04603371 -0.4986085  -1.7275894   0.5812159  -0.6259321
  0.5933049   0.18560159 -1.606711    0.14826654]
[ 0.23421526  0.09048935  0.8648723   0.03755616  2.1355526   0.14261217
 -0.53955615 -0.01999281 -0.4333372  -1.7380695   0.4688835  -0.5287463
  0.6019917   0.0461139  -1.4778305   0.05976291]
[ 0.23694439  0.08249605  0.7861642   0.11482344  2.2121665   0.01604365
 -0.5399913  -0.02383943 -0.48434058 -1.7477605   0.58254534 -0.5991732
  0.55894315  0.15933008 -1.5877037   0.17985106]
[ 0.243559    0.05649428  0.85242546  0.07855313  2.1305122   0.12653448
 -0.5418634   0.02273335 -0.39800853 -1.744746    0.46683484 -0.53172743
  0.6017235   0.02204114 -1.5272068   0.08616615]
[ 0.22667333  0.07276718  0.76178294  0.12499354  2.2689328  -0.0225302
 -0.5513619  -0.03672095 -0.5124324  -1.7374179   0.6231561  -0.6165789
  0.5303644   0.15873036 -1.5682329   0.22577786]
[ 0.21892981  0.05434777  0.80426866  0.09269315  2.1999593   0.05929847
 -0.5774742   0.02176319 -0.45030966 -1.7307281   0.50380534 -0.55503565
  0.59673095  0.07252844 -1.5225153   0.15856466]
[ 0.26898617  0.01356963  0.7218739   0.15102664  2.277856   -0.05059277
 -0.53998756 -0.02977054 -0.49672776 -1.6905928   0.567325   -0.648857
  0.54011357  0.1465284  -1.5853198   0.3057807 ]
[ 0.26564452  0.05345206  0.72383153  0.17227659  2.250234   -0.04615588
 -0.5195147  -0.04563869 -0.5013998  -1.6995159   0.59057176 -0.6318203
  0.53720915  0.1797745  -1.6186444   0.23860721]
[ 2.6473269e-01  4.4335037e-02  7.6693761e-01  9.0529203e-02
  2.2214966e+00 -8.5207075e-04 -5.5464387e-01  2.2317667e-02
 -4.2912906e-01 -1.7051761e+00  5.3903311e-01 -5.8821285e-01
  5.0968897e-01  1.0903238e-01 -1.5832145e+00  2.4224201e-01]
[ 0.24582238  0.05286562  0.79324466  0.1186066   2.2025192   0.03702531
 -0.56832343  0.01920612 -0.40626138 -1.7096231   0.49888533 -0.52707976
  0.56672895  0.10038579 -1.6159954   0.1375922 ]
[ 0.27573055  0.02811671  0.7226597   0.22022934  2.2423422  -0.04657354
 -0.4995688  -0.04046028 -0.49967885 -1.7007027   0.59687555 -0.63055253
  0.50941056  0.20194857 -1.6993946   0.2676136 ]
[ 0.28871936  0.06185132  0.7897476   0.12100325  2.1928375   0.03160835
 -0.55995095  0.01439756 -0.4037141  -1.744364    0.51967657 -0.5470282
  0.49638596  0.0616496  -1.5896597   0.2152504 ]
[ 0.28801808  0.05637441  0.71944445  0.20481315  2.24723    -0.0630898
 -0.5289353  -0.03397015 -0.4919316  -1.7146275   0.61850005 -0.6278889
  0.47079667  0.1781646  -1.6704845   0.29726163]
[ 0.24470909  0.02619969  0.75656277  0.10821398  2.2166553   0.00599305
 -0.57664937  0.03025647 -0.42981315 -1.720001    0.54721653 -0.57613003
  0.5724133   0.08695997 -1.5754042   0.2306712 ]
[ 0.2607357   0.01067371  0.6888441   0.1920539   2.3187044  -0.08417417
 -0.5463463  -0.04950142 -0.52953565 -1.6708864   0.5858265  -0.6329098
  0.53822917  0.17990151 -1.6191317   0.3087009 ]
[ 0.24834697  0.0214179   0.68790066  0.19410093  2.286387   -0.07244793
 -0.5374936  -0.02132672 -0.5089445  -1.6930046   0.5960253  -0.62861174
  0.5700665   0.18271583 -1.6565254   0.2806635 ]
[ 0.25632143  0.05304766  0.73274666  0.15083928  2.239573   -0.02649313
 -0.53794146  0.01072779 -0.4404644  -1.7104585   0.5817866  -0.58468676
  0.51307786  0.10428369 -1.625284    0.23087235]
[ 0.20942381  0.06612966  0.6938494   0.20595829  2.2958767  -0.07181919
 -0.54130536 -0.03809604 -0.49246007 -1.7166952   0.6729249  -0.62690747
  0.50146943  0.20810013 -1.6715004   0.2526551 ]
[ 0.19380751  0.04317071  0.7667203   0.12516639  2.2559862   0.0208016
 -0.5928063   0.02986048 -0.43673763 -1.7221859   0.5419623  -0.5483816
  0.5875243   0.09605403 -1.5630127   0.1479334 ]
[ 0.20876901 -0.0267962   0.69824237  0.22623484  2.336158   -0.06888915
 -0.5286909  -0.04663696 -0.5179461  -1.6726986   0.59410965 -0.6646738
  0.6187353   0.21123774 -1.6376747   0.21745026]
[ 0.22038691  0.06451356  0.74917805  0.18850863  2.2670166  -0.00295
 -0.50581324 -0.07356817 -0.532098   -1.7163407   0.589159   -0.6341836
  0.61011565  0.18181202 -1.600638    0.14059891]
[ 0.19609101  0.09901374  0.8089179   0.04420803  2.2291741   0.0527436
 -0.55152816 -0.00386488 -0.4669909  -1.7554662   0.5822215  -0.58703053
  0.5986997   0.12077032 -1.5241358   0.10166539]
[ 0.18096499  0.11199238  0.85016805  0.04570154  2.18472     0.13696232
 -0.54875773 -0.01743671 -0.43932766 -1.7365398   0.5359272  -0.534096
  0.61820585  0.07433004 -1.5058296  -0.01596599]
[ 0.17681137  0.08584566  0.8116069   0.09594922  2.2476528   0.06635153
 -0.5299323  -0.05827496 -0.5327856  -1.7219884   0.6099075  -0.6198152
  0.62859344  0.16010115 -1.5463951   0.06864056]
[ 0.18574604  0.09482398  0.89504737  0.03860936  2.1443303   0.18558514
 -0.5261551  -0.04657267 -0.49110246 -1.7229801   0.49501148 -0.54389507
  0.67455864  0.05361478 -1.4541928  -0.04232255]
[ 0.24176788  0.06071746  0.8386      0.11166036  2.1770992   0.08328678
 -0.4960266  -0.09051159 -0.5746964  -1.7116139   0.544125   -0.6350585
  0.60994893  0.14598371 -1.4703605   0.11023521]
[ 0.25838953  0.05376604  0.90703356 -0.00556208  2.0684338   0.15679124
 -0.54030335 -0.01515947 -0.47854748 -1.7387161   0.4473473  -0.5631997
  0.6546573   0.02684367 -1.3613425   0.07453789]
[ 0.26423088  0.00557752  0.8289193   0.05311202  2.1604004   0.0489262
 -0.52669984 -0.04542655 -0.5594164  -1.7019253   0.5140945  -0.62982786
  0.636189    0.12184826 -1.4377224   0.21580112]
[ 2.6150194e-01 -3.5480858e-04  8.8410556e-01  4.3525011e-03
  2.0965168e+00  1.5335077e-01 -5.4712617e-01 -1.3670683e-02
 -5.0001895e-01 -1.6879822e+00  3.6774141e-01 -5.3586739e-01
  6.8131876e-01  1.9144742e-02 -1.3755125e+00  1.4016202e-01]
[ 2.9408461e-01  1.5126467e-03  7.5962508e-01  9.7465537e-02
  2.2102084e+00  6.3471883e-03 -5.5155575e-01 -2.4453346e-02
 -5.1899862e-01 -1.6815068e+00  4.7266442e-01 -6.1144751e-01
  5.9859848e-01  1.0840996e-01 -1.5117822e+00  3.0326349e-01]
[ 0.25765058  0.0337446   0.75538     0.10553656  2.1847794   0.02202518
 -0.5575511   0.02546778 -0.43589434 -1.7151365   0.48889843 -0.57122076
  0.59392583  0.05761591 -1.5380888   0.24287911]
[ 2.3341992e-01  4.0663533e-02  6.9678289e-01  1.3111073e-01
  2.3034873e+00 -9.0505578e-02 -5.6221473e-01 -2.1886020e-03
 -4.6939579e-01 -1.6938721e+00  6.0120869e-01 -6.2479377e-01
  4.7869378e-01  1.6478164e-01 -1.6098633e+00  3.5548997e-01]
[ 0.19939382  0.02092256  0.73531073  0.14888188  2.2852366  -0.02208656
 -0.6139487   0.03734686 -0.4292655  -1.6781781   0.5064233  -0.5339497
  0.53593916  0.12851274 -1.6050148   0.2338643 ]
[ 0.22288916 -0.06300835  0.6694592   0.28464928  2.3325286  -0.09398961
 -0.5486263  -0.01975602 -0.49402004 -1.6219909   0.5655542  -0.64109343
  0.5815241   0.22063737 -1.7301483   0.28344563]
[ 0.25317067 -0.04005141  0.72613466  0.29391247  2.2928011  -0.03119752
 -0.49106616 -0.06819393 -0.51119864 -1.625954    0.5387878  -0.63239497
  0.55106676  0.20327905 -1.7165108   0.20335488]
[ 0.21261926  0.03327418  0.8044187   0.18643805  2.2025917   0.05544677
 -0.5167977  -0.00591951 -0.4590664  -1.6696819   0.5021862  -0.5454402
  0.5671575   0.156424   -1.6579403   0.07674976]
[ 0.18127932  0.06269075  0.8032668   0.10843645  2.2299893   0.05686127
 -0.57295525  0.0194437  -0.4319457  -1.7450342   0.5420691  -0.5692195
  0.594792    0.09872919 -1.5481695   0.11452277]
[ 2.2936459e-01  4.4269510e-02  7.6593721e-01  1.8014112e-01
  2.2794573e+00  4.0070564e-04 -5.1594371e-01 -7.4470267e-02
 -5.3058708e-01 -1.7057409e+00  5.8485740e-01 -6.3758564e-01
  5.6506288e-01  1.7873819e-01 -1.6001225e+00  1.8284626e-01]
[ 0.24884069  0.07573026  0.7835353   0.14872184  2.2079525   0.02743942
 -0.5290016  -0.04139035 -0.49131194 -1.724369    0.560325   -0.59906995
  0.5558075   0.14203931 -1.5821956   0.16350329]
[ 0.23970667  0.04452642  0.8210684   0.07097113  2.1601484   0.08132906
 -0.54684454  0.01923412 -0.4273203  -1.7425312   0.50161535 -0.5698283
  0.61870354  0.06142282 -1.5124755   0.12556289]
[ 0.23788314  0.08355711  0.7772482   0.12238421  2.2510123   0.01260121
 -0.51979053 -0.07137739 -0.5050417  -1.7282566   0.59314525 -0.62880695
  0.5559296   0.14586723 -1.5728626   0.1940333 ]
[ 0.1866508   0.0990025   0.7959112   0.07776092  2.2577543   0.03777605
 -0.5636467  -0.02898101 -0.49814257 -1.7472004   0.5787388  -0.5878731
  0.60333204  0.13652061 -1.5464518   0.1448721 ]
[ 0.20221944  0.07897273  0.813115    0.11496611  2.1980317   0.10963778
 -0.5532884  -0.01778888 -0.45767984 -1.739402    0.52421254 -0.5510315
  0.6356171   0.05616617 -1.540273    0.06993619]
[ 0.24759486  0.07671798  0.74170756  0.16171762  2.2632692  -0.01072685
 -0.5126443  -0.06399535 -0.51722515 -1.7182792   0.6266993  -0.6439682
  0.52346104  0.16094293 -1.5983822   0.21069208]
[ 2.42976740e-01  1.12828374e-01  8.12236011e-01  5.28530851e-02
  2.18167758e+00  5.74662387e-02 -5.54521084e-01  1.91527605e-03
 -4.34980869e-01 -1.75608981e+00  5.60812294e-01 -5.74839473e-01
  5.26162922e-01  7.57225901e-02 -1.51413321e+00  1.57025412e-01]
[ 0.25543562  0.0483054   0.76583844  0.10492853  2.2602572  -0.02848518
 -0.5365084  -0.03908528 -0.50861007 -1.7242031   0.5881423  -0.65126723
  0.5339589   0.15738626 -1.5457946   0.26979536]
[ 0.26692683  0.04452417  0.7845913   0.16540003  2.2143517   0.02085439
 -0.51883876 -0.06656561 -0.50380594 -1.7186524   0.5236218  -0.61589235
  0.57641     0.14351058 -1.5767018   0.20872697]
[ 0.2844553   0.06507465  0.7571892   0.1492008   2.2002943   0.01772636
 -0.52635133 -0.03378334 -0.46872282 -1.7297741   0.5403085  -0.6004641
  0.5421276   0.11099446 -1.5999043   0.24099655]
[ 0.25678045  0.09539556  0.77704036  0.08712891  2.1823144   0.05433376
 -0.55255246  0.00904599 -0.40968394 -1.7671893   0.53938484 -0.55786973
  0.56967854  0.05144828 -1.5602353   0.17236939]
[ 0.25372773  0.10172445  0.7262719   0.11134336  2.2903552  -0.04850591
 -0.5588931  -0.01268561 -0.45475215 -1.7507617   0.6428281  -0.6136429
  0.46819392  0.13042079 -1.6247524   0.28936338]
[ 0.22873473  0.09576346  0.75796235  0.11130001  2.2715485   0.00228547
 -0.5887582   0.01664964 -0.42215738 -1.7586434   0.5845347  -0.5564565
  0.52119124  0.08346917 -1.5979218   0.19825473]
[ 0.25210363  0.02926672  0.6772096   0.21165475  2.3375003  -0.08697969
 -0.5339855  -0.03915047 -0.49691707 -1.7076795   0.67393035 -0.6759477
  0.5338976   0.18884125 -1.6851358   0.26923308]
[ 0.23049602  0.03496726  0.721676    0.1678161   2.3316863  -0.04632153
 -0.53222555 -0.04777011 -0.4928735  -1.7173107   0.6466398  -0.6583718
  0.57280856  0.15733317 -1.6370043   0.21489462]
[ 0.21893325  0.08915675  0.7604839   0.10883707  2.3162632  -0.00946752
 -0.5422195  -0.06775991 -0.5314418  -1.7356861   0.6297342  -0.6303414
  0.5839817   0.15300551 -1.5775995   0.18087128]
[ 0.22016509  0.07604147  0.7514787   0.10053508  2.2993684  -0.01212661
 -0.5498706  -0.04008687 -0.5123517  -1.7335011   0.6325546  -0.6449641
  0.58023894  0.14173803 -1.559212    0.1971654 ]
[ 0.21491686  0.0721962   0.77348125  0.13597599  2.2694225   0.01596307
 -0.5314663  -0.06054026 -0.5164736  -1.7295376   0.6225975  -0.6500006
  0.60642296  0.13925712 -1.5579119   0.14074013]
[ 0.22875515  0.06612051  0.82596624  0.09277634  2.2208765   0.04865203
 -0.52010536 -0.05167327 -0.53634375 -1.7333605   0.5785449  -0.62598747
  0.59140646  0.13029495 -1.5064127   0.13562748]
[ 0.21016292  0.07274325  0.86433375  0.01260326  2.165135    0.12569907
 -0.55511725 -0.02093918 -0.4940939  -1.7223336   0.48904094 -0.5596266
  0.644874    0.07157285 -1.4071126   0.0473474 ]
[ 0.22330002  0.02375649  0.791922    0.11830191  2.2201967   0.04613595
 -0.5212182  -0.0626884  -0.57146466 -1.6893644   0.54990315 -0.6532463
  0.69150054  0.13993473 -1.484584    0.12266476]
[ 0.25858277  0.0584981   0.82182854  0.06751592  2.1989148   0.08059894
 -0.5094695  -0.06111258 -0.5388424  -1.7118778   0.52599114 -0.6258344
  0.6480198   0.08138815 -1.4703228   0.12200737]
[ 0.26821765  0.1276739   0.8672143  -0.0114267   2.1355076   0.1103162
 -0.5228114  -0.02606834 -0.4879302  -1.730491    0.5121058  -0.55155647
  0.58288693  0.06227989 -1.4631469   0.07222214]
[ 0.21386409  0.10532828  0.8099388   0.04797247  2.1796482   0.07380196
 -0.55145454 -0.01629418 -0.4563372  -1.7656193   0.57938063 -0.59976864
  0.60387325  0.07024001 -1.4853438   0.1366447 ]
[ 2.0747790e-01  8.0507375e-02  7.7873963e-01  8.6444594e-02
  2.2791567e+00 -1.1801362e-03 -5.2856159e-01 -8.1753395e-02
 -5.4656392e-01 -1.7495070e+00  6.3713592e-01 -6.6335988e-01
  6.0682517e-01  1.5165712e-01 -1.5098124e+00  2.0017323e-01]
[ 0.18834439  0.10584519  0.81244123  0.09084267  2.2444565   0.05826175
 -0.54388297 -0.08307773 -0.5496351  -1.7563655   0.5977075  -0.609288
  0.61768425  0.1408942  -1.4985763   0.12997925]
[ 0.15346965  0.06813462  0.81858194  0.06054235  2.2197964   0.10858183
 -0.5794806  -0.0188712  -0.48622543 -1.7448925   0.5446751  -0.5848412
  0.697068    0.06294714 -1.434951    0.05905387]
[ 0.1990829   0.08402379  0.757069    0.12240686  2.2801476   0.02114974
 -0.53202915 -0.08521763 -0.5447641  -1.7343134   0.6350723  -0.67552406
  0.6060608   0.12740824 -1.4976746   0.18458298]
[ 0.18666637  0.10880864  0.82039136  0.02230563  2.2426543   0.03777095
 -0.54777384 -0.04254258 -0.52875966 -1.7465534   0.6023997  -0.61992204
  0.5841015   0.1347996  -1.4419724   0.1341267 ]
[ 0.15069771  0.06052506  0.8566246   0.04832136  2.1947892   0.12483527
 -0.56057984 -0.01828435 -0.48603782 -1.7267666   0.5129401  -0.576836
  0.6549237   0.09124703 -1.418095    0.03487235]
[ 0.21891579  0.03469083  0.8077896   0.11811577  2.2331638   0.06341682
 -0.5138867  -0.08962832 -0.55827105 -1.6953533   0.5459542  -0.65009385
  0.6323441   0.15058528 -1.488909    0.1371504 ]
[ 0.2516045   0.10345946  0.8538666   0.0758049   2.152419    0.11192925
 -0.50961745 -0.07599375 -0.5162088  -1.7273538   0.51735175 -0.5890787
  0.60459626  0.11231478 -1.4873276   0.06685321]
[ 0.20980997  0.08485568  0.8746792   0.02240103  2.112831    0.16592321
 -0.54611266  0.01021666 -0.43406123 -1.7535007   0.4755408  -0.5520971
  0.6373164   0.04500265 -1.4462286   0.03676485]
[ 0.22825551  0.11279663  0.8500887   0.02430582  2.1579583   0.13561144
 -0.5382558  -0.0336729  -0.4525128  -1.745195    0.5141012  -0.55159533
  0.5985458   0.05246304 -1.4685166   0.06011238]
[ 0.24723694  0.10316809  0.7930298   0.06886856  2.2368808   0.03207795
 -0.5376566  -0.05081899 -0.53374785 -1.7384593   0.5772174  -0.6041945
  0.5634153   0.14120907 -1.525913    0.17537895]
[ 0.25068182  0.07121146  0.81774247  0.07642783  2.1622062   0.1078532
 -0.5518373  -0.01766028 -0.45854816 -1.7227843   0.51612294 -0.56400335
  0.6053852   0.0433686  -1.4975698   0.10650637]
[ 0.24237542  0.05329912  0.75497854  0.13758533  2.2600923  -0.00492463
 -0.5270678  -0.05780876 -0.5360186  -1.7038901   0.6179925  -0.64818096
  0.5732345   0.14132266 -1.5604856   0.2044528 ]
[ 0.22479339  0.06870297  0.8032854   0.07243843  2.227234    0.0604008
 -0.555986   -0.01817902 -0.4859802  -1.7244194   0.5269689  -0.57874286
  0.5982839   0.05738182 -1.492747    0.16394083]
[ 0.2192891   0.02891792  0.7378622   0.12016101  2.3131094  -0.05817071
 -0.54405344 -0.03861833 -0.54677206 -1.7164253   0.586198   -0.6482166
  0.6199992   0.16643873 -1.5332626   0.24295893]
[ 0.23832145  0.03192896  0.7230327   0.17565072  2.2797484  -0.00809323
 -0.52460766 -0.07308899 -0.5485886  -1.7087536   0.6060205  -0.66524553
  0.61285156  0.1586515  -1.5661151   0.21605201]
[ 0.2810479   0.08970286  0.7425326   0.08431066  2.2536051  -0.01723497
 -0.52940786 -0.03673553 -0.49192715 -1.7230679   0.6007126  -0.62762064
  0.5114484   0.11516748 -1.5541036   0.2517487 ]
[ 0.25049368  0.12052868  0.79836506  0.0567328   2.195869    0.04452587
 -0.55890596  0.00355019 -0.42394295 -1.7554207   0.5458075  -0.5571898
  0.53223777  0.06936587 -1.5308512   0.15656869]
[ 0.25963607  0.06306691  0.75301063  0.10354845  2.2711508  -0.03758769
 -0.53726256 -0.02707308 -0.47366533 -1.7351196   0.60465676 -0.64968526
  0.5176775   0.14916055 -1.583384    0.2718205 ]
[ 0.2564802   0.11105607  0.7672803   0.14282377  2.2394335   0.00274482
 -0.5260817  -0.07174037 -0.47468033 -1.7368199   0.61131316 -0.61477554
  0.5004393   0.15283266 -1.6196928   0.20730582]
[ 0.25664353  0.10294485  0.7661091   0.14160505  2.2187667   0.01631805
 -0.5347203  -0.03775413 -0.46785173 -1.7551435   0.60088193 -0.6058593
  0.5072134   0.13678427 -1.6252754   0.22739287]
[ 0.26080254  0.11194961  0.7933405   0.10526894  2.1981606   0.06379236
 -0.5499348  -0.03257609 -0.42039952 -1.7643715   0.5714606  -0.56575644
  0.5322485   0.05516173 -1.5752866   0.16275534]
[ 0.2596206   0.09927203  0.7237377   0.1800824   2.279664   -0.04122221
 -0.5186945  -0.07225461 -0.5232264  -1.7426592   0.67650354 -0.65097296
  0.4812336   0.16813678 -1.6399062   0.2694304 ]
[ 0.24994263  0.09626618  0.75122935  0.09581491  2.2619216   0.00671639
 -0.57523495 -0.02072328 -0.45673758 -1.7575216   0.6027844  -0.5944394
  0.5288852   0.0632084  -1.5361106   0.23340616]
[ 0.2512152   0.04193972  0.69489694  0.16804612  2.3359954  -0.10149632
 -0.5370885  -0.05891149 -0.55107516 -1.7256546   0.6587266  -0.6815659
  0.55180657  0.17429212 -1.5950922   0.324994  ]
[ 0.2532772   0.04144122  0.68889296  0.18300141  2.3251545  -0.06687443
 -0.5331899  -0.08016662 -0.54166925 -1.7241943   0.65512246 -0.68450433
  0.5413915   0.15935883 -1.5916961   0.32584432]
[ 0.25706062  0.08151765  0.7220334   0.11305823  2.315424   -0.06173491
 -0.5544485  -0.04193129 -0.5169639  -1.7417357   0.6294019  -0.6416034
  0.53073895  0.12927203 -1.5609022   0.29206195]
[ 0.25588346  0.06038215  0.7041236   0.15586594  2.3100727  -0.05729361
 -0.5545962  -0.03310319 -0.5056208  -1.7330987   0.63589513 -0.65311354
  0.5451408   0.13428366 -1.5992876   0.2845508 ]
[ 0.2639768   0.06546907  0.71941644  0.11580016  2.317893   -0.06989114
 -0.5528232  -0.02376568 -0.4814582  -1.726918    0.6192587  -0.6428114
  0.51363754  0.13481176 -1.5839497   0.28217155]
[ 0.26677328  0.08442629  0.73280203  0.15967937  2.2824154  -0.04841718
 -0.5222548  -0.05055105 -0.49857205 -1.7390888   0.6242457  -0.64223206
  0.51209885  0.16392577 -1.6384153   0.26254824]
[ 0.26203603  0.09994384  0.74096215  0.10982335  2.2787716  -0.0384334
 -0.54146975 -0.03773852 -0.46739435 -1.754041    0.63479775 -0.64080536
  0.5019429   0.14207771 -1.6054246   0.2647446 ]
[ 0.23351689  0.08956636  0.7583725   0.16206925  2.2715077  -0.00641314
 -0.53367656 -0.05328023 -0.4905427  -1.7470596   0.63217866 -0.62852275
  0.54391336  0.15217736 -1.6303669   0.19293563]
[ 0.22996092  0.0879453   0.7545381   0.15083922  2.2781463   0.00792452
 -0.5470787  -0.05069887 -0.487734   -1.7487671   0.6366674  -0.6205431
  0.5433773   0.12831114 -1.6091354   0.19263855]
[ 0.20203872  0.09270179  0.7952481   0.1036842   2.256082    0.05592917
 -0.56409246 -0.02022409 -0.47038555 -1.7525175   0.58371365 -0.57478595
  0.61508197  0.07370779 -1.5590173   0.10697246]
[ 0.21270017  0.07081047  0.7060386   0.16661938  2.3363197  -0.03728737
 -0.53389645 -0.08443902 -0.566486   -1.7262242   0.6743568  -0.6785304
  0.58085334  0.16321062 -1.560549    0.22457853]
[ 0.21149874  0.07483564  0.76028216  0.06821799  2.30877    -0.01649322
 -0.5559283  -0.0342417  -0.5325217  -1.7476923   0.6270247  -0.64616996
  0.6043135   0.13037749 -1.4904133   0.18579197]
[ 0.21581355  0.08348478  0.76699126  0.11132916  2.2731984   0.00702845
 -0.5288285  -0.06148617 -0.52850384 -1.7432836   0.6299926  -0.65681016
  0.5898949   0.14195637 -1.5290368   0.17502241]
[ 0.20396855  0.09004949  0.78946465  0.0456479   2.2677953   0.01890715
 -0.543691   -0.04419146 -0.51732093 -1.7529758   0.6104413  -0.63859445
  0.6119622   0.13468543 -1.4900198   0.16066363]
[ 0.2070638   0.09086476  0.8069536   0.0809357   2.2441344   0.06504401
 -0.5317876  -0.0714699  -0.5352159  -1.7315413   0.5682046  -0.6140647
  0.6401605   0.12756608 -1.4966345   0.09482634]
[ 0.22434664  0.07889284  0.8091737   0.06227748  2.2215068   0.07409995
 -0.52996504 -0.04090014 -0.5051572  -1.7280718   0.55948824 -0.6055021
  0.60354674  0.10738827 -1.5021889   0.11639695]
[ 0.22805206  0.11916502  0.8568934   0.02986265  2.1443906   0.14220998
 -0.5254394  -0.0349418  -0.45425206 -1.7271287   0.51608497 -0.55355173
  0.6038023   0.05824375 -1.4896101   0.02932631]
[ 0.24370642  0.09331803  0.80291796  0.06427898  2.2193618   0.04012823
 -0.52061653 -0.0512341  -0.5234954  -1.7335265   0.5807888  -0.6330098
  0.56045     0.13732281 -1.5030406   0.17007408]
[ 0.23892812  0.08111285  0.8796436   0.03600663  2.146329    0.14904778
 -0.53933036 -0.0319531  -0.47288528 -1.7313122   0.46732324 -0.5413119
  0.6246327   0.04875334 -1.4438646   0.03264538]
[ 0.23251781  0.03879658  0.8100071   0.12606737  2.2165418   0.05453753
 -0.521366   -0.0544669  -0.55369556 -1.7146698   0.5447036  -0.62242043
  0.641328    0.14565238 -1.5293055   0.13069387]
[ 0.21403542  0.05714132  0.8313774   0.04621755  2.1633136   0.1392977
 -0.55223805 -0.01705263 -0.4840792  -1.720197    0.48938507 -0.55920047
  0.6965779   0.03855416 -1.4639337   0.06445875]
[ 0.21154375  0.05021938  0.7639315   0.06671277  2.2886949   0.01622153
 -0.5436461  -0.03767818 -0.56524116 -1.6998552   0.5879571  -0.6134772
  0.65997016  0.12317215 -1.5130454   0.15018597]
[ 0.19510822  0.04776443  0.7852973   0.0731768   2.2531548   0.06533682
 -0.5517798   0.00232019 -0.4948117  -1.7085555   0.53126746 -0.5805003
  0.6631147   0.05252476 -1.4904059   0.10184324]
[ 0.22726378  0.04343408  0.752486    0.11507674  2.3134906  -0.04163546
 -0.49829525 -0.05633387 -0.57140714 -1.6756923   0.6053306  -0.66497725
  0.59641135  0.16376579 -1.5292296   0.16715242]
[ 0.187296    0.05392811  0.7954276   0.0772714   2.2572703   0.02822535
 -0.5389882  -0.04774734 -0.5504924  -1.7118086   0.60194916 -0.65619385
  0.6451884   0.1442109  -1.4704702   0.1301096 ]
[ 0.177098    0.02422497  0.8288661   0.03843899  2.2415912   0.05694799
 -0.5354365  -0.04115218 -0.5397922  -1.7048069   0.5312014  -0.62932175
  0.68739355  0.14128919 -1.4230225   0.0912721 ]
[ 0.20155749  0.0521576   0.8611439   0.08940344  2.164585    0.11745868
 -0.48718658 -0.07775343 -0.55145705 -1.7127358   0.47596377 -0.6051195
  0.686382    0.13934484 -1.457113    0.0472526 ]
[ 0.20641999  0.1083865   0.8676295   0.03290527  2.1050396   0.15131219
 -0.52246696 -0.03131463 -0.4680099  -1.764954    0.5201182  -0.5802663
  0.65345323  0.09068842 -1.4616208   0.03553884]
[ 1.9223967e-01  1.2253330e-01  8.9744920e-01  1.4848908e-02
  2.0825233e+00  2.1397777e-01 -5.3908253e-01 -1.7253995e-03
 -4.0871000e-01 -1.7644837e+00  4.7772425e-01 -5.2035916e-01
  6.1177361e-01  1.6522110e-02 -1.4349368e+00 -1.8501794e-02]
[ 0.20524314  0.10158076  0.8569067   0.02124882  2.133844    0.13822334
 -0.57259476  0.01324406 -0.41995913 -1.7530115   0.4850425  -0.51710576
  0.5775132   0.0519544  -1.434917    0.05775214]
[ 0.22738202  0.05447637  0.84460557  0.06433889  2.1487675   0.09098031
 -0.5532757   0.02695122 -0.42968577 -1.7300158   0.46606264 -0.54731584
  0.6085009   0.07677089 -1.4849981   0.08147   ]
[ 0.24213973  0.02399147  0.77636373  0.14221387  2.2192154   0.02620457
 -0.5049812  -0.05677938 -0.50484735 -1.7144092   0.56333745 -0.6474648
  0.60424614  0.1675455  -1.5693372   0.17879824]
[ 0.25547606  0.11391654  0.83541536  0.04474689  2.1730435   0.08616079
 -0.53711    -0.03497399 -0.45937663 -1.7469995   0.5116836  -0.5523449
  0.5502318   0.09997349 -1.5295591   0.13672316]
[ 0.20210609  0.09254759  0.82028943  0.07983385  2.1496825   0.11612768
 -0.57399166  0.0402188  -0.38931054 -1.7692789   0.50158155 -0.5165394
  0.6007492   0.05506436 -1.550452    0.08552305]
[ 0.21761715  0.08128537  0.8034889   0.11835696  2.2016482   0.07072435
 -0.5527336   0.00561083 -0.4202425  -1.7521086   0.5477711  -0.5578871
  0.5823518   0.07218907 -1.5840428   0.11016581]
[ 0.19696286  0.07576455  0.7531975   0.13306947  2.292726   -0.0198129
 -0.5527096  -0.03641581 -0.516182   -1.7249649   0.6331123  -0.6103664
  0.5605192   0.17537308 -1.5959358   0.18170628]
[ 0.18515237  0.05605941  0.8040658   0.07885274  2.2368407   0.07039687
 -0.58170587  0.01346192 -0.46611285 -1.7115886   0.51810443 -0.5413586
  0.63610446  0.08468742 -1.5129403   0.07393424]
[ 0.23926544 -0.00414814  0.7456504   0.17289057  2.2916622  -0.00463489
 -0.51008403 -0.0592263  -0.5437838  -1.6571484   0.5664029  -0.6641105
  0.6120912   0.17456459 -1.5867223   0.17344317]
[ 0.22279747  0.07058141  0.79800516  0.1302559   2.2292721   0.03705797
 -0.50079376 -0.07115557 -0.5278198  -1.6981182   0.57404435 -0.63281554
  0.6109235   0.14555529 -1.5502912   0.10703418]
[ 0.17869331  0.06678717  0.8622047   0.03384662  2.1963155   0.09795456
 -0.5432375  -0.0198045  -0.5117291  -1.7325699   0.53952056 -0.59163606
  0.653962    0.11392186 -1.461293    0.0599323 ]
[ 0.17824751  0.06938852  0.88890284  0.04433106  2.153196    0.18273094
 -0.5400207  -0.04427996 -0.4958449  -1.7188988   0.4710248  -0.54156375
  0.6922783   0.06279273 -1.4365953  -0.02464853]
[ 0.1917502   0.06530117  0.8034836   0.12234281  2.2250667   0.07087167
 -0.5100499  -0.08001007 -0.56415653 -1.707475    0.579067   -0.63453424
  0.6704358   0.15372492 -1.5168073   0.07406969]
[ 0.20130745  0.09336631  0.8523923   0.01983298  2.161164    0.15897416
 -0.5332157  -0.03141209 -0.48792404 -1.7436428   0.513873   -0.58412457
  0.67708105  0.02475934 -1.4069732   0.02789473]
[ 0.23127389  0.11908771  0.83258116  0.02342477  2.218943    0.0588194
 -0.5114201  -0.0711991  -0.5393669  -1.730579    0.57560265 -0.62461305
  0.5579392   0.11902531 -1.451762    0.13951278]
[ 0.22723694  0.10246938  0.85305214  0.02494051  2.1334634   0.11894657
 -0.54342854 -0.01940714 -0.46416816 -1.7370888   0.5069784  -0.5710678
  0.5883695   0.0661032  -1.4265747   0.08599247]
[ 0.25211304  0.0382981   0.80160964  0.07448222  2.2101543   0.02524659
 -0.5228149  -0.05321072 -0.524333   -1.7261736   0.55790854 -0.65594757
  0.6147343   0.1427517  -1.4808649   0.19387223]
[ 0.26141047  0.08235255  0.85096693  0.08727255  2.143502    0.09685224
 -0.5094721  -0.07160638 -0.5005926  -1.7438694   0.51888615 -0.59576637
  0.58049506  0.10983811 -1.5097672   0.14585796]
[ 0.20204124  0.09992661  0.8378046   0.04867147  2.1431727   0.13593419
 -0.5795628   0.0065249  -0.42734593 -1.7743146   0.48660868 -0.5336968
  0.61899555  0.04747104 -1.4717995   0.10561259]
[ 0.23812862  0.0900062   0.7832082   0.09411065  2.1959379   0.07205641
 -0.5560621  -0.00838031 -0.4331193  -1.7652605   0.5528843  -0.5674552
  0.5889293   0.04504573 -1.5358226   0.15224536]
[ 0.21734567  0.0994366   0.6978347   0.1143315   2.3171325  -0.06320266
 -0.55598944 -0.03791773 -0.49328494 -1.743913    0.6800844  -0.64027804
  0.5081275   0.1575742  -1.5884535   0.28125587]
[ 1.8344855e-01  9.8400481e-02  7.5843322e-01  8.5642070e-02
  2.2770467e+00  1.9497769e-02 -5.8602488e-01  5.7407317e-04
 -4.5557818e-01 -1.7411640e+00  5.9118789e-01 -5.6600070e-01
  5.5887413e-01  9.0841226e-02 -1.5308465e+00  1.6283906e-01]
[ 0.19171453  0.03018944  0.7075488   0.15063481  2.3441794  -0.06156894
 -0.5484299  -0.04481298 -0.51406676 -1.6964872   0.6460682  -0.6659845
  0.5848485   0.19595417 -1.6109838   0.23888569]
[ 0.2044297   0.05635991  0.74344814  0.20187418  2.287954   -0.00632903
 -0.5059041  -0.08719186 -0.5351969  -1.6941564   0.6109351  -0.64603764
  0.5637222   0.19326071 -1.6081142   0.16706495]
[ 0.18233694  0.07168698  0.79582965  0.14157529  2.223209    0.05195923
 -0.5235714  -0.04880627 -0.5135876  -1.7251524   0.5861511  -0.6050519
  0.60118467  0.16898555 -1.5589874   0.09578255]
[ 0.189531    0.08432428  0.8677966   0.05454918  2.1542943   0.14786144
 -0.5435699  -0.01216214 -0.44581634 -1.7457647   0.50394523 -0.54932135
  0.64213365  0.05900666 -1.4730595   0.00808979]
[ 0.21948028  0.07869772  0.7956644   0.12827584  2.2233863   0.05490456
 -0.50423014 -0.07493847 -0.5317257  -1.7249972   0.58769107 -0.63168
  0.5786856   0.16054979 -1.5454184   0.13089208]
[ 0.2195708   0.12161674  0.86222285  0.01421962  2.1386306   0.15494195
 -0.537233   -0.02661875 -0.45766848 -1.7468996   0.49122566 -0.5430514
  0.62288505  0.04336556 -1.439419    0.02626907]
[ 0.25871176  0.08839196  0.78364027  0.07848766  2.2250361   0.03599647
 -0.5098788  -0.04973782 -0.50247514 -1.7349354   0.58977306 -0.63494384
  0.5562246   0.12363932 -1.5362463   0.17551102]
[ 0.21405593  0.13956134  0.8432708   0.03633453  2.149016    0.13244222
 -0.5330534  -0.04482301 -0.44449097 -1.7545964   0.5420979  -0.55036366
  0.5986852   0.06679241 -1.5002023   0.04898287]
[ 0.22582969  0.10582964  0.78412807  0.08300038  2.2293892   0.02861139
 -0.53475845 -0.04713054 -0.51178724 -1.7491047   0.6094178  -0.62079126
  0.5525034   0.13847639 -1.5318031   0.18554455]
[ 0.2105523   0.08112887  0.83345616  0.07631324  2.1824107   0.10796247
 -0.56542045 -0.01226428 -0.44929916 -1.766373    0.52663255 -0.55537343
  0.64043117  0.05942315 -1.4921596   0.06626415]
[ 0.21184866  0.06222359  0.7768687   0.1536102   2.2473612   0.01530762
 -0.51948243 -0.0567381  -0.5351747  -1.7462332   0.6227473  -0.6366922
  0.614305    0.16306138 -1.5781611   0.14959791]
[ 0.20783958  0.0850881   0.8003832   0.04135858  2.2128112   0.08425703
 -0.5673196  -0.00867273 -0.47020102 -1.7626274   0.5492942  -0.5775692
  0.6118213   0.05100952 -1.4514595   0.1407986 ]
[ 0.214975    0.07863986  0.75090635  0.08771183  2.2848415  -0.02417214
 -0.5516478  -0.03869066 -0.5301731  -1.7386236   0.59875935 -0.63254005
  0.60501206  0.14451405 -1.5064876   0.20587549]
[ 2.20341563e-01  6.74090981e-02  7.57759631e-01  1.08931258e-01
  2.24013948e+00  4.87399113e-04 -5.40990472e-01 -2.18939092e-02
 -4.87832397e-01 -1.74877417e+00  5.99765599e-01 -6.43257797e-01
  5.79857171e-01  1.23388425e-01 -1.53413129e+00  2.27315187e-01]
[ 0.23021169  0.08636989  0.78375065  0.07251008  2.2305322   0.01058441
 -0.5431627  -0.02446883 -0.47246152 -1.731423    0.571925   -0.6047382
  0.529857    0.13698936 -1.5167204   0.18867509]
[ 0.2295384   0.09937011  0.7858368   0.13014613  2.1815658   0.02098208
 -0.543468   -0.00979981 -0.4476387  -1.7407717   0.5588404  -0.5787468
  0.521408    0.15612765 -1.5956213   0.17953067]
[ 0.2129385   0.04500754  0.82553005  0.10000372  2.1420197   0.09609083
 -0.5566101   0.03077745 -0.3880657  -1.7521722   0.47069365 -0.5288533
  0.60657847  0.07573218 -1.5335333   0.098603  ]
[ 0.24876317  0.09077371  0.782033    0.18812943  2.1949818   0.02789968
 -0.50073576 -0.06115314 -0.45875072 -1.7412202   0.57372445 -0.5878802
  0.5259207   0.18093225 -1.6651876   0.14702123]
[ 0.19942677  0.11653139  0.8183004   0.0737223   2.1557307   0.11235815
 -0.5707909   0.03998012 -0.37086177 -1.7786143   0.52114886 -0.51300085
  0.5706091   0.06077302 -1.5745847   0.0833136 ]
[ 0.20660777  0.08734398  0.7964831   0.11182753  2.2247577   0.07337534
 -0.5647601   0.00552963 -0.41481954 -1.7516483   0.55447114 -0.5441736
  0.58300906  0.0692144  -1.5826734   0.08916084]
[ 0.2341806   0.06585675  0.74821794  0.16891316  2.287248   -0.00975088
 -0.5258018  -0.04990771 -0.50686514 -1.7174234   0.6209918  -0.62856483
  0.5342909   0.1647465  -1.6310844   0.1912698 ]
[ 0.23140697  0.10532562  0.81875163  0.08222909  2.211621    0.06733759
 -0.55536044 -0.01415947 -0.44645023 -1.7376926   0.55438966 -0.5624205
  0.5595318   0.08561252 -1.5512915   0.09582075]
[ 0.24879661  0.04318424  0.7693219   0.1443865   2.2655478  -0.00988054
 -0.52181333 -0.05688849 -0.5362826  -1.7156426   0.5971226  -0.6666297
  0.5655678   0.17475197 -1.5611202   0.2071431 ]
[ 0.24397334  0.06095905  0.8067233   0.11119147  2.2277284   0.03961592
 -0.5278532  -0.05751181 -0.5134097  -1.7264779   0.5563354  -0.621467
  0.6039778   0.13883513 -1.5406862   0.14398956]
[ 0.22093062  0.06524269  0.8246771   0.0979299   2.2091937   0.0679595
 -0.5380732  -0.03578955 -0.5156306  -1.7501894   0.5361932  -0.59357256
  0.628672    0.1213756  -1.5283674   0.13484423]
[ 0.23030221  0.06897113  0.81448984  0.07834039  2.1621401   0.1252239
 -0.548378   -0.0143331  -0.46523112 -1.7361743   0.49703327 -0.55633676
  0.63640994  0.03574664 -1.4982084   0.11544905]
[ 0.22835779  0.07398271  0.72516394  0.10748927  2.2839437  -0.02277555
 -0.5513647  -0.02323874 -0.514215   -1.7163045   0.6309166  -0.621576
  0.57821864  0.12667821 -1.558665    0.20073588]
[ 0.21106856  0.05364656  0.7741286   0.08606618  2.247675    0.03538131
 -0.5703429   0.02736597 -0.4546937  -1.728265    0.5447443  -0.5817039
  0.6042004   0.05831545 -1.5158026   0.15478592]
[ 0.2041054   0.03574418  0.7410617   0.10158078  2.3252175  -0.07073896
 -0.54279983 -0.02147354 -0.5141579  -1.715615    0.6026715  -0.64434683
  0.5886649   0.17399393 -1.539205    0.22401193]
[ 0.18786865  0.05631404  0.75464696  0.15118417  2.2661488  -0.01294753
 -0.5289161  -0.05116706 -0.52664566 -1.7415962   0.60814464 -0.64311254
  0.63449687  0.20154767 -1.5743834   0.16429326]
[ 0.196595    0.08201819  0.785631    0.09186084  2.2384834   0.04473821
 -0.52607644 -0.04385556 -0.48737898 -1.7542149   0.58299994 -0.61603296
  0.60636413  0.15288532 -1.5393503   0.13091914]
[ 0.17575106  0.14839652  0.84091794  0.07469509  2.1756222   0.10344354
 -0.53617936 -0.03559809 -0.44787008 -1.7751099   0.5757551  -0.5592013
  0.5928657   0.11975043 -1.5595932   0.0490282 ]
[ 0.15101244  0.1150625   0.8439623   0.06290452  2.140036    0.15902802
 -0.56052434  0.02234624 -0.3986475  -1.764888    0.51894    -0.52625054
  0.5994965   0.05486381 -1.5004519   0.02553067]
[ 0.15244605  0.10458517  0.8583455   0.06448413  2.1667118   0.14211264
 -0.5467748  -0.02760722 -0.44373894 -1.7453381   0.5250067  -0.5384449
  0.6328503   0.08848347 -1.4871128  -0.00453354]
[ 0.12045082  0.08847453  0.81253564  0.1437737   2.1981015   0.06424002
 -0.52395725 -0.06961446 -0.5276653  -1.7522434   0.61002237 -0.61528075
  0.6502257   0.19109328 -1.530112    0.08258267]
[ 0.13061109  0.10459606  0.8868225   0.04893178  2.1066647   0.19554326
 -0.5397531  -0.04278638 -0.45818678 -1.7819456   0.4778367  -0.5376355
  0.6681655   0.06885539 -1.4027109   0.01826173]
[ 0.16842492  0.12357824  0.8471904   0.13107097  2.137701    0.107977
 -0.5083202  -0.08114326 -0.49821562 -1.7850406   0.57061577 -0.594093
  0.6143204   0.16775298 -1.512686    0.05395732]
[ 0.15705279  0.14253938  0.8772051   0.02944472  2.0645971   0.19569866
 -0.54988796  0.00575689 -0.37590507 -1.8001707   0.49642068 -0.5278994
  0.5848751   0.03381922 -1.4453948   0.05619701]
[ 0.19633172  0.14201564  0.85072213  0.03140248  2.0963116   0.14255206
 -0.5359297  -0.03082202 -0.39767092 -1.7701298   0.510916   -0.5323088
  0.53201896  0.0658698  -1.4550105   0.10028   ]
[ 0.19868417  0.14536782  0.785596    0.09655844  2.1671062   0.03671818
 -0.54013216 -0.03647801 -0.42971143 -1.7691942   0.5729734  -0.5787194
  0.49697024  0.15073624 -1.5503407   0.20319822]
[ 0.17805417  0.093491    0.8304083   0.10338199  2.1460412   0.12854695
 -0.54966736 -0.00649039 -0.36857563 -1.780125    0.48773703 -0.5331458
  0.5785026   0.08080634 -1.5434729   0.0999167 ]
[ 0.19898169  0.14849728  0.77575994  0.17355998  2.210259    0.06095651
 -0.5161511  -0.08444241 -0.44510752 -1.7614962   0.61107826 -0.56453526
  0.47892958  0.18461706 -1.6715996   0.1462389 ]
[ 0.18433242  0.13007855  0.80999976  0.08226086  2.1579394   0.14695826
 -0.5834363   0.01955695 -0.36369103 -1.7536074   0.5330328  -0.49371785
  0.501142    0.08269812 -1.6026653   0.09330396]
[ 0.22450897  0.10368915  0.78986466  0.1711543   2.1833863   0.09901018
 -0.54485905 -0.01773399 -0.3905199  -1.7248824   0.5371151  -0.523625
  0.4959878   0.09016248 -1.6699975   0.1212273 ]
[ 0.23923978  0.05913635  0.7371899   0.1950514   2.2587974  -0.04131204
 -0.5179515  -0.04883223 -0.512925   -1.7204235   0.63800067 -0.6388833
  0.5213127   0.19564664 -1.6415341   0.22440407]
[ 0.2352972   0.03969415  0.8105589   0.09788409  2.2140908   0.05103008
 -0.5700386   0.01147204 -0.45335752 -1.7331139   0.50460213 -0.5602557
  0.58426654  0.07492435 -1.5207407   0.16048464]
[ 0.27153364 -0.01169465  0.73371047  0.20390537  2.2773185  -0.04673069
 -0.5283518  -0.05298766 -0.5400144  -1.6839851   0.5464264  -0.6468622
  0.5716691   0.17534207 -1.5948102   0.27546418]
[ 0.30551404  0.01488224  0.74398077  0.172719    2.2148101  -0.01838793
 -0.52615917 -0.02828548 -0.5002763  -1.7042748   0.521948   -0.6307057
  0.5666288   0.12600121 -1.5882227   0.28041744]
[ 0.30533928  0.03914394  0.7548621   0.09549485  2.2176008  -0.02712828
 -0.5528843   0.01697261 -0.4406723  -1.7240957   0.5471231  -0.60514843
  0.5276824   0.09280501 -1.582716    0.28608972]
[ 2.6106530e-01  6.1324906e-02  7.5687796e-01  1.0603465e-01
  2.2379801e+00  3.7304760e-04 -5.6887805e-01  2.6784057e-02
 -4.1065177e-01 -1.7321047e+00  5.2383673e-01 -5.4452956e-01
  5.2529800e-01  7.8340411e-02 -1.6059859e+00  2.3347783e-01]
[ 2.7116793e-01  2.4330879e-02  6.9246811e-01  1.4733298e-01
  2.3281913e+00 -9.9285506e-02 -5.5402184e-01 -5.5762229e-04
 -4.6469697e-01 -1.7027010e+00  5.9406137e-01 -6.2737060e-01
  5.0709188e-01  1.6073632e-01 -1.6654708e+00  3.4040788e-01]
[ 0.27907544  0.04073949  0.686452    0.21280916  2.310051   -0.08161632
 -0.54238874 -0.02388024 -0.46641415 -1.7047606   0.6111038  -0.61696726
  0.48460326  0.16680531 -1.7124817   0.30693913]
[ 0.24289098  0.04416973  0.6953022   0.21070099  2.2940574  -0.06728884
 -0.5367402  -0.02243203 -0.46810263 -1.7170727   0.6390396  -0.62987536
  0.5016498   0.18425265 -1.7042164   0.28206232]
[ 0.22453824  0.06283545  0.7624753   0.1463072   2.2640073   0.00376914
 -0.5723317   0.01574013 -0.42572522 -1.7292658   0.55302155 -0.5493738
  0.524634    0.09647628 -1.6254133   0.19548945]
[ 0.21890274  0.00845001  0.69800776  0.21434803  2.331887   -0.07580888
 -0.5489494  -0.03590701 -0.5304186  -1.6939433   0.59846    -0.63573915
  0.59131086  0.20903869 -1.6569741   0.25567544]
[ 0.2410881  -0.01464924  0.7274374   0.21342047  2.2837505  -0.02756858
 -0.53354603 -0.02624106 -0.50353754 -1.6764505   0.55502915 -0.62810564
  0.60073525  0.1608105  -1.6430763   0.21777935]
[ 0.26984754  0.01862395  0.7380453   0.1759132   2.2617755  -0.01868671
 -0.52137065 -0.02803039 -0.49707446 -1.6714598   0.5623366  -0.61566037
  0.5411853   0.1498294  -1.633887    0.2159756 ]
[ 0.25657773  0.06301288  0.79782236  0.10010848  2.1904683   0.03972318
 -0.54545164  0.03060978 -0.4260141  -1.7103192   0.49680042 -0.5497321
  0.55079496  0.07317425 -1.5820515   0.16132212]
[ 0.27057475  0.01516992  0.7335559   0.15228388  2.2778268  -0.07159947
 -0.5084685  -0.01523429 -0.47172984 -1.690551    0.5679106  -0.64243394
  0.5313562   0.17345338 -1.6392734   0.26649374]
[ 0.22772792  0.06262217  0.7775036   0.16813271  2.2425714   0.00982216
 -0.52369684 -0.05198931 -0.47898307 -1.7409099   0.56609386 -0.6121228
  0.5907656   0.16061498 -1.6242516   0.17232487]
[ 0.22552891  0.10376718  0.76985645  0.1442062   2.2322829   0.02614637
 -0.5347076  -0.04045814 -0.46473703 -1.7594624   0.5910624  -0.59204787
  0.54950035  0.13827205 -1.6163323   0.17368908]
[ 0.23523231  0.11861841  0.8115118   0.07571119  2.18918     0.09173653
 -0.54988307 -0.00328976 -0.42269906 -1.7659594   0.53519875 -0.54387754
  0.5664154   0.05864144 -1.5563936   0.10518286]
[ 0.24183245  0.12116287  0.74275446  0.13078673  2.2636008  -0.0211661
 -0.53194886 -0.04266743 -0.4673935  -1.7481531   0.6811594  -0.63384175
  0.48988646  0.15360513 -1.6417325   0.20873272]
[ 0.22161095  0.09588658  0.81384784  0.07765084  2.23279     0.07054605
 -0.552236   -0.01772005 -0.44531345 -1.7456783   0.57802784 -0.5741843
  0.5458231   0.07053499 -1.5469544   0.12017392]
[ 0.22420697  0.05573276  0.7602972   0.13782907  2.3011937  -0.00572389
 -0.53571594 -0.0814728  -0.5435972  -1.7033228   0.62388664 -0.647071
  0.59829676  0.16307877 -1.5722451   0.17053303]
[ 0.20084724  0.01745904  0.76895696  0.13593826  2.2844453   0.01630613
 -0.53891003 -0.05912049 -0.5566789  -1.7065862   0.5992199  -0.65685034
  0.6753071   0.1455122  -1.5285696   0.14744213]
[ 0.2408979   0.03754106  0.77748203  0.11450324  2.2660136   0.03897128
 -0.51805806 -0.08514844 -0.5650209  -1.709327    0.57436365 -0.6541836
  0.6443417   0.12309866 -1.5011845   0.16223904]
[ 0.26224318  0.10182917  0.80355155  0.03956994  2.2260137   0.02325685
 -0.5356398  -0.04242038 -0.5321508  -1.7393248   0.58608955 -0.62046164
  0.55708855  0.11202588 -1.4822394   0.18883121]
[ 0.23770574  0.05568731  0.79794157  0.04099526  2.1869473   0.06613535
 -0.56223744  0.01485194 -0.46858463 -1.7319672   0.52907693 -0.5936965
  0.61571187  0.05838449 -1.4496703   0.14972046]
[ 2.3848028e-01  1.3569861e-03  7.6396543e-01  8.3721042e-02
  2.2734466e+00 -2.2144880e-02 -5.3964514e-01 -3.5100304e-02
 -5.5486304e-01 -1.6857510e+00  5.5757684e-01 -6.4074314e-01
  6.4566857e-01  1.4490545e-01 -1.4782205e+00  1.9514279e-01]
[ 0.23456511  0.01573783  0.79762137  0.0963423   2.2380998   0.01981179
 -0.54264396 -0.02441676 -0.5354029  -1.6851082   0.49859148 -0.594916
  0.65539384  0.13380864 -1.5104561   0.14958814]
[ 0.24877664  0.02664655  0.8164927   0.0713084   2.171524    0.0772062
 -0.54178405  0.00949911 -0.48567447 -1.6965395   0.4615217  -0.5717418
  0.6565998   0.07469142 -1.4794542   0.10666845]
[ 2.4048486e-01  5.6027364e-02  7.6448196e-01  1.5616009e-01
  2.2328086e+00 -1.1601001e-03 -5.2239227e-01 -3.6320694e-02
 -4.9918541e-01 -1.7199447e+00  5.9404695e-01 -6.2904948e-01
  5.7226086e-01  1.5066619e-01 -1.5807617e+00  1.6787741e-01]
[ 0.22958866  0.0573306   0.8706976   0.03763725  2.1639895   0.1059082
 -0.56323147  0.02681189 -0.44995633 -1.7317005   0.47524086 -0.5423684
  0.5709936   0.06010018 -1.4730495   0.1073312 ]
[ 0.21568727  0.04452129  0.82352865  0.0863439   2.1923356   0.07263534
 -0.56658804  0.00381769 -0.4553402  -1.7166967   0.4931182  -0.54243386
  0.6169114   0.08687506 -1.5171812   0.10743874]
[ 0.21479802 -0.01982787  0.74065894  0.18373539  2.2660193  -0.00883899
 -0.533072   -0.035474   -0.541987   -1.6823479   0.5472932  -0.63963795
  0.68363905  0.17244013 -1.572396    0.17074199]
[ 0.24893281  0.02453628  0.78388655  0.10955383  2.2442849   0.03837545
 -0.5277088  -0.03444094 -0.5150198  -1.7029349   0.52492267 -0.61159146
  0.637748    0.11475666 -1.534169    0.14494446]
[ 0.22880013  0.10290986  0.81029785  0.04220802  2.212566    0.03418615
 -0.5437918   0.00701821 -0.46519488 -1.7383282   0.55123216 -0.56626356
  0.5790124   0.12229939 -1.5538173   0.12240465]
[ 0.16828649  0.06248808  0.8147362   0.07482812  2.191405    0.08983886
 -0.5647639   0.04238685 -0.40276593 -1.7531242   0.5156749  -0.5382029
  0.64075744  0.06478021 -1.525223    0.06194391]
[ 0.1966653   0.05822013  0.7739646   0.11310995  2.295281   -0.0038334
 -0.5331137  -0.05154868 -0.53064114 -1.7067039   0.5997993  -0.6279595
  0.5729817   0.17643386 -1.5513268   0.16501892]
[ 0.17090264  0.0624683   0.80254287  0.13882679  2.2120662   0.06207594
 -0.5453507  -0.03752177 -0.5048846  -1.7001308   0.56143636 -0.5911227
  0.6373859   0.16182908 -1.5585523   0.07073766]
[ 0.18283227  0.02284201  0.8680867   0.0794467   2.13481     0.16012448
 -0.54852474  0.01122886 -0.45922917 -1.6971369   0.4540847  -0.5550371
  0.7022054   0.05534508 -1.4570872  -0.01325973]
[ 0.2422359   0.05166899  0.8383795   0.11576317  2.1874473   0.07395762
 -0.47608146 -0.09452729 -0.55090505 -1.6932938   0.5301857  -0.62992793
  0.62006545  0.16353214 -1.5041682   0.0695169 ]
[ 0.21397023  0.12410875  0.91444147 -0.02117068  2.0858665   0.17414626
 -0.5326435  -0.00395162 -0.44655198 -1.7387955   0.46649727 -0.5388383
  0.59998316  0.06161708 -1.4133012  -0.00227521]
[ 0.21139817  0.08651599  0.87244236  0.03505606  2.1089425   0.16406079
 -0.528146   -0.02077276 -0.442482   -1.7652575   0.48921782 -0.56376094
  0.65570563  0.05204996 -1.4550629   0.0433187 ]
[ 0.23272994  0.12687385  0.8349385   0.08699179  2.1753979   0.09231006
 -0.50740594 -0.09516984 -0.5142664  -1.7512786   0.5706241  -0.6004121
  0.55893064  0.12927686 -1.5181856   0.12451732]
[ 0.19045892  0.10372721  0.846978    0.04219493  2.1382098   0.14692494
 -0.5767354   0.00870928 -0.425131   -1.7698908   0.5142669  -0.53654605
  0.6205019   0.04622173 -1.4693314   0.06333087]
[ 0.21828108  0.07121047  0.8154023   0.08161585  2.192995    0.0940676
 -0.56003463 -0.01155143 -0.44884378 -1.7564723   0.54099375 -0.58182037
  0.6271078   0.04754578 -1.4907669   0.1050851 ]
[ 0.23306143  0.08455601  0.7544774   0.12781626  2.2784305  -0.0206282
 -0.52862656 -0.06512731 -0.5353307  -1.736689    0.626996   -0.6421388
  0.528273    0.15449852 -1.5497161   0.23923576]
[ 0.20447722  0.08507124  0.80112     0.04991793  2.2312894   0.05360604
 -0.5794231   0.00227146 -0.4639309  -1.7462559   0.53149384 -0.56844187
  0.61738     0.07895523 -1.4745401   0.12377198]
[ 0.22732289  0.02368936  0.73712295  0.11431225  2.2971294  -0.0344409
 -0.53333545 -0.03521328 -0.516656   -1.7178978   0.61019135 -0.6610492
  0.61429846  0.1632252  -1.5602757   0.21909948]
[ 0.23423171  0.07958453  0.7778624   0.11165302  2.2512374   0.02494377
 -0.5281038  -0.06034963 -0.5090633  -1.7186956   0.5745172  -0.6139967
  0.57188827  0.14228106 -1.5608797   0.16996022]
[ 0.2328128   0.0943356   0.79482555  0.07738395  2.221003    0.03024319
 -0.559318   -0.00306708 -0.47327012 -1.7443062   0.56626296 -0.5929682
  0.5412055   0.12240966 -1.5454584   0.185564  ]
[ 0.264666    0.05390651  0.8252946   0.11881258  2.1546626   0.07879668
 -0.5465166   0.01859758 -0.42448577 -1.7400955   0.4890581  -0.56009716
  0.5686331   0.05549584 -1.5577213   0.14700726]
[ 0.26231772  0.04021153  0.7675254   0.16599579  2.223167   -0.02368124
 -0.51677877 -0.0379699  -0.4977873  -1.7210109   0.58014643 -0.62484586
  0.5273778   0.1710831  -1.6028268   0.2350742 ]
[ 0.2367529   0.05945429  0.81524265  0.07543086  2.1671834   0.06197643
 -0.5676261   0.02681682 -0.42305675 -1.7335495   0.47218648 -0.5364171
  0.58067304  0.07523445 -1.5303944   0.16773964]
[ 0.28287542  0.02481165  0.7235455   0.14622135  2.2675614  -0.04738142
 -0.5349926  -0.01740357 -0.4755567  -1.7048976   0.5395861  -0.62171763
  0.54787266  0.14973596 -1.6169884   0.28774983]
[ 0.2899241   0.07226698  0.7377553   0.19759265  2.2193818  -0.01926794
 -0.51612264 -0.02331921 -0.45056352 -1.7288139   0.568318   -0.59516823
  0.4955477   0.13586453 -1.6757666   0.24101122]
[ 0.23920894  0.07924692  0.78923804  0.08887719  2.2023113   0.02611043
 -0.57741946  0.05427229 -0.38165945 -1.7590036   0.5486648  -0.54816425
  0.5130285   0.07581235 -1.5948699   0.19140747]
[ 2.3243177e-01  8.2437448e-02  7.5622290e-01  1.4770971e-01
  2.2501605e+00 -1.6807377e-03 -5.6696272e-01  8.9526298e-03
 -4.0706962e-01 -1.7462559e+00  5.7451123e-01 -5.5600613e-01
  4.9026585e-01  9.6172579e-02 -1.6403195e+00  2.2756875e-01]
[ 0.24633321  0.03867108  0.6850253   0.2227972   2.3189917  -0.08748752
 -0.5419704  -0.04403906 -0.49665222 -1.7115351   0.62968934 -0.64452523
  0.51269567  0.19951181 -1.6899643   0.3126499 ]
[ 0.23321812  0.02021307  0.70775443  0.219856    2.292791   -0.05082731
 -0.53792703 -0.02439131 -0.47268543 -1.7202322   0.60693485 -0.634676
  0.5834341   0.17125519 -1.6789305   0.23115662]
[ 0.24348131  0.05493007  0.7225852   0.19164516  2.2859223  -0.03632034
 -0.52631354 -0.04175647 -0.48057017 -1.721605    0.61665446 -0.6238589
  0.50755465  0.16013    -1.6548655   0.25068253]
[ 0.212872    0.10348828  0.7809002   0.08086418  2.22616     0.03093637
 -0.5813532   0.02290389 -0.42251068 -1.7635181   0.55044043 -0.5407632
  0.5685892   0.09604659 -1.5791906   0.16098997]
[ 0.25943178  0.04614217  0.7090691   0.15952332  2.281508   -0.07322056
 -0.5313896  -0.02064987 -0.48066697 -1.7215984   0.6221508  -0.6529559
  0.51082474  0.16128537 -1.6357067   0.31686538]
[ 0.23700175  0.0373319   0.7409481   0.1800456   2.259653   -0.0279607
 -0.5365621  -0.04072371 -0.47557792 -1.7149944   0.60411453 -0.6266434
  0.53810865  0.16514108 -1.6324946   0.24026425]
[ 0.2003725   0.05409061  0.78248847  0.13127196  2.2275395   0.00905571
 -0.5610407  -0.01799427 -0.47785527 -1.7322041   0.5829055  -0.58607614
  0.58794683  0.1552079  -1.593152    0.18315026]
[ 0.17041215  0.00713425  0.8040594   0.09965066  2.215561    0.06559703
 -0.5812269   0.02062535 -0.4523665  -1.721316    0.5120165  -0.5460414
  0.6590661   0.10768304 -1.5309317   0.11387046]
[ 0.20285329  0.04676889  0.7391679   0.17769466  2.2723298  -0.00643031
 -0.529877   -0.0744665  -0.5383886  -1.7031635   0.5778919  -0.62778676
  0.5952303   0.19734696 -1.5874349   0.20615916]
[ 0.18338124  0.0924909   0.75555444  0.13083605  2.2195544   0.01447465
 -0.5503596  -0.0157561  -0.47209448 -1.7304752   0.59277976 -0.5963894
  0.55621576  0.15974656 -1.5883291   0.19561212]
[ 0.15531603  0.04839533  0.820339    0.09245906  2.1718671   0.10901463
 -0.5723399   0.02398058 -0.41988048 -1.6915617   0.47284183 -0.51342237
  0.59387904  0.07787088 -1.4837112   0.05908997]
[ 0.20096764  0.01040308  0.7619201   0.17795864  2.2234988   0.00659655
 -0.5464424  -0.03652123 -0.50651073 -1.641255    0.5366268  -0.6027668
  0.54417646  0.19963267 -1.5746421   0.19358604]
[ 0.20909695 -0.0160101   0.8650913   0.12451472  2.1003098   0.12049216
 -0.5461936   0.02985608 -0.44239038 -1.6487634   0.38055193 -0.5249533
  0.65843904  0.09299859 -1.5044228   0.04446258]
[ 0.24673113 -0.0434675   0.82341415  0.21621504  2.146748    0.05960144
 -0.44879404 -0.08189037 -0.53753394 -1.6400753   0.48744297 -0.62677187
  0.6450402   0.22402695 -1.6179574   0.08913332]
[ 2.2270307e-01  6.8605840e-02  9.3878233e-01  7.3423446e-03
  2.0371954e+00  2.5275415e-01 -5.1542693e-01 -3.9657354e-04
 -4.1155013e-01 -1.6865416e+00  3.4618443e-01 -4.6278149e-01
  6.2803566e-01  3.4342982e-02 -1.4529500e+00 -6.5363884e-02]
[ 0.199494    0.11153855  0.8236734   0.05636061  2.1436315   0.11850985
 -0.56976616  0.0169228  -0.41517884 -1.7721024   0.5249992  -0.5309216
  0.5994833   0.06340023 -1.5176357   0.0921985 ]
[ 0.21134381  0.09209302  0.80116826  0.09910268  2.2023423   0.06787182
 -0.54607576 -0.01931463 -0.43846226 -1.7592862   0.57361525 -0.58074343
  0.57115793  0.06878213 -1.5427258   0.14470892]
[ 0.1823852   0.08979709  0.7523462   0.13395366  2.2921243  -0.01898712
 -0.54735965 -0.07174432 -0.5395137  -1.7255344   0.65943885 -0.6362102
  0.5468315   0.18017356 -1.5668291   0.21647239]
[ 0.15687011  0.04045609  0.79999495  0.08663651  2.2418616   0.07641915
 -0.5874235  -0.01815813 -0.5023688  -1.6919935   0.5205127  -0.5614454
  0.6641138   0.0902559  -1.4628417   0.09187922]
[ 0.21775112 -0.03877912  0.743509    0.17707427  2.3001943   0.00417637
 -0.51840574 -0.08437811 -0.5827173  -1.6308972   0.54544675 -0.6778833
  0.6591384   0.17898992 -1.5311781   0.18480125]
[ 0.25534636  0.06350684  0.79434097  0.14370278  2.2006783   0.04204693
 -0.48126525 -0.10148533 -0.561637   -1.671459    0.5542502  -0.63682735
  0.576168    0.16506094 -1.5276222   0.13131686]
[ 0.24362826  0.065523    0.8847736   0.05291268  2.1060135   0.13752086
 -0.52736354 -0.0086736  -0.4856983  -1.703579    0.45100385 -0.57409084
  0.56396985  0.08575845 -1.4470919   0.10134034]
[ 0.25111303  0.05113932  0.86940706  0.06067589  2.1235406   0.12033075
 -0.55334914 -0.02024517 -0.45967427 -1.7416351   0.4585015  -0.5464371
  0.60873544  0.05368371 -1.4404973   0.11074652]
[ 0.24107914  0.01063077  0.7815124   0.15482338  2.2013106   0.02145729
 -0.5312627  -0.05377708 -0.5412411  -1.7174526   0.54474914 -0.6160151
  0.6230475   0.16342263 -1.54828     0.21313763]
[ 2.5960124e-01  3.4444176e-02  8.0934417e-01  5.4351591e-02
  2.1590092e+00  1.0342344e-01 -5.7140148e-01 -2.1293133e-03
 -4.6251410e-01 -1.7300060e+00  4.6482697e-01 -5.4700154e-01
  6.3580984e-01  3.5496507e-02 -1.4737276e+00  1.7836745e-01]
[ 0.25297922  0.04275296  0.7020067   0.11108895  2.2910657  -0.04055192
 -0.5644104  -0.02412745 -0.5112314  -1.7078797   0.5917952  -0.6165118
  0.5758167   0.12705132 -1.5748075   0.29576403]
[ 0.22278419  0.0486716   0.7127545   0.1197891   2.283128   -0.02293052
 -0.57439595  0.02268973 -0.442662   -1.7169994   0.57133126 -0.5864986
  0.5387322   0.06705563 -1.5634333   0.27034315]
[ 0.22543359  0.02481918  0.67008686  0.14621754  2.357517   -0.13055968
 -0.56017977 -0.01704102 -0.49914336 -1.6770607   0.63079613 -0.65274847
  0.49447674  0.18278651 -1.6079706   0.36560592]
[ 0.22266679 -0.00266415  0.6909002   0.21690981  2.3002725  -0.08841554
 -0.55750996 -0.01988452 -0.49066657 -1.6573938   0.5830137  -0.637005
  0.53101444  0.2023197  -1.650737    0.30757135]
[ 0.22458649 -0.05841949  0.716339    0.22827485  2.2874966  -0.07803984
 -0.53440946 -0.01734837 -0.48675686 -1.641938    0.5285535  -0.6468818
  0.58751506  0.22276866 -1.6495428   0.26658535]
[ 2.7382955e-01  9.8458526e-04  8.0470926e-01  2.4709487e-01
  2.1710184e+00  2.0712262e-02 -4.6034884e-01 -6.0491424e-02
 -4.9220505e-01 -1.6732216e+00  4.7342071e-01 -5.8573586e-01
  5.7075602e-01  2.1470055e-01 -1.6924098e+00  1.3158712e-01]
[ 0.2565102   0.08997862  0.8408661   0.11346932  2.0860455   0.13672319
 -0.52744323  0.03332432 -0.38049674 -1.7282528   0.43355256 -0.49221888
  0.5288987   0.06453809 -1.6025002   0.09189361]
[ 0.2535962   0.07901032  0.8247026   0.1034288   2.1422627   0.0902881
 -0.5614147   0.04956694 -0.34877902 -1.7516304   0.48329598 -0.5169457
  0.52072924  0.03667444 -1.5841066   0.12492722]
[ 0.2733644   0.0805057   0.7419367   0.16055882  2.2505307  -0.0351449
 -0.540311   -0.01415998 -0.4262744  -1.7424772   0.6163414  -0.6146468
  0.46435195  0.13677152 -1.6756808   0.27328688]
[ 2.1869025e-01  8.7032124e-02  7.8856307e-01  1.1643000e-01
  2.2400451e+00  2.4553400e-02 -5.6651181e-01  1.1799276e-03
 -4.1893396e-01 -1.7510189e+00  5.5582559e-01 -5.4826313e-01
  5.5310589e-01  9.4579339e-02 -1.6154406e+00  1.6637722e-01]
[ 0.24257834  0.04374707  0.69928247  0.20609649  2.3197951  -0.0560797
 -0.53634393 -0.06279596 -0.51656973 -1.7165201   0.6196016  -0.6410979
  0.5476448   0.18562257 -1.6604936   0.27480668]
[ 0.2640263   0.08184922  0.73625386  0.16862527  2.2661617  -0.01796429
 -0.5314226  -0.0511034  -0.47698808 -1.7330925   0.621106   -0.62959397
  0.51056325  0.14257868 -1.6446224   0.24195306]
[ 0.27135563  0.10712333  0.7323383   0.16245803  2.2408595  -0.0369064
 -0.53515834 -0.0245777  -0.45041203 -1.7487113   0.6596998  -0.6294899
  0.44473273  0.1380882  -1.653912    0.27137536]
[ 0.25412473  0.0762363   0.78884536  0.09265722  2.2326891   0.01472638
 -0.57381743  0.00493964 -0.4308197  -1.7487986   0.5635395  -0.5752999
  0.5011931   0.07512837 -1.5501882   0.22359638]
[ 0.26909143  0.02855246  0.72186714  0.1913626   2.2947464  -0.07041065
 -0.53653896 -0.06164742 -0.5184629  -1.7091949   0.59971267 -0.65006846
  0.5383075   0.17224762 -1.6234381   0.3044207 ]
[ 0.24336056  0.01908485  0.7006268   0.19950548  2.3009768  -0.05165552
 -0.5344084  -0.06407841 -0.5215853  -1.7117592   0.61018616 -0.66177505
  0.60604817  0.17389175 -1.6257244   0.26616123]
[ 0.2438035   0.08298788  0.7238445   0.14931329  2.2901733  -0.01390917
 -0.53818405 -0.06403862 -0.5044561  -1.7383169   0.6276451  -0.6328434
  0.55366313  0.12561393 -1.5946602   0.23812132]
[ 0.21146396  0.1087183   0.7324929   0.08017018  2.2964027  -0.03071983
 -0.5787293  -0.00360986 -0.47719002 -1.7567432   0.6628263  -0.6079162
  0.53344965  0.12690756 -1.5739977   0.22440302]
[ 0.19444074  0.08029512  0.7546529   0.11212094  2.2939715   0.00887606
 -0.57745486 -0.00489106 -0.44809002 -1.748215    0.6241504  -0.5937934
  0.56658655  0.08442228 -1.5624377   0.16117445]
[ 0.18952462  0.03897395  0.7248517   0.15886965  2.3637314  -0.05146341
 -0.53531516 -0.08334855 -0.5753244  -1.7014462   0.66927034 -0.6769419
  0.6016797   0.1963805  -1.580609    0.20768794]
[ 1.8164198e-01  5.2407704e-02  7.5900054e-01  1.2989311e-01
  2.3246052e+00  2.3218468e-03 -5.3955632e-01 -9.2244975e-02
 -5.8279133e-01 -1.6965759e+00  6.2654781e-01 -6.5698254e-01
  6.3844240e-01  1.7556676e-01 -1.5221560e+00  1.4544354e-01]
[ 0.17768517  0.02775827  0.79987967  0.0992297   2.2742426   0.05750646
 -0.52971464 -0.0627693  -0.5677315  -1.6950614   0.5648023  -0.65117407
  0.7020979   0.14765322 -1.484828    0.08403639]
[ 0.16673721  0.06928844  0.8413779   0.06625701  2.2269225   0.10249145
 -0.5170507  -0.08471679 -0.57241327 -1.7173898   0.5569078  -0.62646616
  0.7132637   0.13000669 -1.4405799   0.02771076]
[ 0.17929617  0.0813372   0.8797293   0.0023182   2.1759796   0.14078826
 -0.52858317 -0.0419847  -0.5512644  -1.7240463   0.51036334 -0.5913146
  0.6587583   0.10556438 -1.3896077   0.03621603]
[ 0.19952573  0.05234503  0.92533684 -0.00773007  2.0742867   0.22886345
 -0.5310188   0.00273554 -0.46398705 -1.698658    0.38477904 -0.52110004
  0.7063957   0.01298827 -1.3552183  -0.06844158]
[ 0.24055798  0.0359355   0.8375765   0.06297     2.171115    0.08448914
 -0.51400584 -0.04140296 -0.5484401  -1.6894605   0.5108913  -0.62684643
  0.65116215  0.12173054 -1.4445225   0.09306323]
[ 0.22243913  0.01061271  0.9070163  -0.02284618  2.1029637   0.18102315
 -0.5281059   0.01165365 -0.47788674 -1.6930367   0.3899241  -0.5383996
  0.72725993  0.02611031 -1.3566406  -0.01995843]
[ 0.22423267  0.04287883  0.8597636   0.0174079   2.1910288   0.07885882
 -0.5174239  -0.02209484 -0.5151459  -1.6998017   0.46876898 -0.581005
  0.68532526  0.12274702 -1.4757596   0.06437796]
[ 0.17213881  0.05572006  0.8693228   0.02996229  2.1393075   0.17408015
 -0.5462841   0.01143195 -0.45548338 -1.7512646   0.45715705 -0.5367055
  0.7483652   0.04761755 -1.4473343  -0.0273327 ]
[ 0.20216414  0.09783444  0.83465326  0.06559212  2.2210798   0.08099835
 -0.5301506  -0.02532964 -0.49969333 -1.7482803   0.5572718  -0.5917013
  0.6132216   0.11440808 -1.520269    0.07184451]
[ 0.15949817  0.09993359  0.8743868   0.0275283   2.1697      0.1467157
 -0.57580197  0.02496582 -0.4432699  -1.7563607   0.5135773  -0.5248509
  0.64592326  0.0554332  -1.4571036  -0.0193276 ]
[ 0.16693918  0.03896032  0.85553837  0.05213166  2.1919792   0.12169638
 -0.55939543  0.01080663 -0.48561034 -1.7078842   0.50186896 -0.5719546
  0.6800917   0.0765562  -1.4432306   0.0131765 ]
[ 2.2704212e-01  5.3397415e-04  8.2011575e-01  9.1994047e-02
  2.2326410e+00  5.9413683e-02 -5.0591600e-01 -7.2989926e-02
 -5.7622796e-01 -1.6522348e+00  5.0104409e-01 -6.4250213e-01
  6.6090572e-01  1.5444583e-01 -1.4536905e+00  1.0075774e-01]
[ 0.257361    0.04396315  0.8745316   0.06806241  2.1315951   0.10981724
 -0.48897132 -0.05571083 -0.5331286  -1.6742592   0.44389313 -0.59665847
  0.6446738   0.11654384 -1.4495729   0.05244345]
[ 0.260499    0.05746553  0.9072665   0.02133108  2.0626502   0.15905075
 -0.5025464  -0.0102928  -0.46428782 -1.7392387   0.4458453  -0.5781027
  0.65438414  0.07510574 -1.4438677   0.03780616]
[ 0.24466038  0.12308098  0.92632216  0.01168089  2.0378194   0.21471882
 -0.5093217  -0.01589272 -0.40256304 -1.7625806   0.44782576 -0.51233625
  0.5721601   0.02114822 -1.4623306   0.00822071]
[ 0.18801151  0.12044275  0.86977977  0.02046866  2.1215854   0.16435006
 -0.58388805  0.01246746 -0.42234778 -1.7830918   0.47937626 -0.5063625
  0.6089319   0.04519801 -1.4458987   0.05562761]
[ 0.24161124  0.06668847  0.79831314  0.08164614  2.1670532   0.08919786
 -0.5621048   0.0045316  -0.42618895 -1.7581222   0.5115361  -0.553254
  0.6123351   0.03011387 -1.502989    0.14618476]
[ 0.26069617  0.07007951  0.7137861   0.14980716  2.276629   -0.03405867
 -0.5356992  -0.05497835 -0.49991265 -1.700621    0.6331004  -0.6365134
  0.5107531   0.14145747 -1.603667    0.25832927]
[ 0.24161804  0.08704252  0.7642081   0.07662815  2.2369313   0.0160964
 -0.5662376   0.01187943 -0.4464411  -1.726263    0.5586188  -0.5691581
  0.53860354  0.07164256 -1.5409209   0.194122  ]
[ 0.2608799   0.03255869  0.71295357  0.12515438  2.3120446  -0.08830108
 -0.5416683  -0.02990385 -0.49119553 -1.6975777   0.6133673  -0.6572012
  0.5147154   0.16598609 -1.5944064   0.31387293]
[ 0.24323842  0.05213203  0.7340452   0.19030502  2.2699375  -0.04355776
 -0.51744187 -0.07165381 -0.52045375 -1.7277228   0.6141553  -0.6514164
  0.55394393  0.19818854 -1.623566    0.24842915]
[ 0.24286029  0.08470234  0.7446047   0.16858177  2.2381196  -0.00936661
 -0.52875763 -0.05601026 -0.48376042 -1.7514353   0.6166738  -0.62732685
  0.50733083  0.15527633 -1.6205151   0.26828972]
[ 0.2055575   0.10385863  0.79663193  0.09527174  2.2052312   0.07330237
 -0.57766956 -0.0069309  -0.43858853 -1.7736244   0.5433735  -0.53672236
  0.59040594  0.07022316 -1.5362597   0.1320388 ]
[ 0.23954514  0.05705737  0.7125389   0.18185087  2.275189   -0.03993509
 -0.5490573  -0.03000931 -0.49818373 -1.7291069   0.63031137 -0.63166076
  0.52524865  0.14938673 -1.6225659   0.27855465]
[ 2.27467731e-01  5.16411662e-02  7.48714566e-01  1.10284664e-01
  2.25860524e+00 -1.65377406e-03 -5.81075668e-01  2.22077630e-02
 -4.25605863e-01 -1.73524320e+00  5.59656203e-01 -5.65818965e-01
  5.69724917e-01  7.88776129e-02 -1.56310999e+00  1.92924663e-01]
[ 0.23743889  0.0531619   0.70579207  0.18152782  2.30529    -0.06802761
 -0.52951735 -0.05131916 -0.5269218  -1.7165663   0.63553417 -0.6535511
  0.53716946  0.18562129 -1.625584    0.2794894 ]
[ 0.24259846  0.04692108  0.7320249   0.1231418   2.2911904  -0.0540232
 -0.5473245  -0.01608961 -0.46902242 -1.7190473   0.59663963 -0.6359501
  0.51642674  0.15935257 -1.5977185   0.28116605]
[ 0.25287527  0.0763656   0.7448847   0.19612977  2.2295218  -0.01559635
 -0.52129084 -0.04591691 -0.46907443 -1.7309872   0.5793883  -0.61218065
  0.5067307   0.1642609  -1.6404898   0.23417382]
[ 0.2368118   0.07972104  0.7527056   0.14877489  2.2073445  -0.00390692
 -0.5411395  -0.01309432 -0.43663654 -1.7561461   0.5983201  -0.60287046
  0.51700836  0.15081257 -1.6321661   0.24259463]
[ 2.29010195e-01  9.76099968e-02  8.02258193e-01  1.06295146e-01
  2.17751646e+00  6.99893981e-02 -5.57536423e-01 -1.90498529e-03
 -3.96746814e-01 -1.75294876e+00  5.18066585e-01 -5.23761392e-01
  5.26877999e-01  7.85192251e-02 -1.57567883e+00  1.49170682e-01]
[ 0.23988965  0.07982774  0.7157949   0.19845088  2.2499247  -0.03265449
 -0.5453396  -0.03283203 -0.46850795 -1.7320096   0.60525006 -0.59989434
  0.4980556   0.17794882 -1.6666962   0.26198286]
[ 0.25782746  0.07045223  0.7765774   0.14156668  2.1929884   0.03574046
 -0.5614071   0.02715474 -0.3900029  -1.7528435   0.5304336  -0.54772216
  0.52780414  0.0629243  -1.6132644   0.18894705]
[ 0.2601934   0.05954818  0.69349605  0.21582048  2.2765918  -0.07609238
 -0.51564705 -0.04142924 -0.45841676 -1.7331169   0.6523546  -0.6425539
  0.472289    0.18650475 -1.7027146   0.3025592 ]
[ 0.23680568  0.10217653  0.7716288   0.09735235  2.2354343   0.0133698
 -0.5711566   0.00887915 -0.411407   -1.7694788   0.5532412  -0.5451179
  0.50532746  0.08375795 -1.5878961   0.22637725]
[ 0.22791326  0.04056235  0.6825127   0.18723336  2.322231   -0.08936386
 -0.5602212  -0.02228296 -0.46773133 -1.7309086   0.64131916 -0.6409711
  0.5324768   0.18753839 -1.672712    0.31244335]
[ 0.23358479  0.04537132  0.70984536  0.22523484  2.2909756  -0.04159772
 -0.53340125 -0.03312459 -0.45644897 -1.7277243   0.6220954  -0.62526315
  0.53527945  0.16904366 -1.6989654   0.23210678]
[ 0.24685812  0.07430673  0.7260293   0.1707749   2.2779298  -0.03445653
 -0.5374016  -0.02196003 -0.45561105 -1.7289985   0.61650634 -0.606065
  0.48925704  0.1515429  -1.6660328   0.24558966]
[ 0.2397654   0.09240988  0.7792901   0.10111284  2.234982    0.01744683
 -0.57877433  0.01972006 -0.4168524  -1.748146    0.54350644 -0.54473317
  0.5271046   0.09127919 -1.578392    0.16778684]
[ 0.26778388  0.02533911  0.7154223   0.19805177  2.275407   -0.05863653
 -0.5199778  -0.03835197 -0.48642206 -1.7072424   0.61381525 -0.66362625
  0.5097256   0.1876111  -1.6551116   0.28546166]
[ 0.27507195  0.07022122  0.771608    0.1514439   2.2344277  -0.01428914
 -0.5251976  -0.04027736 -0.4573347  -1.7217762   0.5838028  -0.6210091
  0.49842858  0.15498836 -1.6409826   0.22894676]
[ 0.26075798  0.08563784  0.78718317  0.14411798  2.218796    0.02274254
 -0.5408645  -0.03393375 -0.47025532 -1.7399927   0.56224    -0.58753556
  0.5236444   0.13618831 -1.6295077   0.2083123 ]
[ 0.2758538   0.05528097  0.7976173   0.12338557  2.1852446   0.07153312
 -0.55768186 -0.00316499 -0.43453676 -1.7230749   0.4958747  -0.54496163
  0.57429457  0.04927455 -1.5820916   0.16374001]
[ 0.26899415  0.04539974  0.70408136  0.1950163   2.283692   -0.05450869
 -0.53210235 -0.0433296  -0.4985517  -1.7089646   0.6349682  -0.63826513
  0.531114    0.15917224 -1.658973    0.26041013]
[ 0.24464937  0.0694155   0.76313365  0.09444441  2.2629545   0.00811435
 -0.56635964  0.00239588 -0.44386396 -1.7406527   0.5847859  -0.58866054
  0.55412555  0.07039984 -1.5809975   0.21372128]
[ 0.22048125  0.04080576  0.7201975   0.12088998  2.366681   -0.08735251
 -0.5617188  -0.03601791 -0.5385455  -1.7177662   0.6466404  -0.65281534
  0.57822466  0.16996923 -1.5892185   0.26854357]
[ 0.22337577  0.01855703  0.69621366  0.19854707  2.3458328  -0.05253528
 -0.5470964  -0.06729023 -0.57124156 -1.6940641   0.6286649  -0.66354257
  0.6007801   0.17398204 -1.591185    0.24949607]
[ 0.22356789  0.02209662  0.7378801   0.13840398  2.3114994  -0.02639813
 -0.5436982  -0.04435918 -0.53424245 -1.7012072   0.6059351  -0.6601201
  0.6200347   0.1429871  -1.5533857   0.20830448]
[ 0.21736822  0.06183221  0.7580124   0.12394476  2.2825122  -0.01629987
 -0.53132546 -0.04987696 -0.537664   -1.7182055   0.617033   -0.6522995
  0.576519    0.14798129 -1.5378084   0.20592909]
[ 0.22362144  0.05510412  0.7870274   0.06175117  2.2560928   0.00583571
 -0.55480444 -0.01761003 -0.52075064 -1.7048149   0.5530629  -0.6213933
  0.57606995  0.13248706 -1.488581    0.20575432]
[ 0.22383063  0.02349525  0.7848365   0.14191006  2.2367473   0.00671049
 -0.5408331  -0.03125381 -0.5089863  -1.6977456   0.5269545  -0.6178074
  0.6321095   0.15293482 -1.5486465   0.1623536 ]
[ 0.22131458  0.00353324  0.793891    0.17028053  2.2049387   0.04790849
 -0.4971748  -0.04068894 -0.50324726 -1.6990935   0.5337284  -0.6188566
  0.6463247   0.15370992 -1.5911207   0.11797764]
[ 0.20280237  0.10920677  0.8403945   0.03073516  2.1593256   0.13530484
 -0.54688936 -0.0171698  -0.4401433  -1.7468865   0.5001117  -0.5318111
  0.61066806  0.05410087 -1.4678402   0.0525677 ]
[ 0.19523452  0.104425    0.7800222   0.07846065  2.2364073   0.01858253
 -0.56319463 -0.00271558 -0.47679177 -1.7541666   0.5918929  -0.5940442
  0.5791208   0.14374135 -1.5470724   0.15661451]
[ 0.20437984  0.07647087  0.8240684   0.08967081  2.1827407   0.09939884
 -0.55001295  0.00340657 -0.4183724  -1.7564255   0.54062647 -0.5609333
  0.60405976  0.05908307 -1.5302869   0.07541119]
[ 0.22334036  0.10555492  0.7707409   0.14013276  2.250919    0.00911702
 -0.5102544  -0.07303232 -0.5051637  -1.7285925   0.6303878  -0.62673485
  0.50469667  0.17016341 -1.5943004   0.17969947]
[ 0.20254084  0.12660174  0.83389395  0.05114293  2.1589108   0.10215949
 -0.55958635 -0.00446408 -0.43229246 -1.75348     0.5203146  -0.54082304
  0.5690194   0.08009441 -1.4909203   0.08240262]
[ 0.22105372  0.04341137  0.7904594   0.12485246  2.217522    0.02482799
 -0.52775866 -0.04021313 -0.48911947 -1.7310413   0.5702865  -0.63453597
  0.6061217   0.15458667 -1.5523093   0.16787592]
[ 0.21266003  0.08981436  0.8193868   0.13047476  2.1888855   0.0643947
 -0.5090598  -0.07637616 -0.48593688 -1.7519239   0.58996665 -0.6089204
  0.5911154   0.16432948 -1.5819378   0.10671534]
[ 0.18278584  0.13198122  0.85307646  0.03999822  2.14199     0.16338967
 -0.56404793 -0.00877911 -0.43050748 -1.7775999   0.5054887  -0.51988494
  0.5958059   0.0482725  -1.4770092   0.05946749]
[ 0.18503511  0.08190878  0.8093918   0.08278259  2.203133    0.09718472
 -0.57871354 -0.002547   -0.4492019  -1.763129    0.5489634  -0.5614041
  0.6459123   0.05918228 -1.4942791   0.07968637]
[ 0.22203818  0.0681368   0.74059546  0.16259225  2.271881   -0.00843314
 -0.5260534  -0.05005885 -0.5083441  -1.729484    0.6375374  -0.654251
  0.54120797  0.14338042 -1.5877917   0.22458155]
[ 0.22598639  0.1092612   0.8058826   0.05970376  2.1999745   0.05410116
 -0.5529321  -0.01540549 -0.45662642 -1.7482631   0.5504579  -0.5717807
  0.53039026  0.07729679 -1.4939206   0.17411447]
[ 0.25593895  0.06484854  0.7516321   0.11400908  2.243063   -0.04741182
 -0.544491   -0.02997342 -0.5011501  -1.7321825   0.5816814  -0.641075
  0.5319327   0.16748121 -1.5408139   0.27769852]
[ 0.24707118  0.03045464  0.7593897   0.16433427  2.2082295  -0.00270087
 -0.52079713 -0.04062238 -0.47452173 -1.7297361   0.5715873  -0.64261776
  0.56168914  0.17104025 -1.5949627   0.24039474]
[ 0.26262268  0.10994089  0.80176604  0.12478118  2.1619627   0.0493873
 -0.52318734 -0.04185529 -0.43728346 -1.7566541   0.5439681  -0.566939
  0.49406418  0.12627733 -1.6006315   0.19993678]
[ 0.2048069   0.11503749  0.7879444   0.0881253   2.1574242   0.0880333
 -0.59108746  0.04414443 -0.3648942  -1.787693    0.5137301  -0.504662
  0.54974824  0.06269537 -1.5682186   0.15191282]
[ 0.22850695  0.08452214  0.75715935  0.14340608  2.2171202   0.03236092
 -0.5666785   0.01713457 -0.39080012 -1.7613741   0.571497   -0.54736924
  0.5269375   0.07242036 -1.6232322   0.18497273]
[ 0.24398562  0.08640031  0.6753356   0.1990501   2.2994783  -0.07776782
 -0.54041296 -0.03652595 -0.46397614 -1.7198607   0.6674441  -0.62730825
  0.43750533  0.1774433  -1.6886513   0.31846386]
[ 0.23621786  0.08798267  0.74871624  0.1297212   2.2420032  -0.01482902
 -0.5836213   0.02966284 -0.4038528  -1.7441857   0.5751642  -0.5532843
  0.48849884  0.09775494 -1.6143748   0.22711253]
[ 0.25755468  0.01761149  0.6812817   0.2252278   2.309073   -0.09618888
 -0.5268718  -0.04512261 -0.47249565 -1.6968529   0.631307   -0.6703318
  0.5017259   0.20180595 -1.6920983   0.32473415]
[ 0.23153916  0.05942481  0.7312664   0.21505137  2.2754722  -0.03793549
 -0.5138466  -0.07211007 -0.48646078 -1.7219858   0.61848617 -0.63365537
  0.53240895  0.20553477 -1.6741657   0.21814933]
[ 0.22730318  0.09946402  0.75934505  0.1444871   2.243198    0.01576072
 -0.54591495 -0.03327584 -0.46234265 -1.7558327   0.5974003  -0.58319044
  0.53473413  0.1481969  -1.6347573   0.19231145]
[ 1.9955304e-01  8.3247334e-02  7.9708564e-01  1.0383304e-01
  2.2226763e+00  8.2709745e-02 -5.6348103e-01 -1.5821516e-03
 -4.2744559e-01 -1.7571461e+00  5.5761963e-01 -5.4162514e-01
  6.1598921e-01  7.1016237e-02 -1.5813026e+00  8.1893720e-02]
[ 0.21173868  0.09691259  0.72212255  0.18163364  2.3060398  -0.01914974
 -0.52553123 -0.07150628 -0.513793   -1.7251498   0.6863025  -0.6329433
  0.5250516   0.17411852 -1.6545105   0.18403889]
[ 0.17976129  0.10667033  0.80784845  0.06526855  2.2643523   0.07679392
 -0.57163966 -0.01791878 -0.48299226 -1.7420686   0.57983047 -0.5737828
  0.59178054  0.07752082 -1.500988    0.08399723]
[ 0.183584    0.04596012  0.75243986  0.14828587  2.316142   -0.00683191
 -0.5411896  -0.06662689 -0.5647152  -1.7042086   0.6269082  -0.6593137
  0.6285981   0.16539481 -1.5306251   0.15177698]
[ 2.2462931e-01 -4.3054222e-04  7.8013450e-01  1.5211973e-01
  2.2676520e+00  3.0019660e-02 -5.0742942e-01 -8.7995678e-02
 -6.0321963e-01 -1.6748626e+00  5.5069101e-01 -6.6694540e-01
  6.5102828e-01  1.6099623e-01 -1.4842476e+00  1.5419731e-01]
[ 0.25685945  0.05542206  0.8335845   0.06703098  2.1765633   0.0860334
 -0.51224047 -0.07504185 -0.5506797  -1.6975464   0.5043156  -0.6232461
  0.6306531   0.11877865 -1.4480327   0.1242164 ]
[ 0.2482591   0.05758282  0.82718813  0.03864238  2.149372    0.09314441
 -0.53792906 -0.00891466 -0.50544906 -1.7122723   0.5020402  -0.5949985
  0.6434592   0.08470203 -1.4602554   0.12128606]
[ 0.2191618   0.03232628  0.8564806   0.02503315  2.15267     0.14174928
 -0.5441812   0.01014222 -0.46199846 -1.7294471   0.45802063 -0.5482764
  0.6996779   0.03015764 -1.438356    0.03983895]
[ 0.25013977  0.08164077  0.79364973  0.07025734  2.243921    0.01664191
 -0.5119067  -0.03770983 -0.5104423  -1.7265049   0.546612   -0.59349805
  0.594416    0.13831325 -1.5560936   0.14723054]
[ 0.19304314  0.10534871  0.79028594  0.04363041  2.2064555   0.07332894
 -0.56657827  0.01504963 -0.42910475 -1.7779846   0.55632466 -0.5598177
  0.629358    0.05616353 -1.5001256   0.110129  ]
[ 0.22723432  0.09975802  0.72688156  0.10948741  2.2979171  -0.02283899
 -0.5222416  -0.05729066 -0.50885826 -1.7287878   0.65635943 -0.65358555
  0.5395249   0.14838877 -1.5733515   0.2093854 ]
[ 0.21549359  0.11690569  0.80434716  0.0695955   2.2435262   0.0313229
 -0.54433995 -0.03651326 -0.48913354 -1.7392584   0.5981848  -0.5993323
  0.52483356  0.133153   -1.5413752   0.15933971]
[ 0.19342123  0.07914461  0.8353039   0.0997703   2.1699061   0.10093226
 -0.55486995 -0.00598634 -0.44914442 -1.7245052   0.5149292  -0.5545616
  0.5900914   0.09293507 -1.513945    0.07047999]
[ 0.25070128  0.00748929  0.7866986   0.17655167  2.2174022   0.02802133
 -0.5014344  -0.06706731 -0.5275318  -1.6997166   0.54017675 -0.6584412
  0.5942973   0.16844568 -1.5546011   0.18587947]
[ 0.2711797   0.0897966   0.83681905  0.11789578  2.1467652   0.08375432
 -0.49860573 -0.07142426 -0.4828995  -1.7403944   0.5280801  -0.5974547
  0.56261635  0.12452111 -1.5478786   0.12288289]
[ 0.23489198  0.10635356  0.8661561   0.03352176  2.1220481   0.15677439
 -0.55701876  0.01008304 -0.41643173 -1.767485    0.46426135 -0.5331769
  0.58043545  0.03058916 -1.4780487   0.09287914]
[ 0.27046958  0.11723791  0.7982265   0.07580785  2.1733499   0.0827886
 -0.5468806  -0.01840707 -0.42257294 -1.7704842   0.5364582  -0.55766326
  0.562116    0.03847472 -1.5385133   0.14669697]
[ 0.2509283   0.11370613  0.72552806  0.11393489  2.2874913  -0.04573914
 -0.54079354 -0.03207934 -0.48806876 -1.76511     0.6648331  -0.6292943
  0.51338935  0.14765367 -1.6214125   0.25384164]
[ 0.23606637  0.11444537  0.76181287  0.08882967  2.257417    0.02310274
 -0.563464   -0.01252287 -0.43420237 -1.7699139   0.6041773  -0.57732075
  0.52972233  0.06454904 -1.5720074   0.1971099 ]
[ 0.22167346  0.08166755  0.7085706   0.13845356  2.3448653  -0.08331479
 -0.5468798  -0.05136806 -0.52913904 -1.7385073   0.68911195 -0.66061604
  0.5387136   0.17820463 -1.609704    0.26711693]
[ 0.21918333  0.05416878  0.71661514  0.18580557  2.313237   -0.03149317
 -0.5380743  -0.06228199 -0.51941127 -1.7248757   0.66455024 -0.6667341
  0.5648262   0.15415725 -1.610307    0.2276984 ]
[ 0.2331315   0.0701903   0.7538153   0.12112479  2.3064263  -0.02433665
 -0.53597647 -0.06103524 -0.53274626 -1.7218004   0.6264207  -0.6534867
  0.5530795   0.13975793 -1.5517013   0.22557624]
[ 0.23324546  0.08119987  0.74997693  0.14300624  2.2737756  -0.01050641
 -0.523604   -0.07697327 -0.54127157 -1.7288435   0.62229073 -0.6549475
  0.5768451   0.15300581 -1.5520384   0.20276968]
[ 2.2610703e-01  6.5391585e-02  7.6511401e-01  7.7719398e-02
  2.2732365e+00 -1.2673319e-03 -5.4127115e-01 -4.0831864e-02
 -5.0970936e-01 -1.7421019e+00  6.0136718e-01 -6.5037906e-01
  6.0094243e-01  1.3269150e-01 -1.5108553e+00  2.0196733e-01]
[ 0.2345233   0.10879441  0.7889573   0.11082332  2.2329268   0.04315738
 -0.51741636 -0.08458076 -0.52056825 -1.7477682   0.5878446  -0.6216859
  0.56869614  0.13188913 -1.5349131   0.16671838]
[ 0.2147974   0.11127023  0.7878052   0.06880146  2.221281    0.03443885
 -0.5593844  -0.01790161 -0.4714194  -1.7752707   0.6057007  -0.604458
  0.5651472   0.12341805 -1.5278667   0.17054513]
[ 0.22135477  0.08686145  0.8235785   0.08580524  2.1758814   0.09798764
 -0.5541241  -0.00405247 -0.43004626 -1.7674078   0.5352715  -0.56527054
  0.59225774  0.04976942 -1.5133744   0.11052539]
[ 0.21941538  0.07776722  0.75674695  0.12856305  2.2657413  -0.01959957
 -0.54633105 -0.0412057  -0.5048386  -1.7550932   0.6318658  -0.627364
  0.5485794   0.1590472  -1.5640705   0.2184958 ]
[ 0.22264192  0.07714172  0.8051081   0.07026065  2.207594    0.05808742
 -0.56787527  0.01578304 -0.44161153 -1.7621472   0.5162512  -0.55495423
  0.5965131   0.06676267 -1.5053953   0.14276464]
[ 0.2612005   0.04696208  0.7229152   0.13782632  2.2801356  -0.05081779
 -0.53602207 -0.03431214 -0.49331063 -1.7205868   0.60270345 -0.650271
  0.53253436  0.15907238 -1.5886998   0.28104353]
[ 0.24639682  0.09716695  0.75763035  0.11535503  2.2331395  -0.0160315
 -0.5404655  -0.02267152 -0.4659198  -1.7458916   0.5871824  -0.6073645
  0.54899406  0.14729075 -1.6008646   0.21448287]
[ 0.2387897   0.07901512  0.7747506   0.09334736  2.2314224   0.00249266
 -0.5576259   0.00634355 -0.43166742 -1.7510273   0.5794725  -0.58774954
  0.5221651   0.12500748 -1.594827    0.2180125 ]
[ 0.2452503   0.09558421  0.824738    0.1061555   2.168402    0.07718632
 -0.5544354   0.00606757 -0.40958586 -1.7385145   0.4929669  -0.5213586
  0.5412298   0.08430592 -1.5956743   0.12345131]
[ 0.26553577  0.06717318  0.74047863  0.19893521  2.2229762  -0.02457903
 -0.5227726  -0.02986452 -0.462181   -1.725853    0.6111098  -0.62656975
  0.48460808  0.17525835 -1.677961    0.25165215]
[ 0.2666457   0.07856249  0.814633    0.12265942  2.172072    0.05486909
 -0.5470888   0.01215228 -0.39624596 -1.7573175   0.5227397  -0.5584087
  0.5168645   0.06941845 -1.607879    0.1831601 ]
[ 0.26738608  0.07689954  0.74776465  0.18968518  2.2479117  -0.03721137
 -0.52400106 -0.0537522  -0.48152262 -1.7373874   0.6052645  -0.61955297
  0.47362727  0.17091447 -1.6557875   0.27938882]
[ 0.221451    0.07305356  0.7719458   0.13490407  2.2150667   0.02711786
 -0.57436883  0.01470437 -0.41877383 -1.772124    0.53865033 -0.558308
  0.5751568   0.08843084 -1.5917813   0.20267746]
[ 0.25480255  0.05005074  0.7060832   0.20428868  2.3028607  -0.05415151
 -0.5351681  -0.0544656  -0.4829719  -1.7374289   0.6200684  -0.64777917
  0.52560043  0.15611394 -1.6551663   0.29737753]
[ 0.26225743  0.10008903  0.7078048   0.17184536  2.2735062  -0.05156358
 -0.54607975 -0.0209468  -0.45507604 -1.7508774   0.6351439  -0.6089681
  0.45204502  0.14052649 -1.6592503   0.30015925]
[ 0.23358431  0.07665502  0.7545495   0.11243133  2.2515836  -0.0098105
 -0.5889056   0.04593391 -0.39305222 -1.7552125   0.58798754 -0.575909
  0.5190151   0.08981125 -1.6059353   0.2047127 ]
[ 0.27113986  0.03173341  0.7057648   0.17364997  2.3160427  -0.08173607
 -0.5398978  -0.02520551 -0.46221167 -1.7153823   0.6337487  -0.6536992
  0.48596698  0.1579818  -1.6654049   0.31766024]
[ 0.28250867  0.057651    0.7156337   0.18512146  2.3008873  -0.07409697
 -0.53227603 -0.05732405 -0.50153714 -1.7179886   0.62017995 -0.6381501
  0.48706102  0.18624833 -1.6602188   0.29664916]
[ 0.2510802   0.06550698  0.71880484  0.16526487  2.2603886  -0.0475818
 -0.54335874 -0.02035542 -0.46235752 -1.7572412   0.6275006  -0.6342233
  0.5381327   0.15969841 -1.6547025   0.2825281 ]
[ 0.26399118  0.08104192  0.7304277   0.15750024  2.269257   -0.03330576
 -0.54314035 -0.03915197 -0.44750157 -1.7547681   0.626736   -0.62717223
  0.48347217  0.12500688 -1.6423225   0.30013594]
[ 0.22717313  0.09695004  0.71859896  0.15783998  2.274253   -0.04851096
 -0.5628501  -0.02053474 -0.4746855  -1.746309    0.6367946  -0.5932998
  0.50339514  0.16290161 -1.6469166   0.26420584]
[ 2.1477123e-01  3.3034086e-02  7.3562258e-01  1.3799030e-01
  2.2460032e+00  3.5025179e-05 -5.8903456e-01  3.7138026e-02
 -4.2754346e-01 -1.7202963e+00  5.6277341e-01 -5.6589341e-01
  5.6304348e-01  8.1788905e-02 -1.5822245e+00  2.2041743e-01]
[ 0.25406376 -0.00582622  0.6717453   0.22642517  2.3271167  -0.0957807
 -0.53558475 -0.04406169 -0.5020944  -1.6650797   0.6110401  -0.66083807
  0.52190053  0.18781972 -1.6487496   0.3083313 ]
[ 0.25081238  0.03973375  0.71960294  0.20366898  2.262982   -0.06734898
 -0.5134382  -0.04040227 -0.5155554  -1.7050769   0.6071315  -0.6375326
  0.55045855  0.19148313 -1.6475366   0.24921837]
[ 0.21940586  0.0447238   0.7801773   0.09389056  2.2420533   0.00906571
 -0.5573204   0.00826671 -0.44748488 -1.7314106   0.5546836  -0.57873
  0.5788547   0.10919867 -1.5575306   0.17878987]
[ 0.21553698  0.0637297   0.7476905   0.16374873  2.2960358  -0.00535604
 -0.5230052  -0.07658707 -0.52356374 -1.7110169   0.60558796 -0.62066543
  0.58634174  0.19671099 -1.6275116   0.15797102]
[ 0.18817624  0.07650501  0.76376426  0.1271624   2.2604625   0.03202534
 -0.5424584  -0.03328915 -0.49069446 -1.7299721   0.62189645 -0.6022357
  0.6061655   0.1496162  -1.6070681   0.12346971]
[ 0.18008426  0.08376742  0.81358635  0.07186476  2.234514    0.10423925
 -0.5551342  -0.01832002 -0.46419388 -1.7273533   0.548031   -0.5623725
  0.6391176   0.06859949 -1.5168643   0.04307008]
[ 0.1716924   0.07846879  0.7893117   0.12441218  2.2808845   0.02394586
 -0.5261774  -0.0701142  -0.5585529  -1.712437    0.6338247  -0.6326132
  0.6180569   0.18171437 -1.5517137   0.0923131 ]
[ 0.16168594  0.04471632  0.8576061   0.05341493  2.2007375   0.13184735
 -0.56046647 -0.01586302 -0.5200001  -1.7087055   0.49539366 -0.5657656
  0.68511575  0.07148419 -1.4028447   0.01411155]
[ 0.22283955 -0.02311232  0.83301127  0.11231353  2.224876    0.0618731
 -0.5105623  -0.07602237 -0.6024849  -1.6621292   0.5123147  -0.65666115
  0.70819366  0.16626482 -1.4376705   0.07040367]
[ 0.23562782  0.01696202  0.87319165  0.04670621  2.1226697   0.12655395
 -0.5015723  -0.04193088 -0.54859895 -1.671284    0.47055086 -0.61210096
  0.68446654  0.10426687 -1.4177902   0.05556211]
[ 0.20944318  0.01240275  0.9094368  -0.02662785  2.0744565   0.20708752
 -0.5381761   0.00804103 -0.4923559  -1.6861241   0.38185665 -0.54711074
  0.7384003   0.02323528 -1.3145076  -0.01681644]
[ 0.24280497  0.05131355  0.8709097   0.02667068  2.152516    0.11399646
 -0.5134611  -0.01799564 -0.5051464  -1.7163057   0.4372984  -0.5724257
  0.6820781   0.0629135  -1.4241269   0.05386891]
[ 0.22822805  0.08615458  0.8423398   0.01830019  2.1304834   0.11903714
 -0.5336774   0.0107429  -0.4587677  -1.7373164   0.49205795 -0.5430109
  0.6462229   0.06194656 -1.4701978   0.05116607]
[ 0.19707415  0.13120481  0.8356532   0.0361781   2.1606956   0.13199769
 -0.5447458  -0.01589774 -0.43274808 -1.7536039   0.5317042  -0.5426353
  0.6026906   0.06169227 -1.4857085   0.02990148]
[ 0.18155234  0.1057241   0.7928977   0.05811607  2.2513907   0.03677542
 -0.550984   -0.02567689 -0.49251136 -1.7499653   0.61157155 -0.6082402
  0.5907815   0.14597371 -1.5277551   0.1255325 ]
[ 0.1800628   0.09549896  0.8615433   0.06739072  2.162054    0.14609483
 -0.54596955 -0.02368743 -0.4556623  -1.7374159   0.5071939  -0.5374543
  0.62543744  0.0618166  -1.4805605   0.01592816]
[ 0.21737185  0.06082465  0.7976051   0.14534804  2.2172685   0.05135093
 -0.5167347  -0.06677737 -0.5361614  -1.7219942   0.5780972  -0.6313778
  0.5774521   0.16430059 -1.5296134   0.13853689]
[ 0.24178453  0.08838076  0.8800357   0.05036965  2.0976348   0.1478028
 -0.5301073  -0.0144337  -0.4471833  -1.7469698   0.48692703 -0.5598966
  0.5991024   0.05127038 -1.4607638   0.05995664]
[ 0.25710195  0.08092687  0.80018204  0.09193672  2.1896687   0.03082885
 -0.51722634 -0.05455538 -0.50882006 -1.7437258   0.5831836  -0.6387515
  0.53148097  0.13996518 -1.5167189   0.22317567]
[ 0.2232457   0.09962717  0.8587726   0.03326929  2.1347475   0.12858199
 -0.54156554 -0.01956495 -0.44667754 -1.7634373   0.45781285 -0.53014296
  0.6358446   0.04714018 -1.4575083   0.08591174]
[ 0.23709726  0.11132435  0.74886274  0.11403129  2.2371736   0.01217053
 -0.52946436 -0.05184525 -0.49779528 -1.7504609   0.59306204 -0.607831
  0.55388135  0.1447387  -1.587579    0.2215498 ]
[ 0.24096838  0.12723716  0.7761091   0.08290518  2.1804466   0.08505072
 -0.5445759  -0.01226711 -0.42749453 -1.750913    0.54851925 -0.5474271
  0.5385555   0.05361562 -1.5466547   0.14298344]
[ 0.25459987  0.12275784  0.7118179   0.11339674  2.2644076  -0.04411757
 -0.5465079  -0.01751763 -0.45099878 -1.7304459   0.68752414 -0.61997724
  0.44813055  0.15419695 -1.6365585   0.23734775]
[ 0.22487931  0.0452569   0.8174194   0.09111784  2.2273743   0.06777553
 -0.56462014  0.01745419 -0.41597533 -1.7196382   0.52379423 -0.5507868
  0.5542871   0.06343988 -1.5494417   0.11221073]
[ 0.2563885   0.025576    0.72486097  0.19617929  2.3152683  -0.04674355
 -0.5212241  -0.09432106 -0.54935426 -1.6821158   0.63005507 -0.6684581
  0.54425436  0.19750437 -1.6147716   0.23474224]
[ 0.26302752  0.04694907  0.751495    0.16819319  2.2535777  -0.00441985
 -0.5191885  -0.06616423 -0.53565663 -1.720059    0.58339965 -0.6549548
  0.58457166  0.14914659 -1.5781797   0.22662048]
[ 0.26853412  0.09100579  0.75040895  0.11372216  2.2507305   0.00975803
 -0.5231586  -0.07972808 -0.51574534 -1.7484738   0.62066174 -0.65400654
  0.57536614  0.11863639 -1.549681    0.22053833]
[ 2.28264928e-01  1.05680943e-01  7.62440920e-01  6.04610629e-02
  2.26217842e+00  1.75449846e-03 -5.50562024e-01 -3.27815339e-02
 -5.12760282e-01 -1.75309145e+00  6.37842000e-01 -6.12624168e-01
  5.57952881e-01  1.23406805e-01 -1.52838540e+00  1.97680980e-01]
[ 0.19582216  0.06817757  0.7625514   0.04202347  2.2571647   0.05377819
 -0.5989727   0.00480117 -0.46712595 -1.7283306   0.5740834  -0.5699827
  0.6262542   0.06125475 -1.4789088   0.14369255]
[ 0.21433556  0.02184719  0.71270484  0.12157913  2.3496435  -0.05591195
 -0.54330254 -0.04603994 -0.571406   -1.6793274   0.63016284 -0.65427876
  0.63993     0.15923616 -1.5474443   0.19509251]
[ 0.22592482  0.01912169  0.7368234   0.17062771  2.3146126  -0.0192029
 -0.50707763 -0.07569677 -0.58771324 -1.6784134   0.6143319  -0.66741574
  0.6369013   0.16044012 -1.5593722   0.16157933]
[ 0.2101897   0.06107004  0.83411425  0.02121433  2.2346234   0.05189597
 -0.53980386 -0.02343402 -0.5488709  -1.716267    0.5520085  -0.60110396
  0.65620404  0.09535337 -1.418762    0.075903  ]
[ 0.20542498  0.04090417  0.7943966   0.09464321  2.2400527   0.02997163
 -0.53393173 -0.06889503 -0.57479584 -1.7090479   0.58213323 -0.6673974
  0.6384465   0.14967205 -1.4531636   0.17876391]
[ 0.22963181  0.01297193  0.8183446   0.05583451  2.2150044   0.04466359
 -0.5298591  -0.0489181  -0.56663483 -1.6981764   0.5144547  -0.6400441
  0.6782078   0.14180203 -1.4202067   0.1396337 ]
[ 0.24161482  0.03017636  0.8643468   0.08139595  2.1287217   0.11071625
 -0.50999284 -0.04153397 -0.5376004  -1.7023996   0.44849253 -0.59360445
  0.6760291   0.10153487 -1.4444635   0.09176644]
[ 0.22533068  0.04227358  0.85671437  0.01867707  2.0951722   0.14974065
 -0.5605289   0.03255543 -0.443614   -1.7157047   0.4372069  -0.535738
  0.67078656  0.04009638 -1.4213269   0.05242733]
[ 0.23090415  0.07620767  0.8471745   0.04033305  2.1451669   0.1147938
 -0.5421183   0.01703408 -0.426299   -1.7351544   0.4645861  -0.5385568
  0.61966777  0.04799451 -1.4827871   0.06578556]
[ 2.46686071e-01  8.67674053e-02  7.77219594e-01  8.15498531e-02
  2.22974896e+00  4.92744148e-05 -5.32655060e-01 -1.18339155e-02
 -4.60927427e-01 -1.73376966e+00  5.76252043e-01 -6.09046519e-01
  5.19184470e-01  1.36356503e-01 -1.56653440e+00  2.09387749e-01]
[ 0.2099791   0.10606639  0.8232115   0.06325322  2.1773167   0.09111856
 -0.5612258   0.00344133 -0.41246063 -1.747257    0.52680635 -0.53638947
  0.5742086   0.07899337 -1.5289059   0.07633805]
[ 0.23683104  0.06651273  0.76349103  0.14888836  2.242098    0.01287305
 -0.5270622  -0.04390854 -0.4790823  -1.7209179   0.606041   -0.62356395
  0.5293313   0.15467422 -1.6163734   0.19665018]
[ 0.21171585  0.10307547  0.8334297   0.07893305  2.1767945   0.10418216
 -0.55411303 -0.01715263 -0.43045798 -1.7383426   0.52500284 -0.5317815
  0.6008344   0.08374273 -1.5532849   0.05043639]
[ 0.21658134  0.07405277  0.76265496  0.1651794   2.2430248   0.01551634
 -0.5261023  -0.05362201 -0.5118705  -1.7303215   0.62443554 -0.62930316
  0.568571    0.1729634  -1.6100804   0.16341121]
[ 0.20691386  0.07982117  0.8305405   0.06905867  2.205351    0.10128124
 -0.5605183  -0.01157159 -0.45227256 -1.7578104   0.5349108  -0.5573341
  0.6392171   0.05875451 -1.5074492   0.06443436]
[ 0.22403765  0.08681719  0.7754587   0.15249525  2.2597804   0.01699328
 -0.5103529  -0.07972401 -0.55013525 -1.7248077   0.6213232  -0.6335415
  0.5746273   0.16125283 -1.5739734   0.1450254 ]
[ 0.18628243  0.07275397  0.80984557  0.03573333  2.209382    0.09229652
 -0.5653683  -0.00491975 -0.48366937 -1.7385772   0.5498742  -0.57919765
  0.659197    0.06617959 -1.4465582   0.08104443]
[ 0.2172044   0.06308803  0.7644471   0.1043447   2.272893    0.00797412
 -0.5247463  -0.07417108 -0.55658615 -1.695301    0.6000488  -0.6534753
  0.60780394  0.14273949 -1.4922388   0.16308223]
[ 0.2276659   0.06740586  0.8064787   0.09343595  2.2225652   0.04538648
 -0.52130204 -0.05156263 -0.53912747 -1.7207763   0.5613663  -0.6290629
  0.60152924  0.12744129 -1.4873848   0.1423238 ]
[ 0.24552481  0.08871461  0.85968864  0.03966684  2.145806    0.11028127
 -0.5279674  -0.02581543 -0.4862125  -1.7309496   0.5048424  -0.57693183
  0.6065273   0.07369667 -1.4475341   0.06531329]
[ 0.25814557  0.08052693  0.793715    0.11376297  2.1999674   0.03957099
 -0.5096414  -0.06258303 -0.51039195 -1.7347664   0.5836953  -0.6400285
  0.540769    0.13926616 -1.5380147   0.19358963]
[ 0.26906267  0.12171231  0.8544029   0.02525     2.120528    0.13359825
 -0.5351786  -0.02995813 -0.43959028 -1.7626321   0.48218757 -0.5409039
  0.57254016  0.0357521  -1.4631984   0.10321382]
[ 0.2654615   0.09544553  0.75250417  0.09765346  2.225463   -0.01078031
 -0.5316559  -0.03154335 -0.47863245 -1.7705047   0.6094607  -0.62202424
  0.53730935  0.1357021  -1.5721552   0.24760742]
[ 0.25338194  0.10814885  0.7947099   0.08497331  2.189572    0.07599876
 -0.5502656  -0.01421223 -0.41312152 -1.7781303   0.55323106 -0.5598251
  0.5519398   0.04766688 -1.553693    0.15639976]
[ 0.25871307  0.11992643  0.72410494  0.116096    2.2962084  -0.04803316
 -0.5505141  -0.03521661 -0.48320636 -1.762476    0.6633779  -0.62358606
  0.48518005  0.14332935 -1.6264603   0.27225226]
[ 0.23950307  0.09503849  0.7492858   0.11698808  2.2676082   0.00735884
 -0.57628804  0.00896939 -0.43522054 -1.7650559   0.5935175  -0.57543725
  0.53608054  0.06600235 -1.5766329   0.19611117]
[ 0.2625721   0.05023196  0.69145983  0.17562824  2.3377116  -0.0907665
 -0.53837615 -0.0482646  -0.50618684 -1.7217591   0.6562386  -0.6738466
  0.5036863   0.16723022 -1.6223682   0.3075335 ]
[ 0.24568586  0.0774431   0.73213387  0.14138483  2.2905731  -0.05561234
 -0.5377773  -0.03832402 -0.4930307  -1.7494314   0.6416585  -0.65023
  0.54286325  0.16536897 -1.6183109   0.2543419 ]
[ 0.24608274  0.06907429  0.73439074  0.13537636  2.297309   -0.05001998
 -0.5427858  -0.04267441 -0.49795833 -1.7422463   0.6253736  -0.64746815
  0.5312564   0.16022986 -1.5989152   0.27277488]
[ 2.5631070e-01  6.7575611e-02  7.6295280e-01  1.5265086e-01
  2.2631390e+00  1.9733259e-03 -5.4587430e-01 -3.9422337e-02
 -4.9340516e-01 -1.7410952e+00  5.7556093e-01 -6.1277580e-01
  5.6016463e-01  1.3223502e-01 -1.6004832e+00  2.0838937e-01]
[ 0.24880514  0.07240585  0.7465011   0.15762202  2.244064   -0.01168754
 -0.5402423  -0.01498837 -0.46463934 -1.7557255   0.61860335 -0.62299573
  0.556007    0.12594762 -1.6261209   0.21327075]
[ 0.21194491  0.07977998  0.77886033  0.0843217   2.2435772   0.02930563
 -0.56526834  0.00837108 -0.43091518 -1.7670333   0.57996416 -0.5786575
  0.5818013   0.07452539 -1.5544806   0.17030673]
[ 0.22194114  0.08842332  0.7206839   0.10684061  2.3291824  -0.05911651
 -0.55484116 -0.04429229 -0.521723   -1.7445368   0.63880587 -0.63223475
  0.5482502   0.1659616  -1.5794166   0.26616326]
[ 0.22950912  0.06757282  0.72528315  0.14227292  2.2906578  -0.0400647
 -0.55009186 -0.01744678 -0.47412786 -1.7390438   0.6208298  -0.6317824
  0.54786223  0.14878385 -1.6132532   0.24156375]
[ 0.22768542  0.06537868  0.73601216  0.17018075  2.2666535  -0.00989458
 -0.5223267  -0.04097889 -0.46740884 -1.7249699   0.6231346  -0.6367363
  0.5579687   0.15741901 -1.6312063   0.17495173]
[ 0.19746956  0.08687051  0.7964094   0.07983529  2.247571    0.02163319
 -0.5503827  -0.01590174 -0.46594507 -1.7434978   0.60419047 -0.59335476
  0.5726658   0.14412792 -1.5670788   0.13000922]
[ 0.19030014  0.07369123  0.84094656  0.05888401  2.1999187   0.10321196
 -0.5620015   0.00635246 -0.44500446 -1.7346058   0.48998818 -0.5280124
  0.62983644  0.08947061 -1.5119545   0.042309  ]
[ 0.24463323  0.03900171  0.77912533  0.1765779   2.2264142   0.02768395
 -0.5066002  -0.06012889 -0.5189933  -1.7028223   0.5528467  -0.6395564
  0.59004307  0.16859156 -1.5900476   0.15924382]
[ 0.28018436  0.07887613  0.83239615  0.11349461  2.1581721   0.06877188
 -0.5152102  -0.02577822 -0.45539474 -1.7440827   0.5573336  -0.6058813
  0.54796183  0.1102827  -1.5780853   0.12129791]
[ 0.23289421  0.07222835  0.8853572   0.01630615  2.1318798   0.13858616
 -0.5503917   0.01420686 -0.42434415 -1.7396733   0.48489302 -0.5317263
  0.60452044  0.04294472 -1.4817564   0.04682442]
[ 0.22181125  0.05143962  0.84285176  0.04673451  2.1768467   0.1027168
 -0.56015337 -0.00936    -0.48424348 -1.7095798   0.47842398 -0.5404793
  0.6373182   0.07233959 -1.4752104   0.09344226]
[ 0.23449457  0.01094243  0.7525115   0.12998016  2.258528   -0.00388456
 -0.54373705 -0.03804318 -0.54339755 -1.6998104   0.5470175  -0.6390622
  0.6583446   0.15708682 -1.5302597   0.19697307]
[ 0.26050884  0.05192316  0.77468204  0.14729787  2.215897    0.02462203
 -0.50941104 -0.04070247 -0.49990216 -1.7229389   0.567695   -0.6281086
  0.5800905   0.1090976  -1.5723822   0.18839976]
[ 0.21670568  0.09505735  0.80663645  0.03956617  2.2039018   0.04905104
 -0.5741853   0.02117851 -0.4553422  -1.74387     0.5600684  -0.55346763
  0.5606266   0.08330368 -1.497628    0.13444218]
[ 0.1913996   0.04474685  0.7890746   0.08700878  2.2312305   0.04598411
 -0.59141225  0.02214088 -0.4594183  -1.719799    0.5250512  -0.556816
  0.61235607  0.0788538  -1.4945772   0.14043848]
[ 0.21875095 -0.03369846  0.7191523   0.1734073   2.3090897  -0.05988943
 -0.5471882  -0.02348902 -0.52075064 -1.6720123   0.5623456  -0.6548511
  0.6315508   0.18431394 -1.570529    0.23194392]
[ 0.22085361  0.01594209  0.7709449   0.18013947  2.2455475  -0.00451101
 -0.50564057 -0.0504228  -0.52305233 -1.7144302   0.5470881  -0.6331457
  0.6623109   0.1854817  -1.5877926   0.13569418]
[ 0.20772691  0.08573604  0.8216286   0.05060595  2.2070675   0.05527247
 -0.54241604  0.00728372 -0.4491654  -1.7566735   0.5466739  -0.5758077
  0.58943     0.11810608 -1.5342871   0.11384483]
[ 0.19568323  0.11302225  0.85822374  0.05488072  2.1624665   0.1304175
 -0.5599877   0.00875129 -0.4156329  -1.7544286   0.48445296 -0.5191551
  0.60421175  0.06250718 -1.513625    0.03170907]
[ 0.22054343  0.09188592  0.79033697  0.13533337  2.211755    0.03752016
 -0.5299787  -0.02550736 -0.45915762 -1.7377571   0.5893934  -0.6078404
  0.54369915  0.14101204 -1.593375    0.13727745]
[ 0.2152359   0.07901656  0.87824476  0.0556408   2.1419857   0.12363954
 -0.5394708   0.00267937 -0.4229215  -1.743161    0.49992204 -0.55111164
  0.6051815   0.0756321  -1.5191853   0.04100659]
[ 0.22122478  0.09027483  0.8135506   0.12196259  2.2004414   0.05109428
 -0.51482123 -0.06821366 -0.49920073 -1.7323574   0.5717023  -0.61032546
  0.54474676  0.16609637 -1.5618081   0.151703  ]
[ 0.19324955  0.08298741  0.88087845  0.06776866  2.11509     0.16733488
 -0.551852   -0.00940335 -0.44527364 -1.7558129   0.47173995 -0.5271412
  0.65252376  0.06454855 -1.488662    0.02425359]
[ 0.24194637  0.07412842  0.8021523   0.15259072  2.189134    0.06546716
 -0.51362723 -0.05983707 -0.49337846 -1.7481098   0.56836873 -0.61995566
  0.5811785   0.12623954 -1.5758241   0.15507582]
[ 0.24835393  0.12147485  0.83721006  0.06437649  2.139471    0.11817034
 -0.5511847  -0.00412711 -0.41867456 -1.7558687   0.5114474  -0.535866
  0.52700454  0.03330832 -1.5181398   0.1295453 ]
[ 0.23367056  0.0915784   0.7824174   0.0656739   2.2023838   0.03567796
 -0.5800737   0.01652012 -0.43369302 -1.7554226   0.5433351  -0.56039625
  0.5688946   0.07140691 -1.5166153   0.18282686]
[ 0.2637194   0.02226118  0.7218634   0.12886074  2.2867172  -0.05852338
 -0.5351617  -0.02794406 -0.4901784  -1.712076    0.5905907  -0.65816
  0.53351533  0.15163545 -1.5849057   0.31915703]
[ 0.26677716  0.08423369  0.74376154  0.15768813  2.247829   -0.02473227
 -0.5255084  -0.06270424 -0.49465093 -1.7212305   0.5883497  -0.6133448
  0.5088402   0.1699768  -1.6244167   0.2486815 ]
[ 0.26634532  0.09134503  0.7468504   0.11770785  2.2349703  -0.01541989
 -0.54876477 -0.01111298 -0.4566411  -1.7470284   0.5953781  -0.61010516
  0.49096408  0.13954438 -1.6208929   0.2769184 ]
[ 0.25734985  0.11244071  0.77347106  0.13396934  2.2043376   0.03700843
 -0.5461685  -0.01578895 -0.40061158 -1.7547452   0.5738188  -0.56464845
  0.49183065  0.07447981 -1.6284164   0.19925208]
[ 0.22009644  0.1007549   0.7123537   0.17972276  2.2858803  -0.05309342
 -0.5364278  -0.05408401 -0.4997901  -1.7377678   0.67449117 -0.62687314
  0.50107265  0.19437662 -1.6680706   0.2554012 ]
[ 0.20630722  0.07486715  0.7549184   0.120885    2.2607582   0.02001537
 -0.5803097  -0.00961065 -0.43865958 -1.7385238   0.58808315 -0.57406425
  0.5576614   0.08509719 -1.5735341   0.19327617]
[ 0.23714307  0.04454088  0.70666265  0.21669003  2.3193724  -0.06308717
 -0.52380353 -0.08091229 -0.53702116 -1.6998152   0.6463866  -0.66840506
  0.5334557   0.19481358 -1.6364043   0.25899917]
[ 0.2506253   0.06743725  0.7242822   0.19636627  2.2688322  -0.03687485
 -0.51656514 -0.07474435 -0.5188142  -1.7265825   0.6674883  -0.66808635
  0.53224325  0.18034175 -1.6244233   0.2255342 ]
[ 0.20936689  0.06756426  0.8214062   0.0678155   2.2409406   0.05764966
 -0.5663629  -0.02009596 -0.47909173 -1.753039    0.5626691  -0.5894424
  0.6085718   0.07710602 -1.4841896   0.1244781 ]
[ 0.2285525   0.06931755  0.7498934   0.13740906  2.2903914  -0.01060488
 -0.54155684 -0.0865778  -0.5600683  -1.7357162   0.61071587 -0.6469224
  0.58662605  0.14866507 -1.5285387   0.23772804]
[ 0.2607269   0.04685771  0.7480887   0.10240903  2.26663    -0.02172363
 -0.54917455 -0.02989743 -0.51291674 -1.7302573   0.5790205  -0.6433754
  0.57465476  0.12508507 -1.5217239   0.25575456]
[ 0.2864914   0.06949413  0.7493913   0.14787023  2.2265131  -0.01537603
 -0.5224562  -0.04364754 -0.48692027 -1.7405987   0.5958213  -0.64813966
  0.5202683   0.12356385 -1.5787159   0.26636606]
[ 0.29086798  0.08888694  0.7846382   0.07506657  2.2159603  -0.01854308
 -0.5564372  -0.00269539 -0.4634758  -1.7559093   0.5753004  -0.60541356
  0.4661439   0.11056117 -1.5404112   0.28677255]
[ 0.27022097  0.06372927  0.78981227  0.09525972  2.1976097   0.01824032
 -0.5763725   0.02138667 -0.4163003  -1.7511822   0.49516207 -0.547833
  0.53747356  0.07237253 -1.5507406   0.2311544 ]
[ 0.2984994   0.0205683   0.69300234  0.2007275   2.282789   -0.07823049
 -0.5327752  -0.03528744 -0.48249912 -1.7069048   0.57684106 -0.64868706
  0.5086564   0.16177523 -1.6641566   0.3582394 ]
[ 0.30177885  0.08626331  0.6964507   0.17784849  2.272969   -0.06460789
 -0.5338933  -0.03324572 -0.45644704 -1.7308981   0.6067599  -0.614575
  0.46601743  0.13856824 -1.6840528   0.32278627]
[ 0.256687    0.08766056  0.7199198   0.12197411  2.2864454  -0.05498878
 -0.5738522   0.02104001 -0.4263274  -1.7502625   0.6349291  -0.59483564
  0.47488838  0.12480573 -1.6691643   0.29050976]
[ 0.2374943   0.08023009  0.71873003  0.17326847  2.3003006  -0.03083811
 -0.5702982   0.00237702 -0.41142526 -1.7413552   0.6202744  -0.57038486
  0.47949466  0.09616014 -1.6860634   0.2501023 ]
[ 0.24895242  0.037811    0.66378814  0.24228668  2.3578293  -0.10906005
 -0.53121704 -0.06558885 -0.52726614 -1.6951967   0.6813201  -0.6708928
  0.49349135  0.21018234 -1.7137725   0.3271064 ]
[ 0.231033    0.02774203  0.6728131   0.21932927  2.3396223  -0.09137471
 -0.54637706 -0.04432474 -0.49491435 -1.7109795   0.67017096 -0.6697807
  0.54814327  0.17725912 -1.6675221   0.287818  ]
[ 0.20580825  0.01751376  0.70905024  0.19777854  2.343568   -0.06927493
 -0.53000224 -0.06104227 -0.53942174 -1.7129761   0.6457685  -0.66928
  0.59047264  0.19106564 -1.6143169   0.24283615]
[ 0.21085174  0.05280367  0.7408234   0.15166615  2.3081608  -0.01738231
 -0.544088   -0.05627259 -0.5313775  -1.7283561   0.6034206  -0.63369036
  0.59859496  0.15634282 -1.575085    0.21137819]
[ 0.19912282  0.05307461  0.7456488   0.11136255  2.2963808  -0.0227639
 -0.56083184 -0.01051111 -0.4997689  -1.7373703   0.59185565 -0.62924975
  0.6271224   0.14840567 -1.5492656   0.18405184]
[ 0.22228447  0.05048065  0.76678634  0.15092604  2.2595866   0.01863534
 -0.52196336 -0.04163846 -0.500679   -1.7251459   0.5899526  -0.63900834
  0.6005855   0.13724054 -1.5746744   0.15212178]
[ 0.20261936  0.10060316  0.81071043  0.04170804  2.2428536   0.03321508
 -0.55461365 -0.01340596 -0.47226876 -1.7516899   0.5828457  -0.5958599
  0.57686865  0.12772456 -1.5151441   0.12969418]
[ 0.19180176  0.09755378  0.85431594  0.07262548  2.1521783   0.11073524
 -0.54181373  0.00311092 -0.44238034 -1.7500254   0.4980715  -0.54429865
  0.60099703  0.08579331 -1.5096934   0.06506856]
[ 0.20867205  0.04749004  0.7921734   0.12394191  2.2316647   0.02979258
 -0.531422   -0.04300132 -0.49688214 -1.7297844   0.570186   -0.6284658
  0.60438585  0.16871159 -1.5493734   0.1474944 ]
[ 0.23350723  0.09790467  0.8530677   0.11710098  2.134627    0.10343118
 -0.5108189  -0.03878895 -0.4595565  -1.7494447   0.5272079  -0.5751419
  0.5635269   0.11674915 -1.565373    0.09603591]
[ 0.22296667  0.10850479  0.8483025   0.06438633  2.1067677   0.1385155
 -0.55942595  0.01930568 -0.3921929  -1.7666786   0.49598557 -0.52470016
  0.54365253  0.05280436 -1.5087874   0.09576808]
[ 0.21696301  0.09252158  0.83817226  0.07184549  2.14195     0.09633295
 -0.55915123  0.0117249  -0.41510993 -1.7665169   0.4954714  -0.53580105
  0.6018028   0.06734203 -1.5136931   0.10148297]
[ 0.20784564  0.06579362  0.7480977   0.149436    2.2442431  -0.0061335
 -0.5374993  -0.03925562 -0.47757778 -1.7521012   0.6175243  -0.62444806
  0.5589439   0.17029573 -1.6014818   0.22371376]
[ 0.20058024  0.11370216  0.8047527   0.07394803  2.1860356   0.09155034
 -0.5641654  -0.00550531 -0.4249257  -1.7620792   0.5076241  -0.51681066
  0.573658    0.07655951 -1.526062    0.11777371]
[ 0.19817998  0.09532624  0.7228502   0.15405893  2.25417    -0.02624934
 -0.5633205  -0.01310031 -0.4631074  -1.747433    0.6460083  -0.60526705
  0.5328593   0.17652288 -1.6344897   0.22021046]
[ 0.20488048  0.07200541  0.7840255   0.12477857  2.2037587   0.05302111
 -0.5599252   0.0255919  -0.39570862 -1.7430573   0.5483481  -0.5512517
  0.5427877   0.08072995 -1.5832993   0.1386723 ]
[ 0.24163584  0.07065857  0.74399626  0.18669651  2.2428398  -0.02705901
 -0.52165127 -0.05309163 -0.48843408 -1.7044255   0.6152946  -0.6148926
  0.4714381   0.19286379 -1.6368427   0.22885828]
[ 0.22856358  0.0676624   0.81324977  0.10869791  2.162299    0.05612773
 -0.56479496  0.02649591 -0.41386026 -1.7348524   0.4872716  -0.5348098
  0.5460781   0.09004933 -1.5411637   0.150042  ]
[ 0.28182516  0.01935151  0.7405666   0.2125196   2.2106872  -0.01415318
 -0.49772912 -0.06505814 -0.4825728  -1.6983202   0.56262565 -0.64902604
  0.5169342   0.18304157 -1.6402916   0.26881877]
[ 0.29231277  0.10975631  0.787464    0.12859753  2.1561003   0.03083592
 -0.523485   -0.0421936  -0.43582535 -1.7429478   0.5492313  -0.5712433
  0.45904619  0.12851553 -1.6135238   0.23681362]
[ 0.2583531   0.10270704  0.78166354  0.1006978   2.150989    0.07219803
 -0.5850934   0.03959485 -0.35739043 -1.7661577   0.50717247 -0.5127782
  0.48138323  0.05102569 -1.5889375   0.21366315]
[ 0.24428408  0.06405871  0.73908454  0.15815409  2.2355323   0.00351773
 -0.5712592   0.02014464 -0.3872679  -1.7562704   0.5554715  -0.545102
  0.52767766  0.07751199 -1.6507403   0.2333839 ]
[ 0.25920597  0.05040514  0.65827334  0.24781398  2.3206604  -0.09647067
 -0.53486884 -0.04281487 -0.485298   -1.7166092   0.65611005 -0.62981844
  0.45618957  0.18361957 -1.7290363   0.35364208]
[ 0.21912952  0.05986595  0.6982029   0.15170535  2.308123   -0.04952668
 -0.5974396   0.03287929 -0.42454138 -1.7449471   0.5937486  -0.56337804
  0.5457917   0.0957493  -1.6349556   0.25881523]
[ 0.2123617  -0.00564266  0.6435796   0.23806806  2.3815062  -0.12642142
 -0.5458796  -0.03707252 -0.51110053 -1.6887972   0.6814806  -0.6834118
  0.5610221   0.21216293 -1.7008784   0.3178776 ]
[ 0.22724243  0.01323169  0.679227    0.20382038  2.3718102  -0.09286717
 -0.5291761  -0.05528856 -0.5313865  -1.6804012   0.65365857 -0.66704214
  0.53685266  0.21101551 -1.6614912   0.2692072 ]
[ 0.22239491  0.07044874  0.73903126  0.15420552  2.2979355  -0.03522959
 -0.54662836 -0.03133621 -0.5026499  -1.7207286   0.60764045 -0.62585974
  0.5472332   0.1644173  -1.6156151   0.22285867]
[ 0.21138473  0.04551361  0.7337534   0.16800246  2.2771363  -0.02781179
 -0.53265435 -0.03107557 -0.4798221  -1.722398    0.62013084 -0.6523412
  0.5751834   0.1689854  -1.6198246   0.21270685]
[ 0.21688557  0.06532045  0.78450584  0.15757768  2.2355082   0.02617556
 -0.502308   -0.0656357  -0.49929947 -1.7191099   0.5832133  -0.623644
  0.54918754  0.16800803 -1.5863978   0.15581891]
[ 0.21286535  0.12831862  0.81126386  0.08599034  2.1844761   0.05929258
 -0.55539525 -0.03007177 -0.44966802 -1.7562854   0.5729031  -0.56753886
  0.5376729   0.13614015 -1.5580069   0.13407035]
[ 0.1931419   0.06240382  0.84078157  0.09725602  2.1395469   0.12711117
 -0.55446255  0.01750362 -0.4156128  -1.7446549   0.48372722 -0.537562
  0.65131986  0.06561661 -1.5244074   0.04077215]
[ 0.25580505  0.0643544   0.78398407  0.16692446  2.2086496   0.04197363
 -0.49518496 -0.082111   -0.5046125  -1.7220402   0.5791045  -0.62095004
  0.552212    0.15342693 -1.5957569   0.1599438 ]
[ 0.24251285  0.12354587  0.8502305   0.02592778  2.1455007   0.12088543
 -0.56345123  0.0029838  -0.4114066  -1.7638047   0.50120634 -0.5228682
  0.5367649   0.04756782 -1.4928577   0.10344072]
[ 0.22341323  0.08119969  0.78806126  0.094654    2.187294    0.04608573
 -0.56067836  0.01309242 -0.42697206 -1.7689602   0.55855966 -0.57358027
  0.5831853   0.08016248 -1.5458974   0.16685462]
[ 0.23963432  0.05146574  0.7485322   0.15278661  2.2792325  -0.0280144
 -0.53382576 -0.06080303 -0.52570033 -1.7233826   0.60499024 -0.64158213
  0.52954894  0.1586219  -1.5711094   0.26929834]
[ 0.25035167  0.0721015   0.75930583  0.12970768  2.2457259  -0.00269853
 -0.56294906 -0.0303263  -0.48763838 -1.726835    0.5650603  -0.58878255
  0.5487072   0.14235114 -1.5878212   0.22245498]
[ 0.23297286  0.02283338  0.76687026  0.11791203  2.2184057   0.03890686
 -0.56459564  0.02616914 -0.438361   -1.7135776   0.5169403  -0.5669979
  0.6268393   0.06929459 -1.5615079   0.15371543]
[ 0.25067517  0.02692987  0.6974734   0.17435881  2.3214614  -0.05074276
 -0.52635396 -0.06404467 -0.5299783  -1.6747484   0.6153677  -0.65200144
  0.5415968   0.17087778 -1.6121686   0.2605029 ]
[ 0.24862656  0.07873712  0.7620939   0.08898633  2.2733748  -0.02237138
 -0.5621664  -0.00576572 -0.48543492 -1.7047058   0.58039767 -0.5970023
  0.5076027   0.13992596 -1.5871998   0.23394766]
[ 0.21691105  0.04310797  0.778597    0.14311188  2.2257981   0.02237551
 -0.55478954  0.0171052  -0.43611747 -1.7200356   0.54205513 -0.57669026
  0.590339    0.09920304 -1.602154    0.15659454]
[ 0.24469753  0.01211634  0.74442685  0.20934546  2.2939942  -0.03480966
 -0.49701414 -0.08898412 -0.5604551  -1.6771278   0.59725946 -0.6561879
  0.5687947   0.2009583  -1.611015    0.20067354]
[ 0.26162258  0.0680522   0.7933467   0.10693288  2.206328    0.02456826
 -0.54542464 -0.03431448 -0.5052261  -1.7118973   0.54029334 -0.59208125
  0.55514157  0.13454437 -1.5532265   0.19941027]
[ 0.2764668   0.04197142  0.8086359   0.09891999  2.1539903   0.06654754
 -0.5508583   0.015052   -0.4329763  -1.714824    0.49368876 -0.5673518
  0.5879272   0.05758698 -1.5360663   0.14748745]
[ 0.29011184  0.03877204  0.7446842   0.1710408   2.25842    -0.02936077
 -0.50251263 -0.06692414 -0.51868534 -1.7073278   0.59138006 -0.6657402
  0.533511    0.15164325 -1.6075706   0.2679792 ]
[ 2.4649358e-01  9.5754907e-02  7.9382771e-01  7.1241237e-02
  2.2361016e+00  1.0730609e-03 -5.5620265e-01 -2.3015741e-02
 -4.8162517e-01 -1.7459061e+00  5.7768935e-01 -5.9163058e-01
  5.4261822e-01  1.1387664e-01 -1.5420630e+00  2.1023162e-01]
[ 0.22219586  0.06018936  0.77754766  0.12089507  2.2290606   0.04044182
 -0.56857574 -0.00851467 -0.457651   -1.7517906   0.53791034 -0.5784055
  0.5841741   0.07660773 -1.5431645   0.20732355]
[ 0.23604143  0.06339221  0.69674546  0.17760594  2.3121572  -0.0620702
 -0.5388217  -0.07961882 -0.51378274 -1.7308447   0.6591709  -0.6723792
  0.555535    0.17185473 -1.6129287   0.28786144]
[ 0.22386901  0.10291259  0.71901745  0.15400985  2.283186   -0.04838488
 -0.5427172  -0.04047142 -0.51159966 -1.7457613   0.6708168  -0.6378344
  0.48678654  0.16117565 -1.6021208   0.2766463 ]
[ 0.18547443  0.05681326  0.7627362   0.09369069  2.2734933   0.01202757
 -0.6091603   0.02403304 -0.434345   -1.7457206   0.5730932  -0.5731125
  0.5766774   0.0904033  -1.5220835   0.1833852 ]
[ 0.23619744  0.02766014  0.716272    0.19477686  2.3012195  -0.06334917
 -0.5342523  -0.03726856 -0.50975734 -1.7154915   0.60134315 -0.6469841
  0.553206    0.16616414 -1.618632    0.27848738]
[ 0.24758978  0.0409283   0.70148414  0.1919831   2.2843618  -0.05444078
 -0.52086425 -0.06512825 -0.50734603 -1.7104332   0.6274292  -0.66335815
  0.51934916  0.18941681 -1.6209183   0.28999966]
[ 0.25804183  0.09793781  0.76074445  0.11067063  2.2280054  -0.01554678
 -0.54434747 -0.02015002 -0.46092892 -1.7520981   0.5760099  -0.6046363
  0.5089469   0.14061457 -1.5765421   0.24335217]
[ 0.23356438  0.07858098  0.7489809   0.14919862  2.217794   -0.0119309
 -0.54401135 -0.00958568 -0.43212003 -1.7516409   0.5976366  -0.598149
  0.5179504   0.14812638 -1.6343685   0.23805332]
[ 0.20460525  0.08354716  0.80920804  0.09625284  2.1949096   0.0654142
 -0.57003564  0.01523542 -0.39604568 -1.7652804   0.51693    -0.52033293
  0.5882262   0.08711331 -1.5787141   0.1139796 ]
[ 0.22120571  0.07073611  0.7276329   0.18928586  2.2678351  -0.01613045
 -0.5350401  -0.03852215 -0.47875682 -1.7338746   0.6156181  -0.60611117
  0.5376686   0.18198267 -1.6724237   0.21577685]
[ 0.20478483  0.08380565  0.78714967  0.11127019  2.2187686   0.05061152
 -0.5693804   0.02676526 -0.4051559  -1.756307    0.5627295  -0.54563814
  0.5784944   0.08172287 -1.5983256   0.11280302]
[ 0.21394917  0.0702409   0.7305322   0.19000858  2.2916243  -0.02743598
 -0.5311061  -0.04439368 -0.484821   -1.7280782   0.65048563 -0.63698065
  0.5319522   0.17432356 -1.6586831   0.20451312]
[ 1.74973652e-01  7.87525624e-02  8.28512967e-01  7.92292804e-02
  2.23736548e+00  6.60375506e-02 -5.66066384e-01 -1.37941237e-03
 -4.52350706e-01 -1.74828207e+00  5.48912525e-01 -5.53525329e-01
  6.12314343e-01  1.00720584e-01 -1.53723669e+00  7.53661171e-02]
[ 0.16723178  0.02761449  0.7547966   0.17140846  2.2963014  -0.00557043
 -0.54174864 -0.06080218 -0.5390738  -1.7119602   0.6027459  -0.64523286
  0.656304    0.20261808 -1.5655401   0.13558204]
[ 0.18505555  0.03411258  0.82136613  0.11368115  2.23184     0.07913103
 -0.52743423 -0.04611826 -0.5115751  -1.7239144   0.53925765 -0.6245423
  0.6706669   0.14160435 -1.5156235   0.07572775]
[ 0.18907353  0.10203302  0.86183465  0.07308147  2.18275     0.11008935
 -0.5192137  -0.0511175  -0.49010998 -1.7415348   0.5487984  -0.5933028
  0.64658153  0.12809768 -1.5261415   0.02067655]
[ 0.14594635  0.09930623  0.90198785  0.00794071  2.1257293   0.21088381
 -0.55866355  0.0051068  -0.44431847 -1.7433603   0.4600388  -0.5261166
  0.66113806  0.03907366 -1.3985693  -0.04480854]
[ 0.2174932   0.06716301  0.9072552   0.02141389  2.1186235   0.17146571
 -0.53626364 -0.0100653  -0.46627894 -1.7249178   0.44433028 -0.54411745
  0.6546188   0.05622268 -1.4213183  -0.01355237]
[ 0.2464201   0.06117036  0.84825766  0.06784965  2.1610951   0.0680999
 -0.5034105  -0.03142191 -0.49060717 -1.7125021   0.5429118  -0.6281058
  0.58999264  0.15122105 -1.5236456   0.09662808]
[ 0.21121931  0.05537976  0.9054508   0.01122008  2.0915883   0.19397363
 -0.5240471  -0.01119667 -0.45134646 -1.7274513   0.4547029  -0.5502898
  0.6739286   0.04540255 -1.4338335  -0.00345707]
[ 0.24559358  0.0772288   0.86835706  0.033811    2.1753826   0.11877681
 -0.5266668  -0.05498651 -0.51734716 -1.7157131   0.4720088  -0.56945544
  0.62926614  0.09612189 -1.4713628   0.08439212]
[ 0.2381979   0.07608464  0.8510259   0.07689185  2.1074195   0.15467162
 -0.5512582   0.0148422  -0.42206582 -1.7381172   0.4583725  -0.5284374
  0.61952806  0.02976989 -1.5076911   0.06470232]
[ 0.24779312  0.07699241  0.81448764  0.07601426  2.156962    0.07905092
 -0.54631144  0.01034333 -0.43380365 -1.7498705   0.5336031  -0.57395303
  0.5952214   0.05708884 -1.5203693   0.12195063]
[ 0.26562077  0.06074864  0.78249437  0.07396771  2.2369845  -0.0106195
 -0.5432645  -0.0198526  -0.5069941  -1.7204202   0.57860583 -0.61802834
  0.51596504  0.13020307 -1.5258583   0.2499557 ]
[ 0.24467297  0.04090325  0.8138099   0.07004014  2.1815972   0.05828317
 -0.5850522   0.0219068  -0.45676035 -1.7164364   0.45429763 -0.52809954
  0.59183717  0.0783234  -1.4798946   0.15873897]
[ 0.2862749  -0.02371055  0.72275513  0.18574907  2.2226195  -0.02652867
 -0.5164762  -0.02283634 -0.50597745 -1.6671444   0.5365973  -0.6455072
  0.6074034   0.1662943  -1.6127338   0.24134406]
[ 0.2760721   0.0179002   0.7483059   0.14522533  2.2359357  -0.01449611
 -0.5162586  -0.01530697 -0.47072655 -1.6994693   0.556971   -0.6160358
  0.5652784   0.12166242 -1.6093342   0.22179475]
[ 0.24650565  0.08245596  0.7917959   0.04489234  2.227288    0.03452174
 -0.57706654  0.02483939 -0.44677705 -1.7111197   0.5238756  -0.52396756
  0.5557084   0.08953048 -1.564593    0.148669  ]
[ 0.18672752  0.03627244  0.75342953  0.13043515  2.2705903   0.01875179
 -0.5861217   0.02588292 -0.43680406 -1.7233196   0.56247354 -0.56208074
  0.6184102   0.09754332 -1.593525    0.14621577]
[ 0.22591707  0.0102699   0.6960397   0.24105993  2.3311818  -0.05828865
 -0.517074   -0.06560089 -0.52899724 -1.6738383   0.62620485 -0.6640331
  0.5607997   0.19392711 -1.6508734   0.22031927]
[ 0.20495865  0.04156565  0.77276874  0.1429932   2.265737   -0.00881023
 -0.54134715 -0.02303849 -0.5185875  -1.7060684   0.59537923 -0.613185
  0.58572316  0.17073344 -1.5698497   0.1459526 ]
[ 0.18843941  0.00955137  0.8341814   0.08304965  2.19171     0.07806361
 -0.5643076   0.02887696 -0.47401887 -1.6946259   0.47806615 -0.57025313
  0.63920534  0.09862466 -1.4692748   0.08701421]
[ 0.25842276 -0.01702357  0.7803835   0.17032929  2.2183971   0.02435292
 -0.50692093 -0.06021423 -0.54788685 -1.661162    0.5150076  -0.6430416
  0.61932755  0.16974251 -1.532429    0.15903153]
[ 0.26608488  0.0322415   0.8411072   0.09381469  2.1544952   0.06689811
 -0.5091541  -0.02057493 -0.507043   -1.7032578   0.47151643 -0.59443015
  0.64674914  0.10423051 -1.5074438   0.11002384]
[ 0.23929134  0.06180335  0.8451336   0.02801639  2.130307    0.11009888
 -0.5307542   0.01416457 -0.44649425 -1.7280842   0.49147543 -0.54942393
  0.63596404  0.05509569 -1.4919298   0.07911124]
[ 0.21631792  0.11795186  0.83277404  0.04559459  2.1665745   0.1256993
 -0.54651403 -0.02966743 -0.45269364 -1.7428566   0.50055563 -0.52873003
  0.60906065  0.06327331 -1.5065739   0.07425033]
[ 0.24599576  0.1014266   0.7474988   0.09435742  2.2435775  -0.01114923
 -0.5447953  -0.02597407 -0.4901348  -1.7377288   0.6242765  -0.6163385
  0.5206288   0.14965133 -1.5758104   0.22289956]
[ 0.22025728  0.08186307  0.8103243   0.09152785  2.186794    0.06450769
 -0.5533801   0.00749969 -0.42174798 -1.7541355   0.55788094 -0.5722923
  0.58047944  0.07461417 -1.5505521   0.12100768]
[ 0.20552938  0.05766024  0.7768671   0.14555514  2.2564633  -0.00537272
 -0.5272801  -0.06015369 -0.5253115  -1.7299287   0.62856627 -0.6342567
  0.5684336   0.18114313 -1.5851623   0.19303432]
[ 0.1829335   0.05218337  0.8307603   0.06967556  2.2012286   0.09743111
 -0.5732234  -0.01227378 -0.48969626 -1.72721     0.48116136 -0.5396501
  0.6531332   0.08263372 -1.4584947   0.0948271 ]
[ 2.0684199e-01  2.1996438e-03  7.4109900e-01  1.8216109e-01
  2.2610550e+00  1.2706282e-03 -5.3218389e-01 -6.0207985e-02
 -5.3626776e-01 -1.6882279e+00  5.7637364e-01 -6.5585625e-01
  6.6168135e-01  1.7415430e-01 -1.5609989e+00  1.7283110e-01]
[ 0.22835645  0.06317275  0.7856183   0.1265645   2.2177553   0.03940078
 -0.520747   -0.03912247 -0.49690065 -1.7311065   0.5708153  -0.6280136
  0.59796315  0.11805217 -1.5361233   0.15032199]
[ 0.17698447  0.10171995  0.85225356  0.00787404  2.1862893   0.09384839
 -0.5766927   0.0117184  -0.44903785 -1.7443144   0.52453005 -0.53922653
  0.602655    0.08445764 -1.448122    0.05937241]
[ 0.16254948  0.06598393  0.8413534   0.07184462  2.2026887   0.09712322
 -0.57209146  0.01052481 -0.4511972  -1.7329212   0.5026495  -0.55199426
  0.63307256  0.09267612 -1.4774814   0.04882307]
[ 0.2399139   0.03887965  0.78461313  0.1601439   2.2310507   0.03572588
 -0.5012234  -0.07493831 -0.52461326 -1.698827    0.552516   -0.6498663
  0.5876225   0.16738126 -1.5628116   0.16087823]
[ 0.23477283  0.11582653  0.84203416  0.09712999  2.1499696   0.08382092
 -0.5192496  -0.05526447 -0.47197622 -1.7470465   0.5657953  -0.59156483
  0.56771123  0.13121884 -1.5457796   0.08655521]
[ 0.17248043  0.07825591  0.8813385   0.02684625  2.1274688   0.16577832
 -0.5678072   0.01971172 -0.4167327  -1.7649105   0.49263525 -0.5421584
  0.6367246   0.05306881 -1.4558508   0.03561451]
[ 0.20791967  0.09292607  0.8612722   0.06339988  2.1535      0.14162816
 -0.5423497  -0.04066267 -0.46770096 -1.7466704   0.4998191  -0.5439429
  0.6170624   0.06251526 -1.4809313   0.06626147]
[ 0.20651555  0.07940427  0.7600595   0.13666232  2.2384841   0.00834386
 -0.5460229  -0.04774573 -0.51786125 -1.7525047   0.6131455  -0.6279313
  0.5882746   0.16369776 -1.5543352   0.19905694]
[ 0.220765    0.07390071  0.80709493  0.07337956  2.1846871   0.09505013
 -0.5515694  -0.00895198 -0.44704446 -1.7572085   0.5354017  -0.5784523
  0.6251198   0.04656607 -1.4921467   0.11883737]
[ 0.17940935  0.08919767  0.7470569   0.09616582  2.2945883  -0.01853145
 -0.54833376 -0.04892078 -0.52343583 -1.7326351   0.64664453 -0.62081814
  0.5645417   0.1720624  -1.5404854   0.1906185 ]
[ 0.16723685  0.07414764  0.79876506  0.05299643  2.2282398   0.07038797
 -0.5866066   0.01773378 -0.4618737  -1.7242453   0.50723666 -0.54014623
  0.6340846   0.09085716 -1.478462    0.09543455]
[ 0.20142451  0.01745824  0.75567526  0.1365575   2.2829275  -0.01806422
 -0.5353091  -0.03197641 -0.51585114 -1.7012268   0.57010305 -0.6449938
  0.6280291   0.1885217  -1.5570257   0.17025945]
[ 0.23043613  0.05771833  0.8135661   0.17520073  2.178728    0.05180929
 -0.4897254  -0.05176264 -0.5055059  -1.7103488   0.5579506  -0.61447585
  0.57261264  0.17976227 -1.5981871   0.09548765]
[ 0.17330427  0.07552243  0.8928355   0.01917266  2.122434    0.17504239
 -0.5788175   0.02886665 -0.42683488 -1.7413082   0.45806223 -0.51415414
  0.62692547  0.06046631 -1.4324862   0.0032615 ]
[ 0.20158544  0.0511528   0.87951887  0.06796138  2.1278675   0.15082863
 -0.5498668   0.00923955 -0.45581207 -1.7104352   0.4401288  -0.52347696
  0.6558379   0.06014334 -1.4784315   0.01599964]
[ 0.2141119   0.03224791  0.7796696   0.14575994  2.220236    0.04685179
 -0.51675683 -0.04611837 -0.51191485 -1.6971029   0.55313325 -0.6164586
  0.63800466  0.15753362 -1.5690114   0.11390433]
[ 0.20381472  0.11261289  0.8506296   0.0559049   2.1433082   0.1404364
 -0.5275658  -0.01524954 -0.4435247  -1.7428296   0.48906404 -0.5363434
  0.61359596  0.05581716 -1.4875834   0.03157745]
[ 0.1991322   0.09962422  0.79030704  0.07576708  2.2238288   0.02598394
 -0.54536176 -0.01244905 -0.46507415 -1.7606037   0.59858525 -0.5997369
  0.5620211   0.14090471 -1.5354034   0.14855306]
[ 1.8599403e-01  9.8295920e-02  8.4450781e-01  6.9995046e-02
  2.1615009e+00  1.3005844e-01 -5.5801439e-01 -3.7185551e-04
 -4.0948749e-01 -1.7631419e+00  5.1747334e-01 -5.3796488e-01
  5.9725243e-01  5.3654920e-02 -1.4889835e+00  4.2557914e-02]
[ 0.1926139   0.06604952  0.7682059   0.14223576  2.238089    0.02008908
 -0.5318929  -0.04796734 -0.50287026 -1.7377695   0.61567855 -0.62202024
  0.58968276  0.17478499 -1.570024    0.1501214 ]
[ 0.19578817  0.09582107  0.8576435   0.05467452  2.1532922   0.13631465
 -0.5518676  -0.00837011 -0.4393943  -1.7617939   0.48381656 -0.52741396
  0.6287966   0.05313427 -1.4661593   0.03957125]
[ 0.20150974  0.08298643  0.7691878   0.1261321   2.2252755   0.02176307
 -0.5357613  -0.03533712 -0.48795098 -1.7547865   0.60292786 -0.6086614
  0.5840641   0.16384085 -1.5655968   0.15622802]
[ 0.20906012  0.12311299  0.8366863   0.04970228  2.1417618   0.12022001
 -0.5431223   0.00484571 -0.40513605 -1.7660496   0.52579486 -0.5347838
  0.5808176   0.06388083 -1.5139987   0.05089922]
[ 0.20660833  0.10379474  0.7726097   0.08024134  2.2353396   0.00698354
 -0.54954934 -0.01773361 -0.4625535  -1.7578802   0.6206604  -0.6047564
  0.54588276  0.15483162 -1.56407     0.17621213]
[ 0.19799401  0.08988029  0.8491496   0.0555647   2.1719346   0.11525561
 -0.5560825   0.00281757 -0.41168347 -1.7502766   0.4968452  -0.517627
  0.6110075   0.05805308 -1.5070353   0.03735692]
[ 0.22003058  0.05344683  0.76858324  0.16141948  2.2370017   0.03558185
 -0.5136963  -0.0622173  -0.5107495  -1.7069919   0.5764421  -0.61853373
  0.5681407   0.16825859 -1.5942836   0.16341142]
[ 0.19596419  0.10218613  0.8529272   0.06026385  2.1455083   0.13604406
 -0.5428023  -0.01954525 -0.44003636 -1.7342603   0.5056199  -0.5287944
  0.62388337  0.07550833 -1.510029    0.01986917]
[ 0.21473785  0.06597827  0.79766595  0.11949519  2.2104695   0.04857524
 -0.52918845 -0.03562468 -0.5064694  -1.7249228   0.5692008  -0.61393356
  0.56656647  0.15030351 -1.5514042   0.16462557]
[ 0.22025895  0.06646089  0.8831016   0.05734907  2.1312127   0.16484551
 -0.5443203  -0.00429864 -0.4293275  -1.7209154   0.43000683 -0.5020127
  0.6266022   0.03753393 -1.4703082  -0.00371886]
[ 0.21887513  0.04501899  0.7858303   0.15306759  2.222869    0.03200983
 -0.5205633  -0.05318495 -0.55014646 -1.7122066   0.56564987 -0.623043
  0.6301828   0.16351427 -1.5546534   0.14187185]
[ 0.23609488  0.04610895  0.8334171   0.0350103   2.1604774   0.13047186
 -0.55223846 -0.01095208 -0.47425538 -1.7079773   0.47253284 -0.5581564
  0.6596945   0.03601607 -1.4463218   0.08501825]
[ 0.28007874  0.06433643  0.78284365  0.09067982  2.2241416   0.01308493
 -0.51914144 -0.053098   -0.5434184  -1.6760647   0.54587173 -0.6081499
  0.5595499   0.13659209 -1.5452607   0.19610204]
[ 0.26677623  0.04673152  0.79629344  0.08229685  2.1764355   0.04993242
 -0.5404014   0.01953772 -0.43964234 -1.7077574   0.5068842  -0.5782469
  0.56870025  0.06315317 -1.5328493   0.16924493]
[ 0.2615932   0.02682552  0.7593378   0.14369163  2.262659   -0.04857231
 -0.495936   -0.04490956 -0.51713365 -1.6975769   0.5775803  -0.6506062
  0.56010747  0.1684123  -1.5935094   0.23635101]
[ 0.23366074  0.05414821  0.7764669   0.15020886  2.231644    0.01288429
 -0.5369519  -0.05602043 -0.51391053 -1.7222586   0.57321995 -0.6077965
  0.56298417  0.14445859 -1.5661107   0.21099135]
[ 0.21510525  0.03151955  0.7830486   0.09575448  2.2150955   0.05925639
 -0.58511055  0.01114212 -0.4585622  -1.7310333   0.48843995 -0.55585694
  0.6591064   0.0643847  -1.493386    0.14810078]
[ 0.24503286  0.03920335  0.7143267   0.18683663  2.2963345  -0.03088787
 -0.51954734 -0.07173298 -0.5296919  -1.7114013   0.620104   -0.6638505
  0.5929307   0.15451892 -1.6007175   0.22641563]
[ 0.20897631  0.09215286  0.7554627   0.06089959  2.291156   -0.00965098
 -0.5654443  -0.01105215 -0.4814888  -1.746795    0.63070524 -0.6100501
  0.5578536   0.12654862 -1.5443077   0.19233282]
[ 0.16615625  0.08890006  0.80368054  0.06792484  2.2741113   0.0617494
 -0.5850255  -0.0070988  -0.46557283 -1.7329534   0.56595033 -0.5560705
  0.60705054  0.09763692 -1.5218993   0.07952748]
[ 0.20864287  0.03118193  0.75296515  0.14219661  2.308854   -0.00493468
 -0.53946036 -0.0515208  -0.54032844 -1.6945591   0.5941835  -0.64804137
  0.6058915   0.16789457 -1.5656099   0.17911498]
[ 0.22112973  0.04351035  0.78543067  0.15082057  2.2602086   0.02247085
 -0.51277715 -0.08277586 -0.555171   -1.6896101   0.5821994  -0.6484473
  0.63066286  0.17624018 -1.553736    0.11428318]
[ 0.23217118  0.0462633   0.8526152   0.08611242  2.1771379   0.09237832
 -0.5145308  -0.05054237 -0.54699993 -1.714254    0.5236366  -0.6197517
  0.6234562   0.12343238 -1.4759881   0.10950708]
[ 0.24573001  0.04013835  0.9001238  -0.00920547  2.1086993   0.17028011
 -0.54314137 -0.00912273 -0.48621416 -1.6957471   0.427543   -0.5426961
  0.67320937  0.04940428 -1.3934056   0.0071807 ]
[ 0.24497108  0.00590156  0.8264734   0.08481196  2.1950324   0.0672786
 -0.52901304 -0.03525794 -0.5588392  -1.6784182   0.5033517  -0.6172056
  0.6852927   0.12381013 -1.482372    0.10857803]
[ 0.25991955  0.01429896  0.8409176   0.03851771  2.1442697   0.1380542
 -0.534616   -0.0100061  -0.49315152 -1.6767248   0.43294436 -0.56807625
  0.6831793   0.01685842 -1.4406513   0.09959541]
[ 2.8194439e-01  5.2195549e-02  7.8289050e-01  6.7603670e-02
  2.2314146e+00  6.9588423e-04 -5.2988470e-01 -3.1345896e-02
 -5.3528404e-01 -1.6811695e+00  5.3704756e-01 -6.0739869e-01
  5.5919355e-01  1.1786914e-01 -1.5074871e+00  2.1078727e-01]
[ 0.26349968  0.02683458  0.7813786   0.08540053  2.190485    0.02963976
 -0.5637156   0.03340457 -0.44176418 -1.7124134   0.5091784  -0.5855545
  0.5752624   0.06143514 -1.500394    0.19555534]
[ 0.2957101  -0.00743151  0.75821567  0.12945446  2.2558515  -0.06706105
 -0.52222425 -0.01937796 -0.5110816  -1.6821091   0.54795724 -0.6500667
  0.5247704   0.1559497  -1.5512242   0.29350552]
[ 0.28824645  0.03065509  0.74703795  0.16302702  2.2067342  -0.03640596
 -0.5366469  -0.03154757 -0.50656563 -1.6985958   0.5389871  -0.61237323
  0.5214599   0.16982509 -1.5874134   0.29466963]
[ 0.25747854  0.00881998  0.7807554   0.12336989  2.1558082   0.05072432
 -0.56967616  0.04034261 -0.42310968 -1.7180393   0.43122083 -0.5404194
  0.6293624   0.05974119 -1.5324218   0.19471726]
[ 0.27986604  0.02876359  0.6987206   0.21717778  2.2690272  -0.05593996
 -0.5122781  -0.03550326 -0.48136407 -1.7064354   0.5818734  -0.61872834
  0.52176994  0.14948763 -1.6746705   0.28796571]
[ 0.2631568   0.10238858  0.7344514   0.09523527  2.2463315  -0.02274077
 -0.57976264  0.04361859 -0.40702182 -1.7386961   0.5917062  -0.5440506
  0.47313038  0.08768069 -1.6335964   0.23691611]
[ 0.2113153   0.06866485  0.7214819   0.15064032  2.2933605  -0.03276465
 -0.58647096  0.03590195 -0.40295514 -1.7479664   0.6161524  -0.57286686
  0.53684056  0.10065895 -1.6560838   0.21080771]
[ 0.23447676  0.02401077  0.6709157   0.23716155  2.3685174  -0.10214011
 -0.5290445  -0.0656331  -0.5087033  -1.6926334   0.66624296 -0.676215
  0.51422507  0.20431232 -1.6937883   0.29748127]
[ 0.20771389  0.06194258  0.72224516  0.1827131   2.3225207  -0.05311192
 -0.53681743 -0.06182621 -0.5233374  -1.7277172   0.6485359  -0.6473311
  0.5598276   0.2005311  -1.6311289   0.22259668]
[ 0.21015692  0.06537403  0.74884135  0.16208848  2.277282   -0.00496684
 -0.53563774 -0.04829288 -0.4920619  -1.7376953   0.6344453  -0.64380616
  0.5715508   0.16131213 -1.613785    0.19121215]
[ 0.2199929   0.08273631  0.7864844   0.12914345  2.2597435   0.0379693
 -0.5244943  -0.07282009 -0.5150683  -1.726806    0.59654474 -0.6239087
  0.5668615   0.14064851 -1.5689065   0.15789293]
[ 0.22753954  0.10754377  0.7931248   0.11012246  2.2267795   0.04427623
 -0.5361222  -0.05848343 -0.50262034 -1.7306207   0.592064   -0.5947986
  0.5614586   0.13637273 -1.5636406   0.13252668]
[ 0.19604878  0.05195575  0.8211498   0.07668638  2.1975656   0.09731103
 -0.5512659   0.00279786 -0.45748645 -1.7443688   0.5213684  -0.57624227
  0.6547291   0.07275178 -1.497016    0.07767771]
[ 0.22092476  0.08626054  0.78239787  0.1369412   2.2530956   0.03832177
 -0.5074085  -0.09405394 -0.54582334 -1.723566    0.58581746 -0.63237965
  0.58615863  0.1495442  -1.542298    0.15268184]
[ 0.19399014  0.09851009  0.8005188   0.06840759  2.2357228   0.04657144
 -0.556913   -0.02867183 -0.5293739  -1.7542871   0.57352    -0.5943825
  0.61241037  0.1404364  -1.4889536   0.12867776]
[ 2.0796700e-01  6.5411009e-02  8.3035612e-01  7.9219088e-02
  2.1604278e+00  1.2801644e-01 -5.5053866e-01  1.7201543e-03
 -4.5036831e-01 -1.7402544e+00  5.0718075e-01 -5.6142074e-01
  6.4263499e-01  4.6230733e-02 -1.4819610e+00  5.8782708e-02]
[ 0.2501918   0.08121666  0.7722288   0.11994205  2.241451    0.02276595
 -0.51856375 -0.06105558 -0.5272338  -1.7024285   0.59093535 -0.62411296
  0.544962    0.13000198 -1.5474514   0.17424563]
[ 0.23879048  0.09388778  0.81214553  0.05126175  2.1829739   0.07709563
 -0.56010234  0.01019829 -0.4423654  -1.7324301   0.5112754  -0.5522876
  0.58001155  0.05239586 -1.4838268   0.10733664]
[ 0.2737133   0.03628254  0.7631709   0.10851662  2.2496858  -0.02669957
 -0.51712453 -0.02382059 -0.48370504 -1.7182839   0.569105   -0.6501604
  0.5447234   0.14205787 -1.5582473   0.23999162]
[ 0.25129917  0.10681808  0.77922434  0.12996729  2.2030435   0.02086458
 -0.5114921  -0.06958469 -0.47426566 -1.7623516   0.6011292  -0.6156763
  0.54099965  0.15020022 -1.5904222   0.18746871]
[ 0.24777289  0.1365016   0.78073037  0.0751302   2.1980186   0.03155211
 -0.54878825 -0.0175989  -0.43901005 -1.8009386   0.5920353  -0.58512133
  0.5057305   0.10872289 -1.5665526   0.23118608]
[ 0.22814408  0.12174897  0.7858788   0.08498611  2.1902862   0.06643808
 -0.56949425  0.00335304 -0.3811153  -1.8126751   0.57134664 -0.54139316
  0.5731716   0.04816175 -1.5696306   0.14690122]
[ 0.24276671  0.09398784  0.70519686  0.18012749  2.280789   -0.05165095
 -0.5410806  -0.03098693 -0.47211212 -1.7647187   0.66282475 -0.6292447
  0.48472196  0.15034159 -1.6490078   0.28759232]
[ 0.21500377  0.09185811  0.73958004  0.08161213  2.268317   -0.01735103
 -0.59417605  0.02996202 -0.39942452 -1.7852924   0.59924495 -0.5666352
  0.5504304   0.07539172 -1.5557804   0.21593413]
[ 0.20322318  0.04495754  0.70292133  0.16331907  2.3319004  -0.09016025
 -0.5563353  -0.02417577 -0.5046542  -1.73846     0.65596545 -0.65385175
  0.5678752   0.19687936 -1.6270027   0.27642974]
[ 0.17430227  0.03037144  0.7194842   0.16696341  2.3310356  -0.04368384
 -0.55398905 -0.03672577 -0.49466857 -1.727906    0.6415291  -0.6441925
  0.59451854  0.19790803 -1.6243255   0.2158533 ]
[ 0.18641984  0.08229212  0.7681161   0.15660612  2.2675133   0.01832761
 -0.540326   -0.03895877 -0.49338323 -1.7346226   0.57840735 -0.5963212
  0.5827029   0.16092615 -1.6041123   0.1523966 ]
[ 0.21207824  0.09067656  0.76821107  0.15256871  2.2129211   0.02886503
 -0.5381775  -0.01837616 -0.45752677 -1.735396    0.58494556 -0.5986669
  0.5325863   0.14211872 -1.602979    0.17262408]
[ 0.19049445  0.08593006  0.83425224  0.09561919  2.1445913   0.09427149
 -0.55374676  0.01977072 -0.4011897  -1.7406759   0.5238102  -0.5397333
  0.5802561   0.09410378 -1.5418798   0.05706168]
[ 0.21340916  0.05779324  0.7932007   0.14388768  2.1922667   0.02874001
 -0.5194539  -0.035042   -0.4774992  -1.7179012   0.5698958  -0.6034868
  0.5359535   0.18430829 -1.582363    0.16202688]
[ 0.2265764   0.07963745  0.87512     0.07054514  2.092176    0.14317542
 -0.5388567   0.00741284 -0.4079743  -1.7367108   0.41796675 -0.49641418
  0.57776356  0.0705654  -1.494721    0.0586784 ]
[ 0.27317414  0.08173577  0.79153854  0.19614014  2.1236494   0.05480794
 -0.48660582 -0.05292423 -0.45309848 -1.7377651   0.5443481  -0.59745353
  0.53221357  0.1651042  -1.6487112   0.15955058]
[ 0.23389348  0.12430914  0.8435934   0.0531309   2.0983307   0.14152953
 -0.54587936  0.01326492 -0.3544515  -1.7808129   0.517773   -0.52214825
  0.5536624   0.02627429 -1.5448087   0.08650475]
[ 2.0179005e-01  1.3913262e-01  7.9894543e-01  5.8430366e-02
  2.2023864e+00  8.7152705e-02 -5.8047497e-01 -9.2521607e-04
 -3.9852744e-01 -1.7595093e+00  5.6742352e-01 -5.1613361e-01
  5.1718771e-01  6.9177464e-02 -1.5560449e+00  1.1558442e-01]
[ 1.7487814e-01  7.8627698e-02  7.6146722e-01  1.0314773e-01
  2.2673926e+00  3.9371148e-02 -5.8466989e-01  1.8925368e-04
 -4.5512947e-01 -1.7486391e+00  5.8646429e-01 -5.5770528e-01
  6.1558115e-01  9.9461295e-02 -1.5727173e+00  1.3725758e-01]
[ 0.21336813  0.04900011  0.7019374   0.2071146   2.337772   -0.03800399
 -0.51799357 -0.09798858 -0.53974223 -1.6903003   0.67687905 -0.67532897
  0.5606614   0.18801549 -1.6442369   0.21522951]
[ 0.17942426  0.09482801  0.74804384  0.14470124  2.3004184  -0.00330194
 -0.52489126 -0.08348441 -0.56106365 -1.7233858   0.6759356  -0.6516545
  0.56818074  0.18042001 -1.5676855   0.16910544]
[ 0.15020418  0.07718874  0.8199973   0.05132795  2.25042     0.0937584
 -0.5702596  -0.03230709 -0.51211274 -1.7246393   0.56188357 -0.57980925
  0.6601529   0.07889405 -1.4312634   0.05002639]
[ 0.20979552 -0.00260905  0.7830385   0.12600994  2.2893844   0.02384799
 -0.51855785 -0.09081046 -0.6157688  -1.6583105   0.54899174 -0.6696479
  0.66836905  0.17105381 -1.468703    0.1503473 ]
[ 0.24177118  0.03971918  0.8172947   0.09779888  2.1997132   0.07845201
 -0.5003477  -0.10235028 -0.5916506  -1.6637433   0.52502495 -0.6445798
  0.6710949   0.1513628  -1.4487348   0.07386346]
[ 0.27195442  0.04553782  0.86078566  0.00978561  2.1358573   0.11906888
 -0.5141914  -0.02019307 -0.5218574  -1.6922874   0.47898382 -0.6111863
  0.63626397  0.08022673 -1.425863    0.09233858]
[ 2.6167241e-01  5.0488543e-02  9.1829169e-01 -1.3334674e-02
  2.0838058e+00  1.9288060e-01 -5.1487708e-01 -6.3909739e-03
 -4.5006078e-01 -1.7022804e+00  3.8504177e-01 -5.2811712e-01
  6.4132321e-01 -6.6280813e-04 -1.3789097e+00  4.9023153e-03]
[ 0.25800893  0.06970499  0.83126277  0.05539112  2.186223    0.04218901
 -0.5246081  -0.02799562 -0.5179494  -1.7427714   0.5232907  -0.60558563
  0.6056894   0.12348702 -1.4919636   0.16291195]
[ 0.2506183   0.06535526  0.8217575   0.05924424  2.1443448   0.12250783
 -0.54251224 -0.01550137 -0.4485008  -1.7435068   0.49756736 -0.5643312
  0.6284797   0.03143295 -1.4768765   0.11558272]
[ 0.25017035  0.08454891  0.7424925   0.09735299  2.2652326  -0.01052472
 -0.5457367  -0.03596725 -0.5189494  -1.7247807   0.61143434 -0.6104385
  0.57114977  0.12682082 -1.5594629   0.20449188]
[ 0.21619599  0.07034487  0.7595037   0.08452598  2.257141    0.03724896
 -0.5777604   0.02013915 -0.4497826  -1.7350276   0.56246424 -0.5699302
  0.6002531   0.04929513 -1.5206488   0.14235088]
[ 0.24807057  0.05165312  0.73494154  0.10533281  2.324453   -0.05450179
 -0.53743845 -0.02455282 -0.50145566 -1.7181091   0.61208916 -0.644863
  0.55091804  0.13442746 -1.5699644   0.23799224]
[ 0.23536272  0.10198786  0.7288658   0.15785494  2.2988613  -0.03870859
 -0.5191487  -0.08715697 -0.53161037 -1.7279556   0.6661745  -0.6631804
  0.52718765  0.1800563  -1.5978117   0.21731055]
[ 0.20798716  0.07796392  0.77949417  0.07105251  2.2734656   0.00470756
 -0.55098677 -0.02953242 -0.5001226  -1.7530823   0.614349   -0.63760006
  0.6026469   0.14369942 -1.5263056   0.16877384]
[ 0.22835438  0.08100487  0.8066727   0.1154042   2.2374573   0.05540531
 -0.521043   -0.07695241 -0.5141137  -1.7327551   0.56964386 -0.6212073
  0.5995778   0.13403197 -1.5451027   0.1291615 ]
[ 0.20563245  0.09536694  0.8087242   0.10126792  2.2118154   0.05865163
 -0.53424275 -0.04680029 -0.51035684 -1.7554458   0.5926024  -0.6078664
  0.61281395  0.13456672 -1.5377797   0.1154481 ]
[ 0.22690646  0.08020146  0.8367419   0.06036636  2.1572652   0.11967881
 -0.54384136 -0.0121051  -0.45855635 -1.7570488   0.52387196 -0.57436484
  0.6238822   0.03810653 -1.4736929   0.09725279]
[ 0.25177184  0.08866359  0.7806239   0.08639409  2.2507412   0.00321559
 -0.5350358  -0.0538426  -0.52811986 -1.734545    0.6088886  -0.6304022
  0.5267499   0.13403527 -1.5191135   0.21863568]
[ 0.23693332  0.07895587  0.8107642   0.0597428   2.17784     0.07258336
 -0.5590374   0.00247627 -0.46124655 -1.7357376   0.5237669  -0.5692361
  0.59050906  0.06933347 -1.4909929   0.13995038]
[ 0.25546128  0.0140129   0.72147024  0.10502889  2.289331   -0.04377997
 -0.5314857  -0.0381727  -0.51735413 -1.7035574   0.5981693  -0.6665839
  0.5867111   0.15385786 -1.5439385   0.27062687]
[ 0.2395391   0.07814685  0.76996356  0.10595913  2.2589476   0.01767455
 -0.53124607 -0.07111087 -0.52038133 -1.7160747   0.55669314 -0.60251194
  0.58798426  0.14277408 -1.5524435   0.18423633]
[ 2.0676121e-01  8.1741892e-02  7.7303207e-01  7.6788366e-02
  2.2419572e+00  2.6374038e-02 -5.6588238e-01 -1.1961072e-03
 -4.8053989e-01 -1.7381369e+00  5.7664800e-01 -5.8855587e-01
  5.9281951e-01  1.3216810e-01 -1.5591602e+00  1.7178920e-01]
[ 0.20090055  0.07164864  0.79278773  0.10717996  2.2199047   0.08335398
 -0.56128466  0.0029229  -0.43697342 -1.7264589   0.53431666 -0.54141396
  0.60197455  0.07086577 -1.5456418   0.0695206 ]
[ 0.21313508  0.04013325  0.76683784  0.15278496  2.2667446  -0.00579812
 -0.5358473  -0.02509815 -0.5263238  -1.6947584   0.59717995 -0.6091505
  0.5807169   0.18244871 -1.5992224   0.14057557]
[ 1.9554439e-01 -6.4737798e-04  8.4419805e-01  7.7113539e-02
  2.1913028e+00  1.0590057e-01 -5.7093197e-01  3.9208680e-02
 -4.5342597e-01 -1.6815084e+00  4.2914921e-01 -5.2746803e-01
  6.5480328e-01  5.4477654e-02 -1.4635756e+00  4.9479496e-02]
[ 0.23484623 -0.04679657  0.77300024  0.17416036  2.2571292   0.00317087
 -0.51762223 -0.04835856 -0.5705203  -1.6526849   0.51389855 -0.6445081
  0.6793175   0.18327503 -1.5316608   0.13848574]
[ 0.26421246 -0.01656441  0.8312211   0.10881479  2.183856    0.05491005
 -0.5067274  -0.01507072 -0.53114665 -1.6677885   0.44782153 -0.61177766
  0.67102605  0.11268602 -1.5006618   0.12066042]
[ 0.2999602   0.02470344  0.84187067  0.05759506  2.1434891   0.06568493
 -0.51412904  0.01264105 -0.48017234 -1.6875315   0.44459438 -0.5773193
  0.5867257   0.08716228 -1.5023601   0.14398384]
[ 0.27972254  0.07732417  0.86815596  0.05447598  2.098146    0.11164397
 -0.542097    0.02875706 -0.41243038 -1.7383398   0.43717304 -0.5324351
  0.574984    0.04450475 -1.5096128   0.10603354]
[ 2.6810545e-01  6.4802483e-02  7.8449953e-01  9.0499721e-02
  2.2035694e+00  9.3286333e-04 -5.3504312e-01  2.7019649e-03
 -4.4319177e-01 -1.7483673e+00  5.5735475e-01 -6.1192578e-01
  5.2912587e-01  1.2965277e-01 -1.5843747e+00  2.4051385e-01]
[ 0.2414011   0.10713806  0.8034406   0.08416747  2.1811585   0.07598468
 -0.5545508  -0.00514357 -0.41075808 -1.7437435   0.5198525  -0.5251315
  0.5313367   0.07848177 -1.575041    0.1379009 ]
[ 0.25022382  0.08202115  0.7241754   0.1370684   2.271672   -0.02718503
 -0.5540782  -0.01909673 -0.46906295 -1.7327588   0.60771817 -0.5983037
  0.5044238   0.15549739 -1.6499275   0.26691633]
[ 0.24310954  0.08059058  0.76187456  0.14569332  2.2253418   0.03961036
 -0.5566548  -0.00259196 -0.40930876 -1.7266086   0.5715691  -0.55115306
  0.53362054  0.08197792 -1.6418352   0.14993756]
[ 0.2530121   0.05629108  0.7031326   0.20468326  2.2871866  -0.05076375
 -0.51698196 -0.05299579 -0.5150163  -1.6920907   0.64902604 -0.64132035
  0.48543435  0.1884754  -1.6645683   0.254501  ]
[ 0.22228894  0.05171864  0.77163285  0.09094533  2.2620113   0.01515991
 -0.5899498   0.01193066 -0.4548625  -1.7138145   0.54496944 -0.5546206
  0.5925263   0.08959802 -1.5465376   0.15341392]
[ 0.2497253  -0.02653133  0.7290235   0.20811875  2.3093543  -0.04723796
 -0.5278466  -0.0590307  -0.56894404 -1.6695673   0.5682599  -0.6617939
  0.6212412   0.19168498 -1.6018072   0.23304279]
[ 2.7946764e-01  1.5710413e-03  7.4651831e-01  1.7591636e-01
  2.2707639e+00 -1.0573509e-02 -5.0929320e-01 -7.2996177e-02
 -5.5828333e-01 -1.6698898e+00  5.6168467e-01 -6.5391052e-01
  5.9634477e-01  1.6940114e-01 -1.5849905e+00  2.0563093e-01]
[ 0.28201196  0.05194253  0.7836242   0.07042874  2.2298124   0.01343014
 -0.54579717 -0.00861718 -0.5128275  -1.7006527   0.5407507  -0.59657514
  0.5954769   0.09606527 -1.5331364   0.18142214]
[ 0.2420785   0.01732413  0.78964037  0.07189681  2.2250104   0.05681872
 -0.55928767  0.01278793 -0.4747842  -1.6917995   0.5082227  -0.5790969
  0.6267497   0.05239713 -1.5063984   0.15464917]
[ 0.22713582  0.00782891  0.7433417   0.10679995  2.328266   -0.04233065
 -0.5415695  -0.03466072 -0.546955   -1.6652794   0.57400554 -0.6307016
  0.626564    0.14848658 -1.5470335   0.19333024]
[ 0.22230133  0.01168491  0.7304255   0.1637585   2.3008611  -0.02037279
 -0.5286537  -0.04619968 -0.5558774  -1.6704347   0.5717902  -0.6350361
  0.6410243   0.14784357 -1.5712602   0.18483183]
[ 0.22509873  0.01400624  0.7784201   0.09360321  2.2785306  -0.00440868
 -0.5328723  -0.0192851  -0.5328318  -1.6954935   0.5484068  -0.6285076
  0.65224624  0.13637179 -1.5080578   0.14065596]
[ 0.23360017  0.05378626  0.78205425  0.14902073  2.2298508   0.01326642
 -0.5073828  -0.05203714 -0.53561264 -1.722786    0.58425    -0.6434627
  0.58017063  0.16050121 -1.5508239   0.17197774]
[ 0.2051138   0.0621007   0.84575117  0.02391201  2.174906    0.09824
 -0.5649563   0.00778872 -0.4704135  -1.7525959   0.4979599  -0.55768967
  0.6374992   0.07202245 -1.4231453   0.0888163 ]
[ 0.23935759  0.03443799  0.79418474  0.09084203  2.2361054   0.01596007
 -0.53594875 -0.03891133 -0.5379385  -1.7031898   0.5274669  -0.62113076
  0.64063275  0.15086757 -1.5080894   0.16247578]
[ 0.25560743  0.03012664  0.7989857   0.09322785  2.197639    0.06471124
 -0.5329069  -0.01442488 -0.48759335 -1.6895825   0.5007474  -0.587435
  0.614544    0.10336213 -1.5401386   0.13894781]
[ 0.2522866   0.08757883  0.83823144  0.05447222  2.1450279   0.10911155
 -0.5362301   0.00664856 -0.43451223 -1.7141346   0.46283764 -0.52899647
  0.5933927   0.05651391 -1.5205796   0.07336769]
[ 2.3779078e-01  6.5345749e-02  7.8651756e-01  8.6036697e-02
  2.2243423e+00  2.0517050e-03 -5.3331167e-01 -3.1297684e-03
 -4.6542248e-01 -1.7278932e+00  5.7380235e-01 -6.1541069e-01
  5.5611026e-01  1.4117734e-01 -1.5722821e+00  1.9127840e-01]
[ 0.2206033   0.08507846  0.8456729   0.07866743  2.177713    0.10496417
 -0.5497617  -0.00929041 -0.43170953 -1.7368352   0.5046797  -0.5344195
  0.58048165  0.07308785 -1.5368211   0.07177162]
[ 0.20761597  0.06283997  0.7796993   0.15950899  2.2447953   0.02557096
 -0.536645   -0.05531235 -0.53121024 -1.7195295   0.57747996 -0.60291374
  0.60476303  0.17843644 -1.5907851   0.14071526]
[ 2.0985861e-01  4.9544387e-02  8.2886380e-01  9.7626455e-02
  2.1786094e+00  1.1632939e-01 -5.5689365e-01 -6.2142761e-04
 -4.5866472e-01 -1.7183416e+00  4.9799532e-01 -5.5560005e-01
  6.5690702e-01  5.3734750e-02 -1.5159371e+00  5.9509218e-02]
[ 0.23298152  0.05072295  0.7609108   0.14073388  2.2702546   0.00629739
 -0.5158178  -0.05939332 -0.5242922  -1.7057263   0.6055193  -0.6401185
  0.60683566  0.15077616 -1.5925381   0.15804127]
[ 0.16326468  0.09791483  0.82031214  0.03844196  2.232179    0.0880498
 -0.5617468  -0.01555628 -0.47863016 -1.7449669   0.5529481  -0.5625696
  0.661168    0.07190492 -1.4693333   0.05010324]
[ 0.1802469   0.03704364  0.7870239   0.08050384  2.2992542   0.00945652
 -0.53971326 -0.04120899 -0.5485555  -1.7133939   0.5792483  -0.6475693
  0.640673    0.15238336 -1.4857861   0.1568255 ]
[ 0.18569897  0.06643002  0.8089668   0.10912335  2.243207    0.05422362
 -0.5346626  -0.06273111 -0.525952   -1.7297487   0.58168423 -0.6367084
  0.6578636   0.14392793 -1.5027835   0.08533108]
[ 0.20144573  0.07222554  0.82977545  0.09783222  2.1843941   0.07700656
 -0.51341176 -0.04695975 -0.5260256  -1.739075    0.5622599  -0.62923
  0.606065    0.1280478  -1.4829242   0.12372377]
[ 0.19408771  0.0577179   0.8879522   0.00322095  2.1307895   0.15552416
 -0.5532812  -0.00722429 -0.46661276 -1.7413485   0.45807704 -0.5476473
  0.66309404  0.06076599 -1.3709213   0.01939356]
[ 0.23742476  0.06857415  0.82643545  0.08370654  2.1663823   0.05435805
 -0.51528203 -0.02777185 -0.50298464 -1.7314965   0.51212907 -0.60237277
  0.58958954  0.13709508 -1.504956    0.15633325]
[ 0.2246098   0.07537833  0.8439983   0.05944191  2.090893    0.14324832
 -0.5404877   0.00943124 -0.4134099  -1.7597802   0.46876043 -0.5387992
  0.6307285   0.05549794 -1.4842979   0.07939391]
[ 0.2382646   0.12004783  0.81069434  0.07473435  2.1767483   0.06173652
 -0.53494275 -0.02258569 -0.451649   -1.7581345   0.5453805  -0.5680525
  0.5393634   0.12818757 -1.5537624   0.14072564]
[ 0.21585508  0.11452127  0.80995333  0.07384104  2.1379032   0.10621943
 -0.5712501   0.04416712 -0.36768746 -1.7683532   0.4990098  -0.504928
  0.53368115  0.05849539 -1.5487272   0.11335211]
[ 0.2015667   0.10415389  0.7931286   0.10344256  2.1885026   0.0629948
 -0.5664901   0.01758396 -0.396586   -1.7533729   0.536404   -0.52784663
  0.565138    0.09099559 -1.5783451   0.10373928]
[ 0.2292959   0.06549448  0.7419937   0.18218942  2.2419708  -0.00994992
 -0.52476007 -0.03356775 -0.4677821  -1.727315    0.61355835 -0.61841184
  0.5115236   0.17682745 -1.6568909   0.22284508]
[ 0.20133021  0.09596933  0.8180996   0.09641583  2.1854277   0.08039779
 -0.5654563   0.00417974 -0.40643066 -1.7488334   0.52543914 -0.5212369
  0.58062667  0.09601384 -1.5686096   0.07038601]
[ 0.21458106  0.05114406  0.7567766   0.20456886  2.2347443   0.00613527
 -0.51917326 -0.04404161 -0.50084233 -1.7238636   0.6103346  -0.6254436
  0.5635277   0.18818554 -1.6472584   0.1755468 ]
[ 0.24147424  0.08568223  0.8279904   0.09578581  2.171126    0.0931162
 -0.547225   -0.00845565 -0.4307479  -1.7550894   0.5149497  -0.55815023
  0.5707691   0.05545338 -1.5410893   0.13018605]
[ 0.2353715   0.09806386  0.7636932   0.16287586  2.2269964  -0.01270357
 -0.51532733 -0.05693301 -0.49901572 -1.753952    0.6187006  -0.62421393
  0.5375582   0.1752143  -1.6137574   0.20468155]
[ 0.18573663  0.07933954  0.80337954  0.06852124  2.199758    0.06964952
 -0.5688823   0.00602331 -0.4249057  -1.7809193   0.5566455  -0.56640476
  0.62005055  0.07585655 -1.5090542   0.13058802]
[ 0.20108065  0.08760171  0.75732756  0.11848328  2.2886834  -0.00750762
 -0.5475949  -0.05695416 -0.5069555  -1.7445507   0.6121137  -0.6178938
  0.5699657   0.16382845 -1.5604222   0.19044788]
[ 0.2176609   0.10965613  0.76320505  0.13946924  2.2185597   0.01753153
 -0.54666823 -0.01970329 -0.46477357 -1.7621667   0.5966996  -0.5974814
  0.5362816   0.13565521 -1.5964619   0.20017143]
[ 0.20309865  0.07499527  0.8125518   0.10716681  2.189487    0.06805401
 -0.5609363   0.01380457 -0.4107446  -1.760384    0.5411999  -0.56955016
  0.581985    0.07914454 -1.5398291   0.11486252]
[ 2.2145024e-01  9.1396652e-02  7.6680458e-01  1.6124444e-01
  2.2360368e+00 -1.3161271e-03 -5.1458299e-01 -5.5062681e-02
 -4.9045268e-01 -1.7434769e+00  6.2326920e-01 -6.1897343e-01
  4.9744105e-01  1.7440769e-01 -1.6076123e+00  2.0659728e-01]
[ 0.17520607  0.096061    0.82052815  0.06715123  2.1810777   0.08387016
 -0.57864124  0.01334955 -0.41759127 -1.7623402   0.52354395 -0.52800184
  0.5991354   0.09499828 -1.5111777   0.0876467 ]
[ 0.2268717   0.04446874  0.7693213   0.17707679  2.2214105   0.01427403
 -0.52702415 -0.03109811 -0.48006883 -1.7374004   0.55527866 -0.61977875
  0.58727014  0.15435302 -1.6024746   0.19449136]
[ 0.26337096  0.09672646  0.7715816   0.16108786  2.1906734   0.02846867
 -0.5073278  -0.05907547 -0.46034116 -1.7535137   0.59320325 -0.6104418
  0.5022192   0.14796874 -1.6165091   0.19926734]
[ 0.2390501   0.14161722  0.82346535  0.05602907  2.1353326   0.09120735
 -0.57004666  0.02942346 -0.3650198  -1.7858887   0.52783006 -0.5166035
  0.48114252  0.05679504 -1.542077    0.14497644]
[ 0.22009706  0.08232089  0.7689618   0.100307    2.1992364   0.01990354
 -0.5759099   0.0286048  -0.383152   -1.7822481   0.5656134  -0.55997545
  0.53500175  0.08508926 -1.57024     0.21454234]
[ 0.24251123  0.07762454  0.73201996  0.17162307  2.2713666  -0.04940565
 -0.5433591  -0.04231323 -0.46552634 -1.7508366   0.6016606  -0.61456126
  0.49568072  0.16675168 -1.6413492   0.29890937]
[ 0.22781923  0.07234176  0.7023815   0.20693564  2.254991   -0.04348976
 -0.5424858  -0.02662745 -0.45808068 -1.7440084   0.6165306  -0.6014964
  0.5193261   0.1859754  -1.6862062   0.2648342 ]
[ 0.23213284  0.07938271  0.7631693   0.14044157  2.2092917   0.03538067
 -0.5641957   0.02805733 -0.38639635 -1.7584112   0.5461869  -0.53994644
  0.52852625  0.06993905 -1.6190708   0.18240412]
[ 0.22927594  0.09520429  0.6934485   0.20798676  2.279923   -0.06843749
 -0.5388056  -0.04300372 -0.4572423  -1.7397913   0.65764296 -0.6248253
  0.45551294  0.17861271 -1.6961018   0.3211374 ]
[ 1.91208899e-01  1.03821144e-01  7.68106818e-01  1.29181981e-01
  2.23021197e+00  1.20561721e-03 -5.84207237e-01  1.20610716e-02
 -4.05682713e-01 -1.77208173e+00  5.77260911e-01 -5.44804394e-01
  5.26089728e-01  1.07947074e-01 -1.60970461e+00  2.17476889e-01]
[ 0.17101339  0.0223882   0.6992573   0.22117329  2.3177202  -0.06056033
 -0.5451938  -0.0542269  -0.48548788 -1.7191143   0.64920324 -0.6505784
  0.55928487  0.21425585 -1.6664479   0.27521652]
[ 1.9653168e-01  6.5021582e-02  7.4959487e-01  2.0534787e-01
  2.2592690e+00  1.8996000e-03 -5.2462208e-01 -6.8018831e-02
 -4.8170012e-01 -1.7218841e+00  5.8993286e-01 -6.0591453e-01
  5.4258299e-01  1.8300647e-01 -1.6508224e+00  2.0682248e-01]
[ 0.17619269  0.09573985  0.7471834   0.17865181  2.230005    0.01621873
 -0.53639066 -0.05593031 -0.4573154  -1.7453312   0.6256941  -0.6041433
  0.5413992   0.1757293  -1.6372582   0.19592337]
[ 0.14465562  0.11277246  0.7965208   0.11478882  2.203795    0.09873209
 -0.554015   -0.03677195 -0.4144721  -1.7555177   0.5695597  -0.5550863
  0.57039684  0.08476616 -1.5424674   0.10723014]
[ 0.14193067  0.09028589  0.73788965  0.18821497  2.2995267   0.0109566
 -0.5252089  -0.10076859 -0.51332396 -1.7180713   0.6489328  -0.6268951
  0.5550213   0.20708391 -1.6214584   0.1716856 ]
[ 0.14573732  0.10474275  0.8129997   0.12257953  2.1950703   0.12162101
 -0.5454192  -0.04590824 -0.46675247 -1.7197492   0.5252978  -0.5448055
  0.5857371   0.12061826 -1.5513809   0.08405478]
[ 0.20305815  0.03729103  0.76529396  0.16897292  2.231559    0.06802269
 -0.5223653  -0.08065829 -0.5227904  -1.6741045   0.57022405 -0.6249784
  0.5823517   0.18934004 -1.5879828   0.14172389]
[ 0.23465566  0.05794454  0.80853224  0.18459253  2.122918    0.13600352
 -0.4639786  -0.05508912 -0.47907734 -1.6662346   0.49161404 -0.5512916
  0.5610226   0.14829667 -1.6193304   0.0311193 ]
[ 0.17859665  0.06897484  0.8657686   0.06482434  2.1171174   0.15478075
 -0.5479546   0.01409695 -0.4451321  -1.7253498   0.47281274 -0.51935214
  0.6264913   0.08666987 -1.4882163   0.01781359]
[ 0.19266428  0.05629972  0.8605773   0.06468021  2.1501536   0.1382151
 -0.5615412   0.00541925 -0.45163456 -1.7348906   0.4527203  -0.5255651
  0.66163313  0.05628421 -1.4573909   0.03582666]
[ 0.21756811  0.03362359  0.76481986  0.14909983  2.2269576   0.02480202
 -0.5217588  -0.04184892 -0.50774807 -1.7087326   0.56248665 -0.61911255
  0.61909515  0.16246817 -1.5684488   0.15227272]
[ 0.21681121  0.10054169  0.8330553   0.04451049  2.1515937   0.11464582
 -0.5464915   0.00851476 -0.42238998 -1.7429825   0.4977084  -0.5371544
  0.60052955  0.0559972  -1.4904191   0.06003429]
[ 0.24632914  0.09070478  0.7912239   0.07377698  2.2175655   0.01347106
 -0.53852713 -0.00899824 -0.4576788  -1.7371057   0.566525   -0.60357744
  0.50655335  0.12924749 -1.5547655   0.21398099]
[ 0.24542479  0.09746682  0.842486    0.09046941  2.1387181   0.08977861
 -0.5507699   0.00865549 -0.39832735 -1.746988    0.49094757 -0.5252171
  0.5363642   0.07429957 -1.5454068   0.09747047]
[ 0.23123682  0.04774352  0.7711193   0.17078829  2.2011585   0.0039905
 -0.52313405 -0.02597569 -0.47260824 -1.7369179   0.57850444 -0.6160102
  0.5534827   0.18172102 -1.6206548   0.20204583]
[ 0.2433999   0.08468844  0.86020267  0.08152951  2.1327267   0.11638602
 -0.5432157  -0.00297145 -0.40641242 -1.7507441   0.47622043 -0.52710354
  0.56232     0.05965265 -1.5444938   0.10282018]
[ 2.6414955e-01  9.3041375e-02  7.5515234e-01  1.6286567e-01
  2.2133148e+00 -2.2369102e-04 -5.3245866e-01 -3.3818491e-02
 -4.6841583e-01 -1.7470242e+00  5.6971711e-01 -5.9535933e-01
  4.9375048e-01  1.5397002e-01 -1.6352886e+00  2.5631157e-01]
[ 0.24766715  0.07866668  0.80520535  0.1090555   2.1472049   0.0792203
 -0.56094706  0.03703612 -0.36922717 -1.7609026   0.50491107 -0.52699447
  0.57074815  0.03372544 -1.5827246   0.13278879]
[ 0.25107756  0.07876799  0.70821565  0.15841492  2.289557   -0.06192046
 -0.5454297  -0.02910313 -0.46593732 -1.7393539   0.64975035 -0.63398504
  0.4535555   0.15014979 -1.6371591   0.32442006]
[ 0.2161427   0.0940182   0.75684243  0.11246896  2.2459068  -0.00473303
 -0.5893371   0.01584926 -0.41682166 -1.7573532   0.58067393 -0.5516777
  0.5280539   0.1042915  -1.6023722   0.21620783]
[ 0.23293534  0.02354605  0.68152905  0.19809043  2.3241088  -0.09166743
 -0.5506954  -0.03084357 -0.49010625 -1.7166927   0.6428698  -0.65701556
  0.5399594   0.19473119 -1.667464    0.3165954 ]
[ 0.2207627   0.02922565  0.7026912   0.21377258  2.324417   -0.04156526
 -0.5219259  -0.07544002 -0.4987982  -1.7022473   0.64549476 -0.65488374
  0.55794805  0.19645993 -1.6765732   0.22728777]
[ 0.17849597  0.1055489   0.7430929   0.13087371  2.2927928  -0.00796525
 -0.5579898  -0.03725224 -0.4957859  -1.7484789   0.6370538  -0.58957255
  0.5769244   0.16393782 -1.6136978   0.16787669]
[ 0.16619758  0.06858563  0.7818947   0.08821777  2.253282    0.05833557
 -0.5775739   0.00873249 -0.46117124 -1.7437184   0.5540752  -0.5635811
  0.6207942   0.09182732 -1.5171382   0.11645174]
[ 0.18239322  0.05322732  0.73426     0.17194822  2.3008564  -0.02946955
 -0.53522295 -0.05431988 -0.5249235  -1.7001919   0.6320725  -0.6481167
  0.58244973  0.20288363 -1.592774    0.17087674]
[ 0.19906673  0.04939212  0.78950894  0.15591922  2.2174582   0.03678478
 -0.5233995  -0.03909097 -0.52324945 -1.7066753   0.5807973  -0.624839
  0.5837547   0.17393371 -1.5623138   0.13761705]
[ 0.22340322  0.02473027  0.8823918   0.04695213  2.1265292   0.14071114
 -0.54799736  0.00892262 -0.45594206 -1.6987276   0.42139    -0.5287117
  0.63585174  0.0621857  -1.4386902   0.04063263]
[ 0.2614699   0.00916278  0.8151871   0.17108758  2.1542268   0.04899605
 -0.49298388 -0.04696364 -0.52123624 -1.6749569   0.47981095 -0.60953015
  0.6170937   0.16313188 -1.5530732   0.12386386]
[ 0.23963113  0.03745128  0.86692107  0.05148721  2.0823321   0.14847067
 -0.52748764  0.02276395 -0.4239965  -1.7387543   0.42082548 -0.54430693
  0.66944134  0.04042815 -1.466209    0.06515151]
[ 0.25379744  0.10478964  0.83468896  0.06249897  2.1797936   0.06210165
 -0.52224576 -0.03347526 -0.45589632 -1.7477404   0.52664125 -0.5738015
  0.5582527   0.12128226 -1.554148    0.12966576]
[ 0.1875605   0.11407032  0.82584226  0.05559293  2.1637597   0.12762424
 -0.5758899   0.02977362 -0.39290985 -1.7778696   0.510699   -0.5145223
  0.60294497  0.05361648 -1.5334475   0.0671589 ]
[ 2.1945199e-01  9.4275400e-02  7.9876482e-01  1.0341723e-01
  2.2061887e+00  7.6733239e-02 -5.5629438e-01 -1.8682629e-03
 -4.2574134e-01 -1.7549505e+00  5.5070102e-01 -5.5069768e-01
  5.7472295e-01  6.1799288e-02 -1.5632594e+00  1.1154349e-01]
[ 0.20924556  0.08005261  0.74840796  0.14513488  2.286408   -0.02222936
 -0.54442465 -0.03783489 -0.4923719  -1.7383753   0.6506506  -0.6341518
  0.54120815  0.170342   -1.6143268   0.19858852]
[ 1.9478047e-01  9.1000669e-02  8.2623738e-01  8.8701949e-02
  2.2159171e+00  7.4691795e-02 -5.5944669e-01 -2.0817756e-03
 -4.4934139e-01 -1.7467512e+00  5.5700451e-01 -5.6600595e-01
  5.8741111e-01  8.7431468e-02 -1.5446069e+00  8.8803999e-02]
[ 0.19124953  0.03260659  0.7648123   0.13999112  2.2996957  -0.0102639
 -0.5400151  -0.05912998 -0.55091095 -1.7084299   0.59879    -0.6480252
  0.6243954   0.18791905 -1.5432045   0.1666123 ]
[ 0.2247586   0.04248691  0.8007286   0.14449829  2.2201436   0.05104226
 -0.51684654 -0.06278227 -0.53244346 -1.7066729   0.53073186 -0.6218699
  0.64325464  0.1410757  -1.533448    0.12066369]
[ 0.26464406  0.07319895  0.80567294  0.09073554  2.179171    0.05589395
 -0.51701224 -0.03502503 -0.48665395 -1.7272809   0.54346335 -0.6125351
  0.56437707  0.11076079 -1.532411    0.17006496]
[ 2.4936752e-01  1.0454408e-01  8.5242063e-01  3.6965944e-02
  2.1215129e+00  1.1904059e-01 -5.3508723e-01 -2.0028471e-03
 -4.2495281e-01 -1.7400128e+00  5.0192630e-01 -5.4809123e-01
  5.6718355e-01  5.8342122e-02 -1.4892820e+00  7.2822489e-02]
[ 0.21480632  0.06612445  0.80308837  0.06990753  2.2292619   0.03163543
 -0.5535196  -0.01331638 -0.47900504 -1.7361457   0.5731429  -0.61084795
  0.57886595  0.13076648 -1.5300884   0.17180364]
[ 0.18252908  0.08205075  0.84702367  0.07331524  2.187486    0.12358387
 -0.56088316 -0.02463317 -0.4561852  -1.748333    0.49480897 -0.52701175
  0.66894597  0.0685068  -1.5058972   0.03758461]
[ 0.2028625   0.06498268  0.74955     0.1582618   2.2722611   0.01868167
 -0.5221283  -0.06515475 -0.5375887  -1.7289337   0.6139251  -0.62689126
  0.6129506   0.17100273 -1.5917702   0.15316717]
[ 0.2033966   0.11622147  0.80380726  0.05774627  2.2106564   0.10068411
 -0.54606897 -0.02456646 -0.4600792  -1.7429981   0.56962466 -0.56920767
  0.6052534   0.05683822 -1.4999545   0.06253095]
[ 0.2229124   0.12594177  0.77382433  0.07033512  2.2768235   0.00236151
 -0.53232646 -0.05950939 -0.5305082  -1.7156506   0.6597464  -0.63215375
  0.52931625  0.15079658 -1.5493202   0.15339309]
[ 0.2022491   0.06727529  0.84638464  0.04469079  2.209488    0.11133234
 -0.5552661  -0.02919964 -0.4990788  -1.7061332   0.5204128  -0.57757
  0.62943804  0.0747823  -1.4451276   0.04998894]
[ 0.24611835  0.01389739  0.8006402   0.1493633   2.2364075   0.03438472
 -0.49582067 -0.1009028  -0.5884764  -1.6700258   0.53729266 -0.66202945
  0.62636447  0.17333607 -1.4989029   0.14465904]
[ 0.26714382  0.03858059  0.8491148   0.10489409  2.152362    0.09941609
 -0.48807126 -0.09082156 -0.5631094  -1.7059395   0.50792915 -0.64078724
  0.6377994   0.12252035 -1.4623485   0.11677865]
[ 0.26052523  0.07900257  0.871178    0.0141404   2.128587    0.13509443
 -0.5300752  -0.04621335 -0.5136201  -1.7471445   0.50958115 -0.6034788
  0.6456519   0.06456589 -1.4291022   0.10660698]
[ 0.24869385  0.07915522  0.8412777   0.03171535  2.1439013   0.15790954
 -0.555466   -0.01843401 -0.46848947 -1.7270842   0.4675898  -0.53727084
  0.63102436 -0.00852734 -1.4376242   0.09751209]
[ 0.2509411   0.057872    0.7574009   0.05560046  2.2556357   0.04021841
 -0.5687725  -0.00302563 -0.4853781  -1.730326    0.5396323  -0.5849533
  0.61811686  0.04547235 -1.4746687   0.17453364]
[ 0.2826838   0.04750385  0.6905588   0.11644952  2.324172   -0.07694649
 -0.52181804 -0.04324965 -0.5286387  -1.7002681   0.64051914 -0.6785709
  0.5355289   0.1316168  -1.5698878   0.30142   ]
[ 0.27687353  0.08691016  0.7019462   0.07757254  2.3280365  -0.08375616
 -0.5446444  -0.04912801 -0.5186566  -1.7147452   0.66183347 -0.65995836
  0.49821082  0.14878881 -1.5622288   0.30461544]
[ 0.23404594  0.06654974  0.751999    0.08733172  2.3001688  -0.03789467
 -0.5635091  -0.02006588 -0.50931585 -1.7411674   0.60842013 -0.62942994
  0.5759784   0.1501581  -1.5606598   0.23619151]
[ 0.24523921  0.0306494   0.73726     0.1759114   2.2929223  -0.02479975
 -0.53265065 -0.04473385 -0.5064442  -1.7149547   0.5890666  -0.6371037
  0.5667652   0.14833239 -1.6074927   0.23006305]
[ 0.23579624  0.05665954  0.7569159   0.15806834  2.2619271  -0.0036505
 -0.5281609  -0.05378051 -0.5278432  -1.7244463   0.59127814 -0.62169904
  0.59859043  0.15472469 -1.5882723   0.1803611 ]
[ 0.24542525  0.0664869   0.7559633   0.10107056  2.2381337  -0.00301718
 -0.5553751  -0.00915782 -0.48740143 -1.7265432   0.5943858  -0.616681
  0.5534543   0.11302002 -1.556258    0.23495555]
[ 0.22897562  0.02671967  0.79348266  0.08163702  2.215983    0.05035423
 -0.5760889   0.02258695 -0.46161023 -1.7039188   0.5003962  -0.5478835
  0.62734133  0.06411194 -1.4986486   0.12218092]
[ 0.25432816 -0.00620978  0.7218679   0.18743451  2.2875853  -0.05315065
 -0.521275   -0.03566559 -0.5463133  -1.6761833   0.5612005  -0.6492179
  0.6013908   0.16255584 -1.5853876   0.2458607 ]
[ 2.75048643e-01  1.42898140e-02  7.59942889e-01  1.14337444e-01
  2.25132823e+00 -3.42141576e-02 -5.19934237e-01 -1.15403230e-03
 -4.76321608e-01 -1.69468367e+00  5.39361000e-01 -6.24527931e-01
  5.57797432e-01  1.36014551e-01 -1.58056378e+00  2.31976554e-01]
[ 0.26666278  0.07706176  0.76680183  0.15913749  2.2174408  -0.00333768
 -0.51596886 -0.04474245 -0.48385948 -1.7331493   0.5652405  -0.61697066
  0.5352771   0.15050724 -1.6086338   0.21699083]
[ 2.6573697e-01  8.6679891e-02  7.7173805e-01  9.4679482e-02
  2.2117953e+00  8.9871569e-04 -5.5181682e-01 -4.3553115e-05
 -4.3385285e-01 -1.7560396e+00  5.6821531e-01 -5.9555268e-01
  4.9286500e-01  1.1654560e-01 -1.5705688e+00  2.4857387e-01]
[ 0.25551853  0.11001551  0.8189024   0.10158515  2.1604743   0.07012256
 -0.55043983  0.00339671 -0.39289844 -1.7600996   0.51017106 -0.53273565
  0.52530205  0.07743532 -1.5959678   0.14582753]
[ 0.26462698  0.09383857  0.7318178   0.17521659  2.2426333  -0.03046008
 -0.53328115 -0.0329853  -0.4482955  -1.7474763   0.623031   -0.61618996
  0.47029027  0.16310927 -1.67999     0.27327475]
[ 0.25216255  0.1086211   0.7845877   0.11679967  2.2102828   0.04775655
 -0.5631431   0.00598608 -0.3960425  -1.7581747   0.55234563 -0.54017496
  0.51326925  0.07100403 -1.6157185   0.15694019]
[ 0.24737374  0.08358824  0.7216881   0.20947964  2.2691982  -0.04456913
 -0.53169817 -0.05451326 -0.49272925 -1.7459236   0.64367956 -0.63717794
  0.49314603  0.16691536 -1.6811464   0.30220467]
[ 0.259523    0.09467904  0.77384776  0.14540966  2.2192016   0.0089968
 -0.55648386 -0.02447903 -0.43846884 -1.7675962   0.58033377 -0.5789659
  0.48976356  0.07525675 -1.6031936   0.27193055]
[ 0.23978695  0.05678182  0.7060076   0.2085617   2.2871494  -0.0767124
 -0.5304669  -0.07691852 -0.53267986 -1.743103    0.6710119  -0.6714
  0.5089084   0.19019988 -1.6294546   0.34312177]
[ 0.23314023  0.04934487  0.7160992   0.16183951  2.2953033  -0.0482347
 -0.55624115 -0.05980694 -0.49837226 -1.7426195   0.65361625 -0.65745234
  0.5244047   0.15174949 -1.5994289   0.32718962]
[ 0.21640548  0.06668724  0.71022     0.17041047  2.3166168  -0.04763028
 -0.5509078  -0.08029051 -0.5295579  -1.7333558   0.6334205  -0.6493491
  0.5557777   0.16450755 -1.6054957   0.3135218 ]
[ 0.18670242  0.09812672  0.67419803  0.1729076   2.3349767  -0.03327812
 -0.5574925  -0.10021379 -0.52787143 -1.7403743   0.6579275  -0.65280294
  0.5602504   0.1637059  -1.591746    0.30664304]
[ 0.18024155  0.08310376  0.67386925  0.13953944  2.360899   -0.05112343
 -0.56172085 -0.06969257 -0.50893855 -1.7163594   0.6753694  -0.6485871
  0.54638064  0.16740358 -1.6083229   0.28814012]
[ 0.17044811  0.10230295  0.66842556  0.18126075  2.3339775  -0.04294254
 -0.5553921  -0.07678202 -0.5224217  -1.6825428   0.68785083 -0.63015956
  0.49703217  0.20040162 -1.6526406   0.27032477]
[ 0.14964975  0.03172569  0.7210388   0.1546464   2.3202558  -0.00254301
 -0.5828641  -0.03653795 -0.5171301  -1.6571417   0.6020884  -0.613492
  0.5797698   0.19815345 -1.5819594   0.18082234]
[ 0.20913216 -0.06409205  0.7964422   0.29763165  2.2203107   0.07268575
 -0.48653445 -0.07383594 -0.5388303  -1.6015259   0.47391826 -0.61093163
  0.6261025   0.20399241 -1.6563797   0.07332131]
[ 0.27817932  0.00633084  0.8161527   0.17866734  2.1777222   0.04106808
 -0.46446666 -0.09110852 -0.57698596 -1.665848    0.5129028  -0.64348996
  0.5802749   0.18988211 -1.5439876   0.15058652]
[ 0.27747235  0.05979881  0.8973942   0.0072517   2.0532265   0.16179012
 -0.5411037   0.01145182 -0.45642787 -1.7198098   0.40293235 -0.53626794
  0.61669743  0.0257118  -1.400536    0.08654325]
[ 0.289137    0.01859707  0.79481673  0.07115032  2.1618292   0.03499664
 -0.5413313  -0.00219799 -0.47354707 -1.7124935   0.50734806 -0.615867
  0.59081215  0.09187054 -1.5051692   0.23921204]
[ 0.2564855   0.07190063  0.8219369   0.07415622  2.1573102   0.08658472
 -0.5450376  -0.00775148 -0.43019122 -1.7301909   0.46431428 -0.54019856
  0.578146    0.05200867 -1.5161457   0.15445133]
[ 0.26801354  0.08508749  0.7360007   0.11602948  2.252479   -0.03364564
 -0.54649836 -0.01424549 -0.4672807  -1.7351354   0.5730163  -0.60387576
  0.49705315  0.1364292  -1.6128433   0.301017  ]
[ 0.23724787  0.09101269  0.7467319   0.1343104   2.2321079   0.02225077
 -0.57454365  0.01078978 -0.40049887 -1.7433493   0.57508236 -0.5570182
  0.51156247  0.07812348 -1.6002042   0.18381622]
[ 0.22523168  0.068577    0.6865035   0.1873106   2.3073618  -0.06882171
 -0.54430616 -0.02857403 -0.47279042 -1.7191521   0.6807045  -0.6351612
  0.49738088  0.18568501 -1.6833445   0.261135  ]
[ 2.09229946e-01  6.29862770e-02  7.65451252e-01  9.47677121e-02
  2.29348159e+00  1.08771445e-02 -5.83945870e-01 -1.96684292e-03
 -4.39901173e-01 -1.71936440e+00  5.81193924e-01 -5.57814300e-01
  5.63054919e-01  1.01934329e-01 -1.58412337e+00  1.49766803e-01]
[ 0.19938529  0.01252401  0.7093414   0.20981693  2.3510501  -0.05004833
 -0.53147924 -0.07579919 -0.5655488  -1.6885557   0.6419596  -0.66407233
  0.62772363  0.22258873 -1.6475697   0.1940919 ]
[ 0.2223278   0.02721032  0.7382294   0.18275578  2.3117187   0.00286893
 -0.51683223 -0.08552195 -0.56157243 -1.6872673   0.61417377 -0.6598613
  0.61740077  0.16117947 -1.5864143   0.1650399 ]
[ 0.20548797  0.06723977  0.7918665   0.10731962  2.2646878   0.03159197
 -0.5379458  -0.04834615 -0.546432   -1.7173336   0.6052205  -0.62633795
  0.6070839   0.13458915 -1.5192925   0.12527685]
[ 0.19895849  0.04612098  0.8289186   0.05351985  2.184328    0.09417018
 -0.55866826  0.00328673 -0.50561464 -1.7065666   0.5020398  -0.57913333
  0.6461596   0.06598385 -1.4318278   0.10365684]
[ 0.26016328 -0.01059767  0.77270836  0.08636788  2.2596848  -0.01693493
 -0.53234196 -0.03784812 -0.5695058  -1.6664454   0.5274133  -0.64755297
  0.6214334   0.15861031 -1.461063    0.20474763]
[ 2.8011513e-01 -9.3052984e-04  8.0758554e-01  1.3296774e-01
  2.1731887e+00  3.6461160e-02 -4.9704775e-01 -5.0390877e-02
 -5.5467582e-01 -1.6716356e+00  4.7322351e-01 -6.3382018e-01
  6.4670080e-01  1.4274001e-01 -1.4959885e+00  1.5873995e-01]
[ 0.3133761   0.0396843   0.8269644   0.04607196  2.1174326   0.0724384
 -0.5153781   0.00400992 -0.4623007  -1.7000666   0.463494   -0.5841187
  0.57538086  0.07117551 -1.4926236   0.17236273]
[ 0.25176767  0.09044088  0.84198046  0.04356943  2.1259143   0.11000939
 -0.54131436  0.01193138 -0.41415095 -1.7476448   0.45656618 -0.5241817
  0.5951499   0.04614681 -1.5006539   0.10065   ]
[ 0.26070505  0.09469331  0.77692586  0.09671192  2.2036269   0.01207718
 -0.54255617 -0.0031585  -0.44104606 -1.7500246   0.56261003 -0.58325744
  0.5100958   0.10726337 -1.5939124   0.23832488]
[ 0.24011576  0.1028676   0.7769148   0.11442423  2.204351    0.04962564
 -0.57444376  0.00619706 -0.41078568 -1.7565302   0.54893535 -0.53392774
  0.5218345   0.07608059 -1.5825983   0.1640161 ]
[ 0.24290387  0.06120803  0.70075333  0.19486374  2.2687886  -0.05923141
 -0.54404247 -0.01720029 -0.47334123 -1.7339264   0.6594001  -0.63469994
  0.5137094   0.17915276 -1.6775259   0.26700616]
[ 0.24487457  0.05734915  0.76524323  0.11971626  2.2602265   0.0043602
 -0.56423384  0.00882836 -0.4160586  -1.7474407   0.56761324 -0.5757717
  0.5241779   0.07514918 -1.5917766   0.21563068]
[ 0.25492796  0.06298171  0.70395344  0.20223494  2.3142028  -0.07426153
 -0.52246594 -0.08052341 -0.5367623  -1.7234447   0.6268254  -0.65267074
  0.5182071   0.19548032 -1.6403328   0.30254036]
[ 0.24775258  0.07685775  0.7140428   0.14484744  2.2787294  -0.05363782
 -0.5544666  -0.02847594 -0.47141615 -1.7415949   0.6340473  -0.6426556
  0.5210854   0.14693227 -1.6112843   0.28952286]
[ 0.2558455   0.06859039  0.72770345  0.16718325  2.2716703  -0.02851021
 -0.53480077 -0.04126437 -0.4635192  -1.7313831   0.61717355 -0.63714
  0.50039685  0.14803883 -1.631436    0.26065734]
[ 0.25228173  0.11587484  0.74643004  0.14306763  2.249123   -0.02310126
 -0.5475391  -0.03591356 -0.46041197 -1.7426819   0.6230438  -0.5992675
  0.4644186   0.15099093 -1.6338701   0.24667998]
[ 0.19642739  0.06032296  0.7766784   0.12436805  2.2379613   0.03323639
 -0.5796293   0.02600634 -0.42025787 -1.757253    0.5425026  -0.5610639
  0.58624125  0.09562474 -1.5736158   0.15872726]
[ 0.2470407   0.04689111  0.71761334  0.22528622  2.304351   -0.03362912
 -0.5126446  -0.0822029  -0.49809027 -1.7211243   0.6368137  -0.6559044
  0.53955764  0.18003413 -1.6737484   0.22684169]
[ 0.2132945   0.12080784  0.7535863   0.13355665  2.2777016  -0.00266866
 -0.54505235 -0.04270179 -0.48976645 -1.767607    0.6494838  -0.6062962
  0.54438     0.1432567  -1.6197958   0.1841338 ]
[ 2.0329790e-01  9.7593948e-02  7.6844776e-01  9.2189595e-02
  2.2616723e+00  4.2840041e-02 -5.7521629e-01 -5.2905676e-04
 -4.4701633e-01 -1.7604729e+00  5.9937280e-01 -5.7762325e-01
  5.7904291e-01  6.5490976e-02 -1.5400323e+00  1.3660169e-01]
[ 0.2044405   0.05385993  0.7245763   0.13389508  2.3434207  -0.05250337
 -0.5436153  -0.05242405 -0.5325349  -1.723019    0.657175   -0.6663525
  0.5930003   0.17022793 -1.5761511   0.21327345]
[ 2.0637837e-01  8.0245972e-02  7.5729865e-01  1.4625923e-01
  2.2794211e+00  3.9991440e-04 -5.2314770e-01 -7.2588280e-02
 -5.3559703e-01 -1.7343677e+00  6.3461024e-01 -6.5054488e-01
  5.8116180e-01  1.5554628e-01 -1.5594358e+00  1.8093009e-01]
[ 0.22129074  0.07734255  0.78628653  0.0586225   2.2686713   0.01591307
 -0.54847574 -0.04341921 -0.5227984  -1.7376858   0.5989002  -0.63748914
  0.5854465   0.13897787 -1.4865522   0.1724242 ]
[ 0.214591    0.07007181  0.81139976  0.1031291   2.2187085   0.06098014
 -0.52444804 -0.06274819 -0.5247915  -1.7261827   0.5772878  -0.6282481
  0.6423211   0.13612881 -1.5229483   0.09871627]
[ 0.21864963  0.08418364  0.8103482   0.06567529  2.2170773   0.07360493
 -0.52755153 -0.05586278 -0.5139462  -1.7322639   0.57630205 -0.6141508
  0.591967    0.11769678 -1.4997718   0.13369414]
[ 0.20211382  0.10040395  0.86954653  0.01504099  2.1516469   0.14907552
 -0.53892076 -0.03331393 -0.48035145 -1.743383    0.47876915 -0.5405997
  0.6639441   0.05553591 -1.4296659   0.02386959]
[ 0.22353096  0.08941046  0.7684209   0.10749711  2.225064    0.02495619
 -0.5230908  -0.05302595 -0.51976913 -1.7345288   0.5986857  -0.6324239
  0.56983554  0.13958536 -1.5291278   0.19271304]
[ 0.23160449  0.08301564  0.8460263   0.05091912  2.1525786   0.12690203
 -0.54961777 -0.01936368 -0.46350175 -1.7408546   0.49188676 -0.5500473
  0.59555703  0.05158427 -1.4461404   0.08494624]
[ 0.22728088  0.06498969  0.78256756  0.1074595   2.2104058   0.00989652
 -0.5504598  -0.02594969 -0.508063   -1.7159506   0.57766473 -0.60929567
  0.57869637  0.15530512 -1.5406183   0.18296026]
[ 0.22247696 -0.01545502  0.8435899   0.06258395  2.1616814   0.11756863
 -0.5650889   0.03818644 -0.43820366 -1.6944488   0.40884557 -0.52877057
  0.6636954   0.03091736 -1.4476286   0.08492151]
[ 0.26992303  0.04001998  0.7550904   0.15422508  2.2622688  -0.01849188
 -0.51554716 -0.07064848 -0.5411789  -1.6996448   0.53891826 -0.63551503
  0.5992314   0.16276403 -1.5651386   0.21286845]
[ 2.5380236e-01  7.3469654e-02  7.7789819e-01  9.3472041e-02
  2.2173452e+00 -1.9413352e-03 -5.2523994e-01 -2.1336079e-03
 -4.6765822e-01 -1.7467229e+00  5.7357675e-01 -6.1472106e-01
  5.6325436e-01  1.3314776e-01 -1.5876964e+00  2.0768937e-01]
[ 0.23926191  0.10306799  0.7929832   0.07995465  2.1971817   0.06921407
 -0.5478207  -0.00686849 -0.415622   -1.7589585   0.5477203  -0.5583452
  0.54329306  0.05749835 -1.5478609   0.15211885]
[ 0.24124262  0.11387739  0.7598782   0.1055818   2.2699962  -0.0227634
 -0.5452008  -0.03683856 -0.4883543  -1.738292    0.6261016  -0.6067153
  0.49346632  0.15882362 -1.609765    0.22741452]
[ 1.9522448e-01  8.1359655e-02  7.8752011e-01  1.2941739e-01
  2.2191081e+00  5.2464414e-02 -5.6326354e-01 -1.0879009e-03
 -4.3305397e-01 -1.7407324e+00  5.6724972e-01 -5.6967628e-01
  5.9089208e-01  9.2198327e-02 -1.5913541e+00  1.2830031e-01]
[ 0.19325614  0.05588297  0.7563707   0.19463262  2.287885   -0.00820464
 -0.5194913  -0.09988004 -0.55395204 -1.7208084   0.6182085  -0.65618277
  0.5929777   0.17610331 -1.584487    0.21499097]
[ 0.2358615   0.08871215  0.7940155   0.15004727  2.2034488   0.02381159
 -0.5280382  -0.07389234 -0.5272567  -1.7401352   0.5753294  -0.61064374
  0.553617    0.14707418 -1.5584395   0.21466684]
[ 0.20629057  0.05442839  0.8319477   0.08590995  2.161781    0.082267
 -0.56560004 -0.00990831 -0.45954233 -1.7444073   0.5292038  -0.5893434
  0.60362804  0.07235107 -1.476793    0.16420694]
[ 0.23599668  0.03106632  0.7713445   0.13355547  2.2319639   0.01571975
 -0.5213447  -0.08580869 -0.53869575 -1.7049631   0.60825956 -0.65958107
  0.5945961   0.1474972  -1.5455705   0.23326166]
[ 0.24395008  0.05864845  0.79911673  0.05544847  2.2332542   0.02746236
 -0.5501917  -0.0798006  -0.5572072  -1.6997534   0.55649406 -0.6179762
  0.5698182   0.13143621 -1.4772223   0.25671858]
[ 0.18174283  0.05664564  0.76670057  0.09955564  2.2069016   0.06831896
 -0.57544804 -0.0549289  -0.49106464 -1.7199566   0.5270927  -0.585367
  0.6397172   0.10534541 -1.4807695   0.20446353]
[ 0.18068364  0.0483449   0.6898474   0.17519255  2.308783   -0.04283202
 -0.5407797  -0.09968998 -0.55140996 -1.7087208   0.64905506 -0.6788294
  0.58471596  0.19220142 -1.5787629   0.32323176]
[ 0.16101065  0.09080639  0.7048969   0.1473631   2.2932773  -0.01958637
 -0.5707981  -0.06915628 -0.53383684 -1.7010702   0.64645004 -0.6178402
  0.4971005   0.19314416 -1.5721219   0.30129507]
[ 0.14923811 -0.01355016  0.7592962   0.16100849  2.2289042   0.07294654
 -0.63055384  0.0188685  -0.48367596 -1.6188797   0.46579307 -0.5365009
  0.5900496   0.13993482 -1.5122572   0.15640774]
[ 0.20796435 -0.12762865  0.73229945  0.2829972   2.224891    0.02301313
 -0.53374904 -0.02064732 -0.51932347 -1.5537182   0.44582167 -0.612774
  0.6649213   0.18675292 -1.6219698   0.16590445]
[ 0.25209573 -0.06407343  0.76630133  0.2380604   2.208315   -0.01050648
 -0.46016702 -0.07370738 -0.5795552  -1.6055987   0.48781306 -0.6376885
  0.611966    0.23183437 -1.5773993   0.15802063]
[ 0.2135541   0.01860669  0.8773136   0.06030998  2.1248963   0.1371923
 -0.5358682   0.03977244 -0.45014825 -1.6470886   0.34168673 -0.4978392
  0.61578137  0.08897813 -1.4680234   0.02553474]
[ 0.2430975   0.04896128  0.80740243  0.12091074  2.1385276   0.06726965
 -0.5347797   0.02293895 -0.4247748  -1.7147131   0.47272602 -0.55014366
  0.58284765  0.09182698 -1.5580852   0.13199615]
[ 0.24247508  0.07670936  0.76868725  0.18938059  2.1916816   0.0214658
 -0.5020061  -0.05374389 -0.4533432  -1.7393503   0.59087956 -0.6069015
  0.53613675  0.1702173  -1.6475776   0.16061568]
[ 0.22063275  0.12035742  0.84486836  0.04815454  2.1472783   0.12163194
 -0.56430376  0.02321893 -0.37452716 -1.7558632   0.5022492  -0.50059855
  0.52514166  0.05121418 -1.5459343   0.08112857]
[ 0.18605585  0.07554858  0.80697715  0.09962282  2.205468    0.08141904
 -0.57823     0.02844883 -0.39641485 -1.7622154   0.507496   -0.5196623
  0.6113044   0.07044296 -1.5562838   0.08431406]
[ 0.23299766  0.05809736  0.7320446   0.20803747  2.2841382  -0.01616596
 -0.5199739  -0.06501619 -0.5051335  -1.7288587   0.6244917  -0.6492573
  0.5543797   0.1692504  -1.6420743   0.20993423]
[ 0.21503742  0.09988114  0.76453185  0.12408721  2.2601635   0.0059496
 -0.548952   -0.03505666 -0.47110042 -1.7602739   0.63471067 -0.6111511
  0.54602087  0.13554735 -1.5972908   0.18416822]
[ 1.7148605e-01  9.7693987e-02  8.1168938e-01  7.1219221e-02
  2.2260833e+00  6.7100987e-02 -5.7050896e-01 -1.3174445e-03
 -4.4216394e-01 -1.7690370e+00  5.7713938e-01 -5.6213379e-01
  6.2133127e-01  8.4178269e-02 -1.5243223e+00  8.5222781e-02]
[ 0.19428363  0.0537263   0.75343746  0.12511107  2.2964084  -0.00439404
 -0.54545796 -0.05403513 -0.52996063 -1.7278343   0.61292    -0.64706826
  0.5967758   0.15989594 -1.5415199   0.20525178]
[ 0.19768986  0.0818713   0.77937436  0.11878047  2.262748    0.00869308
 -0.5376042  -0.06307926 -0.5283575  -1.7373793   0.60527533 -0.6338793
  0.6088883   0.17108771 -1.5405747   0.1526334 ]
[ 0.1801738   0.06934451  0.78777647  0.12626825  2.2157662   0.04442983
 -0.53032035 -0.02850195 -0.48521146 -1.758157    0.60660183 -0.6241349
  0.6124264   0.14274625 -1.555512    0.140711  ]
[ 0.17661995  0.09383245  0.84737265  0.0388153   2.1648703   0.13521516
 -0.54598844 -0.02626328 -0.45511818 -1.7489647   0.5072657  -0.54238814
  0.6166515   0.06839001 -1.4420998   0.05613772]
[ 0.17521054  0.09262598  0.79010004  0.10696892  2.2179782   0.02748444
 -0.55500984 -0.03474848 -0.49907702 -1.739743    0.5836845  -0.5984451
  0.6022112   0.17326245 -1.5325482   0.13585237]
[ 0.191314    0.05275698  0.8473929   0.08131632  2.129414    0.14045283
 -0.54817873  0.01547841 -0.42188302 -1.7407582   0.46467343 -0.5429475
  0.6534046   0.05595427 -1.4787903   0.04363262]
[ 0.23842403  0.09187633  0.8089529   0.13145609  2.1710486   0.05446063
 -0.5009446  -0.06505121 -0.49258813 -1.7224169   0.5524732  -0.5978364
  0.53474957  0.16410503 -1.5491056   0.12636262]
[ 0.19821541  0.10417883  0.8826612   0.02661164  2.0839753   0.14144686
 -0.5734602   0.05801342 -0.37162036 -1.7622159   0.4574558  -0.5057912
  0.5742234   0.06981001 -1.4803852   0.04075404]
[ 0.232126    0.06134985  0.8440318   0.08735947  2.1233761   0.11773113
 -0.53727496  0.01033557 -0.3910615  -1.7524297   0.48156708 -0.5392281
  0.58004665  0.06513383 -1.5380695   0.09949204]
[ 0.25735798  0.10766411  0.7941135   0.15501674  2.1871905   0.03726142
 -0.5079007  -0.06599455 -0.4692196  -1.7363148   0.5700954  -0.58255917
  0.49572498  0.16468039 -1.6357073   0.1752898 ]
[ 0.1969589   0.1172709   0.8115404   0.08441845  2.1503415   0.11502173
 -0.57766914  0.02594262 -0.38446087 -1.767129    0.51910436 -0.51815367
  0.5711734   0.05336668 -1.5558072   0.10310894]
[ 0.22579663  0.0711977   0.8030106   0.11734905  2.202159    0.07197584
 -0.5539042  -0.00676079 -0.42345276 -1.750507    0.5450252  -0.5606386
  0.5728258   0.0647272  -1.5728352   0.13918127]
[ 0.24744284  0.09947584  0.72346985  0.16976222  2.2667658  -0.0404918
 -0.52613413 -0.06679751 -0.50633454 -1.7237021   0.64263403 -0.6286999
  0.47807813  0.17956392 -1.6285515   0.26299518]
[ 0.19450718  0.08353039  0.7826244   0.08800132  2.2230859   0.02952712
 -0.5837407   0.01656467 -0.44244704 -1.7607371   0.5713031  -0.5736867
  0.5878402   0.09379871 -1.531389    0.16792355]
[ 0.2355599   0.02155638  0.72815585  0.1856555   2.3086553  -0.03923621
 -0.52935284 -0.06562515 -0.5189727  -1.7104232   0.6155219  -0.6664417
  0.564191    0.17209926 -1.6134484   0.2606296 ]
[ 0.21518055  0.07414205  0.7606819   0.1613224   2.2723348  -0.00362559
 -0.5273801  -0.06864376 -0.52553284 -1.7205082   0.6069008  -0.6165256
  0.56914985  0.17661884 -1.6092739   0.18152353]
[ 1.9326755e-01  7.3414966e-02  7.7981794e-01  9.3833081e-02
  2.2273407e+00  6.7456029e-02 -5.7088435e-01 -1.0319859e-03
 -4.6255797e-01 -1.7315038e+00  5.4889661e-01 -5.6842536e-01
  6.1429179e-01  7.6226577e-02 -1.5256488e+00  1.3118149e-01]
[ 0.20988762  0.03569837  0.72941625  0.11440704  2.3314118  -0.02690062
 -0.5391513  -0.05510344 -0.5266873  -1.7029003   0.62135756 -0.6513889
  0.6125805   0.16021685 -1.560757    0.19491449]
[ 0.19577102  0.08633488  0.7673137   0.14770475  2.2694626   0.01791931
 -0.51842684 -0.07025069 -0.53409535 -1.7105129   0.61393684 -0.61060774
  0.56385577  0.16387661 -1.5775808   0.1405825 ]
[ 1.6686876e-01  6.3592151e-02  8.2937920e-01  6.5604247e-02
  2.2143617e+00  1.0609071e-01 -5.7320631e-01  2.2515953e-04
 -4.9005112e-01 -1.7237968e+00  5.0481659e-01 -5.7451004e-01
  6.2491047e-01  9.1590300e-02 -1.4412348e+00  8.0569796e-02]
[ 0.2268373   0.03327186  0.7981893   0.1427907   2.2229125   0.0425544
 -0.52056706 -0.05512136 -0.526963   -1.7010952   0.54646623 -0.63082254
  0.62035745  0.14919932 -1.5246513   0.121776  ]
[ 0.25867718  0.01683271  0.81979144  0.12780222  2.1783319   0.06966292
 -0.49652013 -0.05376196 -0.54430515 -1.6872946   0.51357615 -0.6141256
  0.5971036   0.1490357  -1.5161043   0.12636882]
[ 0.25789467  0.04431712  0.89508355 -0.00967481  2.0828166   0.1920459
 -0.5360605   0.00817064 -0.44456416 -1.6862469   0.35431427 -0.49504438
  0.65245545  0.00485296 -1.3935125   0.0178441 ]
[ 0.2736384   0.03361478  0.76494133  0.09457695  2.198214    0.00885264
 -0.5290235  -0.0023569  -0.50151694 -1.7072662   0.5307226  -0.60462725
  0.618572    0.12593073 -1.5575806   0.2008923 ]
[ 0.2638778   0.05820606  0.8119343   0.08154081  2.1716044   0.08565526
 -0.5289854   0.01009681 -0.42354688 -1.734149    0.48501834 -0.5468583
  0.58917224  0.03822854 -1.5467559   0.13085409]
[ 0.28462347  0.08367807  0.75586504  0.11656009  2.2532785  -0.03706188
 -0.5196186  -0.01741773 -0.4914627  -1.7204748   0.57942426 -0.592444
  0.49681863  0.1392887  -1.6166809   0.23460016]
[ 0.25116256  0.06558035  0.75946856  0.09938304  2.219619    0.01332721
 -0.58681667  0.03834783 -0.40866032 -1.7495228   0.55849427 -0.56613535
  0.5508302   0.05650216 -1.5496813   0.19592188]
[ 0.2870849   0.00354773  0.7070015   0.18232253  2.301184   -0.07426739
 -0.5292293  -0.03487354 -0.49784532 -1.6841571   0.5903858  -0.66537523
  0.5184003   0.15723251 -1.6238556   0.3133025 ]
[ 0.289563    0.05940999  0.7350944   0.16677864  2.2639709  -0.05915332
 -0.5199864  -0.04572572 -0.4882803  -1.7180628   0.57906187 -0.62279856
  0.4945527   0.15201765 -1.6283007   0.29282048]
[ 2.8405705e-01  6.6175342e-02  7.4814034e-01  1.2326960e-01
  2.2361417e+00 -4.3074511e-02 -5.3822422e-01 -4.9082935e-04
 -4.4928846e-01 -1.7501929e+00  5.6611800e-01 -6.1227721e-01
  5.0790054e-01  1.3601322e-01 -1.6219909e+00  2.9873428e-01]
[ 0.2800837   0.08115201  0.7224046   0.19514725  2.2507787  -0.03387536
 -0.52877074 -0.04611823 -0.43831939 -1.7486229   0.61494756 -0.62530786
  0.46966195  0.13565996 -1.6795009   0.30093372]
[ 0.24309039  0.10521819  0.7111553   0.179073    2.2631135  -0.0473169
 -0.553114   -0.00643303 -0.43937096 -1.766969    0.63977146 -0.5913588
  0.47969276  0.14804272 -1.6903139   0.27474356]
[ 0.21988818  0.06942622  0.7501896   0.12750964  2.270285    0.01364689
 -0.58480805  0.03089654 -0.38536453 -1.7610127   0.5572025  -0.53631365
  0.5434211   0.057225   -1.6148252   0.1898261 ]
[ 0.24609455  0.05173965  0.6599699   0.21256956  2.3728313  -0.1117634
 -0.54573303 -0.04582795 -0.5029699  -1.7194395   0.66688526 -0.6617622
  0.50232923  0.18469293 -1.6870472   0.3283599 ]
[ 0.25483167  0.07622113  0.66889113  0.21355167  2.3265126  -0.08873729
 -0.53443134 -0.05021406 -0.4981678  -1.723306    0.68718874 -0.6624425
  0.4824439   0.17710479 -1.6774673   0.29776177]
[ 0.23890264  0.06147483  0.72351485  0.1269193   2.308309   -0.06509669
 -0.55293167 -0.00982725 -0.45933858 -1.7463064   0.65240127 -0.6487261
  0.5224672   0.15451927 -1.625425    0.2678231 ]
[ 0.23040032  0.07580604  0.74811834  0.1757104   2.2915432  -0.02754534
 -0.52555597 -0.06374525 -0.4859057  -1.7394899   0.6350727  -0.63586044
  0.51859     0.1697805  -1.6431633   0.22362268]
[ 2.2766080e-01  9.8406143e-02  7.5511271e-01  1.4782065e-01
  2.2671437e+00  2.9975921e-04 -5.4027426e-01 -5.4043926e-02
 -5.0199473e-01 -1.7499012e+00  6.0285634e-01 -6.1595279e-01
  5.4963380e-01  1.5128919e-01 -1.6017386e+00  2.1184473e-01]
[ 0.25904647  0.0877233   0.7490048   0.16642374  2.2400851   0.01056356
 -0.52744067 -0.05320342 -0.47831383 -1.7462047   0.6044223  -0.62842196
  0.5457773   0.12743686 -1.6084903   0.19906779]
[ 0.25574288  0.10163766  0.756025    0.12921636  2.230697   -0.00318044
 -0.52703506 -0.0312047  -0.44785637 -1.766064    0.63031507 -0.6194252
  0.51624787  0.12705365 -1.6209004   0.21607931]
[ 0.22546801  0.13061213  0.79105914  0.04301387  2.220243    0.0496993
 -0.56799966 -0.00865268 -0.4094631  -1.7786366   0.58194673 -0.5561441
  0.5340112   0.06167629 -1.533666    0.16424228]
[ 0.20662574  0.07849607  0.7335307   0.11604302  2.3197482  -0.03869472
 -0.5611462  -0.03995147 -0.50630414 -1.7487888   0.63273716 -0.63338035
  0.584469    0.17062917 -1.5923481   0.22654209]
[ 0.220118    0.06969227  0.74282867  0.18591475  2.2839823   0.01400061
 -0.52589095 -0.06905568 -0.5085138  -1.732303    0.6266052  -0.64009106
  0.58424926  0.1397294  -1.6157936   0.17015727]
[ 0.20844595  0.10518102  0.7545712   0.1167874   2.2753787   0.00378373
 -0.5401846  -0.05052285 -0.49669248 -1.7515357   0.6578776  -0.63049877
  0.5562994   0.13239142 -1.5743531   0.1792593 ]
[ 0.20064604  0.1197325   0.8033719   0.05463856  2.2208893   0.06080462
 -0.55226076 -0.02594254 -0.46557075 -1.7575483   0.5913531  -0.5880577
  0.569723    0.07539055 -1.4955667   0.13456957]
[ 0.23624769  0.07380206  0.75573075  0.09533643  2.2831006  -0.03412043
 -0.5341064  -0.07007358 -0.5492059  -1.7201927   0.62599045 -0.6665101
  0.54350275  0.16979915 -1.5138726   0.25457662]
[ 0.25944948  0.06188544  0.78649276  0.14502522  2.2149744   0.01528167
 -0.51673734 -0.07724701 -0.52921736 -1.7224985   0.5793942  -0.6518609
  0.5646103   0.15869114 -1.5398753   0.19948573]
[ 0.281458    0.07051425  0.78991735  0.12400746  2.1706083   0.03410211
 -0.50914156 -0.04376074 -0.47303414 -1.7425684   0.56297654 -0.6309741
  0.5176191   0.11787812 -1.566589    0.2460177 ]
[ 0.26643717  0.11129163  0.8268998   0.03818642  2.1370757   0.09993589
 -0.54595935 -0.01985344 -0.42096978 -1.7601038   0.5042566  -0.5428885
  0.5534724   0.05415595 -1.4983422   0.1439418 ]
[ 0.2476222   0.0708647   0.7360564   0.10449944  2.256569   -0.01595293
 -0.5550112  -0.02218802 -0.47204858 -1.7508593   0.6032542  -0.6129917
  0.5532421   0.1343325  -1.5874224   0.25934353]
[ 0.2441361   0.06949589  0.7601695   0.10795655  2.2387266   0.04334333
 -0.56988    -0.00500639 -0.42502636 -1.7422326   0.54987717 -0.5540611
  0.5646771   0.05432485 -1.5685318   0.17929539]
[ 0.25307748  0.07739379  0.6851882   0.17233042  2.3105013  -0.08347134
 -0.55558497 -0.02545921 -0.49866542 -1.7226839   0.66924566 -0.63695973
  0.47288594  0.1661228  -1.6467924   0.3133219 ]
[ 0.22547798  0.04591743  0.7500354   0.11726241  2.2766626  -0.02582048
 -0.58805376  0.03744909 -0.42577296 -1.7371687   0.57796144 -0.5881997
  0.56012666  0.08917147 -1.5788952   0.21151833]
[ 0.22539802 -0.00998272  0.71654963  0.19110486  2.3400257  -0.0911914
 -0.5354111  -0.04572505 -0.53735346 -1.689415    0.63101125 -0.6669041
  0.5828493   0.20372467 -1.6224928   0.2553948 ]
[ 0.22196683  0.01565441  0.74565345  0.15263626  2.295216   -0.02491421
 -0.5475916  -0.0493568  -0.55516374 -1.6859207   0.57300144 -0.6304322
  0.62393355  0.18974978 -1.5759908   0.19867447]
[ 0.22181067  0.02051653  0.76796365  0.12832001  2.2447915   0.01590414
 -0.5386281  -0.0169596  -0.5079216  -1.691601    0.54579866 -0.61917794
  0.65649873  0.14136928 -1.5686964   0.14522663]
[ 0.23659524  0.04637845  0.7761839   0.16302781  2.2332492   0.02798865
 -0.49445653 -0.0490629  -0.5138872  -1.6936861   0.5618373  -0.6291104
  0.5919504   0.12135633 -1.5826299   0.1497198 ]
[ 0.20370683  0.09600211  0.84726524  0.02290255  2.1833742   0.07957473
 -0.5556909   0.00387162 -0.4717647  -1.7314497   0.5416501  -0.55296504
  0.58910865  0.09405066 -1.4766346   0.07092755]
[ 0.17667875  0.05892295  0.83117265  0.09984265  2.1792762   0.09616305
 -0.55293775 -0.01153205 -0.4714532  -1.7266388   0.5196886  -0.57186866
  0.6191632   0.09039146 -1.4881531   0.09568769]
[ 0.20813556  0.01343727  0.7721188   0.1589158   2.2483115   0.01314731
 -0.5227886  -0.07730246 -0.54469585 -1.7056761   0.57265615 -0.66014445
  0.63083917  0.1840559  -1.520818    0.17642185]
[ 0.21919902  0.07786346  0.8247673   0.1127825   2.1800618   0.07489766
 -0.51946187 -0.06039634 -0.5144759  -1.7466732   0.536145   -0.60473746
  0.62433416  0.14467315 -1.5122211   0.10848622]
[ 0.21894403  0.09776093  0.8449084   0.0432853   2.122696    0.148241
 -0.54948395  0.01257821 -0.40902257 -1.7559515   0.4690703  -0.5324647
  0.578522    0.03987715 -1.475361    0.09229435]
[ 0.23324387  0.12142365  0.81094074  0.04737356  2.1557317   0.09348771
 -0.55480635  0.0074295  -0.40563408 -1.7556429   0.51896554 -0.53082067
  0.5689921   0.0692526  -1.522104    0.08771186]
[ 0.26387107  0.07562168  0.7564084   0.09578411  2.2269237  -0.00889887
 -0.5315962  -0.00676046 -0.45410243 -1.7300904   0.59522223 -0.6136726
  0.50493866  0.1416394  -1.5949751   0.2279934 ]
[ 0.23966475  0.07878047  0.8231288   0.06778743  2.1797144   0.0762623
 -0.5633043   0.00575934 -0.40612537 -1.7237155   0.51502806 -0.5316035
  0.56682247  0.08312726 -1.5583999   0.09147112]
[ 0.24209659  0.05580806  0.7698782   0.16817704  2.230653    0.00805289
 -0.5296298  -0.04376788 -0.5075367  -1.7177315   0.58911866 -0.61637074
  0.5573853   0.17397185 -1.6307399   0.19679956]
[ 0.2727123   0.05827855  0.82092077  0.10332296  2.168487    0.08295663
 -0.5488617  -0.00587211 -0.4438519  -1.7289257   0.4951374  -0.55300146
  0.57283574  0.0590667  -1.5556091   0.14853418]
[ 0.28803486  0.06461802  0.74610543  0.1828558   2.2303727  -0.03032383
 -0.5124483  -0.05639877 -0.5173912  -1.7106022   0.60204095 -0.6324972
  0.4885753   0.16551885 -1.6248258   0.2655785 ]
[ 0.25860032  0.05628272  0.7699536   0.0928435   2.1904662   0.0274467
 -0.5668981   0.0173126  -0.43190116 -1.7287979   0.5415149  -0.58247375
  0.5467841   0.06744353 -1.5461982   0.23659082]
[ 0.27559093  0.01665593  0.7225119   0.13945736  2.2872593  -0.0647619
 -0.5492548  -0.02877262 -0.5065962  -1.6919937   0.5624191  -0.6274053
  0.5377379   0.13805957 -1.5690783   0.30989593]
[ 0.28696102  0.00736254  0.69915044  0.21618338  2.2763724  -0.07414277
 -0.52582324 -0.0477259  -0.5218845  -1.681299    0.5712883  -0.6347028
  0.5485077   0.17977785 -1.6462609   0.29659086]
[ 0.29034424  0.03757782  0.7625446   0.12178461  2.226191   -0.00455619
 -0.54760987  0.01061132 -0.45110196 -1.7207763   0.5304789  -0.58679855
  0.55005527  0.07949017 -1.586304    0.23698454]
[ 0.28139138  0.07493607  0.68152106  0.20912953  2.2978945  -0.08589596
 -0.5227585  -0.05542485 -0.4871475  -1.7254736   0.66215134 -0.6478202
  0.44613653  0.17026985 -1.6809292   0.3331742 ]
[ 0.24084906  0.08584724  0.76536036  0.11240415  2.2684073  -0.00894618
 -0.58127296  0.01217397 -0.44597968 -1.7492406   0.5761284  -0.5762809
  0.51094496  0.09279146 -1.5859253   0.23171988]
[ 0.26356742  0.03874372  0.68838775  0.19023165  2.3391795  -0.08560856
 -0.5526347  -0.04189175 -0.48841864 -1.7122927   0.6480234  -0.6582593
  0.5222107   0.15849033 -1.6689937   0.30917335]
[ 0.24812922  0.03637109  0.68889314  0.2097282   2.3499045  -0.08183237
 -0.5326099  -0.05794675 -0.52756166 -1.7048992   0.64702004 -0.65988886
  0.5584553   0.18120448 -1.6613243   0.25460166]
[ 0.21808438  0.05440803  0.7147912   0.15936704  2.3362594  -0.04399064
 -0.54463303 -0.04995827 -0.53120905 -1.7291267   0.6530728  -0.6478306
  0.60417336  0.15031935 -1.6094974   0.21252349]
[ 0.22562289  0.0658098   0.7487167   0.09904894  2.3236778  -0.03216152
 -0.54902923 -0.03671532 -0.5141918  -1.7380584   0.64037    -0.64835083
  0.56975734  0.12839028 -1.558167    0.22309402]
[ 0.20093437  0.08820115  0.7433588   0.1454335   2.3088808  -0.02791724
 -0.53299356 -0.07301199 -0.54395056 -1.7377685   0.674071   -0.660207
  0.5881178   0.16607969 -1.5791342   0.18603052]
[ 1.9994828e-01  6.7046985e-02  7.8198141e-01  7.6797679e-02
  2.2967954e+00  1.4263839e-03 -5.4926658e-01 -5.2405067e-02
 -5.5509317e-01 -1.7363192e+00  6.3853872e-01 -6.6370445e-01
  6.1342478e-01  1.3630109e-01 -1.4859959e+00  1.7699717e-01]
[ 0.20142047  0.03812954  0.7935013   0.092633    2.2817135   0.02312951
 -0.5333344  -0.06676963 -0.56458056 -1.7084844   0.58366805 -0.6571043
  0.65563124  0.14638361 -1.4842371   0.14409664]
[ 0.21099243  0.05877241  0.8036226   0.08412787  2.2355723   0.05090244
 -0.51829076 -0.08260222 -0.57306993 -1.7035382   0.5522185  -0.6413037
  0.6637556   0.14160267 -1.4610972   0.12450453]
[ 0.24469936  0.04986398  0.81105983  0.03736592  2.2107346   0.07148506
 -0.5206598  -0.06447916 -0.5412707  -1.7056974   0.5360671  -0.64103174
  0.6369979   0.10650229 -1.4398152   0.15548472]
[ 0.24135068  0.10469432  0.8598827   0.02181526  2.166425    0.11122416
 -0.52451193 -0.06100202 -0.5022011  -1.7122253   0.5296178  -0.5883695
  0.5893275   0.1028443  -1.4653021   0.07108964]
[ 0.17586562  0.06687506  0.87077343  0.04387632  2.1396356   0.16591355
 -0.56061786  0.00490461 -0.46892852 -1.7300732   0.47571945 -0.5456215
  0.66158116  0.05669843 -1.4383266   0.02430383]
[ 0.19373848  0.03967373  0.8738949   0.05371756  2.1890998   0.14404467
 -0.55359477 -0.02943204 -0.50129896 -1.7115072   0.4499945  -0.55374897
  0.68210816  0.06133977 -1.4178663   0.02324225]
[ 0.25682938  0.0439367   0.7958722   0.14315347  2.2175012   0.03882361
 -0.5027579  -0.06856872 -0.5671835  -1.6970171   0.52946174 -0.6263001
  0.6069764   0.1536313  -1.538194    0.16061744]
[ 2.70160049e-01  6.96174577e-02  8.30779850e-01  3.89557146e-02
  2.13106585e+00  1.21738434e-01 -5.48274875e-01  8.70227814e-06
 -4.63398069e-01 -1.71247864e+00  4.72427607e-01 -5.64091265e-01
  6.09657884e-01  2.92256810e-02 -1.45038533e+00  1.11434139e-01]
[ 0.2758127   0.03530111  0.7893561   0.07132839  2.2227757   0.01303338
 -0.53615856 -0.01405787 -0.5159877  -1.6883285   0.5455976  -0.6147149
  0.58482707  0.11273272 -1.5245262   0.19029562]
[ 0.2406989   0.03459857  0.82445127  0.06660461  2.2049818   0.07060869
 -0.55086905  0.0037374  -0.46246403 -1.6911173   0.4882658  -0.56192076
  0.6156701   0.06389469 -1.5271537   0.12532659]
[ 0.2369987   0.01576166  0.7512928   0.13414147  2.3073208  -0.04182046
 -0.51028025 -0.04785161 -0.55125105 -1.6916527   0.5573116  -0.6419987
  0.6439755   0.17564353 -1.5823368   0.19200869]
[ 0.22940835  0.06052235  0.7473253   0.16036856  2.2777133   0.0194254
 -0.5200778  -0.07696749 -0.5387798  -1.7189392   0.6107184  -0.65007275
  0.61109084  0.12716988 -1.5676886   0.17512026]
[ 0.20446098  0.10415051  0.76742506  0.06479379  2.273765    0.01023682
 -0.55440235 -0.03298272 -0.5024585  -1.7481318   0.64248466 -0.6269255
  0.57128966  0.11663526 -1.5211979   0.1776104 ]
[ 0.18414125  0.11274338  0.8078184   0.06700835  2.2163749   0.06716679
 -0.5551799  -0.02194927 -0.47099668 -1.7485847   0.5881052  -0.5851699
  0.57444566  0.08175959 -1.5028758   0.13082738]
[ 0.1841264   0.05157293  0.76326907  0.08317421  2.3050752  -0.02137172
 -0.5531327  -0.05605019 -0.55122066 -1.7158753   0.6166212  -0.65445805
  0.61387074  0.17432004 -1.4909776   0.19886844]
[ 0.20665543  0.03687466  0.79204106  0.15828848  2.2369142   0.0421687
 -0.5132872  -0.08803988 -0.56025565 -1.7097307   0.5738045  -0.6504615
  0.65108746  0.16881037 -1.5229279   0.12280035]
[ 0.20496264  0.06549805  0.80855817  0.08938222  2.1971116   0.07086003
 -0.5229349  -0.0471835  -0.50860536 -1.7373476   0.56557286 -0.6169931
  0.6310138   0.1338866  -1.5074133   0.11838092]
[ 0.20212445  0.11298271  0.87093467  0.01939568  2.1244915   0.15076101
 -0.53325564 -0.01995877 -0.45434245 -1.7553266   0.47404703 -0.53599
  0.6099192   0.04991241 -1.4233173   0.05272814]
[ 0.24136965  0.10837134  0.7868741   0.08233144  2.187956    0.03814524
 -0.5406395  -0.02567637 -0.47167915 -1.7585424   0.5642476  -0.60136783
  0.5176732   0.11586612 -1.5169971   0.22171564]
[ 0.21198742  0.090117    0.8384795   0.08170024  2.1217084   0.10855678
 -0.5572186   0.0050366  -0.41250366 -1.7517258   0.5008038  -0.5322665
  0.59193563  0.07133001 -1.5001757   0.07670386]
[ 0.2292118   0.04228566  0.7786882   0.1368575   2.2066674   0.01629507
 -0.5435891  -0.02224465 -0.47584352 -1.7168709   0.57654154 -0.60517627
  0.5442678   0.16566876 -1.5788746   0.19255403]
[ 0.20521708  0.05447198  0.86986923  0.04910151  2.1528106   0.13441508
 -0.5700838   0.02313894 -0.40622616 -1.7339573   0.41927975 -0.4935139
  0.6471287   0.04478347 -1.4826583   0.02986414]
[ 0.23908095  0.09276267  0.7436352   0.17530854  2.2326071   0.00496263
 -0.51891327 -0.05489805 -0.50279087 -1.743845    0.60682    -0.6141998
  0.54306346  0.17454387 -1.6341757   0.20329225]
[ 0.19754654  0.1166881   0.80365086  0.06940541  2.1935189   0.08924929
 -0.5643988  -0.002598   -0.41740513 -1.7687843   0.56898224 -0.5528209
  0.5699426   0.06988814 -1.5348248   0.10683648]
[ 0.1881473   0.13131943  0.74433196  0.11829408  2.273498   -0.00537547
 -0.55991477 -0.03661291 -0.47114134 -1.7398525   0.68107957 -0.60948145
  0.5021452   0.15029116 -1.6053759   0.18485594]
[ 0.14481094  0.06699912  0.78554004  0.0786868   2.2626026   0.05434823
 -0.5964727   0.00568391 -0.4588185  -1.728409    0.5754049  -0.559022
  0.635389    0.09840952 -1.5174341   0.0961764 ]
[ 0.20575258 -0.01269343  0.74540293  0.22541213  2.3038783  -0.01220203
 -0.50963366 -0.0983962  -0.5771815  -1.6548382   0.5724454  -0.6624856
  0.64035094  0.20502254 -1.5816352   0.15625203]
[ 0.22234216  0.01583642  0.7913187   0.17466483  2.2219226   0.03194603
 -0.47725907 -0.08403517 -0.56294566 -1.688237    0.56960845 -0.65705574
  0.64063793  0.19961865 -1.5570612   0.1021011 ]
[ 0.19731212  0.09952147  0.89048195 -0.0034488   2.1249855   0.17926309
 -0.53528047 -0.02209038 -0.46514136 -1.7485399   0.48393703 -0.55415046
  0.65848017  0.03872894 -1.3987782  -0.00268908]
[ 0.21180014  0.0966171   0.8336765   0.0247841   2.2068167   0.08480404
 -0.5433601  -0.04003417 -0.5221783  -1.741431    0.5467768  -0.59740835
  0.6020622   0.10959325 -1.4405022   0.11423723]
[ 0.2318672   0.08026791  0.871661    0.02259696  2.1254063   0.14807728
 -0.5448291  -0.00869802 -0.46209764 -1.725639    0.44707972 -0.53773457
  0.64655924  0.043979   -1.4305313   0.03637726]
[ 0.25165802  0.04897227  0.79000336  0.10174972  2.2025871   0.02623109
 -0.51540303 -0.03593127 -0.503759   -1.722415    0.5686892  -0.6390049
  0.5960698   0.14146295 -1.5428071   0.17839953]
[ 0.23071273  0.09465431  0.85663813  0.02993531  2.1533892   0.13004997
 -0.5369713  -0.01741683 -0.4429191  -1.7392431   0.49414977 -0.54514754
  0.60001755  0.05628481 -1.4825611   0.0627498 ]
[ 0.19201694  0.08450514  0.8120626   0.06714176  2.2533221   0.05132425
 -0.560094   -0.03396806 -0.51624745 -1.7307905   0.5617619  -0.5886485
  0.6211652   0.13072349 -1.5231375   0.12423696]
[ 0.19384843  0.05778952  0.8311003   0.08775307  2.1999233   0.13120978
 -0.5594794  -0.01926121 -0.48077765 -1.7119322   0.5059719  -0.54936254
  0.6901953   0.05357615 -1.50963     0.02068391]
[ 0.24542288  0.05122995  0.77193964  0.12941709  2.2714202   0.02279198
 -0.50808567 -0.07414912 -0.5574808  -1.685971    0.59437525 -0.6461088
  0.6041522   0.14981888 -1.5607818   0.13709313]
[ 0.24050033  0.11010216  0.83867836  0.01856662  2.189258    0.08979727
 -0.5387337  -0.02947705 -0.48610872 -1.7271302   0.53488386 -0.578415
  0.58105505  0.06278113 -1.4569714   0.09708445]
[ 0.22804621  0.04496437  0.80968255  0.06746794  2.2472603   0.00710224
 -0.5347601  -0.04547951 -0.55308074 -1.7213084   0.57208794 -0.66173905
  0.6144315   0.15217292 -1.4735165   0.1944349 ]
[ 0.2350816   0.03240594  0.8344547   0.10654762  2.2021997   0.07521521
 -0.521178   -0.08070995 -0.5539788  -1.7065932   0.5224201  -0.6326045
  0.6474188   0.13106649 -1.4843057   0.1383379 ]
[ 0.22495651  0.03631195  0.8209435   0.09243463  2.1984475   0.08348508
 -0.5365168  -0.05933432 -0.54853666 -1.6944813   0.51140445 -0.6020864
  0.6745593   0.11000393 -1.4850547   0.11863606]
[ 0.23492713  0.04337294  0.81964624  0.0499647   2.1692429   0.12782805
 -0.5498864  -0.01251393 -0.49069118 -1.706785    0.45739174 -0.5705298
  0.6884947   0.01555578 -1.4221544   0.09210003]
[ 0.26717395  0.06842292  0.7627136   0.07541142  2.2612     -0.01076265
 -0.5225044  -0.04534699 -0.5202334  -1.70772     0.59788483 -0.64381635
  0.5471552   0.11823618 -1.5195755   0.22062835]
[ 0.22628109  0.11112907  0.7991511   0.05313579  2.2170231   0.0474924
 -0.55594045 -0.01328337 -0.45693168 -1.7388216   0.5795     -0.59138346
  0.52929556  0.08193433 -1.4956719   0.1543558 ]
[ 0.22459558  0.0779568   0.75681674  0.08108055  2.293919   -0.03336412
 -0.5463082  -0.04707588 -0.5096551  -1.725105    0.63348234 -0.6564685
  0.5522781   0.15511036 -1.5476444   0.23923287]
[ 0.23108761  0.06810264  0.7807004   0.14015165  2.2682407   0.02466029
 -0.52725786 -0.0870416  -0.5383244  -1.7236065   0.57793057 -0.6252067
  0.600959    0.14695239 -1.5542414   0.16359894]
[ 0.26189485  0.07345618  0.755905    0.15794341  2.227642    0.02265953
 -0.5060577  -0.08196143 -0.5308326  -1.7142566   0.59745085 -0.6368259
  0.5542201   0.15092702 -1.5834634   0.1986681 ]
[ 0.26431307  0.11733183  0.804262    0.0499179   2.1682904   0.08549126
 -0.54267925 -0.02392654 -0.4391424  -1.753306    0.5746387  -0.58564913
  0.55072707  0.05211803 -1.5069604   0.13064404]
[ 0.24187171  0.09871678  0.74686587  0.08073653  2.2809234  -0.02746966
 -0.5449609  -0.0451979  -0.5175717  -1.7497543   0.65913254 -0.6432708
  0.5386016   0.13943298 -1.5504291   0.2409925 ]
[ 0.21876197  0.05791429  0.8026577   0.07211266  2.2553887   0.06049594
 -0.5744394  -0.03007957 -0.5027844  -1.7273458   0.52906543 -0.5615336
  0.6132418   0.06287733 -1.4739835   0.14448702]
[ 0.23359242  0.00592425  0.7004125   0.16900273  2.315168   -0.05140457
 -0.5423823  -0.06368513 -0.5755489  -1.6911185   0.6155625  -0.6730423
  0.63530123  0.18089116 -1.5595151   0.2494833 ]
[ 0.24562535  0.0490924   0.7339169   0.12130415  2.2765872  -0.01177148
 -0.5300098  -0.05717107 -0.53346527 -1.7101307   0.61680156 -0.6649128
  0.6052166   0.12266084 -1.5375519   0.22192177]
[ 0.24686906  0.07161425  0.74971664  0.07546735  2.293781   -0.03249163
 -0.53893936 -0.04037776 -0.54934806 -1.7106787   0.61032194 -0.63489467
  0.54318136  0.13927679 -1.5071752   0.23321731]
[ 0.21856117  0.06033299  0.8047436   0.05417309  2.2255437   0.04616996
 -0.58161277  0.00581043 -0.48719102 -1.7055683   0.52169114 -0.566312
  0.6012948   0.08944197 -1.4724382   0.13200918]
[ 0.23625441 -0.00572793  0.74754095  0.14714757  2.2694352  -0.01386887
 -0.5287216  -0.03427184 -0.5206431  -1.6859614   0.57017094 -0.65935385
  0.6307373   0.15531509 -1.5652554   0.20406155]
[ 0.24780989  0.05860428  0.7668487   0.16072614  2.248026    0.00588923
 -0.4963502  -0.08744618 -0.54477423 -1.7037224   0.56875044 -0.63884366
  0.5689274   0.15856537 -1.5602233   0.19521745]
[ 0.21160932  0.09081353  0.8147317   0.06269868  2.2040272   0.05110371
 -0.56283367 -0.00241769 -0.48582783 -1.7520854   0.5429188  -0.5677505
  0.5941771   0.12077498 -1.5096416   0.13388498]
[ 0.2233491   0.0510461   0.8183177   0.10211615  2.1661973   0.10156586
 -0.55703783  0.01086492 -0.43514824 -1.7402188   0.5025629  -0.55465686
  0.62184244  0.0503009  -1.5172341   0.10056871]
[ 0.24033654  0.05609541  0.74108726  0.15625341  2.257784   -0.01854564
 -0.5279152  -0.04496168 -0.5055831  -1.7154362   0.61353135 -0.6301738
  0.5534909   0.16169846 -1.5980957   0.20755339]
[ 0.22380671  0.08523611  0.79717636  0.05876832  2.2039561   0.05698311
 -0.5684509   0.0180174  -0.43713108 -1.7495676   0.5139661  -0.5512823
  0.57912606  0.06343701 -1.5028344   0.15651898]
[ 0.25419706  0.04375788  0.7370105   0.12021887  2.2777824  -0.05062494
 -0.541746   -0.0187973  -0.47560397 -1.7248929   0.5821292  -0.64169234
  0.525947    0.15198706 -1.5780531   0.28932756]
[ 0.23600993  0.07872085  0.7379693   0.17546299  2.2270641  -0.02111514
 -0.52540195 -0.03756837 -0.4665386  -1.7424408   0.60248244 -0.61426604
  0.5374087   0.17293313 -1.6307762   0.21787529]
[ 0.23746185  0.0774515   0.755873    0.11019059  2.2224174  -0.00858151
 -0.558627    0.00935741 -0.42624196 -1.7532295   0.5843951  -0.59057516
  0.49494523  0.13025883 -1.5962588   0.26060826]
[ 0.25747728  0.08192704  0.80020064  0.12048157  2.1755493   0.04774771
 -0.5639787   0.02069171 -0.3837271  -1.7515306   0.48161927 -0.5142283
  0.5141023   0.07584335 -1.5937549   0.17978553]
[ 0.2545381   0.05200021  0.7062833   0.23431     2.227312   -0.05594634
 -0.5208987  -0.01792572 -0.45052758 -1.7361759   0.60894305 -0.6173935
  0.5079408   0.1962011  -1.7102268   0.26993734]
[ 0.24470112  0.07516649  0.7895219   0.10621317  2.1976135   0.04058717
 -0.5653174   0.02646306 -0.3740394  -1.7574308   0.53280276 -0.539334
  0.52006435  0.07267898 -1.6015532   0.1787823 ]
[ 0.260291    0.09525568  0.7285515   0.17199805  2.2708108  -0.04848297
 -0.5463029  -0.02744866 -0.46115074 -1.7275922   0.6085307  -0.5950041
  0.4523295   0.17570904 -1.6902577   0.28269342]
[ 0.24626932  0.09914772  0.75692064  0.15678144  2.2117255   0.01480696
 -0.5616866   0.01771053 -0.39539963 -1.7491423   0.5643309  -0.55029154
  0.49587265  0.09611068 -1.6596218   0.20394173]
[ 0.25115553  0.04779623  0.70212007  0.21656045  2.2971704  -0.05834593
 -0.518414   -0.05574065 -0.47029334 -1.7103676   0.6539325  -0.65771765
  0.4940285   0.19196428 -1.7065306   0.2706615 ]
[ 0.22932465  0.10471487  0.7346891   0.17566422  2.2744434  -0.01883236
 -0.5339363  -0.06425841 -0.47473526 -1.7264016   0.6588568  -0.6093844
  0.47191733  0.16994902 -1.668401    0.2235041 ]
[ 0.17224988  0.08361944  0.7785759   0.11471063  2.2546222   0.0537777
 -0.58191705 -0.01278612 -0.46666393 -1.7430121   0.5843915  -0.558565
  0.6084585   0.10525237 -1.5785412   0.13032545]
[ 0.22167937  0.02251827  0.70072687  0.21804103  2.3365123  -0.03529061
 -0.52414083 -0.09913154 -0.5507656  -1.6847045   0.6417487  -0.6709639
  0.58629525  0.18031347 -1.6261181   0.23056188]
[ 0.22212093  0.07094811  0.73390454  0.18580541  2.2844596  -0.01487297
 -0.50825864 -0.08631939 -0.55990463 -1.71081     0.64374006 -0.65140665
  0.5469276   0.18015657 -1.5831947   0.19356844]
[ 2.1300092e-01  8.7253995e-02  7.9461282e-01  5.0010294e-02
  2.2278895e+00  5.9380688e-02 -5.6552106e-01 -1.3993740e-03
 -4.7706205e-01 -1.7340937e+00  5.5831873e-01 -5.8715522e-01
  5.9502274e-01  6.8738014e-02 -1.4719349e+00  1.2937516e-01]
[ 0.200888    0.03111005  0.75827265  0.10559528  2.3027542  -0.03039396
 -0.53902185 -0.06545226 -0.58022565 -1.7109207   0.5864468  -0.6640059
  0.6368416   0.16188316 -1.4868152   0.24252829]
[ 0.23101015  0.04736497  0.78517216  0.1400382   2.2265823   0.02247995
 -0.5201272  -0.10724888 -0.58915865 -1.7033999   0.535153   -0.6358418
  0.6399299   0.16601393 -1.4971489   0.20819184]
[ 0.26628956  0.05575955  0.7964114   0.09707151  2.17038     0.04651185
 -0.52743614 -0.03384062 -0.5028325  -1.7148956   0.5318148  -0.6143442
  0.56388855  0.11238275 -1.5085262   0.20994672]
[ 0.27286103  0.09160612  0.83340377  0.08364509  2.1121051   0.08713973
 -0.5362879   0.00411322 -0.41625586 -1.741016    0.5089371  -0.5613699
  0.5261537   0.0529626  -1.5303755   0.15927468]
[ 0.26423022  0.09006468  0.77792585  0.08630501  2.2162094  -0.02092212
 -0.5383795  -0.03013709 -0.46558905 -1.742429    0.59656376 -0.6160928
  0.4592083   0.13569637 -1.5618922   0.300368  ]
[ 0.21216306  0.09464595  0.7744296   0.10548377  2.210512    0.04749589
 -0.56190264 -0.02712697 -0.42201304 -1.7593788   0.5245313  -0.5502206
  0.5515257   0.08656583 -1.5459932   0.20877671]
[ 0.25018007  0.05965834  0.67735523  0.23223417  2.3130174  -0.04113855
 -0.5165659  -0.10000936 -0.502903   -1.7098427   0.6088025  -0.6486734
  0.510284    0.17791623 -1.6737163   0.31496143]
[ 0.23321553  0.11585467  0.68708026  0.14240734  2.3013415  -0.03852287
 -0.565455   -0.04059549 -0.45666438 -1.7514709   0.66853964 -0.61078894
  0.48297614  0.14378569 -1.6523021   0.29077512]
[ 0.22360024  0.09036175  0.69497454  0.13223669  2.290732   -0.03378522
 -0.57816434  0.0073716  -0.43111438 -1.7000822   0.6628541  -0.5878855
  0.43738118  0.15989795 -1.6872804   0.26709786]
[ 0.22352009  0.03140593  0.7471044   0.19892235  2.2840858   0.00969432
 -0.5592484   0.00637808 -0.42103547 -1.6673481   0.5480494  -0.5437935
  0.48731822  0.14171006 -1.7161242   0.17466676]
[ 0.27729622 -0.01430542  0.6924534   0.25002456  2.340379   -0.10692851
 -0.5020803  -0.07788455 -0.5677277  -1.6565002   0.61901164 -0.6745076
  0.55885553  0.22946098 -1.678636    0.25908488]
[ 2.3838767e-01 -3.1099320e-04  7.3367530e-01  1.5702610e-01
  2.2854466e+00 -2.3164134e-02 -5.3184712e-01 -4.5867156e-02
 -5.4040033e-01 -1.6927150e+00  6.0818309e-01 -6.6856909e-01
  6.2878484e-01  1.7421338e-01 -1.5779457e+00  2.0129426e-01]
[ 0.24146552  0.05696876  0.776497    0.11170266  2.24977     0.02636298
 -0.5297965  -0.05855442 -0.5242349  -1.6973293   0.5655686  -0.6216817
  0.6153415   0.12576322 -1.5332801   0.14153488]
[ 0.24397978  0.06454075  0.8011198   0.0613173   2.2404706   0.02342526
 -0.54833907 -0.01580939 -0.5257824  -1.7176886   0.5413422  -0.6032639
  0.6141035   0.10545211 -1.5055639   0.16796373]
[ 0.26482734  0.04423522  0.81043273  0.073973    2.1962006   0.04967279
 -0.5312015  -0.00898065 -0.49294752 -1.68757     0.52282184 -0.5861286
  0.61556643  0.08520003 -1.5212446   0.10988005]
[ 0.26598892  0.04284079  0.78907555  0.14524199  2.2413836   0.02510684
 -0.5003506  -0.07364306 -0.5513364  -1.6911974   0.5842981  -0.65032184
  0.57428634  0.14654078 -1.5671699   0.16492054]
[ 0.2492985   0.08121242  0.8338579   0.04175473  2.187968    0.09166467
 -0.5535452  -0.02780767 -0.4860754  -1.7181084   0.5072101  -0.570106
  0.5994647   0.05611158 -1.4682133   0.12178166]
[ 0.26888514  0.02155425  0.77327335  0.10876901  2.2597985  -0.02110194
 -0.5315095  -0.04080017 -0.54868734 -1.7066532   0.5367917  -0.6518153
  0.5990773   0.13603814 -1.5055429   0.25222555]
[ 0.2880626   0.03922843  0.7612532   0.15293145  2.2284813   0.00280832
 -0.5119628  -0.06780492 -0.5149819  -1.7206697   0.56467533 -0.65398234
  0.5795274   0.12683061 -1.5645224   0.23911028]
[ 0.25333157  0.08663891  0.7844717   0.06774651  2.2369568   0.01039694
 -0.5540233  -0.01781929 -0.49742794 -1.7519985   0.577147   -0.59861094
  0.5823237   0.10610212 -1.540457    0.20316526]
[ 0.22552446  0.06670941  0.76377064  0.08401917  2.2500632   0.03828678
 -0.58221495  0.01434299 -0.45141324 -1.7441797   0.5399277  -0.55951077
  0.5915092   0.05099783 -1.5196692   0.17971551]
[ 0.26098514  0.04209064  0.70753723  0.1449857   2.3242137  -0.07191052
 -0.545333   -0.02095459 -0.5124418  -1.7106018   0.5924211  -0.64278287
  0.54171133  0.13589957 -1.5867412   0.29213434]
[ 0.27783495  0.06484153  0.70192754  0.19591996  2.27635    -0.06914753
 -0.52248085 -0.03810555 -0.48079205 -1.7274812   0.6509539  -0.6619612
  0.48708153  0.14413139 -1.6441425   0.2949141 ]
[ 0.2508377   0.07375008  0.7479514   0.0884182   2.2764466  -0.05696014
 -0.55420864 -0.00469207 -0.46989584 -1.7531168   0.6294771  -0.6394224
  0.50849116  0.13945606 -1.5701298   0.28371316]
[ 0.24416156  0.06502723  0.7413968   0.15563229  2.2770317  -0.03772273
 -0.5469097  -0.047197   -0.4843773  -1.7401764   0.60198176 -0.62040365
  0.51143414  0.15263273 -1.6061754   0.28390357]
[ 0.25877494  0.05989972  0.72323287  0.18223867  2.2546525  -0.03529753
 -0.5399367  -0.03102694 -0.4625215  -1.7438434   0.5761766  -0.6156427
  0.5293032   0.1558234  -1.6474831   0.2860451 ]
[ 0.27582425  0.09668323  0.712732    0.19738069  2.2267728  -0.02499442
 -0.51816064 -0.04762785 -0.44932556 -1.7619245   0.6214777  -0.6266023
  0.48627815  0.1421924  -1.6662238   0.2855524 ]
[ 0.24471764  0.12458191  0.706457    0.10848832  2.2534115  -0.05609913
 -0.56943715  0.01468542 -0.4014612  -1.7802603   0.6567975  -0.5927659
  0.4413061   0.13261703 -1.6309906   0.29873323]
[ 0.21482396  0.07301168  0.7699971   0.09290733  2.2433972   0.01920736
 -0.60815126  0.05240861 -0.3513411  -1.765583    0.51748765 -0.5130104
  0.5205343   0.04961551 -1.5799662   0.21367756]
[ 0.2649997   0.02506226  0.6639574   0.23132825  2.3252282  -0.11553792
 -0.5446419  -0.0284908  -0.4674097  -1.7052901   0.6197902  -0.649299
  0.47904325  0.1942203  -1.7089765   0.36830267]
[ 0.2922689   0.03999117  0.68593615  0.26328126  2.2689037  -0.0813238
 -0.5146855  -0.0394113  -0.46411332 -1.7073377   0.61907524 -0.6430941
  0.45313936  0.18848653 -1.7292389   0.31833935]
[ 2.9999790e-01  7.2001599e-02  7.2896135e-01  1.7461486e-01
  2.2366188e+00 -5.4078531e-02 -5.4134101e-01 -1.5945912e-03
 -4.1381758e-01 -1.7395637e+00  6.0509384e-01 -6.0895616e-01
  4.1847610e-01  1.3405153e-01 -1.6908554e+00  3.3138269e-01]
[ 0.25537595  0.08748271  0.75868064  0.14281952  2.2228966  -0.0158736
 -0.56853473  0.02030025 -0.39004937 -1.7607063   0.5566481  -0.54522794
  0.48568994  0.10524815 -1.6571766   0.25158426]
[ 0.25970578  0.03270503  0.6684278   0.23090613  2.312615   -0.09231681
 -0.5401415  -0.04287811 -0.4711464  -1.725497    0.62701696 -0.6395803
  0.48958135  0.1918104  -1.7180039   0.36857542]
[ 0.2663327   0.07766108  0.68502015  0.21662693  2.2990654  -0.06529193
 -0.542246   -0.04047596 -0.44276053 -1.7377739   0.633545   -0.6172768
  0.46407613  0.15914845 -1.7259109   0.32087946]
[ 0.26170394  0.09277179  0.66700065  0.2238787   2.2893434  -0.08078789
 -0.54335064 -0.01723508 -0.443266   -1.7356036   0.67292446 -0.61607015
  0.42378092  0.15746234 -1.7344029   0.33226144]
[ 0.22725086  0.07464524  0.7006666   0.13779874  2.3042128  -0.0495468
 -0.58969986  0.02477038 -0.39893124 -1.7395872   0.61887914 -0.574324
  0.49488625  0.09339167 -1.6367657   0.26165107]
[ 0.24772947  0.01680662  0.6721588   0.22561757  2.3531237  -0.11060007
 -0.5364142  -0.05404084 -0.51169026 -1.6880257   0.6477252  -0.66504645
  0.5021324   0.20476241 -1.6916959   0.3380556 ]
[ 0.23504102  0.02572811  0.682031    0.2218811   2.3274803  -0.0816734
 -0.5351313  -0.06254836 -0.50615054 -1.6962742   0.6445802  -0.6605455
  0.55228156  0.2156233  -1.6826897   0.26872978]
[ 0.23374104  0.04943868  0.7390348   0.18548548  2.290037   -0.02290543
 -0.525541   -0.0602137  -0.515388   -1.7197111   0.6253111  -0.64349204
  0.5517106   0.17755051 -1.6396592   0.22150663]
[ 2.5677952e-01  6.3822076e-02  7.4196243e-01  1.6484985e-01
  2.2690768e+00 -2.1037534e-03 -5.2866161e-01 -4.8714645e-02
 -4.9186715e-01 -1.7161163e+00  6.0549176e-01 -6.1465532e-01
  5.1961583e-01  1.3484702e-01 -1.6305628e+00  2.2379270e-01]
[ 0.22527261  0.07640463  0.7873457   0.0862571   2.2343392   0.04043216
 -0.5666686  -0.00518675 -0.46388856 -1.7301121   0.54636097 -0.55199367
  0.59208596  0.08110204 -1.5433702   0.13755949]
[ 2.0625131e-01 -1.9431561e-03  7.1646821e-01  1.5562877e-01
  2.3018842e+00 -2.5742259e-02 -5.4445142e-01 -4.8818972e-02
 -5.4340106e-01 -1.6913551e+00  6.1462319e-01 -6.6432703e-01
  6.3246328e-01  1.6795674e-01 -1.5635226e+00  2.3568197e-01]
[ 0.21965933  0.01943621  0.73945695  0.11927275  2.3142815  -0.02319925
 -0.5428508  -0.0528751  -0.5533329  -1.683206    0.5783711  -0.6295725
  0.6009766   0.16218643 -1.5236635   0.20318699]
[ 0.22774462  0.01911637  0.7633308   0.16012262  2.2479699   0.014059
 -0.5326862  -0.03568383 -0.54872316 -1.6848516   0.5296176  -0.6039735
  0.6238837   0.14927544 -1.5547504   0.17231181]
[ 0.24000135  0.00651984  0.80623627  0.07144608  2.1970065   0.07213487
 -0.5593106   0.01490642 -0.48249403 -1.6761243   0.46675307 -0.56550246
  0.63875204  0.0697761  -1.4750233   0.12085817]
[ 2.7081087e-01  5.0739408e-03  7.5969881e-01  1.5864822e-01
  2.2254612e+00  3.8766862e-05 -5.0711882e-01 -3.6219366e-02
 -5.3294134e-01 -1.6527992e+00  5.2503479e-01 -6.1937630e-01
  5.6804001e-01  1.5419628e-01 -1.5687784e+00  1.9781101e-01]
[ 0.260467    0.02522299  0.8179642   0.06691791  2.1730347   0.06136486
 -0.54914516  0.04406839 -0.4373766  -1.6858437   0.42728955 -0.5345149
  0.5876702   0.07201578 -1.5115356   0.12944269]
[ 0.3030398  -0.01808733  0.7812132   0.1606656   2.2224936  -0.02765028
 -0.48788744 -0.01637653 -0.5134119  -1.6716992   0.4589898  -0.61319077
  0.58272856  0.1661946  -1.6056391   0.22765866]
[ 0.2992188   0.03898587  0.77443683  0.17259236  2.1835384   0.02240193
 -0.51387084 -0.03582374 -0.47064456 -1.6998564   0.52096134 -0.59461915
  0.5461112   0.1389884  -1.634978    0.19982389]
[ 0.29563487  0.04490926  0.82267344  0.06727018  2.1429894   0.10751669
 -0.5559069   0.05536754 -0.38858005 -1.6931      0.43532825 -0.5097926
  0.5607451   0.01046752 -1.5788299   0.12901463]
[ 2.74746805e-01  5.59477136e-02  7.52347827e-01  1.09867476e-01
  2.25324678e+00  1.90203486e-03 -5.54774940e-01  2.52663754e-02
 -4.27005231e-01 -1.70749784e+00  5.36578298e-01 -5.60310483e-01
  5.62119186e-01  6.29309788e-02 -1.63052118e+00  1.92319751e-01]
[ 0.2475336   0.01909546  0.7033703   0.15619496  2.352492   -0.09884156
 -0.5215862  -0.0228116  -0.51794183 -1.6952568   0.63140744 -0.64831674
  0.5738659   0.17880113 -1.66138     0.25102353]
[ 0.22268477  0.04909074  0.71475035  0.17242572  2.347038   -0.0409263
 -0.54156655 -0.05970721 -0.523524   -1.716506    0.65326196 -0.6493877
  0.57767344  0.1603677  -1.6361992   0.21720581]
[ 0.2342529   0.06722744  0.7479618   0.13444762  2.320005   -0.03531676
 -0.53714883 -0.0474072  -0.5426085  -1.7192062   0.6324517  -0.6475955
  0.55946636  0.14904884 -1.5835907   0.21556802]
[ 0.2223115   0.0406775   0.7298112   0.14877272  2.3034797  -0.02389313
 -0.53696984 -0.05690541 -0.53969043 -1.702129    0.6379198  -0.6687288
  0.603213    0.15178382 -1.5620674   0.19912541]
[ 0.25106737  0.02257054  0.80057776  0.0864507   2.260746    0.00994385
 -0.5233696  -0.05337406 -0.5560555  -1.6926419   0.5541783  -0.65144014
  0.60833114  0.12146179 -1.4841219   0.19334246]
[ 0.25830084  0.0277563   0.793558    0.110234    2.2235026   0.02146435
 -0.5232457  -0.06661081 -0.5514015  -1.6850201   0.53498256 -0.63423455
  0.60800725  0.14793472 -1.4958878   0.17829947]
[ 0.24526055  0.02680666  0.81706506  0.06321923  2.184699    0.04686319
 -0.54549474 -0.01250743 -0.52142966 -1.7218533   0.5071329  -0.6228048
  0.66526634  0.10996757 -1.4541138   0.15896621]
[ 0.27848676  0.04238846  0.80290765  0.12110305  2.1883502   0.04789831
 -0.51130456 -0.04616871 -0.50116026 -1.7364508   0.5290283  -0.6247835
  0.58636737  0.10037935 -1.5332316   0.20408936]
[ 0.23593836  0.10516147  0.83235437  0.03682206  2.1640737   0.08458679
 -0.56719124  0.00962805 -0.44362926 -1.7623386   0.5006472  -0.53152484
  0.5748278   0.06817001 -1.4960442   0.13555457]
[ 0.22146237  0.0676491   0.7562453   0.09636844  2.212472    0.03660293
 -0.57335955  0.02152732 -0.43218023 -1.7422081   0.5547196  -0.56940717
  0.58190876  0.06853199 -1.5440108   0.19121952]
[ 0.22418228  0.0417561   0.68999016  0.13271707  2.3328967  -0.07355995
 -0.55354095 -0.02802865 -0.48867512 -1.7035068   0.63411176 -0.64356834
  0.5565003   0.16679433 -1.6000965   0.26139066]
[ 0.21053717  0.07721112  0.7363545   0.16911499  2.2871614  -0.02621382
 -0.5398755  -0.03390116 -0.4989957  -1.7183502   0.61323607 -0.60436743
  0.5501689   0.16587007 -1.628926    0.1876392 ]
[ 0.17696118  0.04776727  0.78712595  0.09436031  2.2550266   0.02924005
 -0.56720847  0.02049205 -0.44963837 -1.7327818   0.55473053 -0.5755187
  0.6131829   0.11758606 -1.5408782   0.11417179]
[ 2.0743957e-01  6.3007906e-02  7.4873430e-01  2.0697650e-01
  2.2764084e+00  1.5894144e-03 -5.0213224e-01 -8.8781044e-02
 -5.1899606e-01 -1.7071311e+00  6.3063729e-01 -6.5197152e-01
  5.6558907e-01  1.9891219e-01 -1.6271759e+00  1.4156710e-01]
[ 0.21999136  0.10511871  0.81279457  0.10777493  2.2030988   0.06410186
 -0.52264345 -0.05273356 -0.49478418 -1.7378445   0.5791165  -0.606171
  0.5433134   0.13558802 -1.5528107   0.14189109]
[ 0.22875842  0.08646446  0.86304986  0.06806672  2.1363845   0.13907559
 -0.54811585 -0.01548661 -0.44640654 -1.7370198   0.47857952 -0.53786016
  0.59917086  0.05658663 -1.4696653   0.04233171]
[ 0.26121768  0.04055575  0.8005004   0.14622962  2.190326    0.04503279
 -0.5032425  -0.05507499 -0.5167939  -1.714434    0.55722076 -0.63651824
  0.5742302   0.15159586 -1.5563425   0.1613124 ]
[ 0.27498573  0.09564258  0.8711425   0.02865375  2.1131418   0.14049429
 -0.5243423  -0.02281747 -0.43920317 -1.7408787   0.4765707  -0.55394757
  0.5813209   0.03653615 -1.484289    0.09233417]
[ 0.25718063  0.11699601  0.78037524  0.06214418  2.2298353   0.02074011
 -0.541633   -0.0486993  -0.5025823  -1.7578127   0.5822781  -0.6068722
  0.5583216   0.12594701 -1.5397879   0.21268621]
[ 0.2609666   0.08315526  0.8032893   0.07192597  2.1888657   0.08967032
 -0.5492941  -0.01580863 -0.44944286 -1.7510856   0.53484505 -0.56709015
  0.59689564  0.03587944 -1.5289751   0.14225253]
[ 0.26976585  0.10184725  0.7121962   0.11936142  2.298697   -0.05111963
 -0.5396471  -0.0501724  -0.5040566  -1.7270062   0.663437   -0.6383743
  0.4838044   0.14035259 -1.6081825   0.27910084]
[ 0.21735415  0.09560325  0.7646544   0.08933774  2.2524858   0.00919422
 -0.57566434  0.00355899 -0.466753   -1.7446601   0.6105309  -0.5886975
  0.561514    0.0875866  -1.5584533   0.18928643]
[ 0.2488153   0.01081682  0.6976755   0.14141217  2.3469443  -0.09130844
 -0.54567003 -0.04882822 -0.54012316 -1.7022097   0.6279143  -0.6822451
  0.5549351   0.16064017 -1.5662853   0.33936003]
[ 0.26218146  0.0210089   0.7312807   0.20702748  2.2979245  -0.0488429
 -0.5177597  -0.0906134  -0.5616156  -1.6942861   0.5926759  -0.6630981
  0.5619339   0.18266556 -1.5884844   0.257418  ]
[ 0.2597998   0.03355184  0.7371813   0.14643359  2.2511     -0.03003573
 -0.544999   -0.03017398 -0.5114851  -1.7209713   0.58521134 -0.6536301
  0.5705955   0.13134244 -1.5510912   0.27729487]
[ 0.2595355   0.04233981  0.75735027  0.09202965  2.2583165  -0.02493622
 -0.554706   -0.0221202  -0.48331285 -1.7330167   0.57543534 -0.6392962
  0.57540786  0.11236016 -1.5260051   0.26067322]
[ 0.21052392  0.08086998  0.7566704   0.13173375  2.2710266  -0.02148995
 -0.54998976 -0.03680105 -0.4943158  -1.7618837   0.5990726  -0.6055876
  0.5811531   0.15658064 -1.5901377   0.22070102]
[ 0.1947548   0.07755601  0.78106725  0.09669535  2.24437     0.04275913
 -0.5735744   0.00679101 -0.45462817 -1.7614657   0.53930265 -0.5637089
  0.59179866  0.09586647 -1.5378811   0.16765687]
[ 0.23144343  0.08551263  0.7039102   0.17484584  2.2976794  -0.0482984
 -0.54215395 -0.04300226 -0.48980483 -1.7297344   0.65335286 -0.6386254
  0.5038253   0.17227545 -1.6359113   0.25357932]
[ 0.2143827   0.08844922  0.7338786   0.16009374  2.2530558  -0.02575369
 -0.550352   -0.00495084 -0.44280067 -1.7490008   0.6503869  -0.62049305
  0.5145458   0.14778154 -1.6449432   0.22255102]
[ 0.20921929  0.0585181   0.8092619   0.09579073  2.231646    0.04315923
 -0.5618162   0.00359718 -0.43297106 -1.7400945   0.5367513  -0.55613863
  0.54753417  0.08929957 -1.5377778   0.15022698]
[ 0.2088218   0.03154027  0.7373806   0.20024724  2.280885   -0.03452741
 -0.53529996 -0.06714281 -0.52607584 -1.7140309   0.5882405  -0.63549006
  0.5958891   0.21264978 -1.6012275   0.20564482]
[ 0.22016439  0.05157225  0.7777281   0.15962799  2.208908    0.0401906
 -0.5269168  -0.0331857  -0.4738947  -1.7383839   0.5598727  -0.6179699
  0.6135391   0.14173572 -1.5899274   0.15236624]
[ 0.24191841  0.10811961  0.78731704  0.11888282  2.1992133   0.05341507
 -0.5187571  -0.04576841 -0.4542293  -1.7558501   0.5858239  -0.5940267
  0.5253154   0.12325752 -1.5880286   0.15970953]
[ 0.20451601  0.14197393  0.8375538   0.03414621  2.1662536   0.11241819
 -0.5785942   0.01793087 -0.38796246 -1.763689    0.52256334 -0.5130332
  0.53276813  0.06481582 -1.5196512   0.07306796]
[ 0.23246947  0.07456668  0.79461026  0.08833607  2.2009346   0.04987393
 -0.5576236   0.01935195 -0.4078114  -1.7657738   0.5374514  -0.55977994
  0.5574116   0.06985393 -1.5467573   0.15959711]
[ 0.25997567  0.06942683  0.7437177   0.19100156  2.2576413  -0.02386031
 -0.5124211  -0.07533322 -0.5018738  -1.7127655   0.601745   -0.63903946
  0.5051495   0.18185207 -1.6274159   0.2308027 ]
[ 0.26268297  0.08316298  0.78952444  0.13848706  2.1926703   0.02278485
 -0.53496575 -0.02531254 -0.47469097 -1.7453701   0.5652772  -0.5985168
  0.51522434  0.13840275 -1.6003475   0.21896574]
[ 2.71528780e-01  6.05277494e-02  8.11155677e-01  1.06088236e-01
  2.17012644e+00  7.05745667e-02 -5.54022312e-01  1.21736526e-03
 -4.14505184e-01 -1.73974967e+00  5.00863612e-01 -5.55183411e-01
  5.63553572e-01  5.01016192e-02 -1.56142235e+00  1.65960506e-01]
[ 0.24873325  0.06247778  0.73733294  0.18638042  2.2752786  -0.02480333
 -0.5263132  -0.05316281 -0.5081251  -1.7269223   0.6049792  -0.6209022
  0.56597835  0.15911764 -1.6508087   0.2179676 ]
[ 0.2296969   0.07938836  0.76301146  0.10268752  2.2587154   0.03299829
 -0.5726009   0.0056803  -0.44977513 -1.7513723   0.557965   -0.5630566
  0.5813591   0.06033804 -1.5661521   0.17834346]
[ 0.25006717  0.05238375  0.69828993  0.14517617  2.3435388  -0.08205329
 -0.54690343 -0.02478622 -0.5057267  -1.7225249   0.63330543 -0.6487403
  0.5229976   0.14998989 -1.6087431   0.29432455]
[ 0.2644945   0.07470397  0.69772613  0.19446096  2.289371   -0.0662575
 -0.527475   -0.04318401 -0.48582706 -1.7315099   0.6594929  -0.66166466
  0.48363727  0.14880286 -1.6478641   0.30118594]
[ 0.23872621  0.06536779  0.7447908   0.10884385  2.2950718  -0.05829016
 -0.5568651  -0.01483277 -0.48293123 -1.7508519   0.6271307  -0.64158857
  0.53079677  0.14703418 -1.5724196   0.26967528]
[ 0.22990409  0.03863119  0.74581856  0.1789095   2.2827935  -0.02561229
 -0.5411374  -0.04928308 -0.50114787 -1.7304989   0.59080637 -0.62812334
  0.5669879   0.15965505 -1.6006874   0.23111388]
[ 0.25887832  0.04897039  0.7381586   0.1611091   2.255653   -0.0218452
 -0.53953934 -0.02737596 -0.4868617  -1.729571    0.5565659  -0.6167139
  0.5573831   0.13878527 -1.5988165   0.25507373]
[ 0.2907115   0.09969296  0.7430452   0.15373579  2.2177055  -0.01553358
 -0.5209421  -0.03545572 -0.4564027  -1.7628229   0.5943843  -0.6212071
  0.50322306  0.1257749  -1.6295503   0.26355663]
[ 0.28936964  0.12246325  0.7518301   0.09503542  2.2201457  -0.02622893
 -0.5476355   0.00329518 -0.4071683  -1.7822345   0.6162977  -0.5970707
  0.42692932  0.10673437 -1.6196215   0.2989224 ]
[ 2.5868002e-01  1.1127333e-01  7.5679410e-01  1.0078063e-01
  2.2224472e+00 -2.0241023e-03 -5.7991058e-01  2.6935954e-02
 -3.6407635e-01 -1.7766492e+00  5.6924754e-01 -5.3885633e-01
  4.5431978e-01  7.1715072e-02 -1.6107750e+00  2.5010413e-01]
[ 0.2620086   0.04204593  0.6884639   0.19294378  2.2958553  -0.0854975
 -0.5509142  -0.00802664 -0.44461697 -1.7322702   0.614936   -0.62756824
  0.5142059   0.17360345 -1.7082525   0.32346213]
[ 0.24605529  0.02725826  0.70109993  0.2193917   2.3101122  -0.06033299
 -0.5298147  -0.03730588 -0.44918045 -1.721749    0.62003547 -0.63065636
  0.5422586   0.17053653 -1.720561    0.26044425]
[ 0.24539399  0.06928559  0.69446343  0.19882715  2.3129182  -0.05541909
 -0.54076576 -0.03506183 -0.48633528 -1.7304817   0.640319   -0.61022204
  0.49915487  0.16944566 -1.6924175   0.2695466 ]
[ 0.21834235  0.07313612  0.74314326  0.11389875  2.272701   -0.01226508
 -0.58694446  0.04009672 -0.40850067 -1.7619976   0.60202885 -0.5661317
  0.5511749   0.08727148 -1.6157446   0.19638832]
[ 0.24168114  0.02749857  0.69522095  0.194114    2.3355916  -0.08967055
 -0.54432017 -0.0203537  -0.48377457 -1.7169611   0.64711046 -0.6599666
  0.519313    0.16941969 -1.6636164   0.29794544]
[ 0.24834529  0.02166663  0.7279138   0.1845687   2.311134   -0.06954671
 -0.5349734  -0.04315842 -0.5173226  -1.6968292   0.612299   -0.6484753
  0.52180725  0.18871471 -1.6234977   0.2662478 ]
[ 2.4424319e-01  9.4340621e-03  7.5352275e-01  1.4850415e-01
  2.2484994e+00 -2.8581899e-02 -5.5035716e-01 -3.1471252e-05
 -4.8271990e-01 -1.6969643e+00  5.4912984e-01 -6.1949527e-01
  6.0345179e-01  1.6693503e-01 -1.5987546e+00  2.0021220e-01]
[ 0.23816366 -0.02505233  0.7696887   0.15756074  2.2321234   0.01545234
 -0.52252924 -0.01471713 -0.47973734 -1.679002    0.5198436  -0.6198149
  0.6504886   0.14873798 -1.5897859   0.1432186 ]
[ 0.26199245  0.05305226  0.81083375  0.10637131  2.2101173   0.04490443
 -0.52226573 -0.02563849 -0.487528   -1.7002847   0.49831638 -0.5748036
  0.60126716  0.1232782  -1.5776854   0.1236598 ]
[ 0.24431053  0.07958707  0.8322449   0.0614328   2.1539035   0.08017759
 -0.5612932   0.04921145 -0.41533285 -1.7338972   0.4967637  -0.53519934
  0.5643676   0.0721982  -1.5466439   0.10301025]
[ 0.23324244  0.05623832  0.826272    0.11353682  2.1782534   0.067052
 -0.5554658   0.02783458 -0.41351685 -1.7434721   0.52543795 -0.55851805
  0.59102863  0.07447197 -1.582647    0.1037724 ]
[ 0.25732422  0.03299981  0.7865063   0.16155782  2.2349212  -0.00362592
 -0.51443905 -0.04966992 -0.5214137  -1.7097652   0.5787313  -0.6276159
  0.5339787   0.16398893 -1.5940343   0.21758857]
[ 0.24238166  0.05497618  0.8302447   0.07801934  2.155074    0.07771178
 -0.569686    0.01079724 -0.46215472 -1.7225634   0.4590866  -0.53040195
  0.5942708   0.07794859 -1.4909394   0.14243142]
[ 0.28944805 -0.01104041  0.73348033  0.18420355  2.2063675  -0.02434045
 -0.5254549  -0.01991625 -0.5040775  -1.6845127   0.52531755 -0.6405304
  0.5755937   0.1475034  -1.5797875   0.27781624]
[ 0.30129313  0.03181353  0.7580908   0.14615726  2.1989937  -0.01417895
 -0.5111656  -0.01311945 -0.4568761  -1.715699    0.54292595 -0.6166109
  0.53333896  0.11672375 -1.612743    0.26022953]
[ 0.2745788   0.09449083  0.80247676  0.05178463  2.1854753   0.03509156
 -0.5614773   0.02272527 -0.41586274 -1.7282463   0.50900465 -0.5234617
  0.5047375   0.075244   -1.5752574   0.1971622 ]
[ 0.21788213  0.06640854  0.7430934   0.12878549  2.2504213   0.01195822
 -0.5857245   0.01672875 -0.42407054 -1.7386482   0.5454332  -0.5448216
  0.57903624  0.08892319 -1.6083314   0.20064466]
[ 0.2504262   0.0316186   0.68193036  0.22929068  2.3199356  -0.06942524
 -0.52823746 -0.05808456 -0.50638795 -1.6903394   0.6376127  -0.6529618
  0.51985544  0.18265276 -1.6851695   0.2862981 ]
[ 0.23105073  0.07116835  0.71156204  0.17144442  2.2886157  -0.05431131
 -0.54517376 -0.02796076 -0.47456327 -1.723045    0.6502882  -0.6204876
  0.5133578   0.17125806 -1.6654441   0.2500003 ]
[ 0.21413632  0.054002    0.79536617  0.11096201  2.2468994   0.02314095
 -0.5727221   0.00900655 -0.45350918 -1.7273846   0.5542293  -0.57366556
  0.54929847  0.103296   -1.5598509   0.1732544 ]
[ 0.21756348 -0.00439347  0.70709383  0.21077505  2.317319   -0.06142552
 -0.53861386 -0.06789846 -0.53960055 -1.6780546   0.6287275  -0.6753983
  0.58819     0.20847113 -1.6254269   0.26050967]
[ 0.20460455  0.00624199  0.77277815  0.17437525  2.260221    0.00622938
 -0.53409386 -0.05709354 -0.5429033  -1.7034054   0.5634424  -0.6364302
  0.66883403  0.15660402 -1.5561769   0.16211766]
[ 0.20296712  0.01827712  0.7576443   0.14132094  2.2694936   0.01164782
 -0.5299717  -0.05899315 -0.5401015  -1.6992719   0.58033264 -0.64135474
  0.6305326   0.14942887 -1.529206    0.18383165]
[ 0.17924201  0.08172204  0.81638366  0.04449716  2.2162948   0.07185966
 -0.56448615 -0.01760725 -0.49336004 -1.7281771   0.5370007  -0.5739195
  0.65620875  0.09337589 -1.4538857   0.07971232]
[ 0.15597554  0.08163199  0.75525385  0.11215313  2.2843814   0.00315274
 -0.5440205  -0.05327968 -0.5271233  -1.7334303   0.64470065 -0.64560306
  0.6191095   0.16961583 -1.5368541   0.16003941]
[ 0.14799303  0.07305028  0.86267185  0.05411577  2.197193    0.13163176
 -0.5528653  -0.02973119 -0.49409097 -1.7259738   0.50149614 -0.5541655
  0.64796484  0.09531299 -1.4320242   0.02036259]
[ 0.17396559  0.07501681  0.8075434   0.127813    2.208855    0.05392984
 -0.524989   -0.06869246 -0.53150237 -1.7118661   0.59097093 -0.6233207
  0.62236094  0.1904865  -1.5286742   0.08141159]
[ 0.15043724  0.04119958  0.9038873   0.03059318  2.1185443   0.18842755
 -0.54829735 -0.00690061 -0.47214693 -1.7302564   0.47129387 -0.55759263
  0.7307604   0.06091823 -1.3992065  -0.04195105]
[ 0.21100359  0.0475358   0.8620755   0.09167285  2.1692328   0.11338284
 -0.49346194 -0.09325942 -0.5622903  -1.7041582   0.51670927 -0.6196013
  0.6512041   0.15281017 -1.4588783   0.05941002]
[ 1.9669089e-01  9.3363792e-02  9.3364078e-01 -8.9157578e-03
  2.0579643e+00  2.2397980e-01 -5.4113269e-01 -3.0559302e-05
 -4.5329675e-01 -1.7325226e+00  3.9391801e-01 -5.1660013e-01
  6.4381254e-01  3.9090261e-02 -1.3734949e+00 -1.3073385e-02]
[ 0.2217249   0.07499771  0.85753566  0.05355878  2.0727592   0.15577789
 -0.53340304 -0.00468334 -0.44580355 -1.7441912   0.46587667 -0.5653364
  0.65734875  0.0483397  -1.4543847   0.08464561]
[ 0.20176312  0.08453701  0.8240388   0.04904016  2.1825984   0.07311201
 -0.53592694 -0.04752079 -0.4983769  -1.7390543   0.5630367  -0.5978237
  0.60414994  0.13173148 -1.4726814   0.12292919]
[ 0.16088705  0.09590389  0.8529978   0.03124335  2.1521254   0.15329541
 -0.5849143   0.00928018 -0.42840892 -1.7323284   0.46759135 -0.50073946
  0.6240538   0.068136   -1.4556385   0.03039392]
[ 0.16048703  0.04757308  0.8246218   0.0957491   2.1907818   0.11527791
 -0.57053566  0.00825472 -0.44715887 -1.7315671   0.48536053 -0.54821205
  0.68588036  0.08011104 -1.4954822   0.0418471 ]
[ 0.2159499   0.08097272  0.76254433  0.19350561  2.22998     0.02803454
 -0.489209   -0.08190496 -0.5152682  -1.7232939   0.61484784 -0.638045
  0.5555357   0.1729596  -1.6093832   0.14790854]
[ 0.15921083  0.11260216  0.8612757   0.02469198  2.1698732   0.13124451
 -0.57701296  0.00626044 -0.4328813  -1.7536888   0.5271858  -0.53284824
  0.5897281   0.08151133 -1.4556986   0.03174531]
[ 1.72948495e-01  6.33597746e-02  8.36913586e-01  8.27015489e-02
  2.17540121e+00  1.05224624e-01 -5.59412956e-01  1.05461477e-04
 -4.56571579e-01 -1.72733951e+00  5.10441184e-01 -5.56505084e-01
  6.15850270e-01  8.64875466e-02 -1.48065650e+00  7.50488788e-02]
[ 0.19942503  0.01242586  0.78272927  0.16288213  2.2444525   0.03020288
 -0.5217277  -0.07310546 -0.5405438  -1.6969645   0.560742   -0.6489529
  0.6400901   0.18297763 -1.5295111   0.14017338]
[ 0.23167253  0.06674204  0.8390527   0.1251743   2.1530871   0.09234921
 -0.5024896  -0.05594592 -0.5097228  -1.7352092   0.5071889  -0.597298
  0.62272286  0.12390431 -1.5168643   0.10050616]
[ 0.19898441  0.09679363  0.8437556   0.04047895  2.1243553   0.1383744
 -0.5589401   0.0099876  -0.41879687 -1.7660671   0.50108397 -0.5442995
  0.6091915   0.05897019 -1.4650637   0.07589052]
[ 0.21946542  0.11769285  0.8243927   0.05257546  2.1444077   0.10903236
 -0.5439483  -0.00265911 -0.4215552  -1.7610337   0.51071906 -0.5356959
  0.5688579   0.06209544 -1.5014675   0.10311487]
[ 0.22386241  0.09419201  0.7394554   0.09841815  2.2413926  -0.0205089
 -0.5552162  -0.01469272 -0.45753646 -1.7530403   0.6238178  -0.6080547
  0.5219574   0.15543802 -1.5751173   0.23439133]
[ 0.21272163  0.09282731  0.8151089   0.10041781  2.1655622   0.08317838
 -0.5550623   0.01001327 -0.40710893 -1.7534653   0.51020366 -0.52838933
  0.5560075   0.07643452 -1.5515326   0.11877561]
[ 0.24542013  0.06794926  0.7290901   0.18365324  2.2315722  -0.02311935
 -0.52903295 -0.03696983 -0.4624497  -1.7295208   0.6089445  -0.61600626
  0.4852109   0.17507358 -1.6417611   0.26089114]
[ 0.23999019  0.10322521  0.80807173  0.10552261  2.1592903   0.06697612
 -0.5583559   0.01406935 -0.38968065 -1.7536637   0.51070064 -0.5258098
  0.5226611   0.07887495 -1.574501    0.13926846]
[ 0.26327768  0.06805165  0.72747564  0.19053635  2.2263603  -0.03131511
 -0.5233905  -0.03090365 -0.45204288 -1.7294588   0.60228133 -0.6160196
  0.4669029   0.17363825 -1.665869    0.2799878 ]
[ 0.23372881  0.10354157  0.7957238   0.10454018  2.1819873   0.05474557
 -0.5653969   0.00784822 -0.38913855 -1.7612038   0.5178095  -0.5219979
  0.53962374  0.08359989 -1.5885675   0.15006703]
[ 0.25805014  0.06697916  0.7262709   0.20304188  2.2387352  -0.02679769
 -0.52208066 -0.03609804 -0.46956167 -1.7349886   0.60539025 -0.61246115
  0.49184483  0.17264965 -1.6880907   0.27594826]
[ 0.26241437  0.09498169  0.77444607  0.13001922  2.1998081   0.03678842
 -0.5647707   0.00364705 -0.39586893 -1.7547214   0.5485398  -0.53854275
  0.4980856   0.07336136 -1.6174313   0.1969411 ]
[ 0.2682845   0.08120368  0.70976186  0.20987436  2.262729   -0.05887015
 -0.5282977  -0.03578142 -0.48386604 -1.7297262   0.6549989  -0.63331366
  0.4540449   0.17519301 -1.6974243   0.30044022]
[ 0.25369954  0.06096891  0.7453721   0.13106789  2.2603798  -0.00584455
 -0.5665566   0.0130718  -0.41433817 -1.7405545   0.58550423 -0.5833718
  0.5209702   0.08172492 -1.6264362   0.23225307]
[ 0.24149129  0.02447689  0.68544555  0.2037503   2.3507838  -0.09215184
 -0.53150165 -0.06412006 -0.52492267 -1.7032344   0.6352477  -0.65749806
  0.5565443   0.19410272 -1.6585484   0.2896493 ]
[ 0.23268744  0.02656273  0.6928278   0.16989203  2.3363812  -0.04392186
 -0.54788315 -0.0557673  -0.524372   -1.6965148   0.6262474  -0.6420531
  0.5902566   0.16898963 -1.6319185   0.24660328]
[ 0.22626618  0.03513131  0.69648534  0.13284531  2.3445623  -0.06230385
 -0.5499839  -0.02970972 -0.50849706 -1.7003644   0.64805114 -0.6446042
  0.5787312   0.16872633 -1.6109855   0.22294402]
[ 0.21733923  0.03859907  0.73855793  0.15643509  2.3087695  -0.02203897
 -0.5437333  -0.02827324 -0.51084876 -1.694587    0.6211442  -0.61595976
  0.5778705   0.15983674 -1.6216446   0.16340177]
[ 0.20612195  0.00288608  0.83377236  0.07274707  2.2571983   0.07323267
 -0.57004845  0.00815555 -0.5056985  -1.6833769   0.47575027 -0.5637702
  0.6485947   0.08230931 -1.4646227   0.07089194]
[ 0.25949782 -0.03563382  0.7647671   0.17415145  2.2599792  -0.0086329
 -0.5194875  -0.05551467 -0.585633   -1.6361408   0.5202065  -0.64726603
  0.64304024  0.18715163 -1.5326637   0.15839696]
[ 0.25847954 -0.0475638   0.8407388   0.08671377  2.1626837   0.07564944
 -0.52636355 -0.01359304 -0.5658553  -1.6529827   0.43156368 -0.616769
  0.7209437   0.1181073  -1.4275401   0.10073891]
[ 0.26122856 -0.03445332  0.8767637   0.04585911  2.145593    0.08950783
 -0.5180891   0.00366033 -0.54144096 -1.6570095   0.40462112 -0.5838553
  0.71451163  0.09419221 -1.4459121   0.08912744]
[ 0.26932526  0.00438676  0.8890971   0.00667242  2.0903366   0.16310686
 -0.5361629   0.03582824 -0.49844107 -1.6486489   0.34127545 -0.50433165
  0.69257176  0.02789935 -1.4346287   0.04591904]
[ 0.26265937  0.01877512  0.8180102   0.08618234  2.1507363   0.10700814
 -0.5416085   0.02727562 -0.4590091  -1.6733118   0.43834153 -0.54617274
  0.6501826   0.03414289 -1.5184637   0.08978981]
[ 0.2960549   0.02300471  0.74970734  0.12454025  2.2407362  -0.02588018
 -0.4948868  -0.00906065 -0.49195838 -1.6637787   0.55411637 -0.6301273
  0.53866476  0.12189667 -1.6022384   0.21699867]
[ 2.3976178e-01  8.0844268e-02  8.0304497e-01  6.2335808e-02
  2.2137079e+00  4.0813822e-02 -5.5418438e-01  1.2738481e-03
 -4.4041786e-01 -1.7216610e+00  5.3610861e-01 -5.6745672e-01
  5.4164183e-01  7.7236891e-02 -1.5248932e+00  1.5905862e-01]
[ 0.22944567  0.0396856   0.7641712   0.11283324  2.2750595  -0.0467904
 -0.53772527 -0.02497278 -0.5011326  -1.724049    0.5679226  -0.6325896
  0.5943888   0.18037763 -1.5745876   0.22655103]
[ 0.23711038  0.04813645  0.7494016   0.19725534  2.244228    0.01430931
 -0.51031744 -0.07710627 -0.50365734 -1.7208157   0.57893157 -0.63736165
  0.5693784   0.16809571 -1.6102244   0.19992748]
[ 0.26483446  0.11765824  0.7925614   0.12540078  2.186363    0.05215368
 -0.52657735 -0.04138264 -0.46069613 -1.758023    0.5785438  -0.58729786
  0.509371    0.11583235 -1.5956559   0.17383459]
[ 0.2571452   0.11571519  0.8032843   0.0789919   2.1573849   0.07031368
 -0.5721568   0.03217932 -0.37917557 -1.7728817   0.5441279  -0.5468032
  0.4982861   0.04078779 -1.5542673   0.17455238]
[ 0.24593285  0.07663026  0.77861613  0.09581114  2.232371    0.01218867
 -0.56732625  0.0074517  -0.4251291  -1.7545512   0.56612194 -0.567774
  0.53610265  0.07743351 -1.5624642   0.19625868]
[ 0.25962073  0.03450159  0.70788985  0.17983599  2.3071282  -0.06675247
 -0.53639483 -0.05996722 -0.52809095 -1.7145042   0.6121766  -0.65084904
  0.5457479   0.17591056 -1.6191022   0.30339032]
[ 0.27943277  0.0459167   0.7213735   0.13597214  2.2927394  -0.05481021
 -0.54801625 -0.02867798 -0.48649186 -1.7183607   0.5884316  -0.6281968
  0.543059    0.1453059  -1.6221758   0.28480446]
[ 0.2548562   0.05148455  0.7155912   0.17536739  2.2833889  -0.03522697
 -0.52681607 -0.04140769 -0.4959715  -1.7212311   0.62778795 -0.64025754
  0.5538908   0.15309116 -1.6529595   0.24610786]
[ 0.25112504  0.08196758  0.72922575  0.10742128  2.3012028  -0.03607147
 -0.5638498  -0.01763978 -0.47456282 -1.7350636   0.61874104 -0.6098749
  0.49866217  0.11617583 -1.594145    0.27687055]
[ 2.3471422e-01  6.5108716e-02  7.7818239e-01  1.2604344e-01
  2.2525382e+00  1.3946402e-02 -5.7145298e-01  2.1342933e-03
 -4.6646899e-01 -1.7303015e+00  5.5136979e-01 -5.6616580e-01
  5.4760754e-01  9.6128978e-02 -1.5799999e+00  1.9405907e-01]
[ 0.25995952 -0.00247471  0.6856144   0.21365328  2.3042512  -0.08262613
 -0.53992426 -0.04310054 -0.5211541  -1.6807015   0.6157299  -0.67448753
  0.55016834  0.18832909 -1.6326916   0.30957013]
[ 0.24696752  0.00321594  0.74029636  0.17323832  2.2814264  -0.04764204
 -0.53649896 -0.03806292 -0.5218067  -1.6944809   0.5707487  -0.6427625
  0.58520174  0.17010194 -1.5844457   0.24305353]
[ 0.22966209  0.01122698  0.7609377   0.15414971  2.2563322  -0.01835324
 -0.54765403 -0.01454604 -0.50427234 -1.7102654   0.534086   -0.59681714
  0.629875    0.15363684 -1.5859376   0.19496445]
[ 0.21893075  0.0147708   0.7878101   0.09640861  2.2366846   0.05051181
 -0.5665947   0.02469273 -0.45988718 -1.7085365   0.491072   -0.5579695
  0.65258855  0.07844162 -1.5374066   0.12375589]
[ 0.21387832  0.0458168   0.7286274   0.17266615  2.3076997  -0.02127086
 -0.525264   -0.03773439 -0.5040563  -1.7065948   0.61522156 -0.63248986
  0.60894734  0.1569247  -1.6381071   0.16078551]
[ 0.19804075  0.07903836  0.7757204   0.08381893  2.2999928   0.00409722
 -0.55033046 -0.0132112  -0.4889502  -1.717857    0.60832345 -0.6083423
  0.57916194  0.13587978 -1.569161    0.12868914]
[ 0.15317528  0.06464609  0.8428775   0.06045287  2.2447789   0.10118806
 -0.5641302  -0.00749572 -0.4823799  -1.7237635   0.53755426 -0.5561111
  0.66781557  0.09506585 -1.4979913   0.00533956]
[ 0.18764552  0.02437038  0.7869269   0.13856897  2.2863343   0.03256673
 -0.5146266  -0.08151396 -0.5752965  -1.6786864   0.58127767 -0.6523889
  0.6635691   0.19237992 -1.5301845   0.08230388]
[ 0.20761016  0.033345    0.86708623  0.06863098  2.1980073   0.13466926
 -0.5050155  -0.08115022 -0.57344174 -1.6817658   0.4998896  -0.6240635
  0.69215     0.13001528 -1.4404285   0.01660174]
[ 0.21393707  0.05621843  0.9067799   0.01899418  2.1380823   0.1626027
 -0.51052386 -0.0535237  -0.5445016  -1.6936051   0.47221223 -0.58121
  0.7010013   0.09681789 -1.4207939  -0.02152901]
[ 2.0586348e-01  2.6847238e-02  9.4068402e-01 -1.6054768e-02
  2.0633104e+00  2.5606069e-01 -5.2887791e-01 -3.1322390e-03
 -4.9720201e-01 -1.6891887e+00  3.5884398e-01 -5.2731860e-01
  7.3542941e-01  7.8872743e-04 -1.3290695e+00 -5.5737205e-02]
[ 2.2516234e-01  3.0463655e-02  9.1797388e-01 -1.9786954e-04
  2.0899715e+00  1.9630221e-01 -5.3053939e-01 -7.4689211e-03
 -5.1604903e-01 -1.6953733e+00  3.8347855e-01 -5.3744853e-01
  7.3117507e-01  3.0886203e-02 -1.3559586e+00 -1.9977445e-02]
[ 0.25431854  0.01072361  0.844882    0.04993598  2.1623082   0.08950409
 -0.52502453 -0.00980093 -0.5427629  -1.681288    0.45135516 -0.5993091
  0.66355646  0.08844788 -1.4338124   0.12319157]
[ 0.27928448  0.02206441  0.8473328   0.02314479  2.1109538   0.13382223
 -0.5443215   0.02292591 -0.45917726 -1.6892713   0.40786642 -0.55043715
  0.63470227  0.01410972 -1.4177649   0.11153586]
[ 2.92005688e-01  2.76248995e-02  7.98301101e-01  7.28293136e-02
  2.18264627e+00  1.44165452e-03 -5.31657100e-01  1.49426879e-02
 -4.84508187e-01 -1.69038749e+00  4.86522198e-01 -5.87869465e-01
  5.90934277e-01  1.13245115e-01 -1.53892756e+00  2.01210067e-01]
[ 0.26819888  0.02316773  0.7913574   0.0795092   2.1758995   0.04900787
 -0.5418238   0.0409013  -0.4138267  -1.7180691   0.46480942 -0.55293906
  0.5779995   0.05631991 -1.5349505   0.18236698]
[ 0.2696569   0.05083184  0.7378688   0.1343477   2.2643065  -0.06257727
 -0.5159682  -0.02031288 -0.47656474 -1.7100325   0.56308    -0.60820866
  0.5410609   0.1749059  -1.6367896   0.24360819]
[ 0.24272648  0.09653768  0.7444154   0.14883104  2.2305388  -0.01177469
 -0.5499531  -0.0023793  -0.43536338 -1.758745    0.60041517 -0.5890141
  0.50073546  0.13797012 -1.6532776   0.24685307]
[ 0.21316452  0.08067995  0.77586854  0.11581252  2.2205083   0.03414135
 -0.57454526  0.0258693  -0.39038572 -1.759751    0.55412304 -0.53638685
  0.5561411   0.08243543 -1.6017914   0.14984258]
[ 0.21689601  0.08331954  0.7200611   0.20315091  2.280395   -0.03975554
 -0.53724873 -0.03455811 -0.47783527 -1.7308534   0.65032214 -0.6172372
  0.50201356  0.19038026 -1.6839489   0.22170563]
[ 0.19070432  0.07255876  0.78167427  0.10576346  2.2435346   0.03945967
 -0.5687183   0.01733963 -0.41742888 -1.7413048   0.56727874 -0.560023
  0.57953405  0.10295075 -1.5965201   0.12776804]
[ 0.18303011  0.03967039  0.7395776   0.19801396  2.3148208  -0.02188231
 -0.5279434  -0.06235009 -0.5187552  -1.7060802   0.62827545 -0.63975143
  0.608529    0.20490578 -1.634046    0.13807239]
[ 0.19420913  0.06139533  0.77344406  0.156397    2.2603905   0.03794901
 -0.52182734 -0.05491434 -0.5183788  -1.7208275   0.59271544 -0.61714494
  0.59697104  0.16952035 -1.5876592   0.12204786]
[ 0.20721641  0.10943077  0.86185473  0.06735305  2.1486661   0.13752295
 -0.53889257 -0.02017702 -0.4464752  -1.7456653   0.50848156 -0.54521567
  0.5992729   0.06607445 -1.4912194   0.02469169]
[ 0.24406338  0.08220913  0.7910918   0.13604313  2.189894    0.026811
 -0.5206655  -0.03051643 -0.49051443 -1.7416375   0.59820306 -0.6352311
  0.53691465  0.1526888  -1.5602      0.1670009 ]
[ 0.24447837  0.05903024  0.89177704  0.02693703  2.1107445   0.1352748
 -0.53500396  0.00298685 -0.4384498  -1.7568827   0.4711813  -0.5470721
  0.6185771   0.05265241 -1.4431765   0.05037297]
[ 0.24533725  0.06475151  0.80547065  0.10984702  2.179945    0.04267457
 -0.5261237  -0.04477026 -0.5015345  -1.734281    0.53446305 -0.5914977
  0.56792766  0.14473553 -1.5292776   0.17982195]
[ 0.2648069   0.0795282   0.8202629   0.06005631  2.10212     0.1280303
 -0.54773283  0.01898209 -0.4000411  -1.7521574   0.44614902 -0.51956266
  0.60763913  0.02807374 -1.5002667   0.11064894]
[ 0.2672142   0.10214648  0.74061537  0.12667884  2.2181067  -0.01178049
 -0.5253417  -0.01914012 -0.44804755 -1.7661324   0.61828715 -0.6106868
  0.5388505   0.11910801 -1.6198803   0.2177357 ]
[ 0.22820368  0.11618183  0.7802311   0.0595611   2.2195086   0.03540283
 -0.57655245  0.03351507 -0.39926228 -1.7603401   0.57350147 -0.54165375
  0.49966222  0.06898569 -1.5567496   0.16703644]
[ 0.19972867  0.0872042   0.7625363   0.08832252  2.2627633   0.00712212
 -0.5928422   0.02905115 -0.41080284 -1.7667274   0.57210106 -0.5429472
  0.57847714  0.0883085  -1.5752023   0.15941982]
[ 0.2350755   0.02297112  0.70291775  0.21949597  2.3122556  -0.06179807
 -0.52650034 -0.04860949 -0.50230515 -1.7025101   0.6355494  -0.66734684
  0.551701    0.19624041 -1.6681036   0.24852486]
[ 0.21154085  0.06479811  0.74749804  0.16780013  2.2871158  -0.01072471
 -0.5258051  -0.06149598 -0.5080142  -1.7246065   0.6274304  -0.6386628
  0.5733849   0.18272582 -1.61853     0.17123719]
[ 0.20204368  0.11471496  0.7995384   0.10830464  2.2410147   0.04412217
 -0.54645836 -0.03334207 -0.4779652  -1.7525883   0.6022553  -0.5896881
  0.56181127  0.13265763 -1.5823953   0.120648  ]
[ 0.16433884  0.08614226  0.8178647   0.08739851  2.217976    0.10181279
 -0.5586324  -0.0080911  -0.45149583 -1.754055    0.54868513 -0.5593604
  0.64403516  0.07834991 -1.5263262   0.05406301]
[ 0.20374402  0.10033165  0.77301687  0.15205692  2.2494407   0.03807634
 -0.50766295 -0.09557793 -0.5378505  -1.7232014   0.6109506  -0.636226
  0.5942613   0.15079865 -1.5554111   0.12872604]
[ 0.23206529  0.10401334  0.79620135  0.06707823  2.2177806   0.0381988
 -0.5313878  -0.05276557 -0.5091721  -1.7396237   0.6097764  -0.62739545
  0.5430298   0.14140183 -1.5023428   0.15995803]
[ 0.24054436  0.10425917  0.8760025   0.03861645  2.114238    0.13765459
 -0.53051305 -0.02550389 -0.43568134 -1.7527049   0.5124201  -0.5585989
  0.5735916   0.05673475 -1.4690466   0.06194973]
[ 0.2579573   0.08590903  0.79780924  0.11560466  2.1816564   0.03256724
 -0.51205677 -0.06929106 -0.5119529  -1.7472413   0.59045494 -0.63571835
  0.51640314  0.14894734 -1.5326569   0.23029225]
[ 0.2354784   0.10078086  0.8594526   0.04397631  2.1226034   0.13353615
 -0.546866   -0.02840641 -0.44656906 -1.7761152   0.4700892  -0.536026
  0.6185444   0.0483305  -1.4575839   0.10521196]
[ 0.22860584  0.07293508  0.7470975   0.13506801  2.2334857   0.00795358
 -0.5411912  -0.04685714 -0.49146682 -1.7609135   0.60095674 -0.61941755
  0.5850738   0.14289775 -1.5855181   0.23964877]
[ 0.22773199  0.09820232  0.75214505  0.07232441  2.2158196   0.05835226
 -0.57243174  0.00223978 -0.41918978 -1.7622763   0.5483445  -0.5467025
  0.5708889   0.04075153 -1.5216882   0.18395959]
[ 0.246546    0.07862566  0.69035524  0.12530139  2.3013473  -0.0722412
 -0.5704768   0.00570628 -0.4770164  -1.7213688   0.6382598  -0.61775124
  0.4775734   0.14373899 -1.6120713   0.31479645]
[ 0.24380955  0.03896802  0.7413031   0.14016376  2.2663083  -0.03081549
 -0.57023036  0.03597962 -0.40602392 -1.7287142   0.5576213  -0.5835931
  0.5108073   0.09203087 -1.6074928   0.24905431]
[ 0.24050975  0.00791597  0.6980899   0.221457    2.3176923  -0.10416111
 -0.5097108  -0.05557781 -0.51227456 -1.6923023   0.62910527 -0.6663419
  0.52146024  0.22960696 -1.6658618   0.28959012]
[ 0.22660784  0.04107273  0.7514533   0.16762647  2.2612324  -0.02924971
 -0.55421686 -0.0237791  -0.47325364 -1.7310755   0.55467236 -0.605688
  0.56130916  0.16663468 -1.615386    0.25127268]
[ 2.4427538e-01  4.7454230e-02  7.5449336e-01  1.8582828e-01
  2.2367449e+00  8.6575450e-04 -5.3433812e-01 -2.9185226e-02
 -4.5494428e-01 -1.7301760e+00  5.4371065e-01 -6.0440600e-01
  5.6347620e-01  1.5337023e-01 -1.6446731e+00  2.1542248e-01]
[ 0.23526374  0.08612741  0.7607543   0.18782592  2.210403    0.01303648
 -0.5212698  -0.01593832 -0.4355216  -1.7521274   0.5976047  -0.5931114
  0.5411801   0.15084495 -1.6827099   0.16253205]
[ 0.1870756   0.11373392  0.81380177  0.07028258  2.2180047   0.08617139
 -0.58427775  0.03177315 -0.37810293 -1.765406    0.54648656 -0.5251525
  0.533842    0.0639651  -1.5618006   0.09425391]
[ 0.16895752  0.09959617  0.7974699   0.10973959  2.2542708   0.05602957
 -0.57261944  0.00526419 -0.43783498 -1.7534024   0.56967485 -0.54119295
  0.5933984   0.10316615 -1.59691     0.08783544]
[ 0.19624962  0.05551074  0.71372575  0.21143165  2.3145447  -0.02322718
 -0.52519566 -0.07161921 -0.51440394 -1.7102158   0.65817845 -0.65944207
  0.5703008   0.19321707 -1.6454058   0.18185432]
[ 0.19180189  0.07701228  0.7905735   0.1432577   2.2630706   0.04532375
 -0.513956   -0.07278308 -0.51175576 -1.7298939   0.6168775  -0.63498414
  0.6043886   0.15568087 -1.5819824   0.10064884]
[ 0.18910676  0.11218727  0.8125982   0.09786422  2.2292178   0.07453546
 -0.5291765  -0.06381764 -0.50613177 -1.7416458   0.6033948  -0.60574317
  0.58432144  0.13014726 -1.5269902   0.08395125]
[ 0.19960946  0.08290943  0.85780656  0.04260606  2.1628203   0.14170012
 -0.543856   -0.01559162 -0.46930075 -1.7435671   0.49326006 -0.551626
  0.634023    0.05722918 -1.4420358   0.03765066]
[ 0.24627857  0.07683853  0.8047347   0.11537214  2.1948583   0.06002357
 -0.49937052 -0.07816593 -0.52011245 -1.7287897   0.5600759  -0.63769084
  0.60760576  0.14226328 -1.5170841   0.11882432]
[ 0.26621836  0.09806675  0.8324894   0.03893628  2.1707616   0.07381753
 -0.51492417 -0.03693259 -0.48626924 -1.7552435   0.5482286  -0.61233383
  0.5582576   0.1074697  -1.4918746   0.15030953]
[ 0.26876172  0.11496438  0.86589736  0.00750896  2.1141365   0.13999423
 -0.5410371  -0.00416635 -0.41009998 -1.7726059   0.46541563 -0.5293981
  0.581933    0.01689026 -1.4602177   0.08828409]
[ 0.2774232   0.09457326  0.78991216  0.08385926  2.2072554   0.03068374
 -0.5391472  -0.01530401 -0.46186757 -1.7573366   0.54798967 -0.60008526
  0.53125256  0.10157759 -1.5591848   0.21753868]
[ 0.25833926  0.09905915  0.80587226  0.09538738  2.1660435   0.07272385
 -0.5474097   0.0022706  -0.41166773 -1.7733856   0.5389651  -0.55948937
  0.5730692   0.05290171 -1.5806987   0.1540552 ]
[ 0.25396308  0.102392    0.7339157   0.11654055  2.2923713  -0.04051599
 -0.54739046 -0.02983541 -0.4771328  -1.7610261   0.64405584 -0.61992866
  0.4981951   0.1372364  -1.6162659   0.2627824 ]
[ 0.22480185  0.10224567  0.7700744   0.1066514   2.258616    0.02854758
 -0.5781976   0.00714545 -0.43566656 -1.7639468   0.5788081  -0.5632754
  0.5554596   0.07338514 -1.5895311   0.17168412]
[ 0.25766748  0.05840993  0.6948479   0.1783407   2.3383946  -0.08288538
 -0.5418019  -0.03930619 -0.50251687 -1.7238953   0.65808535 -0.6679217
  0.51747316  0.16128084 -1.6401625   0.2836414 ]
[ 0.26354852  0.07636018  0.7171405   0.16738454  2.3013866  -0.05103942
 -0.5220839  -0.0563435  -0.49472943 -1.7350271   0.64517814 -0.6584358
  0.5060872   0.14999877 -1.6240228   0.26397556]
[ 0.23510762  0.10394828  0.75793725  0.09468885  2.2790847  -0.036019
 -0.5468696  -0.03900564 -0.4864356  -1.7628571   0.6436129  -0.6379444
  0.5343701   0.14847426 -1.5765834   0.2371836 ]
[ 0.23437786  0.07722433  0.76072204  0.13545406  2.2662234  -0.0087992
 -0.543049   -0.04555141 -0.4876485  -1.7533067   0.6109896  -0.63521445
  0.5453448   0.14445263 -1.5903084   0.23756728]
[ 0.25540313  0.08966117  0.7731211   0.14834714  2.2434976   0.01824145
 -0.5335845  -0.06301852 -0.49800968 -1.7484319   0.58553725 -0.62026834
  0.5446249   0.1303294  -1.5868561   0.20958348]
[ 2.5181133e-01  9.3535662e-02  7.5227398e-01  1.4413470e-01
  2.2347660e+00 -2.1570460e-03 -5.4219037e-01 -3.1681452e-02
 -4.7434521e-01 -1.7622772e+00  6.3038272e-01 -6.2462300e-01
  5.4103178e-01  1.2116331e-01 -1.6055161e+00  2.2111197e-01]
[ 0.25928226  0.08799691  0.7819698   0.07524722  2.2191384   0.03642026
 -0.5548035  -0.00785224 -0.42847347 -1.7593861   0.5646392  -0.58495235
  0.5285625   0.04988647 -1.5412242   0.22241075]
[ 0.26654965  0.10164846  0.72575796  0.10994687  2.2869592  -0.06197242
 -0.55037093 -0.05564178 -0.51270354 -1.7419122   0.6298684  -0.63445
  0.49140492  0.15380539 -1.5777509   0.3212417 ]
[ 0.25541627  0.05865538  0.6952705   0.13583724  2.28507    -0.08094802
 -0.5446213  -0.02795281 -0.49019584 -1.7422606   0.6464028  -0.6584843
  0.5348282   0.17283046 -1.6175457   0.32880038]
[ 0.23893106  0.06657234  0.7230449   0.17282733  2.2881217  -0.03156932
 -0.5344818  -0.06078123 -0.4690381  -1.7386858   0.64299047 -0.6452378
  0.51242983  0.1489344  -1.6424173   0.27734545]
[ 0.22161584  0.11303794  0.7315542   0.14141306  2.2851799  -0.02292358
 -0.5569154  -0.04804103 -0.4926816  -1.7447836   0.6294768  -0.5972092
  0.50488013  0.15439545 -1.6223192   0.25264925]
[ 0.22019987  0.06731194  0.74143994  0.12693867  2.2526145   0.01013372
 -0.5836102   0.00769339 -0.44130868 -1.7263677   0.5669752  -0.57257164
  0.5488757   0.08177049 -1.5623176   0.21064214]
[ 0.23345856  0.02701173  0.6855068   0.21036644  2.3153515  -0.08054335
 -0.5301284  -0.0583347  -0.502391   -1.6934483   0.6524894  -0.6768229
  0.5351518   0.19829056 -1.6452761   0.27826202]
[ 0.23001778  0.06956246  0.74829847  0.16815913  2.2648304  -0.0316957
 -0.53002375 -0.05196459 -0.50549585 -1.7252152   0.6314904  -0.6316713
  0.5140576   0.18518317 -1.6205126   0.23263219]
[ 2.12414101e-01  5.45808859e-02  8.12335193e-01  1.04707345e-01
  2.21870923e+00  5.89437261e-02 -5.74369371e-01  1.36888033e-04
 -4.60077435e-01 -1.73039222e+00  5.02106309e-01 -5.52363098e-01
  5.74862599e-01  9.30236802e-02 -1.51500213e+00  1.47287756e-01]
[ 0.24993365  0.0145727   0.72502106  0.21841824  2.2562683  -0.02828634
 -0.5215686  -0.05856569 -0.51595175 -1.7089869   0.59382457 -0.65457046
  0.59849226  0.18334742 -1.6260121   0.22121659]
[ 0.2691003   0.06388474  0.76899654  0.13458344  2.2227585   0.01352183
 -0.5243243  -0.03640317 -0.4646206  -1.7397887   0.5870882  -0.6208607
  0.5412828   0.10767136 -1.6005404   0.2253181 ]
[ 2.38766760e-01  1.15213536e-01  7.81211197e-01  6.53028041e-02
  2.21434736e+00  3.73759009e-02 -5.66790581e-01  1.05110707e-03
 -4.33790505e-01 -1.75450158e+00  5.47883093e-01 -5.48393846e-01
  5.15971065e-01  6.36111125e-02 -1.52287543e+00  1.94758281e-01]
[ 0.23505738  0.06531275  0.7184962   0.12119122  2.2751281  -0.06607378
 -0.57089907  0.00728238 -0.46463904 -1.7481153   0.61523044 -0.62675
  0.547804    0.14670129 -1.5912879   0.285858  ]
[ 0.24870822  0.04305894  0.729799    0.18173507  2.280314   -0.03614003
 -0.53016555 -0.04187323 -0.46120414 -1.7315671   0.6085255  -0.6417562
  0.523507    0.15217906 -1.6452396   0.26902086]
[ 0.22328977  0.09460644  0.72811306  0.17277566  2.2680748  -0.04112225
 -0.5348576  -0.04513885 -0.47887725 -1.7447783   0.6433029  -0.60925376
  0.50040823  0.18926296 -1.6528326   0.23493472]
[ 0.20465927  0.0821106   0.77466613  0.10722519  2.2234616   0.04008599
 -0.5827114   0.03158416 -0.40707675 -1.7650654   0.5377144  -0.5455066
  0.5583061   0.07900911 -1.5637083   0.17260714]
[ 0.2286294   0.04245286  0.7277557   0.17430206  2.2891746  -0.04251986
 -0.54084176 -0.02728611 -0.4596346  -1.7339672   0.6129519  -0.629455
  0.5499023   0.16700664 -1.6484041   0.2376085 ]
[ 0.23561776  0.08329657  0.7362825   0.18967442  2.2505457  -0.02826074
 -0.5271049  -0.03327726 -0.4732186  -1.7396425   0.6258136  -0.6131295
  0.49773845  0.17988081 -1.6618131   0.22500405]
[ 0.19966583  0.07054593  0.79171103  0.08462889  2.2129233   0.03987696
 -0.5840224   0.04273938 -0.3963503  -1.7644451   0.5409611  -0.54469264
  0.5749633   0.09147464 -1.557723    0.1435862 ]
[ 0.23634848  0.0394016   0.7573048   0.17653164  2.266285   -0.02298927
 -0.5385772  -0.02431884 -0.47718316 -1.722036    0.56531847 -0.61472195
  0.5686312   0.16365965 -1.6321704   0.20576835]
[ 0.25492328  0.05467306  0.7497856   0.18131113  2.2335122  -0.01174822
 -0.5171832  -0.03426348 -0.47277394 -1.7212505   0.57596266 -0.61841047
  0.51020867  0.16580613 -1.6386019   0.23637381]
[ 0.2732355   0.10232599  0.82805175  0.10127747  2.1308074   0.07236623
 -0.5474374   0.01734595 -0.39334255 -1.7466373   0.48788062 -0.5322714
  0.5127797   0.0703976  -1.5779343   0.14818127]
[ 2.8644800e-01  6.3247986e-02  7.6223677e-01  1.4624389e-01
  2.2023683e+00 -2.9103523e-02 -5.3994358e-01 -1.2991279e-03
 -4.3543205e-01 -1.7399781e+00  5.7995331e-01 -6.1036569e-01
  4.5995083e-01  1.5575345e-01 -1.6363087e+00  2.8607345e-01]
[ 0.28624412  0.07993537  0.82507163  0.11633869  2.1431677   0.05660571
 -0.5489178   0.01792025 -0.37617537 -1.7411234   0.49451962 -0.5321787
  0.49381724  0.07741789 -1.6262314   0.18058726]
[ 0.28653258  0.06866404  0.7268847   0.20272763  2.2440085  -0.04170844
 -0.53034973 -0.03814229 -0.4568595  -1.7358029   0.5903024  -0.6129762
  0.46456352  0.16952793 -1.6983017   0.31150407]
[ 0.30163673  0.09588178  0.7691756   0.14161937  2.1905901   0.03362148
 -0.5543138  -0.00475086 -0.4048705  -1.7578644   0.5223332  -0.5459689
  0.48614493  0.05147744 -1.6376644   0.26318648]
[ 0.27326268  0.07911704  0.66172516  0.20698209  2.2974522  -0.10090532
 -0.5477438  -0.03434106 -0.4596942  -1.7395214   0.6896052  -0.64054126
  0.43426767  0.1668727  -1.7061974   0.37129027]
[ 0.2528895   0.06757404  0.6980663   0.1495433   2.286347   -0.05335773
 -0.585523    0.01718516 -0.4096648  -1.7418894   0.62725174 -0.585691
  0.46290454  0.0911644  -1.6539648   0.32795578]
[ 0.24337502  0.01250756  0.64151895  0.20109744  2.3792887  -0.15967521
 -0.57191736 -0.0222576  -0.49919397 -1.702611    0.6843815  -0.6693198
  0.49557084  0.20246463 -1.6922066   0.4094059 ]
[ 0.23835829 -0.02134023  0.6327443   0.2776801   2.378165   -0.1299255
 -0.546425   -0.05111428 -0.5169112  -1.6906875   0.64365727 -0.6746268
  0.553354    0.21615835 -1.7112709   0.3529438 ]
[ 0.25784817  0.01330435  0.65725964  0.24084094  2.3546813  -0.09530816
 -0.5224216  -0.06699533 -0.5161     -1.6880429   0.62717444 -0.6740626
  0.51957977  0.18655851 -1.6802456   0.33730644]
[ 0.24529111  0.08374463  0.6740221   0.16856556  2.3123894  -0.09064643
 -0.5573112  -0.02202174 -0.4881351  -1.7193983   0.6455289  -0.6300088
  0.47589922  0.1637234  -1.6294788   0.31968856]
[ 0.22959761  0.03552998  0.70340806  0.12332349  2.2932754  -0.08114421
 -0.5686715   0.03038679 -0.44101828 -1.7140062   0.6084642  -0.6291627
  0.5314141   0.16796318 -1.6274223   0.2879079 ]
[ 0.25467807  0.01158228  0.7441865   0.19916935  2.2758205  -0.05296762
 -0.52616143 -0.02207046 -0.45444766 -1.6854925   0.56349987 -0.6182324
  0.50597835  0.18300928 -1.6839695   0.25360808]
[ 0.2532235   0.05364895  0.7523417   0.23951948  2.2326972  -0.01928007
 -0.5012942  -0.06165027 -0.49821836 -1.7080612   0.56900793 -0.60268867
  0.5281936   0.21987185 -1.7032067   0.19224155]
[ 0.24028608  0.08458439  0.8185474   0.12362096  2.1576095   0.09963196
 -0.5458495   0.01416533 -0.39962688 -1.7505462   0.51900816 -0.54227245
  0.5746819   0.05838401 -1.6099777   0.10148213]
[ 0.25227022  0.09359922  0.7308155   0.17434438  2.2724285  -0.00892197
 -0.5220858  -0.05183025 -0.4651701  -1.7248192   0.6355033  -0.6201943
  0.48423204  0.1384582  -1.6604307   0.21921687]
[ 2.0334062e-01  1.2413653e-01  7.7851689e-01  7.4885875e-02
  2.2300568e+00  4.2067796e-02 -5.7561272e-01 -1.3761192e-03
 -4.3935496e-01 -1.7563477e+00  5.8609879e-01 -5.5369312e-01
  5.5552053e-01  8.8387370e-02 -1.5597043e+00  1.4947267e-01]
[ 0.22812319  0.04232382  0.7158061   0.13591284  2.30724    -0.05535802
 -0.54681134 -0.03380821 -0.48903045 -1.7278999   0.63816226 -0.65590894
  0.5438777   0.15412332 -1.5869339   0.27965593]
[ 0.21569972  0.06394191  0.7344723   0.20441799  2.2884765  -0.02816256
 -0.5156326  -0.08985889 -0.5237419  -1.7269251   0.64617145 -0.6545402
  0.56219566  0.19455972 -1.6256014   0.20107532]
[ 0.20921588  0.09867711  0.7778584   0.130187    2.2473025   0.02462522
 -0.54708517 -0.04254443 -0.5075209  -1.7561162   0.61808836 -0.60980034
  0.57280856  0.13680162 -1.567331    0.16064039]
[ 1.9062176e-01  6.0262986e-02  8.0107129e-01  6.4271115e-02
  2.2359207e+00  7.4373841e-02 -5.8116817e-01  1.5824556e-03
 -4.6307278e-01 -1.7455924e+00  5.3891820e-01 -5.6387150e-01
  6.4950037e-01  7.0924804e-02 -1.4799124e+00  9.0806536e-02]
[ 0.23685952  0.07159509  0.7396586   0.15532222  2.2771218  -0.01441819
 -0.5129038  -0.07413979 -0.5462576  -1.7138115   0.60751534 -0.6494921
  0.5815896   0.16058324 -1.5698156   0.1984464 ]
[ 0.2518123   0.09953453  0.7682468   0.05916186  2.236185    0.004815
 -0.53949237 -0.02533116 -0.47669563 -1.758744    0.6011172  -0.627427
  0.543026    0.10951474 -1.5133494   0.21677236]
[ 0.22161941  0.09515022  0.80345964  0.0797192   2.2157733   0.02232915
 -0.53686994 -0.03134977 -0.4791676  -1.7447437   0.59408677 -0.61581475
  0.55892897  0.14096084 -1.5376092   0.15988082]
[ 0.2115459   0.07512992  0.7997085   0.12616292  2.2130313   0.05113792
 -0.5373609  -0.04387843 -0.48746338 -1.7394276   0.5817991  -0.60625136
  0.5524122   0.13333854 -1.5574553   0.1737572 ]
[ 0.20167482  0.08779381  0.8456117   0.07981191  2.1637454   0.11984432
 -0.5612931  -0.0153185  -0.44828373 -1.7575248   0.4861609  -0.5292823
  0.64028394  0.06738777 -1.4998703   0.06346993]
[ 0.23492403  0.06429636  0.7384912   0.18373339  2.232447    0.00672394
 -0.5119492  -0.05239917 -0.50282246 -1.7331461   0.6075892  -0.63579035
  0.56087863  0.1610558  -1.6107454   0.20368242]
[ 0.20902386  0.10485046  0.7922764   0.05357205  2.1949787   0.0773662
 -0.56329525  0.00687026 -0.41688257 -1.772427    0.55639136 -0.55493003
  0.586977    0.06595828 -1.5091938   0.11416757]
[ 0.2174212   0.12309039  0.7504631   0.09462629  2.2757087  -0.01765732
 -0.54847795 -0.02603624 -0.47934    -1.7536728   0.6363424  -0.6004318
  0.5217775   0.15706244 -1.5950146   0.19160643]
[ 0.16372816  0.07562473  0.8002901   0.08766298  2.238698    0.07142583
 -0.5730198   0.01518281 -0.43375102 -1.761636    0.5496781  -0.54507
  0.6306065   0.09195759 -1.5404123   0.07239592]
[ 0.19595487  0.07558805  0.7581875   0.17907247  2.2843344   0.01600765
 -0.51844513 -0.07980809 -0.5249249  -1.7154224   0.6158084  -0.633458
  0.6056863   0.18287224 -1.6069748   0.10962032]
[ 0.18036166  0.08932186  0.81342065  0.0923356   2.234188    0.06784488
 -0.5347596  -0.03539956 -0.49694633 -1.744098    0.5958468  -0.60880274
  0.62087786  0.14259328 -1.5430707   0.06895091]
[ 0.17964034  0.09856858  0.88346183  0.02584544  2.1655192   0.16618861
 -0.54225075 -0.02766218 -0.46296567 -1.7343127   0.5137654  -0.54861754
  0.65314186  0.0588184  -1.4500635  -0.03860499]
[ 0.20782939  0.07235575  0.83932436  0.08389279  2.2153907   0.09219629
 -0.51377285 -0.07684273 -0.55821943 -1.7134619   0.56917524 -0.6223727
  0.61878026  0.14744379 -1.48778     0.06930325]
[ 0.22165087  0.08545826  0.9066022   0.00602644  2.1052048   0.19345865
 -0.51885235 -0.04120278 -0.486015   -1.7152458   0.4646247  -0.5503363
  0.6648599   0.04502606 -1.4137251  -0.02610623]
[ 0.25190127  0.05637651  0.83976763  0.07057193  2.178162    0.08721973
 -0.50544363 -0.0690615  -0.5504226  -1.7158604   0.53172475 -0.6392522
  0.62491053  0.11574797 -1.4535489   0.12302643]
[ 0.2679298   0.08833522  0.8971957  -0.01258847  2.1086771   0.1650088
 -0.52385575 -0.03141635 -0.4698867  -1.7368311   0.44395804 -0.5541154
  0.6392797   0.00887714 -1.3925133   0.04696755]
[ 0.23774771  0.0610619   0.8318645   0.04901476  2.2050695   0.06150071
 -0.5342976  -0.03421495 -0.54180944 -1.732382    0.518386   -0.6029062
  0.6558507   0.11319073 -1.4716653   0.1297157 ]
[ 0.2408785   0.06725021  0.8276001   0.03122847  2.153212    0.14261296
 -0.5524038  -0.01538135 -0.47585887 -1.7167962   0.47307009 -0.54849017
  0.6660605   0.02340983 -1.4443554   0.07292356]
[ 0.26093975  0.04938602  0.76397705  0.06579144  2.2626145   0.00359273
 -0.54606533 -0.0136426  -0.528895   -1.6964229   0.57575774 -0.61370033
  0.6028608   0.11380502 -1.535667    0.1825868 ]
[ 0.24348697  0.05594682  0.7802655   0.09023082  2.234663    0.03546458
 -0.5478327   0.00878949 -0.4630123  -1.7235953   0.54943186 -0.58732194
  0.59441173  0.05491876 -1.5357685   0.1561666 ]
[ 0.26407498  0.03250231  0.75129426  0.12011502  2.3050153  -0.06022119
 -0.50132513 -0.05610308 -0.55313504 -1.6933838   0.5983841  -0.6669885
  0.54480845  0.1552957  -1.5567052   0.26611787]
[ 0.23687287  0.05555877  0.7607573   0.13249798  2.2579274  -0.01542899
 -0.5493295  -0.05430992 -0.5259692  -1.7253002   0.5895294  -0.6464193
  0.56806374  0.14195304 -1.5212116   0.24440496]
[ 0.23297653  0.01862768  0.75682336  0.12008703  2.241055   -0.01843726
 -0.54689777 -0.01777288 -0.5028697  -1.7270409   0.55018556 -0.64272135
  0.62483424  0.14365959 -1.5209924   0.23770317]
[ 0.2421598   0.07458986  0.7897037   0.11419008  2.225391    0.02001602
 -0.5286162  -0.05777488 -0.4960607  -1.746426    0.54537505 -0.61790377
  0.595384    0.1347516  -1.5395359   0.19320032]
[ 0.22098383  0.12385781  0.8124689   0.06736324  2.202057    0.02782395
 -0.54803187 -0.0091293  -0.46255812 -1.7761962   0.5706029  -0.5797323
  0.56147367  0.14945519 -1.581455    0.1677807 ]
[ 0.20142111  0.09785881  0.82183826  0.07617001  2.1677232   0.11803838
 -0.5723549   0.02841101 -0.36315435 -1.7721475   0.5072671  -0.5124615
  0.5752288   0.01484295 -1.5339411   0.08993353]
[ 0.23253612  0.09448297  0.7380084   0.14368169  2.277938   -0.02753225
 -0.5512339  -0.02857315 -0.4719057  -1.7363068   0.6438872  -0.6164272
  0.47899944  0.15952703 -1.624893    0.235962  ]
[ 0.22244184  0.08920773  0.8005808   0.10882239  2.2032611   0.04999542
 -0.55590844  0.00701237 -0.41902447 -1.7341816   0.57182986 -0.56692505
  0.5331982   0.095424   -1.5952221   0.13425529]
[ 0.21660168  0.01617174  0.7375198   0.17229578  2.291873   -0.02906971
 -0.52888346 -0.05399137 -0.51695144 -1.7038494   0.6163468  -0.6562959
  0.5810489   0.18269081 -1.6050793   0.22652726]
[ 0.22986071  0.04783679  0.76829815  0.15923126  2.273707    0.01836968
 -0.5190324  -0.09524626 -0.5506272  -1.7069038   0.5539085  -0.6240605
  0.61780685  0.17319354 -1.562544    0.1632297 ]
[ 0.24474642  0.08119629  0.7745381   0.12986688  2.2086267   0.04460703
 -0.5208093  -0.04231548 -0.49457163 -1.7280638   0.5596942  -0.60728467
  0.57511437  0.12909523 -1.5864323   0.17895715]
[ 0.23875122  0.11519096  0.7902745   0.07155099  2.1758122   0.08899035
 -0.546334   -0.00858738 -0.42799482 -1.7449001   0.54833156 -0.55958825
  0.56006014  0.05302124 -1.5157835   0.1070868 ]
[ 0.23251542  0.08853437  0.7671169   0.08292846  2.2584991  -0.01231583
 -0.54777205 -0.01659712 -0.5000738  -1.7251412   0.6159425  -0.60831577
  0.5358088   0.14932132 -1.5619011   0.18849325]
[ 0.21085826  0.02549239  0.8432754   0.07325986  2.199512    0.10265657
 -0.56676185  0.01040855 -0.4453776  -1.6999238   0.45762378 -0.5293353
  0.6260338   0.05516971 -1.4873365   0.06855643]
[ 2.3771271e-01  1.1974036e-03  7.4853051e-01  1.8647020e-01
  2.2748761e+00 -1.2444367e-02 -5.1936960e-01 -6.8615973e-02
 -5.6418037e-01 -1.6815284e+00  5.6855172e-01 -6.5353578e-01
  6.4690655e-01  1.8545517e-01 -1.5725679e+00  1.6852303e-01]
[ 0.25402007  0.0316706   0.78593624  0.12074747  2.2423275   0.02971632
 -0.5204361  -0.0458864  -0.5239306  -1.7151839   0.5704341  -0.64782697
  0.63219297  0.11327455 -1.5376195   0.15613648]
[ 0.22363988  0.09062558  0.8114217   0.04456783  2.2490048   0.03741743
 -0.5397147  -0.02784839 -0.49800587 -1.7465633   0.5880713  -0.6137639
  0.5988704   0.09948893 -1.5190184   0.14764698]
[ 0.19377153  0.11495294  0.8119348   0.05752548  2.2167792   0.08813599
 -0.55791235 -0.03166822 -0.49288517 -1.7511749   0.54219174 -0.56361574
  0.6201244   0.06881179 -1.4811312   0.11024804]
[ 0.20853058  0.04553413  0.73466337  0.09155504  2.3089054  -0.03360974
 -0.5447755  -0.05271553 -0.5407017  -1.7166733   0.62832826 -0.66720074
  0.61853504  0.1604701  -1.5083978   0.21578193]
[ 0.22413321  0.07188563  0.78641796  0.12161549  2.2301478   0.02640458
 -0.51891816 -0.06038574 -0.51887304 -1.7225065   0.5916308  -0.64717215
  0.59169364  0.13897403 -1.5312552   0.16262165]
[ 0.23430233  0.09292443  0.8151094   0.05237051  2.2031245   0.0361454
 -0.5471601  -0.03142633 -0.5032792  -1.7338794   0.5745593  -0.61072767
  0.5430585   0.13781317 -1.4888844   0.17349847]
[ 0.20343602  0.04201425  0.8755039   0.05987892  2.1393018   0.1195604
 -0.56351936  0.01319571 -0.4562417  -1.7303941   0.45443854 -0.5478438
  0.6523123   0.07609013 -1.4527406   0.05886295]
[ 0.2400523   0.03746659  0.78234416  0.1603258   2.2116532   0.03682928
 -0.50639105 -0.06306632 -0.50458276 -1.7144067   0.56879896 -0.63608074
  0.5858022   0.15274778 -1.5866344   0.18113598]
[ 0.23032796  0.12981215  0.8501221   0.0484022   2.1380136   0.13632748
 -0.53668946 -0.03225987 -0.44914    -1.7515882   0.48541126 -0.5311921
  0.5828751   0.04975896 -1.4928912   0.08868351]
[ 0.23471482  0.111881    0.7637763   0.08588387  2.2276676   0.01548766
 -0.55958396 -0.01794625 -0.46734387 -1.7420743   0.6110417  -0.6044204
  0.5266261   0.12055606 -1.5531089   0.19466874]
[ 2.1419923e-01  6.8664715e-02  8.0409938e-01  8.3530091e-02
  2.2084389e+00  7.3986776e-02 -5.5923617e-01  1.8086017e-03
 -4.2558751e-01 -1.7424145e+00  5.5340064e-01 -5.6875259e-01
  5.9994650e-01  7.0884362e-02 -1.5377077e+00  9.8791495e-02]
[ 0.23347099  0.08367519  0.75614274  0.1487965   2.2666159  -0.01347015
 -0.5216137  -0.07777548 -0.5273856  -1.7154343   0.6296563  -0.6261546
  0.5185538   0.1767252  -1.598616    0.21431974]
[ 0.19909164  0.0814357   0.8202055   0.07966648  2.2179592   0.08124038
 -0.5776231  -0.01088944 -0.4727764  -1.7459968   0.53030914 -0.5591214
  0.5952004   0.08919449 -1.4899418   0.10765159]
[ 2.3002800e-01  3.2077141e-02  7.4267679e-01  1.8458843e-01
  2.2726839e+00  7.4872376e-05 -5.1707155e-01 -7.7673160e-02
 -5.3746057e-01 -1.7113485e+00  6.2242353e-01 -6.7052084e-01
  6.1578387e-01  1.6794285e-01 -1.5926168e+00  1.8412018e-01]
[ 0.23374657  0.08809928  0.7905599   0.10472288  2.2457952   0.03848945
 -0.5287466  -0.06953052 -0.5334575  -1.720466    0.6083826  -0.62139285
  0.5639858   0.12332012 -1.5340482   0.15650448]
[ 0.1882527   0.08550695  0.81622726  0.0149366   2.2145565   0.0876699
 -0.58155984 -0.00600274 -0.49718684 -1.7286133   0.5246464  -0.5586704
  0.65794265  0.0721415  -1.434626    0.09030542]
[ 0.22962913  0.04193997  0.7473097   0.10262264  2.2790277  -0.00868802
 -0.5325096  -0.05500823 -0.5432966  -1.6926371   0.59315354 -0.6617157
  0.6106328   0.1330742  -1.512316    0.21725711]
[ 2.4281168e-01  6.6984802e-02  7.5782192e-01  1.5285452e-01
  2.2555127e+00  7.7426434e-04 -4.9657804e-01 -9.4259366e-02
 -5.6673402e-01 -1.7009060e+00  6.1003339e-01 -6.6261876e-01
  5.5596930e-01  1.6186616e-01 -1.5352077e+00  1.9958055e-01]
[ 0.24569249  0.09217007  0.81891316  0.05503318  2.1899      0.03968281
 -0.5465921  -0.02178786 -0.4882018  -1.7301725   0.57037336 -0.60388577
  0.53541017  0.11178927 -1.4963108   0.17534119]
[ 0.23838511  0.03173675  0.8212444   0.08974312  2.177806    0.07596522
 -0.5538195  -0.00994338 -0.4666814  -1.7251618   0.49440742 -0.5767661
  0.5897086   0.06385513 -1.470039    0.16689566]
[ 0.24811745  0.04152902  0.75075316  0.17515881  2.2423203  -0.01557992
 -0.51269305 -0.09261873 -0.5473112  -1.726702    0.56323856 -0.651587
  0.6172892   0.1754484  -1.5500468   0.23203596]
[ 0.2505192   0.08550683  0.7594591   0.08934309  2.2278666   0.01411769
 -0.5433619  -0.02449852 -0.47559518 -1.7637355   0.563783   -0.6075766
  0.55673134  0.11040346 -1.5455434   0.25287724]
[ 2.3730430e-01  1.1046078e-01  7.7913570e-01  7.8327052e-02
  2.2020671e+00  6.6630147e-02 -5.6458950e-01  6.1432121e-04
 -4.1908050e-01 -1.7636572e+00  5.4229915e-01 -5.4888946e-01
  5.5088007e-01  5.9734575e-02 -1.5454223e+00  1.6178773e-01]
[ 0.25931558  0.10783408  0.71231204  0.12566797  2.2876415  -0.05144374
 -0.5567604  -0.00527883 -0.4564485  -1.743879    0.65004957 -0.6135089
  0.46169215  0.13617633 -1.6407621   0.27722615]
[ 2.48387069e-01  8.29603150e-02  7.61890054e-01  1.11918375e-01
  2.25681353e+00  1.92932342e-03 -5.72906911e-01  1.78271644e-02
 -4.06686842e-01 -1.75020480e+00  5.73185205e-01 -5.60164511e-01
  5.01426935e-01  8.33902434e-02 -1.60508084e+00  2.03178316e-01]
[ 0.2384806   0.03371196  0.7140955   0.2034299   2.3088822  -0.07187653
 -0.52961177 -0.0480435  -0.50423664 -1.7183024   0.637885   -0.65735924
  0.5371203   0.2058279  -1.664698    0.26281017]
[ 0.23036662  0.05089058  0.7387735   0.1927094   2.2832322  -0.02414303
 -0.53059924 -0.05170912 -0.48569956 -1.734698    0.6112884  -0.6377164
  0.5515455   0.16809611 -1.6459589   0.23114748]
[ 0.23953561  0.08629767  0.7760626   0.14889674  2.2623925   0.0194641
 -0.5352103  -0.06029707 -0.5048758  -1.7439213   0.5768612  -0.60988176
  0.56598675  0.13819869 -1.6001108   0.18795404]
[ 0.25062543  0.09105267  0.7507696   0.14714947  2.2475586   0.00496606
 -0.5392787  -0.03604738 -0.48142657 -1.7385519   0.61792505 -0.61457497
  0.5391654   0.1241336  -1.610431    0.19378309]
[ 2.5718504e-01  7.1112767e-02  7.9311937e-01  7.5414568e-02
  2.2268023e+00  5.3491522e-02 -5.5161875e-01  1.3907939e-03
 -4.3538699e-01 -1.7319059e+00  5.4536259e-01 -5.7650071e-01
  5.6232977e-01  5.1768936e-02 -1.5444739e+00  1.4817898e-01]
[ 0.2342709   0.09285855  0.7423891   0.11489926  2.2992692  -0.03696246
 -0.5400593  -0.06185894 -0.51723504 -1.7308695   0.64239824 -0.64157665
  0.5536869   0.15504202 -1.5832176   0.22527155]
[ 0.22510219  0.05508973  0.7637335   0.11401832  2.2891853  -0.02059707
 -0.54261976 -0.03773019 -0.5157298  -1.7321723   0.6006242  -0.64474916
  0.57219696  0.15249659 -1.5601882   0.22970447]
[ 0.25275522  0.0546599   0.75756747  0.17420566  2.2600396   0.00840496
 -0.52388513 -0.06685184 -0.50598365 -1.7319149   0.5896705  -0.6386684
  0.5658821   0.13863246 -1.5914513   0.20441255]
[ 0.2561976   0.0858936   0.7748667   0.12460365  2.225923    0.01087786
 -0.5289117  -0.03658588 -0.4930293  -1.7453496   0.6095701  -0.62177163
  0.55185425  0.12538771 -1.585226    0.19234248]
[ 0.25408924  0.05747197  0.7835245   0.05186696  2.2147934   0.05123495
 -0.5631731   0.00392585 -0.4514638  -1.7341055   0.5362431  -0.5837115
  0.5747997   0.04691124 -1.4865334   0.19242124]
[ 0.28845006  0.05406375  0.72439224  0.1023998   2.3065865  -0.06545728
 -0.53930014 -0.05004556 -0.53349125 -1.699467    0.5831496  -0.6355663
  0.5505929   0.15046033 -1.5577863   0.27224678]
[ 0.2537271   0.03641303  0.7322682   0.13554396  2.271851   -0.03482364
 -0.5376689  -0.02254783 -0.5051489  -1.723045    0.6005845  -0.64344054
  0.59223944  0.1441007  -1.5953519   0.24349058]
[ 0.2699172   0.06298835  0.7525338   0.10421129  2.2714355  -0.0193782
 -0.53944564 -0.03145862 -0.48660845 -1.7255018   0.58224356 -0.61683214
  0.5265993   0.12078957 -1.5722352   0.25037545]
[ 0.2628048   0.07544105  0.763776    0.1325393   2.2493324  -0.00962231
 -0.5461905  -0.02891174 -0.49287158 -1.7239234   0.5967739  -0.5972311
  0.5124063   0.15309922 -1.6185997   0.21876308]
[ 0.2417839   0.01490343  0.7670661   0.1207426   2.2227333   0.03586956
 -0.5733384   0.03040372 -0.44550544 -1.7041867   0.5248203  -0.5654523
  0.5917355   0.07269344 -1.554789    0.16660167]
[ 0.2754906  -0.02457597  0.7184676   0.19076988  2.3059115  -0.05441799
 -0.5261571  -0.05157012 -0.5531659  -1.6457176   0.56334054 -0.6426897
  0.5735735   0.17409602 -1.5959866   0.24107847]
[ 0.28384483 -0.00477924  0.7470311   0.15748961  2.2589812  -0.03464903
 -0.53738105 -0.01505194 -0.52939975 -1.6691811   0.5117643  -0.61605585
  0.59826213  0.13987115 -1.5792688   0.23766728]
[ 2.94691265e-01  1.19830491e-02  7.70856738e-01  1.06468454e-01
  2.21992826e+00  1.84670833e-04 -5.41472554e-01  2.06209868e-02
 -4.72780377e-01 -1.68754196e+00  4.87160265e-01 -5.80422282e-01
  5.90514541e-01  8.26237351e-02 -1.55234170e+00  1.97806939e-01]
[ 0.2653984   0.02221603  0.7239769   0.18519734  2.2907555  -0.05300291
 -0.51628983 -0.04348133 -0.53670853 -1.6896824   0.5900453  -0.6409442
  0.57868654  0.175437   -1.6190058   0.21490876]
[ 0.25812727  0.03769051  0.76527727  0.10101942  2.2640243  -0.01282909
 -0.5587505   0.00975106 -0.48155212 -1.697891    0.55395174 -0.5974086
  0.55261594  0.11536165 -1.5778437   0.21642813]
[ 0.23432064  0.03222162  0.7940215   0.11723347  2.2179549   0.05371254
 -0.5725911   0.03053679 -0.4491094  -1.7113998   0.50410545 -0.54445535
  0.63848287  0.06437935 -1.5662788   0.10088281]
[ 0.2635105   0.00930394  0.7084828   0.21210504  2.2999275  -0.05747644
 -0.5044619  -0.05283292 -0.5397566  -1.698781    0.612086   -0.6713954
  0.57912964  0.16386397 -1.6210026   0.24527545]
[ 0.2470861   0.06303915  0.7639619   0.08368678  2.2742693  -0.03500502
 -0.54052114 -0.00889627 -0.49096173 -1.7424605   0.6020299  -0.62214553
  0.56500304  0.1275651  -1.546179    0.20737894]
[ 0.22363734  0.08951427  0.76117164  0.10294335  2.264811   -0.01168732
 -0.5518661  -0.03118556 -0.49440342 -1.7649151   0.6196531  -0.6282517
  0.57006836  0.13599744 -1.5577323   0.22041292]
[ 0.21035087  0.05528171  0.747374    0.09480521  2.2906027  -0.01870087
 -0.5526538  -0.03096919 -0.49676615 -1.7385695   0.61606354 -0.6365752
  0.602384    0.14545766 -1.5542586   0.21376972]
[ 0.21194036  0.09739035  0.76555836  0.12692706  2.2525055   0.02266822
 -0.53270817 -0.06435586 -0.51542616 -1.7321568   0.58396894 -0.6051691
  0.5879824   0.14805105 -1.5642529   0.16414328]
[ 0.23747568  0.0971756   0.7790036   0.083854    2.2131553   0.02113753
 -0.5484232  -0.01512147 -0.47586012 -1.738744    0.5798916  -0.59935546
  0.53011256  0.13323376 -1.5493531   0.19994457]
[ 0.2152508   0.08617585  0.8224789   0.08773524  2.154262    0.07707435
 -0.55640876  0.01683705 -0.4117186  -1.7422031   0.53095806 -0.55084026
  0.57107145  0.09196023 -1.5413159   0.09297001]
[ 0.23235664  0.04974996  0.7804793   0.16016892  2.2100155   0.01407572
 -0.52142656 -0.0472619  -0.5108627  -1.7149315   0.5774673  -0.62220436
  0.530305    0.17489497 -1.5888634   0.22355255]
[ 2.4243388e-01  4.3616157e-02  8.5126477e-01  8.0218196e-02
  2.1435108e+00  1.0580164e-01 -5.6182998e-01  1.5279859e-03
 -4.4482452e-01 -1.7131742e+00  4.2849794e-01 -5.1361543e-01
  5.9360534e-01  6.6143595e-02 -1.4889711e+00  1.1211797e-01]
[ 0.2790552   0.01408313  0.7423393   0.21902414  2.1929717  -0.00301273
 -0.5058199  -0.04759222 -0.49711913 -1.685566    0.5396398  -0.62975407
  0.5607101   0.16365942 -1.6382147   0.24385504]
[ 0.25454754  0.07104643  0.7899847   0.09037062  2.164811    0.06444608
 -0.54720724  0.00580556 -0.4111561  -1.740268    0.5183085  -0.56416917
  0.57390743  0.04698697 -1.5447937   0.17466941]
[ 0.23621817  0.10522635  0.7443058   0.09824903  2.271731   -0.03246766
 -0.5603388  -0.01478806 -0.4716402  -1.7352152   0.60689485 -0.5864446
  0.47714216  0.1448859  -1.5969229   0.2633193 ]
[ 0.20214847  0.06950454  0.77364665  0.12086938  2.2388835   0.04166739
 -0.58295995  0.02478829 -0.4013284  -1.739304    0.5278544  -0.53456837
  0.56190354  0.08036673 -1.5839592   0.1468412 ]
[ 0.21779558  0.05420411  0.6923234   0.22413528  2.318851   -0.06423632
 -0.52751887 -0.05647517 -0.49338937 -1.7183182   0.6756214  -0.66378486
  0.5414629   0.20300889 -1.6892078   0.23223276]
[ 0.2231073   0.09295815  0.7345845   0.1722013   2.284881   -0.02222494
 -0.527305   -0.05832519 -0.4979945  -1.7374687   0.6562837  -0.63157475
  0.49951774  0.17055896 -1.635603    0.22378397]
[ 0.18489766  0.10666535  0.8055134   0.08550288  2.2325783   0.05872283
 -0.573212   -0.01027755 -0.450702   -1.7694607   0.57396996 -0.5514737
  0.5891572   0.09494071 -1.5335253   0.10137881]
[ 0.21189205  0.04114673  0.7247187   0.20002076  2.2865295  -0.01945705
 -0.52308697 -0.07149985 -0.5275919  -1.719725    0.64515924 -0.6766192
  0.57547504  0.17598961 -1.5965517   0.22061352]
[ 0.202618    0.08717131  0.7798043   0.11558785  2.2560434   0.02875382
 -0.53722656 -0.07049038 -0.5179968  -1.7438633   0.6212117  -0.6338085
  0.5910705   0.13922903 -1.5278251   0.15573552]
[ 0.21193977  0.11200143  0.79330164  0.08912909  2.22362     0.03758374
 -0.5432455  -0.04303199 -0.50224996 -1.7580614   0.59471655 -0.6045136
  0.56766725  0.12662369 -1.5201156   0.16158406]
[ 0.24509406  0.08761004  0.80859584  0.07271191  2.1617787   0.0793511
 -0.55231076 -0.01041843 -0.44575876 -1.7561455   0.51368463 -0.56380004
  0.56657803  0.0527886  -1.4793022   0.16770117]
[ 0.25798076  0.09574957  0.7540177   0.1464906   2.2033114  -0.0110025
 -0.52637327 -0.06765604 -0.50151503 -1.7520758   0.62281555 -0.6324178
  0.5146152   0.16860828 -1.5647955   0.24135622]
[ 2.27441788e-01  6.83332086e-02  7.72963226e-01  6.78784698e-02
  2.19693804e+00  1.52372075e-02 -5.71669281e-01  6.43223524e-04
 -4.39425468e-01 -1.76300931e+00  5.99468172e-01 -5.98268509e-01
  5.43177605e-01  1.23761103e-01 -1.53690028e+00  2.41754487e-01]
[ 2.1121339e-01  4.8680656e-02  8.2148826e-01  5.6973714e-02
  2.1912079e+00  7.5080946e-02 -5.8473432e-01 -5.4996909e-04
 -4.1452727e-01 -1.7506037e+00  5.1666117e-01 -5.2714550e-01
  6.1654240e-01  6.9776118e-02 -1.5175793e+00  1.3272318e-01]
[ 0.21732612  0.0375578   0.7231891   0.18025742  2.2785373  -0.01041433
 -0.5549167  -0.05984812 -0.52493906 -1.7101074   0.5976361  -0.6134205
  0.5814672   0.18830404 -1.62495     0.24226002]
[ 0.19211061  0.08194239  0.7626074   0.09968642  2.2268906   0.04909139
 -0.5733851  -0.01111317 -0.454624   -1.734863    0.55728924 -0.5650163
  0.6045632   0.08846036 -1.5423088   0.16558357]
[ 0.18708858  0.07437348  0.6924267   0.17348579  2.302063   -0.06043137
 -0.5471867  -0.05168381 -0.52577984 -1.6964451   0.66323817 -0.6397116
  0.4961919   0.19876203 -1.5994306   0.28288597]
[ 0.17435429  0.02014896  0.7785129   0.11071911  2.243896    0.03403841
 -0.59742415  0.0203753  -0.46091914 -1.6716589   0.5030414  -0.55406487
  0.57207376  0.12040371 -1.5047063   0.15844686]
[ 0.20588648 -0.08661301  0.7564994   0.23611324  2.257182   -0.03127981
 -0.5432694  -0.03814999 -0.53860056 -1.593126    0.49130002 -0.64043903
  0.64215183  0.21943071 -1.5935422   0.20298609]
[ 0.2601276  -0.11765583  0.82443875  0.28147644  2.1640015   0.04730047
 -0.45356488 -0.08744048 -0.57385576 -1.5755917   0.4146977  -0.63428843
  0.6587258   0.2139915  -1.5986536   0.11965917]
[ 0.2795909   0.03000145  0.9290169   0.05761898  2.0415108   0.21547449
 -0.49532956 -0.01391747 -0.47058648 -1.6447399   0.32520714 -0.50263774
  0.6442132   0.04741184 -1.4747804  -0.02601136]
[ 0.21295623  0.0408878   0.86371404  0.07507017  2.1102486   0.15401885
 -0.5315446   0.03373679 -0.4295066  -1.7065113   0.42919025 -0.5321684
  0.6403164   0.06904491 -1.5100873   0.02294591]
[ 0.23064096  0.108833    0.8002141   0.0606108   2.199123    0.08248419
 -0.54787916 -0.02024406 -0.43949986 -1.7608134   0.55148304 -0.5695826
  0.5561612   0.05707943 -1.5021436   0.1404795 ]
[ 0.21545489  0.11898117  0.75549793  0.09566457  2.2720723  -0.0230158
 -0.55519235 -0.04254622 -0.51141393 -1.7560676   0.6398258  -0.61077964
  0.5365349   0.1643993  -1.5727181   0.22168617]
[ 1.6372809e-01  5.8058511e-02  7.7668393e-01  1.2219851e-01
  2.2344098e+00  5.1833410e-02 -5.7431805e-01  2.1947741e-03
 -4.4756705e-01 -1.7507483e+00  5.8119524e-01 -5.7924056e-01
  6.3156378e-01  8.7206513e-02 -1.5372710e+00  1.2437902e-01]
[ 0.19751619  0.04298412  0.7335108   0.18033466  2.3055782  -0.01305521
 -0.5268589  -0.08360928 -0.5590206  -1.698096    0.6201758  -0.6537756
  0.58010274  0.17562875 -1.5578305   0.20385447]
[ 0.20362     0.090436    0.7682675   0.12168133  2.2506237   0.014161
 -0.55718076 -0.04141956 -0.51278156 -1.72141     0.60261524 -0.6078752
  0.5659933   0.14839059 -1.5365479   0.15806115]
[ 0.18508226  0.03526969  0.81329507  0.09094764  2.2007585   0.07017883
 -0.5588508   0.02153832 -0.45267373 -1.727277    0.517668   -0.5846303
  0.647857    0.09131303 -1.4913927   0.08495343]
[ 0.2278678   0.07397418  0.779026    0.14992914  2.2281933   0.02690731
 -0.4890445  -0.1008034  -0.539763   -1.7195461   0.5940286  -0.6458334
  0.5635542   0.17624494 -1.5425253   0.16455698]
[ 0.20744571  0.13106398  0.83868855  0.0274551   2.1699424   0.0698684
 -0.55324525 -0.0188576  -0.46618348 -1.7779055   0.5505556  -0.5673244
  0.5690565   0.13038418 -1.484724    0.12024514]
[ 2.2591627e-01  9.7025171e-02  8.3746135e-01  7.2457865e-02
  2.0994010e+00  1.3209589e-01 -5.3836453e-01  1.1633486e-03
 -3.9766231e-01 -1.7759689e+00  4.9628335e-01 -5.4177374e-01
  5.9496927e-01  4.4718813e-02 -1.5068758e+00  1.0439344e-01]
[ 0.23702006  0.11413147  0.7780605   0.13232069  2.2018325   0.03833068
 -0.5266923  -0.06915603 -0.48392496 -1.738673    0.61627954 -0.6075666
  0.50274074  0.1524891  -1.5744901   0.17405611]
[ 0.22282119  0.10355501  0.8249238   0.05105331  2.1582613   0.10780535
 -0.57944524  0.02761913 -0.39967695 -1.7413614   0.5057613  -0.520448
  0.54604304  0.04863833 -1.5178688   0.10804292]
[ 2.5848836e-01  5.5727877e-02  7.6763898e-01  1.1014382e-01
  2.2183700e+00  2.9074704e-02 -5.5531597e-01 -1.2852282e-03
 -4.3291599e-01 -1.7247713e+00  5.3457564e-01 -5.7343298e-01
  5.4346073e-01  7.7944539e-02 -1.5577267e+00  1.9820586e-01]
[ 0.2465694   0.06851473  0.7152027   0.18910906  2.2683265  -0.0462881
 -0.5090049  -0.08311907 -0.5309366  -1.7216938   0.62750083 -0.6516527
  0.5408138   0.20482998 -1.6227337   0.25367323]
[ 0.23329492  0.09311761  0.741516    0.11151747  2.2605057  -0.01236365
 -0.5556534  -0.02855927 -0.47035664 -1.7442356   0.621349   -0.61283505
  0.5175899   0.1407511  -1.5936444   0.24697848]
[ 0.2215831   0.08795151  0.792818    0.10830374  2.2287457   0.06940611
 -0.56661904 -0.01057557 -0.44231978 -1.7337387   0.54251796 -0.5406647
  0.5652946   0.07331309 -1.5661012   0.11529555]
[ 0.2487587   0.06290469  0.7080966   0.19953504  2.2857943  -0.04185838
 -0.53193647 -0.059985   -0.51931846 -1.6970413   0.6464921  -0.6380571
  0.53977907  0.18095277 -1.648292    0.21099022]
[ 0.2471058   0.0410373   0.79747486  0.08648596  2.2434793   0.04288264
 -0.5647854   0.00693466 -0.45748878 -1.7150635   0.5247252  -0.5804864
  0.5952652   0.06278355 -1.5147785   0.13039735]
[ 0.24670395  0.05076423  0.7424242   0.16174829  2.2943933  -0.04738154
 -0.5117079  -0.07948352 -0.5574193  -1.7142767   0.63018817 -0.6707212
  0.5750935   0.1887793  -1.5820463   0.22071657]
[ 0.24050412  0.0700315   0.8027223   0.07367219  2.2506876   0.01628755
 -0.5422348  -0.04131285 -0.5228885  -1.7456459   0.58198756 -0.63589334
  0.58457047  0.12943822 -1.5087765   0.19456343]
[ 0.23386097  0.05111171  0.7760278   0.12511638  2.257176    0.02164241
 -0.54120016 -0.05940865 -0.51693666 -1.7324575   0.5929409  -0.6415701
  0.62037766  0.12894389 -1.5517048   0.18249871]
[ 0.24468343  0.07026716  0.7769362   0.11804096  2.2508488   0.02442195
 -0.541218   -0.04530498 -0.51989317 -1.7275226   0.5797795  -0.6190661
  0.5887934   0.09632214 -1.5406393   0.1909002 ]
[ 0.2458559   0.06152497  0.7797681   0.07292637  2.230821    0.03677234
 -0.5682747   0.00299368 -0.46965623 -1.7427326   0.53704727 -0.5864097
  0.58998114  0.05422471 -1.4867188   0.19035909]
[ 0.25653586  0.05158972  0.7278706   0.09869196  2.2973294  -0.07594877
 -0.5411767  -0.02262778 -0.5111406  -1.7237018   0.60935664 -0.6577282
  0.56335396  0.15422389 -1.5473559   0.2712365 ]
[ 0.22214663  0.04014175  0.73954785  0.10615516  2.29342    -0.0406112
 -0.5492091  -0.02953287 -0.5025298  -1.7305458   0.61756104 -0.6529398
  0.59103316  0.16643105 -1.5612948   0.23856282]
[ 0.24246636  0.06617042  0.7874069   0.08157347  2.2655113   0.0117874
 -0.55443144 -0.02556529 -0.49068028 -1.7278411   0.5338646  -0.59221506
  0.5901244   0.12939394 -1.5531938   0.18372874]
[ 0.24834386  0.06728495  0.765464    0.15464544  2.2259986   0.00899484
 -0.5351312  -0.01402087 -0.46901315 -1.7366701   0.5705552  -0.6018488
  0.5408777   0.13615584 -1.6196467   0.20528829]
[ 0.25830063  0.08092186  0.81176996  0.10726073  2.1683218   0.06104723
 -0.5450628   0.01907403 -0.40499648 -1.7468687   0.5341794  -0.5650777
  0.5405681   0.06833293 -1.5847213   0.14246991]
[ 0.23403712  0.07090691  0.7776455   0.11787038  2.2539992  -0.01941537
 -0.542114   -0.02746948 -0.4890369  -1.7282578   0.6130742  -0.61940736
  0.52558506  0.1655197  -1.6012188   0.21537367]
[ 0.16851503  0.0518157   0.81580245  0.09706037  2.2103      0.07641961
 -0.5804167   0.01067946 -0.4580431  -1.7289307   0.5040227  -0.52536535
  0.65711844  0.09944481 -1.5300491   0.07515797]
[ 0.21622646 -0.00308512  0.74070096  0.20130327  2.275415    0.00569688
 -0.5208181  -0.05034401 -0.53817064 -1.6833827   0.54484284 -0.6316088
  0.63909614  0.17515792 -1.59563     0.17069371]
[ 0.24824095  0.07651324  0.76691806  0.17173186  2.2133424   0.02342009
 -0.5034625  -0.04466074 -0.48574647 -1.7232403   0.58327794 -0.61563367
  0.5545031   0.1294029  -1.6027511   0.15389773]
[ 0.20828839  0.10802655  0.82225955  0.04698503  2.1721587   0.06840043
 -0.56613135  0.03234946 -0.42606598 -1.7554026   0.5680367  -0.55962527
  0.5522735   0.07912086 -1.5120624   0.10603695]
[ 0.19268027  0.05432384  0.81982344  0.06805761  2.227079    0.07336491
 -0.5678369  -0.00468463 -0.4520897  -1.7342056   0.53535503 -0.5576969
  0.5951424   0.08085092 -1.4879799   0.10259147]
[ 0.23943253  0.02992371  0.75807446  0.17719108  2.266893   -0.00674096
 -0.51531976 -0.07494341 -0.5400735  -1.6951727   0.54227376 -0.63531435
  0.59780777  0.17945555 -1.5748266   0.19956602]
[ 0.23300767  0.07747647  0.7745054   0.14551193  2.1935782   0.04693487
 -0.51501274 -0.0590701  -0.49536848 -1.735923    0.56105053 -0.6139902
  0.6218674   0.14455906 -1.5693139   0.13590375]
[ 0.21975537  0.10870223  0.8192582   0.04965736  2.1809983   0.07753006
 -0.5372937  -0.02241404 -0.45783252 -1.7795376   0.58773077 -0.5891411
  0.5890397   0.11046185 -1.523001    0.11055008]
[ 0.20047536  0.13077274  0.8498894   0.02052464  2.1616325   0.1288861
 -0.5730175   0.00870013 -0.4015088  -1.7663815   0.52310646 -0.519171
  0.5537008   0.0533257  -1.4985253   0.07220951]
[ 0.18425478  0.09016222  0.80861485  0.07193176  2.2098927   0.06667344
 -0.58173263  0.01233552 -0.44416475 -1.7710721   0.5446119  -0.5453788
  0.6208922   0.08399177 -1.5091327   0.10307793]
[ 2.3463435e-01  1.5139964e-02  7.4364567e-01  1.8787929e-01
  2.2657201e+00 -2.8860272e-04 -5.1454502e-01 -6.9941543e-02
 -5.3577739e-01 -1.6946418e+00  5.9806663e-01 -6.7242777e-01
  5.8905923e-01  1.6418758e-01 -1.5866965e+00  2.2320600e-01]
[ 0.2130343   0.06968941  0.779653    0.11468863  2.2364368   0.02028058
 -0.5389705  -0.04503501 -0.50121236 -1.7136253   0.5921143  -0.6099509
  0.5662021   0.14218237 -1.5464311   0.16723062]
[ 0.17542338  0.07586104  0.81920844  0.07084984  2.1851506   0.08648281
 -0.5700038   0.01005508 -0.4561811  -1.7250569   0.509058   -0.5522526
  0.62019217  0.08479737 -1.488007    0.09968691]
[ 0.22323379  0.02859914  0.7635519   0.12204809  2.26637    -0.00493813
 -0.5322206  -0.04152266 -0.50062925 -1.7015228   0.55088043 -0.63990456
  0.5817615   0.1573309  -1.5394928   0.21521688]
[ 0.22017035  0.09960303  0.781423    0.17401746  2.1921573   0.03267224
 -0.5009551  -0.0809423  -0.50302315 -1.7328565   0.59253246 -0.60886127
  0.56702113  0.18441293 -1.5969795   0.12461553]
[ 0.19800743  0.09544228  0.84544736  0.04534485  2.1360066   0.13674656
 -0.56266063  0.01870876 -0.4046343  -1.7572155   0.502653   -0.5393896
  0.5648221   0.05100548 -1.4799417   0.09481341]
[ 0.21563014  0.11271022  0.8274702   0.06794427  2.1760721   0.10256282
 -0.5558688  -0.02648872 -0.42667532 -1.7447163   0.528725   -0.5381279
  0.55984336  0.08170087 -1.5146391   0.07878876]
[ 0.23438635  0.08361088  0.7600467   0.16743693  2.2238202   0.01516606
 -0.52134806 -0.05547683 -0.5088264  -1.727341    0.61458194 -0.6257278
  0.5405927   0.16928785 -1.6148497   0.19102368]
[ 0.23284034  0.07774605  0.8101088   0.07738183  2.1897552   0.08498402
 -0.55685765 -0.01514553 -0.439058   -1.7548771   0.53433836 -0.5624053
  0.6046483   0.05773122 -1.5163113   0.12055745]
[ 0.24696982  0.08353809  0.75855553  0.15934011  2.2523751  -0.00500703
 -0.50895184 -0.07414784 -0.52638376 -1.7331855   0.6154394  -0.63010883
  0.53399247  0.17002864 -1.6070442   0.21210238]
[ 0.23719859  0.09595703  0.77829045  0.07878786  2.2092166   0.05370998
 -0.55729043 -0.00932417 -0.4417135  -1.7522666   0.55286324 -0.5759815
  0.5517157   0.06150853 -1.526222    0.1919119 ]
[ 0.26338392  0.07728584  0.7245699   0.1435935   2.2900596  -0.05548603
 -0.5359007  -0.05132603 -0.5145299  -1.7198277   0.62419194 -0.64308906
  0.52032137  0.15581381 -1.5824951   0.25327554]
[ 0.26253062  0.0423426   0.7470034   0.16035104  2.2448013  -0.01505413
 -0.5362849  -0.02395276 -0.4869302  -1.7250068   0.5906692  -0.6256686
  0.5393026   0.14627023 -1.5985646   0.22602329]
[ 2.6450667e-01  5.7864416e-02  8.0461347e-01  8.6826660e-02
  2.2125120e+00  4.2866830e-02 -5.6211358e-01  1.5059442e-03
 -4.3785781e-01 -1.7262799e+00  5.0338137e-01 -5.6150055e-01
  5.5271095e-01  6.6117428e-02 -1.5258925e+00  1.6857529e-01]
[ 0.28023973  0.06010411  0.7200689   0.17834003  2.2726347  -0.05592074
 -0.52179325 -0.0526867  -0.51585406 -1.7349637   0.6063322  -0.6534398
  0.5321727   0.17022492 -1.622961    0.28797102]
[ 0.28843686  0.0809963   0.7542688   0.11566539  2.253204   -0.02041144
 -0.54171985 -0.02514891 -0.45892805 -1.7560055   0.5952312  -0.6243998
  0.51616234  0.10595398 -1.5972894   0.26380873]
[ 0.25006813  0.09447969  0.7255837   0.16308412  2.275348   -0.03745634
 -0.54658157 -0.02199152 -0.4599746  -1.7609341   0.6428016  -0.61560297
  0.5051074   0.13323525 -1.6506046   0.25182566]
[ 0.23275462  0.08150293  0.7531461   0.10456888  2.2713068   0.00753449
 -0.5780512   0.01451178 -0.43281698 -1.7621386   0.5875915  -0.5738386
  0.5594459   0.07312684 -1.5899119   0.19863042]
[ 0.2652113   0.05072916  0.68613064  0.15024024  2.3614438  -0.10178272
 -0.54323965 -0.03717197 -0.5062377  -1.727359    0.6556157  -0.66303843
  0.5221952   0.1667401  -1.6403961   0.31159163]
[ 0.26320964  0.07841514  0.6961378   0.18395117  2.32365    -0.0733056
 -0.5302874  -0.05940807 -0.5154815  -1.7331902   0.667383   -0.65810776
  0.51759064  0.1745925  -1.6499174   0.2637866 ]
[ 0.22908525  0.07337247  0.7394422   0.10594466  2.3005958  -0.04439213
 -0.5590796  -0.00640311 -0.47556567 -1.767362    0.6421926  -0.6427852
  0.56335706  0.14499196 -1.5836054   0.22814894]
[ 0.23557968  0.08123203  0.76765674  0.13076608  2.2814534  -0.02256643
 -0.54438674 -0.02997853 -0.4823064  -1.758488    0.6051629  -0.62476516
  0.53566724  0.13803396 -1.5915788   0.2269052 ]
[ 0.21184683  0.06721084  0.7635692   0.14222574  2.269708   -0.00612698
 -0.5531832  -0.03197195 -0.5128246  -1.7489316   0.5859219  -0.6127714
  0.603677    0.16091627 -1.5768638   0.18459757]
[ 0.2410326   0.03775539  0.7655887   0.14935477  2.236163    0.01517249
 -0.5411631  -0.01855104 -0.4863139  -1.7219185   0.5650069  -0.6250156
  0.59574425  0.12109213 -1.5780003   0.19078246]
[ 0.24209976  0.05746694  0.77189124  0.12240782  2.2391498   0.01521104
 -0.54578483 -0.01448874 -0.46648344 -1.7212381   0.5792607  -0.60316855
  0.57297194  0.11929312 -1.5876763   0.16490081]
[ 0.21611479  0.09407388  0.8162962   0.06706141  2.1992424   0.06582574
 -0.5571646   0.01670861 -0.4299709  -1.7569904   0.5288445  -0.5491744
  0.5851535   0.0703304  -1.5356289   0.11472476]
[ 0.24188468  0.06923681  0.7479013   0.10702958  2.2712193  -0.03981749
 -0.53532445 -0.02447218 -0.4728915  -1.7430645   0.6033399  -0.63589966
  0.52495974  0.15170398 -1.5720603   0.25602135]
[ 0.21783046  0.11728764  0.7621337   0.1466655   2.2218406   0.00376561
 -0.5362532  -0.04942157 -0.46321124 -1.769892    0.6243744  -0.61618865
  0.5406906   0.16198373 -1.6060749   0.19162366]
[ 0.20432921  0.09359168  0.77285117  0.11168139  2.213014    0.02037547
 -0.55019826 -0.00961688 -0.43283573 -1.7768934   0.61224335 -0.5919441
  0.552735    0.13816206 -1.5973169   0.18596509]
[ 1.99086353e-01  1.03273295e-01  8.11773896e-01  7.40116537e-02
  2.18827319e+00  9.01909322e-02 -5.64956963e-01 -1.59821811e-03
 -4.02004898e-01 -1.76671290e+00  5.19151092e-01 -5.15454888e-01
  5.75442910e-01  6.50317743e-02 -1.52994895e+00  9.98842567e-02]
[ 0.23600337  0.07804219  0.73338574  0.19059062  2.2313786  -0.01569675
 -0.5314183  -0.03081915 -0.47735614 -1.7374653   0.6066274  -0.6092354
  0.515461    0.17802708 -1.6475375   0.22783084]
[ 0.22016434  0.07652577  0.8054973   0.10893676  2.1748629   0.06383167
 -0.55704725  0.02130073 -0.39177606 -1.76596     0.53672254 -0.55443543
  0.5788056   0.06838953 -1.5713543   0.13058981]
[ 0.22483794  0.07791939  0.75784224  0.16564338  2.24441    -0.01543796
 -0.5208303  -0.04822939 -0.48610035 -1.7356564   0.6152635  -0.6127714
  0.49347696  0.17800818 -1.617086    0.22649002]
[ 0.22253533  0.09579245  0.8107742   0.08260875  2.1749604   0.06407333
 -0.5759623   0.02045824 -0.4098134  -1.7522844   0.48886222 -0.522371
  0.54623026  0.08443579 -1.5338959   0.15141405]
[ 0.24331847  0.03751497  0.7443798   0.19124572  2.2197719  -0.02099619
 -0.52943707 -0.01564971 -0.45376754 -1.7302526   0.5726583  -0.62729985
  0.56247324  0.16681376 -1.646354    0.23326536]
[ 0.26777142  0.07337721  0.7596251   0.18046646  2.2049396   0.00291723
 -0.50801635 -0.04419843 -0.44862738 -1.7366787   0.59269583 -0.61143005
  0.4762117   0.15455005 -1.6568207   0.24121931]
[ 0.22893496  0.13429502  0.81662065  0.06436034  2.1707542   0.08250691
 -0.5856341   0.02344334 -0.37037444 -1.7627093   0.5169153  -0.5018897
  0.49476728  0.06531592 -1.5687916   0.1385008 ]
[ 0.20258641  0.07997543  0.75992495  0.15050407  2.2215574   0.02654439
 -0.5690465   0.01851427 -0.4111556  -1.7553399   0.5727003  -0.55800706
  0.5656893   0.09802738 -1.6340647   0.17748515]
[ 0.22612622  0.05418654  0.69353247  0.21564083  2.323304   -0.05117467
 -0.5261992  -0.07627377 -0.49020663 -1.7093029   0.6561199  -0.65285844
  0.50862443  0.18362072 -1.6692635   0.26258808]
[ 0.20319238  0.10319636  0.7293252   0.16138087  2.2712603  -0.02569434
 -0.54242694 -0.04094331 -0.48559856 -1.7471027   0.6518172  -0.60292375
  0.52244127  0.1772413  -1.6409391   0.21277814]
[ 0.19653098  0.06958672  0.7627104   0.1257784   2.2350204   0.02733629
 -0.5700041   0.00757373 -0.43015605 -1.7520409   0.5766029  -0.57690036
  0.5547713   0.08519465 -1.555744    0.19093259]
[ 0.20755184  0.04161396  0.71860313  0.20106797  2.3046577  -0.05132513
 -0.52812386 -0.06786145 -0.5182518  -1.7151273   0.6381403  -0.65488684
  0.55320346  0.19786815 -1.616499    0.23722589]
[ 2.0993289e-01  5.8940478e-02  7.5789058e-01  1.6840005e-01
  2.2490306e+00  1.2696192e-03 -5.3480285e-01 -4.4313997e-02
 -5.1035851e-01 -1.7273262e+00  6.0203832e-01 -6.1656845e-01
  5.7786638e-01  1.7505124e-01 -1.5942489e+00  1.7311157e-01]
[ 0.22657855  0.04194009  0.8055111   0.08367424  2.2013104   0.07143748
 -0.560902    0.01819907 -0.43693885 -1.7302029   0.48827463 -0.54941
  0.6065482   0.06861067 -1.5104519   0.12180972]
[ 0.2526651   0.06646209  0.7572424   0.14040546  2.2472327  -0.0042044
 -0.5169899  -0.05872632 -0.50825226 -1.7145281   0.56972826 -0.6247734
  0.5888817   0.1777606  -1.5923792   0.1664877 ]
[ 0.22790699  0.07047907  0.80146027  0.06303119  2.2106204   0.04067689
 -0.5429557   0.00783502 -0.45161524 -1.7482322   0.56267715 -0.59477806
  0.5848266   0.12528    -1.554605    0.14280757]
[ 0.21420626  0.08735811  0.8423584   0.05033357  2.1852043   0.11970375
 -0.5588254   0.00387276 -0.41725636 -1.7243912   0.49724674 -0.51958674
  0.5988528   0.06916585 -1.5379989   0.03249623]
[ 0.2193491   0.07098098  0.7923213   0.1314186   2.2353063   0.0379392
 -0.547492   -0.01983359 -0.49750048 -1.7132919   0.55972576 -0.58897936
  0.5744955   0.14230421 -1.5925109   0.14100404]
[ 0.22159413  0.02096047  0.8349552   0.10947137  2.1793506   0.09265399
 -0.55943954  0.02289028 -0.44592404 -1.7120037   0.48775405 -0.5537084
  0.6541049   0.06912069 -1.5358601   0.05634417]
[ 2.2104295e-01 -1.9704937e-03  8.0282688e-01  1.6472380e-01
  2.2430339e+00  2.5877070e-02 -5.0367546e-01 -5.4145895e-02
 -5.5312389e-01 -1.6887432e+00  5.5973959e-01 -6.3071197e-01
  6.5091759e-01  1.7512408e-01 -1.5706246e+00  1.0237072e-01]
[ 0.19113983  0.05567208  0.85511553  0.03278986  2.162746    0.13242081
 -0.5553049   0.00417244 -0.49212557 -1.7075937   0.45483398 -0.5373683
  0.66973835  0.06388577 -1.4362346   0.0502013 ]
[ 0.2305471   0.01318884  0.7859786   0.10116758  2.2302852   0.02792974
 -0.54242766 -0.00700714 -0.53017104 -1.6834342   0.49539024 -0.618858
  0.6550214   0.12363441 -1.4799813   0.14586642]
[ 0.280865    0.0233395   0.7993177   0.14815252  2.1704946   0.04327599
 -0.48992616 -0.02315115 -0.49626654 -1.7042525   0.51731706 -0.6294158
  0.60354394  0.10531366 -1.5532501   0.15037982]
[ 0.25114873  0.09738407  0.84848607  0.0073928   2.1338592   0.08186705
 -0.53417796  0.01292059 -0.43637323 -1.7432079   0.52052706 -0.5478658
  0.56111777  0.07315016 -1.4840406   0.10305531]
[ 1.9688086e-01  1.0029256e-01  8.3116591e-01  4.4661086e-02
  2.1799228e+00  9.5322527e-02 -5.5983132e-01  3.2973586e-04
 -4.2986327e-01 -1.7591385e+00  5.0204074e-01 -5.3028619e-01
  5.9457582e-01  7.9430863e-02 -1.4940933e+00  9.4296269e-02]
[ 0.21211818  0.0602306   0.7568157   0.13136125  2.2624364   0.00975909
 -0.5358106  -0.04327437 -0.49154997 -1.7350504   0.57925415 -0.6154302
  0.6165778   0.16734901 -1.5957868   0.167271  ]
[ 0.22711203  0.10641012  0.77921855  0.15514569  2.2077324   0.06111902
 -0.5116949  -0.05208028 -0.46705604 -1.7505039   0.59659654 -0.5855618
  0.5630466   0.13225275 -1.6240785   0.10612969]
[ 0.22387776  0.12188511  0.82438946  0.04309664  2.1774669   0.10283431
 -0.56811017  0.02030161 -0.39968672 -1.7670784   0.5358541  -0.54065526
  0.5275539   0.04222661 -1.5119594   0.11398975]
[ 0.22193666  0.08468396  0.8092295   0.06890323  2.2147803   0.05272061
 -0.5734914   0.0186858  -0.41184157 -1.7559478   0.549215   -0.55565417
  0.5688721   0.0750929  -1.526887    0.10477408]
[ 2.5378570e-01  1.9974411e-03  7.6296157e-01  1.6457865e-01
  2.2664733e+00 -8.8950917e-03 -5.2171385e-01 -5.6649875e-02
 -5.4577696e-01 -1.6864592e+00  5.7008553e-01 -6.5096426e-01
  5.8393937e-01  1.7435066e-01 -1.5664446e+00  2.0583889e-01]
[ 0.26524934  0.0145544   0.8030669   0.10246353  2.2179656   0.03040641
 -0.5415317  -0.03356443 -0.508691   -1.6863434   0.5103147  -0.6079211
  0.6333045   0.14027944 -1.5406758   0.14708656]
[ 0.28199917  0.02328553  0.792789    0.11875381  2.192479    0.0408616
 -0.52582806 -0.01224948 -0.48815313 -1.7030122   0.50893414 -0.6050268
  0.60560143  0.10872543 -1.5716177   0.17907864]
[ 0.27172378  0.05136942  0.8152879   0.06245006  2.1785412   0.06825836
 -0.5485881   0.01677661 -0.43330336 -1.7386509   0.49667874 -0.5586618
  0.6101366   0.04107651 -1.527683    0.1406242 ]
[ 0.25661746  0.06236787  0.7557641   0.11424398  2.2724817  -0.03632554
 -0.5412462  -0.01056707 -0.5019077  -1.7156799   0.5867541  -0.6092657
  0.52610207  0.13262782 -1.5791172   0.23595944]
[ 0.2426887   0.03772969  0.7688678   0.09625144  2.2155688   0.02104725
 -0.58312786  0.03311009 -0.443811   -1.7150142   0.5232427  -0.56668395
  0.5632808   0.07460537 -1.5341766   0.2149239 ]
[ 0.2827749  -0.002745    0.70957685  0.19032057  2.2706265  -0.08687569
 -0.5437654  -0.0173103  -0.5000801  -1.6777973   0.56202567 -0.64426297
  0.5402312   0.16578351 -1.5988556   0.30142766]
[ 0.30245423 -0.01662838  0.733019    0.20140052  2.226266   -0.06540608
 -0.5041019  -0.01237779 -0.49404842 -1.6873678   0.5381683  -0.64096034
  0.52954894  0.17406365 -1.6292298   0.29529327]
[ 3.2209304e-01  5.6931563e-02  8.0467975e-01  8.5409462e-02
  2.1663189e+00  1.3974815e-03 -5.4493612e-01  2.2139017e-02
 -4.2334718e-01 -1.7251517e+00  4.8088533e-01 -5.4841626e-01
  5.0399292e-01  8.7265126e-02 -1.5795166e+00  2.4022380e-01]
[ 0.26603463  0.0632361   0.7179782   0.191725    2.2408395  -0.05059477
 -0.5385559  -0.01575023 -0.44390926 -1.7577568   0.5910748  -0.6121651
  0.5055856   0.16695453 -1.6882317   0.31405672]
[ 0.26097786  0.08911858  0.76302993  0.142961    2.2154815   0.02842753
 -0.5595057   0.01079356 -0.3838288  -1.7621443   0.5513852  -0.5432718
  0.5036408   0.06505974 -1.6549771   0.2207849 ]
[ 0.2293917   0.09166829  0.6718534   0.17620066  2.329982   -0.0897189
 -0.56994    -0.00671776 -0.4560019  -1.7440789   0.67518014 -0.61057335
  0.47907448  0.17113428 -1.7060945   0.3084887 ]
[ 0.21401899  0.07368238  0.7207544   0.16569886  2.299208   -0.02571385
 -0.5826966   0.02645675 -0.4089178  -1.7391422   0.6221465  -0.567761
  0.5143024   0.09764507 -1.6731211   0.20991859]
[ 0.2154572   0.02250929  0.6695307   0.21491043  2.3788688  -0.10535095
 -0.5403829  -0.04531062 -0.4968028  -1.6976614   0.6779952  -0.6736522
  0.53606665  0.2115423  -1.7002589   0.28068236]
[ 0.22036918  0.04976971  0.7129133   0.22337487  2.3186302  -0.05094886
 -0.5203961  -0.07349972 -0.52698064 -1.7077351   0.6468196  -0.65470016
  0.53242874  0.20119825 -1.652683    0.22878508]
[ 0.22247627  0.04912671  0.76099956  0.15260097  2.2687366  -0.00536097
 -0.543507   -0.0344169  -0.49381298 -1.7277877   0.5960457  -0.6318838
  0.5610978   0.16228688 -1.5842787   0.19461533]
[ 0.23257749  0.04258541  0.7897106   0.15594256  2.216342    0.02686965
 -0.5177562  -0.04073109 -0.48794252 -1.7304214   0.5654829  -0.62830114
  0.60923886  0.15675238 -1.5860265   0.14054237]
[ 0.23051491  0.07198682  0.8038103   0.11148288  2.2065074   0.05098034
 -0.5285673  -0.03573981 -0.48384947 -1.744716    0.56594145 -0.6047435
  0.5650007   0.12890522 -1.5458753   0.15436037]
[ 0.21595237  0.09218508  0.8514878   0.03244136  2.1638572   0.12227947
 -0.55824786  0.00650935 -0.4349927  -1.7608058   0.46794063 -0.5251972
  0.6466149   0.05484245 -1.4888061   0.05849957]
[ 0.23917422  0.09635669  0.758778    0.12149534  2.2465568   0.01136973
 -0.5259029  -0.03658076 -0.48871064 -1.7397299   0.6007224  -0.618394
  0.55330527  0.13931699 -1.5978541   0.18724182]
[ 2.2198980e-01  1.1594021e-01  8.0978239e-01  6.8160370e-02
  2.1877048e+00  9.3771704e-02 -5.5146903e-01  1.6538531e-03
 -4.2776242e-01 -1.7453573e+00  5.4685044e-01 -5.4970348e-01
  5.5953890e-01  6.6756055e-02 -1.5414082e+00  8.8200532e-02]
[ 0.21626523  0.1065773   0.76035243  0.09375623  2.2639117  -0.01015624
 -0.5518627  -0.02026113 -0.4732132  -1.7346823   0.63940966 -0.6156868
  0.5371343   0.15518409 -1.5915301   0.17097883]
[ 0.19424535  0.06699962  0.83359337  0.09686457  2.2110562   0.09647753
 -0.54983985 -0.01109015 -0.4599591  -1.7359359   0.5319751  -0.5618845
  0.601863    0.08520364 -1.5288551   0.07254386]
[ 0.21622634  0.05100399  0.77957886  0.16703     2.2656531   0.02651208
 -0.5086533  -0.09469393 -0.55447376 -1.714534    0.58708215 -0.6413784
  0.63306653  0.18262696 -1.5649277   0.11437085]
[ 0.21354823  0.08120368  0.80513227  0.10614491  2.2089822   0.06995718
 -0.52915436 -0.03821994 -0.4955892  -1.7460788   0.57633054 -0.61862516
  0.6049072   0.11246793 -1.5307434   0.12465204]
[ 0.20482385  0.09844187  0.84795856  0.03448235  2.1686664   0.13238858
 -0.5499747  -0.02123479 -0.46054322 -1.7615795   0.5310124  -0.56282467
  0.6461147   0.0475812  -1.4682853   0.05639503]
[ 0.2118597   0.11864772  0.7839177   0.06441943  2.2544198   0.02077825
 -0.53710586 -0.0516374  -0.5172407  -1.7578771   0.6178894  -0.6206621
  0.58374214  0.13817592 -1.5151745   0.15258083]
[ 0.17489865  0.0869406   0.8279791   0.03798214  2.2051654   0.10606705
 -0.5641178  -0.00324985 -0.4630797  -1.7618372   0.5296934  -0.5627699
  0.6661382   0.06820893 -1.4564508   0.05221066]
[ 0.20724535  0.08550659  0.7846756   0.09892857  2.267027    0.02953874
 -0.5243498  -0.07344326 -0.5370258  -1.7240967   0.60366404 -0.6416685
  0.62022054  0.15177263 -1.5211698   0.11850117]
[ 0.19893458  0.09199025  0.8188629   0.04601539  2.2280955   0.06092019
 -0.53430355 -0.03120622 -0.49331766 -1.750341    0.5928923  -0.61339444
  0.6148061   0.1267667  -1.5134478   0.10080385]
[ 0.18498743  0.10778396  0.88491404  0.01736541  2.1542652   0.17112732
 -0.5309986  -0.03792509 -0.46772456 -1.7351223   0.5001659  -0.5408362
  0.6500491   0.06135923 -1.4537836  -0.0243513 ]
[ 0.16947238  0.07749476  0.8376921   0.07819314  2.230478    0.08911937
 -0.5320231  -0.06477046 -0.5545266  -1.7266932   0.5729279  -0.6191296
  0.6541339   0.14985722 -1.4757932   0.05647027]
[ 0.1763037   0.07495086  0.91017324  0.03180277  2.133883    0.20211437
 -0.53219736 -0.02683262 -0.48670673 -1.7246902   0.46181446 -0.5506751
  0.7058476   0.04176516 -1.414315   -0.06332075]
[ 0.22431488  0.0711432   0.85312253  0.06731606  2.1876826   0.10784143
 -0.5057004  -0.068646   -0.55513775 -1.7136328   0.52412444 -0.6163208
  0.6305834   0.12126935 -1.4574136   0.07380461]
[ 0.22203179  0.08639982  0.89769137 -0.02174331  2.1015735   0.19531885
 -0.53256685 -0.0225166  -0.48578888 -1.7031221   0.44330668 -0.55011255
  0.6649515   0.0294932  -1.3640981  -0.01788397]
[ 0.23668723  0.04372543  0.84039533  0.03365979  2.1912158   0.09391139
 -0.5227838  -0.03402295 -0.5320475  -1.7025478   0.5181808  -0.6218388
  0.66460264  0.10138421 -1.4528713   0.08670114]
[ 0.23042707  0.08832408  0.8945524   0.01434757  2.1194744   0.18291233
 -0.51061153 -0.04621983 -0.48414236 -1.7197788   0.45223695 -0.549644
  0.65712273  0.02810551 -1.4260501   0.01206155]
[ 0.24538457  0.09880568  0.8207609   0.0527431   2.2064843   0.05423911
 -0.52159566 -0.04518917 -0.51931477 -1.7413895   0.5629703  -0.6155963
  0.5747636   0.11724236 -1.4909741   0.14752829]
[ 0.23120126  0.09408786  0.8278133   0.05508782  2.1531515   0.1091849
 -0.5465581  -0.01079271 -0.44914228 -1.7732261   0.54462755 -0.581371
  0.6316067   0.04295776 -1.4780146   0.09391282]
[ 2.1649882e-01  9.1335520e-02  7.7176273e-01  8.2249418e-02
  2.2643895e+00 -1.1776179e-03 -5.3393877e-01 -5.4318130e-02
 -5.2467710e-01 -1.7597929e+00  6.4066106e-01 -6.3898802e-01
  5.6801623e-01  1.3904485e-01 -1.5254503e+00  2.1200232e-01]
[ 0.20843568  0.09395622  0.80488956  0.05076403  2.2078986   0.0784028
 -0.5704592  -0.0181417  -0.48053184 -1.7555298   0.51244587 -0.55109847
  0.6105754   0.05662579 -1.4577858   0.15777624]
[ 0.22688237  0.03831939  0.70634294  0.13167009  2.2899704  -0.05712669
 -0.5516203  -0.0287034  -0.51685745 -1.726827    0.6213293  -0.65096
  0.6038144   0.16073899 -1.5521959   0.254477  ]
[ 2.2423963e-01  6.1543636e-02  7.4870318e-01  1.3736336e-01
  2.2499328e+00  8.8309648e-04 -5.3910267e-01 -3.2521915e-02
 -4.8335010e-01 -1.7341076e+00  6.1232531e-01 -6.3278043e-01
  5.6468952e-01  1.4012846e-01 -1.5684909e+00  1.9758256e-01]
[ 2.2871788e-01  9.9521331e-02  7.9773110e-01  4.5941807e-02
  2.2336178e+00  9.6284244e-03 -5.6803858e-01  1.7305315e-03
 -4.5972744e-01 -1.7352951e+00  5.7934898e-01 -5.8294785e-01
  5.0392628e-01  1.3250968e-01 -1.5294961e+00  1.9092439e-01]
[ 0.21438774  0.09039137  0.8064915   0.09421941  2.1762638   0.06446802
 -0.56686354  0.01808755 -0.41667795 -1.7425063   0.5058527  -0.5336078
  0.5522765   0.09737449 -1.5404807   0.12685059]
[ 0.23465443  0.04297785  0.74572694  0.18563807  2.2333689   0.00853282
 -0.5095891  -0.06544487 -0.49499217 -1.7041886   0.5814236  -0.6478658
  0.5669605   0.18792342 -1.6296383   0.21176448]
[ 0.21454474  0.13415325  0.7887311   0.11905334  2.1964054   0.06530957
 -0.5302464  -0.06584472 -0.46076384 -1.7279154   0.6064329  -0.57391304
  0.5084213   0.15035424 -1.6044178   0.12467243]
[ 0.14239249  0.11184286  0.8091229   0.0766819   2.1771092   0.13356553
 -0.5904652   0.02375516 -0.41346264 -1.7317852   0.5286266  -0.5118038
  0.60513973  0.08277082 -1.5361725   0.03533918]
[ 0.18936151  0.05057221  0.80857545  0.13877244  2.2221844   0.09026234
 -0.5563362  -0.01684831 -0.45751777 -1.7107532   0.5390709  -0.562823
  0.6200994   0.08683462 -1.5616472   0.06257056]
[ 0.25078425  0.04952567  0.7626232   0.21785605  2.254584   -0.00272986
 -0.46343732 -0.10715038 -0.565766   -1.6850895   0.618106   -0.6671373
  0.54615206  0.21348675 -1.6387869   0.16195732]
[ 0.22101037  0.12197451  0.8447293   0.0229201   2.1657624   0.1283594
 -0.5448599  -0.02593382 -0.44766575 -1.7384393   0.5200795  -0.5540124
  0.5843116   0.0349551  -1.4522808   0.06412564]
[ 0.23343611  0.05636133  0.76974297  0.07613271  2.2748084  -0.01149594
 -0.53199136 -0.06419922 -0.5554212  -1.7276332   0.6074349  -0.6668257
  0.61215883  0.15111388 -1.4810541   0.20576203]
[ 0.24984333  0.06544799  0.80393827  0.10150735  2.2233138   0.05375347
 -0.5195254  -0.08506773 -0.5346195  -1.7237349   0.5479792  -0.6352097
  0.61934835  0.1184509  -1.4946284   0.15641019]
[ 0.24287319  0.09020527  0.80110323  0.06129796  2.213571    0.03386563
 -0.5426457  -0.0360395  -0.50352395 -1.7570837   0.58261037 -0.6176885
  0.5894591   0.12189827 -1.5136421   0.18100254]
[ 0.2323061   0.08828495  0.8305019   0.05024393  2.176691    0.11400367
 -0.5562111  -0.0145292  -0.4568081  -1.7568344   0.528491   -0.5742449
  0.61788344  0.04302932 -1.4794743   0.10178759]
[ 2.0850030e-01  9.2499562e-02  7.6386291e-01  7.6141678e-02
  2.2986319e+00  7.5489731e-04 -5.5640697e-01 -4.4900984e-02
 -5.2054632e-01 -1.7467527e+00  6.3151538e-01 -6.2435675e-01
  5.8058757e-01  1.2662049e-01 -1.5305064e+00  1.9167919e-01]
[ 0.1885445   0.09879218  0.79278225  0.06919785  2.2539272   0.06552061
 -0.5698614  -0.02171881 -0.48820266 -1.7364588   0.5651231  -0.57020277
  0.62626886  0.07264713 -1.5081451   0.10703774]
[ 0.23500207  0.04907842  0.7248754   0.10584195  2.3217578  -0.04348276
 -0.5280093  -0.06278348 -0.55006045 -1.6944549   0.6274938  -0.68235266
  0.5726987   0.16136292 -1.540463    0.25308144]
[ 0.24585065  0.09628197  0.7696736   0.12644918  2.2457662   0.00403897
 -0.5137844  -0.08046304 -0.5350722  -1.7078149   0.61281866 -0.65080297
  0.53721917  0.15479715 -1.5433035   0.18614104]
[ 0.26198786  0.06832559  0.81376076  0.08895733  2.1983626   0.02428456
 -0.51725745 -0.0486616  -0.529415   -1.7159599   0.5684408  -0.6368495
  0.5331785   0.15656352 -1.5181812   0.20033717]
[ 0.23212285  0.05633909  0.87134075  0.06852836  2.1195312   0.12822482
 -0.54220736 -0.01661997 -0.44889098 -1.7364309   0.47378463 -0.54776764
  0.62019867  0.06569976 -1.4854236   0.08574818]
[ 0.25660658  0.05061186  0.7795372   0.16462111  2.2019315   0.0328072
 -0.5110459  -0.07050089 -0.52662706 -1.7275083   0.5414686  -0.6204313
  0.58137596  0.14495814 -1.5700468   0.22059944]
[ 0.24072859  0.08316262  0.79025424  0.07837622  2.1731796   0.08916634
 -0.56351626 -0.00420099 -0.43843222 -1.7676218   0.5138955  -0.5526817
  0.62816447  0.03612299 -1.5032918   0.14359553]
[ 0.24696517  0.09053325  0.71759355  0.11896672  2.2833474  -0.03596525
 -0.5488659  -0.01559075 -0.47847813 -1.7440958   0.63300407 -0.6232359
  0.50347716  0.12159777 -1.5947478   0.2755428 ]
[ 0.2483546   0.10439561  0.7353338   0.0873768   2.2552137  -0.01082121
 -0.5751871   0.01409617 -0.41500258 -1.7537372   0.58933496 -0.57531524
  0.48565778  0.07002078 -1.5657687   0.25662342]
[ 0.26632926  0.07449955  0.6951712   0.14797716  2.3072972  -0.10602975
 -0.5472578  -0.02397015 -0.48289576 -1.7261358   0.6419675  -0.6471982
  0.4649261   0.17328528 -1.6296097   0.34408876]
[ 0.23403111  0.03385341  0.695778    0.20261729  2.2902455  -0.07063597
 -0.534124   -0.03499105 -0.46904016 -1.720825    0.63949615 -0.6549597
  0.52365696  0.19808558 -1.6730976   0.288854  ]
[ 0.24181657  0.07750346  0.75287056  0.1784892   2.2538984  -0.01588389
 -0.5315681  -0.04609806 -0.45723748 -1.7401869   0.5873982  -0.6016037
  0.49826807  0.16009356 -1.6520777   0.24300806]
[ 0.21040916  0.09254231  0.7281656   0.1912272   2.2393909  -0.0093269
 -0.54482794 -0.02256798 -0.44758254 -1.7640355   0.60905564 -0.5832651
  0.54254717  0.16729297 -1.675548    0.21359923]
[ 0.20938516  0.0915738   0.7717119   0.13757893  2.2159927   0.05495689
 -0.5639866   0.01191302 -0.39551255 -1.76793     0.57600635 -0.5480029
  0.55655617  0.0679839  -1.605315    0.1318783 ]
[ 0.22962996  0.09695826  0.69784296  0.18456398  2.2987156  -0.0471056
 -0.53369147 -0.04723053 -0.47946167 -1.729652    0.66507614 -0.6291454
  0.46891293  0.17043094 -1.6582296   0.26134542]
[ 0.218696    0.12295058  0.7731283   0.0904702   2.2362027   0.02368407
 -0.5728721   0.00435038 -0.4185874  -1.7571884   0.5956396  -0.55944616
  0.5184178   0.09137326 -1.5714793   0.15123717]
[ 0.24238595  0.05095689  0.7173702   0.16782126  2.2976317  -0.04632961
 -0.52941453 -0.04996645 -0.4894479  -1.7153938   0.64515626 -0.6672454
  0.5264409   0.18468173 -1.6377779   0.25130257]
[ 0.22183737  0.09686263  0.75934345  0.15407585  2.2568982   0.00440233
 -0.5127369  -0.08416195 -0.49678454 -1.7293122   0.63376933 -0.62562627
  0.5441836   0.18787651 -1.6171114   0.15197113]
[ 0.22738405  0.11820702  0.79413223  0.11435892  2.1987126   0.05027284
 -0.5342568  -0.03598628 -0.47069988 -1.7693145   0.5936413  -0.58790904
  0.5422271   0.13339739 -1.5882663   0.1601337 ]
[ 0.22412744  0.10482291  0.81394655  0.07423665  2.1741862   0.09238254
 -0.5575207  -0.00884329 -0.40825114 -1.7977428   0.5578492  -0.5508855
  0.6055981   0.04606191 -1.5234306   0.09792475]
[ 0.2400742   0.08985453  0.75136983  0.17447941  2.242089   -0.00559535
 -0.5144737  -0.05907553 -0.516197   -1.7471845   0.6433157  -0.63436204
  0.5201772   0.1540602  -1.6034725   0.21194486]
[ 0.2046146   0.06705229  0.7806498   0.04122264  2.2299428   0.0427588
 -0.6044351   0.03016094 -0.42675823 -1.7674586   0.5564606  -0.5679603
  0.6022752   0.05053677 -1.4603683   0.16887999]
[ 0.24287388  0.03360655  0.7346435   0.13050526  2.2938406  -0.05420187
 -0.5480549  -0.02659774 -0.5200124  -1.7207772   0.57754785 -0.6398941
  0.5843542   0.14324585 -1.5479196   0.26716104]
[ 0.22382717  0.03014208  0.7158212   0.1605115   2.289845   -0.05030948
 -0.5325378  -0.04426282 -0.5138245  -1.7194707   0.6097585  -0.6549057
  0.58851194  0.17920688 -1.5826508   0.24918115]
[ 0.23810229  0.093971    0.7776673   0.08999229  2.230664    0.00412437
 -0.5447158  -0.0123874  -0.46849585 -1.7482176   0.55928636 -0.5953861
  0.5515976   0.13079745 -1.5567534   0.198367  ]
[ 2.4270110e-01  9.1928646e-02  7.6213074e-01  1.2582572e-01
  2.2146723e+00 -2.8862744e-03 -5.5052745e-01 -5.7556632e-04
 -4.3416181e-01 -1.7512985e+00  5.8402652e-01 -5.8635873e-01
  4.9321261e-01  1.3965091e-01 -1.6105947e+00  2.3085210e-01]
[ 0.25123242  0.08600669  0.81496066  0.10862909  2.1518033   0.06036953
 -0.5588188   0.03330538 -0.38004088 -1.7464387   0.50291884 -0.5281411
  0.51776236  0.08090782 -1.5894144   0.14115424]
[ 0.24282563  0.05202496  0.74293095  0.18375814  2.2313704  -0.02636464
 -0.52590734 -0.02707943 -0.452537   -1.7267482   0.6041974  -0.6226531
  0.51166856  0.17890593 -1.6684196   0.24972987]
[ 0.23975988  0.08736531  0.8323018   0.11091986  2.1680846   0.07998428
 -0.5526714  -0.00266113 -0.40815124 -1.7463194   0.487858   -0.5183512
  0.546216    0.07099784 -1.5896753   0.14045374]
[ 0.2520466   0.07214247  0.7287044   0.19488642  2.252192   -0.02053109
 -0.53170234 -0.04940268 -0.48361    -1.726573    0.6005417  -0.60943687
  0.51875925  0.17672953 -1.667437    0.24094954]
[ 0.23290798  0.08550607  0.7891842   0.11874976  2.1957908   0.05636103
 -0.5537753   0.00827304 -0.41215873 -1.752935    0.56293327 -0.56084484
  0.56563103  0.0763541  -1.6094694   0.14235982]
[ 0.24593706  0.08385473  0.71767366  0.15724428  2.2963893  -0.04579193
 -0.5406456  -0.04890537 -0.4881487  -1.7261074   0.6527132  -0.6284473
  0.47748798  0.1633788  -1.6465391   0.27918276]
[ 0.23032208  0.0847564   0.78894967  0.10157572  2.2412357   0.03198087
 -0.5735607  -0.00369872 -0.45144072 -1.7443504   0.5490048  -0.55459374
  0.54177153  0.09191597 -1.5658929   0.179441  ]
[ 0.22222582  0.01271709  0.69304264  0.22135706  2.312835   -0.06809491
 -0.5387786  -0.05868196 -0.51773393 -1.6982104   0.6359865  -0.6731204
  0.5768049   0.19565451 -1.6392505   0.27172104]
[ 0.22707796  0.03045193  0.7585313   0.17878501  2.2733054  -0.00533457
 -0.5300576  -0.05890201 -0.5270033  -1.7141478   0.5763588  -0.6334314
  0.5816563   0.15183899 -1.5740339   0.21254571]
[ 0.23905186  0.06135539  0.76680166  0.11427613  2.250543   -0.00277173
 -0.5586     -0.02860492 -0.5096501  -1.713525    0.56439793 -0.6010994
  0.5770074   0.14749499 -1.5589272   0.20022087]
[ 0.21302395  0.00650688  0.7899456   0.10195304  2.2223322   0.05397943
 -0.5672965   0.031669   -0.45320654 -1.7039502   0.50001264 -0.5761011
  0.6584085   0.0743605  -1.5212997   0.11437529]
[ 0.24696736  0.03423513  0.7276024   0.16177009  2.3140552  -0.02819543
 -0.5132005  -0.07054971 -0.5311583  -1.687364    0.60741603 -0.654808
  0.57868147  0.16412422 -1.6046226   0.20225513]
[ 0.24833488  0.09864839  0.8035425   0.07345632  2.2476969   0.01138729
 -0.5289753  -0.03021092 -0.49671173 -1.7258492   0.56571615 -0.6027611
  0.53651494  0.12978807 -1.5638518   0.18090042]
[ 0.21954271  0.09553389  0.80934846  0.10785022  2.1909559   0.07173314
 -0.5565251  -0.0029945  -0.43853837 -1.755999    0.55256975 -0.5716155
  0.5714751   0.08269601 -1.5418413   0.11084497]
[ 0.2107689   0.06457877  0.7924002   0.15530461  2.2371926   0.00824879
 -0.5219687  -0.07704973 -0.5440525  -1.7482065   0.6001857  -0.65036184
  0.5928031   0.16821226 -1.5448937   0.20405026]
[ 0.23211975  0.09489829  0.8085159   0.12125406  2.172238    0.04155353
 -0.54362583 -0.06853998 -0.503178   -1.7662588   0.5813471  -0.60946786
  0.5378152   0.13081093 -1.5189734   0.23848395]
[ 0.2032934   0.05878099  0.82694167  0.08783013  2.1341767   0.11004926
 -0.5843044  -0.00864384 -0.4535207  -1.7701861   0.49440536 -0.54864794
  0.6301505   0.05811713 -1.4436095   0.15218207]
[ 0.2140228   0.01984937  0.73256814  0.1646091   2.2415345  -0.01074813
 -0.5515179  -0.0663024  -0.50518996 -1.7342217   0.6224681  -0.6535577
  0.61090636  0.13600324 -1.5489477   0.27715492]
[ 0.18283573  0.03984027  0.7427956   0.08024974  2.28191    -0.01894578
 -0.5765428  -0.03487445 -0.49129534 -1.7230314   0.6288281  -0.6090827
  0.5636676   0.13530779 -1.5219611   0.2691567 ]
[ 0.13853821  0.08065286  0.71599686  0.1154822   2.283793    0.02309526
 -0.5959548  -0.04075864 -0.47152883 -1.7296665   0.5971356  -0.567469
  0.58367896  0.1200222  -1.5346853   0.23086366]
[ 0.20028031  0.04424784  0.62464976  0.2029022   2.3650587  -0.09500059
 -0.530057   -0.10285167 -0.5260521  -1.6820132   0.65465564 -0.6779159
  0.50755286  0.2071599  -1.6198394   0.38133258]
[ 0.18904844  0.08342882  0.63512284  0.26024684  2.314228   -0.05408094
 -0.51504004 -0.12774211 -0.5315343  -1.6760029   0.674266   -0.6526536
  0.45301932  0.24501702 -1.6519282   0.30604464]
[ 0.20823607  0.04874317  0.7180726   0.15973371  2.2137237   0.0124858
 -0.5481608  -0.01115454 -0.45524532 -1.635978    0.54319197 -0.55538577
  0.44875273  0.19939195 -1.6189982   0.22144012]
[ 0.2548496  -0.06398876  0.8102287   0.2475988   2.130401    0.06997693
 -0.48763996  0.00554114 -0.4172601  -1.556032    0.3592517  -0.4986187
  0.50350684  0.1762935  -1.7060066   0.11601905]
[ 0.36480206 -0.06002618  0.7730034   0.30568683  2.1176724  -0.05406116
 -0.37566423 -0.07920238 -0.547225   -1.5925521   0.45232624 -0.60461503
  0.55648315  0.30431923 -1.7766645   0.15993339]
[ 2.80227900e-01  2.20959298e-02  9.07221019e-01  1.09046794e-01
  2.01648664e+00  2.23521322e-01 -4.88484949e-01  3.94700095e-02
 -3.79507273e-01 -1.65335584e+00  3.14853251e-01 -4.56536859e-01
  5.84471524e-01  1.63502898e-02 -1.59343970e+00 -1.17841957e-03]
[ 0.2311978   0.07131176  0.82068425  0.11002173  2.152108    0.11527701
 -0.5475147   0.04090766 -0.38629773 -1.719993    0.4630075  -0.49274436
  0.5710044   0.05681964 -1.6026697   0.06012331]
[ 0.22185197  0.081623    0.76090086  0.11063728  2.2526963   0.01892027
 -0.57478344  0.02044329 -0.42452893 -1.756571    0.596987   -0.5768454
  0.55334246  0.07372057 -1.5930141   0.18086927]
[ 0.22065108  0.04665864  0.705398    0.12225797  2.3564842  -0.08026207
 -0.5616077  -0.02767358 -0.49205676 -1.729628    0.65881926 -0.6552435
  0.5551013   0.15987638 -1.6060559   0.27644068]
[ 0.21530287  0.06423178  0.7185079   0.17691897  2.3337855  -0.04693402
 -0.53207153 -0.07786281 -0.5480114  -1.7152841   0.6439251  -0.64427817
  0.56933296  0.19207968 -1.6178868   0.21573837]
[ 0.18198851  0.05531063  0.7539692   0.11742435  2.3043513  -0.00479155
 -0.5527073  -0.03650267 -0.5119546  -1.730048    0.61677086 -0.6385702
  0.6239799   0.16052881 -1.563401    0.16958877]
[ 0.19817264  0.07897463  0.78552836  0.14371875  2.2554104   0.0350271
 -0.5275854  -0.05933724 -0.5191916  -1.7236979   0.5826385  -0.6238582
  0.5999087   0.15159528 -1.5561109   0.12409966]
[ 0.21800065  0.07832763  0.82318056  0.10430431  2.1930106   0.06350547
 -0.5346282  -0.03355136 -0.5163733  -1.7304516   0.54536575 -0.59522855
  0.5743926   0.14454463 -1.5093333   0.12050226]
[ 0.21564166  0.03715677  0.8828041   0.04125215  2.116008    0.14099416
 -0.55480653  0.02313891 -0.44567412 -1.7107213   0.445136   -0.54459876
  0.65546316  0.05921825 -1.4472021   0.02887547]
[ 0.22423494  0.00273434  0.81623363  0.12781754  2.1993232   0.0648971
 -0.5115382  -0.05154194 -0.53504026 -1.6883564   0.5346441  -0.62931424
  0.6574049   0.14803335 -1.5348066   0.11891045]
[ 0.22358589  0.06837265  0.8848284   0.02670567  2.1318061   0.16611248
 -0.534407   -0.02099558 -0.4808604  -1.7188069   0.41623002 -0.5244695
  0.67121315  0.03692281 -1.4384968   0.03648696]
[ 0.22283688  0.06929354  0.7864938   0.08744885  2.2245865   0.02487927
 -0.5339218  -0.01778549 -0.49603486 -1.7396972   0.5634195  -0.6108216
  0.60719544  0.13115703 -1.5384898   0.16607563]
[ 0.22223346  0.10575342  0.80535567  0.08462004  2.1661599   0.08899249
 -0.53563225 -0.00760806 -0.42900166 -1.7659073   0.55411285 -0.57695264
  0.5713632   0.05700323 -1.5299385   0.13529113]
[ 0.23631379  0.11679336  0.7580626   0.07435113  2.2504258  -0.02379428
 -0.547006   -0.03269902 -0.48345938 -1.7478243   0.6318403  -0.6135527
  0.4772862   0.15299566 -1.5456158   0.24569392]
[ 0.20319597  0.06589144  0.8143384   0.08670805  2.18712     0.06526355
 -0.58831656  0.02761529 -0.41748795 -1.7434613   0.48842955 -0.5386791
  0.57888454  0.07504553 -1.4978765   0.14051452]
[ 0.23994604 -0.0044442   0.73910236  0.19960728  2.2464905  -0.02521871
 -0.52090085 -0.04049665 -0.48537764 -1.7007046   0.5591018  -0.6468008
  0.58789873  0.18500851 -1.6153196   0.22986972]
[ 0.25368682  0.07273813  0.7914438   0.15338221  2.193505    0.03525195
 -0.515234   -0.04324535 -0.45891443 -1.7368606   0.5435097  -0.5827695
  0.54959035  0.15004277 -1.6188831   0.15889156]
[ 0.18183577  0.07992559  0.8185647   0.07010397  2.1829739   0.10120126
 -0.5860308   0.04220735 -0.39768964 -1.7564777   0.5092808  -0.52287155
  0.6045531   0.07634376 -1.5470746   0.08721678]
[ 0.20630136  0.06867848  0.79461557  0.10880697  2.235854    0.07001251
 -0.570613    0.01387085 -0.42340994 -1.7372086   0.53639686 -0.53156334
  0.59917474  0.07099272 -1.5867313   0.08838407]
[ 0.22018929  0.05500051  0.74160755  0.17314056  2.3063633  -0.01095163
 -0.5323814  -0.04931597 -0.51678216 -1.7046287   0.61627233 -0.62831783
  0.5584261   0.17509055 -1.6306404   0.17266521]
[ 0.21448585  0.07840906  0.8185159   0.09499257  2.2255366   0.07279535
 -0.5565976  -0.00289083 -0.4642415  -1.7198315   0.53665876 -0.56391
  0.591036    0.08071531 -1.5395908   0.07780093]
[ 2.2051816e-01  1.7692870e-02  7.7592933e-01  1.2527621e-01
  2.2843442e+00 -7.2728022e-04 -5.3407604e-01 -5.8490504e-02
 -5.6474555e-01 -1.6878061e+00  5.7588911e-01 -6.4551032e-01
  6.2304747e-01  1.8140015e-01 -1.5318612e+00  1.6523823e-01]
[ 0.23886678  0.00873147  0.8381573   0.10756304  2.196929    0.07665784
 -0.5135208  -0.05501994 -0.5485772  -1.6714125   0.48016328 -0.6176715
  0.65124685  0.13436134 -1.4991751   0.11792514]
[ 0.2660901   0.02750326  0.83000547  0.10890479  2.1630082   0.09537552
 -0.5209592  -0.02993023 -0.5152303  -1.6731293   0.47124797 -0.58963424
  0.6228146   0.10541002 -1.5275208   0.11107385]
[ 0.27013248  0.03457328  0.871476    0.06416194  2.1133714   0.1520476
 -0.5247232   0.00756466 -0.48020402 -1.6914022   0.40952665 -0.5420705
  0.6553215   0.01928586 -1.4724596   0.05741656]
[ 3.0171627e-01  2.8936315e-02  7.7253479e-01  8.9747414e-02
  2.2232821e+00 -1.8733330e-03 -5.0387269e-01 -2.1874472e-02
 -5.0282454e-01 -1.6746304e+00  5.4010946e-01 -6.1625803e-01
  5.5543602e-01  1.2082722e-01 -1.5630778e+00  1.9946301e-01]
[ 0.26991838  0.04563878  0.8250755   0.04259571  2.1729693   0.10034959
 -0.54419947  0.01051578 -0.4388668  -1.6968435   0.44095182 -0.52872324
  0.61357987  0.02083661 -1.4934952   0.10588175]
[ 0.28840834  0.06120763  0.71221983  0.10274363  2.3064728  -0.06898452
 -0.52755374 -0.05300502 -0.52039903 -1.7025883   0.6214034  -0.66179514
  0.54996043  0.15001997 -1.5881106   0.28054783]
[ 0.23970243  0.06644537  0.75614756  0.11415745  2.2929995  -0.0268161
 -0.53563434 -0.03307588 -0.50486124 -1.7291199   0.613853   -0.6365058
  0.57668877  0.14985053 -1.5912675   0.1943635 ]
[ 0.2332336   0.09369028  0.75693095  0.13205068  2.2796772   0.0042287
 -0.5445194  -0.04557535 -0.4957704  -1.7448208   0.6325018  -0.6165513
  0.5454493   0.13011846 -1.6006638   0.18648547]
[ 0.23633543  0.07876509  0.8068735   0.08315884  2.2424653   0.0554354
 -0.56111544 -0.01356041 -0.48711938 -1.7381332   0.5494014  -0.56821305
  0.587501    0.06533702 -1.5173777   0.12592474]
[ 0.2604755   0.03371767  0.70947826  0.17187205  2.2996933  -0.05015413
 -0.5321273  -0.07183583 -0.55253464 -1.6955963   0.6420961  -0.68509185
  0.55894905  0.16213049 -1.5666037   0.264749  ]
[ 0.28400677  0.03947692  0.77320683  0.09008763  2.2585106  -0.01703928
 -0.5324594  -0.04229794 -0.53383195 -1.7122698   0.5738239  -0.6525955
  0.5662117   0.11385846 -1.5071863   0.24818707]
[ 0.27998608  0.04153587  0.7646327   0.12648785  2.2496305  -0.0208301
 -0.52832794 -0.05193759 -0.5263339  -1.7180897   0.5540725  -0.64106363
  0.56376946  0.12357893 -1.5310695   0.26454958]
[ 0.2877185   0.03771808  0.76132476  0.10657801  2.2376468  -0.02694532
 -0.5390503  -0.01199273 -0.49403048 -1.7319084   0.5245638  -0.6223537
  0.5656916   0.10921405 -1.5361403   0.28355274]
[ 0.28215432  0.06254217  0.73388016  0.14446047  2.247602   -0.02277542
 -0.53492975 -0.03715029 -0.47706422 -1.7513866   0.5857272  -0.63319474
  0.5608481   0.12065838 -1.6047957   0.27343193]
[ 2.4585406e-01  9.3072996e-02  7.3655295e-01  9.3308255e-02
  2.2773883e+00 -2.9380957e-02 -5.6264836e-01 -2.1125586e-03
 -4.4909269e-01 -1.7667243e+00  6.2113649e-01 -6.0055012e-01
  5.2946752e-01  1.1583543e-01 -1.6095051e+00  2.5648537e-01]
[ 2.3152629e-01  8.5862011e-02  7.4151784e-01  9.7521082e-02
  2.2816417e+00  2.0771220e-03 -5.8347249e-01  2.2724200e-02
 -4.2644161e-01 -1.7575973e+00  5.6832683e-01 -5.5080986e-01
  5.4636014e-01  7.0957541e-02 -1.5966856e+00  2.1500878e-01]
[ 0.2585753   0.05114939  0.6749843   0.16637139  2.3500533  -0.1098429
 -0.5513508  -0.02225466 -0.49429289 -1.7167833   0.66325676 -0.65576196
  0.49674243  0.17343128 -1.6641521   0.33074468]
[ 0.2412806   0.04052567  0.6947135   0.20820734  2.306844   -0.07826592
 -0.53153616 -0.02418827 -0.47035885 -1.725498    0.6570401  -0.65945345
  0.5189413   0.17477387 -1.6852134   0.2804764 ]
[ 0.22434887  0.0491419   0.74982107  0.15157905  2.3000002  -0.04100503
 -0.54450244 -0.03584891 -0.4913889  -1.7247051   0.62181985 -0.6359635
  0.5300489   0.16687469 -1.6153349   0.24305001]
[ 0.232119    0.03836945  0.75673544  0.15783873  2.2701857  -0.01578271
 -0.55011123 -0.03374778 -0.500658   -1.7083397   0.5518688  -0.6101462
  0.5730907   0.16282126 -1.6014988   0.22572386]
[ 0.22701304  0.02052983  0.74604374  0.20057917  2.2343967   0.00243792
 -0.5290338  -0.0301368  -0.48009554 -1.7034934   0.55223274 -0.6192905
  0.62097913  0.15990618 -1.6201725   0.16381636]
[ 0.21135435  0.04700704  0.78182334  0.15645167  2.2208283   0.03032008
 -0.5189527  -0.02190024 -0.47169748 -1.7446222   0.573605   -0.60369384
  0.61367637  0.14628525 -1.596       0.11932576]
[ 0.18587664  0.11652476  0.84314615  0.03122177  2.1938398   0.10004976
 -0.57411385  0.02160822 -0.41427726 -1.7565441   0.5370145  -0.526753
  0.5595547   0.08152725 -1.5164878   0.06159786]
[ 0.14928094  0.10165267  0.80365056  0.09713943  2.2289472   0.08212084
 -0.57781553  0.01358627 -0.44213495 -1.7665306   0.5550524  -0.5376002
  0.63045806  0.09623547 -1.5408852   0.0497361 ]
[ 0.19887756  0.0460754   0.7410825   0.19355388  2.29311     0.01706987
 -0.5168711  -0.06654324 -0.52135575 -1.7096964   0.61946243 -0.6528717
  0.60001546  0.16442288 -1.5956115   0.13382718]
[ 0.1832507   0.10338052  0.8091286   0.09601919  2.2402503   0.06727247
 -0.5281332  -0.05263956 -0.49482185 -1.7362239   0.59768486 -0.5998744
  0.59179586  0.13230973 -1.5376511   0.07157572]
[ 0.16355912  0.12286911  0.8510173   0.04342702  2.1533442   0.14322302
 -0.5435091  -0.00455216 -0.44509822 -1.7491846   0.5267335  -0.54711866
  0.61530304  0.0727848  -1.4703143   0.01000902]
[ 0.22807689  0.08303728  0.8177694   0.06212448  2.2056003   0.06640117
 -0.5218992  -0.04815384 -0.5021846  -1.7326027   0.55206233 -0.6174356
  0.59017074  0.13026711 -1.4840997   0.11689524]
[ 0.26182824  0.11961107  0.8514369   0.10559373  2.1243305   0.10615246
 -0.4825984  -0.07635811 -0.48530132 -1.7457173   0.5626697  -0.60214794
  0.5594678   0.13715364 -1.5483555   0.05520198]
[ 0.2412645   0.14285746  0.8732377   0.00500337  2.0763345   0.17854807
 -0.529795   -0.00652139 -0.3914584  -1.7832277   0.5084523  -0.5362874
  0.5590371   0.01949196 -1.4704657   0.05776473]
[ 0.25535005  0.1535679   0.85071766  0.0038136   2.129973    0.13467848
 -0.5331451  -0.04809583 -0.4214396  -1.7814617   0.5270508  -0.5389501
  0.56296694  0.0337793  -1.4671313   0.08425359]
[ 0.2480439   0.11415412  0.7641098   0.09361313  2.2302275   0.00433521
 -0.5315239  -0.05324828 -0.49696842 -1.7771581   0.6394073  -0.6308626
  0.5509366   0.14270511 -1.568925    0.21905203]
[ 0.24328277  0.11997692  0.792302    0.07243302  2.1981144   0.08031376
 -0.5511717  -0.03865951 -0.43211356 -1.7854378   0.57257354 -0.5752606
  0.5587684   0.0318254  -1.510047    0.17075013]
[ 0.19567247  0.11480157  0.7348502   0.14291954  2.281171   -0.04394964
 -0.55718774 -0.06908421 -0.54749227 -1.7740402   0.68351716 -0.6432133
  0.5319625   0.15849923 -1.5551617   0.29694587]
[ 0.20348486  0.07114457  0.76255155  0.11497762  2.2330685   0.00944262
 -0.59013057 -0.01706493 -0.47129744 -1.7708298   0.5848721  -0.60247374
  0.5660025   0.06975253 -1.4911448   0.2782851 ]
[ 0.20555517  0.02525864  0.6982216   0.1866241   2.3126752  -0.09074168
 -0.5464385  -0.07474911 -0.56284535 -1.7208135   0.65519154 -0.68050355
  0.5555068   0.18994525 -1.5482895   0.3471561 ]
[ 0.22040148  0.03472789  0.71397316  0.16198139  2.2829242  -0.06494068
 -0.5515881  -0.06024877 -0.5429044  -1.7182671   0.60766846 -0.65578514
  0.5673382   0.17399068 -1.5454602   0.3281369 ]
[ 0.24693334  0.04051889  0.72691023  0.11896549  2.2633405  -0.05618439
 -0.5402218  -0.0416736  -0.4893999  -1.7094237   0.5807107  -0.6484276
  0.5069851   0.16062526 -1.5619628   0.35560808]
[ 0.20722684  0.12227876  0.71224654  0.16891427  2.2382765  -0.03327756
 -0.53110147 -0.07864312 -0.47150964 -1.7396349   0.61901915 -0.62016755
  0.48588914  0.17977038 -1.6200783   0.31296113]
[ 0.20337887  0.11088078  0.72593963  0.15042022  2.2588782  -0.0034516
 -0.56497276 -0.03638451 -0.4318963  -1.7399123   0.60061985 -0.5932669
  0.44326082  0.1464498  -1.6382425   0.3202695 ]
[ 0.16880399  0.12176857  0.7428859   0.17263639  2.2347808   0.04440388
 -0.5808928  -0.03321647 -0.40527743 -1.7197914   0.5875658  -0.52513057
  0.47092485  0.15151758 -1.6670105   0.18299004]
[ 0.22492555  0.05997271  0.6925898   0.25552148  2.2394187  -0.01718612
 -0.53415275 -0.06668286 -0.4753429  -1.6552635   0.6298822  -0.5970651
  0.44585425  0.24076906 -1.7619808   0.26616246]
[ 0.23604302  0.03321191  0.7873371   0.20624964  2.1912847   0.073401
 -0.54222566 -0.01962114 -0.4085985  -1.6566578   0.48320356 -0.5260888
  0.4961163   0.12644908 -1.6909282   0.15618084]
[ 0.27554935  0.04064024  0.73055965  0.25506037  2.2379172  -0.06037645
 -0.47831702 -0.08766832 -0.547455   -1.6850855   0.6132219  -0.64679563
  0.48154655  0.24390903 -1.6827883   0.25825113]
[ 0.2069366   0.03708749  0.8066338   0.09350727  2.2055824   0.06032668
 -0.5765716   0.01869166 -0.4186933  -1.7345438   0.5002115  -0.5604375
  0.596615    0.06328397 -1.5202175   0.16855481]
[ 0.20896176  0.04267318  0.74451125  0.17098415  2.30063    -0.03569696
 -0.5478241  -0.06671061 -0.5263444  -1.7250698   0.6081367  -0.6333557
  0.60095644  0.16956824 -1.5917032   0.22807579]
[ 0.21323602  0.03523928  0.723698    0.1764582   2.2842116  -0.01838903
 -0.54449385 -0.05475589 -0.5474588  -1.705993    0.60108626 -0.62900037
  0.5930573   0.17303854 -1.5862019   0.2343026 ]
[ 0.1982626   0.04353668  0.78095543  0.10633437  2.230618    0.04476793
 -0.57824886  0.01119429 -0.45554343 -1.7266338   0.54397076 -0.57703364
  0.6265713   0.07851604 -1.5112474   0.12943368]
[ 0.22773817  0.0489291   0.7195026   0.17924996  2.2894974  -0.04848204
 -0.5191638  -0.04672524 -0.52342016 -1.716423    0.6434614  -0.6644621
  0.54076385  0.16994208 -1.6009451   0.24874261]
[ 0.21690199  0.06867579  0.8144333   0.05549532  2.2363193   0.0289132
 -0.56645334 -0.00394386 -0.4731024  -1.7338412   0.5397023  -0.58065253
  0.5599977   0.09821799 -1.4841528   0.17125902]
[ 0.23135085  0.03602066  0.7485987   0.17294331  2.2680657  -0.03590149
 -0.5377639  -0.05719068 -0.52083856 -1.7054436   0.57721674 -0.64659107
  0.57886404  0.18701959 -1.5757973   0.22818777]
[ 0.2269247   0.0261164   0.78410494  0.15293738  2.2138736   0.03666774
 -0.51605344 -0.04498668 -0.49209213 -1.7219791   0.546799   -0.63057005
  0.6322764   0.15365696 -1.5744654   0.15216932]
[ 0.24291337  0.12035775  0.81558865  0.08911015  2.180123    0.07067097
 -0.5257236  -0.05284401 -0.46929103 -1.7463818   0.5514921  -0.5779039
  0.5448986   0.12316515 -1.5552353   0.13546781]
[ 0.20800516  0.11396885  0.84290373  0.05449503  2.1510909   0.12723209
 -0.57678473  0.02880868 -0.4005949  -1.7580004   0.5027603  -0.5281982
  0.5547655   0.06093376 -1.5167773   0.08025388]
[ 0.23099005  0.08463596  0.81377923  0.10546937  2.1847064   0.0694332
 -0.5536378   0.00835795 -0.41201624 -1.7574927   0.55371606 -0.56406087
  0.57943356  0.06482969 -1.5784187   0.11441028]
[ 0.2349493   0.07877748  0.7554576   0.17023642  2.2714574  -0.01081714
 -0.5178873  -0.07410391 -0.524925   -1.7275145   0.63403666 -0.6378474
  0.5086433   0.16298895 -1.6012709   0.225512  ]
[ 0.20139432  0.0832531   0.81032145  0.07620682  2.2146492   0.06439398
 -0.5778285  -0.00714128 -0.46342936 -1.7534097   0.5437365  -0.5590118
  0.61403954  0.08585735 -1.5127624   0.12532696]
[ 0.23671159  0.02897363  0.72364056  0.17146221  2.2874558  -0.03759318
 -0.5309907  -0.05633461 -0.52126026 -1.7132463   0.6138213  -0.67174757
  0.57311326  0.16109987 -1.5842181   0.26831454]
[ 2.4038291e-01  7.9271212e-02  7.4974233e-01  1.5160939e-01
  2.2526841e+00 -1.3768047e-03 -5.2460432e-01 -6.9904491e-02
 -5.1595449e-01 -1.7292614e+00  6.0608536e-01 -6.3300157e-01
  5.3636068e-01  1.4375426e-01 -1.5606458e+00  2.2359252e-01]
[ 2.5610644e-01  9.8412469e-02  7.7585113e-01  7.6666065e-02
  2.2213748e+00 -2.6771768e-03 -5.6419742e-01 -7.1396830e-04
 -4.6607941e-01 -1.7487692e+00  5.7236975e-01 -5.9700561e-01
  5.1042557e-01  1.1563090e-01 -1.5413703e+00  2.4404438e-01]
[ 0.27039233  0.04750923  0.7752664   0.11709355  2.193501    0.01909213
 -0.552112    0.01782898 -0.40878764 -1.7440653   0.5180471  -0.57006377
  0.5197027   0.07149695 -1.5620673   0.23658076]
[ 0.28773755  0.07031451  0.7178319   0.18985868  2.2506902  -0.05746744
 -0.51579756 -0.0625488  -0.49581236 -1.7276366   0.5933617  -0.6340829
  0.47884998  0.17994519 -1.6405461   0.31715366]
[ 0.26025695  0.07581627  0.7276696   0.13785508  2.2387795  -0.0415983
 -0.5590583   0.00833248 -0.4273445  -1.757993    0.5897604  -0.59694207
  0.49766025  0.14088707 -1.644089    0.300635  ]
[ 0.24870901  0.07899871  0.76551145  0.15484506  2.2155654   0.02962993
 -0.56302786  0.01908331 -0.38082886 -1.7601877   0.5314301  -0.53289557
  0.5103055   0.06996958 -1.6520307   0.2128193 ]
[ 0.24245596  0.07393836  0.6791645   0.21238422  2.3008716  -0.08045216
 -0.54558516 -0.01700624 -0.45305318 -1.7457339   0.6518696  -0.61189777
  0.49410343  0.18311869 -1.7301238   0.29504102]
[ 0.23338136  0.07685678  0.733338    0.1506744   2.2739644  -0.0214373
 -0.57528716  0.0339397  -0.3944086  -1.759338    0.58949393 -0.55665934
  0.5019947   0.08570971 -1.6519651   0.22767532]
[ 0.24638939  0.04875454  0.67198503  0.2141135   2.3427536  -0.10291169
 -0.54194736 -0.03438377 -0.47389373 -1.7104269   0.6597403  -0.65044856
  0.4766938   0.1957565  -1.7044128   0.31227985]
[ 0.2572259   0.06026923  0.72149336  0.19188249  2.2843745  -0.06401435
 -0.54120636 -0.0111495  -0.45610413 -1.7262018   0.61881864 -0.62971514
  0.4884469   0.17033432 -1.687566    0.27196807]
[ 0.2327286   0.03583739  0.7189766   0.19969435  2.2848325  -0.05333754
 -0.5307281  -0.02437777 -0.45290822 -1.7226784   0.61723864 -0.6386859
  0.52915764  0.1807216  -1.6785262   0.24976763]
[ 2.4389119e-01  6.7361541e-02  7.6919365e-01  1.8634079e-01
  2.2430935e+00  1.2238324e-03 -5.1963079e-01 -5.0753903e-02
 -4.7461328e-01 -1.7386115e+00  5.6814796e-01 -6.0433221e-01
  5.3586400e-01  1.6083661e-01 -1.6466964e+00  2.0606336e-01]
[ 0.24529128  0.0960172   0.75680625  0.16145225  2.2203987   0.01096443
 -0.5404788  -0.02868174 -0.44767445 -1.7556965   0.5963763  -0.5941415
  0.5087245   0.13791628 -1.6380659   0.21851805]
[ 0.21950062  0.10727215  0.7964821   0.11673467  2.182502    0.06581389
 -0.5597631   0.01031681 -0.40606284 -1.767182    0.564086   -0.55686253
  0.566024    0.06958143 -1.5926574   0.12911503]
[ 0.24419542  0.08436536  0.73132104  0.1536133   2.2722983  -0.03389304
 -0.54192513 -0.03958792 -0.4741791  -1.7454932   0.6404413  -0.6287559
  0.48630506  0.15045401 -1.625467    0.27566287]
[ 0.21836717  0.10793753  0.7886816   0.08581834  2.2311268   0.03543625
 -0.5729729  -0.00660535 -0.43566626 -1.7699234   0.55912626 -0.5427128
  0.56521267  0.0915641  -1.560963    0.15232988]
[ 0.24653368  0.04869627  0.7078651   0.18692124  2.2830415  -0.04606175
 -0.52466464 -0.06152083 -0.5142876  -1.7228581   0.65054816 -0.66734713
  0.53631085  0.18141362 -1.6365483   0.28076783]
[ 0.25967595  0.09833138  0.73803777  0.11945502  2.2683651  -0.03098562
 -0.54049015 -0.05298204 -0.47598654 -1.7419922   0.64115065 -0.63892007
  0.4954853   0.14808461 -1.6017536   0.26413614]
[ 0.23207621  0.09997343  0.7733465   0.12634127  2.2323158  -0.00430475
 -0.5414785  -0.03459702 -0.48302823 -1.7523893   0.6140202  -0.6093959
  0.5287372   0.15655883 -1.6121094   0.22150126]
[ 0.21838617  0.06277522  0.7761523   0.11675195  2.2280617   0.04028324
 -0.56232774 -0.01371028 -0.44893056 -1.7442707   0.5464512  -0.57609236
  0.55541855  0.07840483 -1.5373299   0.208322  ]
[ 0.25262675  0.05698885  0.7236562   0.20167534  2.2730596  -0.04077842
 -0.5229319  -0.08351757 -0.5356964  -1.7070274   0.60473526 -0.64610064
  0.5196847   0.18249123 -1.6040875   0.2754652 ]
[ 0.24848697  0.06078418  0.7303385   0.16185671  2.2340953  -0.0247097
 -0.55042773 -0.0278483  -0.46825704 -1.7157323   0.61759526 -0.63071775
  0.51544917  0.14669952 -1.6096418   0.26081502]
[ 0.20723936  0.02840463  0.794129    0.10106452  2.234536    0.04432861
 -0.57821006  0.00849861 -0.44393334 -1.7167298   0.5206908  -0.5662843
  0.6042025   0.08682139 -1.5167782   0.13790049]
[ 0.24196513  0.03897072  0.728062    0.18203318  2.300016   -0.04126939
 -0.52909315 -0.06877714 -0.5468112  -1.6960163   0.60267293 -0.6223935
  0.5735376   0.19470571 -1.6239113   0.21367864]
[ 0.19722387  0.04173394  0.784963    0.09823416  2.2583582   0.04718934
 -0.5697841   0.00314124 -0.4796094  -1.7285831   0.53755516 -0.57412195
  0.6471392   0.09758313 -1.5374448   0.1213636 ]
[ 0.23656979  0.06115307  0.71398413  0.18382499  2.3036504  -0.02496729
 -0.511309   -0.08540459 -0.5440977  -1.6987703   0.64433813 -0.6556025
  0.552925    0.16491374 -1.613733    0.21997142]
[ 0.2338454   0.08572998  0.77576315  0.07787983  2.266391    0.00283091
 -0.5636778  -0.02074805 -0.51433545 -1.7254044   0.6071149  -0.61079884
  0.526643    0.12786797 -1.5186815   0.19750237]
[ 0.21873598  0.0235398   0.81297284  0.08746403  2.1973639   0.06732761
 -0.56907046  0.01893517 -0.47559348 -1.6941221   0.5156935  -0.5739609
  0.6273066   0.08601823 -1.502219    0.10378742]
[ 0.23869553 -0.06685685  0.7544575   0.16311273  2.2827988  -0.01947235
 -0.52412283 -0.04760157 -0.5746131  -1.6427711   0.5363703  -0.6632217
  0.6706129   0.17863074 -1.527039    0.18723494]
[ 0.25885278 -0.01406364  0.7951544   0.115252    2.2462974   0.03347042
 -0.5128051  -0.06796078 -0.5800756  -1.6538124   0.47105336 -0.62251484
  0.70094335  0.14664058 -1.4975504   0.12744601]
[ 0.25195703  0.03244544  0.81040126  0.04296957  2.195109    0.06059725
 -0.53302336  0.00845121 -0.49924222 -1.6927965   0.49607772 -0.5856011
  0.68084323  0.08867618 -1.5175703   0.10527428]
[ 0.22719416  0.06950375  0.80973065  0.05622442  2.196523    0.09412001
 -0.542637    0.00695283 -0.45466837 -1.7184932   0.50686944 -0.553727
  0.62460846  0.04857797 -1.4946026   0.06814136]
[ 2.1814299e-01  5.0680172e-02  8.0270320e-01  6.3004576e-02
  2.2576671e+00 -1.7141252e-04 -5.5229914e-01  6.7836912e-03
 -5.0689489e-01 -1.7069632e+00  5.7228667e-01 -6.0223144e-01
  5.8364832e-01  1.4629492e-01 -1.5219276e+00  1.3456766e-01]
[ 0.20821615  0.01126897  0.83758193  0.08188818  2.1669085   0.08955947
 -0.5611276   0.035167   -0.46527633 -1.6989924   0.46551266 -0.55490744
  0.6391535   0.07719257 -1.4748268   0.08688253]
[ 0.24766314 -0.04852002  0.78909576  0.16552538  2.2154896   0.01890538
 -0.51411986 -0.04704085 -0.5564574  -1.6588876   0.49876317 -0.6386423
  0.6636907   0.17786554 -1.5165265   0.14871693]
[ 0.27257138 -0.00937508  0.8445293   0.10821209  2.1406102   0.06904681
 -0.5099602  -0.00769494 -0.5216073  -1.6825222   0.41301498 -0.5860399
  0.6616972   0.09748262 -1.4827864   0.13953134]
[ 0.27980393  0.02660511  0.8332275   0.04582318  2.1010597   0.0836439
 -0.5431907   0.05287962 -0.42922264 -1.7146738   0.4380293  -0.5324504
  0.6209158   0.0593381  -1.4964292   0.12037903]
[ 0.24726622  0.07680954  0.8274314   0.07634245  2.1354454   0.08861087
 -0.5476472   0.03273701 -0.40277037 -1.7427307   0.45656806 -0.52638924
  0.5718354   0.05859058 -1.5408356   0.13556612]
[ 0.24217443  0.07054199  0.7495841   0.10405131  2.2316723  -0.03549457
 -0.5633971   0.02706047 -0.42273504 -1.7473536   0.5757944  -0.59070766
  0.50792265  0.14948443 -1.6072483   0.25821245]
[ 0.23037748  0.07138604  0.7905486   0.11865021  2.1835568   0.04341321
 -0.57034713  0.04771985 -0.37604427 -1.7403473   0.4919266  -0.5127865
  0.5287415   0.08464269 -1.6069963   0.1625133 ]
[ 0.22309151  0.04726748  0.71209407  0.20277183  2.2585433  -0.05019382
 -0.5461557  -0.00358406 -0.43582734 -1.7206265   0.6060838  -0.6004981
  0.51069957  0.19538185 -1.7017063   0.2503773 ]
[ 0.22318228  0.06821348  0.7957466   0.14472887  2.1862898   0.04561812
 -0.5638572   0.04189497 -0.37982613 -1.7297485   0.49985605 -0.5156495
  0.533332    0.09606417 -1.6423153   0.14197405]
[ 0.21467662  0.04187339  0.7184304   0.21739633  2.2597897  -0.04399248
 -0.53437805 -0.01846342 -0.44937658 -1.7111351   0.6097672  -0.6044113
  0.5246504   0.20719957 -1.7053525   0.21973877]
[ 0.2211577   0.07013452  0.815179    0.13504183  2.175035    0.06294985
 -0.55690444  0.03365371 -0.39045173 -1.7329391   0.49817532 -0.52209353
  0.5463122   0.09006269 -1.6213707   0.12080878]
[ 0.22181515  0.04489397  0.72971267  0.20815377  2.2495892  -0.02926496
 -0.52600384 -0.03297638 -0.4606884  -1.7160308   0.61172897 -0.61558855
  0.5258118   0.20009379 -1.6812611   0.21645245]
[ 0.20900361  0.08987813  0.8245762   0.11487999  2.1692362   0.08478282
 -0.55442303  0.01397337 -0.40279254 -1.7425315   0.51479703 -0.525885
  0.5603636   0.08587952 -1.592374    0.09468231]
[ 0.20192035  0.06754569  0.7418951   0.17486246  2.2615795  -0.00564717
 -0.533026   -0.04320205 -0.47229043 -1.7267227   0.62306505 -0.615822
  0.54851     0.18488893 -1.6521358   0.19041157]
[ 0.18195914  0.11495344  0.8258772   0.09695335  2.1927667   0.10785278
 -0.5537042  -0.01610737 -0.43000117 -1.7441536   0.53182983 -0.52697575
  0.59595585  0.08442488 -1.5626466   0.04390633]
[ 0.20921698  0.08311312  0.75582635  0.15680055  2.2518952   0.02047273
 -0.5216456  -0.0578815  -0.50593436 -1.720553    0.6166998  -0.61842287
  0.55565274  0.17537114 -1.6100607   0.15483618]
[ 0.19841555  0.10977117  0.83585584  0.0565921   2.176347    0.11409099
 -0.5459978  -0.02102834 -0.43176192 -1.7348549   0.54830056 -0.54952353
  0.5980774   0.08204734 -1.5201457   0.02607692]
[ 0.19184865  0.06124031  0.7940625   0.13213256  2.2375247   0.0438578
 -0.5177325  -0.06517347 -0.5344144  -1.7214243   0.62028867 -0.64093935
  0.6125611   0.17462048 -1.5612422   0.11606155]
[ 0.19986525  0.06822684  0.87933624  0.035863    2.1649082   0.16300143
 -0.5428704  -0.04155188 -0.49352136 -1.7221844   0.4707128  -0.542154
  0.6686884   0.05440166 -1.4348627   0.01481309]
[ 0.2018086   0.0434946   0.80223733  0.14039187  2.2262645   0.0536222
 -0.5228604  -0.07146505 -0.5645696  -1.7110695   0.571313   -0.6334934
  0.6576583   0.16094007 -1.5175911   0.10731453]
[ 0.22334914  0.05276958  0.85017747  0.04777075  2.1393757   0.14527549
 -0.53858685 -0.00795253 -0.48722965 -1.7321312   0.47625342 -0.5827526
  0.68340826  0.03232573 -1.4274619   0.06971736]
[ 0.27023396  0.07588283  0.7947262   0.04774886  2.2204022   0.01421094
 -0.5222139  -0.04602706 -0.53734773 -1.7082411   0.5570363  -0.62027514
  0.557902    0.12412431 -1.471772    0.19250104]
[ 0.24833496  0.06388707  0.84270966  0.02604033  2.1391406   0.08390094
 -0.5625158   0.03259896 -0.44323373 -1.7242571   0.45165247 -0.5520748
  0.6022279   0.05605484 -1.4403399   0.12329026]
[ 0.26144838  0.02053302  0.78363025  0.09330681  2.2123542  -0.00333125
 -0.5311872  -0.01238587 -0.4785203  -1.7168891   0.5299745  -0.63801825
  0.6010695   0.13648863 -1.5303104   0.2204824 ]
[ 0.25647122  0.08132496  0.8104416   0.11690583  2.193192    0.04235224
 -0.52086306 -0.04554304 -0.47157288 -1.733579    0.54255825 -0.58284575
  0.55346906  0.13385943 -1.5872514   0.15736324]
[ 0.22668886  0.10329135  0.82534873  0.06628535  2.16745     0.10498325
 -0.5691989   0.01827728 -0.41703957 -1.7458622   0.49914965 -0.5271125
  0.556908    0.0607406  -1.5461552   0.12223661]
[ 0.22042902  0.09672048  0.78560054  0.12777078  2.2077773   0.06152488
 -0.5622024  -0.00450847 -0.4239677  -1.7528245   0.57054645 -0.5530029
  0.57971597  0.07402317 -1.602803    0.11953542]
[ 0.2393889   0.06425134  0.7221638   0.18282238  2.2801673  -0.03459363
 -0.5240663  -0.05354516 -0.5091131  -1.7286308   0.64765936 -0.6490858
  0.5049348   0.16685572 -1.625145    0.2645065 ]
[ 0.20467052  0.09041543  0.7885078   0.08311496  2.2420278   0.02582779
 -0.5783089  -0.0067979  -0.4539196  -1.7618496   0.57682544 -0.5660104
  0.5683937   0.09458403 -1.5237942   0.1631944 ]
[ 0.2330443   0.02822723  0.72829556  0.18347831  2.2821536  -0.04637259
 -0.53992367 -0.0544161  -0.5534118  -1.7179325   0.60012716 -0.656185
  0.57407856  0.18107548 -1.5764971   0.28418666]
[ 0.25671262  0.02288238  0.7327434   0.16381441  2.2641988  -0.01840583
 -0.5394816  -0.05854036 -0.51256204 -1.697931    0.58830774 -0.6497099
  0.5580255   0.1609581  -1.5752459   0.25332704]
[ 2.5334549e-01  6.5864667e-02  7.5712484e-01  1.3352542e-01
  2.2156920e+00  1.2395501e-03 -5.3553689e-01 -1.5863379e-02
 -4.7583073e-01 -1.7187493e+00  5.6567818e-01 -5.9675515e-01
  5.6193316e-01  1.3520253e-01 -1.6011959e+00  2.0178373e-01]
[ 0.23800464  0.06193641  0.76387507  0.08351965  2.214747    0.03271712
 -0.56115305  0.02308895 -0.42175436 -1.7311493   0.5213696  -0.5633635
  0.54845655  0.0668807  -1.5322615   0.2040381 ]
[ 0.25450328  0.06202503  0.7273358   0.14505146  2.2791953  -0.06389399
 -0.53426427 -0.02605567 -0.48264313 -1.7152065   0.58052075 -0.61469114
  0.49952954  0.17421362 -1.61435     0.27959687]
[ 0.23707084  0.07325655  0.71162885  0.1983287   2.2339966  -0.03426148
 -0.5331523  -0.02889729 -0.4528647  -1.728784    0.63727504 -0.62284714
  0.5056872   0.18351714 -1.6821629   0.24989669]
[ 0.19308561  0.0633785   0.7898718   0.1046231   2.221231    0.05415396
 -0.5740264   0.01536396 -0.4072318  -1.7420623   0.54727376 -0.5369811
  0.5832614   0.08706428 -1.5690715   0.11449078]
[ 0.21729021  0.05046378  0.73392785  0.18734929  2.2943122  -0.02244476
 -0.53953415 -0.05191823 -0.5192669  -1.7059523   0.6001556  -0.60094535
  0.5779815   0.1970939  -1.6493309   0.17668083]
[ 0.1884028   0.04252772  0.7804205   0.10879481  2.2476993   0.05463124
 -0.5655759   0.01914697 -0.4508535  -1.7269052   0.5373952  -0.5546306
  0.6530967   0.08568607 -1.5656431   0.08918958]
[ 0.23120531  0.04775106  0.7240347   0.19448745  2.298182   -0.01896499
 -0.50072986 -0.08432214 -0.54529536 -1.6914699   0.6270868  -0.65668267
  0.56720287  0.18008082 -1.6212324   0.19519396]
[ 0.2315393   0.08989205  0.8079336   0.06105553  2.237421    0.02773459
 -0.5527361  -0.02143276 -0.50145704 -1.7279555   0.5793114  -0.6026541
  0.5391518   0.13153228 -1.510664    0.15819594]
[ 0.18825741  0.03140861  0.844993    0.08963863  2.156246    0.09944676
 -0.56522554  0.02429846 -0.46659774 -1.7108498   0.4867962  -0.5549773
  0.65183246  0.09137237 -1.4882782   0.06464462]
[ 0.24264145 -0.03684066  0.80070525  0.1664572   2.2142823   0.03252515
 -0.50931823 -0.05757786 -0.56047827 -1.6688579   0.4949692  -0.642552
  0.6406739   0.16591424 -1.5104985   0.17452283]
[ 0.24574418  0.02757769  0.8364199   0.10977906  2.151524    0.07471906
 -0.5191603  -0.03704644 -0.5150701  -1.7056429   0.45102316 -0.57939255
  0.66724133  0.12778535 -1.4981579   0.10840409]
[ 0.24640866  0.0483617   0.84624404  0.04900847  2.0900536   0.13446347
 -0.5459639   0.0455407  -0.42518443 -1.7165779   0.4280618  -0.5306643
  0.6381977   0.0336272  -1.4862466   0.08963396]
[ 0.256951    0.0845062   0.7878977   0.07173325  2.1737585   0.06907046
 -0.54841924  0.0151442  -0.4118209  -1.7346958   0.5048058  -0.54752356
  0.5395889   0.04753659 -1.5225481   0.16200545]
[ 0.26457456  0.09737756  0.75580215  0.10925229  2.2334626  -0.0384854
 -0.5530257   0.0090858  -0.44316402 -1.7333412   0.58906573 -0.5883807
  0.4622611   0.14332363 -1.6138456   0.25582635]
[ 0.2497901   0.05414855  0.7752884   0.13155642  2.1972854   0.01843273
 -0.56002825  0.03267328 -0.38740188 -1.7514213   0.52674717 -0.5557221
  0.5119777   0.08682991 -1.598017    0.21608615]
[ 0.26599687  0.04338725  0.719643    0.21649852  2.2627234  -0.05097969
 -0.508925   -0.0583228  -0.4692169  -1.7078679   0.6067208  -0.6346254
  0.49871883  0.20204678 -1.6871407   0.24959853]
[ 0.2689893   0.07830511  0.7471241   0.15355138  2.2281575  -0.00532693
 -0.5411272  -0.0128784  -0.43265313 -1.7417724   0.5664551  -0.58382064
  0.49530154  0.13302067 -1.6576935   0.25353044]
[ 0.28999084  0.08472089  0.7787932   0.11628602  2.1966288   0.04452803
 -0.56062156  0.01158759 -0.39129403 -1.744634    0.52069324 -0.53312504
  0.5169436   0.05452592 -1.6231257   0.18562467]
[ 0.26558518  0.07734215  0.6877922   0.20197621  2.279065   -0.07927068
 -0.53376466 -0.02153921 -0.46249646 -1.7351475   0.67546445 -0.6329791
  0.47104368  0.18057047 -1.7120701   0.28694624]
[ 0.25519735  0.06228815  0.7606554   0.10952131  2.263862   -0.00926553
 -0.579834    0.02832579 -0.4025557  -1.7461363   0.573083   -0.56698763
  0.49765483  0.07359628 -1.6069314   0.2359713 ]
[ 0.2517285   0.02011868  0.70342636  0.19040567  2.3296762  -0.09805695
 -0.5528231  -0.02590155 -0.50631106 -1.7152011   0.62228566 -0.6389597
  0.54164505  0.18169962 -1.6563104   0.30222112]
[ 0.2573136  -0.0076223   0.6787578   0.2331469   2.301713   -0.07054364
 -0.5332664  -0.04800348 -0.5263072  -1.6866581   0.6268724  -0.6684709
  0.55861175  0.18596335 -1.6537949   0.30136722]
[ 0.24160187  0.0212309   0.7091755   0.16042064  2.2892451  -0.04593859
 -0.55169237 -0.02592661 -0.49054503 -1.6983707   0.60222477 -0.63721025
  0.57571685  0.1372072  -1.5933185   0.25493884]
[ 0.2414268   0.04807217  0.7278527   0.15696284  2.2853997  -0.05257921
 -0.5422513  -0.01697624 -0.5070966  -1.7124783   0.5827662  -0.61566454
  0.55232054  0.13564026 -1.5946159   0.26084965]
[ 0.24862838  0.04734255  0.74675316  0.10088764  2.2508643  -0.03853502
 -0.5570235   0.02165806 -0.45163107 -1.7195122   0.5618103  -0.58687764
  0.5425805   0.1191237  -1.5714041   0.23433688]
[ 0.2575385   0.05580051  0.7164917   0.21279833  2.2601109  -0.05470856
 -0.51649475 -0.05251808 -0.49117365 -1.7149923   0.6138569  -0.6480899
  0.5046248   0.19254997 -1.6528149   0.2662968 ]
[ 0.2641571   0.07452579  0.7455869   0.16040269  2.219424   -0.02733557
 -0.5308752  -0.02382215 -0.44762626 -1.7400749   0.60309994 -0.6210185
  0.46468693  0.16107611 -1.6351156   0.28270674]
[ 0.27794006  0.09070027  0.8191398   0.10631581  2.1502128   0.06127447
 -0.55242044  0.00666516 -0.39418253 -1.7525066   0.47824216 -0.52158034
  0.49762434  0.06400616 -1.5779479   0.19529095]
[ 0.2644663   0.0576858   0.7165435   0.21355292  2.2284     -0.04437754
 -0.5317009  -0.0307961  -0.45051223 -1.7431895   0.6048938  -0.6150346
  0.49825674  0.17672975 -1.6898733   0.2944098 ]
[ 0.25116396  0.08234956  0.77973926  0.13290901  2.1978443   0.04333312
 -0.5624905   0.01142926 -0.3851575  -1.7635578   0.54306906 -0.5423339
  0.52234375  0.07249752 -1.6320858   0.19601682]
[ 0.26478836  0.07978576  0.6949246   0.1847322   2.2998302  -0.0705328
 -0.5548834  -0.02322103 -0.46454978 -1.7388704   0.6421648  -0.612656
  0.45572266  0.16788885 -1.6964655   0.32195687]
[ 0.24688084  0.0786806   0.72102994  0.13944231  2.2756221  -0.02031293
 -0.5755269   0.02618814 -0.40110368 -1.755612    0.5916293  -0.5632039
  0.5191129   0.08960651 -1.6506469   0.22632046]
[ 0.23072103  0.02936066  0.66236955  0.21008675  2.3680897  -0.09341968
 -0.54044473 -0.05388327 -0.4942564  -1.703017    0.6828018  -0.67007774
  0.5315505   0.18985033 -1.6945317   0.2934031 ]
[ 0.21461888  0.05928333  0.7024564   0.15994212  2.3490274  -0.05923013
 -0.5607566  -0.04069017 -0.50753325 -1.7011261   0.6499709  -0.629387
  0.52782726  0.16874278 -1.6384704   0.25372028]
[ 0.18940982  0.02767234  0.70771885  0.169411    2.32628    -0.05482341
 -0.5712298  -0.01044838 -0.5007161  -1.6943642   0.6297752  -0.63198787
  0.59586203  0.18462612 -1.6329505   0.21220526]
[ 0.22945908 -0.01886102  0.74591196  0.20841572  2.295567   -0.02435799
 -0.51875746 -0.03253073 -0.50813806 -1.676794    0.5772375  -0.653454
  0.60736406  0.17407645 -1.6347511   0.17457205]
[ 0.27050263  0.02413032  0.79416764  0.17976977  2.2323983   0.00462624
 -0.4693068  -0.07853793 -0.55619335 -1.6784954   0.5606622  -0.636957
  0.558471    0.19396949 -1.5963448   0.1420936 ]
[ 0.22949605  0.08175027  0.84861547  0.02423447  2.1302457   0.11250339
 -0.5591451   0.0181838  -0.4495793  -1.7296069   0.46776623 -0.5366158
  0.60842913  0.05351822 -1.4370149   0.08300927]
[ 0.28614512  0.01380223  0.7852367   0.09665959  2.1838493   0.0259777
 -0.5230425  -0.01481168 -0.49472007 -1.7024584   0.5031827  -0.6284994
  0.59939975  0.10963466 -1.5069544   0.21547823]
[ 0.29681715  0.06623249  0.801026    0.12723999  2.169449    0.03320438
 -0.5054153  -0.04048851 -0.47408333 -1.7157199   0.5099593  -0.59106404
  0.53700674  0.11454423 -1.5675008   0.18693542]
[ 0.27964708  0.09050046  0.8215335   0.05773484  2.1329699   0.06887721
 -0.5553281   0.04082833 -0.41353264 -1.7497718   0.48556083 -0.5316273
  0.5231613   0.06333426 -1.5452178   0.17935112]
[ 0.2489131   0.07765503  0.7811311   0.12543786  2.190878    0.04583716
 -0.5658035   0.0128478  -0.3933669  -1.7735659   0.5297534  -0.54475707
  0.5667752   0.05862484 -1.5933691   0.18010056]
[ 0.25755244  0.07172954  0.70599395  0.19943964  2.286901   -0.05534245
 -0.53202164 -0.0374692  -0.47768173 -1.7477925   0.6311008  -0.62034756
  0.49756756  0.16394913 -1.6826541   0.28854224]
[ 0.24600235  0.10045974  0.73738617  0.10620959  2.2637103  -0.00653963
 -0.5790665   0.02079238 -0.40983826 -1.7679348   0.58226883 -0.55716103
  0.52182674  0.07183569 -1.6088707   0.2278852 ]
[ 0.2698988   0.06788272  0.67355955  0.1747954   2.3434787  -0.11328735
 -0.541856   -0.02316839 -0.47904658 -1.7265613   0.6717936  -0.6602491
  0.4725105   0.1706883  -1.6820055   0.3326276 ]
[ 0.25215358  0.06616096  0.69835997  0.18078148  2.3266172  -0.0666042
 -0.5312997  -0.04056902 -0.46639165 -1.7208853   0.66266984 -0.6499879
  0.5059682   0.16477403 -1.6921269   0.25841966]
[ 0.21344578  0.07345502  0.7442853   0.13553305  2.3218806  -0.03796531
 -0.54942465 -0.0387374  -0.49153358 -1.7333288   0.6453086  -0.62933147
  0.55630004  0.16511603 -1.6255906   0.19696969]
[ 2.1039204e-01  4.2204984e-02  7.4540675e-01  1.6839075e-01
  2.3076384e+00 -1.7676338e-03 -5.3933984e-01 -5.5819236e-02
 -5.1397115e-01 -1.7114325e+00  6.1746442e-01 -6.3388556e-01
  6.0095811e-01  1.6918361e-01 -1.6205517e+00  1.6006906e-01]
[ 0.2437121   0.07198653  0.7829265   0.14266299  2.261787    0.02340478
 -0.5229906  -0.06197732 -0.50916874 -1.7228531   0.5995725  -0.639076
  0.5740619   0.13833337 -1.5934298   0.15660428]
[ 0.24901299  0.09265861  0.7826868   0.13467692  2.2373562   0.02375123
 -0.518609   -0.05782719 -0.5112776  -1.7369878   0.61984426 -0.6349883
  0.55436575  0.13517134 -1.571089    0.14665785]
[ 0.21956065  0.05030734  0.86048603  0.02250838  2.1961443   0.10731478
 -0.5606558  -0.00522731 -0.49174696 -1.7386822   0.5093876  -0.5713503
  0.6574781   0.05258692 -1.4218143   0.05730669]
[ 0.25280902  0.03086793  0.78340477  0.08654775  2.2430058   0.01312231
 -0.52938277 -0.06083928 -0.553669   -1.6922343   0.55433494 -0.6416403
  0.6153451   0.13342284 -1.4905152   0.20361483]
[ 0.2766444   0.05008338  0.78564525  0.06785707  2.215447    0.02121834
 -0.5369897  -0.04351026 -0.54092175 -1.7099297   0.5366223  -0.63493246
  0.6234392   0.12042262 -1.4785805   0.1962555 ]
[ 0.27425694  0.04738289  0.7752534   0.10171227  2.222823    0.00582018
 -0.51860476 -0.03366124 -0.5170247  -1.7276636   0.57640344 -0.643191
  0.6080694   0.12091106 -1.5401732   0.19484103]
[ 2.4820599e-01  8.5888259e-02  8.2402456e-01  4.2387307e-02
  2.1875272e+00  7.9135612e-02 -5.5283749e-01 -8.1223546e-04
 -4.6856481e-01 -1.7306881e+00  5.2128375e-01 -5.5280530e-01
  5.5673349e-01  5.3927280e-02 -1.4814183e+00  1.3461919e-01]
[ 0.2408896   0.07351457  0.7836707   0.07703222  2.2127175   0.03686944
 -0.5774755   0.0114102  -0.45702013 -1.7347997   0.51638544 -0.5604144
  0.57045823  0.07533584 -1.5164664   0.19678715]
[ 0.28268194  0.02796778  0.69598573  0.14715704  2.2866669  -0.0861017
 -0.52857006 -0.03167101 -0.4947632  -1.701774    0.61020076 -0.66903573
  0.5405699   0.16593917 -1.6054554   0.31134987]
[ 0.24325629  0.04586699  0.7296842   0.1667358   2.2763002  -0.03948433
 -0.5216378  -0.05005087 -0.5105337  -1.7123718   0.613138   -0.6412452
  0.550471    0.17421389 -1.6080666   0.23173797]
[ 2.3381396e-01  8.9028887e-02  7.8046447e-01  7.0400804e-02
  2.2608204e+00  1.0653989e-02 -5.7915020e-01  1.9120573e-04
 -4.6172819e-01 -1.7340810e+00  5.5944371e-01 -5.6638545e-01
  5.4873121e-01  1.1701758e-01 -1.5658760e+00  1.8445420e-01]
[ 0.23676877  0.0574344   0.7822336   0.13617103  2.224378    0.0460409
 -0.5515076   0.01495756 -0.4288103  -1.7298933   0.5280657  -0.55702126
  0.578435    0.08137296 -1.6146877   0.14132862]
[ 0.26044354  0.07239269  0.70775205  0.20793493  2.2942758  -0.04177973
 -0.5019994  -0.08394934 -0.5120445  -1.7056386   0.6527806  -0.65932435
  0.5164806   0.18368551 -1.6638706   0.22024679]
[ 0.25277716  0.09942532  0.78490293  0.0741124   2.2607381   0.00862217
 -0.5516666  -0.02252134 -0.487645   -1.7330501   0.6063014  -0.60464114
  0.51480246  0.11909533 -1.559236    0.18522696]
[ 0.21405788  0.06056146  0.8176991   0.08449017  2.218992    0.07033175
 -0.56837285 -0.00821965 -0.4678321  -1.720116    0.5325319  -0.5565871
  0.61979085  0.0909747  -1.5357764   0.09136531]
[ 0.20963307 -0.00813504  0.7505658   0.1842927   2.297551   -0.00837834
 -0.5268653  -0.0665517  -0.56505716 -1.6928589   0.58729863 -0.6648396
  0.66316307  0.18243694 -1.568176    0.17130955]
[ 0.22562551  0.02745693  0.78049165  0.13466981  2.2800713   0.0413847
 -0.5250066  -0.0715396  -0.56009066 -1.7114916   0.5614296  -0.63689697
  0.6598662   0.1267174  -1.522372    0.13504954]
[ 0.24313387  0.07500201  0.80800265  0.05385234  2.2439418   0.05296012
 -0.5449778  -0.03268821 -0.5361088  -1.7160912   0.54502785 -0.6002306
  0.6047794   0.0812708  -1.4832125   0.15231547]
[ 2.5870642e-01  5.1868804e-02  7.8864729e-01  6.3464142e-02
  2.2030630e+00  6.1487813e-02 -5.6060147e-01 -1.4099315e-03
 -4.8924646e-01 -1.6999080e+00  5.1086348e-01 -5.7878667e-01
  5.9851372e-01  4.8920002e-02 -1.4734535e+00  1.6564326e-01]
[ 0.26612946  0.01055844  0.7415991   0.08369415  2.276639   -0.04810401
 -0.53504217 -0.03233621 -0.55585784 -1.6785759   0.5639545  -0.6542225
  0.60064805  0.14700595 -1.484389    0.24845012]
[ 0.24296924  0.00513324  0.7939426   0.08517506  2.2372398  -0.00367954
 -0.53752023 -0.01884361 -0.52560323 -1.6986818   0.52482116 -0.6256991
  0.63785326  0.15070832 -1.5204203   0.20013705]
[ 0.2503538   0.01116025  0.8234892   0.09516095  2.2254577   0.03559268
 -0.5304778  -0.03248552 -0.5393573  -1.69594     0.46608084 -0.59770566
  0.6296976   0.14083882 -1.5138357   0.17987137]
[ 0.26163116  0.05297219  0.79036796  0.12516609  2.171467    0.05830267
 -0.5380583  -0.02841344 -0.49591    -1.7118232   0.51830494 -0.5852719
  0.60655797  0.1135812  -1.5720388   0.17991956]
[ 0.2267683   0.02432308  0.7863558   0.07724824  2.1757274   0.07750618
 -0.5709167   0.04290801 -0.41932803 -1.6864074   0.510955   -0.54307264
  0.606786    0.03562237 -1.5357443   0.13602236]
[ 0.19211853  0.03236736  0.7492888   0.09628846  2.2780926   0.00469221
 -0.5700681   0.00720609 -0.47770995 -1.6725594   0.5444325  -0.57159406
  0.575162    0.09131801 -1.5406908   0.20975277]
[ 0.19352683 -0.01964662  0.7030756   0.16477653  2.3370347  -0.10114862
 -0.54392236 -0.0192601  -0.5372659  -1.6494068   0.5711314  -0.631029
  0.62103117  0.21743497 -1.603468    0.24570766]
[ 0.19424775 -0.04174581  0.730954    0.24357629  2.290119   -0.02733665
 -0.5103831  -0.06175599 -0.53663    -1.6577066   0.5576338  -0.66776437
  0.6254043   0.20902935 -1.6066347   0.20554996]
[ 0.23985954  0.0501317   0.7956794   0.16878287  2.2015343   0.03096501
 -0.4834326  -0.07737301 -0.5194906  -1.6950867   0.5456873  -0.6218985
  0.5667258   0.1919508  -1.5717667   0.12308957]
[ 0.1800476   0.09578358  0.86476934  0.02996379  2.1165133   0.14237466
 -0.5640115   0.03884346 -0.40218878 -1.7430573   0.45964843 -0.5151871
  0.6086798   0.06558271 -1.4632651   0.02927082]
[ 0.20943645  0.03391588  0.84685504  0.07460523  2.1543472   0.1288944
 -0.5521287   0.01246808 -0.4298954  -1.714476    0.44853157 -0.5396441
  0.6096149   0.06383978 -1.4829366   0.08128953]
[ 0.22486548  0.08796186  0.8045212   0.1439633   2.197266    0.05497871
 -0.5221669  -0.05232623 -0.48288378 -1.720617    0.55294216 -0.57798845
  0.5612121   0.16642213 -1.6024134   0.10879461]
[ 0.20546398  0.08849023  0.83223426  0.12484564  2.119252    0.13408972
 -0.525233    0.02496496 -0.4023262  -1.7320316   0.4973479  -0.52830565
  0.56809855  0.08130152 -1.5990076   0.0531169 ]
[ 0.1985358   0.1043175   0.82306653  0.06873662  2.1905527   0.09692012
 -0.5615888  -0.00549426 -0.41456565 -1.7702554   0.5525079  -0.5431256
  0.5908444   0.06664868 -1.5298765   0.07652238]
[ 0.22127819  0.10129604  0.7624341   0.15231374  2.2454093   0.00516979
 -0.5254463  -0.05643361 -0.50364536 -1.7527325   0.61694765 -0.61178935
  0.5521225   0.16594273 -1.6005051   0.17411444]
[ 0.2282246   0.09134526  0.79988617  0.06224583  2.188545    0.06615572
 -0.5628239   0.00614318 -0.42124835 -1.7751639   0.5336634  -0.5538434
  0.5813954   0.05759847 -1.4952023   0.14001541]
[ 0.25795308  0.08963935  0.7507065   0.15337396  2.2334442  -0.01662182
 -0.5182315  -0.06030283 -0.49512157 -1.73204     0.6186522  -0.64570844
  0.5147985   0.16823731 -1.593819    0.22350028]
[ 0.2641068   0.09780046  0.7853691   0.08632546  2.1991482   0.01028182
 -0.54216063 -0.00874717 -0.43977824 -1.7570362   0.5900454  -0.6101331
  0.4870488   0.12483947 -1.5797164   0.24155998]
[ 0.2485059   0.08715461  0.83504313  0.07750957  2.1621156   0.08888802
 -0.5523106  -0.0029225  -0.4060095  -1.748266    0.49742794 -0.5291666
  0.5664563   0.06700628 -1.5534992   0.10733211]
[ 0.2236458   0.04481394  0.73944175  0.18400744  2.2660272  -0.0047444
 -0.5314034  -0.04606227 -0.48982215 -1.7309663   0.60251707 -0.6214928
  0.5900302   0.16633709 -1.6379217   0.19158472]
[ 0.2266759   0.09259242  0.79889214  0.08985144  2.220991    0.08435418
 -0.55840313 -0.01549259 -0.43414664 -1.7480516   0.5455837  -0.5528105
  0.608195    0.05547088 -1.5677598   0.09841661]
[ 0.23509355  0.10741468  0.7287727   0.12349889  2.30521    -0.03940865
 -0.5467146  -0.03590115 -0.5054817  -1.7395166   0.67094696 -0.63237196
  0.51318294  0.15756884 -1.6160446   0.221355  ]
[ 0.22710614  0.08386768  0.78585315  0.084851    2.2566223   0.02991357
 -0.57181346  0.01013305 -0.44351792 -1.7485836   0.58131224 -0.5843012
  0.55428815  0.0736565  -1.5352907   0.14195415]
[ 0.26375675  0.02489749  0.75782806  0.15957133  2.2954617  -0.04448262
 -0.5204563  -0.05771688 -0.54311645 -1.6989952   0.6089338  -0.6708571
  0.54160315  0.16983253 -1.5739336   0.23583326]
[ 0.25825417  0.03386527  0.78460467  0.12941274  2.2270174   0.01289214
 -0.52043766 -0.05715349 -0.5291931  -1.7014351   0.5654117  -0.64090097
  0.5919386   0.15442348 -1.5464321   0.18454406]
[ 0.24378745  0.02073413  0.80008733  0.10102926  2.2115865   0.05009101
 -0.5371785  -0.03431304 -0.52497023 -1.7056551   0.5160786  -0.6181477
  0.6704844   0.11288278 -1.5008218   0.14021887]
[ 0.2697855   0.03732997  0.794351    0.11383466  2.2237225   0.05347141
 -0.5188086  -0.04551932 -0.5263165  -1.7088106   0.5075214  -0.6062557
  0.6455175   0.0877713  -1.524096    0.14295831]
[ 0.29030767  0.10030283  0.80960464  0.03831039  2.184773    0.05212618
 -0.5373219   0.00853793 -0.4605979  -1.7427858   0.5472427  -0.5680162
  0.5589012   0.05422195 -1.5339144   0.14459603]
[ 2.41844580e-01  1.06391646e-01  7.69421935e-01  6.76036254e-02
  2.23481321e+00  2.72859000e-02 -5.55279553e-01  2.15089018e-03
 -4.33164120e-01 -1.76575053e+00  6.01939440e-01 -5.91967702e-01
  5.63197553e-01  6.44837320e-02 -1.55017829e+00  1.63807794e-01]
[ 0.20994341  0.06103241  0.7351771   0.08570689  2.34171    -0.06095153
 -0.55315274 -0.04094594 -0.5397008  -1.7342417   0.65772927 -0.65164393
  0.5985151   0.15899618 -1.5391626   0.21871552]
[ 0.21215288  0.04129481  0.77285856  0.10553703  2.3056607  -0.00291199
 -0.55983526 -0.0395333  -0.5441477  -1.718004    0.5741463  -0.622173
  0.6337946   0.1461253  -1.5312235   0.17308828]
[ 0.2102873   0.02216221  0.7601592   0.13978514  2.274468    0.00340943
 -0.54364693 -0.02633464 -0.52189845 -1.7094042   0.5817849  -0.6423264
  0.6503771   0.14726126 -1.5496738   0.14884065]
[ 0.24054952  0.04603255  0.7839783   0.12963517  2.2344606   0.02181647
 -0.51911056 -0.03474614 -0.51629853 -1.7214048   0.57685846 -0.6472423
  0.59602773  0.11932458 -1.5349661   0.17145357]
[ 0.22930074  0.06395765  0.83697814  0.03006364  2.2115154   0.04109078
 -0.5551195  -0.00582602 -0.4894907  -1.7387336   0.5493373  -0.59572047
  0.5834405   0.11262713 -1.4709721   0.14375246]
[ 0.19444272  0.05115763  0.8550862   0.06305284  2.1479182   0.1112258
 -0.5536527   0.01624701 -0.45899433 -1.7229378   0.45958304 -0.53552073
  0.6417413   0.07171877 -1.462695    0.06587812]
[ 0.21916637  0.01926315  0.7650372   0.13116248  2.2202659   0.02240983
 -0.529082   -0.03573244 -0.50881314 -1.7018934   0.5378009  -0.62389225
  0.64923084  0.1619802  -1.5366132   0.15599917]
[ 0.23422647  0.10168886  0.8193267   0.09424765  2.1689255   0.06849943
 -0.5164406  -0.02836906 -0.46712342 -1.7439667   0.5131463  -0.5705512
  0.58546805  0.11533262 -1.5378478   0.10944939]
[ 0.2291975   0.11803512  0.8477465   0.0371782   2.1185775   0.11587902
 -0.556489    0.03716008 -0.38463518 -1.7587703   0.50791705 -0.51551515
  0.5366036   0.07033204 -1.521757    0.06262805]
[ 0.18122274  0.09194323  0.8587669   0.05615966  2.1471698   0.13208807
 -0.5728053   0.04017898 -0.35221362 -1.7561836   0.4875725  -0.5050079
  0.6035909   0.03939367 -1.5252354   0.01543647]
[ 0.21274117  0.06681369  0.7721453   0.16408637  2.2432594   0.02008563
 -0.5254237  -0.0520476  -0.5017047  -1.7238241   0.60284585 -0.6184042
  0.5466463   0.17387517 -1.6063379   0.17091203]
[ 0.22166911  0.08968858  0.8605315   0.07363545  2.1588962   0.12914252
 -0.54954046 -0.01440074 -0.44747525 -1.7368933   0.48685962 -0.5291487
  0.6053774   0.06864272 -1.5207993   0.0471189 ]
[ 0.21974841  0.06190062  0.76354396  0.17152047  2.232419    0.02081496
 -0.511379   -0.05888532 -0.5058497  -1.7284561   0.6196191  -0.6432332
  0.58862877  0.16582647 -1.611363    0.15986773]
[ 0.20787318  0.11291726  0.8351259   0.05467249  2.18259     0.12671182
 -0.54066384 -0.04404937 -0.46798474 -1.7465603   0.54033214 -0.55939466
  0.6008084   0.05500134 -1.4843022   0.07122576]
[ 0.23939666  0.1041502   0.7762066   0.08229399  2.2491379   0.00737625
 -0.54054195 -0.05280112 -0.53203446 -1.729044    0.59364974 -0.61458796
  0.54128134  0.14032839 -1.5222359   0.20627537]
[ 0.22490224  0.06545952  0.80287373  0.10339242  2.1784089   0.06416449
 -0.55570304  0.00759261 -0.44090262 -1.7481825   0.5329579  -0.5728916
  0.6091853   0.07533671 -1.521883    0.1205502 ]
[ 0.21611962  0.05310354  0.77350676  0.14460346  2.2543824   0.01221342
 -0.51587313 -0.07878236 -0.5469274  -1.7350166   0.611372   -0.65071714
  0.60458153  0.17206027 -1.5505222   0.18213253]
[ 0.2060951   0.1001662   0.8028728   0.05056817  2.2402892   0.05249912
 -0.57095873 -0.03155636 -0.4954784  -1.744632    0.5722698  -0.58296394
  0.5810658   0.11785883 -1.501359    0.1500717 ]
[ 0.18467382  0.0637812   0.79687464  0.08781968  2.211939    0.09116201
 -0.57207525  0.01328023 -0.45090523 -1.7401152   0.5083982  -0.54979074
  0.6668871   0.06440286 -1.5124118   0.08044105]
[ 0.22528295  0.06307741  0.73586977  0.16167101  2.2767653   0.00649907
 -0.5115111  -0.07296131 -0.5215061  -1.7148411   0.61229515 -0.6577033
  0.5845975   0.13286883 -1.5712347   0.19825843]
[ 1.9834216e-01  1.0921435e-01  7.7503812e-01  5.8446061e-02
  2.2569203e+00 -2.0541488e-03 -5.4979229e-01 -2.2958031e-02
 -4.8444432e-01 -1.7471316e+00  6.2973285e-01 -6.1193442e-01
  5.3036112e-01  1.4935806e-01 -1.5195787e+00  1.7779587e-01]
[ 0.18091956  0.08622191  0.81509936  0.06970339  2.182801    0.08151613
 -0.56484175  0.01432161 -0.43002883 -1.7456493   0.5279929  -0.5532186
  0.5852517   0.09118322 -1.5017483   0.10583906]
[ 0.23865476  0.02970058  0.7708961   0.15701245  2.2355728  -0.00497431
 -0.5256215  -0.047977   -0.5058939  -1.7071302   0.5483924  -0.6339232
  0.5553709   0.17246255 -1.5585462   0.22478847]
[ 0.25644928  0.05727216  0.80718917  0.17350106  2.1501777   0.04214187
 -0.50581783 -0.04082293 -0.47577304 -1.7403843   0.5261427  -0.5927933
  0.58824575  0.16845877 -1.6002128   0.13131478]
[ 0.2553125   0.08334117  0.8401351   0.05621166  2.094242    0.12451243
 -0.5439631   0.03719825 -0.36599323 -1.7633717   0.4668458  -0.52066314
  0.5445658   0.03293028 -1.5267146   0.13167751]
[ 0.26390323  0.11640992  0.80449235  0.06085364  2.1604235   0.06904575
 -0.56233656  0.01318038 -0.3909587  -1.7530988   0.50566065 -0.5224515
  0.5160605   0.06940309 -1.5580966   0.15534312]
[ 2.4759760e-01  8.8105246e-02  7.2641766e-01  1.3073909e-01
  2.2513576e+00 -3.7602402e-02 -5.5025989e-01 -8.8083447e-04
 -4.4469190e-01 -1.7483635e+00  6.1562377e-01 -6.0605061e-01
  5.1783437e-01  1.5558429e-01 -1.6545963e+00  2.5798243e-01]
[ 2.4065474e-01  8.4789678e-02  7.8302389e-01  1.3080436e-01
  2.2168422e+00  4.5389704e-02 -5.5578411e-01  1.1570186e-03
 -4.0327254e-01 -1.7415135e+00  5.4926139e-01 -5.4601514e-01
  5.1413780e-01  7.3602282e-02 -1.6211979e+00  1.7463569e-01]
[ 0.21504983  0.09172831  0.71012866  0.18581845  2.284059   -0.04973828
 -0.54436046 -0.04431421 -0.49036098 -1.7298399   0.6629988  -0.61362123
  0.49791247  0.20043978 -1.6714306   0.24322541]
[ 0.20238295  0.07031144  0.7625152   0.14556877  2.2311294   0.02435695
 -0.56661975  0.01194736 -0.41887084 -1.7398736   0.59039867 -0.5751489
  0.54763854  0.09701279 -1.6145356   0.17745274]
[ 0.2036412   0.03561322  0.71786344  0.20249276  2.3227286  -0.05498224
 -0.52600205 -0.07113167 -0.5211743  -1.6997936   0.6429741  -0.6577738
  0.55902624  0.20343676 -1.6367725   0.22696654]
[ 0.21662685  0.06286136  0.7488021   0.19338498  2.2585914  -0.00517484
 -0.52423203 -0.06709152 -0.53469545 -1.7176144   0.5993053  -0.618268
  0.5733054   0.18265471 -1.6008705   0.17889622]
[ 0.22999378  0.05220428  0.8017933   0.09025558  2.191232    0.07467024
 -0.56055796  0.00891185 -0.4442726  -1.7349201   0.5008973  -0.5573162
  0.60636276  0.06617129 -1.4994603   0.12008402]
[ 0.25414482  0.08136344  0.7518413   0.16346546  2.2305388  -0.00954134
 -0.50548446 -0.06965922 -0.5103336  -1.7209276   0.61069167 -0.65118736
  0.53929156  0.17297348 -1.5904088   0.20092964]
[ 0.24818504  0.10374393  0.8070032   0.05540099  2.2033565   0.03428647
 -0.5492235  -0.00700789 -0.45273772 -1.7500111   0.57324684 -0.60118824
  0.50847495  0.11706078 -1.5368285   0.19428189]
[ 0.24552408  0.10099182  0.8449998   0.06561904  2.1621547   0.10758481
 -0.55257905 -0.01371335 -0.42531705 -1.7465537   0.48953944 -0.5254792
  0.5739461   0.06101868 -1.5275615   0.0849694 ]
[ 0.24135108  0.05821652  0.75290954  0.17678972  2.243279    0.00615727
 -0.5170343  -0.05130411 -0.49562454 -1.7321861   0.6089018  -0.63136315
  0.57291013  0.16461271 -1.6360972   0.18416272]
[ 0.23257025  0.11977395  0.80388564  0.08206187  2.1995559   0.08938486
 -0.542867   -0.03151419 -0.43648285 -1.7601888   0.56848276 -0.5647802
  0.57062685  0.05879328 -1.5568607   0.11256789]
[ 0.21766415  0.1161561   0.7506431   0.09484953  2.2956347  -0.02591636
 -0.55169773 -0.04029181 -0.5148391  -1.7552181   0.67467445 -0.62771153
  0.5368549   0.15442342 -1.5869108   0.20873909]
[ 0.20091777  0.07146612  0.77563095  0.10961489  2.2629886   0.0447592
 -0.5700404  -0.01009993 -0.46861973 -1.7484095   0.5800064  -0.584386
  0.59531486  0.06823304 -1.5217812   0.1401869 ]
[ 0.23944983  0.03388435  0.74277085  0.16375384  2.314235   -0.03670147
 -0.51871985 -0.08010165 -0.5691877  -1.6987574   0.62367    -0.675242
  0.5847751   0.17303821 -1.5584323   0.20905383]
[ 0.24304351  0.05502333  0.77419615  0.10348094  2.2593207   0.00549233
 -0.53504443 -0.05153376 -0.5375321  -1.7144982   0.5886346  -0.65296006
  0.5993396   0.1359572  -1.5147469   0.18937626]
[ 0.23912898  0.04086773  0.7863482   0.0549171   2.2519832   0.01101459
 -0.54701567 -0.03042764 -0.5273865  -1.7154272   0.55512387 -0.63216203
  0.62895215  0.12749712 -1.4729197   0.17723906]
[ 0.25143045  0.043204    0.81278884  0.093237    2.2293053   0.04143365
 -0.5240311  -0.04784661 -0.5254325  -1.7209504   0.52868015 -0.6232549
  0.64216775  0.1239531  -1.5181097   0.13947722]
[ 0.2639999   0.08867006  0.8139852   0.06138582  2.2053444   0.05358547
 -0.5247494  -0.02571947 -0.47762203 -1.7420857   0.54649955 -0.6040354
  0.5657161   0.09389351 -1.5408679   0.16909268]
[ 0.23069182  0.10940976  0.82625276  0.05976021  2.1764767   0.10365953
 -0.5535424  -0.01404287 -0.4572816  -1.7357309   0.5336452  -0.5483217
  0.60592514  0.05871676 -1.5211079   0.06942675]
[ 0.22052467  0.038034    0.7608887   0.07830329  2.281866   -0.00633466
 -0.56136966 -0.01213482 -0.5136978  -1.7169516   0.61087847 -0.6304436
  0.6167501   0.13634555 -1.529557    0.1727713 ]
[ 0.22212224  0.04254759  0.83959997  0.06329809  2.2221456   0.08780479
 -0.5542503  -0.01403877 -0.4828619  -1.699343    0.5037719  -0.5610921
  0.65589607  0.07094266 -1.508681    0.05503828]
[ 0.20963779  0.03938736  0.77231336  0.12324466  2.289329   -0.00253889
 -0.5245697  -0.06880192 -0.5907527  -1.7037265   0.5981949  -0.65541637
  0.66056883  0.1813012  -1.5316116   0.14886345]
[ 0.2249722   0.0411513   0.80525017  0.06492531  2.2424989   0.05110865
 -0.5331783  -0.04309835 -0.5404338  -1.7043641   0.55273354 -0.6366973
  0.6495215   0.10849907 -1.4709628   0.13385448]
[ 0.22000647  0.05144417  0.8325654   0.08505382  2.2147186   0.06643824
 -0.5258268  -0.05041354 -0.53619766 -1.7015164   0.5531332  -0.61667013
  0.6371106   0.12289053 -1.4946684   0.08553205]
[ 0.18693015  0.05332209  0.8618313   0.03342434  2.1526377   0.12962672
 -0.554566    0.00665126 -0.4897259  -1.7073781   0.47067776 -0.56338054
  0.6682924   0.06056736 -1.4164469   0.05146182]
[ 0.20333779  0.01372062  0.8285227   0.05178765  2.2209713   0.05072003
 -0.5475217  -0.02559249 -0.54877424 -1.7017095   0.49833268 -0.61673033
  0.69224846  0.132702   -1.4154346   0.10928665]
[ 0.240393    0.02696397  0.8320757   0.13072863  2.166246    0.06946312
 -0.49703255 -0.05668725 -0.544834   -1.7001152   0.49118352 -0.6187488
  0.66155535  0.14253391 -1.4995499   0.10067475]
[ 0.22917254  0.06659458  0.8693722   0.01559953  2.098804    0.14584546
 -0.54961383  0.02328755 -0.43266207 -1.7391903   0.46176606 -0.5447323
  0.63949573  0.04760626 -1.4416336   0.05419641]
[ 0.22628021  0.09381752  0.85489476  0.03969682  2.1365502   0.12481932
 -0.541954    0.00507244 -0.4278222  -1.7474998   0.48678976 -0.5384389
  0.6000649   0.05298219 -1.4841703   0.06327803]
[ 0.2090416   0.07927632  0.7905216   0.07620624  2.2391758   0.02033259
 -0.55039734 -0.01167982 -0.46484762 -1.7481972   0.58264345 -0.6064145
  0.5719636   0.13519523 -1.5485903   0.17243537]
[ 0.1987055   0.11035758  0.8406763   0.08723311  2.1665077   0.11588402
 -0.5477301  -0.01580072 -0.43419942 -1.7562838   0.50619835 -0.5323156
  0.59537286  0.06870139 -1.5283021   0.06929635]
[ 0.23526144  0.08832038  0.757273    0.14726682  2.2266421   0.00511059
 -0.53042394 -0.04309344 -0.48481494 -1.7414863   0.6022341  -0.61717653
  0.5155352   0.1595601  -1.5878346   0.21578166]
[ 0.24757679  0.10659206  0.8316267   0.07660194  2.1426806   0.09165205
 -0.5483462   0.00539775 -0.40023834 -1.7495534   0.5226048  -0.54555947
  0.5365159   0.07321888 -1.540199    0.09443032]
[ 0.23047748  0.0707122   0.77168244  0.13048348  2.227053    0.00491465
 -0.53604114 -0.03439913 -0.479885   -1.7320675   0.6100787  -0.6221278
  0.5400978   0.16677839 -1.6018231   0.20060869]
[ 0.22496632  0.08355027  0.8473641   0.0568553   2.1829462   0.11532501
 -0.55855477 -0.01973735 -0.443748   -1.7341976   0.4881413  -0.5178443
  0.60973674  0.06349835 -1.5194483   0.06518014]
[ 0.2363269   0.07150385  0.7568255   0.16551507  2.2601075   0.02057442
 -0.51726806 -0.07227379 -0.5310903  -1.7181034   0.6007179  -0.626366
  0.5835588   0.16838673 -1.6211224   0.16848552]
[ 0.23815772  0.11670098  0.79997164  0.09013277  2.197578    0.08929649
 -0.5350939  -0.03444346 -0.46114206 -1.7421774   0.57841253 -0.57907313
  0.57451177  0.05262395 -1.5443236   0.10344505]
[ 0.24978928  0.11599414  0.7499183   0.08556525  2.2816265  -0.02216836
 -0.5382942  -0.06334063 -0.5392326  -1.7180281   0.6670287  -0.64282906
  0.49233738  0.14413482 -1.5452845   0.23150639]
[ 0.20995656  0.05860084  0.8125523   0.0622975   2.226793    0.05465527
 -0.57137203 -0.0172021  -0.4934566  -1.7185253   0.5604033  -0.5892865
  0.61909294  0.0828069  -1.4802558   0.12819844]
[ 0.2215567  -0.00571007  0.74349433  0.17800987  2.3122172  -0.02624943
 -0.51780605 -0.09560223 -0.5936322  -1.6742064   0.593819   -0.6861742
  0.64531267  0.17937873 -1.5372367   0.21019968]
[ 0.25797224  0.03138164  0.777672    0.13660243  2.2696514   0.02273466
 -0.5029527  -0.10785731 -0.6089307  -1.6911278   0.5525913  -0.6630226
  0.6473552   0.14207247 -1.4908454   0.174395  ]
[ 0.2764566   0.08022594  0.7840087   0.07114988  2.2244534   0.02249479
 -0.52686214 -0.04702558 -0.52772903 -1.7198133   0.57910204 -0.63751304
  0.57984287  0.10426831 -1.4989884   0.18385811]
[ 2.4770892e-01  7.2723262e-02  8.0519468e-01  3.3117928e-02
  2.1912124e+00  7.4141391e-02 -5.5456316e-01 -2.0118654e-04
 -4.6455246e-01 -1.7475631e+00  5.4538196e-01 -5.9352428e-01
  6.1565226e-01  4.0419258e-02 -1.4578731e+00  1.3916533e-01]
[ 0.2451338   0.08859598  0.75618565  0.06245584  2.2901676  -0.02638718
 -0.5446116  -0.05008971 -0.52653044 -1.740303    0.6163589  -0.646056
  0.53792423  0.11612252 -1.4891915   0.26109317]
[ 0.2485147   0.08319777  0.7657393   0.08258465  2.2663784  -0.02132966
 -0.5577655  -0.02989222 -0.50872415 -1.7550087   0.59033597 -0.62657726
  0.55747783  0.13319221 -1.5267291   0.24873856]
[ 0.26263815  0.0655851   0.73491704  0.16031072  2.254435   -0.01341804
 -0.5279295  -0.05609485 -0.4917658  -1.7388799   0.62106454 -0.652877
  0.5612315   0.13670345 -1.5982101   0.23037486]
[ 0.26192364  0.09756474  0.7417987   0.12103476  2.2662303  -0.021459
 -0.5356976  -0.04398938 -0.48782006 -1.7396839   0.6359262  -0.62956506
  0.4900785   0.13706617 -1.5916768   0.24736544]
[ 0.23773661  0.1073602   0.7772243   0.04261971  2.2303984   0.03755642
 -0.57933307  0.0119499  -0.42760953 -1.7540996   0.55216414 -0.5490821
  0.5679537   0.07045736 -1.5358292   0.15804413]
[ 0.2351605   0.03966585  0.7236079   0.11404876  2.3153825  -0.0558573
 -0.55034846 -0.01909185 -0.48992062 -1.7303909   0.6327621  -0.6474677
  0.5905521   0.15358189 -1.6000853   0.23610231]
[ 0.23307233  0.05321146  0.7313541   0.16613425  2.3216572  -0.02015817
 -0.52360165 -0.07930775 -0.53381926 -1.7056427   0.6370574  -0.64841825
  0.5808032   0.17457336 -1.6231148   0.18214242]
[ 0.18532941  0.08503767  0.7873303   0.07369395  2.2965317   0.0159227
 -0.5679191  -0.02111511 -0.5278817  -1.7363088   0.6313568  -0.6035522
  0.62406814  0.13158679 -1.5504223   0.12011874]
[ 0.17545763  0.03903421  0.8087266   0.09202951  2.262799    0.07983999
 -0.5686927  -0.00444593 -0.5070938  -1.7132537   0.55153203 -0.5776557
  0.66920185  0.0799299  -1.4978635   0.05269215]
[ 0.18387894  0.00293664  0.78262633  0.1339356   2.3185997   0.01374662
 -0.5178453  -0.07859419 -0.6191844  -1.6702354   0.5814813  -0.67052776
  0.6923994   0.17734952 -1.4808185   0.09415772]
[ 0.18461637  0.03368371  0.8210505   0.07591785  2.2342327   0.06872429
 -0.52886736 -0.0509778  -0.5854951  -1.6850116   0.5410017  -0.6400219
  0.6952771   0.12982325 -1.4210713   0.07117359]
[ 0.19590013  0.01314621  0.87372816  0.00580012  2.1835256   0.12120235
 -0.5304899  -0.03467136 -0.5794398  -1.6846945   0.46040994 -0.6124544
  0.74169195  0.10272002 -1.3337755   0.02101988]
[ 0.22249103  0.0353616   0.8927108   0.05425339  2.1127682   0.14880782
 -0.48569298 -0.0532401  -0.55196154 -1.6811402   0.44102034 -0.5950451
  0.6980911   0.09263647 -1.4008108   0.01257278]
[ 0.2201179   0.06354447  0.9082203  -0.02853667  2.0493054   0.20418544
 -0.5295256   0.01223919 -0.46713218 -1.7136494   0.42358008 -0.5316024
  0.68990356  0.03716392 -1.3681805  -0.02789816]
[ 2.1645585e-01  8.9312643e-02  9.0893710e-01 -1.2513667e-03
  2.0837464e+00  1.9944297e-01 -5.1638764e-01 -1.0283524e-02
 -4.4595432e-01 -1.7442458e+00  4.3993172e-01 -5.3261465e-01
  6.6057867e-01  2.1853706e-02 -1.4004934e+00 -2.7017999e-02]
[ 0.23935428  0.11421388  0.82681596  0.04409925  2.1630816   0.07392478
 -0.5182729  -0.02813558 -0.46708497 -1.757974    0.55605423 -0.5970124
  0.54833513  0.11213918 -1.4996223   0.1366682 ]
[ 2.2244585e-01  1.1957596e-01  8.7688863e-01  1.1991302e-02
  2.0987010e+00  1.6708057e-01 -5.5599427e-01  1.4492100e-02
 -3.7093577e-01 -1.7806762e+00  4.4848809e-01 -5.0636995e-01
  5.8918601e-01  7.3417427e-04 -1.4351346e+00  4.4777703e-02]
[ 0.24524097  0.10666075  0.759629    0.09587701  2.2112691  -0.00786335
 -0.5318089  -0.03100596 -0.46440426 -1.7751086   0.6220559  -0.623189
  0.5256441   0.14865331 -1.5719092   0.23912759]
[ 0.22181411  0.11853944  0.8181714   0.05670339  2.16606     0.09706255
 -0.56049746 -0.00553606 -0.39220944 -1.7746222   0.51974887 -0.52866715
  0.548044    0.05379459 -1.5138747   0.12213472]
[ 0.23508592  0.09983265  0.7374333   0.14437106  2.247025   -0.01966458
 -0.55989385 -0.02265853 -0.46263504 -1.7490118   0.6168703  -0.60139084
  0.49715772  0.15988174 -1.6238762   0.25056368]
[ 0.24291162  0.07308731  0.7882401   0.12592304  2.1969202   0.05334796
 -0.5613812   0.02124741 -0.39449042 -1.7485542   0.53861415 -0.551357
  0.5560309   0.06533321 -1.5994905   0.13897672]
[ 0.268485    0.05346075  0.7188159   0.19807276  2.277907   -0.04486788
 -0.51215094 -0.0543295  -0.48187393 -1.7176186   0.62942666 -0.64130235
  0.487648    0.17220953 -1.6680857   0.26269612]
[ 0.25904647  0.10780933  0.78828347  0.07001345  2.2234368   0.03269985
 -0.56773734 -0.00408548 -0.43000087 -1.7587382   0.54061544 -0.54339904
  0.5275835   0.07813796 -1.5589774   0.1837101 ]
[ 0.2429513   0.04503588  0.70708096  0.16371728  2.296832   -0.06786889
 -0.54621875 -0.02988026 -0.48983216 -1.7354128   0.6394239  -0.6568688
  0.5478451   0.17977813 -1.6361831   0.2889419 ]
[ 0.24101833  0.06180594  0.7378686   0.1753771   2.2876878  -0.02146236
 -0.53609836 -0.04805708 -0.47427377 -1.7369484   0.6137146  -0.62590915
  0.5379253   0.14802203 -1.6419113   0.22893497]
[ 2.2769046e-01  9.1578521e-02  7.5854242e-01  1.4050433e-01
  2.2808135e+00 -7.0561765e-04 -5.5393124e-01 -3.6274243e-02
 -5.0375080e-01 -1.7372869e+00  6.0366857e-01 -5.8954245e-01
  5.4936409e-01  1.4036825e-01 -1.6191444e+00  1.9505593e-01]
[ 0.23201795  0.06018258  0.7665178   0.10901799  2.2491689   0.0346965
 -0.5707146   0.00802536 -0.46247774 -1.7184646   0.54656756 -0.56368846
  0.5859763   0.0703189  -1.5560057   0.1552384 ]
[ 0.23883608  0.02370536  0.70770186  0.18660918  2.319692   -0.05223725
 -0.52479774 -0.0614922  -0.5414049  -1.6822376   0.6254233  -0.6705572
  0.57933617  0.17427321 -1.6007082   0.22560993]
[ 0.23148814  0.06119369  0.7703385   0.1297622   2.2737293  -0.00688526
 -0.52624524 -0.047771   -0.52708286 -1.7206377   0.59431636 -0.6387874
  0.57266086  0.14247744 -1.558548    0.19739588]
[ 0.22853811  0.05493183  0.7954283   0.08697244  2.2522302   0.01076957
 -0.540759   -0.03055274 -0.5131995  -1.7204254   0.5587438  -0.61478454
  0.5770071   0.1376393  -1.5216361   0.18668957]
[ 0.24596652  0.05411087  0.7709831   0.16949525  2.224683    0.03078443
 -0.52194023 -0.07007165 -0.5200604  -1.714744    0.56909704 -0.6350308
  0.59685147  0.140623   -1.5714092   0.17737415]
[ 0.25035432  0.06861871  0.76923305  0.11841577  2.2309613   0.02779202
 -0.52774316 -0.04412395 -0.48735303 -1.7335489   0.5850512  -0.6250609
  0.5927806   0.10850084 -1.5690129   0.18179926]
[ 0.21791252  0.11447446  0.7960406   0.05286487  2.2242131   0.07156752
 -0.54804826 -0.02380796 -0.45337796 -1.7556365   0.5464676  -0.5580367
  0.5764264   0.062114   -1.5066679   0.13038476]
[ 0.24841559  0.08959521  0.7376729   0.0941795   2.2785907  -0.03178634
 -0.53822565 -0.03569791 -0.50052816 -1.7390978   0.61382306 -0.6369886
  0.53089654  0.14457165 -1.5630958   0.25784773]
[ 0.24399188  0.10111392  0.7426534   0.12351563  2.2505386  -0.01526704
 -0.5412953  -0.03698552 -0.45860988 -1.768473    0.6395687  -0.63316476
  0.5404443   0.13327578 -1.5950067   0.22171035]
[ 1.9971547e-01  9.1822021e-02  7.6806080e-01  1.4013243e-01
  2.2618113e+00  1.1520386e-04 -5.3744286e-01 -4.8533868e-02
 -4.9290219e-01 -1.7690138e+00  6.4791447e-01 -6.2550235e-01
  5.5133575e-01  1.6228582e-01 -1.5979892e+00  1.9429824e-01]
[ 0.18427081  0.0977038   0.81177586  0.06639224  2.234951    0.08608633
 -0.57879746 -0.01104677 -0.4480999  -1.7626861   0.5436464  -0.5371171
  0.60210615  0.06779204 -1.5079122   0.09595057]
[ 0.2026093   0.05581741  0.72737193  0.15496679  2.2947507  -0.02084148
 -0.5468032  -0.03436651 -0.511392   -1.734361    0.61216676 -0.6373633
  0.6173241   0.15788034 -1.5883598   0.19767454]
[ 0.22916615  0.07778519  0.74422044  0.14029917  2.2613323   0.00654654
 -0.51751095 -0.05784342 -0.4972686  -1.7349802   0.62015665 -0.65056163
  0.56247294  0.13286352 -1.5753595   0.20628071]
[ 0.21121046  0.11524419  0.7654201   0.07086118  2.2523148  -0.00971013
 -0.5444036  -0.02690291 -0.47644883 -1.7574314   0.635363   -0.60658425
  0.51769286  0.15916093 -1.5471694   0.18893947]
[ 0.17439961  0.08801009  0.8333971   0.0665502   2.1779094   0.10079162
 -0.5660085   0.01962605 -0.42024404 -1.7504947   0.5137676  -0.53519297
  0.60723037  0.08784501 -1.5133426   0.05938587]
[ 0.22087574  0.03076486  0.78552973  0.14496627  2.2381926   0.03270396
 -0.5276066  -0.04112611 -0.49371403 -1.7120987   0.5410767  -0.6163047
  0.599274    0.15556236 -1.570823    0.15879114]
[ 0.25850725  0.09210117  0.810063    0.14090568  2.172402    0.05778633
 -0.5087376  -0.05785545 -0.48301315 -1.7319984   0.5375105  -0.5878614
  0.56154156  0.15192041 -1.5877367   0.11993878]
[ 0.23077221  0.08185564  0.8457979   0.05330534  2.109975    0.12193833
 -0.5516505   0.04234255 -0.3830262  -1.7703049   0.48730803 -0.53225565
  0.5850431   0.04955846 -1.5166343   0.09043465]
[ 0.24459842  0.08527521  0.83559716  0.07121104  2.1585228   0.09013462
 -0.54696196  0.00349672 -0.41163954 -1.7513777   0.49293646 -0.54044724
  0.5539979   0.06482822 -1.5331073   0.12921512]
[ 0.2241158   0.07154678  0.7699436   0.1382227   2.2390392  -0.00690503
 -0.559175   -0.01717738 -0.482733   -1.7473552   0.5771726  -0.59351474
  0.5576063   0.16342792 -1.6016896   0.21522062]
[ 0.22596164  0.0344299   0.8102994   0.12921505  2.1826618   0.08185452
 -0.5647522   0.02826929 -0.41963238 -1.7280604   0.48664722 -0.53975767
  0.62497777  0.0617362  -1.5772921   0.10753651]
[ 0.2588171   0.03869534  0.7325946   0.17691103  2.282759   -0.024047
 -0.5267916  -0.03658174 -0.4872179  -1.6972069   0.5875001  -0.6195324
  0.5379486   0.15458283 -1.6481832   0.21711878]
[ 0.23251677  0.09415881  0.7898916   0.06432848  2.2237034   0.04237379
 -0.56721956  0.02480527 -0.42152214 -1.7329668   0.53606665 -0.54621696
  0.5785116   0.08190393 -1.5747061   0.11997475]
[ 0.24780707  0.02533472  0.7520615   0.10885706  2.3010974  -0.03794047
 -0.53538656 -0.01053731 -0.4761893  -1.6990391   0.58916396 -0.6455442
  0.5544058   0.15456747 -1.6002325   0.21916838]
[ 0.26480117  0.05393052  0.7786626   0.15332389  2.2545993   0.00802305
 -0.5173189  -0.05231262 -0.4907681  -1.6917782   0.56545985 -0.6176623
  0.54860795  0.15994799 -1.6300243   0.15832897]
[ 0.22762302  0.06752644  0.80418396  0.12471382  2.2151191   0.03531194
 -0.5423304  -0.02564298 -0.49098092 -1.7286241   0.57627946 -0.60410756
  0.59028816  0.14359584 -1.5851268   0.13668287]
[ 0.21480468  0.01991155  0.8579999   0.08097999  2.182809    0.1136509
 -0.5594644   0.00628677 -0.46390224 -1.7282732   0.48583794 -0.55629396
  0.6837468   0.06132022 -1.5095747   0.05208342]
[ 0.20916538  0.03210192  0.80045575  0.14132811  2.2695553   0.03258767
 -0.52492917 -0.06951158 -0.5667082  -1.7031149   0.57026476 -0.61990005
  0.671069    0.15701185 -1.5560064   0.09986591]
[ 0.14427595  0.04920311  0.813735    0.04587647  2.2204278   0.10544503
 -0.5767307   0.01150759 -0.5116227  -1.7203772   0.5332369  -0.5717135
  0.7405583   0.0615053  -1.44187     0.03874555]
[ 0.19185403  0.02118264  0.77212495  0.07282787  2.2945504   0.02129274
 -0.5416344  -0.03891464 -0.5676459  -1.677541    0.5694192  -0.65557504
  0.6797799   0.11645123 -1.4446113   0.13242209]
[ 0.18175903  0.06162395  0.814747    0.07400798  2.2560458   0.03481042
 -0.51776516 -0.05080233 -0.5591408  -1.7047571   0.5812743  -0.64092916
  0.65765303  0.13363406 -1.4620106   0.08393246]
[ 0.17691799  0.06150165  0.8698141  -0.00643418  2.1745884   0.1072394
 -0.52751124 -0.02024161 -0.5248346  -1.7029266   0.5214361  -0.5963716
  0.6774505   0.10166772 -1.3854126   0.01559188]
[ 0.19793412  0.03584794  0.8587265   0.05849786  2.1926122   0.10841478
 -0.49910823 -0.10051477 -0.57198846 -1.6843294   0.5090553  -0.63838226
  0.6665187   0.15590735 -1.4076173   0.06280924]
[ 0.22624424  0.0818189   0.9141184   0.03709773  2.0748634   0.18375555
 -0.4841568  -0.0758469  -0.52014303 -1.7119642   0.45753336 -0.575719
  0.6569581   0.1133993  -1.4207358  -0.01522436]
[ 0.22687256  0.08574221  0.92982024 -0.0139231   2.0074918   0.265332
 -0.5083667  -0.01371926 -0.42944512 -1.7499752   0.39117318 -0.5367648
  0.67194736  0.00224361 -1.361841   -0.02384744]
[ 0.21689312  0.11648856  0.91665775 -0.00949243  2.0661786   0.21869913
 -0.527398   -0.02968838 -0.43893212 -1.7518841   0.44115767 -0.5171596
  0.6298834   0.01585165 -1.392016   -0.01226982]
[ 0.2037129   0.08224013  0.87041605  0.02597765  2.1282775   0.17120317
 -0.5672232   0.00299573 -0.4615667  -1.7418474   0.44684395 -0.5240402
  0.62813854  0.02871429 -1.4152277   0.06662349]
[ 0.22466227  0.05225964  0.8198303   0.05927311  2.1690252   0.10564572
 -0.5713779  -0.00233299 -0.46636552 -1.7298725   0.49120983 -0.55802166
  0.6594428   0.05298186 -1.4620583   0.10102929]
[ 0.256205    0.04098691  0.7484244   0.14463624  2.2507603  -0.00872722
 -0.5269546  -0.03890032 -0.5346178  -1.6915715   0.59287727 -0.63027287
  0.5691487   0.140634   -1.5814406   0.21610329]
[ 0.2415266   0.04787879  0.774752    0.06375022  2.2492585   0.03373541
 -0.5659809   0.01463394 -0.45921096 -1.7082714   0.5228461  -0.57651526
  0.587914    0.05752756 -1.5103462   0.17431533]
[ 0.2436212   0.03207392  0.7369692   0.14249198  2.311205   -0.06701202
 -0.5037675  -0.04766529 -0.54055    -1.6946281   0.59229726 -0.6481477
  0.59883016  0.17562443 -1.6012539   0.21774893]
[ 0.20577708  0.05906569  0.7355922   0.14811747  2.2994294  -0.00349516
 -0.53077877 -0.07962389 -0.5304911  -1.7162466   0.6282779  -0.6536594
  0.5947067   0.15741041 -1.5691121   0.20225163]
[ 0.23096637  0.09988187  0.78156984  0.08085822  2.2586293   0.01936108
 -0.53502065 -0.06199752 -0.5218991  -1.7267708   0.5846653  -0.623752
  0.5649172   0.13170384 -1.5143876   0.17950435]
[ 0.24004522  0.09833227  0.7738342   0.138316    2.2096977   0.01952983
 -0.5332162  -0.04306225 -0.48832208 -1.7376683   0.60677236 -0.6246168
  0.5227601   0.14589278 -1.5684931   0.18743043]
[ 2.15024859e-01  5.59887961e-02  8.64492714e-01  6.82910010e-02
  2.16104126e+00  1.11356616e-01 -5.55322230e-01 -6.47416688e-04
 -4.56184000e-01 -1.75060391e+00  4.99416918e-01 -5.64678371e-01
  6.13040328e-01  7.71281272e-02 -1.47547984e+00  8.11666921e-02]
[ 0.23887046  0.05898886  0.7828271   0.14637692  2.2350795   0.02134144
 -0.51827204 -0.07477351 -0.5244586  -1.7256124   0.59568924 -0.62522185
  0.5574363   0.16676533 -1.5737911   0.18515067]
[ 0.18859541  0.06810869  0.8155882   0.06713571  2.2063222   0.11514348
 -0.5722988  -0.00527709 -0.4720037  -1.7491407   0.4890307  -0.5390013
  0.6825063   0.0561625  -1.4824975   0.0763111 ]
[ 0.23147972  0.06227471  0.7292335   0.14932993  2.2885435   0.01022504
 -0.5288899  -0.06552537 -0.54054624 -1.7190087   0.59212583 -0.63771737
  0.62169564  0.12085122 -1.5597922   0.1934462 ]
[ 0.24427466  0.09711204  0.734647    0.09373066  2.2740674  -0.01599918
 -0.5442743  -0.0216331  -0.4949832  -1.7256358   0.61853385 -0.6223246
  0.5001993   0.12290953 -1.5445781   0.23355499]
[ 0.23526593  0.10565122  0.78143466  0.06962873  2.2061806   0.03372038
 -0.57365113  0.0272097  -0.4180696  -1.7407322   0.5728219  -0.5657419
  0.5189271   0.08051907 -1.5379885   0.15164782]
[ 0.23687188  0.02620339  0.75696254  0.10479508  2.2773447  -0.04149504
 -0.54591167 -0.01363425 -0.50310594 -1.7161419   0.589851   -0.6395707
  0.5777801   0.1762104  -1.5624151   0.22419195]
[ 0.25483865  0.03398143  0.7765918   0.17102906  2.2360206   0.01831514
 -0.51326436 -0.07966318 -0.5277297  -1.6948076   0.5480378  -0.6170052
  0.59335697  0.18054122 -1.5906042   0.15643236]
[ 0.24625096  0.07914642  0.78620255  0.1148629   2.1838737   0.05268372
 -0.5284429  -0.01884929 -0.46880513 -1.748531    0.5470571  -0.580945
  0.61676055  0.11682049 -1.5897522   0.13689616]
[ 0.24587508  0.12525764  0.7929166   0.07506509  2.1731944   0.07842501
 -0.53757185 -0.00777347 -0.40581545 -1.7793738   0.5693506  -0.5615331
  0.54845154  0.03554915 -1.5478835   0.14207706]
[ 0.20521626  0.1171478   0.74417865  0.08765249  2.2765162  -0.03096894
 -0.5594884  -0.01485837 -0.4766349  -1.7524322   0.6593567  -0.6057175
  0.5063871   0.14628121 -1.568384    0.21363017]
[ 0.18285766  0.07401514  0.77276504  0.0948742   2.2463431   0.03960164
 -0.5917409   0.01363084 -0.43227372 -1.7462565   0.5762764  -0.5603193
  0.59406114  0.07367345 -1.5215231   0.12947834]
[ 2.2651069e-01 -1.1993647e-03  7.1776634e-01  1.8713705e-01
  2.3213387e+00 -4.4258632e-02 -5.2893513e-01 -6.2669836e-02
 -5.3072894e-01 -1.6766926e+00  6.0242993e-01 -6.7524338e-01
  5.9006643e-01  1.8913856e-01 -1.5962230e+00  2.2942388e-01]
[ 0.24377635  0.08664448  0.7650706   0.16160238  2.2433376   0.00999685
 -0.4991045  -0.09495296 -0.5419145  -1.7220623   0.5890871  -0.64198744
  0.5821106   0.17400953 -1.5666687   0.15805419]
[ 0.23101592  0.10926013  0.80346453  0.049218    2.1941721   0.04216517
 -0.5397104  -0.01253082 -0.46149462 -1.7740021   0.58686    -0.6015705
  0.5635789   0.11774669 -1.5175949   0.15604772]
[ 0.2150193   0.1296891   0.84251225  0.04551287  2.15844     0.12401839
 -0.5372764  -0.02653873 -0.41325998 -1.7720207   0.5408756  -0.5461143
  0.57070804  0.06760133 -1.5159671   0.06075369]
[ 0.19604675  0.12591772  0.78701746  0.10360195  2.2404177   0.02939836
 -0.54578084 -0.04900272 -0.4880143  -1.7709687   0.6353507  -0.6060336
  0.56668675  0.15862963 -1.5839865   0.14593825]
[ 0.18734846  0.09411968  0.82448995  0.07002494  2.207353    0.11922967
 -0.5691463  -0.01167391 -0.43677253 -1.7616276   0.5385544  -0.54785544
  0.6482707   0.04007947 -1.4968166   0.03719999]
[ 0.20334816  0.06284232  0.7742018   0.1386678   2.2833714   0.0220846
 -0.52416193 -0.06312384 -0.53672856 -1.7244136   0.6170312  -0.64089346
  0.61942434  0.15819076 -1.5667568   0.12106655]
[ 0.20083718  0.11905465  0.83327484  0.04419047  2.1924462   0.10470574
 -0.53986216 -0.03249311 -0.4751277  -1.7470589   0.55547035 -0.57985353
  0.60187495  0.0644859  -1.4793142   0.08203973]
[ 0.20341377  0.08069662  0.79326934  0.05389785  2.269384    0.01175661
 -0.535609   -0.05814146 -0.54326266 -1.7390846   0.61496484 -0.6577679
  0.61032677  0.15221739 -1.4757371   0.16664308]
[ 0.20844276  0.07718827  0.8302183   0.08006652  2.217202    0.0771116
 -0.52369106 -0.06950311 -0.5316286  -1.7280468   0.5672128  -0.6303298
  0.6365699   0.12819526 -1.4892197   0.09457591]
[ 0.19431838  0.08083326  0.84097403  0.05910223  2.203075    0.09809335
 -0.53168756 -0.05748015 -0.5285448  -1.7308811   0.5518364  -0.6067449
  0.64657295  0.12095863 -1.4741547   0.07761572]
[ 1.9687419e-01  1.0378136e-01  8.8533324e-01  1.6603995e-02
  2.1341755e+00  1.7716530e-01 -5.3410560e-01 -3.1945836e-02
 -4.8055822e-01 -1.7372010e+00  4.7732106e-01 -5.5046093e-01
  6.6986400e-01  4.2557161e-02 -1.4253261e+00 -1.4960468e-03]
[ 0.24678235  0.11070118  0.79979527  0.06002109  2.2119312   0.05330007
 -0.5062696  -0.06280987 -0.5159194  -1.7357435   0.58472085 -0.63569325
  0.5514723   0.12066746 -1.5104713   0.17525   ]
[ 0.23117526  0.13567062  0.84795296  0.02361774  2.1337235   0.13746823
 -0.53284144 -0.03956788 -0.44757694 -1.73782     0.53955424 -0.5576522
  0.5637359   0.061931   -1.4637152   0.04853536]
[ 0.20820072  0.06960031  0.8089527   0.06105058  2.231599    0.05693664
 -0.5465005  -0.04311856 -0.51975065 -1.7212694   0.58926374 -0.6249453
  0.6021689   0.13030657 -1.4910498   0.13382038]
[ 0.20794502  0.0637999   0.8672246   0.04269643  2.1815543   0.15505314
 -0.5411507  -0.05624896 -0.49658674 -1.707196    0.49362287 -0.5503383
  0.66906005  0.05566652 -1.4569427   0.01388589]
[ 0.19879368  0.05903682  0.7822943   0.12167306  2.2635658   0.04449736
 -0.5186095  -0.09366703 -0.6029086  -1.7092526   0.5952731  -0.63691413
  0.67365503  0.16565987 -1.5139067   0.11524387]
[ 0.20685363  0.07007243  0.82837486  0.03459734  2.190126    0.13899548
 -0.5453165  -0.04490874 -0.52395976 -1.7234379   0.52169645 -0.5804525
  0.68461025  0.03274671 -1.4060296   0.06015567]
[ 0.21604438  0.07478915  0.77188957  0.05316744  2.278503    0.00480549
 -0.535034   -0.05631467 -0.5868263  -1.7086229   0.62425613 -0.64163494
  0.6002134   0.1428949  -1.4596045   0.1684492 ]
[ 0.18697552  0.04592387  0.8252834   0.01747265  2.2009077   0.10220055
 -0.5660205  -0.00531373 -0.5278534  -1.6917696   0.51510555 -0.58485466
  0.6707853   0.06500699 -1.3918923   0.08288743]
[ 2.1514297e-01 -3.1276871e-02  7.7288312e-01  6.8645895e-02
  2.2892394e+00 -1.0519713e-03 -5.3459406e-01 -5.1011853e-02
 -6.1895913e-01 -1.6439520e+00  5.2599251e-01 -6.5415317e-01
  7.0843536e-01  1.5722065e-01 -1.4278507e+00  1.7262149e-01]
[ 0.22634768 -0.01414589  0.813337    0.11411698  2.2272708   0.05818108
 -0.4931491  -0.09129274 -0.62756926 -1.6287203   0.4664783  -0.63552296
  0.74198407  0.14590439 -1.4390075   0.08083023]
[ 0.2596054   0.02379142  0.8390045   0.02316796  2.1499355   0.10042356
 -0.49668223 -0.02771012 -0.538565   -1.650391    0.46009237 -0.60308665
  0.6746804   0.08791693 -1.442016    0.08478495]
[ 2.1818694e-01  9.3050793e-02  8.6687648e-01  1.5117824e-03
  2.1299269e+00  1.6227385e-01 -5.2770418e-01 -2.7855903e-02
 -4.7058135e-01 -1.6979437e+00  4.7267237e-01 -5.5942619e-01
  6.3927686e-01  4.2934485e-02 -1.4012883e+00  1.5510202e-03]
[ 0.20919904  0.06744539  0.84378624  0.04383098  2.1970742   0.06797341
 -0.52327627 -0.02891142 -0.51990944 -1.713979    0.5466484  -0.6125751
  0.613231    0.13714899 -1.4794009   0.09612123]
[ 0.18293123  0.03822789  0.9063307   0.02220997  2.14117     0.20381129
 -0.5404819  -0.03172012 -0.47453928 -1.6957436   0.42251387 -0.5273222
  0.68934906  0.04111019 -1.3938532  -0.04286274]
[ 0.21414141  0.03600157  0.8024095   0.12248503  2.229941    0.06575935
 -0.5126473  -0.08022667 -0.56813556 -1.696183    0.5614363  -0.62931615
  0.6722366   0.14986448 -1.5183405   0.09408963]
[ 0.22360153  0.06666373  0.84193003  0.02612416  2.1740243   0.1484834
 -0.5371483  -0.03076081 -0.49563354 -1.7232319   0.49488172 -0.5722535
  0.6855475   0.02342046 -1.4258525   0.04384712]
[ 0.25058132  0.08252255  0.808166    0.05224395  2.2447295   0.0315496
 -0.52596235 -0.0535096  -0.5502182  -1.7192867   0.562931   -0.62976533
  0.5755121   0.10885403 -1.4712058   0.18113543]
[ 0.24448124  0.07230578  0.82584035  0.04411236  2.1829329   0.08195369
 -0.564203    0.00462758 -0.4748946  -1.7321036   0.49960145 -0.56750315
  0.60228556  0.05827036 -1.4428465   0.11175783]
[ 2.8049988e-01  4.9328803e-05  7.8469193e-01  7.7397548e-02
  2.2490146e+00 -4.9193976e-03 -5.2993095e-01 -2.4612535e-02
 -5.4691094e-01 -1.6904631e+00  5.1900434e-01 -6.4417648e-01
  6.1003751e-01  1.4182243e-01 -1.4821980e+00  2.0959941e-01]
[ 0.30139148  0.00921727  0.806915    0.08961818  2.206157    0.03704755
 -0.5277898  -0.03741712 -0.5236024  -1.6635695   0.4815794  -0.6096183
  0.60611516  0.11582919 -1.5222243   0.17800835]
[ 0.29523245  0.02567354  0.80310184  0.04976555  2.1972823   0.05001027
 -0.5447825   0.00318972 -0.49571887 -1.6763817   0.46852088 -0.5793107
  0.62783706  0.08770654 -1.5364894   0.1717531 ]
[ 0.27523178  0.03702091  0.8187537   0.09454163  2.1877449   0.08902601
 -0.53050286 -0.00295249 -0.46095163 -1.6907055   0.4863607  -0.56322896
  0.6209002   0.03658371 -1.5698453   0.11644614]
[ 0.24663934  0.05973468  0.7395319   0.11598997  2.3091633  -0.04778252
 -0.52428    -0.02950067 -0.52768147 -1.696161    0.6186431  -0.62079537
  0.5598222   0.15413669 -1.6040707   0.19332662]
[ 0.2138362   0.05796219  0.7895138   0.09079602  2.257234    0.04056325
 -0.57397145 -0.00463913 -0.5053769  -1.7155063   0.5623706  -0.582584
  0.6028544   0.07395704 -1.5102122   0.14911003]
[ 0.2287457  -0.0135438   0.7165159   0.13901182  2.3327544  -0.07184573
 -0.550138   -0.04553563 -0.5634337  -1.6784859   0.61649275 -0.6880985
  0.6221245   0.17584868 -1.5400007   0.2686203 ]
[ 2.4960533e-01 -4.1432382e-04  7.4910706e-01  1.7816249e-01
  2.2714267e+00 -1.6710222e-02 -5.0168031e-01 -9.2031769e-02
 -5.9099102e-01 -1.6666210e+00  5.7294577e-01 -6.7315561e-01
  6.2280238e-01  1.6498414e-01 -1.5327879e+00  2.1317494e-01]
[ 0.22461359  0.018126    0.77361566  0.06745829  2.261874   -0.01100807
 -0.5507186  -0.02195401 -0.54546994 -1.6992022   0.54953355 -0.63385385
  0.64758253  0.13109449 -1.4647446   0.2013801 ]
[ 0.25122184  0.01365288  0.808331    0.09516191  2.21521     0.02103347
 -0.5202075  -0.01895082 -0.52430713 -1.6927646   0.48322755 -0.6148583
  0.65085936  0.11202711 -1.4950373   0.1627995 ]
[ 0.25651717  0.0592419   0.76808923  0.12705114  2.2152305   0.01267377
 -0.5241221  -0.03702467 -0.48813576 -1.7256196   0.5669817  -0.6272412
  0.5422138   0.13547972 -1.5566018   0.22395363]
[ 2.4335161e-01  1.0403724e-01  8.3021450e-01  5.1216394e-02
  2.1525097e+00  8.4721997e-02 -5.4964602e-01  1.7593354e-03
 -4.3232554e-01 -1.7406826e+00  5.0731725e-01 -5.5339062e-01
  5.4933083e-01  8.0165498e-02 -1.5049288e+00  1.2302367e-01]
[ 0.22939208  0.08357889  0.7615707   0.09876382  2.2432647  -0.00393886
 -0.55207664 -0.01311734 -0.45060378 -1.7456677   0.60217595 -0.6084388
  0.5325734   0.14124262 -1.5897657   0.21899387]
[ 0.21594472  0.11215131  0.822435    0.09979657  2.184711    0.0952061
 -0.5516332  -0.01953086 -0.42401153 -1.7504383   0.5182618  -0.5229824
  0.56084305  0.08052245 -1.5728728   0.09652521]
[ 0.21714249  0.0820243   0.7318196   0.17756799  2.2512546  -0.01244362
 -0.5332638  -0.04556464 -0.48653144 -1.7400668   0.64130294 -0.61972225
  0.5447601   0.18398593 -1.6485634   0.20255356]
[ 0.2111048   0.09394585  0.7976106   0.10785387  2.2073014   0.07134167
 -0.5541781  -0.00512364 -0.41697913 -1.7569313   0.5741307  -0.56456155
  0.5676692   0.07108433 -1.568805    0.10875519]
[ 0.2329684   0.08730929  0.75672793  0.15326068  2.2716258  -0.0089741
 -0.5230559  -0.06818891 -0.52195215 -1.7229946   0.63678443 -0.63103276
  0.5140724   0.16540523 -1.6073303   0.21258631]
[ 0.19480507  0.08219133  0.80244446  0.0802711   2.2241452   0.06218798
 -0.57898235 -0.00780514 -0.46544534 -1.7433523   0.5459968  -0.5540592
  0.6238265   0.08620042 -1.5006188   0.09304632]
[ 2.2633080e-01 -6.2662957e-04  7.4434108e-01  1.7019752e-01
  2.2892015e+00 -8.2941083e-03 -5.1949328e-01 -6.7408659e-02
 -5.5306250e-01 -1.6918491e+00  5.9279764e-01 -6.7476118e-01
  6.2730241e-01  1.7592014e-01 -1.5574865e+00  1.9342403e-01]
[ 0.21520571  0.07755981  0.796584    0.0901743   2.2519844   0.03964805
 -0.5294677  -0.06985803 -0.53020936 -1.7251698   0.58569634 -0.6269795
  0.62192535  0.14105053 -1.524915    0.13229321]
[ 0.17411096  0.09998237  0.8184055   0.04216356  2.236249    0.06481884
 -0.5619419  -0.02913889 -0.52148914 -1.7502257   0.57584524 -0.58761406
  0.64133877  0.12879403 -1.4867022   0.10008792]
[ 0.18959329  0.04294116  0.8377619   0.06250401  2.1915917   0.13549142
 -0.5580298  -0.01297342 -0.4880983  -1.7261446   0.4917926  -0.56247675
  0.68088967  0.04968064 -1.4453022   0.05421073]
[ 0.19591746  0.06812157  0.7771417   0.13184306  2.2563457   0.02181801
 -0.5312783  -0.05572534 -0.54298985 -1.7061685   0.60107076 -0.62857455
  0.60571563  0.15800789 -1.533389    0.12716988]
[ 0.17392944  0.04740102  0.8402864   0.04706942  2.1860518   0.11561575
 -0.5590452   0.01272067 -0.4920867  -1.7148539   0.4977345  -0.56878394
  0.66524196  0.06988996 -1.4311582   0.05354396]
[ 1.96165681e-01 -4.68936574e-04  8.15420270e-01  5.41033335e-02
  2.26250958e+00  3.31241898e-02 -5.39213181e-01 -3.90080474e-02
 -5.49300075e-01 -1.67556250e+00  5.17602801e-01 -6.28246009e-01
  6.86153889e-01  1.54054403e-01 -1.45392680e+00  1.11846946e-01]
[ 0.21201465  0.0346394   0.82523954  0.11549176  2.1957817   0.08175235
 -0.50192845 -0.05829787 -0.55221575 -1.6737957   0.4876253  -0.5923446
  0.68016183  0.15545854 -1.5104401   0.04402903]
[ 2.2490549e-01  5.8194846e-02  8.7410468e-01  2.3516392e-02
  2.1012392e+00  1.8806762e-01 -5.1863855e-01 -3.4021467e-03
 -4.6262759e-01 -1.7161381e+00  4.0996918e-01 -5.4068345e-01
  6.8926287e-01  3.2165617e-02 -1.4174185e+00  7.4543356e-04]
[ 0.25111714  0.11602894  0.854194    0.05168787  2.1556668   0.09122119
 -0.5081158  -0.03875843 -0.47680062 -1.7241917   0.5338095  -0.590541
  0.5540345   0.11924897 -1.5143473   0.07024054]
[ 0.19684538  0.09241541  0.89358234  0.01733273  2.1043797   0.17629567
 -0.55516636  0.01940981 -0.4244116  -1.7467825   0.4730466  -0.52308977
  0.6119286   0.05142548 -1.4553163   0.01028133]
[ 0.2179795   0.05866897  0.8783285   0.04664858  2.1332932   0.15799296
 -0.5401693  -0.02291809 -0.46835023 -1.7113714   0.4458316  -0.532348
  0.63506836  0.05064933 -1.4475623   0.04197248]
[ 0.2594295   0.03943623  0.793095    0.15472946  2.1984468   0.05083842
 -0.5115349  -0.0633056  -0.5407183  -1.6932837   0.52348286 -0.6160633
  0.60210884  0.13915698 -1.5473849   0.15806718]
[ 0.27353916  0.07709721  0.8330215   0.07793366  2.1310623   0.11147382
 -0.5280279  -0.0066857  -0.44254446 -1.7413403   0.50014645 -0.5757423
  0.5977396   0.03292181 -1.5126802   0.11755158]
[ 0.26953667  0.10208943  0.769303    0.083849    2.2460923  -0.00941054
 -0.52082324 -0.04178002 -0.48898107 -1.7433031   0.61173    -0.63204867
  0.48778048  0.11929353 -1.5590694   0.25559795]
[ 0.21791759  0.11323835  0.7705228   0.06676128  2.2319384   0.0384953
 -0.5798708  -0.01034194 -0.44738778 -1.7679704   0.5587252  -0.5533045
  0.5714239   0.07298316 -1.5162307   0.18168297]
[ 0.24785264  0.03852179  0.6920719   0.15280953  2.3200443  -0.06916016
 -0.5370153  -0.0412339  -0.5125934  -1.7259623   0.61763585 -0.6562469
  0.55662495  0.15927856 -1.6028442   0.31134436]
[ 0.25290802  0.08313487  0.7057801   0.18288179  2.2795215  -0.03198882
 -0.5242074  -0.06637062 -0.48611784 -1.7330542   0.6367488  -0.63829976
  0.50868344  0.15207419 -1.6391392   0.26692024]
[ 0.22631185  0.1133564   0.72686     0.11275582  2.2734933  -0.04326709
 -0.56153864 -0.00528646 -0.4686633  -1.759702    0.6595138  -0.61474097
  0.5009467   0.14607623 -1.6088448   0.25151458]
[ 0.2190255   0.06197663  0.7669357   0.11422114  2.257959    0.01849225
 -0.5774629   0.01796546 -0.4201192  -1.7548211   0.5566784  -0.56121844
  0.54798555  0.0731848  -1.5658883   0.19264796]
[ 0.22732136  0.0396345   0.7148863   0.19649133  2.322071   -0.06400473
 -0.5311758  -0.05943601 -0.5205656  -1.7121868   0.61093    -0.64382094
  0.5716995   0.19218923 -1.6364727   0.24088638]
[ 0.19942716  0.05371323  0.73299     0.16726808  2.2762644  -0.01708158
 -0.5363708  -0.03498799 -0.49445993 -1.7390645   0.6261066  -0.63627374
  0.61165375  0.16788319 -1.6205133   0.18925893]
[ 0.22428432  0.08434097  0.7707833   0.08648828  2.2702851   0.01004669
 -0.5430833  -0.03499428 -0.4823737  -1.74209     0.5932696  -0.61333966
  0.56302625  0.13114423 -1.558107    0.18783326]
[ 0.20160416  0.11400662  0.79417074  0.11134331  2.2266095   0.02705869
 -0.54400474 -0.02990173 -0.47575378 -1.7544028   0.60665405 -0.58737576
  0.5566352   0.15934758 -1.5978531   0.13682643]
[ 0.19430552  0.07655288  0.8178736   0.0954864   2.184728    0.08453824
 -0.5497147   0.01092363 -0.42630166 -1.7573105   0.54315394 -0.566573
  0.5835451   0.07691361 -1.5376968   0.11409005]
[ 0.23385267  0.07029518  0.78493094  0.15448844  2.231217    0.02251993
 -0.5111159  -0.07767236 -0.5114848  -1.7134117   0.5813761  -0.6311631
  0.5335864   0.15745386 -1.567951    0.19045407]
[ 0.21146533  0.0835891   0.80330527  0.11973729  2.1790097   0.03728419
 -0.5454392  -0.03587984 -0.4883336  -1.7332767   0.56239647 -0.5981614
  0.58111185  0.14887002 -1.5415971   0.16237707]
[ 1.93392128e-01  3.06388494e-02  8.39214444e-01  7.55805373e-02
  2.14604664e+00  1.20685175e-01 -5.59555948e-01  1.90534885e-03
 -4.35524762e-01 -1.73912179e+00  4.80221927e-01 -5.52904963e-01
  6.76534295e-01  6.21093921e-02 -1.47265112e+00  7.71332532e-02]
[ 0.22175916  0.08708041  0.78669167  0.14657348  2.2140946   0.03833431
 -0.511689   -0.08447735 -0.5252728  -1.7275578   0.5713855  -0.6038388
  0.57034236  0.17070419 -1.5627484   0.15513322]
[ 0.17443731  0.10932708  0.8200976   0.06224642  2.1654365   0.10453709
 -0.58482295  0.02665171 -0.4187994  -1.7684733   0.5365637  -0.54100174
  0.59355026  0.07931526 -1.5051352   0.09077458]
[ 2.0711216e-01  8.0180570e-02  7.9935205e-01  1.0573397e-01
  2.1999707e+00  7.0512682e-02 -5.5577290e-01 -9.2166662e-04
 -4.2334351e-01 -1.7582500e+00  5.5251831e-01 -5.7032424e-01
  5.6638241e-01  6.2420584e-02 -1.5346427e+00  1.4500365e-01]
[ 0.18488905  0.08758324  0.7419778   0.15295596  2.2714257  -0.02456548
 -0.53776205 -0.06195404 -0.5115828  -1.7347414   0.65564835 -0.62618625
  0.5383456   0.19085033 -1.5856254   0.2057354 ]
[ 0.1723209   0.07329827  0.8130773   0.08296221  2.192933    0.07253744
 -0.5757143   0.0073118  -0.45045438 -1.7433996   0.52003586 -0.5501262
  0.60872805  0.08972693 -1.4886662   0.12131882]
[ 0.23014286  0.0192475   0.74660385  0.17309844  2.2561574  -0.01169354
 -0.52908677 -0.05735102 -0.5103285  -1.6972702   0.56729764 -0.64979476
  0.566183    0.18035822 -1.5685174   0.23372912]
[ 0.2716944   0.0926773   0.78672004  0.16646251  2.1514878   0.02709187
 -0.49989715 -0.05622508 -0.48150414 -1.7293259   0.55755854 -0.60375535
  0.49825478  0.16063465 -1.5966005   0.20279185]
[ 0.2249527   0.08251278  0.82695216  0.06411523  2.1206563   0.09778861
 -0.5766765   0.04178744 -0.37067184 -1.7631165   0.4944338  -0.5300279
  0.5341234   0.05770716 -1.51332     0.15583065]
[ 0.23836856  0.08757199  0.81731033  0.09534353  2.1654575   0.07367141
 -0.5548222  -0.00507843 -0.4028333  -1.7484081   0.49303126 -0.5168828
  0.5316203   0.0763732  -1.5614154   0.15794115]
[ 0.26240376  0.06826936  0.71298677  0.20298712  2.2359214  -0.0322471
 -0.5315684  -0.04340542 -0.47439796 -1.7159092   0.59002703 -0.6043139
  0.48016977  0.17490831 -1.6749918   0.29956445]
[ 0.24066481  0.09249298  0.7596475   0.14056191  2.1929545   0.03429376
 -0.56880766  0.01332176 -0.38949642 -1.7590176   0.5455639  -0.54002327
  0.53725505  0.07473695 -1.61304     0.18633941]
[ 0.25840363  0.06687616  0.70204556  0.20246764  2.2734637  -0.0544677
 -0.52949625 -0.04114561 -0.46856657 -1.7180593   0.64261067 -0.6229389
  0.45063764  0.16992088 -1.692269    0.3102625 ]
[ 0.21764064  0.07784197  0.75578177  0.1120579   2.257885    0.01476171
 -0.5932168   0.01799792 -0.40137583 -1.7219579   0.54993534 -0.5246178
  0.5116526   0.08284398 -1.5903803   0.1807572 ]
[ 0.22417338  0.00944124  0.6649217   0.21870542  2.3366015  -0.09090368
 -0.5494955  -0.03853665 -0.51041555 -1.6814026   0.6524693  -0.6639451
  0.56068945  0.20589475 -1.6880112   0.29848394]
[ 0.2444025   0.00476737  0.70498574  0.20423818  2.335797   -0.05338808
 -0.52493876 -0.06657462 -0.5061803  -1.6739969   0.6154785  -0.6563021
  0.54978496  0.16968486 -1.6591074   0.25942212]
[ 0.22262307  0.06847031  0.7239894   0.18842745  2.293378   -0.04718889
 -0.5069376  -0.07981311 -0.5509347  -1.7123129   0.6485643  -0.6400045
  0.5494873   0.2161442  -1.637585    0.21050386]
[ 0.18821736  0.07373215  0.77411383  0.09667991  2.2420628   0.04464002
 -0.5718765   0.00311968 -0.4519585  -1.7521722   0.5738121  -0.5797229
  0.6043959   0.07960947 -1.5194943   0.14070645]
[ 0.22077613  0.04872197  0.7496103   0.13931604  2.3117218  -0.03183378
 -0.5328757  -0.06768863 -0.55408573 -1.7005802   0.61216086 -0.6505473
  0.5741712   0.17752954 -1.5516734   0.20303807]
[ 0.20994762  0.05275722  0.768956    0.14228985  2.2468643   0.00922613
 -0.5379369  -0.04600973 -0.53299385 -1.7001699   0.59557116 -0.6247956
  0.620154    0.17500368 -1.566616    0.13240385]
[ 2.10569143e-01  2.93858238e-02  8.40473354e-01  4.68283519e-02
  2.19007754e+00  1.24072455e-01 -5.55266678e-01  1.44608913e-03
 -4.75865066e-01 -1.69973123e+00  4.67941940e-01 -5.58616281e-01
  6.76545262e-01  5.55100739e-02 -1.44650078e+00  3.64046209e-02]
[ 0.25281456  0.04673198  0.8020719   0.12878886  2.243961    0.03198911
 -0.49318916 -0.08407284 -0.5627062  -1.6887804   0.54417825 -0.64269453
  0.616659    0.15447797 -1.5302439   0.12579913]
[ 0.24448815  0.09774514  0.83870566  0.0541084   2.1790729   0.07181013
 -0.5268353  -0.01952619 -0.4809025  -1.7377231   0.5459242  -0.60544556
  0.57721364  0.10222252 -1.5036552   0.10813037]
[ 0.22141781  0.07742468  0.884848    0.04273794  2.139056    0.15320079
 -0.53635776 -0.02295134 -0.47265166 -1.7571516   0.49491063 -0.56422454
  0.64985555  0.0493108  -1.4591359   0.04249907]
[ 0.2291605   0.09283464  0.7999585   0.09072217  2.2350972   0.04669281
 -0.53043747 -0.07464956 -0.53541195 -1.7354734   0.5843348  -0.61749065
  0.5765889   0.13457868 -1.5091256   0.15953705]
[ 2.3491254e-01  7.6554134e-02  8.2490444e-01  4.7216251e-02
  2.1766124e+00  1.1424068e-01 -5.5698138e-01 -1.8462657e-03
 -4.6197867e-01 -1.7380018e+00  4.8925394e-01 -5.5732453e-01
  6.3412446e-01  3.8424321e-02 -1.4712845e+00  9.6858636e-02]
[ 2.58298278e-01  7.71789476e-02  7.52743304e-01  1.00630686e-01
  2.26053381e+00  1.03566644e-03 -5.27017355e-01 -5.18163443e-02
 -5.06979465e-01 -1.73384404e+00  6.14040077e-01 -6.52443886e-01
  5.98491549e-01  1.16775617e-01 -1.54954195e+00  1.89231709e-01]
[ 0.21520738  0.09518479  0.7826349   0.05435635  2.2788815   0.00714563
 -0.54587024 -0.0307446  -0.50236714 -1.746546    0.6252821  -0.61778694
  0.57514775  0.12470539 -1.5257753   0.1566687 ]
[ 0.2095516   0.09073818  0.8104353   0.03697913  2.2343554   0.07936142
 -0.5721426  -0.00752099 -0.46789235 -1.740353    0.53185445 -0.5526285
  0.6242775   0.06603201 -1.4914551   0.09371071]
[ 0.25291592  0.04147967  0.7413217   0.12542629  2.2920575  -0.04045811
 -0.53318334 -0.03816869 -0.52586985 -1.711216    0.60711324 -0.66018313
  0.5715453   0.1613757  -1.5660415   0.23033202]
[ 0.27774128  0.05041848  0.77635723  0.14965785  2.2224486   0.01025555
 -0.50967973 -0.04795092 -0.50465834 -1.7215189   0.58138305 -0.65403605
  0.55465114  0.13106315 -1.5727097   0.20394227]
[ 0.29156417  0.0747441   0.8201636   0.05534407  2.1950743   0.01870787
 -0.5350591  -0.01998619 -0.48526365 -1.743809    0.55355227 -0.61319065
  0.51459605  0.10543092 -1.5075084   0.2247535 ]
[ 0.26426435  0.05868311  0.8374181   0.06796765  2.144911    0.07777323
 -0.55211943  0.00323954 -0.45335406 -1.726758    0.4596855  -0.5450525
  0.58465195  0.06364735 -1.4943969   0.15709284]
[ 0.2663746   0.01885791  0.7333514   0.14275488  2.247793   -0.02220089
 -0.5368451  -0.03560507 -0.5081539  -1.7038397   0.55037135 -0.6333829
  0.613848    0.14489578 -1.5764883   0.24751277]
[ 0.27743697  0.07550447  0.7586244   0.12341599  2.2460504   0.00807044
 -0.5294173  -0.03899043 -0.48753396 -1.7280334   0.56751454 -0.5901197
  0.5594139   0.11452524 -1.6105096   0.20169711]
[ 0.2456245   0.09701753  0.78340566  0.06764548  2.2367206   0.04150898
 -0.57065284  0.02105184 -0.44606742 -1.7330697   0.5701017  -0.5511464
  0.5319241   0.07103864 -1.5759445   0.15696427]
[ 2.0656462e-01  8.3896905e-02  7.4546397e-01  1.1741121e-01
  2.2903049e+00  2.4614439e-03 -5.7952213e-01 -1.4869750e-03
 -4.5531648e-01 -1.7352453e+00  6.1689270e-01 -5.7811743e-01
  5.6680119e-01  8.6102255e-02 -1.5883584e+00  1.6808103e-01]
[ 0.23196295  0.00819516  0.71974075  0.19161022  2.3381097  -0.05771687
 -0.52870065 -0.07655017 -0.58340013 -1.6803977   0.6330375  -0.68348587
  0.5732693   0.18332516 -1.5886405   0.2682187 ]
[ 0.23925035  0.01933634  0.7561729   0.15278497  2.296809   -0.02361554
 -0.5381397  -0.07386978 -0.57311714 -1.6847124   0.5829958  -0.6545969
  0.60118294  0.17071812 -1.5367101   0.21357219]
[ 0.23322073 -0.00565779  0.76091826  0.1416888   2.2655616  -0.0072711
 -0.53393936 -0.05183769 -0.5799774  -1.6795175   0.5607999  -0.6628417
  0.6639317   0.16337821 -1.5148821   0.19343433]
[ 0.25896674  0.01073356  0.7797209   0.10813335  2.2468994   0.03058888
 -0.520198   -0.059232   -0.552458   -1.6849455   0.538118   -0.6519805
  0.636947    0.11755989 -1.5014502   0.19013366]
[ 0.2758309   0.07078819  0.8104092   0.05367439  2.2179773   0.03348381
 -0.5182419  -0.04309992 -0.53023165 -1.6971052   0.5148221  -0.6020664
  0.5850292   0.11282647 -1.5092432   0.17333004]
[ 0.23898527  0.07970818  0.7868656   0.07615665  2.1910236   0.06512772
 -0.5497725  -0.00521444 -0.44722334 -1.726292    0.5341787  -0.58173054
  0.5848574   0.05535152 -1.5058768   0.15092988]
[ 0.23106205  0.0658269   0.7599636   0.10172117  2.2849693  -0.02314819
 -0.5263463  -0.05073959 -0.5176679  -1.7169125   0.609873   -0.65058976
  0.56988794  0.14732477 -1.5421827   0.20495233]
[ 0.22495551  0.09447599  0.7737242   0.12160264  2.2518055   0.0193137
 -0.5440253  -0.06166023 -0.51648015 -1.7293856   0.60455835 -0.61161673
  0.5469848   0.13682786 -1.5556921   0.19207919]
[ 0.22349569  0.05137185  0.80939996  0.09825824  2.2131581   0.07218717
 -0.5695482  -0.00361331 -0.47196206 -1.730827    0.50443935 -0.56688994
  0.60340804  0.08228601 -1.4942251   0.12535107]
[ 0.28057012  0.04575066  0.73672     0.1783897   2.2489142  -0.01680372
 -0.50397426 -0.08327162 -0.5263152  -1.7170916   0.62825185 -0.6771266
  0.5566914   0.16823271 -1.6001871   0.22886868]
[ 2.8285241e-01  1.0490738e-01  7.7395427e-01  6.3337207e-02
  2.2395275e+00  4.9937965e-04 -5.3735745e-01 -3.4111857e-02
 -4.8170394e-01 -1.7584673e+00  6.1442262e-01 -6.3259667e-01
  4.9840894e-01  1.0114769e-01 -1.5447563e+00  2.5989568e-01]
[ 0.25521237  0.10427807  0.7928239   0.05050187  2.222169    0.04759077
 -0.5656272  -0.02225189 -0.4656859  -1.7527266   0.53188485 -0.55838716
  0.5706973   0.06534406 -1.5053009   0.17824426]
[ 0.25051683  0.03268114  0.7074703   0.12689659  2.3211176  -0.06151981
 -0.54531586 -0.05367702 -0.5386349  -1.7084553   0.6284387  -0.6678774
  0.5998853   0.15858188 -1.5822551   0.2818013 ]
[ 0.22276568  0.05432839  0.71818304  0.1390363   2.31362    -0.02594149
 -0.545568   -0.06163685 -0.5220064  -1.7134392   0.6378678  -0.64197457
  0.60486585  0.14316083 -1.5866108   0.21049002]
[ 0.20508489  0.08367808  0.7513724   0.08378069  2.3136067  -0.01952971
 -0.56816304 -0.02808566 -0.54027575 -1.7173191   0.64274484 -0.619614
  0.5647661   0.14376484 -1.5460224   0.1972603 ]
[ 0.201268    0.02769783  0.7837447   0.10515537  2.2788262   0.0279459
 -0.57466877  0.00561254 -0.49218178 -1.7023745   0.5504056  -0.5990373
  0.61040753  0.09683941 -1.5172489   0.14332683]
[ 0.24944797  0.00297387  0.73915744  0.20602398  2.3047903  -0.04216319
 -0.50214654 -0.08368034 -0.5827529  -1.6663185   0.5943573  -0.6852352
  0.5927663   0.18116789 -1.5704415   0.2095352 ]
[ 0.22335403  0.00876954  0.7995802   0.10586238  2.2394261   0.01690171
 -0.5234791  -0.05148474 -0.57148105 -1.6994278   0.5457939  -0.65119255
  0.6604021   0.14790304 -1.4659455   0.16152582]
[ 0.22913346  0.02373384  0.82776564  0.04518557  2.2181878   0.05043734
 -0.53561664 -0.0349066  -0.52892405 -1.6908182   0.49597526 -0.6215277
  0.6636883   0.11320472 -1.4423134   0.13349937]
[ 0.24653879  0.05753566  0.8210613   0.09669307  2.2061005   0.07375085
 -0.5126506  -0.06067223 -0.5353404  -1.7168424   0.5041224  -0.6211786
  0.6569308   0.11310987 -1.4992435   0.11614642]
[ 0.24037457  0.1057872   0.83385503  0.04772308  2.1776977   0.08718799
 -0.5252818  -0.03358049 -0.486933   -1.7489154   0.55802065 -0.5998273
  0.6217724   0.08448849 -1.5057839   0.08766726]
[ 0.20663652  0.11444864  0.8563471   0.03298544  2.1772645   0.13406727
 -0.5521653  -0.01028754 -0.43168727 -1.7623949   0.53553635 -0.56201166
  0.57451296  0.0420346  -1.4829518   0.07186288]
[ 0.20589003  0.14124191  0.8249804   0.03460585  2.2068067   0.0817001
 -0.5539037  -0.03637386 -0.46385717 -1.7700033   0.59176385 -0.57531106
  0.58284646  0.08303219 -1.5052354   0.0966521 ]
[ 0.22371212  0.07497235  0.7634492   0.09424217  2.2807336  -0.01172198
 -0.5351891  -0.06638996 -0.5414378  -1.7421963   0.6465884  -0.667978
  0.58648646  0.15545073 -1.5191371   0.20589438]
[ 0.2336106   0.07182635  0.78388083  0.10368416  2.2587273   0.03807637
 -0.5365504  -0.08713311 -0.53689516 -1.7307873   0.6063255  -0.65602505
  0.604431    0.13102344 -1.5094458   0.17209725]
[ 0.23524256  0.09852554  0.8119276   0.06978454  2.2179961   0.04068071
 -0.52696484 -0.05461066 -0.5214056  -1.7486317   0.5847025  -0.62183535
  0.59988207  0.12503523 -1.5197561   0.15577814]
[ 0.18431522  0.07925475  0.8022278   0.0525813   2.2096486   0.08682226
 -0.55786484 -0.02080504 -0.47810763 -1.7646652   0.5521691  -0.5839306
  0.65721875  0.06521147 -1.4556773   0.11722919]
[ 0.20736328  0.07362232  0.7748004   0.0890957   2.2779908   0.01438125
 -0.53630066 -0.06522117 -0.55589193 -1.7263101   0.5863265  -0.63366544
  0.6080629   0.14174116 -1.4872799   0.17922783]
[ 0.18961737  0.06983217  0.7672006   0.10517578  2.2384171   0.01697448
 -0.56468725 -0.0152054  -0.49938375 -1.7344253   0.60388196 -0.61440253
  0.60799253  0.14090775 -1.5230834   0.15711136]
[ 0.19570342  0.02909151  0.84395474  0.06921991  2.1803193   0.10910914
 -0.5666717   0.02039268 -0.4611279  -1.7193941   0.47380456 -0.56044114
  0.6532532   0.05334267 -1.4377886   0.06126864]
[ 0.2530828   0.03976984  0.778576    0.13324289  2.2378657  -0.00372867
 -0.51504076 -0.04723704 -0.524999   -1.7051048   0.5600535  -0.6335641
  0.5636102   0.15978578 -1.5379096   0.18928185]
[ 0.24984875  0.08011248  0.8616015   0.04632002  2.133966    0.08393129
 -0.5441884   0.02088288 -0.43926468 -1.7414892   0.45900512 -0.55023795
  0.58147156  0.0793964  -1.4809539   0.1060452 ]
[ 0.27920872  0.05880962  0.78692687  0.12972382  2.1711438   0.02847361
 -0.51426774 -0.02957486 -0.45982844 -1.7370278   0.5328943  -0.6150852
  0.5361661   0.13046499 -1.5732625   0.22403769]
[ 0.26942843  0.11775124  0.8155986   0.07194997  2.1571264   0.04810291
 -0.542004   -0.01361262 -0.41498202 -1.7682377   0.54371995 -0.56349564
  0.5173663   0.11411798 -1.5857055   0.18042228]
[ 0.19873151  0.10027061  0.8198444   0.10129423  2.1481903   0.10289261
 -0.57106984  0.03830727 -0.3676884  -1.7811272   0.5178816  -0.51250255
  0.5778285   0.06882955 -1.6086731   0.11107023]
[ 0.20629373  0.08010985  0.783004    0.1188578   2.2452762   0.06049116
 -0.5738924   0.00276285 -0.41831103 -1.7578919   0.5507787  -0.5315027
  0.5800897   0.07495815 -1.6000715   0.12382697]
[ 0.22762999  0.07220332  0.70096636  0.20358586  2.3161151  -0.03979981
 -0.536773   -0.04805199 -0.51335585 -1.7152681   0.65435135 -0.6298088
  0.5148662   0.16966037 -1.6675647   0.23880836]
[ 0.20492542  0.07962145  0.7564926   0.11586218  2.268357    0.00928055
 -0.5697373   0.00282232 -0.44616905 -1.7412071   0.6076299  -0.5865716
  0.5720184   0.08984531 -1.5802292   0.16281992]
[ 0.21584597  0.03340751  0.74068975  0.15278581  2.3186297  -0.03987095
 -0.5335462  -0.06840302 -0.55245    -1.700084    0.6313152  -0.6752183
  0.55529946  0.18630782 -1.5602834   0.24402909]
[ 0.2235905   0.04318411  0.7691161   0.14176115  2.2673573  -0.00368625
 -0.5414261  -0.06271835 -0.53688383 -1.6989167   0.57653725 -0.6349052
  0.5650654   0.18093577 -1.5443889   0.20339227]
[ 0.25331938  0.03631418  0.8104373   0.15159202  2.1750736   0.04910173
 -0.52313244 -0.03453539 -0.5096154  -1.7172467   0.4981757  -0.6055857
  0.6059812   0.13745277 -1.542862    0.16237873]
[ 0.29189357  0.04680239  0.7975315   0.13486901  2.1379514   0.06143887
 -0.503074   -0.03943475 -0.47084063 -1.7193142   0.519262   -0.6041125
  0.5537995   0.11317555 -1.5666007   0.19398935]
[ 0.25062284  0.08022596  0.83138406  0.02956434  2.1239133   0.11526233
 -0.56787133  0.0342684  -0.3961555  -1.717284    0.45630127 -0.5079886
  0.576179    0.02706689 -1.5062256   0.11702528]
[ 0.21934243  0.04434254  0.7499373   0.08480145  2.2371187   0.01755163
 -0.5747741   0.0407486  -0.40860724 -1.7418242   0.52746123 -0.54850596
  0.6167777   0.06267439 -1.5645158   0.18477198]
[ 0.2440402   0.02641335  0.7125477   0.16805221  2.3373168  -0.07237421
 -0.51621383 -0.03891036 -0.5078865  -1.6941948   0.6020776  -0.6341465
  0.5663099   0.17824842 -1.6582603   0.23486337]
[ 0.20392103  0.08658348  0.72392523  0.17393827  2.302046   -0.03258453
 -0.536557   -0.04623051 -0.49926582 -1.7442205   0.67635095 -0.63543224
  0.55290943  0.18336903 -1.6595055   0.19634575]
[ 0.18459761  0.10611925  0.78473955  0.08688378  2.2674413   0.04518868
 -0.56531376 -0.0083754  -0.44667274 -1.7644749   0.60311806 -0.583528
  0.5761405   0.0801672  -1.5421157   0.12120806]
[ 0.17611219  0.06461121  0.7645585   0.12788318  2.3248572  -0.01865457
 -0.537505   -0.07109229 -0.5507453  -1.7221556   0.6450059  -0.6595352
  0.59741294  0.1880754  -1.547952    0.16498117]
[ 0.1857039   0.05480875  0.79481506  0.12931402  2.2528744   0.03551574
 -0.5323111  -0.0633578  -0.53139925 -1.7128334   0.58299977 -0.6449078
  0.62062454  0.15831943 -1.5210128   0.13624892]
[ 0.19221705  0.04611647  0.8394011   0.10043029  2.2075038   0.08900068
 -0.5239378  -0.06605566 -0.5339739  -1.7241102   0.53978086 -0.6308037
  0.66598076  0.1442341  -1.4759445   0.07377723]
[ 0.22089854  0.07328804  0.87343377  0.08265676  2.1413548   0.12902056
 -0.50643843 -0.05713399 -0.51640093 -1.7308855   0.5121171  -0.599968
  0.634174    0.11160244 -1.4773649   0.05271994]
[ 1.7996927e-01  8.2281843e-02  8.9453661e-01  9.3124155e-03
  2.1107671e+00  1.9575657e-01 -5.5891025e-01  3.0109466e-03
 -4.4200888e-01 -1.7492431e+00  4.6210879e-01 -5.3923976e-01
  6.6124457e-01  4.0863965e-02 -1.4082819e+00  1.9415616e-04]
[ 0.21032736  0.09445461  0.8734134   0.03103734  2.1305537   0.16149622
 -0.5377278  -0.01835056 -0.46224475 -1.7447195   0.4768137  -0.5420877
  0.64993274  0.04442324 -1.4477794   0.02361891]
[ 0.20994537  0.08131162  0.7772981   0.05931277  2.244192    0.03642263
 -0.54003495 -0.03753082 -0.5030926  -1.7391939   0.5955671  -0.61475164
  0.5964283   0.13132817 -1.509539    0.1588593 ]
[ 0.20657392  0.10507818  0.82831115  0.04304022  2.1687615   0.12280168
 -0.54135925 -0.02302992 -0.45445237 -1.7351726   0.50751036 -0.5343633
  0.61146843  0.06161516 -1.4820296   0.05974568]
[ 0.2097427   0.07427897  0.7664664   0.09538786  2.2469375   0.00571979
 -0.548416   -0.02567017 -0.4963867  -1.7379452   0.60656154 -0.62131834
  0.5744027   0.15718742 -1.5441704   0.18413594]
[ 0.20718627  0.06580426  0.84843236  0.08650353  2.1586595   0.11696062
 -0.5490495   0.00409184 -0.44557458 -1.7379526   0.4769856  -0.5366257
  0.6138061   0.06378347 -1.4943666   0.06543874]
[ 0.24117737  0.03568398  0.7807783   0.15489319  2.2125683   0.0170124
 -0.5285295  -0.03975252 -0.52159685 -1.7108018   0.54555595 -0.6061542
  0.5596197   0.16953182 -1.551966    0.18931326]
[ 0.25999096  0.0403958   0.85647166  0.05785087  2.1067007   0.11180923
 -0.556995    0.03969803 -0.42895406 -1.7162063   0.4023412  -0.52249235
  0.61425614  0.04600544 -1.4747798   0.11047014]
[ 0.30669203  0.00422396  0.75460505  0.15323429  2.1870356  -0.01133421
 -0.51875347 -0.00355967 -0.46473354 -1.6800598   0.51151496 -0.60868895
  0.5264478   0.13746803 -1.609726    0.26515347]
[ 0.27457848  0.04817362  0.8107627   0.07876196  2.1510856   0.05427942
 -0.54721034  0.05093931 -0.39025652 -1.7216047   0.43992996 -0.51546776
  0.5696234   0.06621926 -1.5800282   0.15743956]
[ 0.27386722  0.04013301  0.74383706  0.15374342  2.2557216  -0.04249515
 -0.5221184   0.00463416 -0.4382167  -1.7070444   0.5548798  -0.58556044
  0.5137442   0.15383068 -1.6927378   0.24179244]
[ 0.24653935  0.08285093  0.7796699   0.13995948  2.2204509   0.04839705
 -0.5610922   0.01444877 -0.40588862 -1.7385445   0.51971173 -0.5263599
  0.5306889   0.07028905 -1.6445395   0.17002082]
[ 0.24521331  0.07040519  0.70002425  0.20724013  2.2920167  -0.05826722
 -0.5405857  -0.03063433 -0.47507763 -1.7197548   0.65578467 -0.6186009
  0.50657696  0.18013051 -1.7083676   0.24096183]
[ 0.23358817  0.06051313  0.7817821   0.12615418  2.245387    0.02294717
 -0.55998236  0.01573947 -0.429669   -1.7391878   0.56498396 -0.57626015
  0.5325998   0.08913182 -1.6078207   0.1864552 ]
[ 0.24984524  0.04775412  0.7202021   0.18997271  2.30774    -0.0624752
 -0.53370506 -0.06290344 -0.5201818  -1.7022474   0.63410383 -0.6516614
  0.5007604   0.19561091 -1.6367286   0.27310967]
[ 0.25689277  0.04252085  0.7494321   0.17405933  2.250957   -0.02525592
 -0.54057485 -0.03253412 -0.5065503  -1.7219309   0.5746555  -0.6313655
  0.5492902   0.15879941 -1.6075376   0.2582751 ]
[ 0.28649798  0.0222613   0.7376774   0.18122184  2.2356708  -0.01289965
 -0.5206003  -0.05425481 -0.48904914 -1.6994255   0.5631638  -0.64348346
  0.53511226  0.1380265  -1.6113813   0.28134903]
[ 0.26705575  0.07242723  0.74253744  0.14035699  2.2242754  -0.01877897
 -0.53821164 -0.02739182 -0.47393733 -1.7248226   0.57549524 -0.59242886
  0.5314506   0.13678692 -1.6124535   0.24675485]
[ 0.23789783  0.04953173  0.74808896  0.10688198  2.2291844   0.01645743
 -0.5731608   0.02892072 -0.41396633 -1.7341124   0.52968156 -0.5589352
  0.5512416   0.06420515 -1.5663496   0.23364735]
[ 0.24672362  0.03691543  0.69130933  0.16339378  2.326172   -0.0917875
 -0.5459785  -0.01287461 -0.46602845 -1.7099212   0.61396515 -0.6305939
  0.5295314   0.17052022 -1.6513084   0.27977303]
[ 0.26658764  0.04799108  0.696482    0.22094801  2.2788835  -0.05814508
 -0.51958644 -0.03477535 -0.48614454 -1.7097018   0.63510746 -0.6339518
  0.4958187   0.17445683 -1.6930687   0.2673173 ]
[ 2.3549633e-01  6.1227120e-02  7.5866973e-01  9.2714071e-02
  2.2686775e+00 -8.5513445e-04 -5.8457488e-01  2.0377453e-02
 -4.1822949e-01 -1.7401173e+00  5.6709325e-01 -5.6430787e-01
  5.5813849e-01  8.1137940e-02 -1.5722417e+00  1.8403737e-01]
[ 0.21933024  0.04172301  0.71463823  0.17699307  2.3175278  -0.06505641
 -0.53581434 -0.05023869 -0.5274272  -1.7221578   0.6538494  -0.65277404
  0.5737871   0.20175631 -1.6404299   0.24150808]
[ 0.21547551  0.04955167  0.74899876  0.12822786  2.3034966  -0.02218297
 -0.5529217  -0.03407413 -0.50009173 -1.7238233   0.6212254  -0.63068134
  0.5724224   0.161521   -1.602347    0.21204086]
[ 0.20132563  0.06182172  0.77556336  0.14758924  2.275536    0.00949099
 -0.53684753 -0.04893559 -0.5212843  -1.7173535   0.5939891  -0.61741084
  0.6107429   0.16654952 -1.5961324   0.14015672]
[ 0.21202724  0.05488297  0.75830096  0.1547751   2.2225013   0.03087566
 -0.5251254  -0.04357629 -0.51757014 -1.7005913   0.5912527  -0.6230923
  0.58534807  0.14112131 -1.5706775   0.17547819]
[ 0.22681026  0.04871395  0.8274391   0.06127694  2.1615725   0.10578589
 -0.55312157 -0.00822234 -0.47010773 -1.6839107   0.48068112 -0.54664266
  0.6049534   0.06808683 -1.4434385   0.06489648]
[ 2.2083333e-01  1.6681995e-02  7.7677721e-01  1.4788519e-01
  2.2135680e+00  8.6831895e-04 -5.1966774e-01 -3.8747329e-02
 -5.3473371e-01 -1.6770642e+00  5.6032813e-01 -6.3972771e-01
  6.2042987e-01  1.7600302e-01 -1.5399961e+00  1.6235861e-01]
[ 0.23530865  0.0212985   0.85164183  0.06778082  2.1453876   0.09449732
 -0.522884   -0.01155602 -0.49338603 -1.6995049   0.46039277 -0.5703155
  0.6297517   0.08771098 -1.4534113   0.10255213]
[ 0.23236446  0.06801881  0.811955    0.15134862  2.1799235   0.05861751
 -0.50727683 -0.08331966 -0.52495784 -1.7357966   0.53468317 -0.6016202
  0.6189542   0.17348897 -1.546372    0.11527691]
[ 0.21663532  0.09963222  0.845537    0.05568764  2.107024    0.15037942
 -0.5548623   0.01935757 -0.40489823 -1.7654728   0.48002052 -0.53375006
  0.60160434  0.03540531 -1.4936965   0.08635541]
[ 0.22833645  0.1202099   0.7838977   0.05892387  2.191979    0.08069309
 -0.55872655 -0.01193749 -0.4243515  -1.7555819   0.56346464 -0.5587937
  0.54407257  0.05636625 -1.5127654   0.14116725]
[ 0.21149369  0.10778368  0.74181265  0.09108177  2.2782953  -0.02457954
 -0.5680505  -0.01350823 -0.4836296  -1.742376    0.6372342  -0.60431546
  0.53138334  0.14806823 -1.5792168   0.21660686]
[ 2.0740910e-01  5.4983340e-02  7.7200264e-01  1.1348071e-01
  2.2450635e+00  3.7979834e-02 -5.6309181e-01  5.6793692e-04
 -4.4098967e-01 -1.7405466e+00  5.4512405e-01 -5.6453305e-01
  5.8028030e-01  8.5123025e-02 -1.5446784e+00  1.5843089e-01]
[ 0.24262266  0.05418722  0.7343402   0.20198712  2.2764676  -0.02968702
 -0.50922096 -0.08526304 -0.53118664 -1.7069652   0.6123543  -0.6506354
  0.5373049   0.19969262 -1.6165558   0.21849003]
[ 2.4639764e-01  8.9584649e-02  7.6597130e-01  1.2754183e-01
  2.2185938e+00 -1.8201799e-03 -5.3641450e-01 -2.6089977e-02
 -4.7129622e-01 -1.7425878e+00  6.1197662e-01 -6.2422067e-01
  5.2346051e-01  1.5864131e-01 -1.6004403e+00  2.0806012e-01]
[ 0.22805634  0.07022852  0.84785306  0.06859647  2.1792932   0.11054321
 -0.55270195 -0.00954053 -0.4375053  -1.7408333   0.5002041  -0.54003435
  0.59887034  0.05798415 -1.5118492   0.07479762]
[ 0.22901487  0.06550942  0.77285427  0.13795301  2.264358    0.00966984
 -0.53415334 -0.06321821 -0.5304343  -1.7177292   0.57616854 -0.60469604
  0.6111734   0.16933663 -1.5944054   0.15441717]
[ 0.22802877  0.05779485  0.8106946   0.08054705  2.1976066   0.09506808
 -0.55004054 -0.00395004 -0.4639644  -1.7251923   0.5034994  -0.5617936
  0.6391154   0.04940771 -1.5124753   0.10050652]
[ 0.22706524  0.07161269  0.75409544  0.12711215  2.277414   -0.0076312
 -0.53164685 -0.0524163  -0.5238162  -1.72148     0.621271   -0.6416216
  0.58843964  0.14745963 -1.5654856   0.1760839 ]
[ 0.22282603  0.07180235  0.8067602   0.0748693   2.2511773   0.01603156
 -0.5464127  -0.02184171 -0.51182693 -1.7275822   0.6026932  -0.6254613
  0.5583374   0.13042054 -1.5254805   0.16976213]
[ 0.22057176  0.05710351  0.8256415   0.07662009  2.2044144   0.08261897
 -0.5619368  -0.01809454 -0.49222717 -1.7186552   0.5229931  -0.5748417
  0.59665215  0.07376769 -1.4813197   0.13257377]
[ 0.23293638  0.01550988  0.75022584  0.17042807  2.2625532  -0.01811219
 -0.52321464 -0.07334172 -0.571918   -1.6929495   0.5669554  -0.6606419
  0.6475611   0.16717598 -1.5260746   0.2007523 ]
[ 0.24747106  0.0272132   0.7709067   0.12327061  2.2369974   0.02206986
 -0.51515776 -0.05784948 -0.5253021  -1.7116144   0.5494363  -0.6524702
  0.61656314  0.11833377 -1.5156496   0.21421532]
[ 0.23333411  0.10058454  0.80092907  0.0468464   2.2066286   0.03633019
 -0.5433448  -0.03225117 -0.48697537 -1.7454579   0.5593351  -0.5916554
  0.5861659   0.11732586 -1.4941409   0.15375467]
[ 0.23186669  0.10403305  0.7703738   0.08914088  2.20459     0.02666947
 -0.5586318   0.00468265 -0.44279528 -1.7686813   0.5757556  -0.5860354
  0.5309711   0.10382328 -1.5484413   0.2113544 ]
[ 2.3114343e-01  7.6807663e-02  8.1605929e-01  9.5792368e-02
  2.1953175e+00  6.9381706e-02 -5.6399870e-01  1.0717213e-03
 -4.1035873e-01 -1.7548990e+00  5.2466077e-01 -5.5749863e-01
  5.4532063e-01  7.4991204e-02 -1.5415068e+00  1.4413355e-01]
[ 0.24150404  0.09678259  0.75083923  0.16154575  2.2417655  -0.01432647
 -0.52135247 -0.04422857 -0.47666207 -1.7390267   0.63498837 -0.617052
  0.5119125   0.18206027 -1.6554295   0.19293182]
[ 0.2280064   0.0782662   0.7928006   0.07830088  2.210042    0.06133196
 -0.56046724  0.00686814 -0.41653252 -1.7467506   0.5393587  -0.5567367
  0.55298495  0.0701663  -1.5349214   0.14373806]
[ 0.26336533  0.06298213  0.7589692   0.13612893  2.2682528  -0.01489307
 -0.5353107  -0.04869757 -0.4968621  -1.7151821   0.5789177  -0.6196346
  0.55932665  0.16152766 -1.608228    0.19692455]
[ 0.2636683   0.08131161  0.7558142   0.14652446  2.2354198  -0.00290024
 -0.51986086 -0.04862723 -0.48628935 -1.7290237   0.6336637  -0.64121294
  0.52025473  0.16275983 -1.6386249   0.21377687]
[ 0.25058427  0.0997854   0.8162414   0.06668963  2.2078242   0.08004905
 -0.55571634 -0.02063777 -0.44784847 -1.7352527   0.5496805  -0.5537238
  0.5544235   0.066284   -1.5375657   0.10417569]
[ 0.23337749  0.05331896  0.75927365  0.1404062   2.2807317  -0.01565014
 -0.5512543  -0.04354617 -0.5460967  -1.7083393   0.611762   -0.62545574
  0.5848464   0.1606194  -1.5772107   0.18958604]
[ 2.4252097e-01  6.9403825e-03  7.9130715e-01  1.2044253e-01
  2.2114191e+00  5.2978236e-02 -5.5070323e-01  2.1937757e-03
 -4.8862267e-01 -1.6971309e+00  5.1106101e-01 -5.8684736e-01
  6.3141751e-01  6.5071546e-02 -1.5209813e+00  1.5465440e-01]
[ 0.2519544   0.02142676  0.73524624  0.16809186  2.2778597  -0.03272812
 -0.51212984 -0.08676071 -0.5854206  -1.6834787   0.6023276  -0.66435266
  0.61911774  0.17378426 -1.542667    0.20524204]
[ 0.24611302  0.03497397  0.7693663   0.07581736  2.2646923  -0.00994523
 -0.55496633 -0.01717764 -0.54850787 -1.7041061   0.5652052  -0.63488334
  0.6192287   0.11019514 -1.4772488   0.20977059]
[ 0.24734226  0.00909281  0.7920911   0.05674572  2.2219067   0.03084626
 -0.5694574   0.01981184 -0.5057776  -1.6997375   0.5086832  -0.5790003
  0.66737044  0.07324797 -1.4545033   0.12719122]
[ 0.24101953  0.03457312  0.7515793   0.14883804  2.2777956  -0.02236686
 -0.5246658  -0.05167783 -0.53910637 -1.715908    0.5813961  -0.655252
  0.6220988   0.14459963 -1.5520643   0.2069808 ]
[ 0.25420937  0.07439571  0.77735615  0.04849185  2.2548585  -0.00347519
 -0.5278233  -0.02845781 -0.49761462 -1.7306178   0.5808796  -0.6377262
  0.5706642   0.11871962 -1.5202004   0.215173  ]
[ 0.24739365  0.11420633  0.7796712   0.0803055   2.2380936   0.01102204
 -0.5384193  -0.04923213 -0.49760142 -1.7372805   0.58471453 -0.6066452
  0.5350131   0.13641723 -1.539976    0.19092903]
[ 0.24634042  0.07084431  0.78618604  0.12027613  2.2062874   0.02282428
 -0.5426091  -0.01635566 -0.4636117  -1.7413296   0.5738285  -0.6092126
  0.52899396  0.13098231 -1.5726982   0.20682772]
[ 2.3054294e-01  7.8963585e-02  8.4309626e-01  9.6143529e-02
  2.1548629e+00  8.7669522e-02 -5.4830164e-01 -2.6956201e-04
 -4.1889033e-01 -1.7558575e+00  5.0525498e-01 -5.4980260e-01
  5.8921444e-01  7.8529514e-02 -1.5547938e+00  1.0831678e-01]
[ 2.3812243e-01  6.6480845e-02  7.6449668e-01  1.7781961e-01
  2.2303994e+00  2.9316545e-04 -5.2430218e-01 -5.6011528e-02
 -5.0861531e-01 -1.7395836e+00  5.7945257e-01 -6.1503899e-01
  5.4205680e-01  1.6787082e-01 -1.6036575e+00  2.2846422e-01]
[ 0.24489164  0.06120869  0.80852145  0.08765944  2.1831098   0.08407055
 -0.5818168   0.0166809  -0.42867947 -1.7507689   0.47900325 -0.5368301
  0.59688663  0.04829986 -1.5113071   0.14627323]
[ 0.25720653  0.05081074  0.7242405   0.1835117   2.2580323  -0.03980649
 -0.53535086 -0.01446161 -0.47098717 -1.7305542   0.61083424 -0.62802917
  0.5516824   0.14892223 -1.6563915   0.23786953]
[ 0.23837228  0.0887786   0.7722316   0.09472606  2.2440138   0.01999867
 -0.5611639   0.01784163 -0.4095327  -1.7555612   0.5663645  -0.56674653
  0.522215    0.0699197  -1.587373    0.1935434 ]
[ 0.21444885  0.08617035  0.7295476   0.1125793   2.326982   -0.066416
 -0.563424   -0.01545335 -0.48465925 -1.7480072   0.62396204 -0.6157564
  0.5432622   0.16826186 -1.6124144   0.25025383]
[ 0.214686    0.05655234  0.7132009   0.20039615  2.296407   -0.03133398
 -0.54226166 -0.02943458 -0.47324175 -1.7301286   0.630265   -0.6319658
  0.5445413   0.15910104 -1.65469     0.22512165]
[ 0.24813242  0.06790479  0.741043    0.18176529  2.2626464  -0.00644399
 -0.5203994  -0.0477507  -0.4688495  -1.7245286   0.6069927  -0.6285292
  0.51235783  0.15064698 -1.638171    0.21058783]
[ 0.2604115   0.11944084  0.7784177   0.13141239  2.2049308   0.00684289
 -0.535698   -0.0281133  -0.44657198 -1.748275    0.6114421  -0.59890157
  0.47238928  0.14042109 -1.619113    0.1983074 ]
[ 0.21486387  0.07660618  0.8125602   0.07891814  2.1811614   0.06241256
 -0.5676929   0.02530372 -0.41281828 -1.764877    0.53472376 -0.54822314
  0.5766742   0.08407291 -1.5372832   0.12899223]
[ 0.2600521   0.05541481  0.7605278   0.17332888  2.2443547  -0.00471868
 -0.5168042  -0.0710691  -0.49806976 -1.7276491   0.5749339  -0.6251332
  0.5504956   0.16812485 -1.6165918   0.22088881]
[ 0.26654088  0.10583043  0.76828825  0.13124627  2.208716    0.01647042
 -0.53190225 -0.03378324 -0.45259747 -1.7654368   0.5851129  -0.5933235
  0.5200528   0.12892494 -1.6254613   0.21945651]
[ 0.24243037  0.10651336  0.77966195  0.08252439  2.1969094   0.05253166
 -0.5603595   0.00856836 -0.39948684 -1.7820574   0.5756055  -0.5606783
  0.5723392   0.04485847 -1.5692748   0.1560247 ]
[ 0.23963967  0.09458905  0.7173247   0.12463908  2.3106704  -0.05150877
 -0.55200475 -0.04248698 -0.49438792 -1.7320659   0.6572319  -0.6337477
  0.4831497   0.14437102 -1.6022174   0.2870599 ]
[ 0.2084331   0.0849157   0.7770894   0.09184419  2.256967    0.02352108
 -0.5798503  -0.00309688 -0.45888057 -1.7352886   0.581882   -0.56737566
  0.5728153   0.09808986 -1.5648034   0.15986662]
[ 0.20704985  0.00575745  0.69728535  0.1821462   2.3311286  -0.06608883
 -0.54193234 -0.0506419  -0.52252835 -1.6892388   0.6559089  -0.6842724
  0.59795356  0.19137332 -1.6180977   0.2515123 ]
[ 0.21445207  0.02836985  0.74348944  0.1650616   2.3185737  -0.01294076
 -0.5172118  -0.08998553 -0.5696208  -1.6772912   0.6149387  -0.65653455
  0.598583    0.18192694 -1.572182    0.17647834]
[ 0.22944495  0.0654613   0.7874366   0.11098528  2.2512622   0.02544447
 -0.531802   -0.05416502 -0.542594   -1.6976525   0.5701102  -0.61309814
  0.5911561   0.14645453 -1.5454261   0.15313739]
[ 0.23829198  0.05745877  0.8095153   0.0806895   2.1933494   0.07818912
 -0.5482279  -0.00716679 -0.46580106 -1.7186142   0.514056   -0.5755045
  0.62313217  0.0629813  -1.4917705   0.09445979]
[ 0.26408812  0.04412926  0.7919382   0.13352084  2.2276921   0.01492015
 -0.4952682  -0.08190815 -0.5672878  -1.6985557   0.570948   -0.65946716
  0.5791077   0.16328405 -1.5171928   0.1772099 ]
[ 0.273619    0.07610817  0.83603394  0.02488413  2.1672897   0.05393106
 -0.54948044 -0.01944679 -0.49223977 -1.7074039   0.5223037  -0.59424734
  0.54157287  0.11130228 -1.4737831   0.17768273]
[ 0.28229547  0.02147257  0.8600424   0.07214251  2.0992744   0.12529352
 -0.5462185   0.00723769 -0.4623158  -1.7059265   0.4071489  -0.54052037
  0.6217917   0.0379827  -1.4583534   0.12526321]
[ 0.32149678  0.00444292  0.7585888   0.17673092  2.1999736  -0.00836988
 -0.5034466  -0.0586208  -0.5097558  -1.6911561   0.53292996 -0.6427045
  0.555601    0.13071395 -1.5916824   0.27497092]
[ 0.27782613  0.06126149  0.79778004  0.07060868  2.180738    0.04625274
 -0.5645817   0.01958478 -0.44843143 -1.7303013   0.50069296 -0.54780525
  0.57284266  0.04817899 -1.538173    0.20177571]
[ 0.25608975  0.05197819  0.7315756   0.12941778  2.2641628  -0.00927942
 -0.5772413   0.01072218 -0.4449984  -1.7407494   0.54145175 -0.57208025
  0.5460038   0.05494164 -1.5775425   0.28662232]
[ 0.27595636  0.02847036  0.65545696  0.17198078  2.3583386  -0.1331975
 -0.55574304 -0.02088628 -0.4980902  -1.7085549   0.6228255  -0.6541074
  0.49646106  0.1572439  -1.635017    0.39301655]
[ 0.28703108  0.04284697  0.64739716  0.22011468  2.3192925  -0.11895039
 -0.5373839  -0.03195927 -0.49239883 -1.7044233   0.66316766 -0.6666224
  0.45813173  0.17537999 -1.6931088   0.3839797 ]
[ 0.28766537  0.03929215  0.683256    0.14911771  2.3211215  -0.1189311
 -0.56073856  0.01171935 -0.43935767 -1.7136654   0.618866   -0.6393908
  0.44292587  0.14777705 -1.6586834   0.38235158]
[ 0.28571135  0.02835919  0.6900954   0.2317365   2.2994175  -0.10485025
 -0.5311864  -0.0211142  -0.46509418 -1.7096674   0.58660924 -0.62660444
  0.46724233  0.18034391 -1.7181816   0.35930565]
[ 0.28744397  0.01801914  0.6776142   0.24721949  2.2879875  -0.0929627
 -0.52384084 -0.02497447 -0.45115966 -1.7094982   0.5943021  -0.63752615
  0.46729845  0.18274903 -1.7318993   0.36096793]
[ 0.26432443  0.06966536  0.6863373   0.22737655  2.275456   -0.07006574
 -0.53286636 -0.02987948 -0.4322117  -1.7462736   0.6281496  -0.6201108
  0.4822449   0.16829073 -1.7328657   0.31249145]
[ 0.26191363  0.07952482  0.7020659   0.18299906  2.2828727  -0.06011135
 -0.5566474  -0.0058059  -0.4283463  -1.7478844   0.6316613  -0.5983119
  0.44983077  0.13594738 -1.7080333   0.3288393 ]
[ 0.2557622   0.07236496  0.7159973   0.15627608  2.2842932  -0.04398934
 -0.5868214   0.03211316 -0.39818522 -1.7543917   0.5813052  -0.5512139
  0.48547715  0.09095843 -1.6598446   0.26966465]
[ 0.29053298  0.03179521  0.6519022   0.25176919  2.3219     -0.12524866
 -0.52169216 -0.04030497 -0.48371738 -1.7091293   0.6683314  -0.6771829
  0.45159888  0.19975209 -1.741678    0.3830191 ]
[ 0.26330385  0.06799184  0.6838865   0.1868582   2.316575   -0.10627329
 -0.5440874  -0.03005536 -0.44658393 -1.7481911   0.67278546 -0.6582123
  0.4618133   0.17066905 -1.6977288   0.35866624]
[ 0.23944144  0.08255605  0.7139551   0.18695113  2.3171418  -0.07706557
 -0.54960835 -0.05501587 -0.48539653 -1.7489418   0.650174   -0.6349104
  0.48853296  0.18517378 -1.6783842   0.31587124]
[ 0.23315927  0.06524146  0.7087368   0.1895912   2.3009183  -0.04428375
 -0.5641581  -0.03705684 -0.46310034 -1.7373798   0.627478   -0.6223389
  0.51774246  0.15514883 -1.6722548   0.29210538]
[ 0.23437922  0.05841205  0.6893168   0.2257292   2.2960944  -0.05885372
 -0.537377   -0.04379541 -0.47303182 -1.7204307   0.6483952  -0.6375189
  0.5250699   0.17461137 -1.6851965   0.2521389 ]
[ 0.20138212  0.05529812  0.71669734  0.17710283  2.29345    -0.04058991
 -0.54557395 -0.02566545 -0.4716073  -1.7373435   0.6597376  -0.6317371
  0.53972363  0.16870777 -1.6503112   0.2374758 ]
[ 0.17253835  0.07146882  0.77979517  0.11173252  2.2888465   0.02624184
 -0.5792295  -0.0120589  -0.45321935 -1.7449815   0.5768744  -0.5686754
  0.56360674  0.10786842 -1.5495193   0.15500434]
[ 0.20402947  0.04930777  0.704836    0.2154657   2.3203053  -0.04632974
 -0.52949333 -0.07729682 -0.54929125 -1.7088935   0.6368945  -0.658677
  0.58207285  0.20317802 -1.6232014   0.22481413]
[ 0.21120664  0.04751698  0.7508222   0.14726485  2.2781491   0.00233908
 -0.53525674 -0.05052345 -0.51021004 -1.7225807   0.6051618  -0.6495879
  0.62347275  0.14464493 -1.5622147   0.16581312]
[ 0.20122278  0.07373529  0.7841811   0.11110269  2.256398    0.01651287
 -0.52541167 -0.05216797 -0.51119703 -1.7296104   0.6107771  -0.6266071
  0.59247977  0.16276196 -1.5588732   0.13969085]
[ 0.19124219  0.10342386  0.8477267   0.02242305  2.1684852   0.12482126
 -0.55218333 -0.00669742 -0.45454836 -1.7454889   0.49250436 -0.53641003
  0.62051535  0.08034653 -1.4671905   0.05562297]
[ 0.23598573  0.05235862  0.7958905   0.10762756  2.22889     0.02754833
 -0.53080213 -0.02925188 -0.49231023 -1.7196004   0.55303425 -0.62724435
  0.5838829   0.14999047 -1.5499569   0.16044284]
[ 0.26812214  0.07271804  0.83087397  0.14587957  2.151602    0.07438745
 -0.50112665 -0.03916783 -0.4671463  -1.7390573   0.5368816  -0.612563
  0.5523525   0.11163127 -1.5850041   0.14491454]
[ 0.26313478  0.09498225  0.87497056  0.04626937  2.1002305   0.12207825
 -0.54590887  0.00966552 -0.41255444 -1.7564757   0.47118363 -0.5292038
  0.53431827  0.04239774 -1.4900308   0.12120874]
[ 0.26581156  0.06158983  0.8294817   0.07054317  2.1464715   0.0588199
 -0.5601756   0.01750004 -0.42566222 -1.7505474   0.45833564 -0.54651976
  0.5569219   0.06763972 -1.4983925   0.19756195]
[ 0.30450645  0.03144335  0.7325278   0.16897088  2.223568   -0.04397053
 -0.53021455 -0.03217786 -0.46789226 -1.7233881   0.5495264  -0.6391295
  0.50987846  0.14724083 -1.6136739   0.3351678 ]
[ 0.3135612   0.08446973  0.7462136   0.15212643  2.2031481  -0.02227593
 -0.5389107  -0.00839823 -0.42271954 -1.7547009   0.5578085  -0.5874392
  0.4513258   0.11770855 -1.6593246   0.31911528]
[ 0.24662638  0.07988824  0.7611426   0.12670875  2.2176495   0.0091415
 -0.5891026   0.05610799 -0.36398855 -1.7700942   0.53510153 -0.5346
  0.4973305   0.06696651 -1.640312    0.25067306]
[ 0.24125583  0.06964596  0.70853984  0.17636815  2.30411    -0.04222053
 -0.5784248   0.02185132 -0.3979328  -1.7537277   0.59880507 -0.5558831
  0.48789865  0.09338871 -1.6987727   0.27413335]
[ 0.2524914   0.03996665  0.6378759   0.22911406  2.385762   -0.12178178
 -0.5505871  -0.0420651  -0.4926184  -1.7001152   0.6773332  -0.6516906
  0.48971525  0.19504853 -1.744067    0.3462016 ]
[ 0.23713736  0.04594738  0.66458094  0.20080738  2.3616402  -0.1070656
 -0.5546936  -0.01758922 -0.47716588 -1.7100146   0.6793283  -0.64538354
  0.5148098   0.18244703 -1.7187725   0.29249665]
[ 0.22933681  0.0289024   0.6855556   0.21578875  2.3576667  -0.07954371
 -0.5339369  -0.0511703  -0.50326526 -1.6944401   0.664962   -0.6666835
  0.51993454  0.1980671  -1.693038    0.2697792 ]
[ 0.23232126  0.04967433  0.74446297  0.18805398  2.3077908  -0.03152417
 -0.5281051  -0.0505045  -0.50673854 -1.7099631   0.6091956  -0.6334361
  0.5347747   0.17881742 -1.6517878   0.21400948]
[ 0.22874522  0.04760023  0.7535957   0.1924121   2.2688038  -0.00600131
 -0.5307983  -0.05913116 -0.5203935  -1.7069095   0.5902731  -0.6332925
  0.57532775  0.1706728  -1.6055866   0.18116097]
[ 0.23460472  0.0169566   0.792147    0.14215161  2.2335224   0.04005206
 -0.5233973  -0.05237791 -0.5255802  -1.7030302   0.54871285 -0.6389462
  0.6486427   0.14200464 -1.5498557   0.13930719]
[ 0.2662901   0.07148314  0.8170935   0.09226695  2.197803    0.06410146
 -0.5154108  -0.06089213 -0.5077327  -1.7024437   0.5350269  -0.60422766
  0.59057176  0.10515571 -1.5406075   0.13741723]
[ 0.2588959   0.08877297  0.83229524  0.03954605  2.1627767   0.10123005
 -0.5438452  -0.00966172 -0.47087964 -1.7351164   0.4850542  -0.558844
  0.5913092   0.04932661 -1.4703343   0.126592  ]
[ 0.29347652  0.06421245  0.7723459   0.10993495  2.2356095  -0.01692633
 -0.5194662  -0.04599555 -0.4965333  -1.7288173   0.59751874 -0.6560203
  0.5313577   0.13115111 -1.5692507   0.24638836]
[ 0.2692493   0.10303662  0.775215    0.11046499  2.2368197   0.00812116
 -0.52499205 -0.05353601 -0.48701897 -1.7495358   0.62184244 -0.6338452
  0.49529308  0.12029514 -1.5916643   0.24902181]
[ 0.21891256  0.09377171  0.7818453   0.07692118  2.2394748   0.05075489
 -0.5727581  -0.02651651 -0.4773108  -1.7495161   0.5570797  -0.5646991
  0.58729875  0.07396428 -1.5181586   0.17667127]
[ 0.24317722  0.02763997  0.68083155  0.14279467  2.3492827  -0.06850334
 -0.54719865 -0.06099575 -0.54317576 -1.7018105   0.6214241  -0.6619402
  0.59421384  0.16312341 -1.5825624   0.29444486]
[ 0.2471699   0.05934439  0.6999165   0.17386425  2.3036535  -0.03259284
 -0.5221673  -0.07358881 -0.52207077 -1.7090349   0.64271116 -0.6621046
  0.54659593  0.1490162  -1.6088943   0.2571383 ]
[ 0.24638113  0.10882322  0.70637524  0.10789423  2.2940588  -0.063628
 -0.55619264 -0.02120942 -0.49718976 -1.7258095   0.6617879  -0.63298094
  0.46378636  0.14376357 -1.5690442   0.28414553]
[ 0.2309659   0.0391969   0.7924621   0.09918211  2.2442164   0.0144303
 -0.5876074   0.02974643 -0.45492107 -1.7288845   0.5292556  -0.57324255
  0.55085236  0.09295494 -1.5166197   0.18582925]
[ 0.2877751  -0.01736766  0.71964395  0.20802131  2.277659   -0.07701208
 -0.5255871  -0.04254424 -0.51429    -1.6826108   0.5633013  -0.66254675
  0.5489859   0.18143412 -1.6150172   0.30065936]
[ 0.2830181   0.01231058  0.73160475  0.18549232  2.2411973  -0.04040615
 -0.5171765  -0.0475802  -0.5105993  -1.7020266   0.55400056 -0.64165795
  0.58701146  0.1680592  -1.6128178   0.2588418 ]
[ 3.0328891e-01  6.0345490e-02  7.6843053e-01  8.6674914e-02
  2.2230139e+00 -1.3816655e-04 -5.4209614e-01 -9.3489261e-03
 -4.5883265e-01 -1.7576888e+00  5.3335053e-01 -5.9834063e-01
  5.6564295e-01  8.3202794e-02 -1.5736034e+00  2.6649350e-01]
[ 2.99834102e-01  8.85538459e-02  7.56909013e-01  1.04918025e-01
  2.24095130e+00 -2.00670492e-02 -5.43618679e-01 -1.17211044e-03
 -4.44250256e-01 -1.74452174e+00  5.70492864e-01 -5.81797957e-01
  4.81488138e-01  9.62804854e-02 -1.62605095e+00  2.72199303e-01]
[ 0.24006894  0.09846763  0.737589    0.12462487  2.2444751  -0.01340737
 -0.57481056  0.029652   -0.40796104 -1.7632082   0.60476196 -0.5745238
  0.5099171   0.08219139 -1.636433    0.24709573]
[ 0.2244145   0.05065484  0.6899699   0.14572039  2.34836    -0.09858187
 -0.56634533 -0.02328547 -0.4713667  -1.7354653   0.6707844  -0.6527077
  0.5327641   0.15851733 -1.6533327   0.33014813]
[ 0.21711597  0.03894793  0.7138097   0.19799551  2.3441396  -0.06859483
 -0.54447585 -0.0604514  -0.5268202  -1.7064768   0.6279883  -0.63664395
  0.5450265   0.19101119 -1.6533782   0.26954278]
[ 0.20487747  0.02850085  0.6967406   0.19810478  2.3207757  -0.05765951
 -0.54841816 -0.05552523 -0.5315933  -1.7003657   0.64011353 -0.6590613
  0.59314775  0.20317683 -1.6336348   0.24860437]
[ 0.21809523  0.04144205  0.74601823  0.17055476  2.2875857  -0.00905285
 -0.5271198  -0.05511492 -0.49707213 -1.7119461   0.62174714 -0.65529686
  0.57593983  0.14991923 -1.6123765   0.20299149]
[ 0.2142237   0.08350341  0.76803315  0.13917264  2.264271    0.00766225
 -0.52082604 -0.0698543  -0.5252048  -1.7070414   0.6112888  -0.62136745
  0.5298308   0.1602708  -1.5738213   0.1868528 ]
[ 0.2005445   0.06814882  0.8274169   0.07868186  2.1958137   0.08051006
 -0.5699259  -0.01415283 -0.47811747 -1.7061994   0.5016752  -0.562535
  0.5905555   0.09858386 -1.4749448   0.11007581]
[ 2.5980783e-01 -1.9492686e-03  7.7822512e-01  1.7775162e-01
  2.2132716e+00  1.7589718e-02 -5.1191074e-01 -5.8343433e-02
 -5.1505101e-01 -1.6883814e+00  5.4116881e-01 -6.6010725e-01
  5.8505428e-01  1.5775144e-01 -1.5579400e+00  2.1056323e-01]
[ 0.2601394   0.06975679  0.8085948   0.1394262   2.1685176   0.03599266
 -0.50334007 -0.07239331 -0.5077138  -1.7352278   0.5643543  -0.6227137
  0.55936515  0.1637584  -1.557833    0.17596284]
[ 0.21333006  0.08474387  0.86069757  0.0430755   2.1396053   0.13932815
 -0.57644546  0.00899153 -0.436557   -1.7596632   0.45756665 -0.52247024
  0.5816571   0.04611829 -1.4515059   0.11834466]
[ 0.24762407  0.0690674   0.7869475   0.09107354  2.1896498   0.0790595
 -0.5752655  -0.00320777 -0.43914872 -1.7488581   0.50000477 -0.5463641
  0.5969832   0.04701607 -1.5178638   0.17121089]
[ 0.25083807  0.06972291  0.69159776  0.17869598  2.288454   -0.05229913
 -0.5362037  -0.03897718 -0.49129802 -1.7135289   0.6556172  -0.6379949
  0.5314124   0.14647242 -1.6535507   0.25931817]
[ 0.18708214  0.07580674  0.7278918   0.08680053  2.3032684  -0.00653158
 -0.58596987  0.01760791 -0.43906417 -1.7393872   0.6073663  -0.57627237
  0.5761212   0.07919619 -1.5515219   0.18486145]
[ 0.20293942  0.04759939  0.7219043   0.12541206  2.357458   -0.07531782
 -0.55206895 -0.03430792 -0.5282755  -1.7066368   0.6345819  -0.64301807
  0.55644345  0.17569576 -1.5882337   0.25478035]
[ 0.22577246  0.0433289   0.7074491   0.20607266  2.302611   -0.04914161
 -0.528495   -0.06742592 -0.5205618  -1.7004158   0.6440885  -0.671383
  0.53975886  0.19622594 -1.6273283   0.24765757]
[ 0.24567834  0.06698333  0.76666343  0.17690517  2.2378933   0.00600263
 -0.5036966  -0.0760944  -0.513183   -1.7221572   0.62111175 -0.66722447
  0.5405682   0.16810764 -1.5933168   0.19236651]
[ 0.22148629  0.09222554  0.81638974  0.09118293  2.205705    0.04932422
 -0.527878   -0.04988735 -0.4911252  -1.7530069   0.5920938  -0.6112363
  0.5645505   0.13359752 -1.5363152   0.1484695 ]
[ 0.21185279  0.09362144  0.84517515  0.04970287  2.1594214   0.11754934
 -0.54681    -0.02257564 -0.45555624 -1.7474473   0.47997683 -0.538067
  0.5980517   0.06008684 -1.4631503   0.10458322]
[ 0.2323254   0.07868918  0.75832665  0.13227601  2.2197938   0.02545459
 -0.53098637 -0.05958001 -0.50755244 -1.7469585   0.58071434 -0.62354743
  0.6052901   0.15053491 -1.5590516   0.19191924]
[ 0.22823343  0.10942314  0.7585491   0.10456894  2.2173002   0.02101122
 -0.5295517  -0.0422275  -0.4705046  -1.7683837   0.6524681  -0.6190817
  0.54651755  0.13649599 -1.5826967   0.18389408]
[ 0.17712565  0.12698592  0.7988742   0.05270702  2.2167118   0.09037779
 -0.58796567  0.00810044 -0.4165432  -1.7671082   0.57606614 -0.5387907
  0.5316521   0.05978261 -1.5046629   0.12266894]
[ 0.18663253  0.09937887  0.77453554  0.09444843  2.2545252   0.03840674
 -0.5849734  -0.00507056 -0.45851547 -1.7465559   0.5691869  -0.5555846
  0.5822965   0.09010122 -1.528126    0.13574207]
[ 0.20398779  0.02048725  0.70367664  0.19332942  2.3121076  -0.04435067
 -0.5248267  -0.06406911 -0.52603924 -1.6937984   0.63985604 -0.6856247
  0.604226    0.19490099 -1.6086038   0.2218142 ]
[ 0.20764323  0.0870529   0.7542955   0.14238317  2.2613873   0.01207211
 -0.50760704 -0.09138341 -0.53439826 -1.7161751   0.61986244 -0.64353085
  0.5504757   0.17485042 -1.5452751   0.17562123]
[ 0.21373358  0.12866151  0.8052214   0.04469203  2.1993718   0.05159318
 -0.5545535  -0.0222848  -0.46635628 -1.7462305   0.5788993  -0.57758456
  0.54386646  0.14273086 -1.520429    0.12495527]
[ 0.20986179  0.06104805  0.84328955  0.08948094  2.1376355   0.13605565
 -0.54087853  0.00435935 -0.41683426 -1.7327597   0.48792943 -0.5479564
  0.6165725   0.06272583 -1.5119846   0.04425694]
[ 0.24812178  0.07606639  0.8018116   0.13563474  2.2051558   0.05698311
 -0.4965127  -0.08713644 -0.5063856  -1.7133185   0.5949957  -0.616475
  0.5694776   0.16192542 -1.5902174   0.10335462]
[ 0.19754723  0.09097908  0.86051714  0.01297309  2.1602864   0.14561178
 -0.56507015  0.00817271 -0.4375971  -1.7526772   0.49845305 -0.5281517
  0.64140517  0.04341161 -1.4607742   0.02771466]
[ 0.22511652  0.0563479   0.8068134   0.07086548  2.2101378   0.08539261
 -0.5530968  -0.01363638 -0.47359878 -1.7354524   0.5150418  -0.56761515
  0.6395105   0.05750256 -1.4901456   0.11226726]
[ 0.25400516  0.06669727  0.7532526   0.13740946  2.26588    -0.01327069
 -0.5247061  -0.06684257 -0.55463845 -1.715626    0.6068028  -0.6471604
  0.5616654   0.15516248 -1.5452013   0.21492128]
[ 0.25770828  0.05205489  0.7677779   0.07700331  2.2227566  -0.0082769
 -0.5641099   0.00518457 -0.4911697  -1.731508    0.57741153 -0.62257844
  0.56930876  0.10912076 -1.5125027   0.24089222]
[ 2.2585359e-01 -2.0289838e-03  8.4218252e-01  7.0548415e-02
  2.1720576e+00  6.6826388e-02 -5.6184709e-01 -3.8580031e-03
 -4.9707848e-01 -1.7039343e+00  4.6123591e-01 -5.5749089e-01
  6.6811109e-01  5.1735677e-02 -1.4461432e+00  1.6035587e-01]
[ 0.25024146 -0.02044628  0.76517844  0.14754009  2.2321057  -0.03642762
 -0.5362798  -0.06590284 -0.5734913  -1.6770731   0.5086948  -0.63425696
  0.64406884  0.16714156 -1.5226046   0.3025984 ]
[ 2.39168406e-01 -1.55605969e-03  7.84633636e-01  1.08844794e-01
  2.19054317e+00  3.17034568e-03 -5.43883264e-01 -9.68088210e-03
 -5.11135638e-01 -1.70457387e+00  4.90333259e-01 -6.07746363e-01
  6.47123873e-01  1.32968754e-01 -1.50692344e+00  2.37948805e-01]
[ 0.23925123  0.03459645  0.7749206   0.1561382   2.2100685   0.00580683
 -0.52347994 -0.03219943 -0.48607558 -1.717027    0.5490792  -0.6103073
  0.5569293   0.13575248 -1.5863793   0.24125135]
[ 0.1780999   0.08786309  0.8026837   0.07413603  2.2056167   0.04329697
 -0.5808744   0.01050405 -0.43648797 -1.7408578   0.5279643  -0.548573
  0.55692124  0.1110564  -1.5357869   0.19256206]
[ 0.14755061  0.07522522  0.7662581   0.16548088  2.240539    0.0474719
 -0.56947005 -0.03503697 -0.46222425 -1.7253882   0.5201248  -0.5568596
  0.5701915   0.11487235 -1.5638834   0.21427345]
[ 0.19978762  0.00521212  0.69419587  0.2637525   2.316007   -0.03012032
 -0.53453434 -0.09118252 -0.522093   -1.6547642   0.5775951  -0.65288246
  0.53029     0.21233745 -1.6498497   0.28641352]
[ 0.2109417   0.05653224  0.7406462   0.22620293  2.2421188   0.00809054
 -0.53758967 -0.05028365 -0.47789422 -1.671983    0.5782536  -0.6137009
  0.484183    0.18242562 -1.6529287   0.22284432]
[ 2.1083529e-01  1.7603815e-03  7.8964734e-01  2.0755377e-01
  2.1728218e+00  6.6591904e-02 -5.2197653e-01  6.4068260e-03
 -4.2513508e-01 -1.6201086e+00  4.7738743e-01 -5.3605974e-01
  5.1345927e-01  1.7559366e-01 -1.6832730e+00  1.0769075e-01]
[ 0.18323055  0.02047585  0.83759344  0.17575975  2.202263    0.11445631
 -0.5399246  -0.01432152 -0.43427864 -1.6781238   0.43171993 -0.513517
  0.5853156   0.1385174  -1.6132523   0.04689893]
[ 0.22602913  0.05112828  0.7460434   0.21352163  2.2478516   0.00876242
 -0.48935834 -0.06532229 -0.5154351  -1.714926    0.58776104 -0.6113939
  0.6040414   0.21224034 -1.6821051   0.12481614]
[ 0.20454097  0.13477507  0.800259    0.06843598  2.1881301   0.11033092
 -0.5473772  -0.00564101 -0.4161269  -1.7702144   0.56586254 -0.5353673
  0.57292855  0.05618856 -1.5452149   0.06215295]
[ 0.23190406  0.12240136  0.76046556  0.0882072   2.2550838   0.00350654
 -0.55723697 -0.01256095 -0.46405536 -1.7526085   0.6292753  -0.6036035
  0.49488282  0.11970866 -1.5733002   0.20594819]
[ 0.24204814  0.08196874  0.80465966  0.0993594   2.1969204   0.04615029
 -0.5637465   0.0169198  -0.4160885  -1.7527077   0.5419074  -0.5586022
  0.5363801   0.07018112 -1.536452    0.13732564]
[ 0.24946633  0.00247121  0.7559934   0.18515943  2.2475448  -0.02334535
 -0.51467955 -0.05977347 -0.54081583 -1.6990862   0.58205736 -0.6618733
  0.5863542   0.1919321  -1.5739229   0.21985641]
[ 0.26666343  0.04598629  0.8079872   0.11285013  2.1864715   0.04277829
 -0.52541524 -0.05312803 -0.50444096 -1.7164621   0.5132812  -0.60591054
  0.58551717  0.12708242 -1.5294212   0.19424072]
[ 0.29408765  0.07863928  0.7758334   0.10915785  2.1687753   0.03286087
 -0.5364865  -0.01703952 -0.46037626 -1.7373636   0.5179279  -0.57948506
  0.5381579   0.10260733 -1.5758216   0.23832762]
[ 0.30039197  0.09605853  0.7797068   0.10029795  2.1477704   0.05462635
 -0.53935844  0.01328155 -0.39711165 -1.7643591   0.5222951  -0.5526428
  0.5110029   0.03868922 -1.5777193   0.21602952]
[ 2.8700325e-01  9.6736588e-02  7.0079148e-01  1.2308048e-01
  2.2687867e+00 -8.0878966e-02 -5.4907978e-01 -1.6624868e-03
 -4.2163339e-01 -1.7482669e+00  6.4574254e-01 -6.1918479e-01
  4.0582746e-01  1.2792309e-01 -1.6411111e+00  3.5866672e-01]
[ 0.2276015   0.09451236  0.71703553  0.11318476  2.2679524  -0.04389698
 -0.59583     0.03033569 -0.38857794 -1.7776845   0.5963339  -0.5539363
  0.504269    0.08851746 -1.6135101   0.28440896]
[ 0.2432609   0.01666953  0.6481141   0.23161241  2.353531   -0.12565841
 -0.5546127  -0.03578223 -0.4765727  -1.7104099   0.6399056  -0.65626466
  0.50095564  0.19335668 -1.7044952   0.3889595 ]
[ 0.2693082   0.04376578  0.65912473  0.2598511   2.3199854  -0.09576233
 -0.52348536 -0.05911856 -0.48261824 -1.7062502   0.6332347  -0.64567876
  0.4756317   0.19749196 -1.7268931   0.33249718]
[ 0.25474557  0.09447096  0.69035184  0.19220929  2.2750964  -0.07651665
 -0.54480416 -0.01530867 -0.4471642  -1.7420791   0.6735467  -0.6268537
  0.46012574  0.16909385 -1.7096955   0.30211097]
[ 0.24574308  0.07519619  0.75580853  0.11821568  2.2625732  -0.00944361
 -0.572039    0.01950787 -0.39589348 -1.743757    0.57835627 -0.562463
  0.4853886   0.08090702 -1.6244507   0.23480567]
[ 0.23406312  0.04704028  0.6997938   0.19969915  2.3284838  -0.08520673
 -0.5428661  -0.05339653 -0.50625896 -1.7102635   0.6428122  -0.6411501
  0.5275374   0.21223906 -1.6822643   0.27860597]
[ 0.24394217  0.03731931  0.71926296  0.20868483  2.2796679  -0.04084744
 -0.5263649  -0.04417539 -0.48753634 -1.7199961   0.62393486 -0.645509
  0.5307778   0.17435445 -1.6767708   0.27134046]
[ 0.2498757   0.07319959  0.7260537   0.18934119  2.2718384  -0.02651951
 -0.5245184  -0.06837153 -0.48001552 -1.725017    0.6290368  -0.6423639
  0.49762827  0.15664196 -1.644571    0.26686364]
[ 0.251452    0.1077106   0.7528168   0.14621784  2.2359796  -0.02069423
 -0.54080397 -0.03871605 -0.48058337 -1.7470608   0.6312226  -0.61532253
  0.48085412  0.14682907 -1.61931     0.25840354]
[ 2.1355477e-01  5.2311562e-02  7.5977039e-01  1.1287483e-01
  2.2419651e+00  1.1485159e-02 -5.7412851e-01  4.1729808e-04
 -4.3496737e-01 -1.7448813e+00  5.6948668e-01 -5.8590460e-01
  5.7631266e-01  8.5290037e-02 -1.5492681e+00  2.1361932e-01]
[ 0.22502685  0.04939919  0.7146972   0.19894847  2.3203356  -0.05141836
 -0.5281782  -0.09262956 -0.54788953 -1.7101843   0.6222938  -0.651369
  0.56581223  0.19270828 -1.6073487   0.24884948]
[ 0.1978981   0.06480808  0.724888    0.15259297  2.2940264  -0.0176085
 -0.5510868  -0.04983154 -0.5214632  -1.726643    0.6365706  -0.63031423
  0.5916505   0.17506997 -1.5970783   0.2033164 ]
[ 0.18587348  0.06839675  0.7872006   0.10198252  2.2524366   0.06901424
 -0.56566054 -0.01569896 -0.465473   -1.7236071   0.56431925 -0.57151854
  0.61229146  0.08814415 -1.530112    0.08634312]
[ 0.19474223  0.06443669  0.74982107  0.1417814   2.301131   -0.00599366
 -0.5353106  -0.05400772 -0.5377189  -1.7163906   0.64813817 -0.638256
  0.5893253   0.17814314 -1.5883865   0.1532531 ]
[ 0.1773936   0.06551267  0.824784    0.05735525  2.2469394   0.09107361
 -0.56799865 -0.01367303 -0.49576062 -1.7228445   0.5291855  -0.5595759
  0.64704096  0.07733266 -1.4629918   0.04976144]
[ 0.2263242   0.00645832  0.78269494  0.14296967  2.2750268   0.01942565
 -0.5170584  -0.07406396 -0.5922442  -1.6783174   0.55351216 -0.6614971
  0.64903104  0.17357567 -1.5015485   0.14160115]
[ 0.26154178  0.03455713  0.83031046  0.08882614  2.1816435   0.06830161
 -0.5126297  -0.05032878 -0.5437159  -1.6903389   0.49093562 -0.6302722
  0.6465938   0.11887692 -1.4710076   0.12299184]
[ 0.29868895  0.03749615  0.8540683   0.03780605  2.1379073   0.08135707
 -0.5247102  -0.01397024 -0.5100338  -1.6973155   0.46244568 -0.59146035
  0.6011225   0.0891046  -1.4547942   0.13929124]
[ 0.27880153  0.0211477   0.891893    0.01164136  2.082666    0.14054659
 -0.53782624  0.03814522 -0.4427871  -1.7061872   0.37897855 -0.5302021
  0.6615926   0.03045175 -1.4417007   0.06766092]
[ 0.2654279   0.00461762  0.8030814   0.08973298  2.2026124   0.02788376
 -0.53527725  0.00820312 -0.47047272 -1.7056293   0.49559197 -0.5989225
  0.6238862   0.10932907 -1.5563667   0.18296124]
[ 0.24815944  0.06022583  0.8194405   0.08237509  2.1869075   0.09367662
 -0.55575675  0.0143044  -0.43058324 -1.7441686   0.47292185 -0.5382942
  0.6107418   0.03792926 -1.5472698   0.13553263]
[ 0.26115793  0.07519327  0.73845905  0.1228406   2.2842815  -0.04360596
 -0.54702914 -0.00564081 -0.46545586 -1.7409073   0.6069334  -0.6149865
  0.52050316  0.1194853  -1.6163661   0.2542662 ]
[ 0.21357994  0.08203094  0.7501785   0.11739538  2.2533755  -0.0029896
 -0.5735699   0.02479504 -0.41903687 -1.759402    0.59579265 -0.5821344
  0.55209166  0.08441552 -1.5840355   0.19470926]
[ 0.22600754  0.04429886  0.7170523   0.13459678  2.3248363  -0.08060972
 -0.5568329  -0.02654658 -0.497272   -1.7177378   0.63613164 -0.65097874
  0.52756155  0.1746004  -1.596769    0.29172677]
[ 0.2522714   0.04623423  0.75748104  0.13682754  2.264069   -0.04294876
 -0.54620486 -0.02032717 -0.47536725 -1.7188332   0.56005025 -0.61742747
  0.539919    0.17340298 -1.6153593   0.25573853]
[ 0.24175945  0.02500614  0.7554759   0.203307    2.2294893  -0.01273582
 -0.519116   -0.03378867 -0.47276768 -1.7160833   0.5674016  -0.63321286
  0.5746878   0.18823811 -1.6524948   0.20126429]
[ 0.2556862   0.07440899  0.8179554   0.14025727  2.1851957   0.05266519
 -0.5228608  -0.02200088 -0.4347252  -1.7518976   0.54209846 -0.58294886
  0.52718866  0.11509415 -1.6236227   0.17348473]
[ 0.23608184  0.11234852  0.84023696  0.08430088  2.1527529   0.10007727
 -0.5668653   0.01853281 -0.38925424 -1.7537152   0.49410638 -0.5098518
  0.5276605   0.05857655 -1.5760455   0.11669509]
[ 0.23788822  0.07171344  0.7836978   0.13399303  2.204472    0.03682056
 -0.5605484   0.01813782 -0.42063522 -1.7417305   0.5331012  -0.563718
  0.5476209   0.08510251 -1.5996176   0.18067378]
[ 0.27145427  0.03893255  0.72043675  0.18680176  2.2932343  -0.04773264
 -0.5235445  -0.05438871 -0.48385745 -1.700052    0.60646033 -0.6540427
  0.5013453   0.16072415 -1.6502396   0.28419477]
[ 0.24325962  0.10033207  0.75328386  0.15208776  2.2559807  -0.01369707
 -0.53439754 -0.04300677 -0.47934085 -1.7307777   0.6091343  -0.59606165
  0.50503254  0.15716091 -1.6474518   0.21612   ]
[ 0.22862491  0.06353103  0.7826271   0.14410885  2.2135491   0.05088923
 -0.5404891  -0.00513118 -0.4470888  -1.7237532   0.53423274 -0.565673
  0.5586976   0.09563042 -1.6076834   0.16398874]
[ 0.2565817   0.06684362  0.732869    0.17416337  2.2828927  -0.03472441
 -0.54032135 -0.05614792 -0.49165392 -1.7277622   0.62024915 -0.635985
  0.5217763   0.15680906 -1.6254667   0.2486293 ]
[ 0.2765829   0.07007352  0.7350365   0.17759073  2.2446332  -0.03835412
 -0.5233797  -0.041885   -0.50069726 -1.7383837   0.6358431  -0.6450442
  0.49107513  0.16460334 -1.6342747   0.27552572]
[ 2.6964206e-01  7.0624545e-02  7.7382892e-01  8.8914111e-02
  2.2302427e+00  1.4728228e-02 -5.6292617e-01  1.2744993e-03
 -4.3068594e-01 -1.7607992e+00  5.6700045e-01 -5.8994830e-01
  5.2626145e-01  6.7096747e-02 -1.5462623e+00  2.3001342e-01]
[ 0.2815476   0.04513582  0.71950364  0.16627327  2.3041062  -0.06689922
 -0.53157884 -0.06548996 -0.53407115 -1.7218981   0.6002743  -0.65399295
  0.52432954  0.16206977 -1.6020027   0.32460442]
[ 0.25285816  0.04689292  0.70117676  0.13522309  2.300415   -0.06175388
 -0.56229746 -0.03293788 -0.4960927  -1.7232647   0.6115481  -0.6349355
  0.5689082   0.14538541 -1.6039581   0.30357197]
[ 0.22637287  0.03440537  0.70172626  0.14559242  2.316257   -0.05690299
 -0.5666801  -0.01140246 -0.49003345 -1.7289289   0.6184966  -0.6282928
  0.5811063   0.14670154 -1.6051782   0.2657489 ]
[ 0.22779426  0.04647174  0.7033576   0.17616284  2.3161025  -0.05568624
 -0.55915415 -0.011786   -0.4848794  -1.7191311   0.6170163  -0.6114453
  0.5226935   0.14581838 -1.6394975   0.27539232]
[ 0.19322999  0.02660259  0.75521624  0.13700107  2.2877567  -0.01487217
 -0.59014523  0.04211085 -0.46046215 -1.721784    0.5497785  -0.56473625
  0.5911974   0.11589819 -1.570919    0.17053565]
[ 0.22999397 -0.02444201  0.6904504   0.21908219  2.3235145  -0.06504475
 -0.5368613  -0.03500973 -0.52182937 -1.6669582   0.61062264 -0.66444635
  0.58657414  0.19342935 -1.6414267   0.24982235]
[ 2.2943032e-01 -4.8462153e-04  7.5631797e-01  1.3804950e-01
  2.2847061e+00 -2.2398140e-02 -5.3894246e-01 -1.8543640e-02
 -5.0242031e-01 -1.6700627e+00  5.4194903e-01 -6.1525601e-01
  6.0662985e-01  1.5162513e-01 -1.5772181e+00  1.8338156e-01]
[ 0.24678557  0.01417254  0.76363814  0.16336958  2.234768   -0.01107036
 -0.5171143  -0.02253921 -0.5094527  -1.6734946   0.5022882  -0.6033733
  0.61125565  0.1545594  -1.5886431   0.18230133]
[ 0.27064234  0.01976481  0.8113898   0.1043118   2.1873202   0.02681691
 -0.5056869  -0.00550312 -0.45746127 -1.6904209   0.49373108 -0.59377426
  0.57868516  0.13783064 -1.5820055   0.1502567 ]
[ 0.26848096  0.08732162  0.8268717   0.14039232  2.1477878   0.06608994
 -0.49991322 -0.03693102 -0.44768667 -1.7268298   0.53735304 -0.5821701
  0.52011925  0.1420603  -1.628149    0.12994647]
[ 0.21810186  0.08451617  0.8538372   0.04375489  2.1311164   0.14135179
 -0.56477994  0.02574201 -0.39622393 -1.7380383   0.48105592 -0.51481
  0.5662705   0.05429313 -1.5089632   0.06673311]
[ 0.21880107  0.04056532  0.847787    0.08873701  2.182232    0.10961274
 -0.55601156 -0.00259381 -0.4532636  -1.7155437   0.46442136 -0.53515863
  0.65264976  0.06516049 -1.5332754   0.06929447]
[ 0.24129927  0.01608022  0.74925345  0.1700871   2.2879567   0.01509626
 -0.5221135  -0.07571036 -0.54132456 -1.6696558   0.5789021  -0.63379323
  0.60538495  0.16206154 -1.6139767   0.17606194]
[ 0.19958524  0.05113291  0.7922825   0.06923269  2.2395318   0.08265107
 -0.5691512  -0.0037126  -0.502812   -1.6765528   0.5378106  -0.5581217
  0.6525102   0.07109331 -1.5185467   0.076314  ]
[ 0.22645883  0.00284924  0.72867185  0.10234573  2.3422017  -0.0267888
 -0.54961306 -0.0328619  -0.5645304  -1.6339306   0.5996293  -0.63524294
  0.60599566  0.14691561 -1.552899    0.18713997]
[ 0.2003549  -0.04080649  0.8258716   0.12161086  2.273345    0.07138012
 -0.5214678  -0.0307311  -0.5741435  -1.6170743   0.4725747  -0.59418184
  0.70945853  0.11610241 -1.5062361   0.03555723]
[ 0.18132672 -0.03266779  0.776827    0.13138714  2.2978444   0.01885606
 -0.50710785 -0.10041378 -0.6702925  -1.6298729   0.55831206 -0.66483825
  0.7404447   0.20056228 -1.4544921   0.09788375]
[ 0.18620408 -0.03764929  0.84717274  0.02315215  2.2216856   0.11584089
 -0.54363906 -0.0390065  -0.62658817 -1.6372782   0.43280378 -0.61781967
  0.7933318   0.09817447 -1.3091949   0.03706884]
[ 0.20364054 -0.02242362  0.879821    0.04705001  2.1635463   0.13570128
 -0.50674385 -0.03703472 -0.6096385  -1.6301893   0.40396318 -0.5984982
  0.79797477  0.09336586 -1.3576885  -0.02092875]
[ 2.1362624e-01 -4.2035579e-04  9.0435886e-01 -4.3391623e-02
  2.0865240e+00  1.9956076e-01 -5.2356058e-01  2.1190137e-02
 -5.4455835e-01 -1.6144931e+00  3.6766964e-01 -5.3681743e-01
  7.5742692e-01  2.5025439e-02 -1.3159001e+00 -5.5041324e-02]
[ 1.8785529e-01 -1.4381468e-03  9.2113340e-01 -3.9308675e-02
  2.1090097e+00  2.1203856e-01 -5.2287453e-01  6.9221286e-03
 -5.2165365e-01 -1.6384538e+00  3.5429972e-01 -5.3775024e-01
  7.6572299e-01  3.4344897e-02 -1.3133214e+00 -7.5562321e-02]
[ 0.24490075  0.01713642  0.86279315  0.04243604  2.1453867   0.10634521
 -0.46522164 -0.03424066 -0.5450796  -1.6268911   0.43905205 -0.5934208
  0.6713092   0.12016678 -1.4650036   0.02313823]
[ 1.9958517e-01  4.6174921e-02  9.0453643e-01 -2.7946234e-04
  2.0914998e+00  2.0892894e-01 -5.1500928e-01 -6.0318052e-03
 -4.7533274e-01 -1.7095468e+00  4.1394886e-01 -5.4094392e-01
  7.1898192e-01  3.5324305e-02 -1.3837168e+00 -4.7075808e-02]
[ 0.2447814   0.07575054  0.8803423   0.04797497  2.1431623   0.12177477
 -0.47221318 -0.0559119  -0.5165061  -1.7125785   0.49553126 -0.5954472
  0.63502586  0.11454745 -1.488257    0.02449788]
[ 0.20828238  0.11906014  0.8777441   0.00573425  2.0952945   0.19732173
 -0.54132146 -0.01114559 -0.43380237 -1.757205    0.4739471  -0.52689993
  0.6112312   0.02397159 -1.4219357   0.02347296]
[ 0.22118947  0.10513914  0.8595835   0.02109706  2.1259303   0.13797912
 -0.5471466  -0.00642666 -0.44418526 -1.7628834   0.49020705 -0.5446686
  0.6441601   0.04794135 -1.4471769   0.04334558]
[ 0.25427866  0.08503149  0.78087455  0.07776251  2.214315    0.0230986
 -0.51376194 -0.04045548 -0.49038035 -1.7493563   0.5876125  -0.63048184
  0.5429555   0.12918958 -1.5389582   0.2167147 ]
[ 0.24049301  0.12963256  0.83932763  0.03844903  2.1472654   0.11751828
 -0.5482727  -0.02192207 -0.4263626  -1.7559875   0.51073766 -0.533366
  0.56525695  0.0592863  -1.4998997   0.08343311]
[ 0.25413877  0.09427096  0.76433575  0.10399894  2.231538    0.00328989
 -0.5383499  -0.02143424 -0.4785487  -1.7452633   0.59929526 -0.61845076
  0.53126895  0.13539962 -1.58371     0.2163823 ]
[ 0.23092583  0.09710558  0.8168731   0.0873924   2.1830764   0.08324219
 -0.5517608  -0.01782267 -0.42605823 -1.7613547   0.5495884  -0.56512237
  0.58505094  0.06267282 -1.5493491   0.12057171]
[ 0.22862291  0.10570365  0.76630735  0.131652    2.2644851  -0.00608067
 -0.5263079  -0.0696028  -0.5168936  -1.7485445   0.63887477 -0.6242321
  0.52787125  0.17017703 -1.601086    0.20627539]
[ 0.18151608  0.09324792  0.788509    0.07759079  2.2363622   0.06671361
 -0.5707551  -0.01468508 -0.45549622 -1.7600654   0.58034456 -0.5682966
  0.6217105   0.08219235 -1.5286982   0.11454942]
[ 0.20012526  0.0733984   0.74744654  0.14661592  2.3179328  -0.00873263
 -0.5326969  -0.08461799 -0.55810916 -1.7091253   0.649043   -0.6484461
  0.5918114   0.16917093 -1.5756044   0.16753666]
[ 0.18506065  0.0582199   0.7666103   0.12705012  2.287433    0.02811002
 -0.53975135 -0.05971486 -0.5453558  -1.7149767   0.62754184 -0.6359868
  0.63501227  0.14915374 -1.5457885   0.12129094]
[ 0.18206958  0.06996554  0.8335975   0.0546259   2.226099    0.10434522
 -0.5510909  -0.03859677 -0.518273   -1.7121121   0.5233108  -0.5750553
  0.6569586   0.06471609 -1.4294822   0.05295634]
[ 0.21329303  0.04023557  0.78907037  0.11316611  2.266571    0.02715813
 -0.5170895  -0.092692   -0.6101531  -1.6926947   0.5857862  -0.6732642
  0.63520586  0.17231777 -1.4576713   0.14723787]
[ 0.23621401  0.05450284  0.8524567   0.03121909  2.1884048   0.08709775
 -0.52637786 -0.05034358 -0.5461955  -1.7008327   0.5134718  -0.63476336
  0.6522143   0.11189704 -1.418763    0.09533637]
[ 0.23581012  0.04068637  0.84392625  0.06431352  2.1662211   0.09937981
 -0.514156   -0.05206887 -0.542221   -1.6984882   0.5100691  -0.6114358
  0.65681374  0.10980322 -1.4550037   0.09075366]
[ 0.23053297  0.05194138  0.8931225  -0.00676248  2.1209648   0.18106441
 -0.5318389  -0.01565624 -0.48881596 -1.7069216   0.40282518 -0.54082954
  0.68901986  0.02032731 -1.3704468   0.01568724]
[ 0.22522044  0.08026204  0.80905294  0.07670923  2.1990395   0.04496519
 -0.51890594 -0.05324873 -0.51745087 -1.7425144   0.55852807 -0.6233035
  0.62710416  0.11368629 -1.5097748   0.17775185]
[ 0.20322466  0.1227779   0.82882005  0.06260786  2.1485038   0.1144793
 -0.55208504 -0.03509503 -0.45983338 -1.7732277   0.53741807 -0.5622097
  0.5935186   0.04624599 -1.4595268   0.13109067]
[ 0.210819    0.09055049  0.78260696  0.06415632  2.2460845   0.0096664
 -0.5664921  -0.03233487 -0.4994689  -1.7466663   0.6148558  -0.61613965
  0.5431499   0.13306625 -1.4981731   0.21264486]
[ 0.21777973  0.05731389  0.8146979   0.06163929  2.1956236   0.07334007
 -0.5605124  -0.00668124 -0.44266874 -1.7184985   0.5355163  -0.56299305
  0.6131039   0.0733899  -1.5108519   0.10421769]
[ 0.2120193   0.01878903  0.7343995   0.12274148  2.3040733  -0.0167521
 -0.5266091  -0.08783098 -0.550889   -1.6819441   0.624475   -0.66894895
  0.6183918   0.18677607 -1.553788    0.21211758]
[ 0.20537634  0.10039135  0.78181225  0.04977491  2.273578    0.03510543
 -0.53513247 -0.08876568 -0.53976214 -1.7186968   0.57427776 -0.6218142
  0.611704    0.14076358 -1.4967201   0.17653003]
[ 0.18407348  0.08646528  0.77942574  0.11454262  2.2770808   0.03229742
 -0.5388541  -0.05956427 -0.5110075  -1.7363842   0.6001798  -0.62066555
  0.579687    0.14877589 -1.5646431   0.1752004 ]
[ 0.17863813  0.08421189  0.8284813   0.11490287  2.2062829   0.11215167
 -0.5471055  -0.03953172 -0.4908145  -1.7134857   0.53900373 -0.5667529
  0.5816563   0.09614359 -1.5204462   0.08053444]
[ 0.19879417  0.00273386  0.7840687   0.12509258  2.2228444   0.03922755
 -0.56059015 -0.03592168 -0.5468606  -1.6309338   0.5473393  -0.602893
  0.5880461   0.19546619 -1.5333793   0.15212809]
[ 0.20370579 -0.08899982  0.8677042   0.14632261  2.1056223   0.18008396
 -0.53732216  0.01715838 -0.50103253 -1.5624547   0.3140491  -0.516384
  0.7116307   0.07875599 -1.4738376  -0.00375055]
[ 0.29988796 -0.10155825  0.7946845   0.18012296  2.1787305   0.01694266
 -0.4604095  -0.0481899  -0.60054463 -1.5945733   0.40691194 -0.6435647
  0.6999291   0.16844058 -1.4911901   0.14069244]
[ 0.2865762   0.010541    0.89877844  0.02539579  2.0868201   0.10295981
 -0.5050151   0.03599606 -0.49532238 -1.6742165   0.3718546  -0.54529274
  0.67745745  0.0667721  -1.4468663   0.04771056]
[ 0.23732415  0.06056435  0.8399588   0.03092693  2.1352584   0.08173313
 -0.5395087   0.03944785 -0.42904538 -1.7549231   0.49673605 -0.5455915
  0.6181038   0.07440035 -1.5049343   0.10410081]
[ 0.21697173  0.09913357  0.830383    0.0578945   2.1744373   0.10257538
 -0.55778384  0.00416881 -0.4175408  -1.760741    0.48998553 -0.52143276
  0.5948213   0.06200874 -1.5221255   0.09271666]
[ 0.21704955  0.08352331  0.7478277   0.12740141  2.2533398  -0.02014845
 -0.5510945  -0.00254784 -0.46506843 -1.7533453   0.6111629  -0.6072041
  0.55897695  0.15682575 -1.6144454   0.20486343]
[ 0.216693    0.07344495  0.81675875  0.11205371  2.1866846   0.07785183
 -0.5540206   0.02113412 -0.40565783 -1.7533573   0.52362764 -0.551421
  0.5763499   0.0654756  -1.5726041   0.11147244]
[ 0.19838215  0.08109565  0.76753086  0.1341506   2.2634609  -0.01566342
 -0.5445512  -0.02787649 -0.475341   -1.7399021   0.61689365 -0.60574645
  0.53952897  0.18096568 -1.6055019   0.1787759 ]
[ 0.18954249  0.08463689  0.83585596  0.09363343  2.1712012   0.08642925
 -0.5595757   0.02757779 -0.41672546 -1.7495518   0.49905738 -0.5327579
  0.5942658   0.09506591 -1.553487    0.078876  ]
[ 0.23525062  0.03722977  0.7733002   0.1679183   2.234089    0.00928016
 -0.52053535 -0.03888725 -0.4797184  -1.7148739   0.551652   -0.62552756
  0.5574727   0.17424527 -1.6023058   0.18846938]
[ 0.26440665  0.09528627  0.82609004  0.14208357  2.1442447   0.06247965
 -0.5066587  -0.02768048 -0.43211752 -1.7395989   0.5418214  -0.5773183
  0.5294394   0.13893577 -1.6308005   0.11365149]
[ 0.21257314  0.09173305  0.8534063   0.05173428  2.1295767   0.12976697
 -0.5560466   0.03053914 -0.37423584 -1.7627709   0.49903005 -0.52712184
  0.58278537  0.05115922 -1.5397167   0.07102019]
[ 0.22089958  0.10934728  0.84761524  0.07539602  2.1747794   0.11427226
 -0.5499285  -0.02622811 -0.43310976 -1.7451931   0.5070195  -0.5257848
  0.5862119   0.06926173 -1.5481976   0.06760861]
[ 0.23101363  0.08764454  0.7595138   0.14871705  2.2509754   0.00888023
 -0.53415376 -0.04995545 -0.50289357 -1.7341207   0.6121167  -0.6215116
  0.54653484  0.16046551 -1.6102794   0.19387805]
[ 0.22286865  0.10283089  0.81742305  0.09942121  2.1865356   0.08072089
 -0.5433633  -0.0178563  -0.43235403 -1.7584368   0.5725287  -0.57847387
  0.5885177   0.06449208 -1.5623252   0.10129688]
[ 2.2671628e-01  9.3493424e-02  7.7314383e-01  1.2589656e-01
  2.2703223e+00 -1.3380467e-03 -5.2817416e-01 -7.2223864e-02
 -5.3370923e-01 -1.7372891e+00  6.4846534e-01 -6.4069283e-01
  5.3038669e-01  1.5705884e-01 -1.5701830e+00  2.0508806e-01]
[ 0.21109891  0.0894      0.8291005   0.04467038  2.2163405   0.08883587
 -0.57082176 -0.02990668 -0.48683947 -1.733189    0.5370695  -0.56179297
  0.6188499   0.07812509 -1.473386    0.08736902]
[ 0.21833172  0.00996455  0.7459596   0.15471254  2.2931602  -0.01582174
 -0.53533185 -0.06085982 -0.5523123  -1.6949829   0.6069387  -0.6779339
  0.6472564   0.16857901 -1.5505818   0.1891815 ]
[ 0.24798885  0.05730995  0.7802989   0.12706093  2.2520006   0.03097417
 -0.50751483 -0.09143528 -0.5514007  -1.7162294   0.5750397  -0.6566583
  0.6120231   0.11775122 -1.516214    0.18662612]
[ 0.22769117  0.09834862  0.82097733  0.02649864  2.2220578   0.03300926
 -0.55179226 -0.03467776 -0.5197047  -1.7525797   0.57874906 -0.60702085
  0.5900873   0.11301176 -1.4611486   0.16381665]
[ 0.18134108  0.03685216  0.8072712   0.0669558   2.2095757   0.07321274
 -0.57501096  0.00824895 -0.4704795  -1.7515236   0.5378567  -0.58782923
  0.66833955  0.07363528 -1.453437    0.12007604]
[ 0.22795574  0.02621986  0.7739151   0.11533967  2.2792416  -0.00312316
 -0.53500634 -0.06502311 -0.5590637  -1.7110554   0.5733675  -0.6497237
  0.60753024  0.1471894  -1.501535    0.22232881]
[ 0.21305473  0.06416386  0.78165305  0.09806573  2.2409828   0.006341
 -0.56472844 -0.01666021 -0.5082432  -1.7385056   0.55148953 -0.60028636
  0.62260085  0.14099094 -1.5193878   0.17606302]
[ 0.16064426  0.01276686  0.8146761   0.08755282  2.2085125   0.07271441
 -0.5792462   0.04493836 -0.4526375  -1.7392299   0.48843274 -0.56365645
  0.7020132   0.08886524 -1.4809834   0.07839709]
[ 0.18951486  0.05048655  0.7660797   0.12446127  2.268011    0.01005835
 -0.5434256  -0.02232426 -0.5035508  -1.7138996   0.56014115 -0.5999983
  0.59139395  0.15675893 -1.5457332   0.15870048]
[ 0.19942035  0.0875807   0.8020264   0.07951073  2.2060292   0.03255781
 -0.5701573   0.03446227 -0.4451489  -1.7219576   0.5175033  -0.55947524
  0.5576391   0.14348283 -1.5510966   0.13429241]
[ 0.23243761  0.03097671  0.8393359   0.13400292  2.1170173   0.10130782
 -0.5326828   0.0472972  -0.385616   -1.7032404   0.44987375 -0.54129297
  0.5742565   0.07698214 -1.581047    0.08399406]
[ 0.24797471  0.04140666  0.8071474   0.17333296  2.1780071   0.02927807
 -0.48165384 -0.0514398  -0.46985024 -1.6962249   0.5523324  -0.60483634
  0.5293525   0.19859709 -1.6306131   0.1211035 ]
[ 0.20129275  0.11402114  0.8985985   0.04517219  2.0776753   0.16902283
 -0.54202676  0.02859374 -0.3713521  -1.7500149   0.4362978  -0.47715217
  0.55371356  0.06014903 -1.5249811   0.02404405]
[ 0.2230924   0.1086416   0.8352639   0.10747192  2.1051698   0.13332152
 -0.538683    0.00325118 -0.38938197 -1.7670543   0.47688022 -0.50805557
  0.57565784  0.06942632 -1.5737098   0.08322681]
[ 0.26508352  0.1283052   0.76374805  0.18580107  2.1738713   0.03009987
 -0.50163525 -0.05461291 -0.4396162  -1.7680775   0.612449   -0.5958804
  0.47784472  0.1525542  -1.667445    0.18401547]
[ 0.2585782   0.13116106  0.8145027   0.0698294   2.1489124   0.08487889
 -0.5637628   0.02788203 -0.3468327  -1.7866415   0.54725087 -0.5257085
  0.46066514  0.03492015 -1.577003    0.16846487]
[ 0.23638459  0.10567199  0.7872334   0.09545047  2.215755    0.03730739
 -0.57923573  0.01590258 -0.36635795 -1.7789453   0.54629004 -0.5287057
  0.50808334  0.05108481 -1.578455    0.18035543]
[ 0.23367348  0.04180995  0.6883208   0.20643322  2.31674    -0.07696742
 -0.54285306 -0.04738482 -0.4954362  -1.7353191   0.6466517  -0.66144276
  0.54938304  0.19573168 -1.6655239   0.29565543]
[ 0.24935631  0.06422363  0.72110903  0.18245257  2.2981942  -0.03361466
 -0.541712   -0.0508409  -0.48340592 -1.7427515   0.6120356  -0.6311891
  0.53409946  0.14196037 -1.6340208   0.26347148]
[ 0.26157928  0.0883669   0.7142017   0.1733344   2.27852    -0.05030432
 -0.5406184  -0.03390079 -0.48001203 -1.754207    0.63911074 -0.62468064
  0.48231944  0.15485403 -1.6475067   0.28893775]
[ 0.26325795  0.09570302  0.7539331   0.11753541  2.2286727  -0.00383807
 -0.56430924  0.01818941 -0.40056294 -1.7722126   0.59104633 -0.5784403
  0.4944953   0.07183174 -1.6025572   0.23607835]
[ 0.26975474  0.05943723  0.70117855  0.1656409   2.310321   -0.10094054
 -0.54314506 -0.03037704 -0.4845292  -1.7329743   0.6443564  -0.65631396
  0.46009517  0.16851543 -1.6364925   0.35782507]
[ 0.28039438  0.05116249  0.7144146   0.181569    2.280801   -0.07407066
 -0.5521564  -0.02287585 -0.46949846 -1.7336422   0.58682376 -0.6214715
  0.4917446   0.15218933 -1.6461687   0.3327858 ]
[ 0.2998994   0.0247146   0.70380104  0.20379527  2.2645957  -0.07226878
 -0.5340878  -0.01250249 -0.44997406 -1.7234234   0.5708654  -0.6279383
  0.49399614  0.14777407 -1.6831421   0.34568787]
[ 0.30623704  0.05987108  0.6950434   0.20731905  2.2610745  -0.06920347
 -0.5255984  -0.02902841 -0.43936238 -1.7300627   0.60074407 -0.61990035
  0.45390648  0.14668617 -1.7093471   0.34330416]
[ 0.2725602   0.08298586  0.7005503   0.13760838  2.2847083  -0.07743385
 -0.5739409   0.02437353 -0.41590062 -1.7602972   0.61669105 -0.5919337
  0.4677988   0.12821141 -1.6833661   0.3389629 ]
[ 0.24732919  0.06316064  0.73073345  0.17146847  2.2868166  -0.02803735
 -0.57639724  0.0254583  -0.395842   -1.7509117   0.5748817  -0.54922736
  0.50239545  0.08985718 -1.6975746   0.2542174 ]
[ 0.2274374   0.02820536  0.65228736  0.23616941  2.3849614  -0.11256206
 -0.5485859  -0.04107697 -0.4962756  -1.7080467   0.6662488  -0.6510226
  0.53601813  0.20691867 -1.7398608   0.3082408 ]
[ 0.23436026  0.04116519  0.6796001   0.22081482  2.3502402  -0.07739013
 -0.545216   -0.03409166 -0.4961273  -1.7019298   0.65573335 -0.63902974
  0.5186346   0.1697197  -1.703088    0.27478123]
[ 0.24089572  0.03423125  0.70475084  0.18181904  2.3300908  -0.06941678
 -0.5473479  -0.02501762 -0.49011165 -1.6967576   0.6296114  -0.64700764
  0.5092675   0.16757616 -1.6528141   0.27932692]
[ 0.25136986  0.02774123  0.7300621   0.20581226  2.2799232  -0.0527864
 -0.5228983  -0.03703538 -0.4963068  -1.69349     0.60746706 -0.6505559
  0.51355696  0.18060605 -1.6536942   0.25847214]
[ 2.3465347e-01 -1.3953329e-03  7.5309002e-01  1.8675962e-01
  2.2618096e+00 -3.0542146e-02 -5.1901925e-01 -4.0326770e-02
 -5.1429015e-01 -1.6981890e+00  5.7332861e-01 -6.4664423e-01
  5.7617158e-01  1.8638304e-01 -1.6060604e+00  2.3169526e-01]
[ 0.24692495  0.03098686  0.78238755  0.16888288  2.2251096   0.02347315
 -0.5251752  -0.0582016  -0.5013059  -1.719176    0.52058697 -0.6092868
  0.60040605  0.14610663 -1.5763242   0.19223264]
[ 0.2707316   0.06364583  0.7609423   0.14441355  2.2052586   0.02179489
 -0.52974415 -0.02282747 -0.46371967 -1.7314876   0.53534776 -0.5925082
  0.5572397   0.115821   -1.607276    0.22092184]
[ 0.26856416  0.10139783  0.7778605   0.09217097  2.1770546   0.05508933
 -0.5507896   0.01708654 -0.40040937 -1.7562714   0.53234607 -0.5507231
  0.5364208   0.04741703 -1.5663675   0.16668952]
[ 0.2455492   0.08744758  0.7320207   0.10261741  2.2789695  -0.05629094
 -0.56141603  0.01423429 -0.43508118 -1.7518914   0.6279535  -0.60908574
  0.48854336  0.14020793 -1.6223313   0.26801318]
[ 0.21558817  0.07228798  0.7772917   0.10100277  2.2558455   0.02117817
 -0.57606566  0.02481078 -0.3977409  -1.7529223   0.5636606  -0.5457505
  0.56077987  0.0980389  -1.61376     0.14093526]
[ 0.20224686  0.0112545   0.71080685  0.1993212   2.3440845  -0.04893214
 -0.5434201  -0.03993106 -0.5020027  -1.709096    0.63061035 -0.6440375
  0.6127335   0.20290852 -1.6732271   0.19186106]
[ 0.22289161  0.03254805  0.75606376  0.17573927  2.2992275   0.00903287
 -0.5330807  -0.04051381 -0.5023069  -1.7057501   0.5832699  -0.62200993
  0.6151123   0.14790395 -1.6310619   0.13728335]
[ 0.20063233  0.06599443  0.7784215   0.11851601  2.2750545   0.0098814
 -0.55047554 -0.0142347  -0.48934478 -1.7390296   0.6109426  -0.61649996
  0.6004319   0.13934495 -1.5735226   0.12817706]
[ 0.2003788   0.06301356  0.84703505  0.05920788  2.209065    0.08576658
 -0.5536602   0.01460437 -0.45920736 -1.7366692   0.5304838  -0.57293284
  0.6307555   0.08008081 -1.5035456   0.04812167]
[ 0.23500618  0.0250024   0.8108357   0.08852058  2.2608316   0.01640474
 -0.52411425 -0.05225933 -0.5544579  -1.6909897   0.5537456  -0.64529526
  0.6109012   0.16731293 -1.5017068   0.14627874]
[ 0.23555417  0.04182857  0.84391516  0.08208042  2.162433    0.09112426
 -0.5169599  -0.04270674 -0.5309889  -1.6777775   0.48162827 -0.59646976
  0.6516926   0.13118924 -1.480944    0.06863308]
[ 0.279903    0.02489829  0.85544693  0.0734983   2.099568    0.12986785
 -0.5028566  -0.02118217 -0.49083954 -1.6858184   0.44796935 -0.5925227
  0.6409987   0.08080036 -1.4795067   0.08421362]
[ 0.26510757  0.09732086  0.9026065   0.02288818  2.0743093   0.18300822
 -0.50386894 -0.0165963  -0.4364175  -1.7076317   0.42895126 -0.5244709
  0.5985779   0.02054027 -1.4659684   0.00461407]
[ 0.22286105  0.09878553  0.8608406   0.02305857  2.1403823   0.1192043
 -0.55034816  0.01075986 -0.46457806 -1.7393118   0.5055481  -0.5400413
  0.61756057  0.0701926  -1.4848958   0.05337154]
[ 0.21917567  0.07518157  0.8291701   0.07405029  2.1894379   0.12258758
 -0.5552945  -0.02865802 -0.45956922 -1.7406267   0.5184635  -0.5582032
  0.63331103  0.04679713 -1.4921939   0.07028501]
[ 0.23484917  0.07323103  0.76270527  0.14298737  2.2657833   0.00523243
 -0.5193221  -0.06928935 -0.54459345 -1.7229099   0.6236879  -0.63659686
  0.59569377  0.15317585 -1.5795015   0.16032182]
[ 0.21920605  0.09006242  0.78851295  0.05941906  2.2326472   0.06356222
 -0.55893576 -0.01120539 -0.46769753 -1.7542299   0.5809425  -0.5954632
  0.6037176   0.05104127 -1.4852028   0.12949285]
[ 0.2413182   0.0724604   0.7675414   0.07781727  2.3093345  -0.02812594
 -0.53129166 -0.05677307 -0.54721916 -1.7280085   0.61870944 -0.6609494
  0.56073904  0.13522252 -1.5084554   0.22677997]
[ 0.23721063  0.08444212  0.7594632   0.1154317   2.2684596  -0.00500206
 -0.53913534 -0.06737388 -0.5368622  -1.7334408   0.6097371  -0.6468078
  0.5741745   0.13754125 -1.5184422   0.20931403]
[ 0.239959    0.04121216  0.76725566  0.07943022  2.254642   -0.00806957
 -0.5462614  -0.02253822 -0.5076197  -1.7406715   0.5736081  -0.64435613
  0.61582124  0.12961598 -1.4971302   0.2137185 ]
[ 0.23690033  0.06243641  0.7963416   0.09613905  2.236082    0.03751763
 -0.5261027  -0.05295337 -0.49815154 -1.7389342   0.56696457 -0.6255041
  0.6200162   0.13226913 -1.5408828   0.14368126]
[ 0.19887134  0.08539216  0.8052536   0.0470945   2.2452898   0.05037262
 -0.56017894 -0.00837587 -0.47882494 -1.7579544   0.5737132  -0.5908241
  0.62390596  0.11559825 -1.5226724   0.1183188 ]
[ 0.21386564  0.06874286  0.8183813   0.06526361  2.205408    0.1075085
 -0.56376153  0.00814221 -0.4523135  -1.7362566   0.50000703 -0.54345924
  0.65548134  0.04149217 -1.5074904   0.06277746]
[ 0.24248293  0.06288986  0.7593099   0.1202338   2.2779155  -0.01678265
 -0.54178905 -0.02118793 -0.4990387  -1.7279278   0.60999846 -0.6293832
  0.5476545   0.141633   -1.5703497   0.19136518]
[ 0.22762446  0.06477191  0.82789594  0.06598596  2.1869087   0.05271924
 -0.55528396  0.03464783 -0.43323296 -1.748339    0.5320717  -0.57204545
  0.59827954  0.08463504 -1.5284626   0.10625722]
[ 0.25985238  0.0122123   0.7896735   0.09939285  2.2440453  -0.02266214
 -0.5267262  -0.02343624 -0.5181799  -1.7064282   0.55266553 -0.64336574
  0.5644716   0.16573994 -1.5313194   0.23263422]
[ 0.2646998   0.01795259  0.8216283   0.12050387  2.1629176   0.04689502
 -0.5327086  -0.01525659 -0.49105301 -1.6961234   0.44918528 -0.5791305
  0.60246706  0.13498081 -1.5318723   0.17271203]
[ 0.3027982   0.02240581  0.80313647  0.15133648  2.0935183   0.06953809
 -0.5181565   0.01273476 -0.44146705 -1.6962534   0.43939114 -0.568409
  0.5824026   0.09221137 -1.576844    0.17909637]
[ 0.2775254   0.05372769  0.82477415  0.08761253  2.1073146   0.08682225
 -0.54250914  0.05555922 -0.37441653 -1.7318127   0.44989762 -0.520367
  0.5665808   0.03406788 -1.5585897   0.12971322]
[ 0.27580738  0.09041256  0.7955492   0.06506696  2.1787136   0.02080741
 -0.56839997  0.04893915 -0.38953924 -1.7345264   0.50443375 -0.5159071
  0.48811263  0.0777436  -1.5974098   0.20891497]
[ 2.4327779e-01  6.9295749e-02  7.4978209e-01  1.5085223e-01
  2.2313838e+00 -5.9041084e-04 -5.7321465e-01  3.1742260e-02
 -3.8505894e-01 -1.7549369e+00  5.4412442e-01 -5.3714997e-01
  5.1063061e-01  9.7182952e-02 -1.6479000e+00  2.1869949e-01]
[ 0.27767184  0.04648913  0.688072    0.25685644  2.2860122  -0.06917793
 -0.51259923 -0.04965688 -0.470472   -1.7102741   0.6374912  -0.64740944
  0.47053137  0.19449887 -1.7413629   0.29219732]
[ 0.24358854  0.09366776  0.720308    0.16520076  2.277474   -0.04572276
 -0.54960954 -0.0186029  -0.43453926 -1.7474368   0.6505049  -0.6125933
  0.4696578   0.14959915 -1.6819413   0.269035  ]
[ 0.18865946  0.08158795  0.76719177  0.1306667   2.2626998   0.01517781
 -0.5794016   0.00959645 -0.42746535 -1.7608879   0.5820262  -0.55153286
  0.5633473   0.10758051 -1.6174994   0.17424397]
[ 0.21391793  0.03257845  0.6785296   0.21876392  2.3411336  -0.06676556
 -0.53956234 -0.06491365 -0.5088601  -1.7107756   0.6510397  -0.6602271
  0.5459027   0.19532122 -1.6658214   0.28886306]
[ 0.22662964  0.07326828  0.71127707  0.2089347   2.2838302  -0.03885313
 -0.53107446 -0.05147777 -0.49663925 -1.7257354   0.6372043  -0.633664
  0.5190785   0.17086476 -1.6428187   0.2373126 ]
[ 0.23359177  0.07327433  0.72423637  0.16058631  2.263125   -0.03573807
 -0.5514143  -0.02117307 -0.46907148 -1.7326571   0.6400473  -0.6319882
  0.5092743   0.16010657 -1.6166792   0.24269223]
[ 0.21279132  0.054944    0.80766547  0.08567211  2.2203012   0.04106071
 -0.5606312   0.01801019 -0.4215231  -1.7407433   0.52600664 -0.5517228
  0.58841956  0.08932529 -1.5449711   0.12057618]
[ 0.23490386  0.0561079   0.7398507   0.18450579  2.2695777  -0.0295038
 -0.5172392  -0.07027451 -0.52622926 -1.7188365   0.5804559  -0.6323996
  0.5663331   0.19719526 -1.6086681   0.2228553 ]
[ 0.25587532  0.08472082  0.77867025  0.1066108   2.2123547   0.02280997
 -0.534915   -0.02216178 -0.4619814  -1.7513428   0.5565915  -0.60347265
  0.5538045   0.13172004 -1.5767473   0.19551325]
[ 0.24655874  0.10576971  0.78692913  0.14813827  2.1819305   0.0355617
 -0.52190673 -0.02346783 -0.42877135 -1.7624347   0.6066177  -0.59818023
  0.52396876  0.12803838 -1.6477588   0.16403326]
[ 0.17902309  0.10713003  0.82650393  0.06186778  2.1969702   0.09602799
 -0.58209175  0.01960438 -0.39526695 -1.7719063   0.5547519  -0.52772903
  0.56810975  0.06375562 -1.5411707   0.08823603]
[ 0.17876753  0.07966839  0.8018832   0.10572404  2.2513876   0.06911235
 -0.5787872  -0.00871065 -0.46478644 -1.7459471   0.53951293 -0.5404851
  0.61290675  0.08998417 -1.547569    0.10197566]
[ 0.22464661  0.03066424  0.7069014   0.20811185  2.3068454  -0.03237264
 -0.52277976 -0.06521998 -0.526949   -1.6944472   0.62000746 -0.6661747
  0.58192086  0.180265   -1.6223171   0.21830294]
[ 0.2479846   0.08301454  0.74667394  0.15795676  2.2383754   0.00419266
 -0.510981   -0.05977973 -0.49553305 -1.7257597   0.6121589  -0.6491309
  0.5322976   0.13881326 -1.5774276   0.2050854 ]
[ 0.22863805  0.10692928  0.8015871   0.04844922  2.2163157   0.01618017
 -0.55627865 -0.01212749 -0.46057528 -1.7603436   0.5962648  -0.60006905
  0.5281385   0.1300906  -1.51909     0.18350019]
[ 0.21751752  0.07862882  0.8447943   0.07792027  2.158049    0.09504683
 -0.54711545  0.00306436 -0.42993885 -1.7562981   0.48686606 -0.5360762
  0.57832205  0.08046056 -1.5128992   0.10722003]
[ 0.24987054  0.05667885  0.7587184   0.18009143  2.2247338   0.01392854
 -0.5205665  -0.06659873 -0.49724483 -1.7235229   0.56785494 -0.62676954
  0.5596189   0.16779214 -1.6006542   0.20384343]
[ 0.25913432  0.10662328  0.79428256  0.11703493  2.17318     0.04726024
 -0.53421944 -0.01796087 -0.43757    -1.7793529   0.5763852  -0.58978665
  0.5511416   0.10767188 -1.6049116   0.17748252]
[ 0.2507334   0.1088354   0.79458094  0.07884761  2.1801863   0.0682365
 -0.5580807   0.0148374  -0.38072792 -1.7769006   0.5462265  -0.5431531
  0.49618807  0.03487412 -1.5590105   0.19232847]
[ 0.24166259  0.10980856  0.76116925  0.09688342  2.236662    0.00639514
 -0.57589185  0.00739461 -0.4229142  -1.7729467   0.5688316  -0.5488368
  0.49529618  0.08881429 -1.572374    0.22970419]
[ 0.26197925  0.0484555   0.6826086   0.18092172  2.2981591  -0.09234224
 -0.55009335 -0.02647128 -0.47235966 -1.7214062   0.6499628  -0.65566504
  0.49466974  0.17893234 -1.6620481   0.33567458]
[ 0.23746304  0.03839915  0.71466196  0.17984562  2.2958856  -0.05529806
 -0.54277164 -0.0268849  -0.46300521 -1.7193619   0.61600375 -0.62990826
  0.5298031   0.1709247  -1.65699     0.25966707]
[ 0.25234947  0.07015625  0.7308875   0.17642255  2.2743373  -0.03731631
 -0.5376333  -0.0408511  -0.4922614  -1.7214432   0.5879404  -0.5959541
  0.51380795  0.17684187 -1.6601608   0.25190172]
[ 0.21947202  0.06263768  0.7660214   0.12646261  2.2246916   0.02815377
 -0.5729341   0.02798651 -0.4250309  -1.7550075   0.5383645  -0.5491046
  0.5823779   0.09255315 -1.5908879   0.1708394 ]
[ 0.23867805  0.03929142  0.69871813  0.21605173  2.3004715  -0.04752971
 -0.5242401  -0.05031329 -0.49602684 -1.7044964   0.64316523 -0.64787894
  0.53336585  0.18452619 -1.6730716   0.23643938]
[ 0.20363083  0.06325312  0.76035845  0.1145639   2.2915456  -0.00448576
 -0.570541   -0.00902178 -0.48469314 -1.7207458   0.60992485 -0.5948741
  0.5581845   0.14283764 -1.5989527   0.18505253]
[ 0.18992265  0.02415816  0.7898966   0.10916457  2.2620234   0.05733361
 -0.5854214   0.01063341 -0.48023754 -1.6872737   0.50633764 -0.53700244
  0.65624297  0.09332347 -1.5493715   0.08390446]
[ 0.23365991 -0.0454718   0.71941584  0.19980654  2.325832   -0.02704433
 -0.5133714  -0.05772012 -0.56031156 -1.6325514   0.5617858  -0.6677243
  0.64377946  0.18766408 -1.6029937   0.18110447]
[ 0.26250196  0.03913298  0.77716607  0.1423184   2.239025    0.00777603
 -0.49726844 -0.05744139 -0.53377134 -1.6750069   0.5347148  -0.62863237
  0.5917733   0.1470788  -1.5575317   0.15497616]
[ 0.2439801   0.03428776  0.8405175   0.05984371  2.184896    0.03591733
 -0.53647125  0.00876611 -0.5003404  -1.7126102   0.5077525  -0.5995841
  0.5973605   0.14257385 -1.4927846   0.1316746 ]
[ 0.25438792  0.00333477  0.89668167  0.05296086  2.0969968   0.14402093
 -0.54188555  0.02981509 -0.45016795 -1.7004827   0.3836715  -0.5254777
  0.6434314   0.04818023 -1.4556358   0.06425378]
[ 0.27369803 -0.01145181  0.8105715   0.15240422  2.1702576   0.03943714
 -0.5231001  -0.02415217 -0.51749116 -1.6836799   0.47550553 -0.5925053
  0.62895983  0.14666298 -1.5576172   0.15833142]
[ 0.27159402  0.01310917  0.83770466  0.07663817  2.1179466   0.11873023
 -0.5491387   0.04715577 -0.4327635  -1.7060229   0.393925   -0.53161746
  0.64754766  0.0166616  -1.4994533   0.12425832]
[ 0.31046015  0.03902454  0.77017367  0.08720635  2.2187495  -0.01174291
 -0.5416696   0.01940334 -0.44589287 -1.7017409   0.51819783 -0.5887048
  0.5291935   0.08237848 -1.5864259   0.25102824]
[ 0.26191607  0.08340082  0.7494596   0.1114131   2.2238345  -0.00710131
 -0.56657696  0.03960114 -0.4078394  -1.730861    0.53781736 -0.55026567
  0.5060992   0.08067627 -1.6083272   0.22601926]
[ 0.269211    0.03276204  0.70366764  0.13961895  2.2995424  -0.10517259
 -0.54932946  0.01279691 -0.43716973 -1.7079817   0.600839   -0.63555163
  0.48079705  0.16263126 -1.6543127   0.33937567]
[ 0.27554363  0.04841457  0.7228202   0.20691638  2.2685628  -0.06894895
 -0.53403026 -0.0199587  -0.44178993 -1.7191194   0.5818686  -0.61327153
  0.4755304   0.17498095 -1.7007138   0.29326278]
[ 0.27804574  0.05506347  0.7189473   0.23535843  2.2395086  -0.04891194
 -0.51814705 -0.03147682 -0.44715515 -1.7265289   0.60038763 -0.6164867
  0.46967545  0.18518159 -1.7292588   0.2847343 ]
[ 0.26865053  0.08985762  0.7890305   0.1441027   2.1956124   0.03769689
 -0.5564788   0.01555382 -0.3798918  -1.7593002   0.5343569  -0.5429573
  0.5092293   0.06901844 -1.6563047   0.18872447]
[ 0.24600053  0.0779819   0.7080905   0.2054749   2.296931   -0.058551
 -0.5375893  -0.03586823 -0.46146363 -1.7501965   0.652241   -0.6261737
  0.5053738   0.17578103 -1.7137377   0.26370162]
[ 2.3370898e-01  9.9341713e-02  7.6474226e-01  1.2962954e-01
  2.2652378e+00  1.4115246e-02 -5.6740975e-01  1.9890219e-03
 -4.2466086e-01 -1.7697378e+00  5.8782756e-01 -5.6384468e-01
  5.2242833e-01  7.9142451e-02 -1.6240947e+00  1.9885038e-01]
[ 0.22382236  0.06309383  0.68817353  0.1849325   2.3457248  -0.08533709
 -0.5532575  -0.04373002 -0.5018319  -1.7385771   0.6863834  -0.6601702
  0.53180414  0.18655679 -1.6585815   0.2796866 ]
[ 0.22810869  0.0652253   0.72034836  0.1787169   2.310615   -0.04962929
 -0.54344445 -0.03955047 -0.48528567 -1.7453954   0.66810596 -0.6571315
  0.5272773   0.15505335 -1.6417978   0.25660795]
[ 0.23637664  0.07344899  0.74117327  0.15122357  2.2984755  -0.03859504
 -0.53876317 -0.05405807 -0.51252013 -1.7330462   0.63119674 -0.64559114
  0.5107199   0.14903504 -1.5899204   0.27048028]
[ 0.24852648  0.06263357  0.7419425   0.1643066   2.2653873  -0.03434273
 -0.54546726 -0.04441223 -0.506458   -1.7358423   0.6018294  -0.6386672
  0.536057    0.15126477 -1.5783746   0.26138324]
[ 0.24539785  0.03405474  0.7403722   0.15491733  2.2490249  -0.02382876
 -0.53205657 -0.03074737 -0.48239803 -1.7324396   0.58928955 -0.6483151
  0.57446325  0.15014298 -1.5924355   0.2532871 ]
[ 0.24828482  0.09258439  0.7634673   0.13062814  2.234985    0.00513874
 -0.5301036  -0.05704105 -0.48218107 -1.7408593   0.58546865 -0.61206555
  0.52401257  0.13956527 -1.5817724   0.22898221]
[ 2.4962401e-01  1.1654760e-01  7.5715601e-01  8.9933455e-02
  2.2278886e+00  7.4740947e-04 -5.6837475e-01 -1.8360496e-03
 -4.4251919e-01 -1.7662132e+00  5.7646966e-01 -5.7740891e-01
  5.0385851e-01  1.2713607e-01 -1.5871665e+00  2.4425125e-01]
[ 0.26186377  0.09636325  0.78516006  0.12882215  2.1812313   0.04960499
 -0.5511714   0.01384593 -0.38837546 -1.7616568   0.549394   -0.55157566
  0.5185127   0.06164984 -1.6182883   0.17111628]
[ 0.24104898  0.08959402  0.6973226   0.1900716   2.284783   -0.06409182
 -0.531081   -0.04089317 -0.4589304  -1.7425381   0.6779415  -0.63422924
  0.46545705  0.17922612 -1.6854331   0.280552  ]
[ 0.21408646  0.10296939  0.781377    0.09409962  2.2482018   0.03113543
 -0.5794291   0.00536952 -0.41627854 -1.7608814   0.5743757  -0.5474546
  0.5277492   0.08805872 -1.5861677   0.16958345]
[ 0.20503922  0.03975395  0.7043323   0.18770412  2.3300638  -0.05831008
 -0.55475444 -0.03767391 -0.48645562 -1.7289238   0.6418581  -0.64447033
  0.58006465  0.18221958 -1.6556724   0.24270484]
[ 0.21578057  0.05847012  0.7176245   0.22592744  2.311726   -0.02505924
 -0.51920426 -0.08326876 -0.518971   -1.7199831   0.648111   -0.6572712
  0.5714363   0.1882612  -1.6493098   0.18154502]
[ 0.19229122  0.09655128  0.7680138   0.11133797  2.2797713   0.01158329
 -0.55131215 -0.02928748 -0.49228746 -1.7601435   0.63286114 -0.61229694
  0.5843972   0.14604206 -1.5719035   0.13943025]
[ 0.18593037  0.10323705  0.81645215  0.0685059   2.2291617   0.08073454
 -0.56074446 -0.01079448 -0.45835146 -1.7589233   0.5553278  -0.5668737
  0.5951458   0.07585941 -1.4912479   0.08134266]
[ 0.23628435  0.06428184  0.7617458   0.14073768  2.2654555  -0.00415947
 -0.52420807 -0.06027966 -0.53331554 -1.7265007   0.6035364  -0.6591806
  0.55252886  0.16210485 -1.5426039   0.21190485]
[ 0.26404998  0.08359174  0.80888903  0.1096406   2.1826608   0.0410437
 -0.52309644 -0.04107969 -0.48724008 -1.7409947   0.55781126 -0.6208639
  0.54781795  0.12621565 -1.5326363   0.17148548]
[ 0.25156385  0.0597817   0.814984    0.09307442  2.1689277   0.04965763
 -0.5375529  -0.01274311 -0.4691101  -1.7543595   0.55035156 -0.60125864
  0.5607481   0.11928771 -1.5274416   0.18084775]
[ 0.26392445  0.07969108  0.8543905   0.05574647  2.1208675   0.11515103
 -0.5398079   0.00261389 -0.41909057 -1.7577107   0.45191503 -0.5305217
  0.57439244  0.04037964 -1.5002987   0.13538226]
[ 0.30539364  0.10732307  0.7303096   0.12608027  2.2092764  -0.03031964
 -0.5307623  -0.02000343 -0.45089617 -1.7663122   0.5761528  -0.5994128
  0.4642757   0.1355666  -1.6278775   0.3238375 ]
[ 0.28663063  0.11760879  0.75118387  0.10731252  2.1720295   0.03194594
 -0.554692    0.02328264 -0.37035275 -1.7762625   0.56086785 -0.5427321
  0.48423472  0.05690979 -1.6207329   0.22160919]
[ 0.25276607  0.08770294  0.6732348   0.12415707  2.3057718  -0.09270589
 -0.56536645  0.00738909 -0.4230368  -1.743236    0.67551064 -0.61409056
  0.46013242  0.1510454  -1.6687603   0.3200647 ]
[ 0.24048476  0.07830823  0.7362819   0.10870385  2.283194   -0.0268247
 -0.5945287   0.02733367 -0.40441504 -1.7405723   0.5761073  -0.5376116
  0.5009361   0.09314033 -1.6366777   0.24511471]
[ 0.25360224  0.00511452  0.65970504  0.24028632  2.3362172  -0.10621005
 -0.5412877  -0.03699744 -0.49948627 -1.6796968   0.6209194  -0.6541612
  0.516833    0.21457526 -1.7171491   0.3383946 ]
[ 0.2496961   0.01574063  0.68619347  0.25691238  2.2967634  -0.07506649
 -0.51229393 -0.05353619 -0.48604736 -1.6888529   0.6423472  -0.6640453
  0.5170784   0.20393267 -1.7183253   0.27732867]
[ 0.20750025  0.05070167  0.7410988   0.17246373  2.2781594  -0.02833578
 -0.5454547  -0.03124139 -0.4947117  -1.7201211   0.62825423 -0.6131251
  0.5435146   0.16892764 -1.6360285   0.2249864 ]
[ 1.80129901e-01  3.87474820e-02  7.87406087e-01  1.02096274e-01
  2.25752997e+00  4.86657843e-02 -5.94496131e-01 -9.22292456e-05
 -4.84080404e-01 -1.70182920e+00  5.12272716e-01 -5.36128700e-01
  6.37983441e-01  9.95600373e-02 -1.52917707e+00  1.26951903e-01]
[ 0.19868095 -0.03572221  0.7010742   0.20485267  2.330604   -0.04279545
 -0.53600264 -0.04919022 -0.5529364  -1.6474583   0.5785314  -0.6577772
  0.6677116   0.1982177  -1.6102736   0.19870429]
[ 0.23148918  0.02462916  0.7354121   0.19020918  2.2692885  -0.00309558
 -0.49069184 -0.07945271 -0.54983413 -1.6744766   0.58023036 -0.6507705
  0.60470384  0.1670919  -1.5853989   0.17715845]
[ 0.20087299  0.08818107  0.8246595   0.04028304  2.209458    0.04465184
 -0.5486185  -0.00481802 -0.48225594 -1.7242191   0.55963    -0.57842624
  0.5755333   0.13573685 -1.5028727   0.1072218 ]
[ 0.154068    0.03823483  0.86997306  0.06523305  2.16406     0.14547911
 -0.5693247   0.02848097 -0.43787175 -1.7113152   0.44513378 -0.5201671
  0.66012084  0.06570802 -1.4530237  -0.00288879]
[ 0.22257781  0.00706294  0.8091199   0.15283468  2.2310627   0.05283628
 -0.51130044 -0.0732036  -0.55863345 -1.6764444   0.51474464 -0.6321705
  0.63868994  0.17971976 -1.5191271   0.10707521]
[ 0.22733514  0.05591689  0.85456675  0.09692256  2.1404414   0.10361769
 -0.51027364 -0.04078571 -0.5076575  -1.7068781   0.48192638 -0.5849539
  0.66536224  0.12709026 -1.5075111   0.04802134]
[ 0.22039263  0.06588939  0.8808938   0.00916902  2.090617    0.19398257
 -0.5348962   0.01282529 -0.42948025 -1.7120384   0.4351139  -0.5362045
  0.6533364   0.01985364 -1.4391301   0.0123436 ]
[ 0.22727828  0.11437771  0.84792966  0.02929009  2.1546314   0.14073725
 -0.52718455 -0.03097722 -0.45814228 -1.7178249   0.49916506 -0.54263294
  0.5925318   0.05486168 -1.4806746   0.04068815]
[ 0.20030448  0.09446245  0.7953709   0.08599298  2.2303202   0.03513693
 -0.5494574  -0.02691441 -0.49340838 -1.7244499   0.59974915 -0.60837394
  0.58033764  0.13737649 -1.535624    0.12417791]
[ 0.21463092  0.04435521  0.8515064   0.08533867  2.1752884   0.12293689
 -0.550035   -0.01113815 -0.46903378 -1.7383963   0.50531685 -0.57072395
  0.6391211   0.05576534 -1.4820874   0.0703892 ]
[ 0.26164967  0.06401233  0.77362424  0.1553044   2.2259562   0.00353066
 -0.49473882 -0.08702353 -0.5388473  -1.7207944   0.59412545 -0.64630806
  0.5391961   0.16805136 -1.5622094   0.21244171]
[ 2.2084907e-01  9.6589334e-02  8.2149601e-01  4.0867165e-02
  2.1642346e+00  8.7886095e-02 -5.6374943e-01  2.5237203e-04
 -4.6358156e-01 -1.7745844e+00  5.1488739e-01 -5.6438398e-01
  6.2306434e-01  6.1634295e-02 -1.4524102e+00  1.3405199e-01]
[ 0.22470772  0.04937095  0.7385744   0.09791899  2.2726254  -0.01082046
 -0.5446315  -0.04299116 -0.51252663 -1.7476069   0.60423845 -0.6439693
  0.62938195  0.14249846 -1.5243078   0.21576662]
[ 0.22649352  0.09981215  0.7656419   0.08669897  2.2506018   0.01249406
 -0.55213386 -0.01763462 -0.47716117 -1.7415482   0.5723163  -0.58016956
  0.5464814   0.12117811 -1.5618827   0.19717625]
[ 0.19139712  0.10191043  0.7700513   0.08555277  2.211809    0.03958326
 -0.5799257   0.03854985 -0.4152956  -1.7694275   0.5570366  -0.5481467
  0.5900947   0.08428372 -1.5511792   0.13997474]
[ 0.2242562   0.06246333  0.7466077   0.13307178  2.2786117  -0.02534338
 -0.5383233  -0.01537928 -0.46479338 -1.726517    0.6141342  -0.63410693
  0.5315735   0.14272083 -1.6027285   0.2214535 ]
[ 0.19651374  0.08433218  0.7600954   0.15628555  2.2593405  -0.00308287
 -0.53438365 -0.04744408 -0.48563367 -1.7246739   0.63205236 -0.6089796
  0.52359664  0.18803577 -1.6148533   0.1642695 ]
[ 0.17272672  0.0811647   0.8329935   0.08995513  2.179937    0.10023759
 -0.56034267  0.009622   -0.43177795 -1.7364218   0.5192987  -0.5336708
  0.6055788   0.09521027 -1.5377991   0.05618643]
[ 0.19425534  0.03281615  0.7708992   0.15983815  2.2522888   0.03381699
 -0.51648486 -0.05829537 -0.4942774  -1.7122856   0.5790226  -0.62775695
  0.6297037   0.17380264 -1.6019598   0.1286532 ]
[ 0.20027296  0.12750998  0.8090431   0.12695543  2.196111    0.0826478
 -0.49990743 -0.09193894 -0.51083153 -1.7408615   0.59278566 -0.58547163
  0.5911859   0.16739848 -1.5772625   0.05516999]
[ 0.14048289  0.11654248  0.85156024  0.02069757  2.1573386   0.17022362
 -0.57527936  0.01176796 -0.42276603 -1.7670866   0.52187616 -0.5268304
  0.65049696  0.05110925 -1.4507738  -0.00762622]
[ 0.1740796   0.09787602  0.84999454  0.04160007  2.191969    0.13632675
 -0.5533947  -0.02252265 -0.45046243 -1.744772    0.5281527  -0.5498669
  0.65386695  0.0560727  -1.461137   -0.00602459]
[ 0.17902179  0.05617543  0.8181669   0.10741997  2.2416549   0.06805445
 -0.5165887  -0.07524099 -0.5749995  -1.7063739   0.5849676  -0.62850446
  0.65340245  0.17551018 -1.5029722   0.06280141]
[ 1.7821306e-01  5.5212002e-02  8.9951479e-01  1.7076075e-03
  2.1365936e+00  1.9570783e-01 -5.4023659e-01 -2.9124230e-02
 -5.0885880e-01 -1.6946806e+00  4.4398350e-01 -5.4678261e-01
  7.0452613e-01  4.8516605e-02 -1.3697994e+00 -3.2930687e-02]
[ 0.23408231  0.02993504  0.84273654  0.09214367  2.186051    0.09847398
 -0.5088313  -0.0707861  -0.5742864  -1.6774143   0.50888205 -0.6331805
  0.6550917   0.13058144 -1.4504223   0.08127099]
[ 0.25337178  0.04793681  0.911486    0.02139096  2.0792649   0.17947021
 -0.51211125 -0.01012667 -0.48971114 -1.7083232   0.4069163  -0.5591718
  0.66992885  0.02556257 -1.3940355   0.02171326]
[ 0.2471545   0.04332844  0.8410932   0.04515079  2.1713986   0.05777925
 -0.5200817  -0.02606798 -0.52100706 -1.7273527   0.5095606  -0.6157614
  0.6152957   0.12041648 -1.4523985   0.15858036]
[ 2.4611545e-01  6.1930597e-02  8.7858069e-01  1.1878714e-02
  2.0978241e+00  1.6076407e-01 -5.4077047e-01 -1.1385500e-03
 -4.5664293e-01 -1.7310947e+00  4.0479699e-01 -5.2783597e-01
  6.4414269e-01  2.6795790e-02 -1.4144862e+00  8.5409671e-02]
[ 0.25720668  0.0596175   0.7594899   0.09135256  2.2138271   0.01664702
 -0.5460285  -0.01205062 -0.4842542  -1.7245562   0.5386051  -0.5956526
  0.60248035  0.11615928 -1.5512476   0.20688054]
[ 0.24463363  0.07768123  0.7894824   0.08716927  2.1836047   0.07211867
 -0.54826695  0.02324622 -0.41470942 -1.7436202   0.50717485 -0.5466081
  0.57475394  0.04334673 -1.5451161   0.14172915]
[ 0.25218874  0.09280145  0.7425259   0.09885757  2.2753396  -0.04259314
 -0.5505648  -0.00459537 -0.44498834 -1.7331108   0.6212233  -0.6076952
  0.48425746  0.13706543 -1.6165987   0.24482663]
[ 0.2035623   0.09454019  0.783076    0.10197139  2.2346199   0.03003111
 -0.5675957   0.01477269 -0.41621265 -1.754235    0.57749635 -0.55500335
  0.55793643  0.09915159 -1.593035    0.13405433]
[ 0.22540951  0.03634002  0.71390486  0.18503991  2.3111026  -0.04115323
 -0.5318178  -0.05981243 -0.5095698  -1.701589    0.62793875 -0.65225583
  0.540923    0.1849103  -1.6311362   0.24999037]
[ 0.21623977  0.06955741  0.7741327   0.14773092  2.2552269   0.00421473
 -0.5377083  -0.04622135 -0.4873806  -1.738134    0.5909631  -0.6119593
  0.5801025   0.16682526 -1.6057211   0.16810928]
[ 0.2246646   0.07199264  0.7660574   0.17128608  2.218144    0.0207995
 -0.5182024  -0.03739822 -0.4729289  -1.7432632   0.6044536  -0.61773485
  0.5524408   0.15060273 -1.6241846   0.17889386]
[ 0.23097622  0.0965983   0.8311709   0.06502195  2.1755793   0.09797031
 -0.55664766 -0.01448314 -0.446692   -1.7470614   0.5159906  -0.5432204
  0.56276715  0.05997873 -1.489265    0.10722724]
[ 0.2585192   0.07405562  0.7573283   0.14826398  2.223184   -0.01640986
 -0.54524195 -0.03184832 -0.49624118 -1.7230527   0.58712167 -0.6174022
  0.5236349   0.15772822 -1.5815281   0.2306869 ]
[ 0.2529082   0.03240287  0.8065855   0.09173968  2.1658192   0.05589396
 -0.55271846  0.02646909 -0.41929832 -1.7367613   0.49528164 -0.5643061
  0.60417944  0.06794783 -1.53347     0.15354493]
[ 0.24824028  0.06536012  0.7557203   0.16129377  2.2600784  -0.01738718
 -0.51543844 -0.07423069 -0.5103515  -1.7206249   0.59992075 -0.6314353
  0.54795897  0.17407289 -1.6097023   0.21427402]
[ 0.2355578   0.10441592  0.7863414   0.0763621   2.236301    0.03380247
 -0.5633794  -0.0079987  -0.46172857 -1.7502035   0.5618198  -0.57688546
  0.54306674  0.10968467 -1.5707837   0.19157533]
[ 0.24267228  0.10545583  0.7921993   0.12413452  2.2010982   0.06913108
 -0.5527596  -0.01397915 -0.4245185  -1.7460674   0.56525856 -0.5583063
  0.5613365   0.06060629 -1.6003189   0.11872021]
[ 0.22425187  0.08647864  0.719517    0.16615573  2.2929003  -0.0396173
 -0.525797   -0.05548749 -0.49965602 -1.7376267   0.68493533 -0.6551281
  0.5231606   0.17601147 -1.6353095   0.22202854]
[ 0.21002999  0.11037453  0.79978645  0.0624957   2.2440681   0.04578491
 -0.560558   -0.02629361 -0.4621132  -1.7542028   0.58579105 -0.57712364
  0.5498515   0.08130628 -1.5148675   0.15241805]
[ 0.23640864  0.05917466  0.74733293  0.140977    2.296547   -0.042171
 -0.5419154  -0.0677963  -0.5494474  -1.7192905   0.62913454 -0.659434
  0.55729526  0.18504874 -1.566953    0.24384959]
[ 0.23398283  0.03181231  0.7503036   0.17737341  2.2542758   0.00485197
 -0.5175103  -0.08000631 -0.53487074 -1.7100956   0.61998326 -0.67517096
  0.6145693   0.16308959 -1.5770136   0.19038224]
[ 0.20883599  0.07181113  0.7958234   0.10128649  2.2405424   0.04483479
 -0.5383019  -0.0598308  -0.52176106 -1.7364212   0.6058505  -0.61972994
  0.6199741   0.11758425 -1.5229759   0.1372583 ]
[ 0.19046251  0.09115149  0.8178118   0.03131511  2.223176    0.09263829
 -0.56956625 -0.01719215 -0.49689132 -1.7494671   0.51381576 -0.5535679
  0.642454    0.06046654 -1.4333926   0.10323409]
[ 0.19917569  0.06162301  0.74159276  0.09713853  2.2898889  -0.02314684
 -0.5518669  -0.02834691 -0.52320087 -1.7393873   0.62231904 -0.6480668
  0.62080044  0.14768438 -1.5144292   0.19582102]
[ 2.1579090e-01  8.0283344e-02  7.3791999e-01  1.5710977e-01
  2.2629719e+00 -7.3136092e-04 -5.1520729e-01 -6.8460941e-02
 -5.3060240e-01 -1.7318680e+00  6.3190573e-01 -6.6438568e-01
  5.5340940e-01  1.5227842e-01 -1.5526252e+00  2.2053106e-01]
[ 0.20595963  0.10176134  0.80061805  0.04024918  2.2362494   0.0338665
 -0.561963   -0.02403005 -0.4834701  -1.7435907   0.5934721  -0.5930449
  0.54968053  0.12516701 -1.4887785   0.15477735]
[ 0.19970165  0.05972756  0.8378744   0.0747837   2.166246    0.10644265
 -0.5570327   0.00278445 -0.45336437 -1.7183969   0.4776106  -0.5375547
  0.6217748   0.06823748 -1.4750296   0.07073315]
[ 0.24119592  0.02294448  0.7688975   0.14035252  2.228394    0.02666322
 -0.5182949  -0.06879853 -0.5284549  -1.6880109   0.5570303  -0.638222
  0.6265257   0.16943456 -1.5474176   0.15370314]
[ 0.2485921   0.11523887  0.8381072   0.06549086  2.1566384   0.08489028
 -0.52203804 -0.04241624 -0.4751444  -1.751515    0.5515193  -0.57808906
  0.5613278   0.12702888 -1.539913    0.10519598]
[ 0.213218    0.12093604  0.8406458   0.04097001  2.1385484   0.13461639
 -0.56583506  0.01279785 -0.40784997 -1.7633289   0.5107498  -0.5272566
  0.552842    0.05900614 -1.5000887   0.08515877]
[ 0.20963125  0.11052741  0.81249887  0.07142003  2.1877532   0.08467146
 -0.5635076  -0.01050562 -0.43203545 -1.7608254   0.5510849  -0.53743553
  0.5870043   0.06920322 -1.526572    0.09168075]
[ 2.1269891e-01  4.9050860e-02  7.3060638e-01  1.7342730e-01
  2.2718940e+00 -8.0812874e-04 -5.3472388e-01 -6.3366212e-02
 -5.2448779e-01 -1.7017517e+00  6.2224925e-01 -6.3940334e-01
  5.6685942e-01  1.6420326e-01 -1.5908614e+00  2.1143186e-01]
[ 0.18919101  0.05569483  0.8040244   0.07740922  2.2232716   0.07362208
 -0.57090545 -0.01161936 -0.4663558  -1.7101074   0.5286928  -0.5611006
  0.6518253   0.06922157 -1.492076    0.0834509 ]
[ 0.20706758  0.01817599  0.7260151   0.1967537   2.2954612  -0.0275504
 -0.50692767 -0.08030856 -0.57667685 -1.6651218   0.6111518  -0.66351974
  0.62340623  0.20061824 -1.5777218   0.16484645]
[ 0.18396997  0.05504479  0.8419964   0.04171436  2.2300992   0.09518834
 -0.5535289  -0.02029677 -0.5130998  -1.7250297   0.51609814 -0.58292544
  0.68367064  0.08515911 -1.4351825   0.04048524]
[ 0.22021441  0.08268992  0.7794016   0.13903148  2.251494    0.02697543
 -0.49060464 -0.09455524 -0.568211   -1.718861    0.6133371  -0.64833534
  0.59882057  0.17584269 -1.5372423   0.11488761]
[ 0.18618517  0.09423187  0.86558837  0.00421435  2.172446    0.1354552
 -0.5547197  -0.01039594 -0.46305376 -1.7646348   0.5281761  -0.57541007
  0.654805    0.05847875 -1.4213514   0.03309679]
[ 0.22923389  0.10608719  0.8135443   0.05719351  2.2154012   0.0538491
 -0.51940215 -0.06957626 -0.52510077 -1.7507696   0.5893632  -0.63632697
  0.6014673   0.1224365  -1.4841192   0.14326604]
[ 0.206864    0.09328602  0.8298462   0.0358057   2.1995137   0.07497276
 -0.5474514  -0.03354793 -0.5045975  -1.7568566   0.56249267 -0.59954774
  0.61085415  0.11281408 -1.4551425   0.11640985]
[ 0.21984358  0.07827206  0.8782914   0.04131717  2.1224816   0.15173313
 -0.53563964 -0.00589642 -0.45625153 -1.743939    0.470551   -0.5505079
  0.6499306   0.04819895 -1.4598001   0.03451856]
[ 0.23484795  0.08085928  0.7764301   0.08050463  2.22907     0.01508654
 -0.5246266  -0.0389211  -0.49200115 -1.7442284   0.6013962  -0.63336945
  0.5696212   0.14248255 -1.5454195   0.19562176]
[ 0.20605569  0.11020352  0.8412234   0.03701113  2.1661866   0.1282229
 -0.5488328  -0.01723146 -0.44575438 -1.7494583   0.5038003  -0.53453743
  0.6131207   0.0573243  -1.4774052   0.05447857]
[ 0.23249145  0.07700239  0.7779929   0.08440445  2.247754    0.02772998
 -0.54184675 -0.03061206 -0.49308032 -1.7287757   0.57237494 -0.60852146
  0.56070095  0.12686875 -1.5400584   0.18316384]
[ 0.22820732  0.10950017  0.8355172   0.07720852  2.1645389   0.10775439
 -0.546909   -0.01652845 -0.4314236  -1.7339166   0.5195404  -0.54266995
  0.5797489   0.07648633 -1.5360838   0.05270544]
[ 0.21864185  0.06554834  0.7826616   0.12538218  2.228253    0.0135239
 -0.5337653  -0.02954105 -0.5038109  -1.7341543   0.6004382  -0.6310603
  0.5735706   0.17284533 -1.5690496   0.16625747]
[ 0.21941201  0.06000631  0.8645085   0.053536    2.1759644   0.12563512
 -0.55566156 -0.00603393 -0.45268518 -1.7318665   0.4779924  -0.5390005
  0.62022305  0.06054313 -1.4784228   0.04935906]
[ 0.21763691  0.05324958  0.7942686   0.15043339  2.2390246   0.03701092
 -0.52279186 -0.05911813 -0.54403067 -1.7243999   0.5624325  -0.6142292
  0.63135684  0.16688982 -1.5725808   0.12957102]
[ 0.22514434  0.06246965  0.82494146  0.07792155  2.162197    0.12403469
 -0.54357755 -0.01110787 -0.46897036 -1.7220377   0.49782673 -0.5656792
  0.6503929   0.0363463  -1.4906327   0.08500643]
[ 2.5659066e-01  7.1959317e-02  7.6257265e-01  9.0933636e-02
  2.2611470e+00 -1.1179745e-03 -5.3732473e-01 -3.8445055e-02
 -5.3020155e-01 -1.7020063e+00  5.9211439e-01 -6.2184912e-01
  5.5487233e-01  1.2677750e-01 -1.5266467e+00  1.8842456e-01]
[ 0.25309744  0.06308284  0.81129515  0.07332543  2.18261     0.05395118
 -0.5514463   0.01871422 -0.451255   -1.7160301   0.50903004 -0.5763482
  0.57146466  0.06079369 -1.5099351   0.1546601 ]
[ 0.25928146  0.01735845  0.75692093  0.11064329  2.2635944  -0.05892963
 -0.5290912  -0.01653626 -0.49622282 -1.7144638   0.5738276  -0.65732324
  0.5676463   0.16369328 -1.552974    0.2622113 ]
[ 0.23728928  0.04916577  0.7800058   0.14692013  2.2318313   0.0069121
 -0.52040434 -0.0646887  -0.5213464  -1.7452453   0.56612504 -0.6259692
  0.60874593  0.17440283 -1.570554    0.19400784]
[ 0.23033357  0.09124489  0.7746313   0.09454387  2.2261646   0.03955017
 -0.5540446  -0.02161268 -0.45969543 -1.763004    0.5709759  -0.58595186
  0.5657165   0.10873546 -1.5616394   0.19170755]
[ 0.23182845  0.11655165  0.7891029   0.1004104   2.186676    0.08123962
 -0.55454624  0.00543663 -0.41080052 -1.7674446   0.5345981  -0.54474914
  0.5581817   0.05271953 -1.5732554   0.14055745]
[ 0.24974051  0.12319972  0.7190581   0.11635424  2.2709694  -0.04205769
 -0.5548503  -0.01669692 -0.4452083  -1.7502038   0.66061133 -0.6185236
  0.45838577  0.12632132 -1.6147579   0.26747125]
[ 0.19200628  0.08599681  0.77451074  0.09290107  2.2495265   0.01582526
 -0.5756749   0.02129283 -0.41978663 -1.7486525   0.57961756 -0.56104624
  0.5380681   0.10747173 -1.5585556   0.15281862]
[ 0.21387386  0.05148907  0.7274028   0.18441519  2.304079   -0.04042255
 -0.5368894  -0.06444077 -0.50564283 -1.7028005   0.6270378  -0.6411327
  0.55254203  0.20291364 -1.639299    0.21401873]
[ 0.22205687  0.05154514  0.7818837   0.16507404  2.2536778   0.0315329
 -0.5263549  -0.05486216 -0.5078662  -1.7155273   0.55325747 -0.6113512
  0.59884787  0.16086987 -1.603843    0.14661641]
[ 0.26592556  0.0774246   0.77959454  0.18513015  2.2019749   0.04659946
 -0.49434128 -0.07687308 -0.5024757  -1.7221153   0.58684504 -0.61873925
  0.5581494   0.15118304 -1.6253674   0.1316249 ]
[ 0.22645931  0.10781951  0.8428157   0.04189914  2.1631482   0.11849914
 -0.5532384   0.00641454 -0.41980115 -1.7638829   0.5381883  -0.5544254
  0.5817454   0.0373528  -1.5146329   0.08568274]
[ 0.22277269  0.10588536  0.81066304  0.06657119  2.2136493   0.07015485
 -0.5551874  -0.02523484 -0.46894163 -1.7523224   0.55490035 -0.5746244
  0.570291    0.06475772 -1.5133764   0.1570034 ]
[ 0.22579941  0.05121353  0.73318756  0.11188109  2.3074558  -0.05123938
 -0.5505663  -0.04455521 -0.54161465 -1.731485    0.609707   -0.646297
  0.59979904  0.16740581 -1.5364093   0.24519162]
[ 0.24626799  0.02490244  0.7423108   0.1706905   2.2556837   0.00314417
 -0.5253184  -0.05272981 -0.52326363 -1.7144676   0.58235896 -0.6512776
  0.611447    0.1382557  -1.5701505   0.20950465]
[ 0.28340992  0.07954656  0.7445015   0.09910218  2.250957   -0.02681128
 -0.5309241  -0.0354806  -0.48833817 -1.7287414   0.60497373 -0.634919
  0.5062655   0.12198124 -1.5673726   0.27222443]
[ 0.25766245  0.10347015  0.795353    0.06680147  2.1908374   0.03520983
 -0.5607857   0.0124737  -0.42568055 -1.7613828   0.5237129  -0.55278563
  0.53005517  0.06724931 -1.5287774   0.19573633]
[ 0.26679432  0.03922188  0.73024595  0.12491822  2.2687154  -0.06592973
 -0.54813564 -0.00859251 -0.4609053  -1.7341869   0.58417416 -0.64151084
  0.5038965   0.14866272 -1.5858529   0.33065113]
[ 0.2674776   0.0657791   0.7408105   0.16419205  2.2376904  -0.03087584
 -0.5349183  -0.02568981 -0.438931   -1.7381384   0.5787038  -0.6108383
  0.5148306   0.15793297 -1.652993    0.25412932]
[ 0.2737402   0.06594665  0.7359658   0.16504064  2.2308674  -0.0213376
 -0.5375743  -0.00696863 -0.43042248 -1.7348812   0.5703168  -0.59168524
  0.48335433  0.1332424  -1.6679544   0.28217322]
[ 0.2491539   0.05935984  0.7640069   0.12206598  2.227364    0.02222323
 -0.5852145   0.03639689 -0.39071944 -1.7473488   0.51798564 -0.5260536
  0.5626782   0.07274934 -1.6168102   0.17926   ]
[ 0.23353858  0.04408825  0.6984512   0.20881045  2.3046725  -0.06580701
 -0.54099673 -0.01613875 -0.47187775 -1.7298412   0.6515971  -0.62456304
  0.53089356  0.18492167 -1.7178059   0.25696743]
[ 2.2852477e-01  6.6156171e-02  7.6315224e-01  1.2504381e-01
  2.2801385e+00  7.0547161e-04 -5.7447183e-01  2.0617956e-02
 -4.2233008e-01 -1.7445564e+00  5.7851118e-01 -5.6065708e-01
  5.2807009e-01  9.1484800e-02 -1.6294235e+00  1.9568937e-01]
[ 0.22039923  0.0354491   0.7017673   0.1900262   2.335519   -0.08410194
 -0.55224216 -0.03106795 -0.5227865  -1.7037976   0.6419758  -0.6460549
  0.55420554  0.20154253 -1.6512725   0.2585858 ]
[ 0.22892773 -0.00520137  0.71440095  0.19355766  2.2798429  -0.03292105
 -0.5368451  -0.02055336 -0.49984255 -1.67857     0.59876096 -0.6498929
  0.5735809   0.16400245 -1.626676    0.24473843]
[ 0.24965     0.01047015  0.7464497   0.17403896  2.2475247  -0.01709711
 -0.5239069  -0.03701641 -0.49847946 -1.6690705   0.5486166  -0.6222009
  0.55345887  0.15763931 -1.5840766   0.21194658]
[ 0.22770318  0.02211336  0.7715262   0.16090313  2.2023518  -0.01051876
 -0.53118306 -0.00248808 -0.48621273 -1.7027409   0.5260955  -0.59741503
  0.6093284   0.16520241 -1.585294    0.1771839 ]
[ 0.24747165  0.01201199  0.81885976  0.09934238  2.1536617   0.0563405
 -0.529484    0.02476007 -0.44053832 -1.7107404   0.46212935 -0.5526848
  0.5959686   0.09614992 -1.5343001   0.14714512]
[ 0.23449083  0.08474313  0.78273594  0.17950098  2.193119    0.02444531
 -0.5149968  -0.05844641 -0.467923   -1.7427269   0.5588763  -0.5858139
  0.5655911   0.1809481  -1.6363045   0.14744234]
[ 0.20959815  0.10294769  0.8152987   0.07500719  2.149179    0.10820272
 -0.5655446   0.03902885 -0.3769482  -1.7647938   0.51659316 -0.5218023
  0.56481093  0.05269417 -1.5547473   0.09502725]
[ 2.3111117e-01  8.7168016e-02  7.9741555e-01  8.3148696e-02
  2.2118518e+00  6.8157971e-02 -5.6341028e-01  9.9748676e-04
 -4.1821328e-01 -1.7397497e+00  5.2984536e-01 -5.4553825e-01
  5.4589802e-01  6.5693066e-02 -1.5483094e+00  1.4043443e-01]
[ 0.22432935  0.09954138  0.7465919   0.14939818  2.2634144  -0.02520459
 -0.54410934 -0.04007077 -0.49010834 -1.7268692   0.6372914  -0.6054267
  0.51745325  0.18208648 -1.6424103   0.20079203]
[ 0.21244772  0.05625973  0.8037963   0.11949263  2.2049408   0.06442083
 -0.5512843   0.00677449 -0.43782336 -1.7364762   0.54003763 -0.57088125
  0.57154524  0.08838154 -1.5720818   0.14560549]
[ 0.24596009  0.05916411  0.75087607  0.1921427   2.2633853  -0.0155707
 -0.51110476 -0.08391536 -0.5229956  -1.6989759   0.59646493 -0.6391392
  0.510199    0.18529315 -1.6118424   0.22848248]
[ 0.22776298  0.06999165  0.7751479   0.16710539  2.1952214   0.01966314
 -0.5380193  -0.03431898 -0.4970359  -1.7372673   0.57465965 -0.59897965
  0.57214653  0.15627162 -1.5893676   0.1835064 ]
[ 0.24210915  0.02929421  0.8142828   0.0869555   2.165748    0.09058005
 -0.5595461   0.00447428 -0.43854493 -1.7320883   0.48478907 -0.55851215
  0.6106638   0.04703467 -1.493808    0.15309608]
[ 0.26575068  0.06908765  0.72899544  0.16745026  2.2500389  -0.02793213
 -0.5242674  -0.06229291 -0.51277167 -1.6999375   0.59379435 -0.61375695
  0.5159468   0.16449295 -1.6107092   0.24536431]
[ 0.21682148  0.07078394  0.75908595  0.08586065  2.2239747   0.02651805
 -0.574751    0.03319553 -0.42562658 -1.7466348   0.5423256  -0.5677656
  0.5921551   0.07482795 -1.545022    0.18193914]
[ 0.22683315  0.06105503  0.717529    0.14740404  2.325788   -0.05739108
 -0.5315671  -0.04981107 -0.48419714 -1.7164787   0.63048476 -0.6450411
  0.52954596  0.15640208 -1.6161877   0.25477788]
[ 0.22838506  0.11411323  0.7319734   0.17346294  2.2730994  -0.02130603
 -0.52321863 -0.0688477  -0.51163644 -1.7330179   0.6427021  -0.6174755
  0.48812288  0.1781502  -1.6366949   0.23055176]
[ 1.98827431e-01  1.07406482e-01  7.71917820e-01  1.06255695e-01
  2.21387076e+00  3.80795188e-02 -5.72436690e-01  3.65555279e-05
 -4.24006373e-01 -1.76607108e+00  5.99255979e-01 -5.71272969e-01
  5.59679687e-01  9.48802680e-02 -1.55725932e+00  1.46689400e-01]
[ 0.2231246   0.05882788  0.7509867   0.17139602  2.2834256  -0.01788601
 -0.5164553  -0.07681093 -0.5223955  -1.7221416   0.6418031  -0.6636411
  0.54207194  0.18198751 -1.6055832   0.2182988 ]
[ 0.23305616  0.10146576  0.7703128   0.14585419  2.2470355   0.018315
 -0.52252805 -0.08297513 -0.51840097 -1.7311131   0.62714565 -0.62151355
  0.5200205   0.1675093  -1.5926645   0.18520334]
[ 0.21791777  0.10342555  0.8058937   0.08633189  2.190332    0.09324728
 -0.5565868  -0.02104737 -0.45920596 -1.7535203   0.53046405 -0.5601012
  0.583465    0.06186762 -1.5032685   0.12732784]
[ 0.24786596  0.05764108  0.73261917  0.15120704  2.2591338  -0.00389064
 -0.5151836  -0.0783647  -0.52016866 -1.7305031   0.62262523 -0.66653204
  0.58393544  0.14448808 -1.5721622   0.23559728]
[ 0.23739931  0.11659358  0.7387905   0.08555759  2.2695642  -0.01584774
 -0.5314987  -0.0616154  -0.50164175 -1.7443565   0.6562326  -0.6287652
  0.50604624  0.14904842 -1.5629184   0.23639044]
[ 0.19999488  0.10026507  0.77786934  0.06431817  2.2364764   0.06850731
 -0.57756674 -0.0050524  -0.4543469  -1.742296    0.5554768  -0.55748
  0.57872975  0.06924197 -1.5141926   0.14700809]
[ 0.22590661  0.03959932  0.71528834  0.13592157  2.32754    -0.04728774
 -0.55283237 -0.03969791 -0.5194489  -1.7071863   0.6102637  -0.63936424
  0.6114526   0.15776618 -1.5796854   0.20960312]
[ 0.23557162  0.04787432  0.74760205  0.18109696  2.2769885  -0.00862794
 -0.50644463 -0.06457616 -0.5231017  -1.7127998   0.62369305 -0.6508499
  0.5755208   0.17320141 -1.6206758   0.17083612]
[ 0.22776154  0.11528599  0.8221405   0.02979134  2.2152421   0.07168527
 -0.55548304 -0.01225407 -0.45925894 -1.7497272   0.548575   -0.5648309
  0.57173204  0.07066638 -1.495022    0.10969035]
[ 0.22317886  0.07388019  0.7746707   0.08862579  2.2718492  -0.01412745
 -0.54563737 -0.04270525 -0.53447187 -1.7290413   0.607242   -0.6410049
  0.5983397   0.16228265 -1.5294055   0.18354836]
[ 0.243431    0.0174486   0.7999838   0.13039778  2.222179    0.04787056
 -0.52306676 -0.05150516 -0.52488875 -1.7037275   0.5474955  -0.64424396
  0.61198264  0.12537928 -1.5312542   0.17879462]
[ 0.26773673  0.07360329  0.81875694  0.10751039  2.1847265   0.061618
 -0.52302116 -0.05980105 -0.50335836 -1.7107      0.53968555 -0.59976023
  0.56154454  0.11147583 -1.5342922   0.15067112]
[ 0.23629525  0.06796696  0.8194631   0.08216048  2.1530924   0.08677465
 -0.5534494   0.01213103 -0.4587028  -1.735997    0.49291092 -0.5671371
  0.59764874  0.04978457 -1.4855034   0.14960146]
[ 0.2777087   0.04148223  0.76457804  0.09707137  2.2443032  -0.01816247
 -0.5372934  -0.03347577 -0.49089766 -1.7281936   0.5643736  -0.6410866
  0.5574489   0.11770777 -1.5241127   0.25879687]
[ 0.2460835   0.09632806  0.7525968   0.14042337  2.2453587  -0.02203092
 -0.5290836  -0.05354716 -0.4947563  -1.757095    0.60083675 -0.61968416
  0.5388982   0.16541575 -1.6082687   0.2478621 ]
[ 2.2201999e-01  1.1396756e-01  7.7003199e-01  8.0804408e-02
  2.2185526e+00  5.2743394e-02 -5.6800795e-01 -1.6722113e-03
 -4.2556190e-01 -1.7737936e+00  5.5454743e-01 -5.5491579e-01
  5.5724537e-01  6.9357648e-02 -1.5432320e+00  1.7603448e-01]
[ 0.22029793  0.09123202  0.70771974  0.13063653  2.3165162  -0.04424199
 -0.55224776 -0.03194741 -0.487871   -1.7428806   0.65034294 -0.6247794
  0.5388184   0.16245759 -1.619931    0.23430972]
[ 0.22685114  0.10425381  0.72663426  0.16944234  2.274013   -0.02023832
 -0.5432395  -0.03054722 -0.46173453 -1.7436974   0.66311765 -0.6176281
  0.48608288  0.13897538 -1.6552515   0.23024829]
[ 2.2414775e-01  8.7493174e-02  7.8436434e-01  1.0915618e-01
  2.2448237e+00  2.8729090e-02 -5.6456482e-01 -1.0068447e-03
 -4.3812355e-01 -1.7465973e+00  5.7573092e-01 -5.7027924e-01
  5.1772487e-01  8.9809150e-02 -1.5643610e+00  1.6978411e-01]
[ 0.23236713  0.03178789  0.71984196  0.20500723  2.2913606  -0.04894973
 -0.5252665  -0.07389714 -0.53158736 -1.702225    0.641261   -0.6707721
  0.56366575  0.20027384 -1.6156557   0.23012543]
[ 0.23805523  0.0184608   0.773299    0.14030182  2.2571685   0.00848042
 -0.53137076 -0.0478241  -0.5204226  -1.7079248   0.567181   -0.64198303
  0.59663737  0.1417127  -1.5472875   0.20273414]
[ 0.27890247  0.06298904  0.7806152   0.12217607  2.2219918   0.02327031
 -0.5190081  -0.06978949 -0.520724   -1.7132562   0.53110963 -0.6169138
  0.5797544   0.13362063 -1.5477463   0.20188288]
[ 0.27062088  0.096645    0.76870126  0.08112412  2.2012768   0.00403489
 -0.53892744 -0.01096227 -0.4629107  -1.7655499   0.5876602  -0.612615
  0.5406384   0.12003342 -1.5700397   0.23932958]
[ 2.6628685e-01  9.0643987e-02  7.8796780e-01  8.4991440e-02
  2.1837182e+00  5.6047309e-02 -5.4499716e-01 -1.7180681e-03
 -4.1311663e-01 -1.7622560e+00  5.4404438e-01 -5.6502092e-01
  5.2537358e-01  5.0207593e-02 -1.5570892e+00  2.0312342e-01]
[ 0.26359573  0.09622645  0.7261612   0.11946931  2.2786534  -0.05826567
 -0.5616552  -0.02555735 -0.48572928 -1.7321237   0.6260027  -0.6067298
  0.45942968  0.14868347 -1.6013931   0.30459443]
[ 0.24575949  0.04315912  0.7525243   0.1455082   2.219469    0.00629832
 -0.57970303  0.02761835 -0.43011636 -1.7223759   0.5425767  -0.56623435
  0.5516871   0.08800434 -1.6009026   0.22474334]
[ 0.25110036 -0.00717928  0.6889102   0.20650724  2.321215   -0.07746505
 -0.5283816  -0.05517663 -0.5005642  -1.6813014   0.61799544 -0.6701902
  0.5619914   0.18451622 -1.6528165   0.28994155]
[ 0.2497209   0.06775184  0.71923435  0.17808282  2.2945151  -0.05375431
 -0.5258985  -0.06127151 -0.527587   -1.7143431   0.60664743 -0.6155146
  0.5173036   0.17625234 -1.6279612   0.2666037 ]
[ 0.23586285  0.06973295  0.7668039   0.10603845  2.2348564   0.01229306
 -0.57525814  0.01806834 -0.44887227 -1.7375196   0.54533225 -0.5695137
  0.5398391   0.09300648 -1.5590401   0.21717241]
[ 0.26612175  0.06230662  0.70933807  0.20479369  2.2716043  -0.05518867
 -0.52911127 -0.04167428 -0.46824074 -1.7187725   0.6338188  -0.6458813
  0.48806405  0.16132668 -1.669437    0.28016463]
[ 0.24819207  0.0721256   0.7386017   0.16672051  2.2667098  -0.03529973
 -0.52821934 -0.04886067 -0.5013844  -1.7198241   0.6377662  -0.63031244
  0.50340456  0.17545784 -1.6424935   0.24521399]
[ 2.1850677e-01  5.1698137e-02  7.8786087e-01  6.9529548e-02
  2.2498288e+00  4.9218185e-02 -5.8441925e-01 -8.9673698e-04
 -4.5692283e-01 -1.7096159e+00  5.3270435e-01 -5.4427111e-01
  6.1160314e-01  7.9859242e-02 -1.5326302e+00  1.2330606e-01]
[ 0.22706398 -0.02470874  0.70419997  0.18379755  2.342873   -0.03921118
 -0.5327202  -0.05333282 -0.55637866 -1.6605179   0.5987059  -0.6560766
  0.6611252   0.18689051 -1.6194395   0.18313736]
[ 0.24075492  0.03726048  0.7310394   0.1552305   2.3060932  -0.01098648
 -0.50747746 -0.07154693 -0.54267293 -1.6843252   0.6193321  -0.656115
  0.59637123  0.14045423 -1.5944147   0.18719077]
[ 0.20149152  0.08743773  0.76158655  0.07922768  2.2935874  -0.02422895
 -0.5495316  -0.01910015 -0.5207753  -1.7294286   0.6473824  -0.6302378
  0.55897385  0.1434766  -1.5340539   0.1807522 ]
[ 0.19746932  0.02928084  0.81669223  0.08609561  2.2293305   0.06217515
 -0.57112396  0.00900731 -0.49935883 -1.7212188   0.52199036 -0.5772803
  0.63881063  0.07284294 -1.4552064   0.10540567]
[ 0.26160705 -0.05727251  0.7679486   0.15492567  2.2641265  -0.02404615
 -0.5235817  -0.05268393 -0.5833457  -1.6447465   0.5247941  -0.6676534
  0.6364821   0.17943165 -1.4956285   0.20739996]
[ 0.28227854 -0.01391792  0.8010122   0.11665432  2.1580071   0.02825039
 -0.5139807  -0.03130975 -0.5528941  -1.6650501   0.45333654 -0.62974185
  0.6586572   0.1393087  -1.4613528   0.1792026 ]
[ 0.2980493   0.00437204  0.82007635  0.04365402  2.106504    0.05812452
 -0.52991855  0.02981642 -0.4678987  -1.7072659   0.43824545 -0.58271575
  0.64516103  0.0823811  -1.4549372   0.16413346]
[ 0.2727905   0.06370542  0.8787306   0.03044046  2.0959396   0.11755186
 -0.5326731   0.04044571 -0.40454936 -1.7342994   0.4034511  -0.5055808
  0.5833485   0.04151829 -1.4980547   0.09311464]
[ 0.2649361   0.09663099  0.7976216   0.07591576  2.1555855   0.05073357
 -0.560013    0.04935276 -0.3838769  -1.7548612   0.513195   -0.51498353
  0.52105886  0.07424631 -1.5926231   0.15367782]
[ 0.22168884  0.08296512  0.7718342   0.11831208  2.2192295   0.03713035
 -0.5754532   0.0346313  -0.3802305  -1.7618138   0.56141347 -0.5388276
  0.560819    0.06825239 -1.6240222   0.14930633]
[ 0.24466416  0.04938914  0.71490896  0.19351108  2.3044915  -0.04344453
 -0.5342831  -0.03992927 -0.48159552 -1.7056805   0.61998785 -0.61449414
  0.5019679   0.16951738 -1.6825851   0.25152007]
[ 0.19216597  0.07697497  0.7858823   0.12209505  2.2484615   0.03703868
 -0.5763438   0.01152788 -0.44358143 -1.740634    0.54681945 -0.54350364
  0.58453554  0.10778298 -1.5914009   0.12730798]
[ 0.22484124  0.01847066  0.7122343   0.21736968  2.2926116  -0.04019395
 -0.529412   -0.04146186 -0.5138957  -1.7001097   0.60879505 -0.6499212
  0.5582756   0.18779413 -1.6429659   0.24534015]
[ 0.24959655  0.0419178   0.775669    0.15883939  2.2469351   0.00727788
 -0.5339699  -0.0382363  -0.49769053 -1.7089049   0.554152   -0.61037314
  0.54165447  0.14957485 -1.5894861   0.20057555]
[ 0.2557327   0.04016846  0.7777979   0.14185579  2.1948078   0.01722768
 -0.5321063  -0.00927024 -0.47523394 -1.6990799   0.54077184 -0.59087974
  0.5723408   0.15007049 -1.6066116   0.16830078]
[ 0.2370371  -0.01167263  0.79801995  0.08103088  2.186815    0.07667617
 -0.5567726   0.0384871  -0.42441893 -1.6833861   0.46613246 -0.5463469
  0.6494526   0.05374507 -1.5278885   0.1073771 ]
[ 0.25157517  0.02835116  0.74780005  0.15770099  2.2875981  -0.00640863
 -0.5107064  -0.0547429  -0.5244039  -1.671882    0.539077   -0.60826147
  0.60733706  0.15712957 -1.6146896   0.16100128]
[ 0.26889253  0.06195487  0.75867283  0.11786906  2.2418914  -0.01324814
 -0.5085088  -0.01327497 -0.48800007 -1.6945035   0.5648267  -0.60419816
  0.5363511   0.1444735  -1.6211808   0.19519857]
[ 0.26341444  0.08298589  0.8041366   0.10978837  2.1773765   0.06012129
 -0.5496038   0.0080017  -0.4133237  -1.7440193   0.5315509  -0.55846393
  0.52317834  0.06423329 -1.5550689   0.1420193 ]
[ 0.26569515  0.04473441  0.77512825  0.15800223  2.2150123  -0.02002496
 -0.5223307  -0.03124782 -0.49982992 -1.7240028   0.600563   -0.625621
  0.52157617  0.17863573 -1.605122    0.21561785]
[ 0.24138387  0.0232605   0.8303442   0.069011    2.1681333   0.07924651
 -0.5617093   0.01535054 -0.4523062  -1.7124596   0.4816575  -0.54243946
  0.5924098   0.07882887 -1.4961784   0.13104218]
[ 0.28483498 -0.01869178  0.73900604  0.1832206   2.2451794  -0.00794297
 -0.52932185 -0.05135018 -0.54281044 -1.663091    0.5075596  -0.6263724
  0.6057348   0.15291853 -1.572093    0.24251632]
[ 0.31492537  0.0451913   0.7523349   0.14007732  2.2163863   0.00465474
 -0.5175749  -0.03817067 -0.49850178 -1.6978633   0.53043187 -0.6077806
  0.57823694  0.10019988 -1.5989501   0.22515114]
[ 0.2640716   0.08093525  0.7613028   0.06585565  2.2200139   0.01670309
 -0.55123216  0.01586038 -0.4491717  -1.7261982   0.58050376 -0.57348615
  0.5454602   0.07244243 -1.562656    0.18659991]
[ 0.21663694  0.09232997  0.73364705  0.0908375   2.2853477  -0.00423179
 -0.5836011  -0.00282707 -0.45972663 -1.7208582   0.5949361  -0.56537074
  0.516384    0.08730911 -1.5509021   0.2191637 ]
[ 0.22019617  0.01944271  0.68947345  0.15470365  2.341969   -0.09926063
 -0.5675988  -0.02933568 -0.54453456 -1.6906216   0.629815   -0.64719933
  0.5816311   0.20239434 -1.606932    0.29575372]
[ 0.24390891 -0.03207198  0.7081455   0.23806825  2.3035555  -0.04533638
 -0.5167922  -0.0702901  -0.5388718  -1.6533829   0.5970455  -0.6764681
  0.5965135   0.19130382 -1.6416299   0.24341197]
[ 0.24267507  0.01696722  0.74051243  0.17270179  2.265447   -0.02051826
 -0.5143744  -0.05482271 -0.54862297 -1.6648232   0.59145725 -0.63036025
  0.5825035   0.17088501 -1.5920185   0.18851614]
[ 0.2219654   0.02643739  0.7884847   0.06774314  2.2190337   0.05242388
 -0.56438386  0.02179309 -0.4778912  -1.6853988   0.47609395 -0.55544466
  0.6326469   0.06048413 -1.4780346   0.14111224]
[ 0.27575678 -0.01947749  0.72746116  0.14228305  2.288373   -0.06725669
 -0.49961057 -0.03244195 -0.52168447 -1.6588886   0.5440863  -0.6606367
  0.5774366   0.16467607 -1.5772355   0.26711532]
[ 0.24450569  0.06589933  0.75236636  0.15943277  2.233998   -0.01360069
 -0.51250535 -0.06318772 -0.51268846 -1.7228835   0.5954448  -0.63870203
  0.5688378   0.17425746 -1.5819181   0.19831617]
[ 0.24253277  0.07765822  0.8008564   0.0586863   2.2028313   0.03309677
 -0.55372906  0.00510861 -0.44918108 -1.7421926   0.551403   -0.58866274
  0.53453475  0.10753395 -1.5304348   0.19799687]
[ 0.2273533   0.08269773  0.82619876  0.07518514  2.1754997   0.08436058
 -0.5712035   0.00767221 -0.41604933 -1.7509868   0.4865703  -0.5191312
  0.6092674   0.07453258 -1.5390837   0.09224569]
[ 0.22030327  0.04424332  0.7404555   0.18105379  2.247571   -0.01606074
 -0.5257789  -0.02818304 -0.4890979  -1.7404544   0.61404324 -0.62814736
  0.5779444   0.18102361 -1.6424987   0.20967945]
[ 0.22614212  0.08025663  0.79759216  0.08898707  2.2068737   0.06491306
 -0.55761135  0.00524876 -0.42260915 -1.7581503   0.53273773 -0.55220866
  0.56372786  0.06357825 -1.5465405   0.15363355]
[ 0.24552     0.0933435   0.75227267  0.1453605   2.2556796  -0.0303667
 -0.54734766 -0.02774788 -0.4933628  -1.7304146   0.6096773  -0.6078495
  0.49050722  0.16026129 -1.6168425   0.2503868 ]
[ 0.22010712  0.03502069  0.7801129   0.12115677  2.1979587   0.03530681
 -0.57172793  0.03978443 -0.41613275 -1.7196825   0.53370476 -0.56689566
  0.586481    0.08716976 -1.5719348   0.15504164]
[ 2.5413114e-01 -4.0447115e-04  7.4121684e-01  1.8512590e-01
  2.2679152e+00 -3.4361459e-02 -5.1557195e-01 -5.1581096e-02
 -5.0912637e-01 -1.6697924e+00  5.6516802e-01 -6.4262378e-01
  5.4978067e-01  1.7510775e-01 -1.5964099e+00  2.2957318e-01]
[ 0.24541435  0.03893418  0.7724167   0.1369683   2.2187655  -0.01045704
 -0.53984934 -0.01428865 -0.48331022 -1.7061895   0.53134525 -0.58836365
  0.5885803   0.17071703 -1.593514    0.17986014]
[ 0.23681283  0.03851582  0.8260201   0.09332559  2.1687338   0.07832352
 -0.5455437   0.01822851 -0.43490618 -1.7313964   0.48434544 -0.55604565
  0.6111331   0.08964434 -1.5473758   0.1150196 ]
[ 0.2328516   0.07344858  0.7626061   0.16488941  2.2488358   0.01601461
 -0.51855904 -0.0585385  -0.48165074 -1.7241405   0.6159257  -0.6089566
  0.55138516  0.16229156 -1.6533314   0.16166767]
[ 0.20614493  0.10543554  0.8180628   0.06572865  2.1959395   0.10043927
 -0.5759976   0.00921189 -0.43830046 -1.7322626   0.52507293 -0.5189507
  0.5664026   0.05975268 -1.5335279   0.09156848]
[ 0.18852398  0.02946578  0.77915406  0.104459    2.2358096   0.04456338
 -0.5839819   0.01208111 -0.47748548 -1.7105898   0.5507511  -0.5761832
  0.6371175   0.09769817 -1.5186619   0.13211074]
[ 2.1377735e-01 -2.1520257e-03  7.3625737e-01  1.9242418e-01
  2.2883580e+00 -2.5408456e-02 -5.2011728e-01 -6.6502996e-02
 -5.6208402e-01 -1.6666845e+00  5.9574735e-01 -6.6570216e-01
  6.0784495e-01  1.8844587e-01 -1.5628169e+00  1.9519725e-01]
[ 0.23749144  0.0150294   0.7773458   0.14159758  2.241124    0.00626137
 -0.5166164  -0.0519678  -0.5659069  -1.6834481   0.5475406  -0.6359472
  0.5993869   0.16819812 -1.5234405   0.19069584]
[ 0.23994926  0.04970029  0.84524363  0.05643684  2.1527038   0.09060357
 -0.54512566 -0.00395521 -0.49243703 -1.6945213   0.44779462 -0.553617
  0.6327697   0.07752801 -1.4489625   0.09192085]
[ 0.24828878  0.03078673  0.77271473  0.14989787  2.2006714   0.03189635
 -0.5043194  -0.04970895 -0.513739   -1.6995052   0.5511755  -0.63420993
  0.6165633   0.15326853 -1.575917    0.1680783 ]
[ 0.22740999  0.09963156  0.82660836  0.04322469  2.1554167   0.12168244
 -0.537337   -0.02083112 -0.44017687 -1.7267458   0.49148816 -0.5394629
  0.58957493  0.05039992 -1.4739146   0.07865663]
[ 2.0760357e-01  8.8833377e-02  7.7872550e-01  8.2778677e-02
  2.2392769e+00  7.0025595e-03 -5.5945235e-01 -1.5220940e-03
 -4.7875637e-01 -1.7405128e+00  5.8430809e-01 -5.9141678e-01
  5.6674576e-01  1.4979187e-01 -1.5558945e+00  1.6926344e-01]
[ 0.21867982  0.06900628  0.8157449   0.10902019  2.1801999   0.08816764
 -0.5531646   0.0036629  -0.42143926 -1.7543385   0.525519   -0.5593306
  0.5870025   0.06287079 -1.5419502   0.11517529]
[ 0.22329307  0.07813146  0.7487153   0.18002859  2.2563262  -0.01421489
 -0.5133823  -0.0696374  -0.5110291  -1.7348759   0.640595   -0.63205546
  0.5332074   0.18019623 -1.6176236   0.19876742]
[ 0.20987096  0.09235064  0.8027073   0.06645624  2.2015066   0.07075702
 -0.572464    0.00716987 -0.44065395 -1.7609183   0.53109723 -0.551984
  0.57969236  0.06195132 -1.4981467   0.14767972]
[ 0.22459666  0.04137767  0.7240942   0.12263364  2.2901034  -0.04684405
 -0.5531663  -0.02334568 -0.4830331  -1.7305925   0.61158353 -0.64430165
  0.57215726  0.15272138 -1.5723455   0.26376835]
[ 0.23294406  0.07990508  0.74759895  0.16730893  2.240803   -0.00413881
 -0.51823133 -0.05667909 -0.50096816 -1.7348347   0.5853901  -0.6195155
  0.5501595   0.16067824 -1.5999037   0.21793261]
[ 2.1350077e-01  9.0301029e-02  7.4748743e-01  9.7070508e-02
  2.2424572e+00 -1.3515209e-02 -5.6563461e-01 -1.8497079e-03
 -4.5119485e-01 -1.7538393e+00  6.0533035e-01 -5.9594178e-01
  5.3581631e-01  1.5029310e-01 -1.5713073e+00  2.1945953e-01]
[ 0.20459609  0.09221864  0.81608564  0.09370527  2.1827111   0.08137009
 -0.56103384  0.01689342 -0.39952236 -1.7491907   0.5197129  -0.5270201
  0.57323325  0.08299298 -1.5686753   0.08615578]
[ 0.22965078  0.0726111   0.7399841   0.17183399  2.250711   -0.00744885
 -0.5250975  -0.04370932 -0.47646084 -1.7198553   0.610489   -0.6142578
  0.5145485   0.17715254 -1.6466144   0.21364555]
[ 0.23009925  0.11057818  0.8222189   0.07986487  2.1745026   0.09018115
 -0.55292326 -0.00678599 -0.41706944 -1.7298158   0.52063596 -0.5275294
  0.5482844   0.07915678 -1.5579003   0.0811155 ]
[ 0.25549108  0.05876987  0.76147926  0.17098586  2.2265105   0.00951076
 -0.512185   -0.05274863 -0.49345428 -1.7108212   0.60260254 -0.63546604
  0.5239188   0.16796105 -1.6328558   0.20688686]
[ 0.2523438   0.10907321  0.83775216  0.08586042  2.154834    0.09980504
 -0.5393506  -0.03423971 -0.4301745  -1.7348133   0.5209284  -0.54428566
  0.5401712   0.07702585 -1.5496879   0.09985624]
[ 0.26940313  0.06602069  0.7740165   0.16064534  2.21127     0.00559585
 -0.5189166  -0.05820832 -0.5189837  -1.7262512   0.588406   -0.6250354
  0.5279438   0.16912477 -1.6047434   0.22750469]
[ 0.28027782  0.06634819  0.8114007   0.1020267   2.1701694   0.07446542
 -0.5511691  -0.01686708 -0.43661398 -1.7460041   0.5069963  -0.5656446
  0.5665842   0.04590153 -1.5386198   0.17825931]
[ 0.27047423  0.05723493  0.7338918   0.18190962  2.2613626  -0.03657162
 -0.5181456  -0.06184866 -0.5298654  -1.728219    0.60761607 -0.6356979
  0.55450207  0.15349221 -1.6244414   0.26317334]
[ 0.25033015  0.04602156  0.74796003  0.09564837  2.2581227   0.01411875
 -0.58097035  0.00520572 -0.45524567 -1.7355248   0.5449471  -0.5821921
  0.5747651   0.04387143 -1.5227221   0.24552318]
[ 0.2465012   0.01314976  0.6789072   0.14612187  2.3600116  -0.11548729
 -0.56473494 -0.00981167 -0.5140723  -1.711014    0.61856955 -0.65827477
  0.56826746  0.15055895 -1.5854399   0.32852864]
[ 0.25146025  0.02827842  0.6859083   0.19095859  2.3260052  -0.08525912
 -0.54146063 -0.02978899 -0.5106681  -1.7194875   0.632309   -0.66487736
  0.5460598   0.15268132 -1.6258838   0.3143115 ]
[ 0.2266359   0.03812096  0.7292551   0.11793323  2.335085   -0.09331391
 -0.56416273 -0.0035994  -0.48933285 -1.7233317   0.6215696  -0.65074605
  0.54140157  0.17529787 -1.5936998   0.2828207 ]
[ 0.2272211   0.0560569   0.730265    0.18354574  2.2930422  -0.04548486
 -0.5367413  -0.03340321 -0.49004135 -1.7356272   0.6123149  -0.62965155
  0.5612717   0.17347562 -1.6464027   0.22779119]
[ 0.23283525  0.06498323  0.7445965   0.13206735  2.2843947  -0.02766453
 -0.5468125  -0.02377023 -0.47216243 -1.7334106   0.6023279  -0.6256207
  0.54005843  0.15276636 -1.606987    0.23078683]
[ 2.2044507e-01  9.6137740e-02  7.6364273e-01  1.4304166e-01
  2.2473869e+00  1.6984462e-03 -5.3499502e-01 -4.1085567e-02
 -4.7819525e-01 -1.7326444e+00  6.0115677e-01 -6.1004364e-01
  5.6209379e-01  1.5863135e-01 -1.6162221e+00  1.6518238e-01]
[ 0.19986887  0.07230786  0.7915265   0.11257666  2.2306447   0.029781
 -0.5449177  -0.0144876  -0.45853105 -1.7501615   0.60309124 -0.604663
  0.5765793   0.14284694 -1.5958322   0.15399036]
[ 0.18845442  0.1003512   0.8466295   0.08325344  2.1850824   0.12177674
 -0.5475761  -0.02496516 -0.44277006 -1.7391567   0.525471   -0.534871
  0.598256    0.08731991 -1.5454392   0.04065361]
[ 0.20688398  0.08443311  0.77250767  0.16875207  2.2362642   0.03045457
 -0.5235804  -0.06520732 -0.5217866  -1.7229424   0.6095811  -0.6231717
  0.5649878   0.17264795 -1.5987126   0.15419528]
[ 0.2075989   0.06689931  0.8338095   0.08374868  2.1793969   0.11602988
 -0.5516567  -0.00907701 -0.44886565 -1.7384506   0.52004445 -0.5705299
  0.6439417   0.05838304 -1.503261    0.05495452]
[ 0.23742068  0.04957228  0.79771006  0.132123    2.2297158   0.03245939
 -0.49865022 -0.07149236 -0.538682   -1.7114046   0.5708086  -0.633922
  0.5838954   0.15563408 -1.5413748   0.15198775]
[ 0.2403593   0.08577793  0.846027    0.01823847  2.151128    0.11118108
 -0.55049205 -0.00652883 -0.45399657 -1.7265866   0.4675137  -0.5472668
  0.59819233  0.06283456 -1.4496284   0.09989198]
[ 0.27879745  0.04017044  0.7917512   0.10121679  2.2089183   0.01174941
 -0.5300952  -0.02372132 -0.5017253  -1.7228813   0.5278705  -0.6369294
  0.5803188   0.13318661 -1.5263116   0.21666834]
[ 0.2816126   0.05984032  0.809035    0.12552316  2.169728    0.03794011
 -0.52302986 -0.02136079 -0.45811003 -1.7569027   0.5437019  -0.6052441
  0.5666059   0.11420552 -1.5865777   0.18970999]
[ 0.2346729   0.08279669  0.8537747   0.04563912  2.1702225   0.11095755
 -0.569373    0.01631146 -0.41386718 -1.7461729   0.47529626 -0.5167217
  0.5668596   0.04032446 -1.511396    0.10629547]
[ 0.2423141   0.06438033  0.76719695  0.10245556  2.219687    0.03934135
 -0.5729792   0.01773297 -0.44711417 -1.7331051   0.51611316 -0.5493823
  0.58538175  0.06790714 -1.5678703   0.19598499]
[ 0.25332418  0.03886558  0.68952584  0.16096917  2.3148723  -0.0768908
 -0.54284465 -0.03211015 -0.50166035 -1.695035    0.6303559  -0.6445508
  0.5615664   0.15648113 -1.6263268   0.26240906]
[ 0.25096437  0.03814831  0.7265895   0.18035655  2.2815206  -0.04241064
 -0.5215619  -0.02564328 -0.49513826 -1.7085907   0.605492   -0.63335526
  0.5252851   0.14615305 -1.6328661   0.25338015]
[ 2.3339501e-01  8.4949397e-02  7.8494966e-01  8.7993994e-02
  2.2506223e+00  1.3748140e-03 -5.6783092e-01 -1.1318326e-04
 -4.5848265e-01 -1.7285779e+00  5.6808847e-01 -5.7081115e-01
  5.3003407e-01  1.1131170e-01 -1.5590622e+00  1.7960790e-01]
[ 0.21004665  0.0307039   0.73447174  0.19480287  2.2810948  -0.03421732
 -0.53555036 -0.04253965 -0.5204822  -1.7184289   0.61308634 -0.6454355
  0.59838974  0.18798468 -1.6244314   0.21717162]
[ 2.3326349e-01  2.5604118e-02  7.4334395e-01  1.7551753e-01
  2.2882791e+00  1.1758246e-03 -5.2153319e-01 -8.1324555e-02
 -5.3369659e-01 -1.6991650e+00  6.0417902e-01 -6.5755254e-01
  5.9240901e-01  1.6820428e-01 -1.5870165e+00  1.9490458e-01]
[ 0.24952035  0.09769567  0.78906405  0.10837974  2.227817    0.03846207
 -0.522953   -0.05774929 -0.5095062  -1.7227856   0.55969846 -0.5946975
  0.5636433   0.12629028 -1.5700173   0.16419646]
[ 0.23386374  0.10136566  0.78418255  0.07338557  2.1881096   0.06493457
 -0.5557514  -0.0037177  -0.43908006 -1.7435625   0.55169    -0.5699158
  0.56192803  0.06560294 -1.517162    0.15119228]
[ 0.25067443  0.06395642  0.7580592   0.11548898  2.2644048  -0.02331132
 -0.5298536  -0.03906658 -0.50023514 -1.7198347   0.60322577 -0.6476158
  0.517907    0.14991365 -1.5554357   0.24093895]
[ 2.5127459e-01  8.3099321e-02  7.6593941e-01  1.5067105e-01
  2.2293341e+00 -1.2178987e-03 -5.2956575e-01 -4.9688056e-02
 -4.8434025e-01 -1.7286316e+00  6.0178268e-01 -6.1465436e-01
  5.1672167e-01  1.5191732e-01 -1.6063350e+00  2.1127117e-01]
[ 2.0406523e-01  4.9691785e-02  8.1091845e-01  9.3023106e-02
  2.2182348e+00  7.5071961e-02 -5.7059765e-01  5.4332317e-04
 -4.6194711e-01 -1.7428238e+00  4.9845475e-01 -5.4934120e-01
  6.4393228e-01  7.1175739e-02 -1.5067400e+00  1.1178390e-01]
[ 0.24894449  0.02918738  0.7267348   0.18466589  2.2989547  -0.00711225
 -0.517774   -0.09188728 -0.5522742  -1.7007091   0.5972612  -0.6484812
  0.619534    0.16956946 -1.5995476   0.18969268]
[ 0.27068573  0.08265134  0.7525478   0.07145651  2.272574    0.0047358
 -0.54499227 -0.02407869 -0.49827108 -1.7208277   0.60199946 -0.60738814
  0.551065    0.10125073 -1.564533    0.19876811]
[ 0.22185257  0.08519308  0.7716874   0.06482267  2.2541752   0.0261715
 -0.5682248   0.00743895 -0.44984683 -1.7382023   0.5868908  -0.5771335
  0.58757955  0.06834598 -1.5401981   0.14529745]
[ 0.2195498   0.02739044  0.76502764  0.10828495  2.3241887  -0.03545994
 -0.5428401  -0.03688853 -0.5490558  -1.7092365   0.59741706 -0.65698206
  0.58423185  0.1531404  -1.5311921   0.23081633]
[ 2.3660541e-01  1.8833119e-02  7.6499355e-01  1.6475716e-01
  2.2772548e+00 -2.2012473e-03 -5.3327274e-01 -6.3988551e-02
 -5.5733716e-01 -1.6962483e+00  5.5674839e-01 -6.3682193e-01
  5.9471637e-01  1.5546994e-01 -1.5381111e+00  2.0665887e-01]
[ 2.2964939e-01 -1.3762116e-03  7.7448678e-01  1.4997558e-01
  2.2306964e+00  9.3257232e-03 -5.4210848e-01 -2.0997098e-02
 -5.4216707e-01 -1.7019736e+00  5.2425659e-01 -6.2865752e-01
  6.6295344e-01  1.4148608e-01 -1.5133681e+00  1.7463972e-01]
[ 0.25519907  0.00975716  0.7832381   0.11386557  2.2201843   0.03716729
 -0.5295172  -0.02936456 -0.51933306 -1.7013109   0.5119513  -0.62830573
  0.6341163   0.11302714 -1.5084888   0.18541999]
[ 0.27351904  0.06744736  0.80060834  0.04848215  2.1999145   0.0415497
 -0.54374444  0.00355192 -0.48033565 -1.6918176   0.4852063  -0.56000173
  0.5643847   0.08763665 -1.5244533   0.17654368]
[ 0.22847214  0.06458654  0.7715891   0.09997322  2.1920166   0.04653328
 -0.5543767   0.0408357  -0.41700768 -1.7315037   0.49980727 -0.5407937
  0.60351247  0.07286756 -1.5633789   0.13315259]
[ 0.233111    0.03147214  0.7494992   0.14172032  2.28445    -0.03004292
 -0.5003573  -0.02787401 -0.476681   -1.710548    0.5975314  -0.6337222
  0.5724851   0.16663153 -1.6384919   0.18661222]
[ 0.20014468  0.12938918  0.76866424  0.1346879   2.246758    0.02344737
 -0.5397218  -0.04617434 -0.4676798  -1.7572953   0.6236788  -0.58115834
  0.5012766   0.14856042 -1.6161747   0.17821649]
[ 0.18088399  0.11291017  0.78940934  0.10205527  2.2043467   0.07583761
 -0.57996196  0.01606533 -0.42205828 -1.7660122   0.55643713 -0.532655
  0.5682875   0.08517538 -1.5493081   0.10362048]
[ 0.2395016   0.04148361  0.7408927   0.18565533  2.2545972  -0.00374666
 -0.5132243  -0.04465004 -0.48067817 -1.716829    0.6079774  -0.64731604
  0.5665263   0.15897223 -1.6289775   0.18573134]
[ 0.23066339  0.08698027  0.7655579   0.13450134  2.2399514   0.00414876
 -0.5092348  -0.05594176 -0.48562655 -1.7331522   0.62241805 -0.6234918
  0.5351981   0.16779536 -1.6009772   0.16710454]
[ 0.2028425   0.11748824  0.8178622   0.02041091  2.184941    0.09802602
 -0.56495893  0.00549963 -0.41966072 -1.7659962   0.50659776 -0.5249866
  0.59179336  0.06734437 -1.4834371   0.09249523]
[ 0.22754817  0.06144397  0.7590381   0.11998246  2.2579122   0.00322761
 -0.52590585 -0.03895465 -0.4922467  -1.7301111   0.5872742  -0.6289737
  0.6008183   0.16711377 -1.5949233   0.1731366 ]
[ 0.22102408  0.10706782  0.7871798   0.1570721   2.211087    0.05921406
 -0.51201123 -0.05222736 -0.46541077 -1.7434113   0.60565364 -0.5994092
  0.5534583   0.13435826 -1.6198642   0.09968479]
[ 0.21324238  0.11259462  0.84819996  0.03700227  2.1691723   0.12965289
 -0.57297754  0.01175611 -0.43033212 -1.7439873   0.51162446 -0.5223498
  0.5579852   0.04463551 -1.4865881   0.06477872]
[ 0.24343386  0.0560653   0.811722    0.10041912  2.1923492   0.06168076
 -0.5620147   0.00464614 -0.4515809  -1.7196814   0.5103693  -0.56400156
  0.57248074  0.07322811 -1.5054636   0.12238924]
[ 0.26552474 -0.00386097  0.7533751   0.17754145  2.2404854  -0.01856055
 -0.5083429  -0.05809844 -0.5404808  -1.6946611   0.5733191  -0.67397565
  0.60515803  0.17838307 -1.5645448   0.21613188]
[ 0.28241262  0.06305639  0.81416     0.08236697  2.1942677   0.0381858
 -0.52172697 -0.05062712 -0.5060259  -1.7320408   0.5330032  -0.62016153
  0.5671742   0.11019021 -1.515032    0.20948151]
[ 0.24313752  0.09468029  0.79522675  0.06639944  2.206106    0.03414667
 -0.565337   -0.00725471 -0.46817988 -1.7679746   0.54445004 -0.58249855
  0.5726638   0.10501687 -1.5270417   0.20527378]
[ 0.24612717  0.09375639  0.7879571   0.10382803  2.182726    0.07836012
 -0.54964507 -0.00736206 -0.42934814 -1.7644827   0.54339457 -0.5619016
  0.58690965  0.04941344 -1.5708224   0.15734063]
[ 0.24602433  0.10774716  0.68723154  0.12215464  2.3132749  -0.06256942
 -0.5465444  -0.04434147 -0.48415232 -1.7352606   0.68215597 -0.63653725
  0.46225613  0.14566138 -1.6126724   0.30657586]
[ 0.1918745   0.11268146  0.7288557   0.08960296  2.2734752  -0.00976512
 -0.5902549   0.01243848 -0.43936753 -1.7489837   0.6215241  -0.5625008
  0.5376964   0.10303608 -1.5666987   0.19419532]
[ 0.19192024  0.01918183  0.6910902   0.1470308   2.3490767  -0.08736531
 -0.55662984 -0.03101466 -0.5024511  -1.7082636   0.6629553  -0.6688433
  0.58263385  0.19993404 -1.6198108   0.279033  ]
[ 0.20250519  0.03709364  0.73505366  0.22163911  2.3052268  -0.02589927
 -0.51099575 -0.09115098 -0.5382534  -1.6987625   0.6069351  -0.64596516
  0.5619174   0.20955579 -1.6279474   0.2061369 ]
[ 0.18262438  0.07890905  0.76508164  0.16830596  2.2376904   0.02205632
 -0.5398417  -0.05435533 -0.527119   -1.7304614   0.6022762  -0.60789526
  0.60195154  0.18043025 -1.577163    0.14269605]
[ 0.21161786  0.04157133  0.8356327   0.08100462  2.1557229   0.11761667
 -0.55499876  0.01232477 -0.4465987  -1.7283604   0.4834733  -0.5563594
  0.64529103  0.04838749 -1.4802657   0.07790361]
[ 0.24724522  0.0504271   0.78014314  0.11865709  2.226127    0.01463533
 -0.5116316  -0.05225196 -0.5105872  -1.6896845   0.579082   -0.62140304
  0.5651615   0.16965494 -1.5633833   0.14325961]
[ 0.22497535  0.07336424  0.845256    0.02548168  2.1499689   0.10296923
 -0.54860765  0.02465972 -0.43281633 -1.7255011   0.46595693 -0.5429495
  0.6033987   0.06795757 -1.4734805   0.08488581]
[ 0.2365706   0.03754028  0.7862935   0.0936989   2.2352605   0.01330251
 -0.5316092  -0.02602212 -0.4848001  -1.711129    0.541224   -0.624431
  0.60182226  0.15383115 -1.5583317   0.18396899]
[ 0.24105768  0.08913818  0.8092664   0.14309606  2.170526    0.06246377
 -0.50733984 -0.04939417 -0.47664136 -1.7365084   0.55136657 -0.58278203
  0.55102885  0.1408795  -1.5981696   0.13723662]
[ 0.22939429  0.08580691  0.8160343   0.07812938  2.144909    0.09954167
 -0.5800476   0.03400002 -0.39110574 -1.7514149   0.5027455  -0.5237842
  0.5420841   0.05259459 -1.5232725   0.13059422]
[ 0.25438046  0.04553932  0.80576575  0.12160351  2.1717527   0.05084684
 -0.56023115  0.0228173  -0.42862767 -1.7245138   0.4909063  -0.5473749
  0.56006896  0.0705176  -1.5435698   0.15690851]
[ 0.28465912  0.00672272  0.7191244   0.1946459   2.223285   -0.04948301
 -0.52298045 -0.02718266 -0.49333733 -1.69288     0.58318216 -0.6388469
  0.5095209   0.17973045 -1.6236893   0.2973004 ]
[ 0.25037274  0.02730594  0.80197984  0.10370364  2.1717403   0.04197216
 -0.5680016   0.03059109 -0.42323756 -1.7245743   0.45003968 -0.5359497
  0.5957019   0.07119332 -1.5221264   0.17753915]
[ 0.2597325   0.02904845  0.70893705  0.20599863  2.2710946  -0.06003792
 -0.5253962  -0.02432105 -0.47651976 -1.7263657   0.57769984 -0.6192609
  0.5505533   0.1639132  -1.6647829   0.27920836]
[ 2.7424976e-01  9.3160823e-02  7.5606257e-01  1.1733289e-01
  2.2221313e+00  1.0472744e-03 -5.4625481e-01  1.6393304e-02
 -4.2021912e-01 -1.7565949e+00  5.4758179e-01 -5.4843771e-01
  5.0968701e-01  8.4980659e-02 -1.6244894e+00  2.2218581e-01]
[ 0.2616642   0.11467655  0.69917166  0.19046448  2.271483   -0.06218265
 -0.5553293  -0.01384644 -0.4290687  -1.7603664   0.66697234 -0.60830736
  0.4365073   0.15154007 -1.7033961   0.28955084]
[ 0.22956625  0.06884447  0.7497652   0.12480651  2.251442   -0.0126897
 -0.5753282   0.04809268 -0.3857997  -1.7561989   0.58215475 -0.5644828
  0.51806796  0.09694409 -1.6344211   0.20632152]
[ 0.2523137   0.02649299  0.69941074  0.21704271  2.3237827  -0.08588935
 -0.53210586 -0.04475157 -0.4836536  -1.7032274   0.6388099  -0.65044415
  0.48631772  0.19750409 -1.6919883   0.29963917]
[ 0.23157811  0.04306493  0.7274046   0.19819883  2.2845008  -0.04505977
 -0.5415174  -0.02928302 -0.4821911  -1.7357998   0.5959094  -0.62025595
  0.5661012   0.18439087 -1.6691227   0.23987968]
[ 0.25011677  0.03818034  0.7322461   0.20823893  2.2600696  -0.01073512
 -0.5259468  -0.03936603 -0.47521764 -1.7280394   0.5889963  -0.6293498
  0.55729055  0.14690617 -1.6540108   0.22801587]
[ 0.2614768   0.084943    0.7365958   0.15296216  2.2524807  -0.02041365
 -0.54430926 -0.01871137 -0.4499715  -1.7348931   0.60533917 -0.6044098
  0.47646338  0.12804359 -1.6295538   0.2531433 ]
[ 0.22514188  0.09612945  0.77285975  0.09574363  2.2074332   0.01484101
 -0.5838198   0.04108447 -0.39978924 -1.75616     0.5589084  -0.5532444
  0.5476365   0.08809551 -1.5909073   0.18326698]
[ 0.24208847  0.03545966  0.72365695  0.13108905  2.3022523  -0.07149459
 -0.5538499  -0.007518   -0.4553451  -1.7287356   0.608589   -0.6360194
  0.5307714   0.16101779 -1.6167192   0.28456104]
[ 0.23075144  0.05518119  0.7390457   0.20006223  2.2856698  -0.0331745
 -0.5201746  -0.06711826 -0.5055674  -1.7146013   0.59799165 -0.6254134
  0.56581783  0.20607558 -1.6633465   0.19553511]
[ 0.23020568  0.10460959  0.76669246  0.13680506  2.235791    0.01756709
 -0.5389012  -0.0262654  -0.46278286 -1.7527516   0.60998094 -0.6001128
  0.526542    0.1339956  -1.6270577   0.19231322]
[ 0.23878539  0.10622182  0.80647355  0.10625193  2.1919396   0.07562941
 -0.54448664 -0.01430929 -0.42411095 -1.7490402   0.55635417 -0.5625578
  0.52694     0.06487654 -1.577721    0.14460436]
[ 0.2365638   0.12201935  0.74836093  0.15698054  2.2516007  -0.01986995
 -0.5328343  -0.06617507 -0.4893369  -1.7306492   0.6710434  -0.63615674
  0.46724454  0.17022114 -1.6251879   0.22380498]
[ 0.2177562   0.08115596  0.81316555  0.09438822  2.2064881   0.06917617
 -0.5578845  -0.01502649 -0.45829305 -1.7385786   0.55696744 -0.5776393
  0.5649724   0.08474877 -1.5370939   0.14127412]
[ 0.23049903  0.05155126  0.74943614  0.17117183  2.2883816  -0.01767997
 -0.52068955 -0.10204234 -0.5490292  -1.7073027   0.6116235  -0.655567
  0.59608287  0.18410875 -1.5803902   0.19707629]
[ 0.24692583  0.07356921  0.76280946  0.15577379  2.2336497   0.01990712
 -0.5103611  -0.07852212 -0.5362903  -1.7337341   0.5989815  -0.63959765
  0.5718698   0.15459165 -1.5761741   0.20403889]
[ 0.25269863  0.11771067  0.80589896  0.04668865  2.1810021   0.09524472
 -0.5466681  -0.03899927 -0.4559886  -1.7621193   0.56975394 -0.5783663
  0.5774163   0.04526652 -1.4918987   0.12851806]
[ 0.23038283  0.10904744  0.73719156  0.0895244   2.287394   -0.03000126
 -0.5408038  -0.04854523 -0.5296244  -1.7459415   0.68825406 -0.6465756
  0.5363322   0.14554325 -1.55657     0.22198601]
[ 0.20213719  0.06829911  0.77894986  0.05218385  2.2809963   0.04512084
 -0.5819379  -0.02548849 -0.4952628  -1.7291095   0.5840459  -0.5944277
  0.6184124   0.06799769 -1.475164    0.14970796]
[ 0.23763427  0.03575896  0.73877877  0.13102025  2.3350728  -0.04729998
 -0.53164774 -0.08671284 -0.60164666 -1.688549    0.6074179  -0.67580044
  0.6008181   0.16995102 -1.522511    0.24735121]
[ 0.24060483  0.05078578  0.7281128   0.15458626  2.2860553  -0.02299998
 -0.5166256  -0.09475784 -0.5715675  -1.6944357   0.6335721  -0.68738765
  0.58745134  0.16948487 -1.5364301   0.22190595]
[ 0.26340422  0.06715135  0.81067353  0.05462853  2.2282968   0.03220693
 -0.52984804 -0.05170215 -0.54591596 -1.7168983   0.56666243 -0.6462967
  0.5785507   0.11906986 -1.45832     0.17626695]
[ 0.23743494  0.0741074   0.8006857   0.07106602  2.213752    0.02821264
 -0.5496538  -0.04457153 -0.524281   -1.720487    0.57887775 -0.6158923
  0.5753916   0.13309318 -1.4961039   0.1857999 ]
[ 0.22932136  0.01736802  0.83730763  0.07678054  2.171327    0.11152859
 -0.5614139  -0.00361712 -0.49628654 -1.70965     0.43809533 -0.55823296
  0.6593402   0.0466215  -1.4324299   0.12049828]
[ 0.27733174  0.02130696  0.7365742   0.16221248  2.2642026  -0.01259132
 -0.5124606  -0.08070491 -0.5410708  -1.693628    0.5819053  -0.662769
  0.6024195   0.14240095 -1.5652249   0.22847669]
[ 0.27846846  0.07521403  0.7678652   0.07660867  2.236595    0.00909945
 -0.5399187  -0.01195496 -0.49241853 -1.7162756   0.57175094 -0.602213
  0.54845035  0.08855782 -1.544685    0.20299444]
[ 0.25284743  0.0650077   0.75445455  0.05324404  2.25948     0.01570387
 -0.5834091   0.01395456 -0.44670963 -1.7251136   0.55530864 -0.57217175
  0.56921566  0.06047509 -1.511467    0.18755417]
[ 0.24616203  0.02723516  0.7261176   0.11532784  2.328796   -0.07716076
 -0.54381925 -0.02139111 -0.52569497 -1.7098658   0.60219556 -0.6488485
  0.58982944  0.16817775 -1.5826411   0.25473666]
[ 0.2335407   0.04457345  0.71786994  0.16585441  2.320594   -0.03889086
 -0.52668947 -0.07136931 -0.5338553  -1.7079273   0.63255346 -0.6554851
  0.57825404  0.18169832 -1.6179444   0.22476073]
[ 0.24885857  0.0757198   0.7748778   0.09685619  2.275064    0.00487555
 -0.5423216  -0.03776174 -0.5311445  -1.7189324   0.5724802  -0.6113364
  0.56469786  0.12898755 -1.5477139   0.19486682]
[ 0.23504314  0.04502896  0.7597296   0.14807244  2.2421596   0.00299836
 -0.5522336  -0.01609878 -0.498283   -1.7137352   0.5929953  -0.6157257
  0.57973784  0.13510814 -1.5786133   0.17979816]
[ 0.25573224  0.00952988  0.8337442   0.0924181   2.1787534   0.08318757
 -0.54696375  0.01058037 -0.485188   -1.6918052   0.47076043 -0.56590873
  0.6210925   0.05608406 -1.4948473   0.11785636]
[ 0.24287324 -0.00507659  0.74661607  0.14274505  2.2735286  -0.04099724
 -0.53558815 -0.04409224 -0.5515381  -1.6804756   0.57511026 -0.64896905
  0.61296165  0.17459366 -1.5422748   0.22859283]
[ 2.52868354e-01  7.98764266e-03  7.84947753e-01  1.03169486e-01
  2.22708321e+00  6.97495183e-03 -5.40313184e-01  8.23113311e-04
 -5.11032224e-01 -1.69926417e+00  4.85735327e-01 -6.07351840e-01
  6.36106372e-01  1.12785652e-01 -1.51426435e+00  2.02354625e-01]
[ 2.5195250e-01  2.6655590e-02  7.4697483e-01  1.5342155e-01
  2.2414904e+00 -1.6583167e-03 -5.2443171e-01 -3.7820805e-02
 -4.9828663e-01 -1.7171404e+00  5.5390513e-01 -6.2640083e-01
  6.1158180e-01  1.3626739e-01 -1.5731484e+00  2.0435557e-01]
[ 0.25393182  0.09973174  0.7729235   0.07570471  2.213904    0.00816424
 -0.54138404  0.00667461 -0.4475463  -1.7418371   0.5711412  -0.58016074
  0.51402575  0.11422227 -1.5744567   0.20319967]
[ 0.23407929  0.09193642  0.76589763  0.08087297  2.2073593   0.02472967
 -0.57668287  0.0367581  -0.38531083 -1.7569399   0.5557672  -0.55240583
  0.5097392   0.07781766 -1.564667    0.19938394]
[ 0.25391182  0.07643139  0.7310082   0.14546281  2.2712054  -0.05774541
 -0.5447404  -0.01216487 -0.4553586  -1.729283    0.5947379  -0.6088608
  0.4976212   0.16304314 -1.635958    0.26049155]
[ 0.25644308  0.05151439  0.7286827   0.21617183  2.2387521  -0.03103086
 -0.51463443 -0.03928423 -0.46285668 -1.7154553   0.5995208  -0.6194199
  0.48687357  0.18546194 -1.6839727   0.2513588 ]
[ 0.25967208  0.09902412  0.8149909   0.11786733  2.1608648   0.06533768
 -0.551481    0.0070514  -0.3919486  -1.7547092   0.50782627 -0.52906144
  0.5143281   0.0815177  -1.6044289   0.14970721]
[ 0.24924168  0.07420468  0.73057634  0.19153948  2.2348967  -0.03140444
 -0.5266183  -0.03148815 -0.45559478 -1.7468464   0.62185556 -0.62100255
  0.5142658   0.17942913 -1.6858604   0.25059184]
[ 2.49953702e-01  8.05501789e-02  7.99849093e-01  1.17934585e-01
  2.20084500e+00  5.74531332e-02 -5.62757134e-01  1.33105810e-03
 -4.05754477e-01 -1.75276053e+00  5.23927808e-01 -5.40924430e-01
  5.36173999e-01  5.46929017e-02 -1.58995700e+00  1.76471755e-01]
[ 0.24139361  0.06221491  0.71491593  0.19088012  2.286077   -0.05010433
 -0.5490016  -0.03664172 -0.49303046 -1.7379038   0.62663126 -0.6188362
  0.5352253   0.17526242 -1.6562011   0.25756174]
[ 0.24791102  0.06157209  0.768785    0.12756528  2.2357602   0.01471517
 -0.56405807  0.0171707  -0.42917356 -1.7526509   0.5771736  -0.57868683
  0.5432733   0.07629533 -1.6030487   0.20419998]
[ 0.26935333  0.04813629  0.6903404   0.17445377  2.3255496  -0.09064628
 -0.53669226 -0.05169382 -0.50535667 -1.7190788   0.65483934 -0.6730907
  0.47808543  0.17276044 -1.6373188   0.35223177]
[ 0.26311475  0.0842633   0.72538286  0.14593594  2.2827404  -0.06450032
 -0.55512345 -0.0335122  -0.48820844 -1.7398407   0.60957503 -0.6255811
  0.4946026   0.15295653 -1.6147938   0.3147492 ]
[ 0.2631977   0.0307673   0.71427613  0.16739634  2.2776961  -0.0614104
 -0.5512527  -0.01948145 -0.467355   -1.7191702   0.58823043 -0.6382558
  0.5091874   0.15579757 -1.6293228   0.33123645]
[ 0.24791154  0.05122743  0.7129301   0.20285027  2.2663062  -0.0511157
 -0.53560007 -0.04230481 -0.46514177 -1.7112839   0.5932511  -0.6214711
  0.5278264   0.17193201 -1.6635759   0.26556268]
[ 0.24172668  0.05564136  0.7245389   0.17071374  2.25611    -0.03316176
 -0.5554979  -0.00289279 -0.45786172 -1.7173983   0.57481897 -0.59469944
  0.50817215  0.14702643 -1.6531231   0.28580087]
[ 0.2611341   0.02256603  0.7742775   0.14340928  2.2354996   0.01355507
 -0.5779761   0.0276036  -0.41425067 -1.7106653   0.48960343 -0.5405687
  0.5382092   0.08092289 -1.6033919   0.20827436]
[ 0.2744298   0.0216031   0.6944174   0.25232196  2.2720027  -0.08486138
 -0.49978408 -0.04410771 -0.4944499  -1.6996902   0.63801414 -0.6507943
  0.50067776  0.2175349  -1.7328856   0.28340524]
[ 0.25708658  0.06572151  0.7704493   0.11316804  2.2405312   0.00281894
 -0.56317455  0.01101565 -0.41793305 -1.7514818   0.5651635  -0.58025116
  0.50438935  0.07696862 -1.6047871   0.2594639 ]
[ 0.264507    0.0458208   0.7046614   0.17666182  2.3243213  -0.09884511
 -0.55364674 -0.04617951 -0.5110758  -1.7204717   0.6133031  -0.64215916
  0.49680266  0.18243185 -1.6387308   0.35516694]
[ 0.26480258  0.0206175   0.68546444  0.22727132  2.2803574  -0.06881435
 -0.54141337 -0.03467789 -0.48446026 -1.7084076   0.6002387  -0.6470703
  0.52240705  0.16498712 -1.6668698   0.33672523]
[ 0.24838142  0.03662785  0.69274986  0.18777294  2.29172    -0.07041357
 -0.54663193 -0.02721442 -0.4570377  -1.7139719   0.6134354  -0.6397449
  0.51793486  0.15373611 -1.6474584   0.31070805]
[ 0.23647766  0.07468131  0.7152816   0.16230431  2.2887502  -0.05889283
 -0.56150126 -0.0152787  -0.468669   -1.7226017   0.6116755  -0.59421843
  0.48591685  0.16210786 -1.6542332   0.28826004]
[ 0.18671158  0.03287213  0.7392643   0.14792308  2.2836943  -0.01086391
 -0.590342    0.03898745 -0.42113122 -1.7218462   0.54577273 -0.55660856
  0.58662575  0.11929734 -1.6195319   0.18590727]
[ 0.22571969  0.02427216  0.6866641   0.26812488  2.335032   -0.06550024
 -0.5161645  -0.06147071 -0.49775904 -1.6836439   0.6397524  -0.6505961
  0.5347492   0.20836318 -1.7253958   0.22427952]
[ 0.22953586  0.07581826  0.74754304  0.18667558  2.2807202  -0.00733207
 -0.5137171  -0.04850521 -0.48235804 -1.7120821   0.6246887  -0.61538744
  0.5195633   0.17053026 -1.6752555   0.16461259]
[ 0.18419261  0.1205397   0.8052252   0.0804115   2.236321    0.06722831
 -0.558272   -0.02013823 -0.44606772 -1.7506043   0.5909146  -0.5661506
  0.58070767  0.08852778 -1.54584     0.07672532]
[ 0.21552238  0.04972314  0.7558919   0.16498129  2.2872043   0.00428374
 -0.51862466 -0.08730592 -0.5565418  -1.7086102   0.6239746  -0.66689974
  0.5873213   0.17447469 -1.5635555   0.18456718]
[ 0.21889262  0.07771789  0.8183548   0.09781931  2.224193    0.06249791
 -0.52516496 -0.07958113 -0.5288445  -1.734367    0.57885975 -0.62415636
  0.6227701   0.1454457  -1.5107969   0.10082102]
[ 0.22144477  0.07901545  0.821358    0.0969638   2.191986    0.07883063
 -0.5175581  -0.056727   -0.5206814  -1.7422377   0.5890554  -0.6278666
  0.6019591   0.12501867 -1.515016    0.11871147]
[ 0.21429639  0.08235283  0.8475828   0.01777893  2.1738079   0.13631913
 -0.5508835  -0.0294259  -0.48480433 -1.7567466   0.5194248  -0.5749289
  0.6687938   0.03697745 -1.4257057   0.06943566]
[ 0.2246921   0.10259025  0.7791332   0.0675339   2.2633317   0.02352917
 -0.53087974 -0.07548252 -0.5616771  -1.7346863   0.59408665 -0.6238443
  0.6091047   0.13670637 -1.495574    0.1691629 ]
[ 0.18436775  0.06116246  0.79875386  0.03674752  2.2161207   0.08623359
 -0.5627854  -0.01029983 -0.49301115 -1.7371706   0.5364803  -0.58276093
  0.6942034   0.06465076 -1.4448969   0.09717225]
[ 0.20175132  0.08522305  0.7428247   0.08116901  2.298312   -0.00733435
 -0.5347571  -0.06793439 -0.5539943  -1.7044398   0.626164   -0.64662486
  0.6071085   0.15811951 -1.498893    0.16056201]
[ 0.1701866   0.07219904  0.810779    0.0484296   2.2534337   0.04367269
 -0.5585389  -0.01931314 -0.5290856  -1.719321    0.57786894 -0.61100143
  0.6315502   0.14828114 -1.4762089   0.10175677]
[ 1.7390127e-01  2.3542792e-02  8.7366599e-01  6.6727988e-02
  2.1767929e+00  1.3782807e-01 -5.5368626e-01 -1.0236918e-03
 -4.9028563e-01 -1.6890402e+00  4.5051408e-01 -5.5981636e-01
  6.7889804e-01  7.7408761e-02 -1.4320778e+00  8.9382175e-03]
[ 0.24775186  0.00939     0.82918185  0.15077868  2.1833808   0.07169712
 -0.49029607 -0.07068016 -0.5565232  -1.6769626   0.50565505 -0.6319071
  0.62224704  0.15976419 -1.5163196   0.1073369 ]
[ 0.2541126   0.05454215  0.91572964  0.01414109  2.0629506   0.1760377
 -0.51824653  0.0037954  -0.45764986 -1.7084602   0.4031651  -0.5432534
  0.640731    0.0351399  -1.4164732   0.02737116]
[ 0.24558517  0.03543567  0.8393692   0.05096654  2.1633663   0.07012153
 -0.52929527 -0.00837264 -0.4925054  -1.7225777   0.49031305 -0.6032078
  0.62167233  0.10916527 -1.4744763   0.1511249 ]
[ 2.5017399e-01  7.2553091e-02  8.7622756e-01  4.4915356e-02
  2.1056681e+00  1.4909577e-01 -5.3218025e-01  7.6613127e-04
 -4.3043819e-01 -1.7409903e+00  4.1061598e-01 -5.2122593e-01
  6.1663133e-01  2.9894089e-02 -1.4724314e+00  8.6667731e-02]
[ 0.28775573  0.09255692  0.7778431   0.10345973  2.1888907   0.01488514
 -0.52844954 -0.00603187 -0.44804057 -1.7495342   0.5340861  -0.5842178
  0.4952043   0.11626848 -1.5981257   0.25370032]
[ 0.25115663  0.08438102  0.79486877  0.09965568  2.1419365   0.07056747
 -0.5597347   0.05155145 -0.3537077  -1.7601268   0.5026185  -0.5188223
  0.54821104  0.04154125 -1.5899488   0.14188084]
[ 0.26870114  0.07378493  0.71904707  0.12649095  2.276443   -0.0641946
 -0.5555268   0.00357073 -0.44225207 -1.7383106   0.6170308  -0.6102285
  0.45218515  0.14248437 -1.6361793   0.3181511 ]
[ 2.5902739e-01  7.4879989e-02  7.6943409e-01  1.3629730e-01
  2.2245688e+00  1.1849329e-04 -5.8001143e-01  2.7309399e-02
 -3.9923424e-01 -1.7450867e+00  5.3071356e-01 -5.3139508e-01
  4.9349651e-01  9.7528875e-02 -1.6357807e+00  2.2684905e-01]
[ 0.25748616  0.02010852  0.6761821   0.23524301  2.291977   -0.09095787
 -0.5296418  -0.02768598 -0.47351465 -1.7132133   0.6222466  -0.6544809
  0.52993554  0.19948456 -1.713715    0.32040194]
[ 0.2288696   0.04937808  0.7122653   0.19491056  2.2925174  -0.04303459
 -0.53399235 -0.04160291 -0.4542904  -1.7285484   0.6346637  -0.6290717
  0.52778834  0.16613835 -1.6851383   0.25683743]
[ 0.20055261  0.11082027  0.734256    0.12769425  2.2979543  -0.02236325
 -0.5720006  -0.0249999  -0.47057834 -1.743501    0.6290336  -0.57789564
  0.51745236  0.1595443  -1.6419256   0.22391252]
[ 0.16763322  0.07533187  0.7502847   0.13637774  2.2633545   0.02335959
 -0.58243793  0.01936703 -0.4338363  -1.7386148   0.5968715  -0.55933493
  0.5978369   0.11033602 -1.6224251   0.14021878]
[ 0.19744396  0.03991111  0.69415367  0.21553166  2.3421655  -0.05072423
 -0.5232623  -0.07544561 -0.51936686 -1.6833299   0.6635276  -0.6658651
  0.5587023   0.20180002 -1.6586584   0.20974588]
[ 0.18214718  0.06931462  0.77902234  0.14835778  2.27766     0.01588694
 -0.5166875  -0.07686942 -0.5408436  -1.7002666   0.6338018  -0.6321331
  0.59170616  0.19711582 -1.5969495   0.11193918]
[ 0.15747158  0.06242629  0.85182875  0.0617089   2.1980083   0.12941341
 -0.55456746 -0.02608615 -0.49634665 -1.7070698   0.5015407  -0.55507964
  0.6708113   0.08621582 -1.4494435   0.01137278]
[ 0.19902435  0.00225848  0.8305747   0.14048696  2.2220473   0.07531824
 -0.5023751  -0.09826194 -0.5979214  -1.67796     0.53175855 -0.6527583
  0.706151    0.18826056 -1.4734957   0.04935812]
[ 0.2345262   0.05084742  0.9009962   0.04576713  2.118851    0.14594911
 -0.49982256 -0.05827094 -0.53673583 -1.7092943   0.4901743  -0.6134375
  0.6687991   0.10776789 -1.4360764   0.032258  ]
[ 0.19944239  0.07080619  0.92704785 -0.02685638  2.0751579   0.22219186
 -0.5452794  -0.00704323 -0.47423983 -1.7275537   0.4259529  -0.54161036
  0.69192636  0.02450922 -1.3560947  -0.01617053]
[ 0.21839914  0.05675186  0.88970125  0.0096121   2.1126251   0.17330898
 -0.5391308  -0.01569156 -0.49831986 -1.714454    0.4171439  -0.54551345
  0.6878067   0.02675725 -1.3753989   0.04104789]
[ 0.22956899  0.03382353  0.80593044  0.06167044  2.2150323   0.05008163
 -0.54428303 -0.0316613  -0.519489   -1.706947    0.5333897  -0.62384564
  0.64249766  0.11193309 -1.4682049   0.15720876]
[ 0.22359765  0.07764256  0.84282047  0.05888068  2.138803    0.12014419
 -0.5382607  -0.0087896  -0.45962018 -1.7237358   0.48320332 -0.5583951
  0.6232005   0.05140382 -1.4677918   0.08190878]
[ 2.0822112e-01  6.7881562e-02  7.7345908e-01  6.9647938e-02
  2.2461677e+00 -1.9972599e-03 -5.6093067e-01 -9.2273382e-03
 -4.8859149e-01 -1.7353522e+00  5.8685470e-01 -6.2059164e-01
  5.6999302e-01  1.4606054e-01 -1.5065602e+00  2.0322292e-01]
[ 1.9380598e-01  6.4105950e-02  8.3944428e-01  8.3110772e-02
  2.1878810e+00  9.5494360e-02 -5.6069255e-01 -1.4379531e-03
 -4.4959483e-01 -1.7388182e+00  4.9636483e-01 -5.5031860e-01
  6.1775613e-01  8.5902199e-02 -1.4975755e+00  7.9026558e-02]
[ 0.23001866  0.06166615  0.7488133   0.15750113  2.2507234   0.01025821
 -0.51927435 -0.05731621 -0.49714017 -1.7193317   0.60579693 -0.6260961
  0.5469178   0.16687986 -1.6067009   0.19397637]
[ 0.19744323  0.11137309  0.8223343   0.05223459  2.1810703   0.1036901
 -0.5577384  -0.01085713 -0.43710738 -1.7511104   0.52022547 -0.5286543
  0.6192134   0.07591104 -1.5090573   0.05510901]
[ 0.20930266  0.07332627  0.7629959   0.12673922  2.2531493   0.00895453
 -0.5405658  -0.03208155 -0.49625444 -1.7366922   0.60693276 -0.6205599
  0.560274    0.15893432 -1.5746006   0.1868519 ]
[ 0.2184495   0.09122655  0.8363453   0.07779307  2.177995    0.10320513
 -0.55466986 -0.00279994 -0.43300858 -1.7442858   0.50205123 -0.5341901
  0.583677    0.07609947 -1.5225425   0.06901848]
[ 0.24117284  0.06422608  0.773739    0.1755528   2.2094026   0.0131894
 -0.52251893 -0.0410196  -0.50701606 -1.7201477   0.5810334  -0.6192128
  0.54551387  0.17078179 -1.59986     0.18159775]
[ 0.25697297  0.03375674  0.84411144  0.07145437  2.1470056   0.10508575
 -0.55922306  0.02378939 -0.43140298 -1.7232621   0.4517138  -0.54626405
  0.60299     0.04680898 -1.4925363   0.11470284]
[ 0.29482052  0.03888791  0.78038585  0.16136786  2.208941    0.00576353
 -0.5103439  -0.04602771 -0.4958907  -1.6959429   0.5249952  -0.612994
  0.5528479   0.1398404  -1.6028757   0.20415047]
[ 0.25479588  0.06687643  0.8030898   0.09031388  2.1684783   0.05611975
 -0.54906493  0.02999249 -0.41642722 -1.7537262   0.48845118 -0.55335414
  0.59887016  0.06062144 -1.5571983   0.15917778]
[ 0.2765989   0.06595367  0.7543972   0.12569407  2.2694335  -0.03062114
 -0.5284812  -0.02588493 -0.4668327  -1.7438418   0.5760823  -0.6208707
  0.5285813   0.12896076 -1.6123434   0.25271696]
[ 0.23564085  0.10829516  0.7493917   0.12752035  2.2567878  -0.02004974
 -0.5568937  -0.00815778 -0.44184607 -1.781312    0.633348   -0.59444046
  0.52218544  0.13686615 -1.6479267   0.2280802 ]
[ 0.21951759  0.09863143  0.77607673  0.11212032  2.2474377   0.03109945
 -0.5746783   0.01643173 -0.40408188 -1.7767117   0.59159756 -0.5583762
  0.5409385   0.07403656 -1.6057434   0.1573697 ]
[ 0.22903797  0.06364277  0.71712416  0.16193207  2.3287835  -0.05588488
 -0.55240774 -0.03354681 -0.48825806 -1.7342694   0.63877976 -0.64109117
  0.52177036  0.15598187 -1.6285216   0.26606363]
[ 0.21467325  0.06747676  0.72442096  0.16766322  2.3037908  -0.05171537
 -0.5536054  -0.03219049 -0.49282765 -1.737011    0.6412358  -0.6392259
  0.55829895  0.16461089 -1.6165107   0.22866848]
[ 0.22010791  0.03580236  0.7490986   0.14699753  2.2842364  -0.01781213
 -0.539353   -0.03299975 -0.49312514 -1.7335732   0.6065833  -0.6500151
  0.5697052   0.15763023 -1.5889609   0.233458  ]
[ 0.2331591   0.08457021  0.7747159   0.13754618  2.2501493   0.00719792
 -0.5277456  -0.06272808 -0.49617848 -1.7313414   0.579223   -0.6152593
  0.54466146  0.15392323 -1.5778105   0.19385979]
[ 0.24381264  0.08923567  0.77156055  0.14685038  2.2022698   0.01056267
 -0.53093314 -0.02646044 -0.4794572  -1.7412355   0.57101285 -0.61177653
  0.52173215  0.1455086  -1.5925939   0.2286818 ]
[ 0.2698093   0.07719034  0.830681    0.10450299  2.1342623   0.09281139
 -0.5456189   0.0069523  -0.400071   -1.7613024   0.49175683 -0.5470874
  0.54287684  0.05082843 -1.5492334   0.14819561]
[ 0.25654373  0.09271209  0.7607144   0.1532619   2.2096264  -0.01710296
 -0.527083   -0.02519739 -0.45365494 -1.7519575   0.5957848  -0.5964009
  0.49850035  0.1675038  -1.6479257   0.23277092]
[ 0.22563739  0.06928383  0.7963287   0.08822349  2.1904902   0.07219671
 -0.5702594   0.0394526  -0.37074742 -1.7519497   0.49181357 -0.5156096
  0.5596456   0.05171465 -1.5698211   0.1399765 ]
[ 0.23609927  0.06145452  0.7169377   0.15050852  2.3200028  -0.04955803
 -0.54718256 -0.03367472 -0.48059234 -1.738151    0.6099937  -0.6188783
  0.56665456  0.17212982 -1.6601194   0.24277511]
[ 0.23445769  0.09356215  0.7293731   0.18652402  2.2832832  -0.0126034
 -0.5291235  -0.04153525 -0.47160387 -1.7392594   0.6477663  -0.60442317
  0.5202975   0.15096676 -1.694079    0.19198546]
[ 0.2033048   0.10750043  0.76682484  0.09008694  2.272417    0.03481103
 -0.5716754   0.00490662 -0.43506664 -1.7488043   0.6027986  -0.56966794
  0.53343606  0.08313157 -1.5725954   0.14449075]
[ 0.21881609  0.08199999  0.7343649   0.15495236  2.3082771  -0.0354449
 -0.54519355 -0.05064172 -0.51296824 -1.7113762   0.65321887 -0.64843005
  0.5258784   0.16401275 -1.6072311   0.21725981]
[ 0.20968023  0.02285521  0.76499385  0.15018292  2.2829757  -0.01167406
 -0.53777915 -0.04673175 -0.53366715 -1.7058455   0.59354174 -0.64887345
  0.6104623   0.17375429 -1.5606649   0.18299988]
[ 0.23270206  0.00826797  0.7907549   0.17097336  2.2491274   0.03867571
 -0.50143284 -0.09951936 -0.564962   -1.6835941   0.5509516  -0.64841056
  0.6476258   0.17961605 -1.5458272   0.11958747]
[ 0.21716094  0.0503407   0.82272947  0.08743015  2.2038574   0.09791614
 -0.52824146 -0.05040834 -0.52859056 -1.7094692   0.5271259  -0.5969135
  0.68173784  0.10825656 -1.5108618   0.07110752]
[ 0.21725042  0.06952735  0.84070987  0.03253951  2.1776273   0.15069649
 -0.5420721  -0.0171518  -0.48792714 -1.7228838   0.47710672 -0.5558931
  0.69346523  0.01925617 -1.4364822   0.02763691]
[ 0.24759956  0.07804421  0.7931309   0.05727847  2.257695    0.01812666
 -0.5280041  -0.03188352 -0.52099115 -1.7262852   0.5780351  -0.62905276
  0.5782029   0.11383341 -1.5019189   0.16341075]
[ 2.4690104e-01  9.9241048e-02  8.2338029e-01  4.4589579e-02
  2.1788335e+00  7.2620369e-02 -5.4740697e-01  7.7473221e-04
 -4.5634204e-01 -1.7528455e+00  5.2961344e-01 -5.7625318e-01
  5.7212365e-01  6.1427813e-02 -1.4800889e+00  1.3019352e-01]
[ 0.26362678  0.04314674  0.7732264   0.06651443  2.2545059  -0.02054052
 -0.5312648  -0.03483721 -0.5241739  -1.7210928   0.5823202  -0.6514168
  0.5742514   0.15576096 -1.5066257   0.2255337 ]
[ 0.24095528  0.02685091  0.8158662   0.08361791  2.2133622   0.04625564
 -0.5386774  -0.03348906 -0.50958806 -1.7065243   0.51146424 -0.60366577
  0.6557129   0.12925242 -1.5211651   0.13535272]
[ 0.2485486   0.03650464  0.79473984  0.09890517  2.2221055   0.0622474
 -0.54040545 -0.02147667 -0.48998347 -1.6945324   0.5077183  -0.58399975
  0.6439017   0.09933903 -1.5624739   0.12396302]
[ 0.21812086  0.06741966  0.8163474   0.06795754  2.2036543   0.09351843
 -0.55127245  0.01426601 -0.45319685 -1.7330633   0.50968516 -0.5531917
  0.66100293  0.0472713  -1.5305579   0.06537145]
[ 0.23813431  0.08227684  0.76464444  0.09639501  2.276342   -0.01651124
 -0.5298351  -0.01742126 -0.4908885  -1.7293694   0.6133906  -0.6251124
  0.5379075   0.12565278 -1.571327    0.19292447]
[ 2.3370811e-01  7.3939472e-02  8.2714540e-01  6.4835742e-02
  2.2113724e+00  5.6917977e-02 -5.5739003e-01  6.1062875e-04
 -4.5904151e-01 -1.7421196e+00  5.3947103e-01 -5.6835020e-01
  5.5959988e-01  8.3976135e-02 -1.5024042e+00  1.2342807e-01]
[ 0.23351698  0.01424223  0.76238024  0.12616417  2.248761   -0.01235957
 -0.54174054 -0.03402994 -0.5231289  -1.6886156   0.58880746 -0.65173954
  0.5975201   0.17949207 -1.5462146   0.19353595]
[ 0.26179546 -0.02923756  0.81108034  0.1220594   2.1916394   0.05552185
 -0.52008665 -0.02871779 -0.5224225  -1.662124    0.4733141  -0.617543
  0.64186966  0.1186439  -1.5007007   0.15094022]
[ 0.28077355  0.00892668  0.8277216   0.10871612  2.1810117   0.05174537
 -0.5078014  -0.03289805 -0.5177727  -1.6778959   0.44402343 -0.585456
  0.6695607   0.11403917 -1.5282755   0.10911796]
[ 0.2542572   0.05076727  0.8330475   0.03632554  2.137198    0.08662359
 -0.53717744  0.0363987  -0.4493269  -1.7309065   0.4867364  -0.54979545
  0.6476467   0.05954665 -1.5142862   0.09706821]
[ 0.23970476  0.08036523  0.8057184   0.05888952  2.2009087   0.07967348
 -0.55500877  0.00244568 -0.43821973 -1.7452781   0.5321806  -0.55283356
  0.5837842   0.05830441 -1.5233384   0.11818452]
[ 0.22729623  0.07960288  0.76798844  0.08583717  2.276883   -0.01741855
 -0.55706376 -0.01109527 -0.50700504 -1.7258646   0.6089252  -0.6065086
  0.555997    0.15006441 -1.5758445   0.19520044]
[ 0.20076719  0.03294136  0.78298295  0.11859931  2.2181284   0.05464871
 -0.56475383  0.01683587 -0.46283427 -1.7107773   0.52949816 -0.57121277
  0.61249816  0.07647654 -1.5355088   0.14721742]
[ 0.23645434  0.00341742  0.7542819   0.17157963  2.2761543  -0.01784174
 -0.51991475 -0.06432806 -0.54688776 -1.6621122   0.5575546  -0.6427914
  0.5997761   0.17597581 -1.5528016   0.17846003]
[ 0.24800317  0.0093334   0.7944177   0.14381401  2.2061808   0.01623709
 -0.51669633 -0.01864626 -0.5129674  -1.6732184   0.5053011  -0.6168377
  0.6235145   0.14494951 -1.5539627   0.14643653]
[ 0.24950394  0.02382664  0.8435467   0.04951485  2.1522706   0.07611333
 -0.5341436   0.00716262 -0.48012844 -1.7011471   0.4641235  -0.56874996
  0.64316005  0.08987365 -1.4660213   0.09616859]
[ 0.2723112   0.04949085  0.8195776   0.13616133  2.1760416   0.04729933
 -0.5041565  -0.05911473 -0.50798243 -1.7205632   0.5225291  -0.61186755
  0.5790979   0.1508429  -1.5629267   0.15959954]
[ 0.25426155  0.08375229  0.8580068   0.05605681  2.1183999   0.12641433
 -0.5529686   0.01335255 -0.39952046 -1.7550417   0.47741437 -0.542933
  0.55606353  0.04354536 -1.514741    0.12386282]
[ 0.23878098  0.08437358  0.81634295  0.09391554  2.1687064   0.07285214
 -0.5577497   0.00558809 -0.43630767 -1.755166    0.5253428  -0.5548937
  0.58415     0.06490263 -1.5510727   0.1461407 ]
[ 0.24608886  0.04595762  0.7291738   0.12984571  2.2919354  -0.04499543
 -0.5631069  -0.01993962 -0.48469192 -1.7278805   0.6044897  -0.6207298
  0.52809     0.13894778 -1.583874    0.28069896]
[ 0.22662696  0.05135084  0.78274834  0.12161247  2.2407908   0.02299533
 -0.5704289   0.01313557 -0.44067973 -1.7333806   0.5060967  -0.5479971
  0.6125619   0.08596633 -1.5860565   0.16137682]
[ 0.23360078  0.03218418  0.69188005  0.20069781  2.319852   -0.06348294
 -0.5305227  -0.05459842 -0.5239407  -1.6998272   0.6204978  -0.6583655
  0.55294675  0.17742066 -1.6320345   0.28340775]
[ 2.2610894e-01  4.5709185e-02  7.4167442e-01  1.1392957e-01
  2.2948523e+00 -3.7053693e-02 -5.6276947e-01  9.8993781e-04
 -4.7563562e-01 -1.7169037e+00  5.8858383e-01 -6.1320215e-01
  5.5480832e-01  1.4799562e-01 -1.5824730e+00  2.2162457e-01]
[ 2.0017417e-01  4.6474315e-02  7.6490563e-01  1.6408379e-01
  2.2580318e+00  2.1842034e-03 -5.4761308e-01 -6.8078935e-03
 -4.7075373e-01 -1.7123770e+00  5.9170723e-01 -6.0076720e-01
  5.7703441e-01  1.6404375e-01 -1.6433361e+00  1.5747795e-01]
[ 0.19423065  0.02588797  0.807354    0.1460171   2.2254887   0.067046
 -0.5339074   0.00405877 -0.4625102  -1.7033945   0.50243574 -0.56246114
  0.5998453   0.11974226 -1.5902865   0.10429573]
[ 1.9611962e-01  4.8347462e-02  7.6250815e-01  1.7527208e-01
  2.2732408e+00  1.2356110e-03 -5.3486276e-01 -5.2979667e-02
 -5.2170253e-01 -1.7245630e+00  5.7840890e-01 -6.1962783e-01
  6.2923747e-01  1.8996093e-01 -1.5873907e+00  1.3193597e-01]
[ 0.20059867  0.06057565  0.7918563   0.13713741  2.215621    0.05252127
 -0.5279728  -0.0134925  -0.47196418 -1.7395672   0.5702311  -0.60403204
  0.60014725  0.13416597 -1.5748136   0.11293165]
[ 0.21370348  0.10574692  0.8453964   0.05035231  2.1507716   0.12938674
 -0.5360087  -0.01320925 -0.43456936 -1.7354558   0.49462968 -0.5382427
  0.5836782   0.06285219 -1.4949688   0.06044219]
[ 0.22203037  0.11512174  0.79032713  0.07990617  2.2007008   0.02509602
 -0.5403462  -0.02808791 -0.47488898 -1.7321838   0.58501554 -0.58906287
  0.5499372   0.16567071 -1.5575039   0.13434188]
[ 0.22752357  0.04035009  0.8651167   0.06742173  2.1160905   0.15000987
 -0.53586346  0.01343333 -0.41649398 -1.7243941   0.45861158 -0.5371135
  0.62321335  0.05718682 -1.5023768   0.03971064]
[ 0.25450474  0.09759925  0.8208684   0.12124757  2.1799793   0.06995956
 -0.5013057  -0.07897947 -0.48942462 -1.7111076   0.56868595 -0.59547997
  0.5377415   0.15958215 -1.5897428   0.09999182]
[ 0.18906133  0.11708345  0.8706083   0.04233806  2.1199365   0.16271028
 -0.5605049   0.0156485  -0.42743176 -1.7600298   0.49595398 -0.51714516
  0.61576116  0.05626918 -1.506843    0.02899228]
[ 0.23420063  0.07566957  0.81915843  0.08301767  2.1726227   0.11268754
 -0.54590213 -0.02751534 -0.4588522  -1.7452743   0.50732183 -0.55712247
  0.61498415  0.04620485 -1.4999758   0.11438437]
[ 0.25743374  0.0820062   0.752324    0.15410772  2.2452388  -0.00665712
 -0.5174264  -0.06860387 -0.53010666 -1.7086687   0.6183407  -0.6243497
  0.5261412   0.16197744 -1.5872726   0.19263205]
[ 0.20900938  0.0654142   0.77015823  0.05829876  2.2091222   0.03682893
 -0.5837865   0.03694928 -0.43005076 -1.7422056   0.5644518  -0.58027065
  0.6140409   0.06469938 -1.4978145   0.15145226]
[ 0.22583887  0.01629753  0.76308906  0.11545511  2.3090267  -0.02918152
 -0.53701687 -0.04862017 -0.5455232  -1.6912947   0.5806584  -0.6474117
  0.59594405  0.15396313 -1.5205743   0.20728369]
[ 0.23885581  0.03815593  0.7650839   0.1716255   2.2673287   0.00542587
 -0.5102034  -0.08272661 -0.57943976 -1.6990204   0.55930847 -0.6299432
  0.6115385   0.17403997 -1.5500642   0.16696434]
[ 0.21660161  0.07238963  0.80406666  0.06969161  2.192592    0.07702643
 -0.5515529  -0.01561528 -0.482073   -1.7251732   0.5360817  -0.5819067
  0.6416358   0.07322875 -1.4875772   0.10571162]
[ 0.23136207  0.07442129  0.76622176  0.1210557   2.2493587   0.0276374
 -0.519595   -0.07323559 -0.54234296 -1.7215799   0.6063289  -0.64891034
  0.57211316  0.12850128 -1.518935    0.19525681]
[ 0.20574883  0.10969944  0.795534    0.04750166  2.244514    0.02833624
 -0.5759845  -0.02591011 -0.5035514  -1.7437416   0.5972968  -0.5891466
  0.56549007  0.12502196 -1.4926164   0.15888646]
[ 0.20319466  0.04275534  0.8191074   0.09198032  2.194852    0.08486529
 -0.5625599   0.01171976 -0.47742566 -1.7328962   0.49935204 -0.55161345
  0.6385356   0.07372778 -1.4910102   0.10012396]
[ 0.2667479   0.02731255  0.7333503   0.16549154  2.2549806  -0.00596621
 -0.50320596 -0.08799792 -0.5511026  -1.6868083   0.5896552  -0.6689723
  0.57880604  0.17357768 -1.5701807   0.2328268 ]
[ 2.9792333e-01  9.9001408e-02  7.6678282e-01  7.3469982e-02
  2.2018044e+00 -1.3445735e-03 -5.1951355e-01 -3.5486691e-02
 -4.9198180e-01 -1.7225462e+00  5.6253588e-01 -6.0655224e-01
  5.1838911e-01  1.2004659e-01 -1.5507702e+00  2.3841357e-01]
[ 0.23780575  0.07028164  0.77594835  0.06376366  2.1895874   0.03819572
 -0.56758034  0.02281214 -0.40651765 -1.7524942   0.5241404  -0.56486064
  0.5856661   0.05349439 -1.5182645   0.19656856]
[ 0.24429877  0.04900992  0.7593473   0.13206175  2.2685297  -0.03277835
 -0.5310258  -0.03868161 -0.49398607 -1.7127215   0.56628513 -0.620495
  0.53516304  0.1544176  -1.5824121   0.252649  ]
[ 0.22195801  0.06915576  0.7338352   0.17881528  2.238296   -0.01763063
 -0.5514659  -0.02757089 -0.46730748 -1.7383833   0.6019352  -0.5984244
  0.54378587  0.17048417 -1.6338619   0.22403431]
[ 0.22468074  0.0479609   0.7997491   0.12298696  2.200345    0.05822481
 -0.56752515  0.0211607  -0.41847205 -1.745795    0.5095406  -0.5585317
  0.5685033   0.06740893 -1.5548563   0.17145726]
[ 0.24407187  0.05362966  0.70608795  0.20537253  2.2775185  -0.05917402
 -0.5252512  -0.05046079 -0.48198628 -1.734039    0.6507359  -0.6414639
  0.5043742   0.18936428 -1.6672933   0.27706838]
[ 0.21568313  0.08693101  0.78308696  0.09207185  2.2309866   0.02819659
 -0.57650214  0.01293673 -0.429704   -1.7630415   0.5383418  -0.5522567
  0.54457456  0.08177823 -1.5437597   0.19930165]
[ 0.24431054  0.03976439  0.6959456   0.17177692  2.2934127  -0.06879155
 -0.55728024 -0.02980664 -0.478859   -1.7150095   0.6128845  -0.63967305
  0.5118767   0.16594076 -1.619189    0.32411826]
[ 0.25878575  0.05156053  0.70976895  0.18202558  2.268734   -0.06997944
 -0.5400994  -0.02298846 -0.46840906 -1.7106918   0.5977625  -0.6302641
  0.50397986  0.18356864 -1.6486095   0.28512716]
[ 0.26358357  0.04933493  0.7279397   0.1809336   2.2338688  -0.02919895
 -0.53097874 -0.01180157 -0.43542203 -1.7112131   0.58438814 -0.60570824
  0.47609702  0.15908392 -1.6760638   0.27421862]
[ 0.21939835  0.06889103  0.7859708   0.10852461  2.2181993   0.04128082
 -0.58154047  0.01538593 -0.4074502  -1.7250181   0.50366575 -0.5161363
  0.55803454  0.10016687 -1.5868969   0.14410041]
[ 0.24654584  0.03769816  0.72059506  0.226964    2.2561495  -0.02810973
 -0.52507484 -0.03983533 -0.48660517 -1.7057393   0.60280764 -0.6152255
  0.5215339   0.18937786 -1.7042761   0.25050226]
[ 2.4573040e-01  7.6590270e-02  7.8383058e-01  1.3988325e-01
  2.2155280e+00  4.1631795e-02 -5.5829751e-01  1.7527699e-03
 -4.1300601e-01 -1.7339609e+00  5.3978223e-01 -5.4558516e-01
  5.4197347e-01  8.2978249e-02 -1.6242206e+00  1.5114705e-01]
[ 0.26615423  0.05809823  0.73256814  0.20292163  2.262221   -0.04026593
 -0.51408654 -0.04913803 -0.52207834 -1.7052011   0.627426   -0.6307202
  0.5045225   0.18797071 -1.6721493   0.23901074]
[ 0.26079234  0.04714433  0.7703711   0.09828909  2.2363636   0.01827594
 -0.57195354  0.00697538 -0.44897312 -1.7169517   0.5394313  -0.57245064
  0.54768395  0.07134837 -1.5488899   0.21086684]
[ 0.25843042  0.00856712  0.7186597   0.19689342  2.2978368  -0.06778024
 -0.5220937  -0.06175493 -0.5453721  -1.6864201   0.594528   -0.6571919
  0.5811871   0.18729497 -1.6170362   0.26314384]
[ 0.25063622  0.01381971  0.72925556  0.18064034  2.2799342  -0.03478118
 -0.52377427 -0.05146652 -0.5152408  -1.7013212   0.5820421  -0.6515914
  0.5739659   0.14199981 -1.6000181   0.27525198]
[ 0.25785822  0.05598238  0.76324666  0.1196968   2.2679572  -0.02288945
 -0.5481127  -0.02675475 -0.503116   -1.7209034   0.5634997  -0.609941
  0.55081594  0.1254178  -1.554807    0.23134427]
[ 0.23400815  0.04168127  0.7187587   0.18298602  2.2580178  -0.03654129
 -0.54835755 -0.01651119 -0.48950258 -1.7269936   0.6189455  -0.6300316
  0.5683397   0.15302959 -1.6176468   0.23735993]
[ 0.22638127  0.0342936   0.78333104  0.09853665  2.257161    0.02625163
 -0.5724677   0.00621014 -0.4434424  -1.7261873   0.5324336  -0.5813018
  0.584845    0.07101902 -1.5260109   0.17622809]
[ 0.21401033  0.0754347   0.724493    0.15673357  2.3219597  -0.05515387
 -0.53481245 -0.06581096 -0.5379404  -1.7363255   0.6339272  -0.6419852
  0.5800256   0.1884725  -1.6054128   0.23082213]
[ 0.21291704  0.0855832   0.7490485   0.11029506  2.280137   -0.01503334
 -0.549142   -0.02214074 -0.48739213 -1.7475998   0.6165863  -0.62763345
  0.56187665  0.13491598 -1.5672989   0.21294585]
[ 0.23311707  0.08346327  0.75342447  0.15148742  2.2630296   0.00289778
 -0.5321546  -0.05061397 -0.47986093 -1.7360876   0.62019145 -0.63088095
  0.5262989   0.14651003 -1.6011406   0.19749674]
[ 0.24643937  0.11331294  0.78326905  0.12951303  2.205007    0.01290121
 -0.5291834  -0.03623385 -0.46133104 -1.7493178   0.6205094  -0.6136837
  0.48615018  0.14445277 -1.6064659   0.20175204]
[ 0.23089619  0.07543333  0.8175012   0.08749187  2.1802075   0.06833996
 -0.5555899  -0.00242217 -0.43629465 -1.7556446   0.526054   -0.5618294
  0.54083234  0.07642364 -1.5118985   0.16777924]
[ 0.27078262  0.04826542  0.7546369   0.18828604  2.236816   -0.01307127
 -0.51718485 -0.07649217 -0.5126321  -1.7266642   0.55745256 -0.6342829
  0.5481906   0.16729346 -1.5916554   0.25006104]
[ 0.25770694  0.07383941  0.75384647  0.15620299  2.1994107   0.00712572
 -0.52950144 -0.02343952 -0.45045695 -1.760809    0.57188296 -0.6062031
  0.55080384  0.1319808  -1.6263494   0.24249248]
[ 0.25439367  0.10595699  0.77618086  0.08980405  2.1915448   0.06197119
 -0.55648315  0.00252453 -0.3995715  -1.7711236   0.5392259  -0.54528636
  0.52996916  0.04815844 -1.5676515   0.18858317]
[ 0.24336377  0.10641857  0.70696414  0.11214332  2.3004646  -0.05654214
 -0.57000405 -0.00271275 -0.45536453 -1.7547032   0.643429   -0.6017354
  0.4995789   0.1399234  -1.639014    0.2777321 ]
